# Mfl=0.006Msun, vmin=0.1c, vmax=0.4c, power-law-index=0.5
# time [s], rsh [cm], vsh [cm/s], Deltav_1 [cm/s], Deltav_2 [cm/s], rhofl_1 [g/cm3], rhofl_2 [g/cm3], int_rhosq_1dr [g^2/cm^5]
1054104 1.2631991e+16 5.9978e+09 2.9989e+09 5.9978e+09 6.300888e-19 1.575222e-19 4.9552914e-24
1056210.1 1.2644623e+16 5.996305e+09 2.9959063e+09 5.9873233e+09 6.2788852e-19 1.5720747e-19 9.8073007e-24
1058318.8 1.2657267e+16 5.995312e+09 2.9934146e+09 5.9763805e+09 6.2569608e-19 1.5689306e-19 1.4560222e-23
1060430 1.2669924e+16 5.9943213e+09 2.9909255e+09 5.9654651e+09 6.2351153e-19 1.5657904e-19 1.9214929e-23
1062543.7 1.2682594e+16 5.9933329e+09 2.9884391e+09 5.9545788e+09 6.2133481e-19 1.5626539e-19 2.3773091e-23
1064659.8 1.2695277e+16 5.992347e+09 2.9859554e+09 5.9437216e+09 6.191659e-19 1.5595212e-19 2.8236348e-23
1066778.4 1.2707972e+16 5.9913635e+09 2.9834743e+09 5.9328934e+09 6.1700476e-19 1.5563921e-19 3.2606315e-23
1068899.4 1.272068e+16 5.9903823e+09 2.9809958e+09 5.9220939e+09 6.1485138e-19 1.5532668e-19 3.6884578e-23
1071023 1.2733401e+16 5.9894036e+09 2.9785201e+09 5.9113232e+09 6.1270571e-19 1.5501453e-19 4.1072698e-23
1073148.9 1.2746134e+16 5.9884273e+09 2.9760469e+09 5.9005811e+09 6.1056773e-19 1.5470274e-19 4.517221e-23
1075277.4 1.275888e+16 5.9874533e+09 2.9735764e+09 5.8898675e+09 6.0843741e-19 1.5439134e-19 4.9184622e-23
1077408.3 1.2771639e+16 5.9864818e+09 2.9711086e+09 5.8791823e+09 6.0631473e-19 1.5408031e-19 5.311142e-23
1079541.8 1.2784411e+16 5.9855126e+09 2.9686433e+09 5.8685254e+09 6.0419965e-19 1.5376966e-19 5.6954063e-23
1081677.6 1.2797195e+16 5.9845457e+09 2.9661807e+09 5.8578966e+09 6.0209215e-19 1.5345938e-19 6.0713986e-23
1083816 1.2809993e+16 5.9835812e+09 2.9637207e+09 5.847296e+09 5.999922e-19 1.5314949e-19 6.4392601e-23
1085956.9 1.2822803e+16 5.9826191e+09 2.9612633e+09 5.8367233e+09 5.9789978e-19 1.5283997e-19 6.7991297e-23
1088100.2 1.2835625e+16 5.9816593e+09 2.9588086e+09 5.8261784e+09 5.9581484e-19 1.5253084e-19 7.1511439e-23
1090246 1.2848461e+16 5.9807019e+09 2.9563564e+09 5.8156613e+09 5.9373738e-19 1.5222208e-19 7.495437e-23
1092394.4 1.2861309e+16 5.9797467e+09 2.9539068e+09 5.8051719e+09 5.9166735e-19 1.5191371e-19 7.8321411e-23
1094545.2 1.2874171e+16 5.9787939e+09 2.9514597e+09 5.7947101e+09 5.8960474e-19 1.5160572e-19 8.1613859e-23
1096698.5 1.2887045e+16 5.9778434e+09 2.9490153e+09 5.7842757e+09 5.8754951e-19 1.5129812e-19 8.4832994e-23
1098854.3 1.2899932e+16 5.9768952e+09 2.9465734e+09 5.7738686e+09 5.8550164e-19 1.509909e-19 8.7980071e-23
1101012.6 1.2912832e+16 5.9759494e+09 2.9441341e+09 5.7634888e+09 5.8346109e-19 1.5068406e-19 9.1056326e-23
1103173.4 1.2925745e+16 5.9750058e+09 2.9416974e+09 5.7531362e+09 5.8142786e-19 1.5037761e-19 9.4062974e-23
1105336.7 1.293867e+16 5.9740645e+09 2.9392632e+09 5.7428106e+09 5.7940189e-19 1.5007155e-19 9.700121e-23
1107502.5 1.2951609e+16 5.9731255e+09 2.9368316e+09 5.7325119e+09 5.7738318e-19 1.4976587e-19 9.987221e-23
1109670.8 1.2964561e+16 5.9721887e+09 2.9344025e+09 5.7222401e+09 5.7537169e-19 1.4946059e-19 1.0267713e-22
1111841.6 1.2977525e+16 5.9712542e+09 2.9319759e+09 5.7119951e+09 5.733674e-19 1.4915569e-19 1.0541711e-22
1114015 1.2990503e+16 5.970322e+09 2.9295519e+09 5.7017767e+09 5.7137028e-19 1.4885118e-19 1.0809326e-22
1116190.8 1.3003493e+16 5.9693921e+09 2.9271304e+09 5.6915849e+09 5.693803e-19 1.4854706e-19 1.1070669e-22
1118369.2 1.3016497e+16 5.9684644e+09 2.9247114e+09 5.6814195e+09 5.6739744e-19 1.4824333e-19 1.1325847e-22
1120550.1 1.3029513e+16 5.9675389e+09 2.922295e+09 5.6712805e+09 5.6542167e-19 1.4794e-19 1.1574968e-22
1122733.4 1.3042543e+16 5.9666157e+09 2.919881e+09 5.6611678e+09 5.6345297e-19 1.4763705e-19 1.1818135e-22
1124919.4 1.3055585e+16 5.9656947e+09 2.9174695e+09 5.6510812e+09 5.614913e-19 1.473345e-19 1.2055452e-22
1127107.8 1.3068641e+16 5.9647759e+09 2.9150606e+09 5.6410207e+09 5.5953665e-19 1.4703235e-19 1.228702e-22
1129298.8 1.308171e+16 5.9638593e+09 2.9126541e+09 5.6309862e+09 5.5758899e-19 1.4673058e-19 1.2512939e-22
1131492.3 1.3094791e+16 5.962945e+09 2.9102501e+09 5.6209775e+09 5.5564829e-19 1.4642921e-19 1.2733306e-22
1133688.3 1.3107886e+16 5.9620328e+09 2.9078486e+09 5.6109947e+09 5.5371452e-19 1.4612824e-19 1.2948218e-22
1135886.9 1.3120994e+16 5.9611229e+09 2.9054496e+09 5.6010376e+09 5.5178767e-19 1.4582766e-19 1.3157769e-22
1138088 1.3134115e+16 5.9602151e+09 2.903053e+09 5.591106e+09 5.498677e-19 1.4552748e-19 1.3362054e-22
1140291.6 1.3147249e+16 5.9593096e+09 2.9006589e+09 5.5812e+09 5.4795459e-19 1.452277e-19 1.3561162e-22
1142497.8 1.3160396e+16 5.9584062e+09 2.8982673e+09 5.5713194e+09 5.4604832e-19 1.4492832e-19 1.3755186e-22
1144706.5 1.3173557e+16 5.957505e+09 2.8958781e+09 5.5614641e+09 5.4414885e-19 1.4462933e-19 1.3944212e-22
1146917.7 1.318673e+16 5.9566059e+09 2.8934913e+09 5.551634e+09 5.4225617e-19 1.4433074e-19 1.412833e-22
1149131.5 1.3199917e+16 5.955709e+09 2.891107e+09 5.5418291e+09 5.4037025e-19 1.4403255e-19 1.4307623e-22
1151347.9 1.3213117e+16 5.9548143e+09 2.8887251e+09 5.5320493e+09 5.3849107e-19 1.4373476e-19 1.4482177e-22
1153566.8 1.322633e+16 5.9539217e+09 2.8863457e+09 5.5222944e+09 5.366186e-19 1.4343738e-19 1.4652075e-22
1155788.2 1.3239556e+16 5.9530312e+09 2.8839687e+09 5.5125644e+09 5.3475281e-19 1.4314039e-19 1.4817399e-22
1158012.2 1.3252796e+16 5.9521429e+09 2.8815941e+09 5.5028591e+09 5.3289369e-19 1.4284381e-19 1.4978228e-22
1160238.8 1.3266049e+16 5.9512567e+09 2.8792219e+09 5.4931786e+09 5.310412e-19 1.4254762e-19 1.5134642e-22
1162467.9 1.3279315e+16 5.9503727e+09 2.8768521e+09 5.4835227e+09 5.2919532e-19 1.4225185e-19 1.5286718e-22
1164699.6 1.3292594e+16 5.9494907e+09 2.8744847e+09 5.4738912e+09 5.2735603e-19 1.4195647e-19 1.5434533e-22
1166933.8 1.3305887e+16 5.9486109e+09 2.8721197e+09 5.4642843e+09 5.2552331e-19 1.416615e-19 1.5578163e-22
1169170.6 1.3319193e+16 5.9477332e+09 2.8697571e+09 5.4547016e+09 5.2369713e-19 1.4136693e-19 1.571768e-22
1171410 1.3332512e+16 5.9468575e+09 2.8673969e+09 5.4451432e+09 5.2187746e-19 1.4107277e-19 1.5853158e-22
1173651.9 1.3345844e+16 5.945984e+09 2.8650391e+09 5.435609e+09 5.2006428e-19 1.4077901e-19 1.5984668e-22
1175896.5 1.335919e+16 5.9451126e+09 2.8626837e+09 5.4260989e+09 5.1825757e-19 1.4048566e-19 1.6112281e-22
1178143.5 1.3372549e+16 5.9442432e+09 2.8603306e+09 5.4166127e+09 5.1645731e-19 1.4019271e-19 1.6236066e-22
1180393.2 1.3385922e+16 5.9433759e+09 2.8579799e+09 5.4071505e+09 5.1466347e-19 1.3990018e-19 1.6356091e-22
1182645.4 1.3399308e+16 5.9425107e+09 2.8556315e+09 5.3977121e+09 5.1287603e-19 1.3960804e-19 1.6472422e-22
1184900.3 1.3412707e+16 5.9416475e+09 2.8532855e+09 5.3882974e+09 5.1109496e-19 1.3931632e-19 1.6585127e-22
1187157.7 1.342612e+16 5.9407864e+09 2.8509419e+09 5.3789064e+09 5.0932024e-19 1.3902501e-19 1.669427e-22
1189417.7 1.3439546e+16 5.9399274e+09 2.8486006e+09 5.369539e+09 5.0755184e-19 1.387341e-19 1.6799913e-22
1191680.2 1.3452985e+16 5.9390704e+09 2.8462616e+09 5.3601951e+09 5.0578976e-19 1.384436e-19 1.6902121e-22
1193945.4 1.3466438e+16 5.9382154e+09 2.843925e+09 5.3508746e+09 5.0403395e-19 1.3815351e-19 1.7000955e-22
1196213.2 1.3479905e+16 5.9373625e+09 2.8415907e+09 5.3415774e+09 5.022844e-19 1.3786383e-19 1.7096475e-22
1198483.5 1.3493385e+16 5.9365116e+09 2.8392587e+09 5.3323034e+09 5.0054109e-19 1.3757457e-19 1.7188742e-22
1200756.5 1.3506878e+16 5.9356628e+09 2.8369291e+09 5.3230526e+09 4.9880399e-19 1.3728571e-19 1.7277813e-22
1203032 1.3520385e+16 5.9348159e+09 2.8346017e+09 5.3138249e+09 4.9707307e-19 1.3699726e-19 1.7363747e-22
1205310.2 1.3533905e+16 5.9339711e+09 2.8322767e+09 5.3046202e+09 4.9534833e-19 1.3670923e-19 1.74466e-22
1207590.9 1.3547439e+16 5.9331282e+09 2.829954e+09 5.2954384e+09 4.9362973e-19 1.364216e-19 1.7526429e-22
1209874.3 1.3560987e+16 5.9322874e+09 2.8276336e+09 5.2862795e+09 4.9191725e-19 1.3613439e-19 1.7603288e-22
1212160.2 1.3574548e+16 5.9314486e+09 2.8253154e+09 5.2771433e+09 4.9021087e-19 1.3584759e-19 1.7677231e-22
1214448.8 1.3588122e+16 5.9306117e+09 2.8229996e+09 5.2680297e+09 4.8851057e-19 1.3556121e-19 1.7748312e-22
1216740 1.360171e+16 5.9297769e+09 2.820686e+09 5.2589388e+09 4.8681632e-19 1.3527524e-19 1.7816582e-22
1219033.8 1.3615312e+16 5.928944e+09 2.8183748e+09 5.2498704e+09 4.8512811e-19 1.3498968e-19 1.7882094e-22
1221330.2 1.3628927e+16 5.9281131e+09 2.8160658e+09 5.2408245e+09 4.8344591e-19 1.3470453e-19 1.7944898e-22
1223629.2 1.3642556e+16 5.9272842e+09 2.813759e+09 5.2318009e+09 4.8176969e-19 1.344198e-19 1.8005043e-22
1225930.9 1.3656199e+16 5.9264572e+09 2.8114546e+09 5.2227996e+09 4.8009944e-19 1.3413549e-19 1.8062579e-22
1228235.2 1.3669855e+16 5.9256322e+09 2.8091524e+09 5.2138205e+09 4.7843514e-19 1.3385159e-19 1.8117553e-22
1230542.1 1.3683525e+16 5.9248091e+09 2.8068524e+09 5.2048635e+09 4.7677676e-19 1.335681e-19 1.8170014e-22
1232851.6 1.3697209e+16 5.923988e+09 2.8045547e+09 5.1959286e+09 4.7512428e-19 1.3328503e-19 1.8220008e-22
1235163.8 1.3710906e+16 5.9231688e+09 2.8022593e+09 5.1870156e+09 4.7347768e-19 1.3300238e-19 1.826758e-22
1237478.5 1.3724617e+16 5.9223515e+09 2.7999661e+09 5.1781246e+09 4.7183694e-19 1.3272014e-19 1.8312776e-22
1239796 1.3738341e+16 5.9215362e+09 2.7976751e+09 5.1692554e+09 4.7020204e-19 1.3243832e-19 1.835564e-22
1242116 1.375208e+16 5.9207228e+09 2.7953864e+09 5.1604079e+09 4.6857295e-19 1.3215692e-19 1.8396215e-22
1244438.7 1.3765832e+16 5.9199114e+09 2.7930999e+09 5.1515822e+09 4.6694966e-19 1.3187593e-19 1.8434546e-22
1246764.1 1.3779598e+16 5.9191018e+09 2.7908156e+09 5.142778e+09 4.6533214e-19 1.3159536e-19 1.8470673e-22
1249092.1 1.3793377e+16 5.9182941e+09 2.7885335e+09 5.1339953e+09 4.6372037e-19 1.3131521e-19 1.8504638e-22
1251422.7 1.3807171e+16 5.9174884e+09 2.7862537e+09 5.1252341e+09 4.6211433e-19 1.3103548e-19 1.8536483e-22
1253756 1.3820978e+16 5.9166845e+09 2.7839761e+09 5.1164943e+09 4.60514e-19 1.3075616e-19 1.8566246e-22
1256091.9 1.3834799e+16 5.9158826e+09 2.7817006e+09 5.1077758e+09 4.5891937e-19 1.3047727e-19 1.8593969e-22
1258430.5 1.3848633e+16 5.9150825e+09 2.7794274e+09 5.0990785e+09 4.573304e-19 1.3019879e-19 1.8619689e-22
1260771.7 1.3862482e+16 5.9142843e+09 2.7771564e+09 5.0904024e+09 4.5574708e-19 1.2992073e-19 1.8643446e-22
1263115.6 1.3876345e+16 5.913488e+09 2.7748875e+09 5.0817473e+09 4.5416938e-19 1.2964309e-19 1.8665276e-22
1265462.2 1.3890221e+16 5.9126936e+09 2.7726208e+09 5.0731133e+09 4.5259729e-19 1.2936587e-19 1.8685216e-22
1267811.4 1.3904111e+16 5.911901e+09 2.7703564e+09 5.0645002e+09 4.5103079e-19 1.2908906e-19 1.8703303e-22
1270163.3 1.3918015e+16 5.9111103e+09 2.7680941e+09 5.055908e+09 4.4946986e-19 1.2881268e-19 1.8719573e-22
1272517.9 1.3931933e+16 5.9103215e+09 2.7658339e+09 5.0473366e+09 4.4791447e-19 1.2853672e-19 1.8734061e-22
1274875.1 1.3945865e+16 5.9095345e+09 2.763576e+09 5.038786e+09 4.463646e-19 1.2826118e-19 1.8746801e-22
1277235 1.3959811e+16 5.9087493e+09 2.7613202e+09 5.030256e+09 4.4482024e-19 1.2798606e-19 1.8757828e-22
1279597.5 1.3973771e+16 5.907966e+09 2.7590666e+09 5.0217465e+09 4.4328137e-19 1.2771136e-19 1.8767175e-22
1281962.8 1.3987745e+16 5.9071845e+09 2.7568151e+09 5.0132576e+09 4.4174796e-19 1.2743708e-19 1.8774874e-22
1284330.7 1.4001732e+16 5.9064049e+09 2.7545658e+09 5.0047892e+09 4.4021999e-19 1.2716322e-19 1.8780959e-22
1286701.3 1.4015734e+16 5.905627e+09 2.7523186e+09 4.9963411e+09 4.3869745e-19 1.2688979e-19 1.8785462e-22
1289074.6 1.402975e+16 5.904851e+09 2.7500735e+09 4.9879133e+09 4.3718032e-19 1.2661677e-19 1.8788412e-22
1291450.6 1.404378e+16 5.9040769e+09 2.7478306e+09 4.9795058e+09 4.3566857e-19 1.2634418e-19 1.8789842e-22
1293829.2 1.4057823e+16 5.9033045e+09 2.7455899e+09 4.9711185e+09 4.3416219e-19 1.26072e-19 1.8789782e-22
1296210.6 1.4071881e+16 5.9025339e+09 2.7433512e+09 4.9627512e+09 4.3266115e-19 1.2580025e-19 1.8788261e-22
1298594.6 1.4085953e+16 5.9017652e+09 2.7411147e+09 4.954404e+09 4.3116544e-19 1.2552892e-19 1.878531e-22
1300981.3 1.4100039e+16 5.9009982e+09 2.7388803e+09 4.9460768e+09 4.2967504e-19 1.2525802e-19 1.8780955e-22
1303370.8 1.4114139e+16 5.900233e+09 2.7366481e+09 4.9377695e+09 4.2818992e-19 1.2498753e-19 1.8775227e-22
1305762.9 1.4128253e+16 5.8994696e+09 2.7344179e+09 4.929482e+09 4.2671008e-19 1.2471747e-19 1.8768152e-22
1308157.7 1.4142381e+16 5.898708e+09 2.7321899e+09 4.9212143e+09 4.2523548e-19 1.2444783e-19 1.8759759e-22
1310555.3 1.4156524e+16 5.8979482e+09 2.7299639e+09 4.9129663e+09 4.2376612e-19 1.2417862e-19 1.8750075e-22
1312955.5 1.417068e+16 5.8971901e+09 2.7277401e+09 4.9047379e+09 4.2230196e-19 1.2390982e-19 1.8739125e-22
1315358.5 1.4184851e+16 5.8964338e+09 2.7255183e+09 4.8965291e+09 4.20843e-19 1.2364145e-19 1.8726936e-22
1317764.1 1.4199036e+16 5.8956793e+09 2.7232987e+09 4.8883398e+09 4.1938922e-19 1.233735e-19 1.8713533e-22
1320172.5 1.4213235e+16 5.8949266e+09 2.7210811e+09 4.88017e+09 4.1794058e-19 1.2310598e-19 1.8698943e-22
1322583.6 1.4227448e+16 5.8941755e+09 2.7188656e+09 4.8720195e+09 4.1649708e-19 1.2283888e-19 1.8683189e-22
1324997.4 1.4241676e+16 5.8934263e+09 2.7166522e+09 4.8638884e+09 4.150587e-19 1.225722e-19 1.8666296e-22
1327414 1.4255917e+16 5.8926787e+09 2.7144409e+09 4.8557765e+09 4.1362542e-19 1.2230594e-19 1.8648288e-22
1329833.2 1.4270173e+16 5.891933e+09 2.7122316e+09 4.8476838e+09 4.1219722e-19 1.2204011e-19 1.8629189e-22
1332255.2 1.4284443e+16 5.8911889e+09 2.7100244e+09 4.8396102e+09 4.1077408e-19 1.2177471e-19 1.8609022e-22
1334679.9 1.4298728e+16 5.8904466e+09 2.7078193e+09 4.8315556e+09 4.0935598e-19 1.2150972e-19 1.8587809e-22
1337107.4 1.4313027e+16 5.889706e+09 2.7056163e+09 4.8235201e+09 4.0794291e-19 1.2124516e-19 1.8565574e-22
1339537.6 1.432734e+16 5.8889671e+09 2.7034152e+09 4.8155035e+09 4.0653485e-19 1.2098103e-19 1.8542338e-22
1341970.5 1.4341667e+16 5.8882299e+09 2.7012163e+09 4.8075058e+09 4.0513177e-19 1.2071731e-19 1.8518123e-22
1344406.1 1.4356009e+16 5.8874945e+09 2.6990194e+09 4.7995268e+09 4.0373366e-19 1.2045403e-19 1.849295e-22
1346844.5 1.4370365e+16 5.8867607e+09 2.6968245e+09 4.7915666e+09 4.023405e-19 1.2019116e-19 1.8466841e-22
1349285.6 1.4384735e+16 5.8860287e+09 2.6946317e+09 4.7836251e+09 4.0095228e-19 1.1992872e-19 1.8439815e-22
1351729.5 1.439912e+16 5.8852984e+09 2.6924409e+09 4.7757022e+09 3.9956898e-19 1.196667e-19 1.8411894e-22
1354176.1 1.4413519e+16 5.8845697e+09 2.6902521e+09 4.7677979e+09 3.9819057e-19 1.1940511e-19 1.8383096e-22
1356625.5 1.4427932e+16 5.8838427e+09 2.6880654e+09 4.7599121e+09 3.9681704e-19 1.1914394e-19 1.8353443e-22
1359077.6 1.444236e+16 5.8831175e+09 2.6858807e+09 4.7520447e+09 3.9544837e-19 1.188832e-19 1.8322953e-22
1361532.5 1.4456803e+16 5.8823939e+09 2.683698e+09 4.7441957e+09 3.9408455e-19 1.1862288e-19 1.8291644e-22
1363990.2 1.4471259e+16 5.8816719e+09 2.6815173e+09 4.736365e+09 3.9272556e-19 1.1836298e-19 1.8259537e-22
1366450.6 1.4485731e+16 5.8809517e+09 2.6793386e+09 4.7285526e+09 3.9137138e-19 1.1810351e-19 1.8226648e-22
1368913.7 1.4500216e+16 5.8802331e+09 2.677162e+09 4.7207584e+09 3.9002199e-19 1.1784446e-19 1.8192997e-22
1371379.6 1.4514717e+16 5.8795161e+09 2.6749873e+09 4.7129823e+09 3.8867737e-19 1.1758584e-19 1.81586e-22
1373848.3 1.4529231e+16 5.8788009e+09 2.6728147e+09 4.7052243e+09 3.8733751e-19 1.1732764e-19 1.8123476e-22
1376319.8 1.4543761e+16 5.8780872e+09 2.670644e+09 4.6974843e+09 3.8600239e-19 1.1706987e-19 1.8087641e-22
1378794 1.4558304e+16 5.8773753e+09 2.6684754e+09 4.6897622e+09 3.8467199e-19 1.1681252e-19 1.8051112e-22
1381271 1.4572863e+16 5.8766649e+09 2.6663087e+09 4.6820581e+09 3.833463e-19 1.1655559e-19 1.8013906e-22
1383750.8 1.4587436e+16 5.8759562e+09 2.664144e+09 4.6743718e+09 3.820253e-19 1.1629909e-19 1.7976039e-22
1386233.4 1.4602023e+16 5.8752492e+09 2.6619813e+09 4.6667033e+09 3.8070897e-19 1.1604301e-19 1.7937527e-22
1388718.7 1.4616625e+16 5.8745438e+09 2.6598206e+09 4.6590526e+09 3.7939729e-19 1.1578736e-19 1.7898386e-22
1391206.9 1.4631242e+16 5.8738399e+09 2.6576618e+09 4.6514195e+09 3.7809025e-19 1.1553213e-19 1.7858632e-22
1393697.8 1.4645873e+16 5.8731378e+09 2.655505e+09 4.643804e+09 3.7678784e-19 1.1527732e-19 1.7818278e-22
1396191.5 1.4660519e+16 5.8724372e+09 2.6533502e+09 4.6362061e+09 3.7549002e-19 1.1502294e-19 1.7777341e-22
1398688 1.4675179e+16 5.8717383e+09 2.6511974e+09 4.6286257e+09 3.741968e-19 1.1476898e-19 1.7735836e-22
1401187.3 1.4689854e+16 5.8710409e+09 2.6490465e+09 4.6210627e+09 3.7290814e-19 1.1451545e-19 1.7693775e-22
1403689.4 1.4704544e+16 5.8703452e+09 2.6468976e+09 4.6135171e+09 3.7162404e-19 1.1426234e-19 1.7651175e-22
1406194.2 1.4719249e+16 5.869651e+09 2.6447506e+09 4.6059889e+09 3.7034447e-19 1.1400965e-19 1.7608048e-22
1408701.9 1.4733968e+16 5.8689585e+09 2.6426055e+09 4.5984779e+09 3.6906943e-19 1.1375739e-19 1.7564409e-22
1411212.4 1.4748702e+16 5.8682675e+09 2.6404625e+09 4.5909841e+09 3.6779889e-19 1.1350555e-19 1.7520271e-22
1413725.7 1.4763451e+16 5.8675782e+09 2.6383213e+09 4.5835076e+09 3.6653284e-19 1.1325414e-19 1.7475647e-22
1416241.8 1.4778214e+16 5.8668904e+09 2.6361821e+09 4.5760481e+09 3.6527126e-19 1.1300315e-19 1.743055e-22
1418760.7 1.4792992e+16 5.8662042e+09 2.6340448e+09 4.5686057e+09 3.6401414e-19 1.1275258e-19 1.7384993e-22
1421282.5 1.4807785e+16 5.8655196e+09 2.6319095e+09 4.5611802e+09 3.6276146e-19 1.1250243e-19 1.7338989e-22
1423807 1.4822593e+16 5.8648365e+09 2.6297761e+09 4.5537718e+09 3.615132e-19 1.1225271e-19 1.7292549e-22
1426334.4 1.4837416e+16 5.864155e+09 2.6276446e+09 4.5463802e+09 3.6026935e-19 1.1200341e-19 1.7245687e-22
1428864.6 1.4852253e+16 5.8634751e+09 2.625515e+09 4.5390054e+09 3.5902989e-19 1.1175454e-19 1.7198414e-22
1431397.6 1.4867105e+16 5.8627967e+09 2.6233874e+09 4.5316475e+09 3.577948e-19 1.1150609e-19 1.7150742e-22
1433933.4 1.4881973e+16 5.8621199e+09 2.6212616e+09 4.5243063e+09 3.5656408e-19 1.1125806e-19 1.7102682e-22
1436472.1 1.4896855e+16 5.8614446e+09 2.6191378e+09 4.5169817e+09 3.5533769e-19 1.1101046e-19 1.7054245e-22
1439013.6 1.4911751e+16 5.8607709e+09 2.6170159e+09 4.5096738e+09 3.5411564e-19 1.1076327e-19 1.7005444e-22
1441557.9 1.4926663e+16 5.8600988e+09 2.6148959e+09 4.5023825e+09 3.528979e-19 1.1051651e-19 1.6956288e-22
1444105.1 1.494159e+16 5.8594281e+09 2.6127778e+09 4.4951076e+09 3.5168446e-19 1.1027017e-19 1.6906788e-22
1446655.1 1.4956531e+16 5.858759e+09 2.6106615e+09 4.4878493e+09 3.5047529e-19 1.1002426e-19 1.6856956e-22
1449208 1.4971488e+16 5.8580914e+09 2.6085472e+09 4.4806073e+09 3.492704e-19 1.0977877e-19 1.6806801e-22
1451763.7 1.4986459e+16 5.8574254e+09 2.6064348e+09 4.4733817e+09 3.4806975e-19 1.095337e-19 1.6756334e-22
1454322.2 1.5001446e+16 5.8567609e+09 2.6043242e+09 4.4661725e+09 3.4687334e-19 1.0928905e-19 1.6705564e-22
1456883.6 1.5016447e+16 5.8560979e+09 2.6022155e+09 4.4589795e+09 3.4568114e-19 1.0904482e-19 1.6654502e-22
1459447.8 1.5031464e+16 5.8554364e+09 2.6001087e+09 4.4518027e+09 3.4449316e-19 1.0880102e-19 1.6603157e-22
1462014.9 1.5046495e+16 5.8547764e+09 2.5980038e+09 4.444642e+09 3.4330936e-19 1.0855763e-19 1.6551539e-22
1464584.9 1.5061542e+16 5.8541179e+09 2.5959008e+09 4.4374975e+09 3.4212973e-19 1.0831467e-19 1.6499656e-22
1467157.7 1.5076603e+16 5.8534609e+09 2.5937996e+09 4.430369e+09 3.4095426e-19 1.0807213e-19 1.6447519e-22
1469733.4 1.509168e+16 5.8528054e+09 2.5917003e+09 4.4232565e+09 3.3978294e-19 1.0783001e-19 1.6395136e-22
1472311.9 1.5106772e+16 5.8521515e+09 2.5896029e+09 4.41616e+09 3.3861575e-19 1.0758831e-19 1.6342516e-22
1474893.3 1.5121878e+16 5.851499e+09 2.5875073e+09 4.4090794e+09 3.3745266e-19 1.0734704e-19 1.6289668e-22
1477477.6 1.5137e+16 5.850848e+09 2.5854135e+09 4.4020146e+09 3.3629368e-19 1.0710618e-19 1.62366e-22
1480064.7 1.5152137e+16 5.8501984e+09 2.5833217e+09 4.3949657e+09 3.3513878e-19 1.0686575e-19 1.618332e-22
1482654.7 1.5167289e+16 5.8495504e+09 2.5812316e+09 4.3879325e+09 3.3398795e-19 1.0662573e-19 1.6129838e-22
1485247.6 1.5182457e+16 5.8489038e+09 2.5791435e+09 4.380915e+09 3.3284118e-19 1.0638614e-19 1.607616e-22
1487843.4 1.5197639e+16 5.8482587e+09 2.5770571e+09 4.3739132e+09 3.3169844e-19 1.0614696e-19 1.6022295e-22
1490442.1 1.5212837e+16 5.8476151e+09 2.5749726e+09 4.3669269e+09 3.3055974e-19 1.0590821e-19 1.5968251e-22
1493043.6 1.522805e+16 5.8469729e+09 2.57289e+09 4.3599563e+09 3.2942504e-19 1.0566987e-19 1.5914035e-22
1495648.1 1.5243278e+16 5.8463322e+09 2.5708091e+09 4.3530011e+09 3.2829433e-19 1.0543196e-19 1.5859655e-22
1498255.4 1.5258521e+16 5.8456929e+09 2.5687301e+09 4.3460614e+09 3.2716761e-19 1.0519446e-19 1.5805119e-22
1500865.6 1.5273779e+16 5.8450551e+09 2.566653e+09 4.3391372e+09 3.2604486e-19 1.0495738e-19 1.5750432e-22
1503478.7 1.5289053e+16 5.8444188e+09 2.5645776e+09 4.3322283e+09 3.2492606e-19 1.0472072e-19 1.5695604e-22
1506094.7 1.5304342e+16 5.8437839e+09 2.5625041e+09 4.3253347e+09 3.2381119e-19 1.0448449e-19 1.564064e-22
1508713.6 1.5319647e+16 5.8431504e+09 2.5604324e+09 4.3184564e+09 3.2270025e-19 1.0424866e-19 1.5585547e-22
1511335.4 1.5334966e+16 5.8425184e+09 2.5583625e+09 4.3115933e+09 3.2159323e-19 1.0401326e-19 1.5530333e-22
1513960.2 1.5350301e+16 5.8418878e+09 2.5562944e+09 4.3047454e+09 3.2049009e-19 1.0377828e-19 1.5475003e-22
1516587.8 1.5365651e+16 5.8412586e+09 2.5542281e+09 4.2979126e+09 3.1939084e-19 1.0354371e-19 1.5419564e-22
1519218.3 1.5381017e+16 5.8406308e+09 2.5521637e+09 4.2910949e+09 3.1829546e-19 1.0330956e-19 1.5364023e-22
1521851.8 1.5396398e+16 5.8400045e+09 2.550101e+09 4.2842923e+09 3.1720393e-19 1.0307583e-19 1.5308386e-22
1524488.1 1.5411795e+16 5.8393796e+09 2.5480401e+09 4.2775046e+09 3.1611624e-19 1.0284252e-19 1.525266e-22
1527127.4 1.5427206e+16 5.8387561e+09 2.5459811e+09 4.2707319e+09 3.1503238e-19 1.0260962e-19 1.5196849e-22
1529769.6 1.5442634e+16 5.838134e+09 2.5439238e+09 4.2639741e+09 3.1395233e-19 1.0237714e-19 1.514096e-22
1532414.8 1.5458076e+16 5.8375134e+09 2.5418683e+09 4.2572311e+09 3.1287608e-19 1.0214508e-19 1.5084998e-22
1535062.8 1.5473534e+16 5.8368941e+09 2.5398146e+09 4.250503e+09 3.1180361e-19 1.0191344e-19 1.5028971e-22
1537713.8 1.5489008e+16 5.8362762e+09 2.5377627e+09 4.2437896e+09 3.1073492e-19 1.0168221e-19 1.4972882e-22
1540367.7 1.5504497e+16 5.8356598e+09 2.5357125e+09 4.2370909e+09 3.0966998e-19 1.0145139e-19 1.4916737e-22
1543024.6 1.5520001e+16 5.8350447e+09 2.5336642e+09 4.2304069e+09 3.0860878e-19 1.0122099e-19 1.4860543e-22
1545684.4 1.5535521e+16 5.834431e+09 2.5316176e+09 4.2237375e+09 3.0755132e-19 1.0099101e-19 1.4804303e-22
1548347.1 1.5551057e+16 5.8338187e+09 2.5295728e+09 4.2170827e+09 3.0649757e-19 1.0076144e-19 1.4748024e-22
1551012.8 1.5566608e+16 5.8332078e+09 2.5275298e+09 4.2104425e+09 3.0544753e-19 1.0053229e-19 1.4691711e-22
1553681.4 1.5582174e+16 5.8325982e+09 2.5254885e+09 4.2038167e+09 3.0440117e-19 1.0030355e-19 1.4635367e-22
1556353 1.5597757e+16 5.8319901e+09 2.523449e+09 4.1972054e+09 3.033585e-19 1.0007523e-19 1.4578999e-22
1559027.5 1.5613354e+16 5.8313833e+09 2.5214112e+09 4.1906085e+09 3.0231949e-19 9.9847323e-20 1.4522611e-22
1561705 1.5628968e+16 5.8307778e+09 2.5193752e+09 4.184026e+09 3.0128412e-19 9.9619828e-20 1.4466208e-22
1564385.4 1.5644597e+16 5.8301738e+09 2.517341e+09 4.1774578e+09 3.002524e-19 9.9392747e-20 1.4409793e-22
1567068.8 1.5660241e+16 5.8295711e+09 2.5153085e+09 4.1709038e+09 2.992243e-19 9.916608e-20 1.4353373e-22
1569755.1 1.5675902e+16 5.8289697e+09 2.5132777e+09 4.1643641e+09 2.9819981e-19 9.8939826e-20 1.4296951e-22
1572444.4 1.5691577e+16 5.8283698e+09 2.5112487e+09 4.1578386e+09 2.9717891e-19 9.8713985e-20 1.4240531e-22
1575136.7 1.5707269e+16 5.8277711e+09 2.5092215e+09 4.1513272e+09 2.9616161e-19 9.8488556e-20 1.4184119e-22
1577831.9 1.5722976e+16 5.8271738e+09 2.507196e+09 4.14483e+09 2.9514787e-19 9.826354e-20 1.4127717e-22
1580530.2 1.5738699e+16 5.8265779e+09 2.5051722e+09 4.1383467e+09 2.9413769e-19 9.8038936e-20 1.407133e-22
1583231.3 1.5754438e+16 5.8259833e+09 2.5031501e+09 4.1318775e+09 2.9313106e-19 9.7814744e-20 1.4014963e-22
1585935.5 1.5770192e+16 5.82539e+09 2.5011298e+09 4.1254223e+09 2.9212797e-19 9.7590964e-20 1.3958618e-22
1588642.7 1.5785963e+16 5.8247981e+09 2.4991112e+09 4.118981e+09 2.9112839e-19 9.7367595e-20 1.39023e-22
1591352.8 1.5801749e+16 5.8242075e+09 2.4970944e+09 4.1125537e+09 2.9013232e-19 9.7144637e-20 1.3846013e-22
1594065.9 1.581755e+16 5.8236182e+09 2.4950793e+09 4.1061401e+09 2.8913975e-19 9.6922089e-20 1.378976e-22
1596782 1.5833368e+16 5.8230302e+09 2.4930658e+09 4.0997404e+09 2.8815066e-19 9.6699953e-20 1.3733545e-22
1599501.1 1.5849201e+16 5.8224436e+09 2.4910541e+09 4.0933544e+09 2.8716504e-19 9.6478226e-20 1.3677372e-22
1602223.2 1.586505e+16 5.8218583e+09 2.4890441e+09 4.0869822e+09 2.8618288e-19 9.6256909e-20 1.3621244e-22
1604948.3 1.5880916e+16 5.8212743e+09 2.4870359e+09 4.0806236e+09 2.8520417e-19 9.6036002e-20 1.3565163e-22
1607676.4 1.5896796e+16 5.8206916e+09 2.4850293e+09 4.0742787e+09 2.8422888e-19 9.5815504e-20 1.3509135e-22
1610407.4 1.5912693e+16 5.8201102e+09 2.4830245e+09 4.0679474e+09 2.8325702e-19 9.5595415e-20 1.3453161e-22
1613141.5 1.5928606e+16 5.8195301e+09 2.4810213e+09 4.0616297e+09 2.8228857e-19 9.5375735e-20 1.3397246e-22
1615878.6 1.5944535e+16 5.8189513e+09 2.4790198e+09 4.0553254e+09 2.8132351e-19 9.5156463e-20 1.3341392e-22
1618618.7 1.5960479e+16 5.8183738e+09 2.4770201e+09 4.0490347e+09 2.8036184e-19 9.4937599e-20 1.3285602e-22
1621361.8 1.597644e+16 5.8177976e+09 2.475022e+09 4.0427574e+09 2.7940353e-19 9.4719143e-20 1.3229879e-22
1624108 1.5992416e+16 5.8172227e+09 2.4730257e+09 4.0364935e+09 2.7844859e-19 9.4501094e-20 1.3174227e-22
1626857.1 1.6008408e+16 5.8166491e+09 2.471031e+09 4.0302429e+09 2.77497e-19 9.4283453e-20 1.3118648e-22
1629609.3 1.6024417e+16 5.8160768e+09 2.469038e+09 4.0240057e+09 2.7654874e-19 9.4066218e-20 1.3063144e-22
1632364.5 1.6040441e+16 5.8155057e+09 2.4670467e+09 4.0177818e+09 2.756038e-19 9.384939e-20 1.300772e-22
1635122.7 1.6056482e+16 5.814936e+09 2.4650571e+09 4.0115711e+09 2.7466217e-19 9.3632968e-20 1.2952376e-22
1637884 1.6072538e+16 5.8143675e+09 2.4630691e+09 4.0053736e+09 2.7372385e-19 9.3416951e-20 1.2897117e-22
1640648.2 1.6088611e+16 5.8138002e+09 2.4610828e+09 3.9991893e+09 2.7278881e-19 9.3201341e-20 1.2841944e-22
1643415.6 1.6104699e+16 5.8132343e+09 2.4590982e+09 3.9930181e+09 2.7185704e-19 9.2986135e-20 1.278686e-22
1646185.9 1.6120804e+16 5.8126696e+09 2.4571153e+09 3.98686e+09 2.7092854e-19 9.2771334e-20 1.2731868e-22
1648959.3 1.6136925e+16 5.8121061e+09 2.4551341e+09 3.9807149e+09 2.700033e-19 9.2556938e-20 1.2676969e-22
1651735.7 1.6153062e+16 5.811544e+09 2.4531545e+09 3.9745829e+09 2.6908129e-19 9.2342946e-20 1.2622167e-22
1654515.2 1.6169215e+16 5.810983e+09 2.4511765e+09 3.9684638e+09 2.6816251e-19 9.2129358e-20 1.2567464e-22
1657297.7 1.6185384e+16 5.8104234e+09 2.4492003e+09 3.9623576e+09 2.6724695e-19 9.1916173e-20 1.2512861e-22
1660083.3 1.6201569e+16 5.8098649e+09 2.4472257e+09 3.9562644e+09 2.663346e-19 9.1703391e-20 1.2458361e-22
1662871.9 1.6217771e+16 5.8093078e+09 2.4452527e+09 3.950184e+09 2.6542544e-19 9.1491012e-20 1.2403966e-22
1665663.6 1.6233989e+16 5.8087518e+09 2.4432814e+09 3.9441164e+09 2.6451946e-19 9.1279036e-20 1.2349679e-22
1668458.4 1.6250223e+16 5.8081971e+09 2.4413118e+09 3.9380616e+09 2.6361665e-19 9.1067462e-20 1.2295501e-22
1671256.2 1.6266473e+16 5.8076437e+09 2.4393438e+09 3.9320196e+09 2.62717e-19 9.085629e-20 1.2241434e-22
1674057.1 1.6282739e+16 5.8070914e+09 2.4373774e+09 3.9259902e+09 2.6182051e-19 9.0645519e-20 1.218748e-22
1676861 1.6299022e+16 5.8065404e+09 2.4354127e+09 3.9199735e+09 2.6092714e-19 9.0435149e-20 1.2133642e-22
1679668 1.6315321e+16 5.8059907e+09 2.4334496e+09 3.9139695e+09 2.6003691e-19 9.0225179e-20 1.207992e-22
1682478.1 1.6331636e+16 5.8054421e+09 2.4314882e+09 3.9079781e+09 2.5914979e-19 9.001561e-20 1.2026317e-22
1685291.3 1.6347968e+16 5.8048948e+09 2.4295284e+09 3.9019992e+09 2.5826577e-19 8.9806442e-20 1.1972835e-22
1688107.5 1.6364316e+16 5.8043487e+09 2.4275702e+09 3.8960328e+09 2.5738484e-19 8.9597672e-20 1.1919475e-22
1690926.8 1.638068e+16 5.8038038e+09 2.4256137e+09 3.8900789e+09 2.56507e-19 8.9389302e-20 1.1866239e-22
1693749.2 1.6397061e+16 5.8032601e+09 2.4236588e+09 3.8841375e+09 2.5563223e-19 8.9181331e-20 1.1813129e-22
1696574.7 1.6413458e+16 5.8027176e+09 2.4217055e+09 3.8782085e+09 2.5476051e-19 8.8973759e-20 1.1760146e-22
1699403.3 1.6429872e+16 5.8021764e+09 2.4197538e+09 3.8722919e+09 2.5389184e-19 8.8766584e-20 1.1707291e-22
1702235 1.6446301e+16 5.8016363e+09 2.4178038e+09 3.8663876e+09 2.5302621e-19 8.8559808e-20 1.1654567e-22
1705069.7 1.6462748e+16 5.8010974e+09 2.4158554e+09 3.8604956e+09 2.5216361e-19 8.8353429e-20 1.1601974e-22
1707907.6 1.6479211e+16 5.8005598e+09 2.4139085e+09 3.8546159e+09 2.5130402e-19 8.8147447e-20 1.1549515e-22
1710748.6 1.649569e+16 5.8000233e+09 2.4119634e+09 3.8487484e+09 2.5044744e-19 8.7941861e-20 1.1497191e-22
1713592.6 1.6512185e+16 5.799488e+09 2.4100198e+09 3.8428931e+09 2.4959385e-19 8.7736672e-20 1.1445002e-22
1716439.8 1.6528698e+16 5.7989539e+09 2.4080778e+09 3.83705e+09 2.4874324e-19 8.7531879e-20 1.139295e-22
1719290.1 1.6545226e+16 5.798421e+09 2.4061374e+09 3.831219e+09 2.4789561e-19 8.7327481e-20 1.1341037e-22
1722143.5 1.6561772e+16 5.7978893e+09 2.4041987e+09 3.8254001e+09 2.4705094e-19 8.7123478e-20 1.1289264e-22
1725000 1.6578333e+16 5.7973587e+09 2.4022615e+09 3.8195933e+09 2.4620922e-19 8.6919871e-20 1.1237632e-22
1727859.7 1.6594912e+16 5.7968293e+09 2.4003259e+09 3.8137985e+09 2.4537043e-19 8.6716657e-20 1.1186142e-22
1730722.4 1.6611507e+16 5.7963011e+09 2.398392e+09 3.8080157e+09 2.4453458e-19 8.6513838e-20 1.1134796e-22
1733588.3 1.6628118e+16 5.7957741e+09 2.3964596e+09 3.8022448e+09 2.4370165e-19 8.6311412e-20 1.1083594e-22
1736457.3 1.6644746e+16 5.7952482e+09 2.3945288e+09 3.7964859e+09 2.4287163e-19 8.610938e-20 1.1032538e-22
1739329.4 1.6661391e+16 5.7947235e+09 2.3925996e+09 3.7907388e+09 2.420445e-19 8.590774e-20 1.0981628e-22
1742204.7 1.6678052e+16 5.7942e+09 2.390672e+09 3.7850036e+09 2.4122027e-19 8.5706492e-20 1.0930866e-22
1745083.1 1.669473e+16 5.7936776e+09 2.388746e+09 3.7792802e+09 2.4039891e-19 8.5505637e-20 1.0880252e-22
1747964.7 1.6711425e+16 5.7931564e+09 2.3868215e+09 3.7735686e+09 2.3958042e-19 8.5305173e-20 1.0829789e-22
1750849.3 1.6728137e+16 5.7926363e+09 2.3848986e+09 3.7678688e+09 2.3876479e-19 8.5105101e-20 1.0779475e-22
1753737.2 1.6744865e+16 5.7921174e+09 2.3829774e+09 3.7621807e+09 2.37952e-19 8.4905419e-20 1.0729314e-22
1756628.2 1.676161e+16 5.7915996e+09 2.3810576e+09 3.7565042e+09 2.3714205e-19 8.4706128e-20 1.0679304e-22
1759522.3 1.6778371e+16 5.791083e+09 2.3791395e+09 3.7508394e+09 2.3633492e-19 8.4507227e-20 1.0629448e-22
1762419.6 1.679515e+16 5.7905675e+09 2.3772229e+09 3.7451863e+09 2.3553062e-19 8.4308715e-20 1.0579745e-22
1765320 1.6811945e+16 5.7900531e+09 2.3753079e+09 3.7395447e+09 2.3472912e-19 8.4110593e-20 1.0530198e-22
1768223.6 1.6828757e+16 5.7895399e+09 2.3733945e+09 3.7339147e+09 2.3393041e-19 8.3912859e-20 1.0480806e-22
1771130.3 1.6845585e+16 5.7890278e+09 2.3714826e+09 3.7282961e+09 2.3313449e-19 8.3715514e-20 1.043157e-22
1774040.2 1.6862431e+16 5.7885169e+09 2.3695723e+09 3.7226891e+09 2.3234135e-19 8.3518557e-20 1.0382491e-22
1776953.3 1.6879293e+16 5.788007e+09 2.3676636e+09 3.7170935e+09 2.3155098e-19 8.3321987e-20 1.033357e-22
1779869.6 1.6896173e+16 5.7874983e+09 2.3657564e+09 3.7115094e+09 2.3076336e-19 8.3125805e-20 1.0284808e-22
1782789 1.6913069e+16 5.7869908e+09 2.3638507e+09 3.7059366e+09 2.2997849e-19 8.2930009e-20 1.0236204e-22
1785711.6 1.6929982e+16 5.7864843e+09 2.3619467e+09 3.7003752e+09 2.2919635e-19 8.27346e-20 1.018776e-22
1788637.4 1.6946912e+16 5.785979e+09 2.3600441e+09 3.6948251e+09 2.2841694e-19 8.2539576e-20 1.0139476e-22
1791566.4 1.6963859e+16 5.7854747e+09 2.3581431e+09 3.6892864e+09 2.2764025e-19 8.2344938e-20 1.0091352e-22
1794498.5 1.6980823e+16 5.7849716e+09 2.3562437e+09 3.6837588e+09 2.2686626e-19 8.2150685e-20 1.004339e-22
1797433.8 1.6997803e+16 5.7844696e+09 2.3543458e+09 3.6782425e+09 2.2609498e-19 8.1956817e-20 9.9955899e-23
1800372.4 1.7014801e+16 5.7839687e+09 2.3524494e+09 3.6727374e+09 2.2532638e-19 8.1763333e-20 9.9479519e-23
1803314.1 1.7031816e+16 5.7834689e+09 2.3505546e+09 3.6672435e+09 2.2456046e-19 8.1570232e-20 9.9004767e-23
1806259 1.7048848e+16 5.7829702e+09 2.3486613e+09 3.6617607e+09 2.2379721e-19 8.1377515e-20 9.8531646e-23
1809207.1 1.7065897e+16 5.7824726e+09 2.3467696e+09 3.656289e+09 2.2303662e-19 8.1185181e-20 9.8060163e-23
1812158.4 1.7082963e+16 5.781976e+09 2.3448794e+09 3.6508284e+09 2.2227868e-19 8.099323e-20 9.7590319e-23
1815112.9 1.7100046e+16 5.7814806e+09 2.3429907e+09 3.6453788e+09 2.2152337e-19 8.080166e-20 9.712212e-23
1818070.7 1.7117146e+16 5.7809863e+09 2.3411035e+09 3.6399403e+09 2.207707e-19 8.0610472e-20 9.665557e-23
1821031.6 1.7134263e+16 5.780493e+09 2.3392179e+09 3.6345127e+09 2.2002066e-19 8.0419666e-20 9.6190671e-23
1823995.8 1.7151397e+16 5.7800009e+09 2.3373338e+09 3.629096e+09 2.1927322e-19 8.022924e-20 9.5727427e-23
1826963.1 1.7168548e+16 5.7795098e+09 2.3354512e+09 3.6236903e+09 2.1852839e-19 8.0039194e-20 9.5265841e-23
1829933.7 1.7185717e+16 5.7790198e+09 2.3335702e+09 3.6182955e+09 2.1778614e-19 7.9849528e-20 9.4805916e-23
1832907.5 1.7202903e+16 5.7785309e+09 2.3316906e+09 3.6129115e+09 2.1704649e-19 7.9660242e-20 9.4347655e-23
1835884.6 1.7220106e+16 5.778043e+09 2.3298126e+09 3.6075384e+09 2.1630941e-19 7.9471335e-20 9.389106e-23
1838864.8 1.7237326e+16 5.7775562e+09 2.3279361e+09 3.602176e+09 2.1557489e-19 7.9282806e-20 9.3436135e-23
1841848.3 1.7254563e+16 5.7770705e+09 2.3260611e+09 3.5968245e+09 2.1484293e-19 7.9094656e-20 9.298288e-23
1844835.1 1.7271818e+16 5.7765859e+09 2.3241876e+09 3.5914836e+09 2.1411352e-19 7.8906883e-20 9.2531299e-23
1847825 1.7289089e+16 5.7761023e+09 2.3223156e+09 3.5861535e+09 2.1338665e-19 7.8719487e-20 9.2081392e-23
1850818.2 1.7306379e+16 5.7756197e+09 2.3204451e+09 3.580834e+09 2.1266231e-19 7.8532469e-20 9.1633163e-23
1853814.7 1.7323685e+16 5.7751383e+09 2.3185761e+09 3.5755252e+09 2.1194048e-19 7.8345826e-20 9.1186612e-23
1856814.4 1.7341009e+16 5.7746579e+09 2.3167086e+09 3.570227e+09 2.1122117e-19 7.815956e-20 9.074174e-23
1859817.3 1.735835e+16 5.7741785e+09 2.3148426e+09 3.5649395e+09 2.1050436e-19 7.7973669e-20 9.029855e-23
1862823.5 1.7375708e+16 5.7737002e+09 2.3129782e+09 3.5596624e+09 2.0979005e-19 7.7788153e-20 8.9857042e-23
1865833 1.7393084e+16 5.7732229e+09 2.3111152e+09 3.5543959e+09 2.0907821e-19 7.7603011e-20 8.9417218e-23
1868845.7 1.7410477e+16 5.7727467e+09 2.3092537e+09 3.5491399e+09 2.0836886e-19 7.7418244e-20 8.8979077e-23
1871861.7 1.7427887e+16 5.7722715e+09 2.3073937e+09 3.5438944e+09 2.0766197e-19 7.723385e-20 8.8542621e-23
1874880.9 1.7445315e+16 5.7717974e+09 2.3055351e+09 3.5386593e+09 2.0695754e-19 7.704983e-20 8.8107851e-23
1877903.4 1.746276e+16 5.7713243e+09 2.3036781e+09 3.5334346e+09 2.0625556e-19 7.6866182e-20 8.7674766e-23
1880929.2 1.7480223e+16 5.7708522e+09 2.3018226e+09 3.5282203e+09 2.0555601e-19 7.6682906e-20 8.7243367e-23
1883958.3 1.7497703e+16 5.7703812e+09 2.2999685e+09 3.5230164e+09 2.048589e-19 7.6500003e-20 8.6813655e-23
1886990.6 1.7515201e+16 5.7699112e+09 2.2981159e+09 3.5178228e+09 2.0416422e-19 7.631747e-20 8.6385628e-23
1890026.2 1.7532716e+16 5.7694422e+09 2.2962648e+09 3.5126395e+09 2.0347194e-19 7.6135309e-20 8.5959288e-23
1893065.1 1.7550249e+16 5.7689743e+09 2.2944152e+09 3.5074665e+09 2.0278208e-19 7.5953518e-20 8.5534634e-23
1896107.3 1.7567799e+16 5.7685073e+09 2.292567e+09 3.5023037e+09 2.0209461e-19 7.5772097e-20 8.5111665e-23
1899152.8 1.7585367e+16 5.7680414e+09 2.2907203e+09 3.4971512e+09 2.0140953e-19 7.5591046e-20 8.4690381e-23
1902201.5 1.7602952e+16 5.7675765e+09 2.2888751e+09 3.4920088e+09 2.0072683e-19 7.5410364e-20 8.4270781e-23
1905253.6 1.7620555e+16 5.7671127e+09 2.2870314e+09 3.4868766e+09 2.000465e-19 7.523005e-20 8.3852865e-23
1908308.9 1.7638176e+16 5.7666498e+09 2.2851891e+09 3.4817545e+09 1.9936853e-19 7.5050104e-20 8.3436632e-23
1911367.6 1.7655814e+16 5.766188e+09 2.2833483e+09 3.4766426e+09 1.9869292e-19 7.4870527e-20 8.3022081e-23
1914429.5 1.767347e+16 5.7657271e+09 2.2815089e+09 3.4715407e+09 1.9801966e-19 7.4691316e-20 8.2609211e-23
1917494.8 1.7691143e+16 5.7652673e+09 2.2796711e+09 3.4664488e+09 1.9734873e-19 7.4512472e-20 8.2198021e-23
1920563.4 1.7708835e+16 5.7648084e+09 2.2778346e+09 3.461367e+09 1.9668013e-19 7.4333994e-20 8.178851e-23
1923635.3 1.7726543e+16 5.7643506e+09 2.2759997e+09 3.4562952e+09 1.9601386e-19 7.4155883e-20 8.1380675e-23
1926710.5 1.774427e+16 5.7638937e+09 2.2741661e+09 3.4512334e+09 1.953499e-19 7.3978136e-20 8.0974517e-23
1929789 1.7762014e+16 5.7634379e+09 2.2723341e+09 3.4461815e+09 1.9468824e-19 7.3800754e-20 8.0570032e-23
1932870.8 1.7779776e+16 5.7629831e+09 2.2705035e+09 3.4411395e+09 1.9402888e-19 7.3623737e-20 8.016722e-23
1935956 1.7797556e+16 5.7625292e+09 2.2686743e+09 3.4361074e+09 1.9337181e-19 7.3447084e-20 7.9766079e-23
1939044.5 1.7815354e+16 5.7620763e+09 2.2668466e+09 3.4310851e+09 1.9271701e-19 7.3270794e-20 7.9366607e-23
1942136.3 1.7833169e+16 5.7616244e+09 2.2650203e+09 3.4260727e+09 1.9206449e-19 7.3094867e-20 7.8968802e-23
1945231.5 1.7851002e+16 5.7611735e+09 2.2631955e+09 3.4210701e+09 1.9141424e-19 7.2919303e-20 7.8572663e-23
1948330 1.7868853e+16 5.7607236e+09 2.2613721e+09 3.4160773e+09 1.9076624e-19 7.27441e-20 7.8178186e-23
1951431.8 1.7886722e+16 5.7602747e+09 2.2595502e+09 3.4110943e+09 1.9012049e-19 7.2569259e-20 7.778537e-23
1954537 1.7904609e+16 5.7598267e+09 2.2577296e+09 3.406121e+09 1.8947698e-19 7.239478e-20 7.7394213e-23
1957645.5 1.7922513e+16 5.7593797e+09 2.2559106e+09 3.4011573e+09 1.888357e-19 7.222066e-20 7.7004712e-23
1960757.4 1.7940436e+16 5.7589337e+09 2.2540929e+09 3.3962034e+09 1.8819664e-19 7.2046901e-20 7.6616864e-23
1963872.7 1.7958376e+16 5.7584886e+09 2.2522767e+09 3.3912591e+09 1.875598e-19 7.1873502e-20 7.6230669e-23
1966991.3 1.7976335e+16 5.7580445e+09 2.250462e+09 3.3863244e+09 1.8692517e-19 7.1700462e-20 7.5846121e-23
1970113.2 1.7994311e+16 5.7576014e+09 2.2486486e+09 3.3813994e+09 1.8629274e-19 7.152778e-20 7.546322e-23
1973238.5 1.8012305e+16 5.7571593e+09 2.2468367e+09 3.3764839e+09 1.856625e-19 7.1355457e-20 7.5081963e-23
1976367.2 1.8030318e+16 5.7567181e+09 2.2450262e+09 3.3715779e+09 1.8503445e-19 7.1183491e-20 7.4702346e-23
1979499.2 1.8048348e+16 5.7562778e+09 2.2432171e+09 3.3666815e+09 1.8440857e-19 7.1011882e-20 7.4324367e-23
1982634.7 1.8066396e+16 5.7558386e+09 2.2414095e+09 3.3617946e+09 1.8378487e-19 7.0840631e-20 7.3948022e-23
1985773.5 1.8084463e+16 5.7554002e+09 2.2396032e+09 3.3569171e+09 1.8316332e-19 7.0669735e-20 7.357331e-23
1988915.6 1.8102547e+16 5.7549628e+09 2.2377984e+09 3.3520491e+09 1.8254393e-19 7.0499195e-20 7.3200226e-23
1992061.2 1.812065e+16 5.7545264e+09 2.235995e+09 3.3471905e+09 1.8192669e-19 7.0329011e-20 7.2828768e-23
1995210.1 1.813877e+16 5.7540909e+09 2.2341931e+09 3.3423413e+09 1.8131158e-19 7.0159181e-20 7.2458932e-23
1998362.4 1.8156909e+16 5.7536564e+09 2.2323925e+09 3.3375015e+09 1.806986e-19 6.9989706e-20 7.2090716e-23
2001518.2 1.8175066e+16 5.7532228e+09 2.2305933e+09 3.332671e+09 1.8008775e-19 6.9820584e-20 7.1724116e-23
2004677.3 1.8193241e+16 5.7527901e+09 2.2287956e+09 3.3278499e+09 1.7947901e-19 6.9651816e-20 7.1359128e-23
2007839.8 1.8211434e+16 5.7523584e+09 2.2269992e+09 3.323038e+09 1.7887239e-19 6.9483401e-20 7.099575e-23
2011005.7 1.8229646e+16 5.7519276e+09 2.2252043e+09 3.3182354e+09 1.7826786e-19 6.9315338e-20 7.0633977e-23
2014175 1.8247875e+16 5.7514978e+09 2.2234108e+09 3.3134421e+09 1.7766543e-19 6.9147627e-20 7.0273806e-23
2017347.7 1.8266123e+16 5.7510689e+09 2.2216186e+09 3.308658e+09 1.7706508e-19 6.8980267e-20 6.9915234e-23
2020523.8 1.8284389e+16 5.7506409e+09 2.2198279e+09 3.3038831e+09 1.7646681e-19 6.8813258e-20 6.9558257e-23
2023703.4 1.8302674e+16 5.7502138e+09 2.2180386e+09 3.2991173e+09 1.7587061e-19 6.86466e-20 6.9202872e-23
2026886.3 1.8320976e+16 5.7497877e+09 2.2162506e+09 3.2943607e+09 1.7527647e-19 6.8480291e-20 6.8849074e-23
2030072.7 1.8339297e+16 5.7493624e+09 2.2144641e+09 3.2896133e+09 1.746844e-19 6.8314332e-20 6.8496859e-23
2033262.5 1.8357637e+16 5.7489381e+09 2.2126789e+09 3.2848749e+09 1.7409437e-19 6.8148722e-20 6.8146225e-23
2036455.7 1.8375994e+16 5.7485148e+09 2.2108952e+09 3.2801456e+09 1.7350638e-19 6.798346e-20 6.7797167e-23
2039652.4 1.839437e+16 5.7480923e+09 2.2091128e+09 3.2754254e+09 1.7292043e-19 6.7818546e-20 6.7449681e-23
2042852.5 1.8412765e+16 5.7476707e+09 2.2073318e+09 3.2707142e+09 1.723365e-19 6.765398e-20 6.7103764e-23
2046056 1.8431177e+16 5.7472501e+09 2.2055522e+09 3.266012e+09 1.717546e-19 6.748976e-20 6.6759411e-23
2049262.9 1.8449609e+16 5.7468304e+09 2.203774e+09 3.2613188e+09 1.7117471e-19 6.7325887e-20 6.6416618e-23
2052473.3 1.8468058e+16 5.7464115e+09 2.2019972e+09 3.2566345e+09 1.7059682e-19 6.716236e-20 6.6075381e-23
2055687.2 1.8486526e+16 5.7459936e+09 2.2002218e+09 3.2519592e+09 1.7002093e-19 6.6999178e-20 6.5735696e-23
2058904.5 1.8505013e+16 5.7455766e+09 2.1984477e+09 3.2472928e+09 1.6944704e-19 6.6836341e-20 6.5397559e-23
2062125.2 1.8523518e+16 5.7451605e+09 2.196675e+09 3.2426352e+09 1.6887513e-19 6.6673849e-20 6.5060967e-23
2065349.4 1.8542041e+16 5.7447453e+09 2.1949037e+09 3.2379866e+09 1.6830519e-19 6.6511701e-20 6.4725913e-23
2068577.1 1.8560583e+16 5.7443309e+09 2.1931338e+09 3.2333468e+09 1.6773723e-19 6.6349896e-20 6.4392395e-23
2071808.2 1.8579144e+16 5.7439175e+09 2.1913652e+09 3.2287158e+09 1.6717123e-19 6.6188434e-20 6.4060408e-23
2075042.7 1.8597723e+16 5.743505e+09 2.189598e+09 3.2240936e+09 1.6660719e-19 6.6027314e-20 6.3729948e-23
2078280.8 1.8616321e+16 5.7430933e+09 2.1878322e+09 3.2194802e+09 1.6604509e-19 6.5866537e-20 6.340101e-23
2081522.3 1.8634937e+16 5.7426826e+09 2.1860677e+09 3.2148755e+09 1.6548494e-19 6.5706101e-20 6.307359e-23
2084767.3 1.8653572e+16 5.7422727e+09 2.1843046e+09 3.2102795e+09 1.6492673e-19 6.5546006e-20 6.2747683e-23
2088015.8 1.8672226e+16 5.7418637e+09 2.1825429e+09 3.2056923e+09 1.6437044e-19 6.5386251e-20 6.2423286e-23
2091267.7 1.8690898e+16 5.7414556e+09 2.1807825e+09 3.2011137e+09 1.6381608e-19 6.5226836e-20 6.2100393e-23
2094523.1 1.8709589e+16 5.7410484e+09 2.1790235e+09 3.1965438e+09 1.6326363e-19 6.5067761e-20 6.1779e-23
2097782 1.8728298e+16 5.740642e+09 2.1772659e+09 3.1919826e+09 1.6271309e-19 6.4909025e-20 6.1459103e-23
2101044.5 1.8747027e+16 5.7402365e+09 2.1755096e+09 3.1874299e+09 1.6216445e-19 6.4750627e-20 6.1140697e-23
2104310.4 1.8765774e+16 5.7398319e+09 2.1737547e+09 3.1828858e+09 1.6161771e-19 6.4592567e-20 6.0823778e-23
2107579.7 1.8784539e+16 5.7394282e+09 2.1720011e+09 3.1783504e+09 1.6107286e-19 6.4434844e-20 6.050834e-23
2110852.6 1.8803324e+16 5.7390253e+09 2.1702489e+09 3.1738234e+09 1.6052988e-19 6.4277459e-20 6.019438e-23
2114129 1.8822127e+16 5.7386233e+09 2.168498e+09 3.169305e+09 1.5998878e-19 6.412041e-20 5.9881893e-23
2117408.9 1.8840949e+16 5.7382222e+09 2.1667485e+09 3.1647951e+09 1.5944955e-19 6.3963696e-20 5.9570873e-23
2120692.4 1.885979e+16 5.7378219e+09 2.1650003e+09 3.1602937e+09 1.5891219e-19 6.3807319e-20 5.9261317e-23
2123979.3 1.887865e+16 5.7374225e+09 2.1632535e+09 3.1558007e+09 1.5837667e-19 6.3651276e-20 5.895322e-23
2127269.7 1.8897529e+16 5.737024e+09 2.161508e+09 3.1513162e+09 1.5784301e-19 6.3495567e-20 5.8646576e-23
2130563.7 1.8916426e+16 5.7366263e+09 2.1597639e+09 3.14684e+09 1.5731119e-19 6.3340193e-20 5.8341381e-23
2133861.2 1.8935343e+16 5.7362294e+09 2.1580211e+09 3.1423723e+09 1.567812e-19 6.3185152e-20 5.8037631e-23
2137162.2 1.8954278e+16 5.7358334e+09 2.1562796e+09 3.137913e+09 1.5625304e-19 6.3030443e-20 5.7735321e-23
2140466.7 1.8973232e+16 5.7354383e+09 2.1545395e+09 3.133462e+09 1.557267e-19 6.2876067e-20 5.7434445e-23
2143774.8 1.8992206e+16 5.735044e+09 2.1528007e+09 3.1290193e+09 1.5520218e-19 6.2722023e-20 5.7135e-23
2147086.4 1.9011198e+16 5.7346506e+09 2.1510633e+09 3.1245849e+09 1.5467947e-19 6.2568311e-20 5.683698e-23
2150401.5 1.9030209e+16 5.734258e+09 2.1493271e+09 3.1201589e+09 1.5415857e-19 6.2414929e-20 5.654038e-23
2153720.2 1.9049239e+16 5.7338662e+09 2.1475924e+09 3.1157411e+09 1.5363946e-19 6.2261878e-20 5.6245195e-23
2157042.4 1.9068289e+16 5.7334753e+09 2.1458589e+09 3.1113315e+09 1.5312214e-19 6.2109156e-20 5.5951422e-23
2160368.2 1.9087357e+16 5.7330852e+09 2.1441268e+09 3.1069302e+09 1.526066e-19 6.1956764e-20 5.5659054e-23
2163697.6 1.9106444e+16 5.732696e+09 2.142396e+09 3.102537e+09 1.5209284e-19 6.18047e-20 5.5368087e-23
2167030.5 1.9125551e+16 5.7323076e+09 2.1406666e+09 3.0981521e+09 1.5158086e-19 6.1652965e-20 5.5078516e-23
2170366.9 1.9144676e+16 5.73192e+09 2.1389384e+09 3.0937753e+09 1.5107063e-19 6.1501558e-20 5.4790336e-23
2173706.9 1.9163821e+16 5.7315333e+09 2.1372116e+09 3.0894067e+09 1.5056217e-19 6.1350478e-20 5.4503542e-23
2177050.5 1.9182985e+16 5.7311474e+09 2.1354861e+09 3.0850461e+09 1.5005546e-19 6.1199725e-20 5.421813e-23
2180397.6 1.9202168e+16 5.7307623e+09 2.1337619e+09 3.0806937e+09 1.495505e-19 6.1049298e-20 5.3934094e-23
2183748.4 1.922137e+16 5.7303781e+09 2.1320391e+09 3.0763494e+09 1.4904728e-19 6.0899197e-20 5.3651429e-23
2187102.6 1.9240591e+16 5.7299946e+09 2.1303175e+09 3.0720131e+09 1.4854579e-19 6.0749421e-20 5.3370131e-23
2190460.5 1.9259832e+16 5.729612e+09 2.1285973e+09 3.0676848e+09 1.4804603e-19 6.059997e-20 5.3090194e-23
2193822 1.9279092e+16 5.7292302e+09 2.1268784e+09 3.0633646e+09 1.4754799e-19 6.0450843e-20 5.2811614e-23
2197187 1.9298371e+16 5.7288492e+09 2.1251608e+09 3.0590523e+09 1.4705167e-19 6.030204e-20 5.2534386e-23
2200555.6 1.9317669e+16 5.7284691e+09 2.1234445e+09 3.0547481e+09 1.4655706e-19 6.015356e-20 5.2258503e-23
2203927.9 1.9336987e+16 5.7280897e+09 2.1217296e+09 3.0504518e+09 1.4606415e-19 6.0005403e-20 5.1983963e-23
2207303.7 1.9356324e+16 5.7277112e+09 2.1200159e+09 3.0461634e+09 1.4557294e-19 5.9857568e-20 5.1710759e-23
2210683.1 1.937568e+16 5.7273335e+09 2.1183035e+09 3.0418829e+09 1.4508342e-19 5.9710055e-20 5.1438886e-23
2214066.1 1.9395056e+16 5.7269566e+09 2.1165925e+09 3.0376104e+09 1.4459558e-19 5.9562863e-20 5.116834e-23
2217452.7 1.9414451e+16 5.7265805e+09 2.1148827e+09 3.0333457e+09 1.4410943e-19 5.9415992e-20 5.0899116e-23
2220843 1.9433865e+16 5.7262052e+09 2.1131743e+09 3.0290889e+09 1.4362495e-19 5.9269441e-20 5.0631208e-23
2224236.8 1.9453299e+16 5.7258307e+09 2.1114671e+09 3.0248399e+09 1.4314214e-19 5.9123209e-20 5.0364612e-23
2227634.3 1.9472752e+16 5.725457e+09 2.1097613e+09 3.0205987e+09 1.4266099e-19 5.8977297e-20 5.0099322e-23
2231035.4 1.9492225e+16 5.7250841e+09 2.1080567e+09 3.0163653e+09 1.4218149e-19 5.8831703e-20 4.9835334e-23
2234440.1 1.9511717e+16 5.724712e+09 2.1063535e+09 3.0121397e+09 1.4170365e-19 5.8686427e-20 4.9572643e-23
2237848.4 1.9531229e+16 5.7243407e+09 2.1046515e+09 3.0079219e+09 1.4122745e-19 5.8541469e-20 4.9311242e-23
2241260.4 1.955076e+16 5.7239701e+09 2.1029509e+09 3.0037118e+09 1.4075289e-19 5.8396828e-20 4.9051129e-23
2244676 1.9570311e+16 5.7236004e+09 2.1012515e+09 2.9995094e+09 1.4027997e-19 5.8252504e-20 4.8792297e-23
2248095.2 1.9589881e+16 5.7232315e+09 2.0995534e+09 2.9953147e+09 1.3980867e-19 5.8108496e-20 4.8534741e-23
2251518.1 1.9609471e+16 5.7228633e+09 2.0978566e+09 2.9911277e+09 1.3933899e-19 5.7964803e-20 4.8278456e-23
2254944.6 1.9629081e+16 5.722496e+09 2.0961611e+09 2.9869484e+09 1.3887093e-19 5.7821425e-20 4.8023438e-23
2258374.7 1.964871e+16 5.7221294e+09 2.0944669e+09 2.9827767e+09 1.3840447e-19 5.7678362e-20 4.7769682e-23
2261808.6 1.9668359e+16 5.7217636e+09 2.092774e+09 2.9786126e+09 1.3793963e-19 5.7535613e-20 4.7517182e-23
2265246 1.9688027e+16 5.7213986e+09 2.0910823e+09 2.9744561e+09 1.3747638e-19 5.7393177e-20 4.7265933e-23
2268687.1 1.9707715e+16 5.7210343e+09 2.0893919e+09 2.9703072e+09 1.3701472e-19 5.7251055e-20 4.701593e-23
2272131.9 1.9727423e+16 5.7206709e+09 2.0877029e+09 2.9661659e+09 1.3655465e-19 5.7109245e-20 4.6767169e-23
2275580.4 1.974715e+16 5.7203082e+09 2.0860151e+09 2.9620321e+09 1.3609617e-19 5.6967746e-20 4.6519644e-23
2279032.5 1.9766897e+16 5.7199463e+09 2.0843285e+09 2.9579059e+09 1.3563926e-19 5.682656e-20 4.6273351e-23
2282488.3 1.9786664e+16 5.7195851e+09 2.0826433e+09 2.9537872e+09 1.3518392e-19 5.6685684e-20 4.6028283e-23
2285947.7 1.9806451e+16 5.7192248e+09 2.0809593e+09 2.9496759e+09 1.3473014e-19 5.6545119e-20 4.5784438e-23
2289410.9 1.9826257e+16 5.7188652e+09 2.0792766e+09 2.9455721e+09 1.3427793e-19 5.6404863e-20 4.5541808e-23
2292877.7 1.9846083e+16 5.7185063e+09 2.0775952e+09 2.9414758e+09 1.3382726e-19 5.6264917e-20 4.530039e-23
2296348.2 1.986593e+16 5.7181483e+09 2.075915e+09 2.937387e+09 1.3337815e-19 5.612528e-20 4.5060178e-23
2299822.4 1.9885795e+16 5.717791e+09 2.0742361e+09 2.9333055e+09 1.3293058e-19 5.5985951e-20 4.4821168e-23
2303300.2 1.9905681e+16 5.7174344e+09 2.0725585e+09 2.9292314e+09 1.3248455e-19 5.5846931e-20 4.4583354e-23
2306781.8 1.9925587e+16 5.7170786e+09 2.0708821e+09 2.9251648e+09 1.3204005e-19 5.5708217e-20 4.4346731e-23
2310267.1 1.9945513e+16 5.7167236e+09 2.0692071e+09 2.9211054e+09 1.3159708e-19 5.5569811e-20 4.4111295e-23
2313756.1 1.9965458e+16 5.7163693e+09 2.0675332e+09 2.9170535e+09 1.3115563e-19 5.543171e-20 4.387704e-23
2317248.8 1.9985424e+16 5.7160158e+09 2.0658607e+09 2.9130088e+09 1.3071569e-19 5.5293916e-20 4.3643962e-23
2320745.1 2.0005409e+16 5.715663e+09 2.0641894e+09 2.9089715e+09 1.3027727e-19 5.5156427e-20 4.3412056e-23
2324245.2 2.0025414e+16 5.715311e+09 2.0625193e+09 2.9049414e+09 1.2984035e-19 5.5019243e-20 4.3181317e-23
2327749.1 2.004544e+16 5.7149597e+09 2.0608506e+09 2.9009186e+09 1.2940494e-19 5.4882363e-20 4.2951739e-23
2331256.6 2.0065485e+16 5.7146092e+09 2.059183e+09 2.8969031e+09 1.2897101e-19 5.4745786e-20 4.2723318e-23
2334767.9 2.0085551e+16 5.7142594e+09 2.0575168e+09 2.8928948e+09 1.2853858e-19 5.4609513e-20 4.2496049e-23
2338282.9 2.0105636e+16 5.7139104e+09 2.0558518e+09 2.8888938e+09 1.2810763e-19 5.4473543e-20 4.2269927e-23
2341801.6 2.0125742e+16 5.7135621e+09 2.054188e+09 2.8848999e+09 1.2767816e-19 5.4337875e-20 4.2044947e-23
2345324 2.0145868e+16 5.7132145e+09 2.0525255e+09 2.8809132e+09 1.2725017e-19 5.4202509e-20 4.1821104e-23
2348850.2 2.0166013e+16 5.7128677e+09 2.0508643e+09 2.8769337e+09 1.2682364e-19 5.4067444e-20 4.1598394e-23
2352380.1 2.0186179e+16 5.7125216e+09 2.0492043e+09 2.8729613e+09 1.2639858e-19 5.393268e-20 4.1376811e-23
2355913.8 2.0206366e+16 5.7121763e+09 2.0475455e+09 2.8689961e+09 1.2597497e-19 5.3798216e-20 4.1156351e-23
2359451.2 2.0226572e+16 5.7118317e+09 2.045888e+09 2.865038e+09 1.2555282e-19 5.3664051e-20 4.0937008e-23
2362992.4 2.0246799e+16 5.7114878e+09 2.0442317e+09 2.8610869e+09 1.2513212e-19 5.3530186e-20 4.0718779e-23
2366537.3 2.0267045e+16 5.7111447e+09 2.0425767e+09 2.857143e+09 1.2471286e-19 5.3396619e-20 4.0501657e-23
2370086 2.0287312e+16 5.7108022e+09 2.0409229e+09 2.8532061e+09 1.2429504e-19 5.3263351e-20 4.0285639e-23
2373638.5 2.03076e+16 5.7104605e+09 2.0392704e+09 2.8492763e+09 1.2387865e-19 5.313038e-20 4.0070719e-23
2377194.7 2.0327907e+16 5.7101196e+09 2.0376191e+09 2.8453535e+09 1.2346369e-19 5.2997707e-20 3.9856893e-23
2380754.6 2.0348235e+16 5.7097793e+09 2.0359691e+09 2.8414376e+09 1.2305015e-19 5.286533e-20 3.9644155e-23
2384318.4 2.0368584e+16 5.7094398e+09 2.0343202e+09 2.8375288e+09 1.2263803e-19 5.2733249e-20 3.9432502e-23
2387885.9 2.0388952e+16 5.709101e+09 2.0326727e+09 2.833627e+09 1.2222732e-19 5.2601464e-20 3.9221928e-23
2391457.2 2.0409341e+16 5.7087629e+09 2.0310263e+09 2.8297321e+09 1.2181802e-19 5.2469973e-20 3.9012428e-23
2395032.3 2.042975e+16 5.7084255e+09 2.0293812e+09 2.8258442e+09 1.2141013e-19 5.2338778e-20 3.8803998e-23
2398611.2 2.045018e+16 5.7080889e+09 2.0277373e+09 2.8219632e+09 1.2100363e-19 5.2207876e-20 3.8596633e-23
2402193.9 2.047063e+16 5.7077529e+09 2.0260947e+09 2.8180891e+09 1.2059853e-19 5.2077268e-20 3.8390328e-23
2405780.3 2.0491101e+16 5.7074177e+09 2.0244533e+09 2.8142219e+09 1.2019481e-19 5.1946953e-20 3.8185078e-23
2409370.6 2.0511592e+16 5.7070832e+09 2.0228131e+09 2.8103615e+09 1.1979248e-19 5.1816931e-20 3.7980879e-23
2412964.6 2.0532104e+16 5.7067494e+09 2.0211741e+09 2.8065081e+09 1.1939152e-19 5.1687201e-20 3.7777727e-23
2416562.5 2.0552636e+16 5.7064163e+09 2.0195364e+09 2.8026614e+09 1.1899194e-19 5.1557762e-20 3.7575616e-23
2420164.2 2.0573188e+16 5.7060839e+09 2.0178999e+09 2.7988216e+09 1.1859373e-19 5.1428614e-20 3.7374541e-23
2423769.7 2.0593762e+16 5.7057522e+09 2.0162646e+09 2.7949886e+09 1.1819689e-19 5.1299757e-20 3.7174498e-23
2427379 2.0614355e+16 5.7054212e+09 2.0146306e+09 2.7911624e+09 1.178014e-19 5.117119e-20 3.6975483e-23
2430992.1 2.063497e+16 5.7050909e+09 2.0129977e+09 2.787343e+09 1.1740726e-19 5.1042912e-20 3.6777491e-23
2434609 2.0655605e+16 5.7047613e+09 2.0113661e+09 2.7835303e+09 1.1701448e-19 5.0914923e-20 3.6580516e-23
2438229.8 2.067626e+16 5.7044324e+09 2.0097357e+09 2.7797244e+09 1.1662304e-19 5.0787223e-20 3.6384555e-23
2441854.4 2.0696937e+16 5.7041042e+09 2.0081065e+09 2.7759252e+09 1.1623294e-19 5.065981e-20 3.6189603e-23
2445482.8 2.0717633e+16 5.7037767e+09 2.0064786e+09 2.7721327e+09 1.1584418e-19 5.0532686e-20 3.5995655e-23
2449115.1 2.0738351e+16 5.7034499e+09 2.0048518e+09 2.7683469e+09 1.1545675e-19 5.0405848e-20 3.5802707e-23
2452751.2 2.0759089e+16 5.7031238e+09 2.0032263e+09 2.7645678e+09 1.1507064e-19 5.0279296e-20 3.5610754e-23
2456391.1 2.0779849e+16 5.7027983e+09 2.001602e+09 2.7607954e+09 1.1468586e-19 5.0153031e-20 3.5419791e-23
2460034.9 2.0800628e+16 5.7024736e+09 1.9999789e+09 2.7570296e+09 1.1430239e-19 5.0027051e-20 3.5229814e-23
2463682.6 2.0821429e+16 5.7021495e+09 1.998357e+09 2.7532704e+09 1.1392023e-19 4.9901356e-20 3.5040819e-23
2467334.1 2.084225e+16 5.7018262e+09 1.9967363e+09 2.7495179e+09 1.1353939e-19 4.9775945e-20 3.4852801e-23
2470989.4 2.0863093e+16 5.7015035e+09 1.9951168e+09 2.7457719e+09 1.1315984e-19 4.9650818e-20 3.4665755e-23
2474648.7 2.0883956e+16 5.7011814e+09 1.9934985e+09 2.7420326e+09 1.127816e-19 4.9525975e-20 3.4479677e-23
2478311.8 2.090484e+16 5.7008601e+09 1.9918815e+09 2.7382998e+09 1.1240465e-19 4.9401414e-20 3.4294562e-23
2481978.7 2.0925745e+16 5.7005395e+09 1.9902656e+09 2.7345735e+09 1.1202898e-19 4.9277136e-20 3.4110406e-23
2485649.6 2.094667e+16 5.7002195e+09 1.9886509e+09 2.7308538e+09 1.1165461e-19 4.915314e-20 3.3927205e-23
2489324.3 2.0967617e+16 5.6999002e+09 1.9870375e+09 2.7271406e+09 1.1128151e-19 4.9029425e-20 3.3744954e-23
2493002.9 2.0988585e+16 5.6995816e+09 1.9854252e+09 2.7234339e+09 1.1090969e-19 4.8905991e-20 3.3563649e-23
2496685.3 2.1009573e+16 5.6992636e+09 1.9838142e+09 2.7197338e+09 1.1053914e-19 4.8782838e-20 3.3383285e-23
2500371.7 2.1030583e+16 5.6989463e+09 1.9822043e+09 2.71604e+09 1.1016986e-19 4.8659964e-20 3.3203857e-23
2504062 2.1051613e+16 5.6986297e+09 1.9805956e+09 2.7123528e+09 1.0980184e-19 4.853737e-20 3.3025362e-23
2507756.1 2.1072665e+16 5.6983138e+09 1.9789882e+09 2.708672e+09 1.0943507e-19 4.8415054e-20 3.2847795e-23
2511454.2 2.1093738e+16 5.6979985e+09 1.9773819e+09 2.7049976e+09 1.0906957e-19 4.8293017e-20 3.2671152e-23
2515156.1 2.1114831e+16 5.6976839e+09 1.9757768e+09 2.7013297e+09 1.0870531e-19 4.8171258e-20 3.2495428e-23
2518862 2.1135946e+16 5.6973699e+09 1.974173e+09 2.6976681e+09 1.0834229e-19 4.8049776e-20 3.2320619e-23
2522571.8 2.1157082e+16 5.6970566e+09 1.9725703e+09 2.6940129e+09 1.0798052e-19 4.7928572e-20 3.2146721e-23
2526285.5 2.1178239e+16 5.696744e+09 1.9709688e+09 2.6903641e+09 1.0761998e-19 4.7807643e-20 3.1973729e-23
2530003.1 2.1199417e+16 5.696432e+09 1.9693685e+09 2.6867216e+09 1.0726068e-19 4.768699e-20 3.180164e-23
2533724.6 2.1220617e+16 5.6961207e+09 1.9677693e+09 2.6830855e+09 1.069026e-19 4.7566613e-20 3.1630448e-23
2537450 2.1241837e+16 5.6958101e+09 1.9661714e+09 2.6794557e+09 1.0654575e-19 4.744651e-20 3.146015e-23
2541179.4 2.1263079e+16 5.6955001e+09 1.9645746e+09 2.6758323e+09 1.0619011e-19 4.7326682e-20 3.1290741e-23
2544912.7 2.1284342e+16 5.6951907e+09 1.9629791e+09 2.6722151e+09 1.0583569e-19 4.7207128e-20 3.1122217e-23
2548650 2.1305627e+16 5.694882e+09 1.9613847e+09 2.6686042e+09 1.0548248e-19 4.7087847e-20 3.0954574e-23
2552391.2 2.1326932e+16 5.694574e+09 1.9597915e+09 2.6649995e+09 1.0513048e-19 4.6968839e-20 3.0787807e-23
2556136.3 2.1348259e+16 5.6942666e+09 1.9581995e+09 2.6614011e+09 1.0477968e-19 4.6850103e-20 3.0621913e-23
2559885.4 2.1369608e+16 5.6939598e+09 1.9566086e+09 2.657809e+09 1.0443007e-19 4.673164e-20 3.0456888e-23
2563638.4 2.1390977e+16 5.6936537e+09 1.955019e+09 2.654223e+09 1.0408166e-19 4.6613447e-20 3.0292726e-23
2567395.4 2.1412368e+16 5.6933483e+09 1.9534305e+09 2.6506433e+09 1.0373444e-19 4.6495526e-20 3.0129425e-23
2571156.3 2.1433781e+16 5.6930434e+09 1.9518432e+09 2.6470698e+09 1.033884e-19 4.6377874e-20 2.9966979e-23
2574921.2 2.1455214e+16 5.6927393e+09 1.9502571e+09 2.6435024e+09 1.0304355e-19 4.6260493e-20 2.9805385e-23
2578690.1 2.147667e+16 5.6924357e+09 1.9486721e+09 2.6399412e+09 1.0269987e-19 4.6143381e-20 2.9644639e-23
2582463 2.1498146e+16 5.6921328e+09 1.9470883e+09 2.6363861e+09 1.0235737e-19 4.6026538e-20 2.9484736e-23
2586239.8 2.1519644e+16 5.6918306e+09 1.9455057e+09 2.6328372e+09 1.0201603e-19 4.5909963e-20 2.9325673e-23
2590020.6 2.1541164e+16 5.6915289e+09 1.9439243e+09 2.6292944e+09 1.0167586e-19 4.5793656e-20 2.9167445e-23
2593805.3 2.1562705e+16 5.6912279e+09 1.942344e+09 2.6257577e+09 1.0133685e-19 4.5677617e-20 2.9010049e-23
2597594.1 2.1584268e+16 5.6909276e+09 1.9407649e+09 2.6222271e+09 1.00999e-19 4.5561844e-20 2.8853479e-23
2601386.9 2.1605852e+16 5.6906278e+09 1.939187e+09 2.6187026e+09 1.0066229e-19 4.5446338e-20 2.8697734e-23
2605183.6 2.1627458e+16 5.6903287e+09 1.9376102e+09 2.6151842e+09 1.0032674e-19 4.5331098e-20 2.8542807e-23
2608984.3 2.1649085e+16 5.6900303e+09 1.9360346e+09 2.6116718e+09 9.9992333e-20 4.5216123e-20 2.8388696e-23
2612789.1 2.1670735e+16 5.6897324e+09 1.9344602e+09 2.6081654e+09 9.9659064e-20 4.5101413e-20 2.8235396e-23
2616597.8 2.1692405e+16 5.6894352e+09 1.9328869e+09 2.604665e+09 9.9326933e-20 4.4986967e-20 2.8082904e-23
2620410.6 2.1714098e+16 5.6891386e+09 1.9313148e+09 2.6011707e+09 9.8995934e-20 4.4872786e-20 2.7931215e-23
2624227.3 2.1735812e+16 5.6888426e+09 1.9297439e+09 2.5976823e+09 9.8666063e-20 4.4758867e-20 2.7780325e-23
2628048.1 2.1757548e+16 5.6885473e+09 1.9281741e+09 2.5942e+09 9.8337317e-20 4.4645212e-20 2.7630232e-23
2631872.9 2.1779305e+16 5.6882525e+09 1.9266055e+09 2.5907236e+09 9.8009691e-20 4.4531819e-20 2.748093e-23
2635701.7 2.1801084e+16 5.6879584e+09 1.925038e+09 2.5872531e+09 9.7683183e-20 4.4418688e-20 2.7332415e-23
2639534.6 2.1822886e+16 5.6876649e+09 1.9234717e+09 2.5837886e+09 9.7357787e-20 4.4305819e-20 2.7184685e-23
2643371.5 2.1844708e+16 5.687372e+09 1.9219065e+09 2.58033e+09 9.70335e-20 4.419321e-20 2.7037735e-23
2647212.4 2.1866553e+16 5.6870798e+09 1.9203425e+09 2.5768773e+09 9.6710318e-20 4.4080862e-20 2.6891562e-23
2651057.3 2.188842e+16 5.6867881e+09 1.9187797e+09 2.5734305e+09 9.6388238e-20 4.3968774e-20 2.674616e-23
2654906.3 2.1910308e+16 5.6864971e+09 1.917218e+09 2.5699896e+09 9.6067254e-20 4.3856946e-20 2.6601528e-23
2658759.4 2.1932218e+16 5.6862066e+09 1.9156575e+09 2.5665546e+09 9.5747365e-20 4.3745376e-20 2.645766e-23
2662616.5 2.1954151e+16 5.6859168e+09 1.9140981e+09 2.5631254e+09 9.5428565e-20 4.3634065e-20 2.6314553e-23
2666477.6 2.1976105e+16 5.6856276e+09 1.9125398e+09 2.5597021e+09 9.5110851e-20 4.3523013e-20 2.6172204e-23
2670342.8 2.1998081e+16 5.685339e+09 1.9109827e+09 2.5562846e+09 9.4794219e-20 4.3412217e-20 2.6030608e-23
2674212.1 2.2020079e+16 5.685051e+09 1.9094268e+09 2.5528729e+09 9.4478665e-20 4.3301679e-20 2.5889763e-23
2678085.4 2.2042099e+16 5.6847636e+09 1.907872e+09 2.549467e+09 9.4164186e-20 4.3191397e-20 2.5749663e-23
2681962.8 2.2064141e+16 5.6844768e+09 1.9063183e+09 2.5460669e+09 9.3850778e-20 4.3081371e-20 2.5610306e-23
2685844.3 2.2086205e+16 5.6841906e+09 1.9047658e+09 2.5426726e+09 9.3538437e-20 4.2971601e-20 2.5471687e-23
2689729.8 2.2108291e+16 5.683905e+09 1.9032145e+09 2.5392841e+09 9.3227159e-20 4.2862086e-20 2.5333804e-23
2693619.5 2.21304e+16 5.68362e+09 1.9016643e+09 2.5359012e+09 9.2916941e-20 4.2752826e-20 2.5196652e-23
2697513.2 2.215253e+16 5.6833356e+09 1.9001152e+09 2.5325242e+09 9.2607779e-20 4.264382e-20 2.5060228e-23
2701411 2.2174683e+16 5.6830518e+09 1.8985672e+09 2.5291528e+09 9.2299669e-20 4.2535067e-20 2.4924528e-23
2705312.9 2.2196857e+16 5.6827686e+09 1.8970204e+09 2.5257872e+09 9.1992608e-20 4.2426567e-20 2.4789548e-23
2709218.9 2.2219054e+16 5.6824859e+09 1.8954748e+09 2.5224273e+09 9.1686592e-20 4.2318321e-20 2.4655286e-23
2713129 2.2241273e+16 5.6822039e+09 1.8939302e+09 2.519073e+09 9.1381617e-20 4.2210326e-20 2.4521737e-23
2717043.2 2.2263515e+16 5.6819225e+09 1.8923868e+09 2.5157244e+09 9.107768e-20 4.2102583e-20 2.4388897e-23
2720961.5 2.2285778e+16 5.6816416e+09 1.8908446e+09 2.5123815e+09 9.0774777e-20 4.1995092e-20 2.4256764e-23
2724883.9 2.2308064e+16 5.6813613e+09 1.8893035e+09 2.5090443e+09 9.0472904e-20 4.1887851e-20 2.4125333e-23
2728810.4 2.2330372e+16 5.6810817e+09 1.8877635e+09 2.5057126e+09 9.0172058e-20 4.178086e-20 2.3994602e-23
2732741.1 2.2352702e+16 5.6808026e+09 1.8862246e+09 2.5023866e+09 8.9872235e-20 4.1674119e-20 2.3864566e-23
2736675.9 2.2375055e+16 5.6805241e+09 1.8846869e+09 2.4990662e+09 8.9573432e-20 4.1567628e-20 2.3735223e-23
2740614.8 2.239743e+16 5.6802461e+09 1.8831503e+09 2.4957514e+09 8.9275645e-20 4.1461385e-20 2.3606568e-23
2744557.8 2.2419827e+16 5.6799688e+09 1.8816148e+09 2.4924421e+09 8.8978871e-20 4.1355391e-20 2.3478598e-23
2748505 2.2442247e+16 5.679692e+09 1.8800805e+09 2.4891385e+09 8.8683106e-20 4.1249644e-20 2.335131e-23
2752456.3 2.246469e+16 5.6794158e+09 1.8785473e+09 2.4858404e+09 8.8388347e-20 4.1144145e-20 2.3224701e-23
2756411.8 2.2487154e+16 5.6791402e+09 1.8770152e+09 2.4825478e+09 8.8094589e-20 4.1038893e-20 2.3098766e-23
2760371.4 2.2509641e+16 5.6788652e+09 1.8754842e+09 2.4792608e+09 8.780183e-20 4.0933887e-20 2.2973503e-23
2764335.1 2.2532151e+16 5.6785907e+09 1.8739544e+09 2.4759793e+09 8.7510066e-20 4.0829127e-20 2.2848908e-23
2768303 2.2554683e+16 5.6783168e+09 1.8724257e+09 2.4727032e+09 8.7219294e-20 4.0724613e-20 2.2724977e-23
2772275.1 2.2577238e+16 5.6780435e+09 1.8708981e+09 2.4694327e+09 8.692951e-20 4.0620344e-20 2.2601708e-23
2776251.3 2.2599815e+16 5.6777708e+09 1.8693716e+09 2.4661677e+09 8.6640711e-20 4.0516319e-20 2.2479097e-23
2780231.7 2.2622415e+16 5.6774986e+09 1.8678463e+09 2.4629082e+09 8.6352893e-20 4.0412538e-20 2.2357141e-23
2784216.3 2.2645037e+16 5.677227e+09 1.866322e+09 2.4596541e+09 8.6066052e-20 4.0309001e-20 2.2235836e-23
2788205.1 2.2667682e+16 5.6769559e+09 1.8647989e+09 2.4564054e+09 8.5780187e-20 4.0205707e-20 2.2115179e-23
2792198 2.269035e+16 5.6766855e+09 1.8632769e+09 2.4531622e+09 8.5495292e-20 4.0102655e-20 2.1995167e-23
2796195.1 2.271304e+16 5.6764156e+09 1.861756e+09 2.4499244e+09 8.5211365e-20 3.9999846e-20 2.1875796e-23
2800196.4 2.2735753e+16 5.6761462e+09 1.8602363e+09 2.446692e+09 8.4928403e-20 3.9897278e-20 2.1757063e-23
2804201.9 2.2758489e+16 5.6758774e+09 1.8587176e+09 2.443465e+09 8.4646401e-20 3.9794952e-20 2.1638966e-23
2808211.6 2.2781248e+16 5.6756092e+09 1.8572001e+09 2.4402434e+09 8.4365357e-20 3.9692866e-20 2.15215e-23
2812225.5 2.2804029e+16 5.6753415e+09 1.8556837e+09 2.4370272e+09 8.4085267e-20 3.959102e-20 2.1404663e-23
2816243.6 2.2826833e+16 5.6750744e+09 1.8541684e+09 2.4338163e+09 8.3806129e-20 3.9489414e-20 2.128845e-23
2820265.9 2.284966e+16 5.6748079e+09 1.8526541e+09 2.4306107e+09 8.3527938e-20 3.9388048e-20 2.117286e-23
2824292.4 2.2872509e+16 5.6745419e+09 1.8511411e+09 2.4274106e+09 8.3250691e-20 3.928692e-20 2.1057889e-23
2828323.1 2.2895382e+16 5.6742764e+09 1.8496291e+09 2.4242157e+09 8.2974385e-20 3.9186031e-20 2.0943534e-23
2832358 2.2918277e+16 5.6740116e+09 1.8481182e+09 2.4210261e+09 8.2699018e-20 3.908538e-20 2.0829791e-23
2836397.2 2.2941196e+16 5.6737472e+09 1.8466084e+09 2.4178419e+09 8.2424584e-20 3.8984966e-20 2.0716658e-23
2840440.6 2.2964137e+16 5.6734834e+09 1.8450998e+09 2.4146629e+09 8.2151082e-20 3.8884789e-20 2.0604131e-23
2844488.2 2.2987101e+16 5.6732202e+09 1.8435922e+09 2.4114892e+09 8.1878509e-20 3.8784848e-20 2.0492207e-23
2848540.1 2.3010088e+16 5.6729575e+09 1.8420857e+09 2.4083208e+09 8.160686e-20 3.8685144e-20 2.0380884e-23
2852596.2 2.3033098e+16 5.6726954e+09 1.8405804e+09 2.4051577e+09 8.1336132e-20 3.8585675e-20 2.0270157e-23
2856656.5 2.3056131e+16 5.6724338e+09 1.8390761e+09 2.4019997e+09 8.1066323e-20 3.8486441e-20 2.0160024e-23
2860721.1 2.3079187e+16 5.6721727e+09 1.837573e+09 2.398847e+09 8.0797429e-20 3.8387442e-20 2.0050483e-23
2864790 2.3102267e+16 5.6719122e+09 1.8360709e+09 2.3956996e+09 8.0529448e-20 3.8288677e-20 1.9941529e-23
2868863.1 2.3125369e+16 5.6716523e+09 1.83457e+09 2.3925573e+09 8.0262375e-20 3.8190146e-20 1.983316e-23
2872940.4 2.3148494e+16 5.6713928e+09 1.8330701e+09 2.3894202e+09 7.9996208e-20 3.8091847e-20 1.9725373e-23
2877022 2.3171643e+16 5.671134e+09 1.8315713e+09 2.3862883e+09 7.9730943e-20 3.7993782e-20 1.9618165e-23
2881107.9 2.3194814e+16 5.6708756e+09 1.8300737e+09 2.3831616e+09 7.9466578e-20 3.7895949e-20 1.9511533e-23
2885198.1 2.3218009e+16 5.6706178e+09 1.8285771e+09 2.3800401e+09 7.9203109e-20 3.7798348e-20 1.9405474e-23
2889292.5 2.3241227e+16 5.6703605e+09 1.8270816e+09 2.3769237e+09 7.8940533e-20 3.7700978e-20 1.9299984e-23
2893391.3 2.3264468e+16 5.6701038e+09 1.8255873e+09 2.3738124e+09 7.8678848e-20 3.7603839e-20 1.9195062e-23
2897494.3 2.3287733e+16 5.6698476e+09 1.824094e+09 2.3707063e+09 7.8418049e-20 3.7506931e-20 1.9090704e-23
2901601.6 2.3311021e+16 5.6695919e+09 1.8226018e+09 2.3676053e+09 7.8158134e-20 3.7410252e-20 1.8986906e-23
2905713.1 2.3334332e+16 5.6693368e+09 1.8211107e+09 2.3645094e+09 7.7899101e-20 3.7313803e-20 1.8883668e-23
2909829 2.3357666e+16 5.6690822e+09 1.8196207e+09 2.3614185e+09 7.7640945e-20 3.7217583e-20 1.8780984e-23
2913949.2 2.3381024e+16 5.6688281e+09 1.8181317e+09 2.3583328e+09 7.7383663e-20 3.7121592e-20 1.8678853e-23
2918073.7 2.3404405e+16 5.6685746e+09 1.8166439e+09 2.3552521e+09 7.7127254e-20 3.7025829e-20 1.8577272e-23
2922202.5 2.3427809e+16 5.6683216e+09 1.8151572e+09 2.3521765e+09 7.6871713e-20 3.6930293e-20 1.8476237e-23
2926335.6 2.3451237e+16 5.6680691e+09 1.8136715e+09 2.349106e+09 7.6617037e-20 3.6834985e-20 1.8375746e-23
2930473 2.3474688e+16 5.6678171e+09 1.8121869e+09 2.3460405e+09 7.6363225e-20 3.6739904e-20 1.8275797e-23
2934614.8 2.3498163e+16 5.6675656e+09 1.8107034e+09 2.34298e+09 7.6110272e-20 3.6645049e-20 1.8176385e-23
2938760.9 2.3521661e+16 5.6673147e+09 1.809221e+09 2.3399245e+09 7.5858176e-20 3.6550419e-20 1.807751e-23
2942911.3 2.3545183e+16 5.6670643e+09 1.8077397e+09 2.336874e+09 7.5606933e-20 3.6456015e-20 1.7979166e-23
2947066 2.3568728e+16 5.6668144e+09 1.8062594e+09 2.3338286e+09 7.5356541e-20 3.6361837e-20 1.7881353e-23
2951225.1 2.3592296e+16 5.6665651e+09 1.8047803e+09 2.3307881e+09 7.5106997e-20 3.6267882e-20 1.7784067e-23
2955388.5 2.3615889e+16 5.6663162e+09 1.8033022e+09 2.3277526e+09 7.4858298e-20 3.6174152e-20 1.7687306e-23
2959556.3 2.3639505e+16 5.6660679e+09 1.8018252e+09 2.324722e+09 7.4610441e-20 3.6080645e-20 1.7591066e-23
2963728.4 2.3663144e+16 5.6658201e+09 1.8003492e+09 2.3216964e+09 7.4363422e-20 3.5987361e-20 1.7495345e-23
2967904.9 2.3686807e+16 5.6655728e+09 1.7988744e+09 2.3186757e+09 7.411724e-20 3.58943e-20 1.7400141e-23
2972085.7 2.3710494e+16 5.665326e+09 1.7974006e+09 2.31566e+09 7.3871891e-20 3.5801462e-20 1.730545e-23
2976270.9 2.3734205e+16 5.6650797e+09 1.7959279e+09 2.3126492e+09 7.3627372e-20 3.5708845e-20 1.721127e-23
2980460.5 2.3757939e+16 5.664834e+09 1.7944563e+09 2.3096433e+09 7.3383681e-20 3.5616449e-20 1.7117598e-23
2984654.4 2.3781697e+16 5.6645887e+09 1.7929857e+09 2.3066423e+09 7.3140814e-20 3.5524274e-20 1.7024432e-23
2988852.7 2.3805478e+16 5.664344e+09 1.7915162e+09 2.3036461e+09 7.2898769e-20 3.543232e-20 1.6931769e-23
2993055.4 2.3829284e+16 5.6640997e+09 1.7900478e+09 2.3006549e+09 7.2657543e-20 3.5340586e-20 1.6839606e-23
2997262.5 2.3853113e+16 5.663856e+09 1.7885805e+09 2.2976685e+09 7.2417133e-20 3.5249071e-20 1.6747941e-23
3001473.9 2.3876966e+16 5.6636128e+09 1.7871142e+09 2.294687e+09 7.2177536e-20 3.5157775e-20 1.665677e-23
3005689.8 2.3900843e+16 5.6633701e+09 1.785649e+09 2.2917103e+09 7.1938749e-20 3.5066698e-20 1.6566093e-23
3009910 2.3924744e+16 5.6631279e+09 1.7841849e+09 2.2887384e+09 7.170077e-20 3.497584e-20 1.6475905e-23
3014134.7 2.3948669e+16 5.6628861e+09 1.7827218e+09 2.2857714e+09 7.1463596e-20 3.4885198e-20 1.6386205e-23
3018363.8 2.3972618e+16 5.6626449e+09 1.7812598e+09 2.2828092e+09 7.1227224e-20 3.4794775e-20 1.6296989e-23
3022597.2 2.399659e+16 5.6624042e+09 1.7797989e+09 2.2798518e+09 7.0991651e-20 3.4704568e-20 1.6208256e-23
3026835.1 2.4020587e+16 5.662164e+09 1.778339e+09 2.2768992e+09 7.0756874e-20 3.4614577e-20 1.6120002e-23
3031077.4 2.4044607e+16 5.6619243e+09 1.7768802e+09 2.2739513e+09 7.0522891e-20 3.4524803e-20 1.6032226e-23
3035324.1 2.4068652e+16 5.6616851e+09 1.7754225e+09 2.2710082e+09 7.0289699e-20 3.4435243e-20 1.5944924e-23
3039575.3 2.4092721e+16 5.6614463e+09 1.7739658e+09 2.2680699e+09 7.0057295e-20 3.4345899e-20 1.5858094e-23
3043830.8 2.4116813e+16 5.6612081e+09 1.7725102e+09 2.2651364e+09 6.9825676e-20 3.425677e-20 1.5771734e-23
3048090.8 2.414093e+16 5.6609704e+09 1.7710556e+09 2.2622076e+09 6.959484e-20 3.4167855e-20 1.5685842e-23
3052355.3 2.4165071e+16 5.6607331e+09 1.7696021e+09 2.2592835e+09 6.9364785e-20 3.4079154e-20 1.5600414e-23
3056624.2 2.4189236e+16 5.6604964e+09 1.7681497e+09 2.2563641e+09 6.9135506e-20 3.3990666e-20 1.5515448e-23
3060897.5 2.4213425e+16 5.6602601e+09 1.7666983e+09 2.2534495e+09 6.8907002e-20 3.390239e-20 1.5430943e-23
3065175.3 2.4237639e+16 5.6600243e+09 1.765248e+09 2.2505395e+09 6.867927e-20 3.3814328e-20 1.5346894e-23
3069457.6 2.4261876e+16 5.6597891e+09 1.7637987e+09 2.2476342e+09 6.8452308e-20 3.3726477e-20 1.5263301e-23
3073744.3 2.4286138e+16 5.6595543e+09 1.7623505e+09 2.2447337e+09 6.8226112e-20 3.3638837e-20 1.5180161e-23
3078035.5 2.4310424e+16 5.6593199e+09 1.7609034e+09 2.2418377e+09 6.800068e-20 3.3551409e-20 1.5097471e-23
3082331.1 2.4334735e+16 5.6590861e+09 1.7594573e+09 2.2389465e+09 6.7776009e-20 3.3464192e-20 1.5015228e-23
3086631.2 2.435907e+16 5.6588528e+09 1.7580122e+09 2.2360599e+09 6.7552097e-20 3.3377185e-20 1.4933431e-23
3090935.8 2.4383429e+16 5.6586199e+09 1.7565682e+09 2.2331779e+09 6.7328941e-20 3.3290387e-20 1.4852078e-23
3095244.9 2.4407812e+16 5.6583875e+09 1.7551253e+09 2.2303006e+09 6.7106539e-20 3.3203799e-20 1.4771165e-23
3099558.5 2.443222e+16 5.6581556e+09 1.7536834e+09 2.2274279e+09 6.6884887e-20 3.311742e-20 1.4690691e-23
3103876.5 2.4456652e+16 5.6579242e+09 1.7522426e+09 2.2245598e+09 6.6663983e-20 3.303125e-20 1.4610653e-23
3108199.1 2.4481109e+16 5.6576933e+09 1.7508028e+09 2.2216963e+09 6.6443826e-20 3.2945287e-20 1.4531048e-23
3112526.1 2.450559e+16 5.6574628e+09 1.749364e+09 2.2188374e+09 6.6224411e-20 3.2859532e-20 1.4451876e-23
3116857.7 2.4530096e+16 5.6572328e+09 1.7479263e+09 2.215983e+09 6.6005737e-20 3.2773985e-20 1.4373132e-23
3121193.7 2.4554626e+16 5.6570033e+09 1.7464897e+09 2.2131333e+09 6.5787801e-20 3.2688644e-20 1.4294816e-23
3125534.3 2.457918e+16 5.6567743e+09 1.7450541e+09 2.2102881e+09 6.55706e-20 3.2603509e-20 1.4216924e-23
3129879.4 2.4603759e+16 5.6565457e+09 1.7436195e+09 2.2074474e+09 6.5354132e-20 3.2518581e-20 1.4139455e-23
3134229 2.4628363e+16 5.6563176e+09 1.742186e+09 2.2046113e+09 6.5138394e-20 3.2433858e-20 1.4062406e-23
3138583.1 2.4652992e+16 5.65609e+09 1.7407535e+09 2.2017797e+09 6.4923384e-20 3.2349339e-20 1.3985775e-23
3142941.8 2.4677645e+16 5.6558629e+09 1.7393221e+09 2.1989527e+09 6.47091e-20 3.2265026e-20 1.390956e-23
3147305 2.4702322e+16 5.6556362e+09 1.7378917e+09 2.1961302e+09 6.4495538e-20 3.2180917e-20 1.3833759e-23
3151672.7 2.4727024e+16 5.65541e+09 1.7364623e+09 2.1933121e+09 6.4282696e-20 3.2097011e-20 1.3758369e-23
3156045 2.4751752e+16 5.6551842e+09 1.735034e+09 2.1904986e+09 6.4070573e-20 3.2013309e-20 1.3683388e-23
3160421.8 2.4776503e+16 5.6549589e+09 1.7336068e+09 2.1876895e+09 6.3859164e-20 3.192981e-20 1.3608815e-23
3164803.2 2.480128e+16 5.6547341e+09 1.7321805e+09 2.184885e+09 6.3648469e-20 3.1846513e-20 1.3534646e-23
3169189.1 2.4826081e+16 5.6545098e+09 1.7307553e+09 2.1820848e+09 6.3438484e-20 3.1763418e-20 1.346088e-23
3173579.6 2.4850907e+16 5.6542859e+09 1.7293312e+09 2.1792892e+09 6.3229206e-20 3.1680525e-20 1.3387514e-23
3177974.7 2.4875758e+16 5.6540625e+09 1.727908e+09 2.176498e+09 6.3020635e-20 3.1597833e-20 1.3314547e-23
3182374.3 2.4900634e+16 5.6538395e+09 1.726486e+09 2.1737112e+09 6.2812766e-20 3.1515342e-20 1.3241977e-23
3186778.5 2.4925534e+16 5.653617e+09 1.7250649e+09 2.1709289e+09 6.2605598e-20 3.1433052e-20 1.31698e-23
3191187.3 2.495046e+16 5.653395e+09 1.7236449e+09 2.168151e+09 6.2399128e-20 3.1350961e-20 1.3098016e-23
3195600.6 2.497541e+16 5.6531734e+09 1.7222259e+09 2.1653774e+09 6.2193354e-20 3.1269069e-20 1.3026622e-23
3200018.6 2.5000386e+16 5.6529523e+09 1.7208079e+09 2.1626083e+09 6.1988273e-20 3.1187377e-20 1.2955615e-23
3204441.1 2.5025386e+16 5.6527316e+09 1.719391e+09 2.1598436e+09 6.1783884e-20 3.1105884e-20 1.2884995e-23
3208868.3 2.5050412e+16 5.6525114e+09 1.7179751e+09 2.1570833e+09 6.1580183e-20 3.1024589e-20 1.2814758e-23
3213300 2.5075462e+16 5.6522916e+09 1.7165603e+09 2.1543273e+09 6.1377168e-20 3.0943491e-20 1.2744903e-23
3217736.3 2.5100537e+16 5.6520723e+09 1.7151464e+09 2.1515757e+09 6.1174837e-20 3.0862591e-20 1.2675428e-23
3222177.3 2.5125638e+16 5.6518535e+09 1.7137336e+09 2.1488285e+09 6.0973187e-20 3.0781888e-20 1.2606331e-23
3226622.8 2.5150764e+16 5.651635e+09 1.7123218e+09 2.1460855e+09 6.0772217e-20 3.0701382e-20 1.2537609e-23
3231073 2.5175914e+16 5.6514171e+09 1.7109111e+09 2.143347e+09 6.0571924e-20 3.0621072e-20 1.2469262e-23
3235527.8 2.520109e+16 5.6511996e+09 1.7095013e+09 2.1406127e+09 6.0372305e-20 3.0540957e-20 1.2401285e-23
3239987.2 2.5226291e+16 5.6509825e+09 1.7080926e+09 2.1378828e+09 6.0173358e-20 3.0461038e-20 1.2333679e-23
3244451.3 2.5251518e+16 5.6507659e+09 1.706685e+09 2.1351572e+09 5.9975081e-20 3.0381314e-20 1.226644e-23
3248920 2.5276769e+16 5.6505498e+09 1.7052783e+09 2.1324359e+09 5.9777472e-20 3.0301784e-20 1.2199567e-23
3253393.3 2.5302046e+16 5.650334e+09 1.7038727e+09 2.1297189e+09 5.9580527e-20 3.0222449e-20 1.2133058e-23
3257871.3 2.5327348e+16 5.6501188e+09 1.7024681e+09 2.1270061e+09 5.9384246e-20 3.0143307e-20 1.2066911e-23
3262353.9 2.5352675e+16 5.6499039e+09 1.7010645e+09 2.1242977e+09 5.9188626e-20 3.0064358e-20 1.2001124e-23
3266841.2 2.5378028e+16 5.6496896e+09 1.6996619e+09 2.1215935e+09 5.8993663e-20 2.9985602e-20 1.1935694e-23
3271333.1 2.5403406e+16 5.6494756e+09 1.6982603e+09 2.1188935e+09 5.8799357e-20 2.9907039e-20 1.1870621e-23
3275829.7 2.542881e+16 5.6492621e+09 1.6968598e+09 2.1161978e+09 5.8605705e-20 2.9828668e-20 1.1805902e-23
3280331 2.5454238e+16 5.649049e+09 1.6954603e+09 2.1135064e+09 5.8412704e-20 2.9750488e-20 1.1741536e-23
3284836.9 2.5479693e+16 5.6488364e+09 1.6940618e+09 2.1108191e+09 5.8220353e-20 2.9672499e-20 1.1677519e-23
3289347.5 2.5505172e+16 5.6486242e+09 1.6926643e+09 2.1081361e+09 5.8028649e-20 2.9594702e-20 1.1613852e-23
3293862.8 2.5530677e+16 5.6484125e+09 1.6912678e+09 2.1054573e+09 5.7837589e-20 2.9517094e-20 1.155053e-23
3298382.8 2.5556208e+16 5.6482012e+09 1.6898724e+09 2.1027827e+09 5.7647173e-20 2.9439677e-20 1.1487554e-23
3302907.4 2.5581764e+16 5.6479903e+09 1.688478e+09 2.1001123e+09 5.7457397e-20 2.9362449e-20 1.1424921e-23
3307436.8 2.5607346e+16 5.6477798e+09 1.6870845e+09 2.0974461e+09 5.7268259e-20 2.9285411e-20 1.1362629e-23
3311970.8 2.5632953e+16 5.6475698e+09 1.6856921e+09 2.0947841e+09 5.7079757e-20 2.9208561e-20 1.1300676e-23
3316509.6 2.5658586e+16 5.6473602e+09 1.6843007e+09 2.0921262e+09 5.6891889e-20 2.9131899e-20 1.123906e-23
3321053.1 2.5684245e+16 5.6471511e+09 1.6829103e+09 2.0894725e+09 5.6704652e-20 2.9055426e-20 1.117778e-23
3325601.2 2.5709929e+16 5.6469424e+09 1.681521e+09 2.0868229e+09 5.6518045e-20 2.897914e-20 1.1116834e-23
3330154.1 2.5735639e+16 5.6467341e+09 1.6801326e+09 2.0841775e+09 5.6332066e-20 2.8903041e-20 1.105622e-23
3334711.7 2.5761375e+16 5.6465262e+09 1.6787452e+09 2.0815362e+09 5.6146711e-20 2.8827129e-20 1.0995937e-23
3339274.1 2.5787136e+16 5.6463188e+09 1.6773589e+09 2.0788991e+09 5.596198e-20 2.8751403e-20 1.0935981e-23
3343841.2 2.5812923e+16 5.6461118e+09 1.6759735e+09 2.076266e+09 5.5777869e-20 2.8675864e-20 1.0876353e-23
3348413 2.5838736e+16 5.6459052e+09 1.6745892e+09 2.0736371e+09 5.5594377e-20 2.8600509e-20 1.081705e-23
3352989.5 2.5864575e+16 5.645699e+09 1.6732059e+09 2.0710123e+09 5.5411502e-20 2.852534e-20 1.0758069e-23
3357570.8 2.589044e+16 5.6454933e+09 1.6718235e+09 2.0683915e+09 5.5229242e-20 2.8450356e-20 1.069941e-23
3362156.8 2.591633e+16 5.645288e+09 1.6704422e+09 2.0657749e+09 5.5047593e-20 2.8375556e-20 1.0641071e-23
3366747.6 2.5942246e+16 5.6450831e+09 1.6690619e+09 2.0631623e+09 5.4866555e-20 2.830094e-20 1.058305e-23
3371343.2 2.5968189e+16 5.6448787e+09 1.6676826e+09 2.0605538e+09 5.4686125e-20 2.8226507e-20 1.0525346e-23
3375943.5 2.5994157e+16 5.6446746e+09 1.6663043e+09 2.0579493e+09 5.4506301e-20 2.8152258e-20 1.0467956e-23
3380548.5 2.6020151e+16 5.644471e+09 1.6649269e+09 2.0553489e+09 5.4327082e-20 2.8078191e-20 1.0410879e-23
3385158.4 2.6046171e+16 5.6442678e+09 1.6635506e+09 2.0527525e+09 5.4148464e-20 2.8004307e-20 1.0354113e-23
3389773 2.6072217e+16 5.644065e+09 1.6621753e+09 2.0501602e+09 5.3970446e-20 2.7930604e-20 1.0297656e-23
3394392.4 2.6098289e+16 5.6438626e+09 1.660801e+09 2.0475719e+09 5.3793025e-20 2.7857084e-20 1.0241508e-23
3399016.6 2.6124388e+16 5.6436606e+09 1.6594277e+09 2.0449876e+09 5.3616201e-20 2.7783744e-20 1.0185666e-23
3403645.6 2.6150512e+16 5.6434591e+09 1.6580554e+09 2.0424073e+09 5.343997e-20 2.7710585e-20 1.0130128e-23
3408279.4 2.6176663e+16 5.643258e+09 1.656684e+09 2.039831e+09 5.3264331e-20 2.7637607e-20 1.0074893e-23
3412917.9 2.6202839e+16 5.6430573e+09 1.6553137e+09 2.0372588e+09 5.3089281e-20 2.7564808e-20 1.001996e-23
3417561.3 2.6229042e+16 5.642857e+09 1.6539444e+09 2.0346904e+09 5.2914819e-20 2.7492189e-20 9.9653264e-24
3422209.5 2.6255271e+16 5.6426571e+09 1.6525761e+09 2.0321261e+09 5.2740943e-20 2.741975e-20 9.9109907e-24
3426862.5 2.6281526e+16 5.6424576e+09 1.6512087e+09 2.0295658e+09 5.256765e-20 2.7347489e-20 9.8569516e-24
3431520.3 2.6307808e+16 5.6422585e+09 1.6498424e+09 2.0270094e+09 5.2394938e-20 2.7275406e-20 9.8032072e-24
3436183 2.6334116e+16 5.6420598e+09 1.648477e+09 2.0244569e+09 5.2222806e-20 2.7203502e-20 9.7497562e-24
3440850.4 2.636045e+16 5.6418616e+09 1.6471127e+09 2.0219084e+09 5.2051252e-20 2.7131775e-20 9.6965968e-24
3445522.7 2.638681e+16 5.6416637e+09 1.6457493e+09 2.0193638e+09 5.1880273e-20 2.7060226e-20 9.6437276e-24
3450199.8 2.6413197e+16 5.6414663e+09 1.6443869e+09 2.0168232e+09 5.1709868e-20 2.6988853e-20 9.5911468e-24
3454881.8 2.643961e+16 5.6412693e+09 1.6430255e+09 2.0142865e+09 5.1540035e-20 2.6917657e-20 9.5388531e-24
3459568.6 2.646605e+16 5.6410726e+09 1.6416651e+09 2.0117536e+09 5.1370771e-20 2.6846637e-20 9.4868447e-24
3464260.3 2.6492516e+16 5.6408764e+09 1.6403057e+09 2.0092247e+09 5.1202075e-20 2.6775792e-20 9.4351203e-24
3468956.8 2.6519008e+16 5.6406806e+09 1.6389473e+09 2.0066997e+09 5.1033944e-20 2.6705123e-20 9.3836782e-24
3473658.2 2.6545528e+16 5.6404851e+09 1.6375898e+09 2.0041786e+09 5.0866378e-20 2.6634629e-20 9.332517e-24
3478364.5 2.6572073e+16 5.6402901e+09 1.6362334e+09 2.0016614e+09 5.0699373e-20 2.656431e-20 9.281635e-24
3483075.6 2.6598645e+16 5.6400955e+09 1.6348779e+09 1.999148e+09 5.0532928e-20 2.6494164e-20 9.2310308e-24
3487791.6 2.6625244e+16 5.6399013e+09 1.6335234e+09 1.9966385e+09 5.0367042e-20 2.6424193e-20 9.180703e-24
3492512.4 2.6651869e+16 5.6397074e+09 1.63217e+09 1.9941328e+09 5.0201711e-20 2.6354395e-20 9.1306499e-24
3497238.2 2.6678521e+16 5.639514e+09 1.6308174e+09 1.991631e+09 5.0036935e-20 2.628477e-20 9.0808701e-24
3501968.8 2.6705199e+16 5.639321e+09 1.6294659e+09 1.9891331e+09 4.9872711e-20 2.6215317e-20 9.0313622e-24
3506704.4 2.6731905e+16 5.6391283e+09 1.6281154e+09 1.9866389e+09 4.9709037e-20 2.6146037e-20 8.9821246e-24
3511444.8 2.6758636e+16 5.6389361e+09 1.6267658e+09 1.9841486e+09 4.9545912e-20 2.6076929e-20 8.9331559e-24
3516190.1 2.6785395e+16 5.6387442e+09 1.6254172e+09 1.9816622e+09 4.9383333e-20 2.6007992e-20 8.8844547e-24
3520940.4 2.6812181e+16 5.6385528e+09 1.6240696e+09 1.9791795e+09 4.92213e-20 2.5939226e-20 8.8360194e-24
3525695.5 2.6838993e+16 5.6383617e+09 1.622723e+09 1.9767006e+09 4.9059809e-20 2.5870631e-20 8.7878487e-24
3530455.6 2.6865832e+16 5.638171e+09 1.6213773e+09 1.9742255e+09 4.8898859e-20 2.5802207e-20 8.7399411e-24
3535220.6 2.6892698e+16 5.6379808e+09 1.6200326e+09 1.9717543e+09 4.8738448e-20 2.5733952e-20 8.6922952e-24
3539990.5 2.691959e+16 5.6377909e+09 1.618689e+09 1.9692868e+09 4.8578575e-20 2.5665867e-20 8.6449096e-24
3544765.4 2.694651e+16 5.6376014e+09 1.6173462e+09 1.966823e+09 4.8419237e-20 2.5597951e-20 8.5977828e-24
3549545.1 2.6973456e+16 5.6374123e+09 1.6160045e+09 1.9643631e+09 4.8260433e-20 2.5530205e-20 8.5509135e-24
3554329.9 2.700043e+16 5.6372235e+09 1.6146637e+09 1.9619068e+09 4.810216e-20 2.5462626e-20 8.5043002e-24
3559119.5 2.702743e+16 5.6370352e+09 1.6133239e+09 1.9594544e+09 4.7944418e-20 2.5395216e-20 8.4579417e-24
3563914.2 2.7054458e+16 5.6368472e+09 1.6119851e+09 1.9570057e+09 4.7787204e-20 2.5327974e-20 8.4118364e-24
3568713.7 2.7081512e+16 5.6366597e+09 1.6106473e+09 1.9545607e+09 4.7630516e-20 2.5260899e-20 8.365983e-24
3573518.3 2.7108594e+16 5.6364725e+09 1.6093104e+09 1.9521194e+09 4.7474353e-20 2.5193991e-20 8.3203802e-24
3578327.8 2.7135702e+16 5.6362857e+09 1.6079745e+09 1.9496819e+09 4.7318712e-20 2.5127249e-20 8.2750265e-24
3583142.2 2.7162838e+16 5.6360992e+09 1.6066396e+09 1.9472481e+09 4.7163593e-20 2.5060674e-20 8.2299207e-24
3587961.7 2.7190001e+16 5.6359132e+09 1.6053056e+09 1.944818e+09 4.7008993e-20 2.4994265e-20 8.1850614e-24
3592786.1 2.7217191e+16 5.6357276e+09 1.6039726e+09 1.9423915e+09 4.685491e-20 2.4928021e-20 8.1404472e-24
3597615.5 2.7244408e+16 5.6355423e+09 1.6026406e+09 1.9399688e+09 4.6701342e-20 2.4861943e-20 8.0960769e-24
3602449.9 2.7271652e+16 5.6353574e+09 1.6013095e+09 1.9375498e+09 4.6548289e-20 2.4796029e-20 8.0519491e-24
3607289.3 2.7298924e+16 5.6351729e+09 1.5999794e+09 1.9351344e+09 4.6395748e-20 2.473028e-20 8.0080624e-24
3612133.6 2.7326223e+16 5.6349887e+09 1.5986503e+09 1.9327227e+09 4.6243717e-20 2.4664694e-20 7.9644156e-24
3616983 2.7353549e+16 5.6348049e+09 1.5973222e+09 1.9303146e+09 4.6092195e-20 2.4599273e-20 7.9210074e-24
3621837.4 2.7380903e+16 5.6346216e+09 1.595995e+09 1.9279103e+09 4.5941179e-20 2.4534015e-20 7.8778364e-24
3626696.8 2.7408284e+16 5.6344385e+09 1.5946688e+09 1.9255095e+09 4.5790669e-20 2.446892e-20 7.8349015e-24
3631561.2 2.7435692e+16 5.6342559e+09 1.5933435e+09 1.9231124e+09 4.5640662e-20 2.4403987e-20 7.7922012e-24
3636430.7 2.7463128e+16 5.6340736e+09 1.5920192e+09 1.920719e+09 4.5491157e-20 2.4339217e-20 7.7497344e-24
3641305.1 2.7490591e+16 5.6338917e+09 1.5906959e+09 1.9183291e+09 4.5342152e-20 2.4274608e-20 7.7074997e-24
3646184.7 2.7518081e+16 5.6337102e+09 1.5893735e+09 1.9159429e+09 4.5193645e-20 2.4210161e-20 7.6654959e-24
3651069.2 2.7545599e+16 5.6335291e+09 1.5880521e+09 1.9135603e+09 4.5045635e-20 2.4145875e-20 7.6237217e-24
3655958.8 2.7573145e+16 5.6333483e+09 1.5867317e+09 1.9111813e+09 4.4898119e-20 2.408175e-20 7.5821759e-24
3660853.4 2.7600718e+16 5.6331679e+09 1.5854122e+09 1.9088058e+09 4.4751097e-20 2.4017786e-20 7.5408573e-24
3665753.1 2.7628319e+16 5.6329878e+09 1.5840936e+09 1.906434e+09 4.4604566e-20 2.3953981e-20 7.4997645e-24
3670657.8 2.7655947e+16 5.6328082e+09 1.5827761e+09 1.9040658e+09 4.4458525e-20 2.3890336e-20 7.4588965e-24
3675567.6 2.7683603e+16 5.6326288e+09 1.5814595e+09 1.9017011e+09 4.4312972e-20 2.3826851e-20 7.4182519e-24
3680482.5 2.7711287e+16 5.6324499e+09 1.5801438e+09 1.89934e+09 4.4167905e-20 2.3763524e-20 7.3778296e-24
3685402.4 2.7738998e+16 5.6322713e+09 1.5788291e+09 1.8969825e+09 4.4023324e-20 2.3700356e-20 7.3376282e-24
3690327.4 2.7766737e+16 5.6320931e+09 1.5775154e+09 1.8946285e+09 4.3879225e-20 2.3637347e-20 7.2976467e-24
3695257.5 2.7794504e+16 5.6319153e+09 1.5762026e+09 1.8922781e+09 4.3735608e-20 2.3574495e-20 7.2578839e-24
3700192.7 2.7822298e+16 5.6317378e+09 1.5748908e+09 1.8899312e+09 4.3592471e-20 2.3511801e-20 7.2183385e-24
3705133 2.7850121e+16 5.6315607e+09 1.5735799e+09 1.8875878e+09 4.3449812e-20 2.3449265e-20 7.1790093e-24
3710078.3 2.7877971e+16 5.6313839e+09 1.57227e+09 1.885248e+09 4.3307629e-20 2.3386885e-20 7.1398952e-24
3715028.8 2.7905849e+16 5.6312075e+09 1.570961e+09 1.8829116e+09 4.3165922e-20 2.3324661e-20 7.100995e-24
3719984.4 2.7933754e+16 5.6310315e+09 1.569653e+09 1.8805788e+09 4.3024687e-20 2.3262594e-20 7.0623076e-24
3724945 2.7961688e+16 5.6308558e+09 1.5683459e+09 1.8782495e+09 4.2883925e-20 2.3200682e-20 7.0238317e-24
3729910.8 2.798965e+16 5.6306805e+09 1.5670398e+09 1.8759237e+09 4.2743632e-20 2.3138926e-20 6.9855663e-24
3734881.8 2.801764e+16 5.6305055e+09 1.5657346e+09 1.8736014e+09 4.2603808e-20 2.3077325e-20 6.9475102e-24
3739857.8 2.8045657e+16 5.6303309e+09 1.5644304e+09 1.8712826e+09 4.2464451e-20 2.3015879e-20 6.9096622e-24
3744839 2.8073703e+16 5.6301567e+09 1.5631272e+09 1.8689673e+09 4.2325559e-20 2.2954588e-20 6.8720212e-24
3749825.3 2.8101777e+16 5.6299828e+09 1.5618248e+09 1.8666554e+09 4.2187131e-20 2.289345e-20 6.834586e-24
3754816.7 2.8129878e+16 5.6298092e+09 1.5605235e+09 1.864347e+09 4.2049165e-20 2.2832466e-20 6.7973557e-24
3759813.3 2.8158008e+16 5.6296361e+09 1.5592231e+09 1.862042e+09 4.1911659e-20 2.2771635e-20 6.760329e-24
3764815.1 2.8186166e+16 5.6294632e+09 1.5579236e+09 1.8597406e+09 4.1774612e-20 2.2710958e-20 6.7235048e-24
3769822 2.8214352e+16 5.6292908e+09 1.556625e+09 1.8574425e+09 4.1638023e-20 2.2650433e-20 6.686882e-24
3774834 2.8242567e+16 5.6291186e+09 1.5553275e+09 1.8551479e+09 4.1501889e-20 2.259006e-20 6.6504596e-24
3779851.3 2.8270809e+16 5.6289469e+09 1.5540308e+09 1.8528567e+09 4.136621e-20 2.252984e-20 6.6142364e-24
3784873.7 2.829908e+16 5.6287754e+09 1.5527351e+09 1.8505689e+09 4.1230984e-20 2.2469771e-20 6.5782113e-24
3789901.2 2.8327379e+16 5.6286044e+09 1.5514404e+09 1.8482846e+09 4.1096208e-20 2.2409853e-20 6.5423833e-24
3794934 2.8355707e+16 5.6284336e+09 1.5501466e+09 1.8460037e+09 4.0961883e-20 2.2350086e-20 6.5067514e-24
3799971.9 2.8384062e+16 5.6282633e+09 1.5488537e+09 1.8437261e+09 4.0828005e-20 2.229047e-20 6.4713143e-24
3805015.1 2.8412446e+16 5.6280932e+09 1.5475618e+09 1.841452e+09 4.0694574e-20 2.2231004e-20 6.4360711e-24
3810063.4 2.8440859e+16 5.6279236e+09 1.5462708e+09 1.8391813e+09 4.0561588e-20 2.2171688e-20 6.4010206e-24
3815116.9 2.84693e+16 5.6277542e+09 1.5449807e+09 1.8369139e+09 4.0429045e-20 2.2112521e-20 6.366162e-24
3820175.6 2.8497769e+16 5.6275852e+09 1.5436916e+09 1.83465e+09 4.0296945e-20 2.2053504e-20 6.331494e-24
3825239.6 2.8526267e+16 5.6274166e+09 1.5424035e+09 1.8323894e+09 4.0165285e-20 2.1994636e-20 6.2970157e-24
3830308.7 2.8554793e+16 5.6272483e+09 1.5411162e+09 1.8301321e+09 4.0034064e-20 2.1935916e-20 6.262726e-24
3835383.1 2.8583348e+16 5.6270803e+09 1.53983e+09 1.8278782e+09 3.990328e-20 2.1877345e-20 6.2286239e-24
3840462.7 2.8611931e+16 5.6269127e+09 1.5385446e+09 1.8256277e+09 3.9772933e-20 2.1818921e-20 6.1947084e-24
3845547.6 2.8640543e+16 5.6267454e+09 1.5372602e+09 1.8233805e+09 3.964302e-20 2.1760645e-20 6.1609785e-24
3850637.6 2.8669184e+16 5.6265785e+09 1.5359767e+09 1.8211367e+09 3.951354e-20 2.1702516e-20 6.127433e-24
3855733 2.8697853e+16 5.6264119e+09 1.5346942e+09 1.8188962e+09 3.9384492e-20 2.1644534e-20 6.0940711e-24
3860833.5 2.8726551e+16 5.6262457e+09 1.5334125e+09 1.816659e+09 3.9255873e-20 2.1586698e-20 6.0608917e-24
3865939.3 2.8755277e+16 5.6260797e+09 1.5321319e+09 1.8144252e+09 3.9127684e-20 2.1529009e-20 6.0278939e-24
3871050.4 2.8784032e+16 5.6259142e+09 1.5308521e+09 1.8121946e+09 3.8999921e-20 2.1471466e-20 5.9950766e-24
3876166.7 2.8812816e+16 5.6257489e+09 1.5295733e+09 1.8099674e+09 3.8872584e-20 2.1414068e-20 5.9624388e-24
3881288.3 2.8841629e+16 5.625584e+09 1.5282954e+09 1.8077434e+09 3.8745672e-20 2.1356815e-20 5.9299797e-24
3886415.2 2.8870471e+16 5.6254195e+09 1.5270185e+09 1.8055228e+09 3.8619182e-20 2.1299707e-20 5.8976981e-24
3891547.3 2.8899341e+16 5.6252552e+09 1.5257425e+09 1.8033054e+09 3.8493114e-20 2.1242744e-20 5.8655931e-24
3896684.8 2.8928241e+16 5.6250913e+09 1.5244674e+09 1.8010914e+09 3.8367465e-20 2.1185925e-20 5.8336638e-24
3901827.5 2.8957169e+16 5.6249278e+09 1.5231932e+09 1.7988806e+09 3.8242235e-20 2.1129249e-20 5.8019092e-24
3906975.5 2.8986126e+16 5.6247645e+09 1.52192e+09 1.796673e+09 3.8117422e-20 2.1072718e-20 5.7703283e-24
3912128.8 2.9015112e+16 5.6246016e+09 1.5206477e+09 1.7944688e+09 3.7993025e-20 2.1016329e-20 5.7389202e-24
3917287.4 2.9044127e+16 5.6244391e+09 1.5193763e+09 1.7922678e+09 3.7869042e-20 2.0960084e-20 5.707684e-24
3922451.3 2.9073172e+16 5.6242768e+09 1.5181059e+09 1.79007e+09 3.7745472e-20 2.0903981e-20 5.6766187e-24
3927620.5 2.9102245e+16 5.6241149e+09 1.5168363e+09 1.7878755e+09 3.7622313e-20 2.084802e-20 5.6457234e-24
3932795.1 2.9131347e+16 5.6239534e+09 1.5155677e+09 1.7856842e+09 3.7499565e-20 2.0792201e-20 5.6149971e-24
3937975 2.9160478e+16 5.6237921e+09 1.5143001e+09 1.7834962e+09 3.7377225e-20 2.0736523e-20 5.5844389e-24
3943160.2 2.9189639e+16 5.6236312e+09 1.5130333e+09 1.7813114e+09 3.7255292e-20 2.0680987e-20 5.5540479e-24
3948350.7 2.9218828e+16 5.6234706e+09 1.5117675e+09 1.7791298e+09 3.7133765e-20 2.0625592e-20 5.5238232e-24
3953546.6 2.9248047e+16 5.6233103e+09 1.5105026e+09 1.7769514e+09 3.7012642e-20 2.0570338e-20 5.4937639e-24
3958747.8 2.9277295e+16 5.6231504e+09 1.5092386e+09 1.7747762e+09 3.6891923e-20 2.0515223e-20 5.4638691e-24
3963954.3 2.9306573e+16 5.6229908e+09 1.5079756e+09 1.7726042e+09 3.6771605e-20 2.0460249e-20 5.4341378e-24
3969166.3 2.9335879e+16 5.6228315e+09 1.5067134e+09 1.7704354e+09 3.6651688e-20 2.0405414e-20 5.4045692e-24
3974383.5 2.9365215e+16 5.6226725e+09 1.5054522e+09 1.7682699e+09 3.6532169e-20 2.0350719e-20 5.3751624e-24
3979606.2 2.939458e+16 5.6225139e+09 1.5041919e+09 1.7661074e+09 3.6413048e-20 2.0296162e-20 5.3459165e-24
3984834.2 2.9423975e+16 5.6223556e+09 1.5029326e+09 1.7639482e+09 3.6294324e-20 2.0241744e-20 5.3168306e-24
3990067.6 2.9453399e+16 5.6221976e+09 1.5016741e+09 1.7617922e+09 3.6175994e-20 2.0187465e-20 5.2879039e-24
3995306.4 2.9482852e+16 5.6220399e+09 1.5004166e+09 1.7596393e+09 3.6058058e-20 2.0133323e-20 5.2591354e-24
4000550.5 2.9512335e+16 5.6218826e+09 1.49916e+09 1.7574895e+09 3.5940515e-20 2.007932e-20 5.2305244e-24
4005800.1 2.9541847e+16 5.6217255e+09 1.4979043e+09 1.755343e+09 3.5823362e-20 2.0025453e-20 5.2020699e-24
4011055 2.9571389e+16 5.6215688e+09 1.4966495e+09 1.7531995e+09 3.5706599e-20 1.9971724e-20 5.1737711e-24
4016315.3 2.9600961e+16 5.6214124e+09 1.4953956e+09 1.7510592e+09 3.5590224e-20 1.9918132e-20 5.1456271e-24
4021581.1 2.9630562e+16 5.6212563e+09 1.4941427e+09 1.7489221e+09 3.5474236e-20 1.9864675e-20 5.1176371e-24
4026852.3 2.9660192e+16 5.6211006e+09 1.4928907e+09 1.746788e+09 3.5358633e-20 1.9811355e-20 5.0898002e-24
4032128.8 2.9689852e+16 5.6209451e+09 1.4916395e+09 1.7446571e+09 3.5243415e-20 1.9758171e-20 5.0621157e-24
4037410.8 2.9719542e+16 5.62079e+09 1.4903893e+09 1.7425293e+09 3.512858e-20 1.9705123e-20 5.0345826e-24
4042698.3 2.9749262e+16 5.6206352e+09 1.48914e+09 1.7404047e+09 3.5014126e-20 1.9652209e-20 5.0072002e-24
4047991.1 2.9779011e+16 5.6204807e+09 1.4878917e+09 1.7382831e+09 3.4900053e-20 1.959943e-20 4.9799676e-24
4053289.4 2.980879e+16 5.6203265e+09 1.4866442e+09 1.7361646e+09 3.4786359e-20 1.9546786e-20 4.952884e-24
4058593.2 2.9838599e+16 5.6201727e+09 1.4853976e+09 1.7340492e+09 3.4673043e-20 1.9494276e-20 4.9259486e-24
4063902.4 2.9868437e+16 5.6200191e+09 1.484152e+09 1.731937e+09 3.4560104e-20 1.94419e-20 4.8991606e-24
4069217 2.9898306e+16 5.6198659e+09 1.4829072e+09 1.7298278e+09 3.4447539e-20 1.9389658e-20 4.8725191e-24
4074537.1 2.9928204e+16 5.6197129e+09 1.4816634e+09 1.7277216e+09 3.4335349e-20 1.9337549e-20 4.8460233e-24
4079862.7 2.9958132e+16 5.6195603e+09 1.4804205e+09 1.7256186e+09 3.4223531e-20 1.9285573e-20 4.8196726e-24
4085193.8 2.998809e+16 5.619408e+09 1.4791785e+09 1.7235186e+09 3.4112085e-20 1.9233729e-20 4.793466e-24
4090530.3 3.0018079e+16 5.619256e+09 1.4779374e+09 1.7214216e+09 3.4001009e-20 1.9182018e-20 4.7674028e-24
4095872.3 3.0048097e+16 5.6191043e+09 1.4766972e+09 1.7193278e+09 3.3890302e-20 1.9130439e-20 4.7414822e-24
4101219.8 3.0078145e+16 5.6189529e+09 1.4754579e+09 1.7172369e+09 3.3779963e-20 1.9078992e-20 4.7157033e-24
4106572.8 3.0108223e+16 5.6188018e+09 1.4742195e+09 1.7151491e+09 3.366999e-20 1.9027676e-20 4.6900656e-24
4111931.2 3.0138331e+16 5.6186511e+09 1.472982e+09 1.7130644e+09 3.3560382e-20 1.8976492e-20 4.6645681e-24
4117295.2 3.0168469e+16 5.6185006e+09 1.4717455e+09 1.7109827e+09 3.3451138e-20 1.8925438e-20 4.63921e-24
4122664.7 3.0198638e+16 5.6183504e+09 1.4705098e+09 1.708904e+09 3.3342257e-20 1.8874514e-20 4.6139907e-24
4128039.7 3.0228837e+16 5.6182006e+09 1.469275e+09 1.7068283e+09 3.3233737e-20 1.8823721e-20 4.5889094e-24
4133420.2 3.0259065e+16 5.618051e+09 1.4680412e+09 1.7047556e+09 3.3125578e-20 1.8773058e-20 4.5639653e-24
4138806.3 3.0289324e+16 5.6179018e+09 1.4668082e+09 1.7026859e+09 3.3017778e-20 1.8722525e-20 4.5391577e-24
4144197.8 3.0319614e+16 5.6177528e+09 1.4655762e+09 1.7006193e+09 3.2910335e-20 1.867212e-20 4.5144857e-24
4149594.9 3.0349933e+16 5.6176042e+09 1.464345e+09 1.6985556e+09 3.2803249e-20 1.8621845e-20 4.4899487e-24
4154997.6 3.0380283e+16 5.6174559e+09 1.4631148e+09 1.696495e+09 3.2696518e-20 1.8571699e-20 4.465546e-24
4160405.8 3.0410664e+16 5.6173078e+09 1.4618854e+09 1.6944373e+09 3.2590142e-20 1.852168e-20 4.4412767e-24
4165819.5 3.0441074e+16 5.6171601e+09 1.4606569e+09 1.6923826e+09 3.2484119e-20 1.847179e-20 4.4171403e-24
4171238.8 3.0471515e+16 5.6170126e+09 1.4594294e+09 1.6903309e+09 3.2378447e-20 1.8422028e-20 4.3931358e-24
4176663.7 3.0501987e+16 5.6168655e+09 1.4582027e+09 1.6882821e+09 3.2273126e-20 1.8372393e-20 4.3692626e-24
4182094.1 3.0532489e+16 5.6167187e+09 1.456977e+09 1.6862363e+09 3.2168154e-20 1.8322886e-20 4.3455201e-24
4187530.1 3.0563021e+16 5.6165721e+09 1.4557521e+09 1.6841935e+09 3.206353e-20 1.8273505e-20 4.3219074e-24
4192971.7 3.0593584e+16 5.6164259e+09 1.4545282e+09 1.6821536e+09 3.1959254e-20 1.8224251e-20 4.2984239e-24
4198418.9 3.0624178e+16 5.6162799e+09 1.4533051e+09 1.6801166e+09 3.1855323e-20 1.8175124e-20 4.2750688e-24
4203871.6 3.0654802e+16 5.6161343e+09 1.4520829e+09 1.6780826e+09 3.1751737e-20 1.8126122e-20 4.2518415e-24
4209330 3.0685457e+16 5.6159889e+09 1.4508616e+09 1.6760516e+09 3.1648495e-20 1.8077246e-20 4.2287412e-24
4214793.9 3.0716142e+16 5.6158439e+09 1.4496413e+09 1.6740235e+09 3.1545595e-20 1.8028495e-20 4.2057673e-24
4220263.5 3.0746859e+16 5.6156991e+09 1.4484218e+09 1.6719983e+09 3.1443036e-20 1.797987e-20 4.182919e-24
4225738.6 3.0777605e+16 5.6155546e+09 1.4472032e+09 1.669976e+09 3.1340817e-20 1.7931369e-20 4.1601957e-24
4231219.4 3.0808383e+16 5.6154104e+09 1.4459855e+09 1.6679566e+09 3.1238937e-20 1.7882993e-20 4.1375967e-24
4236705.8 3.0839191e+16 5.6152666e+09 1.4447687e+09 1.6659401e+09 3.1137395e-20 1.7834741e-20 4.1151213e-24
4242197.8 3.0870031e+16 5.615123e+09 1.4435527e+09 1.6639266e+09 3.1036189e-20 1.7786614e-20 4.0927688e-24
4247695.5 3.0900901e+16 5.6149797e+09 1.4423377e+09 1.6619159e+09 3.0935319e-20 1.7738609e-20 4.0705385e-24
4253198.8 3.0931801e+16 5.6148366e+09 1.4411236e+09 1.6599082e+09 3.0834783e-20 1.7690728e-20 4.0484299e-24
4258707.7 3.0962733e+16 5.6146939e+09 1.4399103e+09 1.6579033e+09 3.073458e-20 1.7642971e-20 4.0264421e-24
4264222.3 3.0993696e+16 5.6145515e+09 1.438698e+09 1.6559013e+09 3.0634709e-20 1.7595336e-20 4.0045746e-24
4269742.5 3.102469e+16 5.6144093e+09 1.4374865e+09 1.6539022e+09 3.0535169e-20 1.7547823e-20 3.9828267e-24
4275268.5 3.1055714e+16 5.6142675e+09 1.4362759e+09 1.6519059e+09 3.0435959e-20 1.7500433e-20 3.9611977e-24
4280800 3.108677e+16 5.6141259e+09 1.4350662e+09 1.6499125e+09 3.0337078e-20 1.7453165e-20 3.939687e-24
4286337.3 3.1117857e+16 5.6139846e+09 1.4338574e+09 1.647922e+09 3.0238524e-20 1.7406018e-20 3.918294e-24
4291880.2 3.1148975e+16 5.6138436e+09 1.4326495e+09 1.6459344e+09 3.0140297e-20 1.7358992e-20 3.8970179e-24
4297428.8 3.1180124e+16 5.6137029e+09 1.4314425e+09 1.6439495e+09 3.0042395e-20 1.7312088e-20 3.8758581e-24
4302983.1 3.1211304e+16 5.6135625e+09 1.4302363e+09 1.6419676e+09 2.9944817e-20 1.7265304e-20 3.8548141e-24
4308543.1 3.1242515e+16 5.6134223e+09 1.429031e+09 1.6399885e+09 2.9847562e-20 1.7218641e-20 3.8338851e-24
4314108.7 3.1273758e+16 5.6132825e+09 1.4278267e+09 1.6380122e+09 2.975063e-20 1.7172098e-20 3.8130706e-24
4319680.1 3.1305031e+16 5.6131429e+09 1.4266232e+09 1.6360387e+09 2.9654018e-20 1.7125676e-20 3.7923699e-24
4325257.2 3.1336336e+16 5.6130036e+09 1.4254206e+09 1.6340681e+09 2.9557726e-20 1.7079372e-20 3.7717824e-24
4330840 3.1367673e+16 5.6128646e+09 1.4242188e+09 1.6321002e+09 2.9461753e-20 1.7033188e-20 3.7513074e-24
4336428.6 3.139904e+16 5.6127259e+09 1.423018e+09 1.6301352e+09 2.9366098e-20 1.6987123e-20 3.7309444e-24
4342022.8 3.143044e+16 5.6125874e+09 1.421818e+09 1.628173e+09 2.927076e-20 1.6941177e-20 3.7106928e-24
4347622.8 3.146187e+16 5.6124493e+09 1.4206189e+09 1.6262136e+09 2.9175737e-20 1.6895349e-20 3.6905518e-24
4353228.5 3.1493332e+16 5.6123114e+09 1.4194207e+09 1.6242571e+09 2.9081028e-20 1.684964e-20 3.670521e-24
4358840 3.1524825e+16 5.6121738e+09 1.4182234e+09 1.6223033e+09 2.8986633e-20 1.6804048e-20 3.6505997e-24
4364457.2 3.155635e+16 5.6120364e+09 1.4170269e+09 1.6203522e+09 2.8892551e-20 1.6758574e-20 3.6307872e-24
4370080.2 3.1587906e+16 5.6118994e+09 1.4158314e+09 1.618404e+09 2.8798779e-20 1.6713218e-20 3.6110831e-24
4375708.9 3.1619494e+16 5.6117626e+09 1.4146367e+09 1.6164586e+09 2.8705318e-20 1.6667979e-20 3.5914868e-24
4381343.4 3.1651114e+16 5.6116261e+09 1.4134429e+09 1.6145159e+09 2.8612166e-20 1.6622856e-20 3.5719975e-24
4386983.7 3.1682765e+16 5.6114899e+09 1.4122499e+09 1.612576e+09 2.8519323e-20 1.657785e-20 3.5526148e-24
4392629.8 3.1714448e+16 5.611354e+09 1.4110579e+09 1.6106388e+09 2.8426786e-20 1.653296e-20 3.533338e-24
4398281.6 3.1746162e+16 5.6112183e+09 1.4098667e+09 1.6087045e+09 2.8334556e-20 1.6488186e-20 3.5141666e-24
4403939.2 3.1777908e+16 5.6110829e+09 1.4086764e+09 1.6067728e+09 2.8242631e-20 1.6443528e-20 3.4951001e-24
4409602.6 3.1809686e+16 5.6109478e+09 1.407487e+09 1.6048439e+09 2.8151009e-20 1.6398986e-20 3.4761377e-24
4415271.9 3.1841496e+16 5.6108129e+09 1.4062984e+09 1.6029178e+09 2.8059691e-20 1.6354558e-20 3.4572789e-24
4420946.9 3.1873337e+16 5.6106783e+09 1.4051107e+09 1.6009944e+09 2.7968675e-20 1.6310245e-20 3.4385233e-24
4426627.7 3.1905211e+16 5.610544e+09 1.4039239e+09 1.5990737e+09 2.7877959e-20 1.6266047e-20 3.4198702e-24
4432314.4 3.1937116e+16 5.61041e+09 1.402738e+09 1.5971558e+09 2.7787544e-20 1.6221964e-20 3.401319e-24
4438006.9 3.1969053e+16 5.6102763e+09 1.4015529e+09 1.5952406e+09 2.7697427e-20 1.6177994e-20 3.3828692e-24
4443705.2 3.2001022e+16 5.6101428e+09 1.4003687e+09 1.5933281e+09 2.7607609e-20 1.6134138e-20 3.3645202e-24
4449409.3 3.2033023e+16 5.6100096e+09 1.3991854e+09 1.5914183e+09 2.7518087e-20 1.6090396e-20 3.3462715e-24
4455119.3 3.2065056e+16 5.6098766e+09 1.3980029e+09 1.5895112e+09 2.7428861e-20 1.6046767e-20 3.3281226e-24
4460835.1 3.2097121e+16 5.6097439e+09 1.3968214e+09 1.5876068e+09 2.733993e-20 1.6003251e-20 3.3100728e-24
4466556.8 3.2129218e+16 5.6096115e+09 1.3956407e+09 1.5857052e+09 2.7251293e-20 1.5959847e-20 3.2921217e-24
4472284.3 3.2161347e+16 5.6094794e+09 1.3944608e+09 1.5838062e+09 2.7162949e-20 1.5916556e-20 3.2742686e-24
4478017.7 3.2193509e+16 5.6093475e+09 1.3932818e+09 1.5819099e+09 2.7074897e-20 1.5873378e-20 3.2565131e-24
4483756.9 3.2225702e+16 5.6092159e+09 1.3921037e+09 1.5800163e+09 2.6987136e-20 1.5830311e-20 3.2388547e-24
4489502.1 3.2257928e+16 5.6090845e+09 1.3909265e+09 1.5781254e+09 2.6899665e-20 1.5787356e-20 3.2212927e-24
4495253.1 3.2290186e+16 5.6089535e+09 1.3897501e+09 1.5762371e+09 2.6812483e-20 1.5744512e-20 3.2038267e-24
4501010 3.2322476e+16 5.6088227e+09 1.3885746e+09 1.5743515e+09 2.6725588e-20 1.5701779e-20 3.1864561e-24
4506772.8 3.2354799e+16 5.6086921e+09 1.3874e+09 1.5724686e+09 2.6638981e-20 1.5659157e-20 3.1691804e-24
4512541.5 3.2387153e+16 5.6085618e+09 1.3862262e+09 1.5705883e+09 2.655266e-20 1.5616645e-20 3.1519991e-24
4518316.1 3.2419541e+16 5.6084318e+09 1.3850533e+09 1.5687107e+09 2.6466624e-20 1.5574244e-20 3.1349117e-24
4524096.6 3.245196e+16 5.608302e+09 1.3838812e+09 1.5668358e+09 2.6380872e-20 1.5531953e-20 3.1179177e-24
4529883 3.2484412e+16 5.6081726e+09 1.38271e+09 1.5649635e+09 2.6295403e-20 1.5489772e-20 3.1010164e-24
4535675.3 3.2516896e+16 5.6080433e+09 1.3815397e+09 1.5630938e+09 2.6210217e-20 1.54477e-20 3.0842075e-24
4541473.6 3.2549413e+16 5.6079143e+09 1.3803703e+09 1.5612268e+09 2.6125312e-20 1.5405738e-20 3.0674905e-24
4547277.8 3.2581963e+16 5.6077856e+09 1.3792017e+09 1.5593624e+09 2.6040687e-20 1.5363884e-20 3.0508647e-24
4553087.9 3.2614545e+16 5.6076572e+09 1.3780339e+09 1.5575006e+09 2.5956341e-20 1.5322139e-20 3.0343298e-24
4558904 3.2647159e+16 5.607529e+09 1.3768671e+09 1.5556415e+09 2.5872274e-20 1.5280503e-20 3.0178852e-24
4564726 3.2679806e+16 5.6074011e+09 1.375701e+09 1.5537849e+09 2.5788485e-20 1.5238974e-20 3.0015304e-24
4570554 3.2712486e+16 5.6072734e+09 1.3745359e+09 1.551931e+09 2.5704972e-20 1.5197554e-20 2.985265e-24
4576387.9 3.2745199e+16 5.607146e+09 1.3733716e+09 1.5500797e+09 2.5621734e-20 1.5156242e-20 2.9690884e-24
4582227.8 3.2777944e+16 5.6070188e+09 1.3722082e+09 1.548231e+09 2.5538771e-20 1.5115036e-20 2.9530001e-24
4588073.7 3.2810722e+16 5.6068919e+09 1.3710456e+09 1.5463849e+09 2.5456082e-20 1.5073938e-20 2.9369997e-24
4593925.5 3.2843533e+16 5.6067653e+09 1.3698839e+09 1.5445414e+09 2.5373666e-20 1.5032947e-20 2.9210867e-24
4599783.4 3.2876376e+16 5.6066389e+09 1.368723e+09 1.5427004e+09 2.5291522e-20 1.4992063e-20 2.9052606e-24
4605647.2 3.2909253e+16 5.6065127e+09 1.367563e+09 1.5408621e+09 2.5209649e-20 1.4951285e-20 2.889521e-24
4611517 3.2942162e+16 5.6063869e+09 1.3664038e+09 1.5390263e+09 2.5128046e-20 1.4910613e-20 2.8738672e-24
4617392.9 3.2975104e+16 5.6062612e+09 1.3652455e+09 1.5371932e+09 2.5046712e-20 1.4870046e-20 2.858299e-24
4623274.7 3.3008079e+16 5.6061359e+09 1.3640881e+09 1.5353625e+09 2.4965646e-20 1.4829586e-20 2.8428158e-24
4629162.6 3.3041087e+16 5.6060108e+09 1.3629315e+09 1.5335345e+09 2.4884848e-20 1.4789231e-20 2.8274171e-24
4635056.4 3.3074128e+16 5.6058859e+09 1.3617758e+09 1.531709e+09 2.4804316e-20 1.4748981e-20 2.8121025e-24
4640956.3 3.3107202e+16 5.6057613e+09 1.3606209e+09 1.5298861e+09 2.472405e-20 1.4708836e-20 2.7968716e-24
4646862.2 3.314031e+16 5.6056369e+09 1.3594669e+09 1.5280657e+09 2.4644049e-20 1.4668795e-20 2.7817237e-24
4652774.2 3.317345e+16 5.6055128e+09 1.3583137e+09 1.5262479e+09 2.4564311e-20 1.4628859e-20 2.7666586e-24
4658692.2 3.3206623e+16 5.605389e+09 1.3571614e+09 1.5244326e+09 2.4484836e-20 1.4589027e-20 2.7516758e-24
4664616.3 3.323983e+16 5.6052653e+09 1.3560099e+09 1.5226199e+09 2.4405623e-20 1.4549298e-20 2.7367747e-24
4670546.4 3.327307e+16 5.605142e+09 1.3548593e+09 1.5208097e+09 2.4326672e-20 1.4509674e-20 2.721955e-24
4676482.5 3.3306343e+16 5.6050189e+09 1.3537095e+09 1.519002e+09 2.424798e-20 1.4470152e-20 2.7072162e-24
4682424.8 3.3339649e+16 5.604896e+09 1.3525606e+09 1.5171968e+09 2.4169548e-20 1.4430734e-20 2.6925579e-24
4688373.1 3.3372989e+16 5.6047734e+09 1.3514125e+09 1.5153942e+09 2.4091375e-20 1.4391418e-20 2.6779795e-24
4694327.5 3.3406362e+16 5.604651e+09 1.3502653e+09 1.5135941e+09 2.4013459e-20 1.4352205e-20 2.6634808e-24
4700287.9 3.3439768e+16 5.6045289e+09 1.3491189e+09 1.5117965e+09 2.39358e-20 1.4313095e-20 2.6490612e-24
4706254.5 3.3473208e+16 5.604407e+09 1.3479734e+09 1.5100014e+09 2.3858397e-20 1.4274086e-20 2.6347203e-24
4712227.2 3.3506681e+16 5.6042854e+09 1.3468287e+09 1.5082088e+09 2.3781248e-20 1.423518e-20 2.6204576e-24
4718205.9 3.3540188e+16 5.604164e+09 1.3456849e+09 1.5064187e+09 2.3704354e-20 1.4196375e-20 2.6062729e-24
4724190.8 3.3573728e+16 5.6040429e+09 1.3445419e+09 1.5046311e+09 2.3627714e-20 1.4157671e-20 2.5921655e-24
4730181.8 3.3607302e+16 5.603922e+09 1.3433998e+09 1.502846e+09 2.3551325e-20 1.4119069e-20 2.5781351e-24
4736178.9 3.3640909e+16 5.6038014e+09 1.3422585e+09 1.5010634e+09 2.3475189e-20 1.4080567e-20 2.5641813e-24
4742182.1 3.367455e+16 5.603681e+09 1.341118e+09 1.4992832e+09 2.3399303e-20 1.4042166e-20 2.5503036e-24
4748191.5 3.3708224e+16 5.6035608e+09 1.3399784e+09 1.4975056e+09 2.3323667e-20 1.4003865e-20 2.5365017e-24
4754207 3.3741933e+16 5.6034409e+09 1.3388397e+09 1.4957304e+09 2.324828e-20 1.3965664e-20 2.5227751e-24
4760228.6 3.3775675e+16 5.6033212e+09 1.3377017e+09 1.4939577e+09 2.3173142e-20 1.3927564e-20 2.5091234e-24
4766256.4 3.380945e+16 5.6032018e+09 1.3365647e+09 1.4921874e+09 2.3098251e-20 1.3889563e-20 2.4955462e-24
4772290.4 3.384326e+16 5.6030826e+09 1.3354284e+09 1.4904196e+09 2.3023606e-20 1.3851661e-20 2.482043e-24
4778330.5 3.3877103e+16 5.6029636e+09 1.334293e+09 1.4886543e+09 2.2949207e-20 1.3813858e-20 2.4686136e-24
4784376.8 3.391098e+16 5.6028449e+09 1.3331585e+09 1.4868914e+09 2.2875053e-20 1.3776155e-20 2.4552574e-24
4790429.2 3.3944891e+16 5.6027264e+09 1.3320248e+09 1.485131e+09 2.2801144e-20 1.373855e-20 2.441974e-24
4796487.9 3.3978836e+16 5.6026082e+09 1.3308919e+09 1.483373e+09 2.2727477e-20 1.3701043e-20 2.4287632e-24
4802552.7 3.4012815e+16 5.6024902e+09 1.3297599e+09 1.4816174e+09 2.2654053e-20 1.3663635e-20 2.4156244e-24
4808623.7 3.4046828e+16 5.6023724e+09 1.3286287e+09 1.4798643e+09 2.2580871e-20 1.3626325e-20 2.4025572e-24
4814700.9 3.4080874e+16 5.6022549e+09 1.3274983e+09 1.4781136e+09 2.2507929e-20 1.3589112e-20 2.3895614e-24
4820784.3 3.4114955e+16 5.6021376e+09 1.3263688e+09 1.4763653e+09 2.2435228e-20 1.3551997e-20 2.3766364e-24
4826874 3.414907e+16 5.6020206e+09 1.3252401e+09 1.4746194e+09 2.2362766e-20 1.3514979e-20 2.363782e-24
4832969.8 3.4183219e+16 5.6019038e+09 1.3241123e+09 1.472876e+09 2.2290542e-20 1.3478058e-20 2.3509977e-24
4839071.9 3.4217403e+16 5.6017872e+09 1.3229853e+09 1.471135e+09 2.2218556e-20 1.3441233e-20 2.338283e-24
4845180.2 3.425162e+16 5.6016709e+09 1.3218591e+09 1.4693964e+09 2.2146806e-20 1.3404506e-20 2.3256378e-24
4851294.7 3.4285872e+16 5.6015547e+09 1.3207338e+09 1.4676602e+09 2.2075293e-20 1.3367874e-20 2.3130615e-24
4857415.5 3.4320157e+16 5.6014389e+09 1.3196093e+09 1.4659263e+09 2.2004015e-20 1.3331339e-20 2.3005538e-24
4863542.5 3.4354478e+16 5.6013232e+09 1.3184856e+09 1.4641949e+09 2.1932971e-20 1.3294899e-20 2.2881143e-24
4869675.8 3.4388832e+16 5.6012078e+09 1.3173628e+09 1.4624659e+09 2.1862161e-20 1.3258555e-20 2.2757426e-24
4875815.3 3.4423221e+16 5.6010927e+09 1.3162408e+09 1.4607393e+09 2.1791584e-20 1.3222307e-20 2.2634384e-24
4881961.1 3.4457644e+16 5.6009777e+09 1.3151196e+09 1.459015e+09 2.1721239e-20 1.3186153e-20 2.2512013e-24
4888113.2 3.4492102e+16 5.600863e+09 1.3139993e+09 1.4572932e+09 2.1651125e-20 1.3150095e-20 2.2390309e-24
4894271.6 3.4526594e+16 5.6007485e+09 1.3128798e+09 1.4555737e+09 2.1581242e-20 1.3114131e-20 2.2269269e-24
4900436.2 3.4561121e+16 5.6006343e+09 1.3117611e+09 1.4538565e+09 2.1511588e-20 1.3078261e-20 2.2148888e-24
4906607.1 3.4595682e+16 5.6005203e+09 1.3106433e+09 1.4521418e+09 2.1442164e-20 1.3042486e-20 2.2029164e-24
4912784.4 3.4630277e+16 5.6004065e+09 1.3095262e+09 1.4504294e+09 2.1372967e-20 1.3006804e-20 2.1910093e-24
4918967.9 3.4664908e+16 5.6002929e+09 1.3084101e+09 1.4487193e+09 2.1303998e-20 1.2971217e-20 2.179167e-24
4925157.7 3.4699573e+16 5.6001796e+09 1.3072947e+09 1.4470117e+09 2.1235256e-20 1.2935723e-20 2.1673894e-24
4931353.9 3.4734272e+16 5.6000665e+09 1.3061802e+09 1.4453063e+09 2.116674e-20 1.2900322e-20 2.1556759e-24
4937556.4 3.4769006e+16 5.5999536e+09 1.3050665e+09 1.4436034e+09 2.1098449e-20 1.2865014e-20 2.1440263e-24
4943765.2 3.4803775e+16 5.599841e+09 1.3039536e+09 1.4419027e+09 2.1030382e-20 1.2829799e-20 2.1324402e-24
4949980.3 3.4838579e+16 5.5997285e+09 1.3028416e+09 1.4402044e+09 2.0962539e-20 1.2794676e-20 2.1209172e-24
4956201.8 3.4873418e+16 5.5996164e+09 1.3017304e+09 1.4385084e+09 2.0894919e-20 1.2759646e-20 2.1094571e-24
4962429.6 3.4908291e+16 5.5995044e+09 1.30062e+09 1.4368148e+09 2.0827521e-20 1.2724708e-20 2.0980594e-24
4968663.8 3.4943199e+16 5.5993926e+09 1.2995104e+09 1.4351235e+09 2.0760345e-20 1.2689862e-20 2.0867238e-24
4974904.3 3.4978143e+16 5.5992811e+09 1.2984017e+09 1.4334345e+09 2.0693389e-20 1.2655107e-20 2.07545e-24
4981151.2 3.5013121e+16 5.5991698e+09 1.2972938e+09 1.4317478e+09 2.0626653e-20 1.2620444e-20 2.0642376e-24
4987404.5 3.5048134e+16 5.5990588e+09 1.2961867e+09 1.4300635e+09 2.0560136e-20 1.2585873e-20 2.0530863e-24
4993664.1 3.5083182e+16 5.5989479e+09 1.2950804e+09 1.4283814e+09 2.0493838e-20 1.2551392e-20 2.0419958e-24
4999930.2 3.5118265e+16 5.5988373e+09 1.293975e+09 1.4267017e+09 2.0427758e-20 1.2517002e-20 2.0309657e-24
5006202.6 3.5153383e+16 5.5987269e+09 1.2928704e+09 1.4250242e+09 2.0361894e-20 1.2482702e-20 2.0199958e-24
5012481.4 3.5188537e+16 5.5986167e+09 1.2917666e+09 1.4233491e+09 2.0296247e-20 1.2448493e-20 2.0090856e-24
5018766.6 3.5223725e+16 5.5985068e+09 1.2906636e+09 1.4216762e+09 2.0230815e-20 1.2414374e-20 1.9982348e-24
5025058.3 3.5258949e+16 5.5983971e+09 1.2895615e+09 1.4200057e+09 2.0165598e-20 1.2380345e-20 1.9874431e-24
5031356.3 3.5294208e+16 5.5982875e+09 1.2884601e+09 1.4183374e+09 2.0100595e-20 1.2346405e-20 1.9767103e-24
5037660.8 3.5329502e+16 5.5981783e+09 1.2873596e+09 1.4166714e+09 2.0035806e-20 1.2312555e-20 1.9660359e-24
5043971.7 3.5364832e+16 5.5980692e+09 1.2862599e+09 1.4150077e+09 1.9971229e-20 1.2278795e-20 1.9554196e-24
5050289 3.5400197e+16 5.5979603e+09 1.2851611e+09 1.4133463e+09 1.9906864e-20 1.2245123e-20 1.9448612e-24
5056612.7 3.5435597e+16 5.5978517e+09 1.284063e+09 1.4116871e+09 1.9842711e-20 1.221154e-20 1.9343603e-24
5062943 3.5471032e+16 5.5977433e+09 1.2829658e+09 1.4100302e+09 1.9778768e-20 1.2178045e-20 1.9239166e-24
5069279.6 3.5506503e+16 5.5976351e+09 1.2818694e+09 1.4083756e+09 1.9715034e-20 1.2144639e-20 1.9135298e-24
5075622.8 3.554201e+16 5.5975271e+09 1.2807738e+09 1.4067232e+09 1.965151e-20 1.2111321e-20 1.9031995e-24
5081972.3 3.5577552e+16 5.5974194e+09 1.279679e+09 1.4050731e+09 1.9588195e-20 1.2078091e-20 1.8929256e-24
5088328.4 3.5613129e+16 5.5973118e+09 1.278585e+09 1.4034252e+09 1.9525087e-20 1.2044948e-20 1.8827075e-24
5094691 3.5648743e+16 5.5972045e+09 1.2774919e+09 1.4017796e+09 1.9462186e-20 1.2011893e-20 1.8725451e-24
5101060 3.5684391e+16 5.5970974e+09 1.2763995e+09 1.4001362e+09 1.9399491e-20 1.1978926e-20 1.862438e-24
5107435.5 3.5720076e+16 5.5969905e+09 1.275308e+09 1.3984951e+09 1.9337003e-20 1.1946045e-20 1.852386e-24
5113817.5 3.5755796e+16 5.5968838e+09 1.2742173e+09 1.3968562e+09 1.9274719e-20 1.1913251e-20 1.8423887e-24
5120206 3.5791552e+16 5.5967773e+09 1.2731274e+09 1.3952195e+09 1.9212639e-20 1.1880544e-20 1.8324459e-24
5126601.1 3.5827343e+16 5.5966711e+09 1.2720383e+09 1.3935851e+09 1.9150763e-20 1.1847923e-20 1.8225571e-24
5133002.6 3.5863171e+16 5.5965651e+09 1.2709501e+09 1.3919528e+09 1.908909e-20 1.1815388e-20 1.8127222e-24
5139410.7 3.5899034e+16 5.5964592e+09 1.2698626e+09 1.3903228e+09 1.9027619e-20 1.178294e-20 1.8029409e-24
5145825.3 3.5934933e+16 5.5963536e+09 1.268776e+09 1.3886951e+09 1.8966349e-20 1.1750577e-20 1.7932128e-24
5152246.4 3.5970868e+16 5.5962482e+09 1.2676902e+09 1.3870695e+09 1.8905281e-20 1.1718299e-20 1.7835377e-24
5158674.1 3.6006839e+16 5.596143e+09 1.2666051e+09 1.3854461e+09 1.8844413e-20 1.1686107e-20 1.7739152e-24
5165108.3 3.6042845e+16 5.5960381e+09 1.2655209e+09 1.383825e+09 1.8783744e-20 1.1654e-20 1.7643451e-24
5171549.1 3.6078888e+16 5.5959333e+09 1.2644375e+09 1.382206e+09 1.8723274e-20 1.1621978e-20 1.7548271e-24
5177996.4 3.6114967e+16 5.5958287e+09 1.2633549e+09 1.3805893e+09 1.8663002e-20 1.1590041e-20 1.7453609e-24
5184450.3 3.6151082e+16 5.5957244e+09 1.2622732e+09 1.3789747e+09 1.8602928e-20 1.1558188e-20 1.7359462e-24
5190910.8 3.6187233e+16 5.5956203e+09 1.2611922e+09 1.3773624e+09 1.8543051e-20 1.1526419e-20 1.7265827e-24
5197377.9 3.622342e+16 5.5955163e+09 1.260112e+09 1.3757522e+09 1.848337e-20 1.1494734e-20 1.7172702e-24
5203851.5 3.6259644e+16 5.5954126e+09 1.2590327e+09 1.3741442e+09 1.8423884e-20 1.1463134e-20 1.7080084e-24
5210331.8 3.6295903e+16 5.5953091e+09 1.2579541e+09 1.3725384e+09 1.8364594e-20 1.1431617e-20 1.698797e-24
5216818.6 3.6332199e+16 5.5952058e+09 1.2568764e+09 1.3709347e+09 1.8305497e-20 1.1400183e-20 1.6896357e-24
5223312.1 3.6368532e+16 5.5951027e+09 1.2557995e+09 1.3693333e+09 1.8246594e-20 1.1368833e-20 1.6805243e-24
5229812.1 3.64049e+16 5.5949999e+09 1.2547233e+09 1.367734e+09 1.8187885e-20 1.1337565e-20 1.6714624e-24
5236318.8 3.6441305e+16 5.5948972e+09 1.253648e+09 1.3661368e+09 1.8129367e-20 1.1306381e-20 1.6624498e-24
5242832.1 3.6477746e+16 5.5947947e+09 1.2525735e+09 1.3645418e+09 1.8071041e-20 1.1275279e-20 1.6534863e-24
5249352.1 3.6514224e+16 5.5946925e+09 1.2514998e+09 1.362949e+09 1.8012907e-20 1.1244259e-20 1.6445715e-24
5255878.7 3.6550738e+16 5.5945904e+09 1.2504269e+09 1.3613584e+09 1.7954962e-20 1.1213322e-20 1.6357053e-24
5262411.9 3.6587289e+16 5.5944885e+09 1.2493547e+09 1.3597699e+09 1.7897208e-20 1.1182467e-20 1.6268872e-24
5268951.8 3.6623876e+16 5.5943869e+09 1.2482834e+09 1.3581835e+09 1.7839642e-20 1.1151693e-20 1.6181171e-24
5275498.3 3.66605e+16 5.5942855e+09 1.2472129e+09 1.3565993e+09 1.7782265e-20 1.1121001e-20 1.6093948e-24
5282051.5 3.6697161e+16 5.5941842e+09 1.2461432e+09 1.3550172e+09 1.7725076e-20 1.109039e-20 1.6007198e-24
5288611.4 3.6733858e+16 5.5940832e+09 1.2450743e+09 1.3534372e+09 1.7668074e-20 1.1059861e-20 1.5920921e-24
5295177.9 3.6770592e+16 5.5939823e+09 1.2440062e+09 1.3518594e+09 1.7611259e-20 1.1029413e-20 1.5835112e-24
5301751.2 3.6807362e+16 5.5938817e+09 1.2429389e+09 1.3502837e+09 1.7554629e-20 1.0999045e-20 1.5749771e-24
5308331.1 3.684417e+16 5.5937813e+09 1.2418724e+09 1.3487102e+09 1.7498185e-20 1.0968758e-20 1.5664893e-24
5314917.7 3.6881014e+16 5.5936811e+09 1.2408067e+09 1.3471387e+09 1.7441926e-20 1.0938551e-20 1.5580477e-24
5321511.1 3.6917895e+16 5.593581e+09 1.2397418e+09 1.3455694e+09 1.7385851e-20 1.0908425e-20 1.549652e-24
5328111.1 3.6954813e+16 5.5934812e+09 1.2386777e+09 1.3440022e+09 1.7329959e-20 1.0878378e-20 1.541302e-24
5334717.9 3.6991768e+16 5.5933816e+09 1.2376144e+09 1.3424371e+09 1.7274251e-20 1.0848411e-20 1.5329973e-24
5341331.4 3.7028759e+16 5.5932822e+09 1.2365519e+09 1.3408741e+09 1.7218724e-20 1.0818524e-20 1.5247378e-24
5347951.6 3.7065788e+16 5.5931829e+09 1.2354902e+09 1.3393132e+09 1.7163379e-20 1.0788716e-20 1.5165233e-24
5354578.6 3.7102854e+16 5.5930839e+09 1.2344293e+09 1.3377544e+09 1.7108216e-20 1.0758988e-20 1.5083533e-24
5361212.3 3.7139957e+16 5.5929851e+09 1.2333692e+09 1.3361977e+09 1.7053232e-20 1.0729338e-20 1.5002278e-24
5367852.7 3.7177097e+16 5.5928865e+09 1.2323098e+09 1.3346431e+09 1.6998429e-20 1.0699767e-20 1.4921465e-24
5374499.9 3.7214274e+16 5.592788e+09 1.2312513e+09 1.3330906e+09 1.6943805e-20 1.0670275e-20 1.484109e-24
5381153.9 3.7251488e+16 5.5926898e+09 1.2301936e+09 1.3315402e+09 1.688936e-20 1.0640861e-20 1.4761153e-24
5387814.6 3.728874e+16 5.5925918e+09 1.2291366e+09 1.3299919e+09 1.6835092e-20 1.0611525e-20 1.468165e-24
5394482.2 3.7326028e+16 5.5924939e+09 1.2280805e+09 1.3284456e+09 1.6781002e-20 1.0582267e-20 1.4602579e-24
5401156.5 3.7363354e+16 5.5923963e+09 1.2270251e+09 1.3269014e+09 1.6727089e-20 1.0553087e-20 1.4523938e-24
5407837.6 3.7400718e+16 5.5922989e+09 1.2259706e+09 1.3253593e+09 1.6673353e-20 1.0523985e-20 1.4445725e-24
5414525.5 3.7438118e+16 5.5922016e+09 1.2249168e+09 1.3238193e+09 1.6619791e-20 1.049496e-20 1.4367936e-24
5421220.2 3.7475556e+16 5.5921046e+09 1.2238638e+09 1.3222813e+09 1.6566406e-20 1.0466012e-20 1.429057e-24
5427921.7 3.7513032e+16 5.5920077e+09 1.2228117e+09 1.3207454e+09 1.6513194e-20 1.0437142e-20 1.4213625e-24
5434630 3.7550545e+16 5.591911e+09 1.2217603e+09 1.3192115e+09 1.6460157e-20 1.0408348e-20 1.4137097e-24
5441345.2 3.7588096e+16 5.5918146e+09 1.2207097e+09 1.3176797e+09 1.6407293e-20 1.037963e-20 1.4060986e-24
5448067.2 3.7625684e+16 5.5917183e+09 1.2196599e+09 1.31615e+09 1.6354601e-20 1.035099e-20 1.3985287e-24
5454796 3.7663309e+16 5.5916222e+09 1.2186108e+09 1.3146223e+09 1.6302082e-20 1.0322425e-20 1.3910001e-24
5461531.6 3.7700973e+16 5.5915263e+09 1.2175626e+09 1.3130966e+09 1.6249735e-20 1.0293937e-20 1.3835123e-24
5468274.2 3.7738674e+16 5.5914306e+09 1.2165151e+09 1.311573e+09 1.6197558e-20 1.0265524e-20 1.3760652e-24
5475023.5 3.7776412e+16 5.5913351e+09 1.2154685e+09 1.3100514e+09 1.6145553e-20 1.0237187e-20 1.3686585e-24
5481779.8 3.7814189e+16 5.5912398e+09 1.2144226e+09 1.3085319e+09 1.6093717e-20 1.0208926e-20 1.3612921e-24
5488542.9 3.7852003e+16 5.5911447e+09 1.2133775e+09 1.3070143e+09 1.604205e-20 1.0180739e-20 1.3539657e-24
5495312.9 3.7889855e+16 5.5910498e+09 1.2123332e+09 1.3054988e+09 1.5990552e-20 1.0152628e-20 1.346679e-24
5502089.8 3.7927745e+16 5.590955e+09 1.2112897e+09 1.3039854e+09 1.5939223e-20 1.0124592e-20 1.339432e-24
5508873.5 3.7965673e+16 5.5908605e+09 1.210247e+09 1.3024739e+09 1.5888061e-20 1.0096631e-20 1.3322243e-24
5515664.2 3.8003638e+16 5.5907661e+09 1.2092051e+09 1.3009645e+09 1.5837066e-20 1.0068744e-20 1.3250558e-24
5522461.8 3.8041642e+16 5.590672e+09 1.2081639e+09 1.2994571e+09 1.5786238e-20 1.0040932e-20 1.3179261e-24
5529266.3 3.8079683e+16 5.590578e+09 1.2071235e+09 1.2979517e+09 1.5735576e-20 1.0013193e-20 1.3108352e-24
5536077.7 3.8117763e+16 5.5904842e+09 1.2060839e+09 1.2964483e+09 1.5685079e-20 9.9855289e-21 1.3037828e-24
5542896 3.8155881e+16 5.5903906e+09 1.2050451e+09 1.2949469e+09 1.5634747e-20 9.9579384e-21 1.2967687e-24
5549721.3 3.8194037e+16 5.5902972e+09 1.2040071e+09 1.2934475e+09 1.558458e-20 9.9304214e-21 1.2897927e-24
5556553.5 3.8232231e+16 5.5902039e+09 1.2029699e+09 1.2919502e+09 1.5534576e-20 9.9029779e-21 1.2828545e-24
5563392.6 3.8270463e+16 5.5901109e+09 1.2019334e+09 1.2904548e+09 1.5484735e-20 9.8756077e-21 1.275954e-24
5570238.7 3.8308734e+16 5.590018e+09 1.2008977e+09 1.2889614e+09 1.5435058e-20 9.8483104e-21 1.269091e-24
5577091.8 3.8347042e+16 5.5899254e+09 1.1998628e+09 1.2874699e+09 1.5385542e-20 9.8210861e-21 1.2622652e-24
5583951.8 3.8385389e+16 5.5898329e+09 1.1988287e+09 1.2859805e+09 1.5336188e-20 9.7939344e-21 1.2554765e-24
5590818.8 3.8423775e+16 5.5897406e+09 1.1977954e+09 1.2844931e+09 1.5286995e-20 9.7668553e-21 1.2487246e-24
5597692.8 3.8462198e+16 5.5896485e+09 1.1967628e+09 1.2830076e+09 1.5237963e-20 9.7398484e-21 1.2420094e-24
5604573.7 3.8500661e+16 5.5895565e+09 1.1957311e+09 1.2815241e+09 1.5189091e-20 9.7129137e-21 1.2353306e-24
5611461.7 3.8539161e+16 5.5894648e+09 1.1947001e+09 1.2800426e+09 1.5140378e-20 9.686051e-21 1.2286881e-24
5618356.7 3.8577701e+16 5.5893732e+09 1.1936698e+09 1.278563e+09 1.5091824e-20 9.65926e-21 1.2220816e-24
5625258.6 3.8616278e+16 5.5892819e+09 1.1926404e+09 1.2770854e+09 1.5043428e-20 9.6325406e-21 1.2155109e-24
5632167.6 3.8654894e+16 5.5891907e+09 1.1916117e+09 1.2756098e+09 1.4995191e-20 9.6058926e-21 1.208976e-24
5639083.6 3.8693549e+16 5.5890997e+09 1.1905838e+09 1.2741361e+09 1.4947111e-20 9.5793159e-21 1.2024764e-24
5646006.7 3.8732243e+16 5.5890088e+09 1.1895567e+09 1.2726644e+09 1.4899188e-20 9.5528102e-21 1.1960122e-24
5652936.8 3.8770975e+16 5.5889182e+09 1.1885304e+09 1.2711946e+09 1.4851421e-20 9.5263754e-21 1.189583e-24
5659873.9 3.8809746e+16 5.5888277e+09 1.1875048e+09 1.2697268e+09 1.4803809e-20 9.5000112e-21 1.1831887e-24
5666818 3.8848556e+16 5.5887375e+09 1.18648e+09 1.268261e+09 1.4756353e-20 9.4737176e-21 1.176829e-24
5673769.3 3.8887404e+16 5.5886474e+09 1.185456e+09 1.266797e+09 1.4709052e-20 9.4474943e-21 1.1705039e-24
5680727.5 3.8926292e+16 5.5885574e+09 1.1844328e+09 1.265335e+09 1.4661906e-20 9.4213412e-21 1.1642131e-24
5687692.9 3.8965218e+16 5.5884677e+09 1.1834103e+09 1.263875e+09 1.4614912e-20 9.395258e-21 1.1579564e-24
5694665.3 3.9004183e+16 5.5883781e+09 1.1823886e+09 1.2624169e+09 1.4568073e-20 9.3692447e-21 1.1517337e-24
5701644.9 3.9043188e+16 5.5882888e+09 1.1813677e+09 1.2609607e+09 1.4521385e-20 9.343301e-21 1.1455447e-24
5708631.5 3.9082231e+16 5.5881996e+09 1.1803476e+09 1.2595064e+09 1.447485e-20 9.3174267e-21 1.1393892e-24
5715625.2 3.9121313e+16 5.5881105e+09 1.1793282e+09 1.2580541e+09 1.4428467e-20 9.2916217e-21 1.1332672e-24
5722626 3.9160434e+16 5.5880217e+09 1.1783096e+09 1.2566037e+09 1.4382235e-20 9.2658858e-21 1.1271783e-24
5729633.9 3.9199595e+16 5.587933e+09 1.1772918e+09 1.2551552e+09 1.4336154e-20 9.2402188e-21 1.1211225e-24
5736648.9 3.9238794e+16 5.5878446e+09 1.1762747e+09 1.2537086e+09 1.4290223e-20 9.2146206e-21 1.1150995e-24
5743671.1 3.9278033e+16 5.5877562e+09 1.1752584e+09 1.2522639e+09 1.4244441e-20 9.1890909e-21 1.1091092e-24
5750700.4 3.9317311e+16 5.5876681e+09 1.1742429e+09 1.2508211e+09 1.4198809e-20 9.1636296e-21 1.1031513e-24
5757736.9 3.9356628e+16 5.5875802e+09 1.1732281e+09 1.2493803e+09 1.4153326e-20 9.1382366e-21 1.0972258e-24
5764780.5 3.9395985e+16 5.5874924e+09 1.1722141e+09 1.2479413e+09 1.410799e-20 9.1129116e-21 1.0913323e-24
5771831.2 3.9435381e+16 5.5874048e+09 1.1712009e+09 1.2465042e+09 1.4062803e-20 9.0876545e-21 1.0854708e-24
5778889.1 3.9474816e+16 5.5873174e+09 1.1701885e+09 1.2450691e+09 1.4017762e-20 9.0624651e-21 1.0796411e-24
5785954.2 3.9514291e+16 5.5872301e+09 1.1691768e+09 1.2436358e+09 1.3972869e-20 9.0373432e-21 1.073843e-24
5793026.4 3.9553806e+16 5.587143e+09 1.1681659e+09 1.2422044e+09 1.3928121e-20 9.0122887e-21 1.0680764e-24
5800105.9 3.9593359e+16 5.5870561e+09 1.1671557e+09 1.2407749e+09 1.388352e-20 8.9873013e-21 1.0623409e-24
5807192.5 3.9632953e+16 5.5869694e+09 1.1661463e+09 1.2393473e+09 1.3839064e-20 8.962381e-21 1.0566366e-24
5814286.3 3.9672586e+16 5.5868828e+09 1.1651377e+09 1.2379215e+09 1.3794752e-20 8.9375276e-21 1.0509632e-24
5821387.3 3.9712258e+16 5.5867965e+09 1.1641299e+09 1.2364977e+09 1.3750585e-20 8.9127408e-21 1.0453205e-24
5828495.6 3.9751971e+16 5.5867103e+09 1.1631228e+09 1.2350757e+09 1.3706561e-20 8.8880206e-21 1.0397084e-24
5835611 3.9791722e+16 5.5866242e+09 1.1621164e+09 1.2336556e+09 1.3662681e-20 8.8633666e-21 1.0341267e-24
5842733.7 3.9831514e+16 5.5865384e+09 1.1611109e+09 1.2322373e+09 1.3618944e-20 8.8387789e-21 1.0285753e-24
5849863.6 3.9871346e+16 5.5864527e+09 1.1601061e+09 1.2308209e+09 1.357535e-20 8.8142571e-21 1.0230539e-24
5857000.8 3.9911217e+16 5.5863671e+09 1.159102e+09 1.2294064e+09 1.3531897e-20 8.7898012e-21 1.0175625e-24
5864145.2 3.9951128e+16 5.5862818e+09 1.1580988e+09 1.2279938e+09 1.3488586e-20 8.765411e-21 1.0121008e-24
5871296.8 3.9991079e+16 5.5861966e+09 1.1570962e+09 1.2265829e+09 1.3445415e-20 8.7410863e-21 1.0066687e-24
5878455.7 4.003107e+16 5.5861116e+09 1.1560945e+09 1.225174e+09 1.3402386e-20 8.7168269e-21 1.001266e-24
5885621.9 4.0071102e+16 5.5860268e+09 1.1550935e+09 1.2237669e+09 1.3359496e-20 8.6926326e-21 9.9589257e-25
5892795.3 4.0111173e+16 5.5859421e+09 1.1540933e+09 1.2223616e+09 1.3316746e-20 8.6685034e-21 9.9054826e-25
5899976.1 4.0151284e+16 5.5858576e+09 1.1530938e+09 1.2209582e+09 1.3274135e-20 8.644439e-21 9.852329e-25
5907164.1 4.0191435e+16 5.5857733e+09 1.1520951e+09 1.2195566e+09 1.3231662e-20 8.6204392e-21 9.7994633e-25
5914359.4 4.0231627e+16 5.5856891e+09 1.1510971e+09 1.2181569e+09 1.3189328e-20 8.596504e-21 9.7468839e-25
5921562 4.0271858e+16 5.5856051e+09 1.1500999e+09 1.216759e+09 1.3147132e-20 8.5726331e-21 9.6945893e-25
5928772 4.031213e+16 5.5855213e+09 1.1491035e+09 1.2153629e+09 1.3105073e-20 8.5488264e-21 9.6425779e-25
5935989.2 4.0352442e+16 5.5854377e+09 1.1481078e+09 1.2139687e+09 1.3063151e-20 8.5250837e-21 9.5908481e-25
5943213.8 4.0392795e+16 5.5853542e+09 1.1471129e+09 1.2125763e+09 1.3021365e-20 8.5014049e-21 9.5393984e-25
5950445.7 4.0433187e+16 5.5852709e+09 1.1461187e+09 1.2111857e+09 1.2979715e-20 8.4777897e-21 9.4882273e-25
5957685 4.0473621e+16 5.5851877e+09 1.1451253e+09 1.2097969e+09 1.2938201e-20 8.4542381e-21 9.4373333e-25
5964931.6 4.0514094e+16 5.5851047e+09 1.1441327e+09 1.20841e+09 1.2896821e-20 8.4307498e-21 9.3867148e-25
5972185.5 4.0554608e+16 5.5850219e+09 1.1431408e+09 1.2070248e+09 1.2855576e-20 8.4073247e-21 9.3363703e-25
5979446.9 4.0595163e+16 5.5849393e+09 1.1421496e+09 1.2056415e+09 1.2814466e-20 8.3839627e-21 9.2862984e-25
5986715.5 4.0635758e+16 5.5848568e+09 1.1411592e+09 1.20426e+09 1.2773489e-20 8.3606635e-21 9.2364975e-25
5993991.6 4.0676394e+16 5.5847745e+09 1.1401696e+09 1.2028803e+09 1.2732645e-20 8.3374271e-21 9.1869663e-25
6001275 4.071707e+16 5.5846923e+09 1.1391807e+09 1.2015024e+09 1.2691934e-20 8.3142532e-21 9.1377031e-25
6008565.9 4.0757787e+16 5.5846103e+09 1.1381926e+09 1.2001263e+09 1.2651356e-20 8.2911417e-21 9.0887065e-25
6015864.1 4.0798545e+16 5.5845285e+09 1.1372052e+09 1.1987519e+09 1.2610909e-20 8.2680924e-21 9.0399752e-25
6023169.8 4.0839344e+16 5.5844468e+09 1.1362186e+09 1.1973794e+09 1.2570594e-20 8.2451053e-21 8.9915075e-25
6030482.8 4.0880183e+16 5.5843653e+09 1.1352327e+09 1.1960087e+09 1.253041e-20 8.22218e-21 8.9433022e-25
6037803.3 4.0921063e+16 5.584284e+09 1.1342476e+09 1.1946397e+09 1.2490356e-20 8.1993165e-21 8.8953577e-25
6045131.2 4.0961984e+16 5.5842028e+09 1.1332632e+09 1.1932726e+09 1.2450433e-20 8.1765146e-21 8.8476727e-25
6052466.5 4.1002946e+16 5.5841218e+09 1.1322796e+09 1.1919072e+09 1.241064e-20 8.1537741e-21 8.8002457e-25
6059809.3 4.1043949e+16 5.5840409e+09 1.1312967e+09 1.1905436e+09 1.2370976e-20 8.1310949e-21 8.7530752e-25
6067159.5 4.1084993e+16 5.5839603e+09 1.1303146e+09 1.1891818e+09 1.233144e-20 8.1084769e-21 8.70616e-25
6074517.2 4.1126078e+16 5.5838797e+09 1.1293332e+09 1.1878218e+09 1.2292034e-20 8.0859198e-21 8.6594986e-25
6081882.3 4.1167204e+16 5.5837994e+09 1.1283526e+09 1.1864635e+09 1.2252755e-20 8.0634235e-21 8.6130897e-25
6089254.9 4.1208371e+16 5.5837192e+09 1.1273727e+09 1.185107e+09 1.2213604e-20 8.0409879e-21 8.5669318e-25
6096635 4.124958e+16 5.5836391e+09 1.1263936e+09 1.1837523e+09 1.217458e-20 8.0186128e-21 8.5210235e-25
6104022.6 4.1290829e+16 5.5835592e+09 1.1254152e+09 1.1823993e+09 1.2135683e-20 7.9962981e-21 8.4753636e-25
6111417.7 4.133212e+16 5.5834795e+09 1.1244376e+09 1.1810481e+09 1.2096912e-20 7.9740435e-21 8.4299507e-25
6118820.3 4.1373452e+16 5.5834e+09 1.1234607e+09 1.1796986e+09 1.2058267e-20 7.951849e-21 8.3847833e-25
6126230.3 4.1414826e+16 5.5833205e+09 1.1224845e+09 1.1783509e+09 1.2019748e-20 7.9297144e-21 8.3398603e-25
6133647.9 4.1456241e+16 5.5832413e+09 1.1215091e+09 1.177005e+09 1.1981353e-20 7.9076395e-21 8.2951802e-25
6141073.1 4.1497697e+16 5.5831622e+09 1.1205345e+09 1.1756607e+09 1.1943084e-20 7.8856241e-21 8.2507417e-25
6148505.7 4.1539194e+16 5.5830833e+09 1.1195606e+09 1.1743183e+09 1.1904939e-20 7.8636682e-21 8.2065435e-25
6155945.9 4.1580734e+16 5.5830045e+09 1.1185874e+09 1.1729776e+09 1.1866917e-20 7.8417716e-21 8.1625842e-25
6163393.6 4.1622314e+16 5.5829259e+09 1.117615e+09 1.1716386e+09 1.1829019e-20 7.8199341e-21 8.1188627e-25
6170848.9 4.1663937e+16 5.5828474e+09 1.1166433e+09 1.1703014e+09 1.1791244e-20 7.7981555e-21 8.0753776e-25
6178311.8 4.1705601e+16 5.5827692e+09 1.1156724e+09 1.1689659e+09 1.1753592e-20 7.7764358e-21 8.0321275e-25
6185782.2 4.1747306e+16 5.582691e+09 1.1147022e+09 1.1676321e+09 1.1716062e-20 7.7547748e-21 7.9891112e-25
6193260.2 4.1789054e+16 5.582613e+09 1.1137327e+09 1.1663001e+09 1.1678654e-20 7.7331722e-21 7.9463275e-25
6200745.7 4.1830843e+16 5.5825352e+09 1.112764e+09 1.1649697e+09 1.1641367e-20 7.711628e-21 7.9037751e-25
6208238.9 4.1872673e+16 5.5824575e+09 1.1117961e+09 1.1636411e+09 1.1604202e-20 7.6901421e-21 7.8614527e-25
6215739.7 4.1914546e+16 5.58238e+09 1.1108288e+09 1.1623143e+09 1.1567157e-20 7.6687141e-21 7.819359e-25
6223248 4.1956461e+16 5.5823026e+09 1.1098623e+09 1.1609891e+09 1.1530232e-20 7.6473442e-21 7.7774928e-25
6230764 4.1998417e+16 5.5822254e+09 1.1088966e+09 1.1596657e+09 1.1493427e-20 7.6260319e-21 7.7358529e-25
6238287.6 4.2040416e+16 5.5821484e+09 1.1079316e+09 1.158344e+09 1.1456741e-20 7.6047773e-21 7.694438e-25
6245818.8 4.2082456e+16 5.5820715e+09 1.1069673e+09 1.157024e+09 1.1420175e-20 7.5835802e-21 7.6532469e-25
6253357.7 4.2124538e+16 5.5819947e+09 1.1060038e+09 1.1557057e+09 1.1383727e-20 7.5624403e-21 7.6122784e-25
6260904.2 4.2166663e+16 5.5819181e+09 1.105041e+09 1.1543891e+09 1.1347397e-20 7.5413577e-21 7.5715312e-25
6268458.4 4.220883e+16 5.5818417e+09 1.1040789e+09 1.1530742e+09 1.1311185e-20 7.5203321e-21 7.5310043e-25
6276020.2 4.2251038e+16 5.5817654e+09 1.1031176e+09 1.151761e+09 1.1275091e-20 7.4993633e-21 7.4906962e-25
6283589.6 4.229329e+16 5.5816893e+09 1.102157e+09 1.1504495e+09 1.1239114e-20 7.4784513e-21 7.450606e-25
6291166.8 4.2335583e+16 5.5816133e+09 1.1011972e+09 1.1491397e+09 1.1203253e-20 7.4575958e-21 7.4107323e-25
6298751.6 4.2377918e+16 5.5815375e+09 1.1002381e+09 1.1478315e+09 1.1167509e-20 7.4367968e-21 7.371074e-25
6306344.1 4.2420296e+16 5.5814618e+09 1.0992797e+09 1.1465251e+09 1.113188e-20 7.4160541e-21 7.3316299e-25
6313944.3 4.2462717e+16 5.5813863e+09 1.0983221e+09 1.1452204e+09 1.1096368e-20 7.3953676e-21 7.2923989e-25
6321552.3 4.2505179e+16 5.5813109e+09 1.0973652e+09 1.1439173e+09 1.106097e-20 7.374737e-21 7.2533798e-25
6329167.9 4.2547685e+16 5.5812357e+09 1.096409e+09 1.1426159e+09 1.1025687e-20 7.3541623e-21 7.2145714e-25
6336791.2 4.2590232e+16 5.5811606e+09 1.0954535e+09 1.1413162e+09 1.0990519e-20 7.3336433e-21 7.1759727e-25
6344422.3 4.2632822e+16 5.5810857e+09 1.0944988e+09 1.1400182e+09 1.0955464e-20 7.3131799e-21 7.1375823e-25
6352061.1 4.2675455e+16 5.5810109e+09 1.0935449e+09 1.1387219e+09 1.0920524e-20 7.2927719e-21 7.0993993e-25
6359707.7 4.2718131e+16 5.5809363e+09 1.0925916e+09 1.1374272e+09 1.0885696e-20 7.2724192e-21 7.0614224e-25
6367361.9 4.2760849e+16 5.5808618e+09 1.0916391e+09 1.1361342e+09 1.0850981e-20 7.2521217e-21 7.0236506e-25
6375024 4.280361e+16 5.5807875e+09 1.0906873e+09 1.1348428e+09 1.0816379e-20 7.2318791e-21 6.9860828e-25
6382693.8 4.2846413e+16 5.5807133e+09 1.0897363e+09 1.1335531e+09 1.0781889e-20 7.2116914e-21 6.9487178e-25
6390371.4 4.288926e+16 5.5806393e+09 1.088786e+09 1.1322651e+09 1.0747511e-20 7.1915584e-21 6.9115545e-25
6398056.8 4.2932149e+16 5.5805654e+09 1.0878364e+09 1.1309787e+09 1.0713245e-20 7.17148e-21 6.8745918e-25
6405749.9 4.2975081e+16 5.5804917e+09 1.0868875e+09 1.129694e+09 1.0679089e-20 7.151456e-21 6.8378286e-25
6413450.9 4.3018056e+16 5.5804181e+09 1.0859394e+09 1.128411e+09 1.0645044e-20 7.1314863e-21 6.8012639e-25
6421159.6 4.3061074e+16 5.5803446e+09 1.084992e+09 1.1271296e+09 1.0611109e-20 7.1115707e-21 6.7648966e-25
6428876.2 4.3104135e+16 5.5802713e+09 1.0840453e+09 1.1258498e+09 1.0577284e-20 7.0917092e-21 6.7287255e-25
6436600.6 4.3147239e+16 5.5801982e+09 1.0830994e+09 1.1245717e+09 1.0543569e-20 7.0719015e-21 6.6927497e-25
6444332.8 4.3190387e+16 5.5801252e+09 1.0821542e+09 1.1232952e+09 1.0509963e-20 7.0521475e-21 6.656968e-25
6452072.8 4.3233577e+16 5.5800523e+09 1.0812097e+09 1.1220204e+09 1.0476466e-20 7.0324472e-21 6.6213794e-25
6459820.7 4.3276811e+16 5.5799796e+09 1.0802659e+09 1.1207472e+09 1.0443077e-20 7.0128003e-21 6.5859828e-25
6467576.4 4.3320087e+16 5.5799071e+09 1.0793229e+09 1.1194756e+09 1.0409797e-20 6.9932067e-21 6.5507773e-25
6475340 4.3363408e+16 5.5798347e+09 1.0783806e+09 1.1182056e+09 1.0376624e-20 6.9736663e-21 6.5157617e-25
6483111.5 4.3406771e+16 5.5797624e+09 1.077439e+09 1.1169373e+09 1.0343559e-20 6.9541789e-21 6.480935e-25
6490890.8 4.3450178e+16 5.5796903e+09 1.0764981e+09 1.1156706e+09 1.0310601e-20 6.9347444e-21 6.4462963e-25
6498678 4.3493628e+16 5.5796183e+09 1.075558e+09 1.1144056e+09 1.0277749e-20 6.9153627e-21 6.4118444e-25
6506473.1 4.3537122e+16 5.5795464e+09 1.0746186e+09 1.1131422e+09 1.0245004e-20 6.8960336e-21 6.3775783e-25
6514276.1 4.3580659e+16 5.5794747e+09 1.0736799e+09 1.1118803e+09 1.0212365e-20 6.876757e-21 6.3434971e-25
6522086.9 4.3624239e+16 5.5794032e+09 1.0727419e+09 1.1106201e+09 1.0179832e-20 6.8575327e-21 6.3095997e-25
6529905.7 4.3667864e+16 5.5793318e+09 1.0718047e+09 1.1093615e+09 1.0147404e-20 6.8383607e-21 6.2758852e-25
6537732.5 4.3711531e+16 5.5792605e+09 1.0708681e+09 1.1081046e+09 1.0115081e-20 6.8192408e-21 6.2423525e-25
6545567.1 4.3755243e+16 5.5791894e+09 1.0699323e+09 1.1068492e+09 1.0082862e-20 6.8001728e-21 6.2090007e-25
6553409.7 4.3798998e+16 5.5791184e+09 1.0689973e+09 1.1055954e+09 1.0050748e-20 6.7811566e-21 6.1758287e-25
6561260.2 4.3842797e+16 5.5790476e+09 1.0680629e+09 1.1043433e+09 1.0018738e-20 6.7621921e-21 6.1428356e-25
6569118.7 4.388664e+16 5.5789769e+09 1.0671293e+09 1.1030927e+09 9.9868311e-21 6.7432791e-21 6.1100204e-25
6576985.1 4.3930527e+16 5.5789063e+09 1.0661963e+09 1.1018437e+09 9.9550277e-21 6.7244175e-21 6.0773822e-25
6584859.5 4.3974457e+16 5.5788359e+09 1.0652641e+09 1.1005964e+09 9.9233272e-21 6.7056072e-21 6.0449199e-25
6592741.9 4.4018432e+16 5.5787656e+09 1.0643327e+09 1.0993506e+09 9.8917293e-21 6.6868481e-21 6.0126326e-25
6600632.2 4.406245e+16 5.5786955e+09 1.0634019e+09 1.0981064e+09 9.8602336e-21 6.6681399e-21 5.9805195e-25
6608530.6 4.4106512e+16 5.5786255e+09 1.0624719e+09 1.0968638e+09 9.8288398e-21 6.6494827e-21 5.9485794e-25
6616436.9 4.4150619e+16 5.5785556e+09 1.0615425e+09 1.0956228e+09 9.7975476e-21 6.6308762e-21 5.9168116e-25
6624351.3 4.419477e+16 5.5784859e+09 1.0606139e+09 1.0943834e+09 9.7663566e-21 6.6123202e-21 5.8852149e-25
6632273.6 4.4238964e+16 5.5784163e+09 1.059686e+09 1.0931456e+09 9.7352665e-21 6.5938148e-21 5.8537886e-25
6640204 4.4283203e+16 5.5783469e+09 1.0587589e+09 1.0919093e+09 9.704277e-21 6.5753597e-21 5.8225317e-25
6648142.4 4.4327487e+16 5.5782776e+09 1.0578324e+09 1.0906746e+09 9.6733877e-21 6.5569549e-21 5.7914432e-25
6656088.9 4.4371814e+16 5.5782084e+09 1.0569067e+09 1.0894415e+09 9.6425983e-21 6.5386001e-21 5.7605223e-25
6664043.4 4.4416186e+16 5.5781394e+09 1.0559816e+09 1.08821e+09 9.6119085e-21 6.5202953e-21 5.729768e-25
6672005.9 4.4460602e+16 5.5780705e+09 1.0550573e+09 1.08698e+09 9.5813179e-21 6.5020403e-21 5.6991794e-25
6679976.5 4.4505063e+16 5.5780018e+09 1.0541337e+09 1.0857516e+09 9.5508262e-21 6.483835e-21 5.6687557e-25
6687955.2 4.4549568e+16 5.5779332e+09 1.0532108e+09 1.0845248e+09 9.5204331e-21 6.4656793e-21 5.6384959e-25
6695941.9 4.4594117e+16 5.5778647e+09 1.0522887e+09 1.0832995e+09 9.4901383e-21 6.447573e-21 5.6083991e-25
6703936.8 4.4638711e+16 5.5777964e+09 1.0513672e+09 1.0820758e+09 9.4599414e-21 6.429516e-21 5.5784645e-25
6711939.7 4.468335e+16 5.5777282e+09 1.0504465e+09 1.0808536e+09 9.4298422e-21 6.4115082e-21 5.5486912e-25
6719950.7 4.4728033e+16 5.5776601e+09 1.0495264e+09 1.079633e+09 9.3998402e-21 6.3935495e-21 5.5190782e-25
6727969.9 4.4772761e+16 5.5775922e+09 1.0486071e+09 1.078414e+09 9.3699352e-21 6.3756396e-21 5.4896248e-25
6735997.1 4.4817534e+16 5.5775244e+09 1.0476885e+09 1.0771965e+09 9.3401269e-21 6.3577786e-21 5.46033e-25
6744032.5 4.4862352e+16 5.5774567e+09 1.0467706e+09 1.0759805e+09 9.3104149e-21 6.3399663e-21 5.4311931e-25
6752076 4.4907214e+16 5.5773892e+09 1.0458534e+09 1.0747661e+09 9.2807989e-21 6.3222025e-21 5.402213e-25
6760127.7 4.4952121e+16 5.5773218e+09 1.0449369e+09 1.0735532e+09 9.2512787e-21 6.3044871e-21 5.373389e-25
6768187.5 4.4997073e+16 5.5772546e+09 1.0440212e+09 1.0723419e+09 9.2218538e-21 6.2868199e-21 5.3447203e-25
6776255.4 4.5042071e+16 5.5771875e+09 1.0431061e+09 1.0711321e+09 9.192524e-21 6.269201e-21 5.3162059e-25
6784331.6 4.5087113e+16 5.5771205e+09 1.0421917e+09 1.0699239e+09 9.163289e-21 6.2516301e-21 5.2878451e-25
6792415.9 4.51322e+16 5.5770536e+09 1.0412781e+09 1.0687172e+09 9.1341484e-21 6.2341071e-21 5.259637e-25
6800508.4 4.5177332e+16 5.5769869e+09 1.0403652e+09 1.067512e+09 9.105102e-21 6.2166319e-21 5.2315808e-25
6808609 4.5222509e+16 5.5769203e+09 1.0394529e+09 1.0663083e+09 9.0761494e-21 6.1992044e-21 5.2036757e-25
6816717.9 4.5267732e+16 5.5768539e+09 1.0385414e+09 1.0651062e+09 9.0472903e-21 6.1818243e-21 5.1759208e-25
6824835 4.5313e+16 5.5767876e+09 1.0376306e+09 1.0639056e+09 9.0185245e-21 6.1644917e-21 5.1483153e-25
6832960.2 4.5358313e+16 5.5767214e+09 1.0367205e+09 1.0627065e+09 8.9898515e-21 6.1472064e-21 5.1208584e-25
6841093.8 4.5403671e+16 5.5766553e+09 1.0358111e+09 1.0615089e+09 8.9612712e-21 6.1299683e-21 5.0935493e-25
6849235.5 4.5449074e+16 5.5765894e+09 1.0349024e+09 1.0603129e+09 8.9327831e-21 6.1127772e-21 5.0663872e-25
6857385.5 4.5494524e+16 5.5765236e+09 1.0339944e+09 1.0591183e+09 8.9043871e-21 6.095633e-21 5.0393713e-25
6865543.7 4.5540018e+16 5.576458e+09 1.0330871e+09 1.0579253e+09 8.8760827e-21 6.0785357e-21 5.0125008e-25
6873710.2 4.5585558e+16 5.5763924e+09 1.0321805e+09 1.0567338e+09 8.8478697e-21 6.0614849e-21 4.9857749e-25
6881884.9 4.5631144e+16 5.576327e+09 1.0312747e+09 1.0555438e+09 8.8197478e-21 6.0444808e-21 4.9591929e-25
6890067.9 4.5676775e+16 5.5762618e+09 1.0303695e+09 1.0543553e+09 8.7917167e-21 6.0275231e-21 4.9327539e-25
6898259.2 4.5722452e+16 5.5761966e+09 1.029465e+09 1.0531683e+09 8.7637761e-21 6.0106116e-21 4.9064571e-25
6906458.8 4.5768174e+16 5.5761316e+09 1.0285612e+09 1.0519828e+09 8.7359257e-21 5.9937464e-21 4.8803019e-25
6914666.7 4.5813942e+16 5.5760668e+09 1.0276582e+09 1.0507988e+09 8.7081652e-21 5.9769273e-21 4.8542874e-25
6922882.8 4.5859756e+16 5.576002e+09 1.0267558e+09 1.0496163e+09 8.6804943e-21 5.960154e-21 4.8284128e-25
6931107.3 4.5905616e+16 5.5759374e+09 1.0258541e+09 1.0484353e+09 8.6529127e-21 5.9434267e-21 4.8026775e-25
6939340.1 4.5951522e+16 5.5758729e+09 1.0249532e+09 1.0472558e+09 8.6254201e-21 5.926745e-21 4.7770806e-25
6947581.3 4.5997473e+16 5.5758086e+09 1.0240529e+09 1.0460778e+09 8.5980163e-21 5.9101089e-21 4.7516214e-25
6955830.7 4.6043471e+16 5.5757443e+09 1.0231534e+09 1.0449012e+09 8.5707008e-21 5.8935182e-21 4.7262991e-25
6964088.6 4.6089514e+16 5.5756802e+09 1.0222545e+09 1.0437262e+09 8.5434735e-21 5.8769729e-21 4.7011131e-25
6972354.7 4.6135604e+16 5.5756163e+09 1.0213563e+09 1.0425526e+09 8.5163341e-21 5.8604729e-21 4.6760625e-25
6980629.3 4.6181739e+16 5.5755524e+09 1.0204588e+09 1.0413805e+09 8.4892822e-21 5.8440179e-21 4.6511466e-25
6988912.2 4.6227921e+16 5.5754887e+09 1.0195621e+09 1.0402099e+09 8.4623176e-21 5.827608e-21 4.6263647e-25
6997203.4 4.6274149e+16 5.5754251e+09 1.018666e+09 1.0390407e+09 8.4354399e-21 5.8112429e-21 4.6017161e-25
7005503.1 4.6320423e+16 5.5753617e+09 1.0177706e+09 1.0378731e+09 8.408649e-21 5.7949226e-21 4.5772001e-25
7013811.1 4.6366743e+16 5.5752983e+09 1.016876e+09 1.0367069e+09 8.3819445e-21 5.7786469e-21 4.5528159e-25
7022127.6 4.641311e+16 5.5752351e+09 1.015982e+09 1.0355422e+09 8.3553261e-21 5.7624157e-21 4.5285628e-25
7030452.5 4.6459523e+16 5.575172e+09 1.0150887e+09 1.0343789e+09 8.3287936e-21 5.7462289e-21 4.50444e-25
7038785.8 4.6505983e+16 5.5751091e+09 1.0141961e+09 1.0332171e+09 8.3023466e-21 5.7300864e-21 4.480447e-25
7047127.5 4.6552489e+16 5.5750462e+09 1.0133042e+09 1.0320568e+09 8.2759849e-21 5.7139881e-21 4.456583e-25
7055477.6 4.6599041e+16 5.5749835e+09 1.012413e+09 1.0308979e+09 8.2497083e-21 5.6979339e-21 4.4328472e-25
7063836.2 4.664564e+16 5.5749209e+09 1.0115225e+09 1.0297405e+09 8.2235163e-21 5.6819236e-21 4.4092391e-25
7072203.3 4.6692286e+16 5.5748585e+09 1.0106327e+09 1.0285846e+09 8.1974088e-21 5.6659571e-21 4.3857578e-25
7080578.8 4.6738978e+16 5.5747962e+09 1.0097436e+09 1.0274301e+09 8.1713855e-21 5.6500343e-21 4.3624028e-25
7088962.8 4.6785717e+16 5.5747339e+09 1.0088551e+09 1.026277e+09 8.145446e-21 5.6341551e-21 4.3391733e-25
7097355.2 4.6832503e+16 5.5746719e+09 1.0079674e+09 1.0251254e+09 8.1195902e-21 5.6183194e-21 4.3160686e-25
7105756.2 4.6879335e+16 5.5746099e+09 1.0070804e+09 1.0239753e+09 8.0938178e-21 5.602527e-21 4.2930881e-25
7114165.6 4.6926215e+16 5.5745481e+09 1.006194e+09 1.0228265e+09 8.0681284e-21 5.5867779e-21 4.2702311e-25
7122583.6 4.6973141e+16 5.5744863e+09 1.0053084e+09 1.0216793e+09 8.0425218e-21 5.571072e-21 4.2474969e-25
7131010 4.7020114e+16 5.5744248e+09 1.0044234e+09 1.0205335e+09 8.0169977e-21 5.555409e-21 4.2248848e-25
7139445 4.7067134e+16 5.5743633e+09 1.0035391e+09 1.0193891e+09 7.9915559e-21 5.539789e-21 4.2023943e-25
7147888.5 4.7114201e+16 5.5743019e+09 1.0026555e+09 1.0182461e+09 7.966196e-21 5.5242118e-21 4.1800246e-25
7156340.5 4.7161315e+16 5.5742407e+09 1.0017726e+09 1.0171046e+09 7.9409179e-21 5.5086772e-21 4.157775e-25
7164801.1 4.7208477e+16 5.5741796e+09 1.0008904e+09 1.0159645e+09 7.9157213e-21 5.4931852e-21 4.135645e-25
7173270.2 4.7255685e+16 5.5741186e+09 1.0000089e+09 1.0148259e+09 7.8906058e-21 5.4777357e-21 4.1136339e-25
7181747.9 4.7302941e+16 5.5740578e+09 9.9912808e+08 1.0136886e+09 7.8655712e-21 5.4623286e-21 4.091741e-25
7190234.2 4.7350244e+16 5.5739971e+09 9.9824794e+08 1.0125528e+09 7.8406173e-21 5.4469636e-21 4.0699657e-25
7198729 4.7397594e+16 5.5739364e+09 9.9736849e+08 1.0114184e+09 7.8157438e-21 5.4316408e-21 4.0483074e-25
7207232.5 4.7444992e+16 5.573876e+09 9.9648972e+08 1.0102855e+09 7.7909504e-21 5.41636e-21 4.0267654e-25
7215744.5 4.7492437e+16 5.5738156e+09 9.9561164e+08 1.0091539e+09 7.7662368e-21 5.4011212e-21 4.005339e-25
7224265.1 4.7539929e+16 5.5737553e+09 9.9473425e+08 1.0080238e+09 7.7416029e-21 5.3859241e-21 3.9840278e-25
7232794.4 4.7587469e+16 5.5736952e+09 9.9385754e+08 1.0068951e+09 7.7170482e-21 5.3707686e-21 3.9628309e-25
7241332.2 4.7635057e+16 5.5736352e+09 9.9298152e+08 1.0057678e+09 7.6925727e-21 5.3556548e-21 3.9417479e-25
7249878.7 4.7682692e+16 5.5735753e+09 9.9210618e+08 1.0046419e+09 7.668176e-21 5.3405824e-21 3.9207781e-25
7258433.9 4.7730374e+16 5.5735155e+09 9.9123153e+08 1.0035175e+09 7.6438578e-21 5.3255514e-21 3.8999209e-25
7266997.7 4.7778105e+16 5.5734559e+09 9.9035756e+08 1.0023944e+09 7.6196179e-21 5.3105616e-21 3.8791757e-25
7275570.1 4.7825883e+16 5.5733963e+09 9.8948428e+08 1.0012727e+09 7.5954561e-21 5.295613e-21 3.8585418e-25
7284151.2 4.7873709e+16 5.5733369e+09 9.8861168e+08 1.0001525e+09 7.5713721e-21 5.2807054e-21 3.8380187e-25
7292741 4.7921582e+16 5.5732776e+09 9.8773976e+08 9.990336e+08 7.5473656e-21 5.2658387e-21 3.8176058e-25
7301339.4 4.7969504e+16 5.5732184e+09 9.8686852e+08 9.9791613e+08 7.5234364e-21 5.2510128e-21 3.7973024e-25
7309946.6 4.8017473e+16 5.5731594e+09 9.8599797e+08 9.9680006e+08 7.4995842e-21 5.2362276e-21 3.7771081e-25
7318562.4 4.8065491e+16 5.5731004e+09 9.851281e+08 9.9568538e+08 7.4758088e-21 5.2214831e-21 3.7570221e-25
7327187 4.8113556e+16 5.5730416e+09 9.8425891e+08 9.945721e+08 7.4521099e-21 5.206779e-21 3.7370439e-25
7335820.2 4.816167e+16 5.5729829e+09 9.833904e+08 9.934602e+08 7.4284872e-21 5.1921152e-21 3.7171729e-25
7344462.2 4.8209832e+16 5.5729243e+09 9.8252257e+08 9.9234969e+08 7.4049406e-21 5.1774918e-21 3.6974085e-25
7353113 4.8258042e+16 5.5728659e+09 9.8165542e+08 9.9124057e+08 7.3814698e-21 5.1629085e-21 3.6777502e-25
7361772.4 4.83063e+16 5.5728075e+09 9.8078896e+08 9.9013283e+08 7.3580745e-21 5.1483653e-21 3.6581974e-25
7370440.6 4.8354606e+16 5.5727493e+09 9.7992317e+08 9.8902647e+08 7.3347545e-21 5.1338621e-21 3.6387495e-25
7379117.6 4.840296e+16 5.5726911e+09 9.7905806e+08 9.8792149e+08 7.3115095e-21 5.1193987e-21 3.619406e-25
7387803.4 4.8451363e+16 5.5726331e+09 9.7819362e+08 9.8681789e+08 7.2883392e-21 5.104975e-21 3.6001662e-25
7396497.9 4.8499815e+16 5.5725752e+09 9.7732987e+08 9.8571566e+08 7.2652436e-21 5.090591e-21 3.5810296e-25
7405201.2 4.8548315e+16 5.5725175e+09 9.7646679e+08 9.846148e+08 7.2422222e-21 5.0762465e-21 3.5619957e-25
7413913.3 4.8596863e+16 5.5724598e+09 9.756044e+08 9.8351532e+08 7.2192748e-21 5.0619415e-21 3.5430639e-25
7422634.2 4.864546e+16 5.5724022e+09 9.7474267e+08 9.824172e+08 7.1964013e-21 5.0476758e-21 3.5242336e-25
7431363.9 4.8694105e+16 5.5723448e+09 9.7388163e+08 9.8132046e+08 7.1736014e-21 5.0334493e-21 3.5055044e-25
7440102.4 4.8742799e+16 5.5722875e+09 9.7302126e+08 9.8022507e+08 7.1508747e-21 5.0192619e-21 3.4868756e-25
7448849.8 4.8791542e+16 5.5722303e+09 9.7216156e+08 9.7913105e+08 7.1282212e-21 5.0051135e-21 3.4683466e-25
7457606 4.8840334e+16 5.5721732e+09 9.7130254e+08 9.7803839e+08 7.1056405e-21 4.9910041e-21 3.4499171e-25
7466371 4.8889174e+16 5.5721162e+09 9.704442e+08 9.7694709e+08 7.0831324e-21 4.9769335e-21 3.4315864e-25
7475144.9 4.8938063e+16 5.5720594e+09 9.6958653e+08 9.7585714e+08 7.0606967e-21 4.9629015e-21 3.4133539e-25
7483927.7 4.8987001e+16 5.5720026e+09 9.6872953e+08 9.7476855e+08 7.0383331e-21 4.9489082e-21 3.3952193e-25
7492719.3 4.9035988e+16 5.571946e+09 9.6787321e+08 9.7368132e+08 7.0160415e-21 4.9349534e-21 3.3771818e-25
7501519.8 4.9085024e+16 5.5718895e+09 9.6701756e+08 9.7259543e+08 6.9938214e-21 4.9210369e-21 3.3592411e-25
7510329.2 4.9134109e+16 5.571833e+09 9.6616258e+08 9.7151089e+08 6.9716729e-21 4.9071588e-21 3.3413966e-25
7519147.5 4.9183243e+16 5.5717767e+09 9.6530828e+08 9.704277e+08 6.9495955e-21 4.8933189e-21 3.3236477e-25
7527974.7 4.9232427e+16 5.5717206e+09 9.6445465e+08 9.6934585e+08 6.927589e-21 4.879517e-21 3.3059939e-25
7536810.9 4.9281659e+16 5.5716645e+09 9.6360168e+08 9.6826535e+08 6.9056534e-21 4.8657532e-21 3.2884348e-25
7545655.9 4.9330941e+16 5.5716085e+09 9.6274939e+08 9.6718619e+08 6.8837882e-21 4.8520272e-21 3.2709698e-25
7554509.9 4.9380272e+16 5.5715527e+09 9.6189777e+08 9.6610836e+08 6.8619932e-21 4.8383391e-21 3.2535984e-25
7563372.8 4.9429652e+16 5.5714969e+09 9.6104682e+08 9.6503187e+08 6.8402683e-21 4.8246886e-21 3.2363201e-25
7572244.7 4.9479082e+16 5.5714413e+09 9.6019654e+08 9.6395672e+08 6.8186133e-21 4.8110757e-21 3.2191344e-25
7581125.5 4.9528561e+16 5.5713858e+09 9.5934693e+08 9.628829e+08 6.7970277e-21 4.7975003e-21 3.2020408e-25
7590015.4 4.9578089e+16 5.5713304e+09 9.5849799e+08 9.6181041e+08 6.7755116e-21 4.7839623e-21 3.1850388e-25
7598914.1 4.9627667e+16 5.5712751e+09 9.5764972e+08 9.6073925e+08 6.7540646e-21 4.7704616e-21 3.1681279e-25
7607821.9 4.9677295e+16 5.5712199e+09 9.5680211e+08 9.5966941e+08 6.7326865e-21 4.7569981e-21 3.1513076e-25
7616738.7 4.9726972e+16 5.5711648e+09 9.5595517e+08 9.5860091e+08 6.711377e-21 4.7435717e-21 3.1345774e-25
7625664.5 4.9776699e+16 5.5711099e+09 9.551089e+08 9.5753372e+08 6.690136e-21 4.7301823e-21 3.1179368e-25
7634599.3 4.9826476e+16 5.571055e+09 9.542633e+08 9.5646785e+08 6.6689633e-21 4.7168298e-21 3.1013854e-25
7643543.1 4.9876302e+16 5.5710003e+09 9.5341836e+08 9.5540331e+08 6.6478585e-21 4.7035141e-21 3.0849227e-25
7652495.9 4.9926179e+16 5.5709456e+09 9.5257409e+08 9.5434008e+08 6.6268215e-21 4.6902351e-21 3.0685481e-25
7661457.8 4.9976105e+16 5.5708911e+09 9.5173049e+08 9.5327816e+08 6.6058521e-21 4.6769927e-21 3.0522613e-25
7670428.7 5.0026081e+16 5.5708367e+09 9.5088755e+08 9.5221756e+08 6.58495e-21 4.6637868e-21 3.0360616e-25
7679408.7 5.0076107e+16 5.5707824e+09 9.5004527e+08 9.5115827e+08 6.5641151e-21 4.6506173e-21 3.0199488e-25
7688397.8 5.0126183e+16 5.5707282e+09 9.4920366e+08 9.5010029e+08 6.543347e-21 4.6374841e-21 3.0039222e-25
7697395.9 5.0176309e+16 5.5706741e+09 9.4836271e+08 9.4904362e+08 6.5226456e-21 4.6243872e-21 2.9879815e-25
7706403.2 5.0226486e+16 5.5706201e+09 9.4752243e+08 9.4798825e+08 6.5020107e-21 4.6113264e-21 2.9721261e-25
7715419.5 5.0276712e+16 5.5705662e+09 9.4668281e+08 9.4693419e+08 6.481442e-21 4.5983016e-21 2.9563556e-25
7724444.9 5.0326989e+16 5.5705124e+09 9.4584385e+08 9.4588143e+08 6.4609394e-21 4.5853127e-21 2.9406696e-25
7733479.4 5.0377316e+16 5.5704588e+09 9.4500556e+08 9.4482996e+08 6.4405026e-21 4.5723596e-21 2.9250676e-25
7742523.1 5.0427693e+16 5.5704052e+09 9.4416793e+08 9.437798e+08 6.4201313e-21 4.5594423e-21 2.9095491e-25
7751575.9 5.0478121e+16 5.5703518e+09 9.4333095e+08 9.4273093e+08 6.3998255e-21 4.5465607e-21 2.8941136e-25
7760637.8 5.0528599e+16 5.5702984e+09 9.4249464e+08 9.4168336e+08 6.3795848e-21 4.5337146e-21 2.8787608e-25
7769708.9 5.0579128e+16 5.5702452e+09 9.41659e+08 9.4063707e+08 6.3594091e-21 4.5209039e-21 2.8634902e-25
7778789.1 5.0629707e+16 5.5701921e+09 9.4082401e+08 9.3959208e+08 6.3392982e-21 4.5081286e-21 2.8483013e-25
7787878.5 5.0680336e+16 5.570139e+09 9.3998968e+08 9.3854838e+08 6.3192517e-21 4.4953886e-21 2.8331937e-25
7796977.1 5.0731017e+16 5.5700861e+09 9.3915601e+08 9.3750596e+08 6.2992696e-21 4.4826838e-21 2.818167e-25
7806084.9 5.0781748e+16 5.5700333e+09 9.38323e+08 9.3646483e+08 6.2793516e-21 4.470014e-21 2.8032207e-25
7815201.8 5.083253e+16 5.5699806e+09 9.3749064e+08 9.3542497e+08 6.2594975e-21 4.4573792e-21 2.7883544e-25
7824328 5.0883362e+16 5.569928e+09 9.3665895e+08 9.3438641e+08 6.2397072e-21 4.4447793e-21 2.7735676e-25
7833463.3 5.0934245e+16 5.5698755e+09 9.3582792e+08 9.3334911e+08 6.2199803e-21 4.4322142e-21 2.75886e-25
7842607.9 5.098518e+16 5.5698231e+09 9.3499754e+08 9.323131e+08 6.2003166e-21 4.4196838e-21 2.744231e-25
7851761.8 5.1036165e+16 5.5697708e+09 9.3416782e+08 9.3127836e+08 6.1807161e-21 4.407188e-21 2.7296804e-25
7860924.8 5.1087201e+16 5.5697186e+09 9.3333875e+08 9.302449e+08 6.1611784e-21 4.3947268e-21 2.7152076e-25
7870097.1 5.1138288e+16 5.5696665e+09 9.3251034e+08 9.292127e+08 6.1417034e-21 4.3822999e-21 2.7008122e-25
7879278.7 5.1189426e+16 5.5696145e+09 9.3168259e+08 9.2818178e+08 6.1222909e-21 4.3699074e-21 2.6864938e-25
7888469.5 5.1240616e+16 5.5695627e+09 9.3085549e+08 9.2715212e+08 6.1029406e-21 4.3575492e-21 2.672252e-25
7897669.7 5.1291857e+16 5.5695109e+09 9.3002905e+08 9.2612373e+08 6.0836523e-21 4.3452251e-21 2.6580864e-25
7906879.1 5.1343148e+16 5.5694592e+09 9.2920326e+08 9.2509661e+08 6.0644259e-21 4.332935e-21 2.6439966e-25
7916097.8 5.1394492e+16 5.5694077e+09 9.2837813e+08 9.2407074e+08 6.0452612e-21 4.320679e-21 2.6299821e-25
7925325.8 5.1445886e+16 5.5693562e+09 9.2755365e+08 9.2304614e+08 6.0261579e-21 4.3084568e-21 2.6160426e-25
7934563.1 5.1497332e+16 5.5693048e+09 9.2672983e+08 9.2202279e+08 6.0071158e-21 4.2962684e-21 2.6021777e-25
7943809.7 5.1548829e+16 5.5692536e+09 9.2590665e+08 9.210007e+08 5.9881348e-21 4.2841137e-21 2.5883868e-25
7953065.7 5.1600378e+16 5.5692024e+09 9.2508413e+08 9.1997987e+08 5.9692147e-21 4.2719927e-21 2.5746698e-25
7962331 5.1651978e+16 5.5691514e+09 9.2426227e+08 9.1896029e+08 5.9503552e-21 4.2599051e-21 2.5610261e-25
7971605.6 5.170363e+16 5.5691004e+09 9.2344105e+08 9.1794196e+08 5.9315561e-21 4.247851e-21 2.5474553e-25
7980889.7 5.1755334e+16 5.5690496e+09 9.2262048e+08 9.1692488e+08 5.9128173e-21 4.2358302e-21 2.5339571e-25
7990183 5.1807089e+16 5.5689988e+09 9.2180057e+08 9.1590905e+08 5.8941386e-21 4.2238427e-21 2.520531e-25
7999485.8 5.1858896e+16 5.5689482e+09 9.2098131e+08 9.1489446e+08 5.8755197e-21 4.2118883e-21 2.5071768e-25
8008798 5.1910755e+16 5.5688976e+09 9.2016269e+08 9.1388112e+08 5.8569605e-21 4.199967e-21 2.4938939e-25
8018119.5 5.1962666e+16 5.5688472e+09 9.1934473e+08 9.1286902e+08 5.8384607e-21 4.1880787e-21 2.480682e-25
8027450.5 5.2014629e+16 5.5687968e+09 9.1852742e+08 9.1185816e+08 5.8200203e-21 4.1762233e-21 2.4675408e-25
8036790.8 5.2066643e+16 5.5687466e+09 9.1771075e+08 9.1084853e+08 5.8016389e-21 4.1644007e-21 2.4544698e-25
8046140.6 5.211871e+16 5.5686964e+09 9.1689473e+08 9.0984015e+08 5.7833164e-21 4.1526108e-21 2.4414686e-25
8055499.9 5.2170829e+16 5.5686464e+09 9.1607937e+08 9.08833e+08 5.7650526e-21 4.1408536e-21 2.428537e-25
8064868.5 5.2223e+16 5.5685964e+09 9.1526464e+08 9.0782708e+08 5.7468474e-21 4.1291289e-21 2.4156744e-25
8074246.7 5.2275223e+16 5.5685466e+09 9.1445057e+08 9.068224e+08 5.7287004e-21 4.1174367e-21 2.4028806e-25
8083634.2 5.2327498e+16 5.5684968e+09 9.1363715e+08 9.0581894e+08 5.7106116e-21 4.1057768e-21 2.3901552e-25
8093031.3 5.2379825e+16 5.5684472e+09 9.1282437e+08 9.0481671e+08 5.6925807e-21 4.0941493e-21 2.3774977e-25
8102437.8 5.2432205e+16 5.5683976e+09 9.1201223e+08 9.0381571e+08 5.6746076e-21 4.0825539e-21 2.3649079e-25
8111853.9 5.2484637e+16 5.5683482e+09 9.1120074e+08 9.0281593e+08 5.656692e-21 4.0709907e-21 2.3523853e-25
8121279.4 5.2537122e+16 5.5682988e+09 9.103899e+08 9.0181738e+08 5.6388338e-21 4.0594594e-21 2.3399297e-25
8130714.4 5.2589659e+16 5.5682496e+09 9.095797e+08 9.0082004e+08 5.6210328e-21 4.0479602e-21 2.3275406e-25
8140159 5.2642249e+16 5.5682004e+09 9.0877015e+08 8.9982393e+08 5.6032888e-21 4.0364927e-21 2.3152177e-25
8149613.1 5.2694891e+16 5.5681514e+09 9.0796124e+08 8.9882903e+08 5.5856016e-21 4.0250571e-21 2.3029606e-25
8159076.7 5.2747586e+16 5.5681024e+09 9.0715297e+08 8.9783534e+08 5.567971e-21 4.0136531e-21 2.2907689e-25
8168549.9 5.2800334e+16 5.5680536e+09 9.0634535e+08 8.9684287e+08 5.5503969e-21 4.0022808e-21 2.2786424e-25
8178032.6 5.2853134e+16 5.5680048e+09 9.0553837e+08 8.9585162e+08 5.5328791e-21 3.99094e-21 2.2665807e-25
8187524.9 5.2905987e+16 5.5679561e+09 9.0473204e+08 8.9486157e+08 5.5154173e-21 3.9796305e-21 2.2545834e-25
8197026.8 5.2958893e+16 5.5679075e+09 9.0392634e+08 8.9387273e+08 5.4980114e-21 3.9683525e-21 2.2426501e-25
8206538.2 5.3011852e+16 5.5678591e+09 9.0312129e+08 8.928851e+08 5.4806612e-21 3.9571057e-21 2.2307806e-25
8216059.3 5.3064864e+16 5.5678107e+09 9.0231688e+08 8.9189867e+08 5.4633666e-21 3.9458901e-21 2.2189744e-25
8225589.9 5.3117929e+16 5.5677624e+09 9.0151311e+08 8.9091345e+08 5.4461274e-21 3.9347056e-21 2.2072313e-25
8235130.2 5.3171047e+16 5.5677142e+09 9.0070998e+08 8.8992942e+08 5.4289433e-21 3.9235521e-21 2.1955509e-25
8244680.1 5.3224218e+16 5.5676661e+09 8.9990749e+08 8.889466e+08 5.4118141e-21 3.9124295e-21 2.1839329e-25
8254239.6 5.3277442e+16 5.5676181e+09 8.9910564e+08 8.8796497e+08 5.3947399e-21 3.9013378e-21 2.1723768e-25
8263808.8 5.3330719e+16 5.5675702e+09 8.9830442e+08 8.8698455e+08 5.3777202e-21 3.8902769e-21 2.1608825e-25
8273387.6 5.338405e+16 5.5675224e+09 8.9750385e+08 8.8600531e+08 5.360755e-21 3.8792466e-21 2.1494496e-25
8282976.1 5.3437434e+16 5.5674747e+09 8.9670392e+08 8.8502727e+08 5.3438441e-21 3.8682469e-21 2.1380776e-25
8292574.2 5.3490871e+16 5.5674271e+09 8.9590462e+08 8.8405042e+08 5.3269873e-21 3.8572778e-21 2.1267664e-25
8302182 5.3544362e+16 5.5673796e+09 8.9510596e+08 8.8307476e+08 5.3101844e-21 3.8463391e-21 2.1155155e-25
8311799.5 5.3597907e+16 5.5673322e+09 8.9430794e+08 8.8210029e+08 5.2934353e-21 3.8354307e-21 2.1043247e-25
8321426.8 5.3651505e+16 5.5672848e+09 8.9351056e+08 8.81127e+08 5.2767397e-21 3.8245526e-21 2.0931936e-25
8331063.7 5.3705156e+16 5.5672376e+09 8.9271381e+08 8.801549e+08 5.2600976e-21 3.8137047e-21 2.0821219e-25
8340710.3 5.3758861e+16 5.5671905e+09 8.919177e+08 8.7918398e+08 5.2435086e-21 3.8028869e-21 2.0711093e-25
8350366.7 5.381262e+16 5.5671434e+09 8.9112223e+08 8.7821424e+08 5.2269728e-21 3.7920992e-21 2.0601555e-25
8360032.8 5.3866433e+16 5.5670965e+09 8.9032739e+08 8.7724568e+08 5.2104898e-21 3.7813414e-21 2.0492601e-25
8369708.7 5.3920299e+16 5.5670496e+09 8.8953318e+08 8.7627829e+08 5.1940595e-21 3.7706134e-21 2.0384228e-25
8379394.3 5.3974219e+16 5.5670028e+09 8.8873961e+08 8.7531209e+08 5.1776818e-21 3.7599153e-21 2.0276433e-25
8389089.7 5.4028194e+16 5.5669562e+09 8.8794667e+08 8.7434706e+08 5.1613564e-21 3.7492468e-21 2.0169214e-25
8398794.8 5.4082222e+16 5.5669096e+09 8.8715437e+08 8.733832e+08 5.1450833e-21 3.738608e-21 2.0062567e-25
8408509.8 5.4136304e+16 5.5668631e+09 8.863627e+08 8.7242051e+08 5.1288622e-21 3.7279988e-21 1.9956488e-25
8418234.5 5.419044e+16 5.5668167e+09 8.8557166e+08 8.7145899e+08 5.1126929e-21 3.717419e-21 1.9850975e-25
8427969.1 5.4244631e+16 5.5667704e+09 8.8478126e+08 8.7049863e+08 5.0965753e-21 3.7068686e-21 1.9746026e-25
8437713.4 5.4298875e+16 5.5667242e+09 8.8399149e+08 8.6953945e+08 5.0805093e-21 3.6963475e-21 1.9641635e-25
8447467.6 5.4353174e+16 5.5666781e+09 8.8320234e+08 8.6858142e+08 5.0644946e-21 3.6858556e-21 1.9537802e-25
8457231.6 5.4407527e+16 5.566632e+09 8.8241384e+08 8.6762456e+08 5.0485311e-21 3.6753929e-21 1.9434523e-25
8467005.5 5.4461935e+16 5.5665861e+09 8.8162596e+08 8.6666886e+08 5.0326186e-21 3.6649593e-21 1.9331794e-25
8476789.2 5.4516397e+16 5.5665403e+09 8.8083871e+08 8.6571432e+08 5.016757e-21 3.6545547e-21 1.9229613e-25
8486582.8 5.4570913e+16 5.5664945e+09 8.8005209e+08 8.6476094e+08 5.000946e-21 3.6441789e-21 1.9127976e-25
8496386.3 5.4625484e+16 5.5664489e+09 8.792661e+08 8.6380871e+08 4.9851856e-21 3.6338321e-21 1.9026882e-25
8506199.6 5.468011e+16 5.5664033e+09 8.7848074e+08 8.6285764e+08 4.9694756e-21 3.623514e-21 1.8926327e-25
8516022.9 5.473479e+16 5.5663578e+09 8.7769601e+08 8.6190772e+08 4.9538158e-21 3.6132245e-21 1.8826308e-25
8525856 5.4789525e+16 5.5663124e+09 8.7691191e+08 8.6095895e+08 4.938206e-21 3.6029637e-21 1.8726822e-25
8535699.1 5.4844314e+16 5.5662671e+09 8.7612844e+08 8.6001133e+08 4.922646e-21 3.5927314e-21 1.8627866e-25
8545552 5.4899158e+16 5.5662219e+09 8.7534559e+08 8.5906486e+08 4.9071358e-21 3.5825276e-21 1.8529438e-25
8555414.9 5.4954058e+16 5.5661768e+09 8.7456338e+08 8.5811953e+08 4.8916752e-21 3.5723521e-21 1.8431535e-25
8565287.8 5.5009012e+16 5.5661318e+09 8.7378179e+08 8.5717535e+08 4.8762639e-21 3.562205e-21 1.8334153e-25
8575170.6 5.5064021e+16 5.5660868e+09 8.7300082e+08 8.5623231e+08 4.8609018e-21 3.5520861e-21 1.8237291e-25
8585063.4 5.5119085e+16 5.566042e+09 8.7222048e+08 8.5529041e+08 4.8455889e-21 3.5419953e-21 1.8140945e-25
8594966.1 5.5174204e+16 5.5659972e+09 8.7144077e+08 8.5434965e+08 4.8303248e-21 3.5319326e-21 1.8045112e-25
8604878.8 5.5229378e+16 5.5659525e+09 8.7066168e+08 8.5341003e+08 4.8151095e-21 3.5218979e-21 1.794979e-25
8614801.6 5.5284607e+16 5.565908e+09 8.6988322e+08 8.5247154e+08 4.7999427e-21 3.5118911e-21 1.7854975e-25
8624734.3 5.5339892e+16 5.5658635e+09 8.6910538e+08 8.5153419e+08 4.7848245e-21 3.5019122e-21 1.7760666e-25
8634677 5.5395232e+16 5.5658191e+09 8.6832817e+08 8.5059798e+08 4.7697544e-21 3.491961e-21 1.766686e-25
8644629.8 5.5450627e+16 5.5657747e+09 8.6755158e+08 8.4966289e+08 4.7547326e-21 3.4820375e-21 1.7573553e-25
8654592.6 5.5506078e+16 5.5657305e+09 8.6677561e+08 8.4872893e+08 4.7397586e-21 3.4721417e-21 1.7480744e-25
8664565.4 5.5561584e+16 5.5656864e+09 8.6600027e+08 8.4779611e+08 4.7248325e-21 3.4622734e-21 1.7388428e-25
8674548.3 5.5617145e+16 5.5656423e+09 8.6522555e+08 8.4686441e+08 4.7099541e-21 3.4524326e-21 1.7296605e-25
8684541.2 5.5672763e+16 5.5655984e+09 8.6445145e+08 8.4593383e+08 4.6951231e-21 3.4426191e-21 1.7205271e-25
8694544.2 5.5728435e+16 5.5655545e+09 8.6367797e+08 8.4500438e+08 4.6803395e-21 3.432833e-21 1.7114423e-25
8704557.3 5.5784164e+16 5.5655107e+09 8.6290511e+08 8.4407605e+08 4.6656031e-21 3.4230742e-21 1.7024059e-25
8714580.5 5.5839948e+16 5.565467e+09 8.6213288e+08 8.4314883e+08 4.6509137e-21 3.4133425e-21 1.6934177e-25
8724613.8 5.5895788e+16 5.5654234e+09 8.6136127e+08 8.4222274e+08 4.6362712e-21 3.403638e-21 1.6844773e-25
8734657.2 5.5951684e+16 5.5653798e+09 8.6059027e+08 8.4129777e+08 4.6216754e-21 3.3939604e-21 1.6755845e-25
8744710.7 5.6007635e+16 5.5653364e+09 8.598199e+08 8.4037391e+08 4.6071262e-21 3.3843098e-21 1.6667391e-25
8754774.4 5.6063643e+16 5.565293e+09 8.5905014e+08 8.3945116e+08 4.5926235e-21 3.3746862e-21 1.6579408e-25
8764848.2 5.6119707e+16 5.5652498e+09 8.5828101e+08 8.3852953e+08 4.578167e-21 3.3650893e-21 1.6491893e-25
8774932.1 5.6175826e+16 5.5652066e+09 8.5751249e+08 8.37609e+08 4.5637567e-21 3.3555191e-21 1.6404844e-25
8785026.3 5.6232002e+16 5.5651635e+09 8.5674459e+08 8.3668959e+08 4.5493923e-21 3.3459757e-21 1.6318259e-25
8795130.5 5.6288234e+16 5.5651205e+09 8.5597731e+08 8.3577129e+08 4.5350738e-21 3.3364588e-21 1.6232135e-25
8805245 5.6344522e+16 5.5650775e+09 8.5521065e+08 8.3485409e+08 4.5208009e-21 3.3269684e-21 1.6146469e-25
8815369.7 5.6400867e+16 5.5650347e+09 8.544446e+08 8.3393799e+08 4.5065736e-21 3.3175046e-21 1.606126e-25
8825504.5 5.6457268e+16 5.564992e+09 8.5367917e+08 8.33023e+08 4.4923917e-21 3.308067e-21 1.5976503e-25
8835649.6 5.6513725e+16 5.5649493e+09 8.5291436e+08 8.3210911e+08 4.478255e-21 3.2986558e-21 1.5892198e-25
8845804.9 5.6570239e+16 5.5649067e+09 8.5215016e+08 8.3119632e+08 4.4641634e-21 3.2892709e-21 1.5808342e-25
8855970.4 5.6626809e+16 5.5648642e+09 8.5138658e+08 8.3028462e+08 4.4501168e-21 3.2799121e-21 1.5724932e-25
8866146.2 5.6683436e+16 5.5648218e+09 8.5062361e+08 8.2937403e+08 4.4361149e-21 3.2705794e-21 1.5641966e-25
8876332.2 5.6740119e+16 5.5647794e+09 8.4986126e+08 8.2846452e+08 4.4221577e-21 3.2612727e-21 1.5559442e-25
8886528.5 5.6796859e+16 5.5647372e+09 8.4909952e+08 8.2755612e+08 4.4082451e-21 3.251992e-21 1.5477356e-25
8896735.1 5.6853656e+16 5.564695e+09 8.483384e+08 8.266488e+08 4.3943767e-21 3.2427371e-21 1.5395708e-25
8906952 5.691051e+16 5.564653e+09 8.4757789e+08 8.2574258e+08 4.3805527e-21 3.2335081e-21 1.5314494e-25
8917179.1 5.696742e+16 5.564611e+09 8.4681799e+08 8.2483744e+08 4.3667726e-21 3.2243048e-21 1.5233712e-25
8927416.5 5.7024388e+16 5.564569e+09 8.4605871e+08 8.2393339e+08 4.3530366e-21 3.2151272e-21 1.515336e-25
8937664.3 5.7081412e+16 5.5645272e+09 8.4530003e+08 8.2303043e+08 4.3393443e-21 3.2059752e-21 1.5073435e-25
8947922.4 5.7138494e+16 5.5644855e+09 8.4454197e+08 8.2212855e+08 4.3256957e-21 3.1968488e-21 1.4993935e-25
8958190.8 5.7195632e+16 5.5644438e+09 8.4378452e+08 8.2122776e+08 4.3120906e-21 3.1877478e-21 1.4914859e-25
8968469.6 5.7252828e+16 5.5644022e+09 8.4302769e+08 8.2032805e+08 4.2985288e-21 3.1786722e-21 1.4836203e-25
8978758.7 5.7310081e+16 5.5643607e+09 8.4227146e+08 8.1942941e+08 4.2850103e-21 3.1696219e-21 1.4757965e-25
8989058.2 5.7367391e+16 5.5643193e+09 8.4151584e+08 8.1853186e+08 4.2715349e-21 3.1605969e-21 1.4680144e-25
8999368.1 5.7424758e+16 5.564278e+09 8.4076084e+08 8.1763538e+08 4.2581024e-21 3.1515971e-21 1.4602736e-25
9009688.3 5.7482183e+16 5.5642367e+09 8.4000644e+08 8.1673998e+08 4.2447128e-21 3.1426225e-21 1.4525741e-25
9020019 5.7539665e+16 5.5641956e+09 8.3925265e+08 8.1584565e+08 4.2313658e-21 3.1336728e-21 1.4449154e-25
9030360 5.7597205e+16 5.5641545e+09 8.3849948e+08 8.1495239e+08 4.2180613e-21 3.1247482e-21 1.4372975e-25
9040711.5 5.7654802e+16 5.5641135e+09 8.3774691e+08 8.140602e+08 4.2047993e-21 3.1158485e-21 1.4297201e-25
9051073.4 5.7712457e+16 5.5640726e+09 8.3699494e+08 8.1316909e+08 4.1915795e-21 3.1069736e-21 1.422183e-25
9061445.7 5.7770169e+16 5.5640317e+09 8.3624359e+08 8.1227904e+08 4.1784018e-21 3.0981235e-21 1.414686e-25
9071828.5 5.7827939e+16 5.563991e+09 8.3549284e+08 8.1139006e+08 4.1652661e-21 3.0892982e-21 1.4072288e-25
9082221.8 5.7885767e+16 5.5639503e+09 8.347427e+08 8.1050214e+08 4.1521723e-21 3.0804975e-21 1.3998113e-25
9092625.5 5.7943653e+16 5.5639097e+09 8.3399317e+08 8.0961528e+08 4.1391202e-21 3.0717214e-21 1.3924332e-25
9103039.7 5.8001597e+16 5.5638692e+09 8.3324424e+08 8.0872949e+08 4.1261096e-21 3.0629698e-21 1.3850943e-25
9113464.4 5.8059598e+16 5.5638287e+09 8.3249592e+08 8.0784476e+08 4.1131405e-21 3.0542426e-21 1.3777944e-25
9123899.6 5.8117658e+16 5.5637884e+09 8.317482e+08 8.0696109e+08 4.1002127e-21 3.0455398e-21 1.3705334e-25
9134345.3 5.8175775e+16 5.5637481e+09 8.3100109e+08 8.0607847e+08 4.0873261e-21 3.0368614e-21 1.3633109e-25
9144801.5 5.8233951e+16 5.5637079e+09 8.3025458e+08 8.0519691e+08 4.0744806e-21 3.0282072e-21 1.3561268e-25
9155268.2 5.8292185e+16 5.5636678e+09 8.2950868e+08 8.0431641e+08 4.0616759e-21 3.0195772e-21 1.3489809e-25
9165745.5 5.8350477e+16 5.5636277e+09 8.2876338e+08 8.0343695e+08 4.048912e-21 3.0109713e-21 1.341873e-25
9176233.4 5.8408828e+16 5.5635878e+09 8.2801869e+08 8.0255855e+08 4.0361888e-21 3.0023895e-21 1.3348029e-25
9186731.8 5.8467237e+16 5.5635479e+09 8.2727459e+08 8.016812e+08 4.0235061e-21 2.9938317e-21 1.3277703e-25
9197240.8 5.8525704e+16 5.5635081e+09 8.265311e+08 8.008049e+08 4.0108637e-21 2.9852977e-21 1.3207751e-25
9207760.4 5.858423e+16 5.5634684e+09 8.2578822e+08 7.9992965e+08 3.9982617e-21 2.9767877e-21 1.313817e-25
9218290.5 5.8642814e+16 5.5634287e+09 8.2504593e+08 7.9905544e+08 3.9856997e-21 2.9683014e-21 1.306896e-25
9228831.3 5.8701457e+16 5.5633892e+09 8.2430424e+08 7.9818227e+08 3.9731777e-21 2.9598389e-21 1.3000117e-25
9239382.7 5.8760158e+16 5.5633497e+09 8.2356316e+08 7.9731015e+08 3.9606956e-21 2.9514001e-21 1.2931639e-25
9249944.7 5.8818918e+16 5.5633103e+09 8.2282268e+08 7.9643907e+08 3.9482533e-21 2.9429848e-21 1.2863526e-25
9260517.3 5.8877737e+16 5.563271e+09 8.220828e+08 7.9556903e+08 3.9358505e-21 2.9345931e-21 1.2795774e-25
9271100.6 5.8936615e+16 5.5632317e+09 8.2134351e+08 7.9470003e+08 3.9234872e-21 2.9262249e-21 1.2728382e-25
9281694.6 5.8995552e+16 5.5631926e+09 8.2060483e+08 7.9383206e+08 3.9111633e-21 2.91788e-21 1.2661348e-25
9292299.2 5.9054547e+16 5.5631535e+09 8.1986675e+08 7.9296513e+08 3.8988786e-21 2.9095585e-21 1.2594671e-25
9302914.5 5.9113602e+16 5.5631145e+09 8.1912926e+08 7.9209924e+08 3.886633e-21 2.9012603e-21 1.2528347e-25
9313540.5 5.9172715e+16 5.5630755e+09 8.1839237e+08 7.9123438e+08 3.8744264e-21 2.8929854e-21 1.2462375e-25
9324177.2 5.9231888e+16 5.5630367e+09 8.1765608e+08 7.9037055e+08 3.8622586e-21 2.8847335e-21 1.2396754e-25
9334824.6 5.929112e+16 5.5629979e+09 8.1692039e+08 7.8950774e+08 3.8501295e-21 2.8765048e-21 1.2331482e-25
9345482.7 5.9350411e+16 5.5629592e+09 8.161853e+08 7.8864597e+08 3.838039e-21 2.8682991e-21 1.2266556e-25
9356151.6 5.9409761e+16 5.5629206e+09 8.154508e+08 7.8778522e+08 3.825987e-21 2.8601164e-21 1.2201974e-25
9366831.2 5.9469171e+16 5.562882e+09 8.147169e+08 7.869255e+08 3.8139733e-21 2.8519566e-21 1.2137736e-25
9377521.5 5.952864e+16 5.5628435e+09 8.139836e+08 7.8606681e+08 3.8019979e-21 2.8438196e-21 1.2073838e-25
9388222.6 5.9588169e+16 5.5628051e+09 8.1325089e+08 7.8520913e+08 3.7900605e-21 2.8357054e-21 1.201028e-25
9398934.5 5.9647757e+16 5.5627668e+09 8.1251877e+08 7.8435248e+08 3.7781612e-21 2.8276139e-21 1.1947059e-25
9409657.2 5.9707405e+16 5.5627286e+09 8.1178725e+08 7.8349685e+08 3.7662996e-21 2.8195451e-21 1.1884174e-25
9420390.7 5.9767112e+16 5.5626904e+09 8.1105633e+08 7.8264223e+08 3.7544759e-21 2.8114988e-21 1.1821623e-25
9431135 5.9826879e+16 5.5626523e+09 8.10326e+08 7.8178864e+08 3.7426897e-21 2.8034752e-21 1.1759404e-25
9441890.1 5.9886706e+16 5.5626143e+09 8.0959626e+08 7.8093605e+08 3.730941e-21 2.7954739e-21 1.1697514e-25
9452656 5.9946593e+16 5.5625764e+09 8.0886712e+08 7.8008449e+08 3.7192296e-21 2.7874951e-21 1.1635954e-25
9463432.7 6.000654e+16 5.5625385e+09 8.0813857e+08 7.7923393e+08 3.7075555e-21 2.7795387e-21 1.157472e-25
9474220.4 6.0066546e+16 5.5625007e+09 8.0741061e+08 7.7838439e+08 3.6959185e-21 2.7716045e-21 1.1513811e-25
9485018.8 6.0126613e+16 5.562463e+09 8.0668324e+08 7.7753586e+08 3.6843186e-21 2.7636926e-21 1.1453225e-25
9495828.2 6.0186739e+16 5.5624253e+09 8.0595647e+08 7.7668833e+08 3.6727555e-21 2.7558028e-21 1.1392961e-25
9506648.4 6.0246926e+16 5.5623878e+09 8.0523029e+08 7.7584182e+08 3.6612292e-21 2.7479351e-21 1.1333016e-25
9517479.6 6.0307173e+16 5.5623503e+09 8.0450469e+08 7.7499631e+08 3.6497395e-21 2.7400895e-21 1.127339e-25
9528321.6 6.036748e+16 5.5623129e+09 8.0377969e+08 7.741518e+08 3.6382863e-21 2.7322659e-21 1.121408e-25
9539174.5 6.0427848e+16 5.5622755e+09 8.0305528e+08 7.733083e+08 3.6268696e-21 2.7244642e-21 1.1155084e-25
9550038.4 6.0488275e+16 5.5622383e+09 8.0233146e+08 7.7246579e+08 3.6154892e-21 2.7166844e-21 1.1096402e-25
9560913.2 6.0548764e+16 5.5622011e+09 8.0160823e+08 7.7162429e+08 3.6041449e-21 2.7089263e-21 1.1038031e-25
9571799 6.0609313e+16 5.562164e+09 8.0088559e+08 7.7078379e+08 3.5928367e-21 2.7011901e-21 1.0979969e-25
9582695.7 6.0669922e+16 5.5621269e+09 8.0016353e+08 7.6994428e+08 3.5815644e-21 2.6934755e-21 1.0922216e-25
9593603.4 6.0730592e+16 5.5620899e+09 7.9944207e+08 7.6910578e+08 3.570328e-21 2.6857825e-21 1.0864768e-25
9604522 6.0791322e+16 5.562053e+09 7.9872119e+08 7.6826826e+08 3.5591272e-21 2.6781112e-21 1.0807626e-25
9615451.7 6.0852114e+16 5.5620162e+09 7.980009e+08 7.6743174e+08 3.5479621e-21 2.6704613e-21 1.0750786e-25
9626392.3 6.0912966e+16 5.5619795e+09 7.972812e+08 7.6659621e+08 3.5368324e-21 2.6628329e-21 1.0694248e-25
9637344 6.0973879e+16 5.5619428e+09 7.9656208e+08 7.6576168e+08 3.5257381e-21 2.6552259e-21 1.063801e-25
9648306.7 6.1034853e+16 5.5619062e+09 7.9584356e+08 7.6492813e+08 3.5146791e-21 2.6476402e-21 1.058207e-25
9659280.4 6.1095887e+16 5.5618696e+09 7.9512561e+08 7.6409557e+08 3.5036552e-21 2.6400758e-21 1.0526426e-25
9670265.2 6.1156983e+16 5.5618332e+09 7.9440825e+08 7.6326399e+08 3.4926663e-21 2.6325326e-21 1.0471078e-25
9681261 6.121814e+16 5.5617968e+09 7.9369148e+08 7.6243341e+08 3.4817123e-21 2.6250106e-21 1.0416023e-25
9692267.9 6.1279358e+16 5.5617605e+09 7.9297529e+08 7.616038e+08 3.4707932e-21 2.6175096e-21 1.036126e-25
9703285.9 6.1340638e+16 5.5617242e+09 7.9225969e+08 7.6077518e+08 3.4599087e-21 2.6100298e-21 1.0306787e-25
9714315 6.1401978e+16 5.5616881e+09 7.9154467e+08 7.5994754e+08 3.4490588e-21 2.6025709e-21 1.0252603e-25
9725355.2 6.146338e+16 5.561652e+09 7.9083024e+08 7.5912088e+08 3.4382433e-21 2.5951329e-21 1.0198706e-25
9736406.4 6.1524844e+16 5.5616159e+09 7.9011639e+08 7.582952e+08 3.4274622e-21 2.5877159e-21 1.0145095e-25
9747468.8 6.1586369e+16 5.56158e+09 7.8940312e+08 7.5747049e+08 3.4167153e-21 2.5803196e-21 1.0091768e-25
9758542.4 6.1647955e+16 5.5615441e+09 7.8869043e+08 7.5664677e+08 3.4060026e-21 2.5729441e-21 1.0038724e-25
9769627.1 6.1709603e+16 5.5615083e+09 7.8797833e+08 7.5582401e+08 3.3953239e-21 2.5655893e-21 9.9859611e-26
9780722.9 6.1771313e+16 5.5614726e+09 7.8726681e+08 7.5500223e+08 3.3846791e-21 2.5582552e-21 9.9334775e-26
9791829.9 6.1833084e+16 5.5614369e+09 7.8655587e+08 7.5418142e+08 3.3740681e-21 2.5509417e-21 9.8812721e-26
9802948.1 6.1894917e+16 5.5614013e+09 7.8584551e+08 7.5336158e+08 3.3634908e-21 2.5436486e-21 9.8293434e-26
9814077.5 6.1956812e+16 5.5613658e+09 7.8513573e+08 7.5254271e+08 3.3529471e-21 2.5363761e-21 9.7776898e-26
9825218 6.2018769e+16 5.5613303e+09 7.8442653e+08 7.5172481e+08 3.3424369e-21 2.529124e-21 9.7263099e-26
9836369.8 6.2080788e+16 5.5612949e+09 7.8371791e+08 7.5090788e+08 3.33196e-21 2.5218923e-21 9.6752022e-26
9847532.8 6.2142868e+16 5.5612596e+09 7.8300987e+08 7.5009191e+08 3.3215164e-21 2.5146808e-21 9.6243653e-26
9858707.1 6.2205011e+16 5.5612243e+09 7.8230241e+08 7.492769e+08 3.3111059e-21 2.5074896e-21 9.5737978e-26
9869892.6 6.2267216e+16 5.5611892e+09 7.8159553e+08 7.4846286e+08 3.3007285e-21 2.5003187e-21 9.5234981e-26
9881089.3 6.2329483e+16 5.5611541e+09 7.8088923e+08 7.4764978e+08 3.290384e-21 2.4931678e-21 9.4734648e-26
9892297.3 6.2391813e+16 5.561119e+09 7.8018351e+08 7.4683766e+08 3.2800723e-21 2.4860371e-21 9.4236966e-26
9903516.6 6.2454205e+16 5.5610841e+09 7.7947836e+08 7.4602649e+08 3.2697934e-21 2.4789264e-21 9.374192e-26
9914747.2 6.2516659e+16 5.5610492e+09 7.7877379e+08 7.4521629e+08 3.2595471e-21 2.4718357e-21 9.3249497e-26
9925989.1 6.2579176e+16 5.5610143e+09 7.780698e+08 7.4440704e+08 3.2493333e-21 2.4647649e-21 9.2759681e-26
9937242.3 6.2641755e+16 5.5609796e+09 7.7736638e+08 7.4359874e+08 3.239152e-21 2.457714e-21 9.2272459e-26
9948506.8 6.2704396e+16 5.5609449e+09 7.7666354e+08 7.427914e+08 3.2290029e-21 2.4506828e-21 9.1787817e-26
9959782.7 6.2767101e+16 5.5609103e+09 7.7596128e+08 7.4198501e+08 3.218886e-21 2.4436715e-21 9.1305742e-26
9971069.9 6.2829868e+16 5.5608757e+09 7.7525959e+08 7.4117958e+08 3.2088013e-21 2.4366799e-21 9.082622e-26
9982368.4 6.2892698e+16 5.5608412e+09 7.7455847e+08 7.4037509e+08 3.1987485e-21 2.4297079e-21 9.0349236e-26
9993678.3 6.2955591e+16 5.5608068e+09 7.7385793e+08 7.3957155e+08 3.1887276e-21 2.4227555e-21 8.9874779e-26
10005000 6.3018546e+16 5.5607725e+09 7.7315797e+08 7.3876895e+08 3.1787386e-21 2.4158226e-21 8.9402833e-26
10016332 6.3081565e+16 5.5607382e+09 7.7245858e+08 7.3796731e+08 3.1687812e-21 2.4089093e-21 8.8933386e-26
10027676 6.3144646e+16 5.560704e+09 7.7175976e+08 7.371666e+08 3.1588554e-21 2.4020154e-21 8.8466424e-26
10039032 6.3207791e+16 5.5606698e+09 7.7106152e+08 7.3636684e+08 3.148961e-21 2.3951409e-21 8.8001934e-26
10050399 6.3270999e+16 5.5606358e+09 7.7036385e+08 7.3556802e+08 3.1390981e-21 2.3882857e-21 8.7539902e-26
10061777 6.333427e+16 5.5606017e+09 7.6966675e+08 7.3477015e+08 3.1292664e-21 2.3814498e-21 8.7080317e-26
10073167 6.3397604e+16 5.5605678e+09 7.6897022e+08 7.3397321e+08 3.119466e-21 2.3746331e-21 8.6623164e-26
10084568 6.3461002e+16 5.5605339e+09 7.6827426e+08 7.3317721e+08 3.1096966e-21 2.3678356e-21 8.6168431e-26
10095981 6.3524463e+16 5.5605001e+09 7.6757888e+08 7.3238214e+08 3.0999581e-21 2.3610572e-21 8.5716104e-26
10107405 6.3587987e+16 5.5604664e+09 7.6688406e+08 7.3158802e+08 3.0902506e-21 2.3542979e-21 8.5266171e-26
10118841 6.3651575e+16 5.5604327e+09 7.6618982e+08 7.3079482e+08 3.0805739e-21 2.3475576e-21 8.4818619e-26
10130288 6.3715227e+16 5.5603991e+09 7.6549615e+08 7.3000256e+08 3.0709278e-21 2.3408363e-21 8.4373436e-26
10141747 6.3778942e+16 5.5603656e+09 7.6480305e+08 7.2921123e+08 3.0613123e-21 2.3341339e-21 8.3930608e-26
10153217 6.3842721e+16 5.5603321e+09 7.6411051e+08 7.2842083e+08 3.0517273e-21 2.3274504e-21 8.3490123e-26
10164699 6.3906563e+16 5.5602987e+09 7.6341855e+08 7.2763136e+08 3.0421727e-21 2.3207856e-21 8.3051969e-26
10176193 6.397047e+16 5.5602654e+09 7.6272715e+08 7.2684282e+08 3.0326483e-21 2.3141396e-21 8.2616133e-26
10187697 6.4034441e+16 5.5602321e+09 7.6203632e+08 7.2605521e+08 3.0231542e-21 2.3075124e-21 8.2182603e-26
10199214 6.4098475e+16 5.5601989e+09 7.6134606e+08 7.2526852e+08 3.0136902e-21 2.3009038e-21 8.1751366e-26
10210742 6.4162573e+16 5.5601658e+09 7.6065637e+08 7.2448275e+08 3.0042561e-21 2.2943137e-21 8.1322411e-26
10222282 6.4226736e+16 5.5601327e+09 7.5996724e+08 7.2369791e+08 2.994852e-21 2.2877423e-21 8.0895724e-26
10233833 6.4290963e+16 5.5600997e+09 7.5927868e+08 7.2291399e+08 2.9854776e-21 2.2811893e-21 8.0471295e-26
10245396 6.4355254e+16 5.5600667e+09 7.5859069e+08 7.2213099e+08 2.976133e-21 2.2746548e-21 8.004911e-26
10256971 6.4419609e+16 5.5600339e+09 7.5790326e+08 7.213489e+08 2.966818e-21 2.2681387e-21 7.9629159e-26
10268557 6.4484029e+16 5.5600011e+09 7.572164e+08 7.2056774e+08 2.9575325e-21 2.261641e-21 7.9211428e-26
10280155 6.4548513e+16 5.5599683e+09 7.5653011e+08 7.1978749e+08 2.9482764e-21 2.2551615e-21 7.8795906e-26
10291764 6.4613061e+16 5.5599356e+09 7.5584437e+08 7.1900816e+08 2.9390497e-21 2.2487003e-21 7.8382582e-26
10303385 6.4677674e+16 5.559903e+09 7.5515921e+08 7.1822975e+08 2.9298521e-21 2.2422573e-21 7.7971444e-26
10315018 6.4742352e+16 5.5598705e+09 7.5447461e+08 7.1745224e+08 2.9206838e-21 2.2358324e-21 7.7562479e-26
10326663 6.4807094e+16 5.559838e+09 7.5379057e+08 7.1667565e+08 2.9115444e-21 2.2294257e-21 7.7155677e-26
10338319 6.4871901e+16 5.5598056e+09 7.5310709e+08 7.1589997e+08 2.9024341e-21 2.223037e-21 7.6751026e-26
10349987 6.4936773e+16 5.5597732e+09 7.5242418e+08 7.1512519e+08 2.8933526e-21 2.2166663e-21 7.6348514e-26
10361667 6.500171e+16 5.5597409e+09 7.5174183e+08 7.1435133e+08 2.8842998e-21 2.2103135e-21 7.594813e-26
10373358 6.5066712e+16 5.5597087e+09 7.5106004e+08 7.1357837e+08 2.8752757e-21 2.2039787e-21 7.5549863e-26
10385062 6.5131778e+16 5.5596765e+09 7.5037881e+08 7.1280632e+08 2.8662803e-21 2.1976617e-21 7.5153701e-26
10396777 6.519691e+16 5.5596444e+09 7.4969815e+08 7.1203517e+08 2.8573133e-21 2.1913625e-21 7.4759633e-26
10408503 6.5262107e+16 5.5596124e+09 7.4901805e+08 7.1126492e+08 2.8483747e-21 2.185081e-21 7.4367648e-26
10420242 6.5327369e+16 5.5595804e+09 7.483385e+08 7.1049558e+08 2.8394644e-21 2.1788173e-21 7.3977735e-26
10431992 6.5392697e+16 5.5595485e+09 7.4765952e+08 7.0972714e+08 2.8305823e-21 2.1725712e-21 7.3589883e-26
10443755 6.5458089e+16 5.5595167e+09 7.469811e+08 7.089596e+08 2.8217283e-21 2.1663427e-21 7.320408e-26
10455529 6.5523547e+16 5.5594849e+09 7.4630323e+08 7.0819295e+08 2.8129024e-21 2.1601318e-21 7.2820316e-26
10467315 6.5589071e+16 5.5594532e+09 7.4562593e+08 7.074272e+08 2.8041045e-21 2.1539384e-21 7.2438581e-26
10479112 6.565466e+16 5.5594215e+09 7.4494919e+08 7.0666235e+08 2.7953343e-21 2.1477625e-21 7.2058862e-26
10490922 6.5720315e+16 5.5593899e+09 7.44273e+08 7.058984e+08 2.786592e-21 2.141604e-21 7.168115e-26
10502743 6.5786035e+16 5.5593584e+09 7.4359737e+08 7.0513533e+08 2.7778773e-21 2.1354628e-21 7.1305434e-26
10514577 6.5851821e+16 5.5593269e+09 7.429223e+08 7.0437316e+08 2.7691902e-21 2.129339e-21 7.0931703e-26
10526422 6.5917673e+16 5.5592955e+09 7.4224779e+08 7.0361188e+08 2.7605307e-21 2.1232324e-21 7.0559946e-26
10538279 6.598359e+16 5.5592642e+09 7.4157383e+08 7.0285149e+08 2.7518985e-21 2.1171431e-21 7.0190153e-26
10550148 6.6049574e+16 5.5592329e+09 7.4090043e+08 7.0209199e+08 2.7432936e-21 2.1110709e-21 6.9822314e-26
10562030 6.6115624e+16 5.5592017e+09 7.4022759e+08 7.0133338e+08 2.734716e-21 2.1050159e-21 6.9456418e-26
10573923 6.6181739e+16 5.5591705e+09 7.395553e+08 7.0057565e+08 2.7261656e-21 2.0989779e-21 6.9092454e-26
10585827 6.6247921e+16 5.5591394e+09 7.3888357e+08 6.9981881e+08 2.7176422e-21 2.092957e-21 6.8730414e-26
10597744 6.6314169e+16 5.5591084e+09 7.3821239e+08 6.9906285e+08 2.7091457e-21 2.0869531e-21 6.8370285e-26
10609673 6.6380483e+16 5.5590774e+09 7.3754177e+08 6.9830777e+08 2.7006762e-21 2.0809661e-21 6.8012058e-26
10621614 6.6446864e+16 5.5590465e+09 7.368717e+08 6.9755358e+08 2.6922334e-21 2.074996e-21 6.7655723e-26
10633567 6.651331e+16 5.5590157e+09 7.3620219e+08 6.9680027e+08 2.6838174e-21 2.0690428e-21 6.7301271e-26
10645532 6.6579824e+16 5.5589849e+09 7.3553323e+08 6.9604783e+08 2.675428e-21 2.0631063e-21 6.6948689e-26
10657509 6.6646404e+16 5.5589541e+09 7.3486482e+08 6.9529628e+08 2.6670652e-21 2.0571867e-21 6.659797e-26
10669498 6.671305e+16 5.5589235e+09 7.3419697e+08 6.945456e+08 2.6587288e-21 2.0512837e-21 6.6249103e-26
10681499 6.6779763e+16 5.5588929e+09 7.3352967e+08 6.9379579e+08 2.6504187e-21 2.0453974e-21 6.5902077e-26
10693512 6.6846543e+16 5.5588623e+09 7.3286292e+08 6.9304686e+08 2.642135e-21 2.0395277e-21 6.5556884e-26
10705538 6.6913389e+16 5.5588318e+09 7.3219672e+08 6.9229881e+08 2.6338775e-21 2.0336746e-21 6.5213513e-26
10717575 6.6980303e+16 5.5588014e+09 7.3153107e+08 6.9155162e+08 2.6256461e-21 2.027838e-21 6.4871955e-26
10729624 6.7047283e+16 5.5587711e+09 7.3086598e+08 6.9080531e+08 2.6174407e-21 2.0220179e-21 6.45322e-26
10741686 6.711433e+16 5.5587408e+09 7.3020143e+08 6.9005987e+08 2.6092613e-21 2.0162142e-21 6.4194239e-26
10753759 6.7181445e+16 5.5587105e+09 7.2953744e+08 6.8931529e+08 2.6011077e-21 2.0104269e-21 6.3858062e-26
10765845 6.7248626e+16 5.5586803e+09 7.2887399e+08 6.8857159e+08 2.5929799e-21 2.004656e-21 6.3523659e-26
10777943 6.7315875e+16 5.5586502e+09 7.282111e+08 6.8782875e+08 2.5848779e-21 1.9989013e-21 6.3191021e-26
10790053 6.7383191e+16 5.5586202e+09 7.2754875e+08 6.8708677e+08 2.5768014e-21 1.993163e-21 6.2860138e-26
10802176 6.7450574e+16 5.5585902e+09 7.2688696e+08 6.8634566e+08 2.5687505e-21 1.9874408e-21 6.2531002e-26
10814310 6.7518024e+16 5.5585602e+09 7.2622571e+08 6.8560541e+08 2.5607251e-21 1.9817348e-21 6.2203603e-26
10826457 6.7585542e+16 5.5585303e+09 7.2556501e+08 6.8486603e+08 2.552725e-21 1.9760449e-21 6.1877932e-26
10838616 6.7653128e+16 5.5585005e+09 7.2490486e+08 6.841275e+08 2.5447502e-21 1.9703711e-21 6.1553979e-26
10850787 6.7720781e+16 5.5584708e+09 7.2424525e+08 6.8338984e+08 2.5368007e-21 1.9647133e-21 6.1231736e-26
10862970 6.7788502e+16 5.5584411e+09 7.2358619e+08 6.8265303e+08 2.5288762e-21 1.9590715e-21 6.0911192e-26
10875166 6.785629e+16 5.5584114e+09 7.2292768e+08 6.8191708e+08 2.5209769e-21 1.9534456e-21 6.059234e-26
10887374 6.7924147e+16 5.5583818e+09 7.2226972e+08 6.8118198e+08 2.5131024e-21 1.9478357e-21 6.0275171e-26
10899594 6.7992071e+16 5.5583523e+09 7.216123e+08 6.8044774e+08 2.5052529e-21 1.9422416e-21 5.9959674e-26
10911826 6.8060063e+16 5.5583228e+09 7.2095542e+08 6.7971436e+08 2.4974282e-21 1.9366633e-21 5.9645842e-26
10924071 6.8128123e+16 5.5582934e+09 7.202991e+08 6.7898183e+08 2.4896282e-21 1.9311008e-21 5.9333665e-26
10936328 6.8196251e+16 5.5582641e+09 7.1964331e+08 6.7825014e+08 2.4818529e-21 1.925554e-21 5.9023136e-26
10948597 6.8264447e+16 5.5582348e+09 7.1898807e+08 6.7751931e+08 2.4741021e-21 1.9200229e-21 5.8714244e-26
10960879 6.8332712e+16 5.5582055e+09 7.1833338e+08 6.7678933e+08 2.4663759e-21 1.9145074e-21 5.8406981e-26
10973173 6.8401044e+16 5.5581764e+09 7.1767922e+08 6.760602e+08 2.458674e-21 1.9090076e-21 5.8101339e-26
10985479 6.8469445e+16 5.5581472e+09 7.1702562e+08 6.7533191e+08 2.4509965e-21 1.9035232e-21 5.7797309e-26
10997798 6.8537915e+16 5.5581182e+09 7.1637255e+08 6.7460447e+08 2.4433433e-21 1.8980544e-21 5.7494882e-26
11010129 6.8606453e+16 5.5580892e+09 7.1572003e+08 6.7387787e+08 2.4357142e-21 1.8926011e-21 5.719405e-26
11022473 6.8675059e+16 5.5580602e+09 7.1506805e+08 6.7315212e+08 2.4281093e-21 1.8871631e-21 5.6894804e-26
11034829 6.8743734e+16 5.5580313e+09 7.1441661e+08 6.7242721e+08 2.4205283e-21 1.8817406e-21 5.6597136e-26
11047197 6.8812478e+16 5.5580025e+09 7.1376571e+08 6.7170314e+08 2.4129713e-21 1.8763334e-21 5.6301038e-26
11059578 6.8881291e+16 5.5579737e+09 7.1311535e+08 6.7097991e+08 2.4054382e-21 1.8709415e-21 5.6006501e-26
11071971 6.8950172e+16 5.557945e+09 7.1246554e+08 6.7025753e+08 2.3979289e-21 1.8655648e-21 5.5713517e-26
11084377 6.9019122e+16 5.5579164e+09 7.1181626e+08 6.6953597e+08 2.3904433e-21 1.8602033e-21 5.5422077e-26
11096795 6.9088141e+16 5.5578878e+09 7.1116753e+08 6.6881526e+08 2.3829814e-21 1.8548571e-21 5.5132174e-26
11109226 6.9157229e+16 5.5578592e+09 7.1051933e+08 6.6809538e+08 2.375543e-21 1.8495259e-21 5.4843799e-26
11121669 6.9226386e+16 5.5578307e+09 7.0987167e+08 6.6737634e+08 2.3681281e-21 1.8442098e-21 5.4556944e-26
11134124 6.9295613e+16 5.5578023e+09 7.0922456e+08 6.6665813e+08 2.3607366e-21 1.8389088e-21 5.4271602e-26
11146592 6.9364908e+16 5.5577739e+09 7.0857798e+08 6.6594075e+08 2.3533685e-21 1.8336228e-21 5.3987763e-26
11159073 6.9434273e+16 5.5577456e+09 7.0793194e+08 6.6522421e+08 2.3460236e-21 1.8283517e-21 5.370542e-26
11171566 6.9503708e+16 5.5577173e+09 7.0728643e+08 6.6450849e+08 2.338702e-21 1.8230956e-21 5.3424565e-26
11184072 6.9573211e+16 5.5576891e+09 7.0664147e+08 6.637936e+08 2.3314034e-21 1.8178543e-21 5.3145191e-26
11196591 6.9642785e+16 5.557661e+09 7.0599704e+08 6.6307954e+08 2.3241279e-21 1.8126279e-21 5.2867288e-26
11209122 6.9712427e+16 5.5576329e+09 7.0535315e+08 6.6236631e+08 2.3168754e-21 1.8074162e-21 5.259085e-26
11221665 6.978214e+16 5.5576048e+09 7.0470979e+08 6.6165391e+08 2.3096458e-21 1.8022194e-21 5.2315869e-26
11234221 6.9851922e+16 5.5575769e+09 7.0406697e+08 6.6094233e+08 2.302439e-21 1.7970372e-21 5.2042337e-26
11246790 6.9921774e+16 5.5575489e+09 7.0342469e+08 6.6023157e+08 2.2952549e-21 1.7918697e-21 5.1770246e-26
11259371 6.9991696e+16 5.5575211e+09 7.0278294e+08 6.5952164e+08 2.2880935e-21 1.7867168e-21 5.1499588e-26
11271965 7.0061687e+16 5.5574932e+09 7.0214173e+08 6.5881253e+08 2.2809547e-21 1.7815786e-21 5.1230356e-26
11284572 7.0131749e+16 5.5574655e+09 7.0150105e+08 6.5810423e+08 2.2738385e-21 1.7764548e-21 5.0962543e-26
11297192 7.0201881e+16 5.5574378e+09 7.008609e+08 6.5739676e+08 2.2667447e-21 1.7713456e-21 5.0696141e-26
11309824 7.0272083e+16 5.5574101e+09 7.0022129e+08 6.5669011e+08 2.2596733e-21 1.7662509e-21 5.0431142e-26
11322468 7.0342355e+16 5.5573825e+09 6.9958221e+08 6.5598427e+08 2.2526243e-21 1.7611706e-21 5.0167538e-26
11335126 7.0412697e+16 5.557355e+09 6.9894367e+08 6.5527925e+08 2.2455974e-21 1.7561047e-21 4.9905324e-26
11347796 7.048311e+16 5.5573275e+09 6.9830565e+08 6.5457504e+08 2.2385928e-21 1.7510531e-21 4.964449e-26
11360479 7.0553593e+16 5.5573001e+09 6.9766817e+08 6.5387165e+08 2.2316102e-21 1.7460158e-21 4.938503e-26
11373175 7.0624146e+16 5.5572727e+09 6.9703123e+08 6.5316907e+08 2.2246497e-21 1.7409929e-21 4.9126936e-26
11385883 7.0694771e+16 5.5572454e+09 6.9639481e+08 6.5246731e+08 2.2177112e-21 1.7359841e-21 4.8870202e-26
11398604 7.0765465e+16 5.5572181e+09 6.9575893e+08 6.5176635e+08 2.2107945e-21 1.7309896e-21 4.861482e-26
11411338 7.0836231e+16 5.5571909e+09 6.9512357e+08 6.5106621e+08 2.2038997e-21 1.7260092e-21 4.8360782e-26
11424085 7.0907067e+16 5.5571637e+09 6.9448875e+08 6.5036687e+08 2.1970266e-21 1.7210429e-21 4.8108082e-26
11436845 7.0977974e+16 5.5571366e+09 6.9385445e+08 6.4966834e+08 2.1901752e-21 1.7160907e-21 4.7856713e-26
11449617 7.1048952e+16 5.5571096e+09 6.9322069e+08 6.4897062e+08 2.1833454e-21 1.7111525e-21 4.7606667e-26
11462402 7.1120001e+16 5.5570826e+09 6.9258746e+08 6.482737e+08 2.1765372e-21 1.7062283e-21 4.7357937e-26
11475200 7.1191121e+16 5.5570556e+09 6.9195475e+08 6.4757759e+08 2.1697504e-21 1.7013181e-21 4.7110518e-26
11488011 7.1262312e+16 5.5570287e+09 6.9132257e+08 6.4688228e+08 2.162985e-21 1.6964218e-21 4.68644e-26
11500835 7.1333575e+16 5.5570019e+09 6.9069093e+08 6.4618777e+08 2.156241e-21 1.6915393e-21 4.6619578e-26
11513672 7.1404908e+16 5.5569751e+09 6.9005981e+08 6.4549407e+08 2.1495183e-21 1.6866708e-21 4.6376045e-26
11526521 7.1476313e+16 5.5569484e+09 6.8942921e+08 6.4480116e+08 2.1428167e-21 1.681816e-21 4.6133794e-26
11539384 7.1547789e+16 5.5569217e+09 6.8879915e+08 6.4410905e+08 2.1361363e-21 1.676975e-21 4.5892818e-26
11552259 7.1619337e+16 5.5568951e+09 6.8816961e+08 6.4341775e+08 2.129477e-21 1.6721477e-21 4.565311e-26
11565148 7.1690956e+16 5.5568685e+09 6.875406e+08 6.4272723e+08 2.1228386e-21 1.6673341e-21 4.5414664e-26
11578049 7.1762647e+16 5.556842e+09 6.8691211e+08 6.4203752e+08 2.1162212e-21 1.6625341e-21 4.5177472e-26
11590963 7.183441e+16 5.5568155e+09 6.8628415e+08 6.413486e+08 2.1096246e-21 1.6577478e-21 4.4941529e-26
11603890 7.1906244e+16 5.5567891e+09 6.8565672e+08 6.4066047e+08 2.1030489e-21 1.6529751e-21 4.4706827e-26
11616831 7.1978151e+16 5.5567627e+09 6.8502981e+08 6.3997314e+08 2.0964939e-21 1.6482158e-21 4.4473361e-26
11629784 7.2050129e+16 5.5567364e+09 6.8440342e+08 6.392866e+08 2.0899595e-21 1.6434701e-21 4.4241123e-26
11642750 7.2122179e+16 5.5567102e+09 6.8377756e+08 6.3860085e+08 2.0834458e-21 1.6387379e-21 4.4010106e-26
11655730 7.2194301e+16 5.556684e+09 6.8315223e+08 6.3791589e+08 2.0769525e-21 1.634019e-21 4.3780306e-26
11668722 7.2266495e+16 5.5566578e+09 6.8252741e+08 6.3723172e+08 2.0704798e-21 1.6293136e-21 4.3551714e-26
11681727 7.2338762e+16 5.5566317e+09 6.8190312e+08 6.3654833e+08 2.0640274e-21 1.6246215e-21 4.3324325e-26
11694746 7.2411101e+16 5.5566057e+09 6.8127936e+08 6.3586574e+08 2.0575954e-21 1.6199427e-21 4.3098132e-26
11707777 7.2483512e+16 5.5565797e+09 6.8065611e+08 6.3518393e+08 2.0511837e-21 1.6152773e-21 4.2873129e-26
11720822 7.2555995e+16 5.5565537e+09 6.8003339e+08 6.345029e+08 2.0447922e-21 1.610625e-21 4.2649309e-26
11733880 7.2628551e+16 5.5565278e+09 6.7941119e+08 6.3382266e+08 2.0384208e-21 1.6059859e-21 4.2426667e-26
11746950 7.270118e+16 5.556502e+09 6.7878951e+08 6.331432e+08 2.0320695e-21 1.6013601e-21 4.2205196e-26
11760034 7.2773881e+16 5.5564762e+09 6.7816836e+08 6.3246452e+08 2.0257382e-21 1.5967473e-21 4.1984889e-26
11773132 7.2846655e+16 5.5564504e+09 6.7754772e+08 6.3178662e+08 2.0194268e-21 1.5921476e-21 4.1765741e-26
11786242 7.2919502e+16 5.5564247e+09 6.769276e+08 6.311095e+08 2.0131354e-21 1.587561e-21 4.1547746e-26
11799365 7.2992421e+16 5.5563991e+09 6.7630801e+08 6.3043316e+08 2.0068637e-21 1.5829875e-21 4.1330897e-26
11812502 7.3065414e+16 5.5563735e+09 6.7568893e+08 6.297576e+08 2.0006119e-21 1.5784269e-21 4.1115189e-26
11825652 7.3138479e+16 5.556348e+09 6.7507038e+08 6.2908281e+08 1.9943797e-21 1.5738792e-21 4.0900614e-26
11838815 7.3211617e+16 5.5563225e+09 6.7445234e+08 6.284088e+08 1.9881672e-21 1.5693445e-21 4.0687168e-26
11851991 7.3284829e+16 5.5562971e+09 6.7383482e+08 6.2773557e+08 1.9819742e-21 1.5648226e-21 4.0474844e-26
11865181 7.3358114e+16 5.5562717e+09 6.7321782e+08 6.2706311e+08 1.9758007e-21 1.5603136e-21 4.0263637e-26
11878383 7.3431472e+16 5.5562463e+09 6.7260133e+08 6.2639142e+08 1.9696467e-21 1.5558174e-21 4.005354e-26
11891599 7.3504903e+16 5.5562211e+09 6.7198537e+08 6.257205e+08 1.9635121e-21 1.5513339e-21 3.9844547e-26
11904829 7.3578408e+16 5.5561958e+09 6.7136992e+08 6.2505035e+08 1.9573968e-21 1.5468632e-21 3.9636653e-26
11918071 7.3651987e+16 5.5561706e+09 6.7075499e+08 6.2438097e+08 1.9513007e-21 1.5424052e-21 3.9429852e-26
11931327 7.3725639e+16 5.5561455e+09 6.7014057e+08 6.2371236e+08 1.9452239e-21 1.5379599e-21 3.9224138e-26
11944596 7.3799364e+16 5.5561204e+09 6.6952667e+08 6.2304452e+08 1.9391662e-21 1.5335272e-21 3.9019505e-26
11957879 7.3873164e+16 5.5560954e+09 6.6891329e+08 6.2237745e+08 1.9331275e-21 1.529107e-21 3.8815948e-26
11971175 7.3947037e+16 5.5560704e+09 6.6830042e+08 6.2171114e+08 1.9271079e-21 1.5246995e-21 3.861346e-26
11984484 7.4020984e+16 5.5560455e+09 6.6768807e+08 6.2104559e+08 1.9211073e-21 1.5203044e-21 3.8412037e-26
11997807 7.4095005e+16 5.5560206e+09 6.6707623e+08 6.2038081e+08 1.9151255e-21 1.5159219e-21 3.8211672e-26
12011143 7.41691e+16 5.5559957e+09 6.6646491e+08 6.1971679e+08 1.9091626e-21 1.5115518e-21 3.801236e-26
12024492 7.4243269e+16 5.555971e+09 6.658541e+08 6.1905353e+08 1.9032184e-21 1.5071941e-21 3.7814096e-26
12037855 7.4317512e+16 5.5559462e+09 6.652438e+08 6.1839103e+08 1.897293e-21 1.5028488e-21 3.7616873e-26
12051231 7.439183e+16 5.5559215e+09 6.6463402e+08 6.1772929e+08 1.8913862e-21 1.4985158e-21 3.7420687e-26
12064621 7.4466222e+16 5.5558969e+09 6.6402475e+08 6.1706832e+08 1.885498e-21 1.4941952e-21 3.7225531e-26
12078024 7.4540688e+16 5.5558723e+09 6.6341599e+08 6.1640809e+08 1.8796283e-21 1.4898869e-21 3.7031401e-26
12091440 7.4615229e+16 5.5558478e+09 6.6280775e+08 6.1574863e+08 1.8737771e-21 1.4855907e-21 3.6838291e-26
12104870 7.4689844e+16 5.5558233e+09 6.6220001e+08 6.1508992e+08 1.8679444e-21 1.4813069e-21 3.6646195e-26
12118314 7.4764534e+16 5.5557988e+09 6.6159279e+08 6.1443196e+08 1.86213e-21 1.4770351e-21 3.6455108e-26
12131771 7.4839298e+16 5.5557744e+09 6.6098608e+08 6.1377476e+08 1.8563339e-21 1.4727756e-21 3.6265025e-26
12145241 7.4914137e+16 5.5557501e+09 6.6037988e+08 6.1311831e+08 1.850556e-21 1.4685281e-21 3.6075941e-26
12158726 7.4989052e+16 5.5557258e+09 6.5977419e+08 6.1246262e+08 1.8447963e-21 1.4642927e-21 3.5887849e-26
12172223 7.5064041e+16 5.5557015e+09 6.5916901e+08 6.1180767e+08 1.8390548e-21 1.4600694e-21 3.5700746e-26
12185734 7.5139105e+16 5.5556773e+09 6.5856434e+08 6.1115348e+08 1.8333313e-21 1.4558581e-21 3.5514625e-26
12199259 7.5214244e+16 5.5556532e+09 6.5796018e+08 6.1050003e+08 1.8276258e-21 1.4516587e-21 3.5329482e-26
12212797 7.5289458e+16 5.5556291e+09 6.5735653e+08 6.0984733e+08 1.8219383e-21 1.4474713e-21 3.5145311e-26
12226349 7.5364747e+16 5.555605e+09 6.5675339e+08 6.0919538e+08 1.8162687e-21 1.4432958e-21 3.4962107e-26
12239915 7.5440112e+16 5.555581e+09 6.5615075e+08 6.0854417e+08 1.8106169e-21 1.4391322e-21 3.4779865e-26
12253494 7.5515552e+16 5.555557e+09 6.5554863e+08 6.0789371e+08 1.8049829e-21 1.4349804e-21 3.459858e-26
12267087 7.5591068e+16 5.5555331e+09 6.5494701e+08 6.0724399e+08 1.7993666e-21 1.4308405e-21 3.4418247e-26
12280693 7.5666659e+16 5.5555093e+09 6.543459e+08 6.0659501e+08 1.793768e-21 1.4267123e-21 3.4238861e-26
12294313 7.5742326e+16 5.5554854e+09 6.5374529e+08 6.0594678e+08 1.788187e-21 1.4225959e-21 3.4060417e-26
12307947 7.5818068e+16 5.5554617e+09 6.5314519e+08 6.0529929e+08 1.7826235e-21 1.4184911e-21 3.3882909e-26
12321595 7.5893886e+16 5.5554379e+09 6.525456e+08 6.0465254e+08 1.7770776e-21 1.4143981e-21 3.3706334e-26
12335256 7.596978e+16 5.5554143e+09 6.5194651e+08 6.0400653e+08 1.7715491e-21 1.4103167e-21 3.3530685e-26
12348931 7.604575e+16 5.5553906e+09 6.5134793e+08 6.0336125e+08 1.766038e-21 1.4062469e-21 3.3355958e-26
12362619 7.6121795e+16 5.555367e+09 6.5074986e+08 6.0271671e+08 1.7605442e-21 1.4021887e-21 3.3182149e-26
12376322 7.6197917e+16 5.5553435e+09 6.5015229e+08 6.0207291e+08 1.7550677e-21 1.398142e-21 3.3009252e-26
12390038 7.6274115e+16 5.55532e+09 6.4955522e+08 6.0142985e+08 1.7496084e-21 1.3941069e-21 3.2837262e-26
12403768 7.6350389e+16 5.5552966e+09 6.4895866e+08 6.0078752e+08 1.7441663e-21 1.3900833e-21 3.2666175e-26
12417512 7.642674e+16 5.5552732e+09 6.483626e+08 6.0014592e+08 1.7387413e-21 1.3860711e-21 3.2495986e-26
12431269 7.6503166e+16 5.5552498e+09 6.4776704e+08 5.9950506e+08 1.7333334e-21 1.3820703e-21 3.232669e-26
12445040 7.657967e+16 5.5552265e+09 6.4717199e+08 5.9886492e+08 1.7279425e-21 1.3780809e-21 3.2158283e-26
12458826 7.6656249e+16 5.5552033e+09 6.4657744e+08 5.9822552e+08 1.7225685e-21 1.3741029e-21 3.1990759e-26
12472625 7.6732905e+16 5.55518e+09 6.4598339e+08 5.9758685e+08 1.7172114e-21 1.3701362e-21 3.1824114e-26
12486437 7.6809638e+16 5.5551569e+09 6.4538984e+08 5.969489e+08 1.7118712e-21 1.3661808e-21 3.1658344e-26
12500264 7.6886448e+16 5.5551338e+09 6.447968e+08 5.9631169e+08 1.7065477e-21 1.3622366e-21 3.1493443e-26
12514105 7.6963334e+16 5.5551107e+09 6.4420426e+08 5.956752e+08 1.701241e-21 1.3583037e-21 3.1329408e-26
12527959 7.7040298e+16 5.5550877e+09 6.4361222e+08 5.9503944e+08 1.6959509e-21 1.354382e-21 3.1166233e-26
12541828 7.7117338e+16 5.5550647e+09 6.4302067e+08 5.944044e+08 1.6906775e-21 1.3504715e-21 3.1003914e-26
12555710 7.7194455e+16 5.5550417e+09 6.4242963e+08 5.9377008e+08 1.6854207e-21 1.3465721e-21 3.0842447e-26
12569606 7.727165e+16 5.5550188e+09 6.4183909e+08 5.9313649e+08 1.6801804e-21 1.3426838e-21 3.0681826e-26
12583517 7.7348922e+16 5.554996e+09 6.4124905e+08 5.9250362e+08 1.6749566e-21 1.3388065e-21 3.0522049e-26
12597441 7.742627e+16 5.5549732e+09 6.4065951e+08 5.9187148e+08 1.6697491e-21 1.3349404e-21 3.0363109e-26
12611379 7.7503697e+16 5.5549504e+09 6.4007046e+08 5.9124005e+08 1.6645581e-21 1.3310852e-21 3.0205003e-26
12625331 7.75812e+16 5.5549277e+09 6.3948192e+08 5.9060934e+08 1.6593833e-21 1.327241e-21 3.0047726e-26
12639297 7.7658782e+16 5.5549051e+09 6.3889387e+08 5.8997935e+08 1.6542249e-21 1.3234078e-21 2.9891275e-26
12653278 7.773644e+16 5.5548824e+09 6.3830632e+08 5.8935008e+08 1.6490826e-21 1.3195855e-21 2.9735643e-26
12667272 7.7814177e+16 5.5548599e+09 6.3771927e+08 5.8872153e+08 1.6439565e-21 1.3157741e-21 2.9580828e-26
12681280 7.7891991e+16 5.5548373e+09 6.3713271e+08 5.8809369e+08 1.6388465e-21 1.3119735e-21 2.9426824e-26
12695302 7.7969883e+16 5.5548149e+09 6.3654665e+08 5.8746657e+08 1.6337525e-21 1.3081838e-21 2.9273629e-26
12709339 7.8047853e+16 5.5547924e+09 6.3596109e+08 5.8684016e+08 1.6286746e-21 1.3044049e-21 2.9121236e-26
12723389 7.8125901e+16 5.55477e+09 6.3537602e+08 5.8621446e+08 1.6236126e-21 1.3006367e-21 2.8969643e-26
12737454 7.8204027e+16 5.5547477e+09 6.3479145e+08 5.8558948e+08 1.6185665e-21 1.2968793e-21 2.8818844e-26
12751533 7.8282231e+16 5.5547254e+09 6.3420738e+08 5.849652e+08 1.6135362e-21 1.2931326e-21 2.8668836e-26
12765626 7.8360513e+16 5.5547031e+09 6.3362379e+08 5.8434164e+08 1.6085218e-21 1.2893966e-21 2.8519614e-26
12779733 7.8438873e+16 5.5546809e+09 6.3304071e+08 5.8371878e+08 1.6035231e-21 1.2856712e-21 2.8371175e-26
12793854 7.8517312e+16 5.5546587e+09 6.3245812e+08 5.8309664e+08 1.5985401e-21 1.2819565e-21 2.8223513e-26
12807989 7.859583e+16 5.5546366e+09 6.3187602e+08 5.824752e+08 1.5935728e-21 1.2782523e-21 2.8076626e-26
12822139 7.8674425e+16 5.5546145e+09 6.3129441e+08 5.8185447e+08 1.588621e-21 1.2745587e-21 2.7930509e-26
12836303 7.87531e+16 5.5545924e+09 6.307133e+08 5.8123445e+08 1.5836849e-21 1.2708756e-21 2.7785158e-26
12850481 7.8831853e+16 5.5545704e+09 6.3013268e+08 5.8061513e+08 1.5787642e-21 1.2672031e-21 2.7640568e-26
12864673 7.8910685e+16 5.5545485e+09 6.2955256e+08 5.7999651e+08 1.573859e-21 1.263541e-21 2.7496736e-26
12878880 7.8989596e+16 5.5545266e+09 6.2897292e+08 5.793786e+08 1.5689691e-21 1.2598893e-21 2.7353658e-26
12893100 7.9068585e+16 5.5545047e+09 6.2839378e+08 5.7876138e+08 1.5640947e-21 1.2562481e-21 2.721133e-26
12907335 7.9147654e+16 5.5544829e+09 6.2781513e+08 5.7814487e+08 1.5592355e-21 1.2526172e-21 2.7069748e-26
12921585 7.9226801e+16 5.5544611e+09 6.2723697e+08 5.7752907e+08 1.5543916e-21 1.2489967e-21 2.6928907e-26
12935848 7.9306028e+16 5.5544394e+09 6.266593e+08 5.7691396e+08 1.5495629e-21 1.2453866e-21 2.6788805e-26
12950126 7.9385334e+16 5.5544177e+09 6.2608212e+08 5.7629954e+08 1.5447494e-21 1.2417867e-21 2.6649437e-26
12964419 7.946472e+16 5.554396e+09 6.2550544e+08 5.7568583e+08 1.5399509e-21 1.2381971e-21 2.6510799e-26
12978725 7.9544184e+16 5.5543744e+09 6.2492924e+08 5.7507281e+08 1.5351676e-21 1.2346178e-21 2.6372887e-26
12993046 7.9623728e+16 5.5543528e+09 6.2435353e+08 5.7446049e+08 1.5303992e-21 1.2310486e-21 2.6235698e-26
13007382 7.9703352e+16 5.5543313e+09 6.2377831e+08 5.7384887e+08 1.5256458e-21 1.2274896e-21 2.6099227e-26
13021731 7.9783055e+16 5.5543098e+09 6.2320358e+08 5.7323794e+08 1.5209074e-21 1.2239408e-21 2.5963472e-26
13036096 7.9862839e+16 5.5542884e+09 6.2262933e+08 5.726277e+08 1.5161838e-21 1.2204021e-21 2.5828427e-26
13050474 7.9942701e+16 5.554267e+09 6.2205558e+08 5.7201815e+08 1.511475e-21 1.2168736e-21 2.569409e-26
13064867 8.0022644e+16 5.5542456e+09 6.2148231e+08 5.714093e+08 1.5067811e-21 1.2133551e-21 2.5560457e-26
13079275 8.0102667e+16 5.5542243e+09 6.2090953e+08 5.7080113e+08 1.5021018e-21 1.2098466e-21 2.5427523e-26
13093697 8.0182769e+16 5.5542031e+09 6.2033724e+08 5.7019366e+08 1.4974372e-21 1.2063481e-21 2.5295286e-26
13108133 8.0262952e+16 5.5541818e+09 6.1976543e+08 5.6958687e+08 1.4927873e-21 1.2028596e-21 2.5163742e-26
13122584 8.0343215e+16 5.5541607e+09 6.1919411e+08 5.6898078e+08 1.488152e-21 1.1993811e-21 2.5032886e-26
13137049 8.0423558e+16 5.5541395e+09 6.1862327e+08 5.6837537e+08 1.4835312e-21 1.1959125e-21 2.4902716e-26
13151529 8.0503982e+16 5.5541184e+09 6.1805292e+08 5.6777064e+08 1.4789249e-21 1.1924539e-21 2.4773227e-26
13166024 8.0584486e+16 5.5540974e+09 6.1748306e+08 5.671666e+08 1.4743331e-21 1.189005e-21 2.4644416e-26
13180533 8.066507e+16 5.5540763e+09 6.1691368e+08 5.6656325e+08 1.4697556e-21 1.1855661e-21 2.451628e-26
13195056 8.0745735e+16 5.5540554e+09 6.1634479e+08 5.6596058e+08 1.4651926e-21 1.1821369e-21 2.4388815e-26
13209594 8.0826481e+16 5.5540344e+09 6.1577638e+08 5.6535859e+08 1.4606438e-21 1.1787176e-21 2.4262017e-26
13224147 8.0907308e+16 5.5540135e+09 6.1520845e+08 5.6475729e+08 1.4561093e-21 1.175308e-21 2.4135883e-26
13238715 8.0988215e+16 5.5539927e+09 6.1464101e+08 5.6415666e+08 1.4515891e-21 1.1719081e-21 2.4010409e-26
13253297 8.1069203e+16 5.5539719e+09 6.1407405e+08 5.6355672e+08 1.447083e-21 1.168518e-21 2.3885592e-26
13267893 8.1150272e+16 5.5539511e+09 6.1350757e+08 5.6295745e+08 1.4425911e-21 1.1651375e-21 2.3761429e-26
13282504 8.1231423e+16 5.5539304e+09 6.1294158e+08 5.6235887e+08 1.4381132e-21 1.1617667e-21 2.3637915e-26
13297130 8.1312654e+16 5.5539097e+09 6.1237606e+08 5.6176096e+08 1.4336494e-21 1.1584055e-21 2.3515048e-26
13311771 8.1393967e+16 5.5538891e+09 6.1181103e+08 5.6116372e+08 1.4291996e-21 1.155054e-21 2.3392824e-26
13326426 8.1475361e+16 5.5538685e+09 6.1124648e+08 5.6056717e+08 1.4247637e-21 1.1517119e-21 2.327124e-26
13341096 8.1556836e+16 5.5538479e+09 6.1068241e+08 5.5997129e+08 1.4203418e-21 1.1483795e-21 2.3150293e-26
13355781 8.1638393e+16 5.5538274e+09 6.1011883e+08 5.5937608e+08 1.4159337e-21 1.1450565e-21 2.3029978e-26
13370481 8.1720031e+16 5.5538069e+09 6.0955572e+08 5.5878154e+08 1.4115395e-21 1.1417431e-21 2.2910293e-26
13385195 8.1801751e+16 5.5537865e+09 6.0899309e+08 5.5818768e+08 1.407159e-21 1.1384391e-21 2.2791234e-26
13399924 8.1883553e+16 5.5537661e+09 6.0843095e+08 5.5759449e+08 1.4027923e-21 1.1351446e-21 2.2672798e-26
13414668 8.1965437e+16 5.5537457e+09 6.0786928e+08 5.5700197e+08 1.3984392e-21 1.1318595e-21 2.2554982e-26
13429426 8.2047402e+16 5.5537254e+09 6.0730809e+08 5.5641012e+08 1.3940998e-21 1.1285837e-21 2.2437783e-26
13444200 8.2129449e+16 5.5537051e+09 6.0674738e+08 5.5581894e+08 1.389774e-21 1.1253173e-21 2.2321197e-26
13458988 8.2211579e+16 5.5536849e+09 6.0618715e+08 5.5522843e+08 1.3854618e-21 1.1220603e-21 2.220522e-26
13473791 8.229379e+16 5.5536647e+09 6.0562739e+08 5.5463859e+08 1.3811631e-21 1.1188126e-21 2.2089851e-26
13488609 8.2376084e+16 5.5536445e+09 6.0506812e+08 5.5404941e+08 1.3768778e-21 1.1155741e-21 2.1975085e-26
13503442 8.245846e+16 5.5536244e+09 6.0450932e+08 5.534609e+08 1.372606e-21 1.1123449e-21 2.1860919e-26
13518289 8.2540919e+16 5.5536043e+09 6.0395099e+08 5.5287305e+08 1.3683476e-21 1.1091249e-21 2.1747351e-26
13533152 8.262346e+16 5.5535843e+09 6.0339315e+08 5.5228586e+08 1.3641026e-21 1.1059142e-21 2.1634377e-26
13548029 8.2706083e+16 5.5535643e+09 6.0283578e+08 5.5169934e+08 1.3598708e-21 1.1027126e-21 2.1521994e-26
13562922 8.2788789e+16 5.5535443e+09 6.0227889e+08 5.5111349e+08 1.3556523e-21 1.0995202e-21 2.1410198e-26
13577829 8.2871578e+16 5.5535244e+09 6.0172247e+08 5.5052829e+08 1.351447e-21 1.0963369e-21 2.1298987e-26
13592752 8.295445e+16 5.5535045e+09 6.0116653e+08 5.4994375e+08 1.3472549e-21 1.0931627e-21 2.1188358e-26
13607689 8.3037404e+16 5.5534847e+09 6.0061106e+08 5.4935988e+08 1.343076e-21 1.0899976e-21 2.1078308e-26
13622641 8.3120442e+16 5.5534649e+09 6.0005607e+08 5.4877666e+08 1.3389101e-21 1.0868415e-21 2.0968833e-26
13637608 8.3203562e+16 5.5534451e+09 5.9950155e+08 5.481941e+08 1.3347573e-21 1.0836944e-21 2.0859931e-26
13652591 8.3286766e+16 5.5534254e+09 5.989475e+08 5.476122e+08 1.3306175e-21 1.0805564e-21 2.0751598e-26
13667588 8.3370052e+16 5.5534057e+09 5.9839393e+08 5.4703095e+08 1.3264907e-21 1.0774273e-21 2.0643831e-26
13682601 8.3453422e+16 5.5533861e+09 5.9784084e+08 5.4645036e+08 1.3223768e-21 1.0743072e-21 2.0536628e-26
13697628 8.3536876e+16 5.5533665e+09 5.9728821e+08 5.4587043e+08 1.3182758e-21 1.071196e-21 2.0429986e-26
13712671 8.3620413e+16 5.5533469e+09 5.9673606e+08 5.4529115e+08 1.3141876e-21 1.0680937e-21 2.0323901e-26
13727728 8.3704033e+16 5.5533274e+09 5.9618438e+08 5.4471252e+08 1.3101123e-21 1.0650002e-21 2.0218371e-26
13742801 8.3787737e+16 5.5533079e+09 5.9563317e+08 5.4413454e+08 1.3060497e-21 1.0619157e-21 2.0113392e-26
13757889 8.3871525e+16 5.5532885e+09 5.9508243e+08 5.4355722e+08 1.3019999e-21 1.0588399e-21 2.0008963e-26
13772992 8.3955396e+16 5.553269e+09 5.9453217e+08 5.4298055e+08 1.2979627e-21 1.055773e-21 1.9905079e-26
13788110 8.4039352e+16 5.5532497e+09 5.9398237e+08 5.4240452e+08 1.2939382e-21 1.0527148e-21 1.9801738e-26
13803244 8.4123391e+16 5.5532303e+09 5.9343305e+08 5.4182915e+08 1.2899263e-21 1.0496653e-21 1.9698938e-26
13818392 8.4207514e+16 5.553211e+09 5.9288419e+08 5.4125442e+08 1.2859269e-21 1.0466246e-21 1.9596674e-26
13833556 8.4291722e+16 5.5531918e+09 5.9233581e+08 5.4068035e+08 1.2819401e-21 1.0435926e-21 1.9494946e-26
13848735 8.4376014e+16 5.5531726e+09 5.917879e+08 5.4010691e+08 1.2779657e-21 1.0405693e-21 1.9393749e-26
13863929 8.446039e+16 5.5531534e+09 5.9124045e+08 5.3953413e+08 1.2740038e-21 1.0375546e-21 1.9293081e-26
13879138 8.454485e+16 5.5531343e+09 5.9069347e+08 5.3896199e+08 1.2700544e-21 1.0345486e-21 1.9192939e-26
13894363 8.4629395e+16 5.5531151e+09 5.9014697e+08 5.3839049e+08 1.2661172e-21 1.0315511e-21 1.909332e-26
13909603 8.4714024e+16 5.5530961e+09 5.8960093e+08 5.3781964e+08 1.2621925e-21 1.0285623e-21 1.8994222e-26
13924858 8.4798738e+16 5.5530771e+09 5.8905535e+08 5.3724943e+08 1.25828e-21 1.025582e-21 1.8895642e-26
13940129 8.4883537e+16 5.5530581e+09 5.8851025e+08 5.3667986e+08 1.2543797e-21 1.0226102e-21 1.8797577e-26
13955415 8.4968421e+16 5.5530391e+09 5.8796561e+08 5.3611093e+08 1.2504917e-21 1.0196469e-21 1.8700024e-26
13970716 8.5053389e+16 5.5530202e+09 5.8742144e+08 5.3554264e+08 1.2466158e-21 1.0166921e-21 1.8602981e-26
13986033 8.5138442e+16 5.5530013e+09 5.8687774e+08 5.3497499e+08 1.2427521e-21 1.0137458e-21 1.8506445e-26
14001365 8.5223581e+16 5.5529825e+09 5.863345e+08 5.3440798e+08 1.2389004e-21 1.0108079e-21 1.8410413e-26
14016712 8.5308804e+16 5.5529637e+09 5.8579172e+08 5.3384161e+08 1.2350609e-21 1.0078784e-21 1.8314883e-26
14032075 8.5394113e+16 5.5529449e+09 5.8524942e+08 5.3327588e+08 1.2312333e-21 1.0049573e-21 1.8219852e-26
14047453 8.5479507e+16 5.5529262e+09 5.8470758e+08 5.3271078e+08 1.2274177e-21 1.0020446e-21 1.8125318e-26
14062847 8.5564987e+16 5.5529075e+09 5.841662e+08 5.3214631e+08 1.2236141e-21 9.991402e-22 1.8031277e-26
14078256 8.5650552e+16 5.5528888e+09 5.8362529e+08 5.3158248e+08 1.2198224e-21 9.9624413e-22 1.7937728e-26
14093680 8.5736202e+16 5.5528702e+09 5.8308484e+08 5.3101929e+08 1.2160425e-21 9.9335635e-22 1.7844667e-26
14109120 8.5821939e+16 5.5528516e+09 5.8254485e+08 5.3045673e+08 1.2122745e-21 9.9047685e-22 1.7752092e-26
14124576 8.5907761e+16 5.5528331e+09 5.8200533e+08 5.298948e+08 1.2085182e-21 9.8760559e-22 1.7660001e-26
14140047 8.5993668e+16 5.5528146e+09 5.8146627e+08 5.293335e+08 1.2047738e-21 9.8474255e-22 1.7568391e-26
14155533 8.6079662e+16 5.5527961e+09 5.8092768e+08 5.2877283e+08 1.201041e-21 9.8188772e-22 1.7477259e-26
14171035 8.6165742e+16 5.5527777e+09 5.8038954e+08 5.2821279e+08 1.1973199e-21 9.7904106e-22 1.7386603e-26
14186553 8.6251907e+16 5.5527593e+09 5.7985187e+08 5.2765338e+08 1.1936105e-21 9.7620256e-22 1.729642e-26
14202086 8.6338159e+16 5.5527409e+09 5.7931466e+08 5.270946e+08 1.1899126e-21 9.7337219e-22 1.7206709e-26
14217635 8.6424497e+16 5.5527226e+09 5.7877791e+08 5.2653645e+08 1.1862264e-21 9.7054993e-22 1.7117465e-26
14233199 8.6510922e+16 5.5527043e+09 5.7824163e+08 5.2597892e+08 1.1825517e-21 9.6773575e-22 1.7028688e-26
14248779 8.6597433e+16 5.5526861e+09 5.777058e+08 5.2542202e+08 1.1788884e-21 9.6492964e-22 1.6940374e-26
14264375 8.668403e+16 5.5526679e+09 5.7717044e+08 5.2486575e+08 1.1752367e-21 9.6213157e-22 1.6852522e-26
14279986 8.6770714e+16 5.5526497e+09 5.7663553e+08 5.2431009e+08 1.1715963e-21 9.5934152e-22 1.6765128e-26
14295613 8.6857485e+16 5.5526316e+09 5.7610108e+08 5.2375507e+08 1.1679674e-21 9.5655946e-22 1.667819e-26
14311255 8.6944343e+16 5.5526134e+09 5.755671e+08 5.2320066e+08 1.1643497e-21 9.5378538e-22 1.6591706e-26
14326914 8.7031287e+16 5.5525954e+09 5.7503357e+08 5.2264688e+08 1.1607435e-21 9.5101925e-22 1.6505674e-26
14342587 8.7118318e+16 5.5525773e+09 5.745005e+08 5.2209372e+08 1.1571484e-21 9.4826104e-22 1.642009e-26
14358277 8.7205437e+16 5.5525593e+09 5.7396789e+08 5.2154118e+08 1.1535647e-21 9.4551074e-22 1.6334954e-26
14373983 8.7292642e+16 5.5525414e+09 5.7343574e+08 5.2098925e+08 1.1499921e-21 9.4276832e-22 1.6250261e-26
14389704 8.7379935e+16 5.5525235e+09 5.7290404e+08 5.2043795e+08 1.1464307e-21 9.4003377e-22 1.6166011e-26
14405441 8.7467315e+16 5.5525056e+09 5.7237281e+08 5.1988727e+08 1.1428805e-21 9.3730705e-22 1.60822e-26
14421194 8.7554782e+16 5.5524877e+09 5.7184203e+08 5.193372e+08 1.1393414e-21 9.3458815e-22 1.5998827e-26
14436962 8.7642337e+16 5.5524699e+09 5.713117e+08 5.1878775e+08 1.1358133e-21 9.3187705e-22 1.5915889e-26
14452747 8.7729979e+16 5.5524521e+09 5.7078184e+08 5.1823891e+08 1.1322962e-21 9.2917372e-22 1.5833384e-26
14468547 8.7817709e+16 5.5524344e+09 5.7025243e+08 5.1769069e+08 1.1287902e-21 9.2647814e-22 1.5751309e-26
14484363 8.7905527e+16 5.5524166e+09 5.6972347e+08 5.1714309e+08 1.1252951e-21 9.2379029e-22 1.5669663e-26
14500195 8.7993432e+16 5.552399e+09 5.6919497e+08 5.165961e+08 1.121811e-21 9.2111014e-22 1.5588442e-26
14516043 8.8081426e+16 5.5523813e+09 5.6866693e+08 5.1604972e+08 1.1183377e-21 9.1843769e-22 1.5507646e-26
14531906 8.8169507e+16 5.5523637e+09 5.6813934e+08 5.1550395e+08 1.1148753e-21 9.1577289e-22 1.5427271e-26
14547786 8.8257677e+16 5.5523461e+09 5.676122e+08 5.1495879e+08 1.1114237e-21 9.1311574e-22 1.5347315e-26
14563682 8.8345934e+16 5.5523286e+09 5.6708552e+08 5.1441425e+08 1.107983e-21 9.1046621e-22 1.5267776e-26
14579593 8.843428e+16 5.5523111e+09 5.6655929e+08 5.1387031e+08 1.1045529e-21 9.0782428e-22 1.5188653e-26
14595521 8.8522714e+16 5.5522936e+09 5.6603352e+08 5.1332699e+08 1.1011336e-21 9.0518993e-22 1.5109942e-26
14611464 8.8611237e+16 5.5522762e+09 5.655082e+08 5.1278427e+08 1.097725e-21 9.0256313e-22 1.5031641e-26
14627423 8.8699848e+16 5.5522588e+09 5.6498333e+08 5.1224216e+08 1.094327e-21 8.9994387e-22 1.4953749e-26
14643399 8.8788548e+16 5.5522414e+09 5.6445892e+08 5.1170065e+08 1.0909397e-21 8.9733212e-22 1.4876264e-26
14659390 8.8877337e+16 5.5522241e+09 5.6393495e+08 5.1115975e+08 1.087563e-21 8.9472786e-22 1.4799182e-26
14675398 8.8966214e+16 5.5522068e+09 5.6341144e+08 5.1061946e+08 1.0841968e-21 8.9213108e-22 1.4722503e-26
14691421 8.905518e+16 5.5521895e+09 5.6288838e+08 5.1007977e+08 1.0808411e-21 8.8954175e-22 1.4646223e-26
14707461 8.9144236e+16 5.5521723e+09 5.6236577e+08 5.0954069e+08 1.0774959e-21 8.8695984e-22 1.4570342e-26
14723517 8.923338e+16 5.5521551e+09 5.6184361e+08 5.090022e+08 1.0741611e-21 8.8438535e-22 1.4494856e-26
14739589 8.9322613e+16 5.552138e+09 5.613219e+08 5.0846432e+08 1.0708368e-21 8.8181824e-22 1.4419763e-26
14755677 8.9411936e+16 5.5521208e+09 5.6080064e+08 5.0792704e+08 1.0675229e-21 8.792585e-22 1.4345062e-26
14771781 8.9501348e+16 5.5521037e+09 5.6027984e+08 5.0739037e+08 1.0642193e-21 8.767061e-22 1.4270751e-26
14787901 8.9590849e+16 5.5520867e+09 5.5975948e+08 5.0685429e+08 1.0609261e-21 8.7416103e-22 1.4196827e-26
14804037 8.968044e+16 5.5520697e+09 5.5923957e+08 5.0631881e+08 1.0576431e-21 8.7162327e-22 1.4123289e-26
14820190 8.977012e+16 5.5520527e+09 5.5872011e+08 5.0578393e+08 1.0543704e-21 8.6909279e-22 1.4050134e-26
14836359 8.985989e+16 5.5520357e+09 5.5820109e+08 5.0524965e+08 1.0511079e-21 8.6656957e-22 1.397736e-26
14852544 8.994975e+16 5.5520188e+09 5.5768253e+08 5.0471596e+08 1.0478556e-21 8.6405359e-22 1.3904966e-26
14868745 9.00397e+16 5.5520019e+09 5.5716441e+08 5.0418287e+08 1.0446135e-21 8.6154484e-22 1.3832949e-26
14884963 9.012974e+16 5.5519851e+09 5.5664675e+08 5.0365038e+08 1.0413815e-21 8.5904329e-22 1.3761308e-26
14901196 9.021987e+16 5.5519682e+09 5.5612952e+08 5.0311848e+08 1.0381596e-21 8.5654892e-22 1.369004e-26
14917447 9.0310089e+16 5.5519514e+09 5.5561275e+08 5.0258717e+08 1.0349478e-21 8.5406171e-22 1.3619144e-26
14933713 9.0400399e+16 5.5519347e+09 5.5509642e+08 5.0205646e+08 1.031746e-21 8.5158164e-22 1.3548617e-26
14949996 9.04908e+16 5.551918e+09 5.5458054e+08 5.0152634e+08 1.0285542e-21 8.491087e-22 1.3478458e-26
14966295 9.0581291e+16 5.5519013e+09 5.540651e+08 5.0099681e+08 1.0253723e-21 8.4664285e-22 1.3408664e-26
14982610 9.0671872e+16 5.5518846e+09 5.5355011e+08 5.0046788e+08 1.0222004e-21 8.4418409e-22 1.3339234e-26
14998942 9.0762544e+16 5.551868e+09 5.5303556e+08 4.9993953e+08 1.0190384e-21 8.4173238e-22 1.3270166e-26
15015290 9.0853306e+16 5.5518514e+09 5.5252146e+08 4.9941178e+08 1.0158863e-21 8.3928772e-22 1.3201458e-26
15031654 9.094416e+16 5.5518349e+09 5.5200781e+08 4.9888461e+08 1.012744e-21 8.3685008e-22 1.3133108e-26
15048035 9.1035104e+16 5.5518183e+09 5.514946e+08 4.9835803e+08 1.0096116e-21 8.3441944e-22 1.3065114e-26
15064433 9.1126139e+16 5.5518018e+09 5.5098183e+08 4.9783204e+08 1.0064889e-21 8.3199578e-22 1.2997475e-26
15080846 9.1217265e+16 5.5517854e+09 5.504695e+08 4.9730663e+08 1.003376e-21 8.2957908e-22 1.2930188e-26
15097277 9.1308482e+16 5.551769e+09 5.4995762e+08 4.9678181e+08 1.0002728e-21 8.2716932e-22 1.2863251e-26
15113723 9.1399791e+16 5.5517526e+09 5.4944618e+08 4.9625758e+08 9.9717924e-22 8.2476649e-22 1.2796663e-26
15130187 9.1491191e+16 5.5517362e+09 5.4893519e+08 4.9573393e+08 9.9409538e-22 8.2237055e-22 1.2730423e-26
15146666 9.1582682e+16 5.5517199e+09 5.4842463e+08 4.9521086e+08 9.9102114e-22 8.1998151e-22 1.2664527e-26
15163163 9.1674265e+16 5.5517036e+09 5.4791452e+08 4.9468838e+08 9.8795651e-22 8.1759932e-22 1.2598974e-26
15179675 9.1765939e+16 5.5516873e+09 5.4740485e+08 4.9416648e+08 9.8490144e-22 8.1522398e-22 1.2533763e-26
15196205 9.1857705e+16 5.5516711e+09 5.4689562e+08 4.9364516e+08 9.818559e-22 8.1285546e-22 1.2468892e-26
15212751 9.1949562e+16 5.5516549e+09 5.4638683e+08 4.9312443e+08 9.7881988e-22 8.1049375e-22 1.2404359e-26
15229313 9.2041512e+16 5.5516387e+09 5.4587849e+08 4.9260427e+08 9.7579333e-22 8.0813883e-22 1.2340162e-26
15245892 9.2133553e+16 5.5516226e+09 5.4537058e+08 4.9208469e+08 9.7277623e-22 8.0579067e-22 1.2276299e-26
15262488 9.2225687e+16 5.5516065e+09 5.4486311e+08 4.9156569e+08 9.6976854e-22 8.0344926e-22 1.2212768e-26
15279101 9.2317913e+16 5.5515904e+09 5.4435608e+08 4.9104727e+08 9.6677025e-22 8.0111458e-22 1.2149569e-26
15295730 9.2410231e+16 5.5515744e+09 5.438495e+08 4.9052943e+08 9.6378131e-22 7.9878661e-22 1.2086699e-26
15312376 9.2502641e+16 5.5515584e+09 5.4334335e+08 4.9001216e+08 9.6080169e-22 7.9646533e-22 1.2024156e-26
15329038 9.2595144e+16 5.5515424e+09 5.4283764e+08 4.8949547e+08 9.5783138e-22 7.9415072e-22 1.1961939e-26
15345717 9.2687739e+16 5.5515265e+09 5.4233236e+08 4.8897936e+08 9.5487034e-22 7.9184277e-22 1.1900046e-26
15362413 9.2780426e+16 5.5515106e+09 5.4182753e+08 4.8846382e+08 9.5191853e-22 7.8954145e-22 1.1838475e-26
15379126 9.2873207e+16 5.5514947e+09 5.4132313e+08 4.8794885e+08 9.4897594e-22 7.8724674e-22 1.1777225e-26
15395855 9.296608e+16 5.5514788e+09 5.4081917e+08 4.8743446e+08 9.4604253e-22 7.8495864e-22 1.1716293e-26
15412601 9.3059046e+16 5.551463e+09 5.4031565e+08 4.8692063e+08 9.4311827e-22 7.8267711e-22 1.1655679e-26
15429364 9.3152105e+16 5.5514472e+09 5.3981257e+08 4.8640739e+08 9.4020314e-22 7.8040214e-22 1.1595381e-26
15446144 9.3245257e+16 5.5514315e+09 5.3930992e+08 4.8589471e+08 9.372971e-22 7.7813371e-22 1.1535396e-26
15462941 9.3338503e+16 5.5514158e+09 5.388077e+08 4.853826e+08 9.3440013e-22 7.758718e-22 1.1475724e-26
15479754 9.3431841e+16 5.5514001e+09 5.3830593e+08 4.8487106e+08 9.3151219e-22 7.736164e-22 1.1416362e-26
15496584 9.3525273e+16 5.5513844e+09 5.3780459e+08 4.8436009e+08 9.2863327e-22 7.7136748e-22 1.135731e-26
15513432 9.3618798e+16 5.5513688e+09 5.3730368e+08 4.8384969e+08 9.2576332e-22 7.6912503e-22 1.1298565e-26
15530296 9.3712417e+16 5.5513532e+09 5.3680321e+08 4.8333985e+08 9.2290233e-22 7.6688903e-22 1.1240125e-26
15547177 9.3806129e+16 5.5513376e+09 5.3630317e+08 4.8283059e+08 9.2005026e-22 7.6465945e-22 1.118199e-26
15564075 9.3899935e+16 5.5513221e+09 5.3580357e+08 4.8232189e+08 9.1720709e-22 7.6243629e-22 1.1124157e-26
15580990 9.3993835e+16 5.5513066e+09 5.353044e+08 4.8181375e+08 9.1437279e-22 7.6021953e-22 1.1066626e-26
15597921 9.4087829e+16 5.5512911e+09 5.3480566e+08 4.8130618e+08 9.1154733e-22 7.5800914e-22 1.1009393e-26
15614870 9.4181917e+16 5.5512756e+09 5.3430736e+08 4.8079917e+08 9.0873067e-22 7.5580511e-22 1.0952459e-26
15631836 9.4276099e+16 5.5512602e+09 5.3380949e+08 4.8029273e+08 9.0592281e-22 7.5360742e-22 1.0895821e-26
15648819 9.4370375e+16 5.5512449e+09 5.3331205e+08 4.7978685e+08 9.031237e-22 7.5141605e-22 1.0839477e-26
15665819 9.4464745e+16 5.5512295e+09 5.3281505e+08 4.7928153e+08 9.0033332e-22 7.4923099e-22 1.0783427e-26
15682836 9.455921e+16 5.5512142e+09 5.3231847e+08 4.7877677e+08 8.9755164e-22 7.4705221e-22 1.0727669e-26
15699870 9.4653769e+16 5.5511989e+09 5.3182233e+08 4.7827258e+08 8.9477863e-22 7.448797e-22 1.06722e-26
15716921 9.4748423e+16 5.5511836e+09 5.3132662e+08 4.7776894e+08 8.9201427e-22 7.4271344e-22 1.0617021e-26
15733989 9.4843172e+16 5.5511684e+09 5.3083134e+08 4.7726586e+08 8.8925853e-22 7.4055341e-22 1.0562128e-26
15751074 9.4938015e+16 5.5511532e+09 5.3033649e+08 4.7676334e+08 8.8651138e-22 7.383996e-22 1.0507521e-26
15768176 9.5032953e+16 5.551138e+09 5.2984207e+08 4.7626138e+08 8.837728e-22 7.3625199e-22 1.0453198e-26
15785296 9.5127986e+16 5.5511229e+09 5.2934808e+08 4.7575998e+08 8.8104276e-22 7.3411056e-22 1.0399157e-26
15802433 9.5223114e+16 5.5511078e+09 5.2885452e+08 4.7525913e+08 8.7832123e-22 7.3197528e-22 1.0345398e-26
15819587 9.5318337e+16 5.5510927e+09 5.2836139e+08 4.7475884e+08 8.7560818e-22 7.2984616e-22 1.0291918e-26
15836758 9.5413655e+16 5.5510777e+09 5.2786869e+08 4.742591e+08 8.7290359e-22 7.2772316e-22 1.0238717e-26
15853946 9.5509069e+16 5.5510626e+09 5.2737642e+08 4.7375992e+08 8.7020743e-22 7.2560627e-22 1.0185792e-26
15871152 9.5604578e+16 5.5510476e+09 5.2688458e+08 4.7326129e+08 8.6751967e-22 7.2349548e-22 1.0133143e-26
15888374 9.5700182e+16 5.5510327e+09 5.2639316e+08 4.7276322e+08 8.6484029e-22 7.2139076e-22 1.0080767e-26
15905614 9.5795883e+16 5.5510178e+09 5.2590217e+08 4.7226569e+08 8.6216927e-22 7.192921e-22 1.0028664e-26
15922872 9.5891679e+16 5.5510029e+09 5.2541161e+08 4.7176872e+08 8.5950656e-22 7.1719948e-22 9.9768317e-27
15940146 9.598757e+16 5.550988e+09 5.2492148e+08 4.712723e+08 8.5685216e-22 7.1511289e-22 9.925269e-27
15957438 9.6083558e+16 5.5509731e+09 5.2443177e+08 4.7077643e+08 8.5420603e-22 7.130323e-22 9.8739745e-27
15974748 9.6179641e+16 5.5509583e+09 5.2394249e+08 4.7028111e+08 8.5156815e-22 7.109577e-22 9.8229467e-27
15992074 9.6275821e+16 5.5509435e+09 5.2345364e+08 4.6978634e+08 8.4893849e-22 7.0888908e-22 9.7721843e-27
16009418 9.6372097e+16 5.5509288e+09 5.2296521e+08 4.6929212e+08 8.4631702e-22 7.0682641e-22 9.7216858e-27
16026780 9.6468469e+16 5.5509141e+09 5.2247721e+08 4.6879844e+08 8.4370372e-22 7.0476968e-22 9.6714499e-27
16044159 9.6564937e+16 5.5508994e+09 5.2198963e+08 4.6830532e+08 8.4109856e-22 7.0271888e-22 9.6214752e-27
16061555 9.6661502e+16 5.5508847e+09 5.2150248e+08 4.6781273e+08 8.3850153e-22 7.0067398e-22 9.5717603e-27
16078969 9.6758164e+16 5.5508701e+09 5.2101575e+08 4.673207e+08 8.3591258e-22 6.9863497e-22 9.5223039e-27
16096400 9.6854922e+16 5.5508555e+09 5.2052944e+08 4.6682921e+08 8.333317e-22 6.9660183e-22 9.4731046e-27
16113849 9.6951777e+16 5.5508409e+09 5.2004356e+08 4.6633826e+08 8.3075886e-22 6.9457454e-22 9.4241611e-27
16131315 9.7048729e+16 5.5508263e+09 5.1955811e+08 4.6584786e+08 8.2819404e-22 6.925531e-22 9.375472e-27
16148798 9.7145777e+16 5.5508118e+09 5.1907307e+08 4.65358e+08 8.256372e-22 6.9053747e-22 9.327036e-27
16166300 9.7242923e+16 5.5507973e+09 5.1858846e+08 4.6486868e+08 8.2308834e-22 6.8852766e-22 9.2788518e-27
16183818 9.7340166e+16 5.5507829e+09 5.1810427e+08 4.6437991e+08 8.2054741e-22 6.8652363e-22 9.2309181e-27
16201355 9.7437506e+16 5.5507684e+09 5.1762051e+08 4.6389167e+08 8.180144e-22 6.8452537e-22 9.1832334e-27
16218908 9.7534944e+16 5.550754e+09 5.1713717e+08 4.6340398e+08 8.1548927e-22 6.8253288e-22 9.1357967e-27
16236480 9.7632479e+16 5.5507396e+09 5.1665424e+08 4.6291683e+08 8.1297202e-22 6.8054612e-22 9.0886064e-27
16254069 9.7730111e+16 5.5507253e+09 5.1617174e+08 4.6243021e+08 8.104626e-22 6.7856508e-22 9.0416615e-27
16271676 9.7827841e+16 5.550711e+09 5.1568966e+08 4.6194414e+08 8.07961e-22 6.7658976e-22 8.9949605e-27
16289300 9.7925669e+16 5.5506967e+09 5.15208e+08 4.614586e+08 8.0546719e-22 6.7462012e-22 8.9485022e-27
16306942 9.8023595e+16 5.5506824e+09 5.1472677e+08 4.609736e+08 8.0298115e-22 6.7265616e-22 8.9022853e-27
16324602 9.8121618e+16 5.5506682e+09 5.1424595e+08 4.6048913e+08 8.0050285e-22 6.7069786e-22 8.8563086e-27
16342279 9.821974e+16 5.550654e+09 5.1376555e+08 4.600052e+08 7.9803226e-22 6.687452e-22 8.8105707e-27
16359975 9.831796e+16 5.5506398e+09 5.1328557e+08 4.5952181e+08 7.9556938e-22 6.6679817e-22 8.7650706e-27
16377687 9.8416278e+16 5.5506257e+09 5.1280601e+08 4.5903895e+08 7.9311416e-22 6.6485675e-22 8.7198068e-27
16395418 9.8514694e+16 5.5506115e+09 5.1232687e+08 4.5855662e+08 7.9066658e-22 6.6292092e-22 8.6747783e-27
16413167 9.8613209e+16 5.5505974e+09 5.1184815e+08 4.5807483e+08 7.8822663e-22 6.6099068e-22 8.6299836e-27
16430933 9.8711822e+16 5.5505834e+09 5.1136984e+08 4.5759357e+08 7.8579427e-22 6.59066e-22 8.5854217e-27
16448717 9.8810534e+16 5.5505693e+09 5.1089196e+08 4.5711284e+08 7.8336949e-22 6.5714686e-22 8.5410913e-27
16466519 9.8909344e+16 5.5505553e+09 5.1041449e+08 4.5663265e+08 7.8095225e-22 6.5523326e-22 8.4969912e-27
16484338 9.9008254e+16 5.5505413e+09 5.0993744e+08 4.5615298e+08 7.7854255e-22 6.5332517e-22 8.4531201e-27
16502176 9.9107262e+16 5.5505274e+09 5.094608e+08 4.5567385e+08 7.7614034e-22 6.5142258e-22 8.409477e-27
16520031 9.9206369e+16 5.5505135e+09 5.0898458e+08 4.5519524e+08 7.7374561e-22 6.4952548e-22 8.3660605e-27
16537905 9.9305576e+16 5.5504996e+09 5.0850878e+08 4.5471716e+08 7.7135834e-22 6.4763385e-22 8.3228696e-27
16555796 9.9404881e+16 5.5504857e+09 5.080334e+08 4.5423961e+08 7.6897849e-22 6.4574767e-22 8.279903e-27
16573705 9.9504286e+16 5.5504718e+09 5.0755843e+08 4.5376259e+08 7.6660606e-22 6.4386693e-22 8.2371595e-27
16591633 9.960379e+16 5.550458e+09 5.0708387e+08 4.5328609e+08 7.6424101e-22 6.4199161e-22 8.1946381e-27
16609578 9.9703394e+16 5.5504442e+09 5.0660973e+08 4.5281012e+08 7.6188332e-22 6.401217e-22 8.1523375e-27
16627541 9.9803097e+16 5.5504305e+09 5.0613601e+08 4.5233468e+08 7.5953297e-22 6.3825718e-22 8.1102565e-27
16645522 9.9902901e+16 5.5504167e+09 5.056627e+08 4.5185976e+08 7.5718994e-22 6.3639804e-22 8.0683941e-27
16663521 1.000028e+17 5.550403e+09 5.051898e+08 4.5138537e+08 7.5485419e-22 6.3454426e-22 8.026749e-27
16681538 1.0010281e+17 5.5503894e+09 5.0471732e+08 4.509115e+08 7.5252572e-22 6.3269582e-22 7.9853202e-27
16699574 1.0020291e+17 5.5503757e+09 5.0424525e+08 4.5043815e+08 7.5020449e-22 6.3085272e-22 7.9441066e-27
16717627 1.0030311e+17 5.5503621e+09 5.0377359e+08 4.4996532e+08 7.4789049e-22 6.2901493e-22 7.9031069e-27
16735698 1.0040342e+17 5.5503485e+09 5.0330235e+08 4.4949302e+08 7.4558368e-22 6.2718244e-22 7.8623201e-27
16753788 1.0050382e+17 5.5503349e+09 5.0283152e+08 4.4902124e+08 7.4328406e-22 6.2535524e-22 7.821745e-27
16771896 1.0060432e+17 5.5503214e+09 5.023611e+08 4.4854997e+08 7.4099159e-22 6.2353331e-22 7.7813806e-27
16790022 1.0070493e+17 5.5503078e+09 5.018911e+08 4.4807923e+08 7.3870625e-22 6.2171663e-22 7.7412258e-27
16808166 1.0080563e+17 5.5502944e+09 5.014215e+08 4.4760901e+08 7.3642802e-22 6.1990519e-22 7.7012794e-27
16826328 1.0090644e+17 5.5502809e+09 5.0095232e+08 4.471393e+08 7.3415688e-22 6.1809898e-22 7.6615404e-27
16844508 1.0100734e+17 5.5502674e+09 5.0048355e+08 4.4667012e+08 7.3189281e-22 6.1629798e-22 7.6220076e-27
16862707 1.0110835e+17 5.550254e+09 5.0001519e+08 4.4620145e+08 7.2963578e-22 6.1450218e-22 7.5826801e-27
16880924 1.0120946e+17 5.5502407e+09 4.9954723e+08 4.4573329e+08 7.2738577e-22 6.1271156e-22 7.5435567e-27
16899159 1.0131067e+17 5.5502273e+09 4.9907969e+08 4.4526566e+08 7.2514276e-22 6.109261e-22 7.5046364e-27
16917412 1.0141198e+17 5.550214e+09 4.9861256e+08 4.4479853e+08 7.2290673e-22 6.0914579e-22 7.465918e-27
16935684 1.0151339e+17 5.5502007e+09 4.9814584e+08 4.4433193e+08 7.2067765e-22 6.0737063e-22 7.4274007e-27
16953974 1.016149e+17 5.5501874e+09 4.9767953e+08 4.4386584e+08 7.1845551e-22 6.0560058e-22 7.3890832e-27
16972282 1.0171652e+17 5.5501741e+09 4.9721362e+08 4.4340026e+08 7.1624028e-22 6.0383565e-22 7.3509646e-27
16990609 1.0181824e+17 5.5501609e+09 4.9674813e+08 4.4293519e+08 7.1403194e-22 6.020758e-22 7.3130438e-27
17008954 1.0192005e+17 5.5501477e+09 4.9628304e+08 4.4247064e+08 7.1183047e-22 6.0032104e-22 7.2753198e-27
17027318 1.0202197e+17 5.5501345e+09 4.9581836e+08 4.420066e+08 7.0963584e-22 5.9857134e-22 7.2377915e-27
17045700 1.02124e+17 5.5501214e+09 4.9535409e+08 4.4154306e+08 7.0744804e-22 5.9682668e-22 7.200458e-27
17064100 1.0222612e+17 5.5501083e+09 4.9489023e+08 4.4108004e+08 7.0526705e-22 5.9508707e-22 7.1633181e-27
17082519 1.0232835e+17 5.5500952e+09 4.9442677e+08 4.4061753e+08 7.0309283e-22 5.9335248e-22 7.126371e-27
17100956 1.0243067e+17 5.5500821e+09 4.9396372e+08 4.4015553e+08 7.0092538e-22 5.9162289e-22 7.0896156e-27
17119412 1.0253311e+17 5.5500691e+09 4.9350107e+08 4.3969404e+08 6.9876467e-22 5.8989829e-22 7.0530509e-27
17137886 1.0263564e+17 5.550056e+09 4.9303884e+08 4.3923306e+08 6.9661067e-22 5.8817868e-22 7.0166759e-27
17156379 1.0273827e+17 5.5500431e+09 4.92577e+08 4.3877258e+08 6.9446337e-22 5.8646403e-22 6.9804896e-27
17174890 1.0284101e+17 5.5500301e+09 4.9211558e+08 4.3831261e+08 6.9232275e-22 5.8475433e-22 6.944491e-27
17193420 1.0294385e+17 5.5500171e+09 4.9165456e+08 4.3785314e+08 6.9018879e-22 5.8304956e-22 6.9086791e-27
17211968 1.030468e+17 5.5500042e+09 4.9119394e+08 4.3739419e+08 6.8806146e-22 5.8134972e-22 6.873053e-27
17230535 1.0314984e+17 5.5499913e+09 4.9073373e+08 4.3693573e+08 6.8594074e-22 5.7965478e-22 6.8376117e-27
17249121 1.0325299e+17 5.5499785e+09 4.9027392e+08 4.3647778e+08 6.8382662e-22 5.7796474e-22 6.8023543e-27
17267725 1.0335625e+17 5.5499656e+09 4.8981451e+08 4.3602034e+08 6.8171906e-22 5.7627958e-22 6.7672797e-27
17286348 1.034596e+17 5.5499528e+09 4.8935551e+08 4.355634e+08 6.7961806e-22 5.7459929e-22 6.732387e-27
17304989 1.0356306e+17 5.5499401e+09 4.8889691e+08 4.3510696e+08 6.7752359e-22 5.7292384e-22 6.6976753e-27
17323649 1.0366663e+17 5.5499273e+09 4.8843872e+08 4.3465102e+08 6.7543563e-22 5.7125324e-22 6.6631437e-27
17342328 1.0377029e+17 5.5499146e+09 4.8798093e+08 4.3419558e+08 6.7335417e-22 5.6958746e-22 6.6287911e-27
17361026 1.0387406e+17 5.5499018e+09 4.8752354e+08 4.3374065e+08 6.7127917e-22 5.6792649e-22 6.5946166e-27
17379742 1.0397794e+17 5.5498892e+09 4.8706655e+08 4.3328621e+08 6.6921062e-22 5.6627032e-22 6.5606194e-27
17398477 1.0408191e+17 5.5498765e+09 4.8660996e+08 4.3283227e+08 6.6714849e-22 5.6461893e-22 6.5267984e-27
17417231 1.04186e+17 5.5498639e+09 4.8615378e+08 4.3237884e+08 6.6509278e-22 5.6297232e-22 6.4931529e-27
17436004 1.0429018e+17 5.5498513e+09 4.85698e+08 4.319259e+08 6.6304346e-22 5.6133045e-22 6.4596818e-27
17454796 1.0439447e+17 5.5498387e+09 4.8524261e+08 4.3147346e+08 6.610005e-22 5.5969334e-22 6.4263842e-27
17473606 1.0449887e+17 5.5498261e+09 4.8478763e+08 4.3102151e+08 6.589639e-22 5.5806095e-22 6.3932593e-27
17492435 1.0460337e+17 5.5498136e+09 4.8433305e+08 4.3057007e+08 6.5693362e-22 5.5643327e-22 6.3603061e-27
17511283 1.0470797e+17 5.5498011e+09 4.8387887e+08 4.3011911e+08 6.5490965e-22 5.548103e-22 6.3275238e-27
17530150 1.0481268e+17 5.5497886e+09 4.8342508e+08 4.2966866e+08 6.5289197e-22 5.5319202e-22 6.2949114e-27
17549036 1.0491749e+17 5.5497761e+09 4.829717e+08 4.292187e+08 6.5088056e-22 5.5157842e-22 6.262468e-27
17567941 1.0502241e+17 5.5497637e+09 4.8251872e+08 4.2876923e+08 6.488754e-22 5.4996947e-22 6.2301929e-27
17586865 1.0512743e+17 5.5497513e+09 4.8206613e+08 4.2832025e+08 6.4687647e-22 5.4836518e-22 6.1980851e-27
17605807 1.0523256e+17 5.5497389e+09 4.8161395e+08 4.2787177e+08 6.4488374e-22 5.4676552e-22 6.1661437e-27
17624769 1.0533779e+17 5.5497265e+09 4.8116216e+08 4.2742379e+08 6.4289721e-22 5.4517048e-22 6.1343678e-27
17643750 1.0544313e+17 5.5497142e+09 4.8071077e+08 4.2697629e+08 6.4091686e-22 5.4358005e-22 6.1027567e-27
17662750 1.0554857e+17 5.5497019e+09 4.8025977e+08 4.2652928e+08 6.3894265e-22 5.4199422e-22 6.0713094e-27
17681768 1.0565412e+17 5.5496896e+09 4.7980918e+08 4.2608277e+08 6.3697457e-22 5.4041298e-22 6.040025e-27
17700806 1.0575977e+17 5.5496773e+09 4.7935898e+08 4.2563674e+08 6.3501261e-22 5.388363e-22 6.0089029e-27
17719863 1.0586553e+17 5.5496651e+09 4.7890917e+08 4.2519121e+08 6.3305675e-22 5.3726418e-22 5.977942e-27
17738939 1.059714e+17 5.5496529e+09 4.7845977e+08 4.2474616e+08 6.3110696e-22 5.356966e-22 5.9471415e-27
17758034 1.0607737e+17 5.5496407e+09 4.7801075e+08 4.243016e+08 6.2916322e-22 5.3413355e-22 5.9165007e-27
17777149 1.0618345e+17 5.5496285e+09 4.7756214e+08 4.2385753e+08 6.2722552e-22 5.3257503e-22 5.8860186e-27
17796282 1.0628963e+17 5.5496164e+09 4.7711392e+08 4.2341395e+08 6.2529384e-22 5.31021e-22 5.8556945e-27
17815435 1.0639592e+17 5.5496043e+09 4.7666609e+08 4.2297085e+08 6.2336816e-22 5.2947147e-22 5.8255275e-27
17834606 1.0650232e+17 5.5495922e+09 4.7621866e+08 4.2252824e+08 6.2144846e-22 5.2792642e-22 5.7955168e-27
17853797 1.0660882e+17 5.5495801e+09 4.7577163e+08 4.2208612e+08 6.1953472e-22 5.2638584e-22 5.7656617e-27
17873008 1.0671543e+17 5.5495681e+09 4.7532499e+08 4.2164448e+08 6.1762693e-22 5.2484971e-22 5.7359612e-27
17892237 1.0682214e+17 5.549556e+09 4.7487874e+08 4.2120332e+08 6.1572506e-22 5.2331802e-22 5.7064145e-27
17911486 1.0692897e+17 5.549544e+09 4.7443288e+08 4.2076265e+08 6.1382909e-22 5.2179076e-22 5.677021e-27
17930754 1.0703589e+17 5.5495321e+09 4.7398742e+08 4.2032245e+08 6.1193901e-22 5.2026792e-22 5.6477797e-27
17950041 1.0714293e+17 5.5495201e+09 4.7354235e+08 4.1988275e+08 6.100548e-22 5.1874948e-22 5.6186899e-27
17969348 1.0725007e+17 5.5495082e+09 4.7309768e+08 4.1944352e+08 6.0817644e-22 5.1723543e-22 5.5897507e-27
17988674 1.0735732e+17 5.5494963e+09 4.726534e+08 4.1900478e+08 6.0630391e-22 5.1572575e-22 5.5609615e-27
18008020 1.0746468e+17 5.5494844e+09 4.722095e+08 4.1856651e+08 6.044372e-22 5.1422045e-22 5.5323214e-27
18027384 1.0757215e+17 5.5494725e+09 4.7176601e+08 4.1812873e+08 6.0257628e-22 5.127195e-22 5.5038297e-27
18046769 1.0767972e+17 5.5494607e+09 4.713229e+08 4.1769143e+08 6.0072114e-22 5.1122288e-22 5.4754855e-27
18066172 1.077874e+17 5.5494489e+09 4.7088018e+08 4.172546e+08 5.9887176e-22 5.097306e-22 5.4472881e-27
18085595 1.0789518e+17 5.5494371e+09 4.7043785e+08 4.1681825e+08 5.9702811e-22 5.0824263e-22 5.4192368e-27
18105038 1.0800308e+17 5.5494254e+09 4.6999592e+08 4.1638238e+08 5.9519019e-22 5.0675897e-22 5.3913307e-27
18124500 1.0811108e+17 5.5494136e+09 4.6955437e+08 4.1594699e+08 5.9335798e-22 5.052796e-22 5.3635692e-27
18143981 1.0821919e+17 5.5494019e+09 4.6911322e+08 4.1551208e+08 5.9153145e-22 5.0380451e-22 5.3359514e-27
18163483 1.0832741e+17 5.5493902e+09 4.6867245e+08 4.1507764e+08 5.897106e-22 5.0233368e-22 5.3084766e-27
18183003 1.0843574e+17 5.5493785e+09 4.6823207e+08 4.1464368e+08 5.8789539e-22 5.0086711e-22 5.2811441e-27
18202543 1.0854418e+17 5.5493669e+09 4.6779209e+08 4.1421019e+08 5.8608582e-22 4.9940479e-22 5.2539532e-27
18222103 1.0865272e+17 5.5493553e+09 4.6735249e+08 4.1377717e+08 5.8428186e-22 4.9794669e-22 5.226903e-27
18241682 1.0876137e+17 5.5493437e+09 4.6691328e+08 4.1334463e+08 5.8248351e-22 4.9649281e-22 5.1999929e-27
18261281 1.0887013e+17 5.5493321e+09 4.6647445e+08 4.1291257e+08 5.8069073e-22 4.9504314e-22 5.1732221e-27
18280900 1.08979e+17 5.5493205e+09 4.6603602e+08 4.1248097e+08 5.7890352e-22 4.9359766e-22 5.1465899e-27
18300538 1.0908798e+17 5.549309e+09 4.6559797e+08 4.1204985e+08 5.7712185e-22 4.9215637e-22 5.1200956e-27
18320196 1.0919707e+17 5.5492975e+09 4.6516031e+08 4.116192e+08 5.7534571e-22 4.9071924e-22 5.0937384e-27
18339874 1.0930627e+17 5.549286e+09 4.6472304e+08 4.1118902e+08 5.7357509e-22 4.8928628e-22 5.0675177e-27
18359571 1.0941558e+17 5.5492746e+09 4.6428615e+08 4.1075932e+08 5.7180995e-22 4.8785746e-22 5.0414328e-27
18379288 1.0952499e+17 5.5492631e+09 4.6384965e+08 4.1033008e+08 5.700503e-22 4.8643278e-22 5.0154828e-27
18399025 1.0963452e+17 5.5492517e+09 4.6341354e+08 4.0990131e+08 5.682961e-22 4.8501221e-22 4.9896672e-27
18418782 1.0974415e+17 5.5492403e+09 4.6297781e+08 4.0947301e+08 5.6654735e-22 4.8359577e-22 4.9639852e-27
18438558 1.0985389e+17 5.5492289e+09 4.6254247e+08 4.0904518e+08 5.6480402e-22 4.8218342e-22 4.9384362e-27
18458354 1.0996375e+17 5.5492176e+09 4.6210751e+08 4.0861781e+08 5.630661e-22 4.8077515e-22 4.9130193e-27
18478170 1.1007371e+17 5.5492063e+09 4.6167294e+08 4.0819091e+08 5.6133357e-22 4.7937097e-22 4.8877341e-27
18498006 1.1018379e+17 5.549195e+09 4.6123875e+08 4.0776448e+08 5.5960642e-22 4.7797085e-22 4.8625796e-27
18517862 1.1029397e+17 5.5491837e+09 4.6080494e+08 4.0733852e+08 5.5788462e-22 4.7657478e-22 4.8375554e-27
18537738 1.1040426e+17 5.5491724e+09 4.6037152e+08 4.0691302e+08 5.5616817e-22 4.7518275e-22 4.8126607e-27
18557634 1.1051467e+17 5.5491612e+09 4.5993849e+08 4.0648799e+08 5.5445703e-22 4.7379475e-22 4.7878948e-27
18577549 1.1062518e+17 5.54915e+09 4.5950583e+08 4.0606342e+08 5.5275121e-22 4.7241077e-22 4.763257e-27
18597485 1.1073581e+17 5.5491388e+09 4.5907356e+08 4.0563931e+08 5.5105068e-22 4.710308e-22 4.7387468e-27
18617440 1.1084654e+17 5.5491276e+09 4.5864167e+08 4.0521567e+08 5.4935542e-22 4.6965482e-22 4.7143633e-27
18637416 1.1095739e+17 5.5491165e+09 4.5821017e+08 4.0479249e+08 5.4766542e-22 4.6828283e-22 4.6901061e-27
18657411 1.1106835e+17 5.5491053e+09 4.5777905e+08 4.0436977e+08 5.4598066e-22 4.6691481e-22 4.6659743e-27
18677427 1.1117942e+17 5.5490942e+09 4.573483e+08 4.0394751e+08 5.4430113e-22 4.6555075e-22 4.6419674e-27
18697462 1.112906e+17 5.5490832e+09 4.5691794e+08 4.0352572e+08 5.426268e-22 4.6419064e-22 4.6180847e-27
18717518 1.1140189e+17 5.5490721e+09 4.5648797e+08 4.0310439e+08 5.4095767e-22 4.6283447e-22 4.5943256e-27
18737594 1.1151329e+17 5.5490611e+09 4.5605837e+08 4.0268351e+08 5.3929371e-22 4.6148222e-22 4.5706893e-27
18757690 1.116248e+17 5.5490501e+09 4.5562915e+08 4.022631e+08 5.3763491e-22 4.601339e-22 4.5471754e-27
18777806 1.1173643e+17 5.5490391e+09 4.5520032e+08 4.0184314e+08 5.3598126e-22 4.5878947e-22 4.5237831e-27
18797942 1.1184816e+17 5.5490281e+09 4.5477186e+08 4.0142364e+08 5.3433273e-22 4.5744894e-22 4.5005118e-27
18818098 1.1196001e+17 5.5490171e+09 4.5434378e+08 4.010046e+08 5.3268932e-22 4.561123e-22 4.4773608e-27
18838275 1.1207197e+17 5.5490062e+09 4.5391608e+08 4.0058602e+08 5.31051e-22 4.5477952e-22 4.4543296e-27
18858471 1.1218404e+17 5.5489953e+09 4.5348877e+08 4.0016789e+08 5.2941776e-22 4.534506e-22 4.4314176e-27
18878688 1.1229623e+17 5.5489844e+09 4.5306183e+08 3.9975022e+08 5.2778958e-22 4.5212554e-22 4.408624e-27
18898926 1.1240852e+17 5.5489736e+09 4.5263527e+08 3.9933301e+08 5.2616645e-22 4.5080431e-22 4.3859484e-27
18919183 1.1252093e+17 5.5489627e+09 4.5220909e+08 3.9891625e+08 5.2454835e-22 4.4948691e-22 4.36339e-27
18939461 1.1263345e+17 5.5489519e+09 4.5178328e+08 3.9849994e+08 5.2293527e-22 4.4817332e-22 4.3409482e-27
18959759 1.1274609e+17 5.5489411e+09 4.5135785e+08 3.9808409e+08 5.2132719e-22 4.4686355e-22 4.3186226e-27
18980078 1.1285883e+17 5.5489303e+09 4.5093281e+08 3.976687e+08 5.197241e-22 4.4555756e-22 4.2964124e-27
19000417 1.1297169e+17 5.5489196e+09 4.5050813e+08 3.9725375e+08 5.1812597e-22 4.4425536e-22 4.274317e-27
19020776 1.1308466e+17 5.5489088e+09 4.5008384e+08 3.9683926e+08 5.165328e-22 4.4295693e-22 4.2523359e-27
19041155 1.1319775e+17 5.5488981e+09 4.4965992e+08 3.9642522e+08 5.1494456e-22 4.4166227e-22 4.2304684e-27
19061555 1.1331094e+17 5.5488874e+09 4.4923638e+08 3.9601163e+08 5.1336125e-22 4.4037135e-22 4.2087141e-27
19081976 1.1342426e+17 5.5488768e+09 4.4881321e+08 3.955985e+08 5.1178284e-22 4.3908418e-22 4.1870722e-27
19102417 1.1353768e+17 5.5488661e+09 4.4839042e+08 3.9518581e+08 5.1020933e-22 4.3780073e-22 4.1655422e-27
19122878 1.1365122e+17 5.5488555e+09 4.4796801e+08 3.9477357e+08 5.0864069e-22 4.3652101e-22 4.1441235e-27
19143360 1.1376487e+17 5.5488449e+09 4.4754597e+08 3.9436178e+08 5.0707692e-22 4.3524499e-22 4.1228155e-27
19163863 1.1387863e+17 5.5488343e+09 4.471243e+08 3.9395044e+08 5.0551799e-22 4.3397267e-22 4.1016177e-27
19184386 1.1399251e+17 5.5488237e+09 4.4670301e+08 3.9353955e+08 5.0396389e-22 4.3270404e-22 4.0805295e-27
19204929 1.141065e+17 5.5488132e+09 4.4628209e+08 3.9312911e+08 5.0241461e-22 4.3143909e-22 4.0595503e-27
19225493 1.1422061e+17 5.5488027e+09 4.4586155e+08 3.9271911e+08 5.0087012e-22 4.301778e-22 4.0386796e-27
19246078 1.1433483e+17 5.5487922e+09 4.4544138e+08 3.9230956e+08 4.9933043e-22 4.2892016e-22 4.0179167e-27
19266683 1.1444917e+17 5.5487817e+09 4.4502159e+08 3.9190045e+08 4.977955e-22 4.2766618e-22 3.9972612e-27
19287309 1.1456362e+17 5.5487712e+09 4.4460216e+08 3.9149179e+08 4.9626533e-22 4.2641582e-22 3.9767124e-27
19307956 1.1467818e+17 5.5487608e+09 4.4418311e+08 3.9108358e+08 4.947399e-22 4.2516909e-22 3.9562698e-27
19328623 1.1479286e+17 5.5487504e+09 4.4376443e+08 3.9067581e+08 4.932192e-22 4.2392598e-22 3.9359329e-27
19349311 1.1490765e+17 5.54874e+09 4.4334613e+08 3.9026849e+08 4.9170321e-22 4.2268647e-22 3.9157011e-27
19370020 1.1502256e+17 5.5487296e+09 4.429282e+08 3.898616e+08 4.9019191e-22 4.2145055e-22 3.8955739e-27
19390750 1.1513758e+17 5.5487192e+09 4.4251063e+08 3.8945516e+08 4.886853e-22 4.2021822e-22 3.8755506e-27
19411500 1.1525272e+17 5.5487089e+09 4.4209344e+08 3.8904917e+08 4.8718335e-22 4.1898946e-22 3.8556309e-27
19432271 1.1536797e+17 5.5486986e+09 4.4167662e+08 3.8864361e+08 4.8568605e-22 4.1776426e-22 3.8358141e-27
19453063 1.1548334e+17 5.5486883e+09 4.4126017e+08 3.882385e+08 4.841934e-22 4.1654261e-22 3.8160997e-27
19473876 1.1559882e+17 5.548678e+09 4.408441e+08 3.8783382e+08 4.8270537e-22 4.1532451e-22 3.7964871e-27
19494709 1.1571442e+17 5.5486678e+09 4.4042839e+08 3.8742959e+08 4.8122194e-22 4.1410993e-22 3.7769759e-27
19515564 1.1583014e+17 5.5486575e+09 4.4001305e+08 3.870258e+08 4.7974311e-22 4.1289888e-22 3.7575655e-27
19536439 1.1594597e+17 5.5486473e+09 4.3959808e+08 3.8662245e+08 4.7826887e-22 4.1169134e-22 3.7382554e-27
19557335 1.1606191e+17 5.5486371e+09 4.3918348e+08 3.8621953e+08 4.7679918e-22 4.1048731e-22 3.7190451e-27
19578253 1.1617797e+17 5.5486269e+09 4.3876925e+08 3.8581705e+08 4.7533405e-22 4.0928676e-22 3.699934e-27
19599191 1.1629415e+17 5.5486168e+09 4.3835539e+08 3.8541501e+08 4.7387346e-22 4.080897e-22 3.6809217e-27
19620150 1.1641045e+17 5.5486067e+09 4.3794189e+08 3.8501341e+08 4.7241739e-22 4.068961e-22 3.6620076e-27
19641130 1.1652686e+17 5.5485965e+09 4.3752877e+08 3.8461225e+08 4.7096583e-22 4.0570597e-22 3.6431912e-27
19662131 1.1664338e+17 5.5485865e+09 4.3711601e+08 3.8421152e+08 4.6951876e-22 4.045193e-22 3.6244719e-27
19683153 1.1676003e+17 5.5485764e+09 4.3670362e+08 3.8381122e+08 4.6807617e-22 4.0333606e-22 3.6058494e-27
19704197 1.1687679e+17 5.5485663e+09 4.362916e+08 3.8341136e+08 4.6663805e-22 4.0215626e-22 3.5873231e-27
19725261 1.1699366e+17 5.5485563e+09 4.3587994e+08 3.8301194e+08 4.6520439e-22 4.0097987e-22 3.5688925e-27
19746346 1.1711066e+17 5.5485463e+09 4.3546865e+08 3.8261295e+08 4.6377516e-22 3.998069e-22 3.5505571e-27
19767453 1.1722777e+17 5.5485363e+09 4.3505773e+08 3.8221439e+08 4.6235036e-22 3.9863734e-22 3.5323163e-27
19788581 1.17345e+17 5.5485263e+09 4.3464717e+08 3.8181627e+08 4.6092997e-22 3.9747116e-22 3.5141698e-27
19809729 1.1746234e+17 5.5485164e+09 4.3423698e+08 3.8141858e+08 4.5951398e-22 3.9630837e-22 3.496117e-27
19830899 1.175798e+17 5.5485064e+09 4.3382715e+08 3.8102132e+08 4.5810237e-22 3.9514895e-22 3.4781575e-27
19852091 1.1769738e+17 5.5484965e+09 4.3341769e+08 3.806245e+08 4.5669513e-22 3.939929e-22 3.4602906e-27
19873303 1.1781508e+17 5.5484866e+09 4.330086e+08 3.802281e+08 4.5529225e-22 3.928402e-22 3.4425161e-27
19894537 1.1793289e+17 5.5484768e+09 4.3259987e+08 3.7983213e+08 4.5389371e-22 3.9169085e-22 3.4248333e-27
19915792 1.1805083e+17 5.5484669e+09 4.321915e+08 3.794366e+08 4.524995e-22 3.9054483e-22 3.4072419e-27
19937068 1.1816888e+17 5.5484571e+09 4.317835e+08 3.7904149e+08 4.511096e-22 3.8940213e-22 3.3897413e-27
19958366 1.1828705e+17 5.5484472e+09 4.3137586e+08 3.7864681e+08 4.4972401e-22 3.8826275e-22 3.372331e-27
19979685 1.1840533e+17 5.5484375e+09 4.3096858e+08 3.7825257e+08 4.483427e-22 3.8712668e-22 3.3550107e-27
20001025 1.1852374e+17 5.5484277e+09 4.3056167e+08 3.7785875e+08 4.4696567e-22 3.859939e-22 3.3377798e-27
20022387 1.1864226e+17 5.5484179e+09 4.3015512e+08 3.7746535e+08 4.4559291e-22 3.8486442e-22 3.3206378e-27
20043770 1.1876091e+17 5.5484082e+09 4.2974894e+08 3.7707239e+08 4.4422439e-22 3.8373821e-22 3.3035844e-27
20065174 1.1887967e+17 5.5483985e+09 4.2934311e+08 3.7667985e+08 4.4286011e-22 3.8261526e-22 3.286619e-27
20086600 1.1899855e+17 5.5483888e+09 4.2893765e+08 3.7628773e+08 4.4150005e-22 3.8149558e-22 3.2697411e-27
20108048 1.1911754e+17 5.5483791e+09 4.2853255e+08 3.7589605e+08 4.4014419e-22 3.8037915e-22 3.2529504e-27
20129517 1.1923666e+17 5.5483694e+09 4.2812781e+08 3.7550478e+08 4.3879254e-22 3.7926596e-22 3.2362464e-27
20151007 1.193559e+17 5.5483598e+09 4.2772344e+08 3.7511394e+08 4.3744507e-22 3.7815599e-22 3.2196286e-27
20172519 1.1947526e+17 5.5483502e+09 4.2731942e+08 3.7472353e+08 4.3610176e-22 3.7704926e-22 3.2030966e-27
20194052 1.1959473e+17 5.5483406e+09 4.2691576e+08 3.7433354e+08 4.3476261e-22 3.7594573e-22 3.1866499e-27
20215607 1.1971433e+17 5.548331e+09 4.2651247e+08 3.7394397e+08 4.3342761e-22 3.7484541e-22 3.1702881e-27
20237184 1.1983404e+17 5.5483214e+09 4.2610953e+08 3.7355482e+08 4.3209674e-22 3.7374828e-22 3.1540108e-27
20258782 1.1995387e+17 5.5483119e+09 4.2570696e+08 3.731661e+08 4.3076998e-22 3.7265433e-22 3.1378175e-27
20280402 1.2007383e+17 5.5483023e+09 4.2530474e+08 3.727778e+08 4.2944733e-22 3.7156357e-22 3.1217077e-27
20302044 1.201939e+17 5.5482928e+09 4.2490288e+08 3.7238992e+08 4.2812877e-22 3.7047597e-22 3.1056811e-27
20323707 1.203141e+17 5.5482833e+09 4.2450139e+08 3.7200246e+08 4.268143e-22 3.6939152e-22 3.0897372e-27
20345392 1.2043441e+17 5.5482739e+09 4.2410025e+08 3.7161542e+08 4.2550388e-22 3.6831023e-22 3.0738756e-27
20367099 1.2055484e+17 5.5482644e+09 4.2369947e+08 3.712288e+08 4.2419752e-22 3.6723207e-22 3.0580958e-27
20388827 1.206754e+17 5.548255e+09 4.2329904e+08 3.7084259e+08 4.2289521e-22 3.6615705e-22 3.0423975e-27
20410577 1.2079607e+17 5.5482456e+09 4.2289898e+08 3.7045681e+08 4.2159692e-22 3.6508515e-22 3.0267801e-27
20432349 1.2091687e+17 5.5482362e+09 4.2249927e+08 3.7007144e+08 4.2030265e-22 3.6401636e-22 3.0112434e-27
20454143 1.2103779e+17 5.5482268e+09 4.2209992e+08 3.696865e+08 4.1901238e-22 3.6295067e-22 2.9957868e-27
20475958 1.2115882e+17 5.5482174e+09 4.2170093e+08 3.6930197e+08 4.177261e-22 3.6188808e-22 2.98041e-27
20497796 1.2127998e+17 5.5482081e+09 4.2130229e+08 3.6891785e+08 4.164438e-22 3.6082857e-22 2.9651125e-27
20519655 1.2140126e+17 5.5481988e+09 4.2090401e+08 3.6853415e+08 4.1516546e-22 3.5977215e-22 2.9498939e-27
20541536 1.2152266e+17 5.5481895e+09 4.2050609e+08 3.6815087e+08 4.1389108e-22 3.5871879e-22 2.9347538e-27
20563439 1.2164419e+17 5.5481802e+09 4.2010852e+08 3.6776801e+08 4.1262064e-22 3.5766849e-22 2.9196919e-27
20585364 1.2176583e+17 5.5481709e+09 4.1971131e+08 3.6738555e+08 4.1135413e-22 3.5662124e-22 2.9047076e-27
20607311 1.218876e+17 5.5481617e+09 4.1931445e+08 3.6700351e+08 4.1009154e-22 3.5557703e-22 2.8898007e-27
20629280 1.2200948e+17 5.5481525e+09 4.1891795e+08 3.6662189e+08 4.0883285e-22 3.5453585e-22 2.8749706e-27
20651271 1.2213149e+17 5.5481432e+09 4.185218e+08 3.6624068e+08 4.0757806e-22 3.534977e-22 2.8602171e-27
20673285 1.2225363e+17 5.5481341e+09 4.1812601e+08 3.6585988e+08 4.0632714e-22 3.5246257e-22 2.8455396e-27
20695320 1.2237588e+17 5.5481249e+09 4.1773057e+08 3.6547949e+08 4.0508009e-22 3.5143044e-22 2.8309379e-27
20717377 1.2249826e+17 5.5481157e+09 4.1733548e+08 3.6509952e+08 4.038369e-22 3.5040131e-22 2.8164115e-27
20739456 1.2262075e+17 5.5481066e+09 4.1694075e+08 3.6471996e+08 4.0259755e-22 3.4937517e-22 2.80196e-27
20761557 1.2274337e+17 5.5480975e+09 4.1654637e+08 3.643408e+08 4.0136204e-22 3.4835202e-22 2.787583e-27
20783681 1.2286612e+17 5.5480884e+09 4.1615235e+08 3.6396206e+08 4.0013034e-22 3.4733183e-22 2.7732802e-27
20805827 1.2298898e+17 5.5480793e+09 4.1575868e+08 3.6358373e+08 3.9890245e-22 3.4631461e-22 2.7590511e-27
20827994 1.2311197e+17 5.5480702e+09 4.1536536e+08 3.632058e+08 3.9767836e-22 3.4530034e-22 2.7448954e-27
20850184 1.2323508e+17 5.5480612e+09 4.1497239e+08 3.6282829e+08 3.9645805e-22 3.4428903e-22 2.7308128e-27
20872397 1.2335832e+17 5.5480521e+09 4.1457977e+08 3.6245118e+08 3.9524152e-22 3.4328065e-22 2.7168027e-27
20894631 1.2348168e+17 5.5480431e+09 4.1418751e+08 3.6207449e+08 3.9402874e-22 3.422752e-22 2.7028649e-27
20916888 1.2360516e+17 5.5480341e+09 4.137956e+08 3.616982e+08 3.9281972e-22 3.4127267e-22 2.688999e-27
20939167 1.2372877e+17 5.5480252e+09 4.1340403e+08 3.6132231e+08 3.9161443e-22 3.4027306e-22 2.6752045e-27
20961469 1.2385249e+17 5.5480162e+09 4.1301282e+08 3.6094684e+08 3.9041287e-22 3.3927635e-22 2.6614812e-27
20983792 1.2397635e+17 5.5480073e+09 4.1262196e+08 3.6057176e+08 3.8921502e-22 3.3828253e-22 2.6478286e-27
21006138 1.2410032e+17 5.5479983e+09 4.1223145e+08 3.601971e+08 3.8802087e-22 3.3729161e-22 2.6342465e-27
21028507 1.2422442e+17 5.5479894e+09 4.1184129e+08 3.5982284e+08 3.8683042e-22 3.3630357e-22 2.6207343e-27
21050898 1.2434865e+17 5.5479806e+09 4.1145148e+08 3.5944898e+08 3.8564364e-22 3.3531839e-22 2.6072918e-27
21073311 1.24473e+17 5.5479717e+09 4.1106202e+08 3.5907553e+08 3.8446053e-22 3.3433608e-22 2.5939187e-27
21095747 1.2459747e+17 5.5479628e+09 4.1067291e+08 3.5870248e+08 3.8328108e-22 3.3335663e-22 2.5806144e-27
21118205 1.2472207e+17 5.547954e+09 4.1028414e+08 3.5832984e+08 3.8210528e-22 3.3238002e-22 2.5673788e-27
21140686 1.2484679e+17 5.5479452e+09 4.0989573e+08 3.579576e+08 3.809331e-22 3.3140626e-22 2.5542113e-27
21163189 1.2497164e+17 5.5479364e+09 4.0950766e+08 3.5758576e+08 3.7976455e-22 3.3043532e-22 2.5411118e-27
21185715 1.2509661e+17 5.5479276e+09 4.0911995e+08 3.5721432e+08 3.7859962e-22 3.294672e-22 2.5280798e-27
21208263 1.252217e+17 5.5479188e+09 4.0873257e+08 3.5684328e+08 3.7743828e-22 3.285019e-22 2.5151149e-27
21230834 1.2534693e+17 5.5479101e+09 4.0834555e+08 3.5647265e+08 3.7628053e-22 3.2753941e-22 2.5022169e-27
21253428 1.2547227e+17 5.5479014e+09 4.0795888e+08 3.5610241e+08 3.7512635e-22 3.2657972e-22 2.4893853e-27
21276044 1.2559774e+17 5.5478927e+09 4.0757255e+08 3.5573258e+08 3.7397575e-22 3.2562281e-22 2.4766199e-27
21298683 1.2572334e+17 5.547884e+09 4.0718656e+08 3.5536314e+08 3.7282869e-22 3.2466869e-22 2.4639203e-27
21321344 1.2584907e+17 5.5478753e+09 4.0680093e+08 3.549941e+08 3.7168519e-22 3.2371734e-22 2.4512861e-27
21344028 1.2597491e+17 5.5478666e+09 4.0641564e+08 3.5462547e+08 3.7054521e-22 3.2276876e-22 2.438717e-27
21366735 1.2610089e+17 5.547858e+09 4.0603069e+08 3.5425723e+08 3.6940876e-22 3.2182293e-22 2.4262127e-27
21389465 1.2622699e+17 5.5478494e+09 4.056461e+08 3.5388938e+08 3.6827582e-22 3.2087986e-22 2.4137729e-27
21412217 1.2635322e+17 5.5478408e+09 4.0526184e+08 3.5352194e+08 3.6714637e-22 3.1993953e-22 2.4013971e-27
21434993 1.2647957e+17 5.5478322e+09 4.0487793e+08 3.5315489e+08 3.6602042e-22 3.1900193e-22 2.3890851e-27
21457791 1.2660605e+17 5.5478236e+09 4.0449437e+08 3.5278824e+08 3.6489795e-22 3.1806706e-22 2.3768366e-27
21480611 1.2673266e+17 5.547815e+09 4.0411115e+08 3.5242198e+08 3.6377894e-22 3.1713491e-22 2.3646512e-27
21503455 1.2685939e+17 5.5478065e+09 4.0372827e+08 3.5205612e+08 3.6266339e-22 3.1620547e-22 2.3525285e-27
21526322 1.2698625e+17 5.547798e+09 4.0334574e+08 3.5169065e+08 3.6155128e-22 3.1527873e-22 2.3404683e-27
21549211 1.2711323e+17 5.5477895e+09 4.0296356e+08 3.5132558e+08 3.6044261e-22 3.1435469e-22 2.3284703e-27
21572124 1.2724035e+17 5.547781e+09 4.0258171e+08 3.509609e+08 3.5933737e-22 3.1343334e-22 2.316534e-27
21595059 1.2736759e+17 5.5477725e+09 4.0220021e+08 3.5059661e+08 3.5823554e-22 3.1251466e-22 2.3046593e-27
21618017 1.2749496e+17 5.547764e+09 4.0181905e+08 3.5023272e+08 3.5713711e-22 3.1159866e-22 2.2928457e-27
21640999 1.2762245e+17 5.5477556e+09 4.0143824e+08 3.4986922e+08 3.5604207e-22 3.1068533e-22 2.281093e-27
21664003 1.2775007e+17 5.5477472e+09 4.0105776e+08 3.4950611e+08 3.5495042e-22 3.0977465e-22 2.2694008e-27
21687030 1.2787782e+17 5.5477388e+09 4.0067763e+08 3.491434e+08 3.5386213e-22 3.0886661e-22 2.2577689e-27
21710081 1.280057e+17 5.5477304e+09 4.0029784e+08 3.4878107e+08 3.5277721e-22 3.0796122e-22 2.2461969e-27
21733154 1.2813371e+17 5.547722e+09 3.9991839e+08 3.4841914e+08 3.5169564e-22 3.0705847e-22 2.2346845e-27
21756251 1.2826184e+17 5.5477137e+09 3.9953928e+08 3.480576e+08 3.5061741e-22 3.0615834e-22 2.2232313e-27
21779371 1.283901e+17 5.5477053e+09 3.9916052e+08 3.4769644e+08 3.495425e-22 3.0526083e-22 2.2118372e-27
21802514 1.2851849e+17 5.547697e+09 3.9878209e+08 3.4733568e+08 3.4847092e-22 3.0436593e-22 2.2005018e-27
21825680 1.2864701e+17 5.5476887e+09 3.98404e+08 3.469753e+08 3.4740264e-22 3.0347364e-22 2.1892247e-27
21848869 1.2877566e+17 5.5476804e+09 3.9802626e+08 3.4661532e+08 3.4633767e-22 3.0258394e-22 2.1780057e-27
21872082 1.2890443e+17 5.5476721e+09 3.9764885e+08 3.4625572e+08 3.4527598e-22 3.0169683e-22 2.1668445e-27
21895317 1.2903334e+17 5.5476639e+09 3.9727178e+08 3.4589651e+08 3.4421757e-22 3.008123e-22 2.1557408e-27
21918576 1.2916237e+17 5.5476556e+09 3.9689506e+08 3.4553768e+08 3.4316243e-22 2.9993034e-22 2.1446942e-27
21941859 1.2929153e+17 5.5476474e+09 3.9651867e+08 3.4517924e+08 3.4211054e-22 2.9905096e-22 2.1337046e-27
21965164 1.2942083e+17 5.5476392e+09 3.9614262e+08 3.4482119e+08 3.410619e-22 2.9817413e-22 2.1227715e-27
21988493 1.2955025e+17 5.547631e+09 3.9576691e+08 3.4446353e+08 3.400165e-22 2.9729985e-22 2.1118947e-27
22011846 1.296798e+17 5.5476228e+09 3.9539153e+08 3.4410625e+08 3.3897433e-22 2.9642812e-22 2.1010739e-27
22035221 1.2980948e+17 5.5476147e+09 3.950165e+08 3.4374935e+08 3.3793537e-22 2.9555892e-22 2.0903089e-27
22058621 1.2993929e+17 5.5476065e+09 3.946418e+08 3.4339284e+08 3.3689962e-22 2.9469225e-22 2.0795992e-27
22082043 1.3006922e+17 5.5475984e+09 3.9426744e+08 3.4303671e+08 3.3586707e-22 2.9382811e-22 2.0689447e-27
22105489 1.3019929e+17 5.5475903e+09 3.9389342e+08 3.4268097e+08 3.3483771e-22 2.9296648e-22 2.0583451e-27
22128959 1.3032949e+17 5.5475822e+09 3.9351973e+08 3.4232561e+08 3.3381152e-22 2.9210736e-22 2.0478e-27
22152452 1.3045982e+17 5.5475741e+09 3.9314638e+08 3.4197063e+08 3.327885e-22 2.9125074e-22 2.0373093e-27
22175968 1.3059028e+17 5.5475661e+09 3.9277337e+08 3.4161604e+08 3.3176864e-22 2.9039662e-22 2.0268725e-27
22199508 1.3072087e+17 5.547558e+09 3.9240069e+08 3.4126182e+08 3.3075192e-22 2.8954498e-22 2.0164895e-27
22223072 1.3085159e+17 5.54755e+09 3.9202834e+08 3.4090799e+08 3.2973835e-22 2.8869582e-22 2.0061599e-27
22246659 1.3098245e+17 5.547542e+09 3.9165634e+08 3.4055454e+08 3.287279e-22 2.8784913e-22 1.9958834e-27
22270270 1.3111343e+17 5.547534e+09 3.9128467e+08 3.4020147e+08 3.2772057e-22 2.870049e-22 1.9856599e-27
22293905 1.3124454e+17 5.547526e+09 3.9091333e+08 3.3984878e+08 3.2671635e-22 2.8616314e-22 1.975489e-27
22317563 1.3137579e+17 5.547518e+09 3.9054233e+08 3.3949647e+08 3.2571522e-22 2.8532382e-22 1.9653705e-27
22341245 1.3150716e+17 5.5475101e+09 3.9017166e+08 3.3914453e+08 3.2471719e-22 2.8448695e-22 1.955304e-27
22364951 1.3163867e+17 5.5475022e+09 3.8980133e+08 3.3879298e+08 3.2372223e-22 2.8365252e-22 1.9452893e-27
22388680 1.3177031e+17 5.5474942e+09 3.8943133e+08 3.384418e+08 3.2273035e-22 2.8282051e-22 1.9353262e-27
22412433 1.3190208e+17 5.5474863e+09 3.8906166e+08 3.3809101e+08 3.2174153e-22 2.8199093e-22 1.9254144e-27
22436210 1.3203398e+17 5.5474785e+09 3.8869233e+08 3.3774059e+08 3.2075575e-22 2.8116376e-22 1.9155535e-27
22460011 1.3216601e+17 5.5474706e+09 3.8832333e+08 3.3739054e+08 3.1977302e-22 2.8033901e-22 1.9057434e-27
22483835 1.3229818e+17 5.5474627e+09 3.8795466e+08 3.3704088e+08 3.1879332e-22 2.7951665e-22 1.8959838e-27
22507684 1.3243048e+17 5.5474549e+09 3.8758632e+08 3.3669159e+08 3.1781665e-22 2.7869669e-22 1.8862744e-27
22531556 1.3256291e+17 5.5474471e+09 3.8721832e+08 3.3634267e+08 3.1684299e-22 2.7787911e-22 1.876615e-27
22555452 1.3269547e+17 5.5474393e+09 3.8685065e+08 3.3599413e+08 3.1587233e-22 2.7706392e-22 1.8670053e-27
22579372 1.3282817e+17 5.5474315e+09 3.8648331e+08 3.3564597e+08 3.1490466e-22 2.762511e-22 1.857445e-27
22603316 1.32961e+17 5.5474237e+09 3.861163e+08 3.3529818e+08 3.1393998e-22 2.7544065e-22 1.847934e-27
22627284 1.3309396e+17 5.5474159e+09 3.8574963e+08 3.3495076e+08 3.1297828e-22 2.7463256e-22 1.8384718e-27
22651276 1.3322705e+17 5.5474082e+09 3.8538328e+08 3.3460372e+08 3.1201954e-22 2.7382682e-22 1.8290584e-27
22675293 1.3336028e+17 5.5474004e+09 3.8501726e+08 3.3425705e+08 3.1106376e-22 2.7302343e-22 1.8196933e-27
22699333 1.3349364e+17 5.5473927e+09 3.8465158e+08 3.3391075e+08 3.1011093e-22 2.7222238e-22 1.8103765e-27
22723397 1.3362713e+17 5.547385e+09 3.8428622e+08 3.3356483e+08 3.0916104e-22 2.7142367e-22 1.8011076e-27
22747485 1.3376076e+17 5.5473773e+09 3.839212e+08 3.3321927e+08 3.0821407e-22 2.7062728e-22 1.7918863e-27
22771598 1.3389452e+17 5.5473697e+09 3.835565e+08 3.3287409e+08 3.0727003e-22 2.6983321e-22 1.7827125e-27
22795734 1.3402841e+17 5.547362e+09 3.8319214e+08 3.3252928e+08 3.063289e-22 2.6904145e-22 1.7735859e-27
22819895 1.3416244e+17 5.5473544e+09 3.828281e+08 3.3218484e+08 3.0539067e-22 2.68252e-22 1.7645063e-27
22844080 1.342966e+17 5.5473468e+09 3.8246439e+08 3.3184077e+08 3.0445534e-22 2.6746485e-22 1.7554733e-27
22868289 1.344309e+17 5.5473391e+09 3.8210101e+08 3.3149707e+08 3.0352289e-22 2.6667999e-22 1.7464868e-27
22892522 1.3456533e+17 5.5473315e+09 3.8173796e+08 3.3115373e+08 3.0259332e-22 2.6589742e-22 1.7375466e-27
22916780 1.346999e+17 5.547324e+09 3.8137524e+08 3.3081077e+08 3.0166661e-22 2.6511713e-22 1.7286523e-27
22941062 1.348346e+17 5.5473164e+09 3.8101284e+08 3.3046818e+08 3.0074276e-22 2.6433912e-22 1.7198038e-27
22965368 1.3496943e+17 5.5473089e+09 3.8065077e+08 3.3012595e+08 2.9982176e-22 2.6356337e-22 1.7110007e-27
22989699 1.351044e+17 5.5473013e+09 3.8028903e+08 3.2978409e+08 2.989036e-22 2.6278988e-22 1.702243e-27
23014054 1.3523951e+17 5.5472938e+09 3.7992761e+08 3.294426e+08 2.9798827e-22 2.6201864e-22 1.6935303e-27
23038433 1.3537474e+17 5.5472863e+09 3.7956653e+08 3.2910147e+08 2.9707576e-22 2.6124965e-22 1.6848624e-27
23062837 1.3551012e+17 5.5472788e+09 3.7920576e+08 3.2876071e+08 2.9616606e-22 2.6048291e-22 1.676239e-27
23087265 1.3564563e+17 5.5472713e+09 3.7884533e+08 3.2842032e+08 2.9525917e-22 2.5971839e-22 1.66766e-27
23111718 1.3578128e+17 5.5472639e+09 3.7848522e+08 3.2808029e+08 2.9435508e-22 2.5895611e-22 1.6591252e-27
23136195 1.3591706e+17 5.5472564e+09 3.7812543e+08 3.2774063e+08 2.9345378e-22 2.5819605e-22 1.6506342e-27
23160697 1.3605297e+17 5.547249e+09 3.7776597e+08 3.2740133e+08 2.9255525e-22 2.574382e-22 1.6421869e-27
23185223 1.3618903e+17 5.5472416e+09 3.7740684e+08 3.270624e+08 2.9165949e-22 2.5668256e-22 1.633783e-27
23209774 1.3632522e+17 5.5472342e+09 3.7704803e+08 3.2672383e+08 2.907665e-22 2.5592912e-22 1.6254223e-27
23234349 1.3646154e+17 5.5472268e+09 3.7668955e+08 3.2638562e+08 2.8987625e-22 2.5517788e-22 1.6171046e-27
23258949 1.36598e+17 5.5472194e+09 3.7633139e+08 3.2604777e+08 2.8898875e-22 2.5442883e-22 1.6088297e-27
23283574 1.367346e+17 5.5472121e+09 3.7597355e+08 3.2571029e+08 2.8810399e-22 2.5368196e-22 1.6005973e-27
23308223 1.3687134e+17 5.5472047e+09 3.7561604e+08 3.2537317e+08 2.8722196e-22 2.5293727e-22 1.5924072e-27
23332897 1.3700821e+17 5.5471974e+09 3.7525885e+08 3.2503641e+08 2.8634264e-22 2.5219475e-22 1.5842593e-27
23357596 1.3714521e+17 5.5471901e+09 3.7490198e+08 3.2470002e+08 2.8546603e-22 2.5145439e-22 1.5761532e-27
23382319 1.3728236e+17 5.5471828e+09 3.7454544e+08 3.2436398e+08 2.8459213e-22 2.507162e-22 1.5680888e-27
23407067 1.3741964e+17 5.5471755e+09 3.7418922e+08 3.2402831e+08 2.8372092e-22 2.4998015e-22 1.5600659e-27
23431840 1.3755706e+17 5.5471682e+09 3.7383332e+08 3.2369299e+08 2.8285239e-22 2.4924625e-22 1.5520842e-27
23456638 1.3769462e+17 5.547161e+09 3.7347774e+08 3.2335803e+08 2.8198654e-22 2.4851449e-22 1.5441435e-27
23481460 1.3783231e+17 5.5471537e+09 3.7312249e+08 3.2302344e+08 2.8112336e-22 2.4778486e-22 1.5362436e-27
23506308 1.3797015e+17 5.5471465e+09 3.7276755e+08 3.226892e+08 2.8026284e-22 2.4705737e-22 1.5283844e-27
23531180 1.3810812e+17 5.5471393e+09 3.7241294e+08 3.2235532e+08 2.7940497e-22 2.4633199e-22 1.5205655e-27
23556077 1.3824622e+17 5.5471321e+09 3.7205865e+08 3.220218e+08 2.7854975e-22 2.4560872e-22 1.5127868e-27
23580999 1.3838447e+17 5.5471249e+09 3.7170468e+08 3.2168863e+08 2.7769716e-22 2.4488757e-22 1.5050481e-27
23605946 1.3852285e+17 5.5471178e+09 3.7135103e+08 3.2135582e+08 2.768472e-22 2.4416852e-22 1.4973492e-27
23630918 1.3866138e+17 5.5471106e+09 3.709977e+08 3.2102337e+08 2.7599985e-22 2.4345156e-22 1.4896899e-27
23655915 1.3880004e+17 5.5471035e+09 3.706447e+08 3.2069128e+08 2.7515512e-22 2.427367e-22 1.4820699e-27
23680937 1.3893884e+17 5.5470963e+09 3.7029201e+08 3.2035954e+08 2.7431299e-22 2.4202392e-22 1.474489e-27
23705984 1.3907778e+17 5.5470892e+09 3.6993964e+08 3.2002816e+08 2.7347346e-22 2.4131322e-22 1.4669471e-27
23731057 1.3921686e+17 5.5470821e+09 3.6958759e+08 3.1969713e+08 2.7263651e-22 2.4060459e-22 1.459444e-27
23756154 1.3935607e+17 5.547075e+09 3.6923586e+08 3.1936645e+08 2.7180214e-22 2.3989803e-22 1.4519795e-27
23781276 1.3949543e+17 5.547068e+09 3.6888444e+08 3.1903614e+08 2.7097034e-22 2.3919353e-22 1.4445532e-27
23806424 1.3963492e+17 5.5470609e+09 3.6853335e+08 3.1870617e+08 2.701411e-22 2.3849108e-22 1.4371652e-27
23831597 1.3977456e+17 5.5470539e+09 3.6818257e+08 3.1837656e+08 2.6931442e-22 2.3779069e-22 1.4298151e-27
23856795 1.3991433e+17 5.5470468e+09 3.6783212e+08 3.180473e+08 2.6849029e-22 2.3709233e-22 1.4225028e-27
23882018 1.4005425e+17 5.5470398e+09 3.6748198e+08 3.1771839e+08 2.6766869e-22 2.3639602e-22 1.415228e-27
23907266 1.401943e+17 5.5470328e+09 3.6713215e+08 3.1738984e+08 2.6684963e-22 2.3570173e-22 1.4079906e-27
23932540 1.403345e+17 5.5470258e+09 3.6678265e+08 3.1706164e+08 2.6603309e-22 2.3500947e-22 1.4007904e-27
23957839 1.4047483e+17 5.5470189e+09 3.6643346e+08 3.1673379e+08 2.6521906e-22 2.3431923e-22 1.3936272e-27
23983164 1.4061531e+17 5.5470119e+09 3.6608459e+08 3.1640629e+08 2.6440754e-22 2.33631e-22 1.3865008e-27
24008513 1.4075592e+17 5.547005e+09 3.6573603e+08 3.1607914e+08 2.6359852e-22 2.3294478e-22 1.379411e-27
24033889 1.4089668e+17 5.546998e+09 3.6538779e+08 3.1575234e+08 2.6279199e-22 2.3226056e-22 1.3723576e-27
24059289 1.4103757e+17 5.5469911e+09 3.6503987e+08 3.1542589e+08 2.6198795e-22 2.3157834e-22 1.3653404e-27
24084715 1.4117861e+17 5.5469842e+09 3.6469226e+08 3.1509979e+08 2.6118638e-22 2.308981e-22 1.3583593e-27
24110166 1.4131979e+17 5.5469773e+09 3.6434497e+08 3.1477404e+08 2.6038728e-22 2.3021986e-22 1.3514141e-27
24135643 1.4146111e+17 5.5469705e+09 3.6399799e+08 3.1444864e+08 2.5959065e-22 2.2954359e-22 1.3445045e-27
24161146 1.4160257e+17 5.5469636e+09 3.6365133e+08 3.1412358e+08 2.5879646e-22 2.2886929e-22 1.3376304e-27
24186674 1.4174417e+17 5.5469567e+09 3.6330498e+08 3.1379888e+08 2.5800472e-22 2.2819696e-22 1.3307916e-27
24212227 1.4188592e+17 5.5469499e+09 3.6295895e+08 3.1347452e+08 2.5721542e-22 2.275266e-22 1.323988e-27
24237806 1.420278e+17 5.5469431e+09 3.6261323e+08 3.131505e+08 2.5642856e-22 2.2685819e-22 1.3172193e-27
24263411 1.4216983e+17 5.5469363e+09 3.6226782e+08 3.1282684e+08 2.5564411e-22 2.2619173e-22 1.3104853e-27
24289041 1.42312e+17 5.5469295e+09 3.6192273e+08 3.1250352e+08 2.5486208e-22 2.2552721e-22 1.303786e-27
24314697 1.4245431e+17 5.5469227e+09 3.6157795e+08 3.1218055e+08 2.5408246e-22 2.2486464e-22 1.297121e-27
24340379 1.4259677e+17 5.5469159e+09 3.6123349e+08 3.1185792e+08 2.5330523e-22 2.2420399e-22 1.2904902e-27
24366086 1.4273936e+17 5.5469092e+09 3.6088934e+08 3.1153564e+08 2.525304e-22 2.2354528e-22 1.2838936e-27
24391820 1.428821e+17 5.5469025e+09 3.6054549e+08 3.112137e+08 2.5175796e-22 2.2288849e-22 1.2773307e-27
24417578 1.4302499e+17 5.5468957e+09 3.6020197e+08 3.1089211e+08 2.509879e-22 2.2223361e-22 1.2708016e-27
24443363 1.4316801e+17 5.546889e+09 3.5985875e+08 3.1057086e+08 2.502202e-22 2.2158065e-22 1.264306e-27
24469174 1.4331118e+17 5.5468823e+09 3.5951585e+08 3.1024995e+08 2.4945487e-22 2.2092959e-22 1.2578438e-27
24495010 1.4345449e+17 5.5468756e+09 3.5917325e+08 3.0992939e+08 2.486919e-22 2.2028043e-22 1.2514147e-27
24520872 1.4359794e+17 5.546869e+09 3.5883097e+08 3.0960917e+08 2.4793127e-22 2.1963317e-22 1.2450187e-27
24546760 1.4374154e+17 5.5468623e+09 3.58489e+08 3.0928929e+08 2.4717299e-22 2.189878e-22 1.2386555e-27
24572674 1.4388528e+17 5.5468556e+09 3.5814734e+08 3.0896975e+08 2.4641704e-22 2.1834431e-22 1.2323249e-27
24598614 1.4402917e+17 5.546849e+09 3.5780599e+08 3.0865056e+08 2.4566342e-22 2.1770269e-22 1.2260269e-27
24624580 1.441732e+17 5.5468424e+09 3.5746496e+08 3.083317e+08 2.4491211e-22 2.1706296e-22 1.2197612e-27
24650572 1.4431737e+17 5.5468358e+09 3.5712423e+08 3.0801319e+08 2.4416312e-22 2.1642508e-22 1.2135276e-27
24676590 1.4446169e+17 5.5468292e+09 3.5678381e+08 3.0769502e+08 2.4341644e-22 2.1578908e-22 1.2073261e-27
24702634 1.4460615e+17 5.5468226e+09 3.564437e+08 3.0737718e+08 2.4267205e-22 2.1515492e-22 1.2011564e-27
24728704 1.4475076e+17 5.546816e+09 3.561039e+08 3.0705969e+08 2.4192996e-22 2.1452262e-22 1.1950183e-27
24754800 1.4489551e+17 5.5468095e+09 3.5576441e+08 3.0674254e+08 2.4119015e-22 2.1389217e-22 1.1889118e-27
24780923 1.450404e+17 5.5468029e+09 3.5542522e+08 3.0642572e+08 2.4045261e-22 2.1326355e-22 1.1828366e-27
24807071 1.4518544e+17 5.5467964e+09 3.5508635e+08 3.0610925e+08 2.3971735e-22 2.1263677e-22 1.1767926e-27
24833246 1.4533063e+17 5.5467899e+09 3.5474778e+08 3.0579311e+08 2.3898435e-22 2.1201182e-22 1.1707796e-27
24859447 1.4547596e+17 5.5467834e+09 3.5440953e+08 3.0547731e+08 2.382536e-22 2.113887e-22 1.1647975e-27
24885674 1.4562144e+17 5.5467769e+09 3.5407158e+08 3.0516184e+08 2.3752511e-22 2.107674e-22 1.1588461e-27
24911927 1.4576706e+17 5.5467704e+09 3.5373393e+08 3.0484671e+08 2.3679885e-22 2.1014791e-22 1.1529252e-27
24938207 1.4591282e+17 5.546764e+09 3.533966e+08 3.0453192e+08 2.3607483e-22 2.0953022e-22 1.1470347e-27
24964513 1.4605874e+17 5.5467575e+09 3.5305957e+08 3.0421747e+08 2.3535304e-22 2.0891435e-22 1.1411745e-27
24990845 1.462048e+17 5.5467511e+09 3.5272285e+08 3.0390335e+08 2.3463347e-22 2.0830027e-22 1.1353443e-27
25017204 1.46351e+17 5.5467446e+09 3.5238643e+08 3.0358957e+08 2.3391612e-22 2.0768798e-22 1.129544e-27
25043589 1.4649735e+17 5.5467382e+09 3.5205032e+08 3.0327612e+08 2.3320097e-22 2.0707748e-22 1.1237735e-27
25070000 1.4664385e+17 5.5467318e+09 3.5171452e+08 3.0296301e+08 2.3248802e-22 2.0646877e-22 1.1180326e-27
25096438 1.4679049e+17 5.5467254e+09 3.5137902e+08 3.0265023e+08 2.3177726e-22 2.0586183e-22 1.1123212e-27
25122902 1.4693728e+17 5.5467191e+09 3.5104383e+08 3.0233778e+08 2.310687e-22 2.0525666e-22 1.1066391e-27
25149393 1.4708422e+17 5.5467127e+09 3.5070894e+08 3.0202567e+08 2.3036231e-22 2.0465327e-22 1.1009861e-27
25175911 1.472313e+17 5.5467064e+09 3.5037436e+08 3.0171389e+08 2.2965809e-22 2.0405163e-22 1.0953621e-27
25202454 1.4737854e+17 5.5467e+09 3.5004008e+08 3.0140244e+08 2.2895604e-22 2.0345175e-22 1.089767e-27
25229025 1.4752591e+17 5.5466937e+09 3.4970611e+08 3.0109133e+08 2.2825616e-22 2.0285363e-22 1.0842006e-27
25255622 1.4767344e+17 5.5466874e+09 3.4937244e+08 3.0078055e+08 2.2755842e-22 2.0225725e-22 1.0786628e-27
25282246 1.4782111e+17 5.5466811e+09 3.4903908e+08 3.004701e+08 2.2686283e-22 2.0166261e-22 1.0731533e-27
25308896 1.4796893e+17 5.5466748e+09 3.4870602e+08 3.0015998e+08 2.2616938e-22 2.0106971e-22 1.0676722e-27
25335573 1.481169e+17 5.5466685e+09 3.4837326e+08 2.9985019e+08 2.2547807e-22 2.0047855e-22 1.0622191e-27
25362277 1.4826502e+17 5.5466623e+09 3.4804081e+08 2.9954073e+08 2.2478888e-22 1.9988911e-22 1.056794e-27
25389007 1.4841329e+17 5.546656e+09 3.4770865e+08 2.992316e+08 2.2410181e-22 1.9930139e-22 1.0513968e-27
25415765 1.485617e+17 5.5466498e+09 3.4737681e+08 2.989228e+08 2.2341685e-22 1.9871539e-22 1.0460272e-27
25442549 1.4871026e+17 5.5466436e+09 3.4704526e+08 2.9861433e+08 2.2273401e-22 1.981311e-22 1.0406852e-27
25469360 1.4885897e+17 5.5466373e+09 3.4671402e+08 2.9830619e+08 2.2205326e-22 1.9754851e-22 1.0353706e-27
25496197 1.4900783e+17 5.5466311e+09 3.4638307e+08 2.9799838e+08 2.213746e-22 1.9696763e-22 1.0300832e-27
25523062 1.4915684e+17 5.546625e+09 3.4605243e+08 2.976909e+08 2.2069803e-22 1.9638845e-22 1.024823e-27
25549953 1.4930599e+17 5.5466188e+09 3.4572209e+08 2.9738374e+08 2.2002355e-22 1.9581096e-22 1.0195897e-27
25576872 1.494553e+17 5.5466126e+09 3.4539206e+08 2.9707691e+08 2.1935114e-22 1.9523516e-22 1.0143833e-27
25603817 1.4960476e+17 5.5466065e+09 3.4506232e+08 2.9677041e+08 2.1868079e-22 1.9466103e-22 1.0092036e-27
25630789 1.4975436e+17 5.5466003e+09 3.4473288e+08 2.9646424e+08 2.1801251e-22 1.9408859e-22 1.0040504e-27
25657789 1.4990411e+17 5.5465942e+09 3.4440375e+08 2.9615839e+08 2.1734628e-22 1.9351782e-22 9.989237e-28
25684815 1.5005402e+17 5.5465881e+09 3.4407491e+08 2.9585286e+08 2.166821e-22 1.9294872e-22 9.9382327e-28
25711868 1.5020407e+17 5.546582e+09 3.4374638e+08 2.9554767e+08 2.1601997e-22 1.9238128e-22 9.8874899e-28
25738949 1.5035428e+17 5.5465759e+09 3.4341814e+08 2.952428e+08 2.1535986e-22 1.918155e-22 9.8370073e-28
25766056 1.5050463e+17 5.5465698e+09 3.430902e+08 2.9493825e+08 2.1470179e-22 1.9125137e-22 9.7867836e-28
25793191 1.5065514e+17 5.5465638e+09 3.4276257e+08 2.9463403e+08 2.1404575e-22 1.9068889e-22 9.7368175e-28
25820353 1.5080579e+17 5.5465577e+09 3.4243523e+08 2.9433013e+08 2.1339172e-22 1.9012805e-22 9.6871075e-28
25847542 1.509566e+17 5.5465517e+09 3.4210819e+08 2.9402655e+08 2.127397e-22 1.8956886e-22 9.6376525e-28
25874758 1.5110755e+17 5.5465456e+09 3.4178145e+08 2.937233e+08 2.1208968e-22 1.8901129e-22 9.588451e-28
25902002 1.5125866e+17 5.5465396e+09 3.41455e+08 2.9342037e+08 2.1144167e-22 1.8845536e-22 9.5395018e-28
25929273 1.5140992e+17 5.5465336e+09 3.4112886e+08 2.9311777e+08 2.1079564e-22 1.8790105e-22 9.4908035e-28
25956571 1.5156133e+17 5.5465276e+09 3.4080301e+08 2.9281549e+08 2.1015161e-22 1.8734837e-22 9.4423549e-28
25983896 1.5171289e+17 5.5465216e+09 3.4047746e+08 2.9251352e+08 2.0950955e-22 1.8679729e-22 9.3941548e-28
26011249 1.518646e+17 5.5465157e+09 3.4015221e+08 2.9221188e+08 2.0886947e-22 1.8624783e-22 9.3462017e-28
26038629 1.5201647e+17 5.5465097e+09 3.3982726e+08 2.9191057e+08 2.0823135e-22 1.8569998e-22 9.2984944e-28
26066037 1.5216848e+17 5.5465038e+09 3.395026e+08 2.9160957e+08 2.075952e-22 1.8515372e-22 9.2510318e-28
26093472 1.5232065e+17 5.5464978e+09 3.3917823e+08 2.9130889e+08 2.06961e-22 1.8460907e-22 9.2038124e-28
26120934 1.5247297e+17 5.5464919e+09 3.3885417e+08 2.9100853e+08 2.0632875e-22 1.84066e-22 9.1568351e-28
26148424 1.5262545e+17 5.546486e+09 3.385304e+08 2.9070849e+08 2.0569844e-22 1.8352453e-22 9.1100986e-28
26175942 1.5277807e+17 5.5464801e+09 3.3820692e+08 2.9040878e+08 2.0507007e-22 1.8298463e-22 9.0636017e-28
26203487 1.5293085e+17 5.5464742e+09 3.3788375e+08 2.9010938e+08 2.0444364e-22 1.8244632e-22 9.0173431e-28
26231060 1.5308378e+17 5.5464683e+09 3.3756086e+08 2.898103e+08 2.0381913e-22 1.8190958e-22 8.9713216e-28
26258660 1.5323687e+17 5.5464625e+09 3.3723827e+08 2.8951153e+08 2.0319654e-22 1.813744e-22 8.925536e-28
26286288 1.533901e+17 5.5464566e+09 3.3691598e+08 2.8921309e+08 2.0257586e-22 1.808408e-22 8.879985e-28
26313943 1.5354349e+17 5.5464508e+09 3.3659398e+08 2.8891496e+08 2.0195709e-22 1.8030875e-22 8.8346676e-28
26341626 1.5369704e+17 5.5464449e+09 3.3627228e+08 2.8861715e+08 2.0134022e-22 1.7977826e-22 8.7895824e-28
26369337 1.5385073e+17 5.5464391e+09 3.3595087e+08 2.8831966e+08 2.0072524e-22 1.7924932e-22 8.7447282e-28
26397076 1.5400458e+17 5.5464333e+09 3.3562975e+08 2.8802248e+08 2.0011216e-22 1.7872192e-22 8.7001039e-28
26424842 1.5415859e+17 5.5464275e+09 3.3530893e+08 2.8772562e+08 1.9950096e-22 1.7819607e-22 8.6557083e-28
26452637 1.5431275e+17 5.5464217e+09 3.349884e+08 2.8742908e+08 1.9889164e-22 1.7767176e-22 8.6115402e-28
26480459 1.5446706e+17 5.546416e+09 3.3466816e+08 2.8713285e+08 1.9828419e-22 1.7714898e-22 8.5675985e-28
26508308 1.5462153e+17 5.5464102e+09 3.3434821e+08 2.8683694e+08 1.9767861e-22 1.7662773e-22 8.5238819e-28
26536186 1.5477615e+17 5.5464045e+09 3.3402856e+08 2.8654134e+08 1.9707489e-22 1.76108e-22 8.4803894e-28
26564092 1.5493092e+17 5.5463987e+09 3.337092e+08 2.8624605e+08 1.9647303e-22 1.7558979e-22 8.4371197e-28
26592025 1.5508585e+17 5.546393e+09 3.3339014e+08 2.8595108e+08 1.9587301e-22 1.750731e-22 8.3940717e-28
26619987 1.5524094e+17 5.5463873e+09 3.3307136e+08 2.8565642e+08 1.9527484e-22 1.7455792e-22 8.3512443e-28
26647977 1.5539618e+17 5.5463816e+09 3.3275288e+08 2.8536208e+08 1.946785e-22 1.7404424e-22 8.3086363e-28
26675994 1.5555158e+17 5.5463759e+09 3.3243468e+08 2.8506805e+08 1.94084e-22 1.7353207e-22 8.2662466e-28
26704040 1.5570713e+17 5.5463702e+09 3.3211678e+08 2.8477433e+08 1.9349132e-22 1.730214e-22 8.2240741e-28
26732114 1.5586284e+17 5.5463645e+09 3.3179917e+08 2.8448092e+08 1.9290047e-22 1.7251222e-22 8.1821177e-28
26760215 1.560187e+17 5.5463589e+09 3.3148185e+08 2.8418783e+08 1.9231143e-22 1.7200453e-22 8.1403762e-28
26788345 1.5617472e+17 5.5463532e+09 3.3116482e+08 2.8389505e+08 1.917242e-22 1.7149832e-22 8.0988486e-28
26816503 1.5633089e+17 5.5463476e+09 3.3084809e+08 2.8360258e+08 1.9113877e-22 1.709936e-22 8.0575337e-28
26844690 1.5648722e+17 5.546342e+09 3.3053164e+08 2.8331042e+08 1.9055514e-22 1.7049035e-22 8.0164305e-28
26872904 1.5664371e+17 5.5463364e+09 3.3021548e+08 2.8301856e+08 1.8997331e-22 1.6998858e-22 7.9755378e-28
26901147 1.5680035e+17 5.5463308e+09 3.2989961e+08 2.8272702e+08 1.8939326e-22 1.6948827e-22 7.9348546e-28
26929418 1.5695716e+17 5.5463252e+09 3.2958403e+08 2.8243579e+08 1.8881499e-22 1.6898942e-22 7.8943798e-28
26957717 1.5711411e+17 5.5463196e+09 3.2926873e+08 2.8214487e+08 1.8823851e-22 1.6849204e-22 7.8541123e-28
26986045 1.5727123e+17 5.546314e+09 3.2895373e+08 2.8185426e+08 1.8766379e-22 1.6799611e-22 7.8140511e-28
27014401 1.574285e+17 5.5463085e+09 3.2863902e+08 2.8156396e+08 1.8709083e-22 1.6750163e-22 7.774195e-28
27042785 1.5758593e+17 5.5463029e+09 3.2832459e+08 2.8127396e+08 1.8651964e-22 1.670086e-22 7.7345431e-28
27071198 1.5774351e+17 5.5462974e+09 3.2801045e+08 2.8098428e+08 1.859502e-22 1.6651701e-22 7.6950943e-28
27099639 1.5790126e+17 5.5462919e+09 3.276966e+08 2.806949e+08 1.8538251e-22 1.6602686e-22 7.6558476e-28
27128109 1.5805916e+17 5.5462863e+09 3.2738304e+08 2.8040582e+08 1.8481656e-22 1.6553814e-22 7.6168018e-28
27156607 1.5821722e+17 5.5462808e+09 3.2706976e+08 2.8011706e+08 1.8425235e-22 1.6505085e-22 7.577956e-28
27185134 1.5837543e+17 5.5462754e+09 3.2675677e+08 2.798286e+08 1.8368988e-22 1.6456499e-22 7.5393091e-28
27213689 1.5853381e+17 5.5462699e+09 3.2644407e+08 2.7954045e+08 1.8312913e-22 1.6408055e-22 7.5008602e-28
27242273 1.5869234e+17 5.5462644e+09 3.2613166e+08 2.792526e+08 1.825701e-22 1.6359753e-22 7.4626082e-28
27270885 1.5885103e+17 5.5462589e+09 3.2581953e+08 2.7896506e+08 1.8201279e-22 1.6311592e-22 7.424552e-28
27299527 1.5900989e+17 5.5462535e+09 3.2550768e+08 2.7867783e+08 1.814572e-22 1.6263572e-22 7.3866907e-28
27328196 1.591689e+17 5.5462481e+09 3.2519613e+08 2.783909e+08 1.809033e-22 1.6215693e-22 7.3490233e-28
27356895 1.5932806e+17 5.5462426e+09 3.2488485e+08 2.7810427e+08 1.8035111e-22 1.6167953e-22 7.3115488e-28
27385622 1.5948739e+17 5.5462372e+09 3.2457387e+08 2.7781795e+08 1.7980062e-22 1.6120354e-22 7.2742661e-28
27414378 1.5964688e+17 5.5462318e+09 3.2426317e+08 2.7753193e+08 1.7925181e-22 1.6072894e-22 7.2371744e-28
27443163 1.5980653e+17 5.5462264e+09 3.2395275e+08 2.7724622e+08 1.7870469e-22 1.6025572e-22 7.2002726e-28
27471976 1.5996633e+17 5.546221e+09 3.2364262e+08 2.7696081e+08 1.7815925e-22 1.5978389e-22 7.1635597e-28
27500819 1.601263e+17 5.5462157e+09 3.2333277e+08 2.766757e+08 1.7761549e-22 1.5931345e-22 7.1270347e-28
27529690 1.6028643e+17 5.5462103e+09 3.2302321e+08 2.7639089e+08 1.7707339e-22 1.5884438e-22 7.0906968e-28
27558590 1.6044671e+17 5.546205e+09 3.2271393e+08 2.7610639e+08 1.7653296e-22 1.5837668e-22 7.0545449e-28
27587519 1.6060716e+17 5.5461996e+09 3.2240493e+08 2.7582219e+08 1.7599419e-22 1.5791035e-22 7.0185781e-28
27616477 1.6076777e+17 5.5461943e+09 3.2209622e+08 2.7553829e+08 1.7545707e-22 1.5744539e-22 6.9827954e-28
27645464 1.6092853e+17 5.546189e+09 3.2178779e+08 2.7525469e+08 1.749216e-22 1.5698178e-22 6.9471959e-28
27674480 1.6108946e+17 5.5461837e+09 3.2147965e+08 2.7497139e+08 1.7438777e-22 1.5651954e-22 6.9117786e-28
27703525 1.6125055e+17 5.5461784e+09 3.2117178e+08 2.7468839e+08 1.7385559e-22 1.5605865e-22 6.8765426e-28
27732600 1.614118e+17 5.5461731e+09 3.208642e+08 2.744057e+08 1.7332503e-22 1.555991e-22 6.841487e-28
27761703 1.6157321e+17 5.5461678e+09 3.205569e+08 2.741233e+08 1.7279611e-22 1.5514091e-22 6.8066109e-28
27790835 1.6173479e+17 5.5461625e+09 3.2024989e+08 2.738412e+08 1.7226881e-22 1.5468405e-22 6.7719132e-28
27819997 1.6189652e+17 5.5461573e+09 3.1994315e+08 2.735594e+08 1.7174313e-22 1.5422853e-22 6.7373932e-28
27849188 1.6205842e+17 5.546152e+09 3.196367e+08 2.732779e+08 1.7121906e-22 1.5377435e-22 6.7030498e-28
27878408 1.6222048e+17 5.5461468e+09 3.1933053e+08 2.729967e+08 1.706966e-22 1.5332149e-22 6.6688822e-28
27907657 1.623827e+17 5.5461416e+09 3.1902464e+08 2.727158e+08 1.7017574e-22 1.5286996e-22 6.6348895e-28
27936935 1.6254508e+17 5.5461363e+09 3.1871903e+08 2.7243519e+08 1.6965648e-22 1.5241975e-22 6.6010708e-28
27966243 1.6270763e+17 5.5461311e+09 3.184137e+08 2.7215488e+08 1.6913882e-22 1.5197086e-22 6.5674251e-28
27995580 1.6287033e+17 5.546126e+09 3.1810865e+08 2.7187487e+08 1.6862274e-22 1.5152329e-22 6.5339517e-28
28024947 1.630332e+17 5.5461208e+09 3.1780388e+08 2.7159516e+08 1.6810825e-22 1.5107703e-22 6.5006495e-28
28054343 1.6319624e+17 5.5461156e+09 3.1749939e+08 2.7131574e+08 1.6759534e-22 1.5063207e-22 6.4675178e-28
28083768 1.6335943e+17 5.5461104e+09 3.1719518e+08 2.7103662e+08 1.67084e-22 1.5018841e-22 6.4345556e-28
28113223 1.6352279e+17 5.5461053e+09 3.1689126e+08 2.7075779e+08 1.6657423e-22 1.4974606e-22 6.4017621e-28
28142707 1.6368632e+17 5.5461001e+09 3.1658761e+08 2.7047926e+08 1.6606603e-22 1.49305e-22 6.3691364e-28
28172221 1.6385e+17 5.546095e+09 3.1628423e+08 2.7020102e+08 1.6555938e-22 1.4886523e-22 6.3366776e-28
28201764 1.6401385e+17 5.5460899e+09 3.1598114e+08 2.6992308e+08 1.6505429e-22 1.4842675e-22 6.3043849e-28
28231337 1.6417787e+17 5.5460848e+09 3.1567833e+08 2.6964544e+08 1.6455075e-22 1.4798955e-22 6.2722575e-28
28260939 1.6434204e+17 5.5460797e+09 3.1537579e+08 2.6936809e+08 1.6404876e-22 1.4755364e-22 6.2402944e-28
28290572 1.6450639e+17 5.5460746e+09 3.1507353e+08 2.6909103e+08 1.635483e-22 1.47119e-22 6.2084949e-28
28320233 1.6467089e+17 5.5460695e+09 3.1477155e+08 2.6881426e+08 1.6304938e-22 1.4668563e-22 6.1768581e-28
28349925 1.6483556e+17 5.5460644e+09 3.1446985e+08 2.6853779e+08 1.6255199e-22 1.4625353e-22 6.1453831e-28
28379646 1.650004e+17 5.5460594e+09 3.1416843e+08 2.6826161e+08 1.6205613e-22 1.458227e-22 6.1140692e-28
28409397 1.651654e+17 5.5460543e+09 3.1386728e+08 2.6798573e+08 1.6156179e-22 1.4539313e-22 6.0829155e-28
28439178 1.6533056e+17 5.5460493e+09 3.1356641e+08 2.6771013e+08 1.6106896e-22 1.4496482e-22 6.0519211e-28
28468988 1.6549589e+17 5.5460442e+09 3.1326581e+08 2.6743483e+08 1.6057765e-22 1.4453777e-22 6.0210853e-28
28498828 1.6566139e+17 5.5460392e+09 3.129655e+08 2.6715982e+08 1.6008785e-22 1.4411196e-22 5.9904073e-28
28528699 1.6582705e+17 5.5460342e+09 3.1266545e+08 2.668851e+08 1.5959954e-22 1.436874e-22 5.9598862e-28
28558599 1.6599288e+17 5.5460292e+09 3.1236569e+08 2.6661067e+08 1.5911274e-22 1.4326409e-22 5.9295212e-28
28588529 1.6615887e+17 5.5460242e+09 3.120662e+08 2.6633653e+08 1.5862743e-22 1.4284201e-22 5.8993116e-28
28618489 1.6632503e+17 5.5460192e+09 3.1176698e+08 2.6606268e+08 1.5814361e-22 1.4242117e-22 5.8692564e-28
28648479 1.6649136e+17 5.5460143e+09 3.1146804e+08 2.6578913e+08 1.5766127e-22 1.4200157e-22 5.839355e-28
28678499 1.6665785e+17 5.5460093e+09 3.1116938e+08 2.6551586e+08 1.5718041e-22 1.4158319e-22 5.8096066e-28
28708549 1.668245e+17 5.5460044e+09 3.1087099e+08 2.6524288e+08 1.5670103e-22 1.4116604e-22 5.7800103e-28
28738629 1.6699133e+17 5.5459994e+09 3.1057287e+08 2.6497019e+08 1.5622311e-22 1.4075011e-22 5.7505654e-28
28768739 1.6715832e+17 5.5459945e+09 3.1027503e+08 2.6469779e+08 1.5574667e-22 1.403354e-22 5.7212711e-28
28798880 1.6732548e+17 5.5459896e+09 3.0997747e+08 2.6442567e+08 1.5527168e-22 1.3992191e-22 5.6921266e-28
28829050 1.674928e+17 5.5459846e+09 3.0968018e+08 2.6415385e+08 1.5479815e-22 1.3950963e-22 5.6631311e-28
28859251 1.676603e+17 5.5459797e+09 3.0938316e+08 2.6388231e+08 1.5432607e-22 1.3909855e-22 5.634284e-28
28889482 1.6782796e+17 5.5459749e+09 3.0908641e+08 2.6361106e+08 1.5385545e-22 1.3868868e-22 5.6055843e-28
28919743 1.6799579e+17 5.54597e+09 3.0878994e+08 2.6334009e+08 1.5338626e-22 1.3828001e-22 5.5770315e-28
28950035 1.6816378e+17 5.5459651e+09 3.0849374e+08 2.6306942e+08 1.5291851e-22 1.3787254e-22 5.5486246e-28
28980356 1.6833195e+17 5.5459602e+09 3.0819781e+08 2.6279903e+08 1.524522e-22 1.3746626e-22 5.520363e-28
29010709 1.6850028e+17 5.5459554e+09 3.0790216e+08 2.6252892e+08 1.5198732e-22 1.3706117e-22 5.492246e-28
29041091 1.6866878e+17 5.5459505e+09 3.0760677e+08 2.622591e+08 1.5152386e-22 1.3665727e-22 5.4642727e-28
29071504 1.6883745e+17 5.5459457e+09 3.0731166e+08 2.6198957e+08 1.5106183e-22 1.3625456e-22 5.4364424e-28
29101947 1.6900628e+17 5.5459409e+09 3.0701683e+08 2.6172032e+08 1.5060121e-22 1.3585302e-22 5.4087545e-28
29132421 1.6917529e+17 5.5459361e+09 3.0672226e+08 2.6145136e+08 1.5014201e-22 1.3545266e-22 5.3812081e-28
29162926 1.6934447e+17 5.5459313e+09 3.0642796e+08 2.6118268e+08 1.4968421e-22 1.3505347e-22 5.3538025e-28
29193461 1.6951381e+17 5.5459265e+09 3.0613394e+08 2.6091428e+08 1.4922782e-22 1.3465546e-22 5.3265371e-28
29224026 1.6968332e+17 5.5459217e+09 3.0584019e+08 2.6064617e+08 1.4877282e-22 1.3425861e-22 5.2994111e-28
29254622 1.6985301e+17 5.5459169e+09 3.055467e+08 2.6037834e+08 1.4831922e-22 1.3386292e-22 5.2724238e-28
29285249 1.7002286e+17 5.5459121e+09 3.0525349e+08 2.601108e+08 1.4786701e-22 1.3346839e-22 5.2455744e-28
29315906 1.7019288e+17 5.5459074e+09 3.0496055e+08 2.5984354e+08 1.4741619e-22 1.3307502e-22 5.2188623e-28
29346594 1.7036308e+17 5.5459026e+09 3.0466788e+08 2.5957656e+08 1.4696675e-22 1.326828e-22 5.1922868e-28
29377313 1.7053344e+17 5.5458979e+09 3.0437547e+08 2.5930986e+08 1.4651869e-22 1.3229173e-22 5.1658471e-28
29408062 1.7070397e+17 5.5458931e+09 3.0408334e+08 2.5904344e+08 1.46072e-22 1.3190181e-22 5.1395426e-28
29438843 1.7087468e+17 5.5458884e+09 3.0379148e+08 2.5877731e+08 1.4562668e-22 1.3151303e-22 5.1133725e-28
29469654 1.7104555e+17 5.5458837e+09 3.0349988e+08 2.5851146e+08 1.4518273e-22 1.3112539e-22 5.0873362e-28
29500496 1.712166e+17 5.545879e+09 3.0320856e+08 2.5824589e+08 1.4474014e-22 1.3073889e-22 5.061433e-28
29531368 1.7138781e+17 5.5458743e+09 3.029175e+08 2.5798059e+08 1.442989e-22 1.3035352e-22 5.0356623e-28
29562272 1.715592e+17 5.5458696e+09 3.0262671e+08 2.5771558e+08 1.4385902e-22 1.2996928e-22 5.0100232e-28
29593207 1.7173076e+17 5.545865e+09 3.0233619e+08 2.5745085e+08 1.4342049e-22 1.2958617e-22 4.9845152e-28
29624172 1.7190249e+17 5.5458603e+09 3.0204594e+08 2.571864e+08 1.429833e-22 1.2920418e-22 4.9591376e-28
29655169 1.7207439e+17 5.5458556e+09 3.0175595e+08 2.5692223e+08 1.4254745e-22 1.2882331e-22 4.9338896e-28
29686196 1.7224647e+17 5.545851e+09 3.0146623e+08 2.5665834e+08 1.4211293e-22 1.2844355e-22 4.9087707e-28
29717255 1.7241871e+17 5.5458464e+09 3.0117678e+08 2.5639472e+08 1.4167975e-22 1.2806491e-22 4.8837802e-28
29748345 1.7259113e+17 5.5458417e+09 3.008876e+08 2.5613139e+08 1.412479e-22 1.2768738e-22 4.8589174e-28
29779465 1.7276372e+17 5.5458371e+09 3.0059868e+08 2.5586833e+08 1.4081737e-22 1.2731096e-22 4.8341817e-28
29810617 1.7293649e+17 5.5458325e+09 3.0031003e+08 2.5560555e+08 1.4038816e-22 1.2693564e-22 4.8095724e-28
29841800 1.7310942e+17 5.5458279e+09 3.0002165e+08 2.5534305e+08 1.3996026e-22 1.2656142e-22 4.7850888e-28
29873015 1.7328253e+17 5.5458233e+09 2.9973353e+08 2.5508083e+08 1.3953368e-22 1.2618829e-22 4.7607304e-28
29904260 1.7345582e+17 5.5458187e+09 2.9944568e+08 2.5481888e+08 1.391084e-22 1.2581627e-22 4.7364964e-28
29935537 1.7362927e+17 5.5458142e+09 2.9915809e+08 2.5455721e+08 1.3868443e-22 1.2544533e-22 4.7123863e-28
29966845 1.738029e+17 5.5458096e+09 2.9887077e+08 2.5429581e+08 1.3826175e-22 1.2507548e-22 4.6883994e-28
29998185 1.739767e+17 5.545805e+09 2.9858372e+08 2.5403469e+08 1.3784037e-22 1.2470671e-22 4.664535e-28
30029556 1.7415068e+17 5.5458005e+09 2.9829693e+08 2.5377385e+08 1.3742029e-22 1.2433903e-22 4.6407926e-28
30060958 1.7432483e+17 5.545796e+09 2.980104e+08 2.5351328e+08 1.3700149e-22 1.2397242e-22 4.6171715e-28
30092392 1.7449916e+17 5.5457914e+09 2.9772414e+08 2.5325299e+08 1.3658397e-22 1.2360689e-22 4.5936711e-28
30123857 1.7467366e+17 5.5457869e+09 2.9743814e+08 2.5299297e+08 1.3616773e-22 1.2324244e-22 4.5702907e-28
30155354 1.7484833e+17 5.5457824e+09 2.9715241e+08 2.5273323e+08 1.3575277e-22 1.2287905e-22 4.5470298e-28
30186882 1.7502318e+17 5.5457779e+09 2.9686694e+08 2.5247376e+08 1.3533908e-22 1.2251672e-22 4.5238878e-28
30218441 1.751982e+17 5.5457734e+09 2.9658174e+08 2.5221456e+08 1.3492666e-22 1.2215546e-22 4.5008639e-28
30250033 1.753734e+17 5.5457689e+09 2.9629679e+08 2.5195564e+08 1.345155e-22 1.2179526e-22 4.4779577e-28
30281656 1.7554877e+17 5.5457645e+09 2.9601212e+08 2.5169699e+08 1.341056e-22 1.2143612e-22 4.4551686e-28
30313310 1.7572432e+17 5.54576e+09 2.957277e+08 2.5143861e+08 1.3369696e-22 1.2107802e-22 4.4324958e-28
30344996 1.7590005e+17 5.5457555e+09 2.9544355e+08 2.5118051e+08 1.3328957e-22 1.2072098e-22 4.4099389e-28
30376714 1.7607595e+17 5.5457511e+09 2.9515966e+08 2.5092268e+08 1.3288342e-22 1.2036499e-22 4.3874972e-28
30408464 1.7625202e+17 5.5457467e+09 2.9487603e+08 2.5066512e+08 1.3247853e-22 1.2001004e-22 4.3651701e-28
30440246 1.7642827e+17 5.5457422e+09 2.9459266e+08 2.5040783e+08 1.3207487e-22 1.1965613e-22 4.3429571e-28
30472059 1.766047e+17 5.5457378e+09 2.9430956e+08 2.5015082e+08 1.3167245e-22 1.1930326e-22 4.3208575e-28
30503904 1.7678131e+17 5.5457334e+09 2.9402672e+08 2.4989407e+08 1.3127126e-22 1.1895142e-22 4.2988709e-28
30535781 1.7695809e+17 5.545729e+09 2.9374413e+08 2.496376e+08 1.308713e-22 1.1860062e-22 4.2769965e-28
30567690 1.7713505e+17 5.5457246e+09 2.9346181e+08 2.4938139e+08 1.3047256e-22 1.1825085e-22 4.2552339e-28
30599631 1.7731218e+17 5.5457202e+09 2.9317975e+08 2.4912546e+08 1.3007505e-22 1.179021e-22 4.2335824e-28
30631604 1.7748949e+17 5.5457158e+09 2.9289796e+08 2.488698e+08 1.2967876e-22 1.1755437e-22 4.2120415e-28
30663608 1.7766698e+17 5.5457115e+09 2.9261642e+08 2.486144e+08 1.2928367e-22 1.1720767e-22 4.1906106e-28
30695645 1.7784465e+17 5.5457071e+09 2.9233514e+08 2.4835928e+08 1.288898e-22 1.1686198e-22 4.1692891e-28
30727714 1.7802249e+17 5.5457028e+09 2.9205412e+08 2.4810442e+08 1.2849714e-22 1.1651731e-22 4.1480766e-28
30759815 1.7820052e+17 5.5456984e+09 2.9177337e+08 2.4784984e+08 1.2810568e-22 1.1617365e-22 4.1269724e-28
30791948 1.7837872e+17 5.5456941e+09 2.9149287e+08 2.4759552e+08 1.2771541e-22 1.1583099e-22 4.1059759e-28
30824113 1.785571e+17 5.5456898e+09 2.9121263e+08 2.4734147e+08 1.2732635e-22 1.1548934e-22 4.0850867e-28
30856311 1.7873565e+17 5.5456854e+09 2.9093265e+08 2.4708769e+08 1.2693847e-22 1.151487e-22 4.0643042e-28
30888541 1.7891439e+17 5.5456811e+09 2.9065293e+08 2.4683417e+08 1.2655178e-22 1.1480905e-22 4.0436278e-28
30920802 1.790933e+17 5.5456768e+09 2.9037347e+08 2.4658092e+08 1.2616628e-22 1.144704e-22 4.0230569e-28
30953097 1.792724e+17 5.5456725e+09 2.9009426e+08 2.4632794e+08 1.2578196e-22 1.1413275e-22 4.0025911e-28
30985423 1.7945167e+17 5.5456683e+09 2.8981532e+08 2.4607523e+08 1.2539881e-22 1.1379608e-22 3.9822299e-28
31017782 1.7963112e+17 5.545664e+09 2.8953663e+08 2.4582278e+08 1.2501684e-22 1.134604e-22 3.9619725e-28
31050173 1.7981075e+17 5.5456597e+09 2.892582e+08 2.455706e+08 1.2463604e-22 1.1312571e-22 3.9418186e-28
31082597 1.7999056e+17 5.5456555e+09 2.8898003e+08 2.4531868e+08 1.242564e-22 1.12792e-22 3.9217676e-28
31115053 1.8017055e+17 5.5456512e+09 2.8870212e+08 2.4506703e+08 1.2387792e-22 1.1245927e-22 3.901819e-28
31147542 1.8035072e+17 5.545647e+09 2.8842446e+08 2.4481564e+08 1.2350061e-22 1.1212751e-22 3.8819723e-28
31180063 1.8053107e+17 5.5456427e+09 2.8814706e+08 2.4456452e+08 1.2312445e-22 1.1179673e-22 3.8622268e-28
31212617 1.807116e+17 5.5456385e+09 2.8786992e+08 2.4431367e+08 1.2274944e-22 1.1146692e-22 3.8425822e-28
31245203 1.8089232e+17 5.5456343e+09 2.8759303e+08 2.4406308e+08 1.2237558e-22 1.1113808e-22 3.8230379e-28
31277822 1.8107321e+17 5.5456301e+09 2.873164e+08 2.4381275e+08 1.2200287e-22 1.108102e-22 3.8035933e-28
31310473 1.8125428e+17 5.5456259e+09 2.8704003e+08 2.4356268e+08 1.2163129e-22 1.1048329e-22 3.784248e-28
31343157 1.8143554e+17 5.5456217e+09 2.8676391e+08 2.4331288e+08 1.2126086e-22 1.1015734e-22 3.7650015e-28
31375874 1.8161697e+17 5.5456175e+09 2.8648805e+08 2.4306334e+08 1.2089156e-22 1.0983234e-22 3.7458532e-28
31408624 1.8179859e+17 5.5456134e+09 2.8621244e+08 2.4281407e+08 1.2052339e-22 1.0950829e-22 3.7268026e-28
31441406 1.8198039e+17 5.5456092e+09 2.8593709e+08 2.4256506e+08 1.2015634e-22 1.091852e-22 3.7078493e-28
31474222 1.8216237e+17 5.545605e+09 2.8566199e+08 2.4231631e+08 1.1979042e-22 1.0886305e-22 3.6889928e-28
31507070 1.8234453e+17 5.5456009e+09 2.8538715e+08 2.4206782e+08 1.1942562e-22 1.0854185e-22 3.6702325e-28
31539951 1.8252687e+17 5.5455968e+09 2.8511256e+08 2.4181959e+08 1.1906194e-22 1.082216e-22 3.6515679e-28
31572864 1.827094e+17 5.5455926e+09 2.8483823e+08 2.4157163e+08 1.1869937e-22 1.0790228e-22 3.6329986e-28
31605811 1.8289211e+17 5.5455885e+09 2.8456415e+08 2.4132392e+08 1.1833791e-22 1.075839e-22 3.6145241e-28
31638791 1.83075e+17 5.5455844e+09 2.8429033e+08 2.4107648e+08 1.1797756e-22 1.0726646e-22 3.5961439e-28
31671804 1.8325808e+17 5.5455803e+09 2.8401676e+08 2.4082929e+08 1.1761831e-22 1.0694995e-22 3.5778575e-28
31704850 1.8344134e+17 5.5455762e+09 2.8374344e+08 2.4058237e+08 1.1726016e-22 1.0663436e-22 3.5596644e-28
31737928 1.8362478e+17 5.5455721e+09 2.8347037e+08 2.4033571e+08 1.169031e-22 1.0631971e-22 3.5415642e-28
31771040 1.838084e+17 5.545568e+09 2.8319756e+08 2.400893e+08 1.1654714e-22 1.0600597e-22 3.5235564e-28
31804185 1.8399221e+17 5.5455639e+09 2.8292501e+08 2.3984316e+08 1.1619227e-22 1.0569316e-22 3.5056404e-28
31837364 1.841762e+17 5.5455599e+09 2.826527e+08 2.3959728e+08 1.1583848e-22 1.0538127e-22 3.4878159e-28
31870575 1.8436038e+17 5.5455558e+09 2.8238065e+08 2.3935165e+08 1.1548578e-22 1.0507029e-22 3.4700823e-28
31903820 1.8454474e+17 5.5455518e+09 2.8210884e+08 2.3910628e+08 1.1513416e-22 1.0476022e-22 3.4524393e-28
31937098 1.8472928e+17 5.5455477e+09 2.818373e+08 2.3886117e+08 1.1478361e-22 1.0445107e-22 3.4348862e-28
31970409 1.8491401e+17 5.5455437e+09 2.81566e+08 2.3861632e+08 1.1443414e-22 1.0414282e-22 3.4174228e-28
32003754 1.8509893e+17 5.5455397e+09 2.8129495e+08 2.3837172e+08 1.1408574e-22 1.0383548e-22 3.4000484e-28
32037132 1.8528403e+17 5.5455356e+09 2.8102416e+08 2.3812739e+08 1.137384e-22 1.0352904e-22 3.3827627e-28
32070543 1.8546931e+17 5.5455316e+09 2.8075361e+08 2.3788331e+08 1.1339212e-22 1.032235e-22 3.3655652e-28
32103988 1.8565478e+17 5.5455276e+09 2.8048332e+08 2.3763949e+08 1.1304691e-22 1.0291886e-22 3.3484555e-28
32137466 1.8584043e+17 5.5455236e+09 2.8021328e+08 2.3739592e+08 1.1270275e-22 1.0261511e-22 3.331433e-28
32170978 1.8602627e+17 5.5455197e+09 2.7994349e+08 2.3715261e+08 1.1235964e-22 1.0231226e-22 3.3144974e-28
32204523 1.862123e+17 5.5455157e+09 2.7967395e+08 2.3690955e+08 1.1201759e-22 1.0201029e-22 3.2976482e-28
32238102 1.8639851e+17 5.5455117e+09 2.7940466e+08 2.3666675e+08 1.1167658e-22 1.0170921e-22 3.280885e-28
32271715 1.8658491e+17 5.5455077e+09 2.7913562e+08 2.3642421e+08 1.1133661e-22 1.0140902e-22 3.2642072e-28
32305361 1.867715e+17 5.5455038e+09 2.7886682e+08 2.3618192e+08 1.1099769e-22 1.0110971e-22 3.2476146e-28
32339041 1.8695827e+17 5.5454998e+09 2.7859828e+08 2.3593989e+08 1.106598e-22 1.0081127e-22 3.2311066e-28
32372754 1.8714523e+17 5.5454959e+09 2.7832999e+08 2.3569811e+08 1.1032295e-22 1.0051371e-22 3.2146829e-28
32406501 1.8733237e+17 5.545492e+09 2.7806195e+08 2.3545658e+08 1.0998713e-22 1.0021703e-22 3.1983429e-28
32440282 1.875197e+17 5.545488e+09 2.7779415e+08 2.3521531e+08 1.0965233e-22 9.9921216e-23 3.1820862e-28
32474097 1.8770722e+17 5.5454841e+09 2.775266e+08 2.349743e+08 1.0931856e-22 9.9626272e-23 3.1659125e-28
32507946 1.8789493e+17 5.5454802e+09 2.7725931e+08 2.3473353e+08 1.0898581e-22 9.9332194e-23 3.1498213e-28
32541828 1.8808283e+17 5.5454763e+09 2.7699226e+08 2.3449302e+08 1.0865408e-22 9.9038981e-23 3.1338122e-28
32575745 1.8827091e+17 5.5454724e+09 2.7672545e+08 2.3425276e+08 1.0832336e-22 9.8746628e-23 3.1178848e-28
32609695 1.8845918e+17 5.5454686e+09 2.764589e+08 2.3401276e+08 1.0799365e-22 9.8455134e-23 3.1020385e-28
32643680 1.8864764e+17 5.5454647e+09 2.7619259e+08 2.33773e+08 1.0766496e-22 9.8164497e-23 3.0862731e-28
32677698 1.8883629e+17 5.5454608e+09 2.7592653e+08 2.335335e+08 1.0733727e-22 9.7874713e-23 3.0705882e-28
32711750 1.8902512e+17 5.5454569e+09 2.7566072e+08 2.3329425e+08 1.0701058e-22 9.758578e-23 3.0549832e-28
32745837 1.8921415e+17 5.5454531e+09 2.7539515e+08 2.3305525e+08 1.0668489e-22 9.7297696e-23 3.0394578e-28
32779958 1.8940336e+17 5.5454492e+09 2.7512983e+08 2.3281651e+08 1.063602e-22 9.7010459e-23 3.0240116e-28
32814112 1.8959277e+17 5.5454454e+09 2.7486476e+08 2.3257801e+08 1.060365e-22 9.6724065e-23 3.0086441e-28
32848301 1.8978236e+17 5.5454416e+09 2.7459994e+08 2.3233976e+08 1.0571379e-22 9.6438512e-23 2.993355e-28
32882524 1.8997214e+17 5.5454378e+09 2.7433536e+08 2.3210177e+08 1.0539207e-22 9.6153799e-23 2.978144e-28
32916782 1.9016211e+17 5.5454339e+09 2.7407102e+08 2.3186402e+08 1.0507133e-22 9.5869922e-23 2.9630104e-28
32951073 1.9035228e+17 5.5454301e+09 2.7380693e+08 2.3162653e+08 1.0475157e-22 9.5586879e-23 2.9479541e-28
32985399 1.9054263e+17 5.5454263e+09 2.7354309e+08 2.3138928e+08 1.0443279e-22 9.5304667e-23 2.9329745e-28
33019760 1.9073317e+17 5.5454225e+09 2.7327949e+08 2.3115228e+08 1.0411499e-22 9.5023285e-23 2.9180713e-28
33054154 1.909239e+17 5.5454188e+09 2.7301614e+08 2.3091554e+08 1.0379816e-22 9.4742729e-23 2.9032441e-28
33088583 1.9111483e+17 5.545415e+09 2.7275303e+08 2.3067904e+08 1.0348229e-22 9.4462998e-23 2.8884926e-28
33123047 1.9130594e+17 5.5454112e+09 2.7249016e+08 2.3044279e+08 1.031674e-22 9.4184088e-23 2.8738162e-28
33157545 1.9149725e+17 5.5454074e+09 2.7222754e+08 2.3020678e+08 1.0285346e-22 9.3905999e-23 2.8592147e-28
33192078 1.9168875e+17 5.5454037e+09 2.7196517e+08 2.2997103e+08 1.0254049e-22 9.3628726e-23 2.8446876e-28
33226645 1.9188043e+17 5.5453999e+09 2.7170303e+08 2.2973552e+08 1.0222847e-22 9.3352268e-23 2.8302346e-28
33261247 1.9207231e+17 5.5453962e+09 2.7144115e+08 2.2950026e+08 1.0191741e-22 9.3076622e-23 2.8158553e-28
33295883 1.9226439e+17 5.5453925e+09 2.711795e+08 2.2926525e+08 1.016073e-22 9.2801786e-23 2.8015493e-28
33330554 1.9245665e+17 5.5453887e+09 2.709181e+08 2.2903048e+08 1.0129814e-22 9.2527758e-23 2.7873162e-28
33365260 1.9264911e+17 5.545385e+09 2.7065694e+08 2.2879596e+08 1.0098992e-22 9.2254535e-23 2.7731557e-28
33400000 1.9284176e+17 5.5453813e+09 2.7039602e+08 2.2856169e+08 1.0068265e-22 9.1982115e-23 2.7590674e-28
33434775 1.930346e+17 5.5453776e+09 2.7013535e+08 2.2832766e+08 1.0037631e-22 9.1710496e-23 2.7450509e-28
33469585 1.9322763e+17 5.5453739e+09 2.6987492e+08 2.2809388e+08 1.0007092e-22 9.1439675e-23 2.7311059e-28
33504430 1.9342086e+17 5.5453702e+09 2.6961473e+08 2.2786034e+08 9.9766452e-23 9.116965e-23 2.717232e-28
33539310 1.9361428e+17 5.5453666e+09 2.6935479e+08 2.2762705e+08 9.9462919e-23 9.0900418e-23 2.7034287e-28
33574224 1.938079e+17 5.5453629e+09 2.6909508e+08 2.27394e+08 9.9160314e-23 9.0631978e-23 2.6896959e-28
33609174 1.940017e+17 5.5453592e+09 2.6883562e+08 2.271612e+08 9.8858634e-23 9.0364326e-23 2.6760331e-28
33644158 1.9419571e+17 5.5453556e+09 2.685764e+08 2.2692864e+08 9.8557877e-23 9.0097461e-23 2.6624399e-28
33679178 1.943899e+17 5.5453519e+09 2.6831742e+08 2.2669633e+08 9.8258039e-23 8.9831381e-23 2.6489159e-28
33714233 1.9458429e+17 5.5453483e+09 2.6805868e+08 2.2646426e+08 9.7959118e-23 8.9566082e-23 2.635461e-28
33749322 1.9477888e+17 5.5453446e+09 2.6780018e+08 2.2623243e+08 9.7661111e-23 8.9301564e-23 2.6220746e-28
33784447 1.9497365e+17 5.545341e+09 2.6754192e+08 2.2600085e+08 9.7364015e-23 8.9037823e-23 2.6087564e-28
33819607 1.9516863e+17 5.5453374e+09 2.672839e+08 2.2576951e+08 9.7067828e-23 8.8774857e-23 2.5955061e-28
33854802 1.953638e+17 5.5453338e+09 2.6702612e+08 2.2553841e+08 9.6772546e-23 8.8512664e-23 2.5823234e-28
33890032 1.9555916e+17 5.5453301e+09 2.6676859e+08 2.2530755e+08 9.6478166e-23 8.8251241e-23 2.5692078e-28
33925298 1.9575472e+17 5.5453265e+09 2.6651129e+08 2.2507694e+08 9.6184687e-23 8.7990588e-23 2.5561591e-28
33960599 1.9595047e+17 5.545323e+09 2.6625423e+08 2.2484657e+08 9.5892105e-23 8.77307e-23 2.5431769e-28
33995935 1.9614642e+17 5.5453194e+09 2.6599741e+08 2.2461644e+08 9.5600417e-23 8.7471576e-23 2.5302609e-28
34031306 1.9634257e+17 5.5453158e+09 2.6574083e+08 2.2438655e+08 9.5309621e-23 8.7213214e-23 2.5174106e-28
34066713 1.9653891e+17 5.5453122e+09 2.6548449e+08 2.241569e+08 9.5019714e-23 8.6955612e-23 2.5046259e-28
34102156 1.9673545e+17 5.5453086e+09 2.6522839e+08 2.239275e+08 9.4730693e-23 8.6698767e-23 2.4919063e-28
34137633 1.9693219e+17 5.5453051e+09 2.6497252e+08 2.2369833e+08 9.4442555e-23 8.6442677e-23 2.4792515e-28
34173147 1.9712912e+17 5.5453015e+09 2.647169e+08 2.2346941e+08 9.4155298e-23 8.618734e-23 2.4666613e-28
34208696 1.9732625e+17 5.545298e+09 2.6446151e+08 2.2324072e+08 9.386892e-23 8.5932754e-23 2.4541351e-28
34244280 1.9752358e+17 5.5452945e+09 2.6420636e+08 2.2301228e+08 9.3583416e-23 8.5678916e-23 2.4416728e-28
34279900 1.977211e+17 5.5452909e+09 2.6395145e+08 2.2278407e+08 9.3298786e-23 8.5425824e-23 2.4292741e-28
34315556 1.9791882e+17 5.5452874e+09 2.6369677e+08 2.225561e+08 9.3015025e-23 8.5173476e-23 2.4169384e-28
34351247 1.9811674e+17 5.5452839e+09 2.6344234e+08 2.2232837e+08 9.2732131e-23 8.4921871e-23 2.4046657e-28
34386974 1.9831486e+17 5.5452804e+09 2.6318814e+08 2.2210089e+08 9.2450102e-23 8.4671005e-23 2.3924555e-28
34422737 1.9851317e+17 5.5452769e+09 2.6293417e+08 2.2187363e+08 9.2168935e-23 8.4420877e-23 2.3803074e-28
34458536 1.9871168e+17 5.5452734e+09 2.6268045e+08 2.2164662e+08 9.1888628e-23 8.4171484e-23 2.3682213e-28
34494370 1.989104e+17 5.5452699e+09 2.6242696e+08 2.2141985e+08 9.1609177e-23 8.3922825e-23 2.3561968e-28
34530240 1.9910931e+17 5.5452664e+09 2.621737e+08 2.2119331e+08 9.133058e-23 8.3674897e-23 2.3442335e-28
34566146 1.9930842e+17 5.5452629e+09 2.6192068e+08 2.2096701e+08 9.1052835e-23 8.3427698e-23 2.3323312e-28
34602089 1.9950772e+17 5.5452595e+09 2.616679e+08 2.2074095e+08 9.0775938e-23 8.3181225e-23 2.3204895e-28
34638067 1.9970723e+17 5.545256e+09 2.6141536e+08 2.2051512e+08 9.0499887e-23 8.2935478e-23 2.3087081e-28
34674081 1.9990694e+17 5.5452526e+09 2.6116304e+08 2.2028953e+08 9.022468e-23 8.2690453e-23 2.2969868e-28
34710131 2.0010685e+17 5.5452491e+09 2.6091097e+08 2.2006418e+08 8.9950314e-23 8.2446149e-23 2.2853251e-28
34746217 2.0030695e+17 5.5452457e+09 2.6065913e+08 2.1983907e+08 8.9676787e-23 8.2202563e-23 2.2737229e-28
34782339 2.0050726e+17 5.5452422e+09 2.6040752e+08 2.1961419e+08 8.9404095e-23 8.1959693e-23 2.2621798e-28
34818498 2.0070777e+17 5.5452388e+09 2.6015615e+08 2.1938954e+08 8.9132237e-23 8.1717538e-23 2.2506954e-28
34854692 2.0090847e+17 5.5452354e+09 2.5990501e+08 2.1916513e+08 8.8861209e-23 8.1476095e-23 2.2392696e-28
34890923 2.0110938e+17 5.545232e+09 2.5965411e+08 2.1894096e+08 8.8591009e-23 8.1235362e-23 2.227902e-28
34927190 2.0131049e+17 5.5452286e+09 2.5940344e+08 2.1871702e+08 8.8321635e-23 8.0995337e-23 2.2165923e-28
34963494 2.015118e+17 5.5452252e+09 2.59153e+08 2.1849331e+08 8.8053084e-23 8.0756018e-23 2.2053402e-28
34999833 2.0171331e+17 5.5452218e+09 2.589028e+08 2.1826984e+08 8.7785353e-23 8.0517403e-23 2.1941453e-28
35036209 2.0191503e+17 5.5452184e+09 2.5865283e+08 2.180466e+08 8.7518441e-23 8.027949e-23 2.1830076e-28
35072622 2.0211694e+17 5.545215e+09 2.584031e+08 2.178236e+08 8.7252344e-23 8.0042276e-23 2.1719265e-28
35109071 2.0231906e+17 5.5452116e+09 2.581536e+08 2.1760083e+08 8.6987059e-23 7.9805761e-23 2.1609019e-28
35145556 2.0252138e+17 5.5452083e+09 2.5790433e+08 2.173783e+08 8.6722586e-23 7.956994e-23 2.1499334e-28
35182078 2.027239e+17 5.5452049e+09 2.5765529e+08 2.1715599e+08 8.645892e-23 7.9334814e-23 2.1390208e-28
35218636 2.0292662e+17 5.5452016e+09 2.5740649e+08 2.1693392e+08 8.619606e-23 7.9100379e-23 2.1281638e-28
35255231 2.0312955e+17 5.5451982e+09 2.5715791e+08 2.1671209e+08 8.5934003e-23 7.8866634e-23 2.117362e-28
35291863 2.0333268e+17 5.5451949e+09 2.5690957e+08 2.1649048e+08 8.5672746e-23 7.8633576e-23 2.1066153e-28
35328531 2.0353601e+17 5.5451916e+09 2.5666147e+08 2.1626911e+08 8.5412288e-23 7.8401204e-23 2.0959233e-28
35365236 2.0373955e+17 5.5451882e+09 2.5641359e+08 2.1604797e+08 8.5152625e-23 7.8169516e-23 2.0852858e-28
35401978 2.0394329e+17 5.5451849e+09 2.5616594e+08 2.1582705e+08 8.4893755e-23 7.7938509e-23 2.0747024e-28
35438756 2.0414723e+17 5.5451816e+09 2.5591853e+08 2.1560638e+08 8.4635676e-23 7.7708181e-23 2.0641729e-28
35475572 2.0435138e+17 5.5451783e+09 2.5567135e+08 2.1538593e+08 8.4378386e-23 7.7478532e-23 2.053697e-28
35512424 2.0455573e+17 5.545175e+09 2.5542439e+08 2.1516571e+08 8.4121881e-23 7.7249558e-23 2.0432745e-28
35549313 2.0476029e+17 5.5451717e+09 2.5517767e+08 2.1494572e+08 8.386616e-23 7.7021257e-23 2.032905e-28
35586238 2.0496505e+17 5.5451684e+09 2.5493118e+08 2.1472597e+08 8.361122e-23 7.6793628e-23 2.0225884e-28
35623201 2.0517001e+17 5.5451651e+09 2.5468492e+08 2.1450644e+08 8.3357058e-23 7.6566669e-23 2.0123242e-28
35660201 2.0537518e+17 5.5451619e+09 2.5443889e+08 2.1428714e+08 8.3103673e-23 7.6340378e-23 2.0021124e-28
35697238 2.0558056e+17 5.5451586e+09 2.5419308e+08 2.1406808e+08 8.2851062e-23 7.6114752e-23 1.9919525e-28
35734312 2.0578614e+17 5.5451553e+09 2.5394751e+08 2.1384924e+08 8.2599222e-23 7.588979e-23 1.9818444e-28
35771423 2.0599192e+17 5.5451521e+09 2.5370217e+08 2.1363063e+08 8.2348152e-23 7.5665491e-23 1.9717877e-28
35808571 2.0619792e+17 5.5451488e+09 2.5345705e+08 2.1341225e+08 8.2097848e-23 7.5441851e-23 1.9617822e-28
35845756 2.0640411e+17 5.5451456e+09 2.5321217e+08 2.131941e+08 8.1848308e-23 7.5218869e-23 1.9518277e-28
35882979 2.0661052e+17 5.5451424e+09 2.5296751e+08 2.1297617e+08 8.1599531e-23 7.4996543e-23 1.9419238e-28
35920238 2.0681713e+17 5.5451391e+09 2.5272309e+08 2.1275848e+08 8.1351514e-23 7.4774872e-23 1.9320703e-28
35957535 2.0702394e+17 5.5451359e+09 2.5247889e+08 2.1254101e+08 8.1104253e-23 7.4553853e-23 1.9222671e-28
35994870 2.0723097e+17 5.5451327e+09 2.5223492e+08 2.1232377e+08 8.0857748e-23 7.4333484e-23 1.9125137e-28
36032241 2.074382e+17 5.5451295e+09 2.5199117e+08 2.1210676e+08 8.0611996e-23 7.4113763e-23 1.90281e-28
36069651 2.0764564e+17 5.5451263e+09 2.5174766e+08 2.1188997e+08 8.0366994e-23 7.389469e-23 1.8931556e-28
36107097 2.0785328e+17 5.5451231e+09 2.5150437e+08 2.1167341e+08 8.012274e-23 7.3676261e-23 1.8835505e-28
36144581 2.0806114e+17 5.5451199e+09 2.5126131e+08 2.1145708e+08 7.9879233e-23 7.3458474e-23 1.8739942e-28
36182102 2.082692e+17 5.5451167e+09 2.5101848e+08 2.1124097e+08 7.9636468e-23 7.3241329e-23 1.8644865e-28
36219662 2.0847747e+17 5.5451135e+09 2.5077587e+08 2.1102509e+08 7.9394445e-23 7.3024823e-23 1.8550273e-28
36257258 2.0868594e+17 5.5451104e+09 2.5053349e+08 2.1080943e+08 7.9153161e-23 7.2808953e-23 1.8456162e-28
36294892 2.0889463e+17 5.5451072e+09 2.5029134e+08 2.1059401e+08 7.8912614e-23 7.259372e-23 1.836253e-28
36332564 2.0910353e+17 5.5451041e+09 2.5004941e+08 2.103788e+08 7.8672801e-23 7.2379119e-23 1.8269374e-28
36370274 2.0931263e+17 5.5451009e+09 2.4980771e+08 2.1016382e+08 7.843372e-23 7.216515e-23 1.8176693e-28
36408021 2.0952194e+17 5.5450978e+09 2.4956624e+08 2.0994907e+08 7.819537e-23 7.1951811e-23 1.8084483e-28
36445806 2.0973146e+17 5.5450946e+09 2.4932499e+08 2.0973454e+08 7.7957746e-23 7.17391e-23 1.7992743e-28
36483629 2.0994119e+17 5.5450915e+09 2.4908397e+08 2.0952023e+08 7.7720849e-23 7.1527015e-23 1.790147e-28
36521490 2.1015114e+17 5.5450884e+09 2.4884317e+08 2.0930615e+08 7.7484675e-23 7.1315555e-23 1.7810661e-28
36559388 2.1036129e+17 5.5450852e+09 2.486026e+08 2.0909229e+08 7.7249221e-23 7.1104716e-23 1.7720314e-28
36597325 2.1057165e+17 5.5450821e+09 2.4836225e+08 2.0887866e+08 7.7014487e-23 7.0894498e-23 1.7630427e-28
36635299 2.1078222e+17 5.545079e+09 2.4812213e+08 2.0866525e+08 7.6780469e-23 7.0684899e-23 1.7540998e-28
36673312 2.10993e+17 5.5450759e+09 2.4788223e+08 2.0845206e+08 7.6547166e-23 7.0475917e-23 1.7452023e-28
36711362 2.11204e+17 5.5450728e+09 2.4764256e+08 2.0823909e+08 7.6314574e-23 7.026755e-23 1.7363502e-28
36749451 2.114152e+17 5.5450697e+09 2.4740311e+08 2.0802635e+08 7.6082693e-23 7.0059797e-23 1.727543e-28
36787578 2.1162661e+17 5.5450666e+09 2.4716388e+08 2.0781383e+08 7.585152e-23 6.9852655e-23 1.7187807e-28
36825743 2.1183824e+17 5.5450636e+09 2.4692488e+08 2.0760153e+08 7.5621052e-23 6.9646123e-23 1.710063e-28
36863946 2.1205008e+17 5.5450605e+09 2.466861e+08 2.0738945e+08 7.5391288e-23 6.9440199e-23 1.7013897e-28
36902187 2.1226213e+17 5.5450574e+09 2.4644755e+08 2.071776e+08 7.5162225e-23 6.9234881e-23 1.6927604e-28
36940466 2.1247439e+17 5.5450544e+09 2.4620922e+08 2.0696596e+08 7.4933861e-23 6.9030167e-23 1.6841751e-28
36978784 2.1268687e+17 5.5450513e+09 2.4597111e+08 2.0675455e+08 7.4706194e-23 6.8826057e-23 1.6756335e-28
37017140 2.1289955e+17 5.5450483e+09 2.4573323e+08 2.0654336e+08 7.4479223e-23 6.8622547e-23 1.6671353e-28
37055535 2.1311245e+17 5.5450452e+09 2.4549556e+08 2.0633239e+08 7.4252944e-23 6.8419636e-23 1.6586804e-28
37093968 2.1332556e+17 5.5450422e+09 2.4525812e+08 2.0612164e+08 7.4027355e-23 6.8217322e-23 1.6502685e-28
37132439 2.1353889e+17 5.5450392e+09 2.4502091e+08 2.0591111e+08 7.3802455e-23 6.8015605e-23 1.6418994e-28
37170949 2.1375243e+17 5.5450362e+09 2.4478391e+08 2.057008e+08 7.3578242e-23 6.7814481e-23 1.6335728e-28
37209498 2.1396618e+17 5.5450331e+09 2.4454714e+08 2.0549071e+08 7.3354713e-23 6.7613949e-23 1.6252887e-28
37248085 2.1418015e+17 5.5450301e+09 2.4431059e+08 2.0528083e+08 7.3131866e-23 6.7414008e-23 1.6170466e-28
37286710 2.1439433e+17 5.5450271e+09 2.4407426e+08 2.0507118e+08 7.2909699e-23 6.7214656e-23 1.6088465e-28
37325374 2.1460872e+17 5.5450241e+09 2.4383815e+08 2.0486175e+08 7.268821e-23 6.701589e-23 1.6006881e-28
37364077 2.1482333e+17 5.5450211e+09 2.4360226e+08 2.0465253e+08 7.2467397e-23 6.681771e-23 1.5925713e-28
37402819 2.1503815e+17 5.5450181e+09 2.4336659e+08 2.0444354e+08 7.2247258e-23 6.6620113e-23 1.5844957e-28
37441599 2.1525319e+17 5.5450152e+09 2.4313115e+08 2.0423476e+08 7.2027791e-23 6.6423098e-23 1.5764612e-28
37480419 2.1546845e+17 5.5450122e+09 2.4289592e+08 2.040262e+08 7.1808993e-23 6.6226664e-23 1.5684675e-28
37519277 2.1568391e+17 5.5450092e+09 2.4266091e+08 2.0381786e+08 7.1590863e-23 6.6030807e-23 1.5605145e-28
37558174 2.158996e+17 5.5450063e+09 2.4242613e+08 2.0360973e+08 7.1373399e-23 6.5835528e-23 1.552602e-28
37597110 2.161155e+17 5.5450033e+09 2.4219156e+08 2.0340182e+08 7.1156598e-23 6.5640823e-23 1.5447297e-28
37636084 2.1633161e+17 5.5450004e+09 2.4195722e+08 2.0319413e+08 7.0940459e-23 6.5446692e-23 1.5368975e-28
37675098 2.1654794e+17 5.5449974e+09 2.4172309e+08 2.0298666e+08 7.072498e-23 6.5253133e-23 1.5291051e-28
37714151 2.1676449e+17 5.5449945e+09 2.4148919e+08 2.027794e+08 7.0510158e-23 6.5060144e-23 1.5213524e-28
37753243 2.1698126e+17 5.5449915e+09 2.412555e+08 2.0257236e+08 7.0295991e-23 6.4867723e-23 1.513639e-28
37792374 2.1719824e+17 5.5449886e+09 2.4102203e+08 2.0236554e+08 7.0082478e-23 6.4675868e-23 1.5059649e-28
37831544 2.1741544e+17 5.5449857e+09 2.4078878e+08 2.0215893e+08 6.9869616e-23 6.4484579e-23 1.4983299e-28
37870754 2.1763285e+17 5.5449828e+09 2.4055575e+08 2.0195253e+08 6.9657404e-23 6.4293853e-23 1.4907336e-28
37910002 2.1785049e+17 5.5449799e+09 2.4032294e+08 2.0174636e+08 6.9445839e-23 6.4103689e-23 1.483176e-28
37949290 2.1806834e+17 5.544977e+09 2.4009034e+08 2.0154039e+08 6.9234919e-23 6.3914085e-23 1.4756568e-28
37988617 2.182864e+17 5.5449741e+09 2.3985797e+08 2.0133465e+08 6.9024643e-23 6.3725039e-23 1.4681759e-28
38027984 2.1850469e+17 5.5449712e+09 2.3962581e+08 2.0112911e+08 6.8815009e-23 6.353655e-23 1.460733e-28
38067390 2.187232e+17 5.5449683e+09 2.3939387e+08 2.0092379e+08 6.8606014e-23 6.3348617e-23 1.453328e-28
38106835 2.1894192e+17 5.5449654e+09 2.3916214e+08 2.0071869e+08 6.8397657e-23 6.3161236e-23 1.4459606e-28
38146320 2.1916086e+17 5.5449625e+09 2.3893064e+08 2.005138e+08 6.8189935e-23 6.2974408e-23 1.4386307e-28
38185844 2.1938002e+17 5.5449597e+09 2.3869935e+08 2.0030912e+08 6.7982847e-23 6.278813e-23 1.4313381e-28
38225408 2.195994e+17 5.5449568e+09 2.3846828e+08 2.0010466e+08 6.7776391e-23 6.2602401e-23 1.4240825e-28
38265011 2.19819e+17 5.5449539e+09 2.3823742e+08 1.9990041e+08 6.7570565e-23 6.2417219e-23 1.4168639e-28
38304655 2.2003882e+17 5.5449511e+09 2.3800678e+08 1.9969637e+08 6.7365366e-23 6.2232582e-23 1.4096819e-28
38344337 2.2025886e+17 5.5449482e+09 2.3777636e+08 1.9949255e+08 6.7160794e-23 6.204849e-23 1.4025365e-28
38384060 2.2047912e+17 5.5449454e+09 2.3754615e+08 1.9928894e+08 6.6956845e-23 6.1864939e-23 1.3954274e-28
38423822 2.206996e+17 5.5449426e+09 2.3731616e+08 1.9908554e+08 6.6753519e-23 6.168193e-23 1.3883544e-28
38463624 2.209203e+17 5.5449397e+09 2.3708639e+08 1.9888235e+08 6.6550812e-23 6.1499459e-23 1.3813174e-28
38503466 2.2114122e+17 5.5449369e+09 2.3685683e+08 1.9867937e+08 6.6348724e-23 6.1317526e-23 1.3743162e-28
38543347 2.2136236e+17 5.5449341e+09 2.3662749e+08 1.9847661e+08 6.6147253e-23 6.1136129e-23 1.3673506e-28
38583269 2.2158372e+17 5.5449313e+09 2.3639836e+08 1.9827406e+08 6.5946396e-23 6.0955266e-23 1.3604204e-28
38623230 2.218053e+17 5.5449285e+09 2.3616944e+08 1.9807172e+08 6.5746151e-23 6.0774937e-23 1.3535254e-28
38663232 2.2202711e+17 5.5449257e+09 2.3594074e+08 1.9786959e+08 6.5546517e-23 6.0595138e-23 1.3466655e-28
38703273 2.2224914e+17 5.5449229e+09 2.3571226e+08 1.9766767e+08 6.5347492e-23 6.0415869e-23 1.3398404e-28
38743355 2.2247138e+17 5.5449201e+09 2.3548399e+08 1.9746596e+08 6.5149075e-23 6.0237129e-23 1.3330501e-28
38783476 2.2269386e+17 5.5449173e+09 2.3525593e+08 1.9726446e+08 6.4951262e-23 6.0058915e-23 1.3262942e-28
38823638 2.2291655e+17 5.5449145e+09 2.3502809e+08 1.9706317e+08 6.4754052e-23 5.9881226e-23 1.3195728e-28
38863840 2.2313947e+17 5.5449117e+09 2.3480047e+08 1.968621e+08 6.4557444e-23 5.9704061e-23 1.3128855e-28
38904082 2.2336261e+17 5.544909e+09 2.3457305e+08 1.9666123e+08 6.4361436e-23 5.9527417e-23 1.3062321e-28
38944365 2.2358597e+17 5.5449062e+09 2.3434585e+08 1.9646057e+08 6.4166025e-23 5.9351294e-23 1.2996126e-28
38984688 2.2380955e+17 5.5449034e+09 2.3411886e+08 1.9626012e+08 6.397121e-23 5.917569e-23 1.2930268e-28
39025051 2.2403336e+17 5.5449007e+09 2.3389209e+08 1.9605988e+08 6.377699e-23 5.9000604e-23 1.2864744e-28
39065454 2.242574e+17 5.5448979e+09 2.3366553e+08 1.9585984e+08 6.3583361e-23 5.8826033e-23 1.2799553e-28
39105898 2.2448166e+17 5.5448952e+09 2.3343918e+08 1.9566002e+08 6.3390323e-23 5.8651977e-23 1.2734694e-28
39146383 2.2470614e+17 5.5448925e+09 2.3321305e+08 1.954604e+08 6.3197874e-23 5.8478434e-23 1.2670165e-28
39186908 2.2493084e+17 5.5448897e+09 2.3298712e+08 1.9526099e+08 6.3006011e-23 5.8305402e-23 1.2605963e-28
39227473 2.2515577e+17 5.544887e+09 2.3276141e+08 1.9506179e+08 6.2814734e-23 5.813288e-23 1.2542088e-28
39268079 2.2538093e+17 5.5448843e+09 2.3253591e+08 1.948628e+08 6.2624039e-23 5.7960866e-23 1.2478537e-28
39308726 2.2560631e+17 5.5448816e+09 2.3231062e+08 1.9466402e+08 6.2433927e-23 5.778936e-23 1.2415309e-28
39349413 2.2583192e+17 5.5448789e+09 2.3208555e+08 1.9446544e+08 6.2244394e-23 5.7618359e-23 1.2352403e-28
39390141 2.2605775e+17 5.5448762e+09 2.3186068e+08 1.9426707e+08 6.2055438e-23 5.7447861e-23 1.2289816e-28
39430910 2.2628381e+17 5.5448735e+09 2.3163603e+08 1.940689e+08 6.1867059e-23 5.7277866e-23 1.2227548e-28
39471719 2.2651009e+17 5.5448708e+09 2.3141159e+08 1.9387094e+08 6.1679254e-23 5.7108373e-23 1.2165596e-28
39512570 2.267366e+17 5.5448681e+09 2.3118736e+08 1.9367319e+08 6.1492022e-23 5.6939378e-23 1.2103958e-28
39553461 2.2696334e+17 5.5448654e+09 2.3096334e+08 1.9347565e+08 6.1305361e-23 5.6770882e-23 1.2042634e-28
39594393 2.271903e+17 5.5448627e+09 2.3073953e+08 1.9327831e+08 6.1119268e-23 5.6602882e-23 1.1981622e-28
39635366 2.2741749e+17 5.5448601e+09 2.3051593e+08 1.9308117e+08 6.0933743e-23 5.6435378e-23 1.192092e-28
39676380 2.2764491e+17 5.5448574e+09 2.3029254e+08 1.9288424e+08 6.0748784e-23 5.6268367e-23 1.1860526e-28
39717435 2.2787255e+17 5.5448547e+09 2.3006936e+08 1.9268752e+08 6.0564389e-23 5.6101849e-23 1.1800439e-28
39758532 2.2810043e+17 5.5448521e+09 2.2984639e+08 1.92491e+08 6.0380555e-23 5.5935821e-23 1.1740657e-28
39799669 2.2832853e+17 5.5448494e+09 2.2962363e+08 1.9229468e+08 6.0197282e-23 5.5770283e-23 1.1681179e-28
39840847 2.2855685e+17 5.5448468e+09 2.2940108e+08 1.9209857e+08 6.0014568e-23 5.5605232e-23 1.1622004e-28
39882067 2.2878541e+17 5.5448441e+09 2.2917874e+08 1.9190267e+08 5.9832411e-23 5.5440668e-23 1.1563129e-28
39923328 2.290142e+17 5.5448415e+09 2.289566e+08 1.9170697e+08 5.9650809e-23 5.5276589e-23 1.1504553e-28
39964630 2.2924321e+17 5.5448389e+09 2.2873468e+08 1.9151147e+08 5.946976e-23 5.5112994e-23 1.1446275e-28
40005974 2.2947245e+17 5.5448363e+09 2.2851297e+08 1.9131617e+08 5.9289264e-23 5.4949881e-23 1.1388293e-28
40047359 2.2970193e+17 5.5448336e+09 2.2829146e+08 1.9112108e+08 5.9109318e-23 5.4787249e-23 1.1330605e-28
40088785 2.2993163e+17 5.544831e+09 2.2807016e+08 1.9092619e+08 5.892992e-23 5.4625096e-23 1.1273211e-28
40130253 2.3016156e+17 5.5448284e+09 2.2784907e+08 1.9073151e+08 5.8751069e-23 5.4463422e-23 1.1216108e-28
40171762 2.3039172e+17 5.5448258e+09 2.2762819e+08 1.9053703e+08 5.8572763e-23 5.4302224e-23 1.1159296e-28
40213313 2.3062211e+17 5.5448232e+09 2.2740751e+08 1.9034275e+08 5.8395e-23 5.4141501e-23 1.1102771e-28
40254905 2.3085274e+17 5.5448206e+09 2.2718705e+08 1.9014867e+08 5.821778e-23 5.3981252e-23 1.1046535e-28
40296539 2.3108359e+17 5.544818e+09 2.2696679e+08 1.8995479e+08 5.8041099e-23 5.3821475e-23 1.0990583e-28
40338215 2.3131467e+17 5.5448155e+09 2.2674673e+08 1.8976112e+08 5.7864957e-23 5.3662169e-23 1.0934917e-28
40379932 2.3154599e+17 5.5448129e+09 2.2652689e+08 1.8956764e+08 5.7689352e-23 5.3503334e-23 1.0879532e-28
40421691 2.3177753e+17 5.5448103e+09 2.2630725e+08 1.8937437e+08 5.7514282e-23 5.3344966e-23 1.082443e-28
40463492 2.3200931e+17 5.5448077e+09 2.2608782e+08 1.891813e+08 5.7339746e-23 5.3187065e-23 1.0769607e-28
40505334 2.3224132e+17 5.5448052e+09 2.2586859e+08 1.8898843e+08 5.7165741e-23 5.302963e-23 1.0715062e-28
40547219 2.3247356e+17 5.5448026e+09 2.2564957e+08 1.8879576e+08 5.6992267e-23 5.2872659e-23 1.0660795e-28
40589145 2.3270603e+17 5.5448001e+09 2.2543076e+08 1.886033e+08 5.6819322e-23 5.2716151e-23 1.0606804e-28
40631114 2.3293874e+17 5.5447975e+09 2.2521215e+08 1.8841103e+08 5.6646903e-23 5.2560104e-23 1.0553086e-28
40673124 2.3317168e+17 5.544795e+09 2.2499375e+08 1.8821896e+08 5.647501e-23 5.2404517e-23 1.0499642e-28
40715176 2.3340485e+17 5.5447924e+09 2.2477556e+08 1.8802709e+08 5.6303641e-23 5.2249389e-23 1.0446469e-28
40757271 2.3363826e+17 5.5447899e+09 2.2455757e+08 1.8783542e+08 5.6132794e-23 5.2094719e-23 1.0393566e-28
40799407 2.3387189e+17 5.5447874e+09 2.2433978e+08 1.8764396e+08 5.5962467e-23 5.1940505e-23 1.0340931e-28
40841586 2.3410577e+17 5.5447849e+09 2.241222e+08 1.8745269e+08 5.579266e-23 5.1786745e-23 1.0288564e-28
40883807 2.3433987e+17 5.5447823e+09 2.2390482e+08 1.8726161e+08 5.562337e-23 5.1633439e-23 1.0236463e-28
40926070 2.3457421e+17 5.5447798e+09 2.2368765e+08 1.8707074e+08 5.5454596e-23 5.1480584e-23 1.0184627e-28
40968375 2.3480879e+17 5.5447773e+09 2.2347069e+08 1.8688007e+08 5.5286336e-23 5.1328181e-23 1.0133054e-28
41010723 2.3504359e+17 5.5447748e+09 2.2325393e+08 1.8668959e+08 5.5118589e-23 5.1176227e-23 1.0081743e-28
41053113 2.3527864e+17 5.5447723e+09 2.2303737e+08 1.8649932e+08 5.4951353e-23 5.1024721e-23 1.0030692e-28
41095546 2.3551392e+17 5.5447698e+09 2.2282101e+08 1.8630924e+08 5.4784626e-23 5.0873662e-23 9.979901e-29
41138021 2.3574943e+17 5.5447674e+09 2.2260486e+08 1.8611936e+08 5.4618408e-23 5.0723048e-23 9.9293676e-29
41180538 2.3598518e+17 5.5447649e+09 2.2238892e+08 1.8592967e+08 5.4452696e-23 5.0572878e-23 9.8790909e-29
41223098 2.3622117e+17 5.5447624e+09 2.2217317e+08 1.8574019e+08 5.4287489e-23 5.0423152e-23 9.8290695e-29
41265701 2.3645739e+17 5.5447599e+09 2.2195763e+08 1.855509e+08 5.4122785e-23 5.0273867e-23 9.7793021e-29
41308346 2.3669384e+17 5.5447575e+09 2.217423e+08 1.853618e+08 5.3958583e-23 5.0125022e-23 9.7297874e-29
41351034 2.3693054e+17 5.544755e+09 2.2152716e+08 1.8517291e+08 5.3794881e-23 4.9976616e-23 9.6805242e-29
41393764 2.3716747e+17 5.5447525e+09 2.2131223e+08 1.8498421e+08 5.3631678e-23 4.9828648e-23 9.6315112e-29
41436538 2.3740464e+17 5.5447501e+09 2.210975e+08 1.847957e+08 5.3468972e-23 4.9681116e-23 9.582747e-29
41479354 2.3764204e+17 5.5447476e+09 2.2088297e+08 1.8460739e+08 5.3306762e-23 4.953402e-23 9.5342304e-29
41522213 2.3787968e+17 5.5447452e+09 2.2066865e+08 1.8441928e+08 5.3145045e-23 4.9387357e-23 9.4859602e-29
41565115 2.3811756e+17 5.5447428e+09 2.2045453e+08 1.8423137e+08 5.2983822e-23 4.9241127e-23 9.437935e-29
41608059 2.3835568e+17 5.5447403e+09 2.202406e+08 1.8404364e+08 5.282309e-23 4.9095328e-23 9.3901538e-29
41651047 2.3859404e+17 5.5447379e+09 2.2002689e+08 1.8385612e+08 5.2662847e-23 4.8949959e-23 9.3426151e-29
41694078 2.3883263e+17 5.5447355e+09 2.1981337e+08 1.8366879e+08 5.2503092e-23 4.8805019e-23 9.2953178e-29
41737151 2.3907146e+17 5.5447331e+09 2.1960005e+08 1.8348165e+08 5.2343825e-23 4.8660506e-23 9.2482606e-29
41780268 2.3931053e+17 5.5447306e+09 2.1938693e+08 1.8329471e+08 5.2185042e-23 4.851642e-23 9.2014424e-29
41823428 2.3954984e+17 5.5447282e+09 2.1917402e+08 1.8310796e+08 5.2026743e-23 4.8372759e-23 9.1548618e-29
41866631 2.3978939e+17 5.5447258e+09 2.1896131e+08 1.8292141e+08 5.1868926e-23 4.8229521e-23 9.1085178e-29
41909878 2.4002918e+17 5.5447234e+09 2.1874879e+08 1.8273505e+08 5.171159e-23 4.8086706e-23 9.062409e-29
41953168 2.4026921e+17 5.544721e+09 2.1853648e+08 1.8254888e+08 5.1554733e-23 4.7944313e-23 9.0165343e-29
41996500 2.4050948e+17 5.5447187e+09 2.1832437e+08 1.8236291e+08 5.1398353e-23 4.7802339e-23 8.9708925e-29
42039877 2.4074999e+17 5.5447163e+09 2.1811245e+08 1.8217713e+08 5.124245e-23 4.7660784e-23 8.9254824e-29
42083297 2.4099074e+17 5.5447139e+09 2.1790074e+08 1.8199154e+08 5.1087022e-23 4.7519647e-23 8.8803028e-29
42126760 2.4123173e+17 5.5447115e+09 2.1768922e+08 1.8180615e+08 5.0932067e-23 4.7378926e-23 8.8353526e-29
42170266 2.4147296e+17 5.5447091e+09 2.1747791e+08 1.8162095e+08 5.0777585e-23 4.7238621e-23 8.7906306e-29
42213816 2.4171444e+17 5.5447068e+09 2.172668e+08 1.8143594e+08 5.0623572e-23 4.7098729e-23 8.7461356e-29
42257410 2.4195615e+17 5.5447044e+09 2.1705588e+08 1.8125113e+08 5.0470029e-23 4.695925e-23 8.7018664e-29
42301048 2.4219811e+17 5.5447021e+09 2.1684516e+08 1.810665e+08 5.0316954e-23 4.6820182e-23 8.657822e-29
42344729 2.4244031e+17 5.5446997e+09 2.1663464e+08 1.8088207e+08 5.0164344e-23 4.6681525e-23 8.6140011e-29
42388453 2.4268275e+17 5.5446974e+09 2.1642432e+08 1.8069783e+08 5.0012199e-23 4.6543277e-23 8.5704027e-29
42432222 2.4292543e+17 5.544695e+09 2.162142e+08 1.8051378e+08 4.9860518e-23 4.6405437e-23 8.5270255e-29
42476034 2.4316835e+17 5.5446927e+09 2.1600428e+08 1.8032992e+08 4.9709299e-23 4.6268003e-23 8.4838686e-29
42519890 2.4341152e+17 5.5446904e+09 2.1579455e+08 1.8014625e+08 4.955854e-23 4.6130975e-23 8.4409307e-29
42563790 2.4365493e+17 5.544688e+09 2.1558503e+08 1.7996278e+08 4.940824e-23 4.5994351e-23 8.3982107e-29
42607734 2.4389859e+17 5.5446857e+09 2.153757e+08 1.7977949e+08 4.9258398e-23 4.585813e-23 8.3557075e-29
42651722 2.4414249e+17 5.5446834e+09 2.1516657e+08 1.7959639e+08 4.9109012e-23 4.5722312e-23 8.3134201e-29
42695753 2.4438663e+17 5.5446811e+09 2.1495763e+08 1.7941349e+08 4.8960081e-23 4.5586894e-23 8.2713473e-29
42739829 2.4463102e+17 5.5446788e+09 2.1474889e+08 1.7923077e+08 4.8811603e-23 4.5451875e-23 8.229488e-29
42783949 2.4487565e+17 5.5446765e+09 2.1454035e+08 1.7904825e+08 4.8663578e-23 4.5317255e-23 8.1878412e-29
42828113 2.4512052e+17 5.5446741e+09 2.1433201e+08 1.7886591e+08 4.8516003e-23 4.5183032e-23 8.1464057e-29
42872322 2.4536564e+17 5.5446719e+09 2.1412386e+08 1.7868376e+08 4.8368878e-23 4.5049206e-23 8.1051805e-29
42916574 2.4561101e+17 5.5446696e+09 2.1391591e+08 1.785018e+08 4.82222e-23 4.4915774e-23 8.0641645e-29
42960871 2.4585662e+17 5.5446673e+09 2.1370816e+08 1.7832004e+08 4.807597e-23 4.4782736e-23 8.0233567e-29
43005212 2.4610248e+17 5.544665e+09 2.135006e+08 1.7813845e+08 4.7930184e-23 4.465009e-23 7.9827559e-29
43049597 2.4634858e+17 5.5446627e+09 2.1329324e+08 1.7795706e+08 4.7784842e-23 4.4517836e-23 7.9423612e-29
43094027 2.4659493e+17 5.5446604e+09 2.1308607e+08 1.7777586e+08 4.7639943e-23 4.4385972e-23 7.9021715e-29
43138502 2.4684152e+17 5.5446582e+09 2.128791e+08 1.7759484e+08 4.7495485e-23 4.4254498e-23 7.8621857e-29
43183020 2.4708836e+17 5.5446559e+09 2.1267232e+08 1.7741402e+08 4.7351467e-23 4.4123411e-23 7.8224028e-29
43227584 2.4733545e+17 5.5446537e+09 2.1246574e+08 1.7723338e+08 4.7207887e-23 4.3992711e-23 7.7828218e-29
43272192 2.4758279e+17 5.5446514e+09 2.1225936e+08 1.7705292e+08 4.7064744e-23 4.3862397e-23 7.7434416e-29
43316844 2.4783037e+17 5.5446491e+09 2.1205317e+08 1.7687266e+08 4.6922038e-23 4.3732468e-23 7.7042612e-29
43361541 2.480782e+17 5.5446469e+09 2.1184717e+08 1.7669258e+08 4.6779765e-23 4.3602922e-23 7.6652797e-29
43406283 2.4832628e+17 5.5446447e+09 2.1164137e+08 1.7651269e+08 4.6637926e-23 4.3473758e-23 7.6264959e-29
43451070 2.4857461e+17 5.5446424e+09 2.1143577e+08 1.7633298e+08 4.6496518e-23 4.3344976e-23 7.5879089e-29
43495901 2.4882318e+17 5.5446402e+09 2.1123035e+08 1.7615347e+08 4.6355541e-23 4.3216574e-23 7.5495177e-29
43540778 2.49072e+17 5.544638e+09 2.1102513e+08 1.7597413e+08 4.6214993e-23 4.308855e-23 7.5113213e-29
43585699 2.4932108e+17 5.5446357e+09 2.1082011e+08 1.7579499e+08 4.6074873e-23 4.2960905e-23 7.4733187e-29
43630665 2.495704e+17 5.5446335e+09 2.1061528e+08 1.7561603e+08 4.593518e-23 4.2833636e-23 7.4355089e-29
43675676 2.4981997e+17 5.5446313e+09 2.1041064e+08 1.7543725e+08 4.5795912e-23 4.2706743e-23 7.3978909e-29
43720733 2.5006979e+17 5.5446291e+09 2.102062e+08 1.7525867e+08 4.5657067e-23 4.2580224e-23 7.3604637e-29
43765834 2.5031986e+17 5.5446269e+09 2.1000195e+08 1.7508026e+08 4.5518645e-23 4.2454079e-23 7.3232265e-29
43810980 2.5057018e+17 5.5446247e+09 2.0979789e+08 1.7490204e+08 4.5380645e-23 4.2328307e-23 7.2861781e-29
43856172 2.5082075e+17 5.5446225e+09 2.0959402e+08 1.7472401e+08 4.5243065e-23 4.2202905e-23 7.2493177e-29
43901409 2.5107157e+17 5.5446203e+09 2.0939035e+08 1.7454616e+08 4.5105903e-23 4.2077874e-23 7.2126443e-29
43946691 2.5132264e+17 5.5446181e+09 2.0918687e+08 1.743685e+08 4.4969159e-23 4.1953211e-23 7.1761569e-29
43992018 2.5157396e+17 5.5446159e+09 2.0898358e+08 1.7419102e+08 4.4832831e-23 4.1828917e-23 7.1398547e-29
44037391 2.5182554e+17 5.5446137e+09 2.0878049e+08 1.7401372e+08 4.4696918e-23 4.170499e-23 7.1037366e-29
44082809 2.5207736e+17 5.5446116e+09 2.0857759e+08 1.7383661e+08 4.4561418e-23 4.1581428e-23 7.0678016e-29
44128272 2.5232944e+17 5.5446094e+09 2.0837487e+08 1.7365968e+08 4.4426331e-23 4.1458232e-23 7.032049e-29
44173781 2.5258177e+17 5.5446072e+09 2.0817235e+08 1.7348294e+08 4.4291656e-23 4.1335399e-23 6.9964777e-29
44219336 2.5283435e+17 5.5446051e+09 2.0797003e+08 1.7330637e+08 4.415739e-23 4.1212928e-23 6.9610869e-29
44264936 2.5308718e+17 5.5446029e+09 2.0776789e+08 1.7313e+08 4.4023532e-23 4.1090819e-23 6.9258756e-29
44310581 2.5334027e+17 5.5446007e+09 2.0756594e+08 1.729538e+08 4.3890082e-23 4.0969071e-23 6.8908429e-29
44356273 2.5359361e+17 5.5445986e+09 2.0736419e+08 1.7277779e+08 4.3757038e-23 4.0847682e-23 6.8559878e-29
44402010 2.538472e+17 5.5445965e+09 2.0716262e+08 1.7260196e+08 4.3624399e-23 4.0726651e-23 6.8213096e-29
44447792 2.5410105e+17 5.5445943e+09 2.0696125e+08 1.7242631e+08 4.3492164e-23 4.0605978e-23 6.7868072e-29
44493621 2.5435515e+17 5.5445922e+09 2.0676006e+08 1.7225084e+08 4.3360331e-23 4.0485661e-23 6.7524799e-29
44539496 2.5460951e+17 5.54459e+09 2.0655907e+08 1.7207556e+08 4.3228899e-23 4.0365699e-23 6.7183266e-29
44585416 2.5486412e+17 5.5445879e+09 2.0635827e+08 1.7190046e+08 4.3097868e-23 4.0246092e-23 6.6843466e-29
44631382 2.5511898e+17 5.5445858e+09 2.0615766e+08 1.7172553e+08 4.2967235e-23 4.0126837e-23 6.6505389e-29
44677394 2.553741e+17 5.5445837e+09 2.0595723e+08 1.715508e+08 4.2836999e-23 4.0007935e-23 6.6169026e-29
44723453 2.5562948e+17 5.5445816e+09 2.05757e+08 1.7137624e+08 4.270716e-23 3.9889384e-23 6.583437e-29
44769557 2.558851e+17 5.5445794e+09 2.0555695e+08 1.7120186e+08 4.2577716e-23 3.9771182e-23 6.550141e-29
44815708 2.5614099e+17 5.5445773e+09 2.053571e+08 1.7102766e+08 4.2448665e-23 3.965333e-23 6.5170139e-29
44861904 2.5639713e+17 5.5445752e+09 2.0515743e+08 1.7085365e+08 4.2320008e-23 3.9535826e-23 6.4840548e-29
44908147 2.5665353e+17 5.5445731e+09 2.0495795e+08 1.7067981e+08 4.2191741e-23 3.9418669e-23 6.4512629e-29
44954436 2.5691018e+17 5.544571e+09 2.0475867e+08 1.7050616e+08 4.2063865e-23 3.9301857e-23 6.4186372e-29
45000772 2.5716709e+17 5.5445689e+09 2.0455957e+08 1.7033268e+08 4.1936379e-23 3.9185391e-23 6.386177e-29
45047154 2.5742426e+17 5.5445669e+09 2.0436065e+08 1.7015938e+08 4.180928e-23 3.9069269e-23 6.3538814e-29
45093582 2.5768168e+17 5.5445648e+09 2.0416193e+08 1.6998627e+08 4.1682567e-23 3.8953489e-23 6.3217495e-29
45140056 2.5793936e+17 5.5445627e+09 2.039634e+08 1.6981333e+08 4.1556241e-23 3.8838051e-23 6.2897806e-29
45186578 2.581973e+17 5.5445606e+09 2.0376505e+08 1.6964057e+08 4.1430298e-23 3.8722955e-23 6.2579738e-29
45233145 2.584555e+17 5.5445586e+09 2.0356689e+08 1.6946799e+08 4.1304739e-23 3.8608198e-23 6.2263283e-29
45279759 2.5871396e+17 5.5445565e+09 2.0336892e+08 1.6929559e+08 4.1179562e-23 3.849378e-23 6.1948432e-29
45326420 2.5897267e+17 5.5445544e+09 2.0317113e+08 1.6912337e+08 4.1054765e-23 3.83797e-23 6.1635178e-29
45373128 2.5923164e+17 5.5445524e+09 2.0297354e+08 1.6895133e+08 4.0930348e-23 3.8265956e-23 6.1323512e-29
45419882 2.5949087e+17 5.5445503e+09 2.0277612e+08 1.6877947e+08 4.080631e-23 3.8152549e-23 6.1013426e-29
45466683 2.5975037e+17 5.5445483e+09 2.025789e+08 1.6860778e+08 4.0682649e-23 3.8039477e-23 6.0704912e-29
45513531 2.6001012e+17 5.5445462e+09 2.0238186e+08 1.6843627e+08 4.0559364e-23 3.7926738e-23 6.0397963e-29
45560426 2.6027013e+17 5.5445442e+09 2.0218501e+08 1.6826494e+08 4.0436455e-23 3.7814333e-23 6.009257e-29
45607368 2.605304e+17 5.5445421e+09 2.0198835e+08 1.6809379e+08 4.0313919e-23 3.7702259e-23 5.9788725e-29
45654356 2.6079093e+17 5.5445401e+09 2.0179187e+08 1.6792281e+08 4.0191756e-23 3.7590517e-23 5.948642e-29
45701392 2.6105172e+17 5.5445381e+09 2.0159558e+08 1.6775201e+08 4.0069964e-23 3.7479104e-23 5.9185649e-29
45748475 2.6131277e+17 5.5445361e+09 2.0139948e+08 1.6758139e+08 3.9948543e-23 3.7368021e-23 5.8886402e-29
45795604 2.6157408e+17 5.544534e+09 2.0120356e+08 1.6741094e+08 3.9827492e-23 3.7257266e-23 5.8588672e-29
45842781 2.6183566e+17 5.544532e+09 2.0100782e+08 1.6724067e+08 3.9706808e-23 3.7146837e-23 5.8292451e-29
45890005 2.6209749e+17 5.54453e+09 2.0081227e+08 1.6707058e+08 3.9586492e-23 3.7036735e-23 5.7997732e-29
45937277 2.6235959e+17 5.544528e+09 2.0061691e+08 1.6690066e+08 3.9466542e-23 3.6926959e-23 5.7704507e-29
45984595 2.6262195e+17 5.544526e+09 2.0042173e+08 1.6673092e+08 3.9346956e-23 3.6817506e-23 5.7412769e-29
46031961 2.6288457e+17 5.544524e+09 2.0022674e+08 1.6656136e+08 3.9227734e-23 3.6708377e-23 5.712251e-29
46079375 2.6314746e+17 5.544522e+09 2.0003193e+08 1.6639197e+08 3.9108875e-23 3.659957e-23 5.6833721e-29
46126836 2.634106e+17 5.54452e+09 1.998373e+08 1.6622276e+08 3.8990377e-23 3.6491084e-23 5.6546397e-29
46174344 2.6367401e+17 5.544518e+09 1.9964286e+08 1.6605372e+08 3.887224e-23 3.6382919e-23 5.6260529e-29
46221900 2.6393769e+17 5.544516e+09 1.9944861e+08 1.6588485e+08 3.8754462e-23 3.6275074e-23 5.597611e-29
46269503 2.6420163e+17 5.544514e+09 1.9925453e+08 1.6571616e+08 3.8637042e-23 3.6167547e-23 5.5693133e-29
46317154 2.6446583e+17 5.5445121e+09 1.9906065e+08 1.6554765e+08 3.851998e-23 3.6060337e-23 5.541159e-29
46364853 2.6473029e+17 5.5445101e+09 1.9886694e+08 1.6537931e+08 3.8403273e-23 3.5953445e-23 5.5131475e-29
46412599 2.6499502e+17 5.5445081e+09 1.9867342e+08 1.6521115e+08 3.8286921e-23 3.5846868e-23 5.4852779e-29
46460393 2.6526002e+17 5.5445062e+09 1.9848008e+08 1.6504315e+08 3.8170923e-23 3.5740606e-23 5.4575495e-29
46508235 2.6552528e+17 5.5445042e+09 1.9828693e+08 1.6487534e+08 3.8055278e-23 3.5634658e-23 5.4299617e-29
46556125 2.657908e+17 5.5445022e+09 1.9809396e+08 1.6470769e+08 3.7939985e-23 3.5529023e-23 5.4025137e-29
46604063 2.6605659e+17 5.5445003e+09 1.9790117e+08 1.6454022e+08 3.7825042e-23 3.54237e-23 5.3752049e-29
46652048 2.6632265e+17 5.5444983e+09 1.9770857e+08 1.6437293e+08 3.7710449e-23 3.5318688e-23 5.3480344e-29
46700082 2.6658897e+17 5.5444964e+09 1.9751614e+08 1.642058e+08 3.7596204e-23 3.5213986e-23 5.3210017e-29
46748164 2.6685556e+17 5.5444944e+09 1.973239e+08 1.6403885e+08 3.7482307e-23 3.5109594e-23 5.2941059e-29
46796294 2.6712242e+17 5.5444925e+09 1.9713184e+08 1.6387207e+08 3.7368755e-23 3.500551e-23 5.2673464e-29
46844472 2.6738954e+17 5.5444906e+09 1.9693997e+08 1.6370547e+08 3.725555e-23 3.4901734e-23 5.2407226e-29
46892698 2.6765693e+17 5.5444886e+09 1.9674827e+08 1.6353903e+08 3.7142688e-23 3.4798264e-23 5.2142337e-29
46940972 2.6792459e+17 5.5444867e+09 1.9655676e+08 1.6337277e+08 3.703017e-23 3.46951e-23 5.187879e-29
46989295 2.6819251e+17 5.5444848e+09 1.9636543e+08 1.6320668e+08 3.6917994e-23 3.459224e-23 5.1616579e-29
47037666 2.684607e+17 5.5444829e+09 1.9617428e+08 1.6304077e+08 3.6806158e-23 3.4489685e-23 5.1355696e-29
47086085 2.6872916e+17 5.544481e+09 1.9598331e+08 1.6287502e+08 3.6694663e-23 3.4387433e-23 5.1096136e-29
47134553 2.6899789e+17 5.544479e+09 1.9579253e+08 1.6270945e+08 3.6583507e-23 3.4285483e-23 5.0837891e-29
47183070 2.6926689e+17 5.5444771e+09 1.9560192e+08 1.6254405e+08 3.6472689e-23 3.4183834e-23 5.0580954e-29
47231634 2.6953616e+17 5.5444752e+09 1.954115e+08 1.6237881e+08 3.6362208e-23 3.4082485e-23 5.0325319e-29
47280248 2.6980569e+17 5.5444733e+09 1.9522125e+08 1.6221375e+08 3.6252063e-23 3.3981436e-23 5.007098e-29
47328910 2.700755e+17 5.5444714e+09 1.9503119e+08 1.6204886e+08 3.6142252e-23 3.3880685e-23 4.9817929e-29
47377621 2.7034558e+17 5.5444695e+09 1.9484131e+08 1.6188415e+08 3.6032776e-23 3.3780233e-23 4.9566161e-29
47426380 2.7061592e+17 5.5444677e+09 1.946516e+08 1.617196e+08 3.5923632e-23 3.3680077e-23 4.9315668e-29
47475189 2.7088654e+17 5.5444658e+09 1.9446208e+08 1.6155522e+08 3.581482e-23 3.3580217e-23 4.9066445e-29
47524046 2.7115742e+17 5.5444639e+09 1.9427273e+08 1.6139101e+08 3.5706339e-23 3.3480652e-23 4.8818484e-29
47572952 2.7142858e+17 5.544462e+09 1.9408357e+08 1.6122697e+08 3.5598188e-23 3.3381381e-23 4.857178e-29
47621907 2.7170001e+17 5.5444601e+09 1.9389459e+08 1.610631e+08 3.5490365e-23 3.3282403e-23 4.8326325e-29
47670910 2.7197171e+17 5.5444583e+09 1.9370578e+08 1.608994e+08 3.5382871e-23 3.3183719e-23 4.8082114e-29
47719963 2.7224368e+17 5.5444564e+09 1.9351715e+08 1.6073587e+08 3.5275703e-23 3.3085325e-23 4.7839141e-29
47769065 2.7251593e+17 5.5444545e+09 1.9332871e+08 1.6057251e+08 3.5168861e-23 3.2987223e-23 4.7597398e-29
47818216 2.7278844e+17 5.5444527e+09 1.9314044e+08 1.6040932e+08 3.5062343e-23 3.288941e-23 4.735688e-29
47867417 2.7306123e+17 5.5444508e+09 1.9295235e+08 1.6024629e+08 3.495615e-23 3.2791887e-23 4.7117581e-29
47916666 2.7333429e+17 5.544449e+09 1.9276444e+08 1.6008344e+08 3.4850279e-23 3.2694652e-23 4.6879494e-29
47965965 2.7360763e+17 5.5444471e+09 1.9257671e+08 1.5992075e+08 3.474473e-23 3.2597704e-23 4.6642613e-29
48015313 2.7388123e+17 5.5444453e+09 1.9238915e+08 1.5975824e+08 3.4639502e-23 3.2501042e-23 4.6406932e-29
48064710 2.7415511e+17 5.5444434e+09 1.9220178e+08 1.5959588e+08 3.4534594e-23 3.2404667e-23 4.6172445e-29
48114157 2.7442927e+17 5.5444416e+09 1.9201458e+08 1.594337e+08 3.4430005e-23 3.2308576e-23 4.5939146e-29
48163653 2.747037e+17 5.5444398e+09 1.9182756e+08 1.5927169e+08 3.4325733e-23 3.2212769e-23 4.5707029e-29
48213199 2.749784e+17 5.5444379e+09 1.9164071e+08 1.5910984e+08 3.4221779e-23 3.2117245e-23 4.5476087e-29
48262795 2.7525338e+17 5.5444361e+09 1.9145405e+08 1.5894816e+08 3.411814e-23 3.2022004e-23 4.5246316e-29
48312439 2.7552863e+17 5.5444343e+09 1.9126756e+08 1.5878665e+08 3.4014817e-23 3.1927044e-23 4.5017708e-29
48362134 2.7580416e+17 5.5444325e+09 1.9108125e+08 1.586253e+08 3.3911807e-23 3.1832365e-23 4.4790258e-29
48411878 2.7607997e+17 5.5444307e+09 1.9089511e+08 1.5846412e+08 3.3809111e-23 3.1737965e-23 4.4563961e-29
48461673 2.7635605e+17 5.5444289e+09 1.9070915e+08 1.5830311e+08 3.3706727e-23 3.1643845e-23 4.4338809e-29
48511516 2.766324e+17 5.544427e+09 1.9052337e+08 1.5814226e+08 3.3604654e-23 3.1550003e-23 4.4114798e-29
48561410 2.7690904e+17 5.5444252e+09 1.9033777e+08 1.5798158e+08 3.3502891e-23 3.1456438e-23 4.3891922e-29
48611354 2.7718594e+17 5.5444234e+09 1.9015234e+08 1.5782107e+08 3.3401437e-23 3.136315e-23 4.3670175e-29
48661348 2.7746313e+17 5.5444216e+09 1.8996709e+08 1.5766072e+08 3.3300292e-23 3.1270138e-23 4.344955e-29
48711391 2.7774059e+17 5.5444199e+09 1.8978201e+08 1.5750054e+08 3.3199454e-23 3.11774e-23 4.3230044e-29
48761485 2.7801833e+17 5.5444181e+09 1.8959711e+08 1.5734052e+08 3.3098923e-23 3.1084937e-23 4.3011648e-29
48811629 2.7829635e+17 5.5444163e+09 1.8941239e+08 1.5718067e+08 3.2998697e-23 3.0992747e-23 4.2794359e-29
48861823 2.7857465e+17 5.5444145e+09 1.8922784e+08 1.5702099e+08 3.2898776e-23 3.0900829e-23 4.2578171e-29
48912067 2.7885322e+17 5.5444127e+09 1.8904346e+08 1.5686147e+08 3.2799158e-23 3.0809184e-23 4.2363077e-29
48962361 2.7913208e+17 5.5444109e+09 1.8885926e+08 1.5670211e+08 3.2699843e-23 3.0717809e-23 4.2149073e-29
49012706 2.7941121e+17 5.5444092e+09 1.8867524e+08 1.5654292e+08 3.260083e-23 3.0626704e-23 4.1936153e-29
49063101 2.7969062e+17 5.5444074e+09 1.8849139e+08 1.5638389e+08 3.2502118e-23 3.0535869e-23 4.1724311e-29
49113547 2.7997031e+17 5.5444056e+09 1.8830772e+08 1.5622503e+08 3.2403706e-23 3.0445302e-23 4.1513541e-29
49164043 2.8025028e+17 5.5444039e+09 1.8812422e+08 1.5606633e+08 3.2305592e-23 3.0355003e-23 4.1303839e-29
49214589 2.8053053e+17 5.5444021e+09 1.8794089e+08 1.5590779e+08 3.2207777e-23 3.026497e-23 4.1095199e-29
49265186 2.8081106e+17 5.5444004e+09 1.8775774e+08 1.5574942e+08 3.211026e-23 3.0175204e-23 4.0887616e-29
49315834 2.8109187e+17 5.5443986e+09 1.8757476e+08 1.5559122e+08 3.2013038e-23 3.0085704e-23 4.0681084e-29
49366532 2.8137296e+17 5.5443969e+09 1.8739196e+08 1.5543317e+08 3.1916112e-23 2.9996468e-23 4.0475597e-29
49417282 2.8165434e+17 5.5443951e+09 1.8720933e+08 1.5527529e+08 3.181948e-23 2.9907496e-23 4.0271151e-29
49468081 2.8193599e+17 5.5443934e+09 1.8702688e+08 1.5511757e+08 3.1723142e-23 2.9818787e-23 4.0067741e-29
49518932 2.8221793e+17 5.5443916e+09 1.8684459e+08 1.5496002e+08 3.1627097e-23 2.973034e-23 3.986536e-29
49569834 2.8250015e+17 5.5443899e+09 1.8666249e+08 1.5480263e+08 3.1531344e-23 2.9642154e-23 3.9664004e-29
49620786 2.8278265e+17 5.5443882e+09 1.8648055e+08 1.546454e+08 3.1435881e-23 2.955423e-23 3.9463668e-29
49671789 2.8306543e+17 5.5443864e+09 1.8629879e+08 1.5448833e+08 3.1340709e-23 2.9466565e-23 3.9264346e-29
49722844 2.8334849e+17 5.5443847e+09 1.861172e+08 1.5433143e+08 3.1245826e-23 2.937916e-23 3.9066033e-29
49773949 2.8363184e+17 5.544383e+09 1.8593578e+08 1.5417468e+08 3.1151231e-23 2.9292013e-23 3.8868725e-29
49825106 2.8391547e+17 5.5443813e+09 1.8575454e+08 1.540181e+08 3.1056923e-23 2.9205124e-23 3.8672415e-29
49876314 2.8419939e+17 5.5443796e+09 1.8557346e+08 1.5386168e+08 3.0962902e-23 2.9118491e-23 3.84771e-29
49927573 2.8448359e+17 5.5443779e+09 1.8539256e+08 1.5370543e+08 3.0869166e-23 2.9032115e-23 3.8282773e-29
49978883 2.8476807e+17 5.5443762e+09 1.8521183e+08 1.5354933e+08 3.0775716e-23 2.8945994e-23 3.808943e-29
50030245 2.8505284e+17 5.5443745e+09 1.8503128e+08 1.5339339e+08 3.0682549e-23 2.8860128e-23 3.7897066e-29
50081658 2.8533789e+17 5.5443728e+09 1.8485089e+08 1.5323762e+08 3.0589665e-23 2.8774516e-23 3.7705676e-29
50133122 2.8562323e+17 5.5443711e+09 1.8467068e+08 1.5308201e+08 3.0497064e-23 2.8689157e-23 3.7515255e-29
50184638 2.8590885e+17 5.5443694e+09 1.8449064e+08 1.5292655e+08 3.0404743e-23 2.860405e-23 3.7325798e-29
50236205 2.8619476e+17 5.5443677e+09 1.8431077e+08 1.5277126e+08 3.0312704e-23 2.8519195e-23 3.71373e-29
50287824 2.8648096e+17 5.544366e+09 1.8413107e+08 1.5261613e+08 3.0220943e-23 2.8434591e-23 3.6949756e-29
50339495 2.8676744e+17 5.5443643e+09 1.8395154e+08 1.5246116e+08 3.0129462e-23 2.8350237e-23 3.6763162e-29
50391217 2.8705421e+17 5.5443626e+09 1.8377218e+08 1.5230635e+08 3.0038258e-23 2.8266133e-23 3.6577512e-29
50442991 2.8734126e+17 5.544361e+09 1.83593e+08 1.5215169e+08 2.9947332e-23 2.8182277e-23 3.6392803e-29
50494817 2.876286e+17 5.5443593e+09 1.8341398e+08 1.519972e+08 2.9856681e-23 2.8098669e-23 3.6209028e-29
50546695 2.8791623e+17 5.5443576e+09 1.8323514e+08 1.5184287e+08 2.9766306e-23 2.8015309e-23 3.6026183e-29
50598624 2.8820415e+17 5.5443559e+09 1.8305646e+08 1.5168869e+08 2.9676206e-23 2.7932195e-23 3.5844264e-29
50650606 2.8849235e+17 5.5443543e+09 1.8287795e+08 1.5153468e+08 2.9586379e-23 2.7849327e-23 3.5663266e-29
50702640 2.8878084e+17 5.5443526e+09 1.8269962e+08 1.5138082e+08 2.9496825e-23 2.7766704e-23 3.5483185e-29
50754725 2.8906962e+17 5.544351e+09 1.8252145e+08 1.5122713e+08 2.9407543e-23 2.7684325e-23 3.5304014e-29
50806863 2.8935869e+17 5.5443493e+09 1.8234346e+08 1.5107359e+08 2.9318533e-23 2.760219e-23 3.5125751e-29
50859053 2.8964805e+17 5.5443477e+09 1.8216563e+08 1.5092021e+08 2.9229792e-23 2.7520298e-23 3.494839e-29
50911295 2.899377e+17 5.544346e+09 1.8198797e+08 1.5076699e+08 2.9141321e-23 2.7438648e-23 3.4771926e-29
50963589 2.9022764e+17 5.5443444e+09 1.8181048e+08 1.5061392e+08 2.9053119e-23 2.7357239e-23 3.4596356e-29
51015936 2.9051787e+17 5.5443427e+09 1.8163316e+08 1.5046102e+08 2.8965185e-23 2.7276072e-23 3.4421675e-29
51068335 2.9080838e+17 5.5443411e+09 1.8145601e+08 1.5030827e+08 2.8877518e-23 2.7195144e-23 3.4247877e-29
51120786 2.9109919e+17 5.5443395e+09 1.8127903e+08 1.5015568e+08 2.8790117e-23 2.7114456e-23 3.407496e-29
51173290 2.9139029e+17 5.5443378e+09 1.8110222e+08 1.5000325e+08 2.8702982e-23 2.7034006e-23 3.3902917e-29
51225846 2.9168168e+17 5.5443362e+09 1.8092557e+08 1.4985097e+08 2.8616111e-23 2.6953795e-23 3.3731745e-29
51278455 2.9197336e+17 5.5443346e+09 1.8074909e+08 1.4969886e+08 2.8529504e-23 2.687382e-23 3.356144e-29
51331117 2.9226534e+17 5.544333e+09 1.8057278e+08 1.4954689e+08 2.844316e-23 2.6794083e-23 3.3391996e-29
51383831 2.925576e+17 5.5443314e+09 1.8039664e+08 1.4939509e+08 2.8357078e-23 2.6714581e-23 3.322341e-29
51436598 2.9285016e+17 5.5443297e+09 1.8022067e+08 1.4924344e+08 2.8271258e-23 2.6635314e-23 3.3055677e-29
51489418 2.9314301e+17 5.5443281e+09 1.8004486e+08 1.4909195e+08 2.8185698e-23 2.6556282e-23 3.2888793e-29
51542290 2.9343615e+17 5.5443265e+09 1.7986923e+08 1.4894061e+08 2.8100398e-23 2.6477483e-23 3.2722754e-29
51595216 2.9372959e+17 5.5443249e+09 1.7969375e+08 1.4878944e+08 2.8015357e-23 2.6398918e-23 3.2557555e-29
51648194 2.9402332e+17 5.5443233e+09 1.7951845e+08 1.4863841e+08 2.7930574e-23 2.6320585e-23 3.2393192e-29
51701226 2.9431734e+17 5.5443217e+09 1.7934331e+08 1.4848754e+08 2.7846049e-23 2.6242483e-23 3.222966e-29
51754310 2.9461166e+17 5.5443201e+09 1.7916834e+08 1.4833683e+08 2.7761781e-23 2.6164613e-23 3.2066957e-29
51807448 2.9490627e+17 5.5443185e+09 1.7899354e+08 1.4818628e+08 2.7677768e-23 2.6086973e-23 3.1905076e-29
51860638 2.9520118e+17 5.5443169e+09 1.788189e+08 1.4803588e+08 2.7594011e-23 2.6009563e-23 3.1744015e-29
51913882 2.9549638e+17 5.5443154e+09 1.7864443e+08 1.4788563e+08 2.7510507e-23 2.5932382e-23 3.1583768e-29
51967179 2.9579187e+17 5.5443138e+09 1.7847013e+08 1.4773554e+08 2.7427258e-23 2.5855429e-23 3.1424333e-29
52020530 2.9608767e+17 5.5443122e+09 1.7829599e+08 1.475856e+08 2.7344261e-23 2.5778704e-23 3.1265704e-29
52073934 2.9638375e+17 5.5443106e+09 1.7812202e+08 1.4743582e+08 2.7261516e-23 2.5702206e-23 3.1107878e-29
52127391 2.9668014e+17 5.5443091e+09 1.7794821e+08 1.4728619e+08 2.7179022e-23 2.5625934e-23 3.0950851e-29
52180902 2.9697682e+17 5.5443075e+09 1.7777457e+08 1.4713672e+08 2.7096779e-23 2.5549887e-23 3.0794618e-29
52234466 2.972738e+17 5.5443059e+09 1.7760109e+08 1.469874e+08 2.7014786e-23 2.5474066e-23 3.0639175e-29
52288084 2.9757107e+17 5.5443044e+09 1.7742778e+08 1.4683824e+08 2.6933042e-23 2.5398469e-23 3.048452e-29
52341755 2.9786864e+17 5.5443028e+09 1.7725464e+08 1.4668922e+08 2.6851545e-23 2.5323096e-23 3.0330646e-29
52395481 2.9816651e+17 5.5443012e+09 1.7708166e+08 1.4654037e+08 2.6770296e-23 2.5247946e-23 3.0177551e-29
52449260 2.9846468e+17 5.5442997e+09 1.7690884e+08 1.4639166e+08 2.6689294e-23 2.5173018e-23 3.0025231e-29
52503092 2.9876314e+17 5.5442981e+09 1.7673619e+08 1.4624311e+08 2.6608538e-23 2.5098311e-23 2.9873681e-29
52556979 2.990619e+17 5.5442966e+09 1.7656371e+08 1.4609471e+08 2.6528027e-23 2.5023826e-23 2.9722899e-29
52610919 2.9936096e+17 5.544295e+09 1.7639139e+08 1.4594647e+08 2.644776e-23 2.4949561e-23 2.9572879e-29
52664914 2.9966033e+17 5.5442935e+09 1.7621923e+08 1.4579838e+08 2.6367737e-23 2.4875516e-23 2.9423617e-29
52718962 2.9995999e+17 5.544292e+09 1.7604724e+08 1.4565044e+08 2.6287957e-23 2.480169e-23 2.9275112e-29
52773065 3.0025995e+17 5.5442904e+09 1.7587541e+08 1.4550265e+08 2.620842e-23 2.4728083e-23 2.9127357e-29
52827221 3.0056021e+17 5.5442889e+09 1.7570374e+08 1.4535502e+08 2.6129123e-23 2.4654693e-23 2.898035e-29
52881432 3.0086077e+17 5.5442874e+09 1.7553224e+08 1.4520754e+08 2.6050068e-23 2.458152e-23 2.8834086e-29
52935697 3.0116163e+17 5.5442858e+09 1.753609e+08 1.4506021e+08 2.5971252e-23 2.4508564e-23 2.8688563e-29
52990016 3.0146279e+17 5.5442843e+09 1.7518973e+08 1.4491303e+08 2.5892676e-23 2.4435824e-23 2.8543776e-29
53044390 3.0176425e+17 5.5442828e+09 1.7501872e+08 1.44766e+08 2.5814338e-23 2.4363299e-23 2.8399721e-29
53098818 3.0206602e+17 5.5442813e+09 1.7484787e+08 1.4461913e+08 2.5736238e-23 2.4290989e-23 2.8256395e-29
53153300 3.0236808e+17 5.5442798e+09 1.7467718e+08 1.444724e+08 2.5658375e-23 2.4218892e-23 2.8113793e-29
53207837 3.0267045e+17 5.5442783e+09 1.7450666e+08 1.4432583e+08 2.5580748e-23 2.4147009e-23 2.7971914e-29
53262429 3.0297312e+17 5.5442768e+09 1.743363e+08 1.4417941e+08 2.5503357e-23 2.4075339e-23 2.7830752e-29
53317075 3.0327609e+17 5.5442752e+09 1.7416611e+08 1.4403314e+08 2.5426201e-23 2.4003881e-23 2.7690304e-29
53371776 3.0357937e+17 5.5442737e+09 1.7399607e+08 1.4388702e+08 2.5349279e-23 2.3932634e-23 2.7550566e-29
53426531 3.0388295e+17 5.5442722e+09 1.738262e+08 1.4374105e+08 2.5272591e-23 2.3861598e-23 2.7411535e-29
53481341 3.0418683e+17 5.5442707e+09 1.7365649e+08 1.4359523e+08 2.5196135e-23 2.3790772e-23 2.7273208e-29
53536206 3.0449102e+17 5.5442693e+09 1.7348694e+08 1.4344956e+08 2.5119912e-23 2.3720156e-23 2.713558e-29
53591126 3.0479551e+17 5.5442678e+09 1.7331755e+08 1.4330404e+08 2.504392e-23 2.3649749e-23 2.6998648e-29
53646101 3.0510031e+17 5.5442663e+09 1.7314833e+08 1.4315867e+08 2.4968158e-23 2.357955e-23 2.6862409e-29
53701131 3.0540541e+17 5.5442648e+09 1.7297926e+08 1.4301345e+08 2.4892627e-23 2.3509559e-23 2.6726859e-29
53756216 3.0571081e+17 5.5442633e+09 1.7281036e+08 1.4286838e+08 2.4817324e-23 2.3439775e-23 2.6591994e-29
53811356 3.0601652e+17 5.5442618e+09 1.7264162e+08 1.4272346e+08 2.4742251e-23 2.3370198e-23 2.6457812e-29
53866551 3.0632254e+17 5.5442604e+09 1.7247304e+08 1.4257869e+08 2.4667405e-23 2.3300827e-23 2.6324308e-29
53921802 3.0662886e+17 5.5442589e+09 1.7230462e+08 1.4243407e+08 2.4592786e-23 2.3231661e-23 2.619148e-29
53977107 3.0693549e+17 5.5442574e+09 1.7213636e+08 1.422896e+08 2.4518394e-23 2.3162699e-23 2.6059323e-29
54032468 3.0724243e+17 5.544256e+09 1.7196826e+08 1.4214527e+08 2.4444227e-23 2.3093942e-23 2.5927834e-29
54087885 3.0754967e+17 5.5442545e+09 1.7180032e+08 1.420011e+08 2.4370286e-23 2.3025388e-23 2.5797011e-29
54143356 3.0785722e+17 5.544253e+09 1.7163255e+08 1.4185707e+08 2.4296569e-23 2.2957037e-23 2.5666849e-29
54198884 3.0816507e+17 5.5442516e+09 1.7146493e+08 1.4171319e+08 2.4223075e-23 2.2888889e-23 2.5537346e-29
54254467 3.0847324e+17 5.5442501e+09 1.7129747e+08 1.4156946e+08 2.4149805e-23 2.2820942e-23 2.5408497e-29
54310105 3.0878171e+17 5.5442487e+09 1.7113017e+08 1.4142588e+08 2.4076757e-23 2.2753196e-23 2.52803e-29
54365799 3.0909049e+17 5.5442472e+09 1.7096304e+08 1.4128245e+08 2.4003931e-23 2.2685651e-23 2.5152751e-29
54421549 3.0939958e+17 5.5442458e+09 1.7079606e+08 1.4113916e+08 2.3931326e-23 2.2618306e-23 2.5025848e-29
54477354 3.0970898e+17 5.5442443e+09 1.7062924e+08 1.4099602e+08 2.3858941e-23 2.255116e-23 2.4899586e-29
54533216 3.1001869e+17 5.5442429e+09 1.7046258e+08 1.4085303e+08 2.3786775e-23 2.2484213e-23 2.4773962e-29
54589133 3.1032871e+17 5.5442414e+09 1.7029608e+08 1.4071018e+08 2.3714829e-23 2.2417464e-23 2.4648974e-29
54645106 3.1063904e+17 5.54424e+09 1.7012974e+08 1.4056749e+08 2.3643101e-23 2.2350912e-23 2.4524618e-29
54701135 3.1094968e+17 5.5442386e+09 1.6996356e+08 1.4042494e+08 2.3571591e-23 2.2284558e-23 2.440089e-29
54757220 3.1126063e+17 5.5442372e+09 1.6979753e+08 1.4028253e+08 2.3500297e-23 2.22184e-23 2.4277789e-29
54813362 3.1157189e+17 5.5442357e+09 1.6963167e+08 1.4014027e+08 2.342922e-23 2.2152437e-23 2.4155309e-29
54869559 3.1188346e+17 5.5442343e+09 1.6946596e+08 1.3999816e+08 2.3358359e-23 2.2086671e-23 2.4033449e-29
54925813 3.1219535e+17 5.5442329e+09 1.6930041e+08 1.398562e+08 2.3287713e-23 2.2021098e-23 2.3912206e-29
54982123 3.1250754e+17 5.5442315e+09 1.6913502e+08 1.3971438e+08 2.3217281e-23 2.195572e-23 2.3791575e-29
55038489 3.1282005e+17 5.5442301e+09 1.6896979e+08 1.3957271e+08 2.3147063e-23 2.1890536e-23 2.3671554e-29
55094912 3.1313287e+17 5.5442286e+09 1.6880471e+08 1.3943118e+08 2.3077058e-23 2.1825544e-23 2.355214e-29
55151391 3.13446e+17 5.5442272e+09 1.686398e+08 1.392898e+08 2.3007265e-23 2.1760745e-23 2.343333e-29
55207926 3.1375945e+17 5.5442258e+09 1.6847504e+08 1.3914857e+08 2.2937684e-23 2.1696137e-23 2.331512e-29
55264518 3.1407321e+17 5.5442244e+09 1.6831043e+08 1.3900748e+08 2.2868314e-23 2.1631721e-23 2.3197508e-29
55321167 3.1438728e+17 5.544223e+09 1.6814599e+08 1.3886653e+08 2.2799154e-23 2.1567496e-23 2.3080491e-29
55377872 3.1470167e+17 5.5442216e+09 1.679817e+08 1.3872573e+08 2.2730205e-23 2.1503461e-23 2.2964065e-29
55434635 3.1501637e+17 5.5442202e+09 1.6781757e+08 1.3858508e+08 2.2661464e-23 2.1439615e-23 2.2848228e-29
55491453 3.1533139e+17 5.5442188e+09 1.676536e+08 1.3844457e+08 2.2592933e-23 2.1375958e-23 2.2732977e-29
55548329 3.1564672e+17 5.5442174e+09 1.6748978e+08 1.383042e+08 2.2524609e-23 2.131249e-23 2.2618308e-29
55605262 3.1596236e+17 5.5442161e+09 1.6732612e+08 1.3816398e+08 2.2456492e-23 2.124921e-23 2.2504219e-29
55662251 3.1627833e+17 5.5442147e+09 1.6716262e+08 1.380239e+08 2.2388582e-23 2.1186117e-23 2.2390707e-29
55719298 3.165946e+17 5.5442133e+09 1.6699927e+08 1.3788397e+08 2.2320878e-23 2.1123211e-23 2.2277769e-29
55776401 3.169112e+17 5.5442119e+09 1.6683608e+08 1.3774418e+08 2.2253379e-23 2.1060491e-23 2.2165401e-29
55833562 3.1722811e+17 5.5442105e+09 1.6667304e+08 1.3760454e+08 2.2186086e-23 2.0997957e-23 2.2053602e-29
55890780 3.1754534e+17 5.5442092e+09 1.6651016e+08 1.3746504e+08 2.2118996e-23 2.0935608e-23 2.1942368e-29
55948055 3.1786288e+17 5.5442078e+09 1.6634744e+08 1.3732568e+08 2.205211e-23 2.0873443e-23 2.1831696e-29
56005388 3.1818075e+17 5.5442064e+09 1.6618487e+08 1.3718647e+08 2.1985427e-23 2.0811463e-23 2.1721583e-29
56062777 3.1849893e+17 5.5442051e+09 1.6602245e+08 1.370474e+08 2.1918946e-23 2.0749666e-23 2.1612027e-29
56120225 3.1881743e+17 5.5442037e+09 1.6586019e+08 1.3690847e+08 2.1852666e-23 2.0688052e-23 2.1503025e-29
56177729 3.1913624e+17 5.5442023e+09 1.6569809e+08 1.3676968e+08 2.1786588e-23 2.0626621e-23 2.1394574e-29
56235291 3.1945538e+17 5.544201e+09 1.6553614e+08 1.3663104e+08 2.172071e-23 2.0565371e-23 2.1286671e-29
56292911 3.1977483e+17 5.5441996e+09 1.6537435e+08 1.3649254e+08 2.1655032e-23 2.0504303e-23 2.1179314e-29
56350588 3.2009461e+17 5.5441983e+09 1.6521271e+08 1.3635418e+08 2.1589554e-23 2.0443416e-23 2.1072499e-29
56408324 3.204147e+17 5.5441969e+09 1.6505123e+08 1.3621597e+08 2.1524273e-23 2.0382709e-23 2.0966224e-29
56466116 3.2073512e+17 5.5441956e+09 1.648899e+08 1.360779e+08 2.1459191e-23 2.0322182e-23 2.0860486e-29
56523967 3.2105585e+17 5.5441942e+09 1.6472872e+08 1.3593997e+08 2.1394307e-23 2.0261834e-23 2.0755283e-29
56581875 3.2137691e+17 5.5441929e+09 1.645677e+08 1.3580218e+08 2.1329619e-23 2.0201664e-23 2.0650611e-29
56639842 3.2169829e+17 5.5441916e+09 1.6440683e+08 1.3566453e+08 2.1265127e-23 2.0141673e-23 2.0546469e-29
56697866 3.2201999e+17 5.5441902e+09 1.6424612e+08 1.3552703e+08 2.1200831e-23 2.008186e-23 2.0442852e-29
56755949 3.2234201e+17 5.5441889e+09 1.6408556e+08 1.3538966e+08 2.113673e-23 2.0022223e-23 2.033976e-29
56814089 3.2266435e+17 5.5441876e+09 1.6392516e+08 1.3525244e+08 2.1072823e-23 1.9962764e-23 2.0237188e-29
56872288 3.2298701e+17 5.5441862e+09 1.637649e+08 1.3511536e+08 2.100911e-23 1.990348e-23 2.0135135e-29
56930545 3.2331e+17 5.5441849e+09 1.636048e+08 1.3497842e+08 2.0945591e-23 1.9844372e-23 2.0033598e-29
56988860 3.2363331e+17 5.5441836e+09 1.6344486e+08 1.3484162e+08 2.0882264e-23 1.9785439e-23 1.9932574e-29
57047233 3.2395694e+17 5.5441823e+09 1.6328506e+08 1.3470496e+08 2.0819129e-23 1.972668e-23 1.983206e-29
57105665 3.242809e+17 5.544181e+09 1.6312542e+08 1.3456844e+08 2.0756186e-23 1.9668096e-23 1.9732055e-29
57164156 3.2460518e+17 5.5441796e+09 1.6296594e+08 1.3443206e+08 2.0693433e-23 1.9609685e-23 1.9632555e-29
57222704 3.2492978e+17 5.5441783e+09 1.628066e+08 1.3429582e+08 2.0630871e-23 1.9551447e-23 1.9533557e-29
57281312 3.2525471e+17 5.544177e+09 1.6264742e+08 1.3415973e+08 2.0568498e-23 1.9493381e-23 1.943506e-29
57339978 3.2557997e+17 5.5441757e+09 1.6248839e+08 1.3402377e+08 2.0506315e-23 1.9435488e-23 1.9337061e-29
57398702 3.2590555e+17 5.5441744e+09 1.6232951e+08 1.3388795e+08 2.044432e-23 1.9377766e-23 1.9239557e-29
57457486 3.2623145e+17 5.5441731e+09 1.6217078e+08 1.3375227e+08 2.0382514e-23 1.9320214e-23 1.9142545e-29
57516328 3.2655769e+17 5.5441718e+09 1.6201221e+08 1.3361673e+08 2.0320894e-23 1.9262834e-23 1.9046024e-29
57575229 3.2688424e+17 5.5441705e+09 1.6185379e+08 1.3348133e+08 2.0259462e-23 1.9205623e-23 1.8949991e-29
57634189 3.2721113e+17 5.5441692e+09 1.6169552e+08 1.3334607e+08 2.0198216e-23 1.9148582e-23 1.8854443e-29
57693208 3.2753834e+17 5.5441679e+09 1.615374e+08 1.3321095e+08 2.0137155e-23 1.9091709e-23 1.8759377e-29
57752286 3.2786588e+17 5.5441666e+09 1.6137943e+08 1.3307597e+08 2.007628e-23 1.9035006e-23 1.8664792e-29
57811423 3.2819374e+17 5.5441654e+09 1.6122161e+08 1.3294112e+08 2.001559e-23 1.897847e-23 1.8570685e-29
57870619 3.2852194e+17 5.5441641e+09 1.6106395e+08 1.3280642e+08 1.9955083e-23 1.8922101e-23 1.8477054e-29
57929875 3.2885046e+17 5.5441628e+09 1.6090643e+08 1.3267185e+08 1.989476e-23 1.88659e-23 1.8383895e-29
57989190 3.2917931e+17 5.5441615e+09 1.6074907e+08 1.3253742e+08 1.983462e-23 1.8809865e-23 1.8291208e-29
58048564 3.2950849e+17 5.5441602e+09 1.6059185e+08 1.3240313e+08 1.9774662e-23 1.8753996e-23 1.8198988e-29
58107997 3.29838e+17 5.544159e+09 1.6043479e+08 1.3226898e+08 1.9714886e-23 1.8698292e-23 1.8107235e-29
58167490 3.3016784e+17 5.5441577e+09 1.6027788e+08 1.3213497e+08 1.9655291e-23 1.8642753e-23 1.8015945e-29
58227042 3.30498e+17 5.5441564e+09 1.6012112e+08 1.3200109e+08 1.9595877e-23 1.8587379e-23 1.7925117e-29
58286654 3.308285e+17 5.5441552e+09 1.599645e+08 1.3186735e+08 1.9536643e-23 1.8532169e-23 1.7834747e-29
58346326 3.3115933e+17 5.5441539e+09 1.5980804e+08 1.3173375e+08 1.9477589e-23 1.8477123e-23 1.7744834e-29
58406057 3.3149049e+17 5.5441526e+09 1.5965173e+08 1.3160028e+08 1.9418713e-23 1.8422239e-23 1.7655375e-29
58465848 3.3182198e+17 5.5441514e+09 1.5949557e+08 1.3146696e+08 1.9360016e-23 1.8367519e-23 1.7566368e-29
58525699 3.321538e+17 5.5441501e+09 1.5933955e+08 1.3133377e+08 1.9301498e-23 1.831296e-23 1.7477811e-29
58585610 3.3248596e+17 5.5441489e+09 1.5918369e+08 1.3120071e+08 1.9243156e-23 1.8258563e-23 1.7389701e-29
58645580 3.3281844e+17 5.5441476e+09 1.5902797e+08 1.310678e+08 1.9184992e-23 1.8204327e-23 1.7302037e-29
58705611 3.3315126e+17 5.5441464e+09 1.5887241e+08 1.3093502e+08 1.9127004e-23 1.8150252e-23 1.7214815e-29
58765701 3.3348441e+17 5.5441451e+09 1.5871699e+08 1.3080237e+08 1.9069191e-23 1.8096336e-23 1.7128034e-29
58825852 3.338179e+17 5.5441439e+09 1.5856173e+08 1.3066987e+08 1.9011554e-23 1.8042581e-23 1.7041691e-29
58886063 3.3415171e+17 5.5441427e+09 1.5840661e+08 1.3053749e+08 1.8954092e-23 1.7988985e-23 1.6955785e-29
58946334 3.3448587e+17 5.5441414e+09 1.5825164e+08 1.3040526e+08 1.8896804e-23 1.7935548e-23 1.6870312e-29
59006666 3.3482035e+17 5.5441402e+09 1.5809681e+08 1.3027316e+08 1.8839689e-23 1.7882269e-23 1.6785271e-29
59067057 3.3515517e+17 5.5441389e+09 1.5794214e+08 1.301412e+08 1.8782748e-23 1.7829147e-23 1.670066e-29
59127510 3.3549033e+17 5.5441377e+09 1.5778762e+08 1.3000937e+08 1.8725979e-23 1.7776184e-23 1.6616476e-29
59188022 3.3582582e+17 5.5441365e+09 1.5763324e+08 1.2987767e+08 1.8669383e-23 1.7723377e-23 1.6532718e-29
59248595 3.3616164e+17 5.5441353e+09 1.5747901e+08 1.2974612e+08 1.8612958e-23 1.7670726e-23 1.6449382e-29
59309229 3.364978e+17 5.544134e+09 1.5732493e+08 1.2961469e+08 1.8556704e-23 1.7618232e-23 1.6366468e-29
59369923 3.368343e+17 5.5441328e+09 1.5717099e+08 1.2948341e+08 1.850062e-23 1.7565893e-23 1.6283972e-29
59430679 3.3717114e+17 5.5441316e+09 1.5701721e+08 1.2935225e+08 1.8444707e-23 1.7513709e-23 1.6201893e-29
59491494 3.3750831e+17 5.5441304e+09 1.5686357e+08 1.2922124e+08 1.8388963e-23 1.746168e-23 1.6120229e-29
59552371 3.3784582e+17 5.5441292e+09 1.5671008e+08 1.2909035e+08 1.8333388e-23 1.7409805e-23 1.6038977e-29
59613309 3.3818366e+17 5.544128e+09 1.5655673e+08 1.289596e+08 1.8277981e-23 1.7358083e-23 1.5958136e-29
59674307 3.3852185e+17 5.5441268e+09 1.5640353e+08 1.2882899e+08 1.8222743e-23 1.7306515e-23 1.5877703e-29
59735367 3.3886037e+17 5.5441255e+09 1.5625048e+08 1.2869851e+08 1.8167672e-23 1.72551e-23 1.5797676e-29
59796487 3.3919923e+17 5.5441243e+09 1.5609758e+08 1.2856816e+08 1.8112768e-23 1.7203837e-23 1.5718053e-29
59857669 3.3953843e+17 5.5441231e+09 1.5594482e+08 1.2843795e+08 1.805803e-23 1.7152726e-23 1.5638832e-29
59918912 3.3987797e+17 5.5441219e+09 1.5579221e+08 1.2830787e+08 1.8003458e-23 1.7101766e-23 1.5560012e-29
59980216 3.4021784e+17 5.5441207e+09 1.5563974e+08 1.2817793e+08 1.7949052e-23 1.7050957e-23 1.548159e-29
60041582 3.4055806e+17 5.5441196e+09 1.5548742e+08 1.2804811e+08 1.789481e-23 1.7000299e-23 1.5403564e-29
60103009 3.4089862e+17 5.5441184e+09 1.5533525e+08 1.2791844e+08 1.7840733e-23 1.6949791e-23 1.5325931e-29
60164497 3.4123952e+17 5.5441172e+09 1.5518323e+08 1.2778889e+08 1.778682e-23 1.6899433e-23 1.5248691e-29
60226047 3.4158076e+17 5.544116e+09 1.5503134e+08 1.2765948e+08 1.773307e-23 1.6849224e-23 1.5171841e-29
60287658 3.4192234e+17 5.5441148e+09 1.5487961e+08 1.275302e+08 1.7679483e-23 1.6799164e-23 1.509538e-29
60349331 3.4226426e+17 5.5441136e+09 1.5472802e+08 1.2740105e+08 1.7626059e-23 1.6749252e-23 1.5019304e-29
60411066 3.4260652e+17 5.5441124e+09 1.5457657e+08 1.2727204e+08 1.7572796e-23 1.6699488e-23 1.4943612e-29
60472862 3.4294913e+17 5.5441113e+09 1.5442527e+08 1.2714316e+08 1.7519695e-23 1.6649871e-23 1.4868303e-29
60534721 3.4329208e+17 5.5441101e+09 1.5427412e+08 1.2701441e+08 1.7466755e-23 1.6600401e-23 1.4793374e-29
60596641 3.4363537e+17 5.5441089e+09 1.5412311e+08 1.2688579e+08 1.7413975e-23 1.6551078e-23 1.4718824e-29
60658623 3.4397901e+17 5.5441077e+09 1.5397224e+08 1.267573e+08 1.7361355e-23 1.6501902e-23 1.464465e-29
60720667 3.4432299e+17 5.5441066e+09 1.5382152e+08 1.2662895e+08 1.7308895e-23 1.645287e-23 1.457085e-29
60782773 3.4466731e+17 5.5441054e+09 1.5367095e+08 1.2650073e+08 1.7256594e-23 1.6403985e-23 1.4497423e-29
60844941 3.4501198e+17 5.5441042e+09 1.5352052e+08 1.2637264e+08 1.7204451e-23 1.6355244e-23 1.4424367e-29
60907172 3.4535699e+17 5.5441031e+09 1.5337023e+08 1.2624468e+08 1.7152466e-23 1.6306647e-23 1.435168e-29
60969464 3.4570235e+17 5.5441019e+09 1.5322009e+08 1.2611685e+08 1.7100639e-23 1.6258195e-23 1.427936e-29
61031819 3.4604805e+17 5.5441008e+09 1.5307009e+08 1.2598916e+08 1.7048968e-23 1.6209886e-23 1.4207405e-29
61094237 3.463941e+17 5.5440996e+09 1.5292024e+08 1.2586159e+08 1.6997455e-23 1.616172e-23 1.4135813e-29
61156717 3.4674049e+17 5.5440985e+09 1.5277052e+08 1.2573416e+08 1.6946097e-23 1.6113698e-23 1.4064583e-29
61219259 3.4708723e+17 5.5440973e+09 1.5262096e+08 1.2560685e+08 1.6894895e-23 1.6065817e-23 1.3993713e-29
61281864 3.4743432e+17 5.5440962e+09 1.5247153e+08 1.2547968e+08 1.6843849e-23 1.6018078e-23 1.39232e-29
61344531 3.4778175e+17 5.544095e+09 1.5232225e+08 1.2535264e+08 1.6792957e-23 1.5970481e-23 1.3853044e-29
61407261 3.4812953e+17 5.5440939e+09 1.5217311e+08 1.2522573e+08 1.6742219e-23 1.5923025e-23 1.3783242e-29
61470054 3.4847766e+17 5.5440927e+09 1.5202412e+08 1.2509895e+08 1.6691635e-23 1.5875709e-23 1.3713792e-29
61532910 3.4882614e+17 5.5440916e+09 1.5187527e+08 1.2497229e+08 1.6641204e-23 1.5828534e-23 1.3644693e-29
61595828 3.4917497e+17 5.5440905e+09 1.5172656e+08 1.2484577e+08 1.6590926e-23 1.5781499e-23 1.3575942e-29
61658810 3.4952414e+17 5.5440893e+09 1.51578e+08 1.2471938e+08 1.65408e-23 1.5734603e-23 1.3507539e-29
61721854 3.4987367e+17 5.5440882e+09 1.5142957e+08 1.2459312e+08 1.6490827e-23 1.5687846e-23 1.3439481e-29
61784962 3.5022354e+17 5.5440871e+09 1.5128129e+08 1.2446699e+08 1.6441004e-23 1.5641227e-23 1.3371767e-29
61848132 3.5057376e+17 5.5440859e+09 1.5113315e+08 1.2434098e+08 1.6391333e-23 1.5594747e-23 1.3304395e-29
61911366 3.5092434e+17 5.5440848e+09 1.5098516e+08 1.2421511e+08 1.6341812e-23 1.5548405e-23 1.3237362e-29
61974663 3.5127526e+17 5.5440837e+09 1.508373e+08 1.2408936e+08 1.6292441e-23 1.55022e-23 1.3170669e-29
62038024 3.5162654e+17 5.5440826e+09 1.5068959e+08 1.2396375e+08 1.624322e-23 1.5456131e-23 1.3104312e-29
62101447 3.5197816e+17 5.5440814e+09 1.5054202e+08 1.2383826e+08 1.6194148e-23 1.54102e-23 1.3038289e-29
62164935 3.5233014e+17 5.5440803e+09 1.5039459e+08 1.237129e+08 1.6145224e-23 1.5364404e-23 1.2972601e-29
62228485 3.5268247e+17 5.5440792e+09 1.502473e+08 1.2358767e+08 1.6096449e-23 1.5318745e-23 1.2907244e-29
62292100 3.5303515e+17 5.5440781e+09 1.5010016e+08 1.2346257e+08 1.6047822e-23 1.527322e-23 1.2842216e-29
62355777 3.5338819e+17 5.544077e+09 1.4995315e+08 1.233376e+08 1.5999342e-23 1.5227831e-23 1.2777517e-29
62419519 3.5374158e+17 5.5440759e+09 1.4980629e+08 1.2321276e+08 1.5951009e-23 1.5182576e-23 1.2713145e-29
62483324 3.5409532e+17 5.5440748e+09 1.4965957e+08 1.2308804e+08 1.5902822e-23 1.5137455e-23 1.2649098e-29
62547194 3.5444941e+17 5.5440737e+09 1.4951298e+08 1.2296345e+08 1.5854781e-23 1.5092468e-23 1.2585374e-29
62611127 3.5480386e+17 5.5440726e+09 1.4936654e+08 1.2283899e+08 1.5806886e-23 1.5047615e-23 1.2521971e-29
62675124 3.5515867e+17 5.5440715e+09 1.4922024e+08 1.2271466e+08 1.5759136e-23 1.5002894e-23 1.2458889e-29
62739184 3.5551383e+17 5.5440704e+09 1.4907408e+08 1.2259045e+08 1.571153e-23 1.4958306e-23 1.2396125e-29
62803310 3.5586934e+17 5.5440693e+09 1.4892806e+08 1.2246637e+08 1.5664069e-23 1.491385e-23 1.2333678e-29
62867499 3.5622521e+17 5.5440682e+09 1.4878218e+08 1.2234242e+08 1.5616751e-23 1.4869526e-23 1.2271546e-29
62931752 3.5658144e+17 5.5440671e+09 1.4863645e+08 1.222186e+08 1.5569577e-23 1.4825333e-23 1.2209728e-29
62996070 3.5693802e+17 5.544066e+09 1.4849085e+08 1.220949e+08 1.5522546e-23 1.4781272e-23 1.2148222e-29
63060452 3.5729495e+17 5.5440649e+09 1.4834539e+08 1.2197133e+08 1.5475657e-23 1.4737341e-23 1.2087026e-29
63124898 3.5765225e+17 5.5440639e+09 1.4820007e+08 1.2184789e+08 1.5428911e-23 1.469354e-23 1.2026139e-29
63189409 3.580099e+17 5.5440628e+09 1.4805489e+08 1.2172457e+08 1.5382305e-23 1.4649869e-23 1.196556e-29
63253984 3.5836791e+17 5.5440617e+09 1.4790985e+08 1.2160138e+08 1.5335842e-23 1.4606327e-23 1.1905286e-29
63318624 3.5872628e+17 5.5440606e+09 1.4776495e+08 1.2147832e+08 1.5289518e-23 1.4562915e-23 1.1845317e-29
63383329 3.5908501e+17 5.5440595e+09 1.4762018e+08 1.2135538e+08 1.5243335e-23 1.4519631e-23 1.178565e-29
63448098 3.5944409e+17 5.5440585e+09 1.4747556e+08 1.2123257e+08 1.5197293e-23 1.4476476e-23 1.1726284e-29
63512932 3.5980354e+17 5.5440574e+09 1.4733108e+08 1.2110988e+08 1.5151389e-23 1.4433448e-23 1.1667218e-29
63577831 3.6016334e+17 5.5440563e+09 1.4718673e+08 1.2098732e+08 1.5105625e-23 1.4390549e-23 1.160845e-29
63642795 3.605235e+17 5.5440553e+09 1.4704252e+08 1.2086489e+08 1.5059999e-23 1.4347776e-23 1.1549979e-29
63707824 3.6088403e+17 5.5440542e+09 1.4689846e+08 1.2074258e+08 1.5014511e-23 1.430513e-23 1.1491803e-29
63772918 3.6124491e+17 5.5440531e+09 1.4675453e+08 1.206204e+08 1.4969161e-23 1.4262611e-23 1.143392e-29
63838077 3.6160615e+17 5.5440521e+09 1.4661073e+08 1.2049834e+08 1.4923949e-23 1.4220217e-23 1.1376329e-29
63903301 3.6196776e+17 5.544051e+09 1.4646708e+08 1.203764e+08 1.4878873e-23 1.417795e-23 1.131903e-29
63968591 3.6232973e+17 5.54405e+09 1.4632357e+08 1.202546e+08 1.4833934e-23 1.4135807e-23 1.1262019e-29
64033945 3.6269206e+17 5.5440489e+09 1.4618019e+08 1.2013291e+08 1.4789131e-23 1.409379e-23 1.1205296e-29
64099365 3.6305475e+17 5.5440479e+09 1.4603695e+08 1.2001135e+08 1.4744464e-23 1.4051897e-23 1.1148859e-29
64164851 3.634178e+17 5.5440468e+09 1.4589385e+08 1.1988992e+08 1.4699932e-23 1.4010129e-23 1.1092707e-29
64230402 3.6378122e+17 5.5440458e+09 1.4575088e+08 1.1976861e+08 1.4655535e-23 1.3968484e-23 1.1036839e-29
64296018 3.64145e+17 5.5440447e+09 1.4560806e+08 1.1964743e+08 1.4611273e-23 1.3926963e-23 1.0981252e-29
64361701 3.6450915e+17 5.5440437e+09 1.4546537e+08 1.1952636e+08 1.4567144e-23 1.3885565e-23 1.0925946e-29
64427448 3.6487366e+17 5.5440426e+09 1.4532281e+08 1.1940543e+08 1.4523149e-23 1.3844289e-23 1.0870919e-29
64493262 3.6523853e+17 5.5440416e+09 1.451804e+08 1.1928461e+08 1.4479288e-23 1.3803136e-23 1.081617e-29
64559142 3.6560377e+17 5.5440406e+09 1.4503812e+08 1.1916393e+08 1.4435559e-23 1.3762105e-23 1.0761697e-29
64625087 3.6596937e+17 5.5440395e+09 1.4489598e+08 1.1904336e+08 1.4391962e-23 1.3721196e-23 1.0707499e-29
64691098 3.6633534e+17 5.5440385e+09 1.4475397e+08 1.1892292e+08 1.4348498e-23 1.3680408e-23 1.0653574e-29
64757176 3.6670168e+17 5.5440375e+09 1.446121e+08 1.188026e+08 1.4305165e-23 1.3639741e-23 1.0599922e-29
64823319 3.6706838e+17 5.5440364e+09 1.4447037e+08 1.186824e+08 1.4261964e-23 1.3599195e-23 1.054654e-29
64889529 3.6743545e+17 5.5440354e+09 1.4432878e+08 1.1856233e+08 1.4218893e-23 1.3558769e-23 1.0493427e-29
64955804 3.6780288e+17 5.5440344e+09 1.4418732e+08 1.1844238e+08 1.4175953e-23 1.3518462e-23 1.0440583e-29
65022146 3.6817069e+17 5.5440334e+09 1.4404599e+08 1.1832256e+08 1.4133143e-23 1.3478276e-23 1.0388005e-29
65088555 3.6853886e+17 5.5440324e+09 1.439048e+08 1.1820285e+08 1.4090462e-23 1.3438208e-23 1.0335693e-29
65155030 3.689074e+17 5.5440313e+09 1.4376375e+08 1.1808327e+08 1.4047911e-23 1.3398259e-23 1.0283644e-29
65221571 3.692763e+17 5.5440303e+09 1.4362284e+08 1.1796382e+08 1.4005489e-23 1.3358429e-23 1.0231858e-29
65288179 3.6964558e+17 5.5440293e+09 1.4348205e+08 1.1784448e+08 1.3963195e-23 1.3318717e-23 1.0180333e-29
65354854 3.7001523e+17 5.5440283e+09 1.4334141e+08 1.1772527e+08 1.3921029e-23 1.3279122e-23 1.0129069e-29
65421595 3.7038524e+17 5.5440273e+09 1.432009e+08 1.1760617e+08 1.3878991e-23 1.3239645e-23 1.0078063e-29
65488403 3.7075563e+17 5.5440263e+09 1.4306052e+08 1.174872e+08 1.383708e-23 1.3200286e-23 1.0027314e-29
65555278 3.7112638e+17 5.5440253e+09 1.4292028e+08 1.1736836e+08 1.3795296e-23 1.3161042e-23 9.9768213e-30
65622219 3.7149751e+17 5.5440243e+09 1.4278018e+08 1.1724963e+08 1.3753638e-23 1.3121916e-23 9.9265833e-30
65689228 3.7186901e+17 5.5440233e+09 1.4264021e+08 1.1713103e+08 1.3712107e-23 1.3082905e-23 9.8765989e-30
65756304 3.7224087e+17 5.5440223e+09 1.4250037e+08 1.1701254e+08 1.3670702e-23 1.304401e-23 9.8268666e-30
65823446 3.7261312e+17 5.5440213e+09 1.4236067e+08 1.1689418e+08 1.3629421e-23 1.300523e-23 9.7773853e-30
65890656 3.7298573e+17 5.5440203e+09 1.422211e+08 1.1677594e+08 1.3588266e-23 1.2966565e-23 9.7281535e-30
65957933 3.7335871e+17 5.5440193e+09 1.4208167e+08 1.1665782e+08 1.3547236e-23 1.2928015e-23 9.6791702e-30
66025278 3.7373207e+17 5.5440183e+09 1.4194237e+08 1.1653983e+08 1.3506329e-23 1.288958e-23 9.6304339e-30
66092690 3.7410581e+17 5.5440173e+09 1.4180321e+08 1.1642195e+08 1.3465547e-23 1.2851258e-23 9.5819436e-30
66160169 3.7447991e+17 5.5440163e+09 1.4166418e+08 1.1630419e+08 1.3424888e-23 1.281305e-23 9.5336978e-30
66227715 3.7485439e+17 5.5440153e+09 1.4152528e+08 1.1618656e+08 1.3384352e-23 1.2774955e-23 9.4856954e-30
66295330 3.7522925e+17 5.5440143e+09 1.4138652e+08 1.1606904e+08 1.3343939e-23 1.2736974e-23 9.4379352e-30
66363012 3.7560447e+17 5.5440134e+09 1.4124789e+08 1.1595165e+08 1.3303648e-23 1.2699105e-23 9.390416e-30
66430761 3.7598008e+17 5.5440124e+09 1.4110939e+08 1.1583437e+08 1.3263479e-23 1.2661348e-23 9.3431364e-30
66498578 3.7635606e+17 5.5440114e+09 1.4097103e+08 1.1571722e+08 1.3223432e-23 1.2623703e-23 9.2960953e-30
66566464 3.7673242e+17 5.5440104e+09 1.408328e+08 1.1560018e+08 1.3183506e-23 1.258617e-23 9.2492916e-30
66634417 3.7710915e+17 5.5440094e+09 1.406947e+08 1.1548327e+08 1.31437e-23 1.2548748e-23 9.2027239e-30
66702438 3.7748626e+17 5.5440085e+09 1.4055674e+08 1.1536647e+08 1.3104016e-23 1.2511438e-23 9.1563911e-30
66770527 3.7786374e+17 5.5440075e+09 1.404189e+08 1.152498e+08 1.3064451e-23 1.2474238e-23 9.1102921e-30
66838684 3.7824161e+17 5.5440065e+09 1.4028121e+08 1.1513324e+08 1.3025007e-23 1.2437148e-23 9.0644256e-30
66906909 3.7861985e+17 5.5440056e+09 1.4014364e+08 1.150168e+08 1.2985681e-23 1.2400168e-23 9.0187904e-30
66975203 3.7899847e+17 5.5440046e+09 1.4000621e+08 1.1490049e+08 1.2946475e-23 1.2363298e-23 8.9733855e-30
67043565 3.7937747e+17 5.5440036e+09 1.398689e+08 1.1478429e+08 1.2907388e-23 1.2326538e-23 8.9282095e-30
67111995 3.7975684e+17 5.5440027e+09 1.3973173e+08 1.1466821e+08 1.2868419e-23 1.2289886e-23 8.8832614e-30
67180493 3.801366e+17 5.5440017e+09 1.395947e+08 1.1455225e+08 1.2829567e-23 1.2253343e-23 8.8385401e-30
67249061 3.8051674e+17 5.5440008e+09 1.3945779e+08 1.1443641e+08 1.2790834e-23 1.2216909e-23 8.7940443e-30
67317696 3.8089725e+17 5.5439998e+09 1.3932102e+08 1.1432068e+08 1.2752217e-23 1.2180582e-23 8.7497729e-30
67386401 3.8127815e+17 5.5439989e+09 1.3918438e+08 1.1420508e+08 1.2713718e-23 1.2144364e-23 8.7057248e-30
67455174 3.8165943e+17 5.5439979e+09 1.3904787e+08 1.1408959e+08 1.2675335e-23 1.2108253e-23 8.6618989e-30
67524016 3.8204109e+17 5.543997e+09 1.3891149e+08 1.1397422e+08 1.2637068e-23 1.2072249e-23 8.6182941e-30
67592927 3.8242313e+17 5.543996e+09 1.3877524e+08 1.1385897e+08 1.2598917e-23 1.2036351e-23 8.5749091e-30
67661906 3.8280555e+17 5.5439951e+09 1.3863912e+08 1.1374384e+08 1.2560882e-23 1.2000561e-23 8.531743e-30
67730955 3.8318836e+17 5.5439941e+09 1.3850314e+08 1.1362883e+08 1.2522962e-23 1.1964876e-23 8.4887946e-30
67800073 3.8357155e+17 5.5439932e+09 1.3836729e+08 1.1351393e+08 1.2485156e-23 1.1929297e-23 8.4460628e-30
67869260 3.8395512e+17 5.5439922e+09 1.3823156e+08 1.1339915e+08 1.2447465e-23 1.1893824e-23 8.4035465e-30
67938516 3.8433907e+17 5.5439913e+09 1.3809597e+08 1.1328449e+08 1.2409888e-23 1.1858456e-23 8.3612446e-30
68007841 3.8472341e+17 5.5439904e+09 1.3796051e+08 1.1316995e+08 1.2372425e-23 1.1823193e-23 8.319156e-30
68077236 3.8510814e+17 5.5439894e+09 1.3782518e+08 1.1305552e+08 1.2335075e-23 1.1788035e-23 8.2772798e-30
68146700 3.8549324e+17 5.5439885e+09 1.3768997e+08 1.1294121e+08 1.2297838e-23 1.1752981e-23 8.2356147e-30
68216233 3.8587874e+17 5.5439876e+09 1.375549e+08 1.1282702e+08 1.2260714e-23 1.1718031e-23 8.1941597e-30
68285836 3.8626462e+17 5.5439866e+09 1.3741996e+08 1.1271294e+08 1.2223703e-23 1.1683184e-23 8.1529138e-30
68355509 3.8665088e+17 5.5439857e+09 1.3728515e+08 1.1259898e+08 1.2186803e-23 1.1648441e-23 8.1118759e-30
68425252 3.8703753e+17 5.5439848e+09 1.3715047e+08 1.1248514e+08 1.2150015e-23 1.1613801e-23 8.0710449e-30
68495064 3.8742457e+17 5.5439839e+09 1.3701592e+08 1.1237141e+08 1.2113338e-23 1.1579264e-23 8.0304198e-30
68564946 3.8781199e+17 5.5439829e+09 1.368815e+08 1.122578e+08 1.2076773e-23 1.154483e-23 7.9899996e-30
68634898 3.8819981e+17 5.543982e+09 1.367472e+08 1.1214431e+08 1.2040318e-23 1.1510497e-23 7.9497833e-30
68704919 3.8858801e+17 5.5439811e+09 1.3661304e+08 1.1203093e+08 1.2003973e-23 1.1476266e-23 7.9097697e-30
68775011 3.8897659e+17 5.5439802e+09 1.3647901e+08 1.1191767e+08 1.1967739e-23 1.1442137e-23 7.8699579e-30
68845173 3.8936557e+17 5.5439793e+09 1.363451e+08 1.1180452e+08 1.1931614e-23 1.140811e-23 7.8303469e-30
68915405 3.8975494e+17 5.5439784e+09 1.3621133e+08 1.1169149e+08 1.1895598e-23 1.1374183e-23 7.7909356e-30
68985708 3.9014469e+17 5.5439774e+09 1.3607768e+08 1.1157858e+08 1.1859691e-23 1.1340357e-23 7.751723e-30
69056081 3.9053484e+17 5.5439765e+09 1.3594416e+08 1.1146578e+08 1.1823893e-23 1.1306631e-23 7.7127082e-30
69126524 3.9092537e+17 5.5439756e+09 1.3581077e+08 1.113531e+08 1.1788204e-23 1.1273005e-23 7.67389e-30
69197037 3.913163e+17 5.5439747e+09 1.3567751e+08 1.1124053e+08 1.1752622e-23 1.1239479e-23 7.6352676e-30
69267621 3.9170761e+17 5.5439738e+09 1.3554438e+08 1.1112808e+08 1.1717148e-23 1.1206052e-23 7.59684e-30
69338276 3.9209932e+17 5.5439729e+09 1.3541138e+08 1.1101574e+08 1.1681782e-23 1.1172725e-23 7.5586061e-30
69409001 3.9249142e+17 5.543972e+09 1.352785e+08 1.1090352e+08 1.1646522e-23 1.1139497e-23 7.520565e-30
69479797 3.9288391e+17 5.5439711e+09 1.3514575e+08 1.1079141e+08 1.1611369e-23 1.1106367e-23 7.4827157e-30
69550664 3.9327679e+17 5.5439702e+09 1.3501313e+08 1.1067942e+08 1.1576323e-23 1.1073335e-23 7.4450572e-30
69621602 3.9367007e+17 5.5439693e+09 1.3488064e+08 1.1056754e+08 1.1541382e-23 1.1040402e-23 7.4075886e-30
69692611 3.9406374e+17 5.5439684e+09 1.3474828e+08 1.1045577e+08 1.1506548e-23 1.1007566e-23 7.370309e-30
69763690 3.9445781e+17 5.5439675e+09 1.3461604e+08 1.1034412e+08 1.1471818e-23 1.0974828e-23 7.3332172e-30
69834841 3.9485226e+17 5.5439667e+09 1.3448393e+08 1.1023259e+08 1.1437194e-23 1.0942187e-23 7.2963125e-30
69906063 3.9524712e+17 5.5439658e+09 1.3435195e+08 1.1012117e+08 1.1402675e-23 1.0909642e-23 7.2595939e-30
69977356 3.9564236e+17 5.5439649e+09 1.3422009e+08 1.1000986e+08 1.136826e-23 1.0877195e-23 7.2230604e-30
70048721 3.96038e+17 5.543964e+09 1.3408837e+08 1.0989866e+08 1.1333949e-23 1.0844843e-23 7.186711e-30
70120157 3.9643404e+17 5.5439631e+09 1.3395677e+08 1.0978758e+08 1.1299742e-23 1.0812588e-23 7.1505449e-30
70191664 3.9683048e+17 5.5439622e+09 1.3382529e+08 1.0967662e+08 1.1265638e-23 1.0780428e-23 7.1145612e-30
70263243 3.9722731e+17 5.5439614e+09 1.3369395e+08 1.0956576e+08 1.1231638e-23 1.0748364e-23 7.0787589e-30
70334893 3.9762453e+17 5.5439605e+09 1.3356273e+08 1.0945503e+08 1.1197741e-23 1.0716395e-23 7.043137e-30
70406616 3.9802216e+17 5.5439596e+09 1.3343163e+08 1.093444e+08 1.1163946e-23 1.068452e-23 7.0076947e-30
70478409 3.9842018e+17 5.5439587e+09 1.3330067e+08 1.0923389e+08 1.1130253e-23 1.0652741e-23 6.9724312e-30
70550275 3.988186e+17 5.5439579e+09 1.3316982e+08 1.0912349e+08 1.1096663e-23 1.0621055e-23 6.9373453e-30
70622213 3.9921742e+17 5.543957e+09 1.3303911e+08 1.090132e+08 1.1063174e-23 1.0589464e-23 6.9024364e-30
70694222 3.9961664e+17 5.5439561e+09 1.3290852e+08 1.0890302e+08 1.1029786e-23 1.0557966e-23 6.8677034e-30
70766303 4.0001625e+17 5.5439553e+09 1.3277806e+08 1.0879296e+08 1.0996499e-23 1.0526562e-23 6.8331456e-30
70838457 4.0041627e+17 5.5439544e+09 1.3264772e+08 1.0868301e+08 1.0963313e-23 1.0495251e-23 6.7987619e-30
70910683 4.0081669e+17 5.5439535e+09 1.3251751e+08 1.0857317e+08 1.0930228e-23 1.0464033e-23 6.7645516e-30
70982981 4.012175e+17 5.5439527e+09 1.3238742e+08 1.0846345e+08 1.0897242e-23 1.0432908e-23 6.7305137e-30
71055351 4.0161872e+17 5.5439518e+09 1.3225746e+08 1.0835384e+08 1.0864357e-23 1.0401875e-23 6.6966474e-30
71127794 4.0202034e+17 5.543951e+09 1.3212763e+08 1.0824434e+08 1.0831571e-23 1.0370934e-23 6.6629518e-30
71200309 4.0242236e+17 5.5439501e+09 1.3199792e+08 1.0813495e+08 1.0798884e-23 1.0340085e-23 6.6294261e-30
71272897 4.0282478e+17 5.5439492e+09 1.3186833e+08 1.0802567e+08 1.0766296e-23 1.0309328e-23 6.5960693e-30
71345557 4.0322761e+17 5.5439484e+09 1.3173888e+08 1.0791651e+08 1.0733806e-23 1.0278662e-23 6.5628807e-30
71418290 4.0363083e+17 5.5439475e+09 1.3160954e+08 1.0780745e+08 1.0701415e-23 1.0248087e-23 6.5298594e-30
71491095 4.0403447e+17 5.5439467e+09 1.3148033e+08 1.0769851e+08 1.0669122e-23 1.0217602e-23 6.4970045e-30
71563974 4.044385e+17 5.5439458e+09 1.3135125e+08 1.0758968e+08 1.0636926e-23 1.0187208e-23 6.4643153e-30
71636925 4.0484294e+17 5.543945e+09 1.3122229e+08 1.0748096e+08 1.0604828e-23 1.0156905e-23 6.4317908e-30
71709950 4.0524778e+17 5.5439442e+09 1.3109345e+08 1.0737235e+08 1.0572827e-23 1.0126691e-23 6.3994302e-30
71783047 4.0565303e+17 5.5439433e+09 1.3096474e+08 1.0726386e+08 1.0540923e-23 1.0096567e-23 6.3672327e-30
71856218 4.0605868e+17 5.5439425e+09 1.3083615e+08 1.0715547e+08 1.0509115e-23 1.0066532e-23 6.3351976e-30
71929461 4.0646474e+17 5.5439416e+09 1.3070769e+08 1.0704719e+08 1.0477404e-23 1.0036587e-23 6.3033238e-30
72002778 4.0687121e+17 5.5439408e+09 1.3057935e+08 1.0693903e+08 1.0445789e-23 1.000673e-23 6.2716108e-30
72076168 4.0727808e+17 5.54394e+09 1.3045113e+08 1.0683097e+08 1.0414269e-23 9.976962e-24 6.2400576e-30
72149632 4.0768536e+17 5.5439391e+09 1.3032304e+08 1.0672303e+08 1.0382844e-23 9.9472824e-24 6.2086634e-30
72223169 4.0809304e+17 5.5439383e+09 1.3019507e+08 1.066152e+08 1.0351515e-23 9.9176909e-24 6.1774274e-30
72296780 4.0850113e+17 5.5439375e+09 1.3006722e+08 1.0650747e+08 1.032028e-23 9.8881872e-24 6.1463489e-30
72370464 4.0890963e+17 5.5439366e+09 1.299395e+08 1.0639986e+08 1.028914e-23 9.858771e-24 6.1154269e-30
72444222 4.0931854e+17 5.5439358e+09 1.298119e+08 1.0629236e+08 1.0258094e-23 9.8294422e-24 6.0846609e-30
72518054 4.0972786e+17 5.543935e+09 1.2968443e+08 1.0618496e+08 1.0227142e-23 9.8002005e-24 6.0540499e-30
72591959 4.1013759e+17 5.5439342e+09 1.2955708e+08 1.0607768e+08 1.0196283e-23 9.7710455e-24 6.0235931e-30
72665939 4.1054773e+17 5.5439333e+09 1.2942985e+08 1.0597051e+08 1.0165518e-23 9.7419771e-24 5.9932899e-30
72739993 4.1095828e+17 5.5439325e+09 1.2930274e+08 1.0586344e+08 1.0134846e-23 9.712995e-24 5.9631393e-30
72814120 4.1136923e+17 5.5439317e+09 1.2917576e+08 1.0575649e+08 1.0104267e-23 9.684099e-24 5.9331407e-30
72888322 4.117806e+17 5.5439309e+09 1.290489e+08 1.0564964e+08 1.007378e-23 9.6552887e-24 5.9032933e-30
72962598 4.1219238e+17 5.5439301e+09 1.2892216e+08 1.055429e+08 1.0043386e-23 9.6265639e-24 5.8735963e-30
73036948 4.1260458e+17 5.5439292e+09 1.2879554e+08 1.0543628e+08 1.0013083e-23 9.5979244e-24 5.844049e-30
73111373 4.1301718e+17 5.5439284e+09 1.2866905e+08 1.0532976e+08 9.982872e-24 9.5693699e-24 5.8146506e-30
73185872 4.134302e+17 5.5439276e+09 1.2854268e+08 1.0522335e+08 9.9527525e-24 9.5409002e-24 5.7854003e-30
73260445 4.1384363e+17 5.5439268e+09 1.2841643e+08 1.0511705e+08 9.922724e-24 9.512515e-24 5.7562974e-30
73335093 4.1425747e+17 5.543926e+09 1.282903e+08 1.0501086e+08 9.8927863e-24 9.4842141e-24 5.7273411e-30
73409816 4.1467173e+17 5.5439252e+09 1.2816429e+08 1.0490477e+08 9.8629392e-24 9.4559972e-24 5.6985308e-30
73484613 4.150864e+17 5.5439244e+09 1.2803841e+08 1.047988e+08 9.8331823e-24 9.4278641e-24 5.6698657e-30
73559486 4.1550149e+17 5.5439236e+09 1.2791264e+08 1.0469293e+08 9.8035155e-24 9.3998145e-24 5.641345e-30
73634433 4.1591699e+17 5.5439228e+09 1.27787e+08 1.0458717e+08 9.7739384e-24 9.3718481e-24 5.612968e-30
73709455 4.1633291e+17 5.543922e+09 1.2766148e+08 1.0448152e+08 9.7444507e-24 9.3439648e-24 5.584734e-30
73784552 4.1674924e+17 5.5439212e+09 1.2753608e+08 1.0437598e+08 9.7150523e-24 9.3161643e-24 5.5566423e-30
73859725 4.1716599e+17 5.5439204e+09 1.274108e+08 1.0427054e+08 9.6857427e-24 9.2884463e-24 5.5286921e-30
73934972 4.1758315e+17 5.5439196e+09 1.2728565e+08 1.0416521e+08 9.6565218e-24 9.2608106e-24 5.5008827e-30
74010295 4.1800074e+17 5.5439188e+09 1.2716061e+08 1.0405999e+08 9.6273892e-24 9.2332569e-24 5.4732135e-30
74085693 4.1841874e+17 5.543918e+09 1.270357e+08 1.0395488e+08 9.5983448e-24 9.2057851e-24 5.4456837e-30
74161166 4.1883716e+17 5.5439172e+09 1.269109e+08 1.0384987e+08 9.5693882e-24 9.1783948e-24 5.4182926e-30
74236715 4.1925599e+17 5.5439164e+09 1.2678623e+08 1.0374498e+08 9.5405191e-24 9.1510858e-24 5.3910395e-30
74312340 4.1967525e+17 5.5439156e+09 1.2666167e+08 1.0364019e+08 9.5117374e-24 9.123858e-24 5.3639238e-30
74388040 4.2009493e+17 5.5439149e+09 1.2653724e+08 1.035355e+08 9.4830427e-24 9.0967109e-24 5.3369446e-30
74463816 4.2051502e+17 5.5439141e+09 1.2641293e+08 1.0343092e+08 9.4544348e-24 9.0696445e-24 5.3101014e-30
74539667 4.2093554e+17 5.5439133e+09 1.2628873e+08 1.0332645e+08 9.4259134e-24 9.0426584e-24 5.2833934e-30
74615595 4.2135647e+17 5.5439125e+09 1.2616466e+08 1.0322209e+08 9.3974783e-24 9.0157525e-24 5.25682e-30
74691598 4.2177783e+17 5.5439117e+09 1.2604071e+08 1.0311783e+08 9.3691291e-24 8.9889264e-24 5.2303805e-30
74767678 4.2219961e+17 5.543911e+09 1.2591687e+08 1.0301368e+08 9.3408657e-24 8.96218e-24 5.2040742e-30
74843833 4.226218e+17 5.5439102e+09 1.2579316e+08 1.0290964e+08 9.3126877e-24 8.935513e-24 5.1779004e-30
74920065 4.2304443e+17 5.5439094e+09 1.2566957e+08 1.028057e+08 9.284595e-24 8.9089252e-24 5.1518585e-30
74996373 4.2346747e+17 5.5439086e+09 1.2554609e+08 1.0270187e+08 9.2565872e-24 8.8824163e-24 5.1259478e-30
75072757 4.2389094e+17 5.5439079e+09 1.2542274e+08 1.0259815e+08 9.2286641e-24 8.8559862e-24 5.1001676e-30
75149218 4.2431483e+17 5.5439071e+09 1.252995e+08 1.0249453e+08 9.2008254e-24 8.8296345e-24 5.0745173e-30
75225755 4.2473914e+17 5.5439063e+09 1.2517638e+08 1.0239101e+08 9.173071e-24 8.8033611e-24 5.0489962e-30
75302369 4.2516388e+17 5.5439056e+09 1.2505338e+08 1.022876e+08 9.1454004e-24 8.7771657e-24 5.0236037e-30
75379059 4.2558905e+17 5.5439048e+09 1.249305e+08 1.021843e+08 9.1178135e-24 8.751048e-24 4.9983392e-30
75455826 4.2601464e+17 5.543904e+09 1.2480774e+08 1.020811e+08 9.09031e-24 8.725008e-24 4.9732019e-30
75532670 4.2644065e+17 5.5439033e+09 1.246851e+08 1.0197801e+08 9.0628897e-24 8.6990452e-24 4.9481912e-30
75609591 4.2686709e+17 5.5439025e+09 1.2456258e+08 1.0187503e+08 9.0355523e-24 8.6731596e-24 4.9233065e-30
75686588 4.2729396e+17 5.5439017e+09 1.2444017e+08 1.0177214e+08 9.0082976e-24 8.6473508e-24 4.8985472e-30
75763663 4.2772125e+17 5.543901e+09 1.2431789e+08 1.0166937e+08 8.9811252e-24 8.6216186e-24 4.8739126e-30
75840814 4.2814897e+17 5.5439002e+09 1.2419572e+08 1.015667e+08 8.9540351e-24 8.5959629e-24 4.8494021e-30
75918043 4.2857712e+17 5.5438995e+09 1.2407367e+08 1.0146413e+08 8.9270268e-24 8.5703834e-24 4.8250151e-30
75995349 4.290057e+17 5.5438987e+09 1.2395174e+08 1.0136167e+08 8.9001002e-24 8.5448798e-24 4.8007509e-30
76072733 4.2943471e+17 5.543898e+09 1.2382992e+08 1.0125931e+08 8.873255e-24 8.5194519e-24 4.776609e-30
76150194 4.2986414e+17 5.5438972e+09 1.2370822e+08 1.0115706e+08 8.846491e-24 8.4940996e-24 4.7525886e-30
76227732 4.30294e+17 5.5438965e+09 1.2358664e+08 1.0105491e+08 8.8198079e-24 8.4688225e-24 4.7286893e-30
76305348 4.307243e+17 5.5438957e+09 1.2346518e+08 1.0095287e+08 8.7932055e-24 8.4436206e-24 4.7049103e-30
76383041 4.3115502e+17 5.543895e+09 1.2334384e+08 1.0085093e+08 8.7666835e-24 8.4184934e-24 4.6812511e-30
76460812 4.3158618e+17 5.5438942e+09 1.2322261e+08 1.0074909e+08 8.7402417e-24 8.3934409e-24 4.6577111e-30
76538661 4.3201776e+17 5.5438935e+09 1.231015e+08 1.0064736e+08 8.7138798e-24 8.3684628e-24 4.6342897e-30
76616588 4.3244978e+17 5.5438927e+09 1.2298051e+08 1.0054573e+08 8.6875977e-24 8.3435588e-24 4.6109862e-30
76694593 4.3288223e+17 5.543892e+09 1.2285963e+08 1.004442e+08 8.661395e-24 8.3187288e-24 4.5878001e-30
76772675 4.3331511e+17 5.5438913e+09 1.2273888e+08 1.0034278e+08 8.6352715e-24 8.2939726e-24 4.5647308e-30
76850836 4.3374843e+17 5.5438905e+09 1.2261823e+08 1.0024147e+08 8.609227e-24 8.2692899e-24 4.5417777e-30
76929075 4.3418218e+17 5.5438898e+09 1.2249771e+08 1.0014025e+08 8.5832612e-24 8.2446805e-24 4.5189402e-30
77007392 4.3461636e+17 5.5438891e+09 1.223773e+08 1.0003914e+08 8.5573739e-24 8.2201441e-24 4.4962177e-30
77085788 4.3505098e+17 5.5438883e+09 1.2225701e+08 99938135 8.5315649e-24 8.1956807e-24 4.4736097e-30
77164262 4.3548603e+17 5.5438876e+09 1.2213683e+08 99837231 8.5058339e-24 8.1712899e-24 4.4511156e-30
77242814 4.3592151e+17 5.5438869e+09 1.2201677e+08 99736429 8.4801807e-24 8.1469715e-24 4.4287347e-30
77321445 4.3635743e+17 5.5438861e+09 1.2189683e+08 99635731 8.4546051e-24 8.1227254e-24 4.4064665e-30
77400155 4.3679379e+17 5.5438854e+09 1.21777e+08 99535135 8.4291068e-24 8.0985513e-24 4.3843106e-30
77478944 4.3723059e+17 5.5438847e+09 1.2165729e+08 99434642 8.4036855e-24 8.074449e-24 4.3622661e-30
77557811 4.3766782e+17 5.543884e+09 1.2153769e+08 99334252 8.3783411e-24 8.0504182e-24 4.3403328e-30
77636757 4.3810548e+17 5.5438832e+09 1.2141821e+08 99233963 8.3530733e-24 8.0264589e-24 4.3185098e-30
77715782 4.3854359e+17 5.5438825e+09 1.2129885e+08 99133778 8.3278819e-24 8.0025707e-24 4.2967968e-30
77794886 4.3898213e+17 5.5438818e+09 1.211796e+08 99033694 8.3027667e-24 7.9787534e-24 4.2751932e-30
77874069 4.3942112e+17 5.5438811e+09 1.2106046e+08 98933713 8.2777274e-24 7.9550069e-24 4.2536983e-30
77953331 4.3986054e+17 5.5438804e+09 1.2094145e+08 98833833 8.2527637e-24 7.9313309e-24 4.2323117e-30
78032673 4.403004e+17 5.5438797e+09 1.2082254e+08 98734056 8.2278755e-24 7.9077253e-24 4.2110328e-30
78112094 4.407407e+17 5.5438789e+09 1.2070375e+08 98634380 8.2030626e-24 7.8841897e-24 4.1898611e-30
78191594 4.4118144e+17 5.5438782e+09 1.2058508e+08 98534806 8.1783247e-24 7.8607241e-24 4.1687959e-30
78271174 4.4162262e+17 5.5438775e+09 1.2046652e+08 98435334 8.1536615e-24 7.8373282e-24 4.1478369e-30
78350834 4.4206424e+17 5.5438768e+09 1.2034808e+08 98335963 8.1290729e-24 7.8140017e-24 4.1269834e-30
78430573 4.4250631e+17 5.5438761e+09 1.2022975e+08 98236693 8.1045586e-24 7.7907446e-24 4.1062349e-30
78510392 4.4294881e+17 5.5438754e+09 1.2011153e+08 98137525 8.0801184e-24 7.7675565e-24 4.0855909e-30
78590291 4.4339176e+17 5.5438747e+09 1.1999343e+08 98038458 8.0557521e-24 7.7444373e-24 4.0650509e-30
78670269 4.4383515e+17 5.543874e+09 1.1987545e+08 97939492 8.0314594e-24 7.7213868e-24 4.0446143e-30
78750328 4.4427899e+17 5.5438733e+09 1.1975757e+08 97840627 8.0072402e-24 7.6984048e-24 4.0242806e-30
78830467 4.4472327e+17 5.5438726e+09 1.1963982e+08 97741863 7.9830941e-24 7.675491e-24 4.0040493e-30
78910686 4.4516799e+17 5.5438719e+09 1.1952217e+08 97643199 7.9590211e-24 7.6526453e-24 3.9839198e-30
78990985 4.4561316e+17 5.5438712e+09 1.1940464e+08 97544636 7.9350208e-24 7.6298674e-24 3.9638918e-30
79071364 4.4605877e+17 5.5438705e+09 1.1928723e+08 97446174 7.911093e-24 7.6071572e-24 3.9439645e-30
79151824 4.4650483e+17 5.5438698e+09 1.1916992e+08 97347812 7.8872376e-24 7.5845145e-24 3.9241377e-30
79232364 4.4695134e+17 5.5438691e+09 1.1905273e+08 97249550 7.8634543e-24 7.561939e-24 3.9044106e-30
79312985 4.4739829e+17 5.5438684e+09 1.1893566e+08 97151389 7.8397428e-24 7.5394306e-24 3.8847829e-30
79393687 4.4784568e+17 5.5438677e+09 1.188187e+08 97053328 7.816103e-24 7.5169891e-24 3.865254e-30
79474469 4.4829353e+17 5.543867e+09 1.1870185e+08 96955367 7.7925347e-24 7.4946142e-24 3.8458235e-30
79555332 4.4874182e+17 5.5438663e+09 1.1858511e+08 96857505 7.7690376e-24 7.4723058e-24 3.8264908e-30
79636276 4.4919057e+17 5.5438656e+09 1.1846849e+08 96759744 7.7456115e-24 7.4500637e-24 3.8072554e-30
79717300 4.4963976e+17 5.543865e+09 1.1835198e+08 96662082 7.7222562e-24 7.4278876e-24 3.7881169e-30
79798406 4.500894e+17 5.5438643e+09 1.1823558e+08 96564520 7.6989715e-24 7.4057775e-24 3.7690747e-30
79879593 4.5053949e+17 5.5438636e+09 1.181193e+08 96467057 7.6757571e-24 7.383733e-24 3.7501284e-30
79960861 4.5099003e+17 5.5438629e+09 1.1800312e+08 96369694 7.6526129e-24 7.361754e-24 3.7312775e-30
80042211 4.5144102e+17 5.5438622e+09 1.1788706e+08 96272430 7.6295387e-24 7.3398403e-24 3.7125215e-30
80123642 4.5189246e+17 5.5438615e+09 1.1777112e+08 96175265 7.6065342e-24 7.3179917e-24 3.69386e-30
80205154 4.5234435e+17 5.5438609e+09 1.1765528e+08 96078199 7.5835992e-24 7.296208e-24 3.6752924e-30
80286747 4.5279669e+17 5.5438602e+09 1.1753956e+08 95981232 7.5607335e-24 7.274489e-24 3.6568183e-30
80368423 4.5324949e+17 5.5438595e+09 1.1742395e+08 95884364 7.537937e-24 7.2528345e-24 3.6384372e-30
80450180 4.5370274e+17 5.5438588e+09 1.1730845e+08 95787595 7.5152093e-24 7.2312444e-24 3.6201486e-30
80532019 4.5415644e+17 5.5438582e+09 1.1719306e+08 95690924 7.4925503e-24 7.2097184e-24 3.6019521e-30
80613939 4.546106e+17 5.5438575e+09 1.1707779e+08 95594352 7.4699597e-24 7.1882564e-24 3.5838473e-30
80695942 4.5506521e+17 5.5438568e+09 1.1696262e+08 95497879 7.4474375e-24 7.1668582e-24 3.5658335e-30
80778026 4.5552027e+17 5.5438562e+09 1.1684757e+08 95401504 7.4249833e-24 7.1455235e-24 3.5479105e-30
80860193 4.5597579e+17 5.5438555e+09 1.1673263e+08 95305227 7.4025969e-24 7.1242522e-24 3.5300777e-30
80942442 4.5643177e+17 5.5438548e+09 1.166178e+08 95209048 7.3802782e-24 7.1030441e-24 3.5123347e-30
81024773 4.568882e+17 5.5438542e+09 1.1650308e+08 95112968 7.358027e-24 7.081899e-24 3.4946809e-30
81107187 4.5734509e+17 5.5438535e+09 1.1638848e+08 95016985 7.335843e-24 7.0608167e-24 3.4771161e-30
81189682 4.5780244e+17 5.5438528e+09 1.1627398e+08 94921100 7.313726e-24 7.0397971e-24 3.4596397e-30
81272261 4.5826024e+17 5.5438522e+09 1.161596e+08 94825313 7.2916758e-24 7.0188399e-24 3.4422513e-30
81354922 4.587185e+17 5.5438515e+09 1.1604532e+08 94729623 7.2696923e-24 6.997945e-24 3.4249504e-30
81437665 4.5917722e+17 5.5438509e+09 1.1593116e+08 94634032 7.2477752e-24 6.9771122e-24 3.4077366e-30
81520492 4.5963639e+17 5.5438502e+09 1.1581711e+08 94538537 7.2259243e-24 6.9563413e-24 3.3906094e-30
81603401 4.6009603e+17 5.5438496e+09 1.1570316e+08 94443140 7.2041395e-24 6.9356321e-24 3.3735685e-30
81686393 4.6055613e+17 5.5438489e+09 1.1558933e+08 94347840 7.1824205e-24 6.9149844e-24 3.3566133e-30
81769468 4.6101668e+17 5.5438482e+09 1.1547561e+08 94252637 7.1607671e-24 6.8943981e-24 3.3397435e-30
81852627 4.614777e+17 5.5438476e+09 1.15362e+08 94157532 7.1391791e-24 6.873873e-24 3.3229586e-30
81935868 4.6193918e+17 5.5438469e+09 1.152485e+08 94062523 7.1176564e-24 6.8534088e-24 3.3062582e-30
82019193 4.6240112e+17 5.5438463e+09 1.151351e+08 93967611 7.0961987e-24 6.8330054e-24 3.2896419e-30
82102601 4.6286352e+17 5.5438456e+09 1.1502182e+08 93872796 7.0748058e-24 6.8126627e-24 3.2731092e-30
82186092 4.6332638e+17 5.543845e+09 1.1490865e+08 93778077 7.0534775e-24 6.7923804e-24 3.2566597e-30
82269667 4.6378971e+17 5.5438444e+09 1.1479559e+08 93683455 7.0322137e-24 6.7721584e-24 3.240293e-30
82353326 4.642535e+17 5.5438437e+09 1.1468264e+08 93588929 7.0110142e-24 6.7519965e-24 3.2240087e-30
82437068 4.6471775e+17 5.5438431e+09 1.1456979e+08 93494500 6.9898787e-24 6.7318945e-24 3.2078064e-30
82520894 4.6518247e+17 5.5438424e+09 1.1445706e+08 93400167 6.968807e-24 6.7118522e-24 3.1916856e-30
82604803 4.6564765e+17 5.5438418e+09 1.1434443e+08 93305930 6.9477991e-24 6.6918695e-24 3.175646e-30
82688797 4.661133e+17 5.5438412e+09 1.1423192e+08 93211789 6.9268546e-24 6.6719461e-24 3.1596871e-30
82772875 4.6657941e+17 5.5438405e+09 1.1411951e+08 93117744 6.9059733e-24 6.652082e-24 3.1438085e-30
82857037 4.6704599e+17 5.5438399e+09 1.1400722e+08 93023795 6.8851552e-24 6.6322769e-24 3.1280099e-30
82941282 4.6751304e+17 5.5438392e+09 1.1389503e+08 92929942 6.8643999e-24 6.6125306e-24 3.1122907e-30
83025613 4.6798055e+17 5.5438386e+09 1.1378295e+08 92836184 6.8437074e-24 6.592843e-24 3.0966507e-30
83110027 4.6844853e+17 5.543838e+09 1.1367098e+08 92742522 6.8230773e-24 6.5732139e-24 3.0810894e-30
83194526 4.6891698e+17 5.5438373e+09 1.1355911e+08 92648955 6.8025096e-24 6.5536432e-24 3.0656064e-30
83279110 4.693859e+17 5.5438367e+09 1.1344736e+08 92555484 6.7820041e-24 6.5341306e-24 3.0502014e-30
83363778 4.6985528e+17 5.5438361e+09 1.1333571e+08 92462107 6.7615605e-24 6.514676e-24 3.0348738e-30
83448530 4.7032514e+17 5.5438355e+09 1.1322417e+08 92368826 6.7411786e-24 6.4952792e-24 3.0196234e-30
83533368 4.7079546e+17 5.5438348e+09 1.1311274e+08 92275640 6.7208583e-24 6.4759401e-24 3.0044498e-30
83618290 4.7126626e+17 5.5438342e+09 1.1300142e+08 92182549 6.7005994e-24 6.4566584e-24 2.9893525e-30
83703298 4.7173752e+17 5.5438336e+09 1.1289021e+08 92089553 6.6804017e-24 6.437434e-24 2.9743313e-30
83788390 4.7220926e+17 5.543833e+09 1.127791e+08 91996652 6.660265e-24 6.4182668e-24 2.9593856e-30
83873567 4.7268147e+17 5.5438323e+09 1.1266811e+08 91903845 6.6401892e-24 6.3991565e-24 2.9445151e-30
83958830 4.7315415e+17 5.5438317e+09 1.1255722e+08 91811133 6.620174e-24 6.380103e-24 2.9297195e-30
84044178 4.7362731e+17 5.5438311e+09 1.1244643e+08 91718515 6.6002192e-24 6.3611062e-24 2.9149983e-30
84129611 4.7410093e+17 5.5438305e+09 1.1233576e+08 91625991 6.5803248e-24 6.3421658e-24 2.9003512e-30
84215130 4.7457503e+17 5.5438299e+09 1.1222519e+08 91533562 6.5604904e-24 6.3232817e-24 2.8857778e-30
84300734 4.7504961e+17 5.5438293e+09 1.1211473e+08 91441227 6.540716e-24 6.3044537e-24 2.8712778e-30
84386424 4.7552466e+17 5.5438286e+09 1.1200437e+08 91348986 6.5210012e-24 6.2856817e-24 2.8568507e-30
84472199 4.7600018e+17 5.543828e+09 1.1189413e+08 91256839 6.5013461e-24 6.2669654e-24 2.8424962e-30
84558060 4.7647618e+17 5.5438274e+09 1.1178399e+08 91164786 6.4817503e-24 6.2483048e-24 2.828214e-30
84644007 4.7695266e+17 5.5438268e+09 1.1167395e+08 91072826 6.4622137e-24 6.2296997e-24 2.8140036e-30
84730041 4.7742961e+17 5.5438262e+09 1.1156403e+08 90980960 6.4427361e-24 6.2111498e-24 2.7998648e-30
84816160 4.7790704e+17 5.5438256e+09 1.1145421e+08 90889188 6.4233173e-24 6.1926551e-24 2.7857971e-30
84902365 4.7838495e+17 5.543825e+09 1.1134449e+08 90797509 6.4039572e-24 6.1742154e-24 2.7718001e-30
84988657 4.7886333e+17 5.5438244e+09 1.1123489e+08 90705924 6.3846556e-24 6.1558304e-24 2.7578737e-30
85075034 4.793422e+17 5.5438238e+09 1.1112539e+08 90614432 6.3654123e-24 6.1375001e-24 2.7440173e-30
85161498 4.7982154e+17 5.5438232e+09 1.1101599e+08 90523033 6.3462271e-24 6.1192243e-24 2.7302306e-30
85248049 4.8030136e+17 5.5438226e+09 1.109067e+08 90431727 6.3270999e-24 6.1010028e-24 2.7165133e-30
85334686 4.8078166e+17 5.543822e+09 1.1079752e+08 90340515 6.3080304e-24 6.0828355e-24 2.702865e-30
85421410 4.8126244e+17 5.5438214e+09 1.1068845e+08 90249395 6.2890185e-24 6.0647221e-24 2.6892854e-30
85508221 4.8174371e+17 5.5438208e+09 1.1057947e+08 90158368 6.2700641e-24 6.0466626e-24 2.6757741e-30
85595118 4.8222545e+17 5.5438202e+09 1.1047061e+08 90067433 6.2511669e-24 6.0286568e-24 2.6623308e-30
85682103 4.8270768e+17 5.5438196e+09 1.1036185e+08 89976591 6.2323267e-24 6.0107045e-24 2.6489551e-30
85769174 4.8319038e+17 5.543819e+09 1.102532e+08 89885842 6.2135435e-24 5.9928055e-24 2.6356468e-30
85856332 4.8367357e+17 5.5438184e+09 1.1014465e+08 89795185 6.194817e-24 5.9749598e-24 2.6224054e-30
85943578 4.8415725e+17 5.5438178e+09 1.1003621e+08 89704620 6.1761471e-24 5.9571671e-24 2.6092306e-30
86030911 4.846414e+17 5.5438172e+09 1.0992787e+08 89614148 6.1575336e-24 5.9394273e-24 2.5961222e-30
86118331 4.8512605e+17 5.5438166e+09 1.0981964e+08 89523768 6.1389762e-24 5.9217402e-24 2.5830796e-30
86205838 4.8561117e+17 5.543816e+09 1.0971151e+08 89433480 6.1204749e-24 5.9041057e-24 2.5701027e-30
86293434 4.8609678e+17 5.5438155e+09 1.0960349e+08 89343283 6.1020295e-24 5.8865236e-24 2.5571911e-30
86381116 4.8658288e+17 5.5438149e+09 1.0949557e+08 89253179 6.0836398e-24 5.8689938e-24 2.5443445e-30
86468887 4.8706946e+17 5.5438143e+09 1.0938775e+08 89163166 6.0653057e-24 5.8515161e-24 2.5315625e-30
86556745 4.8755653e+17 5.5438137e+09 1.0928005e+08 89073245 6.0470269e-24 5.8340903e-24 2.5188448e-30
86644691 4.8804409e+17 5.5438131e+09 1.0917244e+08 88983416 6.0288033e-24 5.8167164e-24 2.5061911e-30
86732725 4.8853213e+17 5.5438125e+09 1.0906494e+08 88893678 6.0106348e-24 5.799394e-24 2.493601e-30
86820847 4.8902067e+17 5.543812e+09 1.0895755e+08 88804031 5.9925211e-24 5.7821232e-24 2.4810743e-30
86909057 4.8950969e+17 5.5438114e+09 1.0885026e+08 88714476 5.9744621e-24 5.7649037e-24 2.4686106e-30
86997356 4.899992e+17 5.5438108e+09 1.0874307e+08 88625011 5.9564577e-24 5.7477354e-24 2.4562096e-30
87085742 4.9048919e+17 5.5438102e+09 1.0863599e+08 88535638 5.9385076e-24 5.7306182e-24 2.443871e-30
87174217 4.9097968e+17 5.5438097e+09 1.0852901e+08 88446356 5.9206118e-24 5.7135518e-24 2.4315945e-30
87262781 4.9147066e+17 5.5438091e+09 1.0842213e+08 88357165 5.9027699e-24 5.6965362e-24 2.4193797e-30
87351433 4.9196213e+17 5.5438085e+09 1.0831536e+08 88268064 5.884982e-24 5.6795711e-24 2.4072264e-30
87440174 4.924541e+17 5.5438079e+09 1.0820869e+08 88179054 5.8672478e-24 5.6626565e-24 2.3951343e-30
87529004 4.9294655e+17 5.5438074e+09 1.0810213e+08 88090135 5.8495671e-24 5.6457921e-24 2.3831029e-30
87617922 4.934395e+17 5.5438068e+09 1.0799567e+08 88001306 5.8319399e-24 5.6289779e-24 2.3711321e-30
87706929 4.9393294e+17 5.5438062e+09 1.0788931e+08 87912568 5.8143658e-24 5.6122137e-24 2.3592215e-30
87796026 4.9442687e+17 5.5438057e+09 1.0778306e+08 87823920 5.7968448e-24 5.5954993e-24 2.3473708e-30
87885211 4.949213e+17 5.5438051e+09 1.0767691e+08 87735363 5.7793768e-24 5.5788346e-24 2.3355798e-30
87974486 4.9541622e+17 5.5438045e+09 1.0757086e+08 87646895 5.7619615e-24 5.5622195e-24 2.323848e-30
88063850 4.9591163e+17 5.543804e+09 1.0746491e+08 87558517 5.7445987e-24 5.5456537e-24 2.3121753e-30
88153303 4.9640755e+17 5.5438034e+09 1.0735907e+08 87470230 5.7272884e-24 5.5291372e-24 2.3005613e-30
88242846 4.9690395e+17 5.5438028e+09 1.0725333e+08 87382032 5.7100304e-24 5.5126698e-24 2.2890057e-30
88332478 4.9740086e+17 5.5438023e+09 1.071477e+08 87293924 5.6928245e-24 5.4962514e-24 2.2775083e-30
88422200 4.9789826e+17 5.5438017e+09 1.0704216e+08 87205906 5.6756705e-24 5.4798818e-24 2.2660686e-30
88512012 4.9839616e+17 5.5438012e+09 1.0693673e+08 87117977 5.6585684e-24 5.4635608e-24 2.2546866e-30
88601913 4.9889455e+17 5.5438006e+09 1.068314e+08 87030138 5.6415178e-24 5.4472883e-24 2.2433617e-30
88691905 4.9939345e+17 5.5438e+09 1.0672617e+08 86942388 5.6245188e-24 5.4310643e-24 2.2320939e-30
88781986 4.9989284e+17 5.5437995e+09 1.0662105e+08 86854728 5.6075711e-24 5.4148885e-24 2.2208827e-30
88872158 5.0039273e+17 5.5437989e+09 1.0651603e+08 86767156 5.5906745e-24 5.3987607e-24 2.2097279e-30
88962419 5.0089313e+17 5.5437984e+09 1.0641111e+08 86679674 5.573829e-24 5.3826809e-24 2.1986292e-30
89052771 5.0139402e+17 5.5437978e+09 1.0630629e+08 86592281 5.5570343e-24 5.366649e-24 2.1875864e-30
89143214 5.0189541e+17 5.5437973e+09 1.0620157e+08 86504977 5.5402904e-24 5.3506647e-24 2.1765991e-30
89233746 5.0239731e+17 5.5437967e+09 1.0609695e+08 86417761 5.523597e-24 5.3347279e-24 2.165667e-30
89324370 5.0289971e+17 5.5437962e+09 1.0599244e+08 86330635 5.506954e-24 5.3188385e-24 2.15479e-30
89415084 5.0340261e+17 5.5437956e+09 1.0588803e+08 86243597 5.4903613e-24 5.3029963e-24 2.1439676e-30
89505888 5.0390601e+17 5.5437951e+09 1.0578372e+08 86156647 5.4738186e-24 5.2872013e-24 2.1331997e-30
89596784 5.0440991e+17 5.5437945e+09 1.0567951e+08 86069786 5.4573259e-24 5.2714532e-24 2.1224859e-30
89687770 5.0491432e+17 5.543794e+09 1.055754e+08 85983014 5.440883e-24 5.2557519e-24 2.1118261e-30
89778848 5.0541924e+17 5.5437935e+09 1.0547139e+08 85896329 5.4244897e-24 5.2400973e-24 2.1012198e-30
89870016 5.0592466e+17 5.5437929e+09 1.0536749e+08 85809733 5.408146e-24 5.2244893e-24 2.0906669e-30
89961276 5.0643058e+17 5.5437924e+09 1.0526368e+08 85723225 5.3918516e-24 5.2089276e-24 2.0801671e-30
90052627 5.0693701e+17 5.5437918e+09 1.0515998e+08 85636805 5.3756063e-24 5.1934123e-24 2.0697201e-30
90144069 5.0744395e+17 5.5437913e+09 1.0505638e+08 85550473 5.3594101e-24 5.1779431e-24 2.0593256e-30
90235603 5.0795139e+17 5.5437908e+09 1.0495287e+08 85464229 5.3432629e-24 5.1625198e-24 2.0489834e-30
90327228 5.0845935e+17 5.5437902e+09 1.0484947e+08 85378072 5.3271643e-24 5.1471425e-24 2.0386932e-30
90418945 5.089678e+17 5.5437897e+09 1.0474617e+08 85292004 5.3111144e-24 5.1318108e-24 2.0284548e-30
90510754 5.0947677e+17 5.5437891e+09 1.0464297e+08 85206022 5.2951129e-24 5.1165248e-24 2.0182678e-30
90602654 5.0998625e+17 5.5437886e+09 1.0453987e+08 85120129 5.2791597e-24 5.1012842e-24 2.0081321e-30
90694647 5.1049624e+17 5.5437881e+09 1.0443687e+08 85034322 5.2632547e-24 5.0860889e-24 1.9980474e-30
90786731 5.1100673e+17 5.5437875e+09 1.0433396e+08 84948603 5.2473977e-24 5.0709388e-24 1.9880133e-30
90878907 5.1151774e+17 5.543787e+09 1.0423116e+08 84862971 5.2315886e-24 5.0558337e-24 1.9780298e-30
90971176 5.1202926e+17 5.5437865e+09 1.0412846e+08 84777426 5.2158272e-24 5.0407736e-24 1.9680964e-30
91063537 5.1254129e+17 5.543786e+09 1.0402586e+08 84691968 5.2001134e-24 5.0257583e-24 1.958213e-30
91155990 5.1305383e+17 5.5437854e+09 1.0392336e+08 84606597 5.184447e-24 5.0107876e-24 1.9483794e-30
91248536 5.1356688e+17 5.5437849e+09 1.0382096e+08 84521313 5.1688279e-24 4.9958614e-24 1.9385951e-30
91341174 5.1408045e+17 5.5437844e+09 1.0371866e+08 84436116 5.153256e-24 4.9809796e-24 1.9288601e-30
91433905 5.1459453e+17 5.5437839e+09 1.0361645e+08 84351005 5.1377311e-24 4.966142e-24 1.919174e-30
91526729 5.1510912e+17 5.5437833e+09 1.0351435e+08 84265981 5.122253e-24 4.9513486e-24 1.9095366e-30
91619645 5.1562423e+17 5.5437828e+09 1.0341234e+08 84181043 5.1068217e-24 4.9365992e-24 1.8999477e-30
91712655 5.1613986e+17 5.5437823e+09 1.0331044e+08 84096192 5.0914369e-24 4.9218936e-24 1.890407e-30
91805757 5.16656e+17 5.5437818e+09 1.0320863e+08 84011427 5.0760986e-24 4.9072318e-24 1.8809143e-30
91898953 5.1717265e+17 5.5437813e+09 1.0310693e+08 83926749 5.0608066e-24 4.8926136e-24 1.8714694e-30
91992242 5.1768982e+17 5.5437807e+09 1.0300532e+08 83842156 5.0455607e-24 4.8780388e-24 1.8620719e-30
92085624 5.1820751e+17 5.5437802e+09 1.0290381e+08 83757649 5.0303609e-24 4.8635074e-24 1.8527217e-30
92179099 5.1872572e+17 5.5437797e+09 1.028024e+08 83673229 5.0152069e-24 4.8490192e-24 1.8434185e-30
92272668 5.1924445e+17 5.5437792e+09 1.0270109e+08 83588894 5.0000987e-24 4.8345741e-24 1.834162e-30
92366331 5.1976369e+17 5.5437787e+09 1.0259987e+08 83504645 4.9850361e-24 4.8201719e-24 1.8249522e-30
92460087 5.2028346e+17 5.5437782e+09 1.0249876e+08 83420481 4.970019e-24 4.8058126e-24 1.8157886e-30
92553937 5.2080374e+17 5.5437777e+09 1.0239774e+08 83336404 4.9550472e-24 4.7914959e-24 1.8066711e-30
92647881 5.2132454e+17 5.5437771e+09 1.0229682e+08 83252411 4.9401206e-24 4.7772219e-24 1.7975994e-30
92741919 5.2184587e+17 5.5437766e+09 1.02196e+08 83168504 4.925239e-24 4.7629903e-24 1.7885734e-30
92836051 5.2236771e+17 5.5437761e+09 1.0209528e+08 83084683 4.9104023e-24 4.748801e-24 1.7795928e-30
92930276 5.2289008e+17 5.5437756e+09 1.0199465e+08 83000947 4.8956105e-24 4.734654e-24 1.7706573e-30
93024597 5.2341297e+17 5.5437751e+09 1.0189412e+08 82917295 4.8808633e-24 4.720549e-24 1.7617667e-30
93119011 5.2393638e+17 5.5437746e+09 1.017937e+08 82833729 4.8661606e-24 4.7064859e-24 1.7529209e-30
93213520 5.2446032e+17 5.5437741e+09 1.0169336e+08 82750248 4.8515022e-24 4.6924647e-24 1.7441195e-30
93308124 5.2498478e+17 5.5437736e+09 1.0159313e+08 82666852 4.8368881e-24 4.6784852e-24 1.7353623e-30
93402822 5.2550977e+17 5.5437731e+09 1.0149299e+08 82583540 4.8223182e-24 4.6645472e-24 1.7266492e-30
93497615 5.2603528e+17 5.5437726e+09 1.0139295e+08 82500314 4.8077922e-24 4.6506507e-24 1.71798e-30
93592502 5.2656131e+17 5.5437721e+09 1.0129301e+08 82417171 4.79331e-24 4.6367956e-24 1.7093543e-30
93687485 5.2708787e+17 5.5437716e+09 1.0119317e+08 82334114 4.7788716e-24 4.6229816e-24 1.7007719e-30
93782562 5.2761496e+17 5.5437711e+09 1.0109342e+08 82251141 4.7644767e-24 4.6092087e-24 1.6922327e-30
93877735 5.2814257e+17 5.5437706e+09 1.0099377e+08 82168252 4.7501253e-24 4.5954768e-24 1.6837365e-30
93973002 5.2867072e+17 5.5437701e+09 1.0089422e+08 82085447 4.7358171e-24 4.5817858e-24 1.675283e-30
94068366 5.2919939e+17 5.5437696e+09 1.0079476e+08 82002727 4.7215522e-24 4.5681354e-24 1.6668719e-30
94163824 5.2972859e+17 5.5437691e+09 1.006954e+08 81920090 4.7073303e-24 4.5545257e-24 1.6585032e-30
94259378 5.3025832e+17 5.5437686e+09 1.0059614e+08 81837538 4.6931514e-24 4.5409564e-24 1.6501765e-30
94355027 5.3078857e+17 5.5437681e+09 1.0049697e+08 81755070 4.6790152e-24 4.5274275e-24 1.6418917e-30
94450772 5.3131936e+17 5.5437676e+09 1.003979e+08 81672685 4.6649217e-24 4.5139389e-24 1.6336485e-30
94546613 5.3185068e+17 5.5437671e+09 1.0029892e+08 81590384 4.6508707e-24 4.5004903e-24 1.6254468e-30
94642550 5.3238253e+17 5.5437667e+09 1.0020005e+08 81508167 4.6368622e-24 4.4870818e-24 1.6172863e-30
94738582 5.3291492e+17 5.5437662e+09 1.0010127e+08 81426034 4.6228959e-24 4.4737131e-24 1.6091669e-30
94834711 5.3344783e+17 5.5437657e+09 1.0000258e+08 81343984 4.6089718e-24 4.4603842e-24 1.6010883e-30
94930936 5.3398128e+17 5.5437652e+09 99903990 81262017 4.5950896e-24 4.447095e-24 1.5930502e-30
95027257 5.3451526e+17 5.5437647e+09 99805496 81180134 4.5812494e-24 4.4338453e-24 1.5850526e-30
95123674 5.3504977e+17 5.5437642e+09 99707099 81098333 4.567451e-24 4.4206349e-24 1.5770952e-30
95220188 5.3558482e+17 5.5437637e+09 99608797 81016616 4.5536942e-24 4.4074639e-24 1.5691778e-30
95316799 5.3612041e+17 5.5437633e+09 99510590 80934982 4.5399789e-24 4.3943321e-24 1.5613002e-30
95413505 5.3665653e+17 5.5437628e+09 99412480 80853431 4.5263049e-24 4.3812393e-24 1.5534622e-30
95510309 5.3719319e+17 5.5437623e+09 99314464 80771963 4.5126723e-24 4.3681855e-24 1.5456636e-30
95607210 5.3773038e+17 5.5437618e+09 99216544 80690578 4.4990808e-24 4.3551705e-24 1.5379042e-30
95704207 5.3826811e+17 5.5437613e+09 99118719 80609275 4.4855303e-24 4.3421942e-24 1.5301838e-30
95801301 5.3880638e+17 5.5437609e+09 99020990 80528055 4.4720207e-24 4.3292565e-24 1.5225022e-30
95898493 5.3934518e+17 5.5437604e+09 98923356 80446918 4.4585519e-24 4.3163573e-24 1.5148593e-30
95995782 5.3988453e+17 5.5437599e+09 98825816 80365863 4.4451237e-24 4.3034965e-24 1.5072547e-30
96093168 5.4042441e+17 5.5437594e+09 98728372 80284890 4.431736e-24 4.2906739e-24 1.4996884e-30
96190651 5.4096484e+17 5.5437589e+09 98631022 80204000 4.4183887e-24 4.2778895e-24 1.4921601e-30
96288232 5.415058e+17 5.5437585e+09 98533767 80123192 4.4050817e-24 4.2651431e-24 1.4846697e-30
96385910 5.4204731e+17 5.543758e+09 98436607 80042466 4.3918149e-24 4.2524346e-24 1.4772169e-30
96483686 5.4258936e+17 5.5437575e+09 98339541 79961822 4.3785881e-24 4.2397639e-24 1.4698015e-30
96581560 5.4313195e+17 5.5437571e+09 98242570 79881260 4.3654012e-24 4.2271309e-24 1.4624235e-30
96679532 5.4367508e+17 5.5437566e+09 98145693 79800780 4.3522541e-24 4.2145355e-24 1.4550825e-30
96777602 5.4421875e+17 5.5437561e+09 98048910 79720381 4.3391466e-24 4.2019776e-24 1.4477784e-30
96875770 5.4476297e+17 5.5437557e+09 97952222 79640065 4.3260788e-24 4.189457e-24 1.4405111e-30
96974036 5.4530773e+17 5.5437552e+09 97855628 79559830 4.3130503e-24 4.1769737e-24 1.4332803e-30
97072400 5.4585304e+17 5.5437547e+09 97759128 79479676 4.3000612e-24 4.1645275e-24 1.4260858e-30
97170863 5.4639889e+17 5.5437543e+09 97662721 79399604 4.2871112e-24 4.1521183e-24 1.4189275e-30
97269424 5.4694529e+17 5.5437538e+09 97566409 79319613 4.2742003e-24 4.139746e-24 1.4118051e-30
97368084 5.4749224e+17 5.5437533e+09 97470190 79239704 4.2613284e-24 4.1274106e-24 1.4047186e-30
97466842 5.4803973e+17 5.5437529e+09 97374065 79159875 4.2484953e-24 4.1151119e-24 1.3976676e-30
97565699 5.4858777e+17 5.5437524e+09 97278034 79080128 4.235701e-24 4.1028497e-24 1.3906522e-30
97664655 5.4913636e+17 5.5437519e+09 97182096 79000462 4.2229452e-24 4.090624e-24 1.3836719e-30
97763710 5.496855e+17 5.5437515e+09 97086251 78920877 4.2102279e-24 4.0784347e-24 1.3767268e-30
97862864 5.5023518e+17 5.543751e+09 96990500 78841372 4.197549e-24 4.0662817e-24 1.3698166e-30
97962118 5.5078542e+17 5.5437506e+09 96894842 78761949 4.1849084e-24 4.0541648e-24 1.3629411e-30
98061470 5.513362e+17 5.5437501e+09 96799277 78682606 4.1723059e-24 4.0420839e-24 1.3561001e-30
98160922 5.5188754e+17 5.5437497e+09 96703805 78603343 4.1597414e-24 4.030039e-24 1.3492935e-30
98260473 5.5243943e+17 5.5437492e+09 96608426 78524161 4.1472148e-24 4.01803e-24 1.3425212e-30
98360124 5.5299186e+17 5.5437488e+09 96513140 78445060 4.134726e-24 4.0060566e-24 1.3357829e-30
98459875 5.5354486e+17 5.5437483e+09 96417947 78366039 4.1222749e-24 3.9941189e-24 1.3290784e-30
98559725 5.540984e+17 5.5437478e+09 96322847 78287098 4.1098614e-24 3.9822167e-24 1.3224077e-30
98659675 5.546525e+17 5.5437474e+09 96227839 78208238 4.0974853e-24 3.9703499e-24 1.3157704e-30
98759725 5.5520715e+17 5.5437469e+09 96132923 78129457 4.0851465e-24 3.9585184e-24 1.3091665e-30
98859875 5.5576236e+17 5.5437465e+09 96038100 78050757 4.072845e-24 3.9467222e-24 1.3025959e-30
98960126 5.5631812e+17 5.543746e+09 95943370 77972136 4.0605806e-24 3.934961e-24 1.2960582e-30
99060476 5.5687444e+17 5.5437456e+09 95848731 77893595 4.0483532e-24 3.9232348e-24 1.2895534e-30
99160927 5.5743131e+17 5.5437452e+09 95754185 77815135 4.0361626e-24 3.9115435e-24 1.2830813e-30
99261479 5.5798875e+17 5.5437447e+09 95659731 77736753 4.0240089e-24 3.899887e-24 1.2766417e-30
99362131 5.5854673e+17 5.5437443e+09 95565369 77658452 4.0118918e-24 3.8882652e-24 1.2702344e-30
99462883 5.5910528e+17 5.5437438e+09 95471099 77580230 3.9998113e-24 3.8766779e-24 1.2638594e-30
99563737 5.5966439e+17 5.5437434e+09 95376920 77502087 3.9877672e-24 3.8651251e-24 1.2575164e-30
99664691 5.6022405e+17 5.5437429e+09 95282834 77424024 3.9757595e-24 3.8536067e-24 1.2512053e-30
99765746 5.6078427e+17 5.5437425e+09 95188839 77346040 3.9637879e-24 3.8421226e-24 1.2449259e-30
99866902 5.6134506e+17 5.5437421e+09 95094935 77268135 3.9518525e-24 3.8306726e-24 1.238678e-30
99968160 5.619064e+17 5.5437416e+09 95001123 77190309 3.9399531e-24 3.8192567e-24 1.2324616e-30
1.0006952e+08 5.6246831e+17 5.5437412e+09 94907403 77112563 3.9280896e-24 3.8078748e-24 1.2262763e-30
1.0017098e+08 5.6303078e+17 5.5437407e+09 94813773 77034895 3.9162619e-24 3.7965267e-24 1.2201222e-30
1.0027254e+08 5.6359381e+17 5.5437403e+09 94720235 76957306 3.9044698e-24 3.7852124e-24 1.213999e-30
1.003742e+08 5.641574e+17 5.5437399e+09 94626788 76879796 3.8927134e-24 3.7739318e-24 1.2079066e-30
1.0047597e+08 5.6472156e+17 5.5437394e+09 94533433 76802365 3.8809924e-24 3.7626848e-24 1.2018447e-30
1.0057783e+08 5.6528628e+17 5.543739e+09 94440168 76725012 3.8693067e-24 3.7514712e-24 1.1958134e-30
1.006798e+08 5.6585157e+17 5.5437386e+09 94346994 76647738 3.8576563e-24 3.7402909e-24 1.1898123e-30
1.0078187e+08 5.6641742e+17 5.5437381e+09 94253910 76570542 3.8460411e-24 3.729144e-24 1.1838414e-30
1.0088405e+08 5.6698384e+17 5.5437377e+09 94160918 76493425 3.8344609e-24 3.7180302e-24 1.1779005e-30
1.0098632e+08 5.6755082e+17 5.5437373e+09 94068016 76416386 3.8229156e-24 3.7069495e-24 1.1719895e-30
1.010887e+08 5.6811837e+17 5.5437368e+09 93975204 76339425 3.8114051e-24 3.6959017e-24 1.1661081e-30
1.0119118e+08 5.6868649e+17 5.5437364e+09 93882483 76262542 3.7999294e-24 3.6848868e-24 1.1602563e-30
1.0129376e+08 5.6925518e+17 5.543736e+09 93789852 76185738 3.7884883e-24 3.6739047e-24 1.1544339e-30
1.0139644e+08 5.6982443e+17 5.5437355e+09 93697312 76109011 3.7770817e-24 3.6629553e-24 1.1486408e-30
1.0149923e+08 5.7039426e+17 5.5437351e+09 93604862 76032363 3.7657095e-24 3.6520385e-24 1.1428768e-30
1.0160212e+08 5.7096465e+17 5.5437347e+09 93512501 75955792 3.7543716e-24 3.6411541e-24 1.1371417e-30
1.0170511e+08 5.7153562e+17 5.5437343e+09 93420231 75879299 3.7430678e-24 3.6303022e-24 1.1314355e-30
1.0180821e+08 5.7210715e+17 5.5437338e+09 93328051 75802883 3.7317982e-24 3.6194825e-24 1.1257579e-30
1.0191141e+08 5.7267926e+17 5.5437334e+09 93235961 75726545 3.7205626e-24 3.608695e-24 1.1201089e-30
1.0201471e+08 5.7325194e+17 5.543733e+09 93143960 75650285 3.7093609e-24 3.5979396e-24 1.1144882e-30
1.0211811e+08 5.7382519e+17 5.5437326e+09 93052049 75574102 3.698193e-24 3.5872163e-24 1.1088958e-30
1.0222162e+08 5.7439901e+17 5.5437322e+09 92960228 75497996 3.6870587e-24 3.5765248e-24 1.1033314e-30
1.0232524e+08 5.7497341e+17 5.5437317e+09 92868496 75421968 3.675958e-24 3.5658652e-24 1.0977951e-30
1.0242895e+08 5.7554839e+17 5.5437313e+09 92776853 75346017 3.6648908e-24 3.5552373e-24 1.0922865e-30
1.0253277e+08 5.7612394e+17 5.5437309e+09 92685300 75270143 3.653857e-24 3.544641e-24 1.0868056e-30
1.026367e+08 5.7670006e+17 5.5437305e+09 92593836 75194345 3.6428565e-24 3.5340762e-24 1.0813523e-30
1.0274072e+08 5.7727676e+17 5.5437301e+09 92502461 75118625 3.6318892e-24 3.5235429e-24 1.0759263e-30
1.0284485e+08 5.7785404e+17 5.5437297e+09 92411175 75042982 3.6209549e-24 3.5130409e-24 1.0705277e-30
1.0294909e+08 5.7843189e+17 5.5437292e+09 92319979 74967416 3.6100536e-24 3.5025702e-24 1.0651561e-30
1.0305343e+08 5.7901032e+17 5.5437288e+09 92228871 74891926 3.5991852e-24 3.4921307e-24 1.0598115e-30
1.0315787e+08 5.7958933e+17 5.5437284e+09 92137852 74816513 3.5883495e-24 3.4817222e-24 1.0544938e-30
1.0326242e+08 5.8016892e+17 5.543728e+09 92046922 74741176 3.5775466e-24 3.4713447e-24 1.0492028e-30
1.0336708e+08 5.8074909e+17 5.5437276e+09 91956080 74665916 3.5667762e-24 3.460998e-24 1.0439384e-30
1.0347183e+08 5.8132984e+17 5.5437272e+09 91865327 74590732 3.5560383e-24 3.4506822e-24 1.0387004e-30
1.035767e+08 5.8191117e+17 5.5437268e+09 91774662 74515625 3.5453328e-24 3.4403971e-24 1.0334888e-30
1.0368166e+08 5.8249308e+17 5.5437264e+09 91684086 74440593 3.5346596e-24 3.4301426e-24 1.0283033e-30
1.0378674e+08 5.8307557e+17 5.5437259e+09 91593598 74365638 3.5240186e-24 3.4199185e-24 1.0231438e-30
1.0389191e+08 5.8365865e+17 5.5437255e+09 91503198 74290759 3.5134096e-24 3.409725e-24 1.0180103e-30
1.039972e+08 5.8424231e+17 5.5437251e+09 91412887 74215956 3.5028327e-24 3.3995617e-24 1.0129026e-30
1.0410258e+08 5.8482655e+17 5.5437247e+09 91322663 74141229 3.4922876e-24 3.3894287e-24 1.0078206e-30
1.0420808e+08 5.8541138e+17 5.5437243e+09 91232528 74066578 3.4817744e-24 3.3793259e-24 1.002764e-30
1.0431368e+08 5.8599679e+17 5.5437239e+09 91142480 73992002 3.4712929e-24 3.3692531e-24 9.9773291e-31
1.0441938e+08 5.8658279e+17 5.5437235e+09 91052521 73917503 3.4608429e-24 3.3592103e-24 9.9272706e-31
1.0452519e+08 5.8716937e+17 5.5437231e+09 90962648 73843078 3.4504245e-24 3.3491974e-24 9.8774636e-31
1.0463111e+08 5.8775654e+17 5.5437227e+09 90872864 73768730 3.4400375e-24 3.3392144e-24 9.8279067e-31
1.0473713e+08 5.8834429e+17 5.5437223e+09 90783167 73694457 3.4296818e-24 3.329261e-24 9.7785988e-31
1.0484326e+08 5.8893264e+17 5.5437219e+09 90693558 73620259 3.4193574e-24 3.3193372e-24 9.7295386e-31
1.0494949e+08 5.8952157e+17 5.5437215e+09 90604036 73546136 3.4090641e-24 3.309443e-24 9.6807249e-31
1.0505583e+08 5.9011109e+17 5.5437211e+09 90514601 73472089 3.3988018e-24 3.2995782e-24 9.6321563e-31
1.0516228e+08 5.907012e+17 5.5437207e+09 90425254 73398117 3.3885705e-24 3.2897428e-24 9.5838317e-31
1.0526883e+08 5.912919e+17 5.5437203e+09 90335993 73324219 3.37837e-24 3.2799367e-24 9.5357499e-31
1.0537549e+08 5.918832e+17 5.5437199e+09 90246820 73250397 3.3682003e-24 3.2701597e-24 9.4879096e-31
1.0548226e+08 5.9247508e+17 5.5437195e+09 90157734 73176650 3.3580613e-24 3.2604118e-24 9.4403096e-31
1.0558913e+08 5.9306755e+17 5.5437191e+09 90068734 73102978 3.3479528e-24 3.250693e-24 9.3929487e-31
1.0569611e+08 5.9366062e+17 5.5437187e+09 89979822 73029380 3.3378749e-24 3.2410031e-24 9.3458257e-31
1.058032e+08 5.9425428e+17 5.5437183e+09 89890996 72955857 3.3278273e-24 3.231342e-24 9.2989394e-31
1.0591039e+08 5.9484854e+17 5.543718e+09 89802257 72882408 3.31781e-24 3.2217097e-24 9.2522887e-31
1.0601769e+08 5.9544339e+17 5.5437176e+09 89713604 72809035 3.3078229e-24 3.2121061e-24 9.2058722e-31
1.061251e+08 5.9603883e+17 5.5437172e+09 89625038 72735735 3.2978659e-24 3.202531e-24 9.1596889e-31
1.0623262e+08 5.9663487e+17 5.5437168e+09 89536558 72662510 3.287939e-24 3.1929844e-24 9.1137376e-31
1.0634024e+08 5.972315e+17 5.5437164e+09 89448165 72589359 3.278042e-24 3.1834663e-24 9.068017e-31
1.0644797e+08 5.9782873e+17 5.543716e+09 89359857 72516283 3.2681748e-24 3.1739765e-24 9.0225262e-31
1.0655581e+08 5.9842656e+17 5.5437156e+09 89271636 72443280 3.2583374e-24 3.1645149e-24 8.9772638e-31
1.0666376e+08 5.9902499e+17 5.5437152e+09 89183501 72370352 3.2485296e-24 3.1550815e-24 8.9322287e-31
1.0677181e+08 5.9962401e+17 5.5437148e+09 89095452 72297497 3.2387514e-24 3.1456762e-24 8.8874199e-31
1.0687998e+08 6.0022364e+17 5.5437145e+09 89007489 72224717 3.2290027e-24 3.1362989e-24 8.8428361e-31
1.0698825e+08 6.0082386e+17 5.5437141e+09 88919612 72152010 3.2192834e-24 3.1269495e-24 8.7984763e-31
1.0709663e+08 6.0142469e+17 5.5437137e+09 88831820 72079377 3.2095934e-24 3.1176279e-24 8.7543392e-31
1.0720512e+08 6.0202611e+17 5.5437133e+09 88744114 72006818 3.1999326e-24 3.108334e-24 8.7104238e-31
1.0731371e+08 6.0262814e+17 5.5437129e+09 88656494 71934332 3.190301e-24 3.0990679e-24 8.666729e-31
1.0742242e+08 6.0323077e+17 5.5437125e+09 88568959 71861920 3.1806984e-24 3.0898293e-24 8.6232537e-31
1.0753123e+08 6.03834e+17 5.5437122e+09 88481510 71789582 3.1711247e-24 3.0806182e-24 8.5799967e-31
1.0764015e+08 6.0443783e+17 5.5437118e+09 88394146 71717316 3.1615799e-24 3.0714345e-24 8.536957e-31
1.0774918e+08 6.0504227e+17 5.5437114e+09 88306867 71645125 3.1520639e-24 3.0622782e-24 8.4941334e-31
1.0785832e+08 6.0564731e+17 5.543711e+09 88219673 71573006 3.1425766e-24 3.0531491e-24 8.4515249e-31
1.0796757e+08 6.0625296e+17 5.5437106e+09 88132565 71500960 3.1331179e-24 3.0440472e-24 8.4091304e-31
1.0807693e+08 6.0685921e+17 5.5437103e+09 88045541 71428988 3.1236877e-24 3.0349724e-24 8.3669488e-31
1.081864e+08 6.0746607e+17 5.5437099e+09 87958603 71357088 3.1142859e-24 3.0259246e-24 8.3249791e-31
1.0829598e+08 6.0807354e+17 5.5437095e+09 87871749 71285262 3.1049125e-24 3.0169038e-24 8.2832201e-31
1.0840566e+08 6.0868161e+17 5.5437091e+09 87784980 71213508 3.0955674e-24 3.0079098e-24 8.2416709e-31
1.0851546e+08 6.0929029e+17 5.5437088e+09 87698296 71141827 3.0862504e-24 2.9989425e-24 8.2003303e-31
1.0862537e+08 6.0989958e+17 5.5437084e+09 87611696 71070219 3.0769615e-24 2.990002e-24 8.1591974e-31
1.0873538e+08 6.1050948e+17 5.543708e+09 87525181 70998683 3.0677006e-24 2.9810881e-24 8.118271e-31
1.0884551e+08 6.1111999e+17 5.5437076e+09 87438750 70927220 3.0584676e-24 2.9722007e-24 8.0775501e-31
1.0895575e+08 6.1173111e+17 5.5437073e+09 87352404 70855829 3.0492625e-24 2.9633398e-24 8.0370338e-31
1.0906609e+08 6.1234284e+17 5.5437069e+09 87266142 70784511 3.0400851e-24 2.9545052e-24 7.9967209e-31
1.0917655e+08 6.1295518e+17 5.5437065e+09 87179964 70713265 3.0309354e-24 2.945697e-24 7.9566105e-31
1.0928712e+08 6.1356814e+17 5.5437062e+09 87093870 70642092 3.0218133e-24 2.936915e-24 7.9167015e-31
1.093978e+08 6.1418171e+17 5.5437058e+09 87007860 70570990 3.0127187e-24 2.9281591e-24 7.8769929e-31
1.0950859e+08 6.1479589e+17 5.5437054e+09 86921935 70499961 3.0036514e-24 2.9194293e-24 7.8374837e-31
1.0961949e+08 6.1541069e+17 5.5437051e+09 86836093 70429004 2.9946116e-24 2.9107255e-24 7.798173e-31
1.097305e+08 6.160261e+17 5.5437047e+09 86750335 70358118 2.985599e-24 2.9020476e-24 7.7590596e-31
1.0984162e+08 6.1664212e+17 5.5437043e+09 86664660 70287305 2.9766135e-24 2.8933955e-24 7.7201427e-31
1.0995285e+08 6.1725876e+17 5.543704e+09 86579070 70216563 2.9676552e-24 2.8847692e-24 7.6814212e-31
1.100642e+08 6.1787602e+17 5.5437036e+09 86493563 70145893 2.9587238e-24 2.8761685e-24 7.6428941e-31
1.1017565e+08 6.184939e+17 5.5437032e+09 86408139 70075295 2.9498194e-24 2.8675935e-24 7.6045605e-31
1.1028722e+08 6.1911239e+17 5.5437029e+09 86322799 70004768 2.9409418e-24 2.859044e-24 7.5664194e-31
1.103989e+08 6.1973151e+17 5.5437025e+09 86237542 69934313 2.932091e-24 2.85052e-24 7.5284698e-31
1.1051069e+08 6.2035124e+17 5.5437022e+09 86152368 69863929 2.9232668e-24 2.8420213e-24 7.4907108e-31
1.1062259e+08 6.2097159e+17 5.5437018e+09 86067278 69793617 2.9144693e-24 2.8335479e-24 7.4531414e-31
1.107346e+08 6.2159256e+17 5.5437014e+09 85982270 69723376 2.9056983e-24 2.8250998e-24 7.4157606e-31
1.1084673e+08 6.2221415e+17 5.5437011e+09 85897346 69653206 2.8969537e-24 2.8166768e-24 7.3785676e-31
1.1095897e+08 6.2283637e+17 5.5437007e+09 85812504 69583107 2.8882355e-24 2.8082789e-24 7.3415613e-31
1.1107132e+08 6.234592e+17 5.5437004e+09 85727746 69513079 2.8795435e-24 2.799906e-24 7.3047408e-31
1.1118378e+08 6.2408266e+17 5.5437e+09 85643070 69443123 2.8708778e-24 2.791558e-24 7.2681052e-31
1.1129636e+08 6.2470674e+17 5.5436997e+09 85558477 69373237 2.8622382e-24 2.7832349e-24 7.2316536e-31
1.1140904e+08 6.2533145e+17 5.5436993e+09 85473966 69303422 2.8536246e-24 2.7749365e-24 7.195385e-31
1.1152184e+08 6.2595678e+17 5.5436989e+09 85389538 69233678 2.845037e-24 2.7666629e-24 7.1592985e-31
1.1163476e+08 6.2658274e+17 5.5436986e+09 85305192 69164005 2.8364753e-24 2.7584139e-24 7.1233932e-31
1.1174778e+08 6.2720932e+17 5.5436982e+09 85220929 69094402 2.8279394e-24 2.7501894e-24 7.0876682e-31
1.1186092e+08 6.2783653e+17 5.5436979e+09 85136748 69024870 2.8194292e-24 2.7419895e-24 7.0521225e-31
1.1197417e+08 6.2846437e+17 5.5436975e+09 85052650 68955408 2.8109447e-24 2.733814e-24 7.0167554e-31
1.1208754e+08 6.2909283e+17 5.5436972e+09 84968633 68886017 2.8024858e-24 2.7256628e-24 6.9815658e-31
1.1220102e+08 6.2972193e+17 5.5436968e+09 84884698 68816696 2.7940523e-24 2.7175358e-24 6.9465529e-31
1.1231461e+08 6.3035165e+17 5.5436965e+09 84800846 68747445 2.7856443e-24 2.7094331e-24 6.9117158e-31
1.1242832e+08 6.30982e+17 5.5436961e+09 84717075 68678265 2.7772616e-24 2.7013545e-24 6.8770536e-31
1.1254214e+08 6.3161298e+17 5.5436958e+09 84633387 68609154 2.7689042e-24 2.6932999e-24 6.8425655e-31
1.1265607e+08 6.3224459e+17 5.5436954e+09 84549780 68540114 2.7605719e-24 2.6852694e-24 6.8082505e-31
1.1277012e+08 6.3287684e+17 5.5436951e+09 84466254 68471144 2.7522648e-24 2.6772627e-24 6.7741078e-31
1.1288428e+08 6.3350972e+17 5.5436947e+09 84382810 68402243 2.7439827e-24 2.6692799e-24 6.7401365e-31
1.1299855e+08 6.3414322e+17 5.5436944e+09 84299448 68333413 2.7357256e-24 2.6613209e-24 6.7063358e-31
1.1311294e+08 6.3477737e+17 5.5436941e+09 84216167 68264652 2.7274934e-24 2.6533855e-24 6.6727048e-31
1.1322745e+08 6.3541215e+17 5.5436937e+09 84132968 68195961 2.719286e-24 2.6454738e-24 6.6392426e-31
1.1334207e+08 6.3604756e+17 5.5436934e+09 84049850 68127339 2.7111033e-24 2.6375856e-24 6.6059484e-31
1.134568e+08 6.3668361e+17 5.543693e+09 83966813 68058787 2.7029453e-24 2.629721e-24 6.5728214e-31
1.1357165e+08 6.3732029e+17 5.5436927e+09 83883857 67990305 2.6948119e-24 2.6218797e-24 6.5398607e-31
1.1368661e+08 6.3795761e+17 5.5436923e+09 83800982 67921892 2.686703e-24 2.6140618e-24 6.5070655e-31
1.1380169e+08 6.3859557e+17 5.543692e+09 83718188 67853548 2.6786185e-24 2.6062672e-24 6.4744349e-31
1.1391688e+08 6.3923416e+17 5.5436917e+09 83635475 67785274 2.6705584e-24 2.5984957e-24 6.4419681e-31
1.1403219e+08 6.398734e+17 5.5436913e+09 83552843 67717068 2.6625226e-24 2.5907475e-24 6.4096644e-31
1.1414762e+08 6.4051327e+17 5.543691e+09 83470292 67648932 2.654511e-24 2.5830223e-24 6.3775228e-31
1.1426316e+08 6.4115378e+17 5.5436906e+09 83387821 67580865 2.6465236e-24 2.5753201e-24 6.3455426e-31
1.1437881e+08 6.4179494e+17 5.5436903e+09 83305431 67512867 2.6385602e-24 2.5676408e-24 6.3137229e-31
1.1449458e+08 6.4243673e+17 5.54369e+09 83223121 67444938 2.6306208e-24 2.5599844e-24 6.282063e-31
1.1461047e+08 6.4307917e+17 5.5436896e+09 83140892 67377078 2.6227054e-24 2.5523508e-24 6.250562e-31
1.1472647e+08 6.4372225e+17 5.5436893e+09 83058743 67309286 2.6148138e-24 2.5447399e-24 6.2192192e-31
1.1484259e+08 6.4436597e+17 5.543689e+09 82976675 67241563 2.606946e-24 2.5371517e-24 6.1880337e-31
1.1495882e+08 6.4501034e+17 5.5436886e+09 82894686 67173909 2.5991019e-24 2.5295861e-24 6.1570047e-31
1.1507517e+08 6.4565535e+17 5.5436883e+09 82812778 67106323 2.5912815e-24 2.5220431e-24 6.1261315e-31
1.1519164e+08 6.46301e+17 5.543688e+09 82730950 67038806 2.5834846e-24 2.5145224e-24 6.0954133e-31
1.1530822e+08 6.469473e+17 5.5436876e+09 82649202 66971357 2.5757112e-24 2.5070242e-24 6.0648494e-31
1.1542492e+08 6.4759425e+17 5.5436873e+09 82567533 66903977 2.5679613e-24 2.4995483e-24 6.0344388e-31
1.1554174e+08 6.4824184e+17 5.543687e+09 82485945 66836665 2.5602347e-24 2.4920947e-24 6.0041809e-31
1.1565867e+08 6.4889009e+17 5.5436866e+09 82404436 66769421 2.5525314e-24 2.4846633e-24 5.9740749e-31
1.1577572e+08 6.4953898e+17 5.5436863e+09 82323007 66702245 2.5448513e-24 2.477254e-24 5.94412e-31
1.1589289e+08 6.5018851e+17 5.543686e+09 82241658 66635137 2.5371943e-24 2.4698667e-24 5.9143155e-31
1.1601017e+08 6.508387e+17 5.5436857e+09 82160388 66568097 2.5295604e-24 2.4625015e-24 5.8846606e-31
1.1612758e+08 6.5148954e+17 5.5436853e+09 82079197 66501125 2.5219496e-24 2.4551582e-24 5.8551546e-31
1.1624509e+08 6.5214103e+17 5.543685e+09 81998086 66434222 2.5143616e-24 2.4478368e-24 5.8257967e-31
1.1636273e+08 6.5279317e+17 5.5436847e+09 81917054 66367385 2.5067966e-24 2.4405371e-24 5.7965861e-31
1.1648049e+08 6.5344597e+17 5.5436844e+09 81836101 66300617 2.4992543e-24 2.4332592e-24 5.7675222e-31
1.1659836e+08 6.5409941e+17 5.543684e+09 81755228 66233916 2.4917348e-24 2.426003e-24 5.7386042e-31
1.1671635e+08 6.5475351e+17 5.5436837e+09 81674433 66167283 2.4842379e-24 2.4187684e-24 5.7098313e-31
1.1683446e+08 6.5540826e+17 5.5436834e+09 81593718 66100717 2.4767636e-24 2.4115554e-24 5.6812028e-31
1.1695268e+08 6.5606367e+17 5.5436831e+09 81513081 66034219 2.4693118e-24 2.4043638e-24 5.6527181e-31
1.1707103e+08 6.5671974e+17 5.5436827e+09 81432523 65967788 2.4618825e-24 2.3971936e-24 5.6243763e-31
1.1718949e+08 6.5737646e+17 5.5436824e+09 81352044 65901424 2.4544756e-24 2.3900448e-24 5.5961768e-31
1.1730807e+08 6.5803383e+17 5.5436821e+09 81271644 65835128 2.447091e-24 2.3829173e-24 5.5681188e-31
1.1742677e+08 6.5869187e+17 5.5436818e+09 81191322 65768899 2.4397287e-24 2.375811e-24 5.5402017e-31
1.1754559e+08 6.5935056e+17 5.5436815e+09 81111079 65702736 2.4323885e-24 2.3687259e-24 5.5124247e-31
1.1766453e+08 6.6000991e+17 5.5436811e+09 81030914 65636641 2.4250705e-24 2.3616618e-24 5.4847871e-31
1.1778358e+08 6.6066992e+17 5.5436808e+09 80950828 65570613 2.4177745e-24 2.3546188e-24 5.4572883e-31
1.1790276e+08 6.6133059e+17 5.5436805e+09 80870820 65504652 2.4105005e-24 2.3475968e-24 5.4299274e-31
1.1802205e+08 6.6199192e+17 5.5436802e+09 80790890 65438757 2.4032484e-24 2.3405957e-24 5.4027039e-31
1.1814147e+08 6.6265391e+17 5.5436799e+09 80711038 65372930 2.3960181e-24 2.3336155e-24 5.3756171e-31
1.18261e+08 6.6331657e+17 5.5436796e+09 80631265 65307169 2.3888097e-24 2.326656e-24 5.3486662e-31
1.1838065e+08 6.6397988e+17 5.5436792e+09 80551569 65241474 2.381623e-24 2.3197173e-24 5.3218505e-31
1.1850042e+08 6.6464386e+17 5.5436789e+09 80471952 65175846 2.3744579e-24 2.3127992e-24 5.2951695e-31
1.1862032e+08 6.6530851e+17 5.5436786e+09 80392412 65110285 2.3673144e-24 2.3059018e-24 5.2686223e-31
1.1874033e+08 6.6597381e+17 5.5436783e+09 80312950 65044790 2.3601925e-24 2.2990248e-24 5.2422084e-31
1.1886046e+08 6.6663979e+17 5.543678e+09 80233566 64979361 2.353092e-24 2.2921684e-24 5.2159271e-31
1.1898071e+08 6.6730643e+17 5.5436777e+09 80154259 64913999 2.3460129e-24 2.2853324e-24 5.1897777e-31
1.1910109e+08 6.6797373e+17 5.5436774e+09 80075030 64848703 2.3389551e-24 2.2785167e-24 5.1637595e-31
1.1922158e+08 6.6864171e+17 5.5436771e+09 79995878 64783473 2.3319186e-24 2.2717214e-24 5.1378719e-31
1.1934219e+08 6.6931035e+17 5.5436767e+09 79916804 64718309 2.3249033e-24 2.2649463e-24 5.1121142e-31
1.1946293e+08 6.6997966e+17 5.5436764e+09 79837807 64653211 2.3179091e-24 2.2581913e-24 5.0864859e-31
1.1958378e+08 6.7064964e+17 5.5436761e+09 79758887 64588179 2.310936e-24 2.2514565e-24 5.0609861e-31
1.1970476e+08 6.7132029e+17 5.5436758e+09 79680045 64523213 2.3039839e-24 2.2447418e-24 5.0356143e-31
1.1982585e+08 6.7199161e+17 5.5436755e+09 79601280 64458312 2.2970528e-24 2.238047e-24 5.0103698e-31
1.1994707e+08 6.726636e+17 5.5436752e+09 79522591 64393478 2.2901426e-24 2.2313722e-24 4.9852521e-31
1.2006841e+08 6.7333626e+17 5.5436749e+09 79443980 64328709 2.2832531e-24 2.2247172e-24 4.9602604e-31
1.2018987e+08 6.740096e+17 5.5436746e+09 79365446 64264005 2.2763845e-24 2.2180821e-24 4.9353941e-31
1.2031145e+08 6.7468361e+17 5.5436743e+09 79286988 64199367 2.2695365e-24 2.2114668e-24 4.9106526e-31
1.2043315e+08 6.7535829e+17 5.543674e+09 79208607 64134795 2.2627091e-24 2.2048711e-24 4.8860353e-31
1.2055498e+08 6.7603365e+17 5.5436737e+09 79130303 64070288 2.2559024e-24 2.1982951e-24 4.8615415e-31
1.2067693e+08 6.7670969e+17 5.5436734e+09 79052076 64005846 2.2491161e-24 2.1917387e-24 4.8371706e-31
1.20799e+08 6.773864e+17 5.5436731e+09 78973925 63941470 2.2423503e-24 2.1852018e-24 4.8129221e-31
1.2092119e+08 6.7806378e+17 5.5436728e+09 78895850 63877158 2.2356048e-24 2.1786844e-24 4.7887952e-31
1.210435e+08 6.7874185e+17 5.5436725e+09 78817852 63812912 2.2288797e-24 2.1721864e-24 4.7647894e-31
1.2116593e+08 6.7942059e+17 5.5436722e+09 78739930 63748731 2.2221749e-24 2.1657078e-24 4.7409041e-31
1.2128849e+08 6.8010001e+17 5.5436719e+09 78662084 63684615 2.2154902e-24 2.1592484e-24 4.7171387e-31
1.2141117e+08 6.8078011e+17 5.5436716e+09 78584315 63620564 2.2088257e-24 2.1528083e-24 4.6934925e-31
1.2153398e+08 6.8146089e+17 5.5436713e+09 78506621 63556578 2.2021813e-24 2.1463874e-24 4.6699649e-31
1.216569e+08 6.8214235e+17 5.543671e+09 78429004 63492656 2.1955569e-24 2.1399856e-24 4.6465555e-31
1.2177995e+08 6.8282449e+17 5.5436707e+09 78351463 63428799 2.1889524e-24 2.1336029e-24 4.6232635e-31
1.2190312e+08 6.8350732e+17 5.5436704e+09 78273997 63365007 2.1823678e-24 2.1272392e-24 4.6000884e-31
1.2202642e+08 6.8419082e+17 5.5436701e+09 78196607 63301280 2.1758031e-24 2.1208944e-24 4.5770296e-31
1.2214984e+08 6.8487501e+17 5.5436698e+09 78119293 63237617 2.1692582e-24 2.1145686e-24 4.5540865e-31
1.2227338e+08 6.8555989e+17 5.5436695e+09 78042055 63174018 2.162733e-24 2.1082615e-24 4.5312585e-31
1.2239704e+08 6.8624545e+17 5.5436692e+09 77964892 63110484 2.1562274e-24 2.1019733e-24 4.5085451e-31
1.2252083e+08 6.8693169e+17 5.5436689e+09 77887805 63047014 2.1497414e-24 2.0957038e-24 4.4859457e-31
1.2264475e+08 6.8761863e+17 5.5436686e+09 77810793 62983609 2.143275e-24 2.089453e-24 4.4634596e-31
1.2276878e+08 6.8830625e+17 5.5436683e+09 77733856 62920267 2.136828e-24 2.0832208e-24 4.4410864e-31
1.2289294e+08 6.8899455e+17 5.543668e+09 77656995 62856990 2.1304005e-24 2.0770072e-24 4.4188255e-31
1.2301723e+08 6.8968355e+17 5.5436677e+09 77580209 62793777 2.1239923e-24 2.070812e-24 4.3966763e-31
1.2314164e+08 6.9037323e+17 5.5436674e+09 77503498 62730628 2.1176035e-24 2.0646354e-24 4.3746382e-31
1.2326617e+08 6.910636e+17 5.5436671e+09 77426862 62667542 2.1112339e-24 2.0584771e-24 4.3527107e-31
1.2339083e+08 6.9175467e+17 5.5436669e+09 77350302 62604521 2.1048834e-24 2.0523372e-24 4.3308932e-31
1.2351561e+08 6.9244642e+17 5.5436666e+09 77273816 62541563 2.0985522e-24 2.0462156e-24 4.3091852e-31
1.2364052e+08 6.9313887e+17 5.5436663e+09 77197405 62478670 2.0922399e-24 2.0401122e-24 4.2875861e-31
1.2376555e+08 6.9383201e+17 5.543666e+09 77121069 62415839 2.0859467e-24 2.0340269e-24 4.2660954e-31
1.2389071e+08 6.9452584e+17 5.5436657e+09 77044807 62353073 2.0796725e-24 2.0279599e-24 4.2447125e-31
1.2401599e+08 6.9522036e+17 5.5436654e+09 76968620 62290370 2.0734171e-24 2.0219108e-24 4.223437e-31
1.241414e+08 6.9591558e+17 5.5436651e+09 76892508 62227730 2.0671806e-24 2.0158798e-24 4.2022681e-31
1.2426693e+08 6.966115e+17 5.5436648e+09 76816470 62165154 2.0609629e-24 2.0098668e-24 4.1812055e-31
1.2439259e+08 6.9730811e+17 5.5436646e+09 76740507 62102641 2.0547639e-24 2.0038717e-24 4.1602486e-31
1.2451838e+08 6.9800542e+17 5.5436643e+09 76664618 62040192 2.0485836e-24 1.9978945e-24 4.1393968e-31
1.2464429e+08 6.9870343e+17 5.543664e+09 76588803 61977805 2.0424219e-24 1.991935e-24 4.1186497e-31
1.2477032e+08 6.9940213e+17 5.5436637e+09 76513063 61915482 2.0362788e-24 1.9859933e-24 4.0980066e-31
1.2489649e+08 7.0010153e+17 5.5436634e+09 76437396 61853222 2.0301541e-24 1.9800693e-24 4.0774671e-31
1.2502278e+08 7.0080163e+17 5.5436631e+09 76361804 61791025 2.024048e-24 1.974163e-24 4.0570307e-31
1.2514919e+08 7.0150243e+17 5.5436629e+09 76286286 61728891 2.0179602e-24 1.9682742e-24 4.0366968e-31
1.2527573e+08 7.0220394e+17 5.5436626e+09 76210842 61666820 2.0118907e-24 1.962403e-24 4.016465e-31
1.254024e+08 7.0290614e+17 5.5436623e+09 76135471 61604811 2.0058395e-24 1.9565493e-24 3.9963346e-31
1.2552919e+08 7.0360905e+17 5.543662e+09 76060174 61542866 1.9998066e-24 1.950713e-24 3.9763052e-31
1.2565612e+08 7.0431266e+17 5.5436617e+09 75984951 61480983 1.9937918e-24 1.9448942e-24 3.9563764e-31
1.2578316e+08 7.0501697e+17 5.5436614e+09 75909802 61419162 1.9877952e-24 1.9390926e-24 3.9365475e-31
1.2591034e+08 7.0572199e+17 5.5436612e+09 75834726 61357405 1.9818166e-24 1.9333083e-24 3.9168181e-31
1.2603764e+08 7.0642771e+17 5.5436609e+09 75759724 61295709 1.975856e-24 1.9275413e-24 3.8971877e-31
1.2616507e+08 7.0713413e+17 5.5436606e+09 75684795 61234077 1.9699134e-24 1.9217915e-24 3.8776557e-31
1.2629263e+08 7.0784127e+17 5.5436603e+09 75609940 61172506 1.9639887e-24 1.9160587e-24 3.8582218e-31
1.2642031e+08 7.0854911e+17 5.5436601e+09 75535158 61110998 1.9580818e-24 1.9103431e-24 3.8388854e-31
1.2654813e+08 7.0925766e+17 5.5436598e+09 75460449 61049552 1.9521927e-24 1.9046445e-24 3.8196459e-31
1.2667607e+08 7.0996692e+17 5.5436595e+09 75385813 60988169 1.9463213e-24 1.8989629e-24 3.800503e-31
1.2680413e+08 7.1067688e+17 5.5436592e+09 75311250 60926847 1.9404677e-24 1.8932982e-24 3.7814562e-31
1.2693233e+08 7.1138756e+17 5.543659e+09 75236761 60865587 1.9346316e-24 1.8876503e-24 3.7625049e-31
1.2706066e+08 7.1209895e+17 5.5436587e+09 75162344 60804390 1.9288132e-24 1.8820193e-24 3.7436486e-31
1.2718911e+08 7.1281105e+17 5.5436584e+09 75088000 60743254 1.9230122e-24 1.8764051e-24 3.724887e-31
1.2731769e+08 7.1352386e+17 5.5436581e+09 75013729 60682181 1.9172288e-24 1.8708076e-24 3.7062195e-31
1.274464e+08 7.1423738e+17 5.5436579e+09 74939531 60621169 1.9114627e-24 1.8652268e-24 3.6876456e-31
1.2757524e+08 7.1495162e+17 5.5436576e+09 74865405 60560219 1.9057141e-24 1.8596626e-24 3.669165e-31
1.2770421e+08 7.1566657e+17 5.5436573e+09 74791352 60499330 1.8999827e-24 1.854115e-24 3.650777e-31
1.278333e+08 7.1638224e+17 5.5436571e+09 74717372 60438503 1.8942686e-24 1.8485839e-24 3.6324813e-31
1.2796253e+08 7.1709862e+17 5.5436568e+09 74643464 60377738 1.8885717e-24 1.8430693e-24 3.6142773e-31
1.2809188e+08 7.1781572e+17 5.5436565e+09 74569628 60317034 1.882892e-24 1.8375711e-24 3.5961647e-31
1.2822137e+08 7.1853353e+17 5.5436562e+09 74495864 60256392 1.8772294e-24 1.8320893e-24 3.578143e-31
1.2835098e+08 7.1925207e+17 5.543656e+09 74422173 60195811 1.8715838e-24 1.8266239e-24 3.5602116e-31
1.2848072e+08 7.1997132e+17 5.5436557e+09 74348554 60135291 1.8659552e-24 1.8211747e-24 3.5423702e-31
1.286106e+08 7.2069129e+17 5.5436554e+09 74275008 60074832 1.8603436e-24 1.8157417e-24 3.5246184e-31
1.287406e+08 7.2141198e+17 5.5436552e+09 74201533 60014435 1.8547489e-24 1.810325e-24 3.5069555e-31
1.2887073e+08 7.2213339e+17 5.5436549e+09 74128130 59954099 1.849171e-24 1.8049244e-24 3.4893813e-31
1.29001e+08 7.2285553e+17 5.5436546e+09 74054799 59893824 1.84361e-24 1.7995399e-24 3.4718952e-31
1.2913139e+08 7.2357838e+17 5.5436544e+09 73981540 59833609 1.8380657e-24 1.7941714e-24 3.4544968e-31
1.2926191e+08 7.2430196e+17 5.5436541e+09 73908353 59773456 1.832538e-24 1.7888189e-24 3.4371858e-31
1.2939257e+08 7.2502626e+17 5.5436538e+09 73835237 59713364 1.8270271e-24 1.7834824e-24 3.4199615e-31
1.2952335e+08 7.2575129e+17 5.5436536e+09 73762193 59653332 1.8215327e-24 1.7781617e-24 3.4028237e-31
1.2965427e+08 7.2647704e+17 5.5436533e+09 73689221 59593361 1.8160549e-24 1.772857e-24 3.3857718e-31
1.2978531e+08 7.2720352e+17 5.5436531e+09 73616320 59533451 1.8105935e-24 1.767568e-24 3.3688055e-31
1.2991649e+08 7.2793072e+17 5.5436528e+09 73543490 59473601 1.8051487e-24 1.7622948e-24 3.3519242e-31
1.300478e+08 7.2865865e+17 5.5436525e+09 73470732 59413812 1.7997202e-24 1.7570373e-24 3.3351277e-31
1.3017924e+08 7.2938731e+17 5.5436523e+09 73398045 59354084 1.794308e-24 1.7517955e-24 3.3184154e-31
1.3031081e+08 7.301167e+17 5.543652e+09 73325429 59294415 1.7889122e-24 1.7465692e-24 3.3017869e-31
1.3044252e+08 7.3084682e+17 5.5436518e+09 73252885 59234808 1.7835326e-24 1.7413586e-24 3.2852418e-31
1.3057435e+08 7.3157766e+17 5.5436515e+09 73180411 59175260 1.7781692e-24 1.7361635e-24 3.2687798e-31
1.3070632e+08 7.3230924e+17 5.5436512e+09 73108009 59115773 1.772822e-24 1.7309839e-24 3.2524003e-31
1.3083842e+08 7.3304155e+17 5.543651e+09 73035677 59056346 1.7674908e-24 1.7258197e-24 3.2361029e-31
1.3097065e+08 7.3377459e+17 5.5436507e+09 72963417 58996979 1.7621758e-24 1.7206709e-24 3.2198873e-31
1.3110301e+08 7.3450837e+17 5.5436505e+09 72891227 58937672 1.7568767e-24 1.7155374e-24 3.2037531e-31
1.3123551e+08 7.3524287e+17 5.5436502e+09 72819108 58878425 1.7515936e-24 1.7104192e-24 3.1876997e-31
1.3136813e+08 7.3597812e+17 5.5436499e+09 72747059 58819238 1.7463264e-24 1.7053163e-24 3.1717269e-31
1.3150089e+08 7.3671409e+17 5.5436497e+09 72675081 58760111 1.741075e-24 1.7002286e-24 3.1558342e-31
1.3163379e+08 7.3745081e+17 5.5436494e+09 72603174 58701044 1.7358395e-24 1.695156e-24 3.1400213e-31
1.3176681e+08 7.3818826e+17 5.5436492e+09 72531337 58642036 1.7306197e-24 1.6900986e-24 3.1242876e-31
1.3189997e+08 7.3892645e+17 5.5436489e+09 72459571 58583088 1.7254157e-24 1.6850562e-24 3.1086329e-31
1.3203326e+08 7.3966537e+17 5.5436487e+09 72387875 58524200 1.7202273e-24 1.6800289e-24 3.0930566e-31
1.3216669e+08 7.4040504e+17 5.5436484e+09 72316249 58465371 1.7150546e-24 1.6750165e-24 3.0775585e-31
1.3230025e+08 7.4114544e+17 5.5436482e+09 72244693 58406602 1.7098974e-24 1.6700191e-24 3.0621382e-31
1.3243394e+08 7.4188659e+17 5.5436479e+09 72173208 58347892 1.7047557e-24 1.6650366e-24 3.0467951e-31
1.3256777e+08 7.4262848e+17 5.5436477e+09 72101792 58289242 1.6996296e-24 1.6600689e-24 3.0315291e-31
1.3270173e+08 7.4337111e+17 5.5436474e+09 72030447 58230651 1.6945189e-24 1.655116e-24 3.0163395e-31
1.3283582e+08 7.4411448e+17 5.5436472e+09 71959171 58172119 1.6894235e-24 1.6501779e-24 3.0012262e-31
1.3297005e+08 7.4485859e+17 5.5436469e+09 71887965 58113647 1.6843435e-24 1.6452545e-24 2.9861887e-31
1.3310441e+08 7.4560345e+17 5.5436467e+09 71816830 58055233 1.6792788e-24 1.6403458e-24 2.9712266e-31
1.3323891e+08 7.4634905e+17 5.5436464e+09 71745763 57996879 1.6742294e-24 1.6354517e-24 2.9563395e-31
1.3337354e+08 7.470954e+17 5.5436462e+09 71674767 57938584 1.6691952e-24 1.6305722e-24 2.9415271e-31
1.3350831e+08 7.478425e+17 5.5436459e+09 71603840 57880347 1.6641761e-24 1.6257072e-24 2.926789e-31
1.3364321e+08 7.4859034e+17 5.5436457e+09 71532982 57822170 1.6591721e-24 1.6208567e-24 2.9121248e-31
1.3377825e+08 7.4933893e+17 5.5436454e+09 71462195 57764051 1.6541832e-24 1.6160207e-24 2.8975342e-31
1.3391342e+08 7.5008827e+17 5.5436452e+09 71391476 57705991 1.6492093e-24 1.6111991e-24 2.8830167e-31
1.3404872e+08 7.5083836e+17 5.5436449e+09 71320827 57647990 1.6442504e-24 1.6063918e-24 2.8685721e-31
1.3418416e+08 7.515892e+17 5.5436447e+09 71250247 57590048 1.6393064e-24 1.6015989e-24 2.8541998e-31
1.3431974e+08 7.5234078e+17 5.5436444e+09 71179736 57532164 1.6343774e-24 1.5968203e-24 2.8398997e-31
1.3445545e+08 7.5309313e+17 5.5436442e+09 71109294 57474338 1.6294631e-24 1.5920559e-24 2.8256713e-31
1.345913e+08 7.5384622e+17 5.5436439e+09 71038922 57416571 1.6245637e-24 1.5873057e-24 2.8115142e-31
1.3472728e+08 7.5460006e+17 5.5436437e+09 70968618 57358863 1.619679e-24 1.5825697e-24 2.7974281e-31
1.348634e+08 7.5535466e+17 5.5436435e+09 70898383 57301213 1.614809e-24 1.5778477e-24 2.7834127e-31
1.3499966e+08 7.5611002e+17 5.5436432e+09 70828217 57243621 1.6099537e-24 1.5731399e-24 2.7694676e-31
1.3513605e+08 7.5686613e+17 5.543643e+09 70758120 57186087 1.605113e-24 1.5684461e-24 2.7555924e-31
1.3527258e+08 7.57623e+17 5.5436427e+09 70688092 57128612 1.6002868e-24 1.5637663e-24 2.7417868e-31
1.3540925e+08 7.5838062e+17 5.5436425e+09 70618132 57071195 1.5954752e-24 1.5591004e-24 2.7280504e-31
1.3554605e+08 7.59139e+17 5.5436422e+09 70548241 57013836 1.5906781e-24 1.5544484e-24 2.7143829e-31
1.3568299e+08 7.5989814e+17 5.543642e+09 70478419 56956534 1.5858954e-24 1.5498103e-24 2.7007839e-31
1.3582006e+08 7.6065804e+17 5.5436418e+09 70408665 56899291 1.5811272e-24 1.545186e-24 2.6872532e-31
1.3595728e+08 7.6141869e+17 5.5436415e+09 70338979 56842106 1.5763733e-24 1.5405755e-24 2.6737903e-31
1.3609463e+08 7.6218011e+17 5.5436413e+09 70269361 56784978 1.5716337e-24 1.5359787e-24 2.6603949e-31
1.3623211e+08 7.6294229e+17 5.543641e+09 70199812 56727908 1.5669083e-24 1.5313957e-24 2.6470667e-31
1.3636974e+08 7.6370524e+17 5.5436408e+09 70130331 56670896 1.5621972e-24 1.5268263e-24 2.6338053e-31
1.365075e+08 7.6446894e+17 5.5436406e+09 70060919 56613942 1.5575003e-24 1.5222705e-24 2.6206104e-31
1.366454e+08 7.6523341e+17 5.5436403e+09 69991574 56557045 1.5528175e-24 1.5177283e-24 2.6074817e-31
1.3678344e+08 7.6599864e+17 5.5436401e+09 69922297 56500205 1.5481489e-24 1.5131996e-24 2.5944188e-31
1.3692161e+08 7.6676464e+17 5.5436399e+09 69853088 56443423 1.5434942e-24 1.5086844e-24 2.5814215e-31
1.3705993e+08 7.6753141e+17 5.5436396e+09 69783947 56386699 1.5388536e-24 1.5041827e-24 2.5684893e-31
1.3719838e+08 7.6829894e+17 5.5436394e+09 69714874 56330032 1.534227e-24 1.4996944e-24 2.5556219e-31
1.3733697e+08 7.6906724e+17 5.5436392e+09 69645869 56273422 1.5296143e-24 1.4952195e-24 2.5428191e-31
1.374757e+08 7.698363e+17 5.5436389e+09 69576931 56216869 1.5250155e-24 1.4907579e-24 2.5300805e-31
1.3761457e+08 7.7060614e+17 5.5436387e+09 69508061 56160374 1.5204305e-24 1.4863096e-24 2.5174058e-31
1.3775358e+08 7.7137675e+17 5.5436385e+09 69439259 56103935 1.5158593e-24 1.4818746e-24 2.5047946e-31
1.3789272e+08 7.7214812e+17 5.5436382e+09 69370524 56047554 1.5113019e-24 1.4774528e-24 2.4922466e-31
1.3803201e+08 7.7292027e+17 5.543638e+09 69301856 55991230 1.5067582e-24 1.4730441e-24 2.4797616e-31
1.3817143e+08 7.7369319e+17 5.5436378e+09 69233256 55934962 1.5022282e-24 1.4686486e-24 2.4673392e-31
1.38311e+08 7.7446688e+17 5.5436375e+09 69164723 55878752 1.4977118e-24 1.4642663e-24 2.4549791e-31
1.384507e+08 7.7524135e+17 5.5436373e+09 69096257 55822598 1.4932091e-24 1.4598969e-24 2.4426809e-31
1.3859055e+08 7.7601659e+17 5.5436371e+09 69027858 55766501 1.4887198e-24 1.4555406e-24 2.4304444e-31
1.3873053e+08 7.7679261e+17 5.5436368e+09 68959527 55710461 1.4842441e-24 1.4511973e-24 2.4182693e-31
1.3887065e+08 7.775694e+17 5.5436366e+09 68891262 55654478 1.4797819e-24 1.4468669e-24 2.4061552e-31
1.3901092e+08 7.7834697e+17 5.5436364e+09 68823064 55598551 1.4753331e-24 1.4425495e-24 2.3941019e-31
1.3915132e+08 7.7912532e+17 5.5436361e+09 68754934 55542680 1.4708977e-24 1.4382449e-24 2.382109e-31
1.3929186e+08 7.7990444e+17 5.5436359e+09 68686870 55486866 1.4664757e-24 1.4339531e-24 2.3701762e-31
1.3943255e+08 7.8068435e+17 5.5436357e+09 68618873 55431109 1.4620669e-24 1.4296741e-24 2.3583033e-31
1.3957337e+08 7.8146503e+17 5.5436355e+09 68550942 55375408 1.4576714e-24 1.4254079e-24 2.3464899e-31
1.3971434e+08 7.822465e+17 5.5436352e+09 68483079 55319763 1.4532892e-24 1.4211544e-24 2.3347357e-31
1.3985545e+08 7.8302874e+17 5.543635e+09 68415282 55264174 1.4489202e-24 1.4169136e-24 2.3230405e-31
1.3999669e+08 7.8381177e+17 5.5436348e+09 68347551 55208642 1.4445643e-24 1.4126854e-24 2.3114039e-31
1.4013808e+08 7.8459558e+17 5.5436346e+09 68279887 55153166 1.4402215e-24 1.4084698e-24 2.2998256e-31
1.4027961e+08 7.8538018e+17 5.5436343e+09 68212289 55097746 1.4358918e-24 1.4042668e-24 2.2883054e-31
1.4042129e+08 7.8616556e+17 5.5436341e+09 68144757 55042381 1.4315751e-24 1.4000763e-24 2.276843e-31
1.405631e+08 7.8695173e+17 5.5436339e+09 68077292 54987073 1.4272714e-24 1.3958983e-24 2.265438e-31
1.4070506e+08 7.8773868e+17 5.5436337e+09 68009893 54931821 1.4229807e-24 1.3917328e-24 2.2540902e-31
1.4084716e+08 7.8852642e+17 5.5436334e+09 67942560 54876624 1.4187029e-24 1.3875796e-24 2.2427993e-31
1.409894e+08 7.8931494e+17 5.5436332e+09 67875293 54821484 1.414438e-24 1.3834389e-24 2.2315651e-31
1.4113178e+08 7.9010426e+17 5.543633e+09 67808092 54766399 1.4101859e-24 1.3793105e-24 2.2203871e-31
1.412743e+08 7.9089436e+17 5.5436328e+09 67740958 54711369 1.4059466e-24 1.3751944e-24 2.2092652e-31
1.4141697e+08 7.9168526e+17 5.5436325e+09 67673889 54656396 1.4017201e-24 1.3710906e-24 2.1981991e-31
1.4155978e+08 7.9247694e+17 5.5436323e+09 67606885 54601477 1.3975063e-24 1.366999e-24 2.1871884e-31
1.4170273e+08 7.9326942e+17 5.5436321e+09 67539948 54546615 1.3933051e-24 1.3629196e-24 2.1762329e-31
1.4184583e+08 7.9406269e+17 5.5436319e+09 67473076 54491808 1.3891167e-24 1.3588523e-24 2.1653324e-31
1.4198907e+08 7.9485675e+17 5.5436317e+09 67406270 54437056 1.3849408e-24 1.3547972e-24 2.1544865e-31
1.4213245e+08 7.9565161e+17 5.5436314e+09 67339529 54382359 1.3807775e-24 1.3507542e-24 2.143695e-31
1.4227597e+08 7.9644726e+17 5.5436312e+09 67272854 54327718 1.3766267e-24 1.3467232e-24 2.1329576e-31
1.4241964e+08 7.9724371e+17 5.543631e+09 67206244 54273132 1.3724885e-24 1.3427043e-24 2.122274e-31
1.4256345e+08 7.9804095e+17 5.5436308e+09 67139700 54218601 1.3683626e-24 1.3386973e-24 2.111644e-31
1.4270741e+08 7.9883899e+17 5.5436306e+09 67073221 54164126 1.3642492e-24 1.3347023e-24 2.1010673e-31
1.4285151e+08 7.9963783e+17 5.5436303e+09 67006807 54109705 1.3601482e-24 1.3307191e-24 2.0905436e-31
1.4299576e+08 8.0043747e+17 5.5436301e+09 66940458 54055339 1.3560595e-24 1.3267479e-24 2.0800727e-31
1.4314014e+08 8.0123791e+17 5.5436299e+09 66874175 54001029 1.3519832e-24 1.3227885e-24 2.0696543e-31
1.4328468e+08 8.0203914e+17 5.5436297e+09 66807957 53946773 1.3479191e-24 1.3188409e-24 2.0592881e-31
1.4342936e+08 8.0284118e+17 5.5436295e+09 66741803 53892572 1.3438672e-24 1.314905e-24 2.0489738e-31
1.4357418e+08 8.0364402e+17 5.5436293e+09 66675715 53838426 1.3398276e-24 1.3109809e-24 2.0387113e-31
1.4371914e+08 8.0444767e+17 5.5436291e+09 66609691 53784334 1.3358001e-24 1.3070685e-24 2.0285002e-31
1.4386426e+08 8.0525212e+17 5.5436288e+09 66543732 53730297 1.3317847e-24 1.3031678e-24 2.0183403e-31
1.4400951e+08 8.0605737e+17 5.5436286e+09 66477838 53676315 1.3277814e-24 1.2992786e-24 2.0082314e-31
1.4415492e+08 8.0686342e+17 5.5436284e+09 66412008 53622387 1.3237901e-24 1.2954011e-24 1.9981731e-31
1.4430046e+08 8.0767029e+17 5.5436282e+09 66346244 53568514 1.3198109e-24 1.2915352e-24 1.9881652e-31
1.4444616e+08 8.0847796e+17 5.543628e+09 66280543 53514695 1.3158436e-24 1.2876807e-24 1.9782076e-31
1.44592e+08 8.0928644e+17 5.5436278e+09 66214907 53460931 1.3118883e-24 1.2838378e-24 1.9682998e-31
1.4473798e+08 8.1009572e+17 5.5436276e+09 66149336 53407221 1.3079449e-24 1.2800063e-24 1.9584417e-31
1.4488411e+08 8.1090582e+17 5.5436274e+09 66083829 53353565 1.3040133e-24 1.2761862e-24 1.948633e-31
1.4503039e+08 8.1171672e+17 5.5436271e+09 66018386 53299963 1.3000936e-24 1.2723775e-24 1.9388735e-31
1.4517681e+08 8.1252844e+17 5.5436269e+09 65953008 53246416 1.2961857e-24 1.2685802e-24 1.9291629e-31
1.4532338e+08 8.1334097e+17 5.5436267e+09 65887694 53192922 1.2922896e-24 1.2647942e-24 1.919501e-31
1.454701e+08 8.1415431e+17 5.5436265e+09 65822444 53139483 1.2884051e-24 1.2610195e-24 1.9098876e-31
1.4561696e+08 8.1496846e+17 5.5436263e+09 65757257 53086098 1.2845324e-24 1.257256e-24 1.9003223e-31
1.4576397e+08 8.1578343e+17 5.5436261e+09 65692135 53032766 1.2806713e-24 1.2535038e-24 1.8908049e-31
1.4591113e+08 8.1659922e+17 5.5436259e+09 65627077 52979489 1.2768219e-24 1.2497627e-24 1.8813353e-31
1.4605843e+08 8.1741582e+17 5.5436257e+09 65562083 52926265 1.272984e-24 1.2460328e-24 1.8719132e-31
1.4620589e+08 8.1823323e+17 5.5436255e+09 65497152 52873095 1.2691577e-24 1.242314e-24 1.8625383e-31
1.4635348e+08 8.1905147e+17 5.5436253e+09 65432286 52819979 1.2653429e-24 1.2386063e-24 1.8532103e-31
1.4650123e+08 8.1987052e+17 5.5436251e+09 65367483 52766916 1.2615395e-24 1.2349097e-24 1.8439292e-31
1.4664913e+08 8.2069039e+17 5.5436248e+09 65302743 52713907 1.2577477e-24 1.231224e-24 1.8346945e-31
1.4679717e+08 8.2151108e+17 5.5436246e+09 65238067 52660952 1.2539672e-24 1.2275494e-24 1.8255062e-31
1.4694536e+08 8.2233259e+17 5.5436244e+09 65173455 52608050 1.2501981e-24 1.2238857e-24 1.8163639e-31
1.470937e+08 8.2315492e+17 5.5436242e+09 65108906 52555202 1.2464404e-24 1.220233e-24 1.8072674e-31
1.4724218e+08 8.2397808e+17 5.543624e+09 65044420 52502407 1.2426939e-24 1.2165911e-24 1.7982165e-31
1.4739082e+08 8.2480205e+17 5.5436238e+09 64979998 52449665 1.2389588e-24 1.2129601e-24 1.789211e-31
1.475396e+08 8.2562686e+17 5.5436236e+09 64915639 52396976 1.2352348e-24 1.2093399e-24 1.7802507e-31
1.4768853e+08 8.2645248e+17 5.5436234e+09 64851343 52344341 1.2315221e-24 1.2057305e-24 1.7713352e-31
1.4783762e+08 8.2727894e+17 5.5436232e+09 64787111 52291759 1.2278206e-24 1.2021319e-24 1.7624645e-31
1.4798685e+08 8.2810621e+17 5.543623e+09 64722941 52239230 1.2241302e-24 1.198544e-24 1.7536382e-31
1.4813623e+08 8.2893432e+17 5.5436228e+09 64658835 52186754 1.2204509e-24 1.1949668e-24 1.7448561e-31
1.4828576e+08 8.2976325e+17 5.5436226e+09 64594791 52134331 1.2167827e-24 1.1914002e-24 1.7361181e-31
1.4843544e+08 8.3059302e+17 5.5436224e+09 64530810 52081961 1.2131255e-24 1.1878443e-24 1.7274238e-31
1.4858526e+08 8.3142361e+17 5.5436222e+09 64466893 52029644 1.2094793e-24 1.184299e-24 1.7187732e-31
1.4873524e+08 8.3225503e+17 5.543622e+09 64403037 51977380 1.2058441e-24 1.1807643e-24 1.7101659e-31
1.4888537e+08 8.3308729e+17 5.5436218e+09 64339245 51925169 1.2022199e-24 1.1772401e-24 1.7016017e-31
1.4903565e+08 8.3392038e+17 5.5436216e+09 64275515 51873010 1.1986065e-24 1.1737264e-24 1.6930805e-31
1.4918608e+08 8.347543e+17 5.5436214e+09 64211848 51820904 1.195004e-24 1.1702232e-24 1.684602e-31
1.4933666e+08 8.3558905e+17 5.5436212e+09 64148244 51768851 1.1914124e-24 1.1667305e-24 1.6761659e-31
1.4948739e+08 8.3642464e+17 5.543621e+09 64084701 51716850 1.1878316e-24 1.1632481e-24 1.6677722e-31
1.4963827e+08 8.3726107e+17 5.5436208e+09 64021222 51664902 1.1842615e-24 1.1597761e-24 1.6594205e-31
1.497893e+08 8.3809833e+17 5.5436206e+09 63957804 51613006 1.1807022e-24 1.1563145e-24 1.6511107e-31
1.4994048e+08 8.3893642e+17 5.5436204e+09 63894449 51561162 1.1771536e-24 1.1528632e-24 1.6428426e-31
1.5009182e+08 8.3977536e+17 5.5436202e+09 63831156 51509371 1.1736157e-24 1.1494222e-24 1.6346158e-31
1.502433e+08 8.4061514e+17 5.54362e+09 63767926 51457633 1.1700884e-24 1.1459915e-24 1.6264303e-31
1.5039494e+08 8.4145575e+17 5.5436198e+09 63704757 51405946 1.1665717e-24 1.142571e-24 1.6182859e-31
1.5054672e+08 8.4229721e+17 5.5436196e+09 63641650 51354312 1.1630656e-24 1.1391606e-24 1.6101822e-31
1.5069866e+08 8.431395e+17 5.5436194e+09 63578606 51302730 1.1595701e-24 1.1357605e-24 1.6021192e-31
1.5085076e+08 8.4398264e+17 5.5436192e+09 63515623 51251200 1.1560851e-24 1.1323705e-24 1.5940966e-31
1.51003e+08 8.4482663e+17 5.543619e+09 63452702 51199722 1.1526106e-24 1.1289906e-24 1.5861142e-31
1.511554e+08 8.4567145e+17 5.5436188e+09 63389843 51148296 1.1491465e-24 1.1256208e-24 1.5781718e-31
1.5130795e+08 8.4651713e+17 5.5436187e+09 63327046 51096922 1.1456929e-24 1.122261e-24 1.5702692e-31
1.5146065e+08 8.4736364e+17 5.5436185e+09 63264311 51045600 1.1422496e-24 1.1189112e-24 1.5624062e-31
1.516135e+08 8.4821101e+17 5.5436183e+09 63201637 50994329 1.1388167e-24 1.1155715e-24 1.5545826e-31
1.5176651e+08 8.4905922e+17 5.5436181e+09 63139024 50943111 1.1353942e-24 1.1122416e-24 1.5467983e-31
1.5191967e+08 8.4990828e+17 5.5436179e+09 63076474 50891944 1.1319819e-24 1.1089218e-24 1.5390529e-31
1.5207298e+08 8.5075818e+17 5.5436177e+09 63013984 50840829 1.1285799e-24 1.1056118e-24 1.5313464e-31
1.5222645e+08 8.5160894e+17 5.5436175e+09 62951556 50789765 1.1251882e-24 1.1023117e-24 1.5236785e-31
1.5238007e+08 8.5246055e+17 5.5436173e+09 62889190 50738753 1.1218066e-24 1.0990214e-24 1.516049e-31
1.5253384e+08 8.5331301e+17 5.5436171e+09 62826884 50687793 1.1184352e-24 1.0957409e-24 1.5084577e-31
1.5268777e+08 8.5416633e+17 5.5436169e+09 62764640 50636884 1.115074e-24 1.0924703e-24 1.5009045e-31
1.5284185e+08 8.5502049e+17 5.5436167e+09 62702457 50586026 1.1117229e-24 1.0892093e-24 1.4933892e-31
1.5299608e+08 8.5587551e+17 5.5436165e+09 62640335 50535220 1.1083818e-24 1.0859581e-24 1.4859115e-31
1.5315047e+08 8.5673139e+17 5.5436164e+09 62578274 50484465 1.1050509e-24 1.0827166e-24 1.4784713e-31
1.5330502e+08 8.5758812e+17 5.5436162e+09 62516274 50433761 1.1017299e-24 1.0794848e-24 1.4710683e-31
1.5345971e+08 8.5844571e+17 5.543616e+09 62454335 50383109 1.0984189e-24 1.0762626e-24 1.4637025e-31
1.5361457e+08 8.5930415e+17 5.5436158e+09 62392457 50332507 1.0951179e-24 1.07305e-24 1.4563736e-31
1.5376958e+08 8.6016346e+17 5.5436156e+09 62330640 50281957 1.0918269e-24 1.0698469e-24 1.4490814e-31
1.5392474e+08 8.6102362e+17 5.5436154e+09 62268883 50231458 1.0885457e-24 1.0666535e-24 1.4418258e-31
1.5408006e+08 8.6188464e+17 5.5436152e+09 62207188 50181009 1.0852744e-24 1.0634695e-24 1.4346065e-31
1.5423553e+08 8.6274653e+17 5.543615e+09 62145552 50130612 1.082013e-24 1.0602951e-24 1.4274234e-31
1.5439116e+08 8.6360927e+17 5.5436149e+09 62083978 50080266 1.0787613e-24 1.0571301e-24 1.4202763e-31
1.5454694e+08 8.6447288e+17 5.5436147e+09 62022463 50029970 1.0755195e-24 1.0539745e-24 1.413165e-31
1.5470288e+08 8.6533736e+17 5.5436145e+09 61961010 49979725 1.0722874e-24 1.0508284e-24 1.4060894e-31
1.5485898e+08 8.6620269e+17 5.5436143e+09 61899616 49929531 1.069065e-24 1.0476917e-24 1.3990492e-31
1.5501523e+08 8.670689e+17 5.5436141e+09 61838283 49879388 1.0658523e-24 1.0445643e-24 1.3920443e-31
1.5517164e+08 8.6793597e+17 5.5436139e+09 61777011 49829295 1.0626493e-24 1.0414462e-24 1.3850744e-31
1.5532821e+08 8.688039e+17 5.5436137e+09 61715798 49779253 1.0594559e-24 1.0383374e-24 1.3781396e-31
1.5548493e+08 8.6967271e+17 5.5436136e+09 61654646 49729261 1.0562721e-24 1.0352379e-24 1.3712394e-31
1.5564181e+08 8.7054238e+17 5.5436134e+09 61593554 49679320 1.053098e-24 1.0321476e-24 1.3643739e-31
1.5579884e+08 8.7141292e+17 5.5436132e+09 61532521 49629429 1.0499333e-24 1.0290666e-24 1.3575427e-31
1.5595603e+08 8.7228433e+17 5.543613e+09 61471549 49579589 1.0467782e-24 1.0259947e-24 1.3507458e-31
1.5611338e+08 8.7315662e+17 5.5436128e+09 61410637 49529798 1.0436326e-24 1.022932e-24 1.343983e-31
1.5627089e+08 8.7402977e+17 5.5436126e+09 61349784 49480059 1.0404964e-24 1.0198785e-24 1.337254e-31
1.5642855e+08 8.749038e+17 5.5436125e+09 61288992 49430369 1.0373697e-24 1.016834e-24 1.3305587e-31
1.5658638e+08 8.7577871e+17 5.5436123e+09 61228259 49380729 1.0342524e-24 1.0137986e-24 1.323897e-31
1.5674435e+08 8.7665449e+17 5.5436121e+09 61167586 49331140 1.0311444e-24 1.0107723e-24 1.3172687e-31
1.5690249e+08 8.7753114e+17 5.5436119e+09 61106972 49281601 1.0280458e-24 1.007755e-24 1.3106736e-31
1.5706079e+08 8.7840867e+17 5.5436117e+09 61046418 49232111 1.0249566e-24 1.0047467e-24 1.3041116e-31
1.5721924e+08 8.7928708e+17 5.5436116e+09 60985924 49182672 1.0218766e-24 1.0017474e-24 1.2975824e-31
1.5737786e+08 8.8016637e+17 5.5436114e+09 60925489 49133283 1.0188059e-24 9.9875696e-25 1.2910859e-31
1.5753663e+08 8.8104653e+17 5.5436112e+09 60865113 49083943 1.0157444e-24 9.9577549e-25 1.284622e-31
1.5769556e+08 8.8192758e+17 5.543611e+09 60804797 49034653 1.0126922e-24 9.9280291e-25 1.2781905e-31
1.5785465e+08 8.8280951e+17 5.5436108e+09 60744540 48985413 1.0096491e-24 9.898392e-25 1.2717912e-31
1.5801389e+08 8.8369232e+17 5.5436107e+09 60684342 48936223 1.0066152e-24 9.8688432e-25 1.265424e-31
1.581733e+08 8.8457601e+17 5.5436105e+09 60624204 48887082 1.0035904e-24 9.8393825e-25 1.2590887e-31
1.5833287e+08 8.8546059e+17 5.5436103e+09 60564124 48837991 1.0005747e-24 9.8100098e-25 1.2527851e-31
1.5849259e+08 8.8634605e+17 5.5436101e+09 60504104 48788950 9.9756807e-25 9.7807246e-25 1.2465131e-31
1.5865248e+08 8.8723239e+17 5.54361e+09 60444143 48739958 9.945705e-25 9.7515267e-25 1.2402725e-31
1.5881253e+08 8.8811963e+17 5.5436098e+09 60384240 48691015 9.9158194e-25 9.7224159e-25 1.2340632e-31
1.5897273e+08 8.8900775e+17 5.5436096e+09 60324397 48642122 9.8860238e-25 9.693392e-25 1.2278851e-31
1.591331e+08 8.8989675e+17 5.5436094e+09 60264612 48593278 9.8563178e-25 9.6644546e-25 1.2217378e-31
1.5929363e+08 8.9078665e+17 5.5436093e+09 60204886 48544484 9.8267012e-25 9.6356035e-25 1.2156214e-31
1.5945431e+08 8.9167744e+17 5.5436091e+09 60145219 48495738 9.7971736e-25 9.6068384e-25 1.2095356e-31
1.5961516e+08 8.9256911e+17 5.5436089e+09 60085611 48447042 9.7677349e-25 9.5781592e-25 1.2034803e-31
1.5977617e+08 8.9346168e+17 5.5436087e+09 60026061 48398395 9.7383848e-25 9.5495654e-25 1.1974554e-31
1.5993734e+08 8.9435514e+17 5.5436086e+09 59966569 48349798 9.7091229e-25 9.521057e-25 1.1914606e-31
1.6009867e+08 8.952495e+17 5.5436084e+09 59907136 48301249 9.6799491e-25 9.4926336e-25 1.1854959e-31
1.6026016e+08 8.9614475e+17 5.5436082e+09 59847762 48252749 9.6508631e-25 9.4642949e-25 1.1795611e-31
1.6042182e+08 8.9704089e+17 5.543608e+09 59788446 48204298 9.6218645e-25 9.4360408e-25 1.173656e-31
1.6058363e+08 8.9793794e+17 5.5436079e+09 59729188 48155896 9.5929532e-25 9.4078709e-25 1.1677805e-31
1.6074561e+08 8.9883587e+17 5.5436077e+09 59669989 48107543 9.5641288e-25 9.379785e-25 1.1619344e-31
1.6090775e+08 8.9973471e+17 5.5436075e+09 59610848 48059239 9.5353912e-25 9.3517829e-25 1.1561176e-31
1.6107005e+08 9.0063444e+17 5.5436074e+09 59551765 48010983 9.50674e-25 9.3238643e-25 1.15033e-31
1.6123251e+08 9.0153508e+17 5.5436072e+09 59492740 47962777 9.478175e-25 9.296029e-25 1.1445713e-31
1.6139514e+08 9.0243661e+17 5.543607e+09 59433773 47914619 9.449696e-25 9.2682767e-25 1.1388415e-31
1.6155793e+08 9.0333905e+17 5.5436068e+09 59374864 47866509 9.4213026e-25 9.2406072e-25 1.1331404e-31
1.6172088e+08 9.0424239e+17 5.5436067e+09 59316013 47818448 9.3929946e-25 9.2130202e-25 1.1274679e-31
1.6188399e+08 9.0514663e+17 5.5436065e+09 59257220 47770435 9.3647718e-25 9.1855155e-25 1.1218238e-31
1.6204727e+08 9.0605178e+17 5.5436063e+09 59198484 47722471 9.3366339e-25 9.1580928e-25 1.116208e-31
1.6221071e+08 9.0695783e+17 5.5436062e+09 59139807 47674556 9.3085806e-25 9.1307519e-25 1.1106203e-31
1.6237432e+08 9.0786479e+17 5.543606e+09 59081187 47626688 9.2806117e-25 9.1034925e-25 1.1050606e-31
1.6253808e+08 9.0877265e+17 5.5436058e+09 59022625 47578869 9.2527269e-25 9.0763145e-25 1.0995288e-31
1.6270201e+08 9.0968142e+17 5.5436057e+09 58964120 47531099 9.2249261e-25 9.0492175e-25 1.0940246e-31
1.6286611e+08 9.1059111e+17 5.5436055e+09 58905673 47483376 9.1972088e-25 9.0222013e-25 1.0885481e-31
1.6303037e+08 9.115017e+17 5.5436053e+09 58847283 47435702 9.1695749e-25 8.9952657e-25 1.083099e-31
1.6319479e+08 9.124132e+17 5.5436052e+09 58788951 47388075 9.1420242e-25 8.9684105e-25 1.0776772e-31
1.6335938e+08 9.1332561e+17 5.543605e+09 58730676 47340497 9.1145563e-25 8.9416353e-25 1.0722825e-31
1.6352414e+08 9.1423894e+17 5.5436048e+09 58672459 47292967 9.0871711e-25 8.91494e-25 1.0669149e-31
1.6368905e+08 9.1515318e+17 5.5436047e+09 58614299 47245485 9.0598682e-25 8.8883244e-25 1.0615742e-31
1.6385414e+08 9.1606833e+17 5.5436045e+09 58556196 47198050 9.0326474e-25 8.8617881e-25 1.0562602e-31
1.6401938e+08 9.169844e+17 5.5436043e+09 58498150 47150664 9.0055086e-25 8.835331e-25 1.0509728e-31
1.641848e+08 9.1790138e+17 5.5436042e+09 58440161 47103325 8.9784513e-25 8.8089527e-25 1.045712e-31
1.6435038e+08 9.1881928e+17 5.543604e+09 58382229 47056034 8.9514755e-25 8.7826532e-25 1.0404775e-31
1.6451612e+08 9.197381e+17 5.5436038e+09 58324355 47008791 8.9245808e-25 8.7564321e-25 1.0352692e-31
1.6468203e+08 9.2065784e+17 5.5436037e+09 58266537 46961596 8.897767e-25 8.7302892e-25 1.030087e-31
1.648481e+08 9.215785e+17 5.5436035e+09 58208776 46914448 8.8710338e-25 8.7042243e-25 1.0249308e-31
1.6501435e+08 9.2250008e+17 5.5436033e+09 58151072 46867347 8.8443811e-25 8.6782371e-25 1.0198004e-31
1.6518075e+08 9.2342258e+17 5.5436032e+09 58093424 46820295 8.8178085e-25 8.6523275e-25 1.0146957e-31
1.6534733e+08 9.24346e+17 5.543603e+09 58035834 46773289 8.7913159e-25 8.6264951e-25 1.0096165e-31
1.6551407e+08 9.2527035e+17 5.5436029e+09 57978300 46726331 8.7649029e-25 8.6007398e-25 1.0045629e-31
1.6568098e+08 9.2619562e+17 5.5436027e+09 57920822 46679421 8.7385694e-25 8.5750613e-25 9.9953449e-32
1.6584805e+08 9.2712181e+17 5.5436025e+09 57863401 46632558 8.7123151e-25 8.5494594e-25 9.9453132e-32
1.6601529e+08 9.2804893e+17 5.5436024e+09 57806037 46585742 8.6861398e-25 8.5239339e-25 9.8955321e-32
1.661827e+08 9.2897698e+17 5.5436022e+09 57748729 46538973 8.6600432e-25 8.4984845e-25 9.8460003e-32
1.6635028e+08 9.2990596e+17 5.543602e+09 57691478 46492252 8.6340251e-25 8.473111e-25 9.7967167e-32
1.6651802e+08 9.3083587e+17 5.5436019e+09 57634282 46445577 8.6080852e-25 8.4478132e-25 9.74768e-32
1.6668594e+08 9.317667e+17 5.5436017e+09 57577143 46398950 8.5822234e-25 8.4225908e-25 9.698889e-32
1.6685402e+08 9.3269847e+17 5.5436016e+09 57520061 46352370 8.5564393e-25 8.3974437e-25 9.6503423e-32
1.6702226e+08 9.3363117e+17 5.5436014e+09 57463034 46305836 8.5307328e-25 8.3723716e-25 9.6020388e-32
1.6719068e+08 9.345648e+17 5.5436013e+09 57406064 46259350 8.5051037e-25 8.3473743e-25 9.5539773e-32
1.6735926e+08 9.3549936e+17 5.5436011e+09 57349149 46212911 8.4795516e-25 8.3224516e-25 9.5061566e-32
1.6752802e+08 9.3643486e+17 5.5436009e+09 57292291 46166518 8.4540763e-25 8.2976032e-25 9.4585754e-32
1.6769694e+08 9.373713e+17 5.5436008e+09 57235488 46120172 8.4286777e-25 8.2728289e-25 9.4112325e-32
1.6786603e+08 9.3830867e+17 5.5436006e+09 57178742 46073873 8.4033555e-25 8.2481285e-25 9.3641269e-32
1.6803529e+08 9.3924698e+17 5.5436005e+09 57122051 46027621 8.3781095e-25 8.2235018e-25 9.3172571e-32
1.6820472e+08 9.4018622e+17 5.5436003e+09 57065416 45981415 8.3529393e-25 8.1989486e-25 9.2706222e-32
1.6837432e+08 9.4112641e+17 5.5436001e+09 57008837 45935256 8.3278449e-25 8.1744686e-25 9.2242208e-32
1.6854408e+08 9.4206754e+17 5.5436e+09 56952313 45889144 8.3028259e-25 8.1500616e-25 9.1780519e-32
1.6871402e+08 9.430096e+17 5.5435998e+09 56895845 45843078 8.2778822e-25 8.1257274e-25 9.1321143e-32
1.6888413e+08 9.4395261e+17 5.5435997e+09 56839433 45797059 8.2530136e-25 8.1014658e-25 9.0864067e-32
1.6905441e+08 9.4489657e+17 5.5435995e+09 56783076 45751086 8.2282197e-25 8.0772766e-25 9.0409282e-32
1.6922486e+08 9.4584146e+17 5.5435994e+09 56726775 45705159 8.2035004e-25 8.0531596e-25 8.9956774e-32
1.6939547e+08 9.467873e+17 5.5435992e+09 56670529 45659278 8.1788554e-25 8.0291145e-25 8.9506533e-32
1.6956626e+08 9.4773409e+17 5.5435991e+09 56614338 45613444 8.1542845e-25 8.0051411e-25 8.9058547e-32
1.6973722e+08 9.4868183e+17 5.5435989e+09 56558203 45567657 8.1297876e-25 7.9812392e-25 8.8612805e-32
1.6990836e+08 9.4963051e+17 5.5435987e+09 56502123 45521915 8.1053643e-25 7.9574087e-25 8.8169296e-32
1.7007966e+08 9.5058014e+17 5.5435986e+09 56446098 45476219 8.0810145e-25 7.9336492e-25 8.7728008e-32
1.7025113e+08 9.5153072e+17 5.5435984e+09 56390128 45430570 8.0567379e-25 7.9099606e-25 8.7288931e-32
1.7042278e+08 9.5248225e+17 5.5435983e+09 56334213 45384967 8.0325343e-25 7.8863426e-25 8.6852053e-32
1.7059459e+08 9.5343473e+17 5.5435981e+09 56278354 45339409 8.0084035e-25 7.8627952e-25 8.6417363e-32
1.7076658e+08 9.5438817e+17 5.543598e+09 56222549 45293898 7.9843453e-25 7.8393179e-25 8.5984851e-32
1.7093874e+08 9.5534255e+17 5.5435978e+09 56166799 45248432 7.9603594e-25 7.8159107e-25 8.5554505e-32
1.7111107e+08 9.562979e+17 5.5435977e+09 56111104 45203013 7.9364457e-25 7.7925733e-25 8.5126314e-32
1.7128358e+08 9.572542e+17 5.5435975e+09 56055464 45157639 7.9126039e-25 7.7693056e-25 8.4700268e-32
1.7145626e+08 9.5821145e+17 5.5435974e+09 55999879 45112311 7.8888338e-25 7.7461072e-25 8.4276357e-32
1.7162911e+08 9.5916966e+17 5.5435972e+09 55944348 45067028 7.8651352e-25 7.7229781e-25 8.3854568e-32
1.7180213e+08 9.6012883e+17 5.5435971e+09 55888873 45021792 7.8415078e-25 7.699918e-25 8.3434892e-32
1.7197533e+08 9.6108896e+17 5.5435969e+09 55833451 44976600 7.8179515e-25 7.6769266e-25 8.3017318e-32
1.7214869e+08 9.6205005e+17 5.5435968e+09 55778084 44931455 7.7944661e-25 7.6540039e-25 8.2601836e-32
1.7232224e+08 9.630121e+17 5.5435966e+09 55722772 44886355 7.7710513e-25 7.6311495e-25 8.2188434e-32
1.7249595e+08 9.6397511e+17 5.5435965e+09 55667514 44841300 7.7477069e-25 7.6083633e-25 8.1777104e-32
1.7266984e+08 9.6493909e+17 5.5435963e+09 55612311 44796291 7.7244327e-25 7.5856451e-25 8.1367833e-32
1.7284391e+08 9.6590402e+17 5.5435962e+09 55557162 44751328 7.7012284e-25 7.5629946e-25 8.0960612e-32
1.7301814e+08 9.6686993e+17 5.543596e+09 55502067 44706409 7.678094e-25 7.5404118e-25 8.0555431e-32
1.7319256e+08 9.678368e+17 5.5435959e+09 55447026 44661536 7.6550292e-25 7.5178963e-25 8.0152279e-32
1.7336714e+08 9.6880464e+17 5.5435957e+09 55392040 44616709 7.6320337e-25 7.4954479e-25 7.9751147e-32
1.735419e+08 9.6977344e+17 5.5435956e+09 55337108 44571926 7.6091073e-25 7.4730666e-25 7.9352023e-32
1.7371684e+08 9.7074321e+17 5.5435954e+09 55282229 44527189 7.5862499e-25 7.450752e-25 7.8954899e-32
1.7389195e+08 9.7171396e+17 5.5435953e+09 55227405 44482496 7.5634613e-25 7.428504e-25 7.8559763e-32
1.7406724e+08 9.7268567e+17 5.5435951e+09 55172635 44437849 7.5407411e-25 7.4063223e-25 7.8166606e-32
1.742427e+08 9.7365836e+17 5.543595e+09 55117919 44393247 7.5180893e-25 7.3842068e-25 7.7775419e-32
1.7441833e+08 9.7463201e+17 5.5435948e+09 55063256 44348690 7.4955056e-25 7.3621573e-25 7.7386191e-32
1.7459415e+08 9.7560665e+17 5.5435947e+09 55008648 44304178 7.4729899e-25 7.3401736e-25 7.6998912e-32
1.7477013e+08 9.7658225e+17 5.5435946e+09 54954093 44259710 7.4505418e-25 7.3182555e-25 7.6613573e-32
1.749463e+08 9.7755884e+17 5.5435944e+09 54899592 44215288 7.4281613e-25 7.2964028e-25 7.6230163e-32
1.7512264e+08 9.7853639e+17 5.5435943e+09 54845144 44170910 7.405848e-25 7.2746152e-25 7.5848674e-32
1.7529916e+08 9.7951493e+17 5.5435941e+09 54790751 44126577 7.3836018e-25 7.2528927e-25 7.5469096e-32
1.7547585e+08 9.8049445e+17 5.543594e+09 54736410 44082289 7.3614226e-25 7.231235e-25 7.5091418e-32
1.7565272e+08 9.8147494e+17 5.5435938e+09 54682124 44038045 7.33931e-25 7.2096418e-25 7.4715632e-32
1.7582977e+08 9.8245642e+17 5.5435937e+09 54627890 43993846 7.3172639e-25 7.1881132e-25 7.4341728e-32
1.7600699e+08 9.8343887e+17 5.5435935e+09 54573710 43949691 7.2952841e-25 7.1666487e-25 7.3969697e-32
1.7618439e+08 9.8442231e+17 5.5435934e+09 54519584 43905581 7.2733705e-25 7.1452483e-25 7.3599528e-32
1.7636197e+08 9.8540673e+17 5.5435933e+09 54465510 43861516 7.2515227e-25 7.1239117e-25 7.3231214e-32
1.7653972e+08 9.8639214e+17 5.5435931e+09 54411490 43817495 7.2297406e-25 7.1026388e-25 7.2864744e-32
1.7671766e+08 9.8737853e+17 5.543593e+09 54357523 43773518 7.208024e-25 7.0814293e-25 7.250011e-32
1.7689577e+08 9.8836591e+17 5.5435928e+09 54303610 43729586 7.1863727e-25 7.0602831e-25 7.2137301e-32
1.7707406e+08 9.8935428e+17 5.5435927e+09 54249749 43685698 7.1647865e-25 7.0392e-25 7.177631e-32
1.7725253e+08 9.9034363e+17 5.5435925e+09 54195942 43641854 7.1432652e-25 7.0181799e-25 7.1417126e-32
1.7743117e+08 9.9133397e+17 5.5435924e+09 54142187 43598055 7.1218087e-25 6.9972224e-25 7.1059741e-32
1.7761e+08 9.9232531e+17 5.5435923e+09 54088485 43554299 7.1004166e-25 6.9763274e-25 7.0704146e-32
1.77789e+08 9.9331763e+17 5.5435921e+09 54034836 43510588 7.0790889e-25 6.9554948e-25 7.0350332e-32
1.7796819e+08 9.9431095e+17 5.543592e+09 53981241 43466921 7.0578253e-25 6.9347244e-25 6.9998289e-32
1.7814755e+08 9.9530526e+17 5.5435918e+09 53927697 43423298 7.0366257e-25 6.9140159e-25 6.964801e-32
1.7832709e+08 9.9630057e+17 5.5435917e+09 53874207 43379719 7.0154898e-25 6.8933692e-25 6.9299485e-32
1.7850681e+08 9.9729687e+17 5.5435916e+09 53820769 43336183 6.9944174e-25 6.8727841e-25 6.8952705e-32
1.7868671e+08 9.9829416e+17 5.5435914e+09 53767384 43292692 6.9734084e-25 6.8522605e-25 6.8607662e-32
1.7886679e+08 9.9929246e+17 5.5435913e+09 53714051 43249244 6.9524626e-25 6.831798e-25 6.8264346e-32
1.7904705e+08 1.0002918e+18 5.5435911e+09 53660771 43205841 6.9315798e-25 6.8113966e-25 6.792275e-32
1.7922749e+08 1.001292e+18 5.543591e+09 53607544 43162481 6.9107597e-25 6.7910561e-25 6.7582865e-32
1.7940812e+08 1.0022933e+18 5.5435909e+09 53554369 43119165 6.8900023e-25 6.7707763e-25 6.7244681e-32
1.7958892e+08 1.0032956e+18 5.5435907e+09 53501246 43075892 6.8693072e-25 6.750557e-25 6.6908191e-32
1.797699e+08 1.0042989e+18 5.5435906e+09 53448176 43032663 6.8486744e-25 6.730398e-25 6.6573386e-32
1.7995107e+08 1.0053032e+18 5.5435905e+09 53395157 42989478 6.8281037e-25 6.7102991e-25 6.6240258e-32
1.8013241e+08 1.0063085e+18 5.5435903e+09 53342191 42946336 6.8075947e-25 6.6902603e-25 6.5908798e-32
1.8031394e+08 1.0073148e+18 5.5435902e+09 53289278 42903238 6.7871475e-25 6.6702812e-25 6.5578998e-32
1.8049565e+08 1.0083221e+18 5.54359e+09 53236416 42860183 6.7667617e-25 6.6503617e-25 6.5250849e-32
1.8067753e+08 1.0093305e+18 5.5435899e+09 53183606 42817171 6.7464372e-25 6.6305017e-25 6.4924344e-32
1.8085961e+08 1.0103398e+18 5.5435898e+09 53130849 42774203 6.7261739e-25 6.6107009e-25 6.4599473e-32
1.8104186e+08 1.0113501e+18 5.5435896e+09 53078143 42731278 6.7059714e-25 6.5909592e-25 6.4276229e-32
1.812243e+08 1.0123615e+18 5.5435895e+09 53025490 42688397 6.6858297e-25 6.5712764e-25 6.3954604e-32
1.8140691e+08 1.0133739e+18 5.5435894e+09 52972888 42645558 6.6657486e-25 6.5516523e-25 6.363459e-32
1.8158972e+08 1.0143872e+18 5.5435892e+09 52920338 42602763 6.6457278e-25 6.5320868e-25 6.3316178e-32
1.817727e+08 1.0154016e+18 5.5435891e+09 52867839 42560011 6.6257673e-25 6.5125797e-25 6.299936e-32
1.8195587e+08 1.016417e+18 5.543589e+09 52815393 42517302 6.6058667e-25 6.4931308e-25 6.2684129e-32
1.8213922e+08 1.0174334e+18 5.5435888e+09 52762998 42474637 6.586026e-25 6.4737399e-25 6.2370476e-32
1.8232275e+08 1.0184509e+18 5.5435887e+09 52710655 42432014 6.5662449e-25 6.4544068e-25 6.2058394e-32
1.8250647e+08 1.0194693e+18 5.5435886e+09 52658363 42389434 6.5465234e-25 6.4351315e-25 6.1747875e-32
1.8269037e+08 1.0204888e+18 5.5435884e+09 52606123 42346897 6.5268611e-25 6.4159136e-25 6.143891e-32
1.8287445e+08 1.0215093e+18 5.5435883e+09 52553934 42304403 6.5072579e-25 6.3967531e-25 6.1131493e-32
1.8305872e+08 1.0225308e+18 5.5435882e+09 52501797 42261952 6.4877137e-25 6.3776498e-25 6.0825614e-32
1.8324317e+08 1.0235533e+18 5.543588e+09 52449711 42219543 6.4682282e-25 6.3586035e-25 6.0521268e-32
1.8342781e+08 1.0245769e+18 5.5435879e+09 52397676 42177177 6.4488013e-25 6.339614e-25 6.0218445e-32
1.8361263e+08 1.0256014e+18 5.5435878e+09 52345693 42134854 6.4294328e-25 6.3206812e-25 5.9917139e-32
1.8379764e+08 1.026627e+18 5.5435876e+09 52293761 42092574 6.4101225e-25 6.3018048e-25 5.9617341e-32
1.8398283e+08 1.0276537e+18 5.5435875e+09 52241880 42050336 6.3908703e-25 6.2829848e-25 5.9319045e-32
1.8416821e+08 1.0286813e+18 5.5435874e+09 52190050 42008141 6.371676e-25 6.264221e-25 5.9022242e-32
1.8435377e+08 1.02971e+18 5.5435872e+09 52138271 41965989 6.3525394e-25 6.2455131e-25 5.8726926e-32
1.8453952e+08 1.0307397e+18 5.5435871e+09 52086544 41923878 6.3334603e-25 6.2268611e-25 5.8433088e-32
1.8472545e+08 1.0317705e+18 5.543587e+09 52034867 41881811 6.3144386e-25 6.2082647e-25 5.8140721e-32
1.8491157e+08 1.0328022e+18 5.5435868e+09 51983241 41839785 6.2954741e-25 6.1897238e-25 5.7849818e-32
1.8509788e+08 1.033835e+18 5.5435867e+09 51931666 41797803 6.2765666e-25 6.1712383e-25 5.7560372e-32
1.8528437e+08 1.0348689e+18 5.5435866e+09 51880142 41755862 6.2577159e-25 6.1528079e-25 5.7272375e-32
1.8547105e+08 1.0359037e+18 5.5435865e+09 51828668 41713964 6.2389219e-25 6.1344324e-25 5.698582e-32
1.8565791e+08 1.0369396e+18 5.5435863e+09 51777245 41672107 6.2201844e-25 6.1161119e-25 5.67007e-32
1.8584497e+08 1.0379766e+18 5.5435862e+09 51725873 41630294 6.2015033e-25 6.097846e-25 5.6417007e-32
1.860322e+08 1.0390146e+18 5.5435861e+09 51674552 41588522 6.1828783e-25 6.0796346e-25 5.6134735e-32
1.8621963e+08 1.0400536e+18 5.5435859e+09 51623281 41546792 6.1643093e-25 6.0614775e-25 5.5853876e-32
1.8640725e+08 1.0410936e+18 5.5435858e+09 51572061 41505104 6.1457961e-25 6.0433746e-25 5.5574423e-32
1.8659505e+08 1.0421347e+18 5.5435857e+09 51520891 41463459 6.1273386e-25 6.0253258e-25 5.529637e-32
1.8678304e+08 1.0431769e+18 5.5435856e+09 51469772 41421855 6.1089365e-25 6.0073308e-25 5.5019708e-32
1.8697121e+08 1.04422e+18 5.5435854e+09 51418703 41380293 6.0905898e-25 5.9893895e-25 5.4744432e-32
1.8715958e+08 1.0452642e+18 5.5435853e+09 51367684 41338773 6.0722983e-25 5.9715017e-25 5.4470535e-32
1.8734813e+08 1.0463095e+18 5.5435852e+09 51316715 41297295 6.0540617e-25 5.9536673e-25 5.4198008e-32
1.8753687e+08 1.0473558e+18 5.543585e+09 51265797 41255859 6.03588e-25 5.9358862e-25 5.3926846e-32
1.8772581e+08 1.0484032e+18 5.5435849e+09 51214929 41214465 6.0177529e-25 5.918158e-25 5.3657042e-32
1.8791493e+08 1.0494516e+18 5.5435848e+09 51164111 41173112 5.9996803e-25 5.9004828e-25 5.3388588e-32
1.8810424e+08 1.050501e+18 5.5435847e+09 51113343 41131801 5.9816621e-25 5.8828604e-25 5.3121479e-32
1.8829373e+08 1.0515515e+18 5.5435845e+09 51062626 41090532 5.963698e-25 5.8652905e-25 5.2855707e-32
1.8848342e+08 1.0526031e+18 5.5435844e+09 51011958 41049304 5.9457879e-25 5.8477731e-25 5.2591265e-32
1.886733e+08 1.0536557e+18 5.5435843e+09 50961340 41008117 5.9279316e-25 5.8303079e-25 5.2328148e-32
1.8886337e+08 1.0547093e+18 5.5435842e+09 50910772 40966973 5.9101291e-25 5.8128949e-25 5.2066347e-32
1.8905362e+08 1.0557641e+18 5.543584e+09 50860254 40925869 5.89238e-25 5.7955338e-25 5.1805858e-32
1.8924407e+08 1.0568198e+18 5.5435839e+09 50809785 40884807 5.8746843e-25 5.7782245e-25 5.1546673e-32
1.8943471e+08 1.0578766e+18 5.5435838e+09 50759367 40843787 5.8570418e-25 5.7609669e-25 5.1288785e-32
1.8962554e+08 1.0589345e+18 5.5435837e+09 50708998 40802808 5.8394524e-25 5.7437608e-25 5.1032188e-32
1.8981656e+08 1.0599934e+18 5.5435835e+09 50658679 40761870 5.8219158e-25 5.726606e-25 5.0776876e-32
1.9000777e+08 1.0610534e+18 5.5435834e+09 50608409 40720973 5.8044319e-25 5.7095025e-25 5.0522843e-32
1.9019917e+08 1.0621145e+18 5.5435833e+09 50558189 40680118 5.7870006e-25 5.6924499e-25 5.0270081e-32
1.9039077e+08 1.0631766e+18 5.5435832e+09 50508018 40639303 5.7696217e-25 5.6754483e-25 5.0018584e-32
1.9058255e+08 1.0642398e+18 5.543583e+09 50457897 40598530 5.7522951e-25 5.6584974e-25 4.9768347e-32
1.9077453e+08 1.065304e+18 5.5435829e+09 50407825 40557798 5.7350205e-25 5.641597e-25 4.9519363e-32
1.909667e+08 1.0663693e+18 5.5435828e+09 50357803 40517107 5.7177978e-25 5.6247472e-25 4.9271624e-32
1.9115906e+08 1.0674357e+18 5.5435827e+09 50307830 40476457 5.700627e-25 5.6079475e-25 4.9025127e-32
1.9135161e+08 1.0685031e+18 5.5435826e+09 50257906 40435848 5.6835077e-25 5.5911981e-25 4.8779863e-32
1.9154436e+08 1.0695716e+18 5.5435824e+09 50208031 40395280 5.6664399e-25 5.5744986e-25 4.8535827e-32
1.917373e+08 1.0706412e+18 5.5435823e+09 50158206 40354753 5.6494234e-25 5.557849e-25 4.8293013e-32
1.9193043e+08 1.0717119e+18 5.5435822e+09 50108430 40314266 5.6324581e-25 5.541249e-25 4.8051414e-32
1.9212375e+08 1.0727836e+18 5.5435821e+09 50058702 40273821 5.6155437e-25 5.5246986e-25 4.7811025e-32
1.9231727e+08 1.0738563e+18 5.543582e+09 50009024 40233416 5.5986802e-25 5.5081975e-25 4.757184e-32
1.9251098e+08 1.0749302e+18 5.5435818e+09 49959395 40193051 5.5818674e-25 5.4917458e-25 4.7333852e-32
1.9270489e+08 1.0760051e+18 5.5435817e+09 49909814 40152728 5.5651051e-25 5.4753431e-25 4.7097055e-32
1.9289899e+08 1.0770811e+18 5.5435816e+09 49860283 40112445 5.5483933e-25 5.4589894e-25 4.6861444e-32
1.9309328e+08 1.0781582e+18 5.5435815e+09 49810800 40072203 5.5317316e-25 5.4426844e-25 4.6627012e-32
1.9328777e+08 1.0792364e+18 5.5435814e+09 49761367 40032001 5.51512e-25 5.4264282e-25 4.6393754e-32
1.9348245e+08 1.0803156e+18 5.5435812e+09 49711981 39991840 5.4985584e-25 5.4102204e-25 4.6161663e-32
1.9367733e+08 1.0813959e+18 5.5435811e+09 49662645 39951719 5.4820466e-25 5.394061e-25 4.5930735e-32
1.938724e+08 1.0824773e+18 5.543581e+09 49613357 39911638 5.4655843e-25 5.3779499e-25 4.5700962e-32
1.9406767e+08 1.0835598e+18 5.5435809e+09 49564118 39871598 5.4491716e-25 5.3618868e-25 4.547234e-32
1.9426313e+08 1.0846434e+18 5.5435808e+09 49514927 39831599 5.4328082e-25 5.3458717e-25 4.5244862e-32
1.9445879e+08 1.085728e+18 5.5435806e+09 49465785 39791639 5.416494e-25 5.3299043e-25 4.5018523e-32
1.9465464e+08 1.0868137e+18 5.5435805e+09 49416692 39751720 5.4002288e-25 5.3139847e-25 4.4793317e-32
1.9485069e+08 1.0879005e+18 5.5435804e+09 49367646 39711841 5.3840125e-25 5.2981125e-25 4.4569238e-32
1.9504693e+08 1.0889884e+18 5.5435803e+09 49318649 39672003 5.367845e-25 5.2822877e-25 4.4346281e-32
1.9524337e+08 1.0900774e+18 5.5435802e+09 49269701 39632204 5.351726e-25 5.2665101e-25 4.412444e-32
1.9544001e+08 1.0911675e+18 5.5435801e+09 49220800 39592446 5.3356556e-25 5.2507796e-25 4.390371e-32
1.9563685e+08 1.0922587e+18 5.5435799e+09 49171948 39552727 5.3196334e-25 5.2350961e-25 4.3684085e-32
1.9583388e+08 1.0933509e+18 5.5435798e+09 49123144 39513049 5.3036593e-25 5.2194594e-25 4.3465559e-32
1.9603111e+08 1.0944443e+18 5.5435797e+09 49074389 39473410 5.2877333e-25 5.2038693e-25 4.3248127e-32
1.9622853e+08 1.0955387e+18 5.5435796e+09 49025681 39433812 5.2718552e-25 5.1883258e-25 4.3031783e-32
1.9642615e+08 1.0966343e+18 5.5435795e+09 48977021 39394253 5.2560247e-25 5.1728286e-25 4.2816522e-32
1.9662397e+08 1.0977309e+18 5.5435794e+09 48928409 39354734 5.2402419e-25 5.1573778e-25 4.2602339e-32
1.9682199e+08 1.0988286e+18 5.5435792e+09 48879846 39315255 5.2245065e-25 5.141973e-25 4.2389228e-32
1.9702021e+08 1.0999275e+18 5.5435791e+09 48831330 39275816 5.2088184e-25 5.1266142e-25 4.2177184e-32
1.9721862e+08 1.1010274e+18 5.543579e+09 48782862 39236417 5.1931774e-25 5.1113012e-25 4.1966202e-32
1.9741724e+08 1.1021284e+18 5.5435789e+09 48734441 39197057 5.1775835e-25 5.096034e-25 4.1756275e-32
1.9761605e+08 1.1032306e+18 5.5435788e+09 48686069 39157737 5.1620364e-25 5.0808123e-25 4.1547399e-32
1.9781506e+08 1.1043338e+18 5.5435787e+09 48637744 39118456 5.1465361e-25 5.065636e-25 4.1339569e-32
1.9801427e+08 1.1054381e+18 5.5435786e+09 48589467 39079215 5.1310823e-25 5.0505051e-25 4.1132779e-32
1.9821368e+08 1.1065436e+18 5.5435784e+09 48541237 39040014 5.115675e-25 5.0354193e-25 4.0927024e-32
1.9841329e+08 1.1076501e+18 5.5435783e+09 48493055 39000852 5.100314e-25 5.0203785e-25 4.0722299e-32
1.9861309e+08 1.1087577e+18 5.5435782e+09 48444921 38961729 5.0849992e-25 5.0053826e-25 4.0518599e-32
1.988131e+08 1.1098665e+18 5.5435781e+09 48396834 38922646 5.0697304e-25 4.9904315e-25 4.0315919e-32
1.9901331e+08 1.1109764e+18 5.543578e+09 48348794 38883602 5.0545075e-25 4.975525e-25 4.0114253e-32
1.9921372e+08 1.1120873e+18 5.5435779e+09 48300802 38844598 5.0393303e-25 4.960663e-25 3.9913596e-32
1.9941433e+08 1.1131994e+18 5.5435778e+09 48252857 38805633 5.0241988e-25 4.9458453e-25 3.9713944e-32
1.9961513e+08 1.1143126e+18 5.5435777e+09 48204960 38766707 5.0091127e-25 4.9310719e-25 3.9515291e-32
1.9981614e+08 1.1154269e+18 5.5435775e+09 48157109 38727820 4.994072e-25 4.9163425e-25 3.9317633e-32
2.0001735e+08 1.1165424e+18 5.5435774e+09 48109306 38688973 4.9790765e-25 4.9016572e-25 3.9120964e-32
2.0021877e+08 1.1176589e+18 5.5435773e+09 48061550 38650164 4.9641261e-25 4.8870156e-25 3.8925279e-32
2.0042038e+08 1.1187766e+18 5.5435772e+09 48013841 38611395 4.9492205e-25 4.8724178e-25 3.8730574e-32
2.0062219e+08 1.1198954e+18 5.5435771e+09 47966180 38572665 4.9343598e-25 4.8578635e-25 3.8536844e-32
2.0082421e+08 1.1210152e+18 5.543577e+09 47918565 38533974 4.9195438e-25 4.8433527e-25 3.8344083e-32
2.0102643e+08 1.1221363e+18 5.5435769e+09 47870997 38495321 4.9047723e-25 4.8288852e-25 3.8152287e-32
2.0122885e+08 1.1232584e+18 5.5435768e+09 47823476 38456708 4.8900451e-25 4.8144609e-25 3.7961451e-32
2.0143147e+08 1.1243817e+18 5.5435767e+09 47776002 38418134 4.8753623e-25 4.8000796e-25 3.777157e-32
2.016343e+08 1.125506e+18 5.5435766e+09 47728575 38379598 4.8607236e-25 4.7857412e-25 3.7582639e-32
2.0183733e+08 1.1266315e+18 5.5435764e+09 47681194 38341101 4.8461288e-25 4.7714457e-25 3.7394654e-32
2.0204056e+08 1.1277582e+18 5.5435763e+09 47633861 38302643 4.8315779e-25 4.7571928e-25 3.7207611e-32
2.02244e+08 1.1288859e+18 5.5435762e+09 47586574 38264224 4.8170708e-25 4.7429824e-25 3.7021503e-32
2.0244764e+08 1.1300148e+18 5.5435761e+09 47539333 38225843 4.8026073e-25 4.7288145e-25 3.6836327e-32
2.0265148e+08 1.1311448e+18 5.543576e+09 47492139 38187502 4.7881872e-25 4.7146889e-25 3.6652077e-32
2.0285552e+08 1.132276e+18 5.5435759e+09 47444992 38149198 4.7738104e-25 4.7006054e-25 3.646875e-32
2.0305977e+08 1.1334083e+18 5.5435758e+09 47397892 38110933 4.7594769e-25 4.686564e-25 3.6286341e-32
2.0326423e+08 1.1345417e+18 5.5435757e+09 47350837 38072707 4.7451865e-25 4.6725644e-25 3.6104844e-32
2.0346889e+08 1.1356762e+18 5.5435756e+09 47303830 38034520 4.730939e-25 4.6586067e-25 3.5924256e-32
2.0367375e+08 1.1368119e+18 5.5435755e+09 47256868 37996370 4.7167343e-25 4.6446906e-25 3.5744571e-32
2.0387882e+08 1.1379487e+18 5.5435754e+09 47209953 37958259 4.7025723e-25 4.6308161e-25 3.5565786e-32
2.0408409e+08 1.1390866e+18 5.5435753e+09 47163084 37920187 4.6884528e-25 4.6169829e-25 3.5387896e-32
2.0428957e+08 1.1402257e+18 5.5435751e+09 47116262 37882153 4.6743758e-25 4.6031911e-25 3.5210896e-32
2.0449525e+08 1.141366e+18 5.543575e+09 47069485 37844157 4.6603411e-25 4.5894404e-25 3.5034782e-32
2.0470114e+08 1.1425073e+18 5.5435749e+09 47022755 37806199 4.6463486e-25 4.5757308e-25 3.485955e-32
2.0490724e+08 1.1436498e+18 5.5435748e+09 46976071 37768280 4.6323981e-25 4.5620621e-25 3.4685194e-32
2.0511354e+08 1.1447935e+18 5.5435747e+09 46929433 37730399 4.6184896e-25 4.5484342e-25 3.4511711e-32
2.0532005e+08 1.1459383e+18 5.5435746e+09 46882841 37692556 4.6046229e-25 4.534847e-25 3.4339097e-32
2.0552677e+08 1.1470842e+18 5.5435745e+09 46836295 37654751 4.5907978e-25 4.5213003e-25 3.4167346e-32
2.0573369e+08 1.1482313e+18 5.5435744e+09 46789795 37616984 4.5770143e-25 4.5077941e-25 3.3996455e-32
2.0594081e+08 1.1493795e+18 5.5435743e+09 46743340 37579255 4.5632721e-25 4.4943282e-25 3.3826419e-32
2.0614815e+08 1.1505289e+18 5.5435742e+09 46696932 37541565 4.5495713e-25 4.4809024e-25 3.3657235e-32
2.0635569e+08 1.1516794e+18 5.5435741e+09 46650569 37503912 4.5359117e-25 4.4675168e-25 3.3488896e-32
2.0656344e+08 1.1528311e+18 5.543574e+09 46604252 37466297 4.5222931e-25 4.4541711e-25 3.3321401e-32
2.067714e+08 1.1539839e+18 5.5435739e+09 46557981 37428720 4.5087155e-25 4.4408653e-25 3.3154744e-32
2.0697957e+08 1.1551379e+18 5.5435738e+09 46511756 37391181 4.4951786e-25 4.4275991e-25 3.298892e-32
2.0718794e+08 1.1562931e+18 5.5435737e+09 46465576 37353679 4.4816824e-25 4.4143726e-25 3.2823927e-32
2.0739652e+08 1.1574494e+18 5.5435736e+09 46419441 37316216 4.4682268e-25 4.4011856e-25 3.265976e-32
2.0760532e+08 1.1586068e+18 5.5435735e+09 46373353 37278790 4.4548116e-25 4.3880379e-25 3.2496414e-32
2.0781432e+08 1.1597654e+18 5.5435734e+09 46327309 37241401 4.4414368e-25 4.3749294e-25 3.2333885e-32
2.0802352e+08 1.1609252e+18 5.5435733e+09 46281311 37204051 4.4281021e-25 4.3618601e-25 3.217217e-32
2.0823294e+08 1.1620861e+18 5.5435732e+09 46235359 37166738 4.4148075e-25 4.3488298e-25 3.2011265e-32
2.0844257e+08 1.1632482e+18 5.5435731e+09 46189452 37129462 4.4015528e-25 4.3358384e-25 3.1851164e-32
2.0865241e+08 1.1644114e+18 5.5435729e+09 46143590 37092224 4.388338e-25 4.3228858e-25 3.1691865e-32
2.0886245e+08 1.1655759e+18 5.5435728e+09 46097773 37055024 4.3751629e-25 4.3099719e-25 3.1533363e-32
2.0907271e+08 1.1667414e+18 5.5435727e+09 46052002 37017861 4.3620274e-25 4.2970964e-25 3.1375654e-32
2.0928318e+08 1.1679082e+18 5.5435726e+09 46006275 36980736 4.3489313e-25 4.2842595e-25 3.1218735e-32
2.0949386e+08 1.1690761e+18 5.5435725e+09 45960594 36943647 4.3358747e-25 4.2714608e-25 3.10626e-32
2.0970475e+08 1.1702452e+18 5.5435724e+09 45914958 36906597 4.3228572e-25 4.2587004e-25 3.0907248e-32
2.0991585e+08 1.1714154e+18 5.5435723e+09 45869367 36869583 4.3098789e-25 4.245978e-25 3.0752672e-32
2.1012716e+08 1.1725868e+18 5.5435722e+09 45823821 36832607 4.2969395e-25 4.2332937e-25 3.0598871e-32
2.1033868e+08 1.1737594e+18 5.5435721e+09 45778320 36795668 4.2840391e-25 4.2206472e-25 3.0445838e-32
2.1055041e+08 1.1749332e+18 5.543572e+09 45732864 36758766 4.2711774e-25 4.2080384e-25 3.0293572e-32
2.1076236e+08 1.1761081e+18 5.5435719e+09 45687453 36721901 4.2583543e-25 4.1954673e-25 3.0142068e-32
2.1097451e+08 1.1772842e+18 5.5435718e+09 45642086 36685074 4.2455698e-25 4.1829337e-25 2.9991322e-32
2.1118688e+08 1.1784615e+18 5.5435717e+09 45596765 36648283 4.2328237e-25 4.1704375e-25 2.984133e-32
2.1139946e+08 1.1796399e+18 5.5435716e+09 45551488 36611530 4.2201159e-25 4.1579786e-25 2.9692089e-32
2.1161226e+08 1.1808196e+18 5.5435715e+09 45506256 36574813 4.2074463e-25 4.145557e-25 2.9543595e-32
2.1182527e+08 1.1820004e+18 5.5435714e+09 45461068 36538134 4.1948148e-25 4.1331724e-25 2.9395844e-32
2.1203849e+08 1.1831824e+18 5.5435713e+09 45415925 36501491 4.1822212e-25 4.1208247e-25 2.9248832e-32
2.1225192e+08 1.1843656e+18 5.5435712e+09 45370826 36464886 4.1696655e-25 4.108514e-25 2.9102556e-32
2.1246557e+08 1.18555e+18 5.5435711e+09 45325773 36428317 4.1571475e-25 4.09624e-25 2.8957012e-32
2.1267943e+08 1.1867355e+18 5.543571e+09 45280763 36391785 4.1446671e-25 4.0840026e-25 2.8812197e-32
2.128935e+08 1.1879222e+18 5.5435709e+09 45235798 36355290 4.1322242e-25 4.0718017e-25 2.8668106e-32
2.1310779e+08 1.1891102e+18 5.5435708e+09 45190877 36318831 4.1198187e-25 4.0596373e-25 2.8524736e-32
2.1332229e+08 1.1902993e+18 5.5435707e+09 45146001 36282410 4.1074504e-25 4.0475092e-25 2.8382083e-32
2.1353701e+08 1.1914896e+18 5.5435706e+09 45101169 36246024 4.0951194e-25 4.0354173e-25 2.8240145e-32
2.1375194e+08 1.1926811e+18 5.5435705e+09 45056381 36209676 4.0828254e-25 4.0233615e-25 2.8098916e-32
2.1396709e+08 1.1938737e+18 5.5435704e+09 45011638 36173364 4.0705683e-25 4.0113417e-25 2.7958395e-32
2.1418245e+08 1.1950676e+18 5.5435704e+09 44966938 36137089 4.058348e-25 3.9993578e-25 2.7818576e-32
2.1439803e+08 1.1962627e+18 5.5435703e+09 44922283 36100850 4.0461645e-25 3.9874096e-25 2.7679457e-32
2.1461382e+08 1.1974589e+18 5.5435702e+09 44877672 36064648 4.0340176e-25 3.9754972e-25 2.7541035e-32
2.1482983e+08 1.1986564e+18 5.5435701e+09 44833105 36028482 4.0219072e-25 3.9636202e-25 2.7403305e-32
2.1504605e+08 1.1998551e+18 5.54357e+09 44788582 35992352 4.0098332e-25 3.9517788e-25 2.7266264e-32
2.1526249e+08 1.2010549e+18 5.5435699e+09 44744102 35956259 3.9977954e-25 3.9399727e-25 2.7129909e-32
2.1547915e+08 1.202256e+18 5.5435698e+09 44699667 35920202 3.9857938e-25 3.9282018e-25 2.6994237e-32
2.1569602e+08 1.2034582e+18 5.5435697e+09 44655276 35884182 3.9738283e-25 3.9164661e-25 2.6859243e-32
2.1591311e+08 1.2046617e+18 5.5435696e+09 44610928 35848198 3.9618988e-25 3.9047654e-25 2.6724925e-32
2.1613042e+08 1.2058663e+18 5.5435695e+09 44566624 35812250 3.950005e-25 3.8930996e-25 2.6591278e-32
2.1634795e+08 1.2070722e+18 5.5435694e+09 44522364 35776338 3.9381471e-25 3.8814687e-25 2.6458301e-32
2.1656569e+08 1.2082793e+18 5.5435693e+09 44478148 35740462 3.9263247e-25 3.8698725e-25 2.6325989e-32
2.1678365e+08 1.2094876e+18 5.5435692e+09 44433975 35704622 3.9145379e-25 3.8583109e-25 2.6194339e-32
2.1700183e+08 1.2106971e+18 5.5435691e+09 44389846 35668819 3.9027864e-25 3.8467838e-25 2.6063348e-32
2.1722023e+08 1.2119078e+18 5.543569e+09 44345761 35633052 3.8910703e-25 3.8352912e-25 2.5933012e-32
2.1743884e+08 1.2131197e+18 5.5435689e+09 44301719 35597320 3.8793894e-25 3.8238328e-25 2.5803329e-32
2.1765768e+08 1.2143328e+18 5.5435688e+09 44257720 35561625 3.8677436e-25 3.8124087e-25 2.5674294e-32
2.1787673e+08 1.2155471e+18 5.5435687e+09 44213765 35525965 3.8561328e-25 3.8010187e-25 2.5545905e-32
2.18096e+08 1.2167627e+18 5.5435686e+09 44169853 35490341 3.8445569e-25 3.7896626e-25 2.5418159e-32
2.1831549e+08 1.2179794e+18 5.5435685e+09 44125985 35454754 3.8330157e-25 3.7783405e-25 2.5291052e-32
2.185352e+08 1.2191974e+18 5.5435684e+09 44082160 35419202 3.8215092e-25 3.7670522e-25 2.516458e-32
2.1875513e+08 1.2204166e+18 5.5435684e+09 44038378 35383685 3.8100373e-25 3.7557976e-25 2.5038742e-32
2.1897528e+08 1.221637e+18 5.5435683e+09 43994640 35348205 3.7985999e-25 3.7445766e-25 2.4913533e-32
2.1919565e+08 1.2228587e+18 5.5435682e+09 43950944 35312760 3.7871968e-25 3.733389e-25 2.4788951e-32
2.1941624e+08 1.2240815e+18 5.5435681e+09 43907292 35277351 3.775828e-25 3.7222349e-25 2.4664992e-32
2.1963705e+08 1.2253056e+18 5.543568e+09 43863683 35241978 3.7644934e-25 3.7111141e-25 2.4541653e-32
2.1985808e+08 1.2265309e+18 5.5435679e+09 43820117 35206640 3.7531928e-25 3.7000265e-25 2.4418932e-32
2.2007934e+08 1.2277574e+18 5.5435678e+09 43776594 35171338 3.7419261e-25 3.688972e-25 2.4296824e-32
2.2030081e+08 1.2289852e+18 5.5435677e+09 43733114 35136071 3.7306933e-25 3.6779505e-25 2.4175328e-32
2.2052251e+08 1.2302142e+18 5.5435676e+09 43689677 35100840 3.7194943e-25 3.6669619e-25 2.4054439e-32
2.2074442e+08 1.2314444e+18 5.5435675e+09 43646283 35065644 3.7083289e-25 3.6560061e-25 2.3934155e-32
2.2096656e+08 1.2326758e+18 5.5435674e+09 43602932 35030483 3.697197e-25 3.645083e-25 2.3814474e-32
2.2118893e+08 1.2339085e+18 5.5435673e+09 43559623 34995358 3.6860986e-25 3.6341925e-25 2.3695391e-32
2.2141151e+08 1.2351424e+18 5.5435672e+09 43516357 34960269 3.6750336e-25 3.6233346e-25 2.3576903e-32
2.2163432e+08 1.2363776e+18 5.5435672e+09 43473134 34925214 3.6640017e-25 3.612509e-25 2.3459009e-32
2.2185734e+08 1.2376139e+18 5.5435671e+09 43429954 34890195 3.6530031e-25 3.6017158e-25 2.3341704e-32
2.220806e+08 1.2388515e+18 5.543567e+09 43386816 34855212 3.6420374e-25 3.5909548e-25 2.3224987e-32
2.2230407e+08 1.2400904e+18 5.5435669e+09 43343721 34820263 3.6311047e-25 3.5802259e-25 2.3108853e-32
2.2252777e+08 1.2413305e+18 5.5435668e+09 43300669 34785350 3.6202049e-25 3.5695291e-25 2.2993301e-32
2.2275169e+08 1.2425718e+18 5.5435667e+09 43257659 34750471 3.6093378e-25 3.5588642e-25 2.2878326e-32
2.2297584e+08 1.2438144e+18 5.5435666e+09 43214691 34715628 3.5985034e-25 3.5482312e-25 2.2763927e-32
2.2320021e+08 1.2450582e+18 5.5435665e+09 43171766 34680820 3.5877015e-25 3.5376298e-25 2.2650101e-32
2.2342481e+08 1.2463033e+18 5.5435664e+09 43128883 34646047 3.576932e-25 3.5270602e-25 2.2536843e-32
2.2364963e+08 1.2475496e+18 5.5435663e+09 43086043 34611309 3.5661949e-25 3.5165221e-25 2.2424153e-32
2.2387467e+08 1.2487971e+18 5.5435663e+09 43043245 34576606 3.5554901e-25 3.5060155e-25 2.2312026e-32
2.2409994e+08 1.2500459e+18 5.5435662e+09 43000489 34541938 3.5448174e-25 3.4955402e-25 2.220046e-32
2.2432544e+08 1.251296e+18 5.5435661e+09 42957776 34507304 3.5341768e-25 3.4850962e-25 2.2089453e-32
2.2455116e+08 1.2525473e+18 5.543566e+09 42915104 34472706 3.5235682e-25 3.4746834e-25 2.1979001e-32
2.247771e+08 1.2537998e+18 5.5435659e+09 42872475 34438142 3.5129914e-25 3.4643017e-25 2.1869101e-32
2.2500327e+08 1.2550536e+18 5.5435658e+09 42829888 34403613 3.5024464e-25 3.453951e-25 2.1759752e-32
2.2522967e+08 1.2563087e+18 5.5435657e+09 42787343 34369119 3.4919331e-25 3.4436312e-25 2.1650949e-32
2.254563e+08 1.257565e+18 5.5435656e+09 42744840 34334660 3.4814514e-25 3.4333422e-25 2.1542691e-32
2.2568315e+08 1.2588225e+18 5.5435655e+09 42702379 34300235 3.4710012e-25 3.4230839e-25 2.1434974e-32
2.2591023e+08 1.2600814e+18 5.5435655e+09 42659960 34265845 3.4605823e-25 3.4128562e-25 2.1327796e-32
2.2613753e+08 1.2613414e+18 5.5435654e+09 42617582 34231489 3.4501948e-25 3.4026591e-25 2.1221155e-32
2.2636506e+08 1.2626028e+18 5.5435653e+09 42575247 34197168 3.4398384e-25 3.3924924e-25 2.1115047e-32
2.2659282e+08 1.2638654e+18 5.5435652e+09 42532953 34162882 3.4295132e-25 3.3823561e-25 2.100947e-32
2.2682081e+08 1.2651292e+18 5.5435651e+09 42490702 34128630 3.419219e-25 3.3722501e-25 2.0904421e-32
2.2704903e+08 1.2663944e+18 5.543565e+09 42448492 34094413 3.4089557e-25 3.3621742e-25 2.0799898e-32
2.2727747e+08 1.2676608e+18 5.5435649e+09 42406323 34060230 3.3987233e-25 3.3521284e-25 2.0695898e-32
2.2750614e+08 1.2689284e+18 5.5435649e+09 42364197 34026081 3.3885216e-25 3.3421126e-25 2.0592418e-32
2.2773505e+08 1.2701974e+18 5.5435648e+09 42322112 33991967 3.3783505e-25 3.3321267e-25 2.0489455e-32
2.2796418e+08 1.2714676e+18 5.5435647e+09 42280068 33957887 3.36821e-25 3.3221707e-25 2.0387008e-32
2.2819354e+08 1.272739e+18 5.5435646e+09 42238066 33923841 3.3581e-25 3.3122443e-25 2.0285073e-32
2.2842312e+08 1.2740118e+18 5.5435645e+09 42196106 33889830 3.3480203e-25 3.3023476e-25 2.0183649e-32
2.2865294e+08 1.2752858e+18 5.5435644e+09 42154187 33855853 3.3379709e-25 3.2924805e-25 2.0082732e-32
2.2888299e+08 1.2765611e+18 5.5435643e+09 42112309 33821910 3.3279517e-25 3.2826428e-25 1.9982319e-32
2.2911327e+08 1.2778376e+18 5.5435643e+09 42070473 33788001 3.3179626e-25 3.2728345e-25 1.9882409e-32
2.2934378e+08 1.2791155e+18 5.5435642e+09 42028678 33754126 3.3080035e-25 3.2630554e-25 1.9782999e-32
2.2957451e+08 1.2803946e+18 5.5435641e+09 41986925 33720286 3.2980743e-25 3.2533056e-25 1.9684086e-32
2.2980548e+08 1.281675e+18 5.543564e+09 41945212 33686479 3.288175e-25 3.2435849e-25 1.9585668e-32
2.3003669e+08 1.2829566e+18 5.5435639e+09 41903541 33652707 3.2783054e-25 3.2338932e-25 1.9487742e-32
2.3026812e+08 1.2842396e+18 5.5435638e+09 41861911 33618968 3.2684654e-25 3.2242304e-25 1.9390307e-32
2.3049978e+08 1.2855238e+18 5.5435637e+09 41820322 33585264 3.258655e-25 3.2145965e-25 1.9293358e-32
2.3073167e+08 1.2868094e+18 5.5435637e+09 41778774 33551593 3.2488741e-25 3.2049914e-25 1.9196895e-32
2.309638e+08 1.2880962e+18 5.5435636e+09 41737268 33517956 3.2391225e-25 3.1954149e-25 1.9100914e-32
2.3119616e+08 1.2893843e+18 5.5435635e+09 41695802 33484353 3.2294003e-25 3.1858671e-25 1.9005414e-32
2.3142875e+08 1.2906737e+18 5.5435634e+09 41654377 33450784 3.2197072e-25 3.1763477e-25 1.8910391e-32
2.3166158e+08 1.2919643e+18 5.5435633e+09 41612994 33417248 3.2100433e-25 3.1668568e-25 1.8815844e-32
2.3189463e+08 1.2932563e+18 5.5435632e+09 41571651 33383747 3.2004084e-25 3.1573942e-25 1.8721769e-32
2.3212792e+08 1.2945495e+18 5.5435632e+09 41530349 33350279 3.1908024e-25 3.1479599e-25 1.8628165e-32
2.3236144e+08 1.2958441e+18 5.5435631e+09 41489087 33316845 3.1812253e-25 3.1385537e-25 1.853503e-32
2.325952e+08 1.2971399e+18 5.543563e+09 41447867 33283444 3.171677e-25 3.1291756e-25 1.844236e-32
2.3282919e+08 1.2984371e+18 5.5435629e+09 41406687 33250077 3.1621574e-25 3.1198256e-25 1.8350154e-32
2.3306342e+08 1.2997355e+18 5.5435628e+09 41365548 33216743 3.1526663e-25 3.1105034e-25 1.8258409e-32
2.3329787e+08 1.3010353e+18 5.5435627e+09 41324450 33183443 3.1432038e-25 3.1012091e-25 1.8167124e-32
2.3353257e+08 1.3023363e+18 5.5435627e+09 41283392 33150177 3.1337696e-25 3.0919425e-25 1.8076294e-32
2.337675e+08 1.3036386e+18 5.5435626e+09 41242375 33116944 3.1243638e-25 3.0827037e-25 1.798592e-32
2.3400266e+08 1.3049423e+18 5.5435625e+09 41201398 33083744 3.1149863e-25 3.0734923e-25 1.7895997e-32
2.3423806e+08 1.3062472e+18 5.5435624e+09 41160462 33050578 3.105637e-25 3.0643085e-25 1.7806524e-32
2.3447369e+08 1.3075535e+18 5.5435623e+09 41119566 33017445 3.0963157e-25 3.0551522e-25 1.7717499e-32
2.3470956e+08 1.308861e+18 5.5435623e+09 41078711 32984346 3.0870224e-25 3.0460231e-25 1.7628919e-32
2.3494566e+08 1.3101699e+18 5.5435622e+09 41037896 32951280 3.077757e-25 3.0369214e-25 1.7540782e-32
2.35182e+08 1.31148e+18 5.5435621e+09 40997121 32918247 3.0685195e-25 3.0278468e-25 1.7453086e-32
2.3541858e+08 1.3127915e+18 5.543562e+09 40956387 32885247 3.0593097e-25 3.0187993e-25 1.7365829e-32
2.3565539e+08 1.3141043e+18 5.5435619e+09 40915692 32852281 3.0501276e-25 3.0097788e-25 1.7279008e-32
2.3589244e+08 1.3154184e+18 5.5435619e+09 40875039 32819348 3.0409731e-25 3.0007853e-25 1.7192622e-32
2.3612973e+08 1.3167338e+18 5.5435618e+09 40834425 32786447 3.0318461e-25 2.9918186e-25 1.7106668e-32
2.3636726e+08 1.3180506e+18 5.5435617e+09 40793851 32753580 3.0227464e-25 2.9828787e-25 1.7021143e-32
2.3660502e+08 1.3193686e+18 5.5435616e+09 40753318 32720746 3.0136741e-25 2.9739654e-25 1.6936047e-32
2.3684302e+08 1.320688e+18 5.5435615e+09 40712824 32687945 3.0046291e-25 2.9650789e-25 1.6851376e-32
2.3708126e+08 1.3220087e+18 5.5435615e+09 40672371 32655177 2.9956112e-25 2.9562188e-25 1.6767129e-32
2.3731973e+08 1.3233307e+18 5.5435614e+09 40631958 32622442 2.9866205e-25 2.9473852e-25 1.6683303e-32
2.3755845e+08 1.324654e+18 5.5435613e+09 40591584 32589740 2.9776567e-25 2.938578e-25 1.6599897e-32
2.377974e+08 1.3259787e+18 5.5435612e+09 40551251 32557071 2.9687198e-25 2.929797e-25 1.6516907e-32
2.380366e+08 1.3273046e+18 5.5435611e+09 40510957 32524435 2.9598098e-25 2.9210423e-25 1.6434333e-32
2.3827603e+08 1.3286319e+18 5.5435611e+09 40470703 32491831 2.9509266e-25 2.9123138e-25 1.6352172e-32
2.385157e+08 1.3299606e+18 5.543561e+09 40430489 32459260 2.94207e-25 2.9036113e-25 1.6270422e-32
2.3875561e+08 1.3312905e+18 5.5435609e+09 40390314 32426722 2.9332401e-25 2.8949348e-25 1.6189081e-32
2.3899576e+08 1.3326218e+18 5.5435608e+09 40350180 32394217 2.9244366e-25 2.8862842e-25 1.6108147e-32
2.3923615e+08 1.3339545e+18 5.5435607e+09 40310085 32361745 2.9156596e-25 2.8776594e-25 1.6027617e-32
2.3947678e+08 1.3352884e+18 5.5435607e+09 40270029 32329305 2.906909e-25 2.8690604e-25 1.5947491e-32
2.3971765e+08 1.3366237e+18 5.5435606e+09 40230014 32296898 2.8981847e-25 2.8604871e-25 1.5867765e-32
2.3995877e+08 1.3379603e+18 5.5435605e+09 40190037 32264523 2.8894865e-25 2.8519393e-25 1.5788438e-32
2.4020012e+08 1.3392983e+18 5.5435604e+09 40150101 32232181 2.8808145e-25 2.8434171e-25 1.5709507e-32
2.4044172e+08 1.3406376e+18 5.5435604e+09 40110203 32199871 2.8721685e-25 2.8349204e-25 1.5630972e-32
2.4068355e+08 1.3419782e+18 5.5435603e+09 40070346 32167594 2.8635485e-25 2.826449e-25 1.5552829e-32
2.4092563e+08 1.3433202e+18 5.5435602e+09 40030527 32135350 2.8549544e-25 2.8180029e-25 1.5475078e-32
2.4116795e+08 1.3446635e+18 5.5435601e+09 39990748 32103137 2.8463861e-25 2.8095821e-25 1.5397715e-32
2.4141052e+08 1.3460082e+18 5.54356e+09 39951009 32070958 2.8378436e-25 2.8011864e-25 1.5320739e-32
2.4165332e+08 1.3473542e+18 5.54356e+09 39911308 32038810 2.8293267e-25 2.7928157e-25 1.5244148e-32
2.4189637e+08 1.3487015e+18 5.5435599e+09 39871647 32006695 2.8208353e-25 2.7844701e-25 1.5167941e-32
2.4213966e+08 1.3500502e+18 5.5435598e+09 39832025 31974612 2.8123695e-25 2.7761494e-25 1.5092114e-32
2.423832e+08 1.3514003e+18 5.5435597e+09 39792442 31942562 2.8039291e-25 2.7678535e-25 1.5016667e-32
2.4262698e+08 1.3527517e+18 5.5435597e+09 39752898 31910544 2.7955141e-25 2.7595824e-25 1.4941597e-32
2.42871e+08 1.3541044e+18 5.5435596e+09 39713394 31878558 2.7871243e-25 2.751336e-25 1.4866903e-32
2.4311526e+08 1.3554585e+18 5.5435595e+09 39673928 31846604 2.7787598e-25 2.7431142e-25 1.4792582e-32
2.4335977e+08 1.356814e+18 5.5435594e+09 39634502 31814682 2.7704203e-25 2.734917e-25 1.4718633e-32
2.4360453e+08 1.3581708e+18 5.5435594e+09 39595114 31782792 2.7621059e-25 2.7267443e-25 1.4645054e-32
2.4384953e+08 1.359529e+18 5.5435593e+09 39555765 31750935 2.7538165e-25 2.7185959e-25 1.4571843e-32
2.4409477e+08 1.3608885e+18 5.5435592e+09 39516456 31719109 2.745552e-25 2.7104719e-25 1.4498998e-32
2.4434026e+08 1.3622494e+18 5.5435591e+09 39477185 31687316 2.7373123e-25 2.7023722e-25 1.4426517e-32
2.44586e+08 1.3636117e+18 5.5435591e+09 39437953 31655554 2.7290973e-25 2.6942967e-25 1.4354399e-32
2.4483198e+08 1.3649753e+18 5.543559e+09 39398760 31623825 2.720907e-25 2.6862452e-25 1.4282642e-32
2.4507821e+08 1.3663402e+18 5.5435589e+09 39359605 31592127 2.7127414e-25 2.6782179e-25 1.4211243e-32
2.4532468e+08 1.3677066e+18 5.5435588e+09 39320489 31560461 2.7046002e-25 2.6702145e-25 1.4140202e-32
2.455714e+08 1.3690743e+18 5.5435588e+09 39281412 31528827 2.6964835e-25 2.6622349e-25 1.4069516e-32
2.4581837e+08 1.3704434e+18 5.5435587e+09 39242374 31497225 2.6883912e-25 2.6542793e-25 1.3999184e-32
2.4606558e+08 1.3718138e+18 5.5435586e+09 39203374 31465655 2.6803231e-25 2.6463473e-25 1.3929203e-32
2.4631304e+08 1.3731856e+18 5.5435585e+09 39164412 31434116 2.6722793e-25 2.6384391e-25 1.3859573e-32
2.4656075e+08 1.3745588e+18 5.5435585e+09 39125489 31402609 2.6642597e-25 2.6305545e-25 1.379029e-32
2.4680871e+08 1.3759334e+18 5.5435584e+09 39086605 31371134 2.6562642e-25 2.6226934e-25 1.3721354e-32
2.4705691e+08 1.3773093e+18 5.5435583e+09 39047759 31339690 2.6482926e-25 2.6148559e-25 1.3652763e-32
2.4730536e+08 1.3786866e+18 5.5435583e+09 39008952 31308278 2.640345e-25 2.6070417e-25 1.3584515e-32
2.4755406e+08 1.3800653e+18 5.5435582e+09 38970183 31276898 2.6324213e-25 2.5992508e-25 1.3516609e-32
2.4780301e+08 1.3814454e+18 5.5435581e+09 38931452 31245549 2.6245214e-25 2.5914833e-25 1.3449042e-32
2.4805221e+08 1.3828268e+18 5.543558e+09 38892759 31214232 2.6166452e-25 2.5837389e-25 1.3381813e-32
2.4830166e+08 1.3842096e+18 5.543558e+09 38854105 31182946 2.6087926e-25 2.5760176e-25 1.331492e-32
2.4855136e+08 1.3855938e+18 5.5435579e+09 38815489 31151692 2.6009637e-25 2.5683194e-25 1.3248362e-32
2.488013e+08 1.3869794e+18 5.5435578e+09 38776911 31120469 2.5931582e-25 2.5606442e-25 1.3182136e-32
2.490515e+08 1.3883664e+18 5.5435577e+09 38738371 31089277 2.5853762e-25 2.552992e-25 1.3116242e-32
2.4930195e+08 1.3897548e+18 5.5435577e+09 38699870 31058117 2.5776176e-25 2.5453625e-25 1.3050678e-32
2.4955264e+08 1.3911445e+18 5.5435576e+09 38661406 31026988 2.5698822e-25 2.5377559e-25 1.2985441e-32
2.4980359e+08 1.3925357e+18 5.5435575e+09 38622981 30995891 2.5621701e-25 2.530172e-25 1.2920531e-32
2.5005479e+08 1.3939282e+18 5.5435575e+09 38584593 30964825 2.5544812e-25 2.5226107e-25 1.2855945e-32
2.5030624e+08 1.3953221e+18 5.5435574e+09 38546244 30933790 2.5468153e-25 2.515072e-25 1.2791682e-32
2.5055794e+08 1.3967175e+18 5.5435573e+09 38507932 30902786 2.5391725e-25 2.5075559e-25 1.2727741e-32
2.5080989e+08 1.3981142e+18 5.5435572e+09 38469658 30871813 2.5315526e-25 2.5000621e-25 1.2664119e-32
2.510621e+08 1.3995123e+18 5.5435572e+09 38431423 30840872 2.5239556e-25 2.4925908e-25 1.2600816e-32
2.5131456e+08 1.4009118e+18 5.5435571e+09 38393225 30809961 2.5163815e-25 2.4851418e-25 1.2537829e-32
2.5156727e+08 1.4023127e+18 5.543557e+09 38355064 30779082 2.50883e-25 2.477715e-25 1.2475158e-32
2.5182023e+08 1.403715e+18 5.543557e+09 38316942 30748234 2.5013013e-25 2.4703104e-25 1.2412799e-32
2.5207345e+08 1.4051188e+18 5.5435569e+09 38278857 30717417 2.4937951e-25 2.4629279e-25 1.2350753e-32
2.5232691e+08 1.4065239e+18 5.5435568e+09 38240810 30686630 2.4863115e-25 2.4555674e-25 1.2289017e-32
2.5258064e+08 1.4079304e+18 5.5435567e+09 38202800 30655875 2.4788504e-25 2.448229e-25 1.222759e-32
2.5283461e+08 1.4093383e+18 5.5435567e+09 38164828 30625151 2.4714117e-25 2.4409125e-25 1.216647e-32
2.5308884e+08 1.4107477e+18 5.5435566e+09 38126894 30594457 2.4639953e-25 2.4336178e-25 1.2105655e-32
2.5334333e+08 1.4121584e+18 5.5435565e+09 38088997 30563795 2.4566012e-25 2.4263449e-25 1.2045145e-32
2.5359807e+08 1.4135706e+18 5.5435565e+09 38051137 30533163 2.4492293e-25 2.4190937e-25 1.1984937e-32
2.5385306e+08 1.4149841e+18 5.5435564e+09 38013315 30502562 2.4418796e-25 2.4118642e-25 1.1925031e-32
2.5410831e+08 1.4163991e+18 5.5435563e+09 37975531 30471992 2.4345519e-25 2.4046562e-25 1.1865424e-32
2.5436381e+08 1.4178155e+18 5.5435563e+09 37937783 30441452 2.4272462e-25 2.3974698e-25 1.1806115e-32
2.5461957e+08 1.4192333e+18 5.5435562e+09 37900074 30410944 2.4199624e-25 2.3903049e-25 1.1747103e-32
2.5487559e+08 1.4206526e+18 5.5435561e+09 37862401 30380466 2.4127006e-25 2.3831614e-25 1.1688385e-32
2.5513186e+08 1.4220732e+18 5.5435561e+09 37824766 30350018 2.4054605e-25 2.3760392e-25 1.1629962e-32
2.5538838e+08 1.4234953e+18 5.543556e+09 37787167 30319601 2.3982422e-25 2.3689382e-25 1.1571831e-32
2.5564517e+08 1.4249188e+18 5.5435559e+09 37749607 30289215 2.3910455e-25 2.3618585e-25 1.151399e-32
2.5590221e+08 1.4263437e+18 5.5435558e+09 37712083 30258860 2.3838705e-25 2.3547999e-25 1.1456439e-32
2.5615951e+08 1.4277701e+18 5.5435558e+09 37674596 30228534 2.376717e-25 2.3477625e-25 1.1399175e-32
2.5641706e+08 1.4291978e+18 5.5435557e+09 37637147 30198240 2.369585e-25 2.340746e-25 1.1342198e-32
2.5667487e+08 1.430627e+18 5.5435556e+09 37599734 30167975 2.3624744e-25 2.3337505e-25 1.1285506e-32
2.5693294e+08 1.4320577e+18 5.5435556e+09 37562358 30137742 2.3553852e-25 2.3267758e-25 1.1229097e-32
2.5719127e+08 1.4334897e+18 5.5435555e+09 37525020 30107538 2.3483173e-25 2.3198221e-25 1.1172971e-32
2.5744986e+08 1.4349232e+18 5.5435554e+09 37487718 30077365 2.3412705e-25 2.312889e-25 1.1117125e-32
2.577087e+08 1.4363581e+18 5.5435554e+09 37450453 30047223 2.334245e-25 2.3059767e-25 1.1061558e-32
2.5796781e+08 1.4377945e+18 5.5435553e+09 37413226 30017110 2.3272405e-25 2.299085e-25 1.100627e-32
2.5822717e+08 1.4392323e+18 5.5435552e+09 37376034 29987028 2.3202571e-25 2.292214e-25 1.0951257e-32
2.5848679e+08 1.4406715e+18 5.5435552e+09 37338880 29956976 2.3132947e-25 2.2853634e-25 1.089652e-32
2.5874668e+08 1.4421122e+18 5.5435551e+09 37301763 29926955 2.3063531e-25 2.2785333e-25 1.0842057e-32
2.5900682e+08 1.4435543e+18 5.543555e+09 37264682 29896963 2.2994324e-25 2.2717236e-25 1.0787866e-32
2.5926722e+08 1.4449978e+18 5.543555e+09 37227638 29867002 2.2925325e-25 2.2649342e-25 1.0733946e-32
2.5952788e+08 1.4464428e+18 5.5435549e+09 37190630 29837071 2.2856533e-25 2.2581652e-25 1.0680296e-32
2.5978881e+08 1.4478893e+18 5.5435548e+09 37153659 29807169 2.2787947e-25 2.2514163e-25 1.0626914e-32
2.6004999e+08 1.4493372e+18 5.5435548e+09 37116725 29777298 2.2719568e-25 2.2446876e-25 1.0573798e-32
2.6031144e+08 1.4507865e+18 5.5435547e+09 37079827 29747457 2.2651394e-25 2.237979e-25 1.0520949e-32
2.6057314e+08 1.4522373e+18 5.5435546e+09 37042966 29717646 2.2583424e-25 2.2312904e-25 1.0468364e-32
2.6083511e+08 1.4536895e+18 5.5435546e+09 37006141 29687865 2.2515659e-25 2.2246218e-25 1.0416041e-32
2.6109734e+08 1.4551432e+18 5.5435545e+09 36969353 29658114 2.2448097e-25 2.2179731e-25 1.0363981e-32
2.6135984e+08 1.4565984e+18 5.5435544e+09 36932601 29628393 2.2380738e-25 2.2113443e-25 1.0312181e-32
2.6162259e+08 1.458055e+18 5.5435544e+09 36895885 29598702 2.2313582e-25 2.2047353e-25 1.0260639e-32
2.6188561e+08 1.459513e+18 5.5435543e+09 36859206 29569040 2.2246627e-25 2.198146e-25 1.0209356e-32
2.6214889e+08 1.4609725e+18 5.5435542e+09 36822563 29539408 2.2179873e-25 2.1915765e-25 1.0158329e-32
2.6241243e+08 1.4624335e+18 5.5435542e+09 36785956 29509807 2.2113319e-25 2.1850265e-25 1.0107557e-32
2.6267624e+08 1.4638959e+18 5.5435541e+09 36749385 29480234 2.2046966e-25 2.1784961e-25 1.0057039e-32
2.6294031e+08 1.4653598e+18 5.5435541e+09 36712851 29450692 2.1980811e-25 2.1719852e-25 1.0006774e-32
2.6320465e+08 1.4668252e+18 5.543554e+09 36676353 29421179 2.1914855e-25 2.1654937e-25 9.9567596e-33
2.6346925e+08 1.468292e+18 5.5435539e+09 36639891 29391696 2.1849098e-25 2.1590217e-25 9.9069957e-33
2.6373411e+08 1.4697603e+18 5.5435539e+09 36603465 29362243 2.1783537e-25 2.1525689e-25 9.8574807e-33
2.6399924e+08 1.4712301e+18 5.5435538e+09 36567075 29332819 2.1718174e-25 2.1461355e-25 9.8082132e-33
2.6426464e+08 1.4727013e+18 5.5435537e+09 36530721 29303425 2.1653007e-25 2.1397212e-25 9.7591921e-33
2.645303e+08 1.474174e+18 5.5435537e+09 36494403 29274060 2.1588036e-25 2.1333261e-25 9.7104162e-33
2.6479622e+08 1.4756482e+18 5.5435536e+09 36458120 29244725 2.1523259e-25 2.1269502e-25 9.6618841e-33
2.6506242e+08 1.4771238e+18 5.5435535e+09 36421874 29215419 2.1458677e-25 2.1205932e-25 9.6135948e-33
2.6532887e+08 1.478601e+18 5.5435535e+09 36385664 29186143 2.1394289e-25 2.1142553e-25 9.5655469e-33
2.655956e+08 1.4800796e+18 5.5435534e+09 36349489 29156896 2.1330095e-25 2.1079363e-25 9.5177392e-33
2.6586259e+08 1.4815596e+18 5.5435534e+09 36313351 29127679 2.1266093e-25 2.1016361e-25 9.4701707e-33
2.6612985e+08 1.4830412e+18 5.5435533e+09 36277248 29098491 2.1202283e-25 2.0953548e-25 9.4228399e-33
2.6639737e+08 1.4845242e+18 5.5435532e+09 36241180 29069332 2.1138665e-25 2.0890923e-25 9.3757459e-33
2.6666517e+08 1.4860088e+18 5.5435532e+09 36205149 29040203 2.1075238e-25 2.0828484e-25 9.3288873e-33
2.6693323e+08 1.4874948e+18 5.5435531e+09 36169153 29011103 2.1012002e-25 2.0766232e-25 9.2822631e-33
2.6720156e+08 1.4889823e+18 5.543553e+09 36133193 28982032 2.0948955e-25 2.0704166e-25 9.235872e-33
2.6747015e+08 1.4904712e+18 5.543553e+09 36097268 28952990 2.0886098e-25 2.0642285e-25 9.1897129e-33
2.6773902e+08 1.4919617e+18 5.5435529e+09 36061379 28923978 2.0823429e-25 2.0580589e-25 9.1437846e-33
2.6800815e+08 1.4934537e+18 5.5435528e+09 36025525 28894995 2.0760949e-25 2.0519078e-25 9.0980859e-33
2.6827756e+08 1.4949471e+18 5.5435528e+09 35989707 28866041 2.0698656e-25 2.045775e-25 9.0526157e-33
2.6854723e+08 1.4964421e+18 5.5435527e+09 35953924 28837116 2.063655e-25 2.0396606e-25 9.007373e-33
2.6881717e+08 1.4979385e+18 5.5435527e+09 35918177 28808220 2.0574631e-25 2.0335644e-25 8.9623564e-33
2.6908739e+08 1.4994365e+18 5.5435526e+09 35882465 28779353 2.0512897e-25 2.0274864e-25 8.9175649e-33
2.6935787e+08 1.5009359e+18 5.5435525e+09 35846788 28750515 2.0451349e-25 2.0214265e-25 8.8729974e-33
2.6962862e+08 1.5024368e+18 5.5435525e+09 35811147 28721706 2.0389986e-25 2.0153848e-25 8.8286528e-33
2.6989965e+08 1.5039393e+18 5.5435524e+09 35775541 28692926 2.0328807e-25 2.0093611e-25 8.7845298e-33
2.7017094e+08 1.5054432e+18 5.5435524e+09 35739970 28664175 2.0267811e-25 2.0033554e-25 8.7406275e-33
2.7044251e+08 1.5069487e+18 5.5435523e+09 35704434 28635453 2.0206999e-25 1.9973677e-25 8.6969448e-33
2.7071435e+08 1.5084556e+18 5.5435522e+09 35668934 28606759 2.014637e-25 1.9913978e-25 8.6534804e-33
2.7098646e+08 1.5099641e+18 5.5435522e+09 35633469 28578095 2.0085922e-25 1.9854458e-25 8.6102334e-33
2.7125884e+08 1.511474e+18 5.5435521e+09 35598038 28549459 2.0025656e-25 1.9795115e-25 8.5672026e-33
2.7153149e+08 1.5129855e+18 5.543552e+09 35562643 28520853 1.9965571e-25 1.973595e-25 8.524387e-33
2.7180442e+08 1.5144985e+18 5.543552e+09 35527283 28492274 1.9905666e-25 1.9676962e-25 8.4817854e-33
2.7207762e+08 1.516013e+18 5.5435519e+09 35491958 28463725 1.9845941e-25 1.9618149e-25 8.4393969e-33
2.7235109e+08 1.517529e+18 5.5435519e+09 35456668 28435204 1.9786396e-25 1.9559513e-25 8.3972203e-33
2.7262484e+08 1.5190465e+18 5.5435518e+09 35421412 28406712 1.9727029e-25 1.9501051e-25 8.3552546e-33
2.7289886e+08 1.5205656e+18 5.5435517e+09 35386192 28378249 1.9667841e-25 1.9442765e-25 8.3134987e-33
2.7317315e+08 1.5220861e+18 5.5435517e+09 35351007 28349814 1.960883e-25 1.9384652e-25 8.2719517e-33
2.7344772e+08 1.5236082e+18 5.5435516e+09 35315856 28321408 1.9549996e-25 1.9326713e-25 8.2306123e-33
2.7372257e+08 1.5251318e+18 5.5435516e+09 35280740 28293030 1.949134e-25 1.9268947e-25 8.1894796e-33
2.7399768e+08 1.526657e+18 5.5435515e+09 35245659 28264681 1.9432859e-25 1.9211353e-25 8.1485527e-33
2.7427308e+08 1.5281836e+18 5.5435514e+09 35210612 28236361 1.9374553e-25 1.9153932e-25 8.1078303e-33
2.7454875e+08 1.5297118e+18 5.5435514e+09 35175601 28208068 1.9316423e-25 1.9096682e-25 8.0673115e-33
2.7482469e+08 1.5312415e+18 5.5435513e+09 35140624 28179805 1.9258468e-25 1.9039603e-25 8.0269954e-33
2.7510091e+08 1.5327728e+18 5.5435513e+09 35105681 28151569 1.9200686e-25 1.8982695e-25 7.9868808e-33
2.7537741e+08 1.5343055e+18 5.5435512e+09 35070773 28123362 1.9143078e-25 1.8925956e-25 7.9469668e-33
2.7565418e+08 1.5358398e+18 5.5435512e+09 35035900 28095184 1.9085643e-25 1.8869388e-25 7.9072524e-33
2.7593123e+08 1.5373757e+18 5.5435511e+09 35001061 28067033 1.902838e-25 1.8812988e-25 7.8677365e-33
2.7620856e+08 1.538913e+18 5.543551e+09 34966257 28038911 1.8971289e-25 1.8756756e-25 7.8284182e-33
2.7648616e+08 1.540452e+18 5.543551e+09 34931487 28010818 1.891437e-25 1.8700693e-25 7.7892965e-33
2.7676404e+08 1.5419924e+18 5.5435509e+09 34896751 27982752 1.8857621e-25 1.8644797e-25 7.7503703e-33
2.770422e+08 1.5435344e+18 5.5435509e+09 34862050 27954715 1.8801043e-25 1.8589068e-25 7.7116389e-33
2.7732064e+08 1.5450779e+18 5.5435508e+09 34827383 27926706 1.8744635e-25 1.8533505e-25 7.673101e-33
2.7759936e+08 1.546623e+18 5.5435507e+09 34792751 27898725 1.8688396e-25 1.8478109e-25 7.6347559e-33
2.7787835e+08 1.5481696e+18 5.5435507e+09 34758153 27870772 1.8632326e-25 1.8422878e-25 7.5966024e-33
2.7815763e+08 1.5497178e+18 5.5435506e+09 34723589 27842847 1.8576424e-25 1.8367812e-25 7.5586397e-33
2.7843718e+08 1.5512675e+18 5.5435506e+09 34689059 27814950 1.852069e-25 1.831291e-25 7.5208669e-33
2.7871701e+08 1.5528188e+18 5.5435505e+09 34654564 27787082 1.8465124e-25 1.8258173e-25 7.4832828e-33
2.7899712e+08 1.5543716e+18 5.5435505e+09 34620102 27759241 1.8409724e-25 1.8203599e-25 7.4458867e-33
2.7927752e+08 1.555926e+18 5.5435504e+09 34585675 27731428 1.835449e-25 1.8149188e-25 7.4086776e-33
2.7955819e+08 1.5574819e+18 5.5435503e+09 34551282 27703643 1.8299423e-25 1.8094939e-25 7.3716545e-33
2.7983914e+08 1.5590394e+18 5.5435503e+09 34516923 27675887 1.8244521e-25 1.8040853e-25 7.3348165e-33
2.8012038e+08 1.5605984e+18 5.5435502e+09 34482598 27648158 1.8189783e-25 1.7986928e-25 7.2981626e-33
2.804019e+08 1.562159e+18 5.5435502e+09 34448307 27620456 1.813521e-25 1.7933165e-25 7.2616921e-33
2.8068369e+08 1.5637212e+18 5.5435501e+09 34414049 27592783 1.8080801e-25 1.7879561e-25 7.2254038e-33
2.8096577e+08 1.5652849e+18 5.5435501e+09 34379826 27565138 1.8026555e-25 1.7826119e-25 7.189297e-33
2.8124813e+08 1.5668502e+18 5.54355e+09 34345637 27537520 1.7972472e-25 1.7772835e-25 7.1533708e-33
2.8153078e+08 1.568417e+18 5.5435499e+09 34311481 27509930 1.7918551e-25 1.7719711e-25 7.1176241e-33
2.818137e+08 1.5699855e+18 5.5435499e+09 34277359 27482368 1.7864792e-25 1.7666746e-25 7.0820561e-33
2.8209691e+08 1.5715554e+18 5.5435498e+09 34243271 27454833 1.7811195e-25 1.7613939e-25 7.046666e-33
2.8238041e+08 1.573127e+18 5.5435498e+09 34209217 27427327 1.7757759e-25 1.7561289e-25 7.0114528e-33
2.8266418e+08 1.5747001e+18 5.5435497e+09 34175197 27399847 1.7704483e-25 1.7508797e-25 6.9764157e-33
2.8294824e+08 1.5762748e+18 5.5435497e+09 34141210 27372396 1.7651366e-25 1.7456462e-25 6.9415537e-33
2.8323259e+08 1.5778511e+18 5.5435496e+09 34107257 27344972 1.759841e-25 1.7404283e-25 6.906866e-33
2.8351721e+08 1.579429e+18 5.5435495e+09 34073337 27317575 1.7545612e-25 1.735226e-25 6.8723518e-33
2.8380213e+08 1.5810084e+18 5.5435495e+09 34039451 27290206 1.7492973e-25 1.7300392e-25 6.8380101e-33
2.8408733e+08 1.5825894e+18 5.5435494e+09 34005599 27262865 1.7440492e-25 1.7248679e-25 6.8038401e-33
2.8437281e+08 1.584172e+18 5.5435494e+09 33971780 27235551 1.7388168e-25 1.7197121e-25 6.7698409e-33
2.8465858e+08 1.5857562e+18 5.5435493e+09 33937994 27208265 1.7336002e-25 1.7145717e-25 6.7360117e-33
2.8494463e+08 1.5873419e+18 5.5435493e+09 33904242 27181006 1.7283992e-25 1.7094466e-25 6.7023516e-33
2.8523097e+08 1.5889293e+18 5.5435492e+09 33870524 27153774 1.7232138e-25 1.7043369e-25 6.6688598e-33
2.855176e+08 1.5905182e+18 5.5435492e+09 33836838 27126569 1.718044e-25 1.6992424e-25 6.6355354e-33
2.8580451e+08 1.5921087e+18 5.5435491e+09 33803187 27099392 1.7128897e-25 1.6941631e-25 6.6023777e-33
2.8609171e+08 1.5937008e+18 5.5435491e+09 33769568 27072243 1.7077509e-25 1.689099e-25 6.5693857e-33
2.863792e+08 1.5952945e+18 5.543549e+09 33735983 27045120 1.7026275e-25 1.6840501e-25 6.5365586e-33
2.8666697e+08 1.5968898e+18 5.5435489e+09 33702431 27018025 1.6975195e-25 1.6790162e-25 6.5038957e-33
2.8695504e+08 1.5984867e+18 5.5435489e+09 33668912 26990957 1.6924269e-25 1.6739973e-25 6.4713961e-33
2.8724339e+08 1.6000852e+18 5.5435488e+09 33635426 26963916 1.6873495e-25 1.6689935e-25 6.4390589e-33
2.8753203e+08 1.6016853e+18 5.5435488e+09 33601974 26936903 1.6822873e-25 1.6640046e-25 6.4068834e-33
2.8782095e+08 1.6032869e+18 5.5435487e+09 33568555 26909916 1.6772404e-25 1.6590306e-25 6.3748687e-33
2.8811017e+08 1.6048902e+18 5.5435487e+09 33535169 26882957 1.6722086e-25 1.6540715e-25 6.3430141e-33
2.8839968e+08 1.6064951e+18 5.5435486e+09 33501815 26856025 1.6671919e-25 1.6491271e-25 6.3113188e-33
2.8868947e+08 1.6081016e+18 5.5435486e+09 33468495 26829120 1.6621903e-25 1.6441976e-25 6.2797819e-33
2.8897956e+08 1.6097097e+18 5.5435485e+09 33435208 26802242 1.6572037e-25 1.6392828e-25 6.2484026e-33
2.8926993e+08 1.6113194e+18 5.5435485e+09 33401954 26775390 1.652232e-25 1.6343826e-25 6.2171803e-33
2.895606e+08 1.6129308e+18 5.5435484e+09 33368733 26748566 1.6472753e-25 1.6294972e-25 6.186114e-33
2.8985156e+08 1.6145437e+18 5.5435483e+09 33335544 26721769 1.6423335e-25 1.6246263e-25 6.155203e-33
2.901428e+08 1.6161582e+18 5.5435483e+09 33302389 26694999 1.6374065e-25 1.6197699e-25 6.1244466e-33
2.9043434e+08 1.6177744e+18 5.5435482e+09 33269266 26668255 1.6324943e-25 1.6149281e-25 6.0938439e-33
2.9072617e+08 1.6193922e+18 5.5435482e+09 33236176 26641539 1.6275968e-25 1.6101007e-25 6.0633942e-33
2.9101829e+08 1.6210116e+18 5.5435481e+09 33203119 26614849 1.6227141e-25 1.6052877e-25 6.0330967e-33
2.9131071e+08 1.6226326e+18 5.5435481e+09 33170095 26588186 1.617846e-25 1.6004892e-25 6.0029507e-33
2.9160341e+08 1.6242552e+18 5.543548e+09 33137103 26561550 1.6129925e-25 1.5957049e-25 5.9729553e-33
2.9189641e+08 1.6258795e+18 5.543548e+09 33104144 26534941 1.6081536e-25 1.590935e-25 5.94311e-33
2.9218971e+08 1.6275053e+18 5.5435479e+09 33071218 26508358 1.6033292e-25 1.5861793e-25 5.9134138e-33
2.9248329e+08 1.6291328e+18 5.5435479e+09 33038324 26481802 1.5985193e-25 1.5814378e-25 5.8838661e-33
2.9277717e+08 1.630762e+18 5.5435478e+09 33005463 26455273 1.5937238e-25 1.5767105e-25 5.8544661e-33
2.9307134e+08 1.6323927e+18 5.5435478e+09 32972634 26428770 1.5889427e-25 1.5719973e-25 5.825213e-33
2.9336581e+08 1.6340251e+18 5.5435477e+09 32939838 26402294 1.584176e-25 1.5672982e-25 5.7961062e-33
2.9366057e+08 1.6356591e+18 5.5435477e+09 32907074 26375845 1.5794236e-25 1.5626131e-25 5.7671449e-33
2.9395563e+08 1.6372948e+18 5.5435476e+09 32874343 26349422 1.5746854e-25 1.5579421e-25 5.7383284e-33
2.9425098e+08 1.6389321e+18 5.5435476e+09 32841645 26323026 1.5699615e-25 1.5532849e-25 5.709656e-33
2.9454663e+08 1.640571e+18 5.5435475e+09 32808978 26296656 1.5652518e-25 1.5486417e-25 5.6811268e-33
2.9484257e+08 1.6422116e+18 5.5435475e+09 32776344 26270313 1.5605561e-25 1.5440124e-25 5.6527403e-33
2.9513881e+08 1.6438538e+18 5.5435474e+09 32743742 26243996 1.5558746e-25 1.5393969e-25 5.6244957e-33
2.9543534e+08 1.6454977e+18 5.5435474e+09 32711173 26217706 1.5512072e-25 1.5347952e-25 5.5963923e-33
2.9573217e+08 1.6471432e+18 5.5435473e+09 32678636 26191442 1.5465537e-25 1.5302072e-25 5.5684293e-33
2.960293e+08 1.6487903e+18 5.5435473e+09 32646131 26165204 1.5419143e-25 1.525633e-25 5.5406062e-33
2.9632673e+08 1.6504391e+18 5.5435472e+09 32613658 26138993 1.5372887e-25 1.5210724e-25 5.5129221e-33
2.9662445e+08 1.6520895e+18 5.5435471e+09 32581217 26112808 1.532677e-25 1.5165254e-25 5.4853764e-33
2.9692247e+08 1.6537416e+18 5.5435471e+09 32548809 26086650 1.5280792e-25 1.511992e-25 5.4579685e-33
2.9722079e+08 1.6553954e+18 5.543547e+09 32516433 26060517 1.5234952e-25 1.5074722e-25 5.4306975e-33
2.975194e+08 1.6570508e+18 5.543547e+09 32484088 26034411 1.5189249e-25 1.5029659e-25 5.4035628e-33
2.9781832e+08 1.6587078e+18 5.5435469e+09 32451776 26008332 1.5143684e-25 1.498473e-25 5.3765638e-33
2.9811753e+08 1.6603665e+18 5.5435469e+09 32419496 25982278 1.5098255e-25 1.4939936e-25 5.3496998e-33
2.9841705e+08 1.6620269e+18 5.5435468e+09 32387247 25956251 1.5052963e-25 1.4895275e-25 5.32297e-33
2.9871686e+08 1.6636889e+18 5.5435468e+09 32355031 25930249 1.5007807e-25 1.4850748e-25 5.2963739e-33
2.9901697e+08 1.6653526e+18 5.5435467e+09 32322847 25904274 1.4962786e-25 1.4806354e-25 5.2699107e-33
2.9931739e+08 1.667018e+18 5.5435467e+09 32290694 25878325 1.49179e-25 1.4762093e-25 5.2435798e-33
2.996181e+08 1.668685e+18 5.5435466e+09 32258573 25852402 1.4873149e-25 1.4717963e-25 5.2173805e-33
2.9991911e+08 1.6703537e+18 5.5435466e+09 32226484 25826505 1.4828533e-25 1.4673966e-25 5.1913121e-33
3.0022043e+08 1.672024e+18 5.5435465e+09 32194427 25800634 1.478405e-25 1.46301e-25 5.1653741e-33
3.0052204e+08 1.673696e+18 5.5435465e+09 32162402 25774789 1.4739701e-25 1.4586365e-25 5.1395657e-33
3.0082396e+08 1.6753697e+18 5.5435464e+09 32130408 25748970 1.4695485e-25 1.4542761e-25 5.1138864e-33
3.0112618e+08 1.6770451e+18 5.5435464e+09 32098446 25723177 1.4651402e-25 1.4499287e-25 5.0883354e-33
3.014287e+08 1.6787222e+18 5.5435463e+09 32066516 25697410 1.4607451e-25 1.4455943e-25 5.0629121e-33
3.0173153e+08 1.6804009e+18 5.5435463e+09 32034617 25671668 1.4563632e-25 1.4412729e-25 5.0376159e-33
3.0203466e+08 1.6820813e+18 5.5435462e+09 32002750 25645953 1.4519944e-25 1.4369643e-25 5.0124462e-33
3.0233809e+08 1.6837634e+18 5.5435462e+09 31970915 25620263 1.4476388e-25 1.4326687e-25 4.9874022e-33
3.0264182e+08 1.6854471e+18 5.5435462e+09 31939111 25594600 1.4432962e-25 1.4283858e-25 4.9624835e-33
3.0294586e+08 1.6871326e+18 5.5435461e+09 31907338 25568962 1.4389667e-25 1.4241158e-25 4.9376893e-33
3.032502e+08 1.6888197e+18 5.5435461e+09 31875597 25543349 1.4346502e-25 1.4198585e-25 4.913019e-33
3.0355485e+08 1.6905085e+18 5.543546e+09 31843888 25517763 1.4303466e-25 1.415614e-25 4.8884721e-33
3.038598e+08 1.692199e+18 5.543546e+09 31812209 25492202 1.426056e-25 1.4113821e-25 4.8640478e-33
3.0416505e+08 1.6938912e+18 5.5435459e+09 31780563 25466667 1.4217782e-25 1.4071629e-25 4.8397457e-33
3.0447061e+08 1.6955851e+18 5.5435459e+09 31748947 25441157 1.4175132e-25 1.4029562e-25 4.815565e-33
3.0477648e+08 1.6972807e+18 5.5435458e+09 31717363 25415673 1.4132611e-25 1.3987622e-25 4.7915052e-33
3.0508265e+08 1.698978e+18 5.5435458e+09 31685810 25390215 1.4090217e-25 1.3945807e-25 4.7675656e-33
3.0538913e+08 1.700677e+18 5.5435457e+09 31654289 25364782 1.4047951e-25 1.3904117e-25 4.7437457e-33
3.0569592e+08 1.7023776e+18 5.5435457e+09 31622798 25339375 1.4005811e-25 1.3862551e-25 4.7200449e-33
3.0600301e+08 1.70408e+18 5.5435456e+09 31591339 25313993 1.3963798e-25 1.3821109e-25 4.6964625e-33
3.0631041e+08 1.7057841e+18 5.5435456e+09 31559911 25288637 1.3921911e-25 1.3779792e-25 4.6729981e-33
3.0661811e+08 1.7074899e+18 5.5435455e+09 31528514 25263306 1.388015e-25 1.3738597e-25 4.6496509e-33
3.0692613e+08 1.7091974e+18 5.5435455e+09 31497149 25238001 1.3838514e-25 1.3697526e-25 4.6264203e-33
3.0723445e+08 1.7109066e+18 5.5435454e+09 31465814 25212721 1.3797003e-25 1.3656578e-25 4.603306e-33
3.0754308e+08 1.7126175e+18 5.5435454e+09 31434510 25187467 1.3755617e-25 1.3615752e-25 4.5803071e-33
3.0785202e+08 1.7143301e+18 5.5435453e+09 31403238 25162237 1.3714355e-25 1.3575048e-25 4.5574232e-33
3.0816127e+08 1.7160444e+18 5.5435453e+09 31371996 25137034 1.3673216e-25 1.3534465e-25 4.5346537e-33
3.0847082e+08 1.7177605e+18 5.5435452e+09 31340786 25111855 1.3632201e-25 1.3494004e-25 4.511998e-33
3.0878069e+08 1.7194782e+18 5.5435452e+09 31309606 25086702 1.359131e-25 1.3453664e-25 4.4894555e-33
3.0909087e+08 1.7211977e+18 5.5435451e+09 31278457 25061574 1.3550541e-25 1.3413444e-25 4.4670257e-33
3.0940135e+08 1.7229189e+18 5.5435451e+09 31247339 25036471 1.3509894e-25 1.3373344e-25 4.444708e-33
3.0971215e+08 1.7246418e+18 5.5435451e+09 31216252 25011394 1.346937e-25 1.3333365e-25 4.4225019e-33
3.1002326e+08 1.7263665e+18 5.543545e+09 31185195 24986342 1.3428967e-25 1.3293504e-25 4.4004068e-33
3.1033468e+08 1.7280928e+18 5.543545e+09 31154170 24961314 1.3388685e-25 1.3253763e-25 4.3784221e-33
3.1064641e+08 1.7298209e+18 5.5435449e+09 31123175 24936312 1.3348524e-25 1.3214141e-25 4.3565473e-33
3.1095845e+08 1.7315507e+18 5.5435449e+09 31092211 24911335 1.3308484e-25 1.3174637e-25 4.3347818e-33
3.1127081e+08 1.7332823e+18 5.5435448e+09 31061277 24886384 1.3268564e-25 1.3135251e-25 4.3131251e-33
3.1158347e+08 1.7350156e+18 5.5435448e+09 31030375 24861457 1.3228763e-25 1.3095982e-25 4.2915766e-33
3.1189645e+08 1.7367506e+18 5.5435447e+09 30999502 24836555 1.3189083e-25 1.3056831e-25 4.2701359e-33
3.1220974e+08 1.7384873e+18 5.5435447e+09 30968661 24811678 1.3149521e-25 1.3017797e-25 4.2488023e-33
3.1252335e+08 1.7402258e+18 5.5435446e+09 30937850 24786827 1.3110078e-25 1.297888e-25 4.2275754e-33
3.1283727e+08 1.7419661e+18 5.5435446e+09 30907069 24762000 1.3070753e-25 1.2940079e-25 4.2064545e-33
3.131515e+08 1.743708e+18 5.5435445e+09 30876319 24737198 1.3031547e-25 1.2901394e-25 4.1854392e-33
3.1346605e+08 1.7454517e+18 5.5435445e+09 30845600 24712421 1.2992458e-25 1.2862824e-25 4.164529e-33
3.1378091e+08 1.7471972e+18 5.5435445e+09 30814911 24687669 1.2953486e-25 1.282437e-25 4.1437232e-33
3.1409609e+08 1.7489444e+18 5.5435444e+09 30784252 24662942 1.2914632e-25 1.278603e-25 4.1230215e-33
3.1441158e+08 1.7506933e+18 5.5435444e+09 30753623 24638240 1.2875894e-25 1.2747805e-25 4.1024232e-33
3.1472739e+08 1.752444e+18 5.5435443e+09 30723025 24613562 1.2837272e-25 1.2709695e-25 4.0819279e-33
3.1504351e+08 1.7541965e+18 5.5435443e+09 30692458 24588909 1.2798766e-25 1.2671698e-25 4.061535e-33
3.1535995e+08 1.7559507e+18 5.5435442e+09 30661920 24564281 1.2760376e-25 1.2633815e-25 4.041244e-33
3.1567671e+08 1.7577066e+18 5.5435442e+09 30631413 24539678 1.2722101e-25 1.2596045e-25 4.0210544e-33
3.1599378e+08 1.7594643e+18 5.5435441e+09 30600936 24515099 1.2683941e-25 1.2558388e-25 4.0009658e-33
3.1631117e+08 1.7612238e+18 5.5435441e+09 30570490 24490545 1.2645895e-25 1.2520843e-25 3.9809775e-33
3.1662888e+08 1.762985e+18 5.543544e+09 30540073 24466016 1.2607964e-25 1.2483411e-25 3.9610892e-33
3.169469e+08 1.764748e+18 5.543544e+09 30509687 24441512 1.2570147e-25 1.244609e-25 3.9413003e-33
3.1726525e+08 1.7665127e+18 5.543544e+09 30479331 24417032 1.2532442e-25 1.2408881e-25 3.9216102e-33
3.1758391e+08 1.7682792e+18 5.5435439e+09 30449004 24392576 1.2494852e-25 1.2371783e-25 3.9020186e-33
3.1790289e+08 1.7700475e+18 5.5435439e+09 30418708 24368145 1.2457374e-25 1.2334796e-25 3.8825249e-33
3.1822219e+08 1.7718176e+18 5.5435438e+09 30388442 24343739 1.2420008e-25 1.229792e-25 3.8631286e-33
3.185418e+08 1.7735894e+18 5.5435438e+09 30358206 24319357 1.2382754e-25 1.2261153e-25 3.8438293e-33
3.1886174e+08 1.775363e+18 5.5435437e+09 30328000 24295000 1.2345613e-25 1.2224497e-25 3.8246264e-33
3.19182e+08 1.7771383e+18 5.5435437e+09 30297824 24270667 1.2308583e-25 1.218795e-25 3.8055195e-33
3.1950258e+08 1.7789155e+18 5.5435436e+09 30267677 24246358 1.2271664e-25 1.2151512e-25 3.7865081e-33
3.1982348e+08 1.7806944e+18 5.5435436e+09 30237561 24222074 1.2234855e-25 1.2115183e-25 3.7675917e-33
3.201447e+08 1.7824751e+18 5.5435436e+09 30207474 24197815 1.2198158e-25 1.2078963e-25 3.7487698e-33
3.2046624e+08 1.7842576e+18 5.5435435e+09 30177418 24173579 1.216157e-25 1.2042851e-25 3.730042e-33
3.207881e+08 1.7860418e+18 5.5435435e+09 30147391 24149368 1.2125092e-25 1.2006847e-25 3.7114078e-33
3.2111028e+08 1.7878279e+18 5.5435434e+09 30117394 24125182 1.2088724e-25 1.1970951e-25 3.6928668e-33
3.2143279e+08 1.7896157e+18 5.5435434e+09 30087426 24101019 1.2052465e-25 1.1935161e-25 3.6744184e-33
3.2175562e+08 1.7914053e+18 5.5435433e+09 30057488 24076881 1.2016314e-25 1.1899479e-25 3.6560622e-33
3.2207877e+08 1.7931967e+18 5.5435433e+09 30027580 24052767 1.1980273e-25 1.1863903e-25 3.6377977e-33
3.2240224e+08 1.7949899e+18 5.5435433e+09 29997702 24028678 1.1944339e-25 1.1828434e-25 3.6196246e-33
3.2272604e+08 1.7967849e+18 5.5435432e+09 29967853 24004612 1.1908513e-25 1.1793071e-25 3.6015422e-33
3.2305016e+08 1.7985817e+18 5.5435432e+09 29938033 23980571 1.1872795e-25 1.1757813e-25 3.5835502e-33
3.2337461e+08 1.8003803e+18 5.5435431e+09 29908244 23956554 1.1837184e-25 1.172266e-25 3.5656482e-33
3.2369938e+08 1.8021807e+18 5.5435431e+09 29878484 23932561 1.1801679e-25 1.1687613e-25 3.5478356e-33
3.2402448e+08 1.8039828e+18 5.543543e+09 29848753 23908592 1.1766282e-25 1.1652671e-25 3.530112e-33
3.243499e+08 1.8057868e+18 5.543543e+09 29819052 23884647 1.173099e-25 1.1617832e-25 3.512477e-33
3.2467564e+08 1.8075926e+18 5.543543e+09 29789380 23860726 1.1695805e-25 1.1583098e-25 3.4949302e-33
3.2500172e+08 1.8094002e+18 5.5435429e+09 29759737 23836829 1.1660725e-25 1.1548468e-25 3.477471e-33
3.2532811e+08 1.8112096e+18 5.5435429e+09 29730124 23812956 1.162575e-25 1.1513941e-25 3.4600991e-33
3.2565484e+08 1.8130208e+18 5.5435428e+09 29700541 23789107 1.159088e-25 1.1479518e-25 3.442814e-33
3.2598189e+08 1.8148338e+18 5.5435428e+09 29670986 23765282 1.1556115e-25 1.1445197e-25 3.4256153e-33
3.2630927e+08 1.8166487e+18 5.5435427e+09 29641461 23741481 1.1521454e-25 1.1410979e-25 3.4085026e-33
3.2663697e+08 1.8184653e+18 5.5435427e+09 29611965 23717704 1.1486898e-25 1.1376863e-25 3.3914754e-33
3.26965e+08 1.8202838e+18 5.5435427e+09 29582499 23693951 1.1452445e-25 1.1342849e-25 3.3745332e-33
3.2729337e+08 1.8221041e+18 5.5435426e+09 29553062 23670222 1.1418095e-25 1.1308937e-25 3.3576758e-33
3.2762206e+08 1.8239262e+18 5.5435426e+09 29523653 23646516 1.1383849e-25 1.1275126e-25 3.3409025e-33
3.2795107e+08 1.8257501e+18 5.5435425e+09 29494274 23622834 1.1349705e-25 1.1241416e-25 3.3242131e-33
3.2828042e+08 1.8275758e+18 5.5435425e+09 29464924 23599176 1.1315664e-25 1.1207807e-25 3.3076072e-33
3.286101e+08 1.8294034e+18 5.5435425e+09 29435604 23575542 1.1281725e-25 1.1174298e-25 3.2910842e-33
3.289401e+08 1.8312328e+18 5.5435424e+09 29406312 23551931 1.1247887e-25 1.1140889e-25 3.2746437e-33
3.2927044e+08 1.833064e+18 5.5435424e+09 29377049 23528345 1.1214152e-25 1.110758e-25 3.2582855e-33
3.2960111e+08 1.8348971e+18 5.5435423e+09 29347816 23504782 1.1180517e-25 1.1074371e-25 3.242009e-33
3.299321e+08 1.836732e+18 5.5435423e+09 29318611 23481242 1.1146984e-25 1.1041261e-25 3.2258138e-33
3.3026343e+08 1.8385687e+18 5.5435422e+09 29289435 23457726 1.1113551e-25 1.100825e-25 3.2096996e-33
3.3059509e+08 1.8404073e+18 5.5435422e+09 29260288 23434234 1.1080218e-25 1.0975338e-25 3.1936659e-33
3.3092708e+08 1.8422477e+18 5.5435422e+09 29231170 23410765 1.1046986e-25 1.0942524e-25 3.1777123e-33
3.3125941e+08 1.84409e+18 5.5435421e+09 29202081 23387320 1.1013853e-25 1.0909808e-25 3.1618384e-33
3.3159206e+08 1.8459341e+18 5.5435421e+09 29173021 23363899 1.0980819e-25 1.0877189e-25 3.1460439e-33
3.3192505e+08 1.84778e+18 5.543542e+09 29143989 23340501 1.0947885e-25 1.0844669e-25 3.1303283e-33
3.3225837e+08 1.8496278e+18 5.543542e+09 29114987 23317126 1.091505e-25 1.0812245e-25 3.1146913e-33
3.3259203e+08 1.8514774e+18 5.543542e+09 29086013 23293775 1.0882313e-25 1.0779918e-25 3.0991324e-33
3.3292601e+08 1.8533289e+18 5.5435419e+09 29057068 23270447 1.0849674e-25 1.0747688e-25 3.0836512e-33
3.3326034e+08 1.8551822e+18 5.5435419e+09 29028151 23247143 1.0817134e-25 1.0715555e-25 3.0682474e-33
3.3359499e+08 1.8570374e+18 5.5435418e+09 28999263 23223862 1.0784691e-25 1.0683517e-25 3.0529206e-33
3.3392998e+08 1.8588944e+18 5.5435418e+09 28970404 23200605 1.0752345e-25 1.0651575e-25 3.0376704e-33
3.3426531e+08 1.8607533e+18 5.5435418e+09 28941574 23177371 1.0720096e-25 1.0619728e-25 3.0224964e-33
3.3460097e+08 1.8626141e+18 5.5435417e+09 28912771 23154160 1.0687944e-25 1.0587977e-25 3.0073982e-33
3.3493697e+08 1.8644767e+18 5.5435417e+09 28883998 23130973 1.0655889e-25 1.0556321e-25 2.9923755e-33
3.352733e+08 1.8663412e+18 5.5435416e+09 28855253 23107808 1.062393e-25 1.0524759e-25 2.9774278e-33
3.3560997e+08 1.8682075e+18 5.5435416e+09 28826537 23084667 1.0592067e-25 1.0493291e-25 2.9625548e-33
3.3594698e+08 1.8700757e+18 5.5435416e+09 28797849 23061550 1.0560299e-25 1.0461918e-25 2.9477562e-33
3.3628432e+08 1.8719458e+18 5.5435415e+09 28769189 23038455 1.0528627e-25 1.0430638e-25 2.9330315e-33
3.36622e+08 1.8738177e+18 5.5435415e+09 28740558 23015384 1.049705e-25 1.0399452e-25 2.9183804e-33
3.3696002e+08 1.8756915e+18 5.5435414e+09 28711955 22992336 1.0465567e-25 1.0368359e-25 2.9038025e-33
3.3729837e+08 1.8775672e+18 5.5435414e+09 28683381 22969311 1.0434179e-25 1.0337358e-25 2.8892975e-33
3.3763707e+08 1.8794448e+18 5.5435414e+09 28654835 22946309 1.0402885e-25 1.0306451e-25 2.8748649e-33
3.379761e+08 1.8813243e+18 5.5435413e+09 28626317 22923330 1.0371685e-25 1.0275636e-25 2.8605045e-33
3.3831547e+08 1.8832056e+18 5.5435413e+09 28597828 22900374 1.0340579e-25 1.0244913e-25 2.8462158e-33
3.3865519e+08 1.8850888e+18 5.5435412e+09 28569367 22877441 1.0309566e-25 1.0214282e-25 2.8319986e-33
3.3899524e+08 1.8869739e+18 5.5435412e+09 28540934 22854532 1.0278646e-25 1.0183742e-25 2.8178524e-33
3.3933563e+08 1.8888608e+18 5.5435412e+09 28512529 22831645 1.0247819e-25 1.0153293e-25 2.8037768e-33
3.3967636e+08 1.8907497e+18 5.5435411e+09 28484152 22808781 1.0217085e-25 1.0122936e-25 2.7897716e-33
3.4001743e+08 1.8926405e+18 5.5435411e+09 28455804 22785941 1.0186442e-25 1.0092669e-25 2.7758364e-33
3.4035885e+08 1.8945331e+18 5.543541e+09 28427483 22763123 1.0155892e-25 1.0062493e-25 2.7619709e-33
3.407006e+08 1.8964276e+18 5.543541e+09 28399191 22740328 1.0125433e-25 1.0032407e-25 2.7481746e-33
3.410427e+08 1.8983241e+18 5.543541e+09 28370927 22717556 1.0095066e-25 1.0002411e-25 2.7344472e-33
3.4138514e+08 1.9002224e+18 5.5435409e+09 28342690 22694806 1.006479e-25 9.9725045e-26 2.7207885e-33
3.4172792e+08 1.9021226e+18 5.5435409e+09 28314482 22672080 1.0034604e-25 9.9426874e-26 2.707198e-33
3.4207104e+08 1.9040247e+18 5.5435409e+09 28286302 22649377 1.000451e-25 9.9129594e-26 2.6936754e-33
3.4241451e+08 1.9059288e+18 5.5435408e+09 28258149 22626696 9.9745052e-26 9.8833202e-26 2.6802204e-33
3.4275832e+08 1.9078347e+18 5.5435408e+09 28230025 22604038 9.9445908e-26 9.8537696e-26 2.6668326e-33
3.4310248e+08 1.9097425e+18 5.5435407e+09 28201928 22581403 9.9147662e-26 9.8243074e-26 2.6535118e-33
3.4344697e+08 1.9116523e+18 5.5435407e+09 28173860 22558790 9.885031e-26 9.7949331e-26 2.6402575e-33
3.4379182e+08 1.9135639e+18 5.5435407e+09 28145819 22536200 9.8553851e-26 9.7656467e-26 2.6270694e-33
3.4413701e+08 1.9154775e+18 5.5435406e+09 28117806 22513633 9.8258282e-26 9.7364478e-26 2.6139472e-33
3.4448254e+08 1.917393e+18 5.5435406e+09 28089821 22491089 9.7963599e-26 9.7073362e-26 2.6008906e-33
3.4482842e+08 1.9193103e+18 5.5435405e+09 28061863 22468567 9.76698e-26 9.6783115e-26 2.5878992e-33
3.4517464e+08 1.9212297e+18 5.5435405e+09 28033933 22446067 9.7376884e-26 9.6493737e-26 2.5749728e-33
3.4552121e+08 1.9231509e+18 5.5435405e+09 28006031 22423591 9.7084846e-26 9.6205222e-26 2.5621109e-33
3.4586813e+08 1.925074e+18 5.5435404e+09 27978157 22401137 9.6793684e-26 9.5917571e-26 2.5493133e-33
3.4621539e+08 1.9269991e+18 5.5435404e+09 27950310 22378705 9.6503396e-26 9.5630779e-26 2.5365797e-33
3.4656301e+08 1.9289261e+18 5.5435404e+09 27922491 22356296 9.621398e-26 9.5344844e-26 2.5239097e-33
3.4691097e+08 1.930855e+18 5.5435403e+09 27894699 22333909 9.5925431e-26 9.5059763e-26 2.511303e-33
3.4725927e+08 1.9327859e+18 5.5435403e+09 27866935 22311545 9.5637749e-26 9.4775535e-26 2.4987593e-33
3.4760793e+08 1.9347187e+18 5.5435403e+09 27839199 22289204 9.535093e-26 9.4492156e-26 2.4862783e-33
3.4795693e+08 1.9366534e+18 5.5435402e+09 27811490 22266884 9.5064971e-26 9.4209624e-26 2.4738596e-33
3.4830629e+08 1.93859e+18 5.5435402e+09 27783808 22244587 9.4779871e-26 9.3927936e-26 2.461503e-33
3.4865599e+08 1.9405286e+18 5.5435401e+09 27756154 22222313 9.4495626e-26 9.364709e-26 2.4492082e-33
3.4900604e+08 1.9424692e+18 5.5435401e+09 27728527 22200061 9.4212234e-26 9.3367084e-26 2.4369747e-33
3.4935644e+08 1.9444116e+18 5.5435401e+09 27700928 22177831 9.3929692e-26 9.3087914e-26 2.4248024e-33
3.497072e+08 1.946356e+18 5.54354e+09 27673356 22155624 9.3647998e-26 9.2809579e-26 2.412691e-33
3.500583e+08 1.9483024e+18 5.54354e+09 27645812 22133439 9.3367149e-26 9.2532076e-26 2.40064e-33
3.5040975e+08 1.9502507e+18 5.54354e+09 27618295 22111276 9.3087143e-26 9.2255402e-26 2.3886493e-33
3.5076156e+08 1.952201e+18 5.5435399e+09 27590805 22089135 9.2807978e-26 9.1979555e-26 2.3767184e-33
3.5111372e+08 1.9541532e+18 5.5435399e+09 27563342 22067017 9.2529649e-26 9.1704532e-26 2.3648472e-33
3.5146623e+08 1.9561073e+18 5.5435398e+09 27535907 22044920 9.2252156e-26 9.1430331e-26 2.3530353e-33
3.5181909e+08 1.9580634e+18 5.5435398e+09 27508498 22022846 9.1975496e-26 9.115695e-26 2.3412825e-33
3.5217231e+08 1.9600215e+18 5.5435398e+09 27481117 22000794 9.1699666e-26 9.0884386e-26 2.3295883e-33
3.5252587e+08 1.9619815e+18 5.5435397e+09 27453763 21978765 9.1424664e-26 9.0612636e-26 2.3179526e-33
3.528798e+08 1.9639435e+18 5.5435397e+09 27426437 21956757 9.1150486e-26 9.0341699e-26 2.306375e-33
3.5323407e+08 1.9659074e+18 5.5435397e+09 27399137 21934771 9.0877132e-26 9.0071572e-26 2.2948553e-33
3.535887e+08 1.9678733e+18 5.5435396e+09 27371864 21912808 9.0604597e-26 8.9802251e-26 2.2833931e-33
3.5394369e+08 1.9698412e+18 5.5435396e+09 27344619 21890866 9.0332881e-26 8.9533736e-26 2.2719882e-33
3.5429903e+08 1.971811e+18 5.5435396e+09 27317400 21868947 9.0061979e-26 8.9266023e-26 2.2606403e-33
3.5465472e+08 1.9737829e+18 5.5435395e+09 27290209 21847049 8.9791891e-26 8.8999111e-26 2.2493491e-33
3.5501077e+08 1.9757566e+18 5.5435395e+09 27263044 21825174 8.9522613e-26 8.8732996e-26 2.2381143e-33
3.5536718e+08 1.9777324e+18 5.5435395e+09 27235907 21803320 8.9254143e-26 8.8467676e-26 2.2269357e-33
3.5572394e+08 1.9797101e+18 5.5435394e+09 27208796 21781489 8.8986478e-26 8.820315e-26 2.2158129e-33
3.5608106e+08 1.9816898e+18 5.5435394e+09 27181712 21759679 8.8719617e-26 8.7939414e-26 2.2047456e-33
3.5643854e+08 1.9836715e+18 5.5435393e+09 27154655 21737891 8.8453556e-26 8.7676466e-26 2.1937337e-33
3.5679638e+08 1.9856552e+18 5.5435393e+09 27127625 21716126 8.8188293e-26 8.7414304e-26 2.1827768e-33
3.5715457e+08 1.9876409e+18 5.5435393e+09 27100622 21694381 8.7923827e-26 8.7152926e-26 2.1718747e-33
3.5751312e+08 1.9896285e+18 5.5435392e+09 27073645 21672659 8.7660154e-26 8.6892329e-26 2.161027e-33
3.5787203e+08 1.9916181e+18 5.5435392e+09 27046696 21650959 8.7397272e-26 8.6632511e-26 2.1502335e-33
3.582313e+08 1.9936097e+18 5.5435392e+09 27019773 21629280 8.7135179e-26 8.6373469e-26 2.1394939e-33
3.5859093e+08 1.9956034e+18 5.5435391e+09 26992876 21607623 8.6873873e-26 8.6115202e-26 2.1288081e-33
3.5895091e+08 1.997599e+18 5.5435391e+09 26966007 21585988 8.661335e-26 8.5857707e-26 2.1181756e-33
3.5931126e+08 1.9995966e+18 5.5435391e+09 26939164 21564375 8.6353609e-26 8.5600981e-26 2.1075962e-33
3.5967197e+08 2.0015962e+18 5.543539e+09 26912347 21542783 8.6094648e-26 8.5345022e-26 2.0970697e-33
3.6003304e+08 2.0035978e+18 5.543539e+09 26885557 21521213 8.5836463e-26 8.5089829e-26 2.0865957e-33
3.6039447e+08 2.0056013e+18 5.543539e+09 26858794 21499664 8.5579053e-26 8.4835398e-26 2.0761741e-33
3.6075626e+08 2.0076069e+18 5.5435389e+09 26832058 21478137 8.5322416e-26 8.4581728e-26 2.0658046e-33
3.6111841e+08 2.0096146e+18 5.5435389e+09 26805348 21456632 8.5066548e-26 8.4328815e-26 2.0554869e-33
3.6148092e+08 2.0116242e+18 5.5435389e+09 26778664 21435148 8.4811448e-26 8.4076659e-26 2.0452208e-33
3.618438e+08 2.0136358e+18 5.5435388e+09 26752007 21413686 8.4557114e-26 8.3825257e-26 2.0350059e-33
3.6220704e+08 2.0156494e+18 5.5435388e+09 26725376 21392246 8.4303543e-26 8.3574605e-26 2.0248421e-33
3.6257064e+08 2.0176651e+18 5.5435388e+09 26698772 21370827 8.4050732e-26 8.3324703e-26 2.014729e-33
3.6293461e+08 2.0196827e+18 5.5435387e+09 26672194 21349429 8.379868e-26 8.3075548e-26 2.0046665e-33
3.6329894e+08 2.0217024e+18 5.5435387e+09 26645642 21328053 8.3547385e-26 8.2827138e-26 1.9946543e-33
3.6366364e+08 2.0237241e+18 5.5435387e+09 26619117 21306698 8.3296843e-26 8.257947e-26 1.9846921e-33
3.640287e+08 2.0257479e+18 5.5435386e+09 26592618 21285365 8.3047053e-26 8.2332543e-26 1.9747796e-33
3.6439412e+08 2.0277736e+18 5.5435386e+09 26566146 21264053 8.2798013e-26 8.2086353e-26 1.9649167e-33
3.6475991e+08 2.0298014e+18 5.5435386e+09 26539699 21242763 8.2549719e-26 8.1840899e-26 1.9551031e-33
3.6512607e+08 2.0318312e+18 5.5435385e+09 26513279 21221494 8.2302171e-26 8.1596179e-26 1.9453385e-33
3.6549259e+08 2.033863e+18 5.5435385e+09 26486885 21200246 8.2055365e-26 8.135219e-26 1.9356227e-33
3.6585948e+08 2.0358969e+18 5.5435384e+09 26460517 21179020 8.18093e-26 8.1108931e-26 1.9259554e-33
3.6622674e+08 2.0379328e+18 5.5435384e+09 26434176 21157815 8.1563974e-26 8.0866399e-26 1.9163364e-33
3.6659436e+08 2.0399707e+18 5.5435384e+09 26407860 21136631 8.1319383e-26 8.0624591e-26 1.9067655e-33
3.6696235e+08 2.0420107e+18 5.5435383e+09 26381571 21115469 8.1075526e-26 8.0383507e-26 1.8972424e-33
3.6733071e+08 2.0440527e+18 5.5435383e+09 26355308 21094327 8.0832401e-26 8.0143143e-26 1.8877669e-33
3.6769944e+08 2.0460967e+18 5.5435383e+09 26329071 21073207 8.0590005e-26 7.9903497e-26 1.8783387e-33
3.6806853e+08 2.0481428e+18 5.5435382e+09 26302859 21052108 8.0348336e-26 7.9664568e-26 1.8689576e-33
3.68438e+08 2.050191e+18 5.5435382e+09 26276674 21031030 8.0107393e-26 7.9426353e-26 1.8596234e-33
3.6880783e+08 2.0522412e+18 5.5435382e+09 26250515 21009974 7.9867172e-26 7.9188849e-26 1.8503359e-33
3.6917804e+08 2.0542934e+18 5.5435382e+09 26224382 20988938 7.9627673e-26 7.8952056e-26 1.8410947e-33
3.6954861e+08 2.0563477e+18 5.5435381e+09 26198275 20967924 7.9388891e-26 7.8715971e-26 1.8318997e-33
3.6991955e+08 2.058404e+18 5.5435381e+09 26172193 20946931 7.9150827e-26 7.8480591e-26 1.8227506e-33
3.7029087e+08 2.0604625e+18 5.5435381e+09 26146138 20925959 7.8913476e-26 7.8245914e-26 1.8136473e-33
3.7066256e+08 2.0625229e+18 5.543538e+09 26120108 20905008 7.8676838e-26 7.801194e-26 1.8045894e-33
3.7103462e+08 2.0645854e+18 5.543538e+09 26094104 20884077 7.8440909e-26 7.7778664e-26 1.7955768e-33
3.7140705e+08 2.06665e+18 5.543538e+09 26068126 20863168 7.8205688e-26 7.7546086e-26 1.7866092e-33
3.7177985e+08 2.0687167e+18 5.5435379e+09 26042174 20842280 7.7971174e-26 7.7314203e-26 1.7776865e-33
3.7215303e+08 2.0707854e+18 5.5435379e+09 26016247 20821413 7.7737362e-26 7.7083013e-26 1.7688083e-33
3.7252658e+08 2.0728562e+18 5.5435379e+09 25990346 20800567 7.7504252e-26 7.6852514e-26 1.7599744e-33
3.729005e+08 2.074929e+18 5.5435378e+09 25964471 20779741 7.7271842e-26 7.6622704e-26 1.7511847e-33
3.732748e+08 2.077004e+18 5.5435378e+09 25938622 20758937 7.7040129e-26 7.6393581e-26 1.7424389e-33
3.7364947e+08 2.079081e+18 5.5435378e+09 25912798 20738153 7.6809111e-26 7.6165143e-26 1.7337368e-33
3.7402451e+08 2.08116e+18 5.5435377e+09 25887000 20717391 7.6578786e-26 7.5937387e-26 1.7250782e-33
3.7439993e+08 2.0832412e+18 5.5435377e+09 25861227 20696649 7.6349152e-26 7.5710312e-26 1.7164628e-33
3.7477573e+08 2.0853244e+18 5.5435377e+09 25835480 20675928 7.6120207e-26 7.5483917e-26 1.7078905e-33
3.751519e+08 2.0874098e+18 5.5435376e+09 25809759 20655228 7.5891949e-26 7.5258197e-26 1.699361e-33
3.7552845e+08 2.0894972e+18 5.5435376e+09 25784063 20634548 7.5664376e-26 7.5033153e-26 1.6908741e-33
3.7590538e+08 2.0915867e+18 5.5435376e+09 25758392 20613889 7.5437486e-26 7.4808781e-26 1.6824296e-33
3.7628268e+08 2.0936783e+18 5.5435375e+09 25732747 20593251 7.5211276e-26 7.458508e-26 1.6740273e-33
3.7666036e+08 2.0957719e+18 5.5435375e+09 25707128 20572634 7.4985745e-26 7.4362047e-26 1.665667e-33
3.7703841e+08 2.0978677e+18 5.5435375e+09 25681534 20552037 7.4760891e-26 7.4139682e-26 1.6573485e-33
3.7741685e+08 2.0999656e+18 5.5435374e+09 25655965 20531461 7.4536711e-26 7.391798e-26 1.6490715e-33
3.7779566e+08 2.1020655e+18 5.5435374e+09 25630421 20510906 7.4313204e-26 7.3696942e-26 1.6408359e-33
3.7817485e+08 2.1041676e+18 5.5435374e+09 25604903 20490371 7.4090367e-26 7.3476564e-26 1.6326414e-33
3.7855443e+08 2.1062718e+18 5.5435373e+09 25579411 20469857 7.3868199e-26 7.3256845e-26 1.6244878e-33
3.7893438e+08 2.1083781e+18 5.5435373e+09 25553943 20449364 7.3646697e-26 7.3037783e-26 1.616375e-33
3.7931471e+08 2.1104864e+18 5.5435373e+09 25528501 20428891 7.342586e-26 7.2819375e-26 1.6083027e-33
3.7969542e+08 2.1125969e+18 5.5435373e+09 25503084 20408438 7.3205685e-26 7.2601621e-26 1.6002707e-33
3.8007651e+08 2.1147095e+18 5.5435372e+09 25477693 20388007 7.2986171e-26 7.2384517e-26 1.5922789e-33
3.8045798e+08 2.1168242e+18 5.5435372e+09 25452326 20367595 7.2767316e-26 7.2168062e-26 1.584327e-33
3.8083984e+08 2.118941e+18 5.5435372e+09 25426985 20347204 7.2549117e-26 7.1952254e-26 1.5764148e-33
3.8122207e+08 2.12106e+18 5.5435371e+09 25401669 20326834 7.2331573e-26 7.1737091e-26 1.5685421e-33
3.8160469e+08 2.123181e+18 5.5435371e+09 25376378 20306484 7.2114681e-26 7.1522572e-26 1.5607088e-33
3.8198769e+08 2.1253042e+18 5.5435371e+09 25351112 20286154 7.1898441e-26 7.1308694e-26 1.5529146e-33
3.8237108e+08 2.1274295e+18 5.543537e+09 25325871 20265845 7.1682848e-26 7.1095454e-26 1.5451594e-33
3.8275485e+08 2.129557e+18 5.543537e+09 25300655 20245556 7.1467903e-26 7.0882853e-26 1.5374429e-33
3.83139e+08 2.1316865e+18 5.543537e+09 25275464 20225288 7.1253603e-26 7.0670887e-26 1.5297649e-33
3.8352353e+08 2.1338182e+18 5.5435369e+09 25250299 20205040 7.1039945e-26 7.0459554e-26 1.5221253e-33
3.8390845e+08 2.135952e+18 5.5435369e+09 25225158 20184812 7.0826928e-26 7.0248853e-26 1.5145239e-33
3.8429376e+08 2.138088e+18 5.5435369e+09 25200042 20164604 7.0614551e-26 7.0038782e-26 1.5069604e-33
3.8467945e+08 2.1402261e+18 5.5435369e+09 25174951 20144417 7.040281e-26 6.9829339e-26 1.4994347e-33
3.8506552e+08 2.1423663e+18 5.5435368e+09 25149885 20124250 7.0191705e-26 6.9620522e-26 1.4919466e-33
3.8545199e+08 2.1445087e+18 5.5435368e+09 25124844 20104103 6.9981233e-26 6.9412329e-26 1.484496e-33
3.8583883e+08 2.1466532e+18 5.5435368e+09 25099827 20083977 6.9771393e-26 6.9204759e-26 1.4770825e-33
3.8622607e+08 2.1487998e+18 5.5435367e+09 25074836 20063870 6.9562182e-26 6.8997809e-26 1.4697061e-33
3.8661369e+08 2.1509486e+18 5.5435367e+09 25049869 20043784 6.9353599e-26 6.8791478e-26 1.4623665e-33
3.870017e+08 2.1530996e+18 5.5435367e+09 25024927 20023718 6.9145641e-26 6.8585763e-26 1.4550636e-33
3.873901e+08 2.1552527e+18 5.5435366e+09 25000010 20003672 6.8938308e-26 6.8380663e-26 1.4477972e-33
3.8777889e+08 2.1574079e+18 5.5435366e+09 24975118 19983646 6.8731596e-26 6.8176177e-26 1.4405671e-33
3.8816806e+08 2.1595653e+18 5.5435366e+09 24950250 19963641 6.8525505e-26 6.7972301e-26 1.4333731e-33
3.8855763e+08 2.1617249e+18 5.5435366e+09 24925407 19943655 6.8320031e-26 6.7769035e-26 1.426215e-33
3.8894758e+08 2.1638866e+18 5.5435365e+09 24900588 19923689 6.8115175e-26 6.7566377e-26 1.4190927e-33
3.8933792e+08 2.1660505e+18 5.5435365e+09 24875795 19903744 6.7910932e-26 6.7364324e-26 1.412006e-33
3.8972866e+08 2.1682166e+18 5.5435365e+09 24851025 19883818 6.7707303e-26 6.7162876e-26 1.4049547e-33
3.9011978e+08 2.1703848e+18 5.5435364e+09 24826281 19863913 6.7504284e-26 6.696203e-26 1.3979386e-33
3.905113e+08 2.1725552e+18 5.5435364e+09 24801561 19844027 6.7301875e-26 6.6761784e-26 1.3909575e-33
3.9090321e+08 2.1747277e+18 5.5435364e+09 24776865 19824162 6.7100072e-26 6.6562136e-26 1.3840114e-33
3.9129551e+08 2.1769024e+18 5.5435363e+09 24752194 19804316 6.6898875e-26 6.6363085e-26 1.3770999e-33
3.916882e+08 2.1790793e+18 5.5435363e+09 24727548 19784490 6.6698282e-26 6.616463e-26 1.3702229e-33
3.9208128e+08 2.1812584e+18 5.5435363e+09 24702926 19764684 6.649829e-26 6.5966767e-26 1.3633804e-33
3.9247476e+08 2.1834397e+18 5.5435363e+09 24678328 19744898 6.6298898e-26 6.5769497e-26 1.3565719e-33
3.9286863e+08 2.1856231e+18 5.5435362e+09 24653755 19725132 6.6100105e-26 6.5572815e-26 1.3497976e-33
3.932629e+08 2.1878087e+18 5.5435362e+09 24629206 19705386 6.5901908e-26 6.5376722e-26 1.343057e-33
3.9365756e+08 2.1899966e+18 5.5435362e+09 24604682 19685659 6.5704305e-26 6.5181215e-26 1.3363501e-33
3.9405261e+08 2.1921865e+18 5.5435361e+09 24580182 19665952 6.5507295e-26 6.4986292e-26 1.3296767e-33
3.9444806e+08 2.1943787e+18 5.5435361e+09 24555706 19646265 6.5310876e-26 6.4791952e-26 1.3230367e-33
3.9484391e+08 2.1965731e+18 5.5435361e+09 24531254 19626598 6.5115047e-26 6.4598193e-26 1.3164298e-33
3.9524015e+08 2.1987697e+18 5.5435361e+09 24506827 19606950 6.4919805e-26 6.4405013e-26 1.309856e-33
3.9563678e+08 2.2009685e+18 5.543536e+09 24482424 19587323 6.4725148e-26 6.4212411e-26 1.3033149e-33
3.9603382e+08 2.2031694e+18 5.543536e+09 24458045 19567714 6.4531076e-26 6.4020384e-26 1.2968066e-33
3.9643125e+08 2.2053726e+18 5.543536e+09 24433691 19548126 6.4337586e-26 6.3828932e-26 1.2903307e-33
3.9682907e+08 2.207578e+18 5.5435359e+09 24409361 19528557 6.4144676e-26 6.3638052e-26 1.2838872e-33
3.972273e+08 2.2097855e+18 5.5435359e+09 24385054 19509008 6.3952345e-26 6.3447742e-26 1.2774759e-33
3.9762592e+08 2.2119953e+18 5.5435359e+09 24360772 19489478 6.3760591e-26 6.3258001e-26 1.2710967e-33
3.9802495e+08 2.2142073e+18 5.5435359e+09 24336514 19469968 6.3569412e-26 6.3068828e-26 1.2647492e-33
3.9842437e+08 2.2164215e+18 5.5435358e+09 24312280 19450478 6.3378806e-26 6.288022e-26 1.2584335e-33
3.9882419e+08 2.218638e+18 5.5435358e+09 24288070 19431007 6.3188773e-26 6.2692175e-26 1.2521494e-33
3.9922441e+08 2.2208566e+18 5.5435358e+09 24263884 19411556 6.2999309e-26 6.2504693e-26 1.2458966e-33
3.9962503e+08 2.2230774e+18 5.5435357e+09 24239723 19392124 6.2810414e-26 6.2317771e-26 1.2396751e-33
4.0002605e+08 2.2253005e+18 5.5435357e+09 24215585 19372712 6.2622085e-26 6.2131409e-26 1.2334846e-33
4.0042747e+08 2.2275258e+18 5.5435357e+09 24191471 19353319 6.2434322e-26 6.1945603e-26 1.2273251e-33
4.008293e+08 2.2297534e+18 5.5435357e+09 24167381 19333946 6.2247121e-26 6.1760352e-26 1.2211964e-33
4.0123152e+08 2.2319831e+18 5.5435356e+09 24143315 19314592 6.2060483e-26 6.1575656e-26 1.2150982e-33
4.0163415e+08 2.2342151e+18 5.5435356e+09 24119273 19295257 6.1874404e-26 6.1391511e-26 1.2090305e-33
4.0203718e+08 2.2364493e+18 5.5435356e+09 24095254 19275942 6.1688883e-26 6.1207917e-26 1.2029932e-33
4.0244062e+08 2.2386858e+18 5.5435355e+09 24071260 19256646 6.1503919e-26 6.1024872e-26 1.196986e-33
4.0284445e+08 2.2409244e+18 5.5435355e+09 24047289 19237370 6.1319509e-26 6.0842374e-26 1.1910087e-33
4.032487e+08 2.2431654e+18 5.5435355e+09 24023342 19218113 6.1135653e-26 6.0660422e-26 1.1850614e-33
4.0365334e+08 2.2454085e+18 5.5435355e+09 23999419 19198875 6.0952349e-26 6.0479013e-26 1.1791438e-33
4.0405839e+08 2.2476539e+18 5.5435354e+09 23975520 19179656 6.0769594e-26 6.0298147e-26 1.1732557e-33
4.0446385e+08 2.2499016e+18 5.5435354e+09 23951644 19160457 6.0587387e-26 6.0117822e-26 1.167397e-33
4.0486971e+08 2.2521515e+18 5.5435354e+09 23927793 19141277 6.0405727e-26 5.9938035e-26 1.1615676e-33
4.0527597e+08 2.2544036e+18 5.5435354e+09 23903964 19122116 6.0224612e-26 5.9758787e-26 1.1557673e-33
4.0568264e+08 2.256658e+18 5.5435353e+09 23880160 19102975 6.0044041e-26 5.9580073e-26 1.149996e-33
4.0608972e+08 2.2589147e+18 5.5435353e+09 23856379 19083853 5.986401e-26 5.9401895e-26 1.1442535e-33
4.0649721e+08 2.2611736e+18 5.5435353e+09 23832622 19064750 5.968452e-26 5.9224248e-26 1.1385397e-33
4.069051e+08 2.2634348e+18 5.5435352e+09 23808888 19045666 5.9505569e-26 5.9047133e-26 1.1328545e-33
4.0731341e+08 2.2656982e+18 5.5435352e+09 23785178 19026601 5.9327154e-26 5.8870548e-26 1.1271976e-33
4.0772212e+08 2.2679639e+18 5.5435352e+09 23761491 19007555 5.9149274e-26 5.869449e-26 1.121569e-33
4.0813123e+08 2.2702319e+18 5.5435352e+09 23737828 18988529 5.8971928e-26 5.8518958e-26 1.1159685e-33
4.0854076e+08 2.2725021e+18 5.5435351e+09 23714188 18969521 5.8795114e-26 5.8343952e-26 1.110396e-33
4.089507e+08 2.2747746e+18 5.5435351e+09 23690572 18950533 5.8618831e-26 5.8169468e-26 1.1048514e-33
4.0936105e+08 2.2770494e+18 5.5435351e+09 23666979 18931563 5.8443076e-26 5.7995506e-26 1.0993344e-33
4.097718e+08 2.2793265e+18 5.5435351e+09 23643410 18912613 5.8267848e-26 5.7822064e-26 1.093845e-33
4.1018297e+08 2.2816058e+18 5.543535e+09 23619864 18893682 5.8093146e-26 5.7649141e-26 1.088383e-33
4.1059455e+08 2.2838874e+18 5.543535e+09 23596341 18874769 5.7918968e-26 5.7476735e-26 1.0829482e-33
4.1100654e+08 2.2861713e+18 5.543535e+09 23572842 18855876 5.7745312e-26 5.7304844e-26 1.0775407e-33
4.1141895e+08 2.2884574e+18 5.543535e+09 23549366 18837001 5.7572178e-26 5.7133467e-26 1.0721601e-33
4.1183176e+08 2.2907459e+18 5.5435349e+09 23525914 18818146 5.7399563e-26 5.6962602e-26 1.0668064e-33
4.1224499e+08 2.2930366e+18 5.5435349e+09 23502485 18799309 5.7227465e-26 5.6792248e-26 1.0614795e-33
4.1265863e+08 2.2953297e+18 5.5435349e+09 23479079 18780491 5.7055884e-26 5.6622403e-26 1.0561792e-33
4.1307269e+08 2.297625e+18 5.5435348e+09 23455696 18761693 5.6884817e-26 5.6453066e-26 1.0509053e-33
4.1348716e+08 2.2999226e+18 5.5435348e+09 23432336 18742913 5.6714264e-26 5.6284235e-26 1.0456578e-33
4.1390204e+08 2.3022226e+18 5.5435348e+09 23409000 18724151 5.6544222e-26 5.6115909e-26 1.0404365e-33
4.1431734e+08 2.3045248e+18 5.5435348e+09 23385687 18705409 5.637469e-26 5.5948086e-26 1.0352412e-33
4.1473305e+08 2.3068293e+18 5.5435347e+09 23362397 18686686 5.6205667e-26 5.5780765e-26 1.030072e-33
4.1514918e+08 2.3091361e+18 5.5435347e+09 23339130 18667981 5.6037151e-26 5.5613944e-26 1.0249285e-33
4.1556573e+08 2.3114453e+18 5.5435347e+09 23315886 18649295 5.586914e-26 5.5447622e-26 1.0198108e-33
4.1598269e+08 2.3137567e+18 5.5435347e+09 23292665 18630628 5.5701633e-26 5.5281797e-26 1.0147186e-33
4.1640007e+08 2.3160705e+18 5.5435346e+09 23269468 18611979 5.5534629e-26 5.5116468e-26 1.0096518e-33
4.1681787e+08 2.3183865e+18 5.5435346e+09 23246293 18593349 5.5368125e-26 5.4951633e-26 1.0046103e-33
4.1723608e+08 2.3207049e+18 5.5435346e+09 23223141 18574738 5.5202121e-26 5.4787291e-26 9.9959405e-34
4.1765471e+08 2.3230256e+18 5.5435346e+09 23200013 18556146 5.5036615e-26 5.462344e-26 9.9460283e-34
4.1807377e+08 2.3253487e+18 5.5435345e+09 23176907 18537572 5.4871606e-26 5.4460079e-26 9.8963654e-34
4.1849324e+08 2.327674e+18 5.5435345e+09 23153824 18519017 5.4707091e-26 5.4297207e-26 9.8469506e-34
4.1891313e+08 2.3300017e+18 5.5435345e+09 23130764 18500480 5.454307e-26 5.4134821e-26 9.7977826e-34
4.1933344e+08 2.3323317e+18 5.5435345e+09 23107727 18481962 5.4379541e-26 5.3972921e-26 9.7488602e-34
4.1975417e+08 2.334664e+18 5.5435344e+09 23084713 18463463 5.4216502e-26 5.3811504e-26 9.7001821e-34
4.2017532e+08 2.3369987e+18 5.5435344e+09 23061722 18444982 5.4053952e-26 5.3650571e-26 9.6517472e-34
4.2059689e+08 2.3393357e+18 5.5435344e+09 23038754 18426519 5.389189e-26 5.3490118e-26 9.6035542e-34
4.2101888e+08 2.341675e+18 5.5435344e+09 23015808 18408075 5.3730315e-26 5.3330145e-26 9.5556019e-34
4.214413e+08 2.3440167e+18 5.5435343e+09 22992885 18389650 5.3569223e-26 5.3170651e-26 9.5078891e-34
4.2186414e+08 2.3463607e+18 5.5435343e+09 22969985 18371243 5.3408615e-26 5.3011633e-26 9.4604146e-34
4.222874e+08 2.3487071e+18 5.5435343e+09 22947108 18352855 5.3248489e-26 5.2853091e-26 9.4131773e-34
4.2271108e+08 2.3510558e+18 5.5435343e+09 22924253 18334485 5.3088843e-26 5.2695022e-26 9.3661759e-34
4.2313519e+08 2.3534068e+18 5.5435342e+09 22901421 18316133 5.2929676e-26 5.2537426e-26 9.3194092e-34
4.2355972e+08 2.3557602e+18 5.5435342e+09 22878612 18297800 5.2770986e-26 5.2380302e-26 9.2728762e-34
4.2398468e+08 2.358116e+18 5.5435342e+09 22855826 18279486 5.2612772e-26 5.2223647e-26 9.2265756e-34
4.2441006e+08 2.3604741e+18 5.5435342e+09 22833062 18261189 5.2455033e-26 5.206746e-26 9.1805062e-34
4.2483586e+08 2.3628346e+18 5.5435341e+09 22810320 18242911 5.2297767e-26 5.191174e-26 9.1346669e-34
4.252621e+08 2.3651974e+18 5.5435341e+09 22787602 18224651 5.2140972e-26 5.1756486e-26 9.0890566e-34
4.2568876e+08 2.3675626e+18 5.5435341e+09 22764905 18206410 5.1984648e-26 5.1601696e-26 9.0436741e-34
4.2611584e+08 2.3699302e+18 5.5435341e+09 22742232 18188187 5.1828793e-26 5.1447369e-26 8.9985183e-34
4.2654335e+08 2.3723001e+18 5.543534e+09 22719581 18169982 5.1673405e-26 5.1293503e-26 8.953588e-34
4.2697129e+08 2.3746724e+18 5.543534e+09 22696952 18151796 5.1518484e-26 5.1140097e-26 8.9088821e-34
4.2739966e+08 2.3770471e+18 5.543534e+09 22674346 18133627 5.1364027e-26 5.098715e-26 8.8643995e-34
4.2782846e+08 2.3794241e+18 5.543534e+09 22651762 18115477 5.1210033e-26 5.083466e-26 8.8201391e-34
4.2825768e+08 2.3818036e+18 5.5435339e+09 22629201 18097345 5.1056501e-26 5.0682626e-26 8.7760997e-34
4.2868734e+08 2.3841854e+18 5.5435339e+09 22606662 18079232 5.090343e-26 5.0531047e-26 8.7322803e-34
4.2911742e+08 2.3865695e+18 5.5435339e+09 22584145 18061136 5.0750818e-26 5.0379921e-26 8.6886798e-34
4.2954794e+08 2.3889561e+18 5.5435339e+09 22561651 18043059 5.0598664e-26 5.0229246e-26 8.645297e-34
4.2997888e+08 2.3913451e+18 5.5435338e+09 22539179 18024999 5.0446966e-26 5.0079022e-26 8.6021309e-34
4.3041026e+08 2.3937364e+18 5.5435338e+09 22516730 18006958 5.0295723e-26 4.9929247e-26 8.5591805e-34
4.3084206e+08 2.3961302e+18 5.5435338e+09 22494302 17988935 5.0144933e-26 4.977992e-26 8.5164445e-34
4.312743e+08 2.3985263e+18 5.5435338e+09 22471898 17970930 4.9994596e-26 4.9631039e-26 8.473922e-34
4.3170697e+08 2.4009248e+18 5.5435337e+09 22449515 17952943 4.984471e-26 4.9482604e-26 8.4316118e-34
4.3214008e+08 2.4033257e+18 5.5435337e+09 22427154 17934974 4.9695273e-26 4.9334612e-26 8.389513e-34
4.3257361e+08 2.4057291e+18 5.5435337e+09 22404816 17917023 4.9546285e-26 4.9187063e-26 8.3476245e-34
4.3300758e+08 2.4081348e+18 5.5435337e+09 22382500 17899090 4.9397743e-26 4.9039954e-26 8.3059451e-34
4.3344199e+08 2.4105429e+18 5.5435336e+09 22360206 17881175 4.9249647e-26 4.8893286e-26 8.264474e-34
4.3387683e+08 2.4129535e+18 5.5435336e+09 22337934 17863279 4.9101996e-26 4.8747056e-26 8.2232099e-34
4.343121e+08 2.4153664e+18 5.5435336e+09 22315685 17845400 4.8954787e-26 4.8601263e-26 8.182152e-34
4.3474781e+08 2.4177818e+18 5.5435336e+09 22293457 17827538 4.8808019e-26 4.8455906e-26 8.1412991e-34
4.3518395e+08 2.4201996e+18 5.5435335e+09 22271252 17809695 4.8661692e-26 4.8310984e-26 8.1006503e-34
4.3562053e+08 2.4226198e+18 5.5435335e+09 22249068 17791870 4.8515804e-26 4.8166495e-26 8.0602044e-34
4.3605755e+08 2.4250424e+18 5.5435335e+09 22226907 17774063 4.8370353e-26 4.8022438e-26 8.0199606e-34
4.3649501e+08 2.4274674e+18 5.5435335e+09 22204767 17756273 4.8225339e-26 4.7878812e-26 7.9799178e-34
4.369329e+08 2.4298949e+18 5.5435334e+09 22182650 17738501 4.8080759e-26 4.7735615e-26 7.940075e-34
4.3737123e+08 2.4323248e+18 5.5435334e+09 22160554 17720747 4.7936613e-26 4.7592846e-26 7.9004311e-34
4.3780999e+08 2.4347571e+18 5.5435334e+09 22138481 17703011 4.77929e-26 4.7450504e-26 7.8609853e-34
4.382492e+08 2.4371919e+18 5.5435334e+09 22116429 17685293 4.7649617e-26 4.7308588e-26 7.8217365e-34
4.3868885e+08 2.4396291e+18 5.5435334e+09 22094400 17667593 4.7506764e-26 4.7167096e-26 7.7826837e-34
4.3912893e+08 2.4420687e+18 5.5435333e+09 22072392 17649910 4.736434e-26 4.7026027e-26 7.7438259e-34
4.3956946e+08 2.4445108e+18 5.5435333e+09 22050406 17632245 4.7222343e-26 4.688538e-26 7.7051622e-34
4.4001042e+08 2.4469553e+18 5.5435333e+09 22028442 17614597 4.7080772e-26 4.6745153e-26 7.6666916e-34
4.4045183e+08 2.4494022e+18 5.5435333e+09 22006499 17596968 4.6939625e-26 4.6605345e-26 7.6284132e-34
4.4089368e+08 2.4518516e+18 5.5435332e+09 21984579 17579356 4.6798902e-26 4.6465956e-26 7.5903259e-34
4.4133597e+08 2.4543035e+18 5.5435332e+09 21962680 17561762 4.66586e-26 4.6326983e-26 7.5524289e-34
4.417787e+08 2.4567578e+18 5.5435332e+09 21940803 17544185 4.651872e-26 4.6188426e-26 7.5147211e-34
4.4222188e+08 2.4592145e+18 5.5435332e+09 21918948 17526626 4.6379259e-26 4.6050283e-26 7.4772016e-34
4.426655e+08 2.4616738e+18 5.5435331e+09 21897114 17509084 4.6240216e-26 4.5912553e-26 7.4398696e-34
4.4310956e+08 2.4641354e+18 5.5435331e+09 21875303 17491561 4.6101591e-26 4.5775235e-26 7.402724e-34
4.4355407e+08 2.4665996e+18 5.5435331e+09 21853512 17474054 4.5963381e-26 4.5638327e-26 7.3657639e-34
4.4399902e+08 2.4690662e+18 5.5435331e+09 21831744 17456566 4.5825586e-26 4.5501829e-26 7.3289883e-34
4.4444441e+08 2.4715352e+18 5.5435331e+09 21809997 17439094 4.5688204e-26 4.5365738e-26 7.2923965e-34
4.4489025e+08 2.4740068e+18 5.543533e+09 21788272 17421641 4.5551234e-26 4.5230055e-26 7.2559874e-34
4.4533654e+08 2.4764808e+18 5.543533e+09 21766568 17404205 4.5414675e-26 4.5094777e-26 7.2197602e-34
4.4578327e+08 2.4789573e+18 5.543533e+09 21744886 17386786 4.5278525e-26 4.4959904e-26 7.1837138e-34
4.4623045e+08 2.4814362e+18 5.543533e+09 21723225 17369385 4.5142784e-26 4.4825434e-26 7.1478475e-34
4.4667808e+08 2.4839177e+18 5.5435329e+09 21701586 17352001 4.500745e-26 4.4691366e-26 7.1121603e-34
4.4712616e+08 2.4864016e+18 5.5435329e+09 21679968 17334635 4.4872521e-26 4.4557699e-26 7.0766514e-34
4.4757468e+08 2.488888e+18 5.5435329e+09 21658372 17317286 4.4737998e-26 4.4424432e-26 7.0413198e-34
4.4802365e+08 2.4913769e+18 5.5435329e+09 21636797 17299954 4.4603878e-26 4.4291563e-26 7.0061646e-34
4.4847307e+08 2.4938682e+18 5.5435329e+09 21615244 17282640 4.447016e-26 4.4159091e-26 6.971185e-34
4.4892294e+08 2.4963621e+18 5.5435328e+09 21593712 17265343 4.4336843e-26 4.4027016e-26 6.9363802e-34
4.4937326e+08 2.4988585e+18 5.5435328e+09 21572202 17248064 4.4203926e-26 4.3895335e-26 6.9017491e-34
4.4982403e+08 2.5013573e+18 5.5435328e+09 21550712 17230802 4.4071408e-26 4.3764048e-26 6.867291e-34
4.5027525e+08 2.5038587e+18 5.5435328e+09 21529245 17213557 4.3939287e-26 4.3633153e-26 6.833005e-34
4.5072692e+08 2.5063625e+18 5.5435327e+09 21507798 17196329 4.3807562e-26 4.350265e-26 6.7988902e-34
4.5117905e+08 2.5088689e+18 5.5435327e+09 21486373 17179119 4.3676233e-26 4.3372537e-26 6.7649458e-34
4.5163162e+08 2.5113778e+18 5.5435327e+09 21464969 17161926 4.3545297e-26 4.3242813e-26 6.7311709e-34
4.5208465e+08 2.5138891e+18 5.5435327e+09 21443586 17144750 4.3414754e-26 4.3113477e-26 6.6975647e-34
4.5253813e+08 2.516403e+18 5.5435327e+09 21422225 17127592 4.3284602e-26 4.2984528e-26 6.6641263e-34
4.5299207e+08 2.5189194e+18 5.5435326e+09 21400885 17110450 4.3154841e-26 4.2855964e-26 6.6308549e-34
4.5344646e+08 2.5214384e+18 5.5435326e+09 21379566 17093326 4.3025469e-26 4.2727784e-26 6.5977497e-34
4.539013e+08 2.5239598e+18 5.5435326e+09 21358268 17076219 4.2896485e-26 4.2599988e-26 6.5648098e-34
4.543566e+08 2.5264838e+18 5.5435326e+09 21336992 17059129 4.2767888e-26 4.2472574e-26 6.5320344e-34
4.5481235e+08 2.5290102e+18 5.5435325e+09 21315736 17042057 4.2639677e-26 4.2345541e-26 6.4994227e-34
4.5526856e+08 2.5315393e+18 5.5435325e+09 21294502 17025001 4.251185e-26 4.2218888e-26 6.4669738e-34
4.5572523e+08 2.5340708e+18 5.5435325e+09 21273288 17007963 4.2384406e-26 4.2092613e-26 6.434687e-34
4.5618235e+08 2.5366049e+18 5.5435325e+09 21252096 16990941 4.2257345e-26 4.1966716e-26 6.4025615e-34
4.5663993e+08 2.5391415e+18 5.5435325e+09 21230925 16973937 4.2130665e-26 4.1841195e-26 6.3705964e-34
4.5709796e+08 2.5416806e+18 5.5435324e+09 21209775 16956950 4.2004364e-26 4.171605e-26 6.3387909e-34
4.5755646e+08 2.5442223e+18 5.5435324e+09 21188646 16939979 4.1878443e-26 4.1591279e-26 6.3071443e-34
4.5801541e+08 2.5467665e+18 5.5435324e+09 21167538 16923026 4.1752899e-26 4.1466881e-26 6.2756557e-34
4.5847482e+08 2.5493133e+18 5.5435324e+09 21146450 16906090 4.1627732e-26 4.1342855e-26 6.2443243e-34
4.589347e+08 2.5518626e+18 5.5435324e+09 21125384 16889171 4.150294e-26 4.1219199e-26 6.2131495e-34
4.5939503e+08 2.5544145e+18 5.5435323e+09 21104339 16872268 4.1378522e-26 4.1095914e-26 6.1821303e-34
4.5985582e+08 2.5569689e+18 5.5435323e+09 21083315 16855383 4.1254477e-26 4.0972997e-26 6.151266e-34
4.6031707e+08 2.5595258e+18 5.5435323e+09 21062311 16838515 4.1130805e-26 4.0850447e-26 6.1205559e-34
4.6077879e+08 2.5620854e+18 5.5435323e+09 21041328 16821663 4.1007503e-26 4.0728264e-26 6.0899991e-34
4.6124096e+08 2.5646474e+18 5.5435322e+09 21020367 16804828 4.0884571e-26 4.0606446e-26 6.0595949e-34
4.617036e+08 2.5672121e+18 5.5435322e+09 20999426 16788011 4.0762008e-26 4.0484993e-26 6.0293426e-34
4.621667e+08 2.5697793e+18 5.5435322e+09 20978506 16771210 4.0639812e-26 4.0363903e-26 5.9992413e-34
4.6263026e+08 2.5723491e+18 5.5435322e+09 20957606 16754426 4.0517983e-26 4.0243174e-26 5.9692904e-34
4.6309429e+08 2.5749214e+18 5.5435322e+09 20936728 16737659 4.0396519e-26 4.0122807e-26 5.939489e-34
4.6355878e+08 2.5774964e+18 5.5435321e+09 20915870 16720908 4.027542e-26 4.0002799e-26 5.9098365e-34
4.6402374e+08 2.5800739e+18 5.5435321e+09 20895033 16704175 4.0154683e-26 3.9883151e-26 5.880332e-34
4.6448916e+08 2.5826539e+18 5.5435321e+09 20874216 16687458 4.0034309e-26 3.976386e-26 5.8509749e-34
4.6495504e+08 2.5852366e+18 5.5435321e+09 20853420 16670758 3.9914296e-26 3.9644926e-26 5.8217644e-34
4.654214e+08 2.5878218e+18 5.5435321e+09 20832645 16654074 3.9794642e-26 3.9526347e-26 5.7926998e-34
4.6588821e+08 2.5904096e+18 5.543532e+09 20811891 16637408 3.9675348e-26 3.9408123e-26 5.7637803e-34
4.663555e+08 2.5930001e+18 5.543532e+09 20791157 16620758 3.9556411e-26 3.9290253e-26 5.7350052e-34
4.6682325e+08 2.5955931e+18 5.543532e+09 20770444 16604125 3.9437831e-26 3.9172735e-26 5.7063739e-34
4.6729147e+08 2.5981886e+18 5.543532e+09 20749751 16587508 3.9319607e-26 3.9055568e-26 5.6778855e-34
4.6776016e+08 2.6007868e+18 5.543532e+09 20729079 16570908 3.9201737e-26 3.8938752e-26 5.6495394e-34
4.6822932e+08 2.6033876e+18 5.5435319e+09 20708427 16554325 3.908422e-26 3.8822285e-26 5.6213348e-34
4.6869894e+08 2.605991e+18 5.5435319e+09 20687796 16537758 3.8967056e-26 3.8706166e-26 5.5932711e-34
4.6916904e+08 2.608597e+18 5.5435319e+09 20667186 16521208 3.8850244e-26 3.8590394e-26 5.5653475e-34
4.696396e+08 2.6112056e+18 5.5435319e+09 20646596 16504675 3.8733782e-26 3.8474969e-26 5.5375634e-34
4.7011064e+08 2.6138168e+18 5.5435318e+09 20626026 16488158 3.8617668e-26 3.8359888e-26 5.509918e-34
4.7058215e+08 2.6164306e+18 5.5435318e+09 20605477 16471658 3.8501904e-26 3.8245152e-26 5.4824107e-34
4.7105413e+08 2.619047e+18 5.5435318e+09 20584948 16455174 3.8386486e-26 3.8130759e-26 5.4550407e-34
4.7152658e+08 2.6216661e+18 5.5435318e+09 20564440 16438707 3.8271415e-26 3.8016708e-26 5.4278075e-34
4.719995e+08 2.6242878e+18 5.5435318e+09 20543952 16422256 3.8156688e-26 3.7902998e-26 5.4007102e-34
4.724729e+08 2.626912e+18 5.5435317e+09 20523484 16405822 3.8042306e-26 3.7789627e-26 5.3737482e-34
4.7294677e+08 2.629539e+18 5.5435317e+09 20503037 16389404 3.7928266e-26 3.7676596e-26 5.3469209e-34
4.7342111e+08 2.6321685e+18 5.5435317e+09 20482610 16373003 3.7814569e-26 3.7563903e-26 5.3202275e-34
4.7389593e+08 2.6348007e+18 5.5435317e+09 20462203 16356618 3.7701213e-26 3.7451547e-26 5.2936675e-34
4.7437122e+08 2.6374355e+18 5.5435317e+09 20441817 16340250 3.7588196e-26 3.7339527e-26 5.26724e-34
4.7484699e+08 2.6400729e+18 5.5435316e+09 20421451 16323898 3.7475519e-26 3.7227841e-26 5.2409446e-34
4.7532323e+08 2.642713e+18 5.5435316e+09 20401105 16307562 3.7363179e-26 3.711649e-26 5.2147805e-34
4.7579995e+08 2.6453557e+18 5.5435316e+09 20380779 16291243 3.7251177e-26 3.7005472e-26 5.188747e-34
4.7627715e+08 2.648001e+18 5.5435316e+09 20360473 16274940 3.713951e-26 3.6894785e-26 5.1628435e-34
4.7675482e+08 2.650649e+18 5.5435316e+09 20340188 16258653 3.7028178e-26 3.678443e-26 5.1370694e-34
4.7723298e+08 2.6532997e+18 5.5435315e+09 20319923 16242383 3.691718e-26 3.6674404e-26 5.1114239e-34
4.7771161e+08 2.655953e+18 5.5435315e+09 20299678 16226129 3.6806515e-26 3.6564708e-26 5.0859066e-34
4.7819071e+08 2.6586089e+18 5.5435315e+09 20279453 16209892 3.6696181e-26 3.6455339e-26 5.0605167e-34
4.786703e+08 2.6612676e+18 5.5435315e+09 20259248 16193670 3.6586179e-26 3.6346298e-26 5.0352535e-34
4.7915037e+08 2.6639288e+18 5.5435315e+09 20239063 16177465 3.6476506e-26 3.6237582e-26 5.0101165e-34
4.7963092e+08 2.6665928e+18 5.5435315e+09 20218899 16161277 3.6367163e-26 3.6129192e-26 4.9851051e-34
4.8011194e+08 2.6692593e+18 5.5435314e+09 20198754 16145104 3.6258147e-26 3.6021126e-26 4.9602185e-34
4.8059345e+08 2.6719286e+18 5.5435314e+09 20178629 16128948 3.6149458e-26 3.5913383e-26 4.9354562e-34
4.8107544e+08 2.6746005e+18 5.5435314e+09 20158525 16112807 3.6041095e-26 3.5805962e-26 4.9108176e-34
4.8155792e+08 2.6772751e+18 5.5435314e+09 20138440 16096683 3.5933057e-26 3.5698862e-26 4.8863019e-34
4.8204087e+08 2.6799524e+18 5.5435314e+09 20118375 16080575 3.5825343e-26 3.5592082e-26 4.8619088e-34
4.8252431e+08 2.6826324e+18 5.5435313e+09 20098331 16064484 3.5717952e-26 3.5485622e-26 4.8376374e-34
4.8300823e+08 2.685315e+18 5.5435313e+09 20078306 16048408 3.5610883e-26 3.537948e-26 4.8134872e-34
4.8349263e+08 2.6880003e+18 5.5435313e+09 20058301 16032349 3.5504136e-26 3.5273656e-26 4.7894576e-34
4.8397752e+08 2.6906883e+18 5.5435313e+09 20038316 16016305 3.5397708e-26 3.5168148e-26 4.765548e-34
4.844629e+08 2.693379e+18 5.5435313e+09 20018351 16000278 3.5291599e-26 3.5062955e-26 4.7417579e-34
4.8494876e+08 2.6960724e+18 5.5435312e+09 19998405 15984267 3.5185809e-26 3.4958077e-26 4.7180865e-34
4.854351e+08 2.6987684e+18 5.5435312e+09 19978480 15968272 3.5080336e-26 3.4853513e-26 4.6945333e-34
4.8592194e+08 2.7014672e+18 5.5435312e+09 19958574 15952293 3.4975179e-26 3.4749261e-26 4.6710977e-34
4.8640926e+08 2.7041687e+18 5.5435312e+09 19938688 15936329 3.4870338e-26 3.4645321e-26 4.6477791e-34
4.8689706e+08 2.7068729e+18 5.5435312e+09 19918822 15920382 3.4765811e-26 3.4541692e-26 4.624577e-34
4.8738536e+08 2.7095797e+18 5.5435311e+09 19898975 15904451 3.4661597e-26 3.4438372e-26 4.6014908e-34
4.8787414e+08 2.7122893e+18 5.5435311e+09 19879148 15888536 3.4557696e-26 3.4335362e-26 4.5785198e-34
4.8836341e+08 2.7150016e+18 5.5435311e+09 19859341 15872637 3.4454106e-26 3.4232659e-26 4.5556635e-34
4.8885317e+08 2.7177166e+18 5.5435311e+09 19839554 15856754 3.4350828e-26 3.4130264e-26 4.5329214e-34
4.8934342e+08 2.7204343e+18 5.5435311e+09 19819786 15840886 3.4247858e-26 3.4028175e-26 4.5102928e-34
4.8983416e+08 2.7231547e+18 5.543531e+09 19800038 15825035 3.4145198e-26 3.3926391e-26 4.4877772e-34
4.9032539e+08 2.7258779e+18 5.543531e+09 19780310 15809199 3.4042846e-26 3.3824912e-26 4.4653741e-34
4.9081711e+08 2.7286038e+18 5.543531e+09 19760601 15793380 3.39408e-26 3.3723736e-26 4.4430828e-34
4.9130933e+08 2.7313324e+18 5.543531e+09 19740912 15777576 3.383906e-26 3.3622862e-26 4.4209028e-34
4.9180203e+08 2.7340637e+18 5.543531e+09 19721242 15761788 3.3737626e-26 3.352229e-26 4.3988336e-34
4.9229523e+08 2.7367978e+18 5.543531e+09 19701592 15746016 3.3636495e-26 3.3422019e-26 4.3768746e-34
4.9278892e+08 2.7395346e+18 5.5435309e+09 19681961 15730259 3.3535668e-26 3.3322048e-26 4.3550252e-34
4.9328311e+08 2.7422741e+18 5.5435309e+09 19662350 15714519 3.3435144e-26 3.3222375e-26 4.333285e-34
4.9377779e+08 2.7450164e+18 5.5435309e+09 19642759 15698794 3.333492e-26 3.3123001e-26 4.3116533e-34
4.9427296e+08 2.7477614e+18 5.5435309e+09 19623187 15683085 3.3234998e-26 3.3023924e-26 4.2901296e-34
4.9476863e+08 2.7505092e+18 5.5435309e+09 19603634 15667392 3.3135375e-26 3.2925143e-26 4.2687133e-34
4.952648e+08 2.7532597e+18 5.5435308e+09 19584101 15651714 3.303605e-26 3.2826658e-26 4.2474041e-34
4.9576146e+08 2.7560129e+18 5.5435308e+09 19564587 15636052 3.2937024e-26 3.2728467e-26 4.2262012e-34
4.9625862e+08 2.7587689e+18 5.5435308e+09 19545092 15620406 3.2838294e-26 3.2630569e-26 4.2051042e-34
4.9675628e+08 2.7615277e+18 5.5435308e+09 19525617 15604776 3.2739861e-26 3.2532964e-26 4.1841125e-34
4.9725443e+08 2.7642892e+18 5.5435308e+09 19506162 15589161 3.2641722e-26 3.2435652e-26 4.1632257e-34
4.9775308e+08 2.7670535e+18 5.5435308e+09 19486725 15573562 3.2543878e-26 3.233863e-26 4.1424432e-34
4.9825223e+08 2.7698206e+18 5.5435307e+09 19467308 15557978 3.2446328e-26 3.2241898e-26 4.1217644e-34
4.9875188e+08 2.7725904e+18 5.5435307e+09 19447910 15542410 3.234907e-26 3.2145456e-26 4.1011889e-34
4.9925203e+08 2.775363e+18 5.5435307e+09 19428532 15526858 3.2252103e-26 3.2049302e-26 4.0807161e-34
4.9975268e+08 2.7781384e+18 5.5435307e+09 19409173 15511321 3.2155427e-26 3.1953435e-26 4.0603455e-34
5.0025383e+08 2.7809165e+18 5.5435307e+09 19389833 15495800 3.2059042e-26 3.1857855e-26 4.0400767e-34
5.0075548e+08 2.7836974e+18 5.5435306e+09 19370512 15480295 3.1962945e-26 3.1762561e-26 4.0199091e-34
5.0125763e+08 2.7864811e+18 5.5435306e+09 19351210 15464805 3.1867136e-26 3.1667552e-26 3.9998422e-34
5.0176029e+08 2.7892676e+18 5.5435306e+09 19331928 15449330 3.1771615e-26 3.1572827e-26 3.9798754e-34
5.0226344e+08 2.7920569e+18 5.5435306e+09 19312665 15433871 3.167638e-26 3.1478385e-26 3.9600084e-34
5.027671e+08 2.7948489e+18 5.5435306e+09 19293421 15418428 3.1581431e-26 3.1384226e-26 3.9402406e-34
5.0327127e+08 2.7976438e+18 5.5435306e+09 19274196 15403000 3.1486766e-26 3.1290348e-26 3.9205715e-34
5.0377594e+08 2.8004414e+18 5.5435305e+09 19254990 15387587 3.1392385e-26 3.1196751e-26 3.9010005e-34
5.0428111e+08 2.8032419e+18 5.5435305e+09 19235803 15372190 3.1298288e-26 3.1103434e-26 3.8815274e-34
5.0478679e+08 2.8060451e+18 5.5435305e+09 19216636 15356808 3.1204472e-26 3.1010396e-26 3.8621514e-34
5.0529297e+08 2.8088511e+18 5.5435305e+09 19197487 15341442 3.1110938e-26 3.0917636e-26 3.8428722e-34
5.0579966e+08 2.81166e+18 5.5435305e+09 19178357 15326091 3.1017684e-26 3.0825154e-26 3.8236893e-34
5.0630686e+08 2.8144717e+18 5.5435304e+09 19159247 15310756 3.092471e-26 3.0732948e-26 3.8046021e-34
5.0681456e+08 2.8172861e+18 5.5435304e+09 19140155 15295435 3.0832015e-26 3.0641018e-26 3.7856102e-34
5.0732277e+08 2.8201034e+18 5.5435304e+09 19121083 15280131 3.0739597e-26 3.0549362e-26 3.7667132e-34
5.0783149e+08 2.8229235e+18 5.5435304e+09 19102029 15264841 3.0647457e-26 3.0457981e-26 3.7479106e-34
5.0834072e+08 2.8257464e+18 5.5435304e+09 19082994 15249567 3.0555593e-26 3.0366873e-26 3.7292018e-34
5.0885046e+08 2.8285722e+18 5.5435304e+09 19063979 15234308 3.0464004e-26 3.0276038e-26 3.7105864e-34
5.0936071e+08 2.8314008e+18 5.5435303e+09 19044982 15219065 3.0372691e-26 3.0185474e-26 3.692064e-34
5.0987146e+08 2.8342322e+18 5.5435303e+09 19026004 15203837 3.028165e-26 3.0095181e-26 3.6736341e-34
5.1038273e+08 2.8370664e+18 5.5435303e+09 19007045 15188624 3.0190883e-26 3.0005158e-26 3.6552961e-34
5.1089451e+08 2.8399035e+18 5.5435303e+09 18988104 15173426 3.0100388e-26 2.9915404e-26 3.6370498e-34
5.114068e+08 2.8427434e+18 5.5435303e+09 18969183 15158244 3.0010165e-26 2.9825918e-26 3.6188946e-34
5.1191961e+08 2.8455861e+18 5.5435303e+09 18950280 15143076 2.9920212e-26 2.97367e-26 3.60083e-34
5.1243292e+08 2.8484317e+18 5.5435302e+09 18931396 15127924 2.9830529e-26 2.9647749e-26 3.5828556e-34
5.1294675e+08 2.8512801e+18 5.5435302e+09 18912531 15112787 2.9741114e-26 2.9559064e-26 3.5649709e-34
5.134611e+08 2.8541314e+18 5.5435302e+09 18893685 15097666 2.9651968e-26 2.9470644e-26 3.5471756e-34
5.1397595e+08 2.8569855e+18 5.5435302e+09 18874857 15082559 2.9563089e-26 2.9382489e-26 3.5294691e-34
5.1449133e+08 2.8598425e+18 5.5435302e+09 18856048 15067468 2.9474477e-26 2.9294597e-26 3.511851e-34
5.1500722e+08 2.8627024e+18 5.5435302e+09 18837258 15052391 2.938613e-26 2.9206968e-26 3.4943209e-34
5.1552362e+08 2.8655651e+18 5.5435301e+09 18818487 15037330 2.9298048e-26 2.9119601e-26 3.4768783e-34
5.1604054e+08 2.8684306e+18 5.5435301e+09 18799734 15022284 2.921023e-26 2.9032495e-26 3.4595228e-34
5.1655798e+08 2.8712991e+18 5.5435301e+09 18781000 15007253 2.9122676e-26 2.894565e-26 3.4422539e-34
5.1707593e+08 2.8741704e+18 5.5435301e+09 18762284 14992237 2.9035384e-26 2.8859065e-26 3.4250713e-34
5.1759441e+08 2.8770445e+18 5.5435301e+09 18743587 14977236 2.8948354e-26 2.8772738e-26 3.4079745e-34
5.181134e+08 2.8799216e+18 5.5435301e+09 18724908 14962250 2.8861585e-26 2.868667e-26 3.390963e-34
5.1863291e+08 2.8828015e+18 5.54353e+09 18706249 14947280 2.8775076e-26 2.8600859e-26 3.3740365e-34
5.1915294e+08 2.8856843e+18 5.54353e+09 18687607 14932324 2.8688826e-26 2.8515304e-26 3.3571945e-34
5.1967349e+08 2.88857e+18 5.54353e+09 18668985 14917383 2.8602835e-26 2.8430006e-26 3.3404366e-34
5.2019456e+08 2.8914585e+18 5.54353e+09 18650380 14902457 2.8517102e-26 2.8344962e-26 3.3237623e-34
5.2071615e+08 2.89435e+18 5.54353e+09 18631795 14887546 2.8431626e-26 2.8260173e-26 3.3071713e-34
5.2123826e+08 2.8972444e+18 5.54353e+09 18613227 14872650 2.8346406e-26 2.8175637e-26 3.2906632e-34
5.217609e+08 2.9001416e+18 5.5435299e+09 18594678 14857769 2.8261442e-26 2.8091354e-26 3.2742375e-34
5.2228406e+08 2.9030417e+18 5.5435299e+09 18576148 14842903 2.8176733e-26 2.8007324e-26 3.2578937e-34
5.2280774e+08 2.9059448e+18 5.5435299e+09 18557636 14828052 2.8092277e-26 2.7923544e-26 3.2416316e-34
5.2333194e+08 2.9088507e+18 5.5435299e+09 18539143 14813215 2.8008075e-26 2.7840015e-26 3.2254507e-34
5.2385667e+08 2.9117596e+18 5.5435299e+09 18520667 14798394 2.7924125e-26 2.7756736e-26 3.2093506e-34
5.2438192e+08 2.9146713e+18 5.5435299e+09 18502211 14783587 2.7840427e-26 2.7673706e-26 3.1933308e-34
5.249077e+08 2.917586e+18 5.5435298e+09 18483772 14768795 2.775698e-26 2.7590924e-26 3.1773911e-34
5.2543401e+08 2.9205036e+18 5.5435298e+09 18465352 14754019 2.7673783e-26 2.750839e-26 3.1615309e-34
5.2596084e+08 2.9234241e+18 5.5435298e+09 18446950 14739256 2.7590836e-26 2.7426102e-26 3.1457499e-34
5.264882e+08 2.9263475e+18 5.5435298e+09 18428567 14724509 2.7508137e-26 2.7344061e-26 3.1300477e-34
5.2701608e+08 2.9292739e+18 5.5435298e+09 18410201 14709776 2.7425687e-26 2.7262265e-26 3.1144239e-34
5.275445e+08 2.9322031e+18 5.5435298e+09 18391854 14695059 2.7343483e-26 2.7180713e-26 3.0988781e-34
5.2807344e+08 2.9351353e+18 5.5435297e+09 18373526 14680355 2.7261526e-26 2.7099406e-26 3.0834099e-34
5.2860291e+08 2.9380705e+18 5.5435297e+09 18355215 14665667 2.7179815e-26 2.7018341e-26 3.068019e-34
5.2913291e+08 2.9410086e+18 5.5435297e+09 18336923 14650993 2.7098349e-26 2.6937519e-26 3.0527049e-34
5.2966344e+08 2.9439496e+18 5.5435297e+09 18318649 14636335 2.7017127e-26 2.6856939e-26 3.0374673e-34
5.301945e+08 2.9468935e+18 5.5435297e+09 18300393 14621690 2.6936148e-26 2.67766e-26 3.0223057e-34
5.3072609e+08 2.9498404e+18 5.5435297e+09 18282155 14607061 2.6855412e-26 2.6696501e-26 3.0072199e-34
5.3125821e+08 2.9527902e+18 5.5435296e+09 18263935 14592446 2.6774919e-26 2.6616641e-26 2.9922093e-34
5.3179087e+08 2.955743e+18 5.5435296e+09 18245733 14577846 2.6694667e-26 2.653702e-26 2.9772737e-34
5.3232406e+08 2.9586988e+18 5.5435296e+09 18227550 14563260 2.6614655e-26 2.6457638e-26 2.9624127e-34
5.3285778e+08 2.9616575e+18 5.5435296e+09 18209385 14548689 2.6534883e-26 2.6378493e-26 2.9476259e-34
5.3339203e+08 2.9646191e+18 5.5435296e+09 18191237 14534133 2.6455351e-26 2.6299584e-26 2.9329129e-34
5.3392682e+08 2.9675838e+18 5.5435296e+09 18173108 14519591 2.6376057e-26 2.6220911e-26 2.9182733e-34
5.3446215e+08 2.9705513e+18 5.5435296e+09 18154997 14505064 2.6297e-26 2.6142474e-26 2.9037069e-34
5.34998e+08 2.9735219e+18 5.5435295e+09 18136903 14490551 2.6218181e-26 2.6064272e-26 2.8892132e-34
5.355344e+08 2.9764954e+18 5.5435295e+09 18118828 14476053 2.6139598e-26 2.5986303e-26 2.8747918e-34
5.3607133e+08 2.9794719e+18 5.5435295e+09 18100771 14461569 2.6061251e-26 2.5908567e-26 2.8604424e-34
5.366088e+08 2.9824514e+18 5.5435295e+09 18082731 14447100 2.5983138e-26 2.5831064e-26 2.8461647e-34
5.3714681e+08 2.9854338e+18 5.5435295e+09 18064710 14432645 2.590526e-26 2.5753792e-26 2.8319583e-34
5.3768535e+08 2.9884193e+18 5.5435295e+09 18046706 14418205 2.5827616e-26 2.5676752e-26 2.8178228e-34
5.3822443e+08 2.9914077e+18 5.5435294e+09 18028721 14403780 2.5750204e-26 2.5599942e-26 2.8037579e-34
5.3876405e+08 2.9943991e+18 5.5435294e+09 18010753 14389368 2.5673024e-26 2.5523362e-26 2.7897631e-34
5.3930421e+08 2.9973935e+18 5.5435294e+09 17992803 14374972 2.5596076e-26 2.5447011e-26 2.7758383e-34
5.3984492e+08 3.0003909e+18 5.5435294e+09 17974871 14360589 2.5519358e-26 2.5370888e-26 2.761983e-34
5.4038616e+08 3.0033913e+18 5.5435294e+09 17956957 14346221 2.544287e-26 2.5294993e-26 2.7481969e-34
5.4092794e+08 3.0063947e+18 5.5435294e+09 17939061 14331868 2.5366612e-26 2.5219324e-26 2.7344795e-34
5.4147027e+08 3.0094011e+18 5.5435293e+09 17921182 14317529 2.5290582e-26 2.5143882e-26 2.7208307e-34
5.4201313e+08 3.0124105e+18 5.5435293e+09 17903321 14303204 2.5214781e-26 2.5068666e-26 2.70725e-34
5.4255654e+08 3.0154229e+18 5.5435293e+09 17885478 14288893 2.5139206e-26 2.4993675e-26 2.6937372e-34
5.431005e+08 3.0184383e+18 5.5435293e+09 17867653 14274597 2.5063858e-26 2.4918907e-26 2.6802918e-34
5.4364499e+08 3.0214567e+18 5.5435293e+09 17849845 14260316 2.4988736e-26 2.4844364e-26 2.6669135e-34
5.4419004e+08 3.0244782e+18 5.5435293e+09 17832055 14246048 2.491384e-26 2.4770043e-26 2.653602e-34
5.4473562e+08 3.0275027e+18 5.5435293e+09 17814283 14231795 2.4839168e-26 2.4695945e-26 2.6403569e-34
5.4528176e+08 3.0305302e+18 5.5435292e+09 17796529 14217556 2.4764719e-26 2.4622068e-26 2.627178e-34
5.4582844e+08 3.0335607e+18 5.5435292e+09 17778792 14203332 2.4690494e-26 2.4548412e-26 2.6140649e-34
5.4637566e+08 3.0365943e+18 5.5435292e+09 17761073 14189121 2.4616492e-26 2.4474977e-26 2.6010173e-34
5.4692343e+08 3.0396309e+18 5.5435292e+09 17743371 14174925 2.4542711e-26 2.4401761e-26 2.5880348e-34
5.4747175e+08 3.0426705e+18 5.5435292e+09 17725687 14160743 2.4469152e-26 2.4328764e-26 2.5751171e-34
5.4802062e+08 3.0457132e+18 5.5435292e+09 17708020 14146576 2.4395813e-26 2.4255985e-26 2.5622639e-34
5.4857004e+08 3.0487589e+18 5.5435292e+09 17690372 14132422 2.4322694e-26 2.4183424e-26 2.5494749e-34
5.4912001e+08 3.0518076e+18 5.5435291e+09 17672740 14118283 2.4249795e-26 2.411108e-26 2.5367497e-34
5.4967052e+08 3.0548594e+18 5.5435291e+09 17655126 14104158 2.4177114e-26 2.4038953e-26 2.5240881e-34
5.5022159e+08 3.0579143e+18 5.5435291e+09 17637530 14090047 2.410465e-26 2.3967041e-26 2.5114897e-34
5.5077321e+08 3.0609722e+18 5.5435291e+09 17619951 14075950 2.4032404e-26 2.3895344e-26 2.4989541e-34
5.5132538e+08 3.0640332e+18 5.5435291e+09 17602390 14061867 2.3960375e-26 2.3823861e-26 2.4864812e-34
5.518781e+08 3.0670972e+18 5.5435291e+09 17584846 14047798 2.3888562e-26 2.3752593e-26 2.4740705e-34
5.5243138e+08 3.0701643e+18 5.543529e+09 17567320 14033744 2.3816964e-26 2.3681537e-26 2.4617218e-34
5.5298521e+08 3.0732345e+18 5.543529e+09 17549811 14019704 2.374558e-26 2.3610694e-26 2.4494347e-34
5.5353959e+08 3.0763077e+18 5.543529e+09 17532319 14005677 2.3674411e-26 2.3540063e-26 2.437209e-34
5.5409453e+08 3.079384e+18 5.543529e+09 17514845 13991665 2.3603455e-26 2.3469643e-26 2.4250443e-34
5.5465002e+08 3.0824634e+18 5.543529e+09 17497388 13977667 2.3532712e-26 2.3399434e-26 2.4129404e-34
5.5520607e+08 3.0855459e+18 5.543529e+09 17479949 13963682 2.346218e-26 2.3329434e-26 2.4008969e-34
5.5576267e+08 3.0886314e+18 5.543529e+09 17462527 13949712 2.3391861e-26 2.3259644e-26 2.3889135e-34
5.5631983e+08 3.09172e+18 5.5435289e+09 17445122 13935756 2.3321752e-26 2.3190063e-26 2.3769899e-34
5.5687755e+08 3.0948118e+18 5.5435289e+09 17427735 13921814 2.3251853e-26 2.312069e-26 2.3651258e-34
5.5743582e+08 3.0979066e+18 5.5435289e+09 17410365 13907885 2.3182164e-26 2.3051524e-26 2.353321e-34
5.5799465e+08 3.1010045e+18 5.5435289e+09 17393012 13893971 2.3112684e-26 2.2982565e-26 2.3415752e-34
5.5855404e+08 3.1041055e+18 5.5435289e+09 17375676 13880071 2.3043412e-26 2.2913812e-26 2.3298879e-34
5.59114e+08 3.1072096e+18 5.5435289e+09 17358358 13866184 2.2974348e-26 2.2845265e-26 2.318259e-34
5.5967451e+08 3.1103168e+18 5.5435289e+09 17341056 13852312 2.2905491e-26 2.2776923e-26 2.3066882e-34
5.6023558e+08 3.1134271e+18 5.5435288e+09 17323773 13838453 2.283684e-26 2.2708786e-26 2.2951751e-34
5.6079721e+08 3.1165405e+18 5.5435288e+09 17306506 13824608 2.2768395e-26 2.2640852e-26 2.2837195e-34
5.6135941e+08 3.1196571e+18 5.5435288e+09 17289256 13810777 2.2700156e-26 2.2573121e-26 2.2723211e-34
5.6192216e+08 3.1227767e+18 5.5435288e+09 17272024 13796960 2.2632121e-26 2.2505593e-26 2.2609796e-34
5.6248548e+08 3.1258995e+18 5.5435288e+09 17254808 13783157 2.256429e-26 2.2438267e-26 2.2496948e-34
5.6304936e+08 3.1290254e+18 5.5435288e+09 17237610 13769368 2.2496662e-26 2.2371142e-26 2.2384662e-34
5.6361381e+08 3.1321544e+18 5.5435288e+09 17220429 13755592 2.2429237e-26 2.2304218e-26 2.2272938e-34
5.6417882e+08 3.1352866e+18 5.5435287e+09 17203265 13741831 2.2362014e-26 2.2237494e-26 2.2161771e-34
5.647444e+08 3.1384219e+18 5.5435287e+09 17186118 13728083 2.2294993e-26 2.217097e-26 2.2051159e-34
5.6531054e+08 3.1415603e+18 5.5435287e+09 17168988 13714348 2.2228173e-26 2.2104644e-26 2.1941099e-34
5.6587725e+08 3.1447019e+18 5.5435287e+09 17151875 13700628 2.2161553e-26 2.2038517e-26 2.1831588e-34
5.6644452e+08 3.1478466e+18 5.5435287e+09 17134779 13686921 2.2095133e-26 2.1972588e-26 2.1722625e-34
5.6701236e+08 3.1509944e+18 5.5435287e+09 17117701 13673228 2.2028912e-26 2.1906856e-26 2.1614205e-34
5.6758077e+08 3.1541454e+18 5.5435287e+09 17100639 13659549 2.1962889e-26 2.184132e-26 2.1506327e-34
5.6814975e+08 3.1572996e+18 5.5435286e+09 17083594 13645884 2.1897065e-26 2.1775981e-26 2.1398987e-34
5.687193e+08 3.1604569e+18 5.5435286e+09 17066566 13632232 2.1831437e-26 2.1710836e-26 2.1292183e-34
5.6928941e+08 3.1636173e+18 5.5435286e+09 17049555 13618594 2.1766007e-26 2.1645887e-26 2.1185912e-34
5.698601e+08 3.1667809e+18 5.5435286e+09 17032561 13604969 2.1700773e-26 2.1581132e-26 2.1080172e-34
5.7043136e+08 3.1699477e+18 5.5435286e+09 17015584 13591358 2.1635734e-26 2.1516571e-26 2.0974959e-34
5.7100319e+08 3.1731177e+18 5.5435286e+09 16998623 13577761 2.157089e-26 2.1452202e-26 2.0870272e-34
5.7157559e+08 3.1762908e+18 5.5435286e+09 16981680 13564178 2.1506241e-26 2.1388027e-26 2.0766108e-34
5.7214856e+08 3.1794671e+18 5.5435285e+09 16964753 13550608 2.1441785e-26 2.1324043e-26 2.0662463e-34
5.727221e+08 3.1826465e+18 5.5435285e+09 16947844 13537051 2.1377523e-26 2.126025e-26 2.0559336e-34
5.7329622e+08 3.1858292e+18 5.5435285e+09 16930951 13523508 2.1313453e-26 2.1196649e-26 2.0456724e-34
5.7387092e+08 3.189015e+18 5.5435285e+09 16914075 13509979 2.1249576e-26 2.1133237e-26 2.0354624e-34
5.7444619e+08 3.192204e+18 5.5435285e+09 16897215 13496464 2.118589e-26 2.1070015e-26 2.0253034e-34
5.7502203e+08 3.1953962e+18 5.5435285e+09 16880373 13482961 2.1122395e-26 2.1006983e-26 2.0151951e-34
5.7559845e+08 3.1985916e+18 5.5435285e+09 16863547 13469473 2.105909e-26 2.0944138e-26 2.0051372e-34
5.7617544e+08 3.2017902e+18 5.5435285e+09 16846738 13455998 2.0995975e-26 2.0881482e-26 1.9951296e-34
5.7675302e+08 3.204992e+18 5.5435284e+09 16829945 13442536 2.0933049e-26 2.0819013e-26 1.9851719e-34
5.7733117e+08 3.208197e+18 5.5435284e+09 16813170 13429088 2.0870312e-26 2.0756731e-26 1.9752639e-34
5.7790989e+08 3.2114052e+18 5.5435284e+09 16796411 13415653 2.0807763e-26 2.0694635e-26 1.9654054e-34
5.784892e+08 3.2146166e+18 5.5435284e+09 16779668 13402232 2.0745402e-26 2.0632725e-26 1.9555961e-34
5.7906909e+08 3.2178312e+18 5.5435284e+09 16762943 13388825 2.0683227e-26 2.0571e-26 1.9458358e-34
5.7964955e+08 3.221049e+18 5.5435284e+09 16746234 13375430 2.0621239e-26 2.050946e-26 1.9361242e-34
5.802306e+08 3.2242701e+18 5.5435284e+09 16729541 13362049 2.0559437e-26 2.0448104e-26 1.9264611e-34
5.8081223e+08 3.2274944e+18 5.5435283e+09 16712865 13348682 2.049782e-26 2.0386931e-26 1.9168462e-34
5.8139444e+08 3.2307219e+18 5.5435283e+09 16696206 13335328 2.0436388e-26 2.0325941e-26 1.9072794e-34
5.8197723e+08 3.2339526e+18 5.5435283e+09 16679563 13321987 2.037514e-26 2.0265134e-26 1.8977602e-34
5.825606e+08 3.2371865e+18 5.5435283e+09 16662937 13308660 2.0314075e-26 2.0204509e-26 1.8882886e-34
5.8314456e+08 3.2404237e+18 5.5435283e+09 16646328 13295346 2.0253194e-26 2.0144064e-26 1.8788643e-34
5.837291e+08 3.2436641e+18 5.5435283e+09 16629735 13282045 2.0192495e-26 2.0083801e-26 1.8694871e-34
5.8431423e+08 3.2469078e+18 5.5435283e+09 16613158 13268758 2.0131978e-26 2.0023718e-26 1.8601566e-34
5.8489994e+08 3.2501547e+18 5.5435283e+09 16596598 13255484 2.0071643e-26 1.9963814e-26 1.8508727e-34
5.8548624e+08 3.2534049e+18 5.5435282e+09 16580055 13242223 2.0011488e-26 1.990409e-26 1.8416352e-34
5.8607312e+08 3.2566583e+18 5.5435282e+09 16563527 13228976 1.9951514e-26 1.9844544e-26 1.8324438e-34
5.8666059e+08 3.2599149e+18 5.5435282e+09 16547017 13215742 1.989172e-26 1.9785177e-26 1.8232983e-34
5.8724865e+08 3.2631749e+18 5.5435282e+09 16530522 13202521 1.9832105e-26 1.9725987e-26 1.8141984e-34
5.878373e+08 3.266438e+18 5.5435282e+09 16514045 13189313 1.9772668e-26 1.9666974e-26 1.8051439e-34
5.8842653e+08 3.2697045e+18 5.5435282e+09 16497583 13176119 1.971341e-26 1.9608137e-26 1.7961347e-34
5.8901635e+08 3.2729742e+18 5.5435282e+09 16481138 13162937 1.9654329e-26 1.9549477e-26 1.7871704e-34
5.8960677e+08 3.2762471e+18 5.5435281e+09 16464709 13149769 1.9595426e-26 1.9490992e-26 1.7782509e-34
5.9019777e+08 3.2795234e+18 5.5435281e+09 16448297 13136615 1.9536699e-26 1.9432681e-26 1.7693759e-34
5.9078937e+08 3.2828029e+18 5.5435281e+09 16431901 13123473 1.9478148e-26 1.9374546e-26 1.7605452e-34
5.9138155e+08 3.2860857e+18 5.5435281e+09 16415521 13110344 1.9419773e-26 1.9316584e-26 1.7517586e-34
5.9197433e+08 3.2893718e+18 5.5435281e+09 16399157 13097229 1.9361573e-26 1.9258795e-26 1.7430158e-34
5.925677e+08 3.2926612e+18 5.5435281e+09 16382810 13084127 1.9303547e-26 1.9201179e-26 1.7343167e-34
5.9316167e+08 3.2959538e+18 5.5435281e+09 16366479 13071038 1.9245695e-26 1.9143736e-26 1.7256611e-34
5.9375623e+08 3.2992498e+18 5.5435281e+09 16350165 13057962 1.9188017e-26 1.9086464e-26 1.7170486e-34
5.9435138e+08 3.302549e+18 5.543528e+09 16333866 13044899 1.9130511e-26 1.9029364e-26 1.7084791e-34
5.9494713e+08 3.3058516e+18 5.543528e+09 16317584 13031849 1.9073178e-26 1.8972435e-26 1.6999524e-34
5.9554347e+08 3.3091574e+18 5.543528e+09 16301318 13018813 1.9016017e-26 1.8915675e-26 1.6914683e-34
5.9614041e+08 3.3124666e+18 5.543528e+09 16285068 13005789 1.8959027e-26 1.8859086e-26 1.6830265e-34
5.9673795e+08 3.3157791e+18 5.543528e+09 16268834 12992779 1.8902208e-26 1.8802666e-26 1.6746269e-34
5.9733609e+08 3.3190948e+18 5.543528e+09 16252617 12979781 1.8845559e-26 1.8746414e-26 1.6662692e-34
5.9793482e+08 3.3224139e+18 5.543528e+09 16236415 12966796 1.8789081e-26 1.8690331e-26 1.6579532e-34
5.9853415e+08 3.3257364e+18 5.543528e+09 16220230 12953825 1.8732771e-26 1.8634416e-26 1.6496787e-34
5.9913408e+08 3.3290621e+18 5.5435279e+09 16204061 12940866 1.867663e-26 1.8578667e-26 1.6414455e-34
5.9973462e+08 3.3323912e+18 5.5435279e+09 16187907 12927921 1.8620658e-26 1.8523086e-26 1.6332535e-34
6.0033575e+08 3.3357235e+18 5.5435279e+09 16171770 12914988 1.8564853e-26 1.846767e-26 1.6251023e-34
6.0093748e+08 3.3390593e+18 5.5435279e+09 16155649 12902069 1.8509216e-26 1.8412421e-26 1.6169918e-34
6.0153981e+08 3.3423983e+18 5.5435279e+09 16139544 12889162 1.8453746e-26 1.8357337e-26 1.6089218e-34
6.0214275e+08 3.3457407e+18 5.5435279e+09 16123455 12876268 1.8398441e-26 1.8302417e-26 1.6008921e-34
6.0274629e+08 3.3490865e+18 5.5435279e+09 16107382 12863387 1.8343303e-26 1.8247662e-26 1.5929025e-34
6.0335044e+08 3.3524355e+18 5.5435279e+09 16091325 12850520 1.828833e-26 1.819307e-26 1.5849527e-34
6.0395518e+08 3.355788e+18 5.5435278e+09 16075284 12837665 1.8233522e-26 1.8138642e-26 1.5770426e-34
6.0456054e+08 3.3591438e+18 5.5435278e+09 16059259 12824822 1.8178878e-26 1.8084377e-26 1.5691721e-34
6.0516649e+08 3.3625029e+18 5.5435278e+09 16043250 12811993 1.8124397e-26 1.8030274e-26 1.5613408e-34
6.0577306e+08 3.3658654e+18 5.5435278e+09 16027257 12799177 1.807008e-26 1.7976332e-26 1.5535486e-34
6.0638023e+08 3.3692313e+18 5.5435278e+09 16011280 12786373 1.8015926e-26 1.7922552e-26 1.5457953e-34
6.06988e+08 3.3726005e+18 5.5435278e+09 15995318 12773582 1.7961935e-26 1.7868933e-26 1.5380807e-34
6.0759639e+08 3.3759731e+18 5.5435278e+09 15979373 12760804 1.7908105e-26 1.7815474e-26 1.5304046e-34
6.0820538e+08 3.3793491e+18 5.5435278e+09 15963443 12748039 1.7854436e-26 1.7762175e-26 1.5227668e-34
6.0881499e+08 3.3827284e+18 5.5435277e+09 15947529 12735287 1.7800929e-26 1.7709036e-26 1.5151672e-34
6.094252e+08 3.3861112e+18 5.5435277e+09 15931631 12722547 1.7747582e-26 1.7656056e-26 1.5076055e-34
6.1003602e+08 3.3894973e+18 5.5435277e+09 15915749 12709820 1.7694394e-26 1.7603233e-26 1.5000815e-34
6.1064745e+08 3.3928868e+18 5.5435277e+09 15899883 12697106 1.7641367e-26 1.7550569e-26 1.4925951e-34
6.112595e+08 3.3962797e+18 5.5435277e+09 15884032 12684405 1.7588498e-26 1.7498063e-26 1.4851461e-34
6.1187216e+08 3.3996759e+18 5.5435277e+09 15868198 12671716 1.7535788e-26 1.7445713e-26 1.4777342e-34
6.1248543e+08 3.4030756e+18 5.5435277e+09 15852379 12659040 1.7483235e-26 1.739352e-26 1.4703594e-34
6.1309931e+08 3.4064787e+18 5.5435277e+09 15836575 12646377 1.743084e-26 1.7341484e-26 1.4630213e-34
6.137138e+08 3.4098852e+18 5.5435277e+09 15820788 12633726 1.7378603e-26 1.7289602e-26 1.4557199e-34
6.1432892e+08 3.4132951e+18 5.5435276e+09 15805016 12621089 1.7326522e-26 1.7237876e-26 1.448455e-34
6.1494464e+08 3.4167084e+18 5.5435276e+09 15789260 12608463 1.7274597e-26 1.7186305e-26 1.4412263e-34
6.1556098e+08 3.4201251e+18 5.5435276e+09 15773519 12595851 1.7222827e-26 1.7134888e-26 1.4340337e-34
6.1617794e+08 3.4235452e+18 5.5435276e+09 15757794 12583251 1.7171213e-26 1.7083625e-26 1.426877e-34
6.1679552e+08 3.4269687e+18 5.5435276e+09 15742085 12570663 1.7119754e-26 1.7032515e-26 1.419756e-34
6.1741371e+08 3.4303957e+18 5.5435276e+09 15726391 12558089 1.7068449e-26 1.6981558e-26 1.4126705e-34
6.1803252e+08 3.4338261e+18 5.5435276e+09 15710713 12545527 1.7017297e-26 1.6930753e-26 1.4056205e-34
6.1865195e+08 3.4372599e+18 5.5435276e+09 15695051 12532977 1.6966299e-26 1.6880101e-26 1.3986056e-34
6.19272e+08 3.4406972e+18 5.5435275e+09 15679404 12520440 1.6915454e-26 1.6829599e-26 1.3916257e-34
6.1989267e+08 3.4441379e+18 5.5435275e+09 15663773 12507916 1.6864762e-26 1.6779249e-26 1.3846807e-34
6.2051396e+08 3.447582e+18 5.5435275e+09 15648157 12495404 1.6814221e-26 1.672905e-26 1.3777704e-34
6.2113587e+08 3.4510296e+18 5.5435275e+09 15632557 12482905 1.6763832e-26 1.6679e-26 1.3708945e-34
6.217584e+08 3.4544806e+18 5.5435275e+09 15616973 12470418 1.6713593e-26 1.6629101e-26 1.364053e-34
6.2238156e+08 3.4579351e+18 5.5435275e+09 15601403 12457943 1.6663506e-26 1.657935e-26 1.3572456e-34
6.2300534e+08 3.461393e+18 5.5435275e+09 15585850 12445482 1.6613568e-26 1.6529749e-26 1.3504722e-34
6.2362974e+08 3.4648544e+18 5.5435275e+09 15570312 12433032 1.6563781e-26 1.6480295e-26 1.3437326e-34
6.2425477e+08 3.4683193e+18 5.5435275e+09 15554789 12420595 1.6514142e-26 1.643099e-26 1.3370266e-34
6.2488042e+08 3.4717876e+18 5.5435274e+09 15539282 12408171 1.6464653e-26 1.6381832e-26 1.3303542e-34
6.255067e+08 3.4752594e+18 5.5435274e+09 15523790 12395759 1.6415311e-26 1.6332821e-26 1.323715e-34
6.261336e+08 3.4787347e+18 5.5435274e+09 15508313 12383360 1.6366118e-26 1.6283957e-26 1.3171089e-34
6.2676113e+08 3.4822134e+18 5.5435274e+09 15492852 12370972 1.6317072e-26 1.6235239e-26 1.3105359e-34
6.2738929e+08 3.4856956e+18 5.5435274e+09 15477407 12358598 1.6268173e-26 1.6186667e-26 1.3039956e-34
6.2801808e+08 3.4891813e+18 5.5435274e+09 15461977 12346235 1.6219421e-26 1.6138239e-26 1.297488e-34
6.2864749e+08 3.4926705e+18 5.5435274e+09 15446562 12333886 1.6170815e-26 1.6089957e-26 1.2910129e-34
6.2927754e+08 3.4961632e+18 5.5435274e+09 15431162 12321548 1.6122354e-26 1.6041819e-26 1.2845701e-34
6.2990821e+08 3.4996593e+18 5.5435273e+09 15415778 12309223 1.6074039e-26 1.5993826e-26 1.2781595e-34
6.3053952e+08 3.503159e+18 5.5435273e+09 15400409 12296910 1.6025869e-26 1.5945975e-26 1.2717808e-34
6.3117145e+08 3.5066621e+18 5.5435273e+09 15385055 12284609 1.5977843e-26 1.5898268e-26 1.265434e-34
6.3180402e+08 3.5101688e+18 5.5435273e+09 15369717 12272321 1.5929961e-26 1.5850704e-26 1.2591189e-34
6.3243722e+08 3.513679e+18 5.5435273e+09 15354394 12260045 1.5882222e-26 1.5803281e-26 1.2528353e-34
6.3307106e+08 3.5171926e+18 5.5435273e+09 15339086 12247782 1.5834627e-26 1.5756001e-26 1.2465831e-34
6.3370553e+08 3.5207098e+18 5.5435273e+09 15323793 12235530 1.5787174e-26 1.5708862e-26 1.2403621e-34
6.3434063e+08 3.5242305e+18 5.5435273e+09 15308516 12223291 1.5739864e-26 1.5661864e-26 1.2341721e-34
6.3497637e+08 3.5277548e+18 5.5435273e+09 15293254 12211065 1.5692695e-26 1.5615007e-26 1.228013e-34
6.3561274e+08 3.5312825e+18 5.5435272e+09 15278006 12198850 1.5645668e-26 1.5568289e-26 1.2218847e-34
6.3624975e+08 3.5348138e+18 5.5435272e+09 15262775 12186648 1.5598782e-26 1.5521712e-26 1.215787e-34
6.368874e+08 3.5383486e+18 5.5435272e+09 15247558 12174458 1.5552036e-26 1.5475274e-26 1.2097197e-34
6.3752568e+08 3.541887e+18 5.5435272e+09 15232356 12162280 1.550543e-26 1.5428975e-26 1.2036826e-34
6.3816461e+08 3.5454289e+18 5.5435272e+09 15217170 12150114 1.5458965e-26 1.5382814e-26 1.1976758e-34
6.3880417e+08 3.5489743e+18 5.5435272e+09 15201999 12137961 1.5412638e-26 1.5336791e-26 1.1916989e-34
6.3944437e+08 3.5525233e+18 5.5435272e+09 15186842 12125819 1.536645e-26 1.5290906e-26 1.1857518e-34
6.4008521e+08 3.5560758e+18 5.5435272e+09 15171701 12113690 1.5320401e-26 1.5245158e-26 1.1798344e-34
6.4072669e+08 3.5596319e+18 5.5435272e+09 15156575 12101573 1.527449e-26 1.5199547e-26 1.1739466e-34
6.4136882e+08 3.5631915e+18 5.5435271e+09 15141464 12089468 1.5228716e-26 1.5154073e-26 1.1680881e-34
6.4201158e+08 3.5667547e+18 5.5435271e+09 15126368 12077376 1.518308e-26 1.5108734e-26 1.1622589e-34
6.4265499e+08 3.5703214e+18 5.5435271e+09 15111287 12065295 1.513758e-26 1.5063531e-26 1.1564588e-34
6.4329905e+08 3.5738918e+18 5.5435271e+09 15096221 12053226 1.5092217e-26 1.5018463e-26 1.1506876e-34
6.4394374e+08 3.5774657e+18 5.5435271e+09 15081170 12041170 1.504699e-26 1.4973531e-26 1.1449452e-34
6.4458908e+08 3.5810431e+18 5.5435271e+09 15066134 12029126 1.5001899e-26 1.4928732e-26 1.1392315e-34
6.4523507e+08 3.5846242e+18 5.5435271e+09 15051113 12017093 1.4956942e-26 1.4884068e-26 1.1335464e-34
6.458817e+08 3.5882088e+18 5.5435271e+09 15036107 12005073 1.491212e-26 1.4839537e-26 1.1278896e-34
6.4652898e+08 3.591797e+18 5.5435271e+09 15021116 11993065 1.4867433e-26 1.4795139e-26 1.122261e-34
6.4717691e+08 3.5953888e+18 5.543527e+09 15006139 11981069 1.482288e-26 1.4750874e-26 1.1166605e-34
6.4782548e+08 3.5989842e+18 5.543527e+09 14991178 11969084 1.477846e-26 1.4706741e-26 1.111088e-34
6.484747e+08 3.6025832e+18 5.543527e+09 14976231 11957112 1.4734173e-26 1.4662741e-26 1.1055433e-34
6.4912458e+08 3.6061858e+18 5.543527e+09 14961300 11945152 1.4690019e-26 1.4618872e-26 1.1000263e-34
6.497751e+08 3.6097919e+18 5.543527e+09 14946383 11933204 1.4645998e-26 1.4575134e-26 1.0945368e-34
6.5042627e+08 3.6134017e+18 5.543527e+09 14931481 11921268 1.4602108e-26 1.4531528e-26 1.0890747e-34
6.5107809e+08 3.6170151e+18 5.543527e+09 14916594 11909343 1.455835e-26 1.4488051e-26 1.0836399e-34
6.5173057e+08 3.6206321e+18 5.543527e+09 14901722 11897431 1.4514723e-26 1.4444705e-26 1.0782322e-34
6.523837e+08 3.6242528e+18 5.543527e+09 14886864 11885531 1.4471227e-26 1.4401488e-26 1.0728515e-34
6.5303748e+08 3.627877e+18 5.543527e+09 14872022 11873642 1.4427861e-26 1.4358401e-26 1.0674976e-34
6.5369191e+08 3.6315049e+18 5.5435269e+09 14857194 11861765 1.4384626e-26 1.4315442e-26 1.0621705e-34
6.54347e+08 3.6351364e+18 5.5435269e+09 14842381 11849901 1.434152e-26 1.4272612e-26 1.0568699e-34
6.5500275e+08 3.6387716e+18 5.5435269e+09 14827582 11838048 1.4298543e-26 1.422991e-26 1.0515959e-34
6.5565915e+08 3.6424103e+18 5.5435269e+09 14812799 11826207 1.4255695e-26 1.4187336e-26 1.0463481e-34
6.563162e+08 3.6460527e+18 5.5435269e+09 14798030 11814378 1.4212975e-26 1.4144889e-26 1.0411265e-34
6.5697392e+08 3.6496988e+18 5.5435269e+09 14783275 11802561 1.4170383e-26 1.4102569e-26 1.035931e-34
6.5763229e+08 3.6533485e+18 5.5435269e+09 14768536 11790755 1.412792e-26 1.4060376e-26 1.0307615e-34
6.5829132e+08 3.6570018e+18 5.5435269e+09 14753811 11778962 1.4085583e-26 1.4018309e-26 1.0256177e-34
6.5895101e+08 3.6606588e+18 5.5435269e+09 14739100 11767180 1.4043373e-26 1.3976367e-26 1.0204996e-34
6.5961135e+08 3.6643195e+18 5.5435268e+09 14724405 11755410 1.400129e-26 1.3934551e-26 1.0154071e-34
6.6027236e+08 3.6679838e+18 5.5435268e+09 14709724 11743652 1.3959333e-26 1.3892861e-26 1.0103399e-34
6.6093403e+08 3.6716518e+18 5.5435268e+09 14695057 11731905 1.3917502e-26 1.3851295e-26 1.0052981e-34
6.6159636e+08 3.6753234e+18 5.5435268e+09 14680406 11720171 1.3875796e-26 1.3809853e-26 1.0002814e-34
6.6225936e+08 3.6789988e+18 5.5435268e+09 14665768 11708448 1.3834215e-26 1.3768535e-26 9.9528981e-35
6.6292301e+08 3.6826778e+18 5.5435268e+09 14651146 11696737 1.3792759e-26 1.3727341e-26 9.9032309e-35
6.6358734e+08 3.6863604e+18 5.5435268e+09 14636537 11685037 1.3751427e-26 1.368627e-26 9.8538116e-35
6.6425232e+08 3.6900468e+18 5.5435268e+09 14621944 11673349 1.3710219e-26 1.3645322e-26 9.804639e-35
6.6491797e+08 3.6937369e+18 5.5435268e+09 14607365 11661673 1.3669134e-26 1.3604496e-26 9.7557119e-35
6.6558429e+08 3.6974306e+18 5.5435268e+09 14592800 11650009 1.3628173e-26 1.3563793e-26 9.7070289e-35
6.6625127e+08 3.701128e+18 5.5435267e+09 14578250 11638356 1.3587334e-26 1.3523211e-26 9.6585889e-35
6.6691892e+08 3.7048292e+18 5.5435267e+09 14563715 11626716 1.3546618e-26 1.3482751e-26 9.6103907e-35
6.6758723e+08 3.708534e+18 5.5435267e+09 14549194 11615086 1.3506024e-26 1.3442411e-26 9.5624331e-35
6.6825622e+08 3.7122425e+18 5.5435267e+09 14534687 11603469 1.3465551e-26 1.3402193e-26 9.5147148e-35
6.6892587e+08 3.7159548e+18 5.5435267e+09 14520195 11591863 1.34252e-26 1.3362094e-26 9.4672347e-35
6.6959619e+08 3.7196707e+18 5.5435267e+09 14505717 11580268 1.338497e-26 1.3322116e-26 9.4199916e-35
6.7026719e+08 3.7233904e+18 5.5435267e+09 14491253 11568685 1.334486e-26 1.3282257e-26 9.3729843e-35
6.7093885e+08 3.7271138e+18 5.5435267e+09 14476804 11557114 1.3304871e-26 1.3242518e-26 9.3262116e-35
6.7161119e+08 3.7308409e+18 5.5435267e+09 14462370 11545555 1.3265001e-26 1.3202897e-26 9.2796724e-35
6.722842e+08 3.7345717e+18 5.5435267e+09 14447950 11534007 1.3225251e-26 1.3163395e-26 9.2333654e-35
6.7295788e+08 3.7383063e+18 5.5435266e+09 14433544 11522470 1.3185621e-26 1.3124011e-26 9.1872896e-35
6.7363223e+08 3.7420446e+18 5.5435266e+09 14419152 11510945 1.3146108e-26 1.3084744e-26 9.1414437e-35
6.7430726e+08 3.7457867e+18 5.5435266e+09 14404775 11499432 1.3106715e-26 1.3045596e-26 9.0958267e-35
6.7498297e+08 3.7495324e+18 5.5435266e+09 14390412 11487930 1.3067439e-26 1.3006564e-26 9.0504373e-35
6.7565935e+08 3.753282e+18 5.5435266e+09 14376063 11476440 1.3028281e-26 1.2967649e-26 9.0052745e-35
6.763364e+08 3.7570353e+18 5.5435266e+09 14361729 11464961 1.2989241e-26 1.292885e-26 8.9603371e-35
6.7701414e+08 3.7607923e+18 5.5435266e+09 14347409 11453494 1.2950318e-26 1.2890168e-26 8.915624e-35
6.7769255e+08 3.7645531e+18 5.5435266e+09 14333103 11442038 1.2911511e-26 1.2851601e-26 8.8711341e-35
6.7837164e+08 3.7683176e+18 5.5435266e+09 14318811 11430593 1.287282e-26 1.281315e-26 8.8268662e-35
6.7905141e+08 3.7720859e+18 5.5435266e+09 14304534 11419160 1.2834246e-26 1.2774813e-26 8.7828193e-35
6.7973186e+08 3.775858e+18 5.5435265e+09 14290271 11407739 1.2795787e-26 1.2736592e-26 8.7389922e-35
6.8041299e+08 3.7796339e+18 5.5435265e+09 14276022 11396329 1.2757443e-26 1.2698484e-26 8.6953838e-35
6.810948e+08 3.7834135e+18 5.5435265e+09 14261787 11384930 1.2719215e-26 1.2660491e-26 8.6519931e-35
6.8177729e+08 3.7871969e+18 5.5435265e+09 14247566 11373543 1.2681101e-26 1.2622611e-26 8.608819e-35
6.8246046e+08 3.7909841e+18 5.5435265e+09 14233360 11362167 1.2643101e-26 1.2584845e-26 8.5658604e-35
6.8314432e+08 3.7947751e+18 5.5435265e+09 14219168 11350803 1.2605215e-26 1.2547191e-26 8.5231161e-35
6.8382886e+08 3.7985699e+18 5.5435265e+09 14204989 11339450 1.2567443e-26 1.250965e-26 8.4805852e-35
6.8451409e+08 3.8023685e+18 5.5435265e+09 14190825 11328108 1.2529784e-26 1.2472222e-26 8.4382666e-35
6.852e+08 3.8061708e+18 5.5435265e+09 14176675 11316778 1.2492237e-26 1.2434905e-26 8.3961592e-35
6.858866e+08 3.809977e+18 5.5435265e+09 14162539 11305459 1.2454804e-26 1.23977e-26 8.354262e-35
6.8657388e+08 3.813787e+18 5.5435265e+09 14148417 11294152 1.2417482e-26 1.2360607e-26 8.3125738e-35
6.8726185e+08 3.8176008e+18 5.5435264e+09 14134310 11282855 1.2380272e-26 1.2323624e-26 8.2710938e-35
6.8795051e+08 3.8214184e+18 5.5435264e+09 14120216 11271570 1.2343174e-26 1.2286752e-26 8.2298207e-35
6.8863986e+08 3.8252398e+18 5.5435264e+09 14106136 11260297 1.2306187e-26 1.224999e-26 8.1887537e-35
6.893299e+08 3.829065e+18 5.5435264e+09 14092070 11249034 1.2269311e-26 1.2213338e-26 8.1478916e-35
6.9002063e+08 3.8328941e+18 5.5435264e+09 14078019 11237783 1.2232546e-26 1.2176796e-26 8.1072335e-35
6.9071204e+08 3.836727e+18 5.5435264e+09 14063981 11226543 1.2195891e-26 1.2140363e-26 8.0667783e-35
6.9140415e+08 3.8405637e+18 5.5435264e+09 14049957 11215315 1.2159345e-26 1.2104039e-26 8.026525e-35
6.9209695e+08 3.8444043e+18 5.5435264e+09 14035947 11204098 1.2122909e-26 1.2067824e-26 7.9864726e-35
6.9279045e+08 3.8482487e+18 5.5435264e+09 14021951 11192891 1.2086583e-26 1.2031717e-26 7.9466201e-35
6.9348464e+08 3.8520969e+18 5.5435264e+09 14007969 11181697 1.2050365e-26 1.1995718e-26 7.9069665e-35
6.9417952e+08 3.855949e+18 5.5435263e+09 13994001 11170513 1.2014256e-26 1.1959827e-26 7.8675108e-35
6.948751e+08 3.859805e+18 5.5435263e+09 13980047 11159340 1.1978255e-26 1.1924043e-26 7.8282521e-35
6.9557137e+08 3.8636648e+18 5.5435263e+09 13966107 11148179 1.1942361e-26 1.1888367e-26 7.7891893e-35
6.9626834e+08 3.8675284e+18 5.5435263e+09 13952181 11137029 1.1906576e-26 1.1852797e-26 7.7503214e-35
6.96966e+08 3.871396e+18 5.5435263e+09 13938268 11125890 1.1870898e-26 1.1817333e-26 7.7116475e-35
6.9766437e+08 3.8752674e+18 5.5435263e+09 13924370 11114762 1.1835326e-26 1.1781975e-26 7.6731667e-35
6.9836343e+08 3.8791426e+18 5.5435263e+09 13910485 11103646 1.1799862e-26 1.1746723e-26 7.6348779e-35
6.9906319e+08 3.8830218e+18 5.5435263e+09 13896614 11092540 1.1764503e-26 1.1711577e-26 7.5967802e-35
6.9976365e+08 3.8869048e+18 5.5435263e+09 13882757 11081446 1.1729251e-26 1.1676536e-26 7.5588726e-35
7.0046481e+08 3.8907917e+18 5.5435263e+09 13868913 11070363 1.1694104e-26 1.1641599e-26 7.5211543e-35
7.0116667e+08 3.8946825e+18 5.5435263e+09 13855084 11059290 1.1659063e-26 1.1606768e-26 7.4836242e-35
7.0186924e+08 3.8985772e+18 5.5435262e+09 13841268 11048229 1.1624126e-26 1.157204e-26 7.4462814e-35
7.025725e+08 3.9024758e+18 5.5435262e+09 13827466 11037179 1.1589295e-26 1.1537416e-26 7.409125e-35
7.0327647e+08 3.9063782e+18 5.5435262e+09 13813677 11026140 1.1554567e-26 1.1502896e-26 7.372154e-35
7.0398115e+08 3.9102846e+18 5.5435262e+09 13799903 11015112 1.1519944e-26 1.1468479e-26 7.3353675e-35
7.0468653e+08 3.9141949e+18 5.5435262e+09 13786142 11004096 1.1485425e-26 1.1434165e-26 7.2987647e-35
7.0539261e+08 3.9181091e+18 5.5435262e+09 13772394 10993090 1.1451009e-26 1.1399953e-26 7.2623445e-35
7.060994e+08 3.9220272e+18 5.5435262e+09 13758661 10982095 1.1416696e-26 1.1365844e-26 7.2261061e-35
7.068069e+08 3.9259492e+18 5.5435262e+09 13744941 10971111 1.1382486e-26 1.1331837e-26 7.1900485e-35
7.075151e+08 3.9298752e+18 5.5435262e+09 13731235 10960138 1.1348379e-26 1.1297932e-26 7.1541709e-35
7.0822401e+08 3.9338051e+18 5.5435262e+09 13717542 10949176 1.1314374e-26 1.1264128e-26 7.1184724e-35
7.0893363e+08 3.9377389e+18 5.5435262e+09 13703863 10938226 1.128047e-26 1.1230425e-26 7.082952e-35
7.0964397e+08 3.9416766e+18 5.5435261e+09 13690198 10927286 1.1246669e-26 1.1196823e-26 7.0476089e-35
7.1035501e+08 3.9456183e+18 5.5435261e+09 13676546 10916357 1.1212969e-26 1.1163322e-26 7.0124422e-35
7.1106676e+08 3.9495639e+18 5.5435261e+09 13662908 10905439 1.1179369e-26 1.1129921e-26 6.977451e-35
7.1177922e+08 3.9535135e+18 5.5435261e+09 13649284 10894532 1.1145871e-26 1.1096619e-26 6.9426345e-35
7.124924e+08 3.957467e+18 5.5435261e+09 13635673 10883636 1.1112472e-26 1.1063418e-26 6.9079917e-35
7.1320629e+08 3.9614244e+18 5.5435261e+09 13622075 10872751 1.1079174e-26 1.1030315e-26 6.8735218e-35
7.1392089e+08 3.9653859e+18 5.5435261e+09 13608491 10861876 1.1045976e-26 1.0997312e-26 6.8392239e-35
7.1463621e+08 3.9693512e+18 5.5435261e+09 13594921 10851013 1.1012877e-26 1.0964407e-26 6.8050972e-35
7.1535225e+08 3.9733206e+18 5.5435261e+09 13581364 10840160 1.0979878e-26 1.0931601e-26 6.7711409e-35
7.16069e+08 3.9772939e+18 5.5435261e+09 13567820 10829319 1.0946977e-26 1.0898893e-26 6.737354e-35
7.1678646e+08 3.9812712e+18 5.5435261e+09 13554291 10818488 1.0914175e-26 1.0866283e-26 6.7037357e-35
7.1750465e+08 3.9852525e+18 5.543526e+09 13540774 10807668 1.0881471e-26 1.083377e-26 6.6702852e-35
7.1822355e+08 3.9892377e+18 5.543526e+09 13527271 10796859 1.0848866e-26 1.0801355e-26 6.6370017e-35
7.1894317e+08 3.993227e+18 5.543526e+09 13513782 10786060 1.0816358e-26 1.0769037e-26 6.6038842e-35
7.1966351e+08 3.9972202e+18 5.543526e+09 13500305 10775273 1.0783947e-26 1.0736815e-26 6.5709321e-35
7.2038457e+08 4.0012174e+18 5.543526e+09 13486843 10764496 1.0751634e-26 1.070469e-26 6.5381444e-35
7.2110635e+08 4.0052186e+18 5.543526e+09 13473393 10753730 1.0719417e-26 1.067266e-26 6.5055203e-35
7.2182886e+08 4.0092239e+18 5.543526e+09 13459957 10742975 1.0687297e-26 1.0640727e-26 6.473059e-35
7.2255208e+08 4.0132331e+18 5.543526e+09 13446535 10732231 1.0655273e-26 1.0608889e-26 6.4407598e-35
7.2327603e+08 4.0172463e+18 5.543526e+09 13433126 10721497 1.0623346e-26 1.0577146e-26 6.4086218e-35
7.2400071e+08 4.0212636e+18 5.543526e+09 13419730 10710774 1.0591514e-26 1.0545499e-26 6.3766441e-35
7.247261e+08 4.0252848e+18 5.543526e+09 13406347 10700062 1.0559777e-26 1.0513946e-26 6.3448261e-35
7.2545223e+08 4.0293101e+18 5.543526e+09 13392978 10689361 1.0528136e-26 1.0482487e-26 6.3131668e-35
7.2617908e+08 4.0333394e+18 5.5435259e+09 13379622 10678670 1.0496589e-26 1.0451122e-26 6.2816655e-35
7.2690665e+08 4.0373728e+18 5.5435259e+09 13366280 10667990 1.0465137e-26 1.0419852e-26 6.2503215e-35
7.2763496e+08 4.0414101e+18 5.5435259e+09 13352950 10657321 1.0433779e-26 1.0388675e-26 6.2191339e-35
7.2836399e+08 4.0454515e+18 5.5435259e+09 13339634 10646662 1.0402515e-26 1.0357591e-26 6.1881019e-35
7.2909375e+08 4.049497e+18 5.5435259e+09 13326332 10636014 1.0371345e-26 1.03266e-26 6.1572248e-35
7.2982424e+08 4.0535465e+18 5.5435259e+09 13313042 10625377 1.0340268e-26 1.0295702e-26 6.1265018e-35
7.3055546e+08 4.0576e+18 5.5435259e+09 13299766 10614750 1.0309285e-26 1.0264896e-26 6.0959321e-35
7.3128742e+08 4.0616576e+18 5.5435259e+09 13286503 10604134 1.0278394e-26 1.0234182e-26 6.065515e-35
7.320201e+08 4.0657193e+18 5.5435259e+09 13273253 10593529 1.0247596e-26 1.020356e-26 6.0352497e-35
7.3275352e+08 4.069785e+18 5.5435259e+09 13260016 10582934 1.021689e-26 1.017303e-26 6.0051354e-35
7.3348767e+08 4.0738548e+18 5.5435259e+09 13246793 10572350 1.0186276e-26 1.0142591e-26 5.9751715e-35
7.3422256e+08 4.0779287e+18 5.5435259e+09 13233582 10561777 1.0155754e-26 1.0112244e-26 5.945357e-35
7.3495818e+08 4.0820066e+18 5.5435258e+09 13220385 10551214 1.0125323e-26 1.0081987e-26 5.9156914e-35
7.3569453e+08 4.0860886e+18 5.5435258e+09 13207201 10540661 1.0094984e-26 1.005182e-26 5.8861738e-35
7.3643162e+08 4.0901747e+18 5.5435258e+09 13194030 10530119 1.0064736e-26 1.0021744e-26 5.8568035e-35
7.3716945e+08 4.0942649e+18 5.5435258e+09 13180872 10519588 1.0034578e-26 9.9917578e-27 5.8275798e-35
7.3790802e+08 4.0983591e+18 5.5435258e+09 13167728 10509068 1.000451e-26 9.9618612e-27 5.798502e-35
7.3864733e+08 4.1024575e+18 5.5435258e+09 13154596 10498557 9.9745331e-27 9.9320541e-27 5.7695692e-35
7.3938737e+08 4.1065599e+18 5.5435258e+09 13141477 10488058 9.9446457e-27 9.9023362e-27 5.7407809e-35
7.4012816e+08 4.1106665e+18 5.5435258e+09 13128372 10477569 9.9148478e-27 9.8727072e-27 5.7121362e-35
7.4086968e+08 4.1147772e+18 5.5435258e+09 13115279 10467090 9.8851393e-27 9.8431668e-27 5.6836345e-35
7.4161195e+08 4.1188919e+18 5.5435258e+09 13102200 10456622 9.8555198e-27 9.8137147e-27 5.655275e-35
7.4235496e+08 4.1230108e+18 5.5435258e+09 13089134 10446164 9.8259891e-27 9.7843508e-27 5.6270571e-35
7.4309871e+08 4.1271338e+18 5.5435258e+09 13076080 10435717 9.7965468e-27 9.7550747e-27 5.5989799e-35
7.4384321e+08 4.131261e+18 5.5435257e+09 13063040 10425280 9.7671929e-27 9.7258862e-27 5.5710429e-35
7.4458845e+08 4.1353922e+18 5.5435257e+09 13050012 10414854 9.7379269e-27 9.6967851e-27 5.5432454e-35
7.4533443e+08 4.1395276e+18 5.5435257e+09 13036998 10404438 9.7087486e-27 9.6677709e-27 5.5155865e-35
7.4608116e+08 4.1436672e+18 5.5435257e+09 13023996 10394033 9.6796577e-27 9.6388436e-27 5.4880657e-35
7.4682864e+08 4.1478108e+18 5.5435257e+09 13011008 10383638 9.6506541e-27 9.6100028e-27 5.4606822e-35
7.4757687e+08 4.1519586e+18 5.5435257e+09 12998032 10373253 9.6217374e-27 9.5812483e-27 5.4334354e-35
7.4832584e+08 4.1561106e+18 5.5435257e+09 12985070 10362879 9.5929073e-27 9.5525798e-27 5.4063245e-35
7.4907557e+08 4.1602667e+18 5.5435257e+09 12972120 10352515 9.5641637e-27 9.5239971e-27 5.379349e-35
7.4982604e+08 4.164427e+18 5.5435257e+09 12959183 10342162 9.5355062e-27 9.4954998e-27 5.3525081e-35
7.5057726e+08 4.1685914e+18 5.5435257e+09 12946259 10331819 9.5069346e-27 9.4670879e-27 5.3258011e-35
7.5132924e+08 4.17276e+18 5.5435257e+09 12933348 10321486 9.4784486e-27 9.4387609e-27 5.2992274e-35
7.5208197e+08 4.1769327e+18 5.5435257e+09 12920449 10311163 9.450048e-27 9.4105186e-27 5.2727863e-35
7.5283544e+08 4.1811097e+18 5.5435256e+09 12907564 10300851 9.4217326e-27 9.3823609e-27 5.2464772e-35
7.5358968e+08 4.1852908e+18 5.5435256e+09 12894691 10290550 9.393502e-27 9.3542874e-27 5.2202994e-35
7.5434466e+08 4.1894761e+18 5.5435256e+09 12881832 10280258 9.365356e-27 9.3262978e-27 5.1942522e-35
7.5510041e+08 4.1936656e+18 5.5435256e+09 12868984 10269977 9.3372943e-27 9.298392e-27 5.168335e-35
7.558569e+08 4.1978592e+18 5.5435256e+09 12856150 10259706 9.3093168e-27 9.2705697e-27 5.1425472e-35
7.5661416e+08 4.2020571e+18 5.5435256e+09 12843329 10249446 9.2814231e-27 9.2428306e-27 5.116888e-35
7.5737217e+08 4.2062591e+18 5.5435256e+09 12830520 10239196 9.253613e-27 9.2151745e-27 5.0913569e-35
7.5813094e+08 4.2104654e+18 5.5435256e+09 12817724 10228956 9.2258862e-27 9.1876011e-27 5.0659532e-35
7.5889047e+08 4.2146759e+18 5.5435256e+09 12804941 10218726 9.1982426e-27 9.1601103e-27 5.0406763e-35
7.5965076e+08 4.2188905e+18 5.5435256e+09 12792171 10208507 9.1706818e-27 9.1327016e-27 5.0155255e-35
7.6041181e+08 4.2231094e+18 5.5435256e+09 12779413 10198297 9.1432036e-27 9.105375e-27 4.9905002e-35
7.6117361e+08 4.2273325e+18 5.5435256e+09 12766668 10188098 9.1158078e-27 9.0781301e-27 4.9655999e-35
7.6193619e+08 4.2315599e+18 5.5435256e+09 12753935 10177909 9.088494e-27 9.0509667e-27 4.9408238e-35
7.6269952e+08 4.2357914e+18 5.5435255e+09 12741216 10167731 9.0612622e-27 9.0238845e-27 4.9161713e-35
7.6346362e+08 4.2400272e+18 5.5435255e+09 12728509 10157562 9.0341119e-27 8.9968834e-27 4.8916419e-35
7.6422848e+08 4.2442673e+18 5.5435255e+09 12715814 10147404 9.007043e-27 8.9699631e-27 4.8672348e-35
7.649941e+08 4.2485115e+18 5.5435255e+09 12703133 10137256 8.9800553e-27 8.9431233e-27 4.8429496e-35
7.657605e+08 4.25276e+18 5.5435255e+09 12690464 10127118 8.9531484e-27 8.9163638e-27 4.8187856e-35
7.6652765e+08 4.2570128e+18 5.5435255e+09 12677807 10116990 8.9263222e-27 8.8896843e-27 4.7947421e-35
7.6729558e+08 4.2612698e+18 5.5435255e+09 12665163 10106873 8.8995764e-27 8.8630847e-27 4.7708187e-35
7.6806427e+08 4.2655311e+18 5.5435255e+09 12652532 10096765 8.8729107e-27 8.8365646e-27 4.7470146e-35
7.6883373e+08 4.2697966e+18 5.5435255e+09 12639913 10086668 8.8463249e-27 8.8101239e-27 4.7233293e-35
7.6960396e+08 4.2740664e+18 5.5435255e+09 12627307 10076581 8.8198189e-27 8.7837622e-27 4.6997622e-35
7.7037497e+08 4.2783405e+18 5.5435255e+09 12614713 10066503 8.7933922e-27 8.7574795e-27 4.6763128e-35
7.7114674e+08 4.2826188e+18 5.5435255e+09 12602132 10056436 8.7670448e-27 8.7312753e-27 4.6529803e-35
7.7191928e+08 4.2869014e+18 5.5435255e+09 12589564 10046379 8.7407763e-27 8.7051496e-27 4.6297643e-35
7.726926e+08 4.2911883e+18 5.5435254e+09 12577008 10036332 8.7145866e-27 8.679102e-27 4.6066642e-35
7.7346669e+08 4.2954795e+18 5.5435254e+09 12564464 10026295 8.6884753e-27 8.6531323e-27 4.5836793e-35
7.7424155e+08 4.299775e+18 5.5435254e+09 12551933 10016269 8.6624423e-27 8.6272403e-27 4.5608091e-35
7.7501719e+08 4.3040748e+18 5.5435254e+09 12539415 10006252 8.6364874e-27 8.6014258e-27 4.5380531e-35
7.7579361e+08 4.3083788e+18 5.5435254e+09 12526909 9996245 8.6106102e-27 8.5756885e-27 4.5154106e-35
7.765708e+08 4.3126872e+18 5.5435254e+09 12514415 9986248.2 8.5848105e-27 8.5500282e-27 4.4928811e-35
7.7734877e+08 4.3169999e+18 5.5435254e+09 12501934 9976261.5 8.5590882e-27 8.5244447e-27 4.4704641e-35
7.7812751e+08 4.3213169e+18 5.5435254e+09 12489465 9966284.7 8.533443e-27 8.4989377e-27 4.4481589e-35
7.7890704e+08 4.3256382e+18 5.5435254e+09 12477009 9956318 8.5078746e-27 8.473507e-27 4.425965e-35
7.7968734e+08 4.3299639e+18 5.5435254e+09 12464565 9946361.2 8.4823829e-27 8.4481524e-27 4.4038819e-35
7.8046843e+08 4.3342938e+18 5.5435254e+09 12452133 9936414.4 8.4569676e-27 8.4228737e-27 4.381909e-35
7.8125029e+08 4.3386281e+18 5.5435254e+09 12439714 9926477.5 8.4316284e-27 8.3976705e-27 4.3600457e-35
7.8203294e+08 4.3429668e+18 5.5435254e+09 12427307 9916550.6 8.4063652e-27 8.3725428e-27 4.3382915e-35
7.8281637e+08 4.3473097e+18 5.5435253e+09 12414913 9906633.6 8.3811777e-27 8.3474902e-27 4.3166459e-35
7.8360059e+08 4.351657e+18 5.5435253e+09 12402531 9896726.6 8.3560656e-27 8.3225126e-27 4.2951083e-35
7.8438558e+08 4.3560087e+18 5.5435253e+09 12390161 9886829.4 8.3310289e-27 8.2976097e-27 4.2736782e-35
7.8517137e+08 4.3603647e+18 5.5435253e+09 12377803 9876942.2 8.3060671e-27 8.2727814e-27 4.2523551e-35
7.8595794e+08 4.3647251e+18 5.5435253e+09 12365458 9867064.9 8.2811802e-27 8.2480272e-27 4.2311383e-35
7.8674529e+08 4.3690898e+18 5.5435253e+09 12353125 9857197.5 8.2563679e-27 8.2233472e-27 4.2100274e-35
7.8753343e+08 4.3734589e+18 5.5435253e+09 12340805 9847339.9 8.2316299e-27 8.198741e-27 4.1890219e-35
7.8832237e+08 4.3778323e+18 5.5435253e+09 12328496 9837492.2 8.2069661e-27 8.1742084e-27 4.1681212e-35
7.8911209e+08 4.3822102e+18 5.5435253e+09 12316200 9827654.4 8.1823762e-27 8.1497491e-27 4.1473248e-35
7.899026e+08 4.3865924e+18 5.5435253e+09 12303916 9817826.4 8.1578599e-27 8.1253631e-27 4.1266322e-35
7.906939e+08 4.390979e+18 5.5435253e+09 12291645 9808008.3 8.1334172e-27 8.10105e-27 4.1060428e-35
7.9148599e+08 4.3953699e+18 5.5435253e+09 12279385 9798200 8.1090477e-27 8.0768097e-27 4.0855562e-35
7.9227887e+08 4.3997653e+18 5.5435253e+09 12267138 9788401.5 8.0847512e-27 8.0526418e-27 4.0651718e-35
7.9307255e+08 4.4041651e+18 5.5435253e+09 12254903 9778612.8 8.0605276e-27 8.0285463e-27 4.0448892e-35
7.9386702e+08 4.4085692e+18 5.5435252e+09 12242681 9768833.9 8.0363765e-27 8.0045229e-27 4.0247077e-35
7.9466228e+08 4.4129778e+18 5.5435252e+09 12230470 9759064.8 8.0122979e-27 7.9805713e-27 4.004627e-35
7.9545834e+08 4.4173908e+18 5.5435252e+09 12218271 9749305.5 7.9882914e-27 7.9566914e-27 3.9846465e-35
7.962552e+08 4.4218082e+18 5.5435252e+09 12206085 9739555.9 7.9643568e-27 7.9328829e-27 3.9647656e-35
7.9705285e+08 4.42623e+18 5.5435252e+09 12193911 9729816.1 7.940494e-27 7.9091457e-27 3.944984e-35
7.978513e+08 4.4306562e+18 5.5435252e+09 12181749 9720086.1 7.9167027e-27 7.8854794e-27 3.9253011e-35
7.9865055e+08 4.4350869e+18 5.5435252e+09 12169599 9710365.8 7.8929827e-27 7.861884e-27 3.9057164e-35
7.994506e+08 4.439522e+18 5.5435252e+09 12157461 9700655.2 7.8693337e-27 7.8383592e-27 3.8862295e-35
8.0025145e+08 4.4439615e+18 5.5435252e+09 12145335 9690954.4 7.8457557e-27 7.8149047e-27 3.8668398e-35
8.0105309e+08 4.4484054e+18 5.5435252e+09 12133222 9681263.2 7.8222483e-27 7.7915204e-27 3.8475469e-35
8.0185555e+08 4.4528539e+18 5.5435252e+09 12121120 9671581.8 7.7988113e-27 7.7682061e-27 3.8283502e-35
8.026588e+08 4.4573067e+18 5.5435252e+09 12109030 9661910.1 7.7754446e-27 7.7449615e-27 3.8092493e-35
8.0346285e+08 4.461764e+18 5.5435252e+09 12096953 9652248 7.752148e-27 7.7217864e-27 3.7902438e-35
8.0426772e+08 4.4662258e+18 5.5435252e+09 12084887 9642595.6 7.7289211e-27 7.6986807e-27 3.7713331e-35
8.0507338e+08 4.470692e+18 5.5435251e+09 12072834 9632952.9 7.7057639e-27 7.6756441e-27 3.7525167e-35
8.0587985e+08 4.4751627e+18 5.5435251e+09 12060792 9623319.8 7.682676e-27 7.6526764e-27 3.7337943e-35
8.0668713e+08 4.4796379e+18 5.5435251e+09 12048763 9613696.4 7.6596573e-27 7.6297775e-27 3.7151652e-35
8.0749521e+08 4.4841175e+18 5.5435251e+09 12036745 9604082.6 7.6367077e-27 7.606947e-27 3.6966292e-35
8.0830411e+08 4.4886016e+18 5.5435251e+09 12024740 9594478.4 7.6138268e-27 7.5841849e-27 3.6781856e-35
8.0911381e+08 4.4930902e+18 5.5435251e+09 12012746 9584883.8 7.5910145e-27 7.5614908e-27 3.6598341e-35
8.0992432e+08 4.4975833e+18 5.5435251e+09 12000765 9575298.9 7.5682705e-27 7.5388647e-27 3.6415741e-35
8.1073564e+08 4.5020809e+18 5.5435251e+09 11988795 9565723.5 7.5455947e-27 7.5163062e-27 3.6234053e-35
8.1154777e+08 4.506583e+18 5.5435251e+09 11976837 9556157.7 7.5229869e-27 7.4938152e-27 3.6053271e-35
8.1236072e+08 4.5110896e+18 5.5435251e+09 11964891 9546601.5 7.5004468e-27 7.4713915e-27 3.5873392e-35
8.1317448e+08 4.5156006e+18 5.5435251e+09 11952957 9537054.9 7.4779742e-27 7.4490349e-27 3.569441e-35
8.1398905e+08 4.5201162e+18 5.5435251e+09 11941035 9527517.8 7.4555691e-27 7.4267452e-27 3.5516321e-35
8.1480444e+08 4.5246364e+18 5.5435251e+09 11929125 9517990.3 7.433231e-27 7.4045222e-27 3.5339121e-35
8.1562064e+08 4.529161e+18 5.5435251e+09 11917226 9508472.3 7.4109599e-27 7.3823656e-27 3.5162805e-35
8.1643766e+08 4.5336902e+18 5.5435251e+09 11905340 9498963.8 7.3887556e-27 7.3602754e-27 3.4987369e-35
8.1725549e+08 4.5382238e+18 5.543525e+09 11893465 9489464.8 7.3666177e-27 7.3382512e-27 3.4812809e-35
8.1807415e+08 4.5427621e+18 5.543525e+09 11881602 9479975.4 7.3445463e-27 7.3162929e-27 3.4639119e-35
8.1889362e+08 4.5473048e+18 5.543525e+09 11869751 9470495.5 7.3225409e-27 7.2944003e-27 3.4466296e-35
8.1971391e+08 4.5518521e+18 5.543525e+09 11857912 9461025 7.3006016e-27 7.2725732e-27 3.4294336e-35
8.2053502e+08 4.556404e+18 5.543525e+09 11846084 9451564 7.2787279e-27 7.2508114e-27 3.4123234e-35
8.2135695e+08 4.5609604e+18 5.543525e+09 11834269 9442112.5 7.2569199e-27 7.2291147e-27 3.3952985e-35
8.2217971e+08 4.5655214e+18 5.543525e+09 11822465 9432670.5 7.2351771e-27 7.207483e-27 3.3783586e-35
8.2300328e+08 4.5700869e+18 5.543525e+09 11810673 9423237.9 7.2134996e-27 7.1859159e-27 3.3615033e-35
8.2382769e+08 4.574657e+18 5.543525e+09 11798892 9413814.7 7.191887e-27 7.1644134e-27 3.344732e-35
8.2465291e+08 4.5792316e+18 5.543525e+09 11787124 9404401 7.1703392e-27 7.1429752e-27 3.3280444e-35
8.2547896e+08 4.5838109e+18 5.543525e+09 11775367 9394996.7 7.1488559e-27 7.1216011e-27 3.3114402e-35
8.2630584e+08 4.5883947e+18 5.543525e+09 11763621 9385601.8 7.127437e-27 7.100291e-27 3.2949187e-35
8.2713354e+08 4.5929831e+18 5.543525e+09 11751888 9376216.4 7.1060824e-27 7.0790446e-27 3.2784797e-35
8.2796207e+08 4.597576e+18 5.543525e+09 11740166 9366840.3 7.0847917e-27 7.0578618e-27 3.2621228e-35
8.2879143e+08 4.6021736e+18 5.543525e+09 11728456 9357473.6 7.0635648e-27 7.0367424e-27 3.2458474e-35
8.2962162e+08 4.6067758e+18 5.5435249e+09 11716757 9348116.3 7.0424015e-27 7.0156861e-27 3.2296533e-35
8.3045264e+08 4.6113826e+18 5.5435249e+09 11705070 9338768.3 7.0213017e-27 6.9946929e-27 3.21354e-35
8.3128449e+08 4.6159939e+18 5.5435249e+09 11693395 9329429.7 7.0002651e-27 6.9737624e-27 3.1975071e-35
8.3211717e+08 4.6206099e+18 5.5435249e+09 11681731 9320100.5 6.9792915e-27 6.9528946e-27 3.1815542e-35
8.3295069e+08 4.6252306e+18 5.5435249e+09 11670079 9310780.5 6.9583808e-27 6.9320892e-27 3.1656808e-35
8.3378504e+08 4.6298558e+18 5.5435249e+09 11658439 9301470 6.9375327e-27 6.911346e-27 3.1498868e-35
8.3462022e+08 4.6344856e+18 5.5435249e+09 11646810 9292168.7 6.9167471e-27 6.890665e-27 3.1341715e-35
8.3545624e+08 4.6391201e+18 5.5435249e+09 11635193 9282876.7 6.8960239e-27 6.8700457e-27 3.1185346e-35
8.3629309e+08 4.6437592e+18 5.5435249e+09 11623587 9273594.1 6.8753627e-27 6.8494882e-27 3.1029758e-35
8.3713078e+08 4.648403e+18 5.5435249e+09 11611993 9264320.7 6.8547634e-27 6.8289922e-27 3.0874946e-35
8.3796931e+08 4.6530514e+18 5.5435249e+09 11600411 9255056.6 6.8342259e-27 6.8085575e-27 3.0720906e-35
8.3880868e+08 4.6577045e+18 5.5435249e+09 11588840 9245801.8 6.8137499e-27 6.7881839e-27 3.0567635e-35
8.3964888e+08 4.6623622e+18 5.5435249e+09 11577280 9236556.3 6.7933353e-27 6.7678713e-27 3.0415129e-35
8.4048993e+08 4.6670245e+18 5.5435249e+09 11565732 9227320 6.7729818e-27 6.7476195e-27 3.0263384e-35
8.4133182e+08 4.6716915e+18 5.5435249e+09 11554196 9218093 6.7526894e-27 6.7274282e-27 3.0112396e-35
8.4217455e+08 4.6763632e+18 5.5435248e+09 11542671 9208875.2 6.7324577e-27 6.7072974e-27 2.9962162e-35
8.4301812e+08 4.6810396e+18 5.5435248e+09 11531157 9199666.6 6.7122867e-27 6.6872267e-27 2.9812677e-35
8.4386253e+08 4.6857206e+18 5.5435248e+09 11519655 9190467.2 6.6921762e-27 6.6672162e-27 2.9663939e-35
8.4470779e+08 4.6904064e+18 5.5435248e+09 11508165 9181277 6.6721259e-27 6.6472655e-27 2.9515942e-35
8.455539e+08 4.6950968e+18 5.5435248e+09 11496685 9172096.1 6.6521357e-27 6.6273745e-27 2.9368684e-35
8.4640085e+08 4.6997919e+18 5.5435248e+09 11485218 9162924.3 6.6322054e-27 6.607543e-27 2.922216e-35
8.4724865e+08 4.7044917e+18 5.5435248e+09 11473761 9153761.7 6.6123348e-27 6.5877708e-27 2.9076368e-35
8.480973e+08 4.7091962e+18 5.5435248e+09 11462317 9144608.3 6.5925238e-27 6.5680578e-27 2.8931304e-35
8.4894679e+08 4.7139053e+18 5.5435248e+09 11450883 9135464.1 6.5727721e-27 6.5484037e-27 2.8786963e-35
8.4979713e+08 4.7186193e+18 5.5435248e+09 11439461 9126329 6.5530796e-27 6.5288085e-27 2.8643342e-35
8.5064833e+08 4.7233379e+18 5.5435248e+09 11428050 9117203 6.5334462e-27 6.5092719e-27 2.8500438e-35
8.5150038e+08 4.7280612e+18 5.5435248e+09 11416651 9108086.2 6.5138716e-27 6.4897937e-27 2.8358247e-35
8.5235327e+08 4.7327893e+18 5.5435248e+09 11405263 9098978.5 6.4943556e-27 6.4703738e-27 2.8216766e-35
8.5320702e+08 4.7375221e+18 5.5435248e+09 11393886 9089879.9 6.4748981e-27 6.451012e-27 2.807599e-35
8.5406163e+08 4.7422596e+18 5.5435248e+09 11382521 9080790.4 6.455499e-27 6.4317082e-27 2.7935918e-35
8.5491709e+08 4.7470018e+18 5.5435248e+09 11371167 9071710 6.4361579e-27 6.4124621e-27 2.7796544e-35
8.557734e+08 4.7517488e+18 5.5435247e+09 11359824 9062638.7 6.4168749e-27 6.3932736e-27 2.7657865e-35
8.5663057e+08 4.7565006e+18 5.5435247e+09 11348493 9053576.5 6.3976496e-27 6.3741424e-27 2.7519878e-35
8.574886e+08 4.7612571e+18 5.5435247e+09 11337173 9044523.4 6.3784819e-27 6.3550686e-27 2.738258e-35
8.5834749e+08 4.7660183e+18 5.5435247e+09 11325864 9035479.3 6.3593717e-27 6.3360518e-27 2.7245968e-35
8.5920723e+08 4.7707844e+18 5.5435247e+09 11314566 9026444.3 6.3403187e-27 6.3170918e-27 2.7110036e-35
8.6006784e+08 4.7755552e+18 5.5435247e+09 11303280 9017418.3 6.3213229e-27 6.2981886e-27 2.6974783e-35
8.609293e+08 4.7803307e+18 5.5435247e+09 11292005 9008401.4 6.3023839e-27 6.279342e-27 2.6840205e-35
8.6179163e+08 4.785111e+18 5.5435247e+09 11280741 8999393.4 6.2835017e-27 6.2605518e-27 2.6706299e-35
8.6265482e+08 4.7898961e+18 5.5435247e+09 11269488 8990394.5 6.2646761e-27 6.2418177e-27 2.657306e-35
8.6351887e+08 4.794686e+18 5.5435247e+09 11258247 8981404.6 6.2459069e-27 6.2231397e-27 2.6440487e-35
8.6438379e+08 4.7994807e+18 5.5435247e+09 11247017 8972423.7 6.227194e-27 6.2045176e-27 2.6308575e-35
8.6524957e+08 4.8042802e+18 5.5435247e+09 11235798 8963451.8 6.2085371e-27 6.1859513e-27 2.6177321e-35
8.6611622e+08 4.8090845e+18 5.5435247e+09 11224590 8954488.9 6.1899362e-27 6.1674404e-27 2.6046722e-35
8.6698373e+08 4.8138936e+18 5.5435247e+09 11213393 8945534.9 6.171391e-27 6.148985e-27 2.5916775e-35
8.6785211e+08 4.8187075e+18 5.5435247e+09 11202207 8936589.9 6.1529013e-27 6.1305847e-27 2.5787476e-35
8.6872136e+08 4.8235262e+18 5.5435247e+09 11191033 8927653.8 6.1344671e-27 6.1122395e-27 2.5658822e-35
8.6959148e+08 4.8283497e+18 5.5435247e+09 11179870 8918726.7 6.1160881e-27 6.0939492e-27 2.5530811e-35
8.7046247e+08 4.8331781e+18 5.5435246e+09 11168718 8909808.6 6.0977642e-27 6.0757137e-27 2.5403438e-35
8.7133433e+08 4.8380112e+18 5.5435246e+09 11157577 8900899.3 6.0794952e-27 6.0575326e-27 2.52767e-35
8.7220706e+08 4.8428492e+18 5.5435246e+09 11146447 8891999 6.0612809e-27 6.039406e-27 2.5150595e-35
8.7308067e+08 4.8476921e+18 5.5435246e+09 11135328 8883107.6 6.0431213e-27 6.0213336e-27 2.502512e-35
8.7395515e+08 4.8525398e+18 5.5435246e+09 11124220 8874225.1 6.025016e-27 6.0033153e-27 2.490027e-35
8.748305e+08 4.8573923e+18 5.5435246e+09 11113123 8865351.4 6.006965e-27 5.9853509e-27 2.4776043e-35
8.7570673e+08 4.8622497e+18 5.5435246e+09 11102037 8856486.7 5.9889681e-27 5.9674402e-27 2.4652436e-35
8.7658383e+08 4.867112e+18 5.5435246e+09 11090963 8847630.8 5.9710251e-27 5.9495831e-27 2.4529446e-35
8.7746181e+08 4.8719791e+18 5.5435246e+09 11079899 8838783.8 5.9531359e-27 5.9317795e-27 2.440707e-35
8.7834067e+08 4.8768511e+18 5.5435246e+09 11068847 8829945.6 5.9353003e-27 5.9140291e-27 2.4285304e-35
8.7922041e+08 4.8817279e+18 5.5435246e+09 11057805 8821116.3 5.9175182e-27 5.8963318e-27 2.4164146e-35
8.8010103e+08 4.8866096e+18 5.5435246e+09 11046774 8812295.8 5.8997893e-27 5.8786875e-27 2.4043593e-35
8.8098253e+08 4.8914962e+18 5.5435246e+09 11035755 8803484.2 5.8821136e-27 5.8610959e-27 2.392364e-35
8.8186491e+08 4.8963877e+18 5.5435246e+09 11024746 8794681.4 5.8644908e-27 5.843557e-27 2.3804287e-35
8.8274817e+08 4.9012841e+18 5.5435246e+09 11013749 8785887.3 5.8469208e-27 5.8260706e-27 2.3685529e-35
8.8363232e+08 4.9061854e+18 5.5435246e+09 11002762 8777102.1 5.8294035e-27 5.8086365e-27 2.3567363e-35
8.8451735e+08 4.9110916e+18 5.5435246e+09 10991786 8768325.7 5.8119387e-27 5.7912545e-27 2.3449788e-35
8.8540326e+08 4.9160027e+18 5.5435245e+09 10980821 8759558.1 5.7945262e-27 5.7739246e-27 2.3332798e-35
8.8629006e+08 4.9209187e+18 5.5435245e+09 10969867 8750799.2 5.7771659e-27 5.7566465e-27 2.3216393e-35
8.8717775e+08 4.9258396e+18 5.5435245e+09 10958924 8742049.1 5.7598576e-27 5.7394201e-27 2.3100568e-35
8.8806632e+08 4.9307655e+18 5.5435245e+09 10947992 8733307.8 5.7426012e-27 5.7222452e-27 2.2985322e-35
8.8895579e+08 4.9356962e+18 5.5435245e+09 10937071 8724575.2 5.7253965e-27 5.7051217e-27 2.287065e-35
8.8984614e+08 4.9406319e+18 5.5435245e+09 10926161 8715851.3 5.7082434e-27 5.6880495e-27 2.2756551e-35
8.9073739e+08 4.9455725e+18 5.5435245e+09 10915261 8707136.2 5.6911416e-27 5.6710283e-27 2.264302e-35
8.9162952e+08 4.9505181e+18 5.5435245e+09 10904373 8698429.8 5.6740911e-27 5.6540581e-27 2.2530057e-35
8.9252255e+08 4.9554686e+18 5.5435245e+09 10893495 8689732.1 5.6570917e-27 5.6371386e-27 2.2417657e-35
8.9341647e+08 4.9604241e+18 5.5435245e+09 10882628 8681043.1 5.6401433e-27 5.6202697e-27 2.2305818e-35
8.9431128e+08 4.9653845e+18 5.5435245e+09 10871772 8672362.8 5.6232456e-27 5.6034514e-27 2.2194536e-35
8.9520699e+08 4.9703499e+18 5.5435245e+09 10860927 8663691.2 5.6063986e-27 5.5866833e-27 2.2083811e-35
8.961036e+08 4.9753203e+18 5.5435245e+09 10850092 8655028.3 5.589602e-27 5.5699654e-27 2.1973637e-35
8.970011e+08 4.9802956e+18 5.5435245e+09 10839269 8646374.1 5.5728558e-27 5.5532975e-27 2.1864013e-35
8.978995e+08 4.9852759e+18 5.5435245e+09 10828456 8637728.5 5.5561597e-27 5.5366795e-27 2.1754937e-35
8.9879879e+08 4.9902612e+18 5.5435245e+09 10817654 8629091.6 5.5395137e-27 5.5201113e-27 2.1646404e-35
8.9969899e+08 4.9952514e+18 5.5435245e+09 10806862 8620463.3 5.5229176e-27 5.5035926e-27 2.1538413e-35
9.0060009e+08 5.0002467e+18 5.5435244e+09 10796082 8611843.6 5.5063712e-27 5.4871233e-27 2.1430961e-35
9.0150208e+08 5.0052469e+18 5.5435244e+09 10785312 8603232.6 5.4898744e-27 5.4707033e-27 2.1324045e-35
9.0240498e+08 5.0102522e+18 5.5435244e+09 10774553 8594630.2 5.473427e-27 5.4543324e-27 2.1217663e-35
9.0330879e+08 5.0152624e+18 5.5435244e+09 10763804 8586036.4 5.4570289e-27 5.4380105e-27 2.1111811e-35
9.0421349e+08 5.0202777e+18 5.5435244e+09 10753066 8577451.2 5.44068e-27 5.4217374e-27 2.1006488e-35
9.051191e+08 5.025298e+18 5.5435244e+09 10742339 8568874.6 5.42438e-27 5.405513e-27 2.090169e-35
9.0602562e+08 5.0303233e+18 5.5435244e+09 10731623 8560306.5 5.4081289e-27 5.3893372e-27 2.0797415e-35
9.0693304e+08 5.0353536e+18 5.5435244e+09 10720917 8551747.1 5.3919265e-27 5.3732097e-27 2.069366e-35
9.0784138e+08 5.0403889e+18 5.5435244e+09 10710222 8543196.2 5.3757726e-27 5.3571306e-27 2.0590423e-35
9.0875061e+08 5.0454293e+18 5.5435244e+09 10699538 8534653.9 5.3596672e-27 5.3410995e-27 2.0487701e-35
9.0966076e+08 5.0504747e+18 5.5435244e+09 10688864 8526120.1 5.34361e-27 5.3251164e-27 2.0385492e-35
9.1057182e+08 5.0555252e+18 5.5435244e+09 10678201 8517594.9 5.3276009e-27 5.3091811e-27 2.0283792e-35
9.1148379e+08 5.0605807e+18 5.5435244e+09 10667549 8509078.2 5.3116398e-27 5.2932935e-27 2.01826e-35
9.1239667e+08 5.0656413e+18 5.5435244e+09 10656907 8500570 5.2957265e-27 5.2774534e-27 2.0081913e-35
9.1331047e+08 5.070707e+18 5.5435244e+09 10646276 8492070.3 5.2798609e-27 5.2616607e-27 1.9981728e-35
9.1422517e+08 5.0757777e+18 5.5435244e+09 10635655 8483579.1 5.2640428e-27 5.2459152e-27 1.9882043e-35
9.151408e+08 5.0808535e+18 5.5435244e+09 10625045 8475096.5 5.2482722e-27 5.2302169e-27 1.9782856e-35
9.1605734e+08 5.0859343e+18 5.5435244e+09 10614446 8466622.3 5.2325488e-27 5.2145656e-27 1.9684163e-35
9.1697479e+08 5.0910202e+18 5.5435244e+09 10603857 8458156.6 5.2168725e-27 5.198961e-27 1.9585963e-35
9.1789316e+08 5.0961113e+18 5.5435243e+09 10593278 8449699.4 5.2012432e-27 5.1834032e-27 1.9488253e-35
9.1881245e+08 5.1012074e+18 5.5435243e+09 10582710 8441250.6 5.1856607e-27 5.1678919e-27 1.939103e-35
9.1973266e+08 5.1063086e+18 5.5435243e+09 10572153 8432810.3 5.1701249e-27 5.152427e-27 1.9294293e-35
9.206538e+08 5.1114149e+18 5.5435243e+09 10561606 8424378.5 5.1546357e-27 5.1370084e-27 1.9198038e-35
9.2157585e+08 5.1165263e+18 5.5435243e+09 10551070 8415955.1 5.1391929e-27 5.1216359e-27 1.9102263e-35
9.2249882e+08 5.1216428e+18 5.5435243e+09 10540544 8407540.1 5.1237964e-27 5.1063094e-27 1.9006967e-35
9.2342272e+08 5.1267645e+18 5.5435243e+09 10530029 8399133.5 5.108446e-27 5.0910288e-27 1.8912145e-35
9.2434754e+08 5.1318912e+18 5.5435243e+09 10519524 8390735.4 5.0931415e-27 5.0757939e-27 1.8817797e-35
9.2527328e+08 5.1370231e+18 5.5435243e+09 10509030 8382345.6 5.077883e-27 5.0606046e-27 1.872392e-35
9.2619995e+08 5.1421602e+18 5.5435243e+09 10498546 8373964.3 5.0626702e-27 5.0454607e-27 1.8630511e-35
9.2712755e+08 5.1473023e+18 5.5435243e+09 10488072 8365591.3 5.047503e-27 5.0303621e-27 1.8537568e-35
9.2805608e+08 5.1524496e+18 5.5435243e+09 10477609 8357226.7 5.0323812e-27 5.0153087e-27 1.8445089e-35
9.2898553e+08 5.1576021e+18 5.5435243e+09 10467157 8348870.5 5.0173047e-27 5.0003004e-27 1.8353071e-35
9.2991591e+08 5.1627597e+18 5.5435243e+09 10456714 8340522.7 5.0022734e-27 4.9853369e-27 1.8261512e-35
9.3084723e+08 5.1679224e+18 5.5435243e+09 10446283 8332183.2 4.9872871e-27 4.9704183e-27 1.8170411e-35
9.3177947e+08 5.1730903e+18 5.5435243e+09 10435861 8323852 4.9723458e-27 4.9555442e-27 1.8079763e-35
9.3271265e+08 5.1782634e+18 5.5435243e+09 10425450 8315529.2 4.9574492e-27 4.9407147e-27 1.7989568e-35
9.3364676e+08 5.1834417e+18 5.5435243e+09 10415049 8307214.7 4.9425973e-27 4.9259295e-27 1.7899823e-35
9.345818e+08 5.1886251e+18 5.5435243e+09 10404659 8298908.6 4.9277898e-27 4.9111886e-27 1.7810526e-35
9.3551778e+08 5.1938138e+18 5.5435242e+09 10394279 8290610.7 4.9130268e-27 4.8964918e-27 1.7721674e-35
9.364547e+08 5.1990076e+18 5.5435242e+09 10383910 8282321.2 4.898308e-27 4.8818389e-27 1.7633266e-35
9.3739255e+08 5.2042066e+18 5.5435242e+09 10373550 8274039.9 4.8836332e-27 4.8672299e-27 1.7545299e-35
9.3833134e+08 5.2094108e+18 5.5435242e+09 10363201 8265767 4.8690025e-27 4.8526646e-27 1.7457771e-35
9.3927107e+08 5.2146202e+18 5.5435242e+09 10352863 8257502.3 4.8544156e-27 4.8381429e-27 1.7370679e-35
9.4021174e+08 5.2198348e+18 5.5435242e+09 10342534 8249245.9 4.8398724e-27 4.8236646e-27 1.7284022e-35
9.4115335e+08 5.2250547e+18 5.5435242e+09 10332216 8240997.7 4.8253728e-27 4.8092297e-27 1.7197797e-35
9.420959e+08 5.2302797e+18 5.5435242e+09 10321909 8232757.8 4.8109166e-27 4.7948379e-27 1.7112003e-35
9.4303939e+08 5.23551e+18 5.5435242e+09 10311611 8224526.2 4.7965037e-27 4.7804892e-27 1.7026636e-35
9.4398383e+08 5.2407455e+18 5.5435242e+09 10301324 8216302.7 4.7821341e-27 4.7661834e-27 1.6941696e-35
9.4492921e+08 5.2459863e+18 5.5435242e+09 10291047 8208087.6 4.7678075e-27 4.7519205e-27 1.6857179e-35
9.4587554e+08 5.2512322e+18 5.5435242e+09 10280780 8199880.6 4.7535238e-27 4.7377002e-27 1.6773084e-35
9.4682281e+08 5.2564835e+18 5.5435242e+09 10270524 8191681.9 4.7392829e-27 4.7235224e-27 1.6689409e-35
9.4777103e+08 5.26174e+18 5.5435242e+09 10260277 8183491.3 4.7250847e-27 4.7093871e-27 1.6606151e-35
9.487202e+08 5.2670017e+18 5.5435242e+09 10250041 8175309 4.710929e-27 4.6952941e-27 1.6523309e-35
9.4967032e+08 5.2722687e+18 5.5435242e+09 10239815 8167134.8 4.6968158e-27 4.6812432e-27 1.6440879e-35
9.5062139e+08 5.277541e+18 5.5435242e+09 10229600 8158968.8 4.6827448e-27 4.6672344e-27 1.6358861e-35
9.5157341e+08 5.2828185e+18 5.5435242e+09 10219394 8150811 4.668716e-27 4.6532675e-27 1.6277253e-35
9.5252638e+08 5.2881013e+18 5.5435242e+09 10209199 8142661.4 4.6547293e-27 4.6393424e-27 1.6196051e-35
9.534803e+08 5.2933894e+18 5.5435241e+09 10199013 8134519.9 4.6407844e-27 4.6254589e-27 1.6115255e-35
9.5443518e+08 5.2986828e+18 5.5435241e+09 10188838 8126386.5 4.6268814e-27 4.611617e-27 1.6034862e-35
9.5539101e+08 5.3039815e+18 5.5435241e+09 10178674 8118261.3 4.61302e-27 4.5978165e-27 1.5954869e-35
9.563478e+08 5.3092855e+18 5.5435241e+09 10168519 8110144.3 4.5992001e-27 4.5840573e-27 1.5875276e-35
9.5730555e+08 5.3145948e+18 5.5435241e+09 10158374 8102035.3 4.5854217e-27 4.5703393e-27 1.5796081e-35
9.5826425e+08 5.3199094e+18 5.5435241e+09 10148239 8093934.5 4.5716845e-27 4.5566623e-27 1.571728e-35
9.5922391e+08 5.3252293e+18 5.5435241e+09 10138115 8085841.8 4.5579885e-27 4.5430262e-27 1.5638872e-35
9.6018453e+08 5.3305545e+18 5.5435241e+09 10128001 8077757.1 4.5443335e-27 4.529431e-27 1.5560856e-35
9.6114612e+08 5.3358851e+18 5.5435241e+09 10117896 8069680.6 4.5307195e-27 4.5158764e-27 1.5483229e-35
9.6210866e+08 5.3412209e+18 5.5435241e+09 10107802 8061612.1 4.5171462e-27 4.5023624e-27 1.5405989e-35
9.6307217e+08 5.3465622e+18 5.5435241e+09 10097718 8053551.7 4.5036136e-27 4.4888888e-27 1.5329134e-35
9.6403664e+08 5.3519087e+18 5.5435241e+09 10087644 8045499.4 4.4901216e-27 4.4754555e-27 1.5252663e-35
9.6500207e+08 5.3572606e+18 5.5435241e+09 10077580 8037455.2 4.47667e-27 4.4620624e-27 1.5176574e-35
9.6596847e+08 5.3626179e+18 5.5435241e+09 10067526 8029419 4.4632587e-27 4.4487094e-27 1.5100864e-35
9.6693584e+08 5.3679805e+18 5.5435241e+09 10057481 8021390.8 4.4498876e-27 4.4353963e-27 1.5025532e-35
9.6790417e+08 5.3733485e+18 5.5435241e+09 10047447 8013370.7 4.4365565e-27 4.4221231e-27 1.4950576e-35
9.6887347e+08 5.3787218e+18 5.5435241e+09 10037423 8005358.5 4.4232654e-27 4.4088896e-27 1.4875993e-35
9.6984374e+08 5.3841006e+18 5.5435241e+09 10027409 7997354.5 4.4100142e-27 4.3956957e-27 1.4801783e-35
9.7081499e+08 5.3894847e+18 5.5435241e+09 10017405 7989358.4 4.3968026e-27 4.3825412e-27 1.4727943e-35
9.717872e+08 5.3948741e+18 5.5435241e+09 10007411 7981370.3 4.3836306e-27 4.3694261e-27 1.4654472e-35
9.7276038e+08 5.400269e+18 5.5435241e+09 9997426.9 7973390.2 4.3704981e-27 4.3563503e-27 1.4581367e-35
9.7373454e+08 5.4056693e+18 5.543524e+09 9987452.7 7965418.1 4.3574049e-27 4.3433136e-27 1.4508627e-35
9.7470967e+08 5.411075e+18 5.543524e+09 9977488.4 7957454 4.344351e-27 4.3303159e-27 1.4436249e-35
9.7568578e+08 5.416486e+18 5.543524e+09 9967534.1 7949497.8 4.3313362e-27 4.317357e-27 1.4364233e-35
9.7666286e+08 5.4219025e+18 5.543524e+09 9957589.7 7941549.6 4.3183603e-27 4.304437e-27 1.4292576e-35
9.7764092e+08 5.4273244e+18 5.543524e+09 9947655.1 7933609.4 4.3054234e-27 4.2915556e-27 1.4221277e-35
9.7861996e+08 5.4327517e+18 5.543524e+09 9937730.5 7925677.1 4.2925252e-27 4.2787128e-27 1.4150334e-35
9.7959998e+08 5.4381845e+18 5.543524e+09 9927815.8 7917752.8 4.2796657e-27 4.2659084e-27 1.4079744e-35
9.8058098e+08 5.4436227e+18 5.543524e+09 9917910.9 7909836.3 4.2668447e-27 4.2531423e-27 1.4009506e-35
9.8156296e+08 5.4490663e+18 5.543524e+09 9908015.9 7901927.8 4.2540621e-27 4.2404144e-27 1.3939619e-35
9.8254592e+08 5.4545154e+18 5.543524e+09 9898130.8 7894027.2 4.2413178e-27 4.2277245e-27 1.3870081e-35
9.8352986e+08 5.4599699e+18 5.543524e+09 9888255.5 7886134.6 4.2286118e-27 4.2150727e-27 1.380089e-35
9.8451479e+08 5.4654299e+18 5.543524e+09 9878390.1 7878249.8 4.2159437e-27 4.2024587e-27 1.3732043e-35
9.855007e+08 5.4708953e+18 5.543524e+09 9868534.5 7870372.9 4.2033137e-27 4.1898824e-27 1.3663541e-35
9.864876e+08 5.4763662e+18 5.543524e+09 9858688.7 7862503.9 4.1907215e-27 4.1773438e-27 1.359538e-35
9.8747549e+08 5.4818425e+18 5.543524e+09 9848852.7 7854642.7 4.178167e-27 4.1648427e-27 1.3527559e-35
9.8846436e+08 5.4873244e+18 5.543524e+09 9839026.5 7846789.4 4.1656501e-27 4.152379e-27 1.3460077e-35
9.8945422e+08 5.4928117e+18 5.543524e+09 9829210.1 7838944 4.1531707e-27 4.1399526e-27 1.3392931e-35
9.9044507e+08 5.4983045e+18 5.543524e+09 9819403.5 7831106.5 4.1407288e-27 4.1275633e-27 1.332612e-35
9.9143692e+08 5.5038028e+18 5.543524e+09 9809606.7 7823276.7 4.1283241e-27 4.1152112e-27 1.3259642e-35
9.9242975e+08 5.5093066e+18 5.543524e+09 9799819.6 7815454.9 4.1159566e-27 4.102896e-27 1.3193497e-35
9.9342358e+08 5.5148159e+18 5.543524e+09 9790042.3 7807640.8 4.1036261e-27 4.0906176e-27 1.3127681e-35
9.944184e+08 5.5203308e+18 5.5435239e+09 9780274.7 7799834.5 4.0913326e-27 4.078376e-27 1.3062194e-35
9.9541422e+08 5.5258511e+18 5.5435239e+09 9770516.9 7792036.1 4.0790759e-27 4.066171e-27 1.2997033e-35
9.9641103e+08 5.5313769e+18 5.5435239e+09 9760768.7 7784245.5 4.066856e-27 4.0540026e-27 1.2932197e-35
9.9740884e+08 5.5369083e+18 5.5435239e+09 9751030.3 7776462.7 4.0546726e-27 4.0418705e-27 1.2867685e-35
9.9840764e+08 5.5424452e+18 5.5435239e+09 9741301.6 7768687.6 4.0425258e-27 4.0297748e-27 1.2803495e-35
9.9940745e+08 5.5479877e+18 5.5435239e+09 9731582.6 7760920.4 4.0304153e-27 4.0177152e-27 1.2739625e-35
1.0004083e+09 5.5535357e+18 5.5435239e+09 9721873.3 7753160.9 4.0183412e-27 4.0056917e-27 1.2676074e-35
1.0014101e+09 5.5590892e+18 5.5435239e+09 9712173.6 7745409.1 4.0063032e-27 3.9937042e-27 1.2612839e-35
1.0024129e+09 5.5646483e+18 5.5435239e+09 9702483.6 7737665.2 3.9943013e-27 3.9817526e-27 1.2549921e-35
1.0034167e+09 5.5702129e+18 5.5435239e+09 9692803.3 7729928.9 3.9823354e-27 3.9698367e-27 1.2487316e-35
1.0044215e+09 5.5757831e+18 5.5435239e+09 9683132.6 7722200.5 3.9704053e-27 3.9579565e-27 1.2425023e-35
1.0054273e+09 5.5813589e+18 5.5435239e+09 9673471.5 7714479.7 3.958511e-27 3.9461118e-27 1.2363041e-35
1.0064341e+09 5.5869403e+18 5.5435239e+09 9663820.1 7706766.7 3.9466522e-27 3.9343026e-27 1.2301369e-35
1.007442e+09 5.5925272e+18 5.5435239e+09 9654178.3 7699061.4 3.9348291e-27 3.9225287e-27 1.2240004e-35
1.0084508e+09 5.5981197e+18 5.5435239e+09 9644546.1 7691363.8 3.9230413e-27 3.9107901e-27 1.2178946e-35
1.0094607e+09 5.6037179e+18 5.5435239e+09 9634923.5 7683673.9 3.9112889e-27 3.8990865e-27 1.2118192e-35
1.0104715e+09 5.6093216e+18 5.5435239e+09 9625310.5 7675991.7 3.8995717e-27 3.887418e-27 1.2057741e-35
1.0114834e+09 5.6149309e+18 5.5435239e+09 9615707 7668317.2 3.8878896e-27 3.8757844e-27 1.1997591e-35
1.0124963e+09 5.6205458e+18 5.5435239e+09 9606113.2 7660650.4 3.8762425e-27 3.8641856e-27 1.1937742e-35
1.0135102e+09 5.6261664e+18 5.5435239e+09 9596528.9 7652991.2 3.8646303e-27 3.8526215e-27 1.1878191e-35
1.0145251e+09 5.6317926e+18 5.5435239e+09 9586954.1 7645339.7 3.8530529e-27 3.841092e-27 1.1818938e-35
1.015541e+09 5.6374243e+18 5.5435239e+09 9577388.9 7637695.9 3.8415102e-27 3.829597e-27 1.175998e-35
1.0165579e+09 5.6430618e+18 5.5435239e+09 9567833.2 7630059.7 3.8300021e-27 3.8181364e-27 1.1701316e-35
1.0175759e+09 5.6487048e+18 5.5435238e+09 9558287.1 7622431.1 3.8185284e-27 3.8067101e-27 1.1642945e-35
1.0185949e+09 5.6543535e+18 5.5435238e+09 9548750.4 7614810.2 3.8070891e-27 3.795318e-27 1.1584865e-35
1.0196149e+09 5.6600079e+18 5.5435238e+09 9539223.3 7607196.9 3.7956841e-27 3.78396e-27 1.1527075e-35
1.0206359e+09 5.6656679e+18 5.5435238e+09 9529705.6 7599591.2 3.7843133e-27 3.7726359e-27 1.1469574e-35
1.0216579e+09 5.6713336e+18 5.5435238e+09 9520197.4 7591993.2 3.7729766e-27 3.7613458e-27 1.1412359e-35
1.022681e+09 5.6770049e+18 5.5435238e+09 9510698.7 7584402.7 3.7616738e-27 3.7500894e-27 1.1355429e-35
1.023705e+09 5.6826819e+18 5.5435238e+09 9501209.5 7576819.9 3.7504049e-27 3.7388667e-27 1.1298784e-35
1.0247301e+09 5.6883646e+18 5.5435238e+09 9491729.7 7569244.6 3.7391697e-27 3.7276776e-27 1.1242421e-35
1.0257563e+09 5.6940529e+18 5.5435238e+09 9482259.4 7561676.9 3.7279682e-27 3.716522e-27 1.1186339e-35
1.0267834e+09 5.699747e+18 5.5435238e+09 9472798.5 7554116.8 3.7168003e-27 3.7053997e-27 1.1130538e-35
1.0278116e+09 5.7054467e+18 5.5435238e+09 9463347.1 7546564.2 3.7056658e-27 3.6943107e-27 1.1075014e-35
1.0288408e+09 5.7111522e+18 5.5435238e+09 9453905 7539019.2 3.6945647e-27 3.6832549e-27 1.1019768e-35
1.029871e+09 5.7168633e+18 5.5435238e+09 9444472.4 7531481.7 3.6834969e-27 3.6722322e-27 1.0964797e-35
1.0309023e+09 5.7225802e+18 5.5435238e+09 9435049.1 7523951.8 3.6724622e-27 3.6612425e-27 1.09101e-35
1.0319346e+09 5.7283028e+18 5.5435238e+09 9425635.3 7516429.4 3.6614606e-27 3.6502856e-27 1.0855677e-35
1.0329679e+09 5.7340311e+18 5.5435238e+09 9416230.8 7508914.6 3.650492e-27 3.6393616e-27 1.0801525e-35
1.0340023e+09 5.7397651e+18 5.5435238e+09 9406835.7 7501407.3 3.6395562e-27 3.6284702e-27 1.0747643e-35
1.0350377e+09 5.7455049e+18 5.5435238e+09 9397450 7493907.4 3.6286532e-27 3.6176114e-27 1.069403e-35
1.0360741e+09 5.7512504e+18 5.5435238e+09 9388073.6 7486415.1 3.6177828e-27 3.6067851e-27 1.0640684e-35
1.0371116e+09 5.7570016e+18 5.5435238e+09 9378706.6 7478930.3 3.606945e-27 3.5959912e-27 1.0587604e-35
1.0381501e+09 5.7627586e+18 5.5435238e+09 9369348.9 7471453 3.5961397e-27 3.5852296e-27 1.053479e-35
1.0391897e+09 5.7685214e+18 5.5435238e+09 9360000.5 7463983.1 3.5853668e-27 3.5745002e-27 1.0482239e-35
1.0402303e+09 5.7742899e+18 5.5435238e+09 9350661.5 7456520.7 3.5746261e-27 3.5638029e-27 1.042995e-35
1.0412719e+09 5.7800642e+18 5.5435237e+09 9341331.7 7449065.8 3.5639177e-27 3.5531376e-27 1.0377921e-35
1.0423146e+09 5.7858443e+18 5.5435237e+09 9332011.3 7441618.4 3.5532413e-27 3.5425043e-27 1.0326153e-35
1.0433583e+09 5.7916301e+18 5.5435237e+09 9322700.1 7434178.4 3.5425969e-27 3.5319027e-27 1.0274642e-35
1.044403e+09 5.7974218e+18 5.5435237e+09 9313398.2 7426745.8 3.5319844e-27 3.5213329e-27 1.0223389e-35
1.0454488e+09 5.8032192e+18 5.5435237e+09 9304105.6 7419320.7 3.5214037e-27 3.5107947e-27 1.0172392e-35
1.0464957e+09 5.8090224e+18 5.5435237e+09 9294822.2 7411903 3.5108547e-27 3.500288e-27 1.0121648e-35
1.0475436e+09 5.8148314e+18 5.5435237e+09 9285548.1 7404492.8 3.5003373e-27 3.4898128e-27 1.0071158e-35
1.0485925e+09 5.8206463e+18 5.5435237e+09 9276283.3 7397089.9 3.4898514e-27 3.4793689e-27 1.002092e-35
1.0496425e+09 5.8264669e+18 5.5435237e+09 9267027.6 7389694.5 3.4793969e-27 3.4689562e-27 9.9709326e-36
1.0506935e+09 5.8322934e+18 5.5435237e+09 9257781.2 7382306.4 3.4689738e-27 3.4585747e-27 9.9211945e-36
1.0517456e+09 5.8381257e+18 5.5435237e+09 9248544 7374925.8 3.4585819e-27 3.4482243e-27 9.8717045e-36
1.0527988e+09 5.8439638e+18 5.5435237e+09 9239316.1 7367552.5 3.4482211e-27 3.4379049e-27 9.8224614e-36
