# Mfl=0.007Msun, vmin=0.1c, vmax=0.4c, power-law-index=0.5
# time [s], rsh [cm], vsh [cm/s], Deltav_1 [cm/s], Deltav_2 [cm/s], rhofl_1 [g/cm3], rhofl_2 [g/cm3], int_rhosq_1dr [g^2/cm^5]
21082080 2.5263981e+17 5.9978e+09 2.9989e+09 5.9978e+09 9.188795e-23 2.2971988e-23 2.1077194e-30
21124202 2.5289245e+17 5.996305e+09 2.9959063e+09 5.9873233e+09 9.1567076e-23 2.2926089e-23 4.1715081e-30
21166377 2.5314534e+17 5.995312e+09 2.9934146e+09 5.9763805e+09 9.1247345e-23 2.2880238e-23 6.19315e-30
21208601 2.5339849e+17 5.9943213e+09 2.9909255e+09 5.9654651e+09 9.0928765e-23 2.2834443e-23 8.1730168e-30
21250874 2.5365189e+17 5.9933329e+09 2.9884391e+09 5.9545788e+09 9.0611327e-23 2.2788703e-23 1.0111818e-29
21293196 2.5390554e+17 5.992347e+09 2.9859554e+09 5.9437216e+09 9.0295027e-23 2.2743017e-23 1.2010252e-29
21335568 2.5415944e+17 5.9913635e+09 2.9834743e+09 5.9328934e+09 8.9979862e-23 2.2697385e-23 1.3869006e-29
21377989 2.544136e+17 5.9903823e+09 2.9809958e+09 5.9220939e+09 8.9665826e-23 2.2651808e-23 1.5688753e-29
21420459 2.5466802e+17 5.9894036e+09 2.9785201e+09 5.9113232e+09 8.9352916e-23 2.2606285e-23 1.7470158e-29
21462979 2.5492269e+17 5.9884273e+09 2.9760469e+09 5.9005811e+09 8.9041127e-23 2.2560817e-23 1.9213874e-29
21505548 2.5517761e+17 5.9874533e+09 2.9735764e+09 5.8898675e+09 8.8730456e-23 2.2515403e-23 2.0920542e-29
21548167 2.5543279e+17 5.9864818e+09 2.9711086e+09 5.8791823e+09 8.8420898e-23 2.2470045e-23 2.2590795e-29
21590835 2.5568822e+17 5.9855126e+09 2.9686433e+09 5.8685254e+09 8.8112449e-23 2.2424741e-23 2.4225252e-29
21633553 2.5594391e+17 5.9845457e+09 2.9661807e+09 5.8578966e+09 8.7805106e-23 2.2379493e-23 2.5824525e-29
21676320 2.5619985e+17 5.9835812e+09 2.9637207e+09 5.847296e+09 8.7498863e-23 2.23343e-23 2.7389214e-29
21719137 2.5645605e+17 5.9826191e+09 2.9612633e+09 5.8367233e+09 8.7193717e-23 2.2289162e-23 2.8919909e-29
21762004 2.5671251e+17 5.9816593e+09 2.9588086e+09 5.8261784e+09 8.6889665e-23 2.224408e-23 3.0417192e-29
21804921 2.5696922e+17 5.9807019e+09 2.9563564e+09 5.8156613e+09 8.6586701e-23 2.2199054e-23 3.1881633e-29
21847887 2.5722619e+17 5.9797467e+09 2.9539068e+09 5.8051719e+09 8.6284822e-23 2.2154083e-23 3.3313794e-29
21890904 2.5748342e+17 5.9787939e+09 2.9514597e+09 5.7947101e+09 8.5984024e-23 2.2109168e-23 3.4714228e-29
21933970 2.577409e+17 5.9778434e+09 2.9490153e+09 5.7842757e+09 8.5684303e-23 2.2064309e-23 3.6083478e-29
21977086 2.5799864e+17 5.9768952e+09 2.9465734e+09 5.7738686e+09 8.5385655e-23 2.2019506e-23 3.7422079e-29
22020252 2.5825664e+17 5.9759494e+09 2.9441341e+09 5.7634888e+09 8.5088076e-23 2.1974759e-23 3.8730555e-29
22063468 2.5851489e+17 5.9750058e+09 2.9416974e+09 5.7531362e+09 8.4791562e-23 2.1930068e-23 4.0009425e-29
22106734 2.5877341e+17 5.9740645e+09 2.9392632e+09 5.7428106e+09 8.449611e-23 2.1885434e-23 4.1259195e-29
22150050 2.5903218e+17 5.9731255e+09 2.9368316e+09 5.7325119e+09 8.4201714e-23 2.1840857e-23 4.2480367e-29
22193416 2.5929122e+17 5.9721887e+09 2.9344025e+09 5.7222401e+09 8.3908372e-23 2.1796336e-23 4.3673432e-29
22236833 2.5955051e+17 5.9712542e+09 2.9319759e+09 5.7119951e+09 8.3616079e-23 2.1751871e-23 4.4838873e-29
22280299 2.5981006e+17 5.970322e+09 2.9295519e+09 5.7017767e+09 8.3324833e-23 2.1707464e-23 4.5977167e-29
22323816 2.6006987e+17 5.9693921e+09 2.9271304e+09 5.6915849e+09 8.3034627e-23 2.1663113e-23 4.7088782e-29
22367383 2.6032994e+17 5.9684644e+09 2.9247114e+09 5.6814195e+09 8.274546e-23 2.161882e-23 4.8174176e-29
22411001 2.6059027e+17 5.9675389e+09 2.922295e+09 5.6712805e+09 8.2457327e-23 2.1574583e-23 4.9233804e-29
22454669 2.6085086e+17 5.9666157e+09 2.919881e+09 5.6611678e+09 8.2170224e-23 2.1530404e-23 5.0268109e-29
22498387 2.6111171e+17 5.9656947e+09 2.9174695e+09 5.6510812e+09 8.1884148e-23 2.1486282e-23 5.1277531e-29
22542156 2.6137282e+17 5.9647759e+09 2.9150606e+09 5.6410207e+09 8.1599095e-23 2.1442217e-23 5.2262499e-29
22585976 2.6163419e+17 5.9638593e+09 2.9126541e+09 5.6309862e+09 8.1315061e-23 2.139821e-23 5.3223438e-29
22629846 2.6189583e+17 5.962945e+09 2.9102501e+09 5.6209775e+09 8.1032042e-23 2.135426e-23 5.4160763e-29
22673766 2.6215772e+17 5.9620328e+09 2.9078486e+09 5.6109947e+09 8.0750034e-23 2.1310368e-23 5.5074885e-29
22717737 2.6241988e+17 5.9611229e+09 2.9054496e+09 5.6010376e+09 8.0469035e-23 2.1266534e-23 5.5966206e-29
22761759 2.626823e+17 5.9602151e+09 2.903053e+09 5.591106e+09 8.0189039e-23 2.1222758e-23 5.6835124e-29
22805832 2.6294498e+17 5.9593096e+09 2.9006589e+09 5.5812e+09 7.9910044e-23 2.117904e-23 5.7682027e-29
22849955 2.6320793e+17 5.9584062e+09 2.8982673e+09 5.5713194e+09 7.9632046e-23 2.1135379e-23 5.85073e-29
22894129 2.6347114e+17 5.957505e+09 2.8958781e+09 5.5614641e+09 7.9355041e-23 2.1091777e-23 5.931132e-29
22938355 2.6373461e+17 5.9566059e+09 2.8934913e+09 5.551634e+09 7.9079025e-23 2.1048233e-23 6.0094457e-29
22982631 2.6399834e+17 5.955709e+09 2.891107e+09 5.5418291e+09 7.8803995e-23 2.1004747e-23 6.0857077e-29
23026957 2.6426234e+17 5.9548143e+09 2.8887251e+09 5.5320493e+09 7.8529948e-23 2.096132e-23 6.1599539e-29
23071335 2.645266e+17 5.9539217e+09 2.8863457e+09 5.5222944e+09 7.8256879e-23 2.0917951e-23 6.2322196e-29
23115764 2.6479113e+17 5.9530312e+09 2.8839687e+09 5.5125644e+09 7.7984785e-23 2.087464e-23 6.3025394e-29
23160244 2.6505592e+17 5.9521429e+09 2.8815941e+09 5.5028591e+09 7.7713663e-23 2.0831389e-23 6.3709477e-29
23204776 2.6532098e+17 5.9512567e+09 2.8792219e+09 5.4931786e+09 7.7443508e-23 2.0788195e-23 6.4374779e-29
23249358 2.655863e+17 5.9503727e+09 2.8768521e+09 5.4835227e+09 7.7174318e-23 2.0745061e-23 6.5021631e-29
23293991 2.6585188e+17 5.9494907e+09 2.8744847e+09 5.4738912e+09 7.6906088e-23 2.0701985e-23 6.5650359e-29
23338676 2.6611773e+17 5.9486109e+09 2.8721197e+09 5.4642843e+09 7.6638816e-23 2.0658968e-23 6.6261282e-29
23383412 2.6638385e+17 5.9477332e+09 2.8697571e+09 5.4547016e+09 7.6372497e-23 2.0616011e-23 6.6854714e-29
23428200 2.6665024e+17 5.9468575e+09 2.8673969e+09 5.4451432e+09 7.6107129e-23 2.0573112e-23 6.7430966e-29
23473039 2.6691689e+17 5.945984e+09 2.8650391e+09 5.435609e+09 7.5842708e-23 2.0530272e-23 6.7990341e-29
23517929 2.671838e+17 5.9451126e+09 2.8626837e+09 5.4260989e+09 7.557923e-23 2.0487492e-23 6.853314e-29
23562871 2.6745099e+17 5.9442432e+09 2.8603306e+09 5.4166127e+09 7.5316691e-23 2.0444771e-23 6.9059655e-29
23607864 2.6771844e+17 5.9433759e+09 2.8579799e+09 5.4071505e+09 7.5055089e-23 2.0402109e-23 6.9570177e-29
23652909 2.6798616e+17 5.9425107e+09 2.8556315e+09 5.3977121e+09 7.479442e-23 2.0359506e-23 7.0064991e-29
23698005 2.6825414e+17 5.9416475e+09 2.8532855e+09 5.3882974e+09 7.4534681e-23 2.0316963e-23 7.0544378e-29
23743153 2.685224e+17 5.9407864e+09 2.8509419e+09 5.3789064e+09 7.4275868e-23 2.027448e-23 7.1008612e-29
23788353 2.6879092e+17 5.9399274e+09 2.8486006e+09 5.369539e+09 7.4017977e-23 2.0232056e-23 7.1457965e-29
23833605 2.6905971e+17 5.9390704e+09 2.8462616e+09 5.3601951e+09 7.3761006e-23 2.0189692e-23 7.1892703e-29
23878908 2.6932877e+17 5.9382154e+09 2.843925e+09 5.3508746e+09 7.3504951e-23 2.0147387e-23 7.231309e-29
23924263 2.695981e+17 5.9373625e+09 2.8415907e+09 5.3415774e+09 7.3249808e-23 2.0105143e-23 7.2719382e-29
23969670 2.698677e+17 5.9365116e+09 2.8392587e+09 5.3323034e+09 7.2995575e-23 2.0062958e-23 7.3111835e-29
24015129 2.7013756e+17 5.9356628e+09 2.8369291e+09 5.3230526e+09 7.2742248e-23 2.0020833e-23 7.3490697e-29
24060640 2.704077e+17 5.9348159e+09 2.8346017e+09 5.3138249e+09 7.2489823e-23 1.9978767e-23 7.3856215e-29
24106203 2.7067811e+17 5.9339711e+09 2.8322767e+09 5.3046202e+09 7.2238298e-23 1.9936762e-23 7.4208629e-29
24151818 2.7094879e+17 5.9331282e+09 2.829954e+09 5.2954384e+09 7.1987669e-23 1.9894817e-23 7.4548178e-29
24197485 2.7121974e+17 5.9322874e+09 2.8276336e+09 5.2862795e+09 7.1737932e-23 1.9852932e-23 7.4875095e-29
24243205 2.7149096e+17 5.9314486e+09 2.8253154e+09 5.2771433e+09 7.1489086e-23 1.9811108e-23 7.5189611e-29
24288976 2.7176245e+17 5.9306117e+09 2.8229996e+09 5.2680297e+09 7.1241125e-23 1.9769343e-23 7.5491951e-29
24334800 2.7203421e+17 5.9297769e+09 2.820686e+09 5.2589388e+09 7.0994047e-23 1.9727639e-23 7.5782337e-29
24380676 2.7230624e+17 5.928944e+09 2.8183748e+09 5.2498704e+09 7.0747849e-23 1.9685995e-23 7.606099e-29
24426604 2.7257855e+17 5.9281131e+09 2.8160658e+09 5.2408245e+09 7.0502528e-23 1.9644411e-23 7.6328123e-29
24472585 2.7285113e+17 5.9272842e+09 2.813759e+09 5.2318009e+09 7.025808e-23 1.9602888e-23 7.658395e-29
24518618 2.7312398e+17 5.9264572e+09 2.8114546e+09 5.2227996e+09 7.0014502e-23 1.9561426e-23 7.6828677e-29
24564703 2.733971e+17 5.9256322e+09 2.8091524e+09 5.2138205e+09 6.9771791e-23 1.9520023e-23 7.706251e-29
24610841 2.736705e+17 5.9248091e+09 2.8068524e+09 5.2048635e+09 6.9529944e-23 1.9478682e-23 7.7285651e-29
24657032 2.7394417e+17 5.923988e+09 2.8045547e+09 5.1959286e+09 6.9288957e-23 1.9437401e-23 7.7498297e-29
24703275 2.7421812e+17 5.9231688e+09 2.8022593e+09 5.1870156e+09 6.9048828e-23 1.9396181e-23 7.7700644e-29
24749571 2.7449233e+17 5.9223515e+09 2.7999661e+09 5.1781246e+09 6.8809554e-23 1.9355021e-23 7.7892884e-29
24795919 2.7476683e+17 5.9215362e+09 2.7976751e+09 5.1692554e+09 6.857113e-23 1.9313922e-23 7.8075204e-29
24842321 2.7504159e+17 5.9207228e+09 2.7953864e+09 5.1604079e+09 6.8333555e-23 1.9272884e-23 7.8247792e-29
24888775 2.7531663e+17 5.9199114e+09 2.7930999e+09 5.1515822e+09 6.8096825e-23 1.9231907e-23 7.8410828e-29
24935282 2.7559195e+17 5.9191018e+09 2.7908156e+09 5.142778e+09 6.7860936e-23 1.9190991e-23 7.8564493e-29
24981841 2.7586754e+17 5.9182941e+09 2.7885335e+09 5.1339953e+09 6.7625887e-23 1.9150135e-23 7.8708964e-29
25028454 2.7614341e+17 5.9174884e+09 2.7862537e+09 5.1252341e+09 6.7391673e-23 1.9109341e-23 7.8844414e-29
25075120 2.7641955e+17 5.9166845e+09 2.7839761e+09 5.1164943e+09 6.7158292e-23 1.9068607e-23 7.8971013e-29
25121838 2.7669597e+17 5.9158826e+09 2.7817006e+09 5.1077758e+09 6.6925741e-23 1.9027935e-23 7.9088931e-29
25168610 2.7697267e+17 5.9150825e+09 2.7794274e+09 5.0990785e+09 6.6694016e-23 1.8987323e-23 7.9198332e-29
25215435 2.7724964e+17 5.9142843e+09 2.7771564e+09 5.0904024e+09 6.6463115e-23 1.8946773e-23 7.9299379e-29
25262313 2.7752689e+17 5.913488e+09 2.7748875e+09 5.0817473e+09 6.6233035e-23 1.8906284e-23 7.9392231e-29
25309244 2.7780442e+17 5.9126936e+09 2.7726208e+09 5.0731133e+09 6.6003772e-23 1.8865856e-23 7.9477047e-29
25356228 2.7808222e+17 5.911901e+09 2.7703564e+09 5.0645002e+09 6.5775324e-23 1.8825489e-23 7.955398e-29
25403266 2.7836031e+17 5.9111103e+09 2.7680941e+09 5.055908e+09 6.5547688e-23 1.8785183e-23 7.9623184e-29
25450357 2.7863867e+17 5.9103215e+09 2.7658339e+09 5.0473366e+09 6.532086e-23 1.8744939e-23 7.9684807e-29
25497502 2.789173e+17 5.9095345e+09 2.763576e+09 5.038786e+09 6.5094838e-23 1.8704756e-23 7.9738998e-29
25544699 2.7919622e+17 5.9087493e+09 2.7613202e+09 5.030256e+09 6.4869619e-23 1.8664634e-23 7.97859e-29
25591951 2.7947542e+17 5.907966e+09 2.7590666e+09 5.0217465e+09 6.46452e-23 1.8624573e-23 7.9825656e-29
25639256 2.7975489e+17 5.9071845e+09 2.7568151e+09 5.0132576e+09 6.4421577e-23 1.8584574e-23 7.9858406e-29
25686614 2.8003465e+17 5.9064049e+09 2.7545658e+09 5.0047892e+09 6.4198749e-23 1.8544637e-23 7.9884289e-29
25734026 2.8031468e+17 5.905627e+09 2.7523186e+09 4.9963411e+09 6.3976712e-23 1.850476e-23 7.9903439e-29
25781492 2.80595e+17 5.904851e+09 2.7500735e+09 4.9879133e+09 6.3755463e-23 1.8464946e-23 7.991599e-29
25829011 2.8087559e+17 5.9040769e+09 2.7478306e+09 4.9795058e+09 6.3535e-23 1.8425192e-23 7.9922073e-29
25876584 2.8115647e+17 5.9033045e+09 2.7455899e+09 4.9711185e+09 6.3315319e-23 1.83855e-23 7.9921817e-29
25924211 2.8143762e+17 5.9025339e+09 2.7433512e+09 4.9627512e+09 6.3096418e-23 1.834587e-23 7.9915348e-29
25971892 2.8171906e+17 5.9017652e+09 2.7411147e+09 4.954404e+09 6.2878293e-23 1.8306301e-23 7.9902792e-29
26019627 2.8200078e+17 5.9009982e+09 2.7388803e+09 4.9460768e+09 6.2660943e-23 1.8266794e-23 7.9884271e-29
26067415 2.8228278e+17 5.900233e+09 2.7366481e+09 4.9377695e+09 6.2444364e-23 1.8227349e-23 7.9859906e-29
26115258 2.8256506e+17 5.8994696e+09 2.7344179e+09 4.929482e+09 6.2228553e-23 1.8187965e-23 7.9829815e-29
26163155 2.8284763e+17 5.898708e+09 2.7321899e+09 4.9212143e+09 6.2013508e-23 1.8148642e-23 7.9794115e-29
26211106 2.8313048e+17 5.8979482e+09 2.7299639e+09 4.9129663e+09 6.1799226e-23 1.8109381e-23 7.9752921e-29
26259111 2.8341361e+17 5.8971901e+09 2.7277401e+09 4.9047379e+09 6.1585703e-23 1.8070182e-23 7.9706346e-29
26307170 2.8369702e+17 5.8964338e+09 2.7255183e+09 4.8965291e+09 6.1372938e-23 1.8031045e-23 7.96545e-29
26355283 2.8398072e+17 5.8956793e+09 2.7232987e+09 4.8883398e+09 6.1160927e-23 1.7991969e-23 7.9597494e-29
26403451 2.842647e+17 5.8949266e+09 2.7210811e+09 4.88017e+09 6.0949668e-23 1.7952955e-23 7.9535433e-29
26451672 2.8454896e+17 5.8941755e+09 2.7188656e+09 4.8720195e+09 6.0739158e-23 1.7914003e-23 7.9468424e-29
26499949 2.8483351e+17 5.8934263e+09 2.7166522e+09 4.8638884e+09 6.0529394e-23 1.7875112e-23 7.9396571e-29
26548279 2.8511835e+17 5.8926787e+09 2.7144409e+09 4.8557765e+09 6.0320374e-23 1.7836284e-23 7.9319976e-29
26596665 2.8540346e+17 5.891933e+09 2.7122316e+09 4.8476838e+09 6.0112095e-23 1.7797517e-23 7.9238738e-29
26645104 2.8568887e+17 5.8911889e+09 2.7100244e+09 4.8396102e+09 5.9904554e-23 1.7758811e-23 7.9152958e-29
26693599 2.8597456e+17 5.8904466e+09 2.7078193e+09 4.8315556e+09 5.9697748e-23 1.7720168e-23 7.9062731e-29
26742147 2.8626053e+17 5.889706e+09 2.7056163e+09 4.8235201e+09 5.9491675e-23 1.7681586e-23 7.8968154e-29
26790751 2.8654679e+17 5.8889671e+09 2.7034152e+09 4.8155035e+09 5.9286332e-23 1.7643066e-23 7.886932e-29
26839409 2.8683334e+17 5.8882299e+09 2.7012163e+09 4.8075058e+09 5.9081716e-23 1.7604608e-23 7.8766321e-29
26888122 2.8712017e+17 5.8874945e+09 2.6990194e+09 4.7995268e+09 5.8877825e-23 1.7566212e-23 7.865925e-29
26936890 2.8740729e+17 5.8867607e+09 2.6968245e+09 4.7915666e+09 5.8674657e-23 1.7527878e-23 7.8548193e-29
26985713 2.876947e+17 5.8860287e+09 2.6946317e+09 4.7836251e+09 5.8472208e-23 1.7489605e-23 7.8433241e-29
27034590 2.8798239e+17 5.8852984e+09 2.6924409e+09 4.7757022e+09 5.8270476e-23 1.7451394e-23 7.8314478e-29
27083523 2.8827038e+17 5.8845697e+09 2.6902521e+09 4.7677979e+09 5.8069458e-23 1.7413245e-23 7.819199e-29
27132510 2.8855865e+17 5.8838427e+09 2.6880654e+09 4.7599121e+09 5.7869152e-23 1.7375158e-23 7.806586e-29
27181553 2.8884721e+17 5.8831175e+09 2.6858807e+09 4.7520447e+09 5.7669555e-23 1.7337133e-23 7.793617e-29
27230650 2.8913605e+17 5.8823939e+09 2.683698e+09 4.7441957e+09 5.7470664e-23 1.729917e-23 7.7803001e-29
27279803 2.8942519e+17 5.8816719e+09 2.6815173e+09 4.736365e+09 5.7272478e-23 1.7261268e-23 7.7666433e-29
27329011 2.8971461e+17 5.8809517e+09 2.6793386e+09 4.7285526e+09 5.7074992e-23 1.7223429e-23 7.7526542e-29
27378274 2.9000433e+17 5.8802331e+09 2.677162e+09 4.7207584e+09 5.6878206e-23 1.7185651e-23 7.7383407e-29
27427593 2.9029433e+17 5.8795161e+09 2.6749873e+09 4.7129823e+09 5.6682116e-23 1.7147935e-23 7.7237102e-29
27476967 2.9058463e+17 5.8788009e+09 2.6728147e+09 4.7052243e+09 5.648672e-23 1.7110281e-23 7.7087701e-29
27526396 2.9087521e+17 5.8780872e+09 2.670644e+09 4.6974843e+09 5.6292015e-23 1.7072689e-23 7.6935278e-29
27575881 2.9116609e+17 5.8773753e+09 2.6684754e+09 4.6897622e+09 5.6097999e-23 1.7035159e-23 7.6779904e-29
27625421 2.9145725e+17 5.8766649e+09 2.6663087e+09 4.6820581e+09 5.5904669e-23 1.699769e-23 7.6621649e-29
27675017 2.9174871e+17 5.8759562e+09 2.664144e+09 4.6743718e+09 5.5712023e-23 1.6960284e-23 7.6460583e-29
27724668 2.9204046e+17 5.8752492e+09 2.6619813e+09 4.6667033e+09 5.5520058e-23 1.6922939e-23 7.6296774e-29
27774375 2.923325e+17 5.8745438e+09 2.6598206e+09 4.6590526e+09 5.5328772e-23 1.6885656e-23 7.6130289e-29
27824137 2.9262483e+17 5.8738399e+09 2.6576618e+09 4.6514195e+09 5.5138162e-23 1.6848435e-23 7.5961193e-29
27873956 2.9291746e+17 5.8731378e+09 2.655505e+09 4.643804e+09 5.4948226e-23 1.6811276e-23 7.5789551e-29
27923830 2.9321037e+17 5.8724372e+09 2.6533502e+09 4.6362061e+09 5.4758962e-23 1.6774179e-23 7.5615428e-29
27973760 2.9350359e+17 5.8717383e+09 2.6511974e+09 4.6286257e+09 5.4570366e-23 1.6737143e-23 7.5438884e-29
28023746 2.9379709e+17 5.8710409e+09 2.6490465e+09 4.6210627e+09 5.4382437e-23 1.6700169e-23 7.5259982e-29
28073787 2.9409089e+17 5.8703452e+09 2.6468976e+09 4.6135171e+09 5.4195172e-23 1.6663258e-23 7.5078783e-29
28123885 2.9438498e+17 5.869651e+09 2.6447506e+09 4.6059889e+09 5.4008569e-23 1.6626408e-23 7.4895345e-29
28174039 2.9467936e+17 5.8689585e+09 2.6426055e+09 4.5984779e+09 5.3822625e-23 1.6589619e-23 7.4709727e-29
28224249 2.9497404e+17 5.8682675e+09 2.6404625e+09 4.5909841e+09 5.3637338e-23 1.6552893e-23 7.4521986e-29
28274514 2.9526901e+17 5.8675782e+09 2.6383213e+09 4.5835076e+09 5.3452706e-23 1.6516228e-23 7.4332178e-29
28324837 2.9556428e+17 5.8668904e+09 2.6361821e+09 4.5760481e+09 5.3268726e-23 1.6479625e-23 7.414036e-29
28375215 2.9585985e+17 5.8662042e+09 2.6340448e+09 4.5686057e+09 5.3085395e-23 1.6443084e-23 7.3946585e-29
28425650 2.9615571e+17 5.8655196e+09 2.6319095e+09 4.5611802e+09 5.2902713e-23 1.6406605e-23 7.3750907e-29
28476141 2.9645186e+17 5.8648365e+09 2.6297761e+09 4.5537718e+09 5.2720675e-23 1.6370187e-23 7.3553379e-29
28526688 2.9674832e+17 5.864155e+09 2.6276446e+09 4.5463802e+09 5.253928e-23 1.6333831e-23 7.3354052e-29
28577292 2.9704506e+17 5.8634751e+09 2.625515e+09 4.5390054e+09 5.2358525e-23 1.6297537e-23 7.3152977e-29
28627952 2.9734211e+17 5.8627967e+09 2.6233874e+09 4.5316475e+09 5.2178408e-23 1.6261305e-23 7.2950203e-29
28678669 2.9763945e+17 5.8621199e+09 2.6212616e+09 4.5243063e+09 5.1998928e-23 1.6225134e-23 7.2745781e-29
28729442 2.9793709e+17 5.8614446e+09 2.6191378e+09 4.5169817e+09 5.182008e-23 1.6189025e-23 7.2539758e-29
28780272 2.9823503e+17 5.8607709e+09 2.6170159e+09 4.5096738e+09 5.1641864e-23 1.6152977e-23 7.2332182e-29
28831159 2.9853326e+17 5.8600988e+09 2.6148959e+09 4.5023825e+09 5.1464277e-23 1.6116991e-23 7.2123099e-29
28882102 2.988318e+17 5.8594281e+09 2.6127778e+09 4.4951076e+09 5.1287316e-23 1.6081067e-23 7.1912554e-29
28933102 2.9913063e+17 5.858759e+09 2.6106615e+09 4.4878493e+09 5.111098e-23 1.6045205e-23 7.1700594e-29
28984159 2.9942976e+17 5.8580914e+09 2.6085472e+09 4.4806073e+09 5.0935266e-23 1.6009404e-23 7.1487261e-29
29035273 2.9972919e+17 5.8574254e+09 2.6064348e+09 4.4733817e+09 5.0760172e-23 1.5973664e-23 7.12726e-29
29086444 3.0002892e+17 5.8567609e+09 2.6043242e+09 4.4661725e+09 5.0585695e-23 1.5937986e-23 7.1056653e-29
29137672 3.0032895e+17 5.8560979e+09 2.6022155e+09 4.4589795e+09 5.0411833e-23 1.590237e-23 7.0839461e-29
29188956 3.0062928e+17 5.8554364e+09 2.6001087e+09 4.4518027e+09 5.0238585e-23 1.5866815e-23 7.0621067e-29
29240298 3.009299e+17 5.8547764e+09 2.5980038e+09 4.444642e+09 5.0065948e-23 1.5831322e-23 7.040151e-29
29291697 3.0123083e+17 5.8541179e+09 2.5959008e+09 4.4374975e+09 4.9893919e-23 1.579589e-23 7.0180829e-29
29343154 3.0153207e+17 5.8534609e+09 2.5937996e+09 4.430369e+09 4.9722497e-23 1.5760519e-23 6.9959065e-29
29394667 3.018336e+17 5.8528054e+09 2.5917003e+09 4.4232565e+09 4.9551679e-23 1.572521e-23 6.9736256e-29
29446238 3.0213543e+17 5.8521515e+09 2.5896029e+09 4.41616e+09 4.9381463e-23 1.5689963e-23 6.9512438e-29
29497866 3.0243757e+17 5.851499e+09 2.5875073e+09 4.4090794e+09 4.9211847e-23 1.5654776e-23 6.9287649e-29
29549551 3.0274e+17 5.850848e+09 2.5854135e+09 4.4020146e+09 4.9042829e-23 1.5619651e-23 6.9061926e-29
29601294 3.0304274e+17 5.8501984e+09 2.5833217e+09 4.3949657e+09 4.8874406e-23 1.5584588e-23 6.8835303e-29
29653095 3.0334579e+17 5.8495504e+09 2.5812316e+09 4.3879325e+09 4.8706577e-23 1.5549586e-23 6.8607816e-29
29704953 3.0364913e+17 5.8489038e+09 2.5791435e+09 4.380915e+09 4.8539339e-23 1.5514645e-23 6.83795e-29
29756868 3.0395278e+17 5.8482587e+09 2.5770571e+09 4.3739132e+09 4.837269e-23 1.5479765e-23 6.8150388e-29
29808842 3.0425673e+17 5.8476151e+09 2.5749726e+09 4.3669269e+09 4.8206628e-23 1.5444947e-23 6.7920513e-29
29860872 3.0456099e+17 5.8469729e+09 2.57289e+09 4.3599563e+09 4.8041151e-23 1.541019e-23 6.7689907e-29
29912961 3.0486555e+17 5.8463322e+09 2.5708091e+09 4.3530011e+09 4.7876257e-23 1.5375494e-23 6.7458604e-29
29965108 3.0517042e+17 5.8456929e+09 2.5687301e+09 4.3460614e+09 4.7711943e-23 1.5340859e-23 6.7226633e-29
30017312 3.0547559e+17 5.8450551e+09 2.566653e+09 4.3391372e+09 4.7548208e-23 1.5306285e-23 6.6994027e-29
30069574 3.0578106e+17 5.8444188e+09 2.5645776e+09 4.3322283e+09 4.738505e-23 1.5271772e-23 6.6760815e-29
30121894 3.0608684e+17 5.8437839e+09 2.5625041e+09 4.3253347e+09 4.7222466e-23 1.5237321e-23 6.6527026e-29
30174273 3.0639293e+17 5.8431504e+09 2.5604324e+09 4.3184564e+09 4.7060454e-23 1.520293e-23 6.6292691e-29
30226709 3.0669932e+17 5.8425184e+09 2.5583625e+09 4.3115933e+09 4.6899012e-23 1.5168601e-23 6.6057838e-29
30279203 3.0700602e+17 5.8418878e+09 2.5562944e+09 4.3047454e+09 4.6738139e-23 1.5134332e-23 6.5822494e-29
30331756 3.0731303e+17 5.8412586e+09 2.5542281e+09 4.2979126e+09 4.6577831e-23 1.5100125e-23 6.5586688e-29
30384366 3.0762034e+17 5.8406308e+09 2.5521637e+09 4.2910949e+09 4.6418088e-23 1.5065978e-23 6.5350447e-29
30437035 3.0792796e+17 5.8400045e+09 2.550101e+09 4.2842923e+09 4.6258907e-23 1.5031892e-23 6.5113797e-29
30489763 3.0823589e+17 5.8393796e+09 2.5480401e+09 4.2775046e+09 4.6100285e-23 1.4997868e-23 6.4876764e-29
30542549 3.0854413e+17 5.8387561e+09 2.5459811e+09 4.2707319e+09 4.5942222e-23 1.4963903e-23 6.4639373e-29
30595393 3.0885267e+17 5.838134e+09 2.5439238e+09 4.2639741e+09 4.5784715e-23 1.493e-23 6.4401651e-29
30648295 3.0916152e+17 5.8375134e+09 2.5418683e+09 4.2572311e+09 4.5627761e-23 1.4896158e-23 6.4163622e-29
30701256 3.0947069e+17 5.8368941e+09 2.5398146e+09 4.250503e+09 4.547136e-23 1.4862376e-23 6.3925309e-29
30754276 3.0978016e+17 5.8362762e+09 2.5377627e+09 4.2437896e+09 4.5315508e-23 1.4828655e-23 6.3686736e-29
30807355 3.1008994e+17 5.8356598e+09 2.5357125e+09 4.2370909e+09 4.5160205e-23 1.4794995e-23 6.3447928e-29
30860492 3.1040003e+17 5.8350447e+09 2.5336642e+09 4.2304069e+09 4.5005447e-23 1.4761395e-23 6.3208906e-29
30913688 3.1071043e+17 5.834431e+09 2.5316176e+09 4.2237375e+09 4.4851234e-23 1.4727856e-23 6.2969694e-29
30966942 3.1102114e+17 5.8338187e+09 2.5295728e+09 4.2170827e+09 4.4697563e-23 1.4694377e-23 6.2730312e-29
31020256 3.1133216e+17 5.8332078e+09 2.5275298e+09 4.2104425e+09 4.4544431e-23 1.4660959e-23 6.2490783e-29
31073628 3.1164349e+17 5.8325982e+09 2.5254885e+09 4.2038167e+09 4.4391838e-23 1.4627602e-23 6.2251128e-29
31127059 3.1195513e+17 5.8319901e+09 2.523449e+09 4.1972054e+09 4.4239781e-23 1.4594305e-23 6.2011368e-29
31180550 3.1226709e+17 5.8313833e+09 2.5214112e+09 4.1906085e+09 4.4088258e-23 1.4561068e-23 6.1771522e-29
31234099 3.1257936e+17 5.8307778e+09 2.5193752e+09 4.184026e+09 4.3937268e-23 1.4527892e-23 6.1531612e-29
31287708 3.1289194e+17 5.8301738e+09 2.517341e+09 4.1774578e+09 4.3786808e-23 1.4494776e-23 6.1291656e-29
31341375 3.1320483e+17 5.8295711e+09 2.5153085e+09 4.1709038e+09 4.3636876e-23 1.446172e-23 6.1051673e-29
31395102 3.1351803e+17 5.8289697e+09 2.5132777e+09 4.1643641e+09 4.3487472e-23 1.4428725e-23 6.0811683e-29
31448888 3.1383155e+17 5.8283698e+09 2.5112487e+09 4.1578386e+09 4.3338591e-23 1.4395789e-23 6.0571704e-29
31502734 3.1414538e+17 5.8277711e+09 2.5092215e+09 4.1513272e+09 4.3190234e-23 1.4362914e-23 6.0331755e-29
31556639 3.1445953e+17 5.8271738e+09 2.507196e+09 4.14483e+09 4.3042398e-23 1.43301e-23 6.0091851e-29
31610603 3.1477399e+17 5.8265779e+09 2.5051722e+09 4.1383467e+09 4.289508e-23 1.4297345e-23 5.9852012e-29
31664627 3.1508876e+17 5.8259833e+09 2.5031501e+09 4.1318775e+09 4.274828e-23 1.426465e-23 5.9612254e-29
31718710 3.1540385e+17 5.82539e+09 2.5011298e+09 4.1254223e+09 4.2601995e-23 1.4232016e-23 5.9372594e-29
31772853 3.1571925e+17 5.8247981e+09 2.4991112e+09 4.118981e+09 4.2456224e-23 1.4199441e-23 5.9133048e-29
31827056 3.1603497e+17 5.8242075e+09 2.4970944e+09 4.1125537e+09 4.2310964e-23 1.4166926e-23 5.8893632e-29
31881318 3.1635101e+17 5.8236182e+09 2.4950793e+09 4.1061401e+09 4.2166214e-23 1.4134471e-23 5.8654363e-29
31935640 3.1666736e+17 5.8230302e+09 2.4930658e+09 4.0997404e+09 4.2021972e-23 1.4102076e-23 5.8415254e-29
31990022 3.1698403e+17 5.8224436e+09 2.4910541e+09 4.0933544e+09 4.1878236e-23 1.4069741e-23 5.8176322e-29
32044464 3.1730101e+17 5.8218583e+09 2.4890441e+09 4.0869822e+09 4.1735004e-23 1.4037466e-23 5.7937581e-29
32098966 3.1761831e+17 5.8212743e+09 2.4870359e+09 4.0806236e+09 4.1592274e-23 1.400525e-23 5.7699046e-29
32153527 3.1793593e+17 5.8206916e+09 2.4850293e+09 4.0742787e+09 4.1450046e-23 1.3973094e-23 5.746073e-29
32208149 3.1825386e+17 5.8201102e+09 2.4830245e+09 4.0679474e+09 4.1308316e-23 1.3940998e-23 5.7222648e-29
32262831 3.1857212e+17 5.8195301e+09 2.4810213e+09 4.0616297e+09 4.1167083e-23 1.3908961e-23 5.6984813e-29
32317573 3.1889069e+17 5.8189513e+09 2.4790198e+09 4.0553254e+09 4.1026345e-23 1.3876984e-23 5.6747239e-29
32372375 3.1920958e+17 5.8183738e+09 2.4770201e+09 4.0490347e+09 4.0886101e-23 1.3845067e-23 5.6509938e-29
32427237 3.1952879e+17 5.8177976e+09 2.475022e+09 4.0427574e+09 4.0746349e-23 1.3813208e-23 5.6272924e-29
32482160 3.1984832e+17 5.8172227e+09 2.4730257e+09 4.0364935e+09 4.0607086e-23 1.378141e-23 5.6036208e-29
32537143 3.2016817e+17 5.8166491e+09 2.471031e+09 4.0302429e+09 4.0468312e-23 1.374967e-23 5.5799803e-29
32592186 3.2048834e+17 5.8160768e+09 2.469038e+09 4.0240057e+09 4.0330024e-23 1.371799e-23 5.5563721e-29
32647290 3.2080882e+17 5.8155057e+09 2.4670467e+09 4.0177818e+09 4.0192221e-23 1.3686369e-23 5.5327974e-29
32702454 3.2112963e+17 5.814936e+09 2.4650571e+09 4.0115711e+09 4.00549e-23 1.3654808e-23 5.5092572e-29
32757679 3.2145076e+17 5.8143675e+09 2.4630691e+09 4.0053736e+09 3.9918061e-23 1.3623305e-23 5.4857528e-29
32812965 3.2177221e+17 5.8138002e+09 2.4610828e+09 3.9991893e+09 3.9781701e-23 1.3591862e-23 5.4622852e-29
32868311 3.2209399e+17 5.8132343e+09 2.4590982e+09 3.9930181e+09 3.9645819e-23 1.3560478e-23 5.4388554e-29
32923718 3.2241608e+17 5.8126696e+09 2.4571153e+09 3.98686e+09 3.9510413e-23 1.3529153e-23 5.4154646e-29
32979186 3.227385e+17 5.8121061e+09 2.4551341e+09 3.9807149e+09 3.9375481e-23 1.3497887e-23 5.3921137e-29
33034715 3.2306123e+17 5.811544e+09 2.4531545e+09 3.9745829e+09 3.9241022e-23 1.346668e-23 5.3688038e-29
33090304 3.233843e+17 5.810983e+09 2.4511765e+09 3.9684638e+09 3.9107033e-23 1.3435531e-23 5.3455357e-29
33145955 3.2370768e+17 5.8104234e+09 2.4492003e+09 3.9623576e+09 3.8973514e-23 1.3404442e-23 5.3223106e-29
33201666 3.2403139e+17 5.8098649e+09 2.4472257e+09 3.9562644e+09 3.8840462e-23 1.3373411e-23 5.2991293e-29
33257439 3.2435542e+17 5.8093078e+09 2.4452527e+09 3.950184e+09 3.8707876e-23 1.3342439e-23 5.2759927e-29
33313273 3.2467977e+17 5.8087518e+09 2.4432814e+09 3.9441164e+09 3.8575754e-23 1.3311526e-23 5.2529017e-29
33369168 3.2500445e+17 5.8081971e+09 2.4413118e+09 3.9380616e+09 3.8444095e-23 1.3280672e-23 5.2298571e-29
33425124 3.2532946e+17 5.8076437e+09 2.4393438e+09 3.9320196e+09 3.8312896e-23 1.3249876e-23 5.2068599e-29
33481141 3.2565479e+17 5.8070914e+09 2.4373774e+09 3.9259902e+09 3.8182157e-23 1.3219138e-23 5.1839109e-29
33537220 3.2598044e+17 5.8065404e+09 2.4354127e+09 3.9199735e+09 3.8051875e-23 1.3188459e-23 5.1610108e-29
33593360 3.2630642e+17 5.8059907e+09 2.4334496e+09 3.9139695e+09 3.7922049e-23 1.3157839e-23 5.1381605e-29
33649562 3.2663273e+17 5.8054421e+09 2.4314882e+09 3.9079781e+09 3.7792677e-23 1.3127277e-23 5.1153607e-29
33705825 3.2695936e+17 5.8048948e+09 2.4295284e+09 3.9019992e+09 3.7663758e-23 1.3096773e-23 5.0926122e-29
33762150 3.2728632e+17 5.8043487e+09 2.4275702e+09 3.8960328e+09 3.753529e-23 1.3066327e-23 5.0699157e-29
33818536 3.2761361e+17 5.8038038e+09 2.4256137e+09 3.8900789e+09 3.7407271e-23 1.303594e-23 5.0472719e-29
33874984 3.2794122e+17 5.8032601e+09 2.4236588e+09 3.8841375e+09 3.72797e-23 1.3005611e-23 5.0246815e-29
33931494 3.2826916e+17 5.8027176e+09 2.4217055e+09 3.8782085e+09 3.7152575e-23 1.297534e-23 5.0021453e-29
33988066 3.2859743e+17 5.8021764e+09 2.4197538e+09 3.8722919e+09 3.7025894e-23 1.2945127e-23 4.9796638e-29
34044699 3.2892603e+17 5.8016363e+09 2.4178038e+09 3.8663876e+09 3.6899656e-23 1.2914972e-23 4.9572377e-29
34101395 3.2925496e+17 5.8010974e+09 2.4158554e+09 3.8604956e+09 3.677386e-23 1.2884875e-23 4.9348676e-29
34158152 3.2958421e+17 5.8005598e+09 2.4139085e+09 3.8546159e+09 3.6648503e-23 1.2854836e-23 4.9125542e-29
34214971 3.2991379e+17 5.8000233e+09 2.4119634e+09 3.8487484e+09 3.6523585e-23 1.2824855e-23 4.890298e-29
34271853 3.3024371e+17 5.799488e+09 2.4100198e+09 3.8428931e+09 3.6399103e-23 1.2794931e-23 4.8680997e-29
34328796 3.3057395e+17 5.7989539e+09 2.4080778e+09 3.83705e+09 3.6275056e-23 1.2765066e-23 4.8459598e-29
34385802 3.3090453e+17 5.798421e+09 2.4061374e+09 3.831219e+09 3.6151443e-23 1.2735258e-23 4.8238787e-29
34442870 3.3123543e+17 5.7978893e+09 2.4041987e+09 3.8254001e+09 3.6028262e-23 1.2705507e-23 4.8018572e-29
34500001 3.3156667e+17 5.7973587e+09 2.4022615e+09 3.8195933e+09 3.5905511e-23 1.2675814e-23 4.7798957e-29
34557193 3.3189823e+17 5.7968293e+09 2.4003259e+09 3.8137985e+09 3.5783188e-23 1.2646179e-23 4.7579946e-29
34614448 3.3223013e+17 5.7963011e+09 2.398392e+09 3.8080157e+09 3.5661293e-23 1.2616601e-23 4.7361545e-29
34671766 3.3256236e+17 5.7957741e+09 2.3964596e+09 3.8022448e+09 3.5539824e-23 1.2587081e-23 4.7143759e-29
34729146 3.3289492e+17 5.7952482e+09 2.3945288e+09 3.7964859e+09 3.5418779e-23 1.2557618e-23 4.6926592e-29
34786589 3.3322782e+17 5.7947235e+09 2.3925996e+09 3.7907388e+09 3.5298157e-23 1.2528212e-23 4.6710049e-29
34844094 3.3356105e+17 5.7942e+09 2.390672e+09 3.7850036e+09 3.5177956e-23 1.2498863e-23 4.6494134e-29
34901662 3.3389461e+17 5.7936776e+09 2.388746e+09 3.7792802e+09 3.5058174e-23 1.2469572e-23 4.6278852e-29
34959293 3.342285e+17 5.7931564e+09 2.3868215e+09 3.7735686e+09 3.4938811e-23 1.2440338e-23 4.6064205e-29
35016987 3.3456273e+17 5.7926363e+09 2.3848986e+09 3.7678688e+09 3.4819865e-23 1.2411161e-23 4.5850199e-29
35074744 3.3489729e+17 5.7921174e+09 2.3829774e+09 3.7621807e+09 3.4701333e-23 1.238204e-23 4.5636837e-29
35132563 3.3523219e+17 5.7915996e+09 2.3810576e+09 3.7565042e+09 3.4583215e-23 1.2352977e-23 4.5424123e-29
35190446 3.3556742e+17 5.791083e+09 2.3791395e+09 3.7508394e+09 3.446551e-23 1.2323971e-23 4.5212061e-29
35248391 3.3590299e+17 5.7905675e+09 2.3772229e+09 3.7451863e+09 3.4348215e-23 1.2295021e-23 4.5000653e-29
35306400 3.3623889e+17 5.7900531e+09 2.3753079e+09 3.7395447e+09 3.423133e-23 1.2266128e-23 4.4789904e-29
35364472 3.3657513e+17 5.7895399e+09 2.3733945e+09 3.7339147e+09 3.4114852e-23 1.2237292e-23 4.4579817e-29
35422607 3.3691171e+17 5.7890278e+09 2.3714826e+09 3.7282961e+09 3.399878e-23 1.2208512e-23 4.4370394e-29
35480805 3.3724862e+17 5.7885169e+09 2.3695723e+09 3.7226891e+09 3.3883114e-23 1.217979e-23 4.4161639e-29
35539067 3.3758587e+17 5.788007e+09 2.3676636e+09 3.7170935e+09 3.3767851e-23 1.2151123e-23 4.3953554e-29
35597392 3.3792345e+17 5.7874983e+09 2.3657564e+09 3.7115094e+09 3.365299e-23 1.2122513e-23 4.3746143e-29
35655780 3.3826138e+17 5.7869908e+09 2.3638507e+09 3.7059366e+09 3.3538529e-23 1.209396e-23 4.3539408e-29
35714232 3.3859964e+17 5.7864843e+09 2.3619467e+09 3.7003752e+09 3.3424468e-23 1.2065462e-23 4.3333352e-29
35772748 3.3893824e+17 5.785979e+09 2.3600441e+09 3.6948251e+09 3.3310804e-23 1.2037022e-23 4.3127977e-29
35831327 3.3927718e+17 5.7854747e+09 2.3581431e+09 3.6892864e+09 3.3197536e-23 1.2008637e-23 4.2923286e-29
35889970 3.3961645e+17 5.7849716e+09 2.3562437e+09 3.6837588e+09 3.3084664e-23 1.1980308e-23 4.2719281e-29
35948677 3.3995607e+17 5.7844696e+09 2.3543458e+09 3.6782425e+09 3.2972184e-23 1.1952036e-23 4.2515964e-29
36007447 3.4029603e+17 5.7839687e+09 2.3524494e+09 3.6727374e+09 3.2860097e-23 1.1923819e-23 4.2313337e-29
36066281 3.4063632e+17 5.7834689e+09 2.3505546e+09 3.6672435e+09 3.27484e-23 1.1895659e-23 4.2111402e-29
36125180 3.4097696e+17 5.7829702e+09 2.3486613e+09 3.6617607e+09 3.2637093e-23 1.1867554e-23 4.1910162e-29
36184142 3.4131794e+17 5.7824726e+09 2.3467696e+09 3.656289e+09 3.2526173e-23 1.1839506e-23 4.1709618e-29
36243168 3.4165925e+17 5.781976e+09 2.3448794e+09 3.6508284e+09 3.241564e-23 1.1811513e-23 4.1509771e-29
36302259 3.4200091e+17 5.7814806e+09 2.3429907e+09 3.6453788e+09 3.2305492e-23 1.1783575e-23 4.1310624e-29
36361413 3.4234291e+17 5.7809863e+09 2.3411035e+09 3.6399403e+09 3.2195728e-23 1.1755694e-23 4.1112178e-29
36420632 3.4268526e+17 5.780493e+09 2.3392179e+09 3.6345127e+09 3.2086346e-23 1.1727868e-23 4.0914435e-29
36479915 3.4302794e+17 5.7800009e+09 2.3373338e+09 3.629096e+09 3.1977344e-23 1.1700097e-23 4.0717395e-29
36539262 3.4337097e+17 5.7795098e+09 2.3354512e+09 3.6236903e+09 3.1868723e-23 1.1672382e-23 4.0521061e-29
36598674 3.4371434e+17 5.7790198e+09 2.3335702e+09 3.6182955e+09 3.1760479e-23 1.1644723e-23 4.0325433e-29
36658150 3.4405805e+17 5.7785309e+09 2.3316906e+09 3.6129115e+09 3.1652613e-23 1.1617119e-23 4.0130513e-29
36717691 3.4440211e+17 5.778043e+09 2.3298126e+09 3.6075384e+09 3.1545122e-23 1.158957e-23 3.9936302e-29
36777297 3.4474651e+17 5.7775562e+09 2.3279361e+09 3.602176e+09 3.1438005e-23 1.1562076e-23 3.97428e-29
36836966 3.4509126e+17 5.7770705e+09 2.3260611e+09 3.5968245e+09 3.1331261e-23 1.1534637e-23 3.955001e-29
36896701 3.4543635e+17 5.7765859e+09 2.3241876e+09 3.5914836e+09 3.1224889e-23 1.1507254e-23 3.9357931e-29
36956501 3.4578179e+17 5.7761023e+09 2.3223156e+09 3.5861535e+09 3.1118886e-23 1.1479925e-23 3.9166564e-29
37016365 3.4612757e+17 5.7756197e+09 2.3204451e+09 3.580834e+09 3.1013253e-23 1.1452652e-23 3.8975911e-29
37076294 3.464737e+17 5.7751383e+09 2.3185761e+09 3.5755252e+09 3.0907987e-23 1.1425433e-23 3.8785972e-29
37136288 3.4682017e+17 5.7746579e+09 2.3167086e+09 3.570227e+09 3.0803088e-23 1.1398269e-23 3.8596747e-29
37196347 3.4716699e+17 5.7741785e+09 2.3148426e+09 3.5649395e+09 3.0698553e-23 1.137116e-23 3.8408238e-29
37256471 3.4751416e+17 5.7737002e+09 2.3129782e+09 3.5596624e+09 3.0594382e-23 1.1344106e-23 3.8220443e-29
37316660 3.4786167e+17 5.7732229e+09 2.3111152e+09 3.5543959e+09 3.0490573e-23 1.1317106e-23 3.8033365e-29
37376914 3.4820954e+17 5.7727467e+09 2.3092537e+09 3.5491399e+09 3.0387125e-23 1.1290161e-23 3.7847003e-29
37437234 3.4855774e+17 5.7722715e+09 2.3073937e+09 3.5438944e+09 3.0284037e-23 1.126327e-23 3.7661358e-29
37497619 3.489063e+17 5.7717974e+09 2.3055351e+09 3.5386593e+09 3.0181308e-23 1.1236433e-23 3.747643e-29
37558069 3.4925521e+17 5.7713243e+09 2.3036781e+09 3.5334346e+09 3.0078935e-23 1.1209652e-23 3.7292218e-29
37618585 3.4960446e+17 5.7708522e+09 2.3018226e+09 3.5282203e+09 2.9976919e-23 1.1182924e-23 3.7108724e-29
37679166 3.4995407e+17 5.7703812e+09 2.2999685e+09 3.5230164e+09 2.9875257e-23 1.115625e-23 3.6925947e-29
37739812 3.5030402e+17 5.7699112e+09 2.2981159e+09 3.5178228e+09 2.9773948e-23 1.1129631e-23 3.6743887e-29
37800524 3.5065433e+17 5.7694422e+09 2.2962648e+09 3.5126395e+09 2.9672992e-23 1.1103066e-23 3.6562544e-29
37861302 3.5100498e+17 5.7689743e+09 2.2944152e+09 3.5074665e+09 2.9572386e-23 1.1076555e-23 3.6381919e-29
37922146 3.5135599e+17 5.7685073e+09 2.292567e+09 3.5023037e+09 2.947213e-23 1.1050098e-23 3.620201e-29
37983055 3.5170734e+17 5.7680414e+09 2.2907203e+09 3.4971512e+09 2.9372223e-23 1.1023694e-23 3.6022818e-29
38044030 3.5205905e+17 5.7675765e+09 2.2888751e+09 3.4920088e+09 2.9272662e-23 1.0997345e-23 3.5844343e-29
38105071 3.5241111e+17 5.7671127e+09 2.2870314e+09 3.4868766e+09 2.9173448e-23 1.0971049e-23 3.5666583e-29
38166178 3.5276352e+17 5.7666498e+09 2.2851891e+09 3.4817545e+09 2.9074578e-23 1.0944807e-23 3.548954e-29
38227352 3.5311628e+17 5.766188e+09 2.2833483e+09 3.4766426e+09 2.8976051e-23 1.0918618e-23 3.5313212e-29
38288591 3.534694e+17 5.7657271e+09 2.2815089e+09 3.4715407e+09 2.8877867e-23 1.0892484e-23 3.5137599e-29
38349896 3.5382287e+17 5.7652673e+09 2.2796711e+09 3.4664488e+09 2.8780023e-23 1.0866402e-23 3.49627e-29
38411267 3.5417669e+17 5.7648084e+09 2.2778346e+09 3.461367e+09 2.868252e-23 1.0840374e-23 3.4788515e-29
38472705 3.5453087e+17 5.7643506e+09 2.2759997e+09 3.4562952e+09 2.8585354e-23 1.08144e-23 3.4615044e-29
38534209 3.548854e+17 5.7638937e+09 2.2741661e+09 3.4512334e+09 2.8488527e-23 1.0788478e-23 3.4442286e-29
38595780 3.5524028e+17 5.7634379e+09 2.2723341e+09 3.4461815e+09 2.8392035e-23 1.076261e-23 3.4270239e-29
38657416 3.5559552e+17 5.7629831e+09 2.2705035e+09 3.4411395e+09 2.8295878e-23 1.0736795e-23 3.4098904e-29
38719120 3.5595112e+17 5.7625292e+09 2.2686743e+09 3.4361074e+09 2.8200055e-23 1.0711033e-23 3.392828e-29
38780890 3.5630707e+17 5.7620763e+09 2.2668466e+09 3.4310851e+09 2.8104565e-23 1.0685324e-23 3.3758366e-29
38842726 3.5666338e+17 5.7616244e+09 2.2650203e+09 3.4260727e+09 2.8009405e-23 1.0659668e-23 3.3589161e-29
38904630 3.5702004e+17 5.7611735e+09 2.2631955e+09 3.4210701e+09 2.7914577e-23 1.0634065e-23 3.3420664e-29
38966600 3.5737706e+17 5.7607236e+09 2.2613721e+09 3.4160773e+09 2.7820077e-23 1.0608515e-23 3.3252874e-29
39028636 3.5773444e+17 5.7602747e+09 2.2595502e+09 3.4110943e+09 2.7725904e-23 1.0583017e-23 3.3085791e-29
39090740 3.5809217e+17 5.7598267e+09 2.2577296e+09 3.406121e+09 2.7632059e-23 1.0557572e-23 3.2919413e-29
39152911 3.5845027e+17 5.7593797e+09 2.2559106e+09 3.4011573e+09 2.7538539e-23 1.053218e-23 3.275374e-29
39215148 3.5880872e+17 5.7589337e+09 2.2540929e+09 3.3962034e+09 2.7445344e-23 1.050684e-23 3.258877e-29
39277453 3.5916752e+17 5.7584886e+09 2.2522767e+09 3.3912591e+09 2.7352471e-23 1.0481552e-23 3.2424503e-29
39339825 3.5952669e+17 5.7580445e+09 2.250462e+09 3.3863244e+09 2.7259921e-23 1.0456317e-23 3.2260937e-29
39402264 3.5988622e+17 5.7576014e+09 2.2486486e+09 3.3813994e+09 2.7167691e-23 1.0431135e-23 3.2098071e-29
39464770 3.602461e+17 5.7571593e+09 2.2468367e+09 3.3764839e+09 2.7075782e-23 1.0406004e-23 3.1935904e-29
39527344 3.6060635e+17 5.7567181e+09 2.2450262e+09 3.3715779e+09 2.6984191e-23 1.0380926e-23 3.1774435e-29
39589985 3.6096696e+17 5.7562778e+09 2.2432171e+09 3.3666815e+09 2.6892917e-23 1.03559e-23 3.1613663e-29
39652693 3.6132792e+17 5.7558386e+09 2.2414095e+09 3.3617946e+09 2.680196e-23 1.0330925e-23 3.1453586e-29
39715469 3.6168925e+17 5.7554002e+09 2.2396032e+09 3.3569171e+09 2.6711318e-23 1.0306003e-23 3.1294203e-29
39778313 3.6205094e+17 5.7549628e+09 2.2377984e+09 3.3520491e+09 2.662099e-23 1.0281133e-23 3.1135513e-29
39841224 3.6241299e+17 5.7545264e+09 2.235995e+09 3.3471905e+09 2.6530975e-23 1.0256314e-23 3.0977514e-29
39904202 3.6277541e+17 5.7540909e+09 2.2341931e+09 3.3423413e+09 2.6441272e-23 1.0231547e-23 3.0820206e-29
39967249 3.6313818e+17 5.7536564e+09 2.2323925e+09 3.3375015e+09 2.635188e-23 1.0206832e-23 3.0663586e-29
40030363 3.6350132e+17 5.7532228e+09 2.2305933e+09 3.332671e+09 2.6262797e-23 1.0182169e-23 3.0507653e-29
40093546 3.6386482e+17 5.7527901e+09 2.2287956e+09 3.3278499e+09 2.6174023e-23 1.0157557e-23 3.0352407e-29
40156796 3.6422869e+17 5.7523584e+09 2.2269992e+09 3.323038e+09 2.6085556e-23 1.0132996e-23 3.0197845e-29
40220114 3.6459291e+17 5.7519276e+09 2.2252043e+09 3.3182354e+09 2.5997396e-23 1.0108487e-23 3.0043966e-29
40283500 3.6495751e+17 5.7514978e+09 2.2234108e+09 3.3134421e+09 2.5909541e-23 1.0084029e-23 2.9890768e-29
40346954 3.6532246e+17 5.7510689e+09 2.2216186e+09 3.308658e+09 2.582199e-23 1.0059622e-23 2.9738251e-29
40410477 3.6568779e+17 5.7506409e+09 2.2198279e+09 3.3038831e+09 2.5734743e-23 1.0035267e-23 2.9586412e-29
40474068 3.6605347e+17 5.7502138e+09 2.2180386e+09 3.2991173e+09 2.5647797e-23 1.0010962e-23 2.9435249e-29
40537727 3.6641953e+17 5.7497877e+09 2.2162506e+09 3.2943607e+09 2.5561153e-23 9.9867091e-24 2.9284762e-29
40601454 3.6678595e+17 5.7493624e+09 2.2144641e+09 3.2896133e+09 2.5474808e-23 9.9625067e-24 2.9134949e-29
40665250 3.6715273e+17 5.7489381e+09 2.2126789e+09 3.2848749e+09 2.5388762e-23 9.9383552e-24 2.8985808e-29
40729115 3.6751989e+17 5.7485148e+09 2.2108952e+09 3.2801456e+09 2.5303014e-23 9.9142546e-24 2.8837337e-29
40793048 3.6788741e+17 5.7480923e+09 2.2091128e+09 3.2754254e+09 2.5217562e-23 9.8902046e-24 2.8689535e-29
40857049 3.6825529e+17 5.7476707e+09 2.2073318e+09 3.2707142e+09 2.5132407e-23 9.8662053e-24 2.8542399e-29
40921120 3.6862355e+17 5.7472501e+09 2.2055522e+09 3.266012e+09 2.5047546e-23 9.8422567e-24 2.839593e-29
40985259 3.6899217e+17 5.7468304e+09 2.203774e+09 3.2613188e+09 2.4962978e-23 9.8183585e-24 2.8250124e-29
41049467 3.6936116e+17 5.7464115e+09 2.2019972e+09 3.2566345e+09 2.4878703e-23 9.7945108e-24 2.810498e-29
41113744 3.6973053e+17 5.7459936e+09 2.2002218e+09 3.2519592e+09 2.4794719e-23 9.7707135e-24 2.7960496e-29
41178089 3.7010026e+17 5.7455766e+09 2.1984477e+09 3.2472928e+09 2.4711026e-23 9.7469664e-24 2.781667e-29
41242504 3.7047036e+17 5.7451605e+09 2.196675e+09 3.2426352e+09 2.4627623e-23 9.7232696e-24 2.7673501e-29
41306988 3.7084083e+17 5.7447453e+09 2.1949037e+09 3.2379866e+09 2.4544507e-23 9.699623e-24 2.7530987e-29
41371541 3.7121167e+17 5.7443309e+09 2.1931338e+09 3.2333468e+09 2.4461679e-23 9.6760265e-24 2.7389126e-29
41436163 3.7158288e+17 5.7439175e+09 2.1913652e+09 3.2287158e+09 2.4379138e-23 9.6524799e-24 2.7247917e-29
41500855 3.7195446e+17 5.743505e+09 2.189598e+09 3.2240936e+09 2.4296882e-23 9.6289833e-24 2.7107356e-29
41565616 3.7232642e+17 5.7430933e+09 2.1878322e+09 3.2194802e+09 2.421491e-23 9.6055366e-24 2.6967443e-29
41630446 3.7269874e+17 5.7426826e+09 2.1860677e+09 3.2148755e+09 2.4133221e-23 9.5821397e-24 2.6828176e-29
41695346 3.7307144e+17 5.7422727e+09 2.1843046e+09 3.2102795e+09 2.4051815e-23 9.5587925e-24 2.6689553e-29
41760315 3.7344451e+17 5.7418637e+09 2.1825429e+09 3.2056923e+09 2.397069e-23 9.5354949e-24 2.6551571e-29
41825354 3.7381796e+17 5.7414556e+09 2.1807825e+09 3.2011137e+09 2.3889845e-23 9.5122469e-24 2.641423e-29
41890463 3.7419178e+17 5.7410484e+09 2.1790235e+09 3.1965438e+09 2.380928e-23 9.4890485e-24 2.6277526e-29
41955641 3.7456597e+17 5.740642e+09 2.1772659e+09 3.1919826e+09 2.3728993e-23 9.4658994e-24 2.6141459e-29
42020889 3.7494053e+17 5.7402365e+09 2.1755096e+09 3.1874299e+09 2.3648983e-23 9.4427997e-24 2.6006026e-29
42086207 3.7531547e+17 5.7398319e+09 2.1737547e+09 3.1828858e+09 2.3569249e-23 9.4197493e-24 2.5871225e-29
42151595 3.7569079e+17 5.7394282e+09 2.1720011e+09 3.1783504e+09 2.3489792e-23 9.3967481e-24 2.5737055e-29
42217053 3.7606648e+17 5.7390253e+09 2.1702489e+09 3.1738234e+09 2.3410608e-23 9.3737961e-24 2.5603512e-29
42282581 3.7644255e+17 5.7386233e+09 2.168498e+09 3.169305e+09 2.3331698e-23 9.3508931e-24 2.5470597e-29
42348179 3.7681899e+17 5.7382222e+09 2.1667485e+09 3.1647951e+09 2.325306e-23 9.3280391e-24 2.5338305e-29
42413847 3.7719581e+17 5.7378219e+09 2.1650003e+09 3.1602937e+09 2.3174694e-23 9.305234e-24 2.5206637e-29
42479586 3.77573e+17 5.7374225e+09 2.1632535e+09 3.1558007e+09 2.3096598e-23 9.2824777e-24 2.5075588e-29
42545394 3.7795058e+17 5.737024e+09 2.161508e+09 3.1513162e+09 2.3018772e-23 9.2597702e-24 2.4945158e-29
42611274 3.7832853e+17 5.7366263e+09 2.1597639e+09 3.14684e+09 2.2941215e-23 9.2371114e-24 2.4815345e-29
42677223 3.7870686e+17 5.7362294e+09 2.1580211e+09 3.1423723e+09 2.2863925e-23 9.2145013e-24 2.4686145e-29
42743243 3.7908556e+17 5.7358334e+09 2.1562796e+09 3.137913e+09 2.2786902e-23 9.1919396e-24 2.4557558e-29
42809334 3.7946465e+17 5.7354383e+09 2.1545395e+09 3.133462e+09 2.2710144e-23 9.1694265e-24 2.4429582e-29
42875496 3.7984411e+17 5.735044e+09 2.1528007e+09 3.1290193e+09 2.2633652e-23 9.1469617e-24 2.4302213e-29
42941728 3.8022396e+17 5.7346506e+09 2.1510633e+09 3.1245849e+09 2.2557423e-23 9.1245453e-24 2.4175451e-29
43008031 3.8060418e+17 5.734258e+09 2.1493271e+09 3.1201589e+09 2.2481458e-23 9.1021771e-24 2.4049293e-29
43074404 3.8098479e+17 5.7338662e+09 2.1475924e+09 3.1157411e+09 2.2405754e-23 9.0798571e-24 2.3923738e-29
43140849 3.8136577e+17 5.7334753e+09 2.1458589e+09 3.1113315e+09 2.2330312e-23 9.0575852e-24 2.3798782e-29
43207365 3.8174714e+17 5.7330852e+09 2.1441268e+09 3.1069302e+09 2.2255129e-23 9.0353614e-24 2.3674424e-29
43273951 3.8212888e+17 5.732696e+09 2.142396e+09 3.102537e+09 2.2180206e-23 9.0131855e-24 2.3550662e-29
43340609 3.8251101e+17 5.7323076e+09 2.1406666e+09 3.0981521e+09 2.2105542e-23 8.9910574e-24 2.3427494e-29
43407338 3.8289352e+17 5.73192e+09 2.1389384e+09 3.0937753e+09 2.2031134e-23 8.9689772e-24 2.3304917e-29
43474138 3.8327642e+17 5.7315333e+09 2.1372116e+09 3.0894067e+09 2.1956983e-23 8.9469447e-24 2.318293e-29
43541010 3.8365969e+17 5.7311474e+09 2.1354861e+09 3.0850461e+09 2.1883088e-23 8.9249599e-24 2.3061531e-29
43607953 3.8404335e+17 5.7307623e+09 2.1337619e+09 3.0806937e+09 2.1809448e-23 8.9030226e-24 2.2940717e-29
43674967 3.844274e+17 5.7303781e+09 2.1320391e+09 3.0763494e+09 2.1736061e-23 8.8811329e-24 2.2820486e-29
43742053 3.8481182e+17 5.7299946e+09 2.1303175e+09 3.0720131e+09 2.1662928e-23 8.8592906e-24 2.2700837e-29
43809210 3.8519664e+17 5.729612e+09 2.1285973e+09 3.0676848e+09 2.1590046e-23 8.8374956e-24 2.2581767e-29
43876440 3.8558183e+17 5.7292302e+09 2.1268784e+09 3.0633646e+09 2.1517415e-23 8.815748e-24 2.2463273e-29
43943740 3.8596741e+17 5.7288492e+09 2.1251608e+09 3.0590523e+09 2.1445035e-23 8.7940475e-24 2.2345355e-29
44011113 3.8635338e+17 5.7284691e+09 2.1234445e+09 3.0547481e+09 2.1372904e-23 8.7723942e-24 2.2228009e-29
44078557 3.8673973e+17 5.7280897e+09 2.1217296e+09 3.0504518e+09 2.1301021e-23 8.750788e-24 2.2111234e-29
44146074 3.8712647e+17 5.7277112e+09 2.1200159e+09 3.0461634e+09 2.1229386e-23 8.7292287e-24 2.1995028e-29
44213662 3.875136e+17 5.7273335e+09 2.1183035e+09 3.0418829e+09 2.1157998e-23 8.7077164e-24 2.1879387e-29
44281322 3.8790111e+17 5.7269566e+09 2.1165925e+09 3.0376104e+09 2.1086856e-23 8.6862509e-24 2.1764311e-29
44349055 3.8828902e+17 5.7265805e+09 2.1148827e+09 3.0333457e+09 2.1015958e-23 8.6648321e-24 2.1649798e-29
44416860 3.886773e+17 5.7262052e+09 2.1131743e+09 3.0290889e+09 2.0945305e-23 8.6434601e-24 2.1535844e-29
44484737 3.8906598e+17 5.7258307e+09 2.1114671e+09 3.0248399e+09 2.0874895e-23 8.6221347e-24 2.1422448e-29
44552686 3.8945505e+17 5.725457e+09 2.1097613e+09 3.0205987e+09 2.0804727e-23 8.6008558e-24 2.1309608e-29
44620707 3.898445e+17 5.7250841e+09 2.1080567e+09 3.0163653e+09 2.0734801e-23 8.5796233e-24 2.1197321e-29
44688802 3.9023435e+17 5.724712e+09 2.1063535e+09 3.0121397e+09 2.0665116e-23 8.5584373e-24 2.1085586e-29
44756968 3.9062458e+17 5.7243407e+09 2.1046515e+09 3.0079219e+09 2.059567e-23 8.5372976e-24 2.09744e-29
44825207 3.9101521e+17 5.7239701e+09 2.1029509e+09 3.0037118e+09 2.0526464e-23 8.5162041e-24 2.0863761e-29
44893519 3.9140622e+17 5.7236004e+09 2.1012515e+09 2.9995094e+09 2.0457495e-23 8.4951568e-24 2.0753668e-29
44961904 3.9179763e+17 5.7232315e+09 2.0995534e+09 2.9953147e+09 2.0388764e-23 8.4741556e-24 2.0644117e-29
45030361 3.9218943e+17 5.7228633e+09 2.0978566e+09 2.9911277e+09 2.0320269e-23 8.4532004e-24 2.0535107e-29
45098892 3.9258161e+17 5.722496e+09 2.0961611e+09 2.9869484e+09 2.025201e-23 8.4322912e-24 2.0426636e-29
45167495 3.929742e+17 5.7221294e+09 2.0944669e+09 2.9827767e+09 2.0183986e-23 8.4114278e-24 2.0318701e-29
45236171 3.9336717e+17 5.7217636e+09 2.092774e+09 2.9786126e+09 2.0116196e-23 8.3906102e-24 2.0211301e-29
45304920 3.9376054e+17 5.7213986e+09 2.0910823e+09 2.9744561e+09 2.0048638e-23 8.3698384e-24 2.0104433e-29
45373743 3.941543e+17 5.7210343e+09 2.0893919e+09 2.9703072e+09 1.9981314e-23 8.3491121e-24 1.9998095e-29
45442638 3.9454845e+17 5.7206709e+09 2.0877029e+09 2.9661659e+09 1.991422e-23 8.3284315e-24 1.9892285e-29
45511607 3.94943e+17 5.7203082e+09 2.0860151e+09 2.9620321e+09 1.9847357e-23 8.3077963e-24 1.9787001e-29
45580650 3.9533794e+17 5.7199463e+09 2.0843285e+09 2.9579059e+09 1.9780725e-23 8.2872066e-24 1.9682241e-29
45649765 3.9573328e+17 5.7195851e+09 2.0826433e+09 2.9537872e+09 1.9714321e-23 8.2666622e-24 1.9578002e-29
45718954 3.9612902e+17 5.7192248e+09 2.0809593e+09 2.9496759e+09 1.9648145e-23 8.2461631e-24 1.9474283e-29
45788217 3.9652514e+17 5.7188652e+09 2.0792766e+09 2.9455721e+09 1.9582197e-23 8.2257092e-24 1.9371082e-29
45857553 3.9692167e+17 5.7185063e+09 2.0775952e+09 2.9414758e+09 1.9516476e-23 8.2053004e-24 1.9268395e-29
45926964 3.9731859e+17 5.7181483e+09 2.075915e+09 2.937387e+09 1.945098e-23 8.1849367e-24 1.9166222e-29
45996447 3.9771591e+17 5.717791e+09 2.0742361e+09 2.9333055e+09 1.938571e-23 8.1646179e-24 1.9064559e-29
46066005 3.9811363e+17 5.7174344e+09 2.0725585e+09 2.9292314e+09 1.9320664e-23 8.1443441e-24 1.8963406e-29
46135636 3.9851174e+17 5.7170786e+09 2.0708821e+09 2.9251648e+09 1.9255841e-23 8.124115e-24 1.8862759e-29
46205342 3.9891025e+17 5.7167236e+09 2.0692071e+09 2.9211054e+09 1.9191241e-23 8.1039307e-24 1.8762617e-29
46275121 3.9930916e+17 5.7163693e+09 2.0675332e+09 2.9170535e+09 1.9126863e-23 8.0837911e-24 1.8662977e-29
46344975 3.9970847e+17 5.7160158e+09 2.0658607e+09 2.9130088e+09 1.9062706e-23 8.0636961e-24 1.8563838e-29
46414903 4.0010818e+17 5.715663e+09 2.0641894e+09 2.9089715e+09 1.8998769e-23 8.0436456e-24 1.8465198e-29
46484905 4.0050829e+17 5.715311e+09 2.0625193e+09 2.9049414e+09 1.8935052e-23 8.0236395e-24 1.8367053e-29
46554981 4.009088e+17 5.7149597e+09 2.0608506e+09 2.9009186e+09 1.8871553e-23 8.0036779e-24 1.8269403e-29
46625132 4.013097e+17 5.7146092e+09 2.059183e+09 2.8969031e+09 1.8808273e-23 7.9837605e-24 1.8172245e-29
46695357 4.0171101e+17 5.7142594e+09 2.0575168e+09 2.8928948e+09 1.874521e-23 7.9638874e-24 1.8075576e-29
46765657 4.0211272e+17 5.7139104e+09 2.0558518e+09 2.8888938e+09 1.8682363e-23 7.9440584e-24 1.7979396e-29
46836031 4.0251484e+17 5.7135621e+09 2.054188e+09 2.8848999e+09 1.8619732e-23 7.9242735e-24 1.7883701e-29
46906480 4.0291735e+17 5.7132145e+09 2.0525255e+09 2.8809132e+09 1.8557316e-23 7.9045326e-24 1.778849e-29
46977004 4.0332027e+17 5.7128677e+09 2.0508643e+09 2.8769337e+09 1.8495114e-23 7.8848356e-24 1.7693761e-29
47047603 4.0372359e+17 5.7125216e+09 2.0492043e+09 2.8729613e+09 1.8433126e-23 7.8651825e-24 1.7599512e-29
47118276 4.0412731e+17 5.7121763e+09 2.0475455e+09 2.8689961e+09 1.837135e-23 7.8455731e-24 1.7505739e-29
47189025 4.0453144e+17 5.7118317e+09 2.045888e+09 2.865038e+09 1.8309786e-23 7.8260075e-24 1.7412443e-29
47259848 4.0493597e+17 5.7114878e+09 2.0442317e+09 2.8610869e+09 1.8248434e-23 7.8064855e-24 1.7319619e-29
47330747 4.0534091e+17 5.7111447e+09 2.0425767e+09 2.857143e+09 1.8187292e-23 7.787007e-24 1.7227267e-29
47401720 4.0574625e+17 5.7108022e+09 2.0409229e+09 2.8532061e+09 1.812636e-23 7.767572e-24 1.7135385e-29
47472769 4.06152e+17 5.7104605e+09 2.0392704e+09 2.8492763e+09 1.8065636e-23 7.7481805e-24 1.7043969e-29
47543893 4.0655815e+17 5.7101196e+09 2.0376191e+09 2.8453535e+09 1.8005121e-23 7.7288322e-24 1.6953019e-29
47615093 4.0696471e+17 5.7097793e+09 2.0359691e+09 2.8414376e+09 1.7944814e-23 7.7095273e-24 1.6862531e-29
47686368 4.0737167e+17 5.7094398e+09 2.0343202e+09 2.8375288e+09 1.7884713e-23 7.6902655e-24 1.6772505e-29
47757718 4.0777904e+17 5.709101e+09 2.0326727e+09 2.833627e+09 1.7824818e-23 7.6710468e-24 1.6682938e-29
47829145 4.0818682e+17 5.7087629e+09 2.0310263e+09 2.8297321e+09 1.7765129e-23 7.6518711e-24 1.6593828e-29
47900646 4.0859501e+17 5.7084255e+09 2.0293812e+09 2.8258442e+09 1.7705644e-23 7.6327384e-24 1.6505173e-29
47972224 4.090036e+17 5.7080889e+09 2.0277373e+09 2.8219632e+09 1.7646363e-23 7.6136486e-24 1.641697e-29
48043877 4.0941261e+17 5.7077529e+09 2.0260947e+09 2.8180891e+09 1.7587285e-23 7.5946016e-24 1.6329219e-29
48115606 4.0982202e+17 5.7074177e+09 2.0244533e+09 2.8142219e+09 1.752841e-23 7.5755974e-24 1.6241917e-29
48187412 4.1023184e+17 5.7070832e+09 2.0228131e+09 2.8103615e+09 1.7469736e-23 7.5566358e-24 1.6155062e-29
48259293 4.1064207e+17 5.7067494e+09 2.0211741e+09 2.8065081e+09 1.7411264e-23 7.5377168e-24 1.6068651e-29
48331250 4.1105271e+17 5.7064163e+09 2.0195364e+09 2.8026614e+09 1.7352992e-23 7.5188403e-24 1.5982684e-29
48403283 4.1146377e+17 5.7060839e+09 2.0178999e+09 2.7988216e+09 1.7294919e-23 7.5000062e-24 1.5897157e-29
48475393 4.1187523e+17 5.7057522e+09 2.0162646e+09 2.7949886e+09 1.7237046e-23 7.4812146e-24 1.581207e-29
48547579 4.1228711e+17 5.7054212e+09 2.0146306e+09 2.7911624e+09 1.717937e-23 7.4624652e-24 1.5727419e-29
48619841 4.1269939e+17 5.7050909e+09 2.0129977e+09 2.787343e+09 1.7121893e-23 7.443758e-24 1.5643203e-29
48692180 4.1311209e+17 5.7047613e+09 2.0113661e+09 2.7835303e+09 1.7064612e-23 7.425093e-24 1.5559421e-29
48764596 4.1352521e+17 5.7044324e+09 2.0097357e+09 2.7797244e+09 1.7007527e-23 7.40647e-24 1.5476069e-29
48837087 4.1393873e+17 5.7041042e+09 2.0081065e+09 2.7759252e+09 1.6950637e-23 7.387889e-24 1.5393147e-29
48909656 4.1435267e+17 5.7037767e+09 2.0064786e+09 2.7721327e+09 1.6893943e-23 7.36935e-24 1.5310652e-29
48982301 4.1476702e+17 5.7034499e+09 2.0048518e+09 2.7683469e+09 1.6837442e-23 7.3508528e-24 1.5228582e-29
49055024 4.1518179e+17 5.7031238e+09 2.0032263e+09 2.7645678e+09 1.6781135e-23 7.3323974e-24 1.5146935e-29
49127823 4.1559697e+17 5.7027983e+09 2.001602e+09 2.7607954e+09 1.6725021e-23 7.3139837e-24 1.506571e-29
49200698 4.1601257e+17 5.7024736e+09 1.9999789e+09 2.7570296e+09 1.6669098e-23 7.2956116e-24 1.4984904e-29
49273652 4.1642858e+17 5.7021495e+09 1.998357e+09 2.7532704e+09 1.6613368e-23 7.277281e-24 1.4904515e-29
49346682 4.1684501e+17 5.7018262e+09 1.9967363e+09 2.7495179e+09 1.6557827e-23 7.258992e-24 1.4824542e-29
49419789 4.1726185e+17 5.7015035e+09 1.9951168e+09 2.7457719e+09 1.6502477e-23 7.2407443e-24 1.4744982e-29
49492973 4.1767912e+17 5.7011814e+09 1.9934985e+09 2.7420326e+09 1.6447316e-23 7.222538e-24 1.4665835e-29
49566235 4.1809679e+17 5.7008601e+09 1.9918815e+09 2.7382998e+09 1.6392344e-23 7.2043729e-24 1.4587097e-29
49639575 4.1851489e+17 5.7005395e+09 1.9902656e+09 2.7345735e+09 1.633756e-23 7.186249e-24 1.4508767e-29
49712991 4.1893341e+17 5.7002195e+09 1.9886509e+09 2.7308538e+09 1.6282963e-23 7.1681662e-24 1.4430843e-29
49786485 4.1935234e+17 5.6999002e+09 1.9870375e+09 2.7271406e+09 1.6228553e-23 7.1501245e-24 1.4353323e-29
49860057 4.1977169e+17 5.6995816e+09 1.9854252e+09 2.7234339e+09 1.617433e-23 7.1321237e-24 1.4276205e-29
49933707 4.2019146e+17 5.6992636e+09 1.9838142e+09 2.7197338e+09 1.6120291e-23 7.1141638e-24 1.4199487e-29
50007434 4.2061166e+17 5.6989463e+09 1.9822043e+09 2.71604e+09 1.6066437e-23 7.0962448e-24 1.4123168e-29
50081239 4.2103227e+17 5.6986297e+09 1.9805956e+09 2.7123528e+09 1.6012768e-23 7.0783664e-24 1.4047246e-29
50155122 4.214533e+17 5.6983138e+09 1.9789882e+09 2.708672e+09 1.5959282e-23 7.0605288e-24 1.3971718e-29
50229084 4.2187475e+17 5.6979985e+09 1.9773819e+09 2.7049976e+09 1.5905978e-23 7.0427317e-24 1.3896584e-29
50303123 4.2229663e+17 5.6976839e+09 1.9757768e+09 2.7013297e+09 1.5852857e-23 7.0249752e-24 1.382184e-29
50377240 4.2271892e+17 5.6973699e+09 1.974173e+09 2.6976681e+09 1.5799918e-23 7.0072591e-24 1.3747486e-29
50451435 4.2314164e+17 5.6970566e+09 1.9725703e+09 2.6940129e+09 1.5747159e-23 6.9895833e-24 1.3673519e-29
50525709 4.2356478e+17 5.696744e+09 1.9709688e+09 2.6903641e+09 1.5694581e-23 6.9719479e-24 1.3599937e-29
50600061 4.2398835e+17 5.696432e+09 1.9693685e+09 2.6867216e+09 1.5642182e-23 6.9543527e-24 1.3526739e-29
50674492 4.2441234e+17 5.6961207e+09 1.9677693e+09 2.6830855e+09 1.5589963e-23 6.9367977e-24 1.3453923e-29
50749001 4.2483675e+17 5.6958101e+09 1.9661714e+09 2.6794557e+09 1.5537921e-23 6.9192828e-24 1.3381487e-29
50823588 4.2526159e+17 5.6955001e+09 1.9645746e+09 2.6758323e+09 1.5486058e-23 6.9018078e-24 1.330943e-29
50898255 4.2568685e+17 5.6951907e+09 1.9629791e+09 2.6722151e+09 1.5434372e-23 6.8843728e-24 1.3237748e-29
50972999 4.2611254e+17 5.694882e+09 1.9613847e+09 2.6686042e+09 1.5382862e-23 6.8669777e-24 1.3166442e-29
51047823 4.2653865e+17 5.694574e+09 1.9597915e+09 2.6649995e+09 1.5331528e-23 6.8496224e-24 1.3095508e-29
51122726 4.2696519e+17 5.6942666e+09 1.9581995e+09 2.6614011e+09 1.5280369e-23 6.8323068e-24 1.3024946e-29
51197707 4.2739215e+17 5.6939598e+09 1.9566086e+09 2.657809e+09 1.5229385e-23 6.8150308e-24 1.2954753e-29
51272768 4.2781954e+17 5.6936537e+09 1.955019e+09 2.654223e+09 1.5178576e-23 6.7977944e-24 1.2884927e-29
51347908 4.2824736e+17 5.6933483e+09 1.9534305e+09 2.6506433e+09 1.5127939e-23 6.7805975e-24 1.2815467e-29
51423127 4.2867561e+17 5.6930434e+09 1.9518432e+09 2.6470698e+09 1.5077476e-23 6.76344e-24 1.2746371e-29
51498425 4.2910429e+17 5.6927393e+09 1.9502571e+09 2.6435024e+09 1.5027184e-23 6.7463219e-24 1.2677638e-29
51573802 4.2953339e+17 5.6924357e+09 1.9486721e+09 2.6399412e+09 1.4977065e-23 6.7292431e-24 1.2609265e-29
51649259 4.2996292e+17 5.6921328e+09 1.9470883e+09 2.6363861e+09 1.4927116e-23 6.7122034e-24 1.2541251e-29
51724796 4.3039289e+17 5.6918306e+09 1.9455057e+09 2.6328372e+09 1.4877338e-23 6.695203e-24 1.2473594e-29
51800411 4.3082328e+17 5.6915289e+09 1.9439243e+09 2.6292944e+09 1.482773e-23 6.6782415e-24 1.2406292e-29
51876107 4.312541e+17 5.6912279e+09 1.942344e+09 2.6257577e+09 1.4778291e-23 6.6613191e-24 1.2339344e-29
51951882 4.3168536e+17 5.6909276e+09 1.9407649e+09 2.6222271e+09 1.472902e-23 6.6444356e-24 1.2272747e-29
52027737 4.3211704e+17 5.6906278e+09 1.939187e+09 2.6187026e+09 1.4679918e-23 6.627591e-24 1.2206501e-29
52103672 4.3254916e+17 5.6903287e+09 1.9376102e+09 2.6151842e+09 1.4630983e-23 6.6107851e-24 1.2140604e-29
52179687 4.3298171e+17 5.6900303e+09 1.9360346e+09 2.6116718e+09 1.4582215e-23 6.5940179e-24 1.2075053e-29
52255782 4.3341469e+17 5.6897324e+09 1.9344602e+09 2.6081654e+09 1.4533614e-23 6.5772894e-24 1.2009847e-29
52331957 4.338481e+17 5.6894352e+09 1.9328869e+09 2.604665e+09 1.4485178e-23 6.5605994e-24 1.1944985e-29
52408212 4.3428195e+17 5.6891386e+09 1.9313148e+09 2.6011707e+09 1.4436907e-23 6.5439479e-24 1.1880465e-29
52484547 4.3471624e+17 5.6888426e+09 1.9297439e+09 2.5976823e+09 1.4388801e-23 6.5273348e-24 1.1816284e-29
52560962 4.3515095e+17 5.6885473e+09 1.9281741e+09 2.5942e+09 1.4340859e-23 6.5107601e-24 1.1752442e-29
52637458 4.355861e+17 5.6882525e+09 1.9266055e+09 2.5907236e+09 1.429308e-23 6.4942236e-24 1.1688937e-29
52714035 4.3602169e+17 5.6879584e+09 1.925038e+09 2.5872531e+09 1.4245464e-23 6.4777254e-24 1.1625767e-29
52790692 4.3645771e+17 5.6876649e+09 1.9234717e+09 2.5837886e+09 1.4198011e-23 6.4612653e-24 1.156293e-29
52867429 4.3689417e+17 5.687372e+09 1.9219065e+09 2.58033e+09 1.4150719e-23 6.4448432e-24 1.1500426e-29
52944248 4.3733106e+17 5.6870798e+09 1.9203425e+09 2.5768773e+09 1.4103588e-23 6.4284591e-24 1.1438251e-29
53021147 4.3776839e+17 5.6867881e+09 1.9187797e+09 2.5734305e+09 1.4056618e-23 6.4121129e-24 1.1376405e-29
53098127 4.3820616e+17 5.6864971e+09 1.917218e+09 2.5699896e+09 1.4009808e-23 6.3958046e-24 1.1314886e-29
53175188 4.3864437e+17 5.6862066e+09 1.9156575e+09 2.5665546e+09 1.3963157e-23 6.3795341e-24 1.1253692e-29
53252329 4.3908301e+17 5.6859168e+09 1.9140981e+09 2.5631254e+09 1.3916666e-23 6.3633012e-24 1.1192822e-29
53329552 4.3952209e+17 5.6856276e+09 1.9125398e+09 2.5597021e+09 1.3870332e-23 6.347106e-24 1.1132274e-29
53406856 4.3996162e+17 5.685339e+09 1.9109827e+09 2.5562846e+09 1.3824157e-23 6.3309483e-24 1.1072047e-29
53484242 4.4040158e+17 5.685051e+09 1.9094268e+09 2.5528729e+09 1.3778139e-23 6.3148282e-24 1.1012139e-29
53561708 4.4084198e+17 5.6847636e+09 1.907872e+09 2.549467e+09 1.3732277e-23 6.2987454e-24 1.0952548e-29
53639256 4.4128282e+17 5.6844768e+09 1.9063183e+09 2.5460669e+09 1.3686572e-23 6.2827e-24 1.0893272e-29
53716886 4.417241e+17 5.6841906e+09 1.9047658e+09 2.5426726e+09 1.3641022e-23 6.2666918e-24 1.0834311e-29
53794597 4.4216583e+17 5.683905e+09 1.9032145e+09 2.5392841e+09 1.3595627e-23 6.2507209e-24 1.0775663e-29
53872389 4.4260799e+17 5.68362e+09 1.9016643e+09 2.5359012e+09 1.3550387e-23 6.2347871e-24 1.0717326e-29
53950264 4.430506e+17 5.6833356e+09 1.9001152e+09 2.5325242e+09 1.3505301e-23 6.2188903e-24 1.0659298e-29
54028220 4.4349365e+17 5.6830518e+09 1.8985672e+09 2.5291528e+09 1.3460368e-23 6.2030306e-24 1.0601579e-29
54106258 4.4393715e+17 5.6827686e+09 1.8970204e+09 2.5257872e+09 1.3415589e-23 6.1872078e-24 1.0544166e-29
54184377 4.4438108e+17 5.6824859e+09 1.8954748e+09 2.5224273e+09 1.3370961e-23 6.1714218e-24 1.0487057e-29
54262579 4.4482547e+17 5.6822039e+09 1.8939302e+09 2.519073e+09 1.3326486e-23 6.1556726e-24 1.0430253e-29
54340863 4.4527029e+17 5.6819225e+09 1.8923868e+09 2.5157244e+09 1.3282162e-23 6.1399601e-24 1.037375e-29
54419229 4.4571556e+17 5.6816416e+09 1.8908446e+09 2.5123815e+09 1.3237988e-23 6.1242842e-24 1.0317547e-29
54497678 4.4616128e+17 5.6813613e+09 1.8893035e+09 2.5090443e+09 1.3193965e-23 6.1086449e-24 1.0261644e-29
54576209 4.4660744e+17 5.6810817e+09 1.8877635e+09 2.5057126e+09 1.3150092e-23 6.0930421e-24 1.0206037e-29
54654822 4.4705405e+17 5.6808026e+09 1.8862246e+09 2.5023866e+09 1.3106368e-23 6.0774757e-24 1.0150727e-29
54733517 4.475011e+17 5.6805241e+09 1.8846869e+09 2.4990662e+09 1.3062792e-23 6.0619457e-24 1.0095711e-29
54812295 4.479486e+17 5.6802461e+09 1.8831503e+09 2.4957514e+09 1.3019365e-23 6.046452e-24 1.0040988e-29
54891156 4.4839655e+17 5.6799688e+09 1.8816148e+09 2.4924421e+09 1.2976085e-23 6.0309945e-24 9.9865566e-30
54970100 4.4884495e+17 5.679692e+09 1.8800805e+09 2.4891385e+09 1.2932953e-23 6.0155731e-24 9.932415e-30
55049126 4.4929379e+17 5.6794158e+09 1.8785473e+09 2.4858404e+09 1.2889967e-23 6.0001879e-24 9.878562e-30
55128235 4.4974308e+17 5.6791402e+09 1.8770152e+09 2.4825478e+09 1.2847128e-23 5.9848386e-24 9.824996e-30
55207427 4.5019283e+17 5.6788652e+09 1.8754842e+09 2.4792608e+09 1.2804434e-23 5.9695252e-24 9.7717157e-30
55286702 4.5064302e+17 5.6785907e+09 1.8739544e+09 2.4759793e+09 1.2761885e-23 5.9542478e-24 9.7187195e-30
55366061 4.5109366e+17 5.6783168e+09 1.8724257e+09 2.4727032e+09 1.271948e-23 5.9390061e-24 9.6660061e-30
55445502 4.5154476e+17 5.6780435e+09 1.8708981e+09 2.4694327e+09 1.267722e-23 5.9238001e-24 9.6135739e-30
55525027 4.519963e+17 5.6777708e+09 1.8693716e+09 2.4661677e+09 1.2635104e-23 5.9086298e-24 9.5614217e-30
55604635 4.524483e+17 5.6774986e+09 1.8678463e+09 2.4629082e+09 1.259313e-23 5.8934951e-24 9.5095478e-30
55684326 4.5290075e+17 5.677227e+09 1.866322e+09 2.4596541e+09 1.2551299e-23 5.878396e-24 9.4579511e-30
55764101 4.5335365e+17 5.6769559e+09 1.8647989e+09 2.4564054e+09 1.2509611e-23 5.8633322e-24 9.40663e-30
55843960 4.53807e+17 5.6766855e+09 1.8632769e+09 2.4531622e+09 1.2468063e-23 5.8483039e-24 9.3555831e-30
55923902 4.5426081e+17 5.6764156e+09 1.861756e+09 2.4499244e+09 1.2426657e-23 5.8333109e-24 9.3048091e-30
56003928 4.5471507e+17 5.6761462e+09 1.8602363e+09 2.446692e+09 1.2385392e-23 5.8183531e-24 9.2543065e-30
56084038 4.5516978e+17 5.6758774e+09 1.8587176e+09 2.443465e+09 1.2344267e-23 5.8034304e-24 9.204074e-30
56164232 4.5562495e+17 5.6756092e+09 1.8572001e+09 2.4402434e+09 1.2303281e-23 5.7885429e-24 9.1541102e-30
56244509 4.5608058e+17 5.6753415e+09 1.8556837e+09 2.4370272e+09 1.2262435e-23 5.7736905e-24 9.1044137e-30
56324871 4.5653666e+17 5.6750744e+09 1.8541684e+09 2.4338163e+09 1.2221727e-23 5.7588729e-24 9.0549832e-30
56405317 4.569932e+17 5.6748079e+09 1.8526541e+09 2.4306107e+09 1.2181158e-23 5.7440903e-24 9.0058173e-30
56485847 4.5745019e+17 5.6745419e+09 1.8511411e+09 2.4274106e+09 1.2140726e-23 5.7293426e-24 8.9569147e-30
56566462 4.5790764e+17 5.6742764e+09 1.8496291e+09 2.4242157e+09 1.2100431e-23 5.7146295e-24 8.908274e-30
56647161 4.5836555e+17 5.6740116e+09 1.8481182e+09 2.4210261e+09 1.2060273e-23 5.6999512e-24 8.8598938e-30
56727944 4.5882391e+17 5.6737472e+09 1.8466084e+09 2.4178419e+09 1.2020252e-23 5.6853075e-24 8.8117729e-30
56808812 4.5928274e+17 5.6734834e+09 1.8450998e+09 2.4146629e+09 1.1980366e-23 5.6706984e-24 8.7639098e-30
56889764 4.5974202e+17 5.6732202e+09 1.8435922e+09 2.4114892e+09 1.1940616e-23 5.6561237e-24 8.7163034e-30
56970801 4.6020176e+17 5.6729575e+09 1.8420857e+09 2.4083208e+09 1.1901e-23 5.6415835e-24 8.6689522e-30
57051923 4.6066196e+17 5.6726954e+09 1.8405804e+09 2.4051577e+09 1.1861519e-23 5.6270776e-24 8.621855e-30
57133130 4.6112262e+17 5.6724338e+09 1.8390761e+09 2.4019997e+09 1.1822172e-23 5.612606e-24 8.5750104e-30
57214422 4.6158375e+17 5.6721727e+09 1.837573e+09 2.398847e+09 1.1782958e-23 5.5981686e-24 8.5284172e-30
57295799 4.6204533e+17 5.6719122e+09 1.8360709e+09 2.3956996e+09 1.1743878e-23 5.5837654e-24 8.482074e-30
57377261 4.6250738e+17 5.6716523e+09 1.83457e+09 2.3925573e+09 1.170493e-23 5.5693962e-24 8.4359797e-30
57458808 4.6296988e+17 5.6713928e+09 1.8330701e+09 2.3894202e+09 1.1666114e-23 5.5550611e-24 8.3901328e-30
57540441 4.6343285e+17 5.671134e+09 1.8315713e+09 2.3862883e+09 1.1627429e-23 5.5407599e-24 8.3445321e-30
57622159 4.6389629e+17 5.6708756e+09 1.8300737e+09 2.3831616e+09 1.1588876e-23 5.5264926e-24 8.2991764e-30
57703962 4.6436018e+17 5.6706178e+09 1.8285771e+09 2.3800401e+09 1.1550453e-23 5.5122591e-24 8.2540643e-30
57785851 4.6482454e+17 5.6703605e+09 1.8270816e+09 2.3769237e+09 1.1512161e-23 5.4980593e-24 8.2091947e-30
57867825 4.6528937e+17 5.6701038e+09 1.8255873e+09 2.3738124e+09 1.1473999e-23 5.4838932e-24 8.1645663e-30
57949885 4.6575466e+17 5.6698476e+09 1.824094e+09 2.3707063e+09 1.1435966e-23 5.4697607e-24 8.1201778e-30
58032031 4.6622041e+17 5.6695919e+09 1.8226018e+09 2.3676053e+09 1.1398061e-23 5.4556618e-24 8.0760279e-30
58114263 4.6668663e+17 5.6693368e+09 1.8211107e+09 2.3645094e+09 1.1360286e-23 5.4415963e-24 8.0321155e-30
58196581 4.6715332e+17 5.6690822e+09 1.8196207e+09 2.3614185e+09 1.1322638e-23 5.4275642e-24 7.9884394e-30
58278984 4.6762047e+17 5.6688281e+09 1.8181317e+09 2.3583328e+09 1.1285118e-23 5.4135655e-24 7.9449982e-30
58361474 4.6808809e+17 5.6685746e+09 1.8166439e+09 2.3552521e+09 1.1247724e-23 5.3996e-24 7.9017909e-30
58444050 4.6855618e+17 5.6683216e+09 1.8151572e+09 2.3521765e+09 1.1210458e-23 5.3856678e-24 7.8588161e-30
58526712 4.6902474e+17 5.6680691e+09 1.8136715e+09 2.349106e+09 1.1173318e-23 5.3717687e-24 7.8160726e-30
58609461 4.6949376e+17 5.6678171e+09 1.8121869e+09 2.3460405e+09 1.1136304e-23 5.3579026e-24 7.7735593e-30
58692296 4.6996326e+17 5.6675656e+09 1.8107034e+09 2.34298e+09 1.1099415e-23 5.3440696e-24 7.731275e-30
58775217 4.7043322e+17 5.6673147e+09 1.809221e+09 2.3399245e+09 1.1062651e-23 5.3302695e-24 7.6892185e-30
58858226 4.7090365e+17 5.6670643e+09 1.8077397e+09 2.336874e+09 1.1026011e-23 5.3165022e-24 7.6473885e-30
58941320 4.7137456e+17 5.6668144e+09 1.8062594e+09 2.3338286e+09 1.0989496e-23 5.3027678e-24 7.605784e-30
59024502 4.7184593e+17 5.6665651e+09 1.8047803e+09 2.3307881e+09 1.0953104e-23 5.2890661e-24 7.5644037e-30
59107770 4.7231778e+17 5.6663162e+09 1.8033022e+09 2.3277526e+09 1.0916835e-23 5.2753971e-24 7.5232464e-30
59191126 4.7279009e+17 5.6660679e+09 1.8018252e+09 2.324722e+09 1.0880689e-23 5.2617607e-24 7.4823111e-30
59274568 4.7326288e+17 5.6658201e+09 1.8003492e+09 2.3216964e+09 1.0844666e-23 5.2481569e-24 7.4415965e-30
59358098 4.7373615e+17 5.6655728e+09 1.7988744e+09 2.3186757e+09 1.0808764e-23 5.2345855e-24 7.4011016e-30
59441714 4.7420988e+17 5.665326e+09 1.7974006e+09 2.31566e+09 1.0772984e-23 5.2210465e-24 7.3608251e-30
59525418 4.7468409e+17 5.6650797e+09 1.7959279e+09 2.3126492e+09 1.0737325e-23 5.2075399e-24 7.3207659e-30
59609209 4.7515878e+17 5.664834e+09 1.7944563e+09 2.3096433e+09 1.0701787e-23 5.1940655e-24 7.2809228e-30
59693088 4.7563394e+17 5.6645887e+09 1.7929857e+09 2.3066423e+09 1.0666369e-23 5.1806234e-24 7.2412949e-30
59777054 4.7610957e+17 5.664344e+09 1.7915162e+09 2.3036461e+09 1.0631071e-23 5.1672134e-24 7.2018808e-30
59861108 4.7658568e+17 5.6640997e+09 1.7900478e+09 2.3006549e+09 1.0595892e-23 5.1538354e-24 7.1626796e-30
59945249 4.7706226e+17 5.663856e+09 1.7885805e+09 2.2976685e+09 1.0560832e-23 5.1404895e-24 7.12369e-30
60029479 4.7753933e+17 5.6636128e+09 1.7871142e+09 2.294687e+09 1.0525891e-23 5.1271756e-24 7.0849111e-30
60113796 4.7801687e+17 5.6633701e+09 1.785649e+09 2.2917103e+09 1.0491068e-23 5.1138935e-24 7.0463416e-30
60198201 4.7849488e+17 5.6631279e+09 1.7841849e+09 2.2887384e+09 1.0456362e-23 5.1006433e-24 7.0079805e-30
60282694 4.7897338e+17 5.6628861e+09 1.7827218e+09 2.2857714e+09 1.0421774e-23 5.0874248e-24 6.9698266e-30
60367275 4.7945235e+17 5.6626449e+09 1.7812598e+09 2.2828092e+09 1.0387303e-23 5.074238e-24 6.931879e-30
60451944 4.799318e+17 5.6624042e+09 1.7797989e+09 2.2798518e+09 1.0352949e-23 5.0610828e-24 6.8941365e-30
60536702 4.8041174e+17 5.662164e+09 1.778339e+09 2.2768992e+09 1.0318711e-23 5.0479592e-24 6.8565981e-30
60621548 4.8089215e+17 5.6619243e+09 1.7768802e+09 2.2739513e+09 1.0284588e-23 5.034867e-24 6.8192626e-30
60706482 4.8137304e+17 5.6616851e+09 1.7754225e+09 2.2710082e+09 1.0250581e-23 5.0218063e-24 6.782129e-30
60791505 4.8185441e+17 5.6614463e+09 1.7739658e+09 2.2680699e+09 1.0216689e-23 5.008777e-24 6.7451963e-30
60876617 4.8233627e+17 5.6612081e+09 1.7725102e+09 2.2651364e+09 1.0182911e-23 4.995779e-24 6.7084634e-30
60961817 4.828186e+17 5.6609704e+09 1.7710556e+09 2.2622076e+09 1.0149248e-23 4.9828122e-24 6.6719292e-30
61047106 4.8330142e+17 5.6607331e+09 1.7696021e+09 2.2592835e+09 1.0115698e-23 4.9698766e-24 6.6355927e-30
61132484 4.8378472e+17 5.6604964e+09 1.7681497e+09 2.2563641e+09 1.0082261e-23 4.9569721e-24 6.5994528e-30
61217951 4.8426851e+17 5.6602601e+09 1.7666983e+09 2.2534495e+09 1.0048938e-23 4.9440986e-24 6.5635086e-30
61303507 4.8475278e+17 5.6600243e+09 1.765248e+09 2.2505395e+09 1.0015727e-23 4.9312561e-24 6.5277589e-30
61389152 4.8523753e+17 5.6597891e+09 1.7637987e+09 2.2476342e+09 9.9826282e-24 4.9184445e-24 6.4922028e-30
61474886 4.8572277e+17 5.6595543e+09 1.7623505e+09 2.2447337e+09 9.9496413e-24 4.9056638e-24 6.4568392e-30
61560709 4.8620849e+17 5.6593199e+09 1.7609034e+09 2.2418377e+09 9.9167658e-24 4.8929139e-24 6.4216671e-30
61646622 4.866947e+17 5.6590861e+09 1.7594573e+09 2.2389465e+09 9.8840013e-24 4.8801947e-24 6.3866856e-30
61732625 4.8718139e+17 5.6588528e+09 1.7580122e+09 2.2360599e+09 9.8513475e-24 4.8675061e-24 6.3518936e-30
61818716 4.8766857e+17 5.6586199e+09 1.7565682e+09 2.2331779e+09 9.8188039e-24 4.8548482e-24 6.31729e-30
61904898 4.8815624e+17 5.6583875e+09 1.7551253e+09 2.2303006e+09 9.7863702e-24 4.8422207e-24 6.282874e-30
61991169 4.886444e+17 5.6581556e+09 1.7536834e+09 2.2274279e+09 9.754046e-24 4.8296238e-24 6.2486445e-30
62077530 4.8913304e+17 5.6579242e+09 1.7522426e+09 2.2245598e+09 9.7218309e-24 4.8170573e-24 6.2146005e-30
62163981 4.8962218e+17 5.6576933e+09 1.7508028e+09 2.2216963e+09 9.6897246e-24 4.8045211e-24 6.180741e-30
62250522 4.901118e+17 5.6574628e+09 1.749364e+09 2.2188374e+09 9.6577266e-24 4.7920151e-24 6.1470651e-30
62337153 4.9060191e+17 5.6572328e+09 1.7479263e+09 2.215983e+09 9.6258366e-24 4.7795394e-24 6.1135719e-30
62423874 4.9109251e+17 5.6570033e+09 1.7464897e+09 2.2131333e+09 9.5940542e-24 4.7670939e-24 6.0802602e-30
62510686 4.915836e+17 5.6567743e+09 1.7450541e+09 2.2102881e+09 9.5623791e-24 4.7546784e-24 6.0471292e-30
62597588 4.9207519e+17 5.6565457e+09 1.7436195e+09 2.2074474e+09 9.5308109e-24 4.742293e-24 6.014178e-30
62684580 4.9256726e+17 5.6563176e+09 1.742186e+09 2.2046113e+09 9.4993491e-24 4.7299376e-24 5.9814055e-30
62771662 4.9305983e+17 5.65609e+09 1.7407535e+09 2.2017797e+09 9.4679935e-24 4.717612e-24 5.9488107e-30
62858836 4.9355289e+17 5.6558629e+09 1.7393221e+09 2.1989527e+09 9.4367437e-24 4.7053163e-24 5.9163929e-30
62946100 4.9404644e+17 5.6556362e+09 1.7378917e+09 2.1961302e+09 9.4055993e-24 4.6930504e-24 5.884151e-30
63033454 4.9454049e+17 5.65541e+09 1.7364623e+09 2.1933121e+09 9.3745599e-24 4.6808141e-24 5.8520841e-30
63120900 4.9503503e+17 5.6551842e+09 1.735034e+09 2.1904986e+09 9.3436252e-24 4.6686076e-24 5.8201912e-30
63208436 4.9553007e+17 5.6549589e+09 1.7336068e+09 2.1876895e+09 9.3127948e-24 4.6564306e-24 5.7884715e-30
63296064 4.960256e+17 5.6547341e+09 1.7321805e+09 2.184885e+09 9.2820684e-24 4.6442831e-24 5.756924e-30
63383783 4.9652162e+17 5.6545098e+09 1.7307553e+09 2.1820848e+09 9.2514455e-24 4.6321652e-24 5.7255478e-30
63471592 4.9701814e+17 5.6542859e+09 1.7293312e+09 2.1792892e+09 9.2209259e-24 4.6200766e-24 5.694342e-30
63559494 4.9751516e+17 5.6540625e+09 1.727908e+09 2.176498e+09 9.1905092e-24 4.6080174e-24 5.6633057e-30
63647486 4.9801268e+17 5.6538395e+09 1.726486e+09 2.1737112e+09 9.160195e-24 4.5959874e-24 5.6324379e-30
63735570 4.9851069e+17 5.653617e+09 1.7250649e+09 2.1709289e+09 9.129983e-24 4.5839867e-24 5.6017379e-30
63823746 4.990092e+17 5.653395e+09 1.7236449e+09 2.168151e+09 9.0998728e-24 4.5720151e-24 5.5712046e-30
63912013 4.9950821e+17 5.6531734e+09 1.7222259e+09 2.1653774e+09 9.0698641e-24 4.5600726e-24 5.5408373e-30
64000372 5.0000772e+17 5.6529523e+09 1.7208079e+09 2.1626083e+09 9.0399565e-24 4.5481592e-24 5.5106349e-30
64088822 5.0050772e+17 5.6527316e+09 1.719391e+09 2.1598436e+09 9.0101497e-24 4.5362747e-24 5.4805967e-30
64177365 5.0100823e+17 5.6525114e+09 1.7179751e+09 2.1570833e+09 8.9804433e-24 4.5244192e-24 5.4507218e-30
64266000 5.0150924e+17 5.6522916e+09 1.7165603e+09 2.1543273e+09 8.950837e-24 4.5125925e-24 5.4210093e-30
64354726 5.0201075e+17 5.6520723e+09 1.7151464e+09 2.1515757e+09 8.9213304e-24 4.5007946e-24 5.3914583e-30
64443545 5.0251276e+17 5.6518535e+09 1.7137336e+09 2.1488285e+09 8.8919232e-24 4.4890254e-24 5.3620679e-30
64532456 5.0301527e+17 5.651635e+09 1.7123218e+09 2.1460855e+09 8.862615e-24 4.4772849e-24 5.3328374e-30
64621460 5.0351829e+17 5.6514171e+09 1.7109111e+09 2.143347e+09 8.8334055e-24 4.465573e-24 5.3037658e-30
64710556 5.0402181e+17 5.6511996e+09 1.7095013e+09 2.1406127e+09 8.8042944e-24 4.4538896e-24 5.2748523e-30
64799744 5.0452583e+17 5.6509825e+09 1.7080926e+09 2.1378828e+09 8.7752814e-24 4.4422347e-24 5.2460961e-30
64889025 5.0503035e+17 5.6507659e+09 1.706685e+09 2.1351572e+09 8.746366e-24 4.4306083e-24 5.2174963e-30
64978399 5.0553538e+17 5.6505498e+09 1.7052783e+09 2.1324359e+09 8.7175479e-24 4.4190102e-24 5.1890521e-30
65067866 5.0604092e+17 5.650334e+09 1.7038727e+09 2.1297189e+09 8.6888269e-24 4.4074404e-24 5.1607626e-30
65157425 5.0654696e+17 5.6501188e+09 1.7024681e+09 2.1270061e+09 8.6602026e-24 4.3958989e-24 5.1326271e-30
65247078 5.0705351e+17 5.6499039e+09 1.7010645e+09 2.1242977e+09 8.6316746e-24 4.3843856e-24 5.1046446e-30
65336823 5.0756056e+17 5.6496896e+09 1.6996619e+09 2.1215935e+09 8.6032426e-24 4.3729003e-24 5.0768145e-30
65426662 5.0806812e+17 5.6494756e+09 1.6982603e+09 2.1188935e+09 8.5749063e-24 4.3614432e-24 5.0491358e-30
65516594 5.0857619e+17 5.6492621e+09 1.6968598e+09 2.1161978e+09 8.5466653e-24 4.350014e-24 5.0216077e-30
65606619 5.0908477e+17 5.649049e+09 1.6954603e+09 2.1135064e+09 8.5185194e-24 4.3386128e-24 4.9942295e-30
65696738 5.0959385e+17 5.6488364e+09 1.6940618e+09 2.1108191e+09 8.4904681e-24 4.3272395e-24 4.9670004e-30
65786950 5.1010344e+17 5.6486242e+09 1.6926643e+09 2.1081361e+09 8.4625113e-24 4.315894e-24 4.9399195e-30
65877256 5.1061355e+17 5.6484125e+09 1.6912678e+09 2.1054573e+09 8.4346485e-24 4.3045763e-24 4.912986e-30
65967655 5.1112416e+17 5.6482012e+09 1.6898724e+09 2.1027827e+09 8.4068794e-24 4.2932862e-24 4.8861992e-30
66058148 5.1163529e+17 5.6479903e+09 1.688478e+09 2.1001123e+09 8.3792037e-24 4.2820238e-24 4.8595583e-30
66148736 5.1214692e+17 5.6477798e+09 1.6870845e+09 2.0974461e+09 8.351621e-24 4.270789e-24 4.8330625e-30
66239417 5.1265907e+17 5.6475698e+09 1.6856921e+09 2.0947841e+09 8.3241312e-24 4.2595818e-24 4.806711e-30
66330192 5.1317173e+17 5.6473602e+09 1.6843007e+09 2.0921262e+09 8.2967337e-24 4.248402e-24 4.780503e-30
66421061 5.136849e+17 5.6471511e+09 1.6829103e+09 2.0894725e+09 8.2694284e-24 4.2372496e-24 4.7544378e-30
66512025 5.1419858e+17 5.6469424e+09 1.681521e+09 2.0868229e+09 8.2422149e-24 4.2261246e-24 4.7285146e-30
66603083 5.1471278e+17 5.6467341e+09 1.6801326e+09 2.0841775e+09 8.2150929e-24 4.2150268e-24 4.7027326e-30
66694235 5.152275e+17 5.6465262e+09 1.6787452e+09 2.0815362e+09 8.188062e-24 4.2039563e-24 4.6770911e-30
66785482 5.1574272e+17 5.6463188e+09 1.6773589e+09 2.0788991e+09 8.161122e-24 4.192913e-24 4.6515893e-30
66876823 5.1625847e+17 5.6461118e+09 1.6759735e+09 2.076266e+09 8.1342726e-24 4.1818968e-24 4.6262265e-30
66968259 5.1677472e+17 5.6459052e+09 1.6745892e+09 2.0736371e+09 8.1075134e-24 4.1709076e-24 4.601002e-30
67059790 5.172915e+17 5.645699e+09 1.6732059e+09 2.0710123e+09 8.0808441e-24 4.1599454e-24 4.5759149e-30
67151416 5.1780879e+17 5.6454933e+09 1.6718235e+09 2.0683915e+09 8.0542644e-24 4.1490102e-24 4.5509645e-30
67243137 5.183266e+17 5.645288e+09 1.6704422e+09 2.0657749e+09 8.027774e-24 4.1381019e-24 4.5261502e-30
67334952 5.1884493e+17 5.6450831e+09 1.6690619e+09 2.0631623e+09 8.0013726e-24 4.1272204e-24 4.5014711e-30
67426863 5.1936377e+17 5.6448787e+09 1.6676826e+09 2.0605538e+09 7.9750599e-24 4.1163656e-24 4.4769266e-30
67518869 5.1988313e+17 5.6446746e+09 1.6663043e+09 2.0579493e+09 7.9488356e-24 4.1055376e-24 4.4525159e-30
67610971 5.2040302e+17 5.644471e+09 1.6649269e+09 2.0553489e+09 7.9226994e-24 4.0947362e-24 4.4282383e-30
67703168 5.2092342e+17 5.6442678e+09 1.6635506e+09 2.0527525e+09 7.896651e-24 4.0839614e-24 4.4040931e-30
67795460 5.2144434e+17 5.644065e+09 1.6621753e+09 2.0501602e+09 7.87069e-24 4.0732131e-24 4.3800795e-30
67887848 5.2196579e+17 5.6438626e+09 1.660801e+09 2.0475719e+09 7.8448162e-24 4.0624914e-24 4.3561969e-30
67980332 5.2248775e+17 5.6436606e+09 1.6594277e+09 2.0449876e+09 7.8190293e-24 4.051796e-24 4.3324446e-30
68072912 5.2301024e+17 5.6434591e+09 1.6580554e+09 2.0424073e+09 7.793329e-24 4.041127e-24 4.3088218e-30
68165587 5.2353325e+17 5.643258e+09 1.656684e+09 2.039831e+09 7.7677149e-24 4.0304843e-24 4.2853279e-30
68258359 5.2405679e+17 5.6430573e+09 1.6553137e+09 2.0372588e+09 7.7421868e-24 4.0198679e-24 4.2619622e-30
68351226 5.2458084e+17 5.642857e+09 1.6539444e+09 2.0346904e+09 7.7167445e-24 4.0092776e-24 4.2387239e-30
68444190 5.2510542e+17 5.6426571e+09 1.6525761e+09 2.0321261e+09 7.6913875e-24 3.9987135e-24 4.2156124e-30
68537250 5.2563053e+17 5.6424576e+09 1.6512087e+09 2.0295658e+09 7.6661156e-24 3.9881754e-24 4.192627e-30
68630406 5.2615616e+17 5.6422585e+09 1.6498424e+09 2.0270094e+09 7.6409285e-24 3.9776634e-24 4.169767e-30
68723659 5.2668231e+17 5.6420598e+09 1.648477e+09 2.0244569e+09 7.6158259e-24 3.9671774e-24 4.1470317e-30
68817008 5.27209e+17 5.6418616e+09 1.6471127e+09 2.0219084e+09 7.5908076e-24 3.9567172e-24 4.1244205e-30
68910454 5.2773621e+17 5.6416637e+09 1.6457493e+09 2.0193638e+09 7.5658732e-24 3.9462829e-24 4.1019327e-30
69003997 5.2826394e+17 5.6414663e+09 1.6443869e+09 2.0168232e+09 7.5410225e-24 3.9358744e-24 4.0795677e-30
69097636 5.2879221e+17 5.6412693e+09 1.6430255e+09 2.0142865e+09 7.5162551e-24 3.9254916e-24 4.0573247e-30
69191373 5.29321e+17 5.6410726e+09 1.6416651e+09 2.0117536e+09 7.4915708e-24 3.9151345e-24 4.0352031e-30
69285206 5.2985032e+17 5.6408764e+09 1.6403057e+09 2.0092247e+09 7.4669692e-24 3.9048031e-24 4.0132022e-30
69379137 5.3038017e+17 5.6406806e+09 1.6389473e+09 2.0066997e+09 7.4424502e-24 3.8944972e-24 3.9913215e-30
69473164 5.3091055e+17 5.6404851e+09 1.6375898e+09 2.0041786e+09 7.4180134e-24 3.8842168e-24 3.9695602e-30
69567289 5.3144146e+17 5.6402901e+09 1.6362334e+09 2.0016614e+09 7.3936586e-24 3.8739618e-24 3.9479177e-30
69661512 5.319729e+17 5.6400955e+09 1.6348779e+09 1.999148e+09 7.3693854e-24 3.8637323e-24 3.9263933e-30
69755832 5.3250488e+17 5.6399013e+09 1.6335234e+09 1.9966385e+09 7.3451936e-24 3.8535281e-24 3.9049865e-30
69850249 5.3303738e+17 5.6397074e+09 1.63217e+09 1.9941328e+09 7.3210829e-24 3.8433492e-24 3.8836966e-30
69944764 5.3357042e+17 5.639514e+09 1.6308174e+09 1.991631e+09 7.297053e-24 3.8331956e-24 3.8625229e-30
70039377 5.3410399e+17 5.639321e+09 1.6294659e+09 1.9891331e+09 7.2731036e-24 3.8230671e-24 3.8414648e-30
70134088 5.3463809e+17 5.6391283e+09 1.6281154e+09 1.9866389e+09 7.2492346e-24 3.8129637e-24 3.8205218e-30
70228896 5.3517273e+17 5.6389361e+09 1.6267658e+09 1.9841486e+09 7.2254455e-24 3.8028854e-24 3.7996931e-30
70323803 5.357079e+17 5.6387442e+09 1.6254172e+09 1.9816622e+09 7.2017361e-24 3.7928321e-24 3.7789781e-30
70418808 5.3624361e+17 5.6385528e+09 1.6240696e+09 1.9791795e+09 7.1781062e-24 3.7828038e-24 3.7583763e-30
70513911 5.3677985e+17 5.6383617e+09 1.622723e+09 1.9767006e+09 7.1545554e-24 3.7728004e-24 3.737887e-30
70609112 5.3731663e+17 5.638171e+09 1.6213773e+09 1.9742255e+09 7.1310836e-24 3.7628218e-24 3.7175097e-30
70704412 5.3785395e+17 5.6379808e+09 1.6200326e+09 1.9717543e+09 7.1076904e-24 3.752868e-24 3.6972436e-30
70799810 5.383918e+17 5.6377909e+09 1.618689e+09 1.9692868e+09 7.0843755e-24 3.7429389e-24 3.6770883e-30
70895307 5.389302e+17 5.6376014e+09 1.6173462e+09 1.966823e+09 7.0611387e-24 3.7330346e-24 3.657043e-30
70990903 5.3946913e+17 5.6374123e+09 1.6160045e+09 1.9643631e+09 7.0379798e-24 3.7231548e-24 3.6371073e-30
71086597 5.400086e+17 5.6372235e+09 1.6146637e+09 1.9619068e+09 7.0148984e-24 3.7132997e-24 3.6172805e-30
71182391 5.405486e+17 5.6370352e+09 1.6133239e+09 1.9594544e+09 6.9918943e-24 3.703469e-24 3.597562e-30
71278283 5.4108915e+17 5.6368472e+09 1.6119851e+09 1.9570057e+09 6.9689672e-24 3.6936628e-24 3.5779512e-30
71374275 5.4163024e+17 5.6366597e+09 1.6106473e+09 1.9545607e+09 6.9461169e-24 3.6838811e-24 3.5584476e-30
71470365 5.4217187e+17 5.6364725e+09 1.6093104e+09 1.9521194e+09 6.9233431e-24 3.6741236e-24 3.5390506e-30
71566555 5.4271404e+17 5.6362857e+09 1.6079745e+09 1.9496819e+09 6.9006456e-24 3.6643905e-24 3.5197595e-30
71662844 5.4325676e+17 5.6360992e+09 1.6066396e+09 1.9472481e+09 6.878024e-24 3.6546816e-24 3.5005739e-30
71759233 5.4380001e+17 5.6359132e+09 1.6053056e+09 1.944818e+09 6.8554781e-24 3.644997e-24 3.4814931e-30
71855722 5.4434381e+17 5.6357276e+09 1.6039726e+09 1.9423915e+09 6.8330077e-24 3.6353364e-24 3.4625166e-30
71952310 5.4488816e+17 5.6355423e+09 1.6026406e+09 1.9399688e+09 6.8106124e-24 3.6257e-24 3.4436438e-30
72048997 5.4543305e+17 5.6353574e+09 1.6013095e+09 1.9375498e+09 6.7882922e-24 3.6160876e-24 3.4248742e-30
72145785 5.4597848e+17 5.6351729e+09 1.5999794e+09 1.9351344e+09 6.7660466e-24 3.6064991e-24 3.4062071e-30
72242673 5.4652446e+17 5.6349887e+09 1.5986503e+09 1.9327227e+09 6.7438754e-24 3.5969346e-24 3.3876421e-30
72339660 5.4707098e+17 5.6348049e+09 1.5973222e+09 1.9303146e+09 6.7217784e-24 3.587394e-24 3.3691785e-30
72436748 5.4761805e+17 5.6346216e+09 1.595995e+09 1.9279103e+09 6.6997553e-24 3.5778772e-24 3.3508158e-30
72533936 5.4816567e+17 5.6344385e+09 1.5946688e+09 1.9255095e+09 6.6778059e-24 3.5683841e-24 3.3325536e-30
72631225 5.4871384e+17 5.6342559e+09 1.5933435e+09 1.9231124e+09 6.6559299e-24 3.5589148e-24 3.3143911e-30
72728614 5.4926255e+17 5.6340736e+09 1.5920192e+09 1.920719e+09 6.6341271e-24 3.5494691e-24 3.296328e-30
72826103 5.4981181e+17 5.6338917e+09 1.5906959e+09 1.9183291e+09 6.6123972e-24 3.540047e-24 3.2783636e-30
72923693 5.5036163e+17 5.6337102e+09 1.5893735e+09 1.9159429e+09 6.5907399e-24 3.5306485e-24 3.2604974e-30
73021384 5.5091199e+17 5.6335291e+09 1.5880521e+09 1.9135603e+09 6.5691551e-24 3.5212735e-24 3.2427288e-30
73119175 5.514629e+17 5.6333483e+09 1.5867317e+09 1.9111813e+09 6.5476424e-24 3.5119219e-24 3.2250575e-30
73217068 5.5201436e+17 5.6331679e+09 1.5854122e+09 1.9088058e+09 6.5262016e-24 3.5025937e-24 3.2074827e-30
73315062 5.5256638e+17 5.6329878e+09 1.5840936e+09 1.906434e+09 6.5048325e-24 3.4932889e-24 3.190004e-30
73413156 5.5311894e+17 5.6328082e+09 1.5827761e+09 1.9040658e+09 6.4835349e-24 3.4840074e-24 3.1726209e-30
73511352 5.5367206e+17 5.6326288e+09 1.5814595e+09 1.9017011e+09 6.4623084e-24 3.4747491e-24 3.1553328e-30
73609650 5.5422573e+17 5.6324499e+09 1.5801438e+09 1.89934e+09 6.4411529e-24 3.465514e-24 3.1381393e-30
73708048 5.5477996e+17 5.6322713e+09 1.5788291e+09 1.8969825e+09 6.4200681e-24 3.456302e-24 3.1210398e-30
73806548 5.5533474e+17 5.6320931e+09 1.5775154e+09 1.8946285e+09 6.3990537e-24 3.4471131e-24 3.1040338e-30
73905150 5.5589007e+17 5.6319153e+09 1.5762026e+09 1.8922781e+09 6.3781095e-24 3.4379472e-24 3.0871207e-30
74003854 5.5644596e+17 5.6317378e+09 1.5748908e+09 1.8899312e+09 6.3572353e-24 3.4288044e-24 3.0703002e-30
74102659 5.5700241e+17 5.6315607e+09 1.5735799e+09 1.8875878e+09 6.3364309e-24 3.4196844e-24 3.0535717e-30
74201567 5.5755941e+17 5.6313839e+09 1.57227e+09 1.885248e+09 6.3156959e-24 3.4105873e-24 3.0369346e-30
74300576 5.5811697e+17 5.6312075e+09 1.570961e+09 1.8829116e+09 6.2950302e-24 3.4015131e-24 3.0203885e-30
74399687 5.5867509e+17 5.6310315e+09 1.569653e+09 1.8805788e+09 6.2744336e-24 3.3924616e-24 3.0039329e-30
74498901 5.5923376e+17 5.6308558e+09 1.5683459e+09 1.8782495e+09 6.2539057e-24 3.3834328e-24 2.9875673e-30
74598217 5.59793e+17 5.6306805e+09 1.5670398e+09 1.8759237e+09 6.2334464e-24 3.3744268e-24 2.9712912e-30
74697635 5.6035279e+17 5.6305055e+09 1.5657346e+09 1.8736014e+09 6.2130553e-24 3.3654433e-24 2.9551041e-30
74797156 5.6091314e+17 5.6303309e+09 1.5644304e+09 1.8712826e+09 6.1927324e-24 3.3564824e-24 2.9390056e-30
74896780 5.6147406e+17 5.6301567e+09 1.5631272e+09 1.8689673e+09 6.1724774e-24 3.347544e-24 2.9229951e-30
74996506 5.6203553e+17 5.6299828e+09 1.5618248e+09 1.8666554e+09 6.1522899e-24 3.3386281e-24 2.9070722e-30
75096335 5.6259757e+17 5.6298092e+09 1.5605235e+09 1.864347e+09 6.1321698e-24 3.3297346e-24 2.8912364e-30
75196267 5.6316016e+17 5.6296361e+09 1.5592231e+09 1.862042e+09 6.1121169e-24 3.3208635e-24 2.8754871e-30
75296302 5.6372332e+17 5.6294632e+09 1.5579236e+09 1.8597406e+09 6.092131e-24 3.3120147e-24 2.8598241e-30
75396440 5.6428705e+17 5.6292908e+09 1.556625e+09 1.8574425e+09 6.0722117e-24 3.3031881e-24 2.8442467e-30
75496681 5.6485133e+17 5.6291186e+09 1.5553275e+09 1.8551479e+09 6.0523589e-24 3.2943838e-24 2.8287545e-30
75597025 5.6541619e+17 5.6289469e+09 1.5540308e+09 1.8528567e+09 6.0325723e-24 3.2856016e-24 2.8133471e-30
75697473 5.659816e+17 5.6287754e+09 1.5527351e+09 1.8505689e+09 6.0128518e-24 3.2768415e-24 2.7980239e-30
75798025 5.6654758e+17 5.6286044e+09 1.5514404e+09 1.8482846e+09 5.9931971e-24 3.2681035e-24 2.7827846e-30
75898680 5.6711413e+17 5.6284336e+09 1.5501466e+09 1.8460037e+09 5.9736079e-24 3.2593875e-24 2.7676286e-30
75999439 5.6768125e+17 5.6282633e+09 1.5488537e+09 1.8437261e+09 5.9540841e-24 3.2506935e-24 2.7525556e-30
76100301 5.6824893e+17 5.6280932e+09 1.5475618e+09 1.841452e+09 5.9346254e-24 3.2420214e-24 2.7375649e-30
76201268 5.6881718e+17 5.6279236e+09 1.5462708e+09 1.8391813e+09 5.9152316e-24 3.2333711e-24 2.7226564e-30
76302338 5.6938599e+17 5.6277542e+09 1.5449807e+09 1.8369139e+09 5.8959025e-24 3.2247427e-24 2.7078293e-30
76403513 5.6995538e+17 5.6275852e+09 1.5436916e+09 1.83465e+09 5.8766378e-24 3.216136e-24 2.6930834e-30
76504792 5.7052533e+17 5.6274166e+09 1.5424035e+09 1.8323894e+09 5.8574374e-24 3.2075511e-24 2.6784181e-30
76606175 5.7109586e+17 5.6272483e+09 1.5411162e+09 1.8301321e+09 5.838301e-24 3.1989878e-24 2.6638331e-30
76707662 5.7166696e+17 5.6270803e+09 1.53983e+09 1.8278782e+09 5.8192284e-24 3.1904461e-24 2.6493279e-30
76809255 5.7223862e+17 5.6269127e+09 1.5385446e+09 1.8256277e+09 5.8002194e-24 3.181926e-24 2.634902e-30
76910951 5.7281086e+17 5.6267454e+09 1.5372602e+09 1.8233805e+09 5.7812738e-24 3.1734274e-24 2.6205551e-30
77012753 5.7338367e+17 5.6265785e+09 1.5359767e+09 1.8211367e+09 5.7623913e-24 3.1649502e-24 2.6062866e-30
77114659 5.7395706e+17 5.6264119e+09 1.5346942e+09 1.8188962e+09 5.7435717e-24 3.1564945e-24 2.5920962e-30
77216670 5.7453101e+17 5.6262457e+09 1.5334125e+09 1.816659e+09 5.7248149e-24 3.1480602e-24 2.5779835e-30
77318786 5.7510554e+17 5.6260797e+09 1.5321319e+09 1.8144252e+09 5.7061205e-24 3.1396472e-24 2.5639479e-30
77421008 5.7568065e+17 5.6259142e+09 1.5308521e+09 1.8121946e+09 5.6874885e-24 3.1312554e-24 2.5499892e-30
77523334 5.7625633e+17 5.6257489e+09 1.5295733e+09 1.8099674e+09 5.6689186e-24 3.1228849e-24 2.5361068e-30
77625766 5.7683259e+17 5.625584e+09 1.5282954e+09 1.8077434e+09 5.6504105e-24 3.1145355e-24 2.5223004e-30
77728304 5.7740942e+17 5.6254195e+09 1.5270185e+09 1.8055228e+09 5.6319641e-24 3.1062073e-24 2.5085695e-30
77830947 5.7798683e+17 5.6252552e+09 1.5257425e+09 1.8033054e+09 5.6135791e-24 3.0979001e-24 2.4949137e-30
77933695 5.7856482e+17 5.6250913e+09 1.5244674e+09 1.8010914e+09 5.5952554e-24 3.089614e-24 2.4813327e-30
78036550 5.7914338e+17 5.6249278e+09 1.5231932e+09 1.7988806e+09 5.5769927e-24 3.0813489e-24 2.467826e-30
78139510 5.7972252e+17 5.6247645e+09 1.52192e+09 1.796673e+09 5.5587908e-24 3.0731047e-24 2.4543931e-30
78242576 5.8030225e+17 5.6246016e+09 1.5206477e+09 1.7944688e+09 5.5406495e-24 3.0648813e-24 2.4410338e-30
78345748 5.8088255e+17 5.6244391e+09 1.5193763e+09 1.7922678e+09 5.5225687e-24 3.0566789e-24 2.4277475e-30
78449026 5.8146343e+17 5.6242768e+09 1.5181059e+09 1.79007e+09 5.504548e-24 3.0484972e-24 2.414534e-30
78552411 5.8204489e+17 5.6241149e+09 1.5168363e+09 1.7878755e+09 5.4865874e-24 3.0403362e-24 2.4013928e-30
78655902 5.8262694e+17 5.6239534e+09 1.5155677e+09 1.7856842e+09 5.4686865e-24 3.0321959e-24 2.3883234e-30
78759499 5.8320957e+17 5.6237921e+09 1.5143001e+09 1.7834962e+09 5.4508453e-24 3.0240763e-24 2.3753256e-30
78863203 5.8379278e+17 5.6236312e+09 1.5130333e+09 1.7813114e+09 5.4330634e-24 3.0159773e-24 2.3623989e-30
78967014 5.8437657e+17 5.6234706e+09 1.5117675e+09 1.7791298e+09 5.4153407e-24 3.0078988e-24 2.3495429e-30
79070931 5.8496094e+17 5.6233103e+09 1.5105026e+09 1.7769514e+09 5.397677e-24 2.9998409e-24 2.3367572e-30
79174955 5.8554591e+17 5.6231504e+09 1.5092386e+09 1.7747762e+09 5.3800721e-24 2.9918034e-24 2.3240415e-30
79279087 5.8613145e+17 5.6229908e+09 1.5079756e+09 1.7726042e+09 5.3625257e-24 2.9837863e-24 2.3113954e-30
79383325 5.8671758e+17 5.6228315e+09 1.5067134e+09 1.7704354e+09 5.3450378e-24 2.9757895e-24 2.2988185e-30
79487671 5.873043e+17 5.6226725e+09 1.5054522e+09 1.7682699e+09 5.327608e-24 2.9678131e-24 2.2863104e-30
79592124 5.878916e+17 5.6225139e+09 1.5041919e+09 1.7661074e+09 5.3102362e-24 2.959857e-24 2.2738707e-30
79696684 5.884795e+17 5.6223556e+09 1.5029326e+09 1.7639482e+09 5.2929222e-24 2.951921e-24 2.2614991e-30
79801352 5.8906798e+17 5.6221976e+09 1.5016741e+09 1.7617922e+09 5.2756659e-24 2.9440053e-24 2.2491952e-30
79906127 5.8965704e+17 5.6220399e+09 1.5004166e+09 1.7596393e+09 5.2584669e-24 2.9361097e-24 2.2369586e-30
80011010 5.902467e+17 5.6218826e+09 1.49916e+09 1.7574895e+09 5.2413251e-24 2.9282341e-24 2.224789e-30
80116001 5.9083695e+17 5.6217255e+09 1.4979043e+09 1.755343e+09 5.2242403e-24 2.9203786e-24 2.212686e-30
80221100 5.9142778e+17 5.6215688e+09 1.4966495e+09 1.7531995e+09 5.2072123e-24 2.9125431e-24 2.2006491e-30
80326307 5.9201921e+17 5.6214124e+09 1.4953956e+09 1.7510592e+09 5.1902409e-24 2.9047275e-24 2.1886782e-30
80431622 5.9261123e+17 5.6212563e+09 1.4941427e+09 1.7489221e+09 5.173326e-24 2.8969318e-24 2.1767727e-30
80537045 5.9320384e+17 5.6211006e+09 1.4928907e+09 1.746788e+09 5.1564673e-24 2.889156e-24 2.1649324e-30
80642577 5.9379705e+17 5.6209451e+09 1.4916395e+09 1.7446571e+09 5.1396647e-24 2.8814e-24 2.1531569e-30
80748217 5.9439084e+17 5.62079e+09 1.4903893e+09 1.7425293e+09 5.1229179e-24 2.8736637e-24 2.1414457e-30
80853965 5.9498523e+17 5.6206352e+09 1.48914e+09 1.7404047e+09 5.1062268e-24 2.8659471e-24 2.1297987e-30
80959823 5.9558022e+17 5.6204807e+09 1.4878917e+09 1.7382831e+09 5.0895911e-24 2.8582503e-24 2.1182154e-30
81065789 5.961758e+17 5.6203265e+09 1.4866442e+09 1.7361646e+09 5.0730107e-24 2.850573e-24 2.1066955e-30
81171864 5.9677198e+17 5.6201727e+09 1.4853976e+09 1.7340492e+09 5.0564855e-24 2.8429153e-24 2.0952386e-30
81278048 5.9736875e+17 5.6200191e+09 1.484152e+09 1.731937e+09 5.0400151e-24 2.8352771e-24 2.0838443e-30
81384341 5.9796612e+17 5.6198659e+09 1.4829072e+09 1.7298278e+09 5.0235995e-24 2.8276584e-24 2.0725125e-30
81490743 5.9856408e+17 5.6197129e+09 1.4816634e+09 1.7277216e+09 5.0072384e-24 2.8200592e-24 2.0612426e-30
81597254 5.9916265e+17 5.6195603e+09 1.4804205e+09 1.7256186e+09 4.9909317e-24 2.8124794e-24 2.0500343e-30
81703875 5.9976181e+17 5.619408e+09 1.4791785e+09 1.7235186e+09 4.9746791e-24 2.8049189e-24 2.0388874e-30
81810606 6.0036157e+17 5.619256e+09 1.4779374e+09 1.7214216e+09 4.9584805e-24 2.7973777e-24 2.0278015e-30
81917446 6.0096193e+17 5.6191043e+09 1.4766972e+09 1.7193278e+09 4.9423357e-24 2.7898557e-24 2.0167763e-30
82024396 6.0156289e+17 5.6189529e+09 1.4754579e+09 1.7172369e+09 4.9262446e-24 2.782353e-24 2.0058113e-30
82131455 6.0216446e+17 5.6188018e+09 1.4742195e+09 1.7151491e+09 4.9102069e-24 2.7748695e-24 1.9949064e-30
82238625 6.0276662e+17 5.6186511e+09 1.472982e+09 1.7130644e+09 4.8942224e-24 2.767405e-24 1.9840611e-30
82345904 6.0336939e+17 5.6185006e+09 1.4717455e+09 1.7109827e+09 4.878291e-24 2.7599597e-24 1.9732751e-30
82453294 6.0397276e+17 5.6183504e+09 1.4705098e+09 1.708904e+09 4.8624125e-24 2.7525334e-24 1.9625481e-30
82560794 6.0457673e+17 5.6182006e+09 1.469275e+09 1.7068283e+09 4.8465867e-24 2.745126e-24 1.9518799e-30
82668404 6.0518131e+17 5.618051e+09 1.4680412e+09 1.7047556e+09 4.8308135e-24 2.7377377e-24 1.94127e-30
82776125 6.0578649e+17 5.6179018e+09 1.4668082e+09 1.7026859e+09 4.8150926e-24 2.7303682e-24 1.9307181e-30
82883957 6.0639228e+17 5.6177528e+09 1.4655762e+09 1.7006193e+09 4.7994239e-24 2.7230176e-24 1.920224e-30
82991899 6.0699867e+17 5.6176042e+09 1.464345e+09 1.6985556e+09 4.7838072e-24 2.7156858e-24 1.9097872e-30
83099952 6.0760567e+17 5.6174559e+09 1.4631148e+09 1.696495e+09 4.7682423e-24 2.7083727e-24 1.8994076e-30
83208116 6.0821327e+17 5.6173078e+09 1.4618854e+09 1.6944373e+09 4.752729e-24 2.7010784e-24 1.8890847e-30
83316391 6.0882149e+17 5.6171601e+09 1.4606569e+09 1.6923826e+09 4.7372673e-24 2.6938028e-24 1.8788183e-30
83424777 6.0943031e+17 5.6170126e+09 1.4594294e+09 1.6903309e+09 4.7218568e-24 2.6865458e-24 1.8686081e-30
83533274 6.1003974e+17 5.6168655e+09 1.4582027e+09 1.6882821e+09 4.7064975e-24 2.6793074e-24 1.8584537e-30
83641882 6.1064978e+17 5.6167187e+09 1.456977e+09 1.6862363e+09 4.6911891e-24 2.6720875e-24 1.8483549e-30
83750602 6.1126043e+17 5.6165721e+09 1.4557521e+09 1.6841935e+09 4.6759315e-24 2.6648862e-24 1.8383113e-30
83859434 6.1187169e+17 5.6164259e+09 1.4545282e+09 1.6821536e+09 4.6607245e-24 2.6577033e-24 1.8283227e-30
83968377 6.1248356e+17 5.6162799e+09 1.4533051e+09 1.6801166e+09 4.645568e-24 2.6505389e-24 1.8183886e-30
84077432 6.1309604e+17 5.6161343e+09 1.4520829e+09 1.6780826e+09 4.6304617e-24 2.6433928e-24 1.808509e-30
84186599 6.1370914e+17 5.6159889e+09 1.4508616e+09 1.6760516e+09 4.6154055e-24 2.636265e-24 1.7986833e-30
84295878 6.1432285e+17 5.6158439e+09 1.4496413e+09 1.6740235e+09 4.6003992e-24 2.6291556e-24 1.7889114e-30
84405269 6.1493717e+17 5.6156991e+09 1.4484218e+09 1.6719983e+09 4.5854427e-24 2.6220644e-24 1.779193e-30
84514772 6.1555211e+17 5.6155546e+09 1.4472032e+09 1.669976e+09 4.5705358e-24 2.6149914e-24 1.7695277e-30
84624388 6.1616766e+17 5.6154104e+09 1.4459855e+09 1.6679566e+09 4.5556783e-24 2.6079365e-24 1.7599153e-30
84734116 6.1678383e+17 5.6152666e+09 1.4447687e+09 1.6659401e+09 4.54087e-24 2.6008998e-24 1.7503554e-30
84843956 6.1740061e+17 5.615123e+09 1.4435527e+09 1.6639266e+09 4.5261109e-24 2.5938811e-24 1.7408478e-30
84953910 6.1801801e+17 5.6149797e+09 1.4423377e+09 1.6619159e+09 4.5114006e-24 2.5868805e-24 1.7313923e-30
85063975 6.1863603e+17 5.6148366e+09 1.4411236e+09 1.6599082e+09 4.4967391e-24 2.5798979e-24 1.7219884e-30
85174154 6.1925467e+17 5.6146939e+09 1.4399103e+09 1.6579033e+09 4.4821262e-24 2.5729332e-24 1.712636e-30
85284446 6.1987392e+17 5.6145515e+09 1.438698e+09 1.6559013e+09 4.4675617e-24 2.5659865e-24 1.7033347e-30
85394851 6.2049379e+17 5.6144093e+09 1.4374865e+09 1.6539022e+09 4.4530455e-24 2.5590576e-24 1.6940843e-30
85505369 6.2111429e+17 5.6142675e+09 1.4362759e+09 1.6519059e+09 4.4385774e-24 2.5521465e-24 1.6848844e-30
85616000 6.217354e+17 5.6141259e+09 1.4350662e+09 1.6499125e+09 4.4241572e-24 2.5452532e-24 1.6757349e-30
85726745 6.2235714e+17 5.6139846e+09 1.4338574e+09 1.647922e+09 4.4097847e-24 2.5383776e-24 1.6666355e-30
85837604 6.2297949e+17 5.6138436e+09 1.4326495e+09 1.6459344e+09 4.3954599e-24 2.5315197e-24 1.6575857e-30
85948576 6.2360247e+17 5.6137029e+09 1.4314425e+09 1.6439495e+09 4.3811825e-24 2.5246795e-24 1.6485855e-30
86059661 6.2422608e+17 5.6135625e+09 1.4302363e+09 1.6419676e+09 4.3669524e-24 2.5178569e-24 1.6396345e-30
86170861 6.248503e+17 5.6134223e+09 1.429031e+09 1.6399885e+09 4.3527695e-24 2.5110519e-24 1.6307324e-30
86282175 6.2547515e+17 5.6132825e+09 1.4278267e+09 1.6380122e+09 4.3386335e-24 2.5042644e-24 1.621879e-30
86393602 6.2610063e+17 5.6131429e+09 1.4266232e+09 1.6360387e+09 4.3245443e-24 2.4974943e-24 1.613074e-30
86505144 6.2672673e+17 5.6130036e+09 1.4254206e+09 1.6340681e+09 4.3105018e-24 2.4907418e-24 1.6043172e-30
86616800 6.2735346e+17 5.6128646e+09 1.4242188e+09 1.6321002e+09 4.2965057e-24 2.4840066e-24 1.5956082e-30
86728571 6.2798081e+17 5.6127259e+09 1.423018e+09 1.6301352e+09 4.282556e-24 2.4772888e-24 1.5869469e-30
86840456 6.2860879e+17 5.6125874e+09 1.421818e+09 1.628173e+09 4.2686525e-24 2.4705883e-24 1.5783329e-30
86952456 6.292374e+17 5.6124493e+09 1.4206189e+09 1.6262136e+09 4.2547949e-24 2.4639051e-24 1.569766e-30
87064571 6.2986664e+17 5.6123114e+09 1.4194207e+09 1.6242571e+09 4.2409833e-24 2.4572391e-24 1.5612459e-30
87176800 6.304965e+17 5.6121738e+09 1.4182234e+09 1.6223033e+09 4.2272174e-24 2.4505904e-24 1.5527724e-30
87289145 6.31127e+17 5.6120364e+09 1.4170269e+09 1.6203522e+09 4.213497e-24 2.4439588e-24 1.5443453e-30
87401604 6.3175813e+17 5.6118994e+09 1.4158314e+09 1.618404e+09 4.199822e-24 2.4373443e-24 1.5359642e-30
87514179 6.3238988e+17 5.6117626e+09 1.4146367e+09 1.6164586e+09 4.1861923e-24 2.4307469e-24 1.5276289e-30
87626869 6.3302227e+17 5.6116261e+09 1.4134429e+09 1.6145159e+09 4.1726076e-24 2.4241665e-24 1.5193392e-30
87739674 6.336553e+17 5.6114899e+09 1.4122499e+09 1.612576e+09 4.1590679e-24 2.4176031e-24 1.5110948e-30
87852595 6.3428895e+17 5.611354e+09 1.4110579e+09 1.6106388e+09 4.145573e-24 2.4110567e-24 1.5028955e-30
87965632 6.3492324e+17 5.6112183e+09 1.4098667e+09 1.6087045e+09 4.1321227e-24 2.4045272e-24 1.494741e-30
88078785 6.3555816e+17 5.6110829e+09 1.4086764e+09 1.6067728e+09 4.118717e-24 2.3980145e-24 1.4866311e-30
88192053 6.3619372e+17 5.6109478e+09 1.407487e+09 1.6048439e+09 4.1053555e-24 2.3915187e-24 1.4785655e-30
88305437 6.3682992e+17 5.6108129e+09 1.4062984e+09 1.6029178e+09 4.0920383e-24 2.3850397e-24 1.470544e-30
88418938 6.3746675e+17 5.6106783e+09 1.4051107e+09 1.6009944e+09 4.078765e-24 2.3785775e-24 1.4625663e-30
88532555 6.3810421e+17 5.610544e+09 1.4039239e+09 1.5990737e+09 4.0655357e-24 2.3721319e-24 1.4546323e-30
88646288 6.3874232e+17 5.61041e+09 1.402738e+09 1.5971558e+09 4.0523501e-24 2.365703e-24 1.4467416e-30
88760137 6.3938106e+17 5.6102763e+09 1.4015529e+09 1.5952406e+09 4.0392081e-24 2.3592908e-24 1.438894e-30
88874103 6.4002044e+17 5.6101428e+09 1.4003687e+09 1.5933281e+09 4.0261096e-24 2.3528952e-24 1.4310893e-30
88988186 6.4066046e+17 5.6100096e+09 1.3991854e+09 1.5914183e+09 4.0130544e-24 2.3465161e-24 1.4233273e-30
89102385 6.4130112e+17 5.6098766e+09 1.3980029e+09 1.5895112e+09 4.0000423e-24 2.3401535e-24 1.4156077e-30
89216702 6.4194242e+17 5.6097439e+09 1.3968214e+09 1.5876068e+09 3.9870732e-24 2.3338074e-24 1.4079303e-30
89331135 6.4258436e+17 5.6096115e+09 1.3956407e+09 1.5857052e+09 3.9741469e-24 2.3274777e-24 1.4002948e-30
89445686 6.4322695e+17 5.6094794e+09 1.3944608e+09 1.5838062e+09 3.9612634e-24 2.3211645e-24 1.3927011e-30
89560354 6.4387018e+17 5.6093475e+09 1.3932818e+09 1.5819099e+09 3.9484225e-24 2.3148676e-24 1.3851488e-30
89675139 6.4451405e+17 5.6092159e+09 1.3921037e+09 1.5800163e+09 3.935624e-24 2.308587e-24 1.3776378e-30
89790042 6.4515856e+17 5.6090845e+09 1.3909265e+09 1.5781254e+09 3.9228678e-24 2.3023227e-24 1.3701679e-30
89905062 6.4580372e+17 5.6089535e+09 1.3897501e+09 1.5762371e+09 3.9101537e-24 2.2960746e-24 1.3627388e-30
90020200 6.4644952e+17 5.6088227e+09 1.3885746e+09 1.5743515e+09 3.8974816e-24 2.2898427e-24 1.3553502e-30
90135456 6.4709597e+17 5.6086921e+09 1.3874e+09 1.5724686e+09 3.8848514e-24 2.283627e-24 1.3480021e-30
90250830 6.4774307e+17 5.6085618e+09 1.3862262e+09 1.5705883e+09 3.8722629e-24 2.2774275e-24 1.3406941e-30
90366321 6.4839081e+17 5.6084318e+09 1.3850533e+09 1.5687107e+09 3.859716e-24 2.271244e-24 1.333426e-30
90481931 6.490392e+17 5.608302e+09 1.3838812e+09 1.5668358e+09 3.8472105e-24 2.2650765e-24 1.3261976e-30
90597660 6.4968824e+17 5.6081726e+09 1.38271e+09 1.5649635e+09 3.8347463e-24 2.2589251e-24 1.3190087e-30
90713506 6.5033793e+17 5.6080433e+09 1.3815397e+09 1.5630938e+09 3.8223233e-24 2.2527896e-24 1.3118591e-30
90829472 6.5098827e+17 5.6079143e+09 1.3803703e+09 1.5612268e+09 3.8099413e-24 2.2466701e-24 1.3047486e-30
90945555 6.5163926e+17 5.6077856e+09 1.3792017e+09 1.5593624e+09 3.7976002e-24 2.2405664e-24 1.2976768e-30
91061758 6.5229089e+17 5.6076572e+09 1.3780339e+09 1.5575006e+09 3.7852998e-24 2.2344786e-24 1.2906438e-30
91178079 6.5294319e+17 5.607529e+09 1.3768671e+09 1.5556415e+09 3.77304e-24 2.2284066e-24 1.2836491e-30
91294520 6.5359613e+17 5.6074011e+09 1.375701e+09 1.5537849e+09 3.7608207e-24 2.2223504e-24 1.2766926e-30
91411079 6.5424973e+17 5.6072734e+09 1.3745359e+09 1.551931e+09 3.7486417e-24 2.21631e-24 1.2697742e-30
91527758 6.5490397e+17 5.607146e+09 1.3733716e+09 1.5500797e+09 3.7365029e-24 2.2102852e-24 1.2628935e-30
91644556 6.5555888e+17 5.6070188e+09 1.3722082e+09 1.548231e+09 3.7244042e-24 2.2042761e-24 1.2560504e-30
91761474 6.5621444e+17 5.6068919e+09 1.3710456e+09 1.5463849e+09 3.7123454e-24 2.1982827e-24 1.2492447e-30
91878511 6.5687065e+17 5.6067653e+09 1.3698839e+09 1.5445414e+09 3.7003263e-24 2.1923048e-24 1.2424761e-30
91995668 6.5752752e+17 5.6066389e+09 1.368723e+09 1.5427004e+09 3.688347e-24 2.1863425e-24 1.2357445e-30
92112944 6.5818505e+17 5.6065127e+09 1.367563e+09 1.5408621e+09 3.6764071e-24 2.1803957e-24 1.2290497e-30
92230341 6.5884324e+17 5.6063869e+09 1.3664038e+09 1.5390263e+09 3.6645067e-24 2.1744643e-24 1.2223914e-30
92347857 6.5950208e+17 5.6062612e+09 1.3652455e+09 1.5371932e+09 3.6526455e-24 2.1685484e-24 1.2157695e-30
92465494 6.6016158e+17 5.6061359e+09 1.3640881e+09 1.5353625e+09 3.6408234e-24 2.162648e-24 1.2091838e-30
92583251 6.6082174e+17 5.6060108e+09 1.3629315e+09 1.5335345e+09 3.6290404e-24 2.1567628e-24 1.202634e-30
92701128 6.6148256e+17 5.6058859e+09 1.3617758e+09 1.531709e+09 3.6172962e-24 2.150893e-24 1.19612e-30
92819126 6.6214405e+17 5.6057613e+09 1.3606209e+09 1.5298861e+09 3.6055907e-24 2.1450385e-24 1.1896415e-30
92937245 6.6280619e+17 5.6056369e+09 1.3594669e+09 1.5280657e+09 3.5939238e-24 2.1391993e-24 1.1831985e-30
93055484 6.63469e+17 5.6055128e+09 1.3583137e+09 1.5262479e+09 3.5822954e-24 2.1333752e-24 1.1767906e-30
93173844 6.6413247e+17 5.605389e+09 1.3571614e+09 1.5244326e+09 3.5707053e-24 2.1275664e-24 1.1704177e-30
93292325 6.647966e+17 5.6052653e+09 1.3560099e+09 1.5226199e+09 3.5591534e-24 2.1217727e-24 1.1640795e-30
93410927 6.6546139e+17 5.605142e+09 1.3548593e+09 1.5208097e+09 3.5476396e-24 2.1159941e-24 1.157776e-30
93529651 6.6612686e+17 5.6050189e+09 1.3537095e+09 1.519002e+09 3.5361638e-24 2.1102305e-24 1.1515069e-30
93648495 6.6679298e+17 5.604896e+09 1.3525606e+09 1.5171968e+09 3.5247258e-24 2.104482e-24 1.145272e-30
93767462 6.6745978e+17 5.6047734e+09 1.3514125e+09 1.5153942e+09 3.5133255e-24 2.0987485e-24 1.1390712e-30
93886549 6.6812724e+17 5.604651e+09 1.3502653e+09 1.5135941e+09 3.5019628e-24 2.09303e-24 1.1329042e-30
94005759 6.6879536e+17 5.6045289e+09 1.3491189e+09 1.5117965e+09 3.4906375e-24 2.0873263e-24 1.1267708e-30
94125090 6.6946416e+17 5.604407e+09 1.3479734e+09 1.5100014e+09 3.4793495e-24 2.0816376e-24 1.120671e-30
94244543 6.7013362e+17 5.6042854e+09 1.3468287e+09 1.5082088e+09 3.4680987e-24 2.0759637e-24 1.1146044e-30
94364118 6.7080376e+17 5.604164e+09 1.3456849e+09 1.5064187e+09 3.456885e-24 2.0703047e-24 1.1085709e-30
94483816 6.7147456e+17 5.6040429e+09 1.3445419e+09 1.5046311e+09 3.4457082e-24 2.0646604e-24 1.1025704e-30
94603635 6.7214603e+17 5.603922e+09 1.3433998e+09 1.502846e+09 3.4345683e-24 2.0590308e-24 1.0966026e-30
94723578 6.7281818e+17 5.6038014e+09 1.3422585e+09 1.5010634e+09 3.423465e-24 2.053416e-24 1.0906674e-30
94843642 6.73491e+17 5.603681e+09 1.341118e+09 1.4992832e+09 3.4123983e-24 2.0478158e-24 1.0847646e-30
94963829 6.7416449e+17 5.6035608e+09 1.3399784e+09 1.4975056e+09 3.4013681e-24 2.0422303e-24 1.078894e-30
95084139 6.7483865e+17 5.6034409e+09 1.3388397e+09 1.4957304e+09 3.3903742e-24 2.0366594e-24 1.0730554e-30
95204572 6.7551349e+17 5.6033212e+09 1.3377017e+09 1.4939577e+09 3.3794165e-24 2.031103e-24 1.0672487e-30
95325128 6.7618901e+17 5.6032018e+09 1.3365647e+09 1.4921874e+09 3.3684949e-24 2.0255612e-24 1.0614736e-30
95445807 6.768652e+17 5.6030826e+09 1.3354284e+09 1.4904196e+09 3.3576092e-24 2.0200339e-24 1.0557301e-30
95566610 6.7754206e+17 5.6029636e+09 1.334293e+09 1.4886543e+09 3.3467594e-24 2.014521e-24 1.0500179e-30
95687535 6.782196e+17 5.6028449e+09 1.3331585e+09 1.4868914e+09 3.3359453e-24 2.0090226e-24 1.0443369e-30
95808584 6.7889782e+17 5.6027264e+09 1.3320248e+09 1.485131e+09 3.3251668e-24 2.0035385e-24 1.0386869e-30
95929757 6.7957672e+17 5.6026082e+09 1.3308919e+09 1.483373e+09 3.3144238e-24 1.9980688e-24 1.0330677e-30
96051054 6.802563e+17 5.6024902e+09 1.3297599e+09 1.4816174e+09 3.3037161e-24 1.9926134e-24 1.0274791e-30
96172474 6.8093655e+17 5.6023724e+09 1.3286287e+09 1.4798643e+09 3.2930437e-24 1.9871723e-24 1.021921e-30
96294018 6.8161749e+17 5.6022549e+09 1.3274983e+09 1.4781136e+09 3.2824064e-24 1.9817455e-24 1.0163933e-30
96415687 6.8229911e+17 5.6021376e+09 1.3263688e+09 1.4763653e+09 3.2718041e-24 1.9763328e-24 1.0108957e-30
96537479 6.8298141e+17 5.6020206e+09 1.3252401e+09 1.4746194e+09 3.2612366e-24 1.9709344e-24 1.0054281e-30
96659396 6.8366439e+17 5.6019038e+09 1.3241123e+09 1.472876e+09 3.250704e-24 1.9655501e-24 9.9999032e-31
96781438 6.8434805e+17 5.6017872e+09 1.3229853e+09 1.471135e+09 3.240206e-24 1.9601799e-24 9.945822e-31
96903604 6.850324e+17 5.6016709e+09 1.3218591e+09 1.4693964e+09 3.2297426e-24 1.9548238e-24 9.8920357e-31
97025894 6.8571743e+17 5.6015547e+09 1.3207338e+09 1.4676602e+09 3.2193135e-24 1.9494817e-24 9.8385428e-31
97148310 6.8640315e+17 5.6014389e+09 1.3196093e+09 1.4659263e+09 3.2089188e-24 1.9441536e-24 9.7853416e-31
97270851 6.8708955e+17 5.6013232e+09 1.3184856e+09 1.4641949e+09 3.1985583e-24 1.9388395e-24 9.7324305e-31
97393516 6.8777664e+17 5.6012078e+09 1.3173628e+09 1.4624659e+09 3.1882318e-24 1.9335393e-24 9.6798079e-31
97516307 6.8846442e+17 5.6010927e+09 1.3162408e+09 1.4607393e+09 3.1779393e-24 1.9282531e-24 9.6274723e-31
97639223 6.8915288e+17 5.6009777e+09 1.3151196e+09 1.459015e+09 3.1676806e-24 1.9229807e-24 9.5754221e-31
97762265 6.8984204e+17 5.600863e+09 1.3139993e+09 1.4572932e+09 3.1574557e-24 1.9177221e-24 9.5236557e-31
97885432 6.9053188e+17 5.6007485e+09 1.3128798e+09 1.4555737e+09 3.1472644e-24 1.9124774e-24 9.4721715e-31
98008724 6.9122241e+17 5.6006343e+09 1.3117611e+09 1.4538565e+09 3.1371066e-24 1.9072464e-24 9.420968e-31
98132143 6.9191363e+17 5.6005203e+09 1.3106433e+09 1.4521418e+09 3.1269822e-24 1.9020292e-24 9.3700437e-31
98255688 6.9260555e+17 5.6004065e+09 1.3095262e+09 1.4504294e+09 3.1168911e-24 1.8968256e-24 9.3193971e-31
98379358 6.9329815e+17 5.6002929e+09 1.3084101e+09 1.4487193e+09 3.1068331e-24 1.8916358e-24 9.2690265e-31
98503155 6.9399145e+17 5.6001796e+09 1.3072947e+09 1.4470117e+09 3.0968082e-24 1.8864595e-24 9.2189305e-31
98627078 6.9468544e+17 5.6000665e+09 1.3061802e+09 1.4453063e+09 3.0868163e-24 1.8812969e-24 9.1691076e-31
98751127 6.9538013e+17 5.5999536e+09 1.3050665e+09 1.4436034e+09 3.0768571e-24 1.8761478e-24 9.1195563e-31
98875303 6.9607551e+17 5.599841e+09 1.3039536e+09 1.4419027e+09 3.0669308e-24 1.8710123e-24 9.0702751e-31
98999606 6.9677158e+17 5.5997285e+09 1.3028416e+09 1.4402044e+09 3.057037e-24 1.8658903e-24 9.0212625e-31
99124036 6.9746835e+17 5.5996164e+09 1.3017304e+09 1.4385084e+09 3.0471757e-24 1.8607817e-24 8.972517e-31
99248592 6.9816582e+17 5.5995044e+09 1.30062e+09 1.4368148e+09 3.0373469e-24 1.8556866e-24 8.9240372e-31
99373276 6.9886399e+17 5.5993926e+09 1.2995104e+09 1.4351235e+09 3.0275503e-24 1.8506048e-24 8.8758216e-31
99498086 6.9956285e+17 5.5992811e+09 1.2984017e+09 1.4334345e+09 3.0177859e-24 1.8455365e-24 8.8278688e-31
99623024 7.0026242e+17 5.5991698e+09 1.2972938e+09 1.4317478e+09 3.0080536e-24 1.8404815e-24 8.7801773e-31
99748090 7.0096268e+17 5.5990588e+09 1.2961867e+09 1.4300635e+09 2.9983532e-24 1.8354397e-24 8.7327456e-31
99873283 7.0166364e+17 5.5989479e+09 1.2950804e+09 1.4283814e+09 2.9886847e-24 1.8304113e-24 8.6855725e-31
99998603 7.023653e+17 5.5988373e+09 1.293975e+09 1.4267017e+09 2.979048e-24 1.8253961e-24 8.6386564e-31
1.0012405e+08 7.0306767e+17 5.5987269e+09 1.2928704e+09 1.4250242e+09 2.9694429e-24 1.8203941e-24 8.5919959e-31
1.0024963e+08 7.0377074e+17 5.5986167e+09 1.2917666e+09 1.4233491e+09 2.9598693e-24 1.8154052e-24 8.5455896e-31
1.0037533e+08 7.0447451e+17 5.5985068e+09 1.2906636e+09 1.4216762e+09 2.9503272e-24 1.8104296e-24 8.4994362e-31
1.0050117e+08 7.0517898e+17 5.5983971e+09 1.2895615e+09 1.4200057e+09 2.9408164e-24 1.805467e-24 8.4535342e-31
1.0062713e+08 7.0588416e+17 5.5982875e+09 1.2884601e+09 1.4183374e+09 2.9313368e-24 1.8005175e-24 8.4078823e-31
1.0075322e+08 7.0659005e+17 5.5981783e+09 1.2873596e+09 1.4166714e+09 2.9218884e-24 1.795581e-24 8.3624791e-31
1.0087943e+08 7.0729664e+17 5.5980692e+09 1.2862599e+09 1.4150077e+09 2.9124709e-24 1.7906575e-24 8.3173232e-31
1.0100578e+08 7.0800393e+17 5.5979603e+09 1.2851611e+09 1.4133463e+09 2.9030844e-24 1.7857471e-24 8.2724132e-31
1.0113225e+08 7.0871194e+17 5.5978517e+09 1.284063e+09 1.4116871e+09 2.8937286e-24 1.7808495e-24 8.2277479e-31
1.0125886e+08 7.0942065e+17 5.5977433e+09 1.2829658e+09 1.4100302e+09 2.8844036e-24 1.7759649e-24 8.1833259e-31
1.0138559e+08 7.1013007e+17 5.5976351e+09 1.2818694e+09 1.4083756e+09 2.8751092e-24 1.7710932e-24 8.1391459e-31
1.0151246e+08 7.108402e+17 5.5975271e+09 1.2807738e+09 1.4067232e+09 2.8658453e-24 1.7662343e-24 8.0952064e-31
1.0163945e+08 7.1155104e+17 5.5974194e+09 1.279679e+09 1.4050731e+09 2.8566117e-24 1.7613882e-24 8.0515062e-31
1.0176657e+08 7.1226259e+17 5.5973118e+09 1.278585e+09 1.4034252e+09 2.8474085e-24 1.756555e-24 8.0080441e-31
1.0189382e+08 7.1297485e+17 5.5972045e+09 1.2774919e+09 1.4017796e+09 2.8382355e-24 1.7517345e-24 7.9648186e-31
1.020212e+08 7.1368783e+17 5.5970974e+09 1.2763995e+09 1.4001362e+09 2.8290925e-24 1.7469267e-24 7.9218285e-31
1.0214871e+08 7.1440152e+17 5.5969905e+09 1.275308e+09 1.3984951e+09 2.8199795e-24 1.7421316e-24 7.8790725e-31
1.0227635e+08 7.1511592e+17 5.5968838e+09 1.2742173e+09 1.3968562e+09 2.8108965e-24 1.7373491e-24 7.8365493e-31
1.0240412e+08 7.1583103e+17 5.5967773e+09 1.2731274e+09 1.3952195e+09 2.8018432e-24 1.7325793e-24 7.7942576e-31
1.0253202e+08 7.1654686e+17 5.5966711e+09 1.2720383e+09 1.3935851e+09 2.7928196e-24 1.7278221e-24 7.7521962e-31
1.0266005e+08 7.1726341e+17 5.5965651e+09 1.2709501e+09 1.3919528e+09 2.7838256e-24 1.7230775e-24 7.7103637e-31
1.0278821e+08 7.1798067e+17 5.5964592e+09 1.2698626e+09 1.3903228e+09 2.7748611e-24 1.7183454e-24 7.668759e-31
1.0291651e+08 7.1869865e+17 5.5963536e+09 1.268776e+09 1.3886951e+09 2.765926e-24 1.7136258e-24 7.6273808e-31
1.0304493e+08 7.1941735e+17 5.5962482e+09 1.2676902e+09 1.3870695e+09 2.7570201e-24 1.7089186e-24 7.5862279e-31
1.0317348e+08 7.2013677e+17 5.596143e+09 1.2666051e+09 1.3854461e+09 2.7481435e-24 1.7042239e-24 7.545299e-31
1.0330217e+08 7.2085691e+17 5.5960381e+09 1.2655209e+09 1.383825e+09 2.739296e-24 1.6995417e-24 7.5045928e-31
1.0343098e+08 7.2157776e+17 5.5959333e+09 1.2644375e+09 1.382206e+09 2.7304774e-24 1.6948718e-24 7.4641082e-31
1.0355993e+08 7.2229934e+17 5.5958287e+09 1.2633549e+09 1.3805893e+09 2.7216878e-24 1.6902143e-24 7.423844e-31
1.0368901e+08 7.2302164e+17 5.5957244e+09 1.2622732e+09 1.3789747e+09 2.712927e-24 1.685569e-24 7.3837989e-31
1.0381822e+08 7.2374466e+17 5.5956203e+09 1.2611922e+09 1.3773624e+09 2.7041949e-24 1.6809361e-24 7.3439717e-31
1.0394756e+08 7.2446841e+17 5.5955163e+09 1.260112e+09 1.3757522e+09 2.6954914e-24 1.6763154e-24 7.3043613e-31
1.0407703e+08 7.2519288e+17 5.5954126e+09 1.2590327e+09 1.3741442e+09 2.6868164e-24 1.671707e-24 7.2649664e-31
1.0420664e+08 7.2591807e+17 5.5953091e+09 1.2579541e+09 1.3725384e+09 2.6781699e-24 1.6671108e-24 7.2257859e-31
1.0433637e+08 7.2664399e+17 5.5952058e+09 1.2568764e+09 1.3709347e+09 2.6695517e-24 1.6625267e-24 7.1868186e-31
1.0446624e+08 7.2737063e+17 5.5951027e+09 1.2557995e+09 1.3693333e+09 2.6609617e-24 1.6579548e-24 7.1480634e-31
1.0459624e+08 7.28098e+17 5.5949999e+09 1.2547233e+09 1.367734e+09 2.6523998e-24 1.6533949e-24 7.1095189e-31
1.0472638e+08 7.288261e+17 5.5948972e+09 1.253648e+09 1.3661368e+09 2.643866e-24 1.6488472e-24 7.0711842e-31
1.0485664e+08 7.2955493e+17 5.5947947e+09 1.2525735e+09 1.3645418e+09 2.6353602e-24 1.6443115e-24 7.0330581e-31
1.0498704e+08 7.3028448e+17 5.5946925e+09 1.2514998e+09 1.362949e+09 2.6268822e-24 1.6397878e-24 6.9951394e-31
1.0511757e+08 7.3101477e+17 5.5945904e+09 1.2504269e+09 1.3613584e+09 2.618432e-24 1.6352761e-24 6.9574269e-31
1.0524824e+08 7.3174578e+17 5.5944885e+09 1.2493547e+09 1.3597699e+09 2.6100094e-24 1.6307764e-24 6.9199196e-31
1.0537904e+08 7.3247753e+17 5.5943869e+09 1.2482834e+09 1.3581835e+09 2.6016145e-24 1.6262886e-24 6.8826163e-31
1.0550997e+08 7.3321e+17 5.5942855e+09 1.2472129e+09 1.3565993e+09 2.593247e-24 1.6218126e-24 6.8455159e-31
1.0564103e+08 7.3394321e+17 5.5941842e+09 1.2461432e+09 1.3550172e+09 2.5849069e-24 1.6173486e-24 6.8086173e-31
1.0577223e+08 7.3467716e+17 5.5940832e+09 1.2450743e+09 1.3534372e+09 2.5765941e-24 1.6128964e-24 6.7719194e-31
1.0590356e+08 7.3541183e+17 5.5939823e+09 1.2440062e+09 1.3518594e+09 2.5683086e-24 1.608456e-24 6.7354211e-31
1.0603502e+08 7.3614725e+17 5.5938817e+09 1.2429389e+09 1.3502837e+09 2.5600501e-24 1.6040274e-24 6.6991213e-31
1.0616662e+08 7.3688339e+17 5.5937813e+09 1.2418724e+09 1.3487102e+09 2.5518187e-24 1.5996105e-24 6.6630188e-31
1.0629835e+08 7.3762028e+17 5.5936811e+09 1.2408067e+09 1.3471387e+09 2.5436142e-24 1.5952054e-24 6.6271127e-31
1.0643022e+08 7.383579e+17 5.593581e+09 1.2397418e+09 1.3455694e+09 2.5354366e-24 1.5908119e-24 6.5914019e-31
1.0656222e+08 7.3909625e+17 5.5934812e+09 1.2386777e+09 1.3440022e+09 2.5272857e-24 1.5864301e-24 6.5558852e-31
1.0669436e+08 7.3983535e+17 5.5933816e+09 1.2376144e+09 1.3424371e+09 2.5191615e-24 1.58206e-24 6.5205616e-31
1.0682663e+08 7.4057519e+17 5.5932822e+09 1.2365519e+09 1.3408741e+09 2.5110639e-24 1.5777014e-24 6.4854301e-31
1.0695903e+08 7.4131576e+17 5.5931829e+09 1.2354902e+09 1.3393132e+09 2.5029928e-24 1.5733545e-24 6.4504895e-31
1.0709157e+08 7.4205708e+17 5.5930839e+09 1.2344293e+09 1.3377544e+09 2.4949481e-24 1.569019e-24 6.415739e-31
1.0722425e+08 7.4279913e+17 5.5929851e+09 1.2333692e+09 1.3361977e+09 2.4869297e-24 1.5646951e-24 6.3811773e-31
1.0735705e+08 7.4354193e+17 5.5928865e+09 1.2323098e+09 1.3346431e+09 2.4789376e-24 1.5603827e-24 6.3468035e-31
1.0749e+08 7.4428547e+17 5.592788e+09 1.2312513e+09 1.3330906e+09 2.4709716e-24 1.5560817e-24 6.3126166e-31
1.0762308e+08 7.4502976e+17 5.5926898e+09 1.2301936e+09 1.3315402e+09 2.4630316e-24 1.5517922e-24 6.2786154e-31
1.0775629e+08 7.4577479e+17 5.5925918e+09 1.2291366e+09 1.3299919e+09 2.4551176e-24 1.5475141e-24 6.2447991e-31
1.0788964e+08 7.4652056e+17 5.5924939e+09 1.2280805e+09 1.3284456e+09 2.4472295e-24 1.5432473e-24 6.2111666e-31
1.0802313e+08 7.4726709e+17 5.5923963e+09 1.2270251e+09 1.3269014e+09 2.4393672e-24 1.5389919e-24 6.1777168e-31
1.0815675e+08 7.4801435e+17 5.5922989e+09 1.2259706e+09 1.3253593e+09 2.4315306e-24 1.5347478e-24 6.1444489e-31
1.0829051e+08 7.4876237e+17 5.5922016e+09 1.2249168e+09 1.3238193e+09 2.4237196e-24 1.530515e-24 6.1113617e-31
1.084244e+08 7.4951113e+17 5.5921046e+09 1.2238638e+09 1.3222813e+09 2.4159341e-24 1.5262935e-24 6.0784543e-31
1.0855843e+08 7.5026064e+17 5.5920077e+09 1.2228117e+09 1.3207454e+09 2.4081741e-24 1.5220831e-24 6.0457258e-31
1.086926e+08 7.510109e+17 5.591911e+09 1.2217603e+09 1.3192115e+09 2.4004395e-24 1.517884e-24 6.013175e-31
1.088269e+08 7.5176191e+17 5.5918146e+09 1.2207097e+09 1.3176797e+09 2.3927302e-24 1.5136961e-24 5.9808012e-31
1.0896134e+08 7.5251367e+17 5.5917183e+09 1.2196599e+09 1.31615e+09 2.385046e-24 1.5095193e-24 5.9486032e-31
1.0909592e+08 7.5326619e+17 5.5916222e+09 1.2186108e+09 1.3146223e+09 2.377387e-24 1.5053537e-24 5.9165801e-31
1.0923063e+08 7.5401945e+17 5.5915263e+09 1.2175626e+09 1.3130966e+09 2.369753e-24 1.5011991e-24 5.884731e-31
1.0936548e+08 7.5477347e+17 5.5914306e+09 1.2165151e+09 1.311573e+09 2.3621439e-24 1.4970556e-24 5.853055e-31
1.0950047e+08 7.5552825e+17 5.5913351e+09 1.2154685e+09 1.3100514e+09 2.3545598e-24 1.4929231e-24 5.8215509e-31
1.096356e+08 7.5628377e+17 5.5912398e+09 1.2144226e+09 1.3085319e+09 2.3470003e-24 1.4888017e-24 5.7902181e-31
1.0977086e+08 7.5704006e+17 5.5911447e+09 1.2133775e+09 1.3070143e+09 2.3394656e-24 1.4846912e-24 5.7590554e-31
1.0990626e+08 7.577971e+17 5.5910498e+09 1.2123332e+09 1.3054988e+09 2.3319555e-24 1.4805916e-24 5.7280619e-31
1.100418e+08 7.585549e+17 5.590955e+09 1.2112897e+09 1.3039854e+09 2.32447e-24 1.476503e-24 5.6972368e-31
1.1017747e+08 7.5931345e+17 5.5908605e+09 1.210247e+09 1.3024739e+09 2.3170089e-24 1.4724253e-24 5.6665791e-31
1.1031328e+08 7.6007276e+17 5.5907661e+09 1.2092051e+09 1.3009645e+09 2.3095721e-24 1.4683585e-24 5.6360879e-31
1.1044924e+08 7.6083284e+17 5.590672e+09 1.2081639e+09 1.2994571e+09 2.3021597e-24 1.4643025e-24 5.6057622e-31
1.1058533e+08 7.6159367e+17 5.590578e+09 1.2071235e+09 1.2979517e+09 2.2947714e-24 1.4602574e-24 5.5756012e-31
1.1072155e+08 7.6235526e+17 5.5904842e+09 1.2060839e+09 1.2964483e+09 2.2874073e-24 1.456223e-24 5.545604e-31
1.1085792e+08 7.6311762e+17 5.5903906e+09 1.2050451e+09 1.2949469e+09 2.2800673e-24 1.4521993e-24 5.5157697e-31
1.1099443e+08 7.6388074e+17 5.5902972e+09 1.2040071e+09 1.2934475e+09 2.2727512e-24 1.4481865e-24 5.4860973e-31
1.1113107e+08 7.6464462e+17 5.5902039e+09 1.2029699e+09 1.2919502e+09 2.265459e-24 1.4441843e-24 5.4565861e-31
1.1126785e+08 7.6540926e+17 5.5901109e+09 1.2019334e+09 1.2904548e+09 2.2581906e-24 1.4401928e-24 5.427235e-31
1.1140477e+08 7.6617467e+17 5.590018e+09 1.2008977e+09 1.2889614e+09 2.2509459e-24 1.4362119e-24 5.3980433e-31
1.1154184e+08 7.6694085e+17 5.5899254e+09 1.1998628e+09 1.2874699e+09 2.2437249e-24 1.4322417e-24 5.3690101e-31
1.1167904e+08 7.6770779e+17 5.5898329e+09 1.1988287e+09 1.2859805e+09 2.2365274e-24 1.4282821e-24 5.3401344e-31
1.1181638e+08 7.6847549e+17 5.5897406e+09 1.1977954e+09 1.2844931e+09 2.2293535e-24 1.4243331e-24 5.3114155e-31
1.1195386e+08 7.6924397e+17 5.5896485e+09 1.1967628e+09 1.2830076e+09 2.2222029e-24 1.4203946e-24 5.2828524e-31
1.1209147e+08 7.7001321e+17 5.5895565e+09 1.1957311e+09 1.2815241e+09 2.2150757e-24 1.4164666e-24 5.2544444e-31
1.1222923e+08 7.7078323e+17 5.5894648e+09 1.1947001e+09 1.2800426e+09 2.2079718e-24 1.4125491e-24 5.2261906e-31
1.1236713e+08 7.7155401e+17 5.5893732e+09 1.1936698e+09 1.278563e+09 2.200891e-24 1.4086421e-24 5.19809e-31
1.1250517e+08 7.7232556e+17 5.5892819e+09 1.1926404e+09 1.2770854e+09 2.1938333e-24 1.4047455e-24 5.170142e-31
1.1264335e+08 7.7309789e+17 5.5891907e+09 1.1916117e+09 1.2756098e+09 2.1867987e-24 1.4008593e-24 5.1423456e-31
1.1278167e+08 7.7387099e+17 5.5890997e+09 1.1905838e+09 1.2741361e+09 2.179787e-24 1.3969836e-24 5.1147001e-31
1.1292013e+08 7.7464486e+17 5.5890088e+09 1.1895567e+09 1.2726644e+09 2.1727982e-24 1.3931182e-24 5.0872045e-31
1.1305874e+08 7.754195e+17 5.5889182e+09 1.1885304e+09 1.2711946e+09 2.1658322e-24 1.3892631e-24 5.0598581e-31
1.1319748e+08 7.7619492e+17 5.5888277e+09 1.1875048e+09 1.2697268e+09 2.1588889e-24 1.3854183e-24 5.0326601e-31
1.1333636e+08 7.7697112e+17 5.5887375e+09 1.18648e+09 1.268261e+09 2.1519682e-24 1.3815838e-24 5.0056096e-31
1.1347539e+08 7.7774809e+17 5.5886474e+09 1.185456e+09 1.266797e+09 2.1450701e-24 1.3777596e-24 4.9787059e-31
1.1361455e+08 7.7852584e+17 5.5885574e+09 1.1844328e+09 1.265335e+09 2.1381946e-24 1.3739456e-24 4.9519481e-31
1.1375386e+08 7.7930436e+17 5.5884677e+09 1.1834103e+09 1.263875e+09 2.1313414e-24 1.3701418e-24 4.9253355e-31
1.1389331e+08 7.8008367e+17 5.5883781e+09 1.1823886e+09 1.2624169e+09 2.1245106e-24 1.3663482e-24 4.8988672e-31
1.140329e+08 7.8086375e+17 5.5882888e+09 1.1813677e+09 1.2609607e+09 2.117702e-24 1.3625647e-24 4.8725425e-31
1.1417263e+08 7.8164461e+17 5.5881996e+09 1.1803476e+09 1.2595064e+09 2.1109157e-24 1.3587914e-24 4.8463605e-31
1.143125e+08 7.8242626e+17 5.5881105e+09 1.1793282e+09 1.2580541e+09 2.1041515e-24 1.3550282e-24 4.8203205e-31
1.1445252e+08 7.8320869e+17 5.5880217e+09 1.1783096e+09 1.2566037e+09 2.0974093e-24 1.351275e-24 4.7944218e-31
1.1459268e+08 7.8399189e+17 5.587933e+09 1.1772918e+09 1.2551552e+09 2.0906891e-24 1.3475319e-24 4.7686634e-31
1.1473298e+08 7.8477589e+17 5.5878446e+09 1.1762747e+09 1.2537086e+09 2.0839908e-24 1.3437988e-24 4.7430448e-31
1.1487342e+08 7.8556066e+17 5.5877562e+09 1.1752584e+09 1.2522639e+09 2.0773144e-24 1.3400758e-24 4.7175651e-31
1.1501401e+08 7.8634622e+17 5.5876681e+09 1.1742429e+09 1.2508211e+09 2.0706597e-24 1.3363627e-24 4.6922235e-31
1.1515474e+08 7.8713257e+17 5.5875802e+09 1.1732281e+09 1.2493803e+09 2.0640267e-24 1.3326595e-24 4.6670193e-31
1.1529561e+08 7.879197e+17 5.5874924e+09 1.1722141e+09 1.2479413e+09 2.0574153e-24 1.3289663e-24 4.6419517e-31
1.1543662e+08 7.8870762e+17 5.5874048e+09 1.1712009e+09 1.2465042e+09 2.0508254e-24 1.3252829e-24 4.6170201e-31
1.1557778e+08 7.8949633e+17 5.5873174e+09 1.1701885e+09 1.2450691e+09 2.044257e-24 1.3216095e-24 4.5922236e-31
1.1571908e+08 7.9028583e+17 5.5872301e+09 1.1691768e+09 1.2436358e+09 2.03771e-24 1.3179459e-24 4.5675615e-31
1.1586053e+08 7.9107611e+17 5.587143e+09 1.1681659e+09 1.2422044e+09 2.0311844e-24 1.3142921e-24 4.5430331e-31
1.1600212e+08 7.9186719e+17 5.5870561e+09 1.1671557e+09 1.2407749e+09 2.02468e-24 1.3106481e-24 4.5186376e-31
1.1614385e+08 7.9265905e+17 5.5869694e+09 1.1661463e+09 1.2393473e+09 2.0181968e-24 1.3070139e-24 4.4943744e-31
1.1628573e+08 7.9345171e+17 5.5868828e+09 1.1651377e+09 1.2379215e+09 2.0117347e-24 1.3033894e-24 4.4702427e-31
1.1642775e+08 7.9424517e+17 5.5867965e+09 1.1641299e+09 1.2364977e+09 2.0052936e-24 1.2997747e-24 4.4462417e-31
1.1656991e+08 7.9503941e+17 5.5867103e+09 1.1631228e+09 1.2350757e+09 1.9988735e-24 1.2961697e-24 4.4223708e-31
1.1671222e+08 7.9583445e+17 5.5866242e+09 1.1621164e+09 1.2336556e+09 1.9924744e-24 1.2925743e-24 4.3986292e-31
1.1685467e+08 7.9663028e+17 5.5865384e+09 1.1611109e+09 1.2322373e+09 1.986096e-24 1.2889886e-24 4.3750163e-31
1.1699727e+08 7.9742691e+17 5.5864527e+09 1.1601061e+09 1.2308209e+09 1.9797385e-24 1.2854125e-24 4.3515314e-31
1.1714002e+08 7.9822434e+17 5.5863671e+09 1.159102e+09 1.2294064e+09 1.9734016e-24 1.281846e-24 4.3281737e-31
1.172829e+08 7.9902257e+17 5.5862818e+09 1.1580988e+09 1.2279938e+09 1.9670854e-24 1.2782891e-24 4.3049425e-31
1.1742594e+08 7.9982159e+17 5.5861966e+09 1.1570962e+09 1.2265829e+09 1.9607897e-24 1.2747417e-24 4.2818372e-31
1.1756911e+08 8.0062141e+17 5.5861116e+09 1.1560945e+09 1.225174e+09 1.9545146e-24 1.2712039e-24 4.258857e-31
1.1771244e+08 8.0142203e+17 5.5860268e+09 1.1550935e+09 1.2237669e+09 1.9482598e-24 1.2676756e-24 4.2360014e-31
1.1785591e+08 8.0222345e+17 5.5859421e+09 1.1540933e+09 1.2223616e+09 1.9420254e-24 1.2641567e-24 4.2132695e-31
1.1799952e+08 8.0302568e+17 5.5858576e+09 1.1530938e+09 1.2209582e+09 1.9358113e-24 1.2606474e-24 4.1906608e-31
1.1814328e+08 8.038287e+17 5.5857733e+09 1.1520951e+09 1.2195566e+09 1.9296174e-24 1.2571474e-24 4.1681745e-31
1.1828719e+08 8.0463253e+17 5.5856891e+09 1.1510971e+09 1.2181569e+09 1.9234437e-24 1.2536568e-24 4.14581e-31
1.1843124e+08 8.0543716e+17 5.5856051e+09 1.1500999e+09 1.216759e+09 1.9172901e-24 1.2501757e-24 4.1235666e-31
1.1857544e+08 8.062426e+17 5.5855213e+09 1.1491035e+09 1.2153629e+09 1.9111565e-24 1.2467039e-24 4.1014437e-31
1.1871978e+08 8.0704884e+17 5.5854377e+09 1.1481078e+09 1.2139687e+09 1.9050428e-24 1.2432414e-24 4.0794406e-31
1.1886428e+08 8.0785589e+17 5.5853542e+09 1.1471129e+09 1.2125763e+09 1.898949e-24 1.2397882e-24 4.0575566e-31
1.1900891e+08 8.0866375e+17 5.5852709e+09 1.1461187e+09 1.2111857e+09 1.8928751e-24 1.2363443e-24 4.0357911e-31
1.191537e+08 8.0947241e+17 5.5851877e+09 1.1451253e+09 1.2097969e+09 1.8868209e-24 1.2329097e-24 4.0141435e-31
1.1929863e+08 8.1028188e+17 5.5851047e+09 1.1441327e+09 1.20841e+09 1.8807864e-24 1.2294843e-24 3.9926131e-31
1.1944371e+08 8.1109217e+17 5.5850219e+09 1.1431408e+09 1.2070248e+09 1.8747716e-24 1.2260682e-24 3.9711992e-31
1.1958894e+08 8.1190326e+17 5.5849393e+09 1.1421496e+09 1.2056415e+09 1.8687763e-24 1.2226612e-24 3.9499012e-31
1.1973431e+08 8.1271516e+17 5.5848568e+09 1.1411592e+09 1.20426e+09 1.8628004e-24 1.2192634e-24 3.9287186e-31
1.1987983e+08 8.1352788e+17 5.5847745e+09 1.1401696e+09 1.2028803e+09 1.8568441e-24 1.2158748e-24 3.9076506e-31
1.200255e+08 8.143414e+17 5.5846923e+09 1.1391807e+09 1.2015024e+09 1.8509071e-24 1.2124953e-24 3.8866966e-31
1.2017132e+08 8.1515575e+17 5.5846103e+09 1.1381926e+09 1.2001263e+09 1.8449894e-24 1.2091248e-24 3.8658561e-31
1.2031728e+08 8.159709e+17 5.5845285e+09 1.1372052e+09 1.1987519e+09 1.8390909e-24 1.2057635e-24 3.8451283e-31
1.204634e+08 8.1678687e+17 5.5844468e+09 1.1362186e+09 1.1973794e+09 1.8332116e-24 1.2024112e-24 3.8245128e-31
1.2060966e+08 8.1760366e+17 5.5843653e+09 1.1352327e+09 1.1960087e+09 1.8273514e-24 1.1990679e-24 3.8040088e-31
1.2075607e+08 8.1842126e+17 5.584284e+09 1.1342476e+09 1.1946397e+09 1.8215103e-24 1.1957337e-24 3.7836157e-31
1.2090262e+08 8.1923968e+17 5.5842028e+09 1.1332632e+09 1.1932726e+09 1.8156882e-24 1.1924084e-24 3.763333e-31
1.2104933e+08 8.2005892e+17 5.5841218e+09 1.1322796e+09 1.1919072e+09 1.809885e-24 1.1890921e-24 3.74316e-31
1.2119619e+08 8.2087898e+17 5.5840409e+09 1.1312967e+09 1.1905436e+09 1.8041006e-24 1.1857847e-24 3.7230962e-31
1.2134319e+08 8.2169986e+17 5.5839603e+09 1.1303146e+09 1.1891818e+09 1.798335e-24 1.1824862e-24 3.703141e-31
1.2149034e+08 8.2252156e+17 5.5838797e+09 1.1293332e+09 1.1878218e+09 1.7925882e-24 1.1791966e-24 3.6832937e-31
1.2163765e+08 8.2334408e+17 5.5837994e+09 1.1283526e+09 1.1864635e+09 1.7868601e-24 1.1759159e-24 3.6635538e-31
1.217851e+08 8.2416743e+17 5.5837192e+09 1.1273727e+09 1.185107e+09 1.7811505e-24 1.1726441e-24 3.6439206e-31
1.219327e+08 8.249916e+17 5.5836391e+09 1.1263936e+09 1.1837523e+09 1.7754595e-24 1.169381e-24 3.6243937e-31
1.2208045e+08 8.2581659e+17 5.5835592e+09 1.1254152e+09 1.1823993e+09 1.769787e-24 1.1661268e-24 3.6049724e-31
1.2222835e+08 8.266424e+17 5.5834795e+09 1.1244376e+09 1.1810481e+09 1.764133e-24 1.1628813e-24 3.5856561e-31
1.2237641e+08 8.2746905e+17 5.5834e+09 1.1234607e+09 1.1796986e+09 1.7584973e-24 1.1596446e-24 3.5664443e-31
1.2252461e+08 8.2829651e+17 5.5833205e+09 1.1224845e+09 1.1783509e+09 1.7528799e-24 1.1564167e-24 3.5473364e-31
1.2267296e+08 8.2912481e+17 5.5832413e+09 1.1215091e+09 1.177005e+09 1.7472807e-24 1.1531974e-24 3.5283318e-31
1.2282146e+08 8.2995394e+17 5.5831622e+09 1.1205345e+09 1.1756607e+09 1.7416997e-24 1.1499869e-24 3.5094301e-31
1.2297011e+08 8.3078389e+17 5.5830833e+09 1.1195606e+09 1.1743183e+09 1.7361369e-24 1.1467849e-24 3.4906305e-31
1.2311892e+08 8.3161467e+17 5.5830045e+09 1.1185874e+09 1.1729776e+09 1.7305921e-24 1.1435917e-24 3.4719325e-31
1.2326787e+08 8.3244629e+17 5.5829259e+09 1.117615e+09 1.1716386e+09 1.7250653e-24 1.1404071e-24 3.4533357e-31
1.2341698e+08 8.3327873e+17 5.5828474e+09 1.1166433e+09 1.1703014e+09 1.7195565e-24 1.137231e-24 3.4348394e-31
1.2356624e+08 8.3411201e+17 5.5827692e+09 1.1156724e+09 1.1689659e+09 1.7140655e-24 1.1340636e-24 3.4164431e-31
1.2371564e+08 8.3494613e+17 5.582691e+09 1.1147022e+09 1.1676321e+09 1.7085924e-24 1.1309047e-24 3.3981463e-31
1.238652e+08 8.3578107e+17 5.582613e+09 1.1137327e+09 1.1663001e+09 1.7031371e-24 1.1277543e-24 3.3799483e-31
1.2401491e+08 8.3661685e+17 5.5825352e+09 1.112764e+09 1.1649697e+09 1.6976994e-24 1.1246124e-24 3.3618488e-31
1.2416478e+08 8.3745347e+17 5.5824575e+09 1.1117961e+09 1.1636411e+09 1.6922794e-24 1.121479e-24 3.343847e-31
1.2431479e+08 8.3829092e+17 5.58238e+09 1.1108288e+09 1.1623143e+09 1.686877e-24 1.1183541e-24 3.3259426e-31
1.2446496e+08 8.3912921e+17 5.5823026e+09 1.1098623e+09 1.1609891e+09 1.6814921e-24 1.1152377e-24 3.308135e-31
1.2461528e+08 8.3996834e+17 5.5822254e+09 1.1088966e+09 1.1596657e+09 1.6761247e-24 1.1121297e-24 3.2904235e-31
1.2476575e+08 8.4080831e+17 5.5821484e+09 1.1079316e+09 1.158344e+09 1.6707747e-24 1.10903e-24 3.2728078e-31
1.2491638e+08 8.4164912e+17 5.5820715e+09 1.1069673e+09 1.157024e+09 1.6654421e-24 1.1059388e-24 3.2552873e-31
1.2506715e+08 8.4249077e+17 5.5819947e+09 1.1060038e+09 1.1557057e+09 1.6601268e-24 1.1028559e-24 3.2378615e-31
1.2521808e+08 8.4333326e+17 5.5819181e+09 1.105041e+09 1.1543891e+09 1.6548287e-24 1.0997813e-24 3.2205298e-31
1.2536917e+08 8.4417659e+17 5.5818417e+09 1.1040789e+09 1.1530742e+09 1.6495478e-24 1.0967151e-24 3.2032917e-31
1.255204e+08 8.4502077e+17 5.5817654e+09 1.1031176e+09 1.151761e+09 1.6442841e-24 1.0936571e-24 3.1861468e-31
1.2567179e+08 8.4586579e+17 5.5816893e+09 1.102157e+09 1.1504495e+09 1.6390374e-24 1.0906075e-24 3.1690946e-31
1.2582334e+08 8.4671166e+17 5.5816133e+09 1.1011972e+09 1.1491397e+09 1.6338077e-24 1.0875661e-24 3.1521344e-31
1.2597503e+08 8.4755837e+17 5.5815375e+09 1.1002381e+09 1.1478315e+09 1.628595e-24 1.0845329e-24 3.1352659e-31
1.2612688e+08 8.4840593e+17 5.5814618e+09 1.0992797e+09 1.1465251e+09 1.6233992e-24 1.0815079e-24 3.1184884e-31
1.2627889e+08 8.4925433e+17 5.5813863e+09 1.0983221e+09 1.1452204e+09 1.6182203e-24 1.0784911e-24 3.1018016e-31
1.2643105e+08 8.5010359e+17 5.5813109e+09 1.0973652e+09 1.1439173e+09 1.6130581e-24 1.0754825e-24 3.085205e-31
1.2658336e+08 8.5095369e+17 5.5812357e+09 1.096409e+09 1.1426159e+09 1.6079127e-24 1.072482e-24 3.0686979e-31
1.2673582e+08 8.5180464e+17 5.5811606e+09 1.0954535e+09 1.1413162e+09 1.602784e-24 1.0694897e-24 3.05228e-31
1.2688845e+08 8.5265645e+17 5.5810857e+09 1.0944988e+09 1.1400182e+09 1.5976719e-24 1.0665054e-24 3.0359508e-31
1.2704122e+08 8.535091e+17 5.5810109e+09 1.0935449e+09 1.1387219e+09 1.5925764e-24 1.0635292e-24 3.0197098e-31
1.2719415e+08 8.5436261e+17 5.5809363e+09 1.0925916e+09 1.1374272e+09 1.5874973e-24 1.0605611e-24 3.0035564e-31
1.2734724e+08 8.5521698e+17 5.5808618e+09 1.0916391e+09 1.1361342e+09 1.5824348e-24 1.0576011e-24 2.9874903e-31
1.2750048e+08 8.5607219e+17 5.5807875e+09 1.0906873e+09 1.1348428e+09 1.5773887e-24 1.054649e-24 2.9715109e-31
1.2765388e+08 8.5692827e+17 5.5807133e+09 1.0897363e+09 1.1335531e+09 1.5723589e-24 1.051705e-24 2.9556178e-31
1.2780743e+08 8.5778519e+17 5.5806393e+09 1.088786e+09 1.1322651e+09 1.5673454e-24 1.0487689e-24 2.9398105e-31
1.2796114e+08 8.5864298e+17 5.5805654e+09 1.0878364e+09 1.1309787e+09 1.5623482e-24 1.0458408e-24 2.9240885e-31
1.28115e+08 8.5950162e+17 5.5804917e+09 1.0868875e+09 1.129694e+09 1.5573671e-24 1.0429207e-24 2.9084514e-31
1.2826902e+08 8.6036112e+17 5.5804181e+09 1.0859394e+09 1.128411e+09 1.5524022e-24 1.0400084e-24 2.8928987e-31
1.2842319e+08 8.6122148e+17 5.5803446e+09 1.084992e+09 1.1271296e+09 1.5474534e-24 1.0371041e-24 2.87743e-31
1.2857752e+08 8.6208271e+17 5.5802713e+09 1.0840453e+09 1.1258498e+09 1.5425206e-24 1.0342076e-24 2.8620447e-31
1.2873201e+08 8.6294479e+17 5.5801982e+09 1.0830994e+09 1.1245717e+09 1.5376038e-24 1.031319e-24 2.8467425e-31
1.2888666e+08 8.6380773e+17 5.5801252e+09 1.0821542e+09 1.1232952e+09 1.532703e-24 1.0284382e-24 2.8315228e-31
1.2904146e+08 8.6467154e+17 5.5800523e+09 1.0812097e+09 1.1220204e+09 1.527818e-24 1.0255652e-24 2.8163853e-31
1.2919641e+08 8.6553621e+17 5.5799796e+09 1.0802659e+09 1.1207472e+09 1.5229488e-24 1.0227e-24 2.8013295e-31
1.2935153e+08 8.6640175e+17 5.5799071e+09 1.0793229e+09 1.1194756e+09 1.5180954e-24 1.0198426e-24 2.7863549e-31
1.295068e+08 8.6726815e+17 5.5798347e+09 1.0783806e+09 1.1182056e+09 1.5132577e-24 1.016993e-24 2.7714611e-31
1.2966223e+08 8.6813542e+17 5.5797624e+09 1.077439e+09 1.1169373e+09 1.5084357e-24 1.0141511e-24 2.7566477e-31
1.2981782e+08 8.6900355e+17 5.5796903e+09 1.0764981e+09 1.1156706e+09 1.5036293e-24 1.0113169e-24 2.7419142e-31
1.2997356e+08 8.6987256e+17 5.5796183e+09 1.075558e+09 1.1144056e+09 1.4988384e-24 1.0084904e-24 2.7272602e-31
1.3012946e+08 8.7074243e+17 5.5795464e+09 1.0746186e+09 1.1131422e+09 1.4940631e-24 1.0056716e-24 2.7126852e-31
1.3028552e+08 8.7161317e+17 5.5794747e+09 1.0736799e+09 1.1118803e+09 1.4893033e-24 1.0028604e-24 2.6981889e-31
1.3044174e+08 8.7248479e+17 5.5794032e+09 1.0727419e+09 1.1106201e+09 1.4845588e-24 1.0000569e-24 2.6837707e-31
1.3059811e+08 8.7335727e+17 5.5793318e+09 1.0718047e+09 1.1093615e+09 1.4798297e-24 9.9726094e-25 2.6694303e-31
1.3075465e+08 8.7423063e+17 5.5792605e+09 1.0708681e+09 1.1081046e+09 1.4751159e-24 9.9447261e-25 2.6551673e-31
1.3091134e+08 8.7510486e+17 5.5791894e+09 1.0699323e+09 1.1068492e+09 1.4704174e-24 9.9169186e-25 2.6409812e-31
1.3106819e+08 8.7597996e+17 5.5791184e+09 1.0689973e+09 1.1055954e+09 1.4657341e-24 9.8891867e-25 2.6268716e-31
1.312252e+08 8.7685594e+17 5.5790476e+09 1.0680629e+09 1.1043433e+09 1.4610659e-24 9.8615301e-25 2.6128381e-31
1.3138237e+08 8.777328e+17 5.5789769e+09 1.0671293e+09 1.1030927e+09 1.4564129e-24 9.8339487e-25 2.5988802e-31
1.315397e+08 8.7861053e+17 5.5789063e+09 1.0661963e+09 1.1018437e+09 1.4517749e-24 9.8064422e-25 2.5849976e-31
1.3169719e+08 8.7948914e+17 5.5788359e+09 1.0652641e+09 1.1005964e+09 1.4471519e-24 9.7790105e-25 2.5711899e-31
1.3185484e+08 8.8036863e+17 5.5787656e+09 1.0643327e+09 1.0993506e+09 1.4425439e-24 9.7516534e-25 2.5574566e-31
1.3201264e+08 8.81249e+17 5.5786955e+09 1.0634019e+09 1.0981064e+09 1.4379507e-24 9.7243707e-25 2.5437973e-31
1.3217061e+08 8.8213025e+17 5.5786255e+09 1.0624719e+09 1.0968638e+09 1.4333725e-24 9.6971622e-25 2.5302117e-31
1.3232874e+08 8.8301238e+17 5.5785556e+09 1.0615425e+09 1.0956228e+09 1.428809e-24 9.6700277e-25 2.5166994e-31
1.3248703e+08 8.8389539e+17 5.5784859e+09 1.0606139e+09 1.0943834e+09 1.4242603e-24 9.642967e-25 2.5032598e-31
1.3264547e+08 8.8477929e+17 5.5784163e+09 1.059686e+09 1.0931456e+09 1.4197264e-24 9.6159799e-25 2.4898927e-31
1.3280408e+08 8.8566407e+17 5.5783469e+09 1.0587589e+09 1.0919093e+09 1.4152071e-24 9.5890663e-25 2.4765977e-31
1.3296285e+08 8.8654973e+17 5.5782776e+09 1.0578324e+09 1.0906746e+09 1.4107024e-24 9.5622259e-25 2.4633743e-31
1.3312178e+08 8.8743628e+17 5.5782084e+09 1.0569067e+09 1.0894415e+09 1.4062123e-24 9.5354585e-25 2.4502222e-31
1.3328087e+08 8.8832372e+17 5.5781394e+09 1.0559816e+09 1.08821e+09 1.4017366e-24 9.508764e-25 2.4371409e-31
1.3344012e+08 8.8921204e+17 5.5780705e+09 1.0550573e+09 1.08698e+09 1.3972755e-24 9.4821421e-25 2.4241301e-31
1.3359953e+08 8.9010125e+17 5.5780018e+09 1.0541337e+09 1.0857516e+09 1.3928288e-24 9.4555927e-25 2.4111895e-31
1.337591e+08 8.9099135e+17 5.5779332e+09 1.0532108e+09 1.0845248e+09 1.3883965e-24 9.4291156e-25 2.3983186e-31
1.3391884e+08 8.9188235e+17 5.5778647e+09 1.0522887e+09 1.0832995e+09 1.3839785e-24 9.4027106e-25 2.385517e-31
1.3407874e+08 8.9277423e+17 5.5777964e+09 1.0513672e+09 1.0820758e+09 1.3795748e-24 9.3763775e-25 2.3727844e-31
1.3423879e+08 8.93667e+17 5.5777282e+09 1.0504465e+09 1.0808536e+09 1.3751853e-24 9.3501161e-25 2.3601204e-31
1.3439901e+08 8.9456067e+17 5.5776601e+09 1.0495264e+09 1.079633e+09 1.37081e-24 9.3239263e-25 2.3475246e-31
1.345594e+08 8.9545523e+17 5.5775922e+09 1.0486071e+09 1.078414e+09 1.3664489e-24 9.2978078e-25 2.3349967e-31
1.3471994e+08 8.9635069e+17 5.5775244e+09 1.0476885e+09 1.0771965e+09 1.3621018e-24 9.2717605e-25 2.3225362e-31
1.3488065e+08 8.9724704e+17 5.5774567e+09 1.0467706e+09 1.0759805e+09 1.3577688e-24 9.2457841e-25 2.3101429e-31
1.3504152e+08 8.9814428e+17 5.5773892e+09 1.0458534e+09 1.0747661e+09 1.3534498e-24 9.2198786e-25 2.2978163e-31
1.3520255e+08 8.9904243e+17 5.5773218e+09 1.0449369e+09 1.0735532e+09 1.3491448e-24 9.1940436e-25 2.2855561e-31
1.3536375e+08 8.9994147e+17 5.5772546e+09 1.0440212e+09 1.0723419e+09 1.3448537e-24 9.1682791e-25 2.2733619e-31
1.3552511e+08 9.0084141e+17 5.5771875e+09 1.0431061e+09 1.0711321e+09 1.3405764e-24 9.1425848e-25 2.2612334e-31
1.3568663e+08 9.0174225e+17 5.5771205e+09 1.0421917e+09 1.0699239e+09 1.336313e-24 9.1169606e-25 2.2491702e-31
1.3584832e+08 9.0264399e+17 5.5770536e+09 1.0412781e+09 1.0687172e+09 1.3320633e-24 9.0914062e-25 2.237172e-31
1.3601017e+08 9.0354664e+17 5.5769869e+09 1.0403652e+09 1.067512e+09 1.3278274e-24 9.0659215e-25 2.2252384e-31
1.3617218e+08 9.0445019e+17 5.5769203e+09 1.0394529e+09 1.0663083e+09 1.3236051e-24 9.0405063e-25 2.213369e-31
1.3633436e+08 9.0535464e+17 5.5768539e+09 1.0385414e+09 1.0651062e+09 1.3193965e-24 9.0151605e-25 2.2015635e-31
1.364967e+08 9.0625999e+17 5.5767876e+09 1.0376306e+09 1.0639056e+09 1.3152015e-24 8.9898838e-25 2.1898216e-31
1.366592e+08 9.0716625e+17 5.5767214e+09 1.0367205e+09 1.0627065e+09 1.31102e-24 8.9646761e-25 2.1781429e-31
1.3682188e+08 9.0807342e+17 5.5766553e+09 1.0358111e+09 1.0615089e+09 1.306852e-24 8.9395371e-25 2.166527e-31
1.3698471e+08 9.0898149e+17 5.5765894e+09 1.0349024e+09 1.0603129e+09 1.3026975e-24 8.9144668e-25 2.1549737e-31
1.3714771e+08 9.0989047e+17 5.5765236e+09 1.0339944e+09 1.0591183e+09 1.2985564e-24 8.8894648e-25 2.1434826e-31
1.3731087e+08 9.1080036e+17 5.576458e+09 1.0330871e+09 1.0579253e+09 1.2944287e-24 8.8645312e-25 2.1320533e-31
1.374742e+08 9.1171116e+17 5.5763924e+09 1.0321805e+09 1.0567338e+09 1.2903143e-24 8.8396655e-25 2.1206855e-31
1.376377e+08 9.1262287e+17 5.576327e+09 1.0312747e+09 1.0555438e+09 1.2862132e-24 8.8148678e-25 2.1093789e-31
1.3780136e+08 9.135355e+17 5.5762618e+09 1.0303695e+09 1.0543553e+09 1.2821254e-24 8.7901378e-25 2.0981332e-31
1.3796518e+08 9.1444903e+17 5.5761966e+09 1.029465e+09 1.0531683e+09 1.2780507e-24 8.7654753e-25 2.0869479e-31
1.3812918e+08 9.1536348e+17 5.5761316e+09 1.0285612e+09 1.0519828e+09 1.2739892e-24 8.7408802e-25 2.0758228e-31
1.3829333e+08 9.1627884e+17 5.5760668e+09 1.0276582e+09 1.0507988e+09 1.2699408e-24 8.7163523e-25 2.0647576e-31
1.3845766e+08 9.1719512e+17 5.576002e+09 1.0267558e+09 1.0496163e+09 1.2659054e-24 8.6918913e-25 2.053752e-31
1.3862215e+08 9.1811232e+17 5.5759374e+09 1.0258541e+09 1.0484353e+09 1.2618831e-24 8.6674972e-25 2.0428055e-31
1.387868e+08 9.1903043e+17 5.5758729e+09 1.0249532e+09 1.0472558e+09 1.2578738e-24 8.6431697e-25 2.031918e-31
1.3895163e+08 9.1994946e+17 5.5758086e+09 1.0240529e+09 1.0460778e+09 1.2538774e-24 8.6189088e-25 2.0210889e-31
1.3911661e+08 9.2086941e+17 5.5757443e+09 1.0231534e+09 1.0449012e+09 1.2498939e-24 8.5947141e-25 2.0103182e-31
1.3928177e+08 9.2179028e+17 5.5756802e+09 1.0222545e+09 1.0437262e+09 1.2459232e-24 8.5705855e-25 1.9996054e-31
1.3944709e+08 9.2271207e+17 5.5756163e+09 1.0213563e+09 1.0425526e+09 1.2419654e-24 8.546523e-25 1.9889502e-31
1.3961259e+08 9.2363478e+17 5.5755524e+09 1.0204588e+09 1.0413805e+09 1.2380203e-24 8.5225262e-25 1.9783523e-31
1.3977824e+08 9.2455842e+17 5.5754887e+09 1.0195621e+09 1.0402099e+09 1.234088e-24 8.498595e-25 1.9678114e-31
1.3994407e+08 9.2548298e+17 5.5754251e+09 1.018666e+09 1.0390407e+09 1.2301683e-24 8.4747292e-25 1.9573272e-31
1.4011006e+08 9.2640846e+17 5.5753617e+09 1.0177706e+09 1.0378731e+09 1.2262613e-24 8.4509287e-25 1.9468993e-31
1.4027622e+08 9.2733487e+17 5.5752983e+09 1.016876e+09 1.0367069e+09 1.2223669e-24 8.4271933e-25 1.9365276e-31
1.4044255e+08 9.282622e+17 5.5752351e+09 1.015982e+09 1.0355422e+09 1.2184851e-24 8.4035229e-25 1.9262116e-31
1.4060905e+08 9.2919046e+17 5.575172e+09 1.0150887e+09 1.0343789e+09 1.2146157e-24 8.3799172e-25 1.9159511e-31
1.4077572e+08 9.3011965e+17 5.5751091e+09 1.0141961e+09 1.0332171e+09 1.2107589e-24 8.3563761e-25 1.9057457e-31
1.4094255e+08 9.3104977e+17 5.5750462e+09 1.0133042e+09 1.0320568e+09 1.2069145e-24 8.3328994e-25 1.8955952e-31
1.4110955e+08 9.3198082e+17 5.5749835e+09 1.012413e+09 1.0308979e+09 1.2030825e-24 8.3094869e-25 1.8854993e-31
1.4127672e+08 9.329128e+17 5.5749209e+09 1.0115225e+09 1.0297405e+09 1.1992628e-24 8.2861385e-25 1.8754576e-31
1.4144407e+08 9.3384572e+17 5.5748585e+09 1.0106327e+09 1.0285846e+09 1.1954555e-24 8.2628541e-25 1.8654699e-31
1.4161158e+08 9.3477956e+17 5.5747962e+09 1.0097436e+09 1.0274301e+09 1.1916604e-24 8.2396333e-25 1.8555359e-31
1.4177926e+08 9.3571434e+17 5.5747339e+09 1.0088551e+09 1.026277e+09 1.1878775e-24 8.2164762e-25 1.8456553e-31
1.419471e+08 9.3665006e+17 5.5746719e+09 1.0079674e+09 1.0251254e+09 1.1841069e-24 8.1933824e-25 1.8358278e-31
1.4211512e+08 9.3758671e+17 5.5746099e+09 1.0070804e+09 1.0239753e+09 1.1803484e-24 8.1703519e-25 1.8260531e-31
1.4228331e+08 9.3852429e+17 5.5745481e+09 1.006194e+09 1.0228265e+09 1.1766021e-24 8.1473845e-25 1.8163309e-31
1.4245167e+08 9.3946282e+17 5.5744863e+09 1.0053084e+09 1.0216793e+09 1.1728678e-24 8.12448e-25 1.806661e-31
1.426202e+08 9.4040228e+17 5.5744248e+09 1.0044234e+09 1.0205335e+09 1.1691455e-24 8.1016382e-25 1.797043e-31
1.427889e+08 9.4134268e+17 5.5743633e+09 1.0035391e+09 1.0193891e+09 1.1654352e-24 8.078859e-25 1.7874767e-31
1.4295777e+08 9.4228403e+17 5.5743019e+09 1.0026555e+09 1.0182461e+09 1.1617369e-24 8.0561422e-25 1.7779618e-31
1.4312681e+08 9.4322631e+17 5.5742407e+09 1.0017726e+09 1.0171046e+09 1.1580505e-24 8.0334876e-25 1.7684981e-31
1.4329602e+08 9.4416954e+17 5.5741796e+09 1.0008904e+09 1.0159645e+09 1.154376e-24 8.0108952e-25 1.7590851e-31
1.434654e+08 9.4511371e+17 5.5741186e+09 1.0000089e+09 1.0148259e+09 1.1507133e-24 7.9883646e-25 1.7497228e-31
1.4363496e+08 9.4605882e+17 5.5740578e+09 9.9912808e+08 1.0136886e+09 1.1470625e-24 7.9658958e-25 1.7404107e-31
1.4380468e+08 9.4700488e+17 5.5739971e+09 9.9824794e+08 1.0125528e+09 1.1434234e-24 7.9434886e-25 1.7311486e-31
1.4397458e+08 9.4795188e+17 5.5739364e+09 9.9736849e+08 1.0114184e+09 1.139796e-24 7.9211429e-25 1.7219363e-31
1.4414465e+08 9.4889983e+17 5.573876e+09 9.9648972e+08 1.0102855e+09 1.1361803e-24 7.8988584e-25 1.7127735e-31
1.4431489e+08 9.4984873e+17 5.5738156e+09 9.9561164e+08 1.0091539e+09 1.1325762e-24 7.876635e-25 1.7036598e-31
1.444853e+08 9.5079858e+17 5.5737553e+09 9.9473425e+08 1.0080238e+09 1.1289837e-24 7.8544726e-25 1.6945951e-31
1.4465589e+08 9.5174938e+17 5.5736952e+09 9.9385754e+08 1.0068951e+09 1.1254029e-24 7.8323709e-25 1.6855791e-31
1.4482664e+08 9.5270113e+17 5.5736352e+09 9.9298152e+08 1.0057678e+09 1.1218335e-24 7.8103299e-25 1.6766115e-31
1.4499757e+08 9.5365383e+17 5.5735753e+09 9.9210618e+08 1.0046419e+09 1.1182757e-24 7.7883494e-25 1.6676921e-31
1.4516868e+08 9.5460749e+17 5.5735155e+09 9.9123153e+08 1.0035175e+09 1.1147293e-24 7.7664291e-25 1.6588205e-31
1.4533995e+08 9.5556209e+17 5.5734559e+09 9.9035756e+08 1.0023944e+09 1.1111943e-24 7.7445691e-25 1.6499966e-31
1.455114e+08 9.5651766e+17 5.5733963e+09 9.8948428e+08 1.0012727e+09 1.1076707e-24 7.722769e-25 1.64122e-31
1.4568302e+08 9.5747417e+17 5.5733369e+09 9.8861168e+08 1.0001525e+09 1.1041584e-24 7.7010287e-25 1.6324906e-31
1.4585482e+08 9.5843165e+17 5.5732776e+09 9.8773976e+08 9.990336e+08 1.1006575e-24 7.6793481e-25 1.623808e-31
1.4602679e+08 9.5939008e+17 5.5732184e+09 9.8686852e+08 9.9791613e+08 1.0971678e-24 7.657727e-25 1.615172e-31
1.4619893e+08 9.6034947e+17 5.5731594e+09 9.8599797e+08 9.9680006e+08 1.0936894e-24 7.6361653e-25 1.6065824e-31
1.4637125e+08 9.6130982e+17 5.5731004e+09 9.851281e+08 9.9568538e+08 1.0902221e-24 7.6146628e-25 1.5980389e-31
1.4654374e+08 9.6227113e+17 5.5730416e+09 9.8425891e+08 9.945721e+08 1.086766e-24 7.5932193e-25 1.5895412e-31
1.467164e+08 9.632334e+17 5.5729829e+09 9.833904e+08 9.934602e+08 1.0833211e-24 7.5718347e-25 1.5810892e-31
1.4688924e+08 9.6419663e+17 5.5729243e+09 9.8252257e+08 9.9234969e+08 1.0798872e-24 7.5505089e-25 1.5726825e-31
1.4706226e+08 9.6516083e+17 5.5728659e+09 9.8165542e+08 9.9124057e+08 1.0764643e-24 7.5292416e-25 1.5643209e-31
1.4723545e+08 9.6612599e+17 5.5728075e+09 9.8078896e+08 9.9013283e+08 1.0730525e-24 7.5080328e-25 1.5560041e-31
1.4740881e+08 9.6709212e+17 5.5727493e+09 9.7992317e+08 9.8902647e+08 1.0696517e-24 7.4868822e-25 1.547732e-31
1.4758235e+08 9.6805921e+17 5.5726911e+09 9.7905806e+08 9.8792149e+08 1.0662618e-24 7.4657898e-25 1.5395043e-31
1.4775607e+08 9.6902727e+17 5.5726331e+09 9.7819362e+08 9.8681789e+08 1.0628828e-24 7.4447553e-25 1.5313207e-31
1.4792996e+08 9.699963e+17 5.5725752e+09 9.7732987e+08 9.8571566e+08 1.0595147e-24 7.4237786e-25 1.523181e-31
1.4810402e+08 9.7096629e+17 5.5725175e+09 9.7646679e+08 9.846148e+08 1.0561574e-24 7.4028595e-25 1.515085e-31
1.4827827e+08 9.7193726e+17 5.5724598e+09 9.756044e+08 9.8351532e+08 1.0528109e-24 7.381998e-25 1.5070324e-31
1.4845268e+08 9.729092e+17 5.5724022e+09 9.7474267e+08 9.824172e+08 1.0494752e-24 7.3611939e-25 1.499023e-31
1.4862728e+08 9.738821e+17 5.5723448e+09 9.7388163e+08 9.8132046e+08 1.0461502e-24 7.3404469e-25 1.4910565e-31
1.4880205e+08 9.7485599e+17 5.5722875e+09 9.7302126e+08 9.8022507e+08 1.0428359e-24 7.319757e-25 1.4831328e-31
1.48977e+08 9.7583084e+17 5.5722303e+09 9.7216156e+08 9.7913105e+08 1.0395323e-24 7.2991239e-25 1.4752516e-31
1.4915212e+08 9.7680667e+17 5.5721732e+09 9.7130254e+08 9.7803839e+08 1.0362392e-24 7.2785476e-25 1.4674127e-31
1.4932742e+08 9.7778348e+17 5.5721162e+09 9.704442e+08 9.7694709e+08 1.0329568e-24 7.258028e-25 1.4596157e-31
1.495029e+08 9.7876126e+17 5.5720594e+09 9.6958653e+08 9.7585714e+08 1.0296849e-24 7.2375647e-25 1.4518606e-31
1.4967855e+08 9.7974002e+17 5.5720026e+09 9.6872953e+08 9.7476855e+08 1.0264236e-24 7.2171578e-25 1.4441471e-31
1.4985439e+08 9.8071976e+17 5.571946e+09 9.6787321e+08 9.7368132e+08 1.0231727e-24 7.196807e-25 1.4364749e-31
1.500304e+08 9.8170048e+17 5.5718895e+09 9.6701756e+08 9.7259543e+08 1.0199323e-24 7.1765122e-25 1.4288439e-31
1.5020658e+08 9.8268219e+17 5.571833e+09 9.6616258e+08 9.7151089e+08 1.0167023e-24 7.1562732e-25 1.4212537e-31
1.5038295e+08 9.8366487e+17 5.5717767e+09 9.6530828e+08 9.704277e+08 1.0134827e-24 7.13609e-25 1.4137043e-31
1.5055949e+08 9.8464853e+17 5.5717206e+09 9.6445465e+08 9.6934585e+08 1.0102734e-24 7.1159623e-25 1.4061953e-31
1.5073622e+08 9.8563318e+17 5.5716645e+09 9.6360168e+08 9.6826535e+08 1.0070744e-24 7.09589e-25 1.3987266e-31
1.5091312e+08 9.8661881e+17 5.5716085e+09 9.6274939e+08 9.6718619e+08 1.0038858e-24 7.075873e-25 1.3912979e-31
1.510902e+08 9.8760543e+17 5.5715527e+09 9.6189777e+08 9.6610836e+08 1.0007073e-24 7.0559111e-25 1.383909e-31
1.5126746e+08 9.8859304e+17 5.5714969e+09 9.6104682e+08 9.6503187e+08 9.9753913e-25 7.0360042e-25 1.3765598e-31
1.5144489e+08 9.8958163e+17 5.5714413e+09 9.6019654e+08 9.6395672e+08 9.943811e-25 7.0161521e-25 1.3692499e-31
1.5162251e+08 9.9057121e+17 5.5713858e+09 9.5934693e+08 9.628829e+08 9.9123321e-25 6.9963546e-25 1.3619791e-31
1.5180031e+08 9.9156178e+17 5.5713304e+09 9.5849799e+08 9.6181041e+08 9.8809544e-25 6.9766117e-25 1.3547474e-31
1.5197828e+08 9.9255335e+17 5.5712751e+09 9.5764972e+08 9.6073925e+08 9.8496775e-25 6.9569232e-25 1.3475544e-31
1.5215644e+08 9.935459e+17 5.5712199e+09 9.5680211e+08 9.5966941e+08 9.8185011e-25 6.9372889e-25 1.3403999e-31
1.5233477e+08 9.9453945e+17 5.5711648e+09 9.5595517e+08 9.5860091e+08 9.7874248e-25 6.9177087e-25 1.3332838e-31
1.5251329e+08 9.9553398e+17 5.5711099e+09 9.551089e+08 9.5753372e+08 9.7564484e-25 6.8981825e-25 1.3262058e-31
1.5269199e+08 9.9652952e+17 5.571055e+09 9.542633e+08 9.5646785e+08 9.7255714e-25 6.8787101e-25 1.3191657e-31
1.5287086e+08 9.9752605e+17 5.5710003e+09 9.5341836e+08 9.5540331e+08 9.6947936e-25 6.8592914e-25 1.3121633e-31
1.5304992e+08 9.9852357e+17 5.5709456e+09 9.5257409e+08 9.5434008e+08 9.6641147e-25 6.8399261e-25 1.3051984e-31
1.5322916e+08 9.995221e+17 5.5708911e+09 9.5173049e+08 9.5327816e+08 9.6335343e-25 6.8206143e-25 1.2982709e-31
1.5340857e+08 1.0005216e+18 5.5708367e+09 9.5088755e+08 9.5221756e+08 9.6030521e-25 6.8013557e-25 1.2913804e-31
1.5358817e+08 1.0015221e+18 5.5707824e+09 9.5004527e+08 9.5115827e+08 9.5726678e-25 6.7821502e-25 1.2845268e-31
1.5376796e+08 1.0025237e+18 5.5707282e+09 9.4920366e+08 9.5010029e+08 9.542381e-25 6.7629977e-25 1.27771e-31
1.5394792e+08 1.0035262e+18 5.5706741e+09 9.4836271e+08 9.4904362e+08 9.5121915e-25 6.743898e-25 1.2709296e-31
1.5412806e+08 1.0045297e+18 5.5706201e+09 9.4752243e+08 9.4798825e+08 9.4820989e-25 6.7248509e-25 1.2641856e-31
1.5430839e+08 1.0055342e+18 5.5705662e+09 9.4668281e+08 9.4693419e+08 9.452103e-25 6.7058564e-25 1.2574777e-31
1.544889e+08 1.0065398e+18 5.5705124e+09 9.4584385e+08 9.4588143e+08 9.4222033e-25 6.6869143e-25 1.2508057e-31
1.5466959e+08 1.0075463e+18 5.5704588e+09 9.4500556e+08 9.4482996e+08 9.3923996e-25 6.6680245e-25 1.2441694e-31
1.5485046e+08 1.0085539e+18 5.5704052e+09 9.4416793e+08 9.437798e+08 9.3626915e-25 6.6491868e-25 1.2375686e-31
1.5503152e+08 1.0095624e+18 5.5703518e+09 9.4333095e+08 9.4273093e+08 9.3330788e-25 6.630401e-25 1.2310032e-31
1.5521276e+08 1.010572e+18 5.5702984e+09 9.4249464e+08 9.4168336e+08 9.3035612e-25 6.6116671e-25 1.2244729e-31
1.5539418e+08 1.0115826e+18 5.5702452e+09 9.41659e+08 9.4063707e+08 9.2741383e-25 6.5929849e-25 1.2179776e-31
1.5557578e+08 1.0125941e+18 5.5701921e+09 9.4082401e+08 9.3959208e+08 9.2448098e-25 6.5743543e-25 1.211517e-31
1.5575757e+08 1.0136067e+18 5.570139e+09 9.3998968e+08 9.3854838e+08 9.2155754e-25 6.5557751e-25 1.2050911e-31
1.5593954e+08 1.0146203e+18 5.5700861e+09 9.3915601e+08 9.3750596e+08 9.1864349e-25 6.5372472e-25 1.1986995e-31
1.561217e+08 1.015635e+18 5.5700333e+09 9.38323e+08 9.3646483e+08 9.1573878e-25 6.5187704e-25 1.1923421e-31
1.5630404e+08 1.0166506e+18 5.5699806e+09 9.3749064e+08 9.3542497e+08 9.1284339e-25 6.5003447e-25 1.1860188e-31
1.5648656e+08 1.0176672e+18 5.569928e+09 9.3665895e+08 9.3438641e+08 9.0995729e-25 6.4819698e-25 1.1797293e-31
1.5666927e+08 1.0186849e+18 5.5698755e+09 9.3582792e+08 9.3334911e+08 9.0708045e-25 6.4636457e-25 1.1734734e-31
1.5685216e+08 1.0197036e+18 5.5698231e+09 9.3499754e+08 9.323131e+08 9.0421284e-25 6.4453722e-25 1.1672511e-31
1.5703524e+08 1.0207233e+18 5.5697708e+09 9.3416782e+08 9.3127836e+08 9.0135443e-25 6.4271492e-25 1.161062e-31
1.572185e+08 1.021744e+18 5.5697186e+09 9.3333875e+08 9.302449e+08 8.9850519e-25 6.4089765e-25 1.154906e-31
1.5740194e+08 1.0227658e+18 5.5696665e+09 9.3251034e+08 9.292127e+08 8.9566508e-25 6.3908541e-25 1.148783e-31
1.5758557e+08 1.0237885e+18 5.5696145e+09 9.3168259e+08 9.2818178e+08 8.9283408e-25 6.3727817e-25 1.1426927e-31
1.5776939e+08 1.0248123e+18 5.5695627e+09 9.3085549e+08 9.2715212e+08 8.9001217e-25 6.3547592e-25 1.136635e-31
1.5795339e+08 1.0258371e+18 5.5695109e+09 9.3002905e+08 9.2612373e+08 8.871993e-25 6.3367866e-25 1.1306097e-31
1.5813758e+08 1.026863e+18 5.5694592e+09 9.2920326e+08 9.2509661e+08 8.8439545e-25 6.3188636e-25 1.1246166e-31
1.5832196e+08 1.0278898e+18 5.5694077e+09 9.2837813e+08 9.2407074e+08 8.8160059e-25 6.3009902e-25 1.1186556e-31
1.5850652e+08 1.0289177e+18 5.5693562e+09 9.2755365e+08 9.2304614e+08 8.7881469e-25 6.2831662e-25 1.1127265e-31
1.5869126e+08 1.0299466e+18 5.5693048e+09 9.2672983e+08 9.2202279e+08 8.7603773e-25 6.2653914e-25 1.106829e-31
1.5887619e+08 1.0309766e+18 5.5692536e+09 9.2590665e+08 9.210007e+08 8.7326966e-25 6.2476659e-25 1.1009632e-31
1.5906131e+08 1.0320076e+18 5.5692024e+09 9.2508413e+08 9.1997987e+08 8.7051047e-25 6.2299893e-25 1.0951286e-31
1.5924662e+08 1.0330396e+18 5.5691514e+09 9.2426227e+08 9.1896029e+08 8.6776013e-25 6.2123616e-25 1.0893253e-31
1.5943211e+08 1.0340726e+18 5.5691004e+09 9.2344105e+08 9.1794196e+08 8.650186e-25 6.1947827e-25 1.083553e-31
1.5961779e+08 1.0351067e+18 5.5690496e+09 9.2262048e+08 9.1692488e+08 8.6228586e-25 6.1772524e-25 1.0778116e-31
1.5980366e+08 1.0361418e+18 5.5689988e+09 9.2180057e+08 9.1590905e+08 8.5956188e-25 6.1597705e-25 1.0721009e-31
1.5998972e+08 1.0371779e+18 5.5689482e+09 9.2098131e+08 9.1489446e+08 8.5684662e-25 6.1423371e-25 1.0664207e-31
1.6017596e+08 1.0382151e+18 5.5688976e+09 9.2016269e+08 9.1388112e+08 8.5414007e-25 6.1249519e-25 1.0607708e-31
1.6036239e+08 1.0392533e+18 5.5688472e+09 9.1934473e+08 9.1286902e+08 8.5144219e-25 6.1076148e-25 1.0551512e-31
1.6054901e+08 1.0402926e+18 5.5687968e+09 9.1852742e+08 9.1185816e+08 8.4875296e-25 6.0903256e-25 1.0495616e-31
1.6073582e+08 1.0413329e+18 5.5687466e+09 9.1771075e+08 9.1084853e+08 8.4607234e-25 6.0730843e-25 1.0440019e-31
1.6092281e+08 1.0423742e+18 5.5686964e+09 9.1689473e+08 9.0984015e+08 8.4340031e-25 6.0558908e-25 1.0384719e-31
1.6111e+08 1.0434166e+18 5.5686464e+09 9.1607937e+08 9.08833e+08 8.4073684e-25 6.0387448e-25 1.0329715e-31
1.6129737e+08 1.04446e+18 5.5685964e+09 9.1526464e+08 9.0782708e+08 8.3808191e-25 6.0216463e-25 1.0275004e-31
1.6148493e+08 1.0455045e+18 5.5685466e+09 9.1445057e+08 9.068224e+08 8.3543548e-25 6.0045952e-25 1.0220586e-31
1.6167268e+08 1.04655e+18 5.5684968e+09 9.1363715e+08 9.0581894e+08 8.3279752e-25 5.9875912e-25 1.0166459e-31
1.6186063e+08 1.0475965e+18 5.5684472e+09 9.1282437e+08 9.0481671e+08 8.3016802e-25 5.9706343e-25 1.011262e-31
1.6204876e+08 1.0486441e+18 5.5683976e+09 9.1201223e+08 9.0381571e+08 8.2754694e-25 5.9537244e-25 1.005907e-31
1.6223708e+08 1.0496927e+18 5.5683482e+09 9.1120074e+08 9.0281593e+08 8.2493425e-25 5.9368614e-25 1.0005806e-31
1.6242559e+08 1.0507424e+18 5.5682988e+09 9.103899e+08 9.0181738e+08 8.2232993e-25 5.920045e-25 9.9528259e-32
1.6261429e+08 1.0517932e+18 5.5682496e+09 9.095797e+08 9.0082004e+08 8.1973395e-25 5.9032752e-25 9.9001292e-32
1.6280318e+08 1.052845e+18 5.5682004e+09 9.0877015e+08 8.9982393e+08 8.1714628e-25 5.8865519e-25 9.847714e-32
1.6299226e+08 1.0538978e+18 5.5681514e+09 9.0796124e+08 8.9882903e+08 8.145669e-25 5.8698749e-25 9.7955788e-32
1.6318153e+08 1.0549517e+18 5.5681024e+09 9.0715297e+08 8.9783534e+08 8.1199577e-25 5.8532442e-25 9.743722e-32
1.63371e+08 1.0560067e+18 5.5680536e+09 9.0634535e+08 8.9684287e+08 8.0943288e-25 5.8366595e-25 9.6921422e-32
1.6356065e+08 1.0570627e+18 5.5680048e+09 9.0553837e+08 8.9585162e+08 8.068782e-25 5.8201208e-25 9.640838e-32
1.637505e+08 1.0581197e+18 5.5679561e+09 9.0473204e+08 8.9486157e+08 8.0433169e-25 5.8036279e-25 9.5898077e-32
1.6394054e+08 1.0591779e+18 5.5679075e+09 9.0392634e+08 8.9387273e+08 8.0179333e-25 5.7871807e-25 9.5390499e-32
1.6413076e+08 1.060237e+18 5.5678591e+09 9.0312129e+08 8.928851e+08 7.992631e-25 5.7707792e-25 9.4885632e-32
1.6432119e+08 1.0612973e+18 5.5678107e+09 9.0231688e+08 8.9189867e+08 7.9674097e-25 5.7544231e-25 9.4383461e-32
1.645118e+08 1.0623586e+18 5.5677624e+09 9.0151311e+08 8.9091345e+08 7.9422691e-25 5.7381123e-25 9.3883971e-32
1.647026e+08 1.0634209e+18 5.5677142e+09 9.0070998e+08 8.8992942e+08 7.9172089e-25 5.7218468e-25 9.3387148e-32
1.648936e+08 1.0644844e+18 5.5676661e+09 8.9990749e+08 8.889466e+08 7.892229e-25 5.7056264e-25 9.2892978e-32
1.6508479e+08 1.0655488e+18 5.5676181e+09 8.9910564e+08 8.8796497e+08 7.867329e-25 5.689451e-25 9.2401446e-32
1.6527618e+08 1.0666144e+18 5.5675702e+09 8.9830442e+08 8.8698455e+08 7.8425086e-25 5.6733204e-25 9.1912538e-32
1.6546775e+08 1.067681e+18 5.5675224e+09 8.9750385e+08 8.8600531e+08 7.8177677e-25 5.6572346e-25 9.142624e-32
1.6565952e+08 1.0687487e+18 5.5674747e+09 8.9670392e+08 8.8502727e+08 7.793106e-25 5.6411934e-25 9.0942538e-32
1.6585148e+08 1.0698174e+18 5.5674271e+09 8.9590462e+08 8.8405042e+08 7.7685231e-25 5.6251967e-25 9.0461417e-32
1.6604364e+08 1.0708872e+18 5.5673796e+09 8.9510596e+08 8.8307476e+08 7.7440189e-25 5.6092445e-25 8.9982865e-32
1.6623599e+08 1.0719581e+18 5.5673322e+09 8.9430794e+08 8.8210029e+08 7.7195931e-25 5.5933364e-25 8.9506866e-32
1.6642854e+08 1.0730301e+18 5.5672848e+09 8.9351056e+08 8.81127e+08 7.6952454e-25 5.5774726e-25 8.9033408e-32
1.6662127e+08 1.0741031e+18 5.5672376e+09 8.9271381e+08 8.801549e+08 7.6709756e-25 5.5616527e-25 8.8562477e-32
1.6681421e+08 1.0751772e+18 5.5671905e+09 8.919177e+08 8.7918398e+08 7.6467834e-25 5.5458768e-25 8.8094059e-32
1.6700733e+08 1.0762524e+18 5.5671434e+09 8.9112223e+08 8.7821424e+08 7.6226686e-25 5.5301446e-25 8.762814e-32
1.6720066e+08 1.0773287e+18 5.5670965e+09 8.9032739e+08 8.7724568e+08 7.5986309e-25 5.5144562e-25 8.7164707e-32
1.6739417e+08 1.078406e+18 5.5670496e+09 8.8953318e+08 8.7627829e+08 7.5746701e-25 5.4988113e-25 8.6703747e-32
1.6758789e+08 1.0794844e+18 5.5670028e+09 8.8873961e+08 8.7531209e+08 7.550786e-25 5.4832098e-25 8.6245246e-32
1.6778179e+08 1.0805639e+18 5.5669562e+09 8.8794667e+08 8.7434706e+08 7.5269781e-25 5.4676517e-25 8.5789192e-32
1.679759e+08 1.0816444e+18 5.5669096e+09 8.8715437e+08 8.733832e+08 7.5032465e-25 5.4521367e-25 8.533557e-32
1.681702e+08 1.0827261e+18 5.5668631e+09 8.863627e+08 8.7242051e+08 7.4795907e-25 5.4366649e-25 8.4884368e-32
1.6836469e+08 1.0838088e+18 5.5668167e+09 8.8557166e+08 8.7145899e+08 7.4560105e-25 5.421236e-25 8.4435573e-32
1.6855938e+08 1.0848926e+18 5.5667704e+09 8.8478126e+08 8.7049863e+08 7.4325057e-25 5.40585e-25 8.3989171e-32
1.6875427e+08 1.0859775e+18 5.5667242e+09 8.8399149e+08 8.6953945e+08 7.409076e-25 5.3905068e-25 8.3545151e-32
1.6894935e+08 1.0870635e+18 5.5666781e+09 8.8320234e+08 8.6858142e+08 7.3857213e-25 5.3752061e-25 8.3103499e-32
1.6914463e+08 1.0881505e+18 5.566632e+09 8.8241384e+08 8.6762456e+08 7.3624412e-25 5.359948e-25 8.2664202e-32
1.6934011e+08 1.0892387e+18 5.5665861e+09 8.8162596e+08 8.6666886e+08 7.3392355e-25 5.3447323e-25 8.2227247e-32
1.6953578e+08 1.0903279e+18 5.5665403e+09 8.8083871e+08 8.6571432e+08 7.3161039e-25 5.3295589e-25 8.1792623e-32
1.6973166e+08 1.0914183e+18 5.5664945e+09 8.8005209e+08 8.6476094e+08 7.2930463e-25 5.3144276e-25 8.1360317e-32
1.6992773e+08 1.0925097e+18 5.5664489e+09 8.792661e+08 8.6380871e+08 7.2700624e-25 5.2993384e-25 8.0930315e-32
1.7012399e+08 1.0936022e+18 5.5664033e+09 8.7848074e+08 8.6285764e+08 7.2471519e-25 5.2842912e-25 8.0502606e-32
1.7032046e+08 1.0946958e+18 5.5663578e+09 8.7769601e+08 8.6190772e+08 7.2243147e-25 5.2692858e-25 8.0077178e-32
1.7051712e+08 1.0957905e+18 5.5663124e+09 8.7691191e+08 8.6095895e+08 7.2015504e-25 5.2543221e-25 7.9654017e-32
1.7071398e+08 1.0968863e+18 5.5662671e+09 8.7612844e+08 8.6001133e+08 7.1788588e-25 5.2394e-25 7.9233112e-32
1.7091104e+08 1.0979832e+18 5.5662219e+09 8.7534559e+08 8.5906486e+08 7.1562397e-25 5.2245194e-25 7.8814451e-32
1.711083e+08 1.0990812e+18 5.5661768e+09 8.7456338e+08 8.5811953e+08 7.1336929e-25 5.2096802e-25 7.8398022e-32
1.7130576e+08 1.1001802e+18 5.5661318e+09 8.7378179e+08 8.5717535e+08 7.1112182e-25 5.1948823e-25 7.7983812e-32
1.7150341e+08 1.1012804e+18 5.5660868e+09 8.7300082e+08 8.5623231e+08 7.0888152e-25 5.1801255e-25 7.757181e-32
1.7170127e+08 1.1023817e+18 5.566042e+09 8.7222048e+08 8.5529041e+08 7.0664837e-25 5.1654098e-25 7.7162004e-32
1.7189932e+08 1.1034841e+18 5.5659972e+09 8.7144077e+08 8.5434965e+08 7.0442236e-25 5.150735e-25 7.6754381e-32
1.7209758e+08 1.1045876e+18 5.5659525e+09 8.7066168e+08 8.5341003e+08 7.0220346e-25 5.1361011e-25 7.6348931e-32
1.7229603e+08 1.1056921e+18 5.565908e+09 8.6988322e+08 8.5247154e+08 6.9999165e-25 5.1215079e-25 7.5945642e-32
1.7249469e+08 1.1067978e+18 5.5658635e+09 8.6910538e+08 8.5153419e+08 6.977869e-25 5.1069552e-25 7.5544501e-32
1.7269354e+08 1.1079046e+18 5.5658191e+09 8.6832817e+08 8.5059798e+08 6.9558919e-25 5.0924431e-25 7.5145498e-32
1.728926e+08 1.1090125e+18 5.5657747e+09 8.6755158e+08 8.4966289e+08 6.933985e-25 5.0779714e-25 7.474862e-32
1.7309185e+08 1.1101216e+18 5.5657305e+09 8.6677561e+08 8.4872893e+08 6.912148e-25 5.06354e-25 7.4353857e-32
1.7329131e+08 1.1112317e+18 5.5656864e+09 8.6600027e+08 8.4779611e+08 6.8903808e-25 5.0491487e-25 7.3961197e-32
1.7349097e+08 1.1123429e+18 5.5656423e+09 8.6522555e+08 8.4686441e+08 6.868683e-25 5.0347975e-25 7.3570629e-32
1.7369082e+08 1.1134553e+18 5.5655984e+09 8.6445145e+08 8.4593383e+08 6.8470545e-25 5.0204863e-25 7.3182142e-32
1.7389088e+08 1.1145687e+18 5.5655545e+09 8.6367797e+08 8.4500438e+08 6.8254951e-25 5.0062149e-25 7.2795723e-32
1.7409115e+08 1.1156833e+18 5.5655107e+09 8.6290511e+08 8.4407605e+08 6.8040045e-25 4.9919832e-25 7.2411363e-32
1.7429161e+08 1.116799e+18 5.565467e+09 8.6213288e+08 8.4314883e+08 6.7825824e-25 4.9777912e-25 7.202905e-32
1.7449228e+08 1.1179158e+18 5.5654234e+09 8.6136127e+08 8.4222274e+08 6.7612288e-25 4.9636387e-25 7.1648774e-32
1.7469314e+08 1.1190337e+18 5.5653798e+09 8.6059027e+08 8.4129777e+08 6.7399433e-25 4.9495256e-25 7.1270522e-32
1.7489421e+08 1.1201527e+18 5.5653364e+09 8.598199e+08 8.4037391e+08 6.7187257e-25 4.9354519e-25 7.0894285e-32
1.7509549e+08 1.1212729e+18 5.565293e+09 8.5905014e+08 8.3945116e+08 6.6975759e-25 4.9214173e-25 7.0520051e-32
1.7529696e+08 1.1223941e+18 5.5652498e+09 8.5828101e+08 8.3852953e+08 6.6764935e-25 4.9074219e-25 7.014781e-32
1.7549864e+08 1.1235165e+18 5.5652066e+09 8.5751249e+08 8.37609e+08 6.6554785e-25 4.8934654e-25 6.977755e-32
1.7570053e+08 1.12464e+18 5.5651635e+09 8.5674459e+08 8.3668959e+08 6.6345304e-25 4.8795479e-25 6.9409263e-32
1.7590261e+08 1.1257647e+18 5.5651205e+09 8.5597731e+08 8.3577129e+08 6.6136492e-25 4.8656691e-25 6.9042935e-32
1.761049e+08 1.1268904e+18 5.5650775e+09 8.5521065e+08 8.3485409e+08 6.5928347e-25 4.851829e-25 6.8678559e-32
1.7630739e+08 1.1280173e+18 5.5650347e+09 8.544446e+08 8.3393799e+08 6.5720865e-25 4.8380275e-25 6.8316121e-32
1.7651009e+08 1.1291454e+18 5.564992e+09 8.5367917e+08 8.33023e+08 6.5514045e-25 4.8242644e-25 6.7955613e-32
1.7671299e+08 1.1302745e+18 5.5649493e+09 8.5291436e+08 8.3210911e+08 6.5307885e-25 4.8105398e-25 6.7597025e-32
1.769161e+08 1.1314048e+18 5.5649067e+09 8.5215016e+08 8.3119632e+08 6.5102383e-25 4.7968533e-25 6.7240344e-32
1.7711941e+08 1.1325362e+18 5.5648642e+09 8.5138658e+08 8.3028462e+08 6.4897536e-25 4.7832051e-25 6.6885562e-32
1.7732292e+08 1.1336687e+18 5.5648218e+09 8.5062361e+08 8.2937403e+08 6.4693343e-25 4.7695949e-25 6.6532669e-32
1.7752664e+08 1.1348024e+18 5.5647794e+09 8.4986126e+08 8.2846452e+08 6.44898e-25 4.7560227e-25 6.6181653e-32
1.7773057e+08 1.1359372e+18 5.5647372e+09 8.4909952e+08 8.2755612e+08 6.4286907e-25 4.7424883e-25 6.5832505e-32
1.779347e+08 1.1370731e+18 5.564695e+09 8.483384e+08 8.266488e+08 6.4084661e-25 4.7289916e-25 6.5485215e-32
1.7813904e+08 1.1382102e+18 5.564653e+09 8.4757789e+08 8.2574258e+08 6.388306e-25 4.7155326e-25 6.5139773e-32
1.7834358e+08 1.1393484e+18 5.564611e+09 8.4681799e+08 8.2483744e+08 6.3682101e-25 4.7021112e-25 6.479617e-32
1.7854833e+08 1.1404878e+18 5.564569e+09 8.4605871e+08 8.2393339e+08 6.3481783e-25 4.6887272e-25 6.4454394e-32
1.7875329e+08 1.1416282e+18 5.5645272e+09 8.4530003e+08 8.2303043e+08 6.3282104e-25 4.6753805e-25 6.4114436e-32
1.7895845e+08 1.1427699e+18 5.5644855e+09 8.4454197e+08 8.2212855e+08 6.3083062e-25 4.6620711e-25 6.3776287e-32
1.7916382e+08 1.1439126e+18 5.5644438e+09 8.4378452e+08 8.2122776e+08 6.2884654e-25 4.6487989e-25 6.3439937e-32
1.7936939e+08 1.1450566e+18 5.5644022e+09 8.4302769e+08 8.2032805e+08 6.2686879e-25 4.6355636e-25 6.3105377e-32
1.7957517e+08 1.1462016e+18 5.5643607e+09 8.4227146e+08 8.1942941e+08 6.2489734e-25 4.6223653e-25 6.2772595e-32
1.7978116e+08 1.1473478e+18 5.5643193e+09 8.4151584e+08 8.1853186e+08 6.2293217e-25 4.6092039e-25 6.2441584e-32
1.7998736e+08 1.1484952e+18 5.564278e+09 8.4076084e+08 8.1763538e+08 6.2097327e-25 4.5960792e-25 6.2112333e-32
1.8019377e+08 1.1496437e+18 5.5642367e+09 8.4000644e+08 8.1673998e+08 6.1902061e-25 4.5829911e-25 6.1784834e-32
1.8040038e+08 1.1507933e+18 5.5641956e+09 8.3925265e+08 8.1584565e+08 6.1707418e-25 4.5699395e-25 6.1459076e-32
1.806072e+08 1.1519441e+18 5.5641545e+09 8.3849948e+08 8.1495239e+08 6.1513394e-25 4.5569244e-25 6.113505e-32
1.8081423e+08 1.153096e+18 5.5641135e+09 8.3774691e+08 8.140602e+08 6.131999e-25 4.5439457e-25 6.0812748e-32
1.8102147e+08 1.1542491e+18 5.5640726e+09 8.3699494e+08 8.1316909e+08 6.1127201e-25 4.5310032e-25 6.0492159e-32
1.8122891e+08 1.1554034e+18 5.5640317e+09 8.3624359e+08 8.1227904e+08 6.0935026e-25 4.5180968e-25 6.0173275e-32
1.8143657e+08 1.1565588e+18 5.563991e+09 8.3549284e+08 8.1139006e+08 6.0743464e-25 4.5052265e-25 5.9856086e-32
1.8164444e+08 1.1577153e+18 5.5639503e+09 8.347427e+08 8.1050214e+08 6.0552512e-25 4.4923922e-25 5.9540583e-32
1.8185251e+08 1.1588731e+18 5.5639097e+09 8.3399317e+08 8.0961528e+08 6.0362169e-25 4.4795937e-25 5.9226758e-32
1.8206079e+08 1.1600319e+18 5.5638692e+09 8.3324424e+08 8.0872949e+08 6.0172432e-25 4.4668309e-25 5.8914601e-32
1.8226929e+08 1.161192e+18 5.5638287e+09 8.3249592e+08 8.0784476e+08 5.9983299e-25 4.4541038e-25 5.8604104e-32
1.8247799e+08 1.1623532e+18 5.5637884e+09 8.317482e+08 8.0696109e+08 5.9794769e-25 4.4414123e-25 5.8295257e-32
1.8268691e+08 1.1635155e+18 5.5637481e+09 8.3100109e+08 8.0607847e+08 5.9606839e-25 4.4287562e-25 5.7988051e-32
1.8289603e+08 1.164679e+18 5.5637079e+09 8.3025458e+08 8.0519691e+08 5.9419508e-25 4.4161355e-25 5.7682478e-32
1.8310536e+08 1.1658437e+18 5.5636678e+09 8.2950868e+08 8.0431641e+08 5.9232773e-25 4.4035501e-25 5.737853e-32
1.8331491e+08 1.1670095e+18 5.5636277e+09 8.2876338e+08 8.0343695e+08 5.9046634e-25 4.3909998e-25 5.7076196e-32
1.8352467e+08 1.1681766e+18 5.5635878e+09 8.2801869e+08 8.0255855e+08 5.8861086e-25 4.3784847e-25 5.6775469e-32
1.8373464e+08 1.1693447e+18 5.5635479e+09 8.2727459e+08 8.016812e+08 5.867613e-25 4.3660045e-25 5.6476341e-32
1.8394482e+08 1.1705141e+18 5.5635081e+09 8.265311e+08 8.008049e+08 5.8491763e-25 4.3535592e-25 5.6178801e-32
1.8415521e+08 1.1716846e+18 5.5634684e+09 8.2578822e+08 7.9992965e+08 5.8307983e-25 4.3411487e-25 5.5882843e-32
1.8436581e+08 1.1728563e+18 5.5634287e+09 8.2504593e+08 7.9905544e+08 5.8124787e-25 4.3287729e-25 5.5588457e-32
1.8457663e+08 1.1740291e+18 5.5633892e+09 8.2430424e+08 7.9818227e+08 5.7942175e-25 4.3164318e-25 5.5295635e-32
1.8478765e+08 1.1752032e+18 5.5633497e+09 8.2356316e+08 7.9731015e+08 5.7760145e-25 4.3041251e-25 5.5004369e-32
1.8499889e+08 1.1763784e+18 5.5633103e+09 8.2282268e+08 7.9643907e+08 5.7578694e-25 4.2918529e-25 5.471465e-32
1.8521035e+08 1.1775547e+18 5.563271e+09 8.220828e+08 7.9556903e+08 5.739782e-25 4.2796149e-25 5.442647e-32
1.8542201e+08 1.1787323e+18 5.5632317e+09 8.2134351e+08 7.9470003e+08 5.7217522e-25 4.2674112e-25 5.4139821e-32
1.8563389e+08 1.179911e+18 5.5631926e+09 8.2060483e+08 7.9383206e+08 5.7037798e-25 4.2552417e-25 5.3854694e-32
1.8584598e+08 1.1810909e+18 5.5631535e+09 8.1986675e+08 7.9296513e+08 5.6858646e-25 4.2431062e-25 5.3571082e-32
1.8605829e+08 1.182272e+18 5.5631145e+09 8.1912926e+08 7.9209924e+08 5.6680065e-25 4.2310047e-25 5.3288976e-32
1.8627081e+08 1.1834543e+18 5.5630755e+09 8.1839237e+08 7.9123438e+08 5.6502051e-25 4.218937e-25 5.3008368e-32
1.8648354e+08 1.1846378e+18 5.5630367e+09 8.1765608e+08 7.9037055e+08 5.6324604e-25 4.2069031e-25 5.272925e-32
1.8669649e+08 1.1858224e+18 5.5629979e+09 8.1692039e+08 7.8950774e+08 5.6147722e-25 4.1949028e-25 5.2451615e-32
1.8690965e+08 1.1870082e+18 5.5629592e+09 8.161853e+08 7.8864597e+08 5.5971402e-25 4.1829362e-25 5.2175453e-32
1.8712303e+08 1.1881952e+18 5.5629206e+09 8.154508e+08 7.8778522e+08 5.5795644e-25 4.1710031e-25 5.1900759e-32
1.8733662e+08 1.1893834e+18 5.562882e+09 8.147169e+08 7.869255e+08 5.5620445e-25 4.1591033e-25 5.1627522e-32
1.8755043e+08 1.1905728e+18 5.5628435e+09 8.139836e+08 7.8606681e+08 5.5445803e-25 4.1472369e-25 5.1355736e-32
1.8776445e+08 1.1917634e+18 5.5628051e+09 8.1325089e+08 7.8520913e+08 5.5271716e-25 4.1354037e-25 5.1085393e-32
1.8797869e+08 1.1929551e+18 5.5627668e+09 8.1251877e+08 7.8435248e+08 5.5098184e-25 4.1236036e-25 5.0816486e-32
1.8819314e+08 1.1941481e+18 5.5627286e+09 8.1178725e+08 7.8349685e+08 5.4925203e-25 4.1118366e-25 5.0549005e-32
1.8840781e+08 1.1953422e+18 5.5626904e+09 8.1105633e+08 7.8264223e+08 5.4752773e-25 4.1001025e-25 5.0282945e-32
1.886227e+08 1.1965376e+18 5.5626523e+09 8.10326e+08 7.8178864e+08 5.4580891e-25 4.0884013e-25 5.0018296e-32
1.888378e+08 1.1977341e+18 5.5626143e+09 8.0959626e+08 7.8093605e+08 5.4409556e-25 4.0767328e-25 4.9755053e-32
1.8905312e+08 1.1989319e+18 5.5625764e+09 8.0886712e+08 7.8008449e+08 5.4238765e-25 4.0650971e-25 4.9493206e-32
1.8926865e+08 1.2001308e+18 5.5625385e+09 8.0813857e+08 7.7923393e+08 5.4068518e-25 4.0534939e-25 4.923275e-32
1.8948441e+08 1.2013309e+18 5.5625007e+09 8.0741061e+08 7.7838439e+08 5.3898812e-25 4.0419232e-25 4.8973675e-32
1.8970038e+08 1.2025323e+18 5.562463e+09 8.0668324e+08 7.7753586e+08 5.3729646e-25 4.030385e-25 4.8715975e-32
1.8991656e+08 1.2037348e+18 5.5624253e+09 8.0595647e+08 7.7668833e+08 5.3561018e-25 4.0188791e-25 4.8459643e-32
1.9013297e+08 1.2049385e+18 5.5623878e+09 8.0523029e+08 7.7584182e+08 5.3392925e-25 4.0074054e-25 4.820467e-32
1.9034959e+08 1.2061435e+18 5.5623503e+09 8.0450469e+08 7.7499631e+08 5.3225368e-25 3.9959639e-25 4.7951051e-32
1.9056643e+08 1.2073496e+18 5.5623129e+09 8.0377969e+08 7.741518e+08 5.3058343e-25 3.9845544e-25 4.7698777e-32
1.9078349e+08 1.208557e+18 5.5622755e+09 8.0305528e+08 7.733083e+08 5.2891849e-25 3.973177e-25 4.7447841e-32
1.9100077e+08 1.2097655e+18 5.5622383e+09 8.0233146e+08 7.7246579e+08 5.2725884e-25 3.9618314e-25 4.7198237e-32
1.9121826e+08 1.2109753e+18 5.5622011e+09 8.0160823e+08 7.7162429e+08 5.2560446e-25 3.9505176e-25 4.6949957e-32
1.9143598e+08 1.2121863e+18 5.562164e+09 8.0088559e+08 7.7078379e+08 5.2395535e-25 3.9392355e-25 4.6702994e-32
1.9165391e+08 1.2133984e+18 5.5621269e+09 8.0016353e+08 7.6994428e+08 5.2231148e-25 3.9279851e-25 4.645734e-32
1.9187207e+08 1.2146118e+18 5.5620899e+09 7.9944207e+08 7.6910578e+08 5.2067283e-25 3.9167662e-25 4.621299e-32
1.9209044e+08 1.2158264e+18 5.562053e+09 7.9872119e+08 7.6826826e+08 5.1903939e-25 3.9055788e-25 4.5969936e-32
1.9230903e+08 1.2170423e+18 5.5620162e+09 7.980009e+08 7.6743174e+08 5.1741114e-25 3.8944227e-25 4.5728171e-32
1.9252785e+08 1.2182593e+18 5.5619795e+09 7.972812e+08 7.6659621e+08 5.1578806e-25 3.8832979e-25 4.5487687e-32
1.9274688e+08 1.2194776e+18 5.5619428e+09 7.9656208e+08 7.6576168e+08 5.1417014e-25 3.8722044e-25 4.5248479e-32
1.9296613e+08 1.2206971e+18 5.5619062e+09 7.9584356e+08 7.6492813e+08 5.1255737e-25 3.8611419e-25 4.501054e-32
1.9318561e+08 1.2219177e+18 5.5618696e+09 7.9512561e+08 7.6409557e+08 5.1094971e-25 3.8501105e-25 4.4773862e-32
1.934053e+08 1.2231397e+18 5.5618332e+09 7.9440825e+08 7.6326399e+08 5.0934717e-25 3.83911e-25 4.4538439e-32
1.9362522e+08 1.2243628e+18 5.5617968e+09 7.9369148e+08 7.6243341e+08 5.0774971e-25 3.8281404e-25 4.4304265e-32
1.9384536e+08 1.2255872e+18 5.5617605e+09 7.9297529e+08 7.616038e+08 5.0615734e-25 3.8172016e-25 4.4071331e-32
1.9406572e+08 1.2268128e+18 5.5617242e+09 7.9225969e+08 7.6077518e+08 5.0457001e-25 3.8062934e-25 4.3839633e-32
1.942863e+08 1.2280396e+18 5.5616881e+09 7.9154467e+08 7.5994754e+08 5.0298774e-25 3.7954159e-25 4.3609163e-32
1.945071e+08 1.2292676e+18 5.561652e+09 7.9083024e+08 7.5912088e+08 5.0141048e-25 3.7845689e-25 4.3379915e-32
1.9472813e+08 1.2304969e+18 5.5616159e+09 7.9011639e+08 7.582952e+08 4.9983824e-25 3.7737523e-25 4.3151881e-32
1.9494938e+08 1.2317274e+18 5.56158e+09 7.8940312e+08 7.5747049e+08 4.9827099e-25 3.7629661e-25 4.2925057e-32
1.9517085e+08 1.2329591e+18 5.5615441e+09 7.8869043e+08 7.5664677e+08 4.9670872e-25 3.7522102e-25 4.2699435e-32
1.9539254e+08 1.2341921e+18 5.5615083e+09 7.8797833e+08 7.5582401e+08 4.951514e-25 3.7414845e-25 4.2475008e-32
1.9561446e+08 1.2354263e+18 5.5614726e+09 7.8726681e+08 7.5500223e+08 4.9359904e-25 3.7307888e-25 4.2251771e-32
1.958366e+08 1.2366617e+18 5.5614369e+09 7.8655587e+08 7.5418142e+08 4.920516e-25 3.7201232e-25 4.2029717e-32
1.9605896e+08 1.2378983e+18 5.5614013e+09 7.8584551e+08 7.5336158e+08 4.9050908e-25 3.7094876e-25 4.1808839e-32
1.9628155e+08 1.2391362e+18 5.5613658e+09 7.8513573e+08 7.5254271e+08 4.8897145e-25 3.6988818e-25 4.1589132e-32
1.9650436e+08 1.2403754e+18 5.5613303e+09 7.8442653e+08 7.5172481e+08 4.8743871e-25 3.6883058e-25 4.1370589e-32
1.967274e+08 1.2416158e+18 5.5612949e+09 7.8371791e+08 7.5090788e+08 4.8591083e-25 3.6777595e-25 4.1153204e-32
1.9695066e+08 1.2428574e+18 5.5612596e+09 7.8300987e+08 7.5009191e+08 4.843878e-25 3.6672429e-25 4.0936971e-32
1.9717414e+08 1.2441002e+18 5.5612243e+09 7.8230241e+08 7.492769e+08 4.8286961e-25 3.6567557e-25 4.0721883e-32
1.9739785e+08 1.2453443e+18 5.5611892e+09 7.8159553e+08 7.4846286e+08 4.8135624e-25 3.6462981e-25 4.0507935e-32
1.9762179e+08 1.2465897e+18 5.5611541e+09 7.8088923e+08 7.4764978e+08 4.7984767e-25 3.6358698e-25 4.029512e-32
1.9784595e+08 1.2478363e+18 5.561119e+09 7.8018351e+08 7.4683766e+08 4.7834388e-25 3.6254708e-25 4.0083432e-32
1.9807033e+08 1.2490841e+18 5.5610841e+09 7.7947836e+08 7.4602649e+08 4.7684487e-25 3.615101e-25 3.9872865e-32
1.9829494e+08 1.2503332e+18 5.5610492e+09 7.7877379e+08 7.4521629e+08 4.7535062e-25 3.6047604e-25 3.9663414e-32
1.9851978e+08 1.2515835e+18 5.5610143e+09 7.780698e+08 7.4440704e+08 4.7386111e-25 3.5944488e-25 3.9455073e-32
1.9874485e+08 1.2528351e+18 5.5609796e+09 7.7736638e+08 7.4359874e+08 4.7237633e-25 3.5841662e-25 3.9247834e-32
1.9897014e+08 1.2540879e+18 5.5609449e+09 7.7666354e+08 7.427914e+08 4.7089626e-25 3.5739125e-25 3.9041693e-32
1.9919565e+08 1.255342e+18 5.5609103e+09 7.7596128e+08 7.4198501e+08 4.6942088e-25 3.5636876e-25 3.8836644e-32
1.994214e+08 1.2565974e+18 5.5608757e+09 7.7525959e+08 7.4117958e+08 4.6795019e-25 3.5534915e-25 3.863268e-32
1.9964737e+08 1.257854e+18 5.5608412e+09 7.7455847e+08 7.4037509e+08 4.6648416e-25 3.543324e-25 3.8429797e-32
1.9987357e+08 1.2591118e+18 5.5608068e+09 7.7385793e+08 7.3957155e+08 4.6502278e-25 3.5331851e-25 3.8227987e-32
2.0009999e+08 1.2603709e+18 5.5607725e+09 7.7315797e+08 7.3876895e+08 4.6356604e-25 3.5230747e-25 3.8027247e-32
2.0032665e+08 1.2616313e+18 5.5607382e+09 7.7245858e+08 7.3796731e+08 4.6211392e-25 3.5129927e-25 3.7827569e-32
2.0055353e+08 1.2628929e+18 5.560704e+09 7.7175976e+08 7.371666e+08 4.6066641e-25 3.5029391e-25 3.7628948e-32
2.0078064e+08 1.2641558e+18 5.5606698e+09 7.7106152e+08 7.3636684e+08 4.5922349e-25 3.4929138e-25 3.7431378e-32
2.0100798e+08 1.26542e+18 5.5606358e+09 7.7036385e+08 7.3556802e+08 4.5778514e-25 3.4829166e-25 3.7234854e-32
2.0123555e+08 1.2666854e+18 5.5606017e+09 7.6966675e+08 7.3477015e+08 4.5635136e-25 3.4729476e-25 3.7039371e-32
2.0146334e+08 1.2679521e+18 5.5605678e+09 7.6897022e+08 7.3397321e+08 4.5492212e-25 3.4630066e-25 3.6844922e-32
2.0169137e+08 1.26922e+18 5.5605339e+09 7.6827426e+08 7.3317721e+08 4.5349742e-25 3.4530936e-25 3.6651503e-32
2.0191962e+08 1.2704893e+18 5.5605001e+09 7.6757888e+08 7.3238214e+08 4.5207723e-25 3.4432085e-25 3.6459107e-32
2.0214811e+08 1.2717597e+18 5.5604664e+09 7.6688406e+08 7.3158802e+08 4.5066155e-25 3.4333512e-25 3.6267729e-32
2.0237682e+08 1.2730315e+18 5.5604327e+09 7.6618982e+08 7.3079482e+08 4.4925035e-25 3.4235216e-25 3.6077364e-32
2.0260577e+08 1.2743045e+18 5.5603991e+09 7.6549615e+08 7.3000256e+08 4.4784364e-25 3.4137196e-25 3.5888007e-32
2.0283494e+08 1.2755788e+18 5.5603656e+09 7.6480305e+08 7.2921123e+08 4.4644138e-25 3.4039453e-25 3.5699651e-32
2.0306435e+08 1.2768544e+18 5.5603321e+09 7.6411051e+08 7.2842083e+08 4.4504356e-25 3.3941985e-25 3.5512292e-32
2.0329398e+08 1.2781313e+18 5.5602987e+09 7.6341855e+08 7.2763136e+08 4.4365018e-25 3.384479e-25 3.5325924e-32
2.0352385e+08 1.2794094e+18 5.5602654e+09 7.6272715e+08 7.2684282e+08 4.4226122e-25 3.374787e-25 3.5140543e-32
2.0375395e+08 1.2806888e+18 5.5602321e+09 7.6203632e+08 7.2605521e+08 4.4087665e-25 3.3651222e-25 3.4956142e-32
2.0398428e+08 1.2819695e+18 5.5601989e+09 7.6134606e+08 7.2526852e+08 4.3949648e-25 3.3554846e-25 3.4772717e-32
2.0421484e+08 1.2832515e+18 5.5601658e+09 7.6065637e+08 7.2448275e+08 4.3812068e-25 3.3458742e-25 3.4590261e-32
2.0444563e+08 1.2845347e+18 5.5601327e+09 7.5996724e+08 7.2369791e+08 4.3674925e-25 3.3362908e-25 3.4408772e-32
2.0467666e+08 1.2858193e+18 5.5600997e+09 7.5927868e+08 7.2291399e+08 4.3538215e-25 3.3267344e-25 3.4228242e-32
2.0490792e+08 1.2871051e+18 5.5600667e+09 7.5859069e+08 7.2213099e+08 4.340194e-25 3.3172049e-25 3.4048667e-32
2.0513941e+08 1.2883922e+18 5.5600339e+09 7.5790326e+08 7.213489e+08 4.3266096e-25 3.3077023e-25 3.3870041e-32
2.0537113e+08 1.2896806e+18 5.5600011e+09 7.572164e+08 7.2056774e+08 4.3130682e-25 3.2982264e-25 3.3692361e-32
2.0560309e+08 1.2909703e+18 5.5599683e+09 7.5653011e+08 7.1978749e+08 4.2995698e-25 3.2887772e-25 3.351562e-32
2.0583528e+08 1.2922612e+18 5.5599356e+09 7.5584437e+08 7.1900816e+08 4.2861141e-25 3.2793546e-25 3.3339814e-32
2.060677e+08 1.2935535e+18 5.559903e+09 7.5515921e+08 7.1822975e+08 4.272701e-25 3.2699586e-25 3.3164937e-32
2.0630036e+08 1.294847e+18 5.5598705e+09 7.5447461e+08 7.1745224e+08 4.2593305e-25 3.260589e-25 3.2990985e-32
2.0653325e+08 1.2961419e+18 5.559838e+09 7.5379057e+08 7.1667565e+08 4.2460023e-25 3.2512458e-25 3.2817953e-32
2.0676638e+08 1.297438e+18 5.5598056e+09 7.5310709e+08 7.1589997e+08 4.2327164e-25 3.2419289e-25 3.2645836e-32
2.0699974e+08 1.2987355e+18 5.5597732e+09 7.5242418e+08 7.1512519e+08 4.2194725e-25 3.2326383e-25 3.2474628e-32
2.0723334e+08 1.3000342e+18 5.5597409e+09 7.5174183e+08 7.1435133e+08 4.2062706e-25 3.2233739e-25 3.2304326e-32
2.0746717e+08 1.3013342e+18 5.5597087e+09 7.5106004e+08 7.1357837e+08 4.1931105e-25 3.2141355e-25 3.2134924e-32
2.0770123e+08 1.3026356e+18 5.5596765e+09 7.5037881e+08 7.1280632e+08 4.179992e-25 3.2049233e-25 3.1966418e-32
2.0793553e+08 1.3039382e+18 5.5596444e+09 7.4969815e+08 7.1203517e+08 4.1669152e-25 3.1957369e-25 3.1798802e-32
2.0817007e+08 1.3052421e+18 5.5596124e+09 7.4901805e+08 7.1126492e+08 4.1538797e-25 3.1865765e-25 3.1632073e-32
2.0840484e+08 1.3065474e+18 5.5595804e+09 7.483385e+08 7.1049558e+08 4.1408855e-25 3.1774419e-25 3.1466224e-32
2.0863985e+08 1.3078539e+18 5.5595485e+09 7.4765952e+08 7.0972714e+08 4.1279325e-25 3.168333e-25 3.1301252e-32
2.0887509e+08 1.3091618e+18 5.5595167e+09 7.469811e+08 7.089596e+08 4.1150205e-25 3.1592498e-25 3.1137152e-32
2.0911057e+08 1.3104709e+18 5.5594849e+09 7.4630323e+08 7.0819295e+08 4.1021494e-25 3.1501922e-25 3.0973919e-32
2.0934629e+08 1.3117814e+18 5.5594532e+09 7.4562593e+08 7.074272e+08 4.089319e-25 3.1411602e-25 3.0811549e-32
2.0958225e+08 1.3130932e+18 5.5594215e+09 7.4494919e+08 7.0666235e+08 4.0765293e-25 3.1321536e-25 3.0650037e-32
2.0981844e+08 1.3144063e+18 5.5593899e+09 7.44273e+08 7.058984e+08 4.06378e-25 3.1231724e-25 3.0489378e-32
2.1005487e+08 1.3157207e+18 5.5593584e+09 7.4359737e+08 7.0513533e+08 4.0510711e-25 3.1142166e-25 3.0329568e-32
2.1029154e+08 1.3170364e+18 5.5593269e+09 7.429223e+08 7.0437316e+08 4.0384024e-25 3.105286e-25 3.0170603e-32
2.1052844e+08 1.3183535e+18 5.5592955e+09 7.4224779e+08 7.0361188e+08 4.0257739e-25 3.0963806e-25 3.0012477e-32
2.1076559e+08 1.3196718e+18 5.5592642e+09 7.4157383e+08 7.0285149e+08 4.0131853e-25 3.0875003e-25 2.9855187e-32
2.1100297e+08 1.3209915e+18 5.5592329e+09 7.4090043e+08 7.0209199e+08 4.0006366e-25 3.0786451e-25 2.9698727e-32
2.1124059e+08 1.3223125e+18 5.5592017e+09 7.4022759e+08 7.0133338e+08 3.9881276e-25 3.0698148e-25 2.9543094e-32
2.1147845e+08 1.3236348e+18 5.5591705e+09 7.395553e+08 7.0057565e+08 3.9756581e-25 3.0610095e-25 2.9388284e-32
2.1171655e+08 1.3249584e+18 5.5591394e+09 7.3888357e+08 6.9981881e+08 3.9632282e-25 3.052229e-25 2.923429e-32
2.1195489e+08 1.3262834e+18 5.5591084e+09 7.3821239e+08 6.9906285e+08 3.9508375e-25 3.0434733e-25 2.9081111e-32
2.1219347e+08 1.3276097e+18 5.5590774e+09 7.3754177e+08 6.9830777e+08 3.9384861e-25 3.0347422e-25 2.892874e-32
2.1243229e+08 1.3289373e+18 5.5590465e+09 7.368717e+08 6.9755358e+08 3.9261738e-25 3.0260359e-25 2.8777174e-32
2.1267134e+08 1.3302662e+18 5.5590157e+09 7.3620219e+08 6.9680027e+08 3.9139004e-25 3.0173541e-25 2.8626408e-32
2.1291064e+08 1.3315965e+18 5.5589849e+09 7.3553323e+08 6.9604783e+08 3.9016659e-25 3.0086968e-25 2.8476439e-32
2.1315018e+08 1.3329281e+18 5.5589541e+09 7.3486482e+08 6.9529628e+08 3.88947e-25 3.0000639e-25 2.8327262e-32
2.1338996e+08 1.334261e+18 5.5589235e+09 7.3419697e+08 6.945456e+08 3.8773128e-25 2.9914554e-25 2.8178872e-32
2.1362998e+08 1.3355953e+18 5.5588929e+09 7.3352967e+08 6.9379579e+08 3.865194e-25 2.9828712e-25 2.8031265e-32
2.1387025e+08 1.3369309e+18 5.5588623e+09 7.3286292e+08 6.9304686e+08 3.8531136e-25 2.9743112e-25 2.7884439e-32
2.1411075e+08 1.3382678e+18 5.5588318e+09 7.3219672e+08 6.9229881e+08 3.8410713e-25 2.9657754e-25 2.7738387e-32
2.143515e+08 1.3396061e+18 5.5588014e+09 7.3153107e+08 6.9155162e+08 3.8290672e-25 2.9572637e-25 2.7593106e-32
2.1459249e+08 1.3409457e+18 5.5587711e+09 7.3086598e+08 6.9080531e+08 3.817101e-25 2.9487761e-25 2.7448592e-32
2.1483372e+08 1.3422866e+18 5.5587408e+09 7.3020143e+08 6.9005987e+08 3.8051727e-25 2.9403124e-25 2.7304841e-32
2.1507519e+08 1.3436289e+18 5.5587105e+09 7.2953744e+08 6.8931529e+08 3.7932821e-25 2.9318726e-25 2.7161849e-32
2.1531691e+08 1.3449725e+18 5.5586803e+09 7.2887399e+08 6.8857159e+08 3.7814291e-25 2.9234566e-25 2.7019612e-32
2.1555886e+08 1.3463175e+18 5.5586502e+09 7.282111e+08 6.8782875e+08 3.7696136e-25 2.9150645e-25 2.6878125e-32
2.1580107e+08 1.3476638e+18 5.5586202e+09 7.2754875e+08 6.8708677e+08 3.7578354e-25 2.906696e-25 2.6737385e-32
2.1604351e+08 1.3490115e+18 5.5585902e+09 7.2688696e+08 6.8634566e+08 3.7460945e-25 2.8983511e-25 2.6597388e-32
2.162862e+08 1.3503605e+18 5.5585602e+09 7.2622571e+08 6.8560541e+08 3.7343907e-25 2.8900299e-25 2.645813e-32
2.1652914e+08 1.3517108e+18 5.5585303e+09 7.2556501e+08 6.8486603e+08 3.722724e-25 2.8817321e-25 2.6319606e-32
2.1677231e+08 1.3530626e+18 5.5585005e+09 7.2490486e+08 6.841275e+08 3.7110941e-25 2.8734578e-25 2.6181814e-32
2.1701574e+08 1.3544156e+18 5.5584708e+09 7.2424525e+08 6.8338984e+08 3.699501e-25 2.8652069e-25 2.6044749e-32
2.172594e+08 1.35577e+18 5.5584411e+09 7.2358619e+08 6.8265303e+08 3.6879445e-25 2.8569793e-25 2.5908406e-32
2.1750331e+08 1.3571258e+18 5.5584114e+09 7.2292768e+08 6.8191708e+08 3.6764246e-25 2.8487749e-25 2.5772784e-32
2.1774747e+08 1.3584829e+18 5.5583818e+09 7.2226972e+08 6.8118198e+08 3.6649411e-25 2.8405937e-25 2.5637876e-32
2.1799187e+08 1.3598414e+18 5.5583523e+09 7.216123e+08 6.8044774e+08 3.6534938e-25 2.8324357e-25 2.5503681e-32
2.1823652e+08 1.3612013e+18 5.5583228e+09 7.2095542e+08 6.7971436e+08 3.6420828e-25 2.8243007e-25 2.5370193e-32
2.1848142e+08 1.3625625e+18 5.5582934e+09 7.202991e+08 6.7898183e+08 3.6307078e-25 2.8161887e-25 2.523741e-32
2.1872656e+08 1.363925e+18 5.5582641e+09 7.1964331e+08 6.7825014e+08 3.6193688e-25 2.8080996e-25 2.5105327e-32
2.1897194e+08 1.3652889e+18 5.5582348e+09 7.1898807e+08 6.7751931e+08 3.6080656e-25 2.8000334e-25 2.497394e-32
2.1921758e+08 1.3666542e+18 5.5582055e+09 7.1833338e+08 6.7678933e+08 3.5967982e-25 2.79199e-25 2.4843247e-32
2.1946346e+08 1.3680209e+18 5.5581764e+09 7.1767922e+08 6.760602e+08 3.5855663e-25 2.7839693e-25 2.4713243e-32
2.1970959e+08 1.3693889e+18 5.5581472e+09 7.1702562e+08 6.7533191e+08 3.57437e-25 2.7759714e-25 2.4583925e-32
2.1995596e+08 1.3707583e+18 5.5581182e+09 7.1637255e+08 6.7460447e+08 3.563209e-25 2.767996e-25 2.4455288e-32
2.2020258e+08 1.3721291e+18 5.5580892e+09 7.1572003e+08 6.7387787e+08 3.5520832e-25 2.7600432e-25 2.432733e-32
2.2044945e+08 1.3735012e+18 5.5580602e+09 7.1506805e+08 6.7315212e+08 3.5409927e-25 2.7521129e-25 2.4200047e-32
2.2069657e+08 1.3748747e+18 5.5580313e+09 7.1441661e+08 6.7242721e+08 3.5299371e-25 2.744205e-25 2.4073435e-32
2.2094394e+08 1.3762496e+18 5.5580025e+09 7.1376571e+08 6.7170314e+08 3.5189165e-25 2.7363195e-25 2.394749e-32
2.2119156e+08 1.3776258e+18 5.5579737e+09 7.1311535e+08 6.7097991e+08 3.5079308e-25 2.7284563e-25 2.382221e-32
2.2143942e+08 1.3790034e+18 5.557945e+09 7.1246554e+08 6.7025753e+08 3.4969797e-25 2.7206153e-25 2.369759e-32
2.2168753e+08 1.3803824e+18 5.5579164e+09 7.1181626e+08 6.6953597e+08 3.4860632e-25 2.7127965e-25 2.3573627e-32
2.219359e+08 1.3817628e+18 5.5578878e+09 7.1116753e+08 6.6881526e+08 3.4751812e-25 2.7049999e-25 2.3450317e-32
2.2218451e+08 1.3831446e+18 5.5578592e+09 7.1051933e+08 6.6809538e+08 3.4643335e-25 2.6972253e-25 2.3327658e-32
2.2243337e+08 1.3845277e+18 5.5578307e+09 7.0987167e+08 6.6737634e+08 3.4535201e-25 2.6894727e-25 2.3205645e-32
2.2268249e+08 1.3859123e+18 5.5578023e+09 7.0922456e+08 6.6665813e+08 3.4427409e-25 2.681742e-25 2.3084275e-32
2.2293185e+08 1.3872982e+18 5.5577739e+09 7.0857798e+08 6.6594075e+08 3.4319957e-25 2.6740332e-25 2.2963545e-32
2.2318146e+08 1.3886855e+18 5.5577456e+09 7.0793194e+08 6.6522421e+08 3.4212845e-25 2.6663463e-25 2.2843451e-32
2.2343133e+08 1.3900742e+18 5.5577173e+09 7.0728643e+08 6.6450849e+08 3.410607e-25 2.658681e-25 2.272399e-32
2.2368144e+08 1.3914642e+18 5.5576891e+09 7.0664147e+08 6.637936e+08 3.3999633e-25 2.6510375e-25 2.2605159e-32
2.2393181e+08 1.3928557e+18 5.557661e+09 7.0599704e+08 6.6307954e+08 3.3893532e-25 2.6434156e-25 2.2486954e-32
2.2418243e+08 1.3942485e+18 5.5576329e+09 7.0535315e+08 6.6236631e+08 3.3787766e-25 2.6358153e-25 2.2369372e-32
2.244333e+08 1.3956428e+18 5.5576048e+09 7.0470979e+08 6.6165391e+08 3.3682334e-25 2.6282366e-25 2.225241e-32
2.2468442e+08 1.3970384e+18 5.5575769e+09 7.0406697e+08 6.6094233e+08 3.3577235e-25 2.6206792e-25 2.2136063e-32
2.249358e+08 1.3984355e+18 5.5575489e+09 7.0342469e+08 6.6023157e+08 3.3472467e-25 2.6131433e-25 2.202033e-32
2.2518743e+08 1.3998339e+18 5.5575211e+09 7.0278294e+08 6.5952164e+08 3.336803e-25 2.6056287e-25 2.1905207e-32
2.2543931e+08 1.4012337e+18 5.5574932e+09 7.0214173e+08 6.5881253e+08 3.3263923e-25 2.5981354e-25 2.179069e-32
2.2569144e+08 1.402635e+18 5.5574655e+09 7.0150105e+08 6.5810423e+08 3.3160145e-25 2.5906633e-25 2.1676776e-32
2.2594383e+08 1.4040376e+18 5.5574378e+09 7.008609e+08 6.5739676e+08 3.3056694e-25 2.5832124e-25 2.1563463e-32
2.2619647e+08 1.4054417e+18 5.5574101e+09 7.0022129e+08 6.5669011e+08 3.2953569e-25 2.5757825e-25 2.1450746e-32
2.2644937e+08 1.4068471e+18 5.5573825e+09 6.9958221e+08 6.5598427e+08 3.285077e-25 2.5683738e-25 2.1338623e-32
2.2670252e+08 1.4082539e+18 5.557355e+09 6.9894367e+08 6.5527925e+08 3.2748296e-25 2.560986e-25 2.1227091e-32
2.2695592e+08 1.4096622e+18 5.5573275e+09 6.9830565e+08 6.5457504e+08 3.2646145e-25 2.5536191e-25 2.1116146e-32
2.2720958e+08 1.4110719e+18 5.5573001e+09 6.9766817e+08 6.5387165e+08 3.2544316e-25 2.5462731e-25 2.1005785e-32
2.2746349e+08 1.4124829e+18 5.5572727e+09 6.9703123e+08 6.5316907e+08 3.2442808e-25 2.5389479e-25 2.0896006e-32
2.2771766e+08 1.4138954e+18 5.5572454e+09 6.9639481e+08 6.5246731e+08 3.2341621e-25 2.5316435e-25 2.0786805e-32
2.2797208e+08 1.4153093e+18 5.5572181e+09 6.9575893e+08 6.5176635e+08 3.2240753e-25 2.5243598e-25 2.0678178e-32
2.2822676e+08 1.4167246e+18 5.5571909e+09 6.9512357e+08 6.5106621e+08 3.2140204e-25 2.5170967e-25 2.0570124e-32
2.284817e+08 1.4181413e+18 5.5571637e+09 6.9448875e+08 6.5036687e+08 3.2039971e-25 2.5098542e-25 2.0462639e-32
2.2873689e+08 1.4195595e+18 5.5571366e+09 6.9385445e+08 6.4966834e+08 3.1940055e-25 2.5026322e-25 2.035572e-32
2.2899234e+08 1.420979e+18 5.5571096e+09 6.9322069e+08 6.4897062e+08 3.1840454e-25 2.4954307e-25 2.0249364e-32
2.2924804e+08 1.4224e+18 5.5570826e+09 6.9258746e+08 6.482737e+08 3.1741167e-25 2.4882496e-25 2.0143567e-32
2.29504e+08 1.4238224e+18 5.5570556e+09 6.9195475e+08 6.4757759e+08 3.1642193e-25 2.4810888e-25 2.0038328e-32
2.2976022e+08 1.4252462e+18 5.5570287e+09 6.9132257e+08 6.4688228e+08 3.1543532e-25 2.4739484e-25 1.9933642e-32
2.300167e+08 1.4266715e+18 5.5570019e+09 6.9069093e+08 6.4618777e+08 3.1445182e-25 2.4668282e-25 1.9829508e-32
2.3027343e+08 1.4280982e+18 5.5569751e+09 6.9005981e+08 6.4549407e+08 3.1347141e-25 2.4597282e-25 1.9725922e-32
2.3053043e+08 1.4295263e+18 5.5569484e+09 6.8942921e+08 6.4480116e+08 3.1249411e-25 2.4526483e-25 1.9622881e-32
2.3078768e+08 1.4309558e+18 5.5569217e+09 6.8879915e+08 6.4410905e+08 3.1151988e-25 2.4455885e-25 1.9520383e-32
2.3104518e+08 1.4323867e+18 5.5568951e+09 6.8816961e+08 6.4341775e+08 3.1054872e-25 2.4385487e-25 1.9418423e-32
2.3130295e+08 1.4338191e+18 5.5568685e+09 6.875406e+08 6.4272723e+08 3.0958063e-25 2.4315289e-25 1.9317001e-32
2.3156098e+08 1.4352529e+18 5.556842e+09 6.8691211e+08 6.4203752e+08 3.0861559e-25 2.424529e-25 1.9216112e-32
2.3181926e+08 1.4366882e+18 5.5568155e+09 6.8628415e+08 6.413486e+08 3.0765359e-25 2.4175489e-25 1.9115754e-32
2.3207781e+08 1.4381249e+18 5.5567891e+09 6.8565672e+08 6.4066047e+08 3.0669463e-25 2.4105886e-25 1.9015925e-32
2.3233661e+08 1.439563e+18 5.5567627e+09 6.8502981e+08 6.3997314e+08 3.0573869e-25 2.4036481e-25 1.891662e-32
2.3259568e+08 1.4410026e+18 5.5567364e+09 6.8440342e+08 6.392866e+08 3.0478576e-25 2.3967273e-25 1.8817839e-32
2.3285501e+08 1.4424436e+18 5.5567102e+09 6.8377756e+08 6.3860085e+08 3.0383584e-25 2.3898261e-25 1.8719576e-32
2.3311459e+08 1.443886e+18 5.556684e+09 6.8315223e+08 6.3791589e+08 3.0288891e-25 2.3829444e-25 1.8621831e-32
2.3337444e+08 1.4453299e+18 5.5566578e+09 6.8252741e+08 6.3723172e+08 3.0194497e-25 2.3760823e-25 1.85246e-32
2.3363455e+08 1.4467752e+18 5.5566317e+09 6.8190312e+08 6.3654833e+08 3.01004e-25 2.3692397e-25 1.8427881e-32
2.3389491e+08 1.448222e+18 5.5566057e+09 6.8127936e+08 6.3586574e+08 3.00066e-25 2.3624165e-25 1.8331671e-32
2.3415555e+08 1.4496702e+18 5.5565797e+09 6.8065611e+08 6.3518393e+08 2.9913096e-25 2.3556127e-25 1.8235966e-32
2.3441644e+08 1.4511199e+18 5.5565537e+09 6.8003339e+08 6.345029e+08 2.9819886e-25 2.3488281e-25 1.8140765e-32
2.3467759e+08 1.452571e+18 5.5565278e+09 6.7941119e+08 6.3382266e+08 2.972697e-25 2.3420628e-25 1.8046065e-32
2.3493901e+08 1.4540236e+18 5.556502e+09 6.7878951e+08 6.331432e+08 2.9634346e-25 2.3353168e-25 1.7951863e-32
2.3520069e+08 1.4554776e+18 5.5564762e+09 6.7816836e+08 6.3246452e+08 2.9542015e-25 2.3285898e-25 1.7858156e-32
2.3546263e+08 1.4569331e+18 5.5564504e+09 6.7754772e+08 6.3178662e+08 2.9449975e-25 2.321882e-25 1.7764942e-32
2.3572484e+08 1.45839e+18 5.5564247e+09 6.769276e+08 6.311095e+08 2.9358224e-25 2.3151932e-25 1.7672218e-32
2.3598731e+08 1.4598484e+18 5.5563991e+09 6.7630801e+08 6.3043316e+08 2.9266763e-25 2.3085234e-25 1.7579982e-32
2.3625004e+08 1.4613083e+18 5.5563735e+09 6.7568893e+08 6.297576e+08 2.917559e-25 2.3018725e-25 1.7488231e-32
2.3651304e+08 1.4627696e+18 5.556348e+09 6.7507038e+08 6.2908281e+08 2.9084704e-25 2.2952405e-25 1.7396963e-32
2.367763e+08 1.4642323e+18 5.5563225e+09 6.7445234e+08 6.284088e+08 2.8994104e-25 2.2886274e-25 1.7306174e-32
2.3703982e+08 1.4656966e+18 5.5562971e+09 6.7383482e+08 6.2773557e+08 2.890379e-25 2.282033e-25 1.7215863e-32
2.3730361e+08 1.4671623e+18 5.5562717e+09 6.7321782e+08 6.2706311e+08 2.881376e-25 2.2754573e-25 1.7126026e-32
2.3756767e+08 1.4686294e+18 5.5562463e+09 6.7260133e+08 6.2639142e+08 2.8724014e-25 2.2689003e-25 1.7036662e-32
2.3783199e+08 1.4700981e+18 5.5562211e+09 6.7198537e+08 6.257205e+08 2.8634551e-25 2.262362e-25 1.6947767e-32
2.3809657e+08 1.4715682e+18 5.5561958e+09 6.7136992e+08 6.2505035e+08 2.8545369e-25 2.2558422e-25 1.685934e-32
2.3836143e+08 1.4730397e+18 5.5561706e+09 6.7075499e+08 6.2438097e+08 2.8456469e-25 2.2493409e-25 1.6771378e-32
2.3862654e+08 1.4745128e+18 5.5561455e+09 6.7014057e+08 6.2371236e+08 2.8367848e-25 2.2428581e-25 1.6683878e-32
2.3889193e+08 1.4759873e+18 5.5561204e+09 6.6952667e+08 6.2304452e+08 2.8279507e-25 2.2363938e-25 1.6596838e-32
2.3915758e+08 1.4774633e+18 5.5560954e+09 6.6891329e+08 6.2237745e+08 2.8191443e-25 2.2299478e-25 1.6510256e-32
2.394235e+08 1.4789407e+18 5.5560704e+09 6.6830042e+08 6.2171114e+08 2.8103657e-25 2.2235201e-25 1.6424128e-32
2.3968968e+08 1.4804197e+18 5.5560455e+09 6.6768807e+08 6.2104559e+08 2.8016147e-25 2.2171106e-25 1.6338453e-32
2.3995613e+08 1.4819001e+18 5.5560206e+09 6.6707623e+08 6.2038081e+08 2.7928913e-25 2.2107194e-25 1.6253229e-32
2.4022285e+08 1.483382e+18 5.5559957e+09 6.6646491e+08 6.1971679e+08 2.7841954e-25 2.2043463e-25 1.6168452e-32
2.4048984e+08 1.4848654e+18 5.555971e+09 6.658541e+08 6.1905353e+08 2.7755268e-25 2.1979914e-25 1.6084121e-32
2.407571e+08 1.4863502e+18 5.5559462e+09 6.652438e+08 6.1839103e+08 2.7668856e-25 2.1916545e-25 1.6000233e-32
2.4102462e+08 1.4878366e+18 5.5559215e+09 6.6463402e+08 6.1772929e+08 2.7582715e-25 2.1853356e-25 1.5916785e-32
2.4129241e+08 1.4893244e+18 5.5558969e+09 6.6402475e+08 6.1706832e+08 2.7496845e-25 2.1790347e-25 1.5833776e-32
2.4156048e+08 1.4908138e+18 5.5558723e+09 6.6341599e+08 6.1640809e+08 2.7411246e-25 2.1727517e-25 1.5751204e-32
2.4182881e+08 1.4923046e+18 5.5558478e+09 6.6280775e+08 6.1574863e+08 2.7325917e-25 2.1664865e-25 1.5669065e-32
2.4209741e+08 1.4937969e+18 5.5558233e+09 6.6220001e+08 6.1508992e+08 2.7240855e-25 2.1602392e-25 1.5587357e-32
2.4236628e+08 1.4952907e+18 5.5557988e+09 6.6159279e+08 6.1443196e+08 2.7156062e-25 2.1540096e-25 1.5506079e-32
2.4263542e+08 1.496786e+18 5.5557744e+09 6.6098608e+08 6.1377476e+08 2.7071536e-25 2.1477977e-25 1.5425228e-32
2.4290483e+08 1.4982827e+18 5.5557501e+09 6.6037988e+08 6.1311831e+08 2.6987275e-25 2.1416035e-25 1.5344801e-32
2.4317451e+08 1.499781e+18 5.5557258e+09 6.5977419e+08 6.1246262e+08 2.690328e-25 2.1354269e-25 1.5264797e-32
2.4344446e+08 1.5012808e+18 5.5557015e+09 6.5916901e+08 6.1180767e+08 2.6819549e-25 2.1292679e-25 1.5185213e-32
2.4371469e+08 1.5027821e+18 5.5556773e+09 6.5856434e+08 6.1115348e+08 2.6736081e-25 2.1231264e-25 1.5106047e-32
2.4398518e+08 1.5042849e+18 5.5556532e+09 6.5796018e+08 6.1050003e+08 2.6652876e-25 2.1170023e-25 1.5027297e-32
2.4425595e+08 1.5057892e+18 5.5556291e+09 6.5735653e+08 6.0984733e+08 2.6569933e-25 2.1108957e-25 1.494896e-32
2.4452699e+08 1.5072949e+18 5.555605e+09 6.5675339e+08 6.0919538e+08 2.6487251e-25 2.1048064e-25 1.4871035e-32
2.447983e+08 1.5088022e+18 5.555581e+09 6.5615075e+08 6.0854417e+08 2.640483e-25 2.0987345e-25 1.4793519e-32
2.4506988e+08 1.510311e+18 5.555557e+09 6.5554863e+08 6.0789371e+08 2.6322667e-25 2.0926798e-25 1.471641e-32
2.4534174e+08 1.5118214e+18 5.5555331e+09 6.5494701e+08 6.0724399e+08 2.6240763e-25 2.0866424e-25 1.4639706e-32
2.4561386e+08 1.5133332e+18 5.5555093e+09 6.543459e+08 6.0659501e+08 2.6159117e-25 2.0806221e-25 1.4563405e-32
2.4588627e+08 1.5148465e+18 5.5554854e+09 6.5374529e+08 6.0594678e+08 2.6077727e-25 2.074619e-25 1.4487504e-32
2.4615894e+08 1.5163614e+18 5.5554617e+09 6.5314519e+08 6.0529929e+08 2.5996593e-25 2.0686329e-25 1.4412001e-32
2.4643189e+08 1.5178777e+18 5.5554379e+09 6.525456e+08 6.0465254e+08 2.5915715e-25 2.0626639e-25 1.4336895e-32
2.4670512e+08 1.5193956e+18 5.5554143e+09 6.5194651e+08 6.0400653e+08 2.5835091e-25 2.0567118e-25 1.4262184e-32
2.4697861e+08 1.520915e+18 5.5553906e+09 6.5134793e+08 6.0336125e+08 2.5754721e-25 2.0507767e-25 1.4187864e-32
2.4725239e+08 1.5224359e+18 5.555367e+09 6.5074986e+08 6.0271671e+08 2.5674603e-25 2.0448585e-25 1.4113935e-32
2.4752644e+08 1.5239583e+18 5.5553435e+09 6.5015229e+08 6.0207291e+08 2.5594738e-25 2.0389571e-25 1.4040394e-32
2.4780076e+08 1.5254823e+18 5.55532e+09 6.4955522e+08 6.0142985e+08 2.5515123e-25 2.0330726e-25 1.3967238e-32
2.4807536e+08 1.5270078e+18 5.5552966e+09 6.4895866e+08 6.0078752e+08 2.5435759e-25 2.0272048e-25 1.3894467e-32
2.4835023e+08 1.5285348e+18 5.5552732e+09 6.483626e+08 6.0014592e+08 2.5356645e-25 2.0213536e-25 1.3822077e-32
2.4862538e+08 1.5300633e+18 5.5552498e+09 6.4776704e+08 5.9950506e+08 2.5277779e-25 2.0155192e-25 1.3750068e-32
2.4890081e+08 1.5315934e+18 5.5552265e+09 6.4717199e+08 5.9886492e+08 2.5199161e-25 2.0097013e-25 1.3678436e-32
2.4917651e+08 1.533125e+18 5.5552033e+09 6.4657744e+08 5.9822552e+08 2.512079e-25 2.0039e-25 1.360718e-32
2.4945249e+08 1.5346581e+18 5.55518e+09 6.4598339e+08 5.9758685e+08 2.5042666e-25 1.9981153e-25 1.3536298e-32
2.4972875e+08 1.5361928e+18 5.5551569e+09 6.4538984e+08 5.969489e+08 2.4964788e-25 1.992347e-25 1.3465789e-32
2.5000528e+08 1.537729e+18 5.5551338e+09 6.447968e+08 5.9631169e+08 2.4887154e-25 1.9865951e-25 1.3395649e-32
2.5028209e+08 1.5392667e+18 5.5551107e+09 6.4420426e+08 5.956752e+08 2.4809764e-25 1.9808596e-25 1.3325877e-32
2.5055918e+08 1.540806e+18 5.5550877e+09 6.4361222e+08 5.9503944e+08 2.4732618e-25 1.9751404e-25 1.3256471e-32
2.5083655e+08 1.5423468e+18 5.5550647e+09 6.4302067e+08 5.944044e+08 2.4655714e-25 1.9694375e-25 1.3187429e-32
2.511142e+08 1.5438891e+18 5.5550417e+09 6.4242963e+08 5.9377008e+08 2.4579052e-25 1.9637509e-25 1.3118749e-32
2.5139213e+08 1.545433e+18 5.5550188e+09 6.4183909e+08 5.9313649e+08 2.4502631e-25 1.9580805e-25 1.305043e-32
2.5167033e+08 1.5469784e+18 5.554996e+09 6.4124905e+08 5.9250362e+08 2.442645e-25 1.9524262e-25 1.2982469e-32
2.5194881e+08 1.5485254e+18 5.5549732e+09 6.4065951e+08 5.9187148e+08 2.4350508e-25 1.946788e-25 1.2914864e-32
2.5222758e+08 1.5500739e+18 5.5549504e+09 6.4007046e+08 5.9124005e+08 2.4274805e-25 1.9411659e-25 1.2847614e-32
2.5250662e+08 1.551624e+18 5.5549277e+09 6.3948192e+08 5.9060934e+08 2.419934e-25 1.9355598e-25 1.2780717e-32
2.5278595e+08 1.5531756e+18 5.5549051e+09 6.3889387e+08 5.8997935e+08 2.4124112e-25 1.9299697e-25 1.2714171e-32
2.5306555e+08 1.5547288e+18 5.5548824e+09 6.3830632e+08 5.8935008e+08 2.4049121e-25 1.9243955e-25 1.2647973e-32
2.5334544e+08 1.5562835e+18 5.5548599e+09 6.3771927e+08 5.8872153e+08 2.3974365e-25 1.9188372e-25 1.2582123e-32
2.536256e+08 1.5578398e+18 5.5548373e+09 6.3713271e+08 5.8809369e+08 2.3899844e-25 1.9132947e-25 1.2516618e-32
2.5390605e+08 1.5593977e+18 5.5548149e+09 6.3654665e+08 5.8746657e+08 2.3825557e-25 1.907768e-25 1.2451457e-32
2.5418678e+08 1.5609571e+18 5.5547924e+09 6.3596109e+08 5.8684016e+08 2.3751504e-25 1.9022571e-25 1.2386637e-32
2.5446779e+08 1.562518e+18 5.55477e+09 6.3537602e+08 5.8621446e+08 2.3677683e-25 1.8967619e-25 1.2322157e-32
2.5474908e+08 1.5640805e+18 5.5547477e+09 6.3479145e+08 5.8558948e+08 2.3604094e-25 1.8912823e-25 1.2258015e-32
2.5503066e+08 1.5656446e+18 5.5547254e+09 6.3420738e+08 5.849652e+08 2.3530737e-25 1.8858184e-25 1.219421e-32
2.5531252e+08 1.5672103e+18 5.5547031e+09 6.3362379e+08 5.8434164e+08 2.3457609e-25 1.88037e-25 1.2130739e-32
2.5559466e+08 1.5687775e+18 5.5546809e+09 6.3304071e+08 5.8371878e+08 2.3384712e-25 1.8749372e-25 1.20676e-32
2.5587708e+08 1.5703462e+18 5.5546587e+09 6.3245812e+08 5.8309664e+08 2.3312043e-25 1.8695198e-25 1.2004793e-32
2.5615979e+08 1.5719166e+18 5.5546366e+09 6.3187602e+08 5.824752e+08 2.3239603e-25 1.8641179e-25 1.1942315e-32
2.5644278e+08 1.5734885e+18 5.5546145e+09 6.3129441e+08 5.8185447e+08 2.316739e-25 1.8587314e-25 1.1880164e-32
2.5672606e+08 1.575062e+18 5.5545924e+09 6.307133e+08 5.8123445e+08 2.3095404e-25 1.8533603e-25 1.181834e-32
2.5700962e+08 1.5766371e+18 5.5545704e+09 6.3013268e+08 5.8061513e+08 2.3023644e-25 1.8480045e-25 1.1756839e-32
2.5729346e+08 1.5782137e+18 5.5545485e+09 6.2955256e+08 5.7999651e+08 2.295211e-25 1.8426639e-25 1.169566e-32
2.5757759e+08 1.5797919e+18 5.5545266e+09 6.2897292e+08 5.793786e+08 2.28808e-25 1.8373386e-25 1.1634803e-32
2.5786201e+08 1.5813717e+18 5.5545047e+09 6.2839378e+08 5.7876138e+08 2.2809714e-25 1.8320285e-25 1.1574264e-32
2.5814671e+08 1.5829531e+18 5.5544829e+09 6.2781513e+08 5.7814487e+08 2.2738851e-25 1.8267335e-25 1.1514042e-32
2.5843169e+08 1.584536e+18 5.5544611e+09 6.2723697e+08 5.7752907e+08 2.2668211e-25 1.8214536e-25 1.1454136e-32
2.5871697e+08 1.5861206e+18 5.5544394e+09 6.266593e+08 5.7691396e+08 2.2597792e-25 1.8161888e-25 1.1394544e-32
2.5900253e+08 1.5877067e+18 5.5544177e+09 6.2608212e+08 5.7629954e+08 2.2527595e-25 1.810939e-25 1.1335264e-32
2.5928837e+08 1.5892944e+18 5.554396e+09 6.2550544e+08 5.7568583e+08 2.2457618e-25 1.8057041e-25 1.1276295e-32
2.595745e+08 1.5908837e+18 5.5543744e+09 6.2492924e+08 5.7507281e+08 2.238786e-25 1.8004842e-25 1.1217634e-32
2.5986092e+08 1.5924746e+18 5.5543528e+09 6.2435353e+08 5.7446049e+08 2.2318322e-25 1.7952792e-25 1.1159281e-32
2.6014763e+08 1.594067e+18 5.5543313e+09 6.2377831e+08 5.7384887e+08 2.2249002e-25 1.7900891e-25 1.1101234e-32
2.6043463e+08 1.5956611e+18 5.5543098e+09 6.2320358e+08 5.7323794e+08 2.2179899e-25 1.7849137e-25 1.1043491e-32
2.6072191e+08 1.5972568e+18 5.5542884e+09 6.2262933e+08 5.726277e+08 2.2111014e-25 1.7797531e-25 1.098605e-32
2.6100948e+08 1.598854e+18 5.554267e+09 6.2205558e+08 5.7201815e+08 2.2042344e-25 1.7746073e-25 1.092891e-32
2.6129734e+08 1.6004529e+18 5.5542456e+09 6.2148231e+08 5.714093e+08 2.197389e-25 1.7694761e-25 1.0872069e-32
2.6158549e+08 1.6020533e+18 5.5542243e+09 6.2090953e+08 5.7080113e+08 2.1905651e-25 1.7643596e-25 1.0815526e-32
2.6187393e+08 1.6036554e+18 5.5542031e+09 6.2033724e+08 5.7019366e+08 2.1837627e-25 1.7592577e-25 1.075928e-32
2.6216266e+08 1.605259e+18 5.5541818e+09 6.1976543e+08 5.6958687e+08 2.1769815e-25 1.7541703e-25 1.0703328e-32
2.6245168e+08 1.6068643e+18 5.5541607e+09 6.1919411e+08 5.6898078e+08 2.1702216e-25 1.7490975e-25 1.0647669e-32
2.6274099e+08 1.6084712e+18 5.5541395e+09 6.1862327e+08 5.6837537e+08 2.163483e-25 1.7440391e-25 1.0592301e-32
2.6303058e+08 1.6100796e+18 5.5541184e+09 6.1805292e+08 5.6777064e+08 2.1567655e-25 1.7389952e-25 1.0537223e-32
2.6332047e+08 1.6116897e+18 5.5540974e+09 6.1748306e+08 5.671666e+08 2.1500691e-25 1.7339657e-25 1.0482434e-32
2.6361065e+08 1.6133014e+18 5.5540763e+09 6.1691368e+08 5.6656325e+08 2.1433936e-25 1.7289505e-25 1.0427932e-32
2.6390113e+08 1.6149147e+18 5.5540554e+09 6.1634479e+08 5.6596058e+08 2.1367392e-25 1.7239497e-25 1.0373715e-32
2.6419189e+08 1.6165296e+18 5.5540344e+09 6.1577638e+08 5.6535859e+08 2.1301056e-25 1.7189631e-25 1.0319781e-32
2.6448294e+08 1.6181462e+18 5.5540135e+09 6.1520845e+08 5.6475729e+08 2.1234928e-25 1.7139908e-25 1.0266131e-32
2.6477429e+08 1.6197643e+18 5.5539927e+09 6.1464101e+08 5.6415666e+08 2.1169007e-25 1.7090327e-25 1.0212761e-32
2.6506593e+08 1.6213841e+18 5.5539719e+09 6.1407405e+08 5.6355672e+08 2.1103294e-25 1.7040887e-25 1.015967e-32
2.6535786e+08 1.6230054e+18 5.5539511e+09 6.1350757e+08 5.6295745e+08 2.1037786e-25 1.6991589e-25 1.0106858e-32
2.6565009e+08 1.6246285e+18 5.5539304e+09 6.1294158e+08 5.6235887e+08 2.0972484e-25 1.6942431e-25 1.0054322e-32
2.6594261e+08 1.6262531e+18 5.5539097e+09 6.1237606e+08 5.6176096e+08 2.0907387e-25 1.6893414e-25 1.000206e-32
2.6623542e+08 1.6278793e+18 5.5538891e+09 6.1181103e+08 5.6116372e+08 2.0842494e-25 1.6844537e-25 9.9500729e-33
2.6652853e+08 1.6295072e+18 5.5538685e+09 6.1124648e+08 5.6056717e+08 2.0777804e-25 1.6795799e-25 9.8983574e-33
2.6682193e+08 1.6311367e+18 5.5538479e+09 6.1068241e+08 5.5997129e+08 2.0713318e-25 1.6747201e-25 9.8469126e-33
2.6711562e+08 1.6327679e+18 5.5538274e+09 6.1011883e+08 5.5937608e+08 2.0649033e-25 1.6698741e-25 9.7957371e-33
2.6740961e+08 1.6344006e+18 5.5538069e+09 6.0955572e+08 5.5878154e+08 2.0584951e-25 1.665042e-25 9.7448294e-33
2.677039e+08 1.636035e+18 5.5537865e+09 6.0899309e+08 5.5818768e+08 2.0521069e-25 1.6602237e-25 9.6941881e-33
2.6799848e+08 1.6376711e+18 5.5537661e+09 6.0843095e+08 5.5759449e+08 2.0457387e-25 1.6554192e-25 9.6438118e-33
2.6829335e+08 1.6393087e+18 5.5537457e+09 6.0786928e+08 5.5700197e+08 2.0393905e-25 1.6506284e-25 9.5936991e-33
2.6858852e+08 1.640948e+18 5.5537254e+09 6.0730809e+08 5.5641012e+08 2.0330622e-25 1.6458512e-25 9.5438486e-33
2.6888399e+08 1.642589e+18 5.5537051e+09 6.0674738e+08 5.5581894e+08 2.0267538e-25 1.6410878e-25 9.4942589e-33
2.6917976e+08 1.6442316e+18 5.5536849e+09 6.0618715e+08 5.5522843e+08 2.0204651e-25 1.6363379e-25 9.4449288e-33
2.6947582e+08 1.6458758e+18 5.5536647e+09 6.0562739e+08 5.5463859e+08 2.0141962e-25 1.6316016e-25 9.3958567e-33
2.6977218e+08 1.6475217e+18 5.5536445e+09 6.0506812e+08 5.5404941e+08 2.0079469e-25 1.6268789e-25 9.3470413e-33
2.7006883e+08 1.6491692e+18 5.5536244e+09 6.0450932e+08 5.534609e+08 2.0017171e-25 1.6221697e-25 9.2984813e-33
2.7036579e+08 1.6508184e+18 5.5536043e+09 6.0395099e+08 5.5287305e+08 1.995507e-25 1.6174739e-25 9.2501753e-33
2.7066304e+08 1.6524692e+18 5.5535843e+09 6.0339315e+08 5.5228586e+08 1.9893162e-25 1.6127915e-25 9.2021221e-33
2.7096059e+08 1.6541217e+18 5.5535643e+09 6.0283578e+08 5.5169934e+08 1.9831449e-25 1.6081226e-25 9.1543202e-33
2.7125844e+08 1.6557758e+18 5.5535443e+09 6.0227889e+08 5.5111349e+08 1.976993e-25 1.6034669e-25 9.1067683e-33
2.7155658e+08 1.6574316e+18 5.5535244e+09 6.0172247e+08 5.5052829e+08 1.9708603e-25 1.5988246e-25 9.0594651e-33
2.7185503e+08 1.659089e+18 5.5535045e+09 6.0116653e+08 5.4994375e+08 1.9647468e-25 1.5941956e-25 9.0124094e-33
2.7215378e+08 1.6607481e+18 5.5534847e+09 6.0061106e+08 5.4935988e+08 1.9586525e-25 1.5895798e-25 8.9655997e-33
2.7245282e+08 1.6624088e+18 5.5534649e+09 6.0005607e+08 5.4877666e+08 1.9525773e-25 1.5849772e-25 8.9190348e-33
2.7275217e+08 1.6640712e+18 5.5534451e+09 5.9950155e+08 5.481941e+08 1.9465211e-25 1.5803877e-25 8.8727135e-33
2.7305182e+08 1.6657353e+18 5.5534254e+09 5.989475e+08 5.476122e+08 1.9404839e-25 1.5758114e-25 8.8266344e-33
2.7335176e+08 1.667401e+18 5.5534057e+09 5.9839393e+08 5.4703095e+08 1.9344656e-25 1.5712482e-25 8.7807962e-33
2.7365201e+08 1.6690684e+18 5.5533861e+09 5.9784084e+08 5.4645036e+08 1.9284662e-25 1.566698e-25 8.7351978e-33
2.7395256e+08 1.6707375e+18 5.5533665e+09 5.9728821e+08 5.4587043e+08 1.9224855e-25 1.5621608e-25 8.6898377e-33
2.7425341e+08 1.6724083e+18 5.5533469e+09 5.9673606e+08 5.4529115e+08 1.9165236e-25 1.5576366e-25 8.6447148e-33
2.7455457e+08 1.6740807e+18 5.5533274e+09 5.9618438e+08 5.4471252e+08 1.9105804e-25 1.5531254e-25 8.5998278e-33
2.7485602e+08 1.6757547e+18 5.5533079e+09 5.9563317e+08 5.4413454e+08 1.9046558e-25 1.548627e-25 8.5551755e-33
2.7515778e+08 1.6774305e+18 5.5532885e+09 5.9508243e+08 5.4355722e+08 1.8987498e-25 1.5441415e-25 8.5107567e-33
2.7545984e+08 1.6791079e+18 5.553269e+09 5.9453217e+08 5.4298055e+08 1.8928623e-25 1.5396689e-25 8.46657e-33
2.757622e+08 1.680787e+18 5.5532497e+09 5.9398237e+08 5.4240452e+08 1.8869932e-25 1.5352091e-25 8.4226143e-33
2.7606487e+08 1.6824678e+18 5.5532303e+09 5.9343305e+08 5.4182915e+08 1.8811425e-25 1.530762e-25 8.3788884e-33
2.7636784e+08 1.6841503e+18 5.553211e+09 5.9288419e+08 5.4125442e+08 1.8753101e-25 1.5263276e-25 8.335391e-33
2.7667112e+08 1.6858344e+18 5.5531918e+09 5.9233581e+08 5.4068035e+08 1.8694959e-25 1.5219059e-25 8.292121e-33
2.769747e+08 1.6875203e+18 5.5531726e+09 5.917879e+08 5.4010691e+08 1.8637e-25 1.5174969e-25 8.2490772e-33
2.7727858e+08 1.6892078e+18 5.5531534e+09 5.9124045e+08 5.3953413e+08 1.8579223e-25 1.5131005e-25 8.2062583e-33
2.7758277e+08 1.690897e+18 5.5531343e+09 5.9069347e+08 5.3896199e+08 1.8521626e-25 1.5087167e-25 8.1636632e-33
2.7788726e+08 1.6925879e+18 5.5531151e+09 5.9014697e+08 5.3839049e+08 1.846421e-25 1.5043454e-25 8.1212906e-33
2.7819206e+08 1.6942805e+18 5.5530961e+09 5.8960093e+08 5.3781964e+08 1.8406973e-25 1.4999867e-25 8.0791395e-33
2.7849717e+08 1.6959748e+18 5.5530771e+09 5.8905535e+08 5.3724943e+08 1.8349916e-25 1.4956404e-25 8.0372087e-33
2.7880258e+08 1.6976707e+18 5.5530581e+09 5.8851025e+08 5.3667986e+08 1.8293037e-25 1.4913065e-25 7.995497e-33
2.791083e+08 1.6993684e+18 5.5530391e+09 5.8796561e+08 5.3611093e+08 1.8236337e-25 1.4869851e-25 7.9540032e-33
2.7941432e+08 1.7010678e+18 5.5530202e+09 5.8742144e+08 5.3554264e+08 1.8179814e-25 1.482676e-25 7.9127262e-33
2.7972066e+08 1.7027688e+18 5.5530013e+09 5.8687774e+08 5.3497499e+08 1.8123468e-25 1.4783793e-25 7.8716649e-33
2.8002729e+08 1.7044716e+18 5.5529825e+09 5.863345e+08 5.3440798e+08 1.8067298e-25 1.4740949e-25 7.8308181e-33
2.8033424e+08 1.7061761e+18 5.5529637e+09 5.8579172e+08 5.3384161e+08 1.8011304e-25 1.4698227e-25 7.7901847e-33
2.806415e+08 1.7078823e+18 5.5529449e+09 5.8524942e+08 5.3327588e+08 1.7955486e-25 1.4655628e-25 7.7497636e-33
2.8094906e+08 1.7095901e+18 5.5529262e+09 5.8470758e+08 5.3271078e+08 1.7899842e-25 1.461315e-25 7.7095536e-33
2.8125693e+08 1.7112997e+18 5.5529075e+09 5.841662e+08 5.3214631e+08 1.7844372e-25 1.4570795e-25 7.6695537e-33
2.8156511e+08 1.713011e+18 5.5528888e+09 5.8362529e+08 5.3158248e+08 1.7789076e-25 1.452856e-25 7.6297627e-33
2.818736e+08 1.714724e+18 5.5528702e+09 5.8308484e+08 5.3101929e+08 1.7733953e-25 1.4486447e-25 7.5901795e-33
2.821824e+08 1.7164388e+18 5.5528516e+09 5.8254485e+08 5.3045673e+08 1.7679003e-25 1.4444454e-25 7.5508031e-33
2.8249151e+08 1.7181552e+18 5.5528331e+09 5.8200533e+08 5.298948e+08 1.7624224e-25 1.4402581e-25 7.5116324e-33
2.8280093e+08 1.7198734e+18 5.5528146e+09 5.8146627e+08 5.293335e+08 1.7569617e-25 1.4360829e-25 7.4726662e-33
2.8311066e+08 1.7215932e+18 5.5527961e+09 5.8092768e+08 5.2877283e+08 1.7515181e-25 1.4319196e-25 7.4339035e-33
2.834207e+08 1.7233148e+18 5.5527777e+09 5.8038954e+08 5.2821279e+08 1.7460915e-25 1.4277682e-25 7.3953432e-33
2.8373105e+08 1.7250381e+18 5.5527593e+09 5.7985187e+08 5.2765338e+08 1.740682e-25 1.4236287e-25 7.3569843e-33
2.8404172e+08 1.7267632e+18 5.5527409e+09 5.7931466e+08 5.270946e+08 1.7352893e-25 1.4195011e-25 7.3188257e-33
2.8435269e+08 1.7284899e+18 5.5527226e+09 5.7877791e+08 5.2653645e+08 1.7299135e-25 1.4153853e-25 7.2808664e-33
2.8466398e+08 1.7302184e+18 5.5527043e+09 5.7824163e+08 5.2597892e+08 1.7245545e-25 1.4112813e-25 7.2431052e-33
2.8497558e+08 1.7319487e+18 5.5526861e+09 5.777058e+08 5.2542202e+08 1.7192123e-25 1.4071891e-25 7.2055412e-33
2.8528749e+08 1.7336806e+18 5.5526679e+09 5.7717044e+08 5.2486575e+08 1.7138868e-25 1.4031085e-25 7.1681733e-33
2.8559972e+08 1.7354143e+18 5.5526497e+09 5.7663553e+08 5.2431009e+08 1.708578e-25 1.3990397e-25 7.1310005e-33
2.8591225e+08 1.7371497e+18 5.5526316e+09 5.7610108e+08 5.2375507e+08 1.7032857e-25 1.3949826e-25 7.0940218e-33
2.862251e+08 1.7388869e+18 5.5526134e+09 5.755671e+08 5.2320066e+08 1.69801e-25 1.390937e-25 7.0572361e-33
2.8653827e+08 1.7406257e+18 5.5525954e+09 5.7503357e+08 5.2264688e+08 1.6927509e-25 1.3869031e-25 7.0206424e-33
2.8685175e+08 1.7423664e+18 5.5525773e+09 5.745005e+08 5.2209372e+08 1.6875082e-25 1.3828807e-25 6.9842398e-33
2.8716554e+08 1.7441087e+18 5.5525593e+09 5.7396789e+08 5.2154118e+08 1.6822818e-25 1.3788698e-25 6.9480271e-33
2.8747965e+08 1.7458528e+18 5.5525414e+09 5.7343574e+08 5.2098925e+08 1.6770719e-25 1.3748705e-25 6.9120035e-33
2.8779408e+08 1.7475987e+18 5.5525235e+09 5.7290404e+08 5.2043795e+08 1.6718782e-25 1.3708826e-25 6.8761679e-33
2.8810882e+08 1.7493463e+18 5.5525056e+09 5.7237281e+08 5.1988727e+08 1.6667007e-25 1.3669061e-25 6.8405193e-33
2.8842387e+08 1.7510956e+18 5.5524877e+09 5.7184203e+08 5.193372e+08 1.6615395e-25 1.3629411e-25 6.8050568e-33
2.8873924e+08 1.7528467e+18 5.5524699e+09 5.713117e+08 5.1878775e+08 1.6563944e-25 1.3589874e-25 6.7697793e-33
2.8905493e+08 1.7545996e+18 5.5524521e+09 5.7078184e+08 5.1823891e+08 1.6512654e-25 1.355045e-25 6.7346859e-33
2.8937094e+08 1.7563542e+18 5.5524344e+09 5.7025243e+08 5.1769069e+08 1.6461524e-25 1.351114e-25 6.6997757e-33
2.8968726e+08 1.7581105e+18 5.5524166e+09 5.6972347e+08 5.1714309e+08 1.6410554e-25 1.3471942e-25 6.6650476e-33
2.900039e+08 1.7598686e+18 5.552399e+09 5.6919497e+08 5.165961e+08 1.6359743e-25 1.3432856e-25 6.6305007e-33
2.9032085e+08 1.7616285e+18 5.5523813e+09 5.6866693e+08 5.1604972e+08 1.6309092e-25 1.3393883e-25 6.596134e-33
2.9063813e+08 1.7633901e+18 5.5523637e+09 5.6813934e+08 5.1550395e+08 1.6258598e-25 1.3355021e-25 6.5619467e-33
2.9095572e+08 1.7651535e+18 5.5523461e+09 5.676122e+08 5.1495879e+08 1.6208263e-25 1.3316271e-25 6.5279378e-33
2.9127363e+08 1.7669187e+18 5.5523286e+09 5.6708552e+08 5.1441425e+08 1.6158085e-25 1.3277632e-25 6.4941062e-33
2.9159186e+08 1.7686856e+18 5.5523111e+09 5.6655929e+08 5.1387031e+08 1.6108064e-25 1.3239104e-25 6.4604512e-33
2.9191041e+08 1.7704543e+18 5.5522936e+09 5.6603352e+08 5.1332699e+08 1.6058199e-25 1.3200686e-25 6.4269717e-33
2.9222928e+08 1.7722247e+18 5.5522762e+09 5.655082e+08 5.1278427e+08 1.600849e-25 1.3162379e-25 6.3936669e-33
2.9254847e+08 1.773997e+18 5.5522588e+09 5.6498333e+08 5.1224216e+08 1.5958936e-25 1.3124181e-25 6.3605358e-33
2.9286798e+08 1.775771e+18 5.5522414e+09 5.6445892e+08 5.1170065e+08 1.5909537e-25 1.3086093e-25 6.3275775e-33
2.9318781e+08 1.7775467e+18 5.5522241e+09 5.6393495e+08 5.1115975e+08 1.5860293e-25 1.3048115e-25 6.2947911e-33
2.9350796e+08 1.7793243e+18 5.5522068e+09 5.6341144e+08 5.1061946e+08 1.5811203e-25 1.3010245e-25 6.2621757e-33
2.9382843e+08 1.7811036e+18 5.5521895e+09 5.6288838e+08 5.1007977e+08 1.5762266e-25 1.2972484e-25 6.2297304e-33
2.9414922e+08 1.7828847e+18 5.5521723e+09 5.6236577e+08 5.0954069e+08 1.5713482e-25 1.2934831e-25 6.1974543e-33
2.9447034e+08 1.7846676e+18 5.5521551e+09 5.6184361e+08 5.090022e+08 1.566485e-25 1.2897286e-25 6.1653465e-33
2.9479177e+08 1.7864523e+18 5.552138e+09 5.613219e+08 5.0846432e+08 1.561637e-25 1.2859849e-25 6.1334062e-33
2.9511353e+08 1.7882387e+18 5.5521208e+09 5.6080064e+08 5.0792704e+08 1.5568042e-25 1.282252e-25 6.1016324e-33
2.9543561e+08 1.790027e+18 5.5521037e+09 5.6027984e+08 5.0739037e+08 1.5519865e-25 1.2785297e-25 6.0700243e-33
2.9575802e+08 1.791817e+18 5.5520867e+09 5.5975948e+08 5.0685429e+08 1.5471839e-25 1.2748182e-25 6.038581e-33
2.9608075e+08 1.7936088e+18 5.5520697e+09 5.5923957e+08 5.0631881e+08 1.5423962e-25 1.2711173e-25 6.0073017e-33
2.964038e+08 1.7954024e+18 5.5520527e+09 5.5872011e+08 5.0578393e+08 1.5376235e-25 1.267427e-25 5.9761854e-33
2.9672718e+08 1.7971978e+18 5.5520357e+09 5.5820109e+08 5.0524965e+08 1.5328657e-25 1.2637473e-25 5.9452314e-33
2.9705088e+08 1.798995e+18 5.5520188e+09 5.5768253e+08 5.0471596e+08 1.5281228e-25 1.2600782e-25 5.9144388e-33
2.973749e+08 1.800794e+18 5.5520019e+09 5.5716441e+08 5.0418287e+08 1.5233947e-25 1.2564196e-25 5.8838066e-33
2.9769925e+08 1.8025948e+18 5.5519851e+09 5.5664675e+08 5.0365038e+08 1.5186814e-25 1.2527715e-25 5.8533342e-33
2.9802393e+08 1.8043974e+18 5.5519682e+09 5.5612952e+08 5.0311848e+08 1.5139828e-25 1.2491338e-25 5.8230206e-33
2.9834893e+08 1.8062018e+18 5.5519514e+09 5.5561275e+08 5.0258717e+08 1.5092988e-25 1.2455067e-25 5.792865e-33
2.9867426e+08 1.808008e+18 5.5519347e+09 5.5509642e+08 5.0205646e+08 1.5046295e-25 1.2418899e-25 5.7628666e-33
2.9899991e+08 1.809816e+18 5.551918e+09 5.5458054e+08 5.0152634e+08 1.4999748e-25 1.2382835e-25 5.7330246e-33
2.9932589e+08 1.8116258e+18 5.5519013e+09 5.540651e+08 5.0099681e+08 1.4953346e-25 1.2346875e-25 5.7033381e-33
2.996522e+08 1.8134374e+18 5.5518846e+09 5.5355011e+08 5.0046788e+08 1.490709e-25 1.2311018e-25 5.6738063e-33
2.9997883e+08 1.8152509e+18 5.551868e+09 5.5303556e+08 4.9993953e+08 1.4860977e-25 1.2275264e-25 5.6444284e-33
3.003058e+08 1.8170661e+18 5.5518514e+09 5.5252146e+08 4.9941178e+08 1.4815009e-25 1.2239613e-25 5.6152036e-33
3.0063309e+08 1.8188832e+18 5.5518349e+09 5.5200781e+08 4.9888461e+08 1.4769184e-25 1.2204064e-25 5.5861311e-33
3.009607e+08 1.8207021e+18 5.5518183e+09 5.514946e+08 4.9835803e+08 1.4723502e-25 1.2168617e-25 5.5572101e-33
3.0128865e+08 1.8225228e+18 5.5518018e+09 5.5098183e+08 4.9783204e+08 1.4677963e-25 1.2133272e-25 5.5284398e-33
3.0161693e+08 1.8243453e+18 5.5517854e+09 5.504695e+08 4.9730663e+08 1.4632566e-25 1.2098028e-25 5.4998194e-33
3.0194553e+08 1.8261696e+18 5.551769e+09 5.4995762e+08 4.9678181e+08 1.4587311e-25 1.2062886e-25 5.4713482e-33
3.0227447e+08 1.8279958e+18 5.5517526e+09 5.4944618e+08 4.9625758e+08 1.4542197e-25 1.2027845e-25 5.4430252e-33
3.0260373e+08 1.8298238e+18 5.5517362e+09 5.4893519e+08 4.9573393e+08 1.4497224e-25 1.1992904e-25 5.4148499e-33
3.0293333e+08 1.8316536e+18 5.5517199e+09 5.4842463e+08 4.9521086e+08 1.4452392e-25 1.1958064e-25 5.3868213e-33
3.0326325e+08 1.8334853e+18 5.5517036e+09 5.4791452e+08 4.9468838e+08 1.4407699e-25 1.1923323e-25 5.3589387e-33
3.0359351e+08 1.8353188e+18 5.5516873e+09 5.4740485e+08 4.9416648e+08 1.4363146e-25 1.1888683e-25 5.3312014e-33
3.039241e+08 1.8371541e+18 5.5516711e+09 5.4689562e+08 4.9364516e+08 1.4318732e-25 1.1854142e-25 5.3036086e-33
3.0425502e+08 1.8389912e+18 5.5516549e+09 5.4638683e+08 4.9312443e+08 1.4274457e-25 1.1819701e-25 5.2761595e-33
3.0458627e+08 1.8408302e+18 5.5516387e+09 5.4587849e+08 4.9260427e+08 1.4230319e-25 1.1785358e-25 5.2488534e-33
3.0491785e+08 1.8426711e+18 5.5516226e+09 5.4537058e+08 4.9208469e+08 1.418632e-25 1.1751114e-25 5.2216895e-33
3.0524977e+08 1.8445137e+18 5.5516065e+09 5.4486311e+08 4.9156569e+08 1.4142458e-25 1.1716968e-25 5.1946671e-33
3.0558201e+08 1.8463583e+18 5.5515904e+09 5.4435608e+08 4.9104727e+08 1.4098733e-25 1.1682921e-25 5.1677855e-33
3.059146e+08 1.8482046e+18 5.5515744e+09 5.438495e+08 4.9052943e+08 1.4055144e-25 1.1648971e-25 5.1410438e-33
3.0624751e+08 1.8500528e+18 5.5515584e+09 5.4334335e+08 4.9001216e+08 1.4011691e-25 1.1615119e-25 5.1144414e-33
3.0658076e+08 1.8519029e+18 5.5515424e+09 5.4283764e+08 4.8949547e+08 1.3968374e-25 1.1581365e-25 5.0879775e-33
3.0691434e+08 1.8537548e+18 5.5515265e+09 5.4233236e+08 4.8897936e+08 1.3925192e-25 1.1547707e-25 5.0616514e-33
3.0724826e+08 1.8556085e+18 5.5515106e+09 5.4182753e+08 4.8846382e+08 1.3882145e-25 1.1514146e-25 5.0354625e-33
3.0758252e+08 1.8574641e+18 5.5514947e+09 5.4132313e+08 4.8794885e+08 1.3839232e-25 1.1480682e-25 5.0094099e-33
3.079171e+08 1.8593216e+18 5.5514788e+09 5.4081917e+08 4.8743446e+08 1.3796454e-25 1.1447313e-25 4.9834929e-33
3.0825203e+08 1.8611809e+18 5.551463e+09 5.4031565e+08 4.8692063e+08 1.3753808e-25 1.1414041e-25 4.9577109e-33
3.0858729e+08 1.8630421e+18 5.5514472e+09 5.3981257e+08 4.8640739e+08 1.3711296e-25 1.1380864e-25 4.9320631e-33
3.0892288e+08 1.8649051e+18 5.5514315e+09 5.3930992e+08 4.8589471e+08 1.3668916e-25 1.1347783e-25 4.9065488e-33
3.0925881e+08 1.8667701e+18 5.5514158e+09 5.388077e+08 4.853826e+08 1.3626669e-25 1.1314797e-25 4.8811674e-33
3.0959508e+08 1.8686368e+18 5.5514001e+09 5.3830593e+08 4.8487106e+08 1.3584553e-25 1.1281906e-25 4.8559181e-33
3.0993169e+08 1.8705055e+18 5.5513844e+09 5.3780459e+08 4.8436009e+08 1.3542568e-25 1.1249109e-25 4.8308002e-33
3.1026863e+08 1.872376e+18 5.5513688e+09 5.3730368e+08 4.8384969e+08 1.3500715e-25 1.1216407e-25 4.8058131e-33
3.1060592e+08 1.8742483e+18 5.5513532e+09 5.3680321e+08 4.8333985e+08 1.3458992e-25 1.1183798e-25 4.780956e-33
3.1094354e+08 1.8761226e+18 5.5513376e+09 5.3630317e+08 4.8283059e+08 1.34174e-25 1.1151284e-25 4.7562284e-33
3.1128149e+08 1.8779987e+18 5.5513221e+09 5.3580357e+08 4.8232189e+08 1.3375937e-25 1.1118863e-25 4.7316294e-33
3.1161979e+08 1.8798767e+18 5.5513066e+09 5.353044e+08 4.8181375e+08 1.3334603e-25 1.1086535e-25 4.7071585e-33
3.1195843e+08 1.8817566e+18 5.5512911e+09 5.3480566e+08 4.8130618e+08 1.3293398e-25 1.10543e-25 4.6828149e-33
3.1229741e+08 1.8836383e+18 5.5512756e+09 5.3430736e+08 4.8079917e+08 1.3252322e-25 1.1022158e-25 4.658598e-33
3.1263672e+08 1.885522e+18 5.5512602e+09 5.3380949e+08 4.8029273e+08 1.3211374e-25 1.0990108e-25 4.6345071e-33
3.1297638e+08 1.8874075e+18 5.5512449e+09 5.3331205e+08 4.7978685e+08 1.3170554e-25 1.0958151e-25 4.6105416e-33
3.1331638e+08 1.8892949e+18 5.5512295e+09 5.3281505e+08 4.7928153e+08 1.3129861e-25 1.0926285e-25 4.5867008e-33
3.1365671e+08 1.8911842e+18 5.5512142e+09 5.3231847e+08 4.7877677e+08 1.3089295e-25 1.0894511e-25 4.5629841e-33
3.1399739e+08 1.8930754e+18 5.5511989e+09 5.3182233e+08 4.7827258e+08 1.3048855e-25 1.0862829e-25 4.5393908e-33
3.1433841e+08 1.8949685e+18 5.5511836e+09 5.3132662e+08 4.7776894e+08 1.3008541e-25 1.0831238e-25 4.5159202e-33
3.1467978e+08 1.8968634e+18 5.5511684e+09 5.3083134e+08 4.7726586e+08 1.2968354e-25 1.0799737e-25 4.4925717e-33
3.1502148e+08 1.8987603e+18 5.5511532e+09 5.3033649e+08 4.7676334e+08 1.2928291e-25 1.0768328e-25 4.4693447e-33
3.1536353e+08 1.9006591e+18 5.551138e+09 5.2984207e+08 4.7626138e+08 1.2888353e-25 1.0737008e-25 4.4462386e-33
3.1570592e+08 1.9025597e+18 5.5511229e+09 5.2934808e+08 4.7575998e+08 1.284854e-25 1.0705779e-25 4.4232527e-33
3.1604866e+08 1.9044623e+18 5.5511078e+09 5.2885452e+08 4.7525913e+08 1.2808851e-25 1.067464e-25 4.4003863e-33
3.1639173e+08 1.9063667e+18 5.5510927e+09 5.2836139e+08 4.7475884e+08 1.2769286e-25 1.064359e-25 4.3776389e-33
3.1673515e+08 1.9082731e+18 5.5510777e+09 5.2786869e+08 4.742591e+08 1.2729844e-25 1.0612629e-25 4.3550098e-33
3.1707892e+08 1.9101814e+18 5.5510626e+09 5.2737642e+08 4.7375992e+08 1.2690525e-25 1.0581758e-25 4.3324984e-33
3.1742303e+08 1.9120916e+18 5.5510476e+09 5.2688458e+08 4.7326129e+08 1.2651329e-25 1.0550976e-25 4.3101041e-33
3.1776749e+08 1.9140036e+18 5.5510327e+09 5.2639316e+08 4.7276322e+08 1.2612254e-25 1.0520282e-25 4.2878263e-33
3.1811229e+08 1.9159177e+18 5.5510178e+09 5.2590217e+08 4.7226569e+08 1.2573302e-25 1.0489676e-25 4.2656643e-33
3.1845744e+08 1.9178336e+18 5.5510029e+09 5.2541161e+08 4.7176872e+08 1.2534471e-25 1.0459159e-25 4.2436176e-33
3.1880293e+08 1.9197514e+18 5.550988e+09 5.2492148e+08 4.712723e+08 1.2495761e-25 1.042873e-25 4.2216856e-33
3.1914877e+08 1.9216712e+18 5.5509731e+09 5.2443177e+08 4.7077643e+08 1.2457171e-25 1.0398388e-25 4.1998676e-33
3.1949496e+08 1.9235928e+18 5.5509583e+09 5.2394249e+08 4.7028111e+08 1.2418702e-25 1.0368133e-25 4.1781631e-33
3.1984149e+08 1.9255164e+18 5.5509435e+09 5.2345364e+08 4.6978634e+08 1.2380353e-25 1.0337966e-25 4.1565714e-33
3.2018837e+08 1.9274419e+18 5.5509288e+09 5.2296521e+08 4.6929212e+08 1.2342123e-25 1.0307885e-25 4.1350921e-33
3.205356e+08 1.9293694e+18 5.5509141e+09 5.2247721e+08 4.6879844e+08 1.2304013e-25 1.0277891e-25 4.1137244e-33
3.2088318e+08 1.9312987e+18 5.5508994e+09 5.2198963e+08 4.6830532e+08 1.2266021e-25 1.0247984e-25 4.0924678e-33
3.212311e+08 1.93323e+18 5.5508847e+09 5.2150248e+08 4.6781273e+08 1.2228147e-25 1.0218162e-25 4.0713217e-33
3.2157938e+08 1.9351633e+18 5.5508701e+09 5.2101575e+08 4.673207e+08 1.2190392e-25 1.0188427e-25 4.0502855e-33
3.21928e+08 1.9370984e+18 5.5508555e+09 5.2052944e+08 4.6682921e+08 1.2152754e-25 1.0158777e-25 4.0293587e-33
3.2227697e+08 1.9390355e+18 5.5508409e+09 5.2004356e+08 4.6633826e+08 1.2115233e-25 1.0129212e-25 4.0085407e-33
3.2262629e+08 1.9409746e+18 5.5508263e+09 5.1955811e+08 4.6584786e+08 1.207783e-25 1.0099733e-25 3.987831e-33
3.2297597e+08 1.9429155e+18 5.5508118e+09 5.1907307e+08 4.65358e+08 1.2040543e-25 1.0070338e-25 3.9672289e-33
3.2332599e+08 1.9448585e+18 5.5507973e+09 5.1858846e+08 4.6486868e+08 1.2003372e-25 1.0041028e-25 3.9467338e-33
3.2367637e+08 1.9468033e+18 5.5507829e+09 5.1810427e+08 4.6437991e+08 1.1966316e-25 1.0011803e-25 3.9263454e-33
3.2402709e+08 1.9487501e+18 5.5507684e+09 5.1762051e+08 4.6389167e+08 1.1929377e-25 9.9826617e-26 3.9060628e-33
3.2437817e+08 1.9506989e+18 5.550754e+09 5.1713717e+08 4.6340398e+08 1.1892552e-25 9.9536044e-26 3.8858857e-33
3.247296e+08 1.9526496e+18 5.5507396e+09 5.1665424e+08 4.6291683e+08 1.1855842e-25 9.9246309e-26 3.8658135e-33
3.2508138e+08 1.9546022e+18 5.5507253e+09 5.1617174e+08 4.6243021e+08 1.1819246e-25 9.8957408e-26 3.8458456e-33
3.2543352e+08 1.9565568e+18 5.550711e+09 5.1568966e+08 4.6194414e+08 1.1782765e-25 9.8669339e-26 3.8259815e-33
3.25786e+08 1.9585134e+18 5.5506967e+09 5.15208e+08 4.614586e+08 1.1746397e-25 9.8382101e-26 3.8062205e-33
3.2613884e+08 1.9604719e+18 5.5506824e+09 5.1472677e+08 4.609736e+08 1.1710142e-25 9.809569e-26 3.7865623e-33
3.2649204e+08 1.9624324e+18 5.5506682e+09 5.1424595e+08 4.6048913e+08 1.1674e-25 9.7810104e-26 3.7670062e-33
3.2684559e+08 1.9643948e+18 5.550654e+09 5.1376555e+08 4.600052e+08 1.1637971e-25 9.7525342e-26 3.7475518e-33
3.2719949e+08 1.9663592e+18 5.5506398e+09 5.1328557e+08 4.5952181e+08 1.1602053e-25 9.72414e-26 3.7281984e-33
3.2755375e+08 1.9683256e+18 5.5506257e+09 5.1280601e+08 4.5903895e+08 1.1566248e-25 9.6958276e-26 3.7089456e-33
3.2790836e+08 1.9702939e+18 5.5506115e+09 5.1232687e+08 4.5855662e+08 1.1530554e-25 9.6675968e-26 3.6897928e-33
3.2826333e+08 1.9722642e+18 5.5505974e+09 5.1184815e+08 4.5807483e+08 1.1494972e-25 9.6394474e-26 3.6707396e-33
3.2861866e+08 1.9742364e+18 5.5505834e+09 5.1136984e+08 4.5759357e+08 1.14595e-25 9.6113791e-26 3.6517853e-33
3.2897434e+08 1.9762107e+18 5.5505693e+09 5.1089196e+08 4.5711284e+08 1.1424138e-25 9.5833917e-26 3.6329295e-33
3.2933037e+08 1.9781869e+18 5.5505553e+09 5.1041449e+08 4.5663265e+08 1.1388887e-25 9.555485e-26 3.6141716e-33
3.2968677e+08 1.9801651e+18 5.5505413e+09 5.0993744e+08 4.5615298e+08 1.1353745e-25 9.5276587e-26 3.5955112e-33
3.3004352e+08 1.9821452e+18 5.5505274e+09 5.094608e+08 4.5567385e+08 1.1318713e-25 9.4999127e-26 3.5769477e-33
3.3040063e+08 1.9841274e+18 5.5505135e+09 5.0898458e+08 4.5519524e+08 1.128379e-25 9.4722466e-26 3.5584806e-33
3.307581e+08 1.9861115e+18 5.5504996e+09 5.0850878e+08 4.5471716e+08 1.1248976e-25 9.4446603e-26 3.5401095e-33
3.3111592e+08 1.9880976e+18 5.5504857e+09 5.080334e+08 4.5423961e+08 1.121427e-25 9.4171535e-26 3.5218337e-33
3.3147411e+08 1.9900857e+18 5.5504718e+09 5.0755843e+08 4.5376259e+08 1.1179672e-25 9.3897261e-26 3.5036529e-33
3.3183265e+08 1.9920758e+18 5.550458e+09 5.0708387e+08 4.5328609e+08 1.1145181e-25 9.3623777e-26 3.4855665e-33
3.3219155e+08 1.9940679e+18 5.5504442e+09 5.0660973e+08 4.5281012e+08 1.1110798e-25 9.3351081e-26 3.4675741e-33
3.3255082e+08 1.9960619e+18 5.5504305e+09 5.0613601e+08 4.5233468e+08 1.1076523e-25 9.3079172e-26 3.4496751e-33
3.3291044e+08 1.998058e+18 5.5504167e+09 5.056627e+08 4.5185976e+08 1.1042353e-25 9.2808047e-26 3.431869e-33
3.3327042e+08 2.0000561e+18 5.550403e+09 5.051898e+08 4.5138537e+08 1.100829e-25 9.2537704e-26 3.4141554e-33
3.3363077e+08 2.0020561e+18 5.5503894e+09 5.0471732e+08 4.509115e+08 1.0974333e-25 9.2268141e-26 3.3965338e-33
3.3399147e+08 2.0040582e+18 5.5503757e+09 5.0424525e+08 4.5043815e+08 1.0940482e-25 9.1999355e-26 3.3790037e-33
3.3435254e+08 2.0060622e+18 5.5503621e+09 5.0377359e+08 4.4996532e+08 1.0906736e-25 9.1731344e-26 3.3615646e-33
3.3471397e+08 2.0080683e+18 5.5503485e+09 5.0330235e+08 4.4949302e+08 1.0873095e-25 9.1464106e-26 3.344216e-33
3.3507576e+08 2.0100764e+18 5.5503349e+09 5.0283152e+08 4.4902124e+08 1.0839559e-25 9.1197639e-26 3.3269575e-33
3.3543791e+08 2.0120864e+18 5.5503214e+09 5.023611e+08 4.4854997e+08 1.0806127e-25 9.093194e-26 3.3097886e-33
3.3580043e+08 2.0140985e+18 5.5503078e+09 5.018911e+08 4.4807923e+08 1.0772799e-25 9.0667008e-26 3.2927089e-33
3.3616331e+08 2.0161126e+18 5.5502944e+09 5.014215e+08 4.4760901e+08 1.0739575e-25 9.0402841e-26 3.2757178e-33
3.3652656e+08 2.0181287e+18 5.5502809e+09 5.0095232e+08 4.471393e+08 1.0706455e-25 9.0139435e-26 3.2588149e-33
3.3689016e+08 2.0201469e+18 5.5502674e+09 5.0048355e+08 4.4667012e+08 1.0673437e-25 8.9876789e-26 3.2419998e-33
3.3725414e+08 2.022167e+18 5.550254e+09 5.0001519e+08 4.4620145e+08 1.0640522e-25 8.9614901e-26 3.2252719e-33
3.3761847e+08 2.0241892e+18 5.5502407e+09 4.9954723e+08 4.4573329e+08 1.0607709e-25 8.9353769e-26 3.2086309e-33
3.3798318e+08 2.0262134e+18 5.5502273e+09 4.9907969e+08 4.4526566e+08 1.0574999e-25 8.909339e-26 3.1920762e-33
3.3834825e+08 2.0282396e+18 5.550214e+09 4.9861256e+08 4.4479853e+08 1.054239e-25 8.8833762e-26 3.1756075e-33
3.3871368e+08 2.0302678e+18 5.5502007e+09 4.9814584e+08 4.4433193e+08 1.0509882e-25 8.8574883e-26 3.1592242e-33
3.3907948e+08 2.0322981e+18 5.5501874e+09 4.9767953e+08 4.4386584e+08 1.0477476e-25 8.8316752e-26 3.142926e-33
3.3944565e+08 2.0343304e+18 5.5501741e+09 4.9721362e+08 4.4340026e+08 1.0445171e-25 8.8059365e-26 3.1267124e-33
3.3981218e+08 2.0363647e+18 5.5501609e+09 4.9674813e+08 4.4293519e+08 1.0412966e-25 8.7802721e-26 3.1105829e-33
3.4017909e+08 2.0384011e+18 5.5501477e+09 4.9628304e+08 4.4247064e+08 1.0380861e-25 8.7546818e-26 3.0945371e-33
3.4054636e+08 2.0404395e+18 5.5501345e+09 4.9581836e+08 4.420066e+08 1.0348856e-25 8.7291653e-26 3.0785745e-33
3.4091399e+08 2.0424799e+18 5.5501214e+09 4.9535409e+08 4.4154306e+08 1.0316951e-25 8.7037225e-26 3.0626948e-33
3.41282e+08 2.0445224e+18 5.5501083e+09 4.9489023e+08 4.4108004e+08 1.0285144e-25 8.6783531e-26 3.0468975e-33
3.4165037e+08 2.0465669e+18 5.5500952e+09 4.9442677e+08 4.4061753e+08 1.0253437e-25 8.6530569e-26 3.0311821e-33
3.4201912e+08 2.0486135e+18 5.5500821e+09 4.9396372e+08 4.4015553e+08 1.0221828e-25 8.6278338e-26 3.0155483e-33
3.4238823e+08 2.0506621e+18 5.5500691e+09 4.9350107e+08 4.3969404e+08 1.0190318e-25 8.6026835e-26 2.9999956e-33
3.4275772e+08 2.0527128e+18 5.550056e+09 4.9303884e+08 4.3923306e+08 1.0158906e-25 8.5776057e-26 2.9845236e-33
3.4312757e+08 2.0547655e+18 5.5500431e+09 4.92577e+08 4.3877258e+08 1.0127591e-25 8.5526004e-26 2.9691318e-33
3.434978e+08 2.0568203e+18 5.5500301e+09 4.9211558e+08 4.3831261e+08 1.0096373e-25 8.5276673e-26 2.9538199e-33
3.4386839e+08 2.0588771e+18 5.5500171e+09 4.9165456e+08 4.3785314e+08 1.0065253e-25 8.5028061e-26 2.9385875e-33
3.4423936e+08 2.060936e+18 5.5500042e+09 4.9119394e+08 4.3739419e+08 1.003423e-25 8.4780167e-26 2.923434e-33
3.446107e+08 2.0629969e+18 5.5499913e+09 4.9073373e+08 4.3693573e+08 1.0003302e-25 8.4532989e-26 2.9083592e-33
3.4498241e+08 2.0650599e+18 5.5499785e+09 4.9027392e+08 4.3647778e+08 9.9724715e-26 8.4286525e-26 2.8933625e-33
3.453545e+08 2.0671249e+18 5.5499656e+09 4.8981451e+08 4.3602034e+08 9.9417363e-26 8.4040772e-26 2.8784436e-33
3.4572695e+08 2.0691921e+18 5.5499528e+09 4.8935551e+08 4.355634e+08 9.9110968e-26 8.3795729e-26 2.8636021e-33
3.4609978e+08 2.0712613e+18 5.5499401e+09 4.8889691e+08 4.3510696e+08 9.8805524e-26 8.3551394e-26 2.8488376e-33
3.4647299e+08 2.0733325e+18 5.5499273e+09 4.8843872e+08 4.3465102e+08 9.850103e-26 8.3307764e-26 2.8341496e-33
3.4684657e+08 2.0754059e+18 5.5499146e+09 4.8798093e+08 4.3419558e+08 9.8197482e-26 8.3064838e-26 2.8195379e-33
3.4722052e+08 2.0774813e+18 5.5499018e+09 4.8752354e+08 4.3374065e+08 9.7894878e-26 8.2822613e-26 2.8050019e-33
3.4759485e+08 2.0795587e+18 5.5498892e+09 4.8706655e+08 4.3328621e+08 9.7593215e-26 8.2581088e-26 2.7905412e-33
3.4796955e+08 2.0816383e+18 5.5498765e+09 4.8660996e+08 4.3283227e+08 9.7292489e-26 8.2340261e-26 2.7761556e-33
3.4834463e+08 2.0837199e+18 5.5498639e+09 4.8615378e+08 4.3237884e+08 9.6992697e-26 8.2100129e-26 2.7618445e-33
3.4872008e+08 2.0858037e+18 5.5498513e+09 4.85698e+08 4.319259e+08 9.6693838e-26 8.1860691e-26 2.7476077e-33
3.4909591e+08 2.0878895e+18 5.5498387e+09 4.8524261e+08 4.3147346e+08 9.6395907e-26 8.1621945e-26 2.7334447e-33
3.4947212e+08 2.0899774e+18 5.5498261e+09 4.8478763e+08 4.3102151e+08 9.6098902e-26 8.1383888e-26 2.7193551e-33
3.498487e+08 2.0920673e+18 5.5498136e+09 4.8433305e+08 4.3057007e+08 9.5802819e-26 8.1146519e-26 2.7053385e-33
3.5022567e+08 2.0941594e+18 5.5498011e+09 4.8387887e+08 4.3011911e+08 9.5507657e-26 8.0909836e-26 2.6913947e-33
3.5060301e+08 2.0962536e+18 5.5497886e+09 4.8342508e+08 4.2966866e+08 9.5213412e-26 8.0673837e-26 2.6775231e-33
3.5098072e+08 2.0983498e+18 5.5497761e+09 4.829717e+08 4.292187e+08 9.4920081e-26 8.0438519e-26 2.6637234e-33
3.5135882e+08 2.1004482e+18 5.5497637e+09 4.8251872e+08 4.2876923e+08 9.4627662e-26 8.0203881e-26 2.6499952e-33
3.5173729e+08 2.1025486e+18 5.5497513e+09 4.8206613e+08 4.2832025e+08 9.4336151e-26 7.9969922e-26 2.6363383e-33
3.5211615e+08 2.1046512e+18 5.5497389e+09 4.8161395e+08 4.2787177e+08 9.4045546e-26 7.9736638e-26 2.6227521e-33
3.5249538e+08 2.1067558e+18 5.5497265e+09 4.8116216e+08 4.2742379e+08 9.3755844e-26 7.9504029e-26 2.6092363e-33
3.52875e+08 2.1088626e+18 5.5497142e+09 4.8071077e+08 4.2697629e+08 9.3467041e-26 7.9272091e-26 2.5957906e-33
3.5325499e+08 2.1109714e+18 5.5497019e+09 4.8025977e+08 4.2652928e+08 9.3179136e-26 7.9040824e-26 2.5824146e-33
3.5363537e+08 2.1130824e+18 5.5496896e+09 4.7980918e+08 4.2608277e+08 9.2892125e-26 7.8810226e-26 2.5691079e-33
3.5401613e+08 2.1151955e+18 5.5496773e+09 4.7935898e+08 4.2563674e+08 9.2606006e-26 7.8580293e-26 2.5558701e-33
3.5439726e+08 2.1173107e+18 5.5496651e+09 4.7890917e+08 4.2519121e+08 9.2320776e-26 7.8351026e-26 2.542701e-33
3.5477878e+08 2.119428e+18 5.5496529e+09 4.7845977e+08 4.2474616e+08 9.2036431e-26 7.8122421e-26 2.5296001e-33
3.5516069e+08 2.1215474e+18 5.5496407e+09 4.7801075e+08 4.243016e+08 9.175297e-26 7.7894477e-26 2.5165671e-33
3.5554297e+08 2.123669e+18 5.5496285e+09 4.7756214e+08 4.2385753e+08 9.1470389e-26 7.7667191e-26 2.5036017e-33
3.5592564e+08 2.1257926e+18 5.5496164e+09 4.7711392e+08 4.2341395e+08 9.1188685e-26 7.7440563e-26 2.4907034e-33
3.5630869e+08 2.1279184e+18 5.5496043e+09 4.7666609e+08 4.2297085e+08 9.0907857e-26 7.721459e-26 2.477872e-33
3.5669213e+08 2.1300463e+18 5.5495922e+09 4.7621866e+08 4.2252824e+08 9.0627901e-26 7.698927e-26 2.465107e-33
3.5707595e+08 2.1321764e+18 5.5495801e+09 4.7577163e+08 4.2208612e+08 9.0348814e-26 7.6764601e-26 2.4524082e-33
3.5746015e+08 2.1343086e+18 5.5495681e+09 4.7532499e+08 4.2164448e+08 9.0070594e-26 7.6540582e-26 2.4397751e-33
3.5784474e+08 2.1364429e+18 5.549556e+09 4.7487874e+08 4.2120332e+08 8.9793237e-26 7.6317211e-26 2.4272076e-33
3.5822972e+08 2.1385793e+18 5.549544e+09 4.7443288e+08 4.2076265e+08 8.9516742e-26 7.6094486e-26 2.4147051e-33
3.5861508e+08 2.1407179e+18 5.5495321e+09 4.7398742e+08 4.2032245e+08 8.9241106e-26 7.5872404e-26 2.4022674e-33
3.5900083e+08 2.1428586e+18 5.5495201e+09 4.7354235e+08 4.1988275e+08 8.8966325e-26 7.5650965e-26 2.3898941e-33
3.5938696e+08 2.1450015e+18 5.5495082e+09 4.7309768e+08 4.1944352e+08 8.8692398e-26 7.5430166e-26 2.377585e-33
3.5977348e+08 2.1471465e+18 5.5494963e+09 4.726534e+08 4.1900478e+08 8.8419321e-26 7.5210006e-26 2.3653395e-33
3.6016039e+08 2.1492936e+18 5.5494844e+09 4.722095e+08 4.1856651e+08 8.8147091e-26 7.4990482e-26 2.3531576e-33
3.6054769e+08 2.1514429e+18 5.5494725e+09 4.7176601e+08 4.1812873e+08 8.7875707e-26 7.4771593e-26 2.3410387e-33
3.6093537e+08 2.1535944e+18 5.5494607e+09 4.713229e+08 4.1769143e+08 8.7605166e-26 7.4553337e-26 2.3289826e-33
3.6132345e+08 2.1557479e+18 5.5494489e+09 4.7088018e+08 4.172546e+08 8.7335464e-26 7.4335713e-26 2.3169889e-33
3.6171191e+08 2.1579037e+18 5.5494371e+09 4.7043785e+08 4.1681825e+08 8.70666e-26 7.4118718e-26 2.3050573e-33
3.6210076e+08 2.1600616e+18 5.5494254e+09 4.6999592e+08 4.1638238e+08 8.679857e-26 7.390235e-26 2.2931876e-33
3.6249e+08 2.1622217e+18 5.5494136e+09 4.6955437e+08 4.1594699e+08 8.6531372e-26 7.3686608e-26 2.2813793e-33
3.6287963e+08 2.1643839e+18 5.5494019e+09 4.6911322e+08 4.1551208e+08 8.6265004e-26 7.3471491e-26 2.2696321e-33
3.6326965e+08 2.1665483e+18 5.5493902e+09 4.6867245e+08 4.1507764e+08 8.5999462e-26 7.3256996e-26 2.2579458e-33
3.6366006e+08 2.1687148e+18 5.5493785e+09 4.6823207e+08 4.1464368e+08 8.5734745e-26 7.3043121e-26 2.24632e-33
3.6405087e+08 2.1708835e+18 5.5493669e+09 4.6779209e+08 4.1421019e+08 8.5470849e-26 7.2829865e-26 2.2347544e-33
3.6444206e+08 2.1730544e+18 5.5493553e+09 4.6735249e+08 4.1377717e+08 8.5207772e-26 7.2617226e-26 2.2232487e-33
3.6483365e+08 2.1752275e+18 5.5493437e+09 4.6691328e+08 4.1334463e+08 8.4945511e-26 7.2405202e-26 2.2118025e-33
3.6522563e+08 2.1774027e+18 5.5493321e+09 4.6647445e+08 4.1291257e+08 8.4684065e-26 7.2193791e-26 2.2004156e-33
3.65618e+08 2.1795801e+18 5.5493205e+09 4.6603602e+08 4.1248097e+08 8.442343e-26 7.1982992e-26 2.1890877e-33
3.6601076e+08 2.1817597e+18 5.549309e+09 4.6559797e+08 4.1204985e+08 8.4163603e-26 7.1772804e-26 2.1778184e-33
3.6640392e+08 2.1839414e+18 5.5492975e+09 4.6516031e+08 4.116192e+08 8.3904583e-26 7.1563223e-26 2.1666075e-33
3.6679748e+08 2.1861254e+18 5.549286e+09 4.6472304e+08 4.1118902e+08 8.3646367e-26 7.1354249e-26 2.1554546e-33
3.6719142e+08 2.1883115e+18 5.5492746e+09 4.6428615e+08 4.1075932e+08 8.3388952e-26 7.1145879e-26 2.1443594e-33
3.6758576e+08 2.1904998e+18 5.5492631e+09 4.6384965e+08 4.1033008e+08 8.3132335e-26 7.0938113e-26 2.1333217e-33
3.679805e+08 2.1926903e+18 5.5492517e+09 4.6341354e+08 4.0990131e+08 8.2876515e-26 7.0730948e-26 2.1223411e-33
3.6837563e+08 2.194883e+18 5.5492403e+09 4.6297781e+08 4.0947301e+08 8.2621488e-26 7.0524382e-26 2.1114173e-33
3.6877116e+08 2.1970779e+18 5.5492289e+09 4.6254247e+08 4.0904518e+08 8.2367253e-26 7.0318415e-26 2.1005501e-33
3.6916709e+08 2.199275e+18 5.5492176e+09 4.6210751e+08 4.0861781e+08 8.2113806e-26 7.0113043e-26 2.0897391e-33
3.6956341e+08 2.2014742e+18 5.5492063e+09 4.6167294e+08 4.0819091e+08 8.1861146e-26 6.9908266e-26 2.0789841e-33
3.6996013e+08 2.2036757e+18 5.549195e+09 4.6123875e+08 4.0776448e+08 8.1609269e-26 6.9704082e-26 2.0682847e-33
3.7035724e+08 2.2058794e+18 5.5491837e+09 4.6080494e+08 4.0733852e+08 8.1358174e-26 6.9500488e-26 2.0576408e-33
3.7075476e+08 2.2080853e+18 5.5491724e+09 4.6037152e+08 4.0691302e+08 8.1107857e-26 6.9297484e-26 2.0470518e-33
3.7115267e+08 2.2102934e+18 5.5491612e+09 4.5993849e+08 4.0648799e+08 8.0858317e-26 6.9095068e-26 2.0365177e-33
3.7155098e+08 2.2125037e+18 5.54915e+09 4.5950583e+08 4.0606342e+08 8.0609552e-26 6.8893238e-26 2.0260381e-33
3.7194969e+08 2.2147162e+18 5.5491388e+09 4.5907356e+08 4.0563931e+08 8.0361557e-26 6.8691992e-26 2.0156128e-33
3.723488e+08 2.2169309e+18 5.5491276e+09 4.5864167e+08 4.0521567e+08 8.0114332e-26 6.8491328e-26 2.0052413e-33
3.7274831e+08 2.2191478e+18 5.5491165e+09 4.5821017e+08 4.0479249e+08 7.9867874e-26 6.8291246e-26 1.9949236e-33
3.7314822e+08 2.2213669e+18 5.5491053e+09 4.5777905e+08 4.0436977e+08 7.962218e-26 6.8091743e-26 1.9846592e-33
3.7354853e+08 2.2235883e+18 5.5490942e+09 4.573483e+08 4.0394751e+08 7.9377248e-26 6.7892818e-26 1.9744479e-33
3.7394925e+08 2.2258119e+18 5.5490832e+09 4.5691794e+08 4.0352572e+08 7.9133075e-26 6.7694468e-26 1.9642895e-33
3.7435036e+08 2.2280377e+18 5.5490721e+09 4.5648797e+08 4.0310439e+08 7.888966e-26 6.7496693e-26 1.9541836e-33
3.7475187e+08 2.2302658e+18 5.5490611e+09 4.5605837e+08 4.0268351e+08 7.8646999e-26 6.7299491e-26 1.94413e-33
3.7515379e+08 2.232496e+18 5.5490501e+09 4.5562915e+08 4.022631e+08 7.8405092e-26 6.710286e-26 1.9341284e-33
3.7555611e+08 2.2347285e+18 5.5490391e+09 4.5520032e+08 4.0184314e+08 7.8163934e-26 6.6906798e-26 1.9241786e-33
3.7595884e+08 2.2369632e+18 5.5490281e+09 4.5477186e+08 4.0142364e+08 7.7923524e-26 6.6711304e-26 1.9142802e-33
3.7636196e+08 2.2392002e+18 5.5490171e+09 4.5434378e+08 4.010046e+08 7.7683859e-26 6.6516376e-26 1.904433e-33
3.7676549e+08 2.2414394e+18 5.5490062e+09 4.5391608e+08 4.0058602e+08 7.7444937e-26 6.6322013e-26 1.8946367e-33
3.7716943e+08 2.2436808e+18 5.5489953e+09 4.5348877e+08 4.0016789e+08 7.7206756e-26 6.6128213e-26 1.8848912e-33
3.7757377e+08 2.2459245e+18 5.5489844e+09 4.5306183e+08 3.9975022e+08 7.6969314e-26 6.5934974e-26 1.875196e-33
3.7797851e+08 2.2481705e+18 5.5489736e+09 4.5263527e+08 3.9933301e+08 7.6732608e-26 6.5742295e-26 1.865551e-33
3.7838366e+08 2.2504186e+18 5.5489627e+09 4.5220909e+08 3.9891625e+08 7.6496635e-26 6.5550174e-26 1.8559558e-33
3.7878922e+08 2.252669e+18 5.5489519e+09 4.5178328e+08 3.9849994e+08 7.6261394e-26 6.535861e-26 1.8464103e-33
3.7919518e+08 2.2549217e+18 5.5489411e+09 4.5135785e+08 3.9808409e+08 7.6026882e-26 6.51676e-26 1.8369141e-33
3.7960155e+08 2.2571766e+18 5.5489303e+09 4.5093281e+08 3.976687e+08 7.5793097e-26 6.4977144e-26 1.8274671e-33
3.8000833e+08 2.2594338e+18 5.5489196e+09 4.5050813e+08 3.9725375e+08 7.5560037e-26 6.478724e-26 1.8180689e-33
3.8041552e+08 2.2616932e+18 5.5489088e+09 4.5008384e+08 3.9683926e+08 7.5327699e-26 6.4597886e-26 1.8087193e-33
3.8082311e+08 2.2639549e+18 5.5488981e+09 4.4965992e+08 3.9642522e+08 7.5096082e-26 6.440908e-26 1.799418e-33
3.8123111e+08 2.2662189e+18 5.5488874e+09 4.4923638e+08 3.9601163e+08 7.4865182e-26 6.4220822e-26 1.7901648e-33
3.8163952e+08 2.2684851e+18 5.5488768e+09 4.4881321e+08 3.955985e+08 7.4634998e-26 6.4033109e-26 1.7809595e-33
3.8204834e+08 2.2707536e+18 5.5488661e+09 4.4839042e+08 3.9518581e+08 7.4405527e-26 6.384594e-26 1.7718018e-33
3.8245757e+08 2.2730243e+18 5.5488555e+09 4.4796801e+08 3.9477357e+08 7.4176768e-26 6.3659314e-26 1.7626914e-33
3.828672e+08 2.2752974e+18 5.5488449e+09 4.4754597e+08 3.9436178e+08 7.3948717e-26 6.3473228e-26 1.7536281e-33
3.8327725e+08 2.2775727e+18 5.5488343e+09 4.471243e+08 3.9395044e+08 7.3721373e-26 6.3287681e-26 1.7446117e-33
3.8368771e+08 2.2798502e+18 5.5488237e+09 4.4670301e+08 3.9353955e+08 7.3494734e-26 6.3102673e-26 1.7356419e-33
3.8409858e+08 2.2821301e+18 5.5488132e+09 4.4628209e+08 3.9312911e+08 7.3268797e-26 6.29182e-26 1.7267185e-33
3.8450987e+08 2.2844122e+18 5.5488027e+09 4.4586155e+08 3.9271911e+08 7.304356e-26 6.2734262e-26 1.7178411e-33
3.8492156e+08 2.2866966e+18 5.5487922e+09 4.4544138e+08 3.9230956e+08 7.2819021e-26 6.2550857e-26 1.7090097e-33
3.8533367e+08 2.2889833e+18 5.5487817e+09 4.4502159e+08 3.9190045e+08 7.2595177e-26 6.2367984e-26 1.7002239e-33
3.8574619e+08 2.2912723e+18 5.5487712e+09 4.4460216e+08 3.9149179e+08 7.2372027e-26 6.2185641e-26 1.6914836e-33
3.8615912e+08 2.2935636e+18 5.5487608e+09 4.4418311e+08 3.9108358e+08 7.2149569e-26 6.2003826e-26 1.6827884e-33
3.8657247e+08 2.2958572e+18 5.5487504e+09 4.4376443e+08 3.9067581e+08 7.19278e-26 6.1822539e-26 1.6741381e-33
3.8698623e+08 2.298153e+18 5.54874e+09 4.4334613e+08 3.9026849e+08 7.1706717e-26 6.1641777e-26 1.6655326e-33
3.874004e+08 2.3004512e+18 5.5487296e+09 4.429282e+08 3.898616e+08 7.148632e-26 6.1461539e-26 1.6569715e-33
3.87815e+08 2.3027516e+18 5.5487192e+09 4.4251063e+08 3.8945516e+08 7.1266606e-26 6.1281823e-26 1.6484547e-33
3.8823e+08 2.3050544e+18 5.5487089e+09 4.4209344e+08 3.8904917e+08 7.1047572e-26 6.1102629e-26 1.6399819e-33
3.8864542e+08 2.3073594e+18 5.5486986e+09 4.4167662e+08 3.8864361e+08 7.0829216e-26 6.0923954e-26 1.6315529e-33
3.8906126e+08 2.3096668e+18 5.5486883e+09 4.4126017e+08 3.882385e+08 7.0611537e-26 6.0745797e-26 1.6231674e-33
3.8947752e+08 2.3119764e+18 5.548678e+09 4.408441e+08 3.8783382e+08 7.0394533e-26 6.0568157e-26 1.6148252e-33
3.8989419e+08 2.3142884e+18 5.5486678e+09 4.4042839e+08 3.8742959e+08 7.01782e-26 6.0391032e-26 1.6065262e-33
3.9031128e+08 2.3166027e+18 5.5486575e+09 4.4001305e+08 3.870258e+08 6.9962537e-26 6.021442e-26 1.5982701e-33
3.9072878e+08 2.3189193e+18 5.5486473e+09 4.3959808e+08 3.8662245e+08 6.9747543e-26 6.0038321e-26 1.5900566e-33
3.9114671e+08 2.3212382e+18 5.5486371e+09 4.3918348e+08 3.8621953e+08 6.9533214e-26 5.9862732e-26 1.5818855e-33
3.9156505e+08 2.3235595e+18 5.5486269e+09 4.3876925e+08 3.8581705e+08 6.9319549e-26 5.9687653e-26 1.5737567e-33
3.9198381e+08 2.325883e+18 5.5486168e+09 4.3835539e+08 3.8541501e+08 6.9106546e-26 5.9513081e-26 1.5656698e-33
3.92403e+08 2.3282089e+18 5.5486067e+09 4.3794189e+08 3.8501341e+08 6.8894202e-26 5.9339015e-26 1.5576247e-33
3.928226e+08 2.3305371e+18 5.5485965e+09 4.3752877e+08 3.8461225e+08 6.8682516e-26 5.9165455e-26 1.5496212e-33
3.9324262e+08 2.3328677e+18 5.5485865e+09 4.3711601e+08 3.8421152e+08 6.8471486e-26 5.8992397e-26 1.5416591e-33
3.9366307e+08 2.3352005e+18 5.5485764e+09 4.3670362e+08 3.8381122e+08 6.8261109e-26 5.8819842e-26 1.533738e-33
3.9408393e+08 2.3375357e+18 5.5485663e+09 4.362916e+08 3.8341136e+08 6.8051383e-26 5.8647787e-26 1.5258579e-33
3.9450522e+08 2.3398733e+18 5.5485563e+09 4.3587994e+08 3.8301194e+08 6.7842307e-26 5.8476231e-26 1.5180185e-33
3.9492693e+08 2.3422131e+18 5.5485463e+09 4.3546865e+08 3.8261295e+08 6.7633878e-26 5.8305173e-26 1.5102196e-33
3.9534906e+08 2.3445553e+18 5.5485363e+09 4.3505773e+08 3.8221439e+08 6.7426094e-26 5.8134612e-26 1.5024609e-33
3.9577161e+08 2.3468999e+18 5.5485263e+09 4.3464717e+08 3.8181627e+08 6.7218954e-26 5.7964545e-26 1.4947424e-33
3.9619459e+08 2.3492468e+18 5.5485164e+09 4.3423698e+08 3.8141858e+08 6.7012455e-26 5.7794971e-26 1.4870637e-33
3.9661799e+08 2.3515961e+18 5.5485064e+09 4.3382715e+08 3.8102132e+08 6.6806595e-26 5.7625889e-26 1.4794246e-33
3.9704181e+08 2.3539476e+18 5.5484965e+09 4.3341769e+08 3.806245e+08 6.6601373e-26 5.7457298e-26 1.471825e-33
3.9746606e+08 2.3563016e+18 5.5484866e+09 4.330086e+08 3.802281e+08 6.6396786e-26 5.7289196e-26 1.4642647e-33
3.9789074e+08 2.3586579e+18 5.5484768e+09 4.3259987e+08 3.7983213e+08 6.6192832e-26 5.7121582e-26 1.4567434e-33
3.9831584e+08 2.3610166e+18 5.5484669e+09 4.321915e+08 3.794366e+08 6.598951e-26 5.6954454e-26 1.4492609e-33
3.9874136e+08 2.3633776e+18 5.5484571e+09 4.317835e+08 3.7904149e+08 6.5786817e-26 5.6787811e-26 1.441817e-33
3.9916732e+08 2.3657409e+18 5.5484472e+09 4.3137586e+08 3.7864681e+08 6.5584751e-26 5.6621651e-26 1.4344116e-33
3.995937e+08 2.3681067e+18 5.5484375e+09 4.3096858e+08 3.7825257e+08 6.5383311e-26 5.6455974e-26 1.4270445e-33
4.000205e+08 2.3704748e+18 5.5484277e+09 4.3056167e+08 3.7785875e+08 6.5182494e-26 5.6290778e-26 1.4197154e-33
4.0044773e+08 2.3728453e+18 5.5484179e+09 4.3015512e+08 3.7746535e+08 6.4982299e-26 5.6126061e-26 1.4124241e-33
4.008754e+08 2.3752181e+18 5.5484082e+09 4.2974894e+08 3.7707239e+08 6.4782724e-26 5.5961822e-26 1.4051704e-33
4.0130349e+08 2.3775933e+18 5.5483985e+09 4.2934311e+08 3.7667985e+08 6.4583766e-26 5.5798059e-26 1.3979542e-33
4.0173201e+08 2.3799709e+18 5.5483888e+09 4.2893765e+08 3.7628773e+08 6.4385423e-26 5.5634772e-26 1.3907753e-33
4.0216095e+08 2.3823509e+18 5.5483791e+09 4.2853255e+08 3.7589605e+08 6.4187695e-26 5.5471959e-26 1.3836334e-33
4.0259033e+08 2.3847332e+18 5.5483694e+09 4.2812781e+08 3.7550478e+08 6.3990579e-26 5.5309619e-26 1.3765284e-33
4.0302014e+08 2.387118e+18 5.5483598e+09 4.2772344e+08 3.7511394e+08 6.3794072e-26 5.5147749e-26 1.3694601e-33
4.0345038e+08 2.3895051e+18 5.5483502e+09 4.2731942e+08 3.7472353e+08 6.3598174e-26 5.498635e-26 1.3624282e-33
4.0388105e+08 2.3918946e+18 5.5483406e+09 4.2691576e+08 3.7433354e+08 6.3402881e-26 5.4825419e-26 1.3554327e-33
4.0431215e+08 2.3942865e+18 5.548331e+09 4.2651247e+08 3.7394397e+08 6.3208193e-26 5.4664955e-26 1.3484732e-33
4.0474368e+08 2.3966808e+18 5.5483214e+09 4.2610953e+08 3.7355482e+08 6.3014108e-26 5.4504957e-26 1.3415497e-33
4.0517565e+08 2.3990775e+18 5.5483119e+09 4.2570696e+08 3.731661e+08 6.2820622e-26 5.4345424e-26 1.3346619e-33
4.0560804e+08 2.4014765e+18 5.5483023e+09 4.2530474e+08 3.727778e+08 6.2627736e-26 5.4186353e-26 1.3278097e-33
4.0604087e+08 2.403878e+18 5.5482928e+09 4.2490288e+08 3.7238992e+08 6.2435446e-26 5.4027745e-26 1.3209928e-33
4.0647414e+08 2.4062819e+18 5.5482833e+09 4.2450139e+08 3.7200246e+08 6.2243751e-26 5.3869597e-26 1.3142111e-33
4.0690784e+08 2.4086882e+18 5.5482739e+09 4.2410025e+08 3.7161542e+08 6.205265e-26 5.3711908e-26 1.3074644e-33
4.0734197e+08 2.4110969e+18 5.5482644e+09 4.2369947e+08 3.712288e+08 6.1862139e-26 5.3554677e-26 1.3007526e-33
4.0777654e+08 2.413508e+18 5.548255e+09 4.2329904e+08 3.7084259e+08 6.1672218e-26 5.3397903e-26 1.2940753e-33
4.0821154e+08 2.4159215e+18 5.5482456e+09 4.2289898e+08 3.7045681e+08 6.1482884e-26 5.3241584e-26 1.2874325e-33
4.0864698e+08 2.4183374e+18 5.5482362e+09 4.2249927e+08 3.7007144e+08 6.1294136e-26 5.3085719e-26 1.280824e-33
4.0908285e+08 2.4207557e+18 5.5482268e+09 4.2209992e+08 3.696865e+08 6.1105972e-26 5.2930306e-26 1.2742496e-33
4.0951917e+08 2.4231765e+18 5.5482174e+09 4.2170093e+08 3.6930197e+08 6.0918389e-26 5.2775345e-26 1.2677091e-33
4.0995592e+08 2.4255997e+18 5.5482081e+09 4.2130229e+08 3.6891785e+08 6.0731387e-26 5.2620834e-26 1.2612023e-33
4.103931e+08 2.4280253e+18 5.5481988e+09 4.2090401e+08 3.6853415e+08 6.0544963e-26 5.2466771e-26 1.2547292e-33
4.1083073e+08 2.4304533e+18 5.5481895e+09 4.2050609e+08 3.6815087e+08 6.0359116e-26 5.2313156e-26 1.2482894e-33
4.1126879e+08 2.4328837e+18 5.5481802e+09 4.2010852e+08 3.6776801e+08 6.0173844e-26 5.2159988e-26 1.2418828e-33
4.1170729e+08 2.4353166e+18 5.5481709e+09 4.1971131e+08 3.6738555e+08 5.9989145e-26 5.2007264e-26 1.2355093e-33
4.1214623e+08 2.4377519e+18 5.5481617e+09 4.1931445e+08 3.6700351e+08 5.9805016e-26 5.1854983e-26 1.2291687e-33
4.1258561e+08 2.4401897e+18 5.5481525e+09 4.1891795e+08 3.6662189e+08 5.9621458e-26 5.1703145e-26 1.2228608e-33
4.1302543e+08 2.4426299e+18 5.5481432e+09 4.185218e+08 3.6624068e+08 5.9438467e-26 5.1551748e-26 1.2165854e-33
4.1346569e+08 2.4450725e+18 5.5481341e+09 4.1812601e+08 3.6585988e+08 5.9256041e-26 5.1400791e-26 1.2103424e-33
4.1390639e+08 2.4475176e+18 5.5481249e+09 4.1773057e+08 3.6547949e+08 5.907418e-26 5.1250273e-26 1.2041316e-33
4.1434754e+08 2.4499651e+18 5.5481157e+09 4.1733548e+08 3.6509952e+08 5.8892881e-26 5.1100191e-26 1.1979528e-33
4.1478912e+08 2.4524151e+18 5.5481066e+09 4.1694075e+08 3.6471996e+08 5.8712143e-26 5.0950546e-26 1.1918059e-33
4.1523115e+08 2.4548675e+18 5.5480975e+09 4.1654637e+08 3.643408e+08 5.8531963e-26 5.0801336e-26 1.1856907e-33
4.1567362e+08 2.4573224e+18 5.5480884e+09 4.1615235e+08 3.6396206e+08 5.8352341e-26 5.0652559e-26 1.179607e-33
4.1611653e+08 2.4597797e+18 5.5480793e+09 4.1575868e+08 3.6358373e+08 5.8173274e-26 5.0504214e-26 1.1735547e-33
4.1655989e+08 2.4622395e+18 5.5480702e+09 4.1536536e+08 3.632058e+08 5.7994761e-26 5.03563e-26 1.1675336e-33
4.1700369e+08 2.4647017e+18 5.5480612e+09 4.1497239e+08 3.6282829e+08 5.7816799e-26 5.0208816e-26 1.1615436e-33
4.1744794e+08 2.4671664e+18 5.5480521e+09 4.1457977e+08 3.6245118e+08 5.7639388e-26 5.0061761e-26 1.1555845e-33
4.1789263e+08 2.4696336e+18 5.5480431e+09 4.1418751e+08 3.6207449e+08 5.7462525e-26 4.9915133e-26 1.1496561e-33
4.1833776e+08 2.4721032e+18 5.5480341e+09 4.137956e+08 3.616982e+08 5.7286209e-26 4.9768931e-26 1.1437582e-33
4.1878334e+08 2.4745753e+18 5.5480252e+09 4.1340403e+08 3.6132231e+08 5.7110438e-26 4.9623154e-26 1.1378908e-33
4.1922937e+08 2.4770499e+18 5.5480162e+09 4.1301282e+08 3.6094684e+08 5.693521e-26 4.94778e-26 1.1320536e-33
4.1967585e+08 2.4795269e+18 5.5480073e+09 4.1262196e+08 3.6057176e+08 5.6760523e-26 4.9332869e-26 1.1262466e-33
4.2012277e+08 2.4820065e+18 5.5479983e+09 4.1223145e+08 3.601971e+08 5.6586377e-26 4.918836e-26 1.1204694e-33
4.2057014e+08 2.4844885e+18 5.5479894e+09 4.1184129e+08 3.5982284e+08 5.6412769e-26 4.904427e-26 1.1147221e-33
4.2101796e+08 2.4869729e+18 5.5479806e+09 4.1145148e+08 3.5944898e+08 5.6239698e-26 4.8900599e-26 1.1090043e-33
4.2146622e+08 2.4894599e+18 5.5479717e+09 4.1106202e+08 3.5907553e+08 5.6067161e-26 4.8757346e-26 1.1033161e-33
4.2191494e+08 2.4919494e+18 5.5479628e+09 4.1067291e+08 3.5870248e+08 5.5895158e-26 4.8614509e-26 1.0976572e-33
4.223641e+08 2.4944413e+18 5.547954e+09 4.1028414e+08 3.5832984e+08 5.5723686e-26 4.8472087e-26 1.0920274e-33
4.2281372e+08 2.4969358e+18 5.5479452e+09 4.0989573e+08 3.579576e+08 5.5552744e-26 4.8330079e-26 1.0864267e-33
4.2326378e+08 2.4994327e+18 5.5479364e+09 4.0950766e+08 3.5758576e+08 5.5382331e-26 4.8188484e-26 1.0808548e-33
4.237143e+08 2.5019321e+18 5.5479276e+09 4.0911995e+08 3.5721432e+08 5.5212444e-26 4.8047301e-26 1.0753117e-33
4.2416526e+08 2.5044341e+18 5.5479188e+09 4.0873257e+08 3.5684328e+08 5.5043082e-26 4.7906528e-26 1.0697971e-33
4.2461668e+08 2.5069385e+18 5.5479101e+09 4.0834555e+08 3.5647265e+08 5.4874243e-26 4.7766164e-26 1.064311e-33
4.2506855e+08 2.5094454e+18 5.5479014e+09 4.0795888e+08 3.5610241e+08 5.4705926e-26 4.7626209e-26 1.0588531e-33
4.2552088e+08 2.5119549e+18 5.5478927e+09 4.0757255e+08 3.5573258e+08 5.453813e-26 4.748666e-26 1.0534234e-33
4.2597365e+08 2.5144668e+18 5.547884e+09 4.0718656e+08 3.5536314e+08 5.4370851e-26 4.7347517e-26 1.0480216e-33
4.2642688e+08 2.5169813e+18 5.5478753e+09 4.0680093e+08 3.549941e+08 5.420409e-26 4.7208779e-26 1.0426477e-33
4.2688057e+08 2.5194983e+18 5.5478666e+09 4.0641564e+08 3.5462547e+08 5.4037843e-26 4.7070444e-26 1.0373015e-33
4.2733471e+08 2.5220178e+18 5.547858e+09 4.0603069e+08 3.5425723e+08 5.387211e-26 4.6932511e-26 1.0319828e-33
4.277893e+08 2.5245398e+18 5.5478494e+09 4.056461e+08 3.5388938e+08 5.370689e-26 4.679498e-26 1.0266916e-33
4.2824435e+08 2.5270643e+18 5.5478408e+09 4.0526184e+08 3.5352194e+08 5.3542179e-26 4.6657848e-26 1.0214276e-33
4.2869985e+08 2.5295914e+18 5.5478322e+09 4.0487793e+08 3.5315489e+08 5.3377978e-26 4.6521115e-26 1.0161907e-33
4.2915581e+08 2.532121e+18 5.5478236e+09 4.0449437e+08 3.5278824e+08 5.3214284e-26 4.638478e-26 1.0109808e-33
4.2961223e+08 2.5346531e+18 5.547815e+09 4.0411115e+08 3.5242198e+08 5.3051095e-26 4.6248841e-26 1.0057978e-33
4.300691e+08 2.5371878e+18 5.5478065e+09 4.0372827e+08 3.5205612e+08 5.2888411e-26 4.6113298e-26 1.0006415e-33
4.3052643e+08 2.539725e+18 5.547798e+09 4.0334574e+08 3.5169065e+08 5.2726229e-26 4.5978149e-26 9.955117e-34
4.3098422e+08 2.5422647e+18 5.5477895e+09 4.0296356e+08 3.5132558e+08 5.2564548e-26 4.5843393e-26 9.9040836e-34
4.3144247e+08 2.544807e+18 5.547781e+09 4.0258171e+08 3.509609e+08 5.2403366e-26 4.5709028e-26 9.8533132e-34
4.3190118e+08 2.5473518e+18 5.5477725e+09 4.0220021e+08 3.5059661e+08 5.2242682e-26 4.5575055e-26 9.8028043e-34
4.3236035e+08 2.5498991e+18 5.547764e+09 4.0181905e+08 3.5023272e+08 5.2082495e-26 4.5441472e-26 9.7525556e-34
4.3281997e+08 2.552449e+18 5.5477556e+09 4.0143824e+08 3.4986922e+08 5.1922802e-26 4.5308277e-26 9.7025658e-34
4.3328006e+08 2.5550015e+18 5.5477472e+09 4.0105776e+08 3.4950611e+08 5.1763602e-26 4.5175469e-26 9.6528334e-34
4.3374061e+08 2.5575565e+18 5.5477388e+09 4.0067763e+08 3.491434e+08 5.1604894e-26 4.5043048e-26 9.6033573e-34
4.3420162e+08 2.560114e+18 5.5477304e+09 4.0029784e+08 3.4878107e+08 5.1446676e-26 4.4911012e-26 9.554136e-34
4.3466309e+08 2.5626741e+18 5.547722e+09 3.9991839e+08 3.4841914e+08 5.1288947e-26 4.477936e-26 9.5051683e-34
4.3512502e+08 2.5652368e+18 5.5477137e+09 3.9953928e+08 3.480576e+08 5.1131705e-26 4.4648091e-26 9.4564527e-34
4.3558741e+08 2.567802e+18 5.5477053e+09 3.9916052e+08 3.4769644e+08 5.0974948e-26 4.4517204e-26 9.4079881e-34
4.3605027e+08 2.5703698e+18 5.547697e+09 3.9878209e+08 3.4733568e+08 5.0818676e-26 4.4386698e-26 9.3597731e-34
4.365136e+08 2.5729402e+18 5.5476887e+09 3.98404e+08 3.469753e+08 5.0662886e-26 4.4256572e-26 9.3118064e-34
4.3697738e+08 2.5755132e+18 5.5476804e+09 3.9802626e+08 3.4661532e+08 5.0507577e-26 4.4126824e-26 9.2640868e-34
4.3744163e+08 2.5780887e+18 5.5476721e+09 3.9764885e+08 3.4625572e+08 5.0352747e-26 4.3997454e-26 9.2166129e-34
4.3790635e+08 2.5806668e+18 5.5476639e+09 3.9727178e+08 3.4589651e+08 5.0198395e-26 4.386846e-26 9.1693835e-34
4.3837153e+08 2.5832474e+18 5.5476556e+09 3.9689506e+08 3.4553768e+08 5.0044521e-26 4.3739842e-26 9.1223973e-34
4.3883717e+08 2.5858307e+18 5.5476474e+09 3.9651867e+08 3.4517924e+08 4.9891121e-26 4.3611598e-26 9.075653e-34
4.3930329e+08 2.5884165e+18 5.5476392e+09 3.9614262e+08 3.4482119e+08 4.9738194e-26 4.3483727e-26 9.0291495e-34
4.3976987e+08 2.5910049e+18 5.547631e+09 3.9576691e+08 3.4446353e+08 4.958574e-26 4.3356228e-26 8.9828854e-34
4.4023691e+08 2.5935959e+18 5.5476228e+09 3.9539153e+08 3.4410625e+08 4.9433756e-26 4.32291e-26 8.9368596e-34
4.4070443e+08 2.5961895e+18 5.5476147e+09 3.950165e+08 3.4374935e+08 4.9282242e-26 4.3102343e-26 8.8910707e-34
4.4117241e+08 2.5987857e+18 5.5476065e+09 3.946418e+08 3.4339284e+08 4.9131195e-26 4.2975954e-26 8.8455176e-34
4.4164086e+08 2.6013845e+18 5.5475984e+09 3.9426744e+08 3.4303671e+08 4.8980615e-26 4.2849933e-26 8.800199e-34
4.4210978e+08 2.6039859e+18 5.5475903e+09 3.9389342e+08 3.4268097e+08 4.8830499e-26 4.2724279e-26 8.7551138e-34
4.4257918e+08 2.6065899e+18 5.5475822e+09 3.9351973e+08 3.4232561e+08 4.8680847e-26 4.259899e-26 8.7102606e-34
4.4304904e+08 2.6091965e+18 5.5475741e+09 3.9314638e+08 3.4197063e+08 4.8531656e-26 4.2474067e-26 8.6656384e-34
4.4351937e+08 2.6118057e+18 5.5475661e+09 3.9277337e+08 3.4161604e+08 4.8382926e-26 4.2349507e-26 8.6212459e-34
4.4399017e+08 2.6144175e+18 5.547558e+09 3.9240069e+08 3.4126182e+08 4.8234656e-26 4.2225309e-26 8.5770819e-34
4.4446144e+08 2.6170319e+18 5.54755e+09 3.9202834e+08 3.4090799e+08 4.8086842e-26 4.2101473e-26 8.5331452e-34
4.4493319e+08 2.6196489e+18 5.547542e+09 3.9165634e+08 3.4055454e+08 4.7939485e-26 4.1977998e-26 8.4894347e-34
4.4540541e+08 2.6222686e+18 5.547534e+09 3.9128467e+08 3.4020147e+08 4.7792583e-26 4.1854882e-26 8.4459493e-34
4.458781e+08 2.6248908e+18 5.547526e+09 3.9091333e+08 3.3984878e+08 4.7646134e-26 4.1732124e-26 8.4026876e-34
4.4635126e+08 2.6275157e+18 5.547518e+09 3.9054233e+08 3.3949647e+08 4.7500137e-26 4.1609724e-26 8.3596486e-34
4.468249e+08 2.6301432e+18 5.5475101e+09 3.9017166e+08 3.3914453e+08 4.735459e-26 4.1487681e-26 8.3168312e-34
4.4729901e+08 2.6327734e+18 5.5475022e+09 3.8980133e+08 3.3879298e+08 4.7209492e-26 4.1365992e-26 8.2742341e-34
4.477736e+08 2.6354061e+18 5.5474942e+09 3.8943133e+08 3.384418e+08 4.7064843e-26 4.1244658e-26 8.2318562e-34
4.4824866e+08 2.6380416e+18 5.5474863e+09 3.8906166e+08 3.3809101e+08 4.6920639e-26 4.1123677e-26 8.1896965e-34
4.487242e+08 2.6406796e+18 5.5474785e+09 3.8869233e+08 3.3774059e+08 4.6776881e-26 4.1003049e-26 8.1477537e-34
4.4920021e+08 2.6433203e+18 5.5474706e+09 3.8832333e+08 3.3739054e+08 4.6633566e-26 4.0882772e-26 8.1060268e-34
4.496767e+08 2.6459636e+18 5.5474627e+09 3.8795466e+08 3.3704088e+08 4.6490693e-26 4.0762845e-26 8.0645146e-34
4.5015367e+08 2.6486096e+18 5.5474549e+09 3.8758632e+08 3.3669159e+08 4.6348261e-26 4.0643267e-26 8.023216e-34
4.5063112e+08 2.6512582e+18 5.5474471e+09 3.8721832e+08 3.3634267e+08 4.6206269e-26 4.0524037e-26 7.9821299e-34
4.5110904e+08 2.6539094e+18 5.5474393e+09 3.8685065e+08 3.3599413e+08 4.6064714e-26 4.0405155e-26 7.9412552e-34
4.5158745e+08 2.6565633e+18 5.5474315e+09 3.8648331e+08 3.3564597e+08 4.5923596e-26 4.0286619e-26 7.9005909e-34
4.5206633e+08 2.6592199e+18 5.5474237e+09 3.861163e+08 3.3529818e+08 4.5782914e-26 4.0168428e-26 7.8601358e-34
4.5254569e+08 2.6618791e+18 5.5474159e+09 3.8574963e+08 3.3495076e+08 4.5642666e-26 4.0050582e-26 7.8198888e-34
4.5302553e+08 2.664541e+18 5.5474082e+09 3.8538328e+08 3.3460372e+08 4.550285e-26 3.9933079e-26 7.7798489e-34
4.5350585e+08 2.6672055e+18 5.5474004e+09 3.8501726e+08 3.3425705e+08 4.5363465e-26 3.9815917e-26 7.7400151e-34
4.5398665e+08 2.6698727e+18 5.5473927e+09 3.8465158e+08 3.3391075e+08 4.5224511e-26 3.9699098e-26 7.7003861e-34
4.5446794e+08 2.6725426e+18 5.547385e+09 3.8428622e+08 3.3356483e+08 4.5085984e-26 3.9582618e-26 7.660961e-34
4.549497e+08 2.6752152e+18 5.5473773e+09 3.839212e+08 3.3321927e+08 4.4947886e-26 3.9466478e-26 7.6217388e-34
4.5543195e+08 2.6778904e+18 5.5473697e+09 3.835565e+08 3.3287409e+08 4.4810213e-26 3.9350676e-26 7.5827183e-34
4.5591468e+08 2.6805683e+18 5.547362e+09 3.8319214e+08 3.3252928e+08 4.4672965e-26 3.9235212e-26 7.5438985e-34
4.563979e+08 2.6832488e+18 5.5473544e+09 3.828281e+08 3.3218484e+08 4.453614e-26 3.9120083e-26 7.5052785e-34
4.568816e+08 2.6859321e+18 5.5473468e+09 3.8246439e+08 3.3184077e+08 4.4399737e-26 3.9005291e-26 7.4668571e-34
4.5736578e+08 2.688618e+18 5.5473391e+09 3.8210101e+08 3.3149707e+08 4.4263755e-26 3.8890832e-26 7.4286333e-34
4.5785045e+08 2.6913066e+18 5.5473315e+09 3.8173796e+08 3.3115373e+08 4.4128192e-26 3.8776708e-26 7.3906061e-34
4.583356e+08 2.6939979e+18 5.547324e+09 3.8137524e+08 3.3081077e+08 4.3993047e-26 3.8662915e-26 7.3527745e-34
4.5882124e+08 2.6966919e+18 5.5473164e+09 3.8101284e+08 3.3046818e+08 4.3858319e-26 3.8549454e-26 7.3151375e-34
4.5930737e+08 2.6993886e+18 5.5473089e+09 3.8065077e+08 3.3012595e+08 4.3724006e-26 3.8436324e-26 7.2776941e-34
4.5979398e+08 2.702088e+18 5.5473013e+09 3.8028903e+08 3.2978409e+08 4.3590108e-26 3.8323524e-26 7.2404432e-34
4.6028108e+08 2.7047901e+18 5.5472938e+09 3.7992761e+08 3.294426e+08 4.3456622e-26 3.8211052e-26 7.203384e-34
4.6076867e+08 2.7074949e+18 5.5472863e+09 3.7956653e+08 3.2910147e+08 4.3323548e-26 3.8098908e-26 7.1665152e-34
4.6125674e+08 2.7102024e+18 5.5472788e+09 3.7920576e+08 3.2876071e+08 4.3190884e-26 3.798709e-26 7.1298361e-34
4.6174531e+08 2.7129126e+18 5.5472713e+09 3.7884533e+08 3.2842032e+08 4.305863e-26 3.7875599e-26 7.0933457e-34
4.6223436e+08 2.7156255e+18 5.5472639e+09 3.7848522e+08 3.2808029e+08 4.2926783e-26 3.7764432e-26 7.0570428e-34
4.627239e+08 2.7183411e+18 5.5472564e+09 3.7812543e+08 3.2774063e+08 4.2795342e-26 3.765359e-26 7.0209267e-34
4.6321394e+08 2.7210595e+18 5.547249e+09 3.7776597e+08 3.2740133e+08 4.2664307e-26 3.754307e-26 6.9849962e-34
4.6370446e+08 2.7237805e+18 5.5472416e+09 3.7740684e+08 3.270624e+08 4.2533676e-26 3.7432873e-26 6.9492505e-34
4.6419548e+08 2.7265043e+18 5.5472342e+09 3.7704803e+08 3.2672383e+08 4.2403447e-26 3.7322997e-26 6.9136886e-34
4.6468698e+08 2.7292308e+18 5.5472268e+09 3.7668955e+08 3.2638562e+08 4.227362e-26 3.7213441e-26 6.8783095e-34
4.6517898e+08 2.73196e+18 5.5472194e+09 3.7633139e+08 3.2604777e+08 4.2144193e-26 3.7104204e-26 6.8431123e-34
4.6567147e+08 2.734692e+18 5.5472121e+09 3.7597355e+08 3.2571029e+08 4.2015165e-26 3.6995286e-26 6.8080961e-34
4.6616446e+08 2.7374267e+18 5.5472047e+09 3.7561604e+08 3.2537317e+08 4.1886535e-26 3.6886685e-26 6.7732599e-34
4.6665794e+08 2.7401641e+18 5.5471974e+09 3.7525885e+08 3.2503641e+08 4.1758302e-26 3.6778401e-26 6.7386028e-34
4.6715191e+08 2.7429043e+18 5.5471901e+09 3.7490198e+08 3.2470002e+08 4.1630463e-26 3.6670432e-26 6.7041238e-34
4.6764638e+08 2.7456472e+18 5.5471828e+09 3.7454544e+08 3.2436398e+08 4.1503019e-26 3.6562779e-26 6.6698221e-34
4.6814134e+08 2.7483928e+18 5.5471755e+09 3.7418922e+08 3.2402831e+08 4.1375967e-26 3.6455439e-26 6.6356968e-34
4.686368e+08 2.7511412e+18 5.5471682e+09 3.7383332e+08 3.2369299e+08 4.1249307e-26 3.6348412e-26 6.6017468e-34
4.6913275e+08 2.7538924e+18 5.547161e+09 3.7347774e+08 3.2335803e+08 4.1123037e-26 3.6241697e-26 6.5679714e-34
4.696292e+08 2.7566463e+18 5.5471537e+09 3.7312249e+08 3.2302344e+08 4.0997157e-26 3.6135293e-26 6.5343695e-34
4.7012615e+08 2.7594029e+18 5.5471465e+09 3.7276755e+08 3.226892e+08 4.0871664e-26 3.6029199e-26 6.5009404e-34
4.706236e+08 2.7621623e+18 5.5471393e+09 3.7241294e+08 3.2235532e+08 4.0746558e-26 3.5923415e-26 6.4676831e-34
4.7112154e+08 2.7649245e+18 5.5471321e+09 3.7205865e+08 3.220218e+08 4.0621838e-26 3.5817939e-26 6.4345968e-34
4.7161998e+08 2.7676894e+18 5.5471249e+09 3.7170468e+08 3.2168863e+08 4.0497502e-26 3.5712771e-26 6.4016804e-34
4.7211892e+08 2.7704571e+18 5.5471178e+09 3.7135103e+08 3.2135582e+08 4.0373549e-26 3.5607909e-26 6.3689333e-34
4.7261836e+08 2.7732276e+18 5.5471106e+09 3.709977e+08 3.2102337e+08 4.0249979e-26 3.5503353e-26 6.3363544e-34
4.7311831e+08 2.7760008e+18 5.5471035e+09 3.706447e+08 3.2069128e+08 4.0126788e-26 3.5399102e-26 6.303943e-34
4.7361875e+08 2.7787768e+18 5.5470963e+09 3.7029201e+08 3.2035954e+08 4.0003978e-26 3.5295155e-26 6.2716981e-34
4.7411969e+08 2.7815556e+18 5.5470892e+09 3.6993964e+08 3.2002816e+08 3.9881546e-26 3.5191511e-26 6.239619e-34
4.7462113e+08 2.7843371e+18 5.5470821e+09 3.6958759e+08 3.1969713e+08 3.9759491e-26 3.508817e-26 6.2077046e-34
4.7512308e+08 2.7871215e+18 5.547075e+09 3.6923586e+08 3.1936645e+08 3.9637812e-26 3.498513e-26 6.1759543e-34
4.7562553e+08 2.7899086e+18 5.547068e+09 3.6888444e+08 3.1903614e+08 3.9516508e-26 3.488239e-26 6.1443671e-34
4.7612848e+08 2.7926985e+18 5.5470609e+09 3.6853335e+08 3.1870617e+08 3.9395578e-26 3.477995e-26 6.1129422e-34
4.7663194e+08 2.7954912e+18 5.5470539e+09 3.6818257e+08 3.1837656e+08 3.927502e-26 3.4677809e-26 6.0816788e-34
4.771359e+08 2.7982867e+18 5.5470468e+09 3.6783212e+08 3.180473e+08 3.9154834e-26 3.4575965e-26 6.050576e-34
4.7764036e+08 2.801085e+18 5.5470398e+09 3.6748198e+08 3.1771839e+08 3.9035018e-26 3.4474419e-26 6.019633e-34
4.7814533e+08 2.803886e+18 5.5470328e+09 3.6713215e+08 3.1738984e+08 3.8915571e-26 3.4373169e-26 5.988849e-34
4.786508e+08 2.8066899e+18 5.5470258e+09 3.6678265e+08 3.1706164e+08 3.8796492e-26 3.4272214e-26 5.9582231e-34
4.7915679e+08 2.8094966e+18 5.5470189e+09 3.6643346e+08 3.1673379e+08 3.8677779e-26 3.4171554e-26 5.9277546e-34
4.7966327e+08 2.8123061e+18 5.5470119e+09 3.6608459e+08 3.1640629e+08 3.8559433e-26 3.4071187e-26 5.8974426e-34
4.8017027e+08 2.8151184e+18 5.547005e+09 3.6573603e+08 3.1607914e+08 3.8441451e-26 3.3971113e-26 5.8672863e-34
4.8067777e+08 2.8179335e+18 5.546998e+09 3.6538779e+08 3.1575234e+08 3.8323832e-26 3.3871332e-26 5.8372849e-34
4.8118578e+08 2.8207515e+18 5.5469911e+09 3.6503987e+08 3.1542589e+08 3.8206576e-26 3.3771841e-26 5.8074377e-34
4.816943e+08 2.8235722e+18 5.5469842e+09 3.6469226e+08 3.1509979e+08 3.8089681e-26 3.367264e-26 5.7777437e-34
4.8220333e+08 2.8263958e+18 5.5469773e+09 3.6434497e+08 3.1477404e+08 3.7973146e-26 3.3573729e-26 5.7482023e-34
4.8271287e+08 2.8292222e+18 5.5469705e+09 3.6399799e+08 3.1444864e+08 3.7856969e-26 3.3475107e-26 5.7188126e-34
4.8322291e+08 2.8320514e+18 5.5469636e+09 3.6365133e+08 3.1412358e+08 3.7741151e-26 3.3376772e-26 5.6895739e-34
4.8373347e+08 2.8348835e+18 5.5469567e+09 3.6330498e+08 3.1379888e+08 3.7625689e-26 3.3278724e-26 5.6604853e-34
4.8424454e+08 2.8377183e+18 5.5469499e+09 3.6295895e+08 3.1347452e+08 3.7510583e-26 3.3180962e-26 5.6315461e-34
4.8475613e+08 2.8405561e+18 5.5469431e+09 3.6261323e+08 3.131505e+08 3.7395831e-26 3.3083486e-26 5.6027556e-34
4.8526822e+08 2.8433966e+18 5.5469363e+09 3.6226782e+08 3.1282684e+08 3.7281433e-26 3.2986294e-26 5.5741129e-34
4.8578083e+08 2.84624e+18 5.5469295e+09 3.6192273e+08 3.1250352e+08 3.7167386e-26 3.2889385e-26 5.5456173e-34
4.8629395e+08 2.8490863e+18 5.5469227e+09 3.6157795e+08 3.1218055e+08 3.7053691e-26 3.279276e-26 5.5172681e-34
4.8680758e+08 2.8519353e+18 5.5469159e+09 3.6123349e+08 3.1185792e+08 3.6940347e-26 3.2696416e-26 5.4890644e-34
4.8732173e+08 2.8547873e+18 5.5469092e+09 3.6088934e+08 3.1153564e+08 3.6827351e-26 3.2600353e-26 5.4610056e-34
4.8783639e+08 2.8576421e+18 5.5469025e+09 3.6054549e+08 3.112137e+08 3.6714703e-26 3.2504571e-26 5.4330908e-34
4.8835157e+08 2.8604997e+18 5.5468957e+09 3.6020197e+08 3.1089211e+08 3.6602402e-26 3.2409069e-26 5.4053194e-34
4.8886726e+08 2.8633602e+18 5.546889e+09 3.5985875e+08 3.1057086e+08 3.6490446e-26 3.2313845e-26 5.3776906e-34
4.8938347e+08 2.8662236e+18 5.5468823e+09 3.5951585e+08 3.1024995e+08 3.6378835e-26 3.2218899e-26 5.3502037e-34
4.899002e+08 2.8690898e+18 5.5468756e+09 3.5917325e+08 3.0992939e+08 3.6267568e-26 3.212423e-26 5.3228578e-34
4.9041744e+08 2.8719589e+18 5.546869e+09 3.5883097e+08 3.0960917e+08 3.6156644e-26 3.2029837e-26 5.2956524e-34
4.9093521e+08 2.8748308e+18 5.5468623e+09 3.58489e+08 3.0928929e+08 3.6046061e-26 3.193572e-26 5.2685867e-34
4.9145349e+08 2.8777057e+18 5.5468556e+09 3.5814734e+08 3.0896975e+08 3.5935818e-26 3.1841878e-26 5.2416599e-34
4.9197229e+08 2.8805834e+18 5.546849e+09 3.5780599e+08 3.0865056e+08 3.5825915e-26 3.174831e-26 5.2148713e-34
4.924916e+08 2.883464e+18 5.5468424e+09 3.5746496e+08 3.083317e+08 3.571635e-26 3.1655014e-26 5.1882203e-34
4.9301144e+08 2.8863474e+18 5.5468358e+09 3.5712423e+08 3.0801319e+08 3.5607122e-26 3.1561992e-26 5.1617061e-34
4.935318e+08 2.8892338e+18 5.5468292e+09 3.5678381e+08 3.0769502e+08 3.5498231e-26 3.146924e-26 5.135328e-34
4.9405268e+08 2.892123e+18 5.5468226e+09 3.564437e+08 3.0737718e+08 3.5389674e-26 3.137676e-26 5.1090853e-34
4.9457408e+08 2.8950151e+18 5.546816e+09 3.561039e+08 3.0705969e+08 3.5281452e-26 3.1284549e-26 5.0829774e-34
4.9509601e+08 2.8979101e+18 5.5468095e+09 3.5576441e+08 3.0674254e+08 3.5173563e-26 3.1192608e-26 5.0570034e-34
4.9561845e+08 2.9008081e+18 5.5468029e+09 3.5542522e+08 3.0642572e+08 3.5066006e-26 3.1100935e-26 5.0311627e-34
4.9614142e+08 2.9037089e+18 5.5467964e+09 3.5508635e+08 3.0610925e+08 3.495878e-26 3.100953e-26 5.0054547e-34
4.9666492e+08 2.9066126e+18 5.5467899e+09 3.5474778e+08 3.0579311e+08 3.4851884e-26 3.0918391e-26 4.9798787e-34
4.9718893e+08 2.9095192e+18 5.5467834e+09 3.5440953e+08 3.0547731e+08 3.4745317e-26 3.0827519e-26 4.9544339e-34
4.9771348e+08 2.9124287e+18 5.5467769e+09 3.5407158e+08 3.0516184e+08 3.4639078e-26 3.0736912e-26 4.9291197e-34
4.9823854e+08 2.9153411e+18 5.5467704e+09 3.5373393e+08 3.0484671e+08 3.4533166e-26 3.0646569e-26 4.9039354e-34
4.9876414e+08 2.9182565e+18 5.546764e+09 3.533966e+08 3.0453192e+08 3.442758e-26 3.0556491e-26 4.8788804e-34
4.9929025e+08 2.9211747e+18 5.5467575e+09 3.5305957e+08 3.0421747e+08 3.4322319e-26 3.0466675e-26 4.8539539e-34
4.998169e+08 2.9240959e+18 5.5467511e+09 3.5272285e+08 3.0390335e+08 3.4217381e-26 3.0377122e-26 4.8291554e-34
5.0034407e+08 2.92702e+18 5.5467446e+09 3.5238643e+08 3.0358957e+08 3.4112767e-26 3.028783e-26 4.8044841e-34
5.0087177e+08 2.929947e+18 5.5467382e+09 3.5205032e+08 3.0327612e+08 3.4008474e-26 3.0198799e-26 4.7799395e-34
5.014e+08 2.932877e+18 5.5467318e+09 3.5171452e+08 3.0296301e+08 3.3904503e-26 3.0110028e-26 4.7555207e-34
5.0192876e+08 2.9358098e+18 5.5467254e+09 3.5137902e+08 3.0265023e+08 3.3800851e-26 3.0021517e-26 4.7312273e-34
5.0245805e+08 2.9387457e+18 5.5467191e+09 3.5104383e+08 3.0233778e+08 3.3697518e-26 2.9933264e-26 4.7070586e-34
5.0298786e+08 2.9416844e+18 5.5467127e+09 3.5070894e+08 3.0202567e+08 3.3594503e-26 2.9845268e-26 4.6830138e-34
5.0351821e+08 2.9446261e+18 5.5467064e+09 3.5037436e+08 3.0171389e+08 3.3491805e-26 2.975753e-26 4.6590924e-34
5.0404909e+08 2.9475707e+18 5.5467e+09 3.5004008e+08 3.0140244e+08 3.3389423e-26 2.9670047e-26 4.6352938e-34
5.045805e+08 2.9505183e+18 5.5466937e+09 3.4970611e+08 3.0109133e+08 3.3287356e-26 2.9582821e-26 4.6116172e-34
5.0511244e+08 2.9534688e+18 5.5466874e+09 3.4937244e+08 3.0078055e+08 3.3185603e-26 2.9495849e-26 4.5880621e-34
5.0564491e+08 2.9564223e+18 5.5466811e+09 3.4903908e+08 3.004701e+08 3.3084163e-26 2.9409131e-26 4.5646279e-34
5.0617792e+08 2.9593787e+18 5.5466748e+09 3.4870602e+08 3.0015998e+08 3.2983035e-26 2.9322667e-26 4.5413139e-34
5.0671146e+08 2.9623381e+18 5.5466685e+09 3.4837326e+08 2.9985019e+08 3.2882218e-26 2.9236455e-26 4.5181195e-34
5.0724554e+08 2.9653004e+18 5.5466623e+09 3.4804081e+08 2.9954073e+08 3.2781712e-26 2.9150495e-26 4.495044e-34
5.0778015e+08 2.9682657e+18 5.546656e+09 3.4770865e+08 2.992316e+08 3.2681514e-26 2.9064786e-26 4.472087e-34
5.0831529e+08 2.971234e+18 5.5466498e+09 3.4737681e+08 2.989228e+08 3.2581625e-26 2.8979327e-26 4.4492477e-34
5.0885097e+08 2.9742052e+18 5.5466436e+09 3.4704526e+08 2.9861433e+08 3.2482042e-26 2.8894118e-26 4.4265256e-34
5.0938719e+08 2.9771794e+18 5.5466373e+09 3.4671402e+08 2.9830619e+08 3.2382767e-26 2.8809158e-26 4.40392e-34
5.0992395e+08 2.9801566e+18 5.5466311e+09 3.4638307e+08 2.9799838e+08 3.2283796e-26 2.8724447e-26 4.3814303e-34
5.1046124e+08 2.9831368e+18 5.546625e+09 3.4605243e+08 2.976909e+08 3.218513e-26 2.8639982e-26 4.3590561e-34
5.1099907e+08 2.9861199e+18 5.5466188e+09 3.4572209e+08 2.9738374e+08 3.2086767e-26 2.8555765e-26 4.3367965e-34
5.1153743e+08 2.989106e+18 5.5466126e+09 3.4539206e+08 2.9707691e+08 3.1988707e-26 2.8471794e-26 4.3146512e-34
5.1207634e+08 2.9920951e+18 5.5466065e+09 3.4506232e+08 2.9677041e+08 3.1890949e-26 2.8388068e-26 4.2926194e-34
5.1261579e+08 2.9950872e+18 5.5466003e+09 3.4473288e+08 2.9646424e+08 3.1793491e-26 2.8304586e-26 4.2707006e-34
5.1315577e+08 2.9980823e+18 5.5465942e+09 3.4440375e+08 2.9615839e+08 3.1696333e-26 2.8221349e-26 4.2488942e-34
5.136963e+08 3.0010804e+18 5.5465881e+09 3.4407491e+08 2.9585286e+08 3.1599473e-26 2.8138355e-26 4.2271997e-34
5.1423737e+08 3.0040815e+18 5.546582e+09 3.4374638e+08 2.9554767e+08 3.1502912e-26 2.8055603e-26 4.2056164e-34
5.1477898e+08 3.0070855e+18 5.5465759e+09 3.4341814e+08 2.952428e+08 3.1406647e-26 2.7973093e-26 4.1841437e-34
5.1532113e+08 3.0100926e+18 5.5465698e+09 3.430902e+08 2.9493825e+08 3.1310678e-26 2.7890824e-26 4.1627812e-34
5.1586382e+08 3.0131027e+18 5.5465638e+09 3.4276257e+08 2.9463403e+08 3.1215005e-26 2.7808796e-26 4.1415283e-34
5.1640706e+08 3.0161158e+18 5.5465577e+09 3.4243523e+08 2.9433013e+08 3.1119625e-26 2.7727008e-26 4.1203843e-34
5.1695084e+08 3.0191319e+18 5.5465517e+09 3.4210819e+08 2.9402655e+08 3.1024539e-26 2.7645458e-26 4.0993487e-34
5.1749517e+08 3.0221511e+18 5.5465456e+09 3.4178145e+08 2.937233e+08 3.0929745e-26 2.7564147e-26 4.078421e-34
5.1804004e+08 3.0251732e+18 5.5465396e+09 3.41455e+08 2.9342037e+08 3.0835243e-26 2.7483074e-26 4.0576006e-34
5.1858545e+08 3.0281984e+18 5.5465336e+09 3.4112886e+08 2.9311777e+08 3.0741031e-26 2.7402237e-26 4.0368869e-34
5.1913142e+08 3.0312266e+18 5.5465276e+09 3.4080301e+08 2.9281549e+08 3.0647109e-26 2.7321637e-26 4.0162794e-34
5.1967793e+08 3.0342578e+18 5.5465216e+09 3.4047746e+08 2.9251352e+08 3.0553476e-26 2.7241272e-26 3.9957776e-34
5.2022498e+08 3.0372921e+18 5.5465157e+09 3.4015221e+08 2.9221188e+08 3.046013e-26 2.7161142e-26 3.9753809e-34
5.2077259e+08 3.0403294e+18 5.5465097e+09 3.3982726e+08 2.9191057e+08 3.0367072e-26 2.7081247e-26 3.9550888e-34
5.2132074e+08 3.0433697e+18 5.5465038e+09 3.395026e+08 2.9160957e+08 3.0274299e-26 2.7001585e-26 3.9349007e-34
5.2186944e+08 3.0464131e+18 5.5464978e+09 3.3917823e+08 2.9130889e+08 3.0181812e-26 2.6922156e-26 3.914816e-34
5.2241869e+08 3.0494595e+18 5.5464919e+09 3.3885417e+08 2.9100853e+08 3.0089609e-26 2.6842959e-26 3.8948344e-34
5.2296849e+08 3.0525089e+18 5.546486e+09 3.385304e+08 2.9070849e+08 2.999769e-26 2.6763994e-26 3.8749551e-34
5.2351884e+08 3.0555614e+18 5.5464801e+09 3.3820692e+08 2.9040878e+08 2.9906053e-26 2.6685259e-26 3.8551778e-34
5.2406974e+08 3.058617e+18 5.5464742e+09 3.3788375e+08 2.9010938e+08 2.9814697e-26 2.6606755e-26 3.8355018e-34
5.2462119e+08 3.0616756e+18 5.5464683e+09 3.3756086e+08 2.898103e+08 2.9723623e-26 2.652848e-26 3.8159267e-34
5.251732e+08 3.0647373e+18 5.5464625e+09 3.3723827e+08 2.8951153e+08 2.9632828e-26 2.6450434e-26 3.7964519e-34
5.2572575e+08 3.067802e+18 5.5464566e+09 3.3691598e+08 2.8921309e+08 2.9542312e-26 2.6372616e-26 3.777077e-34
5.2627886e+08 3.0708698e+18 5.5464508e+09 3.3659398e+08 2.8891496e+08 2.9452075e-26 2.6295026e-26 3.7578013e-34
5.2683253e+08 3.0739407e+18 5.5464449e+09 3.3627228e+08 2.8861715e+08 2.9362115e-26 2.6217663e-26 3.7386244e-34
5.2738674e+08 3.0770147e+18 5.5464391e+09 3.3595087e+08 2.8831966e+08 2.9272431e-26 2.6140525e-26 3.7195459e-34
5.2794152e+08 3.0800917e+18 5.5464333e+09 3.3562975e+08 2.8802248e+08 2.9183024e-26 2.6063614e-26 3.700565e-34
5.2849685e+08 3.0831718e+18 5.5464275e+09 3.3530893e+08 2.8772562e+08 2.909389e-26 2.5986927e-26 3.6816815e-34
5.2905273e+08 3.0862549e+18 5.5464217e+09 3.349884e+08 2.8742908e+08 2.9005031e-26 2.5910465e-26 3.6628947e-34
5.2960917e+08 3.0893412e+18 5.546416e+09 3.3466816e+08 2.8713285e+08 2.8916445e-26 2.5834226e-26 3.6442042e-34
5.3016617e+08 3.0924305e+18 5.5464102e+09 3.3434821e+08 2.8683694e+08 2.8828131e-26 2.575821e-26 3.6256095e-34
5.3072372e+08 3.095523e+18 5.5464045e+09 3.3402856e+08 2.8654134e+08 2.8740088e-26 2.5682416e-26 3.6071101e-34
5.3128184e+08 3.0986185e+18 5.5463987e+09 3.337092e+08 2.8624605e+08 2.8652316e-26 2.5606845e-26 3.5887054e-34
5.3184051e+08 3.1017171e+18 5.546393e+09 3.3339014e+08 2.8595108e+08 2.8564814e-26 2.5531494e-26 3.5703951e-34
5.3239974e+08 3.1048188e+18 5.5463873e+09 3.3307136e+08 2.8565642e+08 2.847758e-26 2.5456363e-26 3.5521786e-34
5.3295953e+08 3.1079236e+18 5.5463816e+09 3.3275288e+08 2.8536208e+08 2.8390615e-26 2.5381452e-26 3.5340554e-34
5.3351988e+08 3.1110316e+18 5.5463759e+09 3.3243468e+08 2.8506805e+08 2.8303916e-26 2.5306761e-26 3.516025e-34
5.340808e+08 3.1141426e+18 5.5463702e+09 3.3211678e+08 2.8477433e+08 2.8217485e-26 2.5232287e-26 3.4980871e-34
5.3464227e+08 3.1172567e+18 5.5463645e+09 3.3179917e+08 2.8448092e+08 2.8131318e-26 2.5158032e-26 3.480241e-34
5.3520431e+08 3.120374e+18 5.5463589e+09 3.3148185e+08 2.8418783e+08 2.8045416e-26 2.5083994e-26 3.4624864e-34
5.3576691e+08 3.1234944e+18 5.5463532e+09 3.3116482e+08 2.8389505e+08 2.7959779e-26 2.5010172e-26 3.4448228e-34
5.3633007e+08 3.1266179e+18 5.5463476e+09 3.3084809e+08 2.8360258e+08 2.7874404e-26 2.4936567e-26 3.4272496e-34
5.3689379e+08 3.1297445e+18 5.546342e+09 3.3053164e+08 2.8331042e+08 2.7789292e-26 2.4863176e-26 3.4097664e-34
5.3745808e+08 3.1328742e+18 5.5463364e+09 3.3021548e+08 2.8301856e+08 2.7704441e-26 2.4790001e-26 3.3923728e-34
5.3802294e+08 3.1360071e+18 5.5463308e+09 3.2989961e+08 2.8272702e+08 2.761985e-26 2.4717039e-26 3.3750684e-34
5.3858836e+08 3.1391431e+18 5.5463252e+09 3.2958403e+08 2.8243579e+08 2.753552e-26 2.4644291e-26 3.3578525e-34
5.3915434e+08 3.1422822e+18 5.5463196e+09 3.2926873e+08 2.8214487e+08 2.7451449e-26 2.4571756e-26 3.3407248e-34
5.397209e+08 3.1454245e+18 5.546314e+09 3.2895373e+08 2.8185426e+08 2.7367636e-26 2.4499432e-26 3.3236849e-34
5.4028802e+08 3.14857e+18 5.5463085e+09 3.2863902e+08 2.8156396e+08 2.728408e-26 2.4427321e-26 3.3067323e-34
5.408557e+08 3.1517185e+18 5.5463029e+09 3.2832459e+08 2.8127396e+08 2.7200781e-26 2.435542e-26 3.2898664e-34
5.4142396e+08 3.1548702e+18 5.5462974e+09 3.2801045e+08 2.8098428e+08 2.7117738e-26 2.428373e-26 3.273087e-34
5.4199278e+08 3.1580251e+18 5.5462919e+09 3.276966e+08 2.806949e+08 2.7034949e-26 2.421225e-26 3.2563935e-34
5.4256218e+08 3.1611831e+18 5.5462863e+09 3.2738304e+08 2.8040582e+08 2.6952415e-26 2.4140978e-26 3.2397855e-34
5.4313214e+08 3.1643443e+18 5.5462808e+09 3.2706976e+08 2.8011706e+08 2.6870135e-26 2.4069916e-26 3.2232625e-34
5.4370268e+08 3.1675087e+18 5.5462754e+09 3.2675677e+08 2.798286e+08 2.6788107e-26 2.3999061e-26 3.2068242e-34
5.4427378e+08 3.1706762e+18 5.5462699e+09 3.2644407e+08 2.7954045e+08 2.6706332e-26 2.3928414e-26 3.1904701e-34
5.4484546e+08 3.1738468e+18 5.5462644e+09 3.2613166e+08 2.792526e+08 2.6624807e-26 2.3857973e-26 3.1741997e-34
5.4541771e+08 3.1770207e+18 5.5462589e+09 3.2581953e+08 2.7896506e+08 2.6543533e-26 2.3787738e-26 3.1580126e-34
5.4599053e+08 3.1801977e+18 5.5462535e+09 3.2550768e+08 2.7867783e+08 2.6462508e-26 2.3717709e-26 3.1419084e-34
5.4656393e+08 3.1833779e+18 5.5462481e+09 3.2519613e+08 2.783909e+08 2.6381732e-26 2.3647885e-26 3.1258867e-34
5.471379e+08 3.1865613e+18 5.5462426e+09 3.2488485e+08 2.7810427e+08 2.6301204e-26 2.3578265e-26 3.109947e-34
5.4771244e+08 3.1897479e+18 5.5462372e+09 3.2457387e+08 2.7781795e+08 2.6220923e-26 2.3508849e-26 3.0940889e-34
5.4828756e+08 3.1929376e+18 5.5462318e+09 3.2426317e+08 2.7753193e+08 2.6140889e-26 2.3439636e-26 3.078312e-34
5.4886325e+08 3.1961305e+18 5.5462264e+09 3.2395275e+08 2.7724622e+08 2.6061101e-26 2.3370626e-26 3.0626159e-34
5.4943953e+08 3.1993267e+18 5.546221e+09 3.2364262e+08 2.7696081e+08 2.5981558e-26 2.3301818e-26 3.0470002e-34
5.5001637e+08 3.202526e+18 5.5462157e+09 3.2333277e+08 2.766757e+08 2.5902259e-26 2.3233211e-26 3.0314644e-34
5.505938e+08 3.2057285e+18 5.5462103e+09 3.2302321e+08 2.7639089e+08 2.5823203e-26 2.3164805e-26 3.0160082e-34
5.511718e+08 3.2089342e+18 5.546205e+09 3.2271393e+08 2.7610639e+08 2.574439e-26 2.3096599e-26 3.0006311e-34
5.5175038e+08 3.2121432e+18 5.5461996e+09 3.2240493e+08 2.7582219e+08 2.5665819e-26 2.3028593e-26 2.9853327e-34
5.5232955e+08 3.2153553e+18 5.5461943e+09 3.2209622e+08 2.7553829e+08 2.5587489e-26 2.2960785e-26 2.9701126e-34
5.5290929e+08 3.2185707e+18 5.546189e+09 3.2178779e+08 2.7525469e+08 2.55094e-26 2.2893177e-26 2.9549705e-34
5.5348961e+08 3.2217893e+18 5.5461837e+09 3.2147965e+08 2.7497139e+08 2.543155e-26 2.2825766e-26 2.9399058e-34
5.5407051e+08 3.225011e+18 5.5461784e+09 3.2117178e+08 2.7468839e+08 2.535394e-26 2.2758553e-26 2.9249183e-34
5.5465199e+08 3.2282361e+18 5.5461731e+09 3.208642e+08 2.744057e+08 2.5276567e-26 2.2691536e-26 2.9100075e-34
5.5523406e+08 3.2314643e+18 5.5461678e+09 3.205569e+08 2.741233e+08 2.5199433e-26 2.2624715e-26 2.895173e-34
5.5581671e+08 3.2346958e+18 5.5461625e+09 3.2024989e+08 2.738412e+08 2.5122535e-26 2.2558091e-26 2.8804145e-34
5.5639994e+08 3.2379304e+18 5.5461573e+09 3.1994315e+08 2.735594e+08 2.5045873e-26 2.2491661e-26 2.8657315e-34
5.5698375e+08 3.2411684e+18 5.546152e+09 3.196367e+08 2.732779e+08 2.4969446e-26 2.2425425e-26 2.8511236e-34
5.5756815e+08 3.2444095e+18 5.5461468e+09 3.1933053e+08 2.729967e+08 2.4893254e-26 2.2359384e-26 2.8365905e-34
5.5815314e+08 3.247654e+18 5.5461416e+09 3.1902464e+08 2.727158e+08 2.4817296e-26 2.2293536e-26 2.8221318e-34
5.5873871e+08 3.2509016e+18 5.5461363e+09 3.1871903e+08 2.7243519e+08 2.474157e-26 2.2227881e-26 2.8077471e-34
5.5932486e+08 3.2541525e+18 5.5461311e+09 3.184137e+08 2.7215488e+08 2.4666078e-26 2.2162418e-26 2.793436e-34
5.5991161e+08 3.2574067e+18 5.546126e+09 3.1810865e+08 2.7187487e+08 2.4590817e-26 2.2097146e-26 2.7791982e-34
5.6049894e+08 3.2606641e+18 5.5461208e+09 3.1780388e+08 2.7159516e+08 2.4515787e-26 2.2032066e-26 2.7650332e-34
5.6108685e+08 3.2639247e+18 5.5461156e+09 3.1749939e+08 2.7131574e+08 2.4440987e-26 2.1967177e-26 2.7509407e-34
5.6167536e+08 3.2671887e+18 5.5461104e+09 3.1719518e+08 2.7103662e+08 2.4366417e-26 2.1902477e-26 2.7369203e-34
5.6226446e+08 3.2704558e+18 5.5461053e+09 3.1689126e+08 2.7075779e+08 2.4292076e-26 2.1837967e-26 2.7229717e-34
5.6285414e+08 3.2737263e+18 5.5461001e+09 3.1658761e+08 2.7047926e+08 2.4217962e-26 2.1773645e-26 2.7090945e-34
5.6344442e+08 3.277e+18 5.546095e+09 3.1628423e+08 2.7020102e+08 2.4144077e-26 2.1709513e-26 2.6952882e-34
5.6403528e+08 3.280277e+18 5.5460899e+09 3.1598114e+08 2.6992308e+08 2.4070418e-26 2.1645568e-26 2.6815526e-34
5.6462674e+08 3.2835573e+18 5.5460848e+09 3.1567833e+08 2.6964544e+08 2.3996985e-26 2.158181e-26 2.6678873e-34
5.6521879e+08 3.2868409e+18 5.5460797e+09 3.1537579e+08 2.6936809e+08 2.3923777e-26 2.1518239e-26 2.6542919e-34
5.6581143e+08 3.2901277e+18 5.5460746e+09 3.1507353e+08 2.6909103e+08 2.3850794e-26 2.1454854e-26 2.6407661e-34
5.6640467e+08 3.2934178e+18 5.5460695e+09 3.1477155e+08 2.6881426e+08 2.3778035e-26 2.1391655e-26 2.6273094e-34
5.669985e+08 3.2967113e+18 5.5460644e+09 3.1446985e+08 2.6853779e+08 2.3705499e-26 2.132864e-26 2.6139216e-34
5.6759292e+08 3.300008e+18 5.5460594e+09 3.1416843e+08 2.6826161e+08 2.3633186e-26 2.1265811e-26 2.6006024e-34
5.6818794e+08 3.303308e+18 5.5460543e+09 3.1386728e+08 2.6798573e+08 2.3561094e-26 2.1203165e-26 2.5873512e-34
5.6878355e+08 3.3066113e+18 5.5460493e+09 3.1356641e+08 2.6771013e+08 2.3489224e-26 2.1140703e-26 2.5741678e-34
5.6937976e+08 3.3099179e+18 5.5460442e+09 3.1326581e+08 2.6743483e+08 2.3417574e-26 2.1078424e-26 2.5610519e-34
5.6997657e+08 3.3132278e+18 5.5460392e+09 3.129655e+08 2.6715982e+08 2.3346144e-26 2.1016327e-26 2.5480031e-34
5.7057397e+08 3.316541e+18 5.5460342e+09 3.1266545e+08 2.668851e+08 2.3274934e-26 2.0954413e-26 2.535021e-34
5.7117198e+08 3.3198576e+18 5.5460292e+09 3.1236569e+08 2.6661067e+08 2.3203941e-26 2.0892679e-26 2.5221054e-34
5.7177058e+08 3.3231774e+18 5.5460242e+09 3.120662e+08 2.6633653e+08 2.3133167e-26 2.0831127e-26 2.5092558e-34
5.7236978e+08 3.3265006e+18 5.5460192e+09 3.1176698e+08 2.6606268e+08 2.3062609e-26 2.0769754e-26 2.4964719e-34
5.7296958e+08 3.3298271e+18 5.5460143e+09 3.1146804e+08 2.6578913e+08 2.2992268e-26 2.0708562e-26 2.4837534e-34
5.7356998e+08 3.3331569e+18 5.5460093e+09 3.1116938e+08 2.6551586e+08 2.2922143e-26 2.0647549e-26 2.4711e-34
5.7417098e+08 3.3364901e+18 5.5460044e+09 3.1087099e+08 2.6524288e+08 2.2852233e-26 2.0586714e-26 2.4585113e-34
5.7477258e+08 3.3398266e+18 5.5459994e+09 3.1057287e+08 2.6497019e+08 2.2782537e-26 2.0526058e-26 2.445987e-34
5.7537478e+08 3.3431664e+18 5.5459945e+09 3.1027503e+08 2.6469779e+08 2.2713055e-26 2.046558e-26 2.4335268e-34
5.7597759e+08 3.3465096e+18 5.5459896e+09 3.0997747e+08 2.6442567e+08 2.2643787e-26 2.0405278e-26 2.4211302e-34
5.76581e+08 3.3498561e+18 5.5459846e+09 3.0968018e+08 2.6415385e+08 2.257473e-26 2.0345154e-26 2.4087971e-34
5.7718502e+08 3.3532059e+18 5.5459797e+09 3.0938316e+08 2.6388231e+08 2.2505886e-26 2.0285205e-26 2.396527e-34
5.7778964e+08 3.3565592e+18 5.5459749e+09 3.0908641e+08 2.6361106e+08 2.2437252e-26 2.0225433e-26 2.3843197e-34
5.7839486e+08 3.3599157e+18 5.54597e+09 3.0878994e+08 2.6334009e+08 2.236883e-26 2.0165835e-26 2.3721748e-34
5.7900069e+08 3.3632756e+18 5.5459651e+09 3.0849374e+08 2.6306942e+08 2.2300617e-26 2.0106412e-26 2.3600921e-34
5.7960713e+08 3.3666389e+18 5.5459602e+09 3.0819781e+08 2.6279903e+08 2.2232613e-26 2.0047163e-26 2.3480711e-34
5.8021417e+08 3.3700055e+18 5.5459554e+09 3.0790216e+08 2.6252892e+08 2.2164818e-26 1.9988088e-26 2.3361116e-34
5.8082182e+08 3.3733755e+18 5.5459505e+09 3.0760677e+08 2.622591e+08 2.209723e-26 1.9929186e-26 2.3242132e-34
5.8143008e+08 3.3767489e+18 5.5459457e+09 3.0731166e+08 2.6198957e+08 2.202985e-26 1.9870456e-26 2.3123757e-34
5.8203895e+08 3.3801257e+18 5.5459409e+09 3.0701683e+08 2.6172032e+08 2.1962677e-26 1.9811899e-26 2.3005987e-34
5.8264843e+08 3.3835058e+18 5.5459361e+09 3.0672226e+08 2.6145136e+08 2.1895709e-26 1.9753513e-26 2.2888819e-34
5.8325851e+08 3.3868893e+18 5.5459313e+09 3.0642796e+08 2.6118268e+08 2.1828947e-26 1.9695298e-26 2.277225e-34
5.8386921e+08 3.3902762e+18 5.5459265e+09 3.0613394e+08 2.6091428e+08 2.176239e-26 1.9637254e-26 2.2656278e-34
5.8448052e+08 3.3936665e+18 5.5459217e+09 3.0584019e+08 2.6064617e+08 2.1696036e-26 1.957938e-26 2.2540898e-34
5.8509244e+08 3.3970601e+18 5.5459169e+09 3.055467e+08 2.6037834e+08 2.1629887e-26 1.9521676e-26 2.2426108e-34
5.8570498e+08 3.4004572e+18 5.5459121e+09 3.0525349e+08 2.601108e+08 2.1563939e-26 1.946414e-26 2.2311905e-34
5.8631812e+08 3.4038577e+18 5.5459074e+09 3.0496055e+08 2.5984354e+08 2.1498195e-26 1.9406774e-26 2.2198286e-34
5.8693188e+08 3.4072615e+18 5.5459026e+09 3.0466788e+08 2.5957656e+08 2.1432651e-26 1.9349575e-26 2.2085248e-34
5.8754626e+08 3.4106688e+18 5.5458979e+09 3.0437547e+08 2.5930986e+08 2.1367309e-26 1.9292545e-26 2.1972787e-34
5.8816125e+08 3.4140794e+18 5.5458931e+09 3.0408334e+08 2.5904344e+08 2.1302167e-26 1.9235681e-26 2.1860902e-34
5.8877685e+08 3.4174935e+18 5.5458884e+09 3.0379148e+08 2.5877731e+08 2.1237225e-26 1.9178984e-26 2.1749588e-34
5.8939307e+08 3.420911e+18 5.5458837e+09 3.0349988e+08 2.5851146e+08 2.1172482e-26 1.9122453e-26 2.1638843e-34
5.9000991e+08 3.4243319e+18 5.545879e+09 3.0320856e+08 2.5824589e+08 2.1107937e-26 1.9066088e-26 2.1528665e-34
5.9062737e+08 3.4277563e+18 5.5458743e+09 3.029175e+08 2.5798059e+08 2.104359e-26 1.9009888e-26 2.141905e-34
5.9124544e+08 3.431184e+18 5.5458696e+09 3.0262671e+08 2.5771558e+08 2.0979441e-26 1.8953853e-26 2.1309995e-34
5.9186413e+08 3.4346152e+18 5.545865e+09 3.0233619e+08 2.5745085e+08 2.0915488e-26 1.8897983e-26 2.1201497e-34
5.9248344e+08 3.4380498e+18 5.5458603e+09 3.0204594e+08 2.571864e+08 2.0851731e-26 1.8842276e-26 2.1093554e-34
5.9310337e+08 3.4414879e+18 5.5458556e+09 3.0175595e+08 2.5692223e+08 2.0788169e-26 1.8786732e-26 2.0986162e-34
5.9372392e+08 3.4449293e+18 5.545851e+09 3.0146623e+08 2.5665834e+08 2.0724803e-26 1.8731351e-26 2.087932e-34
5.943451e+08 3.4483743e+18 5.5458464e+09 3.0117678e+08 2.5639472e+08 2.066163e-26 1.8676133e-26 2.0773024e-34
5.9496689e+08 3.4518227e+18 5.5458417e+09 3.008876e+08 2.5613139e+08 2.0598652e-26 1.8621076e-26 2.066727e-34
5.9558931e+08 3.4552745e+18 5.5458371e+09 3.0059868e+08 2.5586833e+08 2.0535866e-26 1.8566181e-26 2.0562058e-34
5.9621235e+08 3.4587297e+18 5.5458325e+09 3.0031003e+08 2.5560555e+08 2.0473273e-26 1.8511447e-26 2.0457383e-34
5.9683601e+08 3.4621885e+18 5.5458279e+09 3.0002165e+08 2.5534305e+08 2.0410871e-26 1.8456873e-26 2.0353242e-34
5.974603e+08 3.4656507e+18 5.5458233e+09 2.9973353e+08 2.5508083e+08 2.0348661e-26 1.8402459e-26 2.0249635e-34
5.9808521e+08 3.4691163e+18 5.5458187e+09 2.9944568e+08 2.5481888e+08 2.0286642e-26 1.8348205e-26 2.0146556e-34
5.9871075e+08 3.4725854e+18 5.5458142e+09 2.9915809e+08 2.5455721e+08 2.0224812e-26 1.829411e-26 2.0044004e-34
5.9933691e+08 3.476058e+18 5.5458096e+09 2.9887077e+08 2.5429581e+08 2.0163172e-26 1.8240174e-26 1.9941977e-34
5.999637e+08 3.4795341e+18 5.545805e+09 2.9858372e+08 2.5403469e+08 2.0101721e-26 1.8186396e-26 1.984047e-34
6.0059112e+08 3.4830136e+18 5.5458005e+09 2.9829693e+08 2.5377385e+08 2.0040459e-26 1.8132775e-26 1.9739482e-34
6.0121916e+08 3.4864966e+18 5.545796e+09 2.980104e+08 2.5351328e+08 1.9979384e-26 1.8079312e-26 1.9639011e-34
6.0184784e+08 3.4899831e+18 5.5457914e+09 2.9772414e+08 2.5325299e+08 1.9918496e-26 1.8026005e-26 1.9539052e-34
6.0247714e+08 3.4934731e+18 5.5457869e+09 2.9743814e+08 2.5299297e+08 1.9857795e-26 1.7972855e-26 1.9439605e-34
6.0310707e+08 3.4969666e+18 5.5457824e+09 2.9715241e+08 2.5273323e+08 1.9797279e-26 1.7919861e-26 1.9340665e-34
6.0373763e+08 3.5004635e+18 5.5457779e+09 2.9686694e+08 2.5247376e+08 1.9736949e-26 1.7867022e-26 1.9242231e-34
6.0436883e+08 3.503964e+18 5.5457734e+09 2.9658174e+08 2.5221456e+08 1.9676805e-26 1.7814338e-26 1.91443e-34
6.0500065e+08 3.507468e+18 5.5457689e+09 2.9629679e+08 2.5195564e+08 1.9616844e-26 1.7761809e-26 1.9046869e-34
6.0563311e+08 3.5109754e+18 5.5457645e+09 2.9601212e+08 2.5169699e+08 1.9557067e-26 1.7709433e-26 1.8949936e-34
6.062662e+08 3.5144864e+18 5.54576e+09 2.957277e+08 2.5143861e+08 1.9497473e-26 1.7657212e-26 1.8853498e-34
6.0689993e+08 3.5180009e+18 5.5457555e+09 2.9544355e+08 2.5118051e+08 1.9438062e-26 1.7605143e-26 1.8757553e-34
6.0753429e+08 3.5215189e+18 5.5457511e+09 2.9515966e+08 2.5092268e+08 1.9378833e-26 1.7553227e-26 1.8662097e-34
6.0816928e+08 3.5250404e+18 5.5457467e+09 2.9487603e+08 2.5066512e+08 1.9319785e-26 1.7501464e-26 1.856713e-34
6.0880491e+08 3.5285655e+18 5.5457422e+09 2.9459266e+08 2.5040783e+08 1.9260918e-26 1.7449852e-26 1.8472647e-34
6.0944118e+08 3.532094e+18 5.5457378e+09 2.9430956e+08 2.5015082e+08 1.9202232e-26 1.7398392e-26 1.8378647e-34
6.1007808e+08 3.5356261e+18 5.5457334e+09 2.9402672e+08 2.4989407e+08 1.9143725e-26 1.7347083e-26 1.8285128e-34
6.1071562e+08 3.5391617e+18 5.545729e+09 2.9374413e+08 2.496376e+08 1.9085398e-26 1.7295924e-26 1.8192086e-34
6.113538e+08 3.5427009e+18 5.5457246e+09 2.9346181e+08 2.4938139e+08 1.9027249e-26 1.7244915e-26 1.8099519e-34
6.1199261e+08 3.5462436e+18 5.5457202e+09 2.9317975e+08 2.4912546e+08 1.8969278e-26 1.7194056e-26 1.8007425e-34
6.1263207e+08 3.5497899e+18 5.5457158e+09 2.9289796e+08 2.488698e+08 1.8911485e-26 1.7143346e-26 1.7915801e-34
6.1327217e+08 3.5533396e+18 5.5457115e+09 2.9261642e+08 2.486144e+08 1.8853869e-26 1.7092785e-26 1.7824646e-34
6.139129e+08 3.556893e+18 5.5457071e+09 2.9233514e+08 2.4835928e+08 1.879643e-26 1.7042372e-26 1.7733956e-34
6.1455428e+08 3.5604499e+18 5.5457028e+09 2.9205412e+08 2.4810442e+08 1.8739166e-26 1.6992107e-26 1.7643729e-34
6.151963e+08 3.5640103e+18 5.5456984e+09 2.9177337e+08 2.4784984e+08 1.8682078e-26 1.694199e-26 1.7553962e-34
6.1583896e+08 3.5675743e+18 5.5456941e+09 2.9149287e+08 2.4759552e+08 1.8625165e-26 1.689202e-26 1.7464655e-34
6.1648227e+08 3.5711419e+18 5.5456898e+09 2.9121263e+08 2.4734147e+08 1.8568426e-26 1.6842196e-26 1.7375803e-34
6.1712622e+08 3.5747131e+18 5.5456854e+09 2.9093265e+08 2.4708769e+08 1.851186e-26 1.6792518e-26 1.7287405e-34
6.1777081e+08 3.5782878e+18 5.5456811e+09 2.9065293e+08 2.4683417e+08 1.8455468e-26 1.6742987e-26 1.7199458e-34
6.1841605e+08 3.5818661e+18 5.5456768e+09 2.9037347e+08 2.4658092e+08 1.8399249e-26 1.66936e-26 1.7111961e-34
6.1906193e+08 3.5854479e+18 5.5456725e+09 2.9009426e+08 2.4632794e+08 1.8343202e-26 1.6644359e-26 1.702491e-34
6.1970846e+08 3.5890334e+18 5.5456683e+09 2.8981532e+08 2.4607523e+08 1.8287327e-26 1.6595262e-26 1.6938304e-34
6.2035564e+08 3.5926224e+18 5.545664e+09 2.8953663e+08 2.4582278e+08 1.8231622e-26 1.6546309e-26 1.685214e-34
6.2100347e+08 3.596215e+18 5.5456597e+09 2.892582e+08 2.455706e+08 1.8176088e-26 1.6497499e-26 1.6766416e-34
6.2165194e+08 3.5998112e+18 5.5456555e+09 2.8898003e+08 2.4531868e+08 1.8120725e-26 1.6448833e-26 1.668113e-34
6.2230106e+08 3.6034111e+18 5.5456512e+09 2.8870212e+08 2.4506703e+08 1.8065531e-26 1.640031e-26 1.6596279e-34
6.2295084e+08 3.6070145e+18 5.545647e+09 2.8842446e+08 2.4481564e+08 1.8010506e-26 1.6351929e-26 1.6511861e-34
6.2360126e+08 3.6106215e+18 5.5456427e+09 2.8814706e+08 2.4456452e+08 1.7955649e-26 1.630369e-26 1.6427875e-34
6.2425233e+08 3.6142321e+18 5.5456385e+09 2.8786992e+08 2.4431367e+08 1.790096e-26 1.6255593e-26 1.6344317e-34
6.2490406e+08 3.6178463e+18 5.5456343e+09 2.8759303e+08 2.4406308e+08 1.7846439e-26 1.6207637e-26 1.6261185e-34
6.2555644e+08 3.6214642e+18 5.5456301e+09 2.873164e+08 2.4381275e+08 1.7792085e-26 1.6159822e-26 1.6178478e-34
6.2620947e+08 3.6250856e+18 5.5456259e+09 2.8704003e+08 2.4356268e+08 1.7737897e-26 1.6112147e-26 1.6096194e-34
6.2686315e+08 3.6287107e+18 5.5456217e+09 2.8676391e+08 2.4331288e+08 1.7683875e-26 1.6064611e-26 1.6014329e-34
6.2751749e+08 3.6323394e+18 5.5456175e+09 2.8648805e+08 2.4306334e+08 1.7630019e-26 1.6017216e-26 1.5932882e-34
6.2817248e+08 3.6359718e+18 5.5456134e+09 2.8621244e+08 2.4281407e+08 1.7576327e-26 1.5969959e-26 1.5851851e-34
6.2882813e+08 3.6396077e+18 5.5456092e+09 2.8593709e+08 2.4256506e+08 1.75228e-26 1.5922842e-26 1.5771234e-34
6.2948443e+08 3.6432474e+18 5.545605e+09 2.8566199e+08 2.4231631e+08 1.7469436e-26 1.5875862e-26 1.5691028e-34
6.3014139e+08 3.6468906e+18 5.5456009e+09 2.8538715e+08 2.4206782e+08 1.7416236e-26 1.582902e-26 1.5611232e-34
6.3079901e+08 3.6505375e+18 5.5455968e+09 2.8511256e+08 2.4181959e+08 1.7363199e-26 1.5782316e-26 1.5531843e-34
6.3145729e+08 3.654188e+18 5.5455926e+09 2.8483823e+08 2.4157163e+08 1.7310325e-26 1.5735749e-26 1.5452859e-34
6.3211622e+08 3.6578422e+18 5.5455885e+09 2.8456415e+08 2.4132392e+08 1.7257612e-26 1.5689319e-26 1.5374278e-34
6.3277582e+08 3.6615001e+18 5.5455844e+09 2.8429033e+08 2.4107648e+08 1.720506e-26 1.5643025e-26 1.5296098e-34
6.3343607e+08 3.6651616e+18 5.5455803e+09 2.8401676e+08 2.4082929e+08 1.715267e-26 1.5596867e-26 1.5218318e-34
6.3409699e+08 3.6688267e+18 5.5455762e+09 2.8374344e+08 2.4058237e+08 1.7100439e-26 1.5550845e-26 1.5140934e-34
6.3475857e+08 3.6724955e+18 5.5455721e+09 2.8347037e+08 2.4033571e+08 1.7048369e-26 1.5504957e-26 1.5063945e-34
6.3542081e+08 3.676168e+18 5.545568e+09 2.8319756e+08 2.400893e+08 1.6996458e-26 1.5459204e-26 1.4987349e-34
6.3608371e+08 3.6798442e+18 5.5455639e+09 2.8292501e+08 2.3984316e+08 1.6944706e-26 1.5413586e-26 1.4911144e-34
6.3674727e+08 3.6835241e+18 5.5455599e+09 2.826527e+08 2.3959728e+08 1.6893112e-26 1.5368102e-26 1.4835328e-34
6.374115e+08 3.6872076e+18 5.5455558e+09 2.8238065e+08 2.3935165e+08 1.6841677e-26 1.5322751e-26 1.4759899e-34
6.380764e+08 3.6908948e+18 5.5455518e+09 2.8210884e+08 2.3910628e+08 1.6790398e-26 1.5277533e-26 1.4684855e-34
6.3874196e+08 3.6945857e+18 5.5455477e+09 2.818373e+08 2.3886117e+08 1.6739277e-26 1.5232448e-26 1.4610193e-34
6.3940818e+08 3.6982803e+18 5.5455437e+09 2.81566e+08 2.3861632e+08 1.6688312e-26 1.5187495e-26 1.4535913e-34
6.4007508e+08 3.7019785e+18 5.5455397e+09 2.8129495e+08 2.3837172e+08 1.6637503e-26 1.5142675e-26 1.4462012e-34
6.4074263e+08 3.7056805e+18 5.5455356e+09 2.8102416e+08 2.3812739e+08 1.658685e-26 1.5097986e-26 1.4388487e-34
6.4141086e+08 3.7093862e+18 5.5455316e+09 2.8075361e+08 2.3788331e+08 1.6536351e-26 1.5053428e-26 1.4315338e-34
6.4207976e+08 3.7130956e+18 5.5455276e+09 2.8048332e+08 2.3763949e+08 1.6486007e-26 1.5009001e-26 1.4242562e-34
6.4274932e+08 3.7168087e+18 5.5455236e+09 2.8021328e+08 2.3739592e+08 1.6435818e-26 1.4964704e-26 1.4170158e-34
6.4341956e+08 3.7205255e+18 5.5455197e+09 2.7994349e+08 2.3715261e+08 1.6385781e-26 1.4920538e-26 1.4098123e-34
6.4409047e+08 3.724246e+18 5.5455157e+09 2.7967395e+08 2.3690955e+08 1.6335898e-26 1.4876501e-26 1.4026455e-34
6.4476205e+08 3.7279703e+18 5.5455117e+09 2.7940466e+08 2.3666675e+08 1.6286168e-26 1.4832594e-26 1.3955153e-34
6.454343e+08 3.7316982e+18 5.5455077e+09 2.7913562e+08 2.3642421e+08 1.623659e-26 1.4788815e-26 1.3884215e-34
6.4610722e+08 3.7354299e+18 5.5455038e+09 2.7886682e+08 2.3618192e+08 1.6187163e-26 1.4745165e-26 1.3813639e-34
6.4678081e+08 3.7391654e+18 5.5454998e+09 2.7859828e+08 2.3593989e+08 1.6137888e-26 1.4701644e-26 1.3743422e-34
6.4745508e+08 3.7429045e+18 5.5454959e+09 2.7832999e+08 2.3569811e+08 1.6088763e-26 1.465825e-26 1.3673564e-34
6.4813003e+08 3.7466474e+18 5.545492e+09 2.7806195e+08 2.3545658e+08 1.6039789e-26 1.4614983e-26 1.3604063e-34
6.4880565e+08 3.7503941e+18 5.545488e+09 2.7779415e+08 2.3521531e+08 1.5990965e-26 1.4571844e-26 1.3534915e-34
6.4948195e+08 3.7541445e+18 5.5454841e+09 2.775266e+08 2.349743e+08 1.594229e-26 1.4528831e-26 1.3466121e-34
6.5015892e+08 3.7578986e+18 5.5454802e+09 2.7725931e+08 2.3473353e+08 1.5893764e-26 1.4485945e-26 1.3397678e-34
6.5083657e+08 3.7616565e+18 5.5454763e+09 2.7699226e+08 2.3449302e+08 1.5845386e-26 1.4443185e-26 1.3329583e-34
6.515149e+08 3.7654182e+18 5.5454724e+09 2.7672545e+08 2.3425276e+08 1.5797157e-26 1.440055e-26 1.3261836e-34
6.5219391e+08 3.7691836e+18 5.5454686e+09 2.764589e+08 2.3401276e+08 1.5749075e-26 1.435804e-26 1.3194435e-34
6.5287359e+08 3.7729528e+18 5.5454647e+09 2.7619259e+08 2.33773e+08 1.570114e-26 1.4315656e-26 1.3127377e-34
6.5355396e+08 3.7767257e+18 5.5454608e+09 2.7592653e+08 2.335335e+08 1.5653351e-26 1.4273396e-26 1.3060661e-34
6.5423501e+08 3.7805025e+18 5.5454569e+09 2.7566072e+08 2.3329425e+08 1.5605709e-26 1.423126e-26 1.2994286e-34
6.5491674e+08 3.784283e+18 5.5454531e+09 2.7539515e+08 2.3305525e+08 1.5558213e-26 1.4189247e-26 1.2928249e-34
6.5559915e+08 3.7880672e+18 5.5454492e+09 2.7512983e+08 2.3281651e+08 1.5510862e-26 1.4147359e-26 1.2862549e-34
6.5628225e+08 3.7918553e+18 5.5454454e+09 2.7486476e+08 2.3257801e+08 1.5463656e-26 1.4105593e-26 1.2797184e-34
6.5696602e+08 3.7956472e+18 5.5454416e+09 2.7459994e+08 2.3233976e+08 1.5416594e-26 1.406395e-26 1.2732153e-34
6.5765049e+08 3.7994428e+18 5.5454378e+09 2.7433536e+08 2.3210177e+08 1.5369676e-26 1.4022429e-26 1.2667453e-34
6.5833563e+08 3.8032423e+18 5.5454339e+09 2.7407102e+08 2.3186402e+08 1.5322902e-26 1.398103e-26 1.2603083e-34
6.5902147e+08 3.8070455e+18 5.5454301e+09 2.7380693e+08 2.3162653e+08 1.5276271e-26 1.3939753e-26 1.2539041e-34
6.5970799e+08 3.8108525e+18 5.5454263e+09 2.7354309e+08 2.3138928e+08 1.5229782e-26 1.3898597e-26 1.2475326e-34
6.6039519e+08 3.8146634e+18 5.5454225e+09 2.7327949e+08 2.3115228e+08 1.5183436e-26 1.3857562e-26 1.2411935e-34
6.6108309e+08 3.8184781e+18 5.5454188e+09 2.7301614e+08 2.3091554e+08 1.5137231e-26 1.3816648e-26 1.2348868e-34
6.6177167e+08 3.8222965e+18 5.545415e+09 2.7275303e+08 2.3067904e+08 1.5091168e-26 1.3775854e-26 1.2286123e-34
6.6246094e+08 3.8261188e+18 5.5454112e+09 2.7249016e+08 2.3044279e+08 1.5045246e-26 1.373518e-26 1.2223697e-34
6.631509e+08 3.829945e+18 5.5454074e+09 2.7222754e+08 2.3020678e+08 1.4999464e-26 1.3694625e-26 1.216159e-34
6.6384155e+08 3.8337749e+18 5.5454037e+09 2.7196517e+08 2.2997103e+08 1.4953822e-26 1.3654189e-26 1.20998e-34
6.645329e+08 3.8376087e+18 5.5453999e+09 2.7170303e+08 2.2973552e+08 1.4908319e-26 1.3613872e-26 1.2038324e-34
6.6522493e+08 3.8414463e+18 5.5453962e+09 2.7144115e+08 2.2950026e+08 1.4862956e-26 1.3573674e-26 1.1977162e-34
6.6591766e+08 3.8452877e+18 5.5453925e+09 2.711795e+08 2.2926525e+08 1.4817732e-26 1.3533594e-26 1.1916312e-34
6.6661108e+08 3.849133e+18 5.5453887e+09 2.709181e+08 2.2903048e+08 1.4772645e-26 1.3493631e-26 1.1855772e-34
6.6730519e+08 3.8529822e+18 5.545385e+09 2.7065694e+08 2.2879596e+08 1.4727697e-26 1.3453786e-26 1.1795541e-34
6.68e+08 3.8568351e+18 5.5453813e+09 2.7039602e+08 2.2856169e+08 1.4682886e-26 1.3414058e-26 1.1735617e-34
6.6869551e+08 3.860692e+18 5.5453776e+09 2.7013535e+08 2.2832766e+08 1.4638212e-26 1.3374447e-26 1.1675998e-34
6.6939171e+08 3.8645527e+18 5.5453739e+09 2.6987492e+08 2.2809388e+08 1.4593675e-26 1.3334953e-26 1.1616683e-34
6.700886e+08 3.8684172e+18 5.5453702e+09 2.6961473e+08 2.2786034e+08 1.4549274e-26 1.3295574e-26 1.1557671e-34
6.707862e+08 3.8722856e+18 5.5453666e+09 2.6935479e+08 2.2762705e+08 1.4505009e-26 1.3256311e-26 1.1498959e-34
6.7148449e+08 3.8761579e+18 5.5453629e+09 2.6909508e+08 2.27394e+08 1.4460879e-26 1.3217163e-26 1.1440547e-34
6.7218348e+08 3.8800341e+18 5.5453592e+09 2.6883562e+08 2.271612e+08 1.4416884e-26 1.3178131e-26 1.1382432e-34
6.7288317e+08 3.8839141e+18 5.5453556e+09 2.685764e+08 2.2692864e+08 1.4373024e-26 1.3139213e-26 1.1324614e-34
6.7358356e+08 3.887798e+18 5.5453519e+09 2.6831742e+08 2.2669633e+08 1.4329297e-26 1.310041e-26 1.126709e-34
6.7428465e+08 3.8916858e+18 5.5453483e+09 2.6805868e+08 2.2646426e+08 1.4285705e-26 1.306172e-26 1.120986e-34
6.7498644e+08 3.8955775e+18 5.5453446e+09 2.6780018e+08 2.2623243e+08 1.4242245e-26 1.3023145e-26 1.1152921e-34
6.7568894e+08 3.8994731e+18 5.545341e+09 2.6754192e+08 2.2600085e+08 1.4198919e-26 1.2984682e-26 1.1096273e-34
6.7639214e+08 3.9033726e+18 5.5453374e+09 2.672839e+08 2.2576951e+08 1.4155725e-26 1.2946333e-26 1.1039913e-34
6.7709604e+08 3.9072759e+18 5.5453338e+09 2.6702612e+08 2.2553841e+08 1.4112663e-26 1.2908097e-26 1.0983841e-34
6.7780064e+08 3.9111832e+18 5.5453301e+09 2.6676859e+08 2.2530755e+08 1.4069733e-26 1.2869973e-26 1.0928054e-34
6.7850596e+08 3.9150944e+18 5.5453265e+09 2.6651129e+08 2.2507694e+08 1.4026934e-26 1.2831961e-26 1.0872552e-34
6.7921197e+08 3.9190095e+18 5.545323e+09 2.6625423e+08 2.2484657e+08 1.3984265e-26 1.279406e-26 1.0817332e-34
6.799187e+08 3.9229285e+18 5.5453194e+09 2.6599741e+08 2.2461644e+08 1.3941727e-26 1.2756272e-26 1.0762394e-34
6.8062613e+08 3.9268514e+18 5.5453158e+09 2.6574083e+08 2.2438655e+08 1.389932e-26 1.2718594e-26 1.0707736e-34
6.8133427e+08 3.9307783e+18 5.5453122e+09 2.6548449e+08 2.241569e+08 1.3857042e-26 1.2681027e-26 1.0653357e-34
6.8204311e+08 3.934709e+18 5.5453086e+09 2.6522839e+08 2.239275e+08 1.3814893e-26 1.264357e-26 1.0599254e-34
6.8275267e+08 3.9386438e+18 5.5453051e+09 2.6497252e+08 2.2369833e+08 1.3772873e-26 1.2606224e-26 1.0545428e-34
6.8346294e+08 3.9425824e+18 5.5453015e+09 2.647169e+08 2.2346941e+08 1.3730981e-26 1.2568987e-26 1.0491875e-34
6.8417391e+08 3.946525e+18 5.545298e+09 2.6446151e+08 2.2324072e+08 1.3689217e-26 1.253186e-26 1.0438596e-34
6.848856e+08 3.9504715e+18 5.5452945e+09 2.6420636e+08 2.2301228e+08 1.3647582e-26 1.2494842e-26 1.0385588e-34
6.85598e+08 3.954422e+18 5.5452909e+09 2.6395145e+08 2.2278407e+08 1.3606073e-26 1.2457933e-26 1.033285e-34
6.8631112e+08 3.9583764e+18 5.5452874e+09 2.6369677e+08 2.225561e+08 1.3564691e-26 1.2421132e-26 1.0280381e-34
6.8702494e+08 3.9623348e+18 5.5452839e+09 2.6344234e+08 2.2232837e+08 1.3523436e-26 1.238444e-26 1.0228179e-34
6.8773948e+08 3.9662971e+18 5.5452804e+09 2.6318814e+08 2.2210089e+08 1.3482307e-26 1.2347855e-26 1.0176243e-34
6.8845474e+08 3.9702634e+18 5.5452769e+09 2.6293417e+08 2.2187363e+08 1.3441303e-26 1.2311378e-26 1.0124572e-34
6.8917071e+08 3.9742337e+18 5.5452734e+09 2.6268045e+08 2.2164662e+08 1.3400425e-26 1.2275008e-26 1.0073164e-34
6.898874e+08 3.9782079e+18 5.5452699e+09 2.6242696e+08 2.2141985e+08 1.3359672e-26 1.2238745e-26 1.0022018e-34
6.9060481e+08 3.9821861e+18 5.5452664e+09 2.621737e+08 2.2119331e+08 1.3319043e-26 1.2202589e-26 9.971132e-35
6.9132293e+08 3.9861683e+18 5.5452629e+09 2.6192068e+08 2.2096701e+08 1.3278538e-26 1.2166539e-26 9.9205058e-35
6.9204177e+08 3.9901545e+18 5.5452595e+09 2.616679e+08 2.2074095e+08 1.3238158e-26 1.2130595e-26 9.8701375e-35
6.9276133e+08 3.9941446e+18 5.545256e+09 2.6141536e+08 2.2051512e+08 1.31979e-26 1.2094757e-26 9.8200258e-35
6.9348161e+08 3.9981388e+18 5.5452526e+09 2.6116304e+08 2.2028953e+08 1.3157766e-26 1.2059024e-26 9.7701693e-35
6.9420262e+08 4.0021369e+18 5.5452491e+09 2.6091097e+08 2.2006418e+08 1.3117754e-26 1.2023397e-26 9.7205669e-35
6.9492434e+08 4.006139e+18 5.5452457e+09 2.6065913e+08 2.1983907e+08 1.3077865e-26 1.1987874e-26 9.6712172e-35
6.9564679e+08 4.0101452e+18 5.5452422e+09 2.6040752e+08 2.1961419e+08 1.3038097e-26 1.1952455e-26 9.6221188e-35
6.9636995e+08 4.0141553e+18 5.5452388e+09 2.6015615e+08 2.1938954e+08 1.2998451e-26 1.1917141e-26 9.5732705e-35
6.9709385e+08 4.0181695e+18 5.5452354e+09 2.5990501e+08 2.1916513e+08 1.2958926e-26 1.1881931e-26 9.5246711e-35
6.9781846e+08 4.0221877e+18 5.545232e+09 2.5965411e+08 2.1894096e+08 1.2919522e-26 1.1846824e-26 9.4763192e-35
6.985438e+08 4.0262098e+18 5.5452286e+09 2.5940344e+08 2.1871702e+08 1.2880238e-26 1.181182e-26 9.4282136e-35
6.9926987e+08 4.0302361e+18 5.5452252e+09 2.59153e+08 2.1849331e+08 1.2841075e-26 1.1776919e-26 9.3803531e-35
6.9999667e+08 4.0342663e+18 5.5452218e+09 2.589028e+08 2.1826984e+08 1.2802031e-26 1.1742121e-26 9.3327363e-35
7.0072419e+08 4.0383006e+18 5.5452184e+09 2.5865283e+08 2.180466e+08 1.2763106e-26 1.1707426e-26 9.285362e-35
7.0145244e+08 4.0423389e+18 5.545215e+09 2.584031e+08 2.178236e+08 1.27243e-26 1.1672832e-26 9.2382291e-35
7.0218141e+08 4.0463812e+18 5.5452116e+09 2.581536e+08 2.1760083e+08 1.2685613e-26 1.163834e-26 9.1913362e-35
7.0291112e+08 4.0504276e+18 5.5452083e+09 2.5790433e+08 2.173783e+08 1.2647044e-26 1.160395e-26 9.1446821e-35
7.0364156e+08 4.054478e+18 5.5452049e+09 2.5765529e+08 2.1715599e+08 1.2608593e-26 1.156966e-26 9.0982656e-35
7.0437273e+08 4.0585325e+18 5.5452016e+09 2.5740649e+08 2.1693392e+08 1.2570259e-26 1.1535472e-26 9.0520855e-35
7.0510463e+08 4.062591e+18 5.5451982e+09 2.5715791e+08 2.1671209e+08 1.2532042e-26 1.1501384e-26 9.0061406e-35
7.0583726e+08 4.0666536e+18 5.5451949e+09 2.5690957e+08 2.1649048e+08 1.2493942e-26 1.1467397e-26 8.9604297e-35
7.0657062e+08 4.0707203e+18 5.5451916e+09 2.5666147e+08 2.1626911e+08 1.2455959e-26 1.1433509e-26 8.9149516e-35
7.0730472e+08 4.074791e+18 5.5451882e+09 2.5641359e+08 2.1604797e+08 1.2418091e-26 1.1399721e-26 8.8697051e-35
7.0803956e+08 4.0788658e+18 5.5451849e+09 2.5616594e+08 2.1582705e+08 1.2380339e-26 1.1366033e-26 8.8246889e-35
7.0877513e+08 4.0829446e+18 5.5451816e+09 2.5591853e+08 2.1560638e+08 1.2342703e-26 1.1332443e-26 8.779902e-35
7.0951143e+08 4.0870276e+18 5.5451783e+09 2.5567135e+08 2.1538593e+08 1.2305181e-26 1.1298953e-26 8.7353432e-35
7.1024847e+08 4.0911146e+18 5.545175e+09 2.5542439e+08 2.1516571e+08 1.2267774e-26 1.126556e-26 8.6910113e-35
7.1098625e+08 4.0952057e+18 5.5451717e+09 2.5517767e+08 2.1494572e+08 1.2230482e-26 1.1232267e-26 8.6469051e-35
7.1172477e+08 4.0993009e+18 5.5451684e+09 2.5493118e+08 2.1472597e+08 1.2193303e-26 1.1199071e-26 8.6030235e-35
7.1246403e+08 4.1034002e+18 5.5451651e+09 2.5468492e+08 2.1450644e+08 1.2156238e-26 1.1165973e-26 8.5593653e-35
7.1320402e+08 4.1075036e+18 5.5451619e+09 2.5443889e+08 2.1428714e+08 1.2119286e-26 1.1132972e-26 8.5159294e-35
7.1394476e+08 4.1116111e+18 5.5451586e+09 2.5419308e+08 2.1406808e+08 1.2082447e-26 1.1100068e-26 8.4727146e-35
7.1468624e+08 4.1157227e+18 5.5451553e+09 2.5394751e+08 2.1384924e+08 1.204572e-26 1.1067261e-26 8.4297199e-35
7.1542846e+08 4.1198385e+18 5.5451521e+09 2.5370217e+08 2.1363063e+08 1.2009105e-26 1.1034551e-26 8.3869441e-35
7.1617142e+08 4.1239583e+18 5.5451488e+09 2.5345705e+08 2.1341225e+08 1.1972603e-26 1.1001937e-26 8.3443861e-35
7.1691512e+08 4.1280823e+18 5.5451456e+09 2.5321217e+08 2.131941e+08 1.1936212e-26 1.0969418e-26 8.3020447e-35
7.1765957e+08 4.1322103e+18 5.5451424e+09 2.5296751e+08 2.1297617e+08 1.1899932e-26 1.0936996e-26 8.2599189e-35
7.1840477e+08 4.1363426e+18 5.5451391e+09 2.5272309e+08 2.1275848e+08 1.1863762e-26 1.0904669e-26 8.2180075e-35
7.1915071e+08 4.1404789e+18 5.5451359e+09 2.5247889e+08 2.1254101e+08 1.1827704e-26 1.0872437e-26 8.1763096e-35
7.1989739e+08 4.1446194e+18 5.5451327e+09 2.5223492e+08 2.1232377e+08 1.1791755e-26 1.08403e-26 8.1348239e-35
7.2064483e+08 4.148764e+18 5.5451295e+09 2.5199117e+08 2.1210676e+08 1.1755916e-26 1.0808257e-26 8.0935493e-35
7.2139301e+08 4.1529128e+18 5.5451263e+09 2.5174766e+08 2.1188997e+08 1.1720187e-26 1.0776309e-26 8.0524849e-35
7.2214194e+08 4.1570657e+18 5.5451231e+09 2.5150437e+08 2.1167341e+08 1.1684566e-26 1.0744455e-26 8.0116295e-35
7.2289162e+08 4.1612227e+18 5.5451199e+09 2.5126131e+08 2.1145708e+08 1.1649055e-26 1.0712694e-26 7.9709821e-35
7.2364205e+08 4.165384e+18 5.5451167e+09 2.5101848e+08 2.1124097e+08 1.1613652e-26 1.0681027e-26 7.9305416e-35
7.2439323e+08 4.1695493e+18 5.5451135e+09 2.5077587e+08 2.1102509e+08 1.1578357e-26 1.0649453e-26 7.890307e-35
7.2514516e+08 4.1737189e+18 5.5451104e+09 2.5053349e+08 2.1080943e+08 1.1543169e-26 1.0617972e-26 7.8502771e-35
7.2589785e+08 4.1778926e+18 5.5451072e+09 2.5029134e+08 2.1059401e+08 1.150809e-26 1.0586584e-26 7.810451e-35
7.2665128e+08 4.1820705e+18 5.5451041e+09 2.5004941e+08 2.103788e+08 1.1473117e-26 1.0555288e-26 7.7708276e-35
7.2740548e+08 4.1862526e+18 5.5451009e+09 2.4980771e+08 2.1016382e+08 1.1438251e-26 1.0524084e-26 7.7314058e-35
7.2816042e+08 4.1904388e+18 5.5450978e+09 2.4956624e+08 2.0994907e+08 1.1403491e-26 1.0492973e-26 7.6921847e-35
7.2891612e+08 4.1946293e+18 5.5450946e+09 2.4932499e+08 2.0973454e+08 1.1368838e-26 1.0461952e-26 7.6531632e-35
7.2967258e+08 4.1988239e+18 5.5450915e+09 2.4908397e+08 2.0952023e+08 1.133429e-26 1.0431023e-26 7.6143404e-35
7.304298e+08 4.2030227e+18 5.5450884e+09 2.4884317e+08 2.0930615e+08 1.1299848e-26 1.0400185e-26 7.5757151e-35
7.3118777e+08 4.2072257e+18 5.5450852e+09 2.486026e+08 2.0909229e+08 1.1265511e-26 1.0369438e-26 7.5372863e-35
7.319465e+08 4.211433e+18 5.5450821e+09 2.4836225e+08 2.0887866e+08 1.1231279e-26 1.0338781e-26 7.4990532e-35
7.3270599e+08 4.2156444e+18 5.545079e+09 2.4812213e+08 2.0866525e+08 1.1197152e-26 1.0308214e-26 7.4610146e-35
7.3346624e+08 4.21986e+18 5.5450759e+09 2.4788223e+08 2.0845206e+08 1.1163128e-26 1.0277738e-26 7.4231696e-35
7.3422725e+08 4.2240799e+18 5.5450728e+09 2.4764256e+08 2.0823909e+08 1.1129209e-26 1.0247351e-26 7.3855171e-35
7.3498902e+08 4.228304e+18 5.5450697e+09 2.4740311e+08 2.0802635e+08 1.1095393e-26 1.0217054e-26 7.3480563e-35
7.3575155e+08 4.2325323e+18 5.5450666e+09 2.4716388e+08 2.0781383e+08 1.106168e-26 1.0186846e-26 7.3107861e-35
7.3651485e+08 4.2367648e+18 5.5450636e+09 2.4692488e+08 2.0760153e+08 1.102807e-26 1.0156726e-26 7.2737056e-35
7.3727891e+08 4.2410016e+18 5.5450605e+09 2.466861e+08 2.0738945e+08 1.0994563e-26 1.0126696e-26 7.2368137e-35
7.3804374e+08 4.2452426e+18 5.5450574e+09 2.4644755e+08 2.071776e+08 1.0961158e-26 1.0096753e-26 7.2001096e-35
7.3880933e+08 4.2494878e+18 5.5450544e+09 2.4620922e+08 2.0696596e+08 1.0927855e-26 1.0066899e-26 7.1635922e-35
7.3957568e+08 4.2537373e+18 5.5450513e+09 2.4597111e+08 2.0675455e+08 1.0894653e-26 1.0037133e-26 7.1272606e-35
7.4034281e+08 4.2579911e+18 5.5450483e+09 2.4573323e+08 2.0654336e+08 1.0861553e-26 1.0007455e-26 7.0911138e-35
7.411107e+08 4.262249e+18 5.5450452e+09 2.4549556e+08 2.0633239e+08 1.0828554e-26 9.9778636e-27 7.055151e-35
7.4187936e+08 4.2665113e+18 5.5450422e+09 2.4525812e+08 2.0612164e+08 1.0795656e-26 9.9483595e-27 7.0193712e-35
7.4264878e+08 4.2707778e+18 5.5450392e+09 2.4502091e+08 2.0591111e+08 1.0762858e-26 9.9189424e-27 6.9837734e-35
7.4341898e+08 4.2750486e+18 5.5450362e+09 2.4478391e+08 2.057008e+08 1.073016e-26 9.8896118e-27 6.9483567e-35
7.4418995e+08 4.2793236e+18 5.5450331e+09 2.4454714e+08 2.0549071e+08 1.0697562e-26 9.8603676e-27 6.9131202e-35
7.4496169e+08 4.283603e+18 5.5450301e+09 2.4431059e+08 2.0528083e+08 1.0665064e-26 9.8312095e-27 6.8780629e-35
7.457342e+08 4.2878866e+18 5.5450271e+09 2.4407426e+08 2.0507118e+08 1.0632664e-26 9.8021373e-27 6.843184e-35
7.4650749e+08 4.2921744e+18 5.5450241e+09 2.4383815e+08 2.0486175e+08 1.0600364e-26 9.7731506e-27 6.8084826e-35
7.4728155e+08 4.2964666e+18 5.5450211e+09 2.4360226e+08 2.0465253e+08 1.0568162e-26 9.7442494e-27 6.7739576e-35
7.4805638e+08 4.3007631e+18 5.5450181e+09 2.4336659e+08 2.0444354e+08 1.0536058e-26 9.7154332e-27 6.7396083e-35
7.4883199e+08 4.3050639e+18 5.5450152e+09 2.4313115e+08 2.0423476e+08 1.0504053e-26 9.6867018e-27 6.7054338e-35
7.4960837e+08 4.3093689e+18 5.5450122e+09 2.4289592e+08 2.040262e+08 1.0472145e-26 9.6580551e-27 6.671433e-35
7.5038553e+08 4.3136783e+18 5.5450092e+09 2.4266091e+08 2.0381786e+08 1.0440334e-26 9.6294927e-27 6.6376053e-35
7.5116347e+08 4.317992e+18 5.5450063e+09 2.4242613e+08 2.0360973e+08 1.0408621e-26 9.6010145e-27 6.6039496e-35
7.5194219e+08 4.32231e+18 5.5450033e+09 2.4219156e+08 2.0340182e+08 1.0377004e-26 9.5726201e-27 6.5704651e-35
7.5272169e+08 4.3266323e+18 5.5450004e+09 2.4195722e+08 2.0319413e+08 1.0345484e-26 9.5443093e-27 6.5371509e-35
7.5350196e+08 4.3309589e+18 5.5449974e+09 2.4172309e+08 2.0298666e+08 1.031406e-26 9.5160819e-27 6.5040061e-35
7.5428302e+08 4.3352899e+18 5.5449945e+09 2.4148919e+08 2.027794e+08 1.0282731e-26 9.4879376e-27 6.47103e-35
7.5506486e+08 4.3396251e+18 5.5449915e+09 2.412555e+08 2.0257236e+08 1.0251499e-26 9.4598762e-27 6.4382216e-35
7.5584748e+08 4.3439648e+18 5.5449886e+09 2.4102203e+08 2.0236554e+08 1.0220361e-26 9.4318974e-27 6.40558e-35
7.5663088e+08 4.3483087e+18 5.5449857e+09 2.4078878e+08 2.0215893e+08 1.0189319e-26 9.4040011e-27 6.3731044e-35
7.5741507e+08 4.352657e+18 5.5449828e+09 2.4055575e+08 2.0195253e+08 1.0158371e-26 9.3761869e-27 6.3407941e-35
7.5820004e+08 4.3570097e+18 5.5449799e+09 2.4032294e+08 2.0174636e+08 1.0127518e-26 9.3484546e-27 6.308648e-35
7.589858e+08 4.3613667e+18 5.544977e+09 2.4009034e+08 2.0154039e+08 1.0096759e-26 9.320804e-27 6.2766654e-35
7.5977234e+08 4.3657281e+18 5.5449741e+09 2.3985797e+08 2.0133465e+08 1.0066094e-26 9.2932349e-27 6.2448455e-35
7.6055968e+08 4.3700938e+18 5.5449712e+09 2.3962581e+08 2.0112911e+08 1.0035522e-26 9.2657469e-27 6.2131874e-35
7.6134779e+08 4.3744639e+18 5.5449683e+09 2.3939387e+08 2.0092379e+08 1.0005044e-26 9.2383399e-27 6.1816903e-35
7.621367e+08 4.3788384e+18 5.5449654e+09 2.3916214e+08 2.0071869e+08 9.9746583e-27 9.2110136e-27 6.1503534e-35
7.629264e+08 4.3832172e+18 5.5449625e+09 2.3893064e+08 2.005138e+08 9.9443656e-27 9.1837679e-27 6.1191758e-35
7.6371688e+08 4.3876004e+18 5.5449597e+09 2.3869935e+08 2.0030912e+08 9.9141652e-27 9.1566023e-27 6.0881567e-35
7.6450816e+08 4.391988e+18 5.5449568e+09 2.3846828e+08 2.0010466e+08 9.884057e-27 9.1295168e-27 6.0572954e-35
7.6530023e+08 4.39638e+18 5.5449539e+09 2.3823742e+08 1.9990041e+08 9.8540407e-27 9.1025111e-27 6.0265911e-35
7.6609309e+08 4.4007764e+18 5.5449511e+09 2.3800678e+08 1.9969637e+08 9.8241159e-27 9.0755849e-27 5.9960428e-35
7.6688675e+08 4.4051772e+18 5.5449482e+09 2.3777636e+08 1.9949255e+08 9.7942824e-27 9.0487381e-27 5.9656499e-35
7.6768119e+08 4.4095823e+18 5.5449454e+09 2.3754615e+08 1.9928894e+08 9.7645399e-27 9.0219703e-27 5.9354115e-35
7.6847644e+08 4.4139919e+18 5.5449426e+09 2.3731616e+08 1.9908554e+08 9.7348881e-27 8.9952814e-27 5.9053269e-35
7.6927248e+08 4.4184059e+18 5.5449397e+09 2.3708639e+08 1.9888235e+08 9.7053268e-27 8.9686711e-27 5.8753952e-35
7.7006931e+08 4.4228243e+18 5.5449369e+09 2.3685683e+08 1.9867937e+08 9.6758556e-27 8.9421392e-27 5.8456157e-35
7.7086695e+08 4.4272471e+18 5.5449341e+09 2.3662749e+08 1.9847661e+08 9.6464743e-27 8.9156855e-27 5.8159876e-35
7.7166538e+08 4.4316744e+18 5.5449313e+09 2.3639836e+08 1.9827406e+08 9.6171827e-27 8.8893097e-27 5.7865102e-35
7.7246461e+08 4.4361061e+18 5.5449285e+09 2.3616944e+08 1.9807172e+08 9.5879804e-27 8.8630116e-27 5.7571826e-35
7.7326464e+08 4.4405422e+18 5.5449257e+09 2.3594074e+08 1.9786959e+08 9.5588671e-27 8.836791e-27 5.7280042e-35
7.7406547e+08 4.4449827e+18 5.5449229e+09 2.3571226e+08 1.9766767e+08 9.5298426e-27 8.8106476e-27 5.698974e-35
7.748671e+08 4.4494277e+18 5.5449201e+09 2.3548399e+08 1.9746596e+08 9.5009067e-27 8.7845813e-27 5.6700915e-35
7.7566953e+08 4.4538771e+18 5.5449173e+09 2.3525593e+08 1.9726446e+08 9.472059e-27 8.7585917e-27 5.6413557e-35
7.7647277e+08 4.458331e+18 5.5449145e+09 2.3502809e+08 1.9706317e+08 9.4432993e-27 8.7326788e-27 5.6127661e-35
7.7727681e+08 4.4627893e+18 5.5449117e+09 2.3480047e+08 1.968621e+08 9.4146273e-27 8.7068422e-27 5.5843218e-35
7.7808165e+08 4.4672521e+18 5.544909e+09 2.3457305e+08 1.9666123e+08 9.3860427e-27 8.6810817e-27 5.5560221e-35
7.788873e+08 4.4717194e+18 5.5449062e+09 2.3434585e+08 1.9646057e+08 9.3575453e-27 8.6553971e-27 5.5278662e-35
7.7969375e+08 4.4761911e+18 5.5449034e+09 2.3411886e+08 1.9626012e+08 9.3291348e-27 8.6297882e-27 5.4998535e-35
7.8050102e+08 4.4806673e+18 5.5449007e+09 2.3389209e+08 1.9605988e+08 9.300811e-27 8.6042547e-27 5.4719832e-35
7.8130909e+08 4.485148e+18 5.5448979e+09 2.3366553e+08 1.9585984e+08 9.2725735e-27 8.5787965e-27 5.4442545e-35
7.8211796e+08 4.4896331e+18 5.5448952e+09 2.3343918e+08 1.9566002e+08 9.2444221e-27 8.5534133e-27 5.4166668e-35
7.8292765e+08 4.4941227e+18 5.5448925e+09 2.3321305e+08 1.954604e+08 9.2163566e-27 8.5281049e-27 5.3892193e-35
7.8373815e+08 4.4986169e+18 5.5448897e+09 2.3298712e+08 1.9526099e+08 9.1883766e-27 8.5028711e-27 5.3619113e-35
7.8454946e+08 4.5031155e+18 5.544887e+09 2.3276141e+08 1.9506179e+08 9.160482e-27 8.4777117e-27 5.3347421e-35
7.8536158e+08 4.5076186e+18 5.5448843e+09 2.3253591e+08 1.948628e+08 9.1326724e-27 8.4526264e-27 5.307711e-35
7.8617451e+08 4.5121262e+18 5.5448816e+09 2.3231062e+08 1.9466402e+08 9.1049476e-27 8.427615e-27 5.2808173e-35
7.8698826e+08 4.5166383e+18 5.5448789e+09 2.3208555e+08 1.9446544e+08 9.0773074e-27 8.4026773e-27 5.2540602e-35
7.8780282e+08 4.521155e+18 5.5448762e+09 2.3186068e+08 1.9426707e+08 9.0497514e-27 8.3778131e-27 5.2274392e-35
7.8861819e+08 4.5256761e+18 5.5448735e+09 2.3163603e+08 1.940689e+08 9.0222795e-27 8.3530222e-27 5.2009534e-35
7.8943438e+08 4.5302018e+18 5.5448708e+09 2.3141159e+08 1.9387094e+08 8.9948913e-27 8.3283043e-27 5.1746023e-35
7.9025139e+08 4.534732e+18 5.5448681e+09 2.3118736e+08 1.9367319e+08 8.9675866e-27 8.3036593e-27 5.1483851e-35
7.9106922e+08 4.5392667e+18 5.5448654e+09 2.3096334e+08 1.9347565e+08 8.9403651e-27 8.279087e-27 5.1223011e-35
7.9188786e+08 4.543806e+18 5.5448627e+09 2.3073953e+08 1.9327831e+08 8.9132266e-27 8.254587e-27 5.0963496e-35
7.9270732e+08 4.5483498e+18 5.5448601e+09 2.3051593e+08 1.9308117e+08 8.8861709e-27 8.2301593e-27 5.0705301e-35
7.9352761e+08 4.5528982e+18 5.5448574e+09 2.3029254e+08 1.9288424e+08 8.8591977e-27 8.2058035e-27 5.0448417e-35
7.9434871e+08 4.5574511e+18 5.5448547e+09 2.3006936e+08 1.9268752e+08 8.8323067e-27 8.1815196e-27 5.0192839e-35
7.9517063e+08 4.5620085e+18 5.5448521e+09 2.2984639e+08 1.92491e+08 8.8054976e-27 8.1573072e-27 4.9938559e-35
7.9599338e+08 4.5665705e+18 5.5448494e+09 2.2962363e+08 1.9229468e+08 8.7787703e-27 8.1331662e-27 4.9685572e-35
7.9681695e+08 4.5711371e+18 5.5448468e+09 2.2940108e+08 1.9209857e+08 8.7521245e-27 8.1090964e-27 4.943387e-35
7.9764134e+08 4.5757082e+18 5.5448441e+09 2.2917874e+08 1.9190267e+08 8.7255599e-27 8.0850975e-27 4.9183447e-35
7.9846656e+08 4.5802839e+18 5.5448415e+09 2.289566e+08 1.9170697e+08 8.6990763e-27 8.0611693e-27 4.8934297e-35
7.9929261e+08 4.5848642e+18 5.5448389e+09 2.2873468e+08 1.9151147e+08 8.6726734e-27 8.0373117e-27 4.8686412e-35
8.0011948e+08 4.5894491e+18 5.5448363e+09 2.2851297e+08 1.9131617e+08 8.646351e-27 8.0135244e-27 4.8439787e-35
8.0094717e+08 4.5940385e+18 5.5448336e+09 2.2829146e+08 1.9112108e+08 8.6201088e-27 7.9898072e-27 4.8194415e-35
8.017757e+08 4.5986326e+18 5.544831e+09 2.2807016e+08 1.9092619e+08 8.5939466e-27 7.9661599e-27 4.795029e-35
8.0260505e+08 4.6032312e+18 5.5448284e+09 2.2784907e+08 1.9073151e+08 8.5678642e-27 7.9425823e-27 4.7707405e-35
8.0343524e+08 4.6078344e+18 5.5448258e+09 2.2762819e+08 1.9053703e+08 8.5418612e-27 7.9190743e-27 4.7465753e-35
8.0426625e+08 4.6124423e+18 5.5448232e+09 2.2740751e+08 1.9034275e+08 8.5159376e-27 7.8956355e-27 4.722533e-35
8.050981e+08 4.6170547e+18 5.5448206e+09 2.2718705e+08 1.9014867e+08 8.4900929e-27 7.8722659e-27 4.6986128e-35
8.0593078e+08 4.6216718e+18 5.544818e+09 2.2696679e+08 1.8995479e+08 8.464327e-27 7.8489651e-27 4.6748142e-35
8.0676429e+08 4.6262934e+18 5.5448155e+09 2.2674673e+08 1.8976112e+08 8.4386396e-27 7.825733e-27 4.6511364e-35
8.0759864e+08 4.6309197e+18 5.5448129e+09 2.2652689e+08 1.8956764e+08 8.4130305e-27 7.8025695e-27 4.6275789e-35
8.0843382e+08 4.6355507e+18 5.5448103e+09 2.2630725e+08 1.8937437e+08 8.3874995e-27 7.7794742e-27 4.6041411e-35
8.0926983e+08 4.6401862e+18 5.5448077e+09 2.2608782e+08 1.891813e+08 8.3620463e-27 7.756447e-27 4.5808223e-35
8.1010669e+08 4.6448264e+18 5.5448052e+09 2.2586859e+08 1.8898843e+08 8.3366706e-27 7.7334877e-27 4.5576221e-35
8.1094438e+08 4.6494712e+18 5.5448026e+09 2.2564957e+08 1.8879576e+08 8.3113723e-27 7.7105961e-27 4.5345396e-35
8.117829e+08 4.6541207e+18 5.5448001e+09 2.2543076e+08 1.886033e+08 8.2861511e-27 7.687772e-27 4.5115744e-35
8.1262227e+08 4.6587748e+18 5.5447975e+09 2.2521215e+08 1.8841103e+08 8.2610067e-27 7.6650152e-27 4.4887259e-35
8.1346248e+08 4.6634336e+18 5.544795e+09 2.2499375e+08 1.8821896e+08 8.235939e-27 7.6423254e-27 4.4659934e-35
8.1430352e+08 4.668097e+18 5.5447924e+09 2.2477556e+08 1.8802709e+08 8.2109476e-27 7.6197026e-27 4.4433764e-35
8.1514541e+08 4.6727651e+18 5.5447899e+09 2.2455757e+08 1.8783542e+08 8.1860324e-27 7.5971465e-27 4.4208743e-35
8.1598814e+08 4.6774379e+18 5.5447874e+09 2.2433978e+08 1.8764396e+08 8.1611932e-27 7.5746569e-27 4.3984864e-35
8.1683172e+08 4.6821153e+18 5.5447849e+09 2.241222e+08 1.8745269e+08 8.1364296e-27 7.5522336e-27 4.3762123e-35
8.1767614e+08 4.6867974e+18 5.5447823e+09 2.2390482e+08 1.8726161e+08 8.1117415e-27 7.5298765e-27 4.3540513e-35
8.185214e+08 4.6914842e+18 5.5447798e+09 2.2368765e+08 1.8707074e+08 8.0871286e-27 7.5075852e-27 4.3320028e-35
8.1936751e+08 4.6961757e+18 5.5447773e+09 2.2347069e+08 1.8688007e+08 8.0625907e-27 7.4853597e-27 4.3100664e-35
8.2021446e+08 4.7008719e+18 5.5447748e+09 2.2325393e+08 1.8668959e+08 8.0381276e-27 7.4631997e-27 4.2882413e-35
8.2106226e+08 4.7055728e+18 5.5447723e+09 2.2303737e+08 1.8649932e+08 8.013739e-27 7.4411051e-27 4.2665271e-35
8.2191091e+08 4.7102783e+18 5.5447698e+09 2.2282101e+08 1.8630924e+08 7.9894247e-27 7.4190757e-27 4.2449232e-35
8.2276041e+08 4.7149886e+18 5.5447674e+09 2.2260486e+08 1.8611936e+08 7.9651845e-27 7.3971112e-27 4.2234289e-35
8.2361076e+08 4.7197036e+18 5.5447649e+09 2.2238892e+08 1.8592967e+08 7.9410181e-27 7.3752114e-27 4.2020439e-35
8.2446196e+08 4.7244233e+18 5.5447624e+09 2.2217317e+08 1.8574019e+08 7.9169254e-27 7.3533763e-27 4.1807674e-35
8.2531401e+08 4.7291477e+18 5.5447599e+09 2.2195763e+08 1.855509e+08 7.8929061e-27 7.3316056e-27 4.159599e-35
8.2616692e+08 4.7338769e+18 5.5447575e+09 2.217423e+08 1.853618e+08 7.86896e-27 7.309899e-27 4.1385381e-35
8.2702067e+08 4.7386108e+18 5.544755e+09 2.2152716e+08 1.8517291e+08 7.8450868e-27 7.2882565e-27 4.1175841e-35
8.2787529e+08 4.7433494e+18 5.5447525e+09 2.2131223e+08 1.8498421e+08 7.8212863e-27 7.2666778e-27 4.0967365e-35
8.2873075e+08 4.7480927e+18 5.5447501e+09 2.210975e+08 1.847957e+08 7.7975584e-27 7.2451628e-27 4.0759948e-35
8.2958707e+08 4.7528408e+18 5.5447476e+09 2.2088297e+08 1.8460739e+08 7.7739027e-27 7.2237112e-27 4.0553584e-35
8.3044425e+08 4.7575936e+18 5.5447452e+09 2.2066865e+08 1.8441928e+08 7.7503191e-27 7.2023229e-27 4.0348268e-35
8.3130229e+08 4.7623512e+18 5.5447428e+09 2.2045453e+08 1.8423137e+08 7.7268074e-27 7.1809976e-27 4.0143995e-35
8.3216119e+08 4.7671136e+18 5.5447403e+09 2.202406e+08 1.8404364e+08 7.7033673e-27 7.1597353e-27 3.9940758e-35
8.3302094e+08 4.7718807e+18 5.5447379e+09 2.2002689e+08 1.8385612e+08 7.6799985e-27 7.1385357e-27 3.9738554e-35
8.3388155e+08 4.7766526e+18 5.5447355e+09 2.1981337e+08 1.8366879e+08 7.656701e-27 7.1173986e-27 3.9537376e-35
8.3474303e+08 4.7814292e+18 5.5447331e+09 2.1960005e+08 1.8348165e+08 7.6334744e-27 7.0963238e-27 3.933722e-35
8.3560537e+08 4.7862107e+18 5.5447306e+09 2.1938693e+08 1.8329471e+08 7.6103186e-27 7.0753113e-27 3.913808e-35
8.3646857e+08 4.7909969e+18 5.5447282e+09 2.1917402e+08 1.8310796e+08 7.5872333e-27 7.0543607e-27 3.893995e-35
8.3733263e+08 4.7957879e+18 5.5447258e+09 2.1896131e+08 1.8292141e+08 7.5642183e-27 7.0334719e-27 3.8742827e-35
8.3819756e+08 4.8005837e+18 5.5447234e+09 2.1874879e+08 1.8273505e+08 7.5412735e-27 7.0126447e-27 3.8546705e-35
8.3906335e+08 4.8053842e+18 5.544721e+09 2.1853648e+08 1.8254888e+08 7.5183985e-27 6.9918789e-27 3.8351578e-35
8.3993001e+08 4.8101896e+18 5.5447187e+09 2.1832437e+08 1.8236291e+08 7.4955932e-27 6.9711745e-27 3.8157442e-35
8.4079754e+08 4.8149998e+18 5.5447163e+09 2.1811245e+08 1.8217713e+08 7.4728573e-27 6.9505311e-27 3.7964291e-35
8.4166593e+08 4.8198148e+18 5.5447139e+09 2.1790074e+08 1.8199154e+08 7.4501907e-27 6.9299485e-27 3.7772121e-35
8.4253519e+08 4.8246346e+18 5.5447115e+09 2.1768922e+08 1.8180615e+08 7.4275932e-27 6.9094268e-27 3.7580927e-35
8.4340533e+08 4.8294593e+18 5.5447091e+09 2.1747791e+08 1.8162095e+08 7.4050644e-27 6.8889655e-27 3.7390703e-35
8.4427633e+08 4.8342887e+18 5.5447068e+09 2.172668e+08 1.8143594e+08 7.3826043e-27 6.8685646e-27 3.7201445e-35
8.451482e+08 4.839123e+18 5.5447044e+09 2.1705588e+08 1.8125113e+08 7.3602126e-27 6.8482239e-27 3.7013147e-35
8.4602095e+08 4.8439621e+18 5.5447021e+09 2.1684516e+08 1.810665e+08 7.3378891e-27 6.8279433e-27 3.6825805e-35
8.4689457e+08 4.8488061e+18 5.5446997e+09 2.1663464e+08 1.8088207e+08 7.3156335e-27 6.8077224e-27 3.6639414e-35
8.4776906e+08 4.8536549e+18 5.5446974e+09 2.1642432e+08 1.8069783e+08 7.2934457e-27 6.7875612e-27 3.645397e-35
8.4864443e+08 4.8585086e+18 5.544695e+09 2.162142e+08 1.8051378e+08 7.2713255e-27 6.7674595e-27 3.6269466e-35
8.4952068e+08 4.8633671e+18 5.5446927e+09 2.1600428e+08 1.8032992e+08 7.2492727e-27 6.7474171e-27 3.6085899e-35
8.503978e+08 4.8682304e+18 5.5446904e+09 2.1579455e+08 1.8014625e+08 7.227287e-27 6.7274338e-27 3.5903264e-35
8.512758e+08 4.8730987e+18 5.544688e+09 2.1558503e+08 1.7996278e+08 7.2053683e-27 6.7075095e-27 3.5721556e-35
8.5215467e+08 4.8779718e+18 5.5446857e+09 2.153757e+08 1.7977949e+08 7.1835163e-27 6.687644e-27 3.554077e-35
8.5303443e+08 4.8828497e+18 5.5446834e+09 2.1516657e+08 1.7959639e+08 7.1617309e-27 6.6678371e-27 3.5360901e-35
8.5391507e+08 4.8877326e+18 5.5446811e+09 2.1495763e+08 1.7941349e+08 7.1400118e-27 6.6480886e-27 3.5181946e-35
8.5479658e+08 4.8926203e+18 5.5446788e+09 2.1474889e+08 1.7923077e+08 7.1183588e-27 6.6283985e-27 3.5003899e-35
8.5567898e+08 4.8975129e+18 5.5446765e+09 2.1454035e+08 1.7904825e+08 7.0967718e-27 6.6087664e-27 3.4826755e-35
8.5656227e+08 4.9024105e+18 5.5446741e+09 2.1433201e+08 1.7886591e+08 7.0752504e-27 6.5891922e-27 3.465051e-35
8.5744643e+08 4.9073129e+18 5.5446719e+09 2.1412386e+08 1.7868376e+08 7.0537947e-27 6.5696758e-27 3.447516e-35
8.5833148e+08 4.9122202e+18 5.5446696e+09 2.1391591e+08 1.785018e+08 7.0324042e-27 6.550217e-27 3.43007e-35
8.5921742e+08 4.9171324e+18 5.5446673e+09 2.1370816e+08 1.7832004e+08 7.0110789e-27 6.5308156e-27 3.4127125e-35
8.6010424e+08 4.9220495e+18 5.544665e+09 2.135006e+08 1.7813845e+08 6.9898185e-27 6.5114715e-27 3.3954431e-35
8.6099195e+08 4.9269716e+18 5.5446627e+09 2.1329324e+08 1.7795706e+08 6.9686228e-27 6.4921844e-27 3.3782613e-35
8.6188055e+08 4.9318986e+18 5.5446604e+09 2.1308607e+08 1.7777586e+08 6.9474917e-27 6.4729543e-27 3.3611667e-35
8.6277003e+08 4.9368304e+18 5.5446582e+09 2.128791e+08 1.7759484e+08 6.9264249e-27 6.4537809e-27 3.3441588e-35
8.6366041e+08 4.9417673e+18 5.5446559e+09 2.1267232e+08 1.7741402e+08 6.9054223e-27 6.4346641e-27 3.3272373e-35
8.6455167e+08 4.946709e+18 5.5446537e+09 2.1246574e+08 1.7723338e+08 6.8844835e-27 6.4156038e-27 3.3104016e-35
8.6544383e+08 4.9516558e+18 5.5446514e+09 2.1225936e+08 1.7705292e+08 6.8636086e-27 6.3965996e-27 3.2936514e-35
8.6633688e+08 4.9566074e+18 5.5446491e+09 2.1205317e+08 1.7687266e+08 6.8427972e-27 6.3776516e-27 3.2769861e-35
8.6723083e+08 4.961564e+18 5.5446469e+09 2.1184717e+08 1.7669258e+08 6.8220491e-27 6.3587595e-27 3.2604054e-35
8.6812567e+08 4.9665256e+18 5.5446447e+09 2.1164137e+08 1.7651269e+08 6.8013642e-27 6.3399231e-27 3.2439089e-35
8.690214e+08 4.9714921e+18 5.5446424e+09 2.1143577e+08 1.7633298e+08 6.7807423e-27 6.3211423e-27 3.227496e-35
8.6991803e+08 4.9764636e+18 5.5446402e+09 2.1123035e+08 1.7615347e+08 6.7601831e-27 6.302417e-27 3.2111664e-35
8.7081556e+08 4.9814401e+18 5.544638e+09 2.1102513e+08 1.7597413e+08 6.7396865e-27 6.2837469e-27 3.1949197e-35
8.7171398e+08 4.9864215e+18 5.5446357e+09 2.1082011e+08 1.7579499e+08 6.7192524e-27 6.2651319e-27 3.1787553e-35
8.726133e+08 4.9914079e+18 5.5446335e+09 2.1061528e+08 1.7561603e+08 6.6988804e-27 6.2465719e-27 3.162673e-35
8.7351353e+08 4.9963993e+18 5.5446313e+09 2.1041064e+08 1.7543725e+08 6.6785704e-27 6.2280667e-27 3.1466723e-35
8.7441465e+08 5.0013957e+18 5.5446291e+09 2.102062e+08 1.7525867e+08 6.6583223e-27 6.2096161e-27 3.1307528e-35
8.7531668e+08 5.0063971e+18 5.5446269e+09 2.1000195e+08 1.7508026e+08 6.6381358e-27 6.1912199e-27 3.114914e-35
8.762196e+08 5.0114035e+18 5.5446247e+09 2.0979789e+08 1.7490204e+08 6.6180107e-27 6.172878e-27 3.0991556e-35
8.7712344e+08 5.0164149e+18 5.5446225e+09 2.0959402e+08 1.7472401e+08 6.5979469e-27 6.1545903e-27 3.0834772e-35
8.7802817e+08 5.0214313e+18 5.5446203e+09 2.0939035e+08 1.7454616e+08 6.5779442e-27 6.1363566e-27 3.0678782e-35
8.7893381e+08 5.0264528e+18 5.5446181e+09 2.0918687e+08 1.743685e+08 6.5580023e-27 6.1181767e-27 3.0523584e-35
8.7984036e+08 5.0314792e+18 5.5446159e+09 2.0898358e+08 1.7419102e+08 6.5381212e-27 6.1000504e-27 3.0369174e-35
8.8074781e+08 5.0365107e+18 5.5446137e+09 2.0878049e+08 1.7401372e+08 6.5183005e-27 6.0819777e-27 3.0215546e-35
8.8165617e+08 5.0415472e+18 5.5446116e+09 2.0857759e+08 1.7383661e+08 6.4985402e-27 6.0639583e-27 3.0062698e-35
8.8256544e+08 5.0465888e+18 5.5446094e+09 2.0837487e+08 1.7365968e+08 6.47884e-27 6.0459921e-27 2.9910625e-35
8.8347562e+08 5.0516354e+18 5.5446072e+09 2.0817235e+08 1.7348294e+08 6.4591998e-27 6.0280789e-27 2.9759324e-35
8.8438671e+08 5.056687e+18 5.5446051e+09 2.0797003e+08 1.7330637e+08 6.4396193e-27 6.0102187e-27 2.960879e-35
8.8529871e+08 5.0617437e+18 5.5446029e+09 2.0776789e+08 1.7313e+08 6.4200985e-27 5.9924111e-27 2.9459019e-35
8.8621163e+08 5.0668054e+18 5.5446007e+09 2.0756594e+08 1.729538e+08 6.400637e-27 5.9746562e-27 2.9310009e-35
8.8712545e+08 5.0718722e+18 5.5445986e+09 2.0736419e+08 1.7277779e+08 6.3812348e-27 5.9569536e-27 2.9161754e-35
8.8804019e+08 5.0769441e+18 5.5445965e+09 2.0716262e+08 1.7260196e+08 6.3618916e-27 5.9393033e-27 2.9014251e-35
8.8895585e+08 5.082021e+18 5.5445943e+09 2.0696125e+08 1.7242631e+08 6.3426073e-27 5.9217051e-27 2.8867496e-35
8.8987242e+08 5.0871031e+18 5.5445922e+09 2.0676006e+08 1.7225084e+08 6.3233816e-27 5.9041589e-27 2.8721486e-35
8.9078991e+08 5.0921902e+18 5.54459e+09 2.0655907e+08 1.7207556e+08 6.3042145e-27 5.8866645e-27 2.8576216e-35
8.9170832e+08 5.0972824e+18 5.5445879e+09 2.0635827e+08 1.7190046e+08 6.2851057e-27 5.8692217e-27 2.8431682e-35
8.9262764e+08 5.1023796e+18 5.5445858e+09 2.0615766e+08 1.7172553e+08 6.266055e-27 5.8518304e-27 2.8287882e-35
8.9354789e+08 5.107482e+18 5.5445837e+09 2.0595723e+08 1.715508e+08 6.2470624e-27 5.8344905e-27 2.8144811e-35
8.9446906e+08 5.1125895e+18 5.5445816e+09 2.05757e+08 1.7137624e+08 6.2281275e-27 5.8172018e-27 2.8002466e-35
8.9539114e+08 5.1177021e+18 5.5445794e+09 2.0555695e+08 1.7120186e+08 6.2092502e-27 5.7999641e-27 2.7860843e-35
8.9631415e+08 5.1228198e+18 5.5445773e+09 2.053571e+08 1.7102766e+08 6.1904303e-27 5.7827773e-27 2.7719938e-35
8.9723809e+08 5.1279426e+18 5.5445752e+09 2.0515743e+08 1.7085365e+08 6.1716678e-27 5.7656413e-27 2.7579747e-35
8.9816294e+08 5.1330706e+18 5.5445731e+09 2.0495795e+08 1.7067981e+08 6.1529623e-27 5.7485559e-27 2.7440267e-35
8.9908873e+08 5.1382036e+18 5.544571e+09 2.0475867e+08 1.7050616e+08 6.1343137e-27 5.7315209e-27 2.7301495e-35
9.0001544e+08 5.1433418e+18 5.5445689e+09 2.0455957e+08 1.7033268e+08 6.1157219e-27 5.7145362e-27 2.7163426e-35
9.0094307e+08 5.1484852e+18 5.5445669e+09 2.0436065e+08 1.7015938e+08 6.0971866e-27 5.6976017e-27 2.7026058e-35
9.0187164e+08 5.1536337e+18 5.5445648e+09 2.0416193e+08 1.6998627e+08 6.0787077e-27 5.6807171e-27 2.6889386e-35
9.0280113e+08 5.1587873e+18 5.5445627e+09 2.039634e+08 1.6981333e+08 6.0602851e-27 5.6638825e-27 2.6753407e-35
9.0373155e+08 5.1639461e+18 5.5445606e+09 2.0376505e+08 1.6964057e+08 6.0419185e-27 5.6470975e-27 2.6618118e-35
9.046629e+08 5.16911e+18 5.5445586e+09 2.0356689e+08 1.6946799e+08 6.0236078e-27 5.6303622e-27 2.6483514e-35
9.0559519e+08 5.1742791e+18 5.5445565e+09 2.0336892e+08 1.6929559e+08 6.0053527e-27 5.6136762e-27 2.6349593e-35
9.0652841e+08 5.1794534e+18 5.5445544e+09 2.0317113e+08 1.6912337e+08 5.9871533e-27 5.5970395e-27 2.6216352e-35
9.0746256e+08 5.1846329e+18 5.5445524e+09 2.0297354e+08 1.6895133e+08 5.9690091e-27 5.580452e-27 2.6083785e-35
9.0839765e+08 5.1898175e+18 5.5445503e+09 2.0277612e+08 1.6877947e+08 5.9509202e-27 5.5639134e-27 2.5951891e-35
9.0933367e+08 5.1950073e+18 5.5445483e+09 2.025789e+08 1.6860778e+08 5.9328863e-27 5.5474237e-27 2.5820666e-35
9.1027062e+08 5.2002023e+18 5.5445462e+09 2.0238186e+08 1.6843627e+08 5.9149073e-27 5.5309827e-27 2.5690106e-35
9.1120852e+08 5.2054025e+18 5.5445442e+09 2.0218501e+08 1.6826494e+08 5.896983e-27 5.5145902e-27 2.5560208e-35
9.1214735e+08 5.2106079e+18 5.5445421e+09 2.0198835e+08 1.6809379e+08 5.8791132e-27 5.4982461e-27 2.5430968e-35
9.1308712e+08 5.2158185e+18 5.5445401e+09 2.0179187e+08 1.6792281e+08 5.8612977e-27 5.4819504e-27 2.5302384e-35
9.1402784e+08 5.2210344e+18 5.5445381e+09 2.0159558e+08 1.6775201e+08 5.8435365e-27 5.4657027e-27 2.5174451e-35
9.1496949e+08 5.2262554e+18 5.5445361e+09 2.0139948e+08 1.6758139e+08 5.8258293e-27 5.449503e-27 2.5047167e-35
9.1591209e+08 5.2314816e+18 5.544534e+09 2.0120356e+08 1.6741094e+08 5.8081759e-27 5.4333512e-27 2.4920529e-35
9.1685563e+08 5.2367131e+18 5.544532e+09 2.0100782e+08 1.6724067e+08 5.7905762e-27 5.4172471e-27 2.4794532e-35
9.1780011e+08 5.2419498e+18 5.54453e+09 2.0081227e+08 1.6707058e+08 5.7730301e-27 5.4011906e-27 2.4669174e-35
9.1874553e+08 5.2471918e+18 5.544528e+09 2.0061691e+08 1.6690066e+08 5.7555373e-27 5.3851815e-27 2.4544452e-35
9.1969191e+08 5.252439e+18 5.544526e+09 2.0042173e+08 1.6673092e+08 5.7380978e-27 5.3692196e-27 2.4420362e-35
9.2063923e+08 5.2576914e+18 5.544524e+09 2.0022674e+08 1.6656136e+08 5.7207112e-27 5.3533049e-27 2.4296901e-35
9.215875e+08 5.2629491e+18 5.544522e+09 2.0003193e+08 1.6639197e+08 5.7033776e-27 5.3374373e-27 2.4174066e-35
9.2253671e+08 5.2682121e+18 5.54452e+09 1.998373e+08 1.6622276e+08 5.6860967e-27 5.3216165e-27 2.4051853e-35
9.2348688e+08 5.2734803e+18 5.544518e+09 1.9964286e+08 1.6605372e+08 5.6688683e-27 5.3058424e-27 2.393026e-35
9.2443799e+08 5.2787538e+18 5.544516e+09 1.9944861e+08 1.6588485e+08 5.6516924e-27 5.2901149e-27 2.3809283e-35
9.2539006e+08 5.2840325e+18 5.544514e+09 1.9925453e+08 1.6571616e+08 5.6345687e-27 5.2744339e-27 2.368892e-35
9.2634308e+08 5.2893165e+18 5.5445121e+09 1.9906065e+08 1.6554765e+08 5.617497e-27 5.2587992e-27 2.3569166e-35
9.2729705e+08 5.2946059e+18 5.5445101e+09 1.9886694e+08 1.6537931e+08 5.6004773e-27 5.2432107e-27 2.345002e-35
9.2825198e+08 5.2999005e+18 5.5445081e+09 1.9867342e+08 1.6521115e+08 5.5835093e-27 5.2276682e-27 2.3331477e-35
9.2920786e+08 5.3052004e+18 5.5445062e+09 1.9848008e+08 1.6504315e+08 5.566593e-27 5.2121717e-27 2.3213535e-35
9.301647e+08 5.3105056e+18 5.5445042e+09 1.9828693e+08 1.6487534e+08 5.5497281e-27 5.1967209e-27 2.3096191e-35
9.311225e+08 5.3158161e+18 5.5445022e+09 1.9809396e+08 1.6470769e+08 5.5329145e-27 5.1813158e-27 2.2979442e-35
9.3208125e+08 5.3211319e+18 5.5445003e+09 1.9790117e+08 1.6454022e+08 5.516152e-27 5.1659562e-27 2.2863285e-35
9.3304097e+08 5.326453e+18 5.5444983e+09 1.9770857e+08 1.6437293e+08 5.4994404e-27 5.150642e-27 2.2747716e-35
9.3400164e+08 5.3317795e+18 5.5444964e+09 1.9751614e+08 1.642058e+08 5.4827797e-27 5.135373e-27 2.2632733e-35
9.3496328e+08 5.3371112e+18 5.5444944e+09 1.973239e+08 1.6403885e+08 5.4661697e-27 5.1201491e-27 2.2518332e-35
9.3592587e+08 5.3424484e+18 5.5444925e+09 1.9713184e+08 1.6387207e+08 5.4496102e-27 5.1049702e-27 2.2404512e-35
9.3688943e+08 5.3477908e+18 5.5444906e+09 1.9693997e+08 1.6370547e+08 5.433101e-27 5.0898361e-27 2.2291268e-35
9.3785396e+08 5.3531386e+18 5.5444886e+09 1.9674827e+08 1.6353903e+08 5.416642e-27 5.0747468e-27 2.2178598e-35
9.3881944e+08 5.3584917e+18 5.5444867e+09 1.9655676e+08 1.6337277e+08 5.4002331e-27 5.059702e-27 2.2066499e-35
9.397859e+08 5.3638502e+18 5.5444848e+09 1.9636543e+08 1.6320668e+08 5.3838741e-27 5.0447017e-27 2.1954968e-35
9.4075332e+08 5.3692141e+18 5.5444829e+09 1.9617428e+08 1.6304077e+08 5.3675648e-27 5.0297458e-27 2.1844003e-35
9.4172171e+08 5.3745833e+18 5.544481e+09 1.9598331e+08 1.6287502e+08 5.3513051e-27 5.014834e-27 2.1733599e-35
9.4269106e+08 5.3799579e+18 5.544479e+09 1.9579253e+08 1.6270945e+08 5.3350948e-27 4.9999662e-27 2.1623756e-35
9.4366139e+08 5.3853378e+18 5.5444771e+09 1.9560192e+08 1.6254405e+08 5.3189338e-27 4.9851424e-27 2.1514468e-35
9.4463269e+08 5.3907232e+18 5.5444752e+09 1.954115e+08 1.6237881e+08 5.302822e-27 4.9703624e-27 2.1405735e-35
9.4560496e+08 5.3961139e+18 5.5444733e+09 1.9522125e+08 1.6221375e+08 5.2867591e-27 4.9556261e-27 2.1297552e-35
9.465782e+08 5.40151e+18 5.5444714e+09 1.9503119e+08 1.6204886e+08 5.2707451e-27 4.9409333e-27 2.1189918e-35
9.4755242e+08 5.4069115e+18 5.5444695e+09 1.9484131e+08 1.6188415e+08 5.2547798e-27 4.9262839e-27 2.1082829e-35
9.4852761e+08 5.4123184e+18 5.5444677e+09 1.946516e+08 1.617196e+08 5.238863e-27 4.9116778e-27 2.0976283e-35
9.4950377e+08 5.4177307e+18 5.5444658e+09 1.9446208e+08 1.6155522e+08 5.2229946e-27 4.8971149e-27 2.0870276e-35
9.5048091e+08 5.4231485e+18 5.5444639e+09 1.9427273e+08 1.6139101e+08 5.2071745e-27 4.882595e-27 2.0764807e-35
9.5145903e+08 5.4285716e+18 5.544462e+09 1.9408357e+08 1.6122697e+08 5.1914024e-27 4.868118e-27 2.0659872e-35
9.5243813e+08 5.4340002e+18 5.5444601e+09 1.9389459e+08 1.610631e+08 5.1756783e-27 4.8536838e-27 2.0555468e-35
9.5341821e+08 5.4394342e+18 5.5444583e+09 1.9370578e+08 1.608994e+08 5.160002e-27 4.8392923e-27 2.0451594e-35
9.5439927e+08 5.4448736e+18 5.5444564e+09 1.9351715e+08 1.6073587e+08 5.1443733e-27 4.8249433e-27 2.0348246e-35
9.5538131e+08 5.4503185e+18 5.5444545e+09 1.9332871e+08 1.6057251e+08 5.1287922e-27 4.8106367e-27 2.0245421e-35
9.5636433e+08 5.4557688e+18 5.5444527e+09 1.9314044e+08 1.6040932e+08 5.1132584e-27 4.7963723e-27 2.0143117e-35
9.5734833e+08 5.4612246e+18 5.5444508e+09 1.9295235e+08 1.6024629e+08 5.0977718e-27 4.7821502e-27 2.0041332e-35
9.5833332e+08 5.4666858e+18 5.544449e+09 1.9276444e+08 1.6008344e+08 5.0823324e-27 4.76797e-27 1.9940062e-35
9.593193e+08 5.4721525e+18 5.5444471e+09 1.9257671e+08 1.5992075e+08 5.0669398e-27 4.7538318e-27 1.9839306e-35
9.6030626e+08 5.4776247e+18 5.5444453e+09 1.9238915e+08 1.5975824e+08 5.051594e-27 4.7397353e-27 1.973906e-35
9.612942e+08 5.4831023e+18 5.5444434e+09 1.9220178e+08 1.5959588e+08 5.0362949e-27 4.7256805e-27 1.9639321e-35
9.6228314e+08 5.4885854e+18 5.5444416e+09 1.9201458e+08 1.594337e+08 5.0210423e-27 4.7116673e-27 1.9540088e-35
9.6327307e+08 5.494074e+18 5.5444398e+09 1.9182756e+08 1.5927169e+08 5.0058361e-27 4.6976954e-27 1.9441358e-35
9.6426398e+08 5.499568e+18 5.5444379e+09 1.9164071e+08 1.5910984e+08 4.9906761e-27 4.6837649e-27 1.9343127e-35
9.6525589e+08 5.5050676e+18 5.5444361e+09 1.9145405e+08 1.5894816e+08 4.9755621e-27 4.6698755e-27 1.9245395e-35
9.6624879e+08 5.5105727e+18 5.5444343e+09 1.9126756e+08 1.5878665e+08 4.9604941e-27 4.6560272e-27 1.9148157e-35
9.6724268e+08 5.5160833e+18 5.5444325e+09 1.9108125e+08 1.586253e+08 4.9454719e-27 4.6422198e-27 1.9051412e-35
9.6823757e+08 5.5215993e+18 5.5444307e+09 1.9089511e+08 1.5846412e+08 4.9304953e-27 4.6284533e-27 1.8955157e-35
9.6923345e+08 5.5271209e+18 5.5444289e+09 1.9070915e+08 1.5830311e+08 4.9155643e-27 4.6147274e-27 1.8859389e-35
9.7023033e+08 5.5326481e+18 5.544427e+09 1.9052337e+08 1.5814226e+08 4.9006786e-27 4.6010421e-27 1.8764107e-35
9.7122821e+08 5.5381807e+18 5.5444252e+09 1.9033777e+08 1.5798158e+08 4.8858382e-27 4.5873972e-27 1.8669307e-35
9.7222708e+08 5.5437189e+18 5.5444234e+09 1.9015234e+08 1.5782107e+08 4.8710429e-27 4.5737927e-27 1.8574987e-35
9.7322695e+08 5.5492626e+18 5.5444216e+09 1.8996709e+08 1.5766072e+08 4.8562926e-27 4.5602284e-27 1.8481146e-35
9.7422783e+08 5.5548119e+18 5.5444199e+09 1.8978201e+08 1.5750054e+08 4.8415871e-27 4.5467042e-27 1.8387779e-35
9.752297e+08 5.5603667e+18 5.5444181e+09 1.8959711e+08 1.5734052e+08 4.8269262e-27 4.5332199e-27 1.8294885e-35
9.7623258e+08 5.565927e+18 5.5444163e+09 1.8941239e+08 1.5718067e+08 4.81231e-27 4.5197756e-27 1.8202462e-35
9.7723646e+08 5.571493e+18 5.5444145e+09 1.8922784e+08 1.5702099e+08 4.7977381e-27 4.5063709e-27 1.8110507e-35
9.7824134e+08 5.5770645e+18 5.5444127e+09 1.8904346e+08 1.5686147e+08 4.7832106e-27 4.4930059e-27 1.8019017e-35
9.7924723e+08 5.5826415e+18 5.5444109e+09 1.8885926e+08 1.5670211e+08 4.7687271e-27 4.4796804e-27 1.7927991e-35
9.8025412e+08 5.5882242e+18 5.5444092e+09 1.8867524e+08 1.5654292e+08 4.7542877e-27 4.4663943e-27 1.7837426e-35
9.8126203e+08 5.5938124e+18 5.5444074e+09 1.8849139e+08 1.5638389e+08 4.7398922e-27 4.4531475e-27 1.774732e-35
9.8227094e+08 5.5994062e+18 5.5444056e+09 1.8830772e+08 1.5622503e+08 4.7255404e-27 4.4399398e-27 1.7657669e-35
9.8328086e+08 5.6050056e+18 5.5444039e+09 1.8812422e+08 1.5606633e+08 4.7112322e-27 4.4267712e-27 1.7568473e-35
9.8429179e+08 5.6106106e+18 5.5444021e+09 1.8794089e+08 1.5590779e+08 4.6969675e-27 4.4136415e-27 1.7479729e-35
9.8530373e+08 5.6162212e+18 5.5444004e+09 1.8775774e+08 1.5574942e+08 4.6827462e-27 4.4005507e-27 1.7391434e-35
9.8631668e+08 5.6218375e+18 5.5443986e+09 1.8757476e+08 1.5559122e+08 4.6685681e-27 4.3874985e-27 1.7303586e-35
9.8733065e+08 5.6274593e+18 5.5443969e+09 1.8739196e+08 1.5543317e+08 4.654433e-27 4.3744849e-27 1.7216183e-35
9.8834563e+08 5.6330867e+18 5.5443951e+09 1.8720933e+08 1.5527529e+08 4.6403409e-27 4.3615098e-27 1.7129222e-35
9.8936163e+08 5.6387198e+18 5.5443934e+09 1.8702688e+08 1.5511757e+08 4.6262916e-27 4.348573e-27 1.7042702e-35
9.9037864e+08 5.6443586e+18 5.5443916e+09 1.8684459e+08 1.5496002e+08 4.612285e-27 4.3356746e-27 1.695662e-35
9.9139667e+08 5.6500029e+18 5.5443899e+09 1.8666249e+08 1.5480263e+08 4.598321e-27 4.3228142e-27 1.6870974e-35
9.9241572e+08 5.6556529e+18 5.5443882e+09 1.8648055e+08 1.546454e+08 4.5843994e-27 4.3099919e-27 1.6785762e-35
9.9343579e+08 5.6613086e+18 5.5443864e+09 1.8629879e+08 1.5448833e+08 4.57052e-27 4.2972074e-27 1.6700981e-35
9.9445688e+08 5.6669699e+18 5.5443847e+09 1.861172e+08 1.5433143e+08 4.5566829e-27 4.2844608e-27 1.6616629e-35
9.9547899e+08 5.6726368e+18 5.544383e+09 1.8593578e+08 1.5417468e+08 4.5428878e-27 4.2717519e-27 1.6532704e-35
9.9650212e+08 5.6783095e+18 5.5443813e+09 1.8575454e+08 1.540181e+08 4.5291346e-27 4.2590805e-27 1.6449204e-35
9.9752627e+08 5.6839878e+18 5.5443796e+09 1.8557346e+08 1.5386168e+08 4.5154232e-27 4.2464466e-27 1.6366127e-35
9.9855145e+08 5.6896718e+18 5.5443779e+09 1.8539256e+08 1.5370543e+08 4.5017534e-27 4.2338501e-27 1.6283471e-35
9.9957766e+08 5.6953615e+18 5.5443762e+09 1.8521183e+08 1.5354933e+08 4.4881252e-27 4.2212908e-27 1.6201233e-35
1.0006049e+09 5.7010568e+18 5.5443745e+09 1.8503128e+08 1.5339339e+08 4.4745384e-27 4.2087687e-27 1.6119412e-35
1.0016332e+09 5.7067579e+18 5.5443728e+09 1.8485089e+08 1.5323762e+08 4.4609928e-27 4.1962835e-27 1.6038005e-35
1.0026624e+09 5.7124646e+18 5.5443711e+09 1.8467068e+08 1.5308201e+08 4.4474884e-27 4.1838353e-27 1.5957009e-35
1.0036928e+09 5.7181771e+18 5.5443694e+09 1.8449064e+08 1.5292655e+08 4.4340251e-27 4.171424e-27 1.5876424e-35
1.0047241e+09 5.7238953e+18 5.5443677e+09 1.8431077e+08 1.5277126e+08 4.4206026e-27 4.1590493e-27 1.5796247e-35
1.0057565e+09 5.7296192e+18 5.544366e+09 1.8413107e+08 1.5261613e+08 4.4072209e-27 4.1467112e-27 1.5716476e-35
1.0067899e+09 5.7353488e+18 5.5443643e+09 1.8395154e+08 1.5246116e+08 4.3938799e-27 4.1344096e-27 1.5637109e-35
1.0078243e+09 5.7410841e+18 5.5443626e+09 1.8377218e+08 1.5230635e+08 4.3805793e-27 4.1221443e-27 1.5558143e-35
1.0088598e+09 5.7468252e+18 5.544361e+09 1.83593e+08 1.5215169e+08 4.3673192e-27 4.1099154e-27 1.5479577e-35
1.0098963e+09 5.752572e+18 5.5443593e+09 1.8341398e+08 1.519972e+08 4.3540994e-27 4.0977226e-27 1.5401409e-35
1.0109339e+09 5.7583246e+18 5.5443576e+09 1.8323514e+08 1.5184287e+08 4.3409197e-27 4.0855658e-27 1.5323637e-35
1.0119725e+09 5.7640829e+18 5.5443559e+09 1.8305646e+08 1.5168869e+08 4.32778e-27 4.0734451e-27 1.5246258e-35
1.0130121e+09 5.769847e+18 5.5443543e+09 1.8287795e+08 1.5153468e+08 4.3146803e-27 4.0613601e-27 1.5169271e-35
1.0140528e+09 5.7756169e+18 5.5443526e+09 1.8269962e+08 1.5138082e+08 4.3016204e-27 4.0493109e-27 1.5092674e-35
1.0150945e+09 5.7813925e+18 5.544351e+09 1.8252145e+08 1.5122713e+08 4.2886001e-27 4.0372974e-27 1.5016464e-35
1.0161373e+09 5.7871739e+18 5.5443493e+09 1.8234346e+08 1.5107359e+08 4.2756194e-27 4.0253194e-27 1.4940641e-35
1.0171811e+09 5.7929611e+18 5.5443477e+09 1.8216563e+08 1.5092021e+08 4.262678e-27 4.0133767e-27 1.4865201e-35
1.0182259e+09 5.798754e+18 5.544346e+09 1.8198797e+08 1.5076699e+08 4.2497761e-27 4.0014695e-27 1.4790142e-35
1.0192718e+09 5.8045528e+18 5.5443444e+09 1.8181048e+08 1.5061392e+08 4.2369132e-27 3.9895974e-27 1.4715464e-35
1.0203187e+09 5.8103573e+18 5.5443427e+09 1.8163316e+08 1.5046102e+08 4.2240895e-27 3.9777605e-27 1.4641164e-35
1.0213667e+09 5.8161677e+18 5.5443411e+09 1.8145601e+08 1.5030827e+08 4.2113047e-27 3.9659585e-27 1.456724e-35
1.0224157e+09 5.8219838e+18 5.5443395e+09 1.8127903e+08 1.5015568e+08 4.1985587e-27 3.9541915e-27 1.4493689e-35
1.0234658e+09 5.8278058e+18 5.5443378e+09 1.8110222e+08 1.5000325e+08 4.1858515e-27 3.9424593e-27 1.4420512e-35
1.0245169e+09 5.8336336e+18 5.5443362e+09 1.8092557e+08 1.4985097e+08 4.1731828e-27 3.9307617e-27 1.4347704e-35
1.0255691e+09 5.8394673e+18 5.5443346e+09 1.8074909e+08 1.4969886e+08 4.1605526e-27 3.9190988e-27 1.4275265e-35
1.0266223e+09 5.8453067e+18 5.544333e+09 1.8057278e+08 1.4954689e+08 4.1479608e-27 3.9074704e-27 1.4203193e-35
1.0276766e+09 5.851152e+18 5.5443314e+09 1.8039664e+08 1.4939509e+08 4.1354072e-27 3.8958763e-27 1.4131485e-35
1.028732e+09 5.8570032e+18 5.5443297e+09 1.8022067e+08 1.4924344e+08 4.1228917e-27 3.8843166e-27 1.4060141e-35
1.0297884e+09 5.8628602e+18 5.5443281e+09 1.8004486e+08 1.4909195e+08 4.1104143e-27 3.8727911e-27 1.3989157e-35
1.0308458e+09 5.8687231e+18 5.5443265e+09 1.7986923e+08 1.4894061e+08 4.0979747e-27 3.8612996e-27 1.3918533e-35
1.0319043e+09 5.8745918e+18 5.5443249e+09 1.7969375e+08 1.4878944e+08 4.0855729e-27 3.8498422e-27 1.3848266e-35
1.0329639e+09 5.8804664e+18 5.5443233e+09 1.7951845e+08 1.4863841e+08 4.0732088e-27 3.8384186e-27 1.3778354e-35
1.0340245e+09 5.8863468e+18 5.5443217e+09 1.7934331e+08 1.4848754e+08 4.0608822e-27 3.8270288e-27 1.3708797e-35
1.0350862e+09 5.8922332e+18 5.5443201e+09 1.7916834e+08 1.4833683e+08 4.048593e-27 3.8156728e-27 1.3639591e-35
1.036149e+09 5.8981254e+18 5.5443185e+09 1.7899354e+08 1.4818628e+08 4.0363412e-27 3.8043503e-27 1.3570735e-35
1.0372128e+09 5.9040235e+18 5.5443169e+09 1.788189e+08 1.4803588e+08 4.0241265e-27 3.7930613e-27 1.3502228e-35
1.0382776e+09 5.9099276e+18 5.5443154e+09 1.7864443e+08 1.4788563e+08 4.011949e-27 3.7818057e-27 1.3434068e-35
1.0393436e+09 5.9158375e+18 5.5443138e+09 1.7847013e+08 1.4773554e+08 3.9998084e-27 3.7705834e-27 1.3366253e-35
1.0404106e+09 5.9217533e+18 5.5443122e+09 1.7829599e+08 1.475856e+08 3.9877047e-27 3.7593943e-27 1.329878e-35
1.0414787e+09 5.9276751e+18 5.5443106e+09 1.7812202e+08 1.4743582e+08 3.9756378e-27 3.7482383e-27 1.323165e-35
1.0425478e+09 5.9336028e+18 5.5443091e+09 1.7794821e+08 1.4728619e+08 3.9636074e-27 3.7371153e-27 1.3164858e-35
1.043618e+09 5.9395364e+18 5.5443075e+09 1.7777457e+08 1.4713672e+08 3.9516137e-27 3.7260252e-27 1.3098405e-35
1.0446893e+09 5.9454759e+18 5.5443059e+09 1.7760109e+08 1.469874e+08 3.9396563e-27 3.714968e-27 1.3032288e-35
1.0457617e+09 5.9514214e+18 5.5443044e+09 1.7742778e+08 1.4683824e+08 3.9277352e-27 3.7039434e-27 1.2966506e-35
1.0468351e+09 5.9573728e+18 5.5443028e+09 1.7725464e+08 1.4668922e+08 3.9158503e-27 3.6929515e-27 1.2901056e-35
1.0479096e+09 5.9633302e+18 5.5443012e+09 1.7708166e+08 1.4654037e+08 3.9040016e-27 3.6819921e-27 1.2835938e-35
1.0489852e+09 5.9692935e+18 5.5442997e+09 1.7690884e+08 1.4639166e+08 3.8921887e-27 3.6710651e-27 1.2771149e-35
1.0500618e+09 5.9752628e+18 5.5442981e+09 1.7673619e+08 1.4624311e+08 3.8804118e-27 3.6601704e-27 1.2706687e-35
1.0511396e+09 5.9812381e+18 5.5442966e+09 1.7656371e+08 1.4609471e+08 3.8686706e-27 3.649308e-27 1.2642552e-35
1.0522184e+09 5.9872193e+18 5.544295e+09 1.7639139e+08 1.4594647e+08 3.856965e-27 3.6384777e-27 1.2578742e-35
1.0532983e+09 5.9932065e+18 5.5442935e+09 1.7621923e+08 1.4579838e+08 3.845295e-27 3.6276794e-27 1.2515254e-35
1.0543792e+09 5.9991997e+18 5.544292e+09 1.7604724e+08 1.4565044e+08 3.8336605e-27 3.6169132e-27 1.2452087e-35
1.0554613e+09 6.0051989e+18 5.5442904e+09 1.7587541e+08 1.4550265e+08 3.8220612e-27 3.6061787e-27 1.238924e-35
1.0565444e+09 6.0112041e+18 5.5442889e+09 1.7570374e+08 1.4535502e+08 3.8104971e-27 3.595476e-27 1.2326711e-35
1.0576286e+09 6.0172153e+18 5.5442874e+09 1.7553224e+08 1.4520754e+08 3.7989682e-27 3.584805e-27 1.2264499e-35
1.0587139e+09 6.0232325e+18 5.5442858e+09 1.753609e+08 1.4506021e+08 3.7874743e-27 3.5741656e-27 1.2202601e-35
1.0598003e+09 6.0292558e+18 5.5442843e+09 1.7518973e+08 1.4491303e+08 3.7760152e-27 3.5635577e-27 1.2141016e-35
1.0608878e+09 6.035285e+18 5.5442828e+09 1.7501872e+08 1.44766e+08 3.7645909e-27 3.5529811e-27 1.2079742e-35
1.0619764e+09 6.0413203e+18 5.5442813e+09 1.7484787e+08 1.4461913e+08 3.7532013e-27 3.5424358e-27 1.2018779e-35
1.063066e+09 6.0473616e+18 5.5442798e+09 1.7467718e+08 1.444724e+08 3.7418463e-27 3.5319218e-27 1.1958124e-35
1.0641567e+09 6.053409e+18 5.5442783e+09 1.7450666e+08 1.4432583e+08 3.7305258e-27 3.5214388e-27 1.1897776e-35
1.0652486e+09 6.0594624e+18 5.5442768e+09 1.743363e+08 1.4417941e+08 3.7192396e-27 3.5109869e-27 1.1837733e-35
1.0663415e+09 6.0655219e+18 5.5442752e+09 1.7416611e+08 1.4403314e+08 3.7079877e-27 3.5005659e-27 1.1777994e-35
1.0674355e+09 6.0715874e+18 5.5442737e+09 1.7399607e+08 1.4388702e+08 3.6967699e-27 3.4901758e-27 1.1718557e-35
1.0685306e+09 6.077659e+18 5.5442722e+09 1.738262e+08 1.4374105e+08 3.6855862e-27 3.4798164e-27 1.165942e-35
1.0696268e+09 6.0837366e+18 5.5442707e+09 1.7365649e+08 1.4359523e+08 3.6744364e-27 3.4694876e-27 1.1600583e-35
1.0707241e+09 6.0898204e+18 5.5442693e+09 1.7348694e+08 1.4344956e+08 3.6633205e-27 3.4591894e-27 1.1542043e-35
1.0718225e+09 6.0959102e+18 5.5442678e+09 1.7331755e+08 1.4330404e+08 3.6522383e-27 3.4489217e-27 1.14838e-35
1.072922e+09 6.1020061e+18 5.5442663e+09 1.7314833e+08 1.4315867e+08 3.6411897e-27 3.4386844e-27 1.1425851e-35
1.0740226e+09 6.1081081e+18 5.5442648e+09 1.7297926e+08 1.4301345e+08 3.6301747e-27 3.4284774e-27 1.1368195e-35
1.0751243e+09 6.1142162e+18 5.5442633e+09 1.7281036e+08 1.4286838e+08 3.6191931e-27 3.4183006e-27 1.1310831e-35
1.0762271e+09 6.1203304e+18 5.5442618e+09 1.7264162e+08 1.4272346e+08 3.6082449e-27 3.4081539e-27 1.1253757e-35
1.077331e+09 6.1264508e+18 5.5442604e+09 1.7247304e+08 1.4257869e+08 3.5973298e-27 3.3980372e-27 1.1196971e-35
1.078436e+09 6.1325772e+18 5.5442589e+09 1.7230462e+08 1.4243407e+08 3.5864479e-27 3.3879505e-27 1.1140473e-35
1.0795421e+09 6.1387098e+18 5.5442574e+09 1.7213636e+08 1.422896e+08 3.5755991e-27 3.3778936e-27 1.1084261e-35
1.0806494e+09 6.1448485e+18 5.544256e+09 1.7196826e+08 1.4214527e+08 3.5647831e-27 3.3678665e-27 1.1028332e-35
1.0817577e+09 6.1509933e+18 5.5442545e+09 1.7180032e+08 1.420011e+08 3.554e-27 3.3578691e-27 1.0972687e-35
1.0828671e+09 6.1571443e+18 5.544253e+09 1.7163255e+08 1.4185707e+08 3.5432496e-27 3.3479013e-27 1.0917323e-35
1.0839777e+09 6.1633015e+18 5.5442516e+09 1.7146493e+08 1.4171319e+08 3.5325318e-27 3.3379629e-27 1.0862239e-35
1.0850893e+09 6.1694648e+18 5.5442501e+09 1.7129747e+08 1.4156946e+08 3.5218466e-27 3.328054e-27 1.0807434e-35
1.0862021e+09 6.1756343e+18 5.5442487e+09 1.7113017e+08 1.4142588e+08 3.5111937e-27 3.3181744e-27 1.0752905e-35
1.087316e+09 6.1818099e+18 5.5442472e+09 1.7096304e+08 1.4128245e+08 3.5005732e-27 3.3083241e-27 1.0698653e-35
1.088431e+09 6.1879917e+18 5.5442458e+09 1.7079606e+08 1.4113916e+08 3.489985e-27 3.2985029e-27 1.0644675e-35
1.0895471e+09 6.1941797e+18 5.5442443e+09 1.7062924e+08 1.4099602e+08 3.4794288e-27 3.2887108e-27 1.059097e-35
1.0906643e+09 6.2003739e+18 5.5442429e+09 1.7046258e+08 1.4085303e+08 3.4689047e-27 3.2789477e-27 1.0537536e-35
1.0917827e+09 6.2065742e+18 5.5442414e+09 1.7029608e+08 1.4071018e+08 3.4584126e-27 3.2692134e-27 1.0484373e-35
1.0929021e+09 6.2127808e+18 5.54424e+09 1.7012974e+08 1.4056749e+08 3.4479522e-27 3.259508e-27 1.0431478e-35
1.0940227e+09 6.2189936e+18 5.5442386e+09 1.6996356e+08 1.4042494e+08 3.4375237e-27 3.2498313e-27 1.0378851e-35
1.0951444e+09 6.2252126e+18 5.5442372e+09 1.6979753e+08 1.4028253e+08 3.4271267e-27 3.2401833e-27 1.032649e-35
1.0962672e+09 6.2314378e+18 5.5442357e+09 1.6963167e+08 1.4014027e+08 3.4167613e-27 3.2305638e-27 1.0274394e-35
1.0973912e+09 6.2376692e+18 5.5442343e+09 1.6946596e+08 1.3999816e+08 3.4064274e-27 3.2209728e-27 1.0222561e-35
1.0985163e+09 6.2439069e+18 5.5442329e+09 1.6930041e+08 1.398562e+08 3.3961248e-27 3.2114102e-27 1.017099e-35
1.0996425e+09 6.2501508e+18 5.5442315e+09 1.6913502e+08 1.3971438e+08 3.3858535e-27 3.2018759e-27 1.011968e-35
1.1007698e+09 6.256401e+18 5.5442301e+09 1.6896979e+08 1.3957271e+08 3.3756133e-27 3.1923698e-27 1.006863e-35
1.1018982e+09 6.2626574e+18 5.5442286e+09 1.6880471e+08 1.3943118e+08 3.3654042e-27 3.1828918e-27 1.0017837e-35
1.1030278e+09 6.26892e+18 5.5442272e+09 1.686398e+08 1.392898e+08 3.3552261e-27 3.1734419e-27 9.9673017e-36
1.1041585e+09 6.2751889e+18 5.5442258e+09 1.6847504e+08 1.3914857e+08 3.3450789e-27 3.16402e-27 9.9170216e-36
1.1052904e+09 6.2814641e+18 5.5442244e+09 1.6831043e+08 1.3900748e+08 3.3349624e-27 3.154626e-27 9.8669957e-36
1.1064233e+09 6.2877456e+18 5.544223e+09 1.6814599e+08 1.3886653e+08 3.3248767e-27 3.1452598e-27 9.8172228e-36
1.1075574e+09 6.2940333e+18 5.5442216e+09 1.679817e+08 1.3872573e+08 3.3148215e-27 3.1359213e-27 9.7677014e-36
1.1086927e+09 6.3003274e+18 5.5442202e+09 1.6781757e+08 1.3858508e+08 3.3047969e-27 3.1266105e-27 9.7184305e-36
1.1098291e+09 6.3066277e+18 5.5442188e+09 1.676536e+08 1.3844457e+08 3.2948027e-27 3.1173273e-27 9.6694086e-36
1.1109666e+09 6.3129343e+18 5.5442174e+09 1.6748978e+08 1.383042e+08 3.2848388e-27 3.1080715e-27 9.6206346e-36
1.1121052e+09 6.3192473e+18 5.5442161e+09 1.6732612e+08 1.3816398e+08 3.2749051e-27 3.0988431e-27 9.5721072e-36
1.113245e+09 6.3255665e+18 5.5442147e+09 1.6716262e+08 1.380239e+08 3.2650015e-27 3.0896421e-27 9.523825e-36
1.114386e+09 6.3318921e+18 5.5442133e+09 1.6699927e+08 1.3788397e+08 3.255128e-27 3.0804682e-27 9.475787e-36
1.115528e+09 6.338224e+18 5.5442119e+09 1.6683608e+08 1.3774418e+08 3.2452845e-27 3.0713216e-27 9.4279918e-36
1.1166712e+09 6.3445622e+18 5.5442105e+09 1.6667304e+08 1.3760454e+08 3.2354708e-27 3.062202e-27 9.3804382e-36
1.1178156e+09 6.3509068e+18 5.5442092e+09 1.6651016e+08 1.3746504e+08 3.2256869e-27 3.0531095e-27 9.3331251e-36
1.1189611e+09 6.3572577e+18 5.5442078e+09 1.6634744e+08 1.3732568e+08 3.2159327e-27 3.0440438e-27 9.2860511e-36
1.1201078e+09 6.3636149e+18 5.5442064e+09 1.6618487e+08 1.3718647e+08 3.206208e-27 3.035005e-27 9.239215e-36
1.1212555e+09 6.3699785e+18 5.5442051e+09 1.6602245e+08 1.370474e+08 3.1965129e-27 3.025993e-27 9.1926157e-36
1.1224045e+09 6.3763485e+18 5.5442037e+09 1.6586019e+08 1.3690847e+08 3.1868472e-27 3.0170076e-27 9.146252e-36
1.1235546e+09 6.3827249e+18 5.5442023e+09 1.6569809e+08 1.3676968e+08 3.1772108e-27 3.0080489e-27 9.1001226e-36
1.1247058e+09 6.3891076e+18 5.544201e+09 1.6553614e+08 1.3663104e+08 3.1676036e-27 2.9991167e-27 9.0542264e-36
1.1258582e+09 6.3954967e+18 5.5441996e+09 1.6537435e+08 1.3649254e+08 3.1580255e-27 2.9902109e-27 9.0085622e-36
1.1270118e+09 6.4018922e+18 5.5441983e+09 1.6521271e+08 1.3635418e+08 3.1484766e-27 2.9813315e-27 8.9631288e-36
1.1281665e+09 6.4082941e+18 5.5441969e+09 1.6505123e+08 1.3621597e+08 3.1389565e-27 2.9724784e-27 8.917925e-36
1.1293223e+09 6.4147024e+18 5.5441956e+09 1.648899e+08 1.360779e+08 3.1294654e-27 2.9636515e-27 8.8729498e-36
1.1304793e+09 6.4211171e+18 5.5441942e+09 1.6472872e+08 1.3593997e+08 3.120003e-27 2.9548507e-27 8.8282018e-36
1.1316375e+09 6.4275382e+18 5.5441929e+09 1.645677e+08 1.3580218e+08 3.1105694e-27 2.946076e-27 8.7836801e-36
1.1327968e+09 6.4339657e+18 5.5441916e+09 1.6440683e+08 1.3566453e+08 3.1011643e-27 2.9373273e-27 8.7393833e-36
1.1339573e+09 6.4403997e+18 5.5441902e+09 1.6424612e+08 1.3552703e+08 3.0917878e-27 2.9286045e-27 8.6953105e-36
1.135119e+09 6.4468401e+18 5.5441889e+09 1.6408556e+08 1.3538966e+08 3.0824398e-27 2.9199076e-27 8.6514604e-36
1.1362818e+09 6.4532869e+18 5.5441876e+09 1.6392516e+08 1.3525244e+08 3.07312e-27 2.9112364e-27 8.6078319e-36
1.1374458e+09 6.4597402e+18 5.5441862e+09 1.637649e+08 1.3511536e+08 3.0638286e-27 2.9025908e-27 8.5644239e-36
1.1386109e+09 6.4662e+18 5.5441849e+09 1.636048e+08 1.3497842e+08 3.0545653e-27 2.8939709e-27 8.5212353e-36
1.1397772e+09 6.4726662e+18 5.5441836e+09 1.6344486e+08 1.3484162e+08 3.0453301e-27 2.8853765e-27 8.4782649e-36
1.1409447e+09 6.4791388e+18 5.5441823e+09 1.6328506e+08 1.3470496e+08 3.036123e-27 2.8768075e-27 8.4355118e-36
1.1421133e+09 6.485618e+18 5.544181e+09 1.6312542e+08 1.3456844e+08 3.0269437e-27 2.868264e-27 8.3929747e-36
1.1432831e+09 6.4921036e+18 5.5441796e+09 1.6296594e+08 1.3443206e+08 3.0177923e-27 2.8597457e-27 8.3506525e-36
1.1444541e+09 6.4985957e+18 5.5441783e+09 1.628066e+08 1.3429582e+08 3.0086687e-27 2.8512527e-27 8.3085443e-36
1.1456262e+09 6.5050943e+18 5.544177e+09 1.6264742e+08 1.3415973e+08 2.9995727e-27 2.8427848e-27 8.2666488e-36
1.1467996e+09 6.5115994e+18 5.5441757e+09 1.6248839e+08 1.3402377e+08 2.9905043e-27 2.834342e-27 8.2249651e-36
1.147974e+09 6.518111e+18 5.5441744e+09 1.6232951e+08 1.3388795e+08 2.9814634e-27 2.8259241e-27 8.183492e-36
1.1491497e+09 6.5246291e+18 5.5441731e+09 1.6217078e+08 1.3375227e+08 2.9724499e-27 2.8175313e-27 8.1422285e-36
1.1503266e+09 6.5311537e+18 5.5441718e+09 1.6201221e+08 1.3361673e+08 2.9634638e-27 2.8091633e-27 8.1011735e-36
1.1515046e+09 6.5376849e+18 5.5441705e+09 1.6185379e+08 1.3348133e+08 2.9545049e-27 2.80082e-27 8.0603259e-36
1.1526838e+09 6.5442226e+18 5.5441692e+09 1.6169552e+08 1.3334607e+08 2.9455731e-27 2.7925015e-27 8.0196848e-36
1.1538642e+09 6.5507668e+18 5.5441679e+09 1.615374e+08 1.3321095e+08 2.9366685e-27 2.7842076e-27 7.979249e-36
1.1550457e+09 6.5573176e+18 5.5441666e+09 1.6137943e+08 1.3307597e+08 2.9277909e-27 2.7759383e-27 7.9390176e-36
1.1562285e+09 6.5638749e+18 5.5441654e+09 1.6122161e+08 1.3294112e+08 2.9189401e-27 2.7676935e-27 7.8989894e-36
1.1574124e+09 6.5704387e+18 5.5441641e+09 1.6106395e+08 1.3280642e+08 2.9101163e-27 2.7594731e-27 7.8591635e-36
1.1585975e+09 6.5770092e+18 5.5441628e+09 1.6090643e+08 1.3267185e+08 2.9013191e-27 2.751277e-27 7.8195389e-36
1.1597838e+09 6.5835862e+18 5.5441615e+09 1.6074907e+08 1.3253742e+08 2.8925487e-27 2.7431053e-27 7.7801144e-36
1.1609713e+09 6.5901698e+18 5.5441602e+09 1.6059185e+08 1.3240313e+08 2.8838048e-27 2.7349577e-27 7.7408892e-36
1.1621599e+09 6.59676e+18 5.544159e+09 1.6043479e+08 1.3226898e+08 2.8750875e-27 2.7268342e-27 7.7018621e-36
1.1633498e+09 6.6033567e+18 5.5441577e+09 1.6027788e+08 1.3213497e+08 2.8663966e-27 2.7187349e-27 7.6630323e-36
1.1645408e+09 6.6099601e+18 5.5441564e+09 1.6012112e+08 1.3200109e+08 2.857732e-27 2.7106595e-27 7.6243986e-36
1.1657331e+09 6.61657e+18 5.5441552e+09 1.599645e+08 1.3186735e+08 2.8490938e-27 2.702608e-27 7.5859601e-36
1.1669265e+09 6.6231866e+18 5.5441539e+09 1.5980804e+08 1.3173375e+08 2.8404817e-27 2.6945804e-27 7.5477158e-36
1.1681211e+09 6.6298098e+18 5.5441526e+09 1.5965173e+08 1.3160028e+08 2.8318957e-27 2.6865766e-27 7.5096647e-36
1.169317e+09 6.6364396e+18 5.5441514e+09 1.5949557e+08 1.3146696e+08 2.8233357e-27 2.6785965e-27 7.4718059e-36
1.170514e+09 6.643076e+18 5.5441501e+09 1.5933955e+08 1.3133377e+08 2.8148017e-27 2.67064e-27 7.4341384e-36
1.1717122e+09 6.6497191e+18 5.5441489e+09 1.5918369e+08 1.3120071e+08 2.8062936e-27 2.6627071e-27 7.3966611e-36
1.1729116e+09 6.6563688e+18 5.5441476e+09 1.5902797e+08 1.310678e+08 2.7978113e-27 2.6547977e-27 7.3593732e-36
1.1741122e+09 6.6630252e+18 5.5441464e+09 1.5887241e+08 1.3093502e+08 2.7893547e-27 2.6469117e-27 7.3222737e-36
1.175314e+09 6.6696882e+18 5.5441451e+09 1.5871699e+08 1.3080237e+08 2.7809237e-27 2.6390491e-27 7.2853616e-36
1.176517e+09 6.6763579e+18 5.5441439e+09 1.5856173e+08 1.3066987e+08 2.7725183e-27 2.6312097e-27 7.2486359e-36
1.1777213e+09 6.6830343e+18 5.5441427e+09 1.5840661e+08 1.3053749e+08 2.7641384e-27 2.6233936e-27 7.2120958e-36
1.1789267e+09 6.6897173e+18 5.5441414e+09 1.5825164e+08 1.3040526e+08 2.7557839e-27 2.6156007e-27 7.1757403e-36
1.1801333e+09 6.696407e+18 5.5441402e+09 1.5809681e+08 1.3027316e+08 2.7474547e-27 2.6078308e-27 7.1395685e-36
1.1813411e+09 6.7031034e+18 5.5441389e+09 1.5794214e+08 1.301412e+08 2.7391507e-27 2.600084e-27 7.1035793e-36
1.1825502e+09 6.7098065e+18 5.5441377e+09 1.5778762e+08 1.3000937e+08 2.730872e-27 2.5923601e-27 7.067772e-36
1.1837604e+09 6.7165163e+18 5.5441365e+09 1.5763324e+08 1.2987767e+08 2.7226183e-27 2.5846591e-27 7.0321456e-36
1.1849719e+09 6.7232329e+18 5.5441353e+09 1.5747901e+08 1.2974612e+08 2.7143897e-27 2.5769809e-27 6.9966991e-36
1.1861846e+09 6.7299561e+18 5.544134e+09 1.5732493e+08 1.2961469e+08 2.7061859e-27 2.5693255e-27 6.9614316e-36
1.1873985e+09 6.736686e+18 5.5441328e+09 1.5717099e+08 1.2948341e+08 2.6980071e-27 2.5616927e-27 6.9263423e-36
1.1886136e+09 6.7434227e+18 5.5441316e+09 1.5701721e+08 1.2935225e+08 2.6898531e-27 2.5540826e-27 6.8914303e-36
1.1898299e+09 6.7501662e+18 5.5441304e+09 1.5686357e+08 1.2922124e+08 2.6817237e-27 2.546495e-27 6.8566946e-36
1.1910474e+09 6.7569163e+18 5.5441292e+09 1.5671008e+08 1.2909035e+08 2.6736191e-27 2.5389299e-27 6.8221343e-36
1.1922662e+09 6.7636732e+18 5.544128e+09 1.5655673e+08 1.289596e+08 2.665539e-27 2.5313872e-27 6.7877487e-36
1.1934861e+09 6.7704369e+18 5.5441268e+09 1.5640353e+08 1.2882899e+08 2.6574833e-27 2.5238668e-27 6.7535367e-36
1.1947073e+09 6.7772073e+18 5.5441255e+09 1.5625048e+08 1.2869851e+08 2.6494521e-27 2.5163687e-27 6.7194975e-36
1.1959297e+09 6.7839846e+18 5.5441243e+09 1.5609758e+08 1.2856816e+08 2.6414453e-27 2.5088929e-27 6.6856302e-36
1.1971534e+09 6.7907685e+18 5.5441231e+09 1.5594482e+08 1.2843795e+08 2.6334627e-27 2.5014392e-27 6.651934e-36
1.1983782e+09 6.7975593e+18 5.5441219e+09 1.5579221e+08 1.2830787e+08 2.6255043e-27 2.4940076e-27 6.6184079e-36
1.1996043e+09 6.8043569e+18 5.5441207e+09 1.5563974e+08 1.2817793e+08 2.61757e-27 2.486598e-27 6.5850512e-36
1.2008316e+09 6.8111612e+18 5.5441196e+09 1.5548742e+08 1.2804811e+08 2.6096598e-27 2.4792103e-27 6.551863e-36
1.2020602e+09 6.8179724e+18 5.5441184e+09 1.5533525e+08 1.2791844e+08 2.6017736e-27 2.4718446e-27 6.5188424e-36
1.2032899e+09 6.8247904e+18 5.5441172e+09 1.5518323e+08 1.2778889e+08 2.5939112e-27 2.4645007e-27 6.4859885e-36
1.2045209e+09 6.8316151e+18 5.544116e+09 1.5503134e+08 1.2765948e+08 2.5860727e-27 2.4571785e-27 6.4533006e-36
1.2057532e+09 6.8384468e+18 5.5441148e+09 1.5487961e+08 1.275302e+08 2.5782579e-27 2.449878e-27 6.4207778e-36
1.2069866e+09 6.8452852e+18 5.5441136e+09 1.5472802e+08 1.2740105e+08 2.5704669e-27 2.4425992e-27 6.3884192e-36
1.2082213e+09 6.8521305e+18 5.5441124e+09 1.5457657e+08 1.2727204e+08 2.5626994e-27 2.4353419e-27 6.356224e-36
1.2094572e+09 6.8589826e+18 5.5441113e+09 1.5442527e+08 1.2714316e+08 2.5549555e-27 2.4281062e-27 6.3241914e-36
1.2106944e+09 6.8658416e+18 5.5441101e+09 1.5427412e+08 1.2701441e+08 2.5472351e-27 2.4208919e-27 6.2923206e-36
1.2119328e+09 6.8727074e+18 5.5441089e+09 1.5412311e+08 1.2688579e+08 2.539538e-27 2.4136989e-27 6.2606107e-36
1.2131725e+09 6.8795802e+18 5.5441077e+09 1.5397224e+08 1.267573e+08 2.5318643e-27 2.4065273e-27 6.229061e-36
1.2144133e+09 6.8864597e+18 5.5441066e+09 1.5382152e+08 1.2662895e+08 2.5242138e-27 2.3993769e-27 6.1976706e-36
1.2156555e+09 6.8933462e+18 5.5441054e+09 1.5367095e+08 1.2650073e+08 2.5165866e-27 2.3922478e-27 6.1664387e-36
1.2168988e+09 6.9002395e+18 5.5441042e+09 1.5352052e+08 1.2637264e+08 2.5089824e-27 2.3851397e-27 6.1353645e-36
1.2181434e+09 6.9071398e+18 5.5441031e+09 1.5337023e+08 1.2624468e+08 2.5014013e-27 2.3780527e-27 6.1044472e-36
1.2193893e+09 6.9140469e+18 5.5441019e+09 1.5322009e+08 1.2611685e+08 2.4938431e-27 2.3709868e-27 6.0736861e-36
1.2206364e+09 6.920961e+18 5.5441008e+09 1.5307009e+08 1.2598916e+08 2.4863079e-27 2.3639417e-27 6.0430803e-36
1.2218847e+09 6.9278819e+18 5.5440996e+09 1.5292024e+08 1.2586159e+08 2.4787955e-27 2.3569176e-27 6.012629e-36
1.2231343e+09 6.9348098e+18 5.5440985e+09 1.5277052e+08 1.2573416e+08 2.4713059e-27 2.3499142e-27 5.9823315e-36
1.2243852e+09 6.9417446e+18 5.5440973e+09 1.5262096e+08 1.2560685e+08 2.4638389e-27 2.3429316e-27 5.9521869e-36
1.2256373e+09 6.9486864e+18 5.5440962e+09 1.5247153e+08 1.2547968e+08 2.4563946e-27 2.3359697e-27 5.9221946e-36
1.2268906e+09 6.9556351e+18 5.544095e+09 1.5232225e+08 1.2535264e+08 2.4489728e-27 2.3290285e-27 5.8923537e-36
1.2281452e+09 6.9625907e+18 5.5440939e+09 1.5217311e+08 1.2522573e+08 2.4415736e-27 2.3221078e-27 5.8626635e-36
1.2294011e+09 6.9695533e+18 5.5440927e+09 1.5202412e+08 1.2509895e+08 2.4341967e-27 2.3152076e-27 5.8331232e-36
1.2306582e+09 6.9765228e+18 5.5440916e+09 1.5187527e+08 1.2497229e+08 2.4268422e-27 2.3083279e-27 5.8037321e-36
1.2319166e+09 6.9834994e+18 5.5440905e+09 1.5172656e+08 1.2484577e+08 2.41951e-27 2.3014686e-27 5.7744893e-36
1.2331762e+09 6.9904829e+18 5.5440893e+09 1.51578e+08 1.2471938e+08 2.4122e-27 2.2946296e-27 5.7453942e-36
1.2344371e+09 6.9974733e+18 5.5440882e+09 1.5142957e+08 1.2459312e+08 2.4049122e-27 2.2878108e-27 5.716446e-36
1.2356992e+09 7.0044708e+18 5.5440871e+09 1.5128129e+08 1.2446699e+08 2.3976465e-27 2.2810123e-27 5.6876439e-36
1.2369626e+09 7.0114753e+18 5.5440859e+09 1.5113315e+08 1.2434098e+08 2.3904027e-27 2.274234e-27 5.6589873e-36
1.2382273e+09 7.0184868e+18 5.5440848e+09 1.5098516e+08 1.2421511e+08 2.3831809e-27 2.2674757e-27 5.6304753e-36
1.2394933e+09 7.0255052e+18 5.5440837e+09 1.508373e+08 1.2408936e+08 2.375981e-27 2.2607374e-27 5.6021073e-36
1.2407605e+09 7.0325307e+18 5.5440826e+09 1.5068959e+08 1.2396375e+08 2.3688029e-27 2.2540192e-27 5.5738825e-36
1.2420289e+09 7.0395633e+18 5.5440814e+09 1.5054202e+08 1.2383826e+08 2.3616466e-27 2.2473208e-27 5.5458002e-36
1.2432987e+09 7.0466028e+18 5.5440803e+09 1.5039459e+08 1.237129e+08 2.3545119e-27 2.2406423e-27 5.5178597e-36
1.2445697e+09 7.0536494e+18 5.5440792e+09 1.502473e+08 1.2358767e+08 2.3473988e-27 2.2339836e-27 5.4900602e-36
1.245842e+09 7.0607031e+18 5.5440781e+09 1.5010016e+08 1.2346257e+08 2.3403074e-27 2.2273446e-27 5.4624011e-36
1.2471155e+09 7.0677638e+18 5.544077e+09 1.4995315e+08 1.233376e+08 2.3332373e-27 2.2207253e-27 5.4348815e-36
1.2483904e+09 7.0748316e+18 5.5440759e+09 1.4980629e+08 1.2321276e+08 2.3261887e-27 2.2141257e-27 5.407501e-36
1.2496665e+09 7.0819064e+18 5.5440748e+09 1.4965957e+08 1.2308804e+08 2.3191615e-27 2.2075456e-27 5.3802586e-36
1.2509439e+09 7.0889883e+18 5.5440737e+09 1.4951298e+08 1.2296345e+08 2.3121556e-27 2.200985e-27 5.3531538e-36
1.2522225e+09 7.0960773e+18 5.5440726e+09 1.4936654e+08 1.2283899e+08 2.3051708e-27 2.1944438e-27 5.3261857e-36
1.2535025e+09 7.1031734e+18 5.5440715e+09 1.4922024e+08 1.2271466e+08 2.2982073e-27 2.1879221e-27 5.2993539e-36
1.2547837e+09 7.1102765e+18 5.5440704e+09 1.4907408e+08 1.2259045e+08 2.2912648e-27 2.1814196e-27 5.2726574e-36
1.2560662e+09 7.1173868e+18 5.5440693e+09 1.4892806e+08 1.2246637e+08 2.2843434e-27 2.1749365e-27 5.2460957e-36
1.25735e+09 7.1245042e+18 5.5440682e+09 1.4878218e+08 1.2234242e+08 2.2774429e-27 2.1684725e-27 5.2196681e-36
1.258635e+09 7.1316287e+18 5.5440671e+09 1.4863645e+08 1.222186e+08 2.2705633e-27 2.1620278e-27 5.1933739e-36
1.2599214e+09 7.1387603e+18 5.544066e+09 1.4849085e+08 1.220949e+08 2.2637046e-27 2.1556021e-27 5.1672124e-36
1.261209e+09 7.1458991e+18 5.5440649e+09 1.4834539e+08 1.2197133e+08 2.2568667e-27 2.1491955e-27 5.141183e-36
1.262498e+09 7.153045e+18 5.5440639e+09 1.4820007e+08 1.2184789e+08 2.2500495e-27 2.1428079e-27 5.115285e-36
1.2637882e+09 7.160198e+18 5.5440628e+09 1.4805489e+08 1.2172457e+08 2.2432529e-27 2.1364392e-27 5.0895176e-36
1.2650797e+09 7.1673582e+18 5.5440617e+09 1.4790985e+08 1.2160138e+08 2.2364769e-27 2.1300894e-27 5.0638804e-36
1.2663725e+09 7.1745256e+18 5.5440606e+09 1.4776495e+08 1.2147832e+08 2.2297214e-27 2.1237584e-27 5.0383725e-36
1.2676666e+09 7.1817001e+18 5.5440595e+09 1.4762018e+08 1.2135538e+08 2.2229864e-27 2.1174462e-27 5.0129934e-36
1.268962e+09 7.1888818e+18 5.5440585e+09 1.4747556e+08 1.2123257e+08 2.2162718e-27 2.1111527e-27 4.9877424e-36
1.2702586e+09 7.1960707e+18 5.5440574e+09 1.4733108e+08 1.2110988e+08 2.2095776e-27 2.1048779e-27 4.9626188e-36
1.2715566e+09 7.2032668e+18 5.5440563e+09 1.4718673e+08 1.2098732e+08 2.2029036e-27 2.0986217e-27 4.937622e-36
1.2728559e+09 7.21047e+18 5.5440553e+09 1.4704252e+08 1.2086489e+08 2.1962498e-27 2.092384e-27 4.9127514e-36
1.2741565e+09 7.2176805e+18 5.5440542e+09 1.4689846e+08 1.2074258e+08 2.1896162e-27 2.0861648e-27 4.8880063e-36
1.2754584e+09 7.2248982e+18 5.5440531e+09 1.4675453e+08 1.206204e+08 2.1830027e-27 2.0799641e-27 4.8633861e-36
1.2767615e+09 7.2321231e+18 5.5440521e+09 1.4661073e+08 1.2049834e+08 2.1764092e-27 2.0737817e-27 4.8388901e-36
1.278066e+09 7.2393552e+18 5.544051e+09 1.4646708e+08 1.203764e+08 2.1698357e-27 2.0676177e-27 4.8145178e-36
1.2793718e+09 7.2465946e+18 5.54405e+09 1.4632357e+08 1.202546e+08 2.1632821e-27 2.0614719e-27 4.7902685e-36
1.2806789e+09 7.2538412e+18 5.5440489e+09 1.4618019e+08 1.2013291e+08 2.1567483e-27 2.0553444e-27 4.7661415e-36
1.2819873e+09 7.261095e+18 5.5440479e+09 1.4603695e+08 1.2001135e+08 2.1502344e-27 2.049235e-27 4.7421363e-36
1.283297e+09 7.2683561e+18 5.5440468e+09 1.4589385e+08 1.1988992e+08 2.1437401e-27 2.0431438e-27 4.7182523e-36
1.284608e+09 7.2756245e+18 5.5440458e+09 1.4575088e+08 1.1976861e+08 2.1372655e-27 2.0370706e-27 4.6944888e-36
1.2859204e+09 7.2829001e+18 5.5440447e+09 1.4560806e+08 1.1964743e+08 2.1308106e-27 2.0310154e-27 4.6708452e-36
1.287234e+09 7.290183e+18 5.5440437e+09 1.4546537e+08 1.1952636e+08 2.1243752e-27 2.0249782e-27 4.6473209e-36
1.288549e+09 7.2974732e+18 5.5440426e+09 1.4532281e+08 1.1940543e+08 2.1179593e-27 2.0189589e-27 4.6239153e-36
1.2898652e+09 7.3047706e+18 5.5440416e+09 1.451804e+08 1.1928461e+08 2.1115628e-27 2.0129574e-27 4.6006278e-36
1.2911828e+09 7.3120754e+18 5.5440406e+09 1.4503812e+08 1.1916393e+08 2.1051857e-27 2.0069737e-27 4.5774579e-36
1.2925017e+09 7.3193875e+18 5.5440395e+09 1.4489598e+08 1.1904336e+08 2.0988279e-27 2.0010078e-27 4.5544049e-36
1.293822e+09 7.3267069e+18 5.5440385e+09 1.4475397e+08 1.1892292e+08 2.0924893e-27 1.9950595e-27 4.5314682e-36
1.2951435e+09 7.3340336e+18 5.5440375e+09 1.446121e+08 1.188026e+08 2.08617e-27 1.9891289e-27 4.5086472e-36
1.2964664e+09 7.3413676e+18 5.5440364e+09 1.4447037e+08 1.186824e+08 2.0798698e-27 1.9832159e-27 4.4859414e-36
1.2977906e+09 7.348709e+18 5.5440354e+09 1.4432878e+08 1.1856233e+08 2.0735886e-27 1.9773204e-27 4.4633502e-36
1.2991161e+09 7.3560577e+18 5.5440344e+09 1.4418732e+08 1.1844238e+08 2.0673265e-27 1.9714424e-27 4.4408729e-36
1.3004429e+09 7.3634137e+18 5.5440334e+09 1.4404599e+08 1.1832256e+08 2.0610834e-27 1.9655819e-27 4.4185091e-36
1.3017711e+09 7.3707772e+18 5.5440324e+09 1.439048e+08 1.1820285e+08 2.0548591e-27 1.9597387e-27 4.3962581e-36
1.3031006e+09 7.3781479e+18 5.5440313e+09 1.4376375e+08 1.1808327e+08 2.0486537e-27 1.9539128e-27 4.3741194e-36
1.3044314e+09 7.3855261e+18 5.5440303e+09 1.4362284e+08 1.1796382e+08 2.0424671e-27 1.9481042e-27 4.3520924e-36
1.3057636e+09 7.3929116e+18 5.5440293e+09 1.4348205e+08 1.1784448e+08 2.0362992e-27 1.9423129e-27 4.3301765e-36
1.3070971e+09 7.4003045e+18 5.5440283e+09 1.4334141e+08 1.1772527e+08 2.0301501e-27 1.9365387e-27 4.3083712e-36
1.3084319e+09 7.4077048e+18 5.5440273e+09 1.432009e+08 1.1760617e+08 2.0240195e-27 1.9307816e-27 4.2866759e-36
1.3097681e+09 7.4151125e+18 5.5440263e+09 1.4306052e+08 1.174872e+08 2.0179075e-27 1.9250416e-27 4.2650901e-36
1.3111056e+09 7.4225276e+18 5.5440253e+09 1.4292028e+08 1.1736836e+08 2.011814e-27 1.9193187e-27 4.2436132e-36
1.3124444e+09 7.4299502e+18 5.5440243e+09 1.4278018e+08 1.1724963e+08 2.0057389e-27 1.9136127e-27 4.2222447e-36
1.3137846e+09 7.4373801e+18 5.5440233e+09 1.4264021e+08 1.1713103e+08 1.9996823e-27 1.9079236e-27 4.2009839e-36
1.3151261e+09 7.4448175e+18 5.5440223e+09 1.4250037e+08 1.1701254e+08 1.993644e-27 1.9022514e-27 4.1798304e-36
1.3164689e+09 7.4522623e+18 5.5440213e+09 1.4236067e+08 1.1689418e+08 1.9876239e-27 1.8965961e-27 4.1587837e-36
1.3178131e+09 7.4597146e+18 5.5440203e+09 1.422211e+08 1.1677594e+08 1.9816221e-27 1.8909575e-27 4.1378431e-36
1.3191587e+09 7.4671743e+18 5.5440193e+09 1.4208167e+08 1.1665782e+08 1.9756385e-27 1.8853356e-27 4.1170081e-36
1.3205056e+09 7.4746415e+18 5.5440183e+09 1.4194237e+08 1.1653983e+08 1.969673e-27 1.8797304e-27 4.0962783e-36
1.3218538e+09 7.4821161e+18 5.5440173e+09 1.4180321e+08 1.1642195e+08 1.9637256e-27 1.8741418e-27 4.0756531e-36
1.3232034e+09 7.4895982e+18 5.5440163e+09 1.4166418e+08 1.1630419e+08 1.9577961e-27 1.8685698e-27 4.0551319e-36
1.3245543e+09 7.4970878e+18 5.5440153e+09 1.4152528e+08 1.1618656e+08 1.9518846e-27 1.8630143e-27 4.0347142e-36
1.3259066e+09 7.5045849e+18 5.5440143e+09 1.4138652e+08 1.1606904e+08 1.945991e-27 1.8574753e-27 4.0143995e-36
1.3272602e+09 7.5120895e+18 5.5440134e+09 1.4124789e+08 1.1595165e+08 1.9401153e-27 1.8519528e-27 3.9941873e-36
1.3286152e+09 7.5196016e+18 5.5440124e+09 1.4110939e+08 1.1583437e+08 1.9342573e-27 1.8464466e-27 3.9740771e-36
1.3299716e+09 7.5271212e+18 5.5440114e+09 1.4097103e+08 1.1571722e+08 1.9284171e-27 1.8409567e-27 3.9540683e-36
1.3313293e+09 7.5346483e+18 5.5440104e+09 1.408328e+08 1.1560018e+08 1.9225946e-27 1.8354832e-27 3.9341605e-36
1.3326883e+09 7.542183e+18 5.5440094e+09 1.406947e+08 1.1548327e+08 1.9167897e-27 1.8300258e-27 3.9143531e-36
1.3340488e+09 7.5497251e+18 5.5440085e+09 1.4055674e+08 1.1536647e+08 1.9110023e-27 1.8245847e-27 3.8946455e-36
1.3354105e+09 7.5572749e+18 5.5440075e+09 1.404189e+08 1.152498e+08 1.9052325e-27 1.8191597e-27 3.8750374e-36
1.3367737e+09 7.5648321e+18 5.5440065e+09 1.4028121e+08 1.1513324e+08 1.8994802e-27 1.8137507e-27 3.8555282e-36
1.3381382e+09 7.572397e+18 5.5440056e+09 1.4014364e+08 1.150168e+08 1.8937452e-27 1.8083579e-27 3.8361175e-36
1.3395041e+09 7.5799694e+18 5.5440046e+09 1.4000621e+08 1.1490049e+08 1.8880276e-27 1.802981e-27 3.8168046e-36
1.3408713e+09 7.5875493e+18 5.5440036e+09 1.398689e+08 1.1478429e+08 1.8823274e-27 1.7976201e-27 3.7975891e-36
1.3422399e+09 7.5951369e+18 5.5440027e+09 1.3973173e+08 1.1466821e+08 1.8766444e-27 1.7922751e-27 3.7784706e-36
1.3436099e+09 7.602732e+18 5.5440017e+09 1.395947e+08 1.1455225e+08 1.8709786e-27 1.7869459e-27 3.7594485e-36
1.3449812e+09 7.6103348e+18 5.5440008e+09 1.3945779e+08 1.1443641e+08 1.8653299e-27 1.7816325e-27 3.7405223e-36
1.3463539e+09 7.6179451e+18 5.5439998e+09 1.3932102e+08 1.1432068e+08 1.8596984e-27 1.7763349e-27 3.7216916e-36
1.347728e+09 7.625563e+18 5.5439989e+09 1.3918438e+08 1.1420508e+08 1.8540839e-27 1.771053e-27 3.7029559e-36
1.3491035e+09 7.6331886e+18 5.5439979e+09 1.3904787e+08 1.1408959e+08 1.8484864e-27 1.7657868e-27 3.6843146e-36
1.3504803e+09 7.6408218e+18 5.543997e+09 1.3891149e+08 1.1397422e+08 1.8429058e-27 1.7605362e-27 3.6657674e-36
1.3518585e+09 7.6484626e+18 5.543996e+09 1.3877524e+08 1.1385897e+08 1.8373421e-27 1.7553012e-27 3.6473138e-36
1.3532381e+09 7.6561111e+18 5.5439951e+09 1.3863912e+08 1.1374384e+08 1.8317953e-27 1.7500817e-27 3.6289532e-36
1.3546191e+09 7.6637672e+18 5.5439941e+09 1.3850314e+08 1.1362883e+08 1.8262653e-27 1.7448777e-27 3.6106852e-36
1.3560015e+09 7.671431e+18 5.5439932e+09 1.3836729e+08 1.1351393e+08 1.820752e-27 1.7396892e-27 3.5925093e-36
1.3573852e+09 7.6791024e+18 5.5439922e+09 1.3823156e+08 1.1339915e+08 1.8152553e-27 1.734516e-27 3.5744251e-36
1.3587703e+09 7.6867815e+18 5.5439913e+09 1.3809597e+08 1.1328449e+08 1.8097754e-27 1.7293582e-27 3.5564322e-36
1.3601568e+09 7.6944683e+18 5.5439904e+09 1.3796051e+08 1.1316995e+08 1.804312e-27 1.7242157e-27 3.5385299e-36
1.3615447e+09 7.7021627e+18 5.5439894e+09 1.3782518e+08 1.1305552e+08 1.7988651e-27 1.7190884e-27 3.520718e-36
1.362934e+09 7.7098649e+18 5.5439885e+09 1.3768997e+08 1.1294121e+08 1.7934348e-27 1.7139764e-27 3.5029958e-36
1.3643247e+09 7.7175748e+18 5.5439876e+09 1.375549e+08 1.1282702e+08 1.7880209e-27 1.7088795e-27 3.4853631e-36
1.3657167e+09 7.7252923e+18 5.5439866e+09 1.3741996e+08 1.1271294e+08 1.7826233e-27 1.7037977e-27 3.4678192e-36
1.3671102e+09 7.7330176e+18 5.5439857e+09 1.3728515e+08 1.1259898e+08 1.7772421e-27 1.698731e-27 3.4503639e-36
1.368505e+09 7.7407506e+18 5.5439848e+09 1.3715047e+08 1.1248514e+08 1.7718772e-27 1.6936794e-27 3.4329965e-36
1.3699013e+09 7.7484914e+18 5.5439839e+09 1.3701592e+08 1.1237141e+08 1.7665285e-27 1.6886427e-27 3.4157168e-36
1.3712989e+09 7.7562399e+18 5.5439829e+09 1.368815e+08 1.122578e+08 1.761196e-27 1.683621e-27 3.3985242e-36
1.372698e+09 7.7639961e+18 5.543982e+09 1.367472e+08 1.1214431e+08 1.7558797e-27 1.6786142e-27 3.3814182e-36
1.3740984e+09 7.7717601e+18 5.5439811e+09 1.3661304e+08 1.1203093e+08 1.7505794e-27 1.6736222e-27 3.3643986e-36
1.3755002e+09 7.7795319e+18 5.5439802e+09 1.3647901e+08 1.1191767e+08 1.7452952e-27 1.668645e-27 3.3474647e-36
1.3769035e+09 7.7873114e+18 5.5439793e+09 1.363451e+08 1.1180452e+08 1.740027e-27 1.6636826e-27 3.3306163e-36
1.3783081e+09 7.7950987e+18 5.5439784e+09 1.3621133e+08 1.1169149e+08 1.7347747e-27 1.658735e-27 3.3138528e-36
1.3797142e+09 7.8028938e+18 5.5439774e+09 1.3607768e+08 1.1157858e+08 1.7295383e-27 1.653802e-27 3.2971738e-36
1.3811216e+09 7.8106967e+18 5.5439765e+09 1.3594416e+08 1.1146578e+08 1.7243178e-27 1.6488836e-27 3.280579e-36
1.3825305e+09 7.8185074e+18 5.5439756e+09 1.3581077e+08 1.113531e+08 1.719113e-27 1.6439799e-27 3.2640678e-36
1.3839407e+09 7.8263259e+18 5.5439747e+09 1.3567751e+08 1.1124053e+08 1.713924e-27 1.6390907e-27 3.2476399e-36
1.3853524e+09 7.8341523e+18 5.5439738e+09 1.3554438e+08 1.1112808e+08 1.7087508e-27 1.634216e-27 3.2312948e-36
1.3867655e+09 7.8419864e+18 5.5439729e+09 1.3541138e+08 1.1101574e+08 1.7035931e-27 1.6293558e-27 3.2150321e-36
1.38818e+09 7.8498284e+18 5.543972e+09 1.352785e+08 1.1090352e+08 1.6984511e-27 1.6245099e-27 3.1988514e-36
1.3895959e+09 7.8576782e+18 5.5439711e+09 1.3514575e+08 1.1079141e+08 1.6933247e-27 1.6196785e-27 3.1827523e-36
1.3910133e+09 7.8655359e+18 5.5439702e+09 1.3501313e+08 1.1067942e+08 1.6882137e-27 1.6148614e-27 3.1667344e-36
1.392432e+09 7.8734014e+18 5.5439693e+09 1.3488064e+08 1.1056754e+08 1.6831182e-27 1.6100586e-27 3.1507973e-36
1.3938522e+09 7.8812748e+18 5.5439684e+09 1.3474828e+08 1.1045577e+08 1.6780382e-27 1.6052701e-27 3.1349404e-36
1.3952738e+09 7.8891561e+18 5.5439675e+09 1.3461604e+08 1.1034412e+08 1.6729735e-27 1.6004957e-27 3.1191636e-36
1.3966968e+09 7.8970453e+18 5.5439667e+09 1.3448393e+08 1.1023259e+08 1.6679241e-27 1.5957356e-27 3.1034663e-36
1.3981213e+09 7.9049423e+18 5.5439658e+09 1.3435195e+08 1.1012117e+08 1.6628901e-27 1.5909895e-27 3.0878481e-36
1.3995471e+09 7.9128473e+18 5.5439649e+09 1.3422009e+08 1.1000986e+08 1.6578712e-27 1.5862575e-27 3.0723087e-36
1.4009744e+09 7.9207601e+18 5.543964e+09 1.3408837e+08 1.0989866e+08 1.6528675e-27 1.5815396e-27 3.0568476e-36
1.4024031e+09 7.9286809e+18 5.5439631e+09 1.3395677e+08 1.0978758e+08 1.647879e-27 1.5768357e-27 3.0414644e-36
1.4038333e+09 7.9366095e+18 5.5439622e+09 1.3382529e+08 1.0967662e+08 1.6429056e-27 1.5721457e-27 3.0261588e-36
1.4052649e+09 7.9445461e+18 5.5439614e+09 1.3369395e+08 1.0956576e+08 1.6379472e-27 1.5674697e-27 3.0109304e-36
1.4066979e+09 7.9524907e+18 5.5439605e+09 1.3356273e+08 1.0945503e+08 1.6330039e-27 1.5628075e-27 2.9957788e-36
1.4081323e+09 7.9604432e+18 5.5439596e+09 1.3343163e+08 1.093444e+08 1.6280754e-27 1.5581592e-27 2.9807035e-36
1.4095682e+09 7.9684036e+18 5.5439587e+09 1.3330067e+08 1.0923389e+08 1.6231619e-27 1.5535247e-27 2.9657042e-36
1.4110055e+09 7.976372e+18 5.5439579e+09 1.3316982e+08 1.0912349e+08 1.6182633e-27 1.5489039e-27 2.9507806e-36
1.4124443e+09 7.9843484e+18 5.543957e+09 1.3303911e+08 1.090132e+08 1.6133795e-27 1.5442968e-27 2.9359322e-36
1.4138844e+09 7.9923328e+18 5.5439561e+09 1.3290852e+08 1.0890302e+08 1.6085104e-27 1.5397034e-27 2.9211586e-36
1.4153261e+09 8.0003251e+18 5.5439553e+09 1.3277806e+08 1.0879296e+08 1.6036561e-27 1.5351237e-27 2.9064595e-36
1.4167691e+09 8.0083254e+18 5.5439544e+09 1.3264772e+08 1.0868301e+08 1.5988165e-27 1.5305575e-27 2.8918345e-36
1.4182137e+09 8.0163337e+18 5.5439535e+09 1.3251751e+08 1.0857317e+08 1.5939916e-27 1.5260049e-27 2.8772832e-36
1.4196596e+09 8.0243501e+18 5.5439527e+09 1.3238742e+08 1.0846345e+08 1.5891812e-27 1.5214658e-27 2.8628053e-36
1.421107e+09 8.0323744e+18 5.5439518e+09 1.3225746e+08 1.0835384e+08 1.5843854e-27 1.5169401e-27 2.8484004e-36
1.4225559e+09 8.0404068e+18 5.543951e+09 1.3212763e+08 1.0824434e+08 1.579604e-27 1.5124279e-27 2.834068e-36
1.4240062e+09 8.0484472e+18 5.5439501e+09 1.3199792e+08 1.0813495e+08 1.5748372e-27 1.5079291e-27 2.819808e-36
1.4254579e+09 8.0564956e+18 5.5439492e+09 1.3186833e+08 1.0802567e+08 1.5700848e-27 1.5034437e-27 2.8056198e-36
1.4269111e+09 8.0645521e+18 5.5439484e+09 1.3173888e+08 1.0791651e+08 1.5653467e-27 1.4989715e-27 2.7915031e-36
1.4283658e+09 8.0726167e+18 5.5439475e+09 1.3160954e+08 1.0780745e+08 1.560623e-27 1.4945126e-27 2.7774576e-36
1.4298219e+09 8.0806893e+18 5.5439467e+09 1.3148033e+08 1.0769851e+08 1.5559136e-27 1.490067e-27 2.7634828e-36
1.4312795e+09 8.08877e+18 5.5439458e+09 1.3135125e+08 1.0758968e+08 1.5512184e-27 1.4856345e-27 2.7495785e-36
1.4327385e+09 8.0968588e+18 5.543945e+09 1.3122229e+08 1.0748096e+08 1.5465374e-27 1.4812153e-27 2.7357443e-36
1.434199e+09 8.1049556e+18 5.5439442e+09 1.3109345e+08 1.0737235e+08 1.5418706e-27 1.4768091e-27 2.7219799e-36
1.4356609e+09 8.1130606e+18 5.5439433e+09 1.3096474e+08 1.0726386e+08 1.5372179e-27 1.472416e-27 2.7082848e-36
1.4371244e+09 8.1211736e+18 5.5439425e+09 1.3083615e+08 1.0715547e+08 1.5325793e-27 1.4680359e-27 2.6946587e-36
1.4385892e+09 8.1292948e+18 5.5439416e+09 1.3070769e+08 1.0704719e+08 1.5279548e-27 1.4636689e-27 2.6811013e-36
1.4400556e+09 8.1374241e+18 5.5439408e+09 1.3057935e+08 1.0693903e+08 1.5233442e-27 1.4593148e-27 2.6676122e-36
1.4415234e+09 8.1455615e+18 5.54394e+09 1.3045113e+08 1.0683097e+08 1.5187475e-27 1.4549736e-27 2.6541911e-36
1.4429926e+09 8.1537071e+18 5.5439391e+09 1.3032304e+08 1.0672303e+08 1.5141648e-27 1.4506453e-27 2.6408377e-36
1.4444634e+09 8.1618608e+18 5.5439383e+09 1.3019507e+08 1.066152e+08 1.5095959e-27 1.4463299e-27 2.6275516e-36
1.4459356e+09 8.1700227e+18 5.5439375e+09 1.3006722e+08 1.0650747e+08 1.5050408e-27 1.4420273e-27 2.6143324e-36
1.4474093e+09 8.1781927e+18 5.5439366e+09 1.299395e+08 1.0639986e+08 1.5004996e-27 1.4377374e-27 2.6011799e-36
1.4488844e+09 8.1863709e+18 5.5439358e+09 1.298119e+08 1.0629236e+08 1.495972e-27 1.4334603e-27 2.5880936e-36
1.4503611e+09 8.1945573e+18 5.543935e+09 1.2968443e+08 1.0618496e+08 1.4914582e-27 1.4291959e-27 2.5750733e-36
1.4518392e+09 8.2027518e+18 5.5439342e+09 1.2955708e+08 1.0607768e+08 1.486958e-27 1.4249441e-27 2.5621186e-36
1.4533188e+09 8.2109546e+18 5.5439333e+09 1.2942985e+08 1.0597051e+08 1.4824714e-27 1.420705e-27 2.5492292e-36
1.4547999e+09 8.2191655e+18 5.5439325e+09 1.2930274e+08 1.0586344e+08 1.4779984e-27 1.4164784e-27 2.5364048e-36
1.4562824e+09 8.2273847e+18 5.5439317e+09 1.2917576e+08 1.0575649e+08 1.4735389e-27 1.4122644e-27 2.5236449e-36
1.4577664e+09 8.2356121e+18 5.5439309e+09 1.290489e+08 1.0564964e+08 1.4690929e-27 1.4080629e-27 2.5109494e-36
1.459252e+09 8.2438477e+18 5.5439301e+09 1.2892216e+08 1.055429e+08 1.4646604e-27 1.4038739e-27 2.4983179e-36
1.460739e+09 8.2520915e+18 5.5439292e+09 1.2879554e+08 1.0543628e+08 1.4602413e-27 1.3996973e-27 2.48575e-36
1.4622275e+09 8.2603436e+18 5.5439284e+09 1.2866905e+08 1.0532976e+08 1.4558355e-27 1.3955331e-27 2.4732455e-36
1.4637174e+09 8.268604e+18 5.5439276e+09 1.2854268e+08 1.0522335e+08 1.4514431e-27 1.3913813e-27 2.4608039e-36
1.4652089e+09 8.2768726e+18 5.5439268e+09 1.2841643e+08 1.0511705e+08 1.4470639e-27 1.3872418e-27 2.4484251e-36
1.4667019e+09 8.2851494e+18 5.543926e+09 1.282903e+08 1.0501086e+08 1.442698e-27 1.3831146e-27 2.4361086e-36
1.4681963e+09 8.2934346e+18 5.5439252e+09 1.2816429e+08 1.0490477e+08 1.4383453e-27 1.3789996e-27 2.4238543e-36
1.4696923e+09 8.301728e+18 5.5439244e+09 1.2803841e+08 1.047988e+08 1.4340058e-27 1.3748968e-27 2.4116616e-36
1.4711897e+09 8.3100298e+18 5.5439236e+09 1.2791264e+08 1.0469293e+08 1.4296793e-27 1.3708063e-27 2.3995304e-36
1.4726887e+09 8.3183398e+18 5.5439228e+09 1.27787e+08 1.0458717e+08 1.425366e-27 1.3667279e-27 2.3874603e-36
1.4741891e+09 8.3266581e+18 5.543922e+09 1.2766148e+08 1.0448152e+08 1.4210657e-27 1.3626615e-27 2.3754511e-36
1.475691e+09 8.3349848e+18 5.5439212e+09 1.2753608e+08 1.0437598e+08 1.4167785e-27 1.3586073e-27 2.3635023e-36
1.4771945e+09 8.3433198e+18 5.5439204e+09 1.274108e+08 1.0427054e+08 1.4125041e-27 1.3545651e-27 2.3516138e-36
1.4786994e+09 8.3516631e+18 5.5439196e+09 1.2728565e+08 1.0416521e+08 1.4082428e-27 1.3505349e-27 2.3397852e-36
1.4802059e+09 8.3600147e+18 5.5439188e+09 1.2716061e+08 1.0405999e+08 1.4039943e-27 1.3465166e-27 2.3280162e-36
1.4817139e+09 8.3683748e+18 5.543918e+09 1.270357e+08 1.0395488e+08 1.3997586e-27 1.3425103e-27 2.3163064e-36
1.4832233e+09 8.3767431e+18 5.5439172e+09 1.269109e+08 1.0384987e+08 1.3955358e-27 1.3385159e-27 2.3046557e-36
1.4847343e+09 8.3851199e+18 5.5439164e+09 1.2678623e+08 1.0374498e+08 1.3913257e-27 1.3345334e-27 2.2930637e-36
1.4862468e+09 8.393505e+18 5.5439156e+09 1.2666167e+08 1.0364019e+08 1.3871284e-27 1.3305626e-27 2.2815301e-36
1.4877608e+09 8.4018985e+18 5.5439149e+09 1.2653724e+08 1.035355e+08 1.3829437e-27 1.3266037e-27 2.2700546e-36
1.4892763e+09 8.4103004e+18 5.5439141e+09 1.2641293e+08 1.0343092e+08 1.3787717e-27 1.3226565e-27 2.2586369e-36
1.4907933e+09 8.4187107e+18 5.5439133e+09 1.2628873e+08 1.0332645e+08 1.3746124e-27 1.318721e-27 2.2472767e-36
1.4923119e+09 8.4271294e+18 5.5439125e+09 1.2616466e+08 1.0322209e+08 1.3704656e-27 1.3147972e-27 2.2359738e-36
1.493832e+09 8.4355565e+18 5.5439117e+09 1.2604071e+08 1.0311783e+08 1.3663313e-27 1.3108851e-27 2.2247278e-36
1.4953536e+09 8.4439921e+18 5.543911e+09 1.2591687e+08 1.0301368e+08 1.3622096e-27 1.3069846e-27 2.2135385e-36
1.4968767e+09 8.4524361e+18 5.5439102e+09 1.2579316e+08 1.0290964e+08 1.3581003e-27 1.3030956e-27 2.2024056e-36
1.4984013e+09 8.4608885e+18 5.5439094e+09 1.2566957e+08 1.028057e+08 1.3540034e-27 1.2992183e-27 2.1913287e-36
1.4999275e+09 8.4693494e+18 5.5439086e+09 1.2554609e+08 1.0270187e+08 1.349919e-27 1.2953524e-27 2.1803077e-36
1.5014551e+09 8.4778188e+18 5.5439079e+09 1.2542274e+08 1.0259815e+08 1.3458468e-27 1.291498e-27 2.1693421e-36
1.5029844e+09 8.4862966e+18 5.5439071e+09 1.252995e+08 1.0249453e+08 1.341787e-27 1.287655e-27 2.1584318e-36
1.5045151e+09 8.4947829e+18 5.5439063e+09 1.2517638e+08 1.0239101e+08 1.3377395e-27 1.2838235e-27 2.1475765e-36
1.5060474e+09 8.5032777e+18 5.5439056e+09 1.2505338e+08 1.022876e+08 1.3337042e-27 1.2800033e-27 2.1367759e-36
1.5075812e+09 8.5117809e+18 5.5439048e+09 1.249305e+08 1.021843e+08 1.3296811e-27 1.2761945e-27 2.1260297e-36
1.5091165e+09 8.5202927e+18 5.543904e+09 1.2480774e+08 1.020811e+08 1.3256702e-27 1.272397e-27 2.1153376e-36
1.5106534e+09 8.528813e+18 5.5439033e+09 1.246851e+08 1.0197801e+08 1.3216714e-27 1.2686108e-27 2.1046994e-36
1.5121918e+09 8.5373418e+18 5.5439025e+09 1.2456258e+08 1.0187503e+08 1.3176847e-27 1.2648358e-27 2.0941147e-36
1.5137318e+09 8.5458792e+18 5.5439017e+09 1.2444017e+08 1.0177214e+08 1.3137101e-27 1.261072e-27 2.0835834e-36
1.5152733e+09 8.5544251e+18 5.543901e+09 1.2431789e+08 1.0166937e+08 1.3097474e-27 1.2573194e-27 2.0731052e-36
1.5168163e+09 8.5629795e+18 5.5439002e+09 1.2419572e+08 1.015667e+08 1.3057968e-27 1.2535779e-27 2.0626797e-36
1.5183609e+09 8.5715425e+18 5.5438995e+09 1.2407367e+08 1.0146413e+08 1.3018581e-27 1.2498476e-27 2.0523068e-36
1.519907e+09 8.580114e+18 5.5438987e+09 1.2395174e+08 1.0136167e+08 1.2979313e-27 1.2461283e-27 2.0419861e-36
1.5214547e+09 8.5886941e+18 5.543898e+09 1.2382992e+08 1.0125931e+08 1.2940164e-27 1.2424201e-27 2.0317174e-36
1.5230039e+09 8.5972828e+18 5.5438972e+09 1.2370822e+08 1.0115706e+08 1.2901133e-27 1.2387229e-27 2.0215004e-36
1.5245546e+09 8.6058801e+18 5.5438965e+09 1.2358664e+08 1.0105491e+08 1.286222e-27 1.2350366e-27 2.0113348e-36
1.526107e+09 8.614486e+18 5.5438957e+09 1.2346518e+08 1.0095287e+08 1.2823425e-27 1.2313613e-27 2.0012205e-36
1.5276608e+09 8.6231005e+18 5.543895e+09 1.2334384e+08 1.0085093e+08 1.2784747e-27 1.227697e-27 1.9911572e-36
1.5292162e+09 8.6317236e+18 5.5438942e+09 1.2322261e+08 1.0074909e+08 1.2746186e-27 1.2240435e-27 1.9811445e-36
1.5307732e+09 8.6403553e+18 5.5438935e+09 1.231015e+08 1.0064736e+08 1.2707741e-27 1.2204008e-27 1.9711822e-36
1.5323318e+09 8.6489956e+18 5.5438927e+09 1.2298051e+08 1.0054573e+08 1.2669413e-27 1.216769e-27 1.9612702e-36
1.5338919e+09 8.6576446e+18 5.543892e+09 1.2285963e+08 1.004442e+08 1.2631201e-27 1.213148e-27 1.951408e-36
1.5354535e+09 8.6663023e+18 5.5438913e+09 1.2273888e+08 1.0034278e+08 1.2593104e-27 1.2095377e-27 1.9415956e-36
1.5370167e+09 8.6749686e+18 5.5438905e+09 1.2261823e+08 1.0024147e+08 1.2555123e-27 1.2059381e-27 1.9318325e-36
1.5385815e+09 8.6836435e+18 5.5438898e+09 1.2249771e+08 1.0014025e+08 1.2517256e-27 1.2023492e-27 1.9221187e-36
1.5401478e+09 8.6923272e+18 5.5438891e+09 1.223773e+08 1.0003914e+08 1.2479504e-27 1.198771e-27 1.9124537e-36
1.5417158e+09 8.7010195e+18 5.5438883e+09 1.2225701e+08 99938135 1.2441866e-27 1.1952034e-27 1.9028375e-36
1.5432852e+09 8.7097205e+18 5.5438876e+09 1.2213683e+08 99837231 1.2404341e-27 1.1916464e-27 1.8932696e-36
1.5448563e+09 8.7184303e+18 5.5438869e+09 1.2201677e+08 99736429 1.236693e-27 1.1881e-27 1.88375e-36
1.5464289e+09 8.7271487e+18 5.5438861e+09 1.2189683e+08 99635731 1.2329632e-27 1.1845641e-27 1.8742783e-36
1.5480031e+09 8.7358758e+18 5.5438854e+09 1.21777e+08 99535135 1.2292447e-27 1.1810387e-27 1.8648543e-36
1.5495789e+09 8.7446117e+18 5.5438847e+09 1.2165729e+08 99434642 1.2255375e-27 1.1775238e-27 1.8554778e-36
1.5511562e+09 8.7533563e+18 5.543884e+09 1.2153769e+08 99334252 1.2218414e-27 1.1740193e-27 1.8461485e-36
1.5527351e+09 8.7621097e+18 5.5438832e+09 1.2141821e+08 99233963 1.2181565e-27 1.1705252e-27 1.8368662e-36
1.5543156e+09 8.7708718e+18 5.5438825e+09 1.2129885e+08 99133778 1.2144828e-27 1.1670416e-27 1.8276306e-36
1.5558977e+09 8.7796427e+18 5.5438818e+09 1.211796e+08 99033694 1.2108201e-27 1.1635682e-27 1.8184415e-36
1.5574814e+09 8.7884223e+18 5.5438811e+09 1.2106046e+08 98933713 1.2071686e-27 1.1601052e-27 1.8092988e-36
1.5590666e+09 8.7972107e+18 5.5438804e+09 1.2094145e+08 98833833 1.203528e-27 1.1566524e-27 1.800202e-36
1.5606535e+09 8.8060079e+18 5.5438797e+09 1.2082254e+08 98734056 1.1998985e-27 1.1532099e-27 1.7911511e-36
1.5622419e+09 8.8148139e+18 5.5438789e+09 1.2070375e+08 98634380 1.19628e-27 1.1497777e-27 1.7821458e-36
1.5638319e+09 8.8236288e+18 5.5438782e+09 1.2058508e+08 98534806 1.1926723e-27 1.1463556e-27 1.7731858e-36
1.5654235e+09 8.8324524e+18 5.5438775e+09 1.2046652e+08 98435334 1.1890756e-27 1.1429437e-27 1.7642709e-36
1.5670167e+09 8.8412848e+18 5.5438768e+09 1.2034808e+08 98335963 1.1854898e-27 1.1395419e-27 1.7554009e-36
1.5686115e+09 8.8501261e+18 5.5438761e+09 1.2022975e+08 98236693 1.1819148e-27 1.1361503e-27 1.7465756e-36
1.5702078e+09 8.8589763e+18 5.5438754e+09 1.2011153e+08 98137525 1.1783506e-27 1.1327687e-27 1.7377947e-36
1.5718058e+09 8.8678352e+18 5.5438747e+09 1.1999343e+08 98038458 1.1747972e-27 1.1293971e-27 1.7290581e-36
1.5734054e+09 8.8767031e+18 5.543874e+09 1.1987545e+08 97939492 1.1712545e-27 1.1260356e-27 1.7203654e-36
1.5750066e+09 8.8855798e+18 5.5438733e+09 1.1975757e+08 97840627 1.1677225e-27 1.122684e-27 1.7117166e-36
1.5766093e+09 8.8944653e+18 5.5438726e+09 1.1963982e+08 97741863 1.1642012e-27 1.1193424e-27 1.7031112e-36
1.5782137e+09 8.9033598e+18 5.5438719e+09 1.1952217e+08 97643199 1.1606906e-27 1.1160108e-27 1.6945492e-36
1.5798197e+09 8.9122632e+18 5.5438712e+09 1.1940464e+08 97544636 1.1571905e-27 1.112689e-27 1.6860304e-36
1.5814273e+09 8.9211754e+18 5.5438705e+09 1.1928723e+08 97446174 1.1537011e-27 1.1093771e-27 1.6775544e-36
1.5830365e+09 8.9300966e+18 5.5438698e+09 1.1916992e+08 97347812 1.1502221e-27 1.106075e-27 1.6691211e-36
1.5846473e+09 8.9390267e+18 5.5438691e+09 1.1905273e+08 97249550 1.1467537e-27 1.1027828e-27 1.6607302e-36
1.5862597e+09 8.9479657e+18 5.5438684e+09 1.1893566e+08 97151389 1.1432958e-27 1.0995003e-27 1.6523816e-36
1.5878737e+09 8.9569137e+18 5.5438677e+09 1.188187e+08 97053328 1.1398484e-27 1.0962276e-27 1.6440751e-36
1.5894894e+09 8.9658706e+18 5.543867e+09 1.1870185e+08 96955367 1.1364113e-27 1.0929646e-27 1.6358103e-36
1.5911066e+09 8.9748365e+18 5.5438663e+09 1.1858511e+08 96857505 1.1329846e-27 1.0897113e-27 1.6275872e-36
1.5927255e+09 8.9838113e+18 5.5438656e+09 1.1846849e+08 96759744 1.1295683e-27 1.0864676e-27 1.6194055e-36
1.594346e+09 8.9927951e+18 5.543865e+09 1.1835198e+08 96662082 1.1261624e-27 1.0832336e-27 1.611265e-36
1.5959681e+09 9.0017879e+18 5.5438643e+09 1.1823558e+08 96564520 1.1227667e-27 1.0800092e-27 1.6031655e-36
1.5975919e+09 9.0107897e+18 5.5438636e+09 1.181193e+08 96467057 1.1193812e-27 1.0767944e-27 1.5951067e-36
1.5992172e+09 9.0198005e+18 5.5438629e+09 1.1800312e+08 96369694 1.1160061e-27 1.0735891e-27 1.5870885e-36
1.6008442e+09 9.0288203e+18 5.5438622e+09 1.1788706e+08 96272430 1.1126411e-27 1.0703934e-27 1.5791107e-36
1.6024728e+09 9.0378491e+18 5.5438615e+09 1.1777112e+08 96175265 1.1092862e-27 1.0672071e-27 1.5711731e-36
1.6041031e+09 9.046887e+18 5.5438609e+09 1.1765528e+08 96078199 1.1059416e-27 1.0640303e-27 1.5632754e-36
1.6057349e+09 9.0559339e+18 5.5438602e+09 1.1753956e+08 95981232 1.102607e-27 1.060863e-27 1.5554175e-36
1.6073685e+09 9.0649898e+18 5.5438595e+09 1.1742395e+08 95884364 1.0992825e-27 1.057705e-27 1.5475992e-36
1.6090036e+09 9.0740548e+18 5.5438588e+09 1.1730845e+08 95787595 1.095968e-27 1.0545565e-27 1.5398202e-36
1.6106404e+09 9.0831288e+18 5.5438582e+09 1.1719306e+08 95690924 1.0926636e-27 1.0514173e-27 1.5320803e-36
1.6122788e+09 9.092212e+18 5.5438575e+09 1.1707779e+08 95594352 1.0893691e-27 1.0482874e-27 1.5243795e-36
1.6139188e+09 9.1013042e+18 5.5438568e+09 1.1696262e+08 95497879 1.0860846e-27 1.0451668e-27 1.5167174e-36
1.6155605e+09 9.1104055e+18 5.5438562e+09 1.1684757e+08 95401504 1.0828101e-27 1.0420555e-27 1.5090939e-36
1.6172039e+09 9.1195159e+18 5.5438555e+09 1.1673263e+08 95305227 1.0795454e-27 1.0389534e-27 1.5015087e-36
1.6188488e+09 9.1286354e+18 5.5438548e+09 1.166178e+08 95209048 1.0762906e-27 1.0358606e-27 1.4939618e-36
1.6204955e+09 9.137764e+18 5.5438542e+09 1.1650308e+08 95112968 1.0730456e-27 1.0327769e-27 1.4864528e-36
1.6221437e+09 9.1469018e+18 5.5438535e+09 1.1638848e+08 95016985 1.0698104e-27 1.0297024e-27 1.4789817e-36
1.6237936e+09 9.1560487e+18 5.5438528e+09 1.1627398e+08 94921100 1.066585e-27 1.0266371e-27 1.4715481e-36
1.6254452e+09 9.1652048e+18 5.5438522e+09 1.161596e+08 94825313 1.0633694e-27 1.0235808e-27 1.464152e-36
1.6270984e+09 9.17437e+18 5.5438515e+09 1.1604532e+08 94729623 1.0601635e-27 1.0205337e-27 1.4567931e-36
1.6287533e+09 9.1835443e+18 5.5438509e+09 1.1593116e+08 94634032 1.0569672e-27 1.0174955e-27 1.4494713e-36
1.6304098e+09 9.1927279e+18 5.5438502e+09 1.1581711e+08 94538537 1.0537806e-27 1.0144664e-27 1.4421863e-36
1.632068e+09 9.2019206e+18 5.5438496e+09 1.1570316e+08 94443140 1.0506037e-27 1.0114463e-27 1.434938e-36
1.6337279e+09 9.2111225e+18 5.5438489e+09 1.1558933e+08 94347840 1.0474363e-27 1.0084352e-27 1.4277261e-36
1.6353894e+09 9.2203336e+18 5.5438482e+09 1.1547561e+08 94252637 1.0442785e-27 1.0054331e-27 1.4205506e-36
1.6370525e+09 9.229554e+18 5.5438476e+09 1.15362e+08 94157532 1.0411303e-27 1.0024398e-27 1.4134112e-36
1.6387174e+09 9.2387835e+18 5.5438469e+09 1.152485e+08 94062523 1.0379916e-27 9.9945545e-28 1.4063077e-36
1.6403839e+09 9.2480223e+18 5.5438463e+09 1.151351e+08 93967611 1.0348623e-27 9.9647996e-28 1.39924e-36
1.642052e+09 9.2572703e+18 5.5438456e+09 1.1502182e+08 93872796 1.0317425e-27 9.9351331e-28 1.3922079e-36
1.6437218e+09 9.2665276e+18 5.543845e+09 1.1490865e+08 93778077 1.0286321e-27 9.9055548e-28 1.3852112e-36
1.6453933e+09 9.2757941e+18 5.5438444e+09 1.1479559e+08 93683455 1.0255312e-27 9.8760643e-28 1.3782496e-36
1.6470665e+09 9.2850699e+18 5.5438437e+09 1.1468264e+08 93588929 1.0224396e-27 9.8466615e-28 1.3713232e-36
1.6487414e+09 9.294355e+18 5.5438431e+09 1.1456979e+08 93494500 1.0193573e-27 9.8173461e-28 1.3644315e-36
1.6504179e+09 9.3036494e+18 5.5438424e+09 1.1445706e+08 93400167 1.0162844e-27 9.7881178e-28 1.3575746e-36
1.6520961e+09 9.312953e+18 5.5438418e+09 1.1434443e+08 93305930 1.0132207e-27 9.7589763e-28 1.3507522e-36
1.6537759e+09 9.322266e+18 5.5438412e+09 1.1423192e+08 93211789 1.0101663e-27 9.7299214e-28 1.3439641e-36
1.6554575e+09 9.3315882e+18 5.5438405e+09 1.1411951e+08 93117744 1.0071211e-27 9.7009529e-28 1.3372102e-36
1.6571407e+09 9.3409198e+18 5.5438399e+09 1.1400722e+08 93023795 1.0040851e-27 9.6720704e-28 1.3304903e-36
1.6588256e+09 9.3502607e+18 5.5438392e+09 1.1389503e+08 92929942 1.0010583e-27 9.6432738e-28 1.3238042e-36
1.6605123e+09 9.359611e+18 5.5438386e+09 1.1378295e+08 92836184 9.9804066e-28 9.6145627e-28 1.3171518e-36
1.6622005e+09 9.3689706e+18 5.543838e+09 1.1367098e+08 92742522 9.9503211e-28 9.585937e-28 1.3105328e-36
1.6638905e+09 9.3783396e+18 5.5438373e+09 1.1355911e+08 92648955 9.9203266e-28 9.5573963e-28 1.3039472e-36
1.6655822e+09 9.3877179e+18 5.5438367e+09 1.1344736e+08 92555484 9.8904226e-28 9.5289405e-28 1.2973947e-36
1.6672756e+09 9.3971056e+18 5.5438361e+09 1.1333571e+08 92462107 9.860609e-28 9.5005692e-28 1.2908752e-36
1.6689706e+09 9.4065027e+18 5.5438355e+09 1.1322417e+08 92368826 9.8308855e-28 9.4722822e-28 1.2843884e-36
1.6706674e+09 9.4159092e+18 5.5438348e+09 1.1311274e+08 92275640 9.8012517e-28 9.4440793e-28 1.2779344e-36
1.6723658e+09 9.4253251e+18 5.5438342e+09 1.1300142e+08 92182549 9.7717075e-28 9.4159602e-28 1.2715128e-36
1.674066e+09 9.4347505e+18 5.5438336e+09 1.1289021e+08 92089553 9.7422525e-28 9.3879246e-28 1.2651235e-36
1.6757678e+09 9.4441852e+18 5.543833e+09 1.127791e+08 91996652 9.7128865e-28 9.3599724e-28 1.2587664e-36
1.6774713e+09 9.4536294e+18 5.5438323e+09 1.1266811e+08 91903845 9.6836092e-28 9.3321033e-28 1.2524413e-36
1.6791766e+09 9.463083e+18 5.5438317e+09 1.1255722e+08 91811133 9.6544204e-28 9.3043169e-28 1.246148e-36
1.6808836e+09 9.4725461e+18 5.5438311e+09 1.1244643e+08 91718515 9.6253197e-28 9.2766132e-28 1.2398864e-36
1.6825922e+09 9.4820187e+18 5.5438305e+09 1.1233576e+08 91625991 9.596307e-28 9.2489918e-28 1.2336563e-36
1.6843026e+09 9.4915007e+18 5.5438299e+09 1.1222519e+08 91533562 9.5673818e-28 9.2214525e-28 1.2274576e-36
1.6860147e+09 9.5009922e+18 5.5438293e+09 1.1211473e+08 91441227 9.5385441e-28 9.193995e-28 1.22129e-36
1.6877285e+09 9.5104932e+18 5.5438286e+09 1.1200437e+08 91348986 9.5097935e-28 9.1666191e-28 1.2151535e-36
1.689444e+09 9.5200037e+18 5.543828e+09 1.1189413e+08 91256839 9.4811297e-28 9.1393246e-28 1.2090479e-36
1.6911612e+09 9.5295237e+18 5.5438274e+09 1.1178399e+08 91164786 9.4525525e-28 9.1121112e-28 1.202973e-36
1.6928801e+09 9.5390532e+18 5.5438268e+09 1.1167395e+08 91072826 9.4240616e-28 9.0849787e-28 1.1969286e-36
1.6946008e+09 9.5485923e+18 5.5438262e+09 1.1156403e+08 90980960 9.3956568e-28 9.0579268e-28 1.1909147e-36
1.6963232e+09 9.5581408e+18 5.5438256e+09 1.1145421e+08 90889188 9.3673378e-28 9.0309554e-28 1.184931e-36
1.6980473e+09 9.567699e+18 5.543825e+09 1.1134449e+08 90797509 9.3391043e-28 9.0040641e-28 1.1789775e-36
1.6997731e+09 9.5772667e+18 5.5438244e+09 1.1123489e+08 90705924 9.3109561e-28 8.9772527e-28 1.1730539e-36
1.7015007e+09 9.586844e+18 5.5438238e+09 1.1112539e+08 90614432 9.2828929e-28 8.950521e-28 1.1671601e-36
1.70323e+09 9.5964308e+18 5.5438232e+09 1.1101599e+08 90523033 9.2549145e-28 8.9238688e-28 1.161296e-36
1.704961e+09 9.6060272e+18 5.5438226e+09 1.109067e+08 90431727 9.2270206e-28 8.8972958e-28 1.1554614e-36
1.7066937e+09 9.6156333e+18 5.543822e+09 1.1079752e+08 90340515 9.199211e-28 8.8708017e-28 1.1496561e-36
1.7084282e+09 9.6252489e+18 5.5438214e+09 1.1068845e+08 90249395 9.1714853e-28 8.8443864e-28 1.1438801e-36
1.7101644e+09 9.6348741e+18 5.5438208e+09 1.1057947e+08 90158368 9.1438434e-28 8.8180497e-28 1.1381331e-36
1.7119024e+09 9.644509e+18 5.5438202e+09 1.1047061e+08 90067433 9.116285e-28 8.7917912e-28 1.132415e-36
1.7136421e+09 9.6541535e+18 5.5438196e+09 1.1036185e+08 89976591 9.0888098e-28 8.7656107e-28 1.1267257e-36
1.7153835e+09 9.6638077e+18 5.543819e+09 1.102532e+08 89885842 9.0614176e-28 8.7395081e-28 1.121065e-36
1.7171266e+09 9.6734715e+18 5.5438184e+09 1.1014465e+08 89795185 9.0341082e-28 8.713483e-28 1.1154329e-36
1.7188716e+09 9.683145e+18 5.5438178e+09 1.1003621e+08 89704620 9.0068812e-28 8.6875354e-28 1.109829e-36
1.7206182e+09 9.6928281e+18 5.5438172e+09 1.0992787e+08 89614148 8.9797364e-28 8.6616648e-28 1.1042533e-36
1.7223666e+09 9.7025209e+18 5.5438166e+09 1.0981964e+08 89523768 8.9526737e-28 8.6358711e-28 1.0987057e-36
1.7241168e+09 9.7122234e+18 5.543816e+09 1.0971151e+08 89433480 8.9256926e-28 8.6101542e-28 1.0931861e-36
1.7258687e+09 9.7219357e+18 5.5438155e+09 1.0960349e+08 89343283 8.8987931e-28 8.5845136e-28 1.0876941e-36
1.7276223e+09 9.7316576e+18 5.5438149e+09 1.0949557e+08 89253179 8.8719748e-28 8.5589493e-28 1.0822299e-36
1.7293777e+09 9.7413893e+18 5.5438143e+09 1.0938775e+08 89163166 8.8452375e-28 8.533461e-28 1.0767931e-36
1.7311349e+09 9.7511307e+18 5.5438137e+09 1.0928005e+08 89073245 8.8185809e-28 8.5080484e-28 1.0713836e-36
1.7328938e+09 9.7608818e+18 5.5438131e+09 1.0917244e+08 88983416 8.7920048e-28 8.4827114e-28 1.0660014e-36
1.7346545e+09 9.7706427e+18 5.5438125e+09 1.0906494e+08 88893678 8.765509e-28 8.4574496e-28 1.0606463e-36
1.7364169e+09 9.7804133e+18 5.543812e+09 1.0895755e+08 88804031 8.7390933e-28 8.432263e-28 1.0553181e-36
1.7381811e+09 9.7901937e+18 5.5438114e+09 1.0885026e+08 88714476 8.7127573e-28 8.4071513e-28 1.0500167e-36
1.7399471e+09 9.7999839e+18 5.5438108e+09 1.0874307e+08 88625011 8.6865008e-28 8.3821142e-28 1.0447419e-36
1.7417148e+09 9.8097839e+18 5.5438102e+09 1.0863599e+08 88535638 8.6603236e-28 8.3571515e-28 1.0394938e-36
1.7434843e+09 9.8195937e+18 5.5438097e+09 1.0852901e+08 88446356 8.6342255e-28 8.3322631e-28 1.034272e-36
1.7452556e+09 9.8294133e+18 5.5438091e+09 1.0842213e+08 88357165 8.6082062e-28 8.3074486e-28 1.0290765e-36
1.7470287e+09 9.8392427e+18 5.5438085e+09 1.0831536e+08 88268064 8.5822654e-28 8.2827079e-28 1.0239071e-36
1.7488035e+09 9.8490819e+18 5.5438079e+09 1.0820869e+08 88179054 8.556403e-28 8.2580407e-28 1.0187637e-36
1.7505801e+09 9.858931e+18 5.5438074e+09 1.0810213e+08 88090135 8.5306187e-28 8.2334469e-28 1.0136462e-36
1.7523584e+09 9.8687899e+18 5.5438068e+09 1.0799567e+08 88001306 8.5049123e-28 8.2089262e-28 1.0085545e-36
1.7541386e+09 9.8786587e+18 5.5438062e+09 1.0788931e+08 87912568 8.4792835e-28 8.1844783e-28 1.0034883e-36
1.7559205e+09 9.8885374e+18 5.5438057e+09 1.0778306e+08 87823920 8.4537321e-28 8.1601032e-28 9.9844767e-37
1.7577042e+09 9.8984259e+18 5.5438051e+09 1.0767691e+08 87735363 8.4282578e-28 8.1358005e-28 9.9343237e-37
1.7594897e+09 9.9083244e+18 5.5438045e+09 1.0757086e+08 87646895 8.4028605e-28 8.1115701e-28 9.8844231e-37
1.761277e+09 9.9182327e+18 5.543804e+09 1.0746491e+08 87558517 8.3775398e-28 8.0874117e-28 9.8347735e-37
1.7630661e+09 9.9281509e+18 5.5438034e+09 1.0735907e+08 87470230 8.3522956e-28 8.0633251e-28 9.7853736e-37
1.7648569e+09 9.9380791e+18 5.5438028e+09 1.0725333e+08 87382032 8.3271277e-28 8.0393102e-28 9.7362222e-37
1.7666496e+09 9.9480171e+18 5.5438023e+09 1.071477e+08 87293924 8.3020357e-28 8.0153666e-28 9.6873181e-37
1.768444e+09 9.9579652e+18 5.5438017e+09 1.0704216e+08 87205906 8.2770195e-28 7.9914942e-28 9.63866e-37
1.7702402e+09 9.9679231e+18 5.5438012e+09 1.0693673e+08 87117977 8.2520788e-28 7.9676928e-28 9.5902466e-37
1.7720383e+09 9.977891e+18 5.5438006e+09 1.068314e+08 87030138 8.2272135e-28 7.9439622e-28 9.5420768e-37
1.7738381e+09 9.9878689e+18 5.5438e+09 1.0672617e+08 86942388 8.2024232e-28 7.9203021e-28 9.4941493e-37
1.7756397e+09 9.9978568e+18 5.5437995e+09 1.0662105e+08 86854728 8.1777078e-28 7.8967123e-28 9.4464628e-37
1.7774432e+09 1.0007855e+19 5.5437989e+09 1.0651603e+08 86767156 8.153067e-28 7.8731927e-28 9.3990163e-37
1.7792484e+09 1.0017863e+19 5.5437984e+09 1.0641111e+08 86679674 8.1285006e-28 7.849743e-28 9.3518083e-37
1.7810554e+09 1.002788e+19 5.5437978e+09 1.0630629e+08 86592281 8.1040084e-28 7.8263631e-28 9.3048379e-37
1.7828643e+09 1.0037908e+19 5.5437973e+09 1.0620157e+08 86504977 8.0795902e-28 7.8030526e-28 9.2581037e-37
1.7846749e+09 1.0047946e+19 5.5437967e+09 1.0609695e+08 86417761 8.0552456e-28 7.7798115e-28 9.2116045e-37
1.7864874e+09 1.0057994e+19 5.5437962e+09 1.0599244e+08 86330635 8.0309746e-28 7.7566394e-28 9.1653393e-37
1.7883017e+09 1.0068052e+19 5.5437956e+09 1.0588803e+08 86243597 8.0067768e-28 7.7335363e-28 9.1193067e-37
1.7901178e+09 1.007812e+19 5.5437951e+09 1.0578372e+08 86156647 7.9826521e-28 7.7105018e-28 9.0735057e-37
1.7919357e+09 1.0088198e+19 5.5437945e+09 1.0567951e+08 86069786 7.9586003e-28 7.6875359e-28 9.027935e-37
1.7937554e+09 1.0098286e+19 5.543794e+09 1.055754e+08 85983014 7.9346211e-28 7.6646382e-28 8.9825936e-37
1.795577e+09 1.0108385e+19 5.5437935e+09 1.0547139e+08 85896329 7.9107142e-28 7.6418086e-28 8.9374802e-37
1.7974003e+09 1.0118493e+19 5.5437929e+09 1.0536749e+08 85809733 7.8868796e-28 7.6190468e-28 8.8925937e-37
1.7992255e+09 1.0128612e+19 5.5437924e+09 1.0526368e+08 85723225 7.8631169e-28 7.5963528e-28 8.8479329e-37
1.8010525e+09 1.013874e+19 5.5437918e+09 1.0515998e+08 85636805 7.8394259e-28 7.5737262e-28 8.8034968e-37
1.8028814e+09 1.0148879e+19 5.5437913e+09 1.0505638e+08 85550473 7.8158065e-28 7.551167e-28 8.7592842e-37
1.8047121e+09 1.0159028e+19 5.5437908e+09 1.0495287e+08 85464229 7.7922583e-28 7.5286748e-28 8.7152939e-37
1.8065446e+09 1.0169187e+19 5.5437902e+09 1.0484947e+08 85378072 7.7687813e-28 7.5062494e-28 8.6715249e-37
1.8083789e+09 1.0179356e+19 5.5437897e+09 1.0474617e+08 85292004 7.7453752e-28 7.4838908e-28 8.627976e-37
1.8102151e+09 1.0189535e+19 5.5437891e+09 1.0464297e+08 85206022 7.7220397e-28 7.4615986e-28 8.5846461e-37
1.8120531e+09 1.0199725e+19 5.5437886e+09 1.0453987e+08 85120129 7.6987746e-28 7.4393727e-28 8.5415341e-37
1.8138929e+09 1.0209925e+19 5.5437881e+09 1.0443687e+08 85034322 7.6755798e-28 7.4172129e-28 8.498639e-37
1.8157346e+09 1.0220135e+19 5.5437875e+09 1.0433396e+08 84948603 7.652455e-28 7.3951191e-28 8.4559595e-37
1.8175781e+09 1.0230355e+19 5.543787e+09 1.0423116e+08 84862971 7.6294001e-28 7.3730909e-28 8.4134948e-37
1.8194235e+09 1.0240585e+19 5.5437865e+09 1.0412846e+08 84777426 7.6064147e-28 7.3511282e-28 8.3712435e-37
1.8212707e+09 1.0250826e+19 5.543786e+09 1.0402586e+08 84691968 7.5834987e-28 7.3292308e-28 8.3292048e-37
1.8231198e+09 1.0261077e+19 5.5437854e+09 1.0392336e+08 84606597 7.5606519e-28 7.3073985e-28 8.2873775e-37
1.8249707e+09 1.0271338e+19 5.5437849e+09 1.0382096e+08 84521313 7.5378741e-28 7.2856312e-28 8.2457605e-37
1.8268235e+09 1.0281609e+19 5.5437844e+09 1.0371866e+08 84436116 7.515165e-28 7.2639285e-28 8.2043528e-37
1.8286781e+09 1.0291891e+19 5.5437839e+09 1.0361645e+08 84351005 7.4925245e-28 7.2422905e-28 8.1631533e-37
1.8305346e+09 1.0302182e+19 5.5437833e+09 1.0351435e+08 84265981 7.4699523e-28 7.2207167e-28 8.122161e-37
1.8323929e+09 1.0312485e+19 5.5437828e+09 1.0341234e+08 84181043 7.4474483e-28 7.1992071e-28 8.0813749e-37
1.8342531e+09 1.0322797e+19 5.5437823e+09 1.0331044e+08 84096192 7.4250122e-28 7.1777615e-28 8.0407939e-37
1.8361151e+09 1.033312e+19 5.5437818e+09 1.0320863e+08 84011427 7.4026438e-28 7.1563797e-28 8.0004169e-37
1.8379791e+09 1.0343453e+19 5.5437813e+09 1.0310693e+08 83926749 7.3803429e-28 7.1350614e-28 7.960243e-37
1.8398448e+09 1.0353796e+19 5.5437807e+09 1.0300532e+08 83842156 7.3581094e-28 7.1138066e-28 7.920271e-37
1.8417125e+09 1.036415e+19 5.5437802e+09 1.0290381e+08 83757649 7.335943e-28 7.0926149e-28 7.8805001e-37
1.843582e+09 1.0374514e+19 5.5437797e+09 1.028024e+08 83673229 7.3138435e-28 7.0714863e-28 7.8409292e-37
1.8454534e+09 1.0384889e+19 5.5437792e+09 1.0270109e+08 83588894 7.2918106e-28 7.0504205e-28 7.8015573e-37
1.8473266e+09 1.0395274e+19 5.5437787e+09 1.0259987e+08 83504645 7.2698444e-28 7.0294173e-28 7.7623833e-37
1.8492017e+09 1.0405669e+19 5.5437782e+09 1.0249876e+08 83420481 7.2479444e-28 7.0084767e-28 7.7234063e-37
1.8510787e+09 1.0416075e+19 5.5437777e+09 1.0239774e+08 83336404 7.2261105e-28 6.9875983e-28 7.6846253e-37
1.8529576e+09 1.0426491e+19 5.5437771e+09 1.0229682e+08 83252411 7.2043425e-28 6.9667819e-28 7.6460393e-37
1.8548384e+09 1.0436917e+19 5.5437766e+09 1.02196e+08 83168504 7.1826402e-28 6.9460275e-28 7.6076474e-37
1.856721e+09 1.0447354e+19 5.5437761e+09 1.0209528e+08 83084683 7.1610034e-28 6.9253348e-28 7.5694484e-37
1.8586055e+09 1.0457802e+19 5.5437756e+09 1.0199465e+08 83000947 7.139432e-28 6.9047037e-28 7.5314416e-37
1.8604919e+09 1.0468259e+19 5.5437751e+09 1.0189412e+08 82917295 7.1179256e-28 6.8841339e-28 7.4936258e-37
1.8623802e+09 1.0478728e+19 5.5437746e+09 1.017937e+08 82833729 7.0964841e-28 6.8636253e-28 7.4560002e-37
1.8642704e+09 1.0489206e+19 5.5437741e+09 1.0169336e+08 82750248 7.0751074e-28 6.8431777e-28 7.4185637e-37
1.8661625e+09 1.0499696e+19 5.5437736e+09 1.0159313e+08 82666852 7.0537952e-28 6.8227909e-28 7.3813155e-37
1.8680564e+09 1.0510195e+19 5.5437731e+09 1.0149299e+08 82583540 7.0325473e-28 6.8024647e-28 7.3442546e-37
1.8699523e+09 1.0520706e+19 5.5437726e+09 1.0139295e+08 82500314 7.0113636e-28 6.782199e-28 7.30738e-37
1.87185e+09 1.0531226e+19 5.5437721e+09 1.0129301e+08 82417171 6.9902438e-28 6.7619935e-28 7.2706909e-37
1.8737497e+09 1.0541757e+19 5.5437716e+09 1.0119317e+08 82334114 6.9691877e-28 6.7418482e-28 7.2341861e-37
1.8756512e+09 1.0552299e+19 5.5437711e+09 1.0109342e+08 82251141 6.9481952e-28 6.7217627e-28 7.197865e-37
1.8775547e+09 1.0562851e+19 5.5437706e+09 1.0099377e+08 82168252 6.927266e-28 6.7017371e-28 7.1617264e-37
1.87946e+09 1.0573414e+19 5.5437701e+09 1.0089422e+08 82085447 6.9064e-28 6.6817709e-28 7.1257695e-37
1.8813673e+09 1.0583988e+19 5.5437696e+09 1.0079476e+08 82002727 6.885597e-28 6.6618642e-28 7.0899934e-37
1.8832765e+09 1.0594572e+19 5.5437691e+09 1.006954e+08 81920090 6.8648567e-28 6.6420166e-28 7.0543972e-37
1.8851876e+09 1.0605166e+19 5.5437686e+09 1.0059614e+08 81837538 6.8441791e-28 6.6222281e-28 7.0189799e-37
1.8871005e+09 1.0615771e+19 5.5437681e+09 1.0049697e+08 81755070 6.8235639e-28 6.6024985e-28 6.9837407e-37
1.8890154e+09 1.0626387e+19 5.5437676e+09 1.003979e+08 81672685 6.8030108e-28 6.5828275e-28 6.9486787e-37
1.8909323e+09 1.0637014e+19 5.5437671e+09 1.0029892e+08 81590384 6.7825198e-28 6.563215e-28 6.9137929e-37
1.892851e+09 1.0647651e+19 5.5437667e+09 1.0020005e+08 81508167 6.7620907e-28 6.5436609e-28 6.8790825e-37
1.8947716e+09 1.0658298e+19 5.5437662e+09 1.0010127e+08 81426034 6.7417232e-28 6.524165e-28 6.8445467e-37
1.8966942e+09 1.0668957e+19 5.5437657e+09 1.0000258e+08 81343984 6.7214171e-28 6.504727e-28 6.8101844e-37
1.8986187e+09 1.0679626e+19 5.5437652e+09 99903990 81262017 6.7011724e-28 6.4853468e-28 6.7759949e-37
1.9005451e+09 1.0690305e+19 5.5437647e+09 99805496 81180134 6.6809887e-28 6.4660243e-28 6.7419773e-37
1.9024735e+09 1.0700995e+19 5.5437642e+09 99707099 81098333 6.660866e-28 6.4467593e-28 6.7081307e-37
1.9044038e+09 1.0711696e+19 5.5437637e+09 99608797 81016616 6.640804e-28 6.4275516e-28 6.6744542e-37
1.906336e+09 1.0722408e+19 5.5437633e+09 99510590 80934982 6.6208025e-28 6.408401e-28 6.640947e-37
1.9082701e+09 1.0733131e+19 5.5437628e+09 99412480 80853431 6.6008614e-28 6.3893073e-28 6.6076083e-37
1.9102062e+09 1.0743864e+19 5.5437623e+09 99314464 80771963 6.5809804e-28 6.3702705e-28 6.5744372e-37
1.9121442e+09 1.0754608e+19 5.5437618e+09 99216544 80690578 6.5611595e-28 6.3512903e-28 6.5414328e-37
1.9140841e+09 1.0765362e+19 5.5437613e+09 99118719 80609275 6.5413984e-28 6.3323665e-28 6.5085943e-37
1.916026e+09 1.0776128e+19 5.5437609e+09 99020990 80528055 6.5216969e-28 6.3134991e-28 6.4759209e-37
1.9179699e+09 1.0786904e+19 5.5437604e+09 98923356 80446918 6.5020548e-28 6.2946877e-28 6.4434118e-37
1.9199156e+09 1.0797691e+19 5.5437599e+09 98825816 80365863 6.482472e-28 6.2759324e-28 6.4110661e-37
1.9218634e+09 1.0808488e+19 5.5437594e+09 98728372 80284890 6.4629483e-28 6.2572328e-28 6.3788829e-37
1.923813e+09 1.0819297e+19 5.5437589e+09 98631022 80204000 6.4434836e-28 6.2385888e-28 6.3468616e-37
1.9257646e+09 1.0830116e+19 5.5437585e+09 98533767 80123192 6.4240775e-28 6.2200003e-28 6.3150012e-37
1.9277182e+09 1.0840946e+19 5.543758e+09 98436607 80042466 6.4047301e-28 6.2014671e-28 6.2833009e-37
1.9296737e+09 1.0851787e+19 5.5437575e+09 98339541 79961822 6.385441e-28 6.182989e-28 6.25176e-37
1.9316312e+09 1.0862639e+19 5.5437571e+09 98242570 79881260 6.3662101e-28 6.1645659e-28 6.2203777e-37
1.9335906e+09 1.0873502e+19 5.5437566e+09 98145693 79800780 6.3470372e-28 6.1461976e-28 6.1891531e-37
1.935552e+09 1.0884375e+19 5.5437561e+09 98048910 79720381 6.3279222e-28 6.127884e-28 6.1580854e-37
1.9375154e+09 1.0895259e+19 5.5437557e+09 97952222 79640065 6.3088649e-28 6.1096248e-28 6.1271739e-37
1.9394807e+09 1.0906155e+19 5.5437552e+09 97855628 79559830 6.289865e-28 6.0914199e-28 6.0964178e-37
1.941448e+09 1.0917061e+19 5.5437547e+09 97759128 79479676 6.2709225e-28 6.0732692e-28 6.0658162e-37
1.9434173e+09 1.0927978e+19 5.5437543e+09 97662721 79399604 6.2520372e-28 6.0551725e-28 6.0353685e-37
1.9453885e+09 1.0938906e+19 5.5437538e+09 97566409 79319613 6.2332088e-28 6.0371297e-28 6.0050738e-37
1.9473617e+09 1.0949845e+19 5.5437533e+09 97470190 79239704 6.2144373e-28 6.0191405e-28 5.9749314e-37
1.9493368e+09 1.0960795e+19 5.5437529e+09 97374065 79159875 6.1957223e-28 6.0012048e-28 5.9449405e-37
1.951314e+09 1.0971755e+19 5.5437524e+09 97278034 79080128 6.1770639e-28 5.9833225e-28 5.9151003e-37
1.9532931e+09 1.0982727e+19 5.5437519e+09 97182096 79000462 6.1584617e-28 5.9654933e-28 5.8854101e-37
1.9552742e+09 1.099371e+19 5.5437515e+09 97086251 78920877 6.1399157e-28 5.9477173e-28 5.8558692e-37
1.9572573e+09 1.1004704e+19 5.543751e+09 96990500 78841372 6.1214257e-28 5.9299941e-28 5.8264767e-37
1.9592424e+09 1.1015708e+19 5.5437506e+09 96894842 78761949 6.1029914e-28 5.9123236e-28 5.7972319e-37
1.9612294e+09 1.1026724e+19 5.5437501e+09 96799277 78682606 6.0846127e-28 5.8947057e-28 5.7681341e-37
1.9632184e+09 1.1037751e+19 5.5437497e+09 96703805 78603343 6.0662895e-28 5.8771402e-28 5.7391826e-37
1.9652095e+09 1.1048789e+19 5.5437492e+09 96608426 78524161 6.0480216e-28 5.859627e-28 5.7103766e-37
1.9672025e+09 1.1059837e+19 5.5437488e+09 96513140 78445060 6.0298088e-28 5.8421659e-28 5.6817153e-37
1.9691975e+09 1.1070897e+19 5.5437483e+09 96417947 78366039 6.0116509e-28 5.8247567e-28 5.6531981e-37
1.9711945e+09 1.1081968e+19 5.5437478e+09 96322847 78287098 5.9935478e-28 5.8073994e-28 5.6248242e-37
1.9731935e+09 1.109305e+19 5.5437474e+09 96227839 78208238 5.9754994e-28 5.7900936e-28 5.5965929e-37
1.9751945e+09 1.1104143e+19 5.5437469e+09 96132923 78129457 5.9575053e-28 5.7728394e-28 5.5685035e-37
1.9771975e+09 1.1115247e+19 5.5437465e+09 96038100 78050757 5.9395656e-28 5.7556365e-28 5.5405553e-37
1.9792025e+09 1.1126362e+19 5.543746e+09 95943370 77972136 5.92168e-28 5.7384848e-28 5.5127475e-37
1.9812095e+09 1.1137489e+19 5.5437456e+09 95848731 77893595 5.9038484e-28 5.7213841e-28 5.4850795e-37
1.9832185e+09 1.1148626e+19 5.5437452e+09 95754185 77815135 5.8860705e-28 5.7043343e-28 5.4575505e-37
1.9852296e+09 1.1159775e+19 5.5437447e+09 95659731 77736753 5.8683463e-28 5.6873352e-28 5.4301598e-37
1.9872426e+09 1.1170935e+19 5.5437443e+09 95565369 77658452 5.8506756e-28 5.6703867e-28 5.4029069e-37
1.9892577e+09 1.1182106e+19 5.5437438e+09 95471099 77580230 5.8330581e-28 5.6534886e-28 5.3757908e-37
1.9912747e+09 1.1193288e+19 5.5437434e+09 95376920 77502087 5.8154938e-28 5.6366408e-28 5.3488111e-37
1.9932938e+09 1.1204481e+19 5.5437429e+09 95282834 77424024 5.7979825e-28 5.6198431e-28 5.3219669e-37
1.9953149e+09 1.1215685e+19 5.5437425e+09 95188839 77346040 5.7805241e-28 5.6030954e-28 5.2952576e-37
1.997338e+09 1.1226901e+19 5.5437421e+09 95094935 77268135 5.7631183e-28 5.5863976e-28 5.2686825e-37
1.9993632e+09 1.1238128e+19 5.5437416e+09 95001123 77190309 5.745765e-28 5.5697494e-28 5.242241e-37
2.0013904e+09 1.1249366e+19 5.5437412e+09 94907403 77112563 5.728464e-28 5.5531507e-28 5.2159324e-37
2.0034196e+09 1.1260616e+19 5.5437407e+09 94813773 77034895 5.7112152e-28 5.5366015e-28 5.1897559e-37
2.0054508e+09 1.1271876e+19 5.5437403e+09 94720235 76957306 5.6940185e-28 5.5201015e-28 5.1637111e-37
2.0074841e+09 1.1283148e+19 5.5437399e+09 94626788 76879796 5.6768737e-28 5.5036506e-28 5.137797e-37
2.0095194e+09 1.1294431e+19 5.5437394e+09 94533433 76802365 5.6597805e-28 5.4872486e-28 5.1120132e-37
2.0115567e+09 1.1305726e+19 5.543739e+09 94440168 76725012 5.642739e-28 5.4708954e-28 5.086359e-37
2.0135961e+09 1.1317031e+19 5.5437386e+09 94346994 76647738 5.6257488e-28 5.4545909e-28 5.0608337e-37
2.0156375e+09 1.1328348e+19 5.5437381e+09 94253910 76570542 5.6088099e-28 5.438335e-28 5.0354366e-37
2.0176809e+09 1.1339677e+19 5.5437377e+09 94160918 76493425 5.5919221e-28 5.4221273e-28 5.0101671e-37
2.0197264e+09 1.1351016e+19 5.5437373e+09 94068016 76416386 5.5750852e-28 5.405968e-28 4.9850247e-37
2.0217739e+09 1.1362367e+19 5.5437368e+09 93975204 76339425 5.5582991e-28 5.3898566e-28 4.9600085e-37
2.0238235e+09 1.137373e+19 5.5437364e+09 93882483 76262542 5.5415637e-28 5.3737933e-28 4.9351181e-37
2.0258752e+09 1.1385104e+19 5.543736e+09 93789852 76185738 5.5248787e-28 5.3577777e-28 4.9103527e-37
2.0279289e+09 1.1396489e+19 5.5437355e+09 93697312 76109011 5.5082441e-28 5.3418098e-28 4.8857118e-37
2.0299846e+09 1.1407885e+19 5.5437351e+09 93604862 76032363 5.4916596e-28 5.3258894e-28 4.8611947e-37
2.0320424e+09 1.1419293e+19 5.5437347e+09 93512501 75955792 5.4751252e-28 5.3100164e-28 4.8368007e-37
2.0341023e+09 1.1430712e+19 5.5437343e+09 93420231 75879299 5.4586406e-28 5.2941906e-28 4.8125294e-37
2.0361642e+09 1.1442143e+19 5.5437338e+09 93328051 75802883 5.4422058e-28 5.278412e-28 4.78838e-37
2.0382281e+09 1.1453585e+19 5.5437334e+09 93235961 75726545 5.4258205e-28 5.2626802e-28 4.7643519e-37
2.0402942e+09 1.1465039e+19 5.543733e+09 93143960 75650285 5.4094846e-28 5.2469953e-28 4.7404445e-37
2.0423623e+09 1.1476504e+19 5.5437326e+09 93052049 75574102 5.3931981e-28 5.2313571e-28 4.7166573e-37
2.0444325e+09 1.148798e+19 5.5437322e+09 92960228 75497996 5.3769606e-28 5.2157654e-28 4.6929896e-37
2.0465047e+09 1.1499468e+19 5.5437317e+09 92868496 75421968 5.3607721e-28 5.2002201e-28 4.6694408e-37
2.048579e+09 1.1510968e+19 5.5437313e+09 92776853 75346017 5.3446325e-28 5.184721e-28 4.6460103e-37
2.0506554e+09 1.1522479e+19 5.5437309e+09 92685300 75270143 5.3285415e-28 5.1692681e-28 4.6226975e-37
2.0527339e+09 1.1534001e+19 5.5437305e+09 92593836 75194345 5.3124991e-28 5.1538612e-28 4.5995019e-37
2.0548144e+09 1.1545535e+19 5.5437301e+09 92502461 75118625 5.296505e-28 5.1385001e-28 4.5764228e-37
2.0568971e+09 1.1557081e+19 5.5437297e+09 92411175 75042982 5.2805592e-28 5.1231847e-28 4.5534597e-37
2.0589818e+09 1.1568638e+19 5.5437292e+09 92319979 74967416 5.2646615e-28 5.1079149e-28 4.5306119e-37
2.0610686e+09 1.1580206e+19 5.5437288e+09 92228871 74891926 5.2488117e-28 5.0926906e-28 4.5078789e-37
2.0631575e+09 1.1591787e+19 5.5437284e+09 92137852 74816513 5.2330097e-28 5.0775115e-28 4.4852601e-37
2.0652484e+09 1.1603378e+19 5.543728e+09 92046922 74741176 5.2172554e-28 5.0623776e-28 4.462755e-37
2.0673415e+09 1.1614982e+19 5.5437276e+09 91956080 74665916 5.2015486e-28 5.0472888e-28 4.4403629e-37
2.0694367e+09 1.1626597e+19 5.5437272e+09 91865327 74590732 5.1858892e-28 5.0322449e-28 4.4180833e-37
2.0715339e+09 1.1638223e+19 5.5437268e+09 91774662 74515625 5.170277e-28 5.0172457e-28 4.3959157e-37
2.0736333e+09 1.1649862e+19 5.5437264e+09 91684086 74440593 5.1547119e-28 5.0022912e-28 4.3738594e-37
2.0757347e+09 1.1661511e+19 5.5437259e+09 91593598 74365638 5.1391937e-28 4.9873812e-28 4.3519139e-37
2.0778383e+09 1.1673173e+19 5.5437255e+09 91503198 74290759 5.1237224e-28 4.9725156e-28 4.3300787e-37
2.0799439e+09 1.1684846e+19 5.5437251e+09 91412887 74215956 5.1082977e-28 4.9576942e-28 4.3083532e-37
2.0820517e+09 1.1696531e+19 5.5437247e+09 91322663 74141229 5.0929195e-28 4.9429169e-28 4.2867368e-37
2.0841616e+09 1.1708228e+19 5.5437243e+09 91232528 74066578 5.0775877e-28 4.9281836e-28 4.265229e-37
2.0862735e+09 1.1719936e+19 5.5437239e+09 91142480 73992002 5.0623021e-28 4.9134942e-28 4.2438292e-37
2.0883876e+09 1.1731656e+19 5.5437235e+09 91052521 73917503 5.0470626e-28 4.8988484e-28 4.222537e-37
2.0905038e+09 1.1743387e+19 5.5437231e+09 90962648 73843078 5.0318691e-28 4.8842463e-28 4.2013517e-37
2.0926221e+09 1.1755131e+19 5.5437227e+09 90872864 73768730 5.0167214e-28 4.8696876e-28 4.1802728e-37
2.0947426e+09 1.1766886e+19 5.5437223e+09 90783167 73694457 5.0016194e-28 4.8551722e-28 4.1592998e-37
2.0968652e+09 1.1778653e+19 5.5437219e+09 90693558 73620259 4.9865629e-28 4.8407001e-28 4.1384322e-37
2.0989898e+09 1.1790431e+19 5.5437215e+09 90604036 73546136 4.9715518e-28 4.826271e-28 4.1176694e-37
2.1011166e+09 1.1802222e+19 5.5437211e+09 90514601 73472089 4.956586e-28 4.8118849e-28 4.0970109e-37
2.1032456e+09 1.1814024e+19 5.5437207e+09 90425254 73398117 4.9416653e-28 4.7975416e-28 4.0764562e-37
2.1053766e+09 1.1825838e+19 5.5437203e+09 90335993 73324219 4.9267896e-28 4.7832409e-28 4.0560047e-37
2.1075098e+09 1.1837664e+19 5.5437199e+09 90246820 73250397 4.9119588e-28 4.7689829e-28 4.035656e-37
2.1096452e+09 1.1849502e+19 5.5437195e+09 90157734 73176650 4.8971727e-28 4.7547673e-28 4.0154095e-37
2.1117826e+09 1.1861351e+19 5.5437191e+09 90068734 73102978 4.8824312e-28 4.740594e-28 3.9952646e-37
2.1139222e+09 1.1873212e+19 5.5437187e+09 89979822 73029380 4.8677342e-28 4.7264628e-28 3.975221e-37
2.116064e+09 1.1885086e+19 5.5437183e+09 89890996 72955857 4.8530814e-28 4.7123738e-28 3.9552781e-37
2.1182079e+09 1.1896971e+19 5.543718e+09 89802257 72882408 4.8384729e-28 4.6983266e-28 3.9354353e-37
2.1203539e+09 1.1908868e+19 5.5437176e+09 89713604 72809035 4.8239084e-28 4.6843213e-28 3.9156922e-37
2.1225021e+09 1.1920777e+19 5.5437172e+09 89625038 72735735 4.8093878e-28 4.6703577e-28 3.8960482e-37
2.1246524e+09 1.1932697e+19 5.5437168e+09 89536558 72662510 4.794911e-28 4.6564356e-28 3.876503e-37
2.1268049e+09 1.194463e+19 5.5437164e+09 89448165 72589359 4.7804778e-28 4.642555e-28 3.8570559e-37
2.1289595e+09 1.1956575e+19 5.543716e+09 89359857 72516283 4.7660882e-28 4.6287157e-28 3.8377064e-37
2.1311163e+09 1.1968531e+19 5.5437156e+09 89271636 72443280 4.751742e-28 4.6149176e-28 3.8184542e-37
2.1332752e+09 1.19805e+19 5.5437152e+09 89183501 72370352 4.737439e-28 4.6011605e-28 3.7992987e-37
2.1354363e+09 1.199248e+19 5.5437148e+09 89095452 72297497 4.7231792e-28 4.5874444e-28 3.7802394e-37
2.1375995e+09 1.2004473e+19 5.5437145e+09 89007489 72224717 4.7089623e-28 4.5737692e-28 3.7612758e-37
2.139765e+09 1.2016477e+19 5.5437141e+09 88919612 72152010 4.6947883e-28 4.5601346e-28 3.7424074e-37
2.1419326e+09 1.2028494e+19 5.5437137e+09 88831820 72079377 4.6806571e-28 4.5465406e-28 3.7236339e-37
2.1441023e+09 1.2040522e+19 5.5437133e+09 88744114 72006818 4.6665684e-28 4.5329871e-28 3.7049546e-37
2.1462742e+09 1.2052563e+19 5.5437129e+09 88656494 71934332 4.6525223e-28 4.519474e-28 3.6863691e-37
2.1484483e+09 1.2064615e+19 5.5437125e+09 88568959 71861920 4.6385185e-28 4.506001e-28 3.667877e-37
2.1506246e+09 1.207668e+19 5.5437122e+09 88481510 71789582 4.6245569e-28 4.4925682e-28 3.6494778e-37
2.152803e+09 1.2088757e+19 5.5437118e+09 88394146 71717316 4.6106374e-28 4.4791753e-28 3.6311709e-37
2.1549837e+09 1.2100845e+19 5.5437114e+09 88306867 71645125 4.5967599e-28 4.4658224e-28 3.612956e-37
2.1571665e+09 1.2112946e+19 5.543711e+09 88219673 71573006 4.5829242e-28 4.4525091e-28 3.5948326e-37
2.1593515e+09 1.2125059e+19 5.5437106e+09 88132565 71500960 4.5691303e-28 4.4392355e-28 3.5768003e-37
2.1615386e+09 1.2137184e+19 5.5437103e+09 88045541 71428988 4.5553779e-28 4.4260014e-28 3.5588584e-37
2.163728e+09 1.2149321e+19 5.5437099e+09 87958603 71357088 4.541667e-28 4.4128068e-28 3.5410067e-37
2.1659195e+09 1.2161471e+19 5.5437095e+09 87871749 71285262 4.5279974e-28 4.3996513e-28 3.5232447e-37
2.1681133e+09 1.2173632e+19 5.5437091e+09 87784980 71213508 4.5143691e-28 4.3865351e-28 3.5055718e-37
2.1703092e+09 1.2185806e+19 5.5437088e+09 87698296 71141827 4.5007818e-28 4.3734579e-28 3.4879877e-37
2.1725074e+09 1.2197992e+19 5.5437084e+09 87611696 71070219 4.4872355e-28 4.3604196e-28 3.4704919e-37
2.1747077e+09 1.221019e+19 5.543708e+09 87525181 70998683 4.47373e-28 4.3474201e-28 3.453084e-37
2.1769102e+09 1.22224e+19 5.5437076e+09 87438750 70927220 4.4602653e-28 4.3344594e-28 3.4357635e-37
2.179115e+09 1.2234622e+19 5.5437073e+09 87352404 70855829 4.4468411e-28 4.3215372e-28 3.41853e-37
2.1813219e+09 1.2246857e+19 5.5437069e+09 87266142 70784511 4.4334575e-28 4.3086535e-28 3.401383e-37
2.183531e+09 1.2259104e+19 5.5437065e+09 87179964 70713265 4.4201141e-28 4.2958081e-28 3.3843222e-37
2.1857424e+09 1.2271363e+19 5.5437062e+09 87093870 70642092 4.406811e-28 4.283001e-28 3.367347e-37
2.187956e+09 1.2283634e+19 5.5437058e+09 87007860 70570990 4.393548e-28 4.270232e-28 3.3504571e-37
2.1901717e+09 1.2295918e+19 5.5437054e+09 86921935 70499961 4.380325e-28 4.257501e-28 3.3336519e-37
2.1923897e+09 1.2308214e+19 5.5437051e+09 86836093 70429004 4.3671419e-28 4.244808e-28 3.3169312e-37
2.19461e+09 1.2320522e+19 5.5437047e+09 86750335 70358118 4.3539985e-28 4.2321527e-28 3.3002945e-37
2.1968324e+09 1.2332842e+19 5.5437043e+09 86664660 70287305 4.3408947e-28 4.2195351e-28 3.2837412e-37
2.199057e+09 1.2345175e+19 5.543704e+09 86579070 70216563 4.3278304e-28 4.206955e-28 3.2672712e-37
2.2012839e+09 1.235752e+19 5.5437036e+09 86493563 70145893 4.3148055e-28 4.1944124e-28 3.2508838e-37
2.203513e+09 1.2369878e+19 5.5437032e+09 86408139 70075295 4.3018199e-28 4.1819072e-28 3.2345787e-37
2.2057444e+09 1.2382248e+19 5.5437029e+09 86322799 70004768 4.2888734e-28 4.1694392e-28 3.2183555e-37
2.2079779e+09 1.239463e+19 5.5437025e+09 86237542 69934313 4.275966e-28 4.1570083e-28 3.2022137e-37
2.2102137e+09 1.2407025e+19 5.5437022e+09 86152368 69863929 4.2630975e-28 4.1446144e-28 3.186153e-37
2.2124518e+09 1.2419432e+19 5.5437018e+09 86067278 69793617 4.2502677e-28 4.1322574e-28 3.170173e-37
2.2146921e+09 1.2431851e+19 5.5437014e+09 85982270 69723376 4.2374767e-28 4.1199372e-28 3.1542732e-37
2.2169346e+09 1.2444283e+19 5.5437011e+09 85897346 69653206 4.2247241e-28 4.1076537e-28 3.1384532e-37
2.2191793e+09 1.2456727e+19 5.5437007e+09 85812504 69583107 4.2120101e-28 4.0954067e-28 3.1227127e-37
2.2214263e+09 1.2469184e+19 5.5437004e+09 85727746 69513079 4.1993343e-28 4.0831962e-28 3.1070512e-37
2.2236756e+09 1.2481653e+19 5.5437e+09 85643070 69443123 4.1866968e-28 4.0710221e-28 3.0914684e-37
2.2259271e+09 1.2494135e+19 5.5436997e+09 85558477 69373237 4.1740974e-28 4.0588842e-28 3.0759638e-37
2.2281809e+09 1.2506629e+19 5.5436993e+09 85473966 69303422 4.1615359e-28 4.0467824e-28 3.060537e-37
2.2304369e+09 1.2519136e+19 5.5436989e+09 85389538 69233678 4.1490123e-28 4.0347167e-28 3.0451877e-37
2.2326951e+09 1.2531655e+19 5.5436986e+09 85305192 69164005 4.1365265e-28 4.0226869e-28 3.0299155e-37
2.2349557e+09 1.2544186e+19 5.5436982e+09 85220929 69094402 4.1240783e-28 4.0106929e-28 3.01472e-37
2.2372184e+09 1.2556731e+19 5.5436979e+09 85136748 69024870 4.1116676e-28 3.9987347e-28 2.9996007e-37
2.2394835e+09 1.2569287e+19 5.5436975e+09 85052650 68955408 4.0992944e-28 3.986812e-28 2.9845574e-37
2.2417508e+09 1.2581857e+19 5.5436972e+09 84968633 68886017 4.0869584e-28 3.9749249e-28 2.9695896e-37
2.2440204e+09 1.2594439e+19 5.5436968e+09 84884698 68816696 4.0746596e-28 3.9630731e-28 2.954697e-37
2.2462922e+09 1.2607033e+19 5.5436965e+09 84800846 68747445 4.0623979e-28 3.9512566e-28 2.9398791e-37
2.2485663e+09 1.261964e+19 5.5436961e+09 84717075 68678265 4.0501731e-28 3.9394753e-28 2.9251357e-37
2.2508427e+09 1.263226e+19 5.5436958e+09 84633387 68609154 4.0379852e-28 3.9277291e-28 2.9104662e-37
2.2531214e+09 1.2644892e+19 5.5436954e+09 84549780 68540114 4.0258341e-28 3.9160178e-28 2.8958704e-37
2.2554024e+09 1.2657537e+19 5.5436951e+09 84466254 68471144 4.0137195e-28 3.9043415e-28 2.8813479e-37
2.2576856e+09 1.2670194e+19 5.5436947e+09 84382810 68402243 4.0016415e-28 3.8926999e-28 2.8668983e-37
2.2599711e+09 1.2682864e+19 5.5436944e+09 84299448 68333413 3.9895999e-28 3.8810929e-28 2.8525213e-37
2.2622589e+09 1.2695547e+19 5.5436941e+09 84216167 68264652 3.9775945e-28 3.8695205e-28 2.8382164e-37
2.264549e+09 1.2708243e+19 5.5436937e+09 84132968 68195961 3.9656254e-28 3.8579826e-28 2.8239834e-37
2.2668414e+09 1.2720951e+19 5.5436934e+09 84049850 68127339 3.9536923e-28 3.846479e-28 2.8098218e-37
2.269136e+09 1.2733672e+19 5.543693e+09 83966813 68058787 3.9417952e-28 3.8350097e-28 2.7957313e-37
2.271433e+09 1.2746406e+19 5.5436927e+09 83883857 67990305 3.929934e-28 3.8235746e-28 2.7817116e-37
2.2737323e+09 1.2759152e+19 5.5436923e+09 83800982 67921892 3.9181085e-28 3.8121734e-28 2.7677622e-37
2.2760338e+09 1.2771911e+19 5.543692e+09 83718188 67853548 3.9063187e-28 3.8008063e-28 2.7538829e-37
2.2783377e+09 1.2784683e+19 5.5436917e+09 83635475 67785274 3.8945643e-28 3.789473e-28 2.7400733e-37
2.2806439e+09 1.2797468e+19 5.5436913e+09 83552843 67717068 3.8828455e-28 3.7781734e-28 2.7263329e-37
2.2829523e+09 1.2810265e+19 5.543691e+09 83470292 67648932 3.8711619e-28 3.7669075e-28 2.7126616e-37
2.2852631e+09 1.2823076e+19 5.5436906e+09 83387821 67580865 3.8595135e-28 3.7556751e-28 2.6990589e-37
2.2875762e+09 1.2835899e+19 5.5436903e+09 83305431 67512867 3.8479003e-28 3.7444762e-28 2.6855245e-37
2.2898916e+09 1.2848735e+19 5.54369e+09 83223121 67444938 3.8363221e-28 3.7333106e-28 2.672058e-37
2.2922093e+09 1.2861583e+19 5.5436896e+09 83140892 67377078 3.8247787e-28 3.7221783e-28 2.6586592e-37
2.2945294e+09 1.2874445e+19 5.5436893e+09 83058743 67309286 3.8132701e-28 3.7110791e-28 2.6453276e-37
2.2968517e+09 1.2887319e+19 5.543689e+09 82976675 67241563 3.8017963e-28 3.7000129e-28 2.6320629e-37
2.2991764e+09 1.2900207e+19 5.5436886e+09 82894686 67173909 3.790357e-28 3.6889798e-28 2.6188649e-37
2.3015034e+09 1.2913107e+19 5.5436883e+09 82812778 67106323 3.7789522e-28 3.6779795e-28 2.605733e-37
2.3038328e+09 1.292602e+19 5.543688e+09 82730950 67038806 3.7675817e-28 3.6670119e-28 2.5926671e-37
2.3061644e+09 1.2938946e+19 5.5436876e+09 82649202 66971357 3.7562455e-28 3.656077e-28 2.5796668e-37
2.3084984e+09 1.2951885e+19 5.5436873e+09 82567533 66903977 3.7449435e-28 3.6451746e-28 2.5667318e-37
2.3108348e+09 1.2964837e+19 5.543687e+09 82485945 66836665 3.7336756e-28 3.6343048e-28 2.5538617e-37
2.3131734e+09 1.2977802e+19 5.5436866e+09 82404436 66769421 3.7224416e-28 3.6234673e-28 2.5410562e-37
2.3155144e+09 1.299078e+19 5.5436863e+09 82323007 66702245 3.7112414e-28 3.612662e-28 2.5283149e-37
2.3178578e+09 1.300377e+19 5.543686e+09 82241658 66635137 3.700075e-28 3.601889e-28 2.5156377e-37
2.3202035e+09 1.3016774e+19 5.5436857e+09 82160388 66568097 3.6889423e-28 3.591148e-28 2.5030241e-37
2.3225515e+09 1.3029791e+19 5.5436853e+09 82079197 66501125 3.6778431e-28 3.580439e-28 2.4904737e-37
2.3249019e+09 1.3042821e+19 5.543685e+09 81998086 66434222 3.6667774e-28 3.5697619e-28 2.4779864e-37
2.3272546e+09 1.3055863e+19 5.5436847e+09 81917054 66367385 3.655745e-28 3.5591166e-28 2.4655618e-37
2.3296097e+09 1.3068919e+19 5.5436844e+09 81836101 66300617 3.6447459e-28 3.5485031e-28 2.4531995e-37
2.3319672e+09 1.3081988e+19 5.543684e+09 81755228 66233916 3.6337799e-28 3.5379211e-28 2.4408993e-37
2.334327e+09 1.309507e+19 5.5436837e+09 81674433 66167283 3.6228469e-28 3.5273706e-28 2.4286609e-37
2.3366891e+09 1.3108165e+19 5.5436834e+09 81593718 66100717 3.6119469e-28 3.5168516e-28 2.4164838e-37
2.3390536e+09 1.3121273e+19 5.5436831e+09 81513081 66034219 3.6010798e-28 3.5063638e-28 2.4043679e-37
2.3414205e+09 1.3134395e+19 5.5436827e+09 81432523 65967788 3.5902454e-28 3.4959073e-28 2.3923128e-37
2.3437898e+09 1.3147529e+19 5.5436824e+09 81352044 65901424 3.5794436e-28 3.485482e-28 2.3803183e-37
2.3461614e+09 1.3160677e+19 5.5436821e+09 81271644 65835128 3.5686744e-28 3.4750877e-28 2.3683839e-37
2.3485354e+09 1.3173837e+19 5.5436818e+09 81191322 65768899 3.5579376e-28 3.4647244e-28 2.3565094e-37
2.3509118e+09 1.3187011e+19 5.5436815e+09 81111079 65702736 3.5472332e-28 3.4543919e-28 2.3446945e-37
2.3532905e+09 1.3200198e+19 5.5436811e+09 81030914 65636641 3.5365611e-28 3.4440902e-28 2.332939e-37
2.3556716e+09 1.3213398e+19 5.5436808e+09 80950828 65570613 3.5259211e-28 3.4338191e-28 2.3212424e-37
2.3580551e+09 1.3226612e+19 5.5436805e+09 80870820 65504652 3.5153132e-28 3.4235787e-28 2.3096046e-37
2.360441e+09 1.3239838e+19 5.5436802e+09 80790890 65438757 3.5047372e-28 3.4133688e-28 2.2980251e-37
2.3628293e+09 1.3253078e+19 5.5436799e+09 80711038 65372930 3.4941931e-28 3.4031892e-28 2.2865038e-37
2.36522e+09 1.3266331e+19 5.5436796e+09 80631265 65307169 3.4836808e-28 3.39304e-28 2.2750403e-37
2.367613e+09 1.3279598e+19 5.5436792e+09 80551569 65241474 3.4732002e-28 3.382921e-28 2.2636343e-37
2.3700085e+09 1.3292877e+19 5.5436789e+09 80471952 65175846 3.4627511e-28 3.3728322e-28 2.2522856e-37
2.3724063e+09 1.330617e+19 5.5436786e+09 80392412 65110285 3.4523335e-28 3.3627734e-28 2.2409939e-37
2.3748066e+09 1.3319476e+19 5.5436783e+09 80312950 65044790 3.4419473e-28 3.3527446e-28 2.2297588e-37
2.3772092e+09 1.3332796e+19 5.543678e+09 80233566 64979361 3.4315924e-28 3.3427456e-28 2.2185801e-37
2.3796143e+09 1.3346129e+19 5.5436777e+09 80154259 64913999 3.4212688e-28 3.3327764e-28 2.2074575e-37
2.3820217e+09 1.3359475e+19 5.5436774e+09 80075030 64848703 3.4109762e-28 3.3228369e-28 2.1963908e-37
2.3844316e+09 1.3372834e+19 5.5436771e+09 79995878 64783473 3.4007146e-28 3.312927e-28 2.1853795e-37
2.3868438e+09 1.3386207e+19 5.5436767e+09 79916804 64718309 3.390484e-28 3.3030466e-28 2.1744236e-37
2.3892585e+09 1.3399593e+19 5.5436764e+09 79837807 64653211 3.3802841e-28 3.2931957e-28 2.1635226e-37
2.3916756e+09 1.3412993e+19 5.5436761e+09 79758887 64588179 3.370115e-28 3.2833741e-28 2.1526764e-37
2.3940951e+09 1.3426406e+19 5.5436758e+09 79680045 64523213 3.3599766e-28 3.2735817e-28 2.1418845e-37
2.396517e+09 1.3439832e+19 5.5436755e+09 79601280 64458312 3.3498687e-28 3.2638185e-28 2.1311469e-37
2.3989414e+09 1.3453272e+19 5.5436752e+09 79522591 64393478 3.3397912e-28 3.2540844e-28 2.1204631e-37
2.4013682e+09 1.3466725e+19 5.5436749e+09 79443980 64328709 3.3297441e-28 3.2443793e-28 2.109833e-37
2.4037974e+09 1.3480192e+19 5.5436746e+09 79365446 64264005 3.3197273e-28 3.2347031e-28 2.0992562e-37
2.406229e+09 1.3493672e+19 5.5436743e+09 79286988 64199367 3.3097407e-28 3.2250557e-28 2.0887324e-37
2.4086631e+09 1.3507166e+19 5.543674e+09 79208607 64134795 3.2997842e-28 3.2154371e-28 2.0782615e-37
2.4110996e+09 1.3520673e+19 5.5436737e+09 79130303 64070288 3.2898576e-28 3.2058471e-28 2.0678432e-37
2.4135385e+09 1.3534194e+19 5.5436734e+09 79052076 64005846 3.279961e-28 3.1962856e-28 2.0574771e-37
2.4159799e+09 1.3547728e+19 5.5436731e+09 78973925 63941470 3.2700942e-28 3.1867527e-28 2.047163e-37
2.4184237e+09 1.3561276e+19 5.5436728e+09 78895850 63877158 3.2602571e-28 3.1772481e-28 2.0369007e-37
2.42087e+09 1.3574837e+19 5.5436725e+09 78817852 63812912 3.2504496e-28 3.1677719e-28 2.0266899e-37
2.4233187e+09 1.3588412e+19 5.5436722e+09 78739930 63748731 3.2406717e-28 3.1583239e-28 2.0165304e-37
2.4257698e+09 1.3602e+19 5.5436719e+09 78662084 63684615 3.2309232e-28 3.148904e-28 2.0064218e-37
2.4282235e+09 1.3615602e+19 5.5436716e+09 78584315 63620564 3.2212042e-28 3.1395122e-28 1.996364e-37
2.4306795e+09 1.3629218e+19 5.5436713e+09 78506621 63556578 3.2115144e-28 3.1301483e-28 1.9863566e-37
2.433138e+09 1.3642847e+19 5.543671e+09 78429004 63492656 3.2018538e-28 3.1208124e-28 1.9763995e-37
2.435599e+09 1.365649e+19 5.5436707e+09 78351463 63428799 3.1922223e-28 3.1115042e-28 1.9664923e-37
2.4380625e+09 1.3670146e+19 5.5436704e+09 78273997 63365007 3.1826198e-28 3.1022238e-28 1.9566348e-37
2.4405284e+09 1.3683816e+19 5.5436701e+09 78196607 63301280 3.1730462e-28 3.092971e-28 1.9468268e-37
2.4429967e+09 1.36975e+19 5.5436698e+09 78119293 63237617 3.1635015e-28 3.0837458e-28 1.937068e-37
2.4454676e+09 1.3711198e+19 5.5436695e+09 78042055 63174018 3.1539856e-28 3.0745481e-28 1.9273582e-37
2.4479409e+09 1.3724909e+19 5.5436692e+09 77964892 63110484 3.1444983e-28 3.0653778e-28 1.9176971e-37
2.4504166e+09 1.3738634e+19 5.5436689e+09 77887805 63047014 3.1350396e-28 3.0562347e-28 1.9080845e-37
2.4528949e+09 1.3752373e+19 5.5436686e+09 77810793 62983609 3.1256094e-28 3.047119e-28 1.8985202e-37
2.4553756e+09 1.3766125e+19 5.5436683e+09 77733856 62920267 3.1162076e-28 3.0380303e-28 1.8890038e-37
2.4578589e+09 1.3779891e+19 5.543668e+09 77656995 62856990 3.1068341e-28 3.0289688e-28 1.8795352e-37
2.4603446e+09 1.3793671e+19 5.5436677e+09 77580209 62793777 3.0974888e-28 3.0199342e-28 1.870114e-37
2.4628327e+09 1.3807465e+19 5.5436674e+09 77503498 62730628 3.0881717e-28 3.0109266e-28 1.8607402e-37
2.4653234e+09 1.3821272e+19 5.5436671e+09 77426862 62667542 3.0788827e-28 3.0019458e-28 1.8514134e-37
2.4678166e+09 1.3835093e+19 5.5436669e+09 77350302 62604521 3.0696217e-28 2.9929917e-28 1.8421334e-37
2.4703122e+09 1.3848928e+19 5.5436666e+09 77273816 62541563 3.0603886e-28 2.9840643e-28 1.8329e-37
2.4728104e+09 1.3862777e+19 5.5436663e+09 77197405 62478670 3.0511832e-28 2.9751636e-28 1.8237128e-37
2.475311e+09 1.387664e+19 5.543666e+09 77121069 62415839 3.0420056e-28 2.9662893e-28 1.8145718e-37
2.4778142e+09 1.3890517e+19 5.5436657e+09 77044807 62353073 3.0328557e-28 2.9574415e-28 1.8054767e-37
2.4803198e+09 1.3904407e+19 5.5436654e+09 76968620 62290370 3.0237333e-28 2.94862e-28 1.7964272e-37
2.482828e+09 1.3918312e+19 5.5436651e+09 76892508 62227730 3.0146384e-28 2.9398248e-28 1.7874231e-37
2.4853387e+09 1.393223e+19 5.5436648e+09 76816470 62165154 3.0055709e-28 2.9310558e-28 1.7784642e-37
2.4878519e+09 1.3946162e+19 5.5436646e+09 76740507 62102641 2.9965307e-28 2.9223129e-28 1.7695502e-37
2.4903675e+09 1.3960108e+19 5.5436643e+09 76664618 62040192 2.9875178e-28 2.9135961e-28 1.7606809e-37
2.4928858e+09 1.3974069e+19 5.543664e+09 76588803 61977805 2.9785319e-28 2.9049052e-28 1.7518562e-37
2.4954065e+09 1.3988043e+19 5.5436637e+09 76513063 61915482 2.9695732e-28 2.8962402e-28 1.7430757e-37
2.4979297e+09 1.4002031e+19 5.5436634e+09 76437396 61853222 2.9606415e-28 2.8876011e-28 1.7343393e-37
2.5004555e+09 1.4016033e+19 5.5436631e+09 76361804 61791025 2.9517366e-28 2.8789877e-28 1.7256467e-37
2.5029838e+09 1.4030049e+19 5.5436629e+09 76286286 61728891 2.9428586e-28 2.8703999e-28 1.7169978e-37
2.5055146e+09 1.4044079e+19 5.5436626e+09 76210842 61666820 2.9340073e-28 2.8618377e-28 1.7083922e-37
2.508048e+09 1.4058123e+19 5.5436623e+09 76135471 61604811 2.9251827e-28 2.8533011e-28 1.6998298e-37
2.5105839e+09 1.4072181e+19 5.543662e+09 76060174 61542866 2.9163846e-28 2.8447899e-28 1.6913104e-37
2.5131223e+09 1.4086253e+19 5.5436617e+09 75984951 61480983 2.9076131e-28 2.836304e-28 1.6828337e-37
2.5156633e+09 1.4100339e+19 5.5436614e+09 75909802 61419162 2.898868e-28 2.8278434e-28 1.6743995e-37
2.5182068e+09 1.411444e+19 5.5436612e+09 75834726 61357405 2.8901492e-28 2.819408e-28 1.6660077e-37
2.5207528e+09 1.4128554e+19 5.5436609e+09 75759724 61295709 2.8814567e-28 2.8109977e-28 1.6576579e-37
2.5233014e+09 1.4142683e+19 5.5436606e+09 75684795 61234077 2.8727904e-28 2.8026125e-28 1.6493501e-37
2.5258526e+09 1.4156825e+19 5.5436603e+09 75609940 61172506 2.8641501e-28 2.7942523e-28 1.6410839e-37
2.5284063e+09 1.4170982e+19 5.5436601e+09 75535158 61110998 2.8555359e-28 2.785917e-28 1.6328592e-37
2.5309625e+09 1.4185153e+19 5.5436598e+09 75460449 61049552 2.8469477e-28 2.7776065e-28 1.6246758e-37
2.5335213e+09 1.4199338e+19 5.5436595e+09 75385813 60988169 2.8383853e-28 2.7693208e-28 1.6165334e-37
2.5360827e+09 1.4213538e+19 5.5436592e+09 75311250 60926847 2.8298487e-28 2.7610598e-28 1.6084319e-37
2.5386466e+09 1.4227751e+19 5.543659e+09 75236761 60865587 2.8213378e-28 2.7528234e-28 1.600371e-37
2.5412131e+09 1.4241979e+19 5.5436587e+09 75162344 60804390 2.8128525e-28 2.7446115e-28 1.5923505e-37
2.5437822e+09 1.4256221e+19 5.5436584e+09 75088000 60743254 2.8043929e-28 2.7364241e-28 1.5843703e-37
2.5463538e+09 1.4270477e+19 5.5436581e+09 75013729 60682181 2.7959586e-28 2.7282611e-28 1.5764302e-37
2.548928e+09 1.4284748e+19 5.5436579e+09 74939531 60621169 2.7875498e-28 2.7201224e-28 1.5685298e-37
2.5515048e+09 1.4299032e+19 5.5436576e+09 74865405 60560219 2.7791663e-28 2.7120079e-28 1.5606691e-37
2.5540841e+09 1.4313331e+19 5.5436573e+09 74791352 60499330 2.7708081e-28 2.7039177e-28 1.5528479e-37
2.556666e+09 1.4327645e+19 5.5436571e+09 74717372 60438503 2.762475e-28 2.6958515e-28 1.5450658e-37
2.5592506e+09 1.4341972e+19 5.5436568e+09 74643464 60377738 2.7541671e-28 2.6878094e-28 1.5373228e-37
2.5618376e+09 1.4356314e+19 5.5436565e+09 74569628 60317034 2.7458841e-28 2.6797912e-28 1.5296187e-37
2.5644273e+09 1.4370671e+19 5.5436562e+09 74495864 60256392 2.7376262e-28 2.6717969e-28 1.5219532e-37
2.5670196e+09 1.4385041e+19 5.543656e+09 74422173 60195811 2.729393e-28 2.6638265e-28 1.5143261e-37
2.5696145e+09 1.4399426e+19 5.5436557e+09 74348554 60135291 2.7211847e-28 2.6558797e-28 1.5067373e-37
2.5722119e+09 1.4413826e+19 5.5436554e+09 74275008 60074832 2.7130011e-28 2.6479567e-28 1.4991866e-37
2.574812e+09 1.442824e+19 5.5436552e+09 74201533 60014435 2.7048421e-28 2.6400573e-28 1.4916738e-37
2.5774146e+09 1.4442668e+19 5.5436549e+09 74128130 59954099 2.6967078e-28 2.6321814e-28 1.4841986e-37
2.5800199e+09 1.4457111e+19 5.5436546e+09 74054799 59893824 2.6885979e-28 2.624329e-28 1.476761e-37
2.5826278e+09 1.4471568e+19 5.5436544e+09 73981540 59833609 2.6805124e-28 2.6164999e-28 1.4693606e-37
2.5852383e+09 1.4486039e+19 5.5436541e+09 73908353 59773456 2.6724513e-28 2.6086942e-28 1.4619974e-37
2.5878513e+09 1.4500525e+19 5.5436538e+09 73835237 59713364 2.6644145e-28 2.6009118e-28 1.4546711e-37
2.590467e+09 1.4515026e+19 5.5436536e+09 73762193 59653332 2.6564018e-28 2.5931525e-28 1.4473816e-37
2.5930853e+09 1.4529541e+19 5.5436533e+09 73689221 59593361 2.6484133e-28 2.5854164e-28 1.4401286e-37
2.5957063e+09 1.454407e+19 5.5436531e+09 73616320 59533451 2.6404489e-28 2.5777033e-28 1.432912e-37
2.5983298e+09 1.4558614e+19 5.5436528e+09 73543490 59473601 2.6325085e-28 2.5700132e-28 1.4257317e-37
2.600956e+09 1.4573173e+19 5.5436525e+09 73470732 59413812 2.6245919e-28 2.562346e-28 1.4185873e-37
2.6035848e+09 1.4587746e+19 5.5436523e+09 73398045 59354084 2.6166992e-28 2.5547017e-28 1.4114788e-37
2.6062162e+09 1.4602334e+19 5.543652e+09 73325429 59294415 2.6088303e-28 2.5470802e-28 1.4044059e-37
2.6088503e+09 1.4616936e+19 5.5436518e+09 73252885 59234808 2.600985e-28 2.5394813e-28 1.3973685e-37
2.611487e+09 1.4631553e+19 5.5436515e+09 73180411 59175260 2.5931634e-28 2.5319051e-28 1.3903664e-37
2.6141263e+09 1.4646185e+19 5.5436512e+09 73108009 59115773 2.5853654e-28 2.5243515e-28 1.3833994e-37
2.6167683e+09 1.4660831e+19 5.543651e+09 73035677 59056346 2.5775908e-28 2.5168203e-28 1.3764674e-37
2.6194129e+09 1.4675492e+19 5.5436507e+09 72963417 58996979 2.5698397e-28 2.5093117e-28 1.3695701e-37
2.6220602e+09 1.4690167e+19 5.5436505e+09 72891227 58937672 2.5621118e-28 2.5018254e-28 1.3627075e-37
2.6247101e+09 1.4704857e+19 5.5436502e+09 72819108 58878425 2.5544073e-28 2.4943614e-28 1.3558792e-37
2.6273627e+09 1.4719562e+19 5.5436499e+09 72747059 58819238 2.546726e-28 2.4869196e-28 1.3490852e-37
2.6300179e+09 1.4734282e+19 5.5436497e+09 72675081 58760111 2.5390678e-28 2.4795e-28 1.3423253e-37
2.6326757e+09 1.4749016e+19 5.5436494e+09 72603174 58701044 2.5314326e-28 2.4721025e-28 1.3355993e-37
2.6353363e+09 1.4763765e+19 5.5436492e+09 72531337 58642036 2.5238205e-28 2.4647271e-28 1.3289071e-37
2.6379995e+09 1.4778529e+19 5.5436489e+09 72459571 58583088 2.5162312e-28 2.4573737e-28 1.3222484e-37
2.6406653e+09 1.4793307e+19 5.5436487e+09 72387875 58524200 2.5086648e-28 2.4500421e-28 1.315623e-37
2.6433338e+09 1.4808101e+19 5.5436484e+09 72316249 58465371 2.5011212e-28 2.4427324e-28 1.309031e-37
2.646005e+09 1.4822909e+19 5.5436482e+09 72244693 58406602 2.4936004e-28 2.4354445e-28 1.302472e-37
2.6486789e+09 1.4837732e+19 5.5436479e+09 72173208 58347892 2.4861021e-28 2.4281784e-28 1.2959458e-37
2.6513554e+09 1.485257e+19 5.5436477e+09 72101792 58289242 2.4786265e-28 2.4209338e-28 1.2894525e-37
2.6540346e+09 1.4867422e+19 5.5436474e+09 72030447 58230651 2.4711733e-28 2.4137109e-28 1.2829916e-37
2.6567165e+09 1.488229e+19 5.5436472e+09 71959171 58172119 2.4637426e-28 2.4065094e-28 1.2765632e-37
2.659401e+09 1.4897172e+19 5.5436469e+09 71887965 58113647 2.4563343e-28 2.3993295e-28 1.2701671e-37
2.6620883e+09 1.4912069e+19 5.5436467e+09 71816830 58055233 2.4489483e-28 2.3921709e-28 1.263803e-37
2.6647782e+09 1.4926981e+19 5.5436464e+09 71745763 57996879 2.4415845e-28 2.3850337e-28 1.2574708e-37
2.6674709e+09 1.4941908e+19 5.5436462e+09 71674767 57938584 2.4342429e-28 2.3779177e-28 1.2511704e-37
2.6701662e+09 1.495685e+19 5.5436459e+09 71603840 57880347 2.4269234e-28 2.370823e-28 1.2449016e-37
2.6728642e+09 1.4971807e+19 5.5436457e+09 71532982 57822170 2.419626e-28 2.3637494e-28 1.2386642e-37
2.6755649e+09 1.4986779e+19 5.5436454e+09 71462195 57764051 2.4123505e-28 2.3566968e-28 1.2324581e-37
2.6782683e+09 1.5001765e+19 5.5436452e+09 71391476 57705991 2.4050969e-28 2.3496653e-28 1.2262832e-37
2.6809744e+09 1.5016767e+19 5.5436449e+09 71320827 57647990 2.3978652e-28 2.3426547e-28 1.2201392e-37
2.6836833e+09 1.5031784e+19 5.5436447e+09 71250247 57590048 2.3906552e-28 2.3356651e-28 1.214026e-37
2.6863948e+09 1.5046816e+19 5.5436444e+09 71179736 57532164 2.383467e-28 2.3286962e-28 1.2079434e-37
2.689109e+09 1.5061863e+19 5.5436442e+09 71109294 57474338 2.3763004e-28 2.3217482e-28 1.2018914e-37
2.691826e+09 1.5076924e+19 5.5436439e+09 71038922 57416571 2.3691553e-28 2.3148208e-28 1.1958698e-37
2.6945457e+09 1.5092001e+19 5.5436437e+09 70968618 57358863 2.3620318e-28 2.3079141e-28 1.1898783e-37
2.6972681e+09 1.5107093e+19 5.5436435e+09 70898383 57301213 2.3549298e-28 2.301028e-28 1.1839169e-37
2.6999932e+09 1.51222e+19 5.5436432e+09 70828217 57243621 2.3478491e-28 2.2941624e-28 1.1779853e-37
2.7027211e+09 1.5137323e+19 5.543643e+09 70758120 57186087 2.3407897e-28 2.2873172e-28 1.1720836e-37
2.7054516e+09 1.515246e+19 5.5436427e+09 70688092 57128612 2.3337516e-28 2.2804925e-28 1.1662114e-37
2.7081849e+09 1.5167612e+19 5.5436425e+09 70618132 57071195 2.3267347e-28 2.273688e-28 1.1603687e-37
2.710921e+09 1.518278e+19 5.5436422e+09 70548241 57013836 2.3197389e-28 2.2669039e-28 1.1545552e-37
2.7136597e+09 1.5197963e+19 5.543642e+09 70478419 56956534 2.3127642e-28 2.26014e-28 1.1487709e-37
2.7164013e+09 1.5213161e+19 5.5436418e+09 70408665 56899291 2.3058105e-28 2.2533962e-28 1.1430157e-37
2.7191455e+09 1.5228374e+19 5.5436415e+09 70338979 56842106 2.2988777e-28 2.2466726e-28 1.1372893e-37
2.7218925e+09 1.5243602e+19 5.5436413e+09 70269361 56784978 2.2919658e-28 2.239969e-28 1.1315916e-37
2.7246422e+09 1.5258846e+19 5.543641e+09 70199812 56727908 2.2850747e-28 2.2332853e-28 1.1259225e-37
2.7273947e+09 1.5274105e+19 5.5436408e+09 70130331 56670896 2.2782043e-28 2.2266216e-28 1.1202818e-37
2.73015e+09 1.5289379e+19 5.5436406e+09 70060919 56613942 2.2713546e-28 2.2199778e-28 1.1146694e-37
2.732908e+09 1.5304668e+19 5.5436403e+09 69991574 56557045 2.2645256e-28 2.2133537e-28 1.1090851e-37
2.7356688e+09 1.5319973e+19 5.5436401e+09 69922297 56500205 2.2577171e-28 2.2067494e-28 1.1035288e-37
2.7384323e+09 1.5335293e+19 5.5436399e+09 69853088 56443423 2.2509291e-28 2.2001648e-28 1.0980005e-37
2.7411986e+09 1.5350628e+19 5.5436396e+09 69783947 56386699 2.2441615e-28 2.1935998e-28 1.0924998e-37
2.7439676e+09 1.5365979e+19 5.5436394e+09 69714874 56330032 2.2374144e-28 2.1870543e-28 1.0870267e-37
2.7467394e+09 1.5381345e+19 5.5436392e+09 69645869 56273422 2.2306875e-28 2.1805284e-28 1.0815811e-37
2.749514e+09 1.5396726e+19 5.5436389e+09 69576931 56216869 2.2239809e-28 2.1740219e-28 1.0761627e-37
2.7522914e+09 1.5412123e+19 5.5436387e+09 69508061 56160374 2.2172945e-28 2.1675348e-28 1.0707716e-37
2.7550715e+09 1.5427535e+19 5.5436385e+09 69439259 56103935 2.2106282e-28 2.1610671e-28 1.0654074e-37
2.7578545e+09 1.5442962e+19 5.5436382e+09 69370524 56047554 2.203982e-28 2.1546186e-28 1.0600702e-37
2.7606402e+09 1.5458405e+19 5.543638e+09 69301856 55991230 2.1973557e-28 2.1481894e-28 1.0547597e-37
2.7634287e+09 1.5473864e+19 5.5436378e+09 69233256 55934962 2.1907495e-28 2.1417793e-28 1.0494759e-37
2.76622e+09 1.5489338e+19 5.5436375e+09 69164723 55878752 2.1841631e-28 2.1353883e-28 1.0442185e-37
2.769014e+09 1.5504827e+19 5.5436373e+09 69096257 55822598 2.1775965e-28 2.1290164e-28 1.0389875e-37
2.7718109e+09 1.5520332e+19 5.5436371e+09 69027858 55766501 2.1710498e-28 2.1226634e-28 1.0337828e-37
2.7746106e+09 1.5535852e+19 5.5436368e+09 68959527 55710461 2.1645227e-28 2.1163294e-28 1.0286041e-37
2.777413e+09 1.5551388e+19 5.5436366e+09 68891262 55654478 2.1580153e-28 2.1100143e-28 1.0234514e-37
2.7802183e+09 1.5566939e+19 5.5436364e+09 68823064 55598551 2.1515274e-28 2.103718e-28 1.0183246e-37
2.7830264e+09 1.5582506e+19 5.5436361e+09 68754934 55542680 2.1450591e-28 2.0974404e-28 1.0132234e-37
2.7858373e+09 1.5598089e+19 5.5436359e+09 68686870 55486866 2.1386103e-28 2.0911816e-28 1.0081479e-37
2.788651e+09 1.5613687e+19 5.5436357e+09 68618873 55431109 2.1321809e-28 2.0849414e-28 1.0030977e-37
2.7914675e+09 1.5629301e+19 5.5436355e+09 68550942 55375408 2.1257709e-28 2.0787199e-28 9.9807295e-38
2.7942868e+09 1.564493e+19 5.5436352e+09 68483079 55319763 2.1193801e-28 2.0725168e-28 9.9307334e-38
2.7971089e+09 1.5660575e+19 5.543635e+09 68415282 55264174 2.1130086e-28 2.0663323e-28 9.8809881e-38
2.7999339e+09 1.5676235e+19 5.5436348e+09 68347551 55208642 2.1066562e-28 2.0601662e-28 9.8314922e-38
2.8027617e+09 1.5691912e+19 5.5436346e+09 68279887 55153166 2.100323e-28 2.0540185e-28 9.7822444e-38
2.8055923e+09 1.5707604e+19 5.5436343e+09 68212289 55097746 2.0940089e-28 2.0478891e-28 9.7332435e-38
2.8084257e+09 1.5723311e+19 5.5436341e+09 68144757 55042381 2.0877137e-28 2.0417779e-28 9.6844884e-38
2.811262e+09 1.5739035e+19 5.5436339e+09 68077292 54987073 2.0814375e-28 2.035685e-28 9.6359777e-38
2.8141011e+09 1.5754774e+19 5.5436337e+09 68009893 54931821 2.0751802e-28 2.0296103e-28 9.5877102e-38
2.8169431e+09 1.5770528e+19 5.5436334e+09 67942560 54876624 2.0689417e-28 2.0235536e-28 9.5396847e-38
2.8197879e+09 1.5786299e+19 5.5436332e+09 67875293 54821484 2.0627221e-28 2.0175151e-28 9.4919001e-38
2.8226355e+09 1.5802085e+19 5.543633e+09 67808092 54766399 2.0565211e-28 2.0114945e-28 9.4443549e-38
2.825486e+09 1.5817887e+19 5.5436328e+09 67740958 54711369 2.0503388e-28 2.0054918e-28 9.3970482e-38
2.8283394e+09 1.5833705e+19 5.5436325e+09 67673889 54656396 2.0441751e-28 1.9995071e-28 9.3499787e-38
2.8311956e+09 1.5849539e+19 5.5436323e+09 67606885 54601477 2.03803e-28 1.9935402e-28 9.3031451e-38
2.8340546e+09 1.5865388e+19 5.5436321e+09 67539948 54546615 2.0319033e-28 1.987591e-28 9.2565464e-38
2.8369165e+09 1.5881254e+19 5.5436319e+09 67473076 54491808 2.0257951e-28 1.9816597e-28 9.2101813e-38
2.8397813e+09 1.5897135e+19 5.5436317e+09 67406270 54437056 2.0197053e-28 1.9757459e-28 9.1640486e-38
2.842649e+09 1.5913032e+19 5.5436314e+09 67339529 54382359 2.0136338e-28 1.9698499e-28 9.1181472e-38
2.8455195e+09 1.5928945e+19 5.5436312e+09 67272854 54327718 2.0075806e-28 1.9639714e-28 9.072476e-38
2.8483928e+09 1.5944874e+19 5.543631e+09 67206244 54273132 2.0015457e-28 1.9581104e-28 9.0270337e-38
2.8512691e+09 1.5960819e+19 5.5436308e+09 67139700 54218601 1.9955288e-28 1.9522669e-28 8.9818193e-38
2.8541482e+09 1.597678e+19 5.5436306e+09 67073221 54164126 1.9895301e-28 1.9464408e-28 8.9368315e-38
2.8570302e+09 1.5992757e+19 5.5436303e+09 67006807 54109705 1.9835495e-28 1.9406321e-28 8.8920693e-38
2.8599151e+09 1.6008749e+19 5.5436301e+09 66940458 54055339 1.9775868e-28 1.9348407e-28 8.8475315e-38
2.8628029e+09 1.6024758e+19 5.5436299e+09 66874175 54001029 1.9716421e-28 1.9290665e-28 8.8032169e-38
2.8656936e+09 1.6040783e+19 5.5436297e+09 66807957 53946773 1.9657153e-28 1.9233096e-28 8.7591246e-38
2.8685871e+09 1.6056824e+19 5.5436295e+09 66741803 53892572 1.9598064e-28 1.9175698e-28 8.7152532e-38
2.8714836e+09 1.607288e+19 5.5436293e+09 66675715 53838426 1.9539152e-28 1.9118472e-28 8.6716019e-38
2.8743829e+09 1.6088953e+19 5.5436291e+09 66609691 53784334 1.9480417e-28 1.9061416e-28 8.6281693e-38
2.8772851e+09 1.6105042e+19 5.5436288e+09 66543732 53730297 1.942186e-28 1.900453e-28 8.5849545e-38
2.8801903e+09 1.6121147e+19 5.5436286e+09 66477838 53676315 1.9363478e-28 1.8947814e-28 8.5419564e-38
2.8830983e+09 1.6137268e+19 5.5436284e+09 66412008 53622387 1.9305273e-28 1.8891266e-28 8.4991738e-38
2.8860093e+09 1.6153406e+19 5.5436282e+09 66346244 53568514 1.9247242e-28 1.8834888e-28 8.4566056e-38
2.8889232e+09 1.6169559e+19 5.543628e+09 66280543 53514695 1.9189386e-28 1.8778677e-28 8.4142509e-38
2.8918399e+09 1.6185729e+19 5.5436278e+09 66214907 53460931 1.9131704e-28 1.8722634e-28 8.3721085e-38
2.8947596e+09 1.6201914e+19 5.5436276e+09 66149336 53407221 1.9074196e-28 1.8666758e-28 8.3301773e-38
2.8976823e+09 1.6218116e+19 5.5436274e+09 66083829 53353565 1.9016861e-28 1.8611049e-28 8.2884564e-38
2.9006078e+09 1.6234334e+19 5.5436271e+09 66018386 53299963 1.8959699e-28 1.8555506e-28 8.2469446e-38
2.9035363e+09 1.6250569e+19 5.5436269e+09 65953008 53246416 1.8902708e-28 1.8500128e-28 8.2056409e-38
2.9064677e+09 1.6266819e+19 5.5436267e+09 65887694 53192922 1.884589e-28 1.8444915e-28 8.1645443e-38
2.909402e+09 1.6283086e+19 5.5436265e+09 65822444 53139483 1.8789242e-28 1.8389867e-28 8.1236537e-38
2.9123393e+09 1.6299369e+19 5.5436263e+09 65757257 53086098 1.8732764e-28 1.8334983e-28 8.082968e-38
2.9152795e+09 1.6315669e+19 5.5436261e+09 65692135 53032766 1.8676457e-28 1.8280263e-28 8.0424863e-38
2.9182226e+09 1.6331984e+19 5.5436259e+09 65627077 52979489 1.8620319e-28 1.8225706e-28 8.0022075e-38
2.9211687e+09 1.6348316e+19 5.5436257e+09 65562083 52926265 1.856435e-28 1.8171312e-28 7.9621307e-38
2.9241177e+09 1.6364665e+19 5.5436255e+09 65497152 52873095 1.8508549e-28 1.8117079e-28 7.9222547e-38
2.9270697e+09 1.6381029e+19 5.5436253e+09 65432286 52819979 1.8452917e-28 1.8063009e-28 7.8825787e-38
2.9300246e+09 1.639741e+19 5.5436251e+09 65367483 52766916 1.8397452e-28 1.8009099e-28 7.8431015e-38
2.9329825e+09 1.6413808e+19 5.5436248e+09 65302743 52713907 1.8342153e-28 1.7955351e-28 7.8038222e-38
2.9359433e+09 1.6430222e+19 5.5436246e+09 65238067 52660952 1.8287022e-28 1.7901762e-28 7.7647398e-38
2.9389072e+09 1.6446652e+19 5.5436244e+09 65173455 52608050 1.8232056e-28 1.7848334e-28 7.7258533e-38
2.9418739e+09 1.6463098e+19 5.5436242e+09 65108906 52555202 1.8177255e-28 1.7795064e-28 7.6871617e-38
2.9448437e+09 1.6479562e+19 5.543624e+09 65044420 52502407 1.812262e-28 1.7741954e-28 7.6486641e-38
2.9478164e+09 1.6496041e+19 5.5436238e+09 64979998 52449665 1.8068149e-28 1.7689001e-28 7.6103594e-38
2.950792e+09 1.6512537e+19 5.5436236e+09 64915639 52396976 1.8013842e-28 1.7636207e-28 7.5722468e-38
2.9537707e+09 1.652905e+19 5.5436234e+09 64851343 52344341 1.7959698e-28 1.758357e-28 7.5343251e-38
2.9567523e+09 1.6545579e+19 5.5436232e+09 64787111 52291759 1.7905717e-28 1.753109e-28 7.4965936e-38
2.9597369e+09 1.6562124e+19 5.543623e+09 64722941 52239230 1.7851899e-28 1.7478766e-28 7.4590512e-38
2.9627245e+09 1.6578686e+19 5.5436228e+09 64658835 52186754 1.7798242e-28 1.7426599e-28 7.421697e-38
2.9657151e+09 1.6595265e+19 5.5436226e+09 64594791 52134331 1.7744748e-28 1.7374587e-28 7.38453e-38
2.9687087e+09 1.661186e+19 5.5436224e+09 64530810 52081961 1.7691414e-28 1.732273e-28 7.3475493e-38
2.9717053e+09 1.6628472e+19 5.5436222e+09 64466893 52029644 1.763824e-28 1.7271028e-28 7.3107539e-38
2.9747048e+09 1.6645101e+19 5.543622e+09 64403037 51977380 1.7585227e-28 1.7219479e-28 7.274143e-38
2.9777074e+09 1.6661746e+19 5.5436218e+09 64339245 51925169 1.7532373e-28 1.7168085e-28 7.2377156e-38
2.980713e+09 1.6678408e+19 5.5436216e+09 64275515 51873010 1.7479678e-28 1.7116844e-28 7.2014708e-38
2.9837216e+09 1.6695086e+19 5.5436214e+09 64211848 51820904 1.7427142e-28 1.7065755e-28 7.1654077e-38
2.9867331e+09 1.6711781e+19 5.5436212e+09 64148244 51768851 1.7374764e-28 1.7014819e-28 7.1295253e-38
2.9897477e+09 1.6728493e+19 5.543621e+09 64084701 51716850 1.7322544e-28 1.6964035e-28 7.0938227e-38
2.9927654e+09 1.6745221e+19 5.5436208e+09 64021222 51664902 1.727048e-28 1.6913402e-28 7.0582991e-38
2.995786e+09 1.6761967e+19 5.5436206e+09 63957804 51613006 1.7218574e-28 1.686292e-28 7.0229536e-38
2.9988096e+09 1.6778728e+19 5.5436204e+09 63894449 51561162 1.7166823e-28 1.6812589e-28 6.9877852e-38
3.0018363e+09 1.6795507e+19 5.5436202e+09 63831156 51509371 1.7115228e-28 1.6762407e-28 6.9527931e-38
3.004866e+09 1.6812303e+19 5.54362e+09 63767926 51457633 1.7063789e-28 1.6712376e-28 6.9179763e-38
3.0078987e+09 1.6829115e+19 5.5436198e+09 63704757 51405946 1.7012504e-28 1.6662493e-28 6.8833341e-38
3.0109345e+09 1.6845944e+19 5.5436196e+09 63641650 51354312 1.6961374e-28 1.6612759e-28 6.8488654e-38
3.0139733e+09 1.686279e+19 5.5436194e+09 63578606 51302730 1.6910397e-28 1.6563174e-28 6.8145696e-38
3.0170151e+09 1.6879653e+19 5.5436192e+09 63515623 51251200 1.6859574e-28 1.6513736e-28 6.7804456e-38
3.02006e+09 1.6896533e+19 5.543619e+09 63452702 51199722 1.6808904e-28 1.6464446e-28 6.7464927e-38
3.0231079e+09 1.6913429e+19 5.5436188e+09 63389843 51148296 1.6758387e-28 1.6415303e-28 6.7127099e-38
3.0261589e+09 1.6930343e+19 5.5436187e+09 63327046 51096922 1.6708021e-28 1.6366306e-28 6.6790964e-38
3.0292129e+09 1.6947273e+19 5.5436185e+09 63264311 51045600 1.6657807e-28 1.6317455e-28 6.6456514e-38
3.03227e+09 1.696422e+19 5.5436183e+09 63201637 50994329 1.6607744e-28 1.626875e-28 6.6123741e-38
3.0353301e+09 1.6981184e+19 5.5436181e+09 63139024 50943111 1.6557832e-28 1.6220191e-28 6.5792635e-38
3.0383933e+09 1.6998166e+19 5.5436179e+09 63076474 50891944 1.6508069e-28 1.6171776e-28 6.5463188e-38
3.0414596e+09 1.7015164e+19 5.5436177e+09 63013984 50840829 1.6458457e-28 1.6123505e-28 6.5135393e-38
3.0445289e+09 1.7032179e+19 5.5436175e+09 62951556 50789765 1.6408994e-28 1.6075378e-28 6.480924e-38
3.0476013e+09 1.7049211e+19 5.5436173e+09 62889190 50738753 1.635968e-28 1.6027395e-28 6.4484722e-38
3.0506768e+09 1.706626e+19 5.5436171e+09 62826884 50687793 1.6310514e-28 1.5979555e-28 6.416183e-38
3.0537553e+09 1.7083327e+19 5.5436169e+09 62764640 50636884 1.6261496e-28 1.5931858e-28 6.3840557e-38
3.056837e+09 1.710041e+19 5.5436167e+09 62702457 50586026 1.6212625e-28 1.5884303e-28 6.3520893e-38
3.0599217e+09 1.711751e+19 5.5436165e+09 62640335 50535220 1.6163902e-28 1.5836889e-28 6.3202832e-38
3.0630094e+09 1.7134628e+19 5.5436164e+09 62578274 50484465 1.6115325e-28 1.5789617e-28 6.2886365e-38
3.0661003e+09 1.7151762e+19 5.5436162e+09 62516274 50433761 1.6066894e-28 1.5742486e-28 6.2571483e-38
3.0691943e+09 1.7168914e+19 5.543616e+09 62454335 50383109 1.601861e-28 1.5695496e-28 6.225818e-38
3.0722913e+09 1.7186083e+19 5.5436158e+09 62392457 50332507 1.597047e-28 1.5648645e-28 6.1946447e-38
3.0753915e+09 1.7203269e+19 5.5436156e+09 62330640 50281957 1.5922475e-28 1.5601935e-28 6.1636276e-38
3.0784948e+09 1.7220472e+19 5.5436154e+09 62268883 50231458 1.5874625e-28 1.5555363e-28 6.1327659e-38
3.0816011e+09 1.7237693e+19 5.5436152e+09 62207188 50181009 1.5826918e-28 1.5508931e-28 6.1020589e-38
3.0847106e+09 1.7254931e+19 5.543615e+09 62145552 50130612 1.5779356e-28 1.5462637e-28 6.0715058e-38
3.0878232e+09 1.7272185e+19 5.5436149e+09 62083978 50080266 1.5731936e-28 1.5416481e-28 6.0411058e-38
3.0909389e+09 1.7289458e+19 5.5436147e+09 62022463 50029970 1.5684659e-28 1.5370462e-28 6.0108581e-38
3.0940577e+09 1.7306747e+19 5.5436145e+09 61961010 49979725 1.5637524e-28 1.5324581e-28 5.980762e-38
3.0971796e+09 1.7324054e+19 5.5436143e+09 61899616 49929531 1.5590531e-28 1.5278837e-28 5.9508168e-38
3.1003046e+09 1.7341378e+19 5.5436141e+09 61838283 49879388 1.5543679e-28 1.5233229e-28 5.9210216e-38
3.1034328e+09 1.7358719e+19 5.5436139e+09 61777011 49829295 1.5496969e-28 1.5187757e-28 5.8913757e-38
3.1065641e+09 1.7376078e+19 5.5436137e+09 61715798 49779253 1.5450399e-28 1.5142421e-28 5.8618784e-38
3.1096985e+09 1.7393454e+19 5.5436136e+09 61654646 49729261 1.5403969e-28 1.5097219e-28 5.8325288e-38
3.1128361e+09 1.7410848e+19 5.5436134e+09 61593554 49679320 1.5357678e-28 1.5052153e-28 5.8033264e-38
3.1159768e+09 1.7428258e+19 5.5436132e+09 61532521 49629429 1.5311527e-28 1.5007221e-28 5.7742703e-38
3.1191207e+09 1.7445687e+19 5.543613e+09 61471549 49579589 1.5265515e-28 1.4962423e-28 5.7453598e-38
3.1222676e+09 1.7463132e+19 5.5436128e+09 61410637 49529798 1.5219642e-28 1.4917759e-28 5.7165942e-38
3.1254178e+09 1.7480595e+19 5.5436126e+09 61349784 49480059 1.5173906e-28 1.4873228e-28 5.6879727e-38
3.1285711e+09 1.7498076e+19 5.5436125e+09 61288992 49430369 1.5128308e-28 1.4828829e-28 5.6594946e-38
3.1317275e+09 1.7515574e+19 5.5436123e+09 61228259 49380729 1.5082847e-28 1.4784563e-28 5.6311593e-38
3.1348871e+09 1.753309e+19 5.5436121e+09 61167586 49331140 1.5037523e-28 1.4740429e-28 5.6029659e-38
3.1380499e+09 1.7550623e+19 5.5436119e+09 61106972 49281601 1.4992335e-28 1.4696427e-28 5.5749138e-38
3.1412158e+09 1.7568173e+19 5.5436117e+09 61046418 49232111 1.4947283e-28 1.4652556e-28 5.5470023e-38
3.1443849e+09 1.7585742e+19 5.5436116e+09 60985924 49182672 1.4902367e-28 1.4608816e-28 5.5192306e-38
3.1475571e+09 1.7603327e+19 5.5436114e+09 60925489 49133283 1.4857586e-28 1.4565206e-28 5.4915981e-38
3.1507325e+09 1.7620931e+19 5.5436112e+09 60865113 49083943 1.4812939e-28 1.4521726e-28 5.4641041e-38
3.1539111e+09 1.7638552e+19 5.543611e+09 60804797 49034653 1.4768427e-28 1.4478376e-28 5.4367478e-38
3.1570929e+09 1.765619e+19 5.5436108e+09 60744540 48985413 1.4724049e-28 1.4435155e-28 5.4095286e-38
3.1602779e+09 1.7673846e+19 5.5436107e+09 60684342 48936223 1.4679805e-28 1.4392063e-28 5.3824458e-38
3.163466e+09 1.769152e+19 5.5436105e+09 60624204 48887082 1.4635693e-28 1.43491e-28 5.3554987e-38
3.1666574e+09 1.7709212e+19 5.5436103e+09 60564124 48837991 1.4591714e-28 1.4306264e-28 5.3286866e-38
3.1698519e+09 1.7726921e+19 5.5436101e+09 60504104 48788950 1.4547868e-28 1.4263557e-28 5.3020088e-38
3.1730496e+09 1.7744648e+19 5.54361e+09 60444143 48739958 1.4504153e-28 1.4220976e-28 5.2754648e-38
3.1762505e+09 1.7762393e+19 5.5436098e+09 60384240 48691015 1.446057e-28 1.4178523e-28 5.2490537e-38
3.1794546e+09 1.7780155e+19 5.5436096e+09 60324397 48642122 1.4417118e-28 1.4136197e-28 5.222775e-38
3.182662e+09 1.7797935e+19 5.5436094e+09 60264612 48593278 1.4373797e-28 1.4093996e-28 5.1966279e-38
3.1858725e+09 1.7815733e+19 5.5436093e+09 60204886 48544484 1.4330606e-28 1.4051922e-28 5.1706119e-38
3.1890862e+09 1.7833549e+19 5.5436091e+09 60145219 48495738 1.4287545e-28 1.4009973e-28 5.1447262e-38
3.1923032e+09 1.7851382e+19 5.5436089e+09 60085611 48447042 1.4244613e-28 1.3968149e-28 5.1189702e-38
3.1955234e+09 1.7869234e+19 5.5436087e+09 60026061 48398395 1.4201811e-28 1.392645e-28 5.0933432e-38
3.1987468e+09 1.7887103e+19 5.5436086e+09 59966569 48349798 1.4159138e-28 1.3884875e-28 5.0678447e-38
3.2019734e+09 1.790499e+19 5.5436084e+09 59907136 48301249 1.4116592e-28 1.3843424e-28 5.0424739e-38
3.2052032e+09 1.7922895e+19 5.5436082e+09 59847762 48252749 1.4074175e-28 1.3802097e-28 5.0172303e-38
3.2084363e+09 1.7940818e+19 5.543608e+09 59788446 48204298 1.4031886e-28 1.3760893e-28 4.9921131e-38
3.2116726e+09 1.7958759e+19 5.5436079e+09 59729188 48155896 1.3989723e-28 1.3719812e-28 4.9671217e-38
3.2149122e+09 1.7976717e+19 5.5436077e+09 59669989 48107543 1.3947688e-28 1.3678853e-28 4.9422556e-38
3.2181549e+09 1.7994694e+19 5.5436075e+09 59610848 48059239 1.3905779e-28 1.3638017e-28 4.9175141e-38
3.221401e+09 1.8012689e+19 5.5436074e+09 59551765 48010983 1.3863996e-28 1.3597302e-28 4.8928965e-38
3.2246502e+09 1.8030702e+19 5.5436072e+09 59492740 47962777 1.3822339e-28 1.3556709e-28 4.8684023e-38
3.2279028e+09 1.8048732e+19 5.543607e+09 59433773 47914619 1.3780807e-28 1.3516237e-28 4.8440308e-38
3.2311585e+09 1.8066781e+19 5.5436068e+09 59374864 47866509 1.37394e-28 1.3475886e-28 4.8197814e-38
3.2344176e+09 1.8084848e+19 5.5436067e+09 59316013 47818448 1.3698117e-28 1.3435654e-28 4.7956534e-38
3.2376799e+09 1.8102933e+19 5.5436065e+09 59257220 47770435 1.3656959e-28 1.3395543e-28 4.7716464e-38
3.2409454e+09 1.8121036e+19 5.5436063e+09 59198484 47722471 1.3615924e-28 1.3355552e-28 4.7477597e-38
3.2442142e+09 1.8139157e+19 5.5436062e+09 59139807 47674556 1.3575013e-28 1.331568e-28 4.7239926e-38
3.2474863e+09 1.8157296e+19 5.543606e+09 59081187 47626688 1.3534225e-28 1.3275927e-28 4.7003446e-38
3.2507617e+09 1.8175453e+19 5.5436058e+09 59022625 47578869 1.349356e-28 1.3236292e-28 4.6768151e-38
3.2540403e+09 1.8193628e+19 5.5436057e+09 58964120 47531099 1.3453017e-28 1.3196776e-28 4.6534034e-38
3.2573222e+09 1.8211822e+19 5.5436055e+09 58905673 47483376 1.3412596e-28 1.3157377e-28 4.6301091e-38
3.2606074e+09 1.8230034e+19 5.5436053e+09 58847283 47435702 1.3372297e-28 1.3118096e-28 4.6069314e-38
3.2638959e+09 1.8248264e+19 5.5436052e+09 58788951 47388075 1.3332119e-28 1.3078932e-28 4.5838699e-38
3.2671877e+09 1.8266512e+19 5.543605e+09 58730676 47340497 1.3292061e-28 1.3039885e-28 4.5609239e-38
3.2704827e+09 1.8284779e+19 5.5436048e+09 58672459 47292967 1.3252124e-28 1.3000954e-28 4.5380929e-38
3.2737811e+09 1.8303064e+19 5.5436047e+09 58614299 47245485 1.3212308e-28 1.296214e-28 4.5153762e-38
3.2770827e+09 1.8321367e+19 5.5436045e+09 58556196 47198050 1.3172611e-28 1.2923441e-28 4.4927734e-38
3.2803877e+09 1.8339688e+19 5.5436043e+09 58498150 47150664 1.3133033e-28 1.2884858e-28 4.4702838e-38
3.2836959e+09 1.8358028e+19 5.5436042e+09 58440161 47103325 1.3093575e-28 1.2846389e-28 4.4479069e-38
3.2870075e+09 1.8376386e+19 5.543604e+09 58382229 47056034 1.3054235e-28 1.2808036e-28 4.425642e-38
3.2903224e+09 1.8394762e+19 5.5436038e+09 58324355 47008791 1.3015014e-28 1.2769797e-28 4.4034887e-38
3.2936406e+09 1.8413157e+19 5.5436037e+09 58266537 46961596 1.297591e-28 1.2731672e-28 4.3814464e-38
3.2969621e+09 1.843157e+19 5.5436035e+09 58208776 46914448 1.2936924e-28 1.269366e-28 4.3595145e-38
3.3002869e+09 1.8450002e+19 5.5436033e+09 58151072 46867347 1.2898056e-28 1.2655762e-28 4.3376925e-38
3.3036151e+09 1.8468452e+19 5.5436032e+09 58093424 46820295 1.2859304e-28 1.2617978e-28 4.3159798e-38
3.3069466e+09 1.848692e+19 5.543603e+09 58035834 46773289 1.2820669e-28 1.2580305e-28 4.2943759e-38
3.3102814e+09 1.8505407e+19 5.5436029e+09 57978300 46726331 1.278215e-28 1.2542746e-28 4.2728802e-38
3.3136196e+09 1.8523912e+19 5.5436027e+09 57920822 46679421 1.2743747e-28 1.2505298e-28 4.2514922e-38
3.3169611e+09 1.8542436e+19 5.5436025e+09 57863401 46632558 1.270546e-28 1.2467962e-28 4.2302113e-38
3.3203059e+09 1.8560979e+19 5.5436024e+09 57806037 46585742 1.2667287e-28 1.2430737e-28 4.2090371e-38
3.3236541e+09 1.857954e+19 5.5436022e+09 57748729 46538973 1.262923e-28 1.2393623e-28 4.1879689e-38
3.3270056e+09 1.8598119e+19 5.543602e+09 57691478 46492252 1.2591287e-28 1.235662e-28 4.1670063e-38
3.3303605e+09 1.8616717e+19 5.5436019e+09 57634282 46445577 1.2553458e-28 1.2319728e-28 4.1461486e-38
3.3337187e+09 1.8635334e+19 5.5436017e+09 57577143 46398950 1.2515742e-28 1.2282945e-28 4.1253955e-38
3.3370803e+09 1.8653969e+19 5.5436016e+09 57520061 46352370 1.2478141e-28 1.2246272e-28 4.1047463e-38
3.3404453e+09 1.8672623e+19 5.5436014e+09 57463034 46305836 1.2440652e-28 1.2209709e-28 4.0842005e-38
3.3438136e+09 1.8691296e+19 5.5436013e+09 57406064 46259350 1.2403276e-28 1.2173254e-28 4.0637577e-38
3.3471853e+09 1.8709987e+19 5.5436011e+09 57349149 46212911 1.2366013e-28 1.2136909e-28 4.0434173e-38
3.3505603e+09 1.8728697e+19 5.5436009e+09 57292291 46166518 1.2328861e-28 1.2100671e-28 4.0231788e-38
3.3539388e+09 1.8747426e+19 5.5436008e+09 57235488 46120172 1.2291822e-28 1.2064542e-28 4.0030416e-38
3.3573206e+09 1.8766173e+19 5.5436006e+09 57178742 46073873 1.2254893e-28 1.2028521e-28 3.9830053e-38
3.3607058e+09 1.878494e+19 5.5436005e+09 57122051 46027621 1.2218076e-28 1.1992607e-28 3.9630694e-38
3.3640944e+09 1.8803724e+19 5.5436003e+09 57065416 45981415 1.218137e-28 1.19568e-28 3.9432334e-38
3.3674863e+09 1.8822528e+19 5.5436001e+09 57008837 45935256 1.2144774e-28 1.19211e-28 3.9234967e-38
3.3708817e+09 1.8841351e+19 5.5436e+09 56952313 45889144 1.2108288e-28 1.1885506e-28 3.9038589e-38
3.3742804e+09 1.8860192e+19 5.5435998e+09 56895845 45843078 1.2071912e-28 1.1850019e-28 3.8843194e-38
3.3776826e+09 1.8879052e+19 5.5435997e+09 56839433 45797059 1.2035645e-28 1.1814638e-28 3.8648779e-38
3.3810882e+09 1.8897931e+19 5.5435995e+09 56783076 45751086 1.1999487e-28 1.1779362e-28 3.8455337e-38
3.3844971e+09 1.8916829e+19 5.5435994e+09 56726775 45705159 1.1963438e-28 1.1744191e-28 3.8262864e-38
3.3879095e+09 1.8935746e+19 5.5435992e+09 56670529 45659278 1.1927497e-28 1.1709125e-28 3.8071355e-38
3.3913253e+09 1.8954682e+19 5.5435991e+09 56614338 45613444 1.1891665e-28 1.1674164e-28 3.7880805e-38
3.3947445e+09 1.8973637e+19 5.5435989e+09 56558203 45567657 1.185594e-28 1.1639307e-28 3.769121e-38
3.3981671e+09 1.899261e+19 5.5435987e+09 56502123 45521915 1.1820323e-28 1.1604554e-28 3.7502565e-38
3.4015931e+09 1.9011603e+19 5.5435986e+09 56446098 45476219 1.1784813e-28 1.1569905e-28 3.7314865e-38
3.4050226e+09 1.9030614e+19 5.5435984e+09 56390128 45430570 1.1749409e-28 1.1535359e-28 3.7128104e-38
3.4084555e+09 1.9049645e+19 5.5435983e+09 56334213 45384967 1.1714113e-28 1.1500916e-28 3.6942279e-38
3.4118918e+09 1.9068695e+19 5.5435981e+09 56278354 45339409 1.1678922e-28 1.1466576e-28 3.6757385e-38
3.4153316e+09 1.9087763e+19 5.543598e+09 56222549 45293898 1.1643837e-28 1.1432339e-28 3.6573417e-38
3.4187748e+09 1.9106851e+19 5.5435978e+09 56166799 45248432 1.1608858e-28 1.1398203e-28 3.6390371e-38
3.4222215e+09 1.9125958e+19 5.5435977e+09 56111104 45203013 1.1573983e-28 1.1364169e-28 3.6208241e-38
3.4256716e+09 1.9145084e+19 5.5435975e+09 56055464 45157639 1.1539214e-28 1.1330237e-28 3.6027024e-38
3.4291251e+09 1.9164229e+19 5.5435974e+09 55999879 45112311 1.1504549e-28 1.1296406e-28 3.5846714e-38
3.4325821e+09 1.9183393e+19 5.5435972e+09 55944348 45067028 1.1469989e-28 1.1262676e-28 3.5667308e-38
3.4360426e+09 1.9202577e+19 5.5435971e+09 55888873 45021792 1.1435532e-28 1.1229047e-28 3.54888e-38
3.4395065e+09 1.9221779e+19 5.5435969e+09 55833451 44976600 1.1401179e-28 1.1195518e-28 3.5311186e-38
3.4429739e+09 1.9241001e+19 5.5435968e+09 55778084 44931455 1.136693e-28 1.1162089e-28 3.5134461e-38
3.4464447e+09 1.9260242e+19 5.5435966e+09 55722772 44886355 1.1332783e-28 1.112876e-28 3.4958622e-38
3.4499191e+09 1.9279502e+19 5.5435965e+09 55667514 44841300 1.1298739e-28 1.109553e-28 3.4783664e-38
3.4533969e+09 1.9298782e+19 5.5435963e+09 55612311 44796291 1.1264798e-28 1.1062399e-28 3.4609582e-38
3.4568781e+09 1.931808e+19 5.5435962e+09 55557162 44751328 1.1230958e-28 1.1029367e-28 3.4436372e-38
3.4603629e+09 1.9337399e+19 5.543596e+09 55502067 44706409 1.119722e-28 1.0996434e-28 3.4264029e-38
3.4638511e+09 1.9356736e+19 5.5435959e+09 55447026 44661536 1.1163584e-28 1.0963599e-28 3.4092549e-38
3.4673429e+09 1.9376093e+19 5.5435957e+09 55392040 44616709 1.1130049e-28 1.0930862e-28 3.3921929e-38
3.4708381e+09 1.9395469e+19 5.5435956e+09 55337108 44571926 1.1096615e-28 1.0898222e-28 3.3752163e-38
3.4743368e+09 1.9414864e+19 5.5435954e+09 55282229 44527189 1.1063281e-28 1.086568e-28 3.3583247e-38
3.477839e+09 1.9434279e+19 5.5435953e+09 55227405 44482496 1.1030048e-28 1.0833235e-28 3.3415177e-38
3.4813447e+09 1.9453713e+19 5.5435951e+09 55172635 44437849 1.0996914e-28 1.0800887e-28 3.3247949e-38
3.484854e+09 1.9473167e+19 5.543595e+09 55117919 44393247 1.096388e-28 1.0768635e-28 3.3081558e-38
3.4883667e+09 1.949264e+19 5.5435948e+09 55063256 44348690 1.0930946e-28 1.0736479e-28 3.2916001e-38
3.4918829e+09 1.9512133e+19 5.5435947e+09 55008648 44304178 1.089811e-28 1.070442e-28 3.2751273e-38
3.4954027e+09 1.9531645e+19 5.5435946e+09 54954093 44259710 1.0865373e-28 1.0672456e-28 3.258737e-38
3.498926e+09 1.9551177e+19 5.5435944e+09 54899592 44215288 1.0832735e-28 1.0640587e-28 3.2424288e-38
3.5024528e+09 1.9570728e+19 5.5435943e+09 54845144 44170910 1.0800195e-28 1.0608814e-28 3.2262023e-38
3.5059831e+09 1.9590299e+19 5.5435941e+09 54790751 44126577 1.0767753e-28 1.0577135e-28 3.210057e-38
3.509517e+09 1.9609889e+19 5.543594e+09 54736410 44082289 1.0735408e-28 1.0545551e-28 3.1939926e-38
3.5130544e+09 1.9629499e+19 5.5435938e+09 54682124 44038045 1.070316e-28 1.0514061e-28 3.1780087e-38
3.5165953e+09 1.9649128e+19 5.5435937e+09 54627890 43993846 1.067101e-28 1.0482665e-28 3.1621047e-38
3.5201398e+09 1.9668777e+19 5.5435935e+09 54573710 43949691 1.0638956e-28 1.0451363e-28 3.1462805e-38
3.5236878e+09 1.9688446e+19 5.5435934e+09 54519584 43905581 1.0606999e-28 1.0420154e-28 3.1305355e-38
3.5272394e+09 1.9708135e+19 5.5435933e+09 54465510 43861516 1.0575137e-28 1.0389038e-28 3.1148693e-38
3.5307945e+09 1.9727843e+19 5.5435931e+09 54411490 43817495 1.0543372e-28 1.0358015e-28 3.0992816e-38
3.5343532e+09 1.9747571e+19 5.543593e+09 54357523 43773518 1.0511702e-28 1.0327084e-28 3.083772e-38
3.5379154e+09 1.9767318e+19 5.5435928e+09 54303610 43729586 1.0480127e-28 1.0296246e-28 3.0683401e-38
3.5414812e+09 1.9787086e+19 5.5435927e+09 54249749 43685698 1.0448647e-28 1.02655e-28 3.0529854e-38
3.5450505e+09 1.9806873e+19 5.5435925e+09 54195942 43641854 1.0417262e-28 1.0234846e-28 3.0377076e-38
3.5486235e+09 1.9826679e+19 5.5435924e+09 54142187 43598055 1.0385971e-28 1.0204283e-28 3.0225064e-38
3.5522e+09 1.9846506e+19 5.5435923e+09 54088485 43554299 1.0354774e-28 1.0173811e-28 3.0073812e-38
3.5557801e+09 1.9866353e+19 5.5435921e+09 54034836 43510588 1.0323671e-28 1.014343e-28 2.9923318e-38
3.5593637e+09 1.9886219e+19 5.543592e+09 53981241 43466921 1.0292662e-28 1.011314e-28 2.9773578e-38
3.562951e+09 1.9906105e+19 5.5435918e+09 53927697 43423298 1.0261746e-28 1.008294e-28 2.9624588e-38
3.5665418e+09 1.9926011e+19 5.5435917e+09 53874207 43379719 1.0230923e-28 1.005283e-28 2.9476343e-38
3.5701362e+09 1.9945937e+19 5.5435916e+09 53820769 43336183 1.0200192e-28 1.002281e-28 2.9328841e-38
3.5737342e+09 1.9965883e+19 5.5435914e+09 53767384 43292692 1.0169554e-28 9.9928798e-29 2.9182078e-38
3.5773359e+09 1.9985849e+19 5.5435913e+09 53714051 43249244 1.0139008e-28 9.9630388e-29 2.903605e-38
3.5809411e+09 2.0005835e+19 5.5435911e+09 53660771 43205841 1.0108554e-28 9.9332868e-29 2.8890753e-38
3.5845499e+09 2.0025841e+19 5.543591e+09 53607544 43162481 1.0078191e-28 9.9036235e-29 2.8746184e-38
3.5881623e+09 2.0045867e+19 5.5435909e+09 53554369 43119165 1.004792e-28 9.8740488e-29 2.8602338e-38
3.5917784e+09 2.0065913e+19 5.5435907e+09 53501246 43075892 1.001774e-28 9.8445623e-29 2.8459213e-38
3.595398e+09 2.0085978e+19 5.5435906e+09 53448176 43032663 9.9876502e-29 9.8151637e-29 2.8316805e-38
3.5990213e+09 2.0106064e+19 5.5435905e+09 53395157 42989478 9.9576512e-29 9.7858529e-29 2.817511e-38
3.6026482e+09 2.0126171e+19 5.5435903e+09 53342191 42946336 9.9277423e-29 9.7566296e-29 2.8034124e-38
3.6062787e+09 2.0146297e+19 5.5435902e+09 53289278 42903238 9.8979234e-29 9.7274934e-29 2.7893845e-38
3.6099129e+09 2.0166443e+19 5.54359e+09 53236416 42860183 9.8681942e-29 9.6984442e-29 2.7754267e-38
3.6135507e+09 2.0186609e+19 5.5435899e+09 53183606 42817171 9.8385543e-29 9.6694816e-29 2.7615389e-38
3.6171921e+09 2.0206796e+19 5.5435898e+09 53130849 42774203 9.8090036e-29 9.6406055e-29 2.7477206e-38
3.6208372e+09 2.0227003e+19 5.5435896e+09 53078143 42731278 9.7795417e-29 9.6118155e-29 2.7339716e-38
3.6244859e+09 2.024723e+19 5.5435895e+09 53025490 42688397 9.7501684e-29 9.5831114e-29 2.7202913e-38
3.6281383e+09 2.0267477e+19 5.5435894e+09 52972888 42645558 9.7208834e-29 9.554493e-29 2.7066796e-38
3.6317943e+09 2.0287745e+19 5.5435892e+09 52920338 42602763 9.6916864e-29 9.52596e-29 2.693136e-38
3.635454e+09 2.0308032e+19 5.5435891e+09 52867839 42560011 9.6625773e-29 9.497512e-29 2.6796603e-38
3.6391173e+09 2.032834e+19 5.543589e+09 52815393 42517302 9.6335556e-29 9.469149e-29 2.666252e-38
3.6427843e+09 2.0348669e+19 5.5435888e+09 52762998 42474637 9.6046213e-29 9.4408706e-29 2.6529109e-38
3.646455e+09 2.0369017e+19 5.5435887e+09 52710655 42432014 9.5757739e-29 9.4126766e-29 2.6396366e-38
3.6501293e+09 2.0389386e+19 5.5435886e+09 52658363 42389434 9.5470132e-29 9.3845667e-29 2.6264287e-38
3.6538073e+09 2.0409776e+19 5.5435884e+09 52606123 42346897 9.5183391e-29 9.3565407e-29 2.613287e-38
3.657489e+09 2.0430186e+19 5.5435883e+09 52553934 42304403 9.4897511e-29 9.3285983e-29 2.6002111e-38
3.6611744e+09 2.0450616e+19 5.5435882e+09 52501797 42261952 9.4612491e-29 9.3007393e-29 2.5872006e-38
3.6648635e+09 2.0471066e+19 5.543588e+09 52449711 42219543 9.4328328e-29 9.2729634e-29 2.5742553e-38
3.6685562e+09 2.0491537e+19 5.5435879e+09 52397676 42177177 9.4045019e-29 9.2452704e-29 2.5613748e-38
3.6722526e+09 2.0512029e+19 5.5435878e+09 52345693 42134854 9.3762562e-29 9.2176601e-29 2.5485589e-38
3.6759528e+09 2.0532541e+19 5.5435876e+09 52293761 42092574 9.3480954e-29 9.1901321e-29 2.5358071e-38
3.6796566e+09 2.0553073e+19 5.5435875e+09 52241880 42050336 9.3200192e-29 9.1626862e-29 2.5231191e-38
3.6833642e+09 2.0573627e+19 5.5435874e+09 52190050 42008141 9.2920275e-29 9.1353223e-29 2.5104947e-38
3.6870754e+09 2.05942e+19 5.5435872e+09 52138271 41965989 9.26412e-29 9.10804e-29 2.4979335e-38
3.6907904e+09 2.0614794e+19 5.5435871e+09 52086544 41923878 9.2362963e-29 9.0808391e-29 2.4854351e-38
3.694509e+09 2.0635409e+19 5.543587e+09 52034867 41881811 9.2085563e-29 9.0537194e-29 2.4729994e-38
3.6982314e+09 2.0656045e+19 5.5435868e+09 51983241 41839785 9.1808997e-29 9.0266806e-29 2.4606259e-38
3.7019576e+09 2.0676701e+19 5.5435867e+09 51931666 41797803 9.1533263e-29 8.9997225e-29 2.4483144e-38
3.7056874e+09 2.0697377e+19 5.5435866e+09 51880142 41755862 9.1258357e-29 8.9728448e-29 2.4360646e-38
3.709421e+09 2.0718075e+19 5.5435865e+09 51828668 41713964 9.0984278e-29 8.9460473e-29 2.423876e-38
3.7131583e+09 2.0738793e+19 5.5435863e+09 51777245 41672107 9.0711023e-29 8.9193298e-29 2.4117485e-38
3.7168993e+09 2.0759532e+19 5.5435862e+09 51725873 41630294 9.0438589e-29 8.892692e-29 2.3996817e-38
3.7206441e+09 2.0780291e+19 5.5435861e+09 51674552 41588522 9.0166975e-29 8.8661337e-29 2.3876753e-38
3.7243926e+09 2.0801071e+19 5.5435859e+09 51623281 41546792 8.9896177e-29 8.8396547e-29 2.3757291e-38
3.7281449e+09 2.0821872e+19 5.5435858e+09 51572061 41505104 8.9626193e-29 8.8132547e-29 2.3638427e-38
3.7319009e+09 2.0842694e+19 5.5435857e+09 51520891 41463459 8.9357021e-29 8.7869334e-29 2.3520157e-38
3.7356607e+09 2.0863537e+19 5.5435856e+09 51469772 41421855 8.9088658e-29 8.7606907e-29 2.340248e-38
3.7394243e+09 2.0884401e+19 5.5435854e+09 51418703 41380293 8.8821102e-29 8.7345263e-29 2.3285392e-38
3.7431916e+09 2.0905285e+19 5.5435853e+09 51367684 41338773 8.855435e-29 8.70844e-29 2.3168891e-38
3.7469626e+09 2.092619e+19 5.5435852e+09 51316715 41297295 8.82884e-29 8.6824315e-29 2.3052972e-38
3.7507375e+09 2.0947116e+19 5.543585e+09 51265797 41255859 8.802325e-29 8.6565006e-29 2.2937634e-38
3.7545161e+09 2.0968064e+19 5.5435849e+09 51214929 41214465 8.7758896e-29 8.6306472e-29 2.2822874e-38
3.7582985e+09 2.0989032e+19 5.5435848e+09 51164111 41173112 8.7495338e-29 8.6048708e-29 2.2708688e-38
3.7620847e+09 2.1010021e+19 5.5435847e+09 51113343 41131801 8.7232572e-29 8.5791714e-29 2.2595073e-38
3.7658747e+09 2.1031031e+19 5.5435845e+09 51062626 41090532 8.6970595e-29 8.5535487e-29 2.2482028e-38
3.7696684e+09 2.1052062e+19 5.5435844e+09 51011958 41049304 8.6709407e-29 8.5280024e-29 2.2369549e-38
3.773466e+09 2.1073114e+19 5.5435843e+09 50961340 41008117 8.6449003e-29 8.5025324e-29 2.2257632e-38
3.7772673e+09 2.1094187e+19 5.5435842e+09 50910772 40966973 8.6189382e-29 8.4771384e-29 2.2146276e-38
3.7810725e+09 2.1115281e+19 5.543584e+09 50860254 40925869 8.5930542e-29 8.4518201e-29 2.2035478e-38
3.7848815e+09 2.1136396e+19 5.5435839e+09 50809785 40884807 8.567248e-29 8.4265774e-29 2.1925234e-38
3.7886942e+09 2.1157533e+19 5.5435838e+09 50759367 40843787 8.5415194e-29 8.4014101e-29 2.1815542e-38
3.7925108e+09 2.117869e+19 5.5435837e+09 50708998 40802808 8.5158681e-29 8.3763178e-29 2.17064e-38
3.7963312e+09 2.1199869e+19 5.5435835e+09 50658679 40761870 8.4902939e-29 8.3513005e-29 2.1597803e-38
3.8001554e+09 2.1221069e+19 5.5435834e+09 50608409 40720973 8.4647966e-29 8.3263577e-29 2.1489751e-38
3.8039835e+09 2.124229e+19 5.5435833e+09 50558189 40680118 8.4393759e-29 8.3014895e-29 2.1382239e-38
3.8078153e+09 2.1263532e+19 5.5435832e+09 50508018 40639303 8.4140317e-29 8.2766954e-29 2.1275266e-38
3.811651e+09 2.1284796e+19 5.543583e+09 50457897 40598530 8.3887636e-29 8.2519753e-29 2.1168828e-38
3.8154906e+09 2.1306081e+19 5.5435829e+09 50407825 40557798 8.3635716e-29 8.227329e-29 2.1062923e-38
3.8193339e+09 2.1327387e+19 5.5435828e+09 50357803 40517107 8.3384552e-29 8.2027563e-29 2.0957549e-38
3.8231812e+09 2.1348714e+19 5.5435827e+09 50307830 40476457 8.3134143e-29 8.1782568e-29 2.0852701e-38
3.8270322e+09 2.1370063e+19 5.5435826e+09 50257906 40435848 8.2884487e-29 8.1538305e-29 2.0748379e-38
3.8308872e+09 2.1391433e+19 5.5435824e+09 50208031 40395280 8.2635582e-29 8.1294771e-29 2.0644579e-38
3.8347459e+09 2.1412824e+19 5.5435823e+09 50158206 40354753 8.2387425e-29 8.1051964e-29 2.0541299e-38
3.8386086e+09 2.1434237e+19 5.5435822e+09 50108430 40314266 8.2140014e-29 8.0809881e-29 2.0438536e-38
3.8424751e+09 2.1455671e+19 5.5435821e+09 50058702 40273821 8.1893346e-29 8.0568521e-29 2.0336287e-38
3.8463454e+09 2.1477127e+19 5.543582e+09 50009024 40233416 8.164742e-29 8.0327881e-29 2.023455e-38
3.8502196e+09 2.1498604e+19 5.5435818e+09 49959395 40193051 8.1402233e-29 8.0087959e-29 2.0133322e-38
3.8540978e+09 2.1520103e+19 5.5435817e+09 49909814 40152728 8.1157783e-29 7.9848753e-29 2.0032601e-38
3.8579797e+09 2.1541623e+19 5.5435816e+09 49860283 40112445 8.0914068e-29 7.9610261e-29 1.9932385e-38
3.8618656e+09 2.1563164e+19 5.5435815e+09 49810800 40072203 8.0671086e-29 7.9372481e-29 1.983267e-38
3.8657554e+09 2.1584728e+19 5.5435814e+09 49761367 40032001 8.0428834e-29 7.9135411e-29 1.9733454e-38
3.869649e+09 2.1606312e+19 5.5435812e+09 49711981 39991840 8.018731e-29 7.8899048e-29 1.9634735e-38
3.8735465e+09 2.1627919e+19 5.5435811e+09 49662645 39951719 7.9946512e-29 7.866339e-29 1.953651e-38
3.877448e+09 2.1649547e+19 5.543581e+09 49613357 39911638 7.9706438e-29 7.8428436e-29 1.9438777e-38
3.8813533e+09 2.1671196e+19 5.5435809e+09 49564118 39871598 7.9467086e-29 7.8194183e-29 1.9341533e-38
3.8852626e+09 2.1692867e+19 5.5435808e+09 49514927 39831599 7.9228453e-29 7.7960629e-29 1.9244776e-38
3.8891757e+09 2.171456e+19 5.5435806e+09 49465785 39791639 7.8990537e-29 7.7727772e-29 1.9148504e-38
3.8930928e+09 2.1736275e+19 5.5435805e+09 49416692 39751720 7.8753337e-29 7.749561e-29 1.9052713e-38
3.8970138e+09 2.1758011e+19 5.5435804e+09 49367646 39711841 7.8516849e-29 7.726414e-29 1.8957402e-38
3.9009387e+09 2.1779769e+19 5.5435803e+09 49318649 39672003 7.8281073e-29 7.7033362e-29 1.8862567e-38
3.9048675e+09 2.1801549e+19 5.5435802e+09 49269701 39632204 7.8046005e-29 7.6803273e-29 1.8768208e-38
3.9088002e+09 2.182335e+19 5.5435801e+09 49220800 39592446 7.7811643e-29 7.657387e-29 1.8674321e-38
3.9127369e+09 2.1845174e+19 5.5435799e+09 49171948 39552727 7.7577986e-29 7.6345151e-29 1.8580904e-38
3.9166776e+09 2.1867019e+19 5.5435798e+09 49123144 39513049 7.7345032e-29 7.6117116e-29 1.8487955e-38
3.9206221e+09 2.1888886e+19 5.5435797e+09 49074389 39473410 7.7112777e-29 7.5889761e-29 1.8395471e-38
3.9245706e+09 2.1910775e+19 5.5435796e+09 49025681 39433812 7.6881221e-29 7.5663084e-29 1.8303449e-38
3.9285231e+09 2.1932685e+19 5.5435795e+09 48977021 39394253 7.6650361e-29 7.5437084e-29 1.8211889e-38
3.9324795e+09 2.1954618e+19 5.5435794e+09 48928409 39354734 7.6420194e-29 7.5211759e-29 1.8120787e-38
3.9364399e+09 2.1976573e+19 5.5435792e+09 48879846 39315255 7.619072e-29 7.4987106e-29 1.8030141e-38
3.9404042e+09 2.1998549e+19 5.5435791e+09 48831330 39275816 7.5961935e-29 7.4763123e-29 1.7939948e-38
3.9443725e+09 2.2020548e+19 5.543579e+09 48782862 39236417 7.5733837e-29 7.453981e-29 1.7850207e-38
3.9483448e+09 2.2042568e+19 5.5435789e+09 48734441 39197057 7.5506426e-29 7.4317162e-29 1.7760916e-38
3.952321e+09 2.2064611e+19 5.5435788e+09 48686069 39157737 7.5279698e-29 7.4095179e-29 1.7672071e-38
3.9563012e+09 2.2086676e+19 5.5435787e+09 48637744 39118456 7.5053651e-29 7.3873859e-29 1.7583671e-38
3.9602854e+09 2.2108762e+19 5.5435786e+09 48589467 39079215 7.4828284e-29 7.3653199e-29 1.7495713e-38
3.9642736e+09 2.2130871e+19 5.5435784e+09 48541237 39040014 7.4603594e-29 7.3433198e-29 1.7408196e-38
3.9682657e+09 2.2153002e+19 5.5435783e+09 48493055 39000852 7.4379579e-29 7.3213853e-29 1.7321117e-38
3.9722619e+09 2.2175155e+19 5.5435782e+09 48444921 38961729 7.4156238e-29 7.2995163e-29 1.7234474e-38
3.976262e+09 2.219733e+19 5.5435781e+09 48396834 38922646 7.3933568e-29 7.2777126e-29 1.7148264e-38
3.9802662e+09 2.2219527e+19 5.543578e+09 48348794 38883602 7.3711567e-29 7.2559739e-29 1.7062486e-38
3.9842743e+09 2.2241747e+19 5.5435779e+09 48300802 38844598 7.3490234e-29 7.2343002e-29 1.6977137e-38
3.9882865e+09 2.2263989e+19 5.5435778e+09 48252857 38805633 7.3269566e-29 7.2126911e-29 1.6892216e-38
3.9923027e+09 2.2286253e+19 5.5435777e+09 48204960 38766707 7.3049561e-29 7.1911465e-29 1.6807719e-38
3.9963229e+09 2.2308539e+19 5.5435775e+09 48157109 38727820 7.2830217e-29 7.1696662e-29 1.6723646e-38
4.0003471e+09 2.2330848e+19 5.5435774e+09 48109306 38688973 7.2611532e-29 7.1482501e-29 1.6639993e-38
4.0043753e+09 2.2353178e+19 5.5435773e+09 48061550 38650164 7.2393505e-29 7.1268978e-29 1.6556759e-38
4.0084076e+09 2.2375532e+19 5.5435772e+09 48013841 38611395 7.2176133e-29 7.1056093e-29 1.6473942e-38
4.0124439e+09 2.2397907e+19 5.5435771e+09 47966180 38572665 7.1959414e-29 7.0843843e-29 1.6391539e-38
4.0164842e+09 2.2420305e+19 5.543577e+09 47918565 38533974 7.1743347e-29 7.0632227e-29 1.6309549e-38
4.0205286e+09 2.2442725e+19 5.5435769e+09 47870997 38495321 7.1527929e-29 7.0421242e-29 1.6227969e-38
4.024577e+09 2.2465168e+19 5.5435768e+09 47823476 38456708 7.1313158e-29 7.0210888e-29 1.6146798e-38
4.0286295e+09 2.2487633e+19 5.5435767e+09 47776002 38418134 7.1099033e-29 7.0001161e-29 1.6066032e-38
4.032686e+09 2.2510121e+19 5.5435766e+09 47728575 38379598 7.0885552e-29 6.979206e-29 1.5985671e-38
4.0367466e+09 2.2532631e+19 5.5435764e+09 47681194 38341101 7.0672712e-29 6.9583583e-29 1.5905712e-38
4.0408112e+09 2.2555164e+19 5.5435763e+09 47633861 38302643 7.0460512e-29 6.9375728e-29 1.5826154e-38
4.0448799e+09 2.2577719e+19 5.5435762e+09 47586574 38264224 7.0248949e-29 6.9168494e-29 1.5746993e-38
4.0489527e+09 2.2600296e+19 5.5435761e+09 47539333 38225843 7.0038022e-29 6.8961878e-29 1.5668229e-38
4.0530295e+09 2.2622897e+19 5.543576e+09 47492139 38187502 6.982773e-29 6.8755879e-29 1.5589859e-38
4.0571105e+09 2.264552e+19 5.5435759e+09 47444992 38149198 6.9618069e-29 6.8550495e-29 1.5511882e-38
4.0611955e+09 2.2668165e+19 5.5435758e+09 47397892 38110933 6.9409038e-29 6.8345724e-29 1.5434294e-38
4.0652846e+09 2.2690833e+19 5.5435757e+09 47350837 38072707 6.9200636e-29 6.8141565e-29 1.5357095e-38
4.0693777e+09 2.2713524e+19 5.5435756e+09 47303830 38034520 6.899286e-29 6.7938014e-29 1.5280282e-38
4.073475e+09 2.2736238e+19 5.5435755e+09 47256868 37996370 6.8785708e-29 6.7735071e-29 1.5203854e-38
4.0775764e+09 2.2758974e+19 5.5435754e+09 47209953 37958259 6.8579179e-29 6.7532734e-29 1.5127808e-38
4.0816818e+09 2.2781733e+19 5.5435753e+09 47163084 37920187 6.837327e-29 6.7331001e-29 1.5052143e-38
4.0857914e+09 2.2804515e+19 5.5435751e+09 47116262 37882153 6.8167981e-29 6.712987e-29 1.4976857e-38
4.0899051e+09 2.2827319e+19 5.543575e+09 47069485 37844157 6.7963308e-29 6.692934e-29 1.4901947e-38
4.0940229e+09 2.2850146e+19 5.5435749e+09 47022755 37806199 6.7759251e-29 6.6729408e-29 1.4827413e-38
4.0981448e+09 2.2872997e+19 5.5435748e+09 46976071 37768280 6.7555806e-29 6.6530072e-29 1.4753251e-38
4.1022708e+09 2.289587e+19 5.5435747e+09 46929433 37730399 6.7352973e-29 6.6331332e-29 1.4679461e-38
4.106401e+09 2.2918765e+19 5.5435746e+09 46882841 37692556 6.715075e-29 6.6133185e-29 1.4606039e-38
4.1105353e+09 2.2941684e+19 5.5435745e+09 46836295 37654751 6.6949134e-29 6.593563e-29 1.4532986e-38
4.1146737e+09 2.2964626e+19 5.5435744e+09 46789795 37616984 6.6748125e-29 6.5738664e-29 1.4460298e-38
4.1188163e+09 2.2987591e+19 5.5435743e+09 46743340 37579255 6.6547719e-29 6.5542286e-29 1.4387974e-38
4.122963e+09 2.3010578e+19 5.5435742e+09 46696932 37541565 6.6347915e-29 6.5346494e-29 1.4316011e-38
4.1271139e+09 2.3033589e+19 5.5435741e+09 46650569 37503912 6.6148712e-29 6.5151287e-29 1.4244409e-38
4.1312689e+09 2.3056622e+19 5.543574e+09 46604252 37466297 6.5950108e-29 6.4956662e-29 1.4173165e-38
4.135428e+09 2.3079679e+19 5.5435739e+09 46557981 37428720 6.5752101e-29 6.4762619e-29 1.4102278e-38
4.1395914e+09 2.3102759e+19 5.5435738e+09 46511756 37391181 6.5554688e-29 6.4569154e-29 1.4031746e-38
4.1437588e+09 2.3125861e+19 5.5435737e+09 46465576 37353679 6.5357869e-29 6.4376267e-29 1.3961566e-38
4.1479305e+09 2.3148987e+19 5.5435736e+09 46419441 37316216 6.5161641e-29 6.4183956e-29 1.3891738e-38
4.1521063e+09 2.3172136e+19 5.5435735e+09 46373353 37278790 6.4966003e-29 6.3992219e-29 1.3822259e-38
4.1562863e+09 2.3195308e+19 5.5435734e+09 46327309 37241401 6.4770953e-29 6.3801054e-29 1.3753128e-38
4.1604705e+09 2.3218504e+19 5.5435733e+09 46281311 37204051 6.4576489e-29 6.361046e-29 1.3684343e-38
4.1646589e+09 2.3241722e+19 5.5435732e+09 46235359 37166738 6.4382609e-29 6.3420435e-29 1.3615902e-38
4.1688514e+09 2.3264964e+19 5.5435731e+09 46189452 37129462 6.4189312e-29 6.3230977e-29 1.3547804e-38
4.1730482e+09 2.3288229e+19 5.5435729e+09 46143590 37092224 6.3996596e-29 6.3042085e-29 1.3480047e-38
4.1772491e+09 2.3311517e+19 5.5435728e+09 46097773 37055024 6.3804459e-29 6.2853756e-29 1.3412628e-38
4.1814542e+09 2.3334829e+19 5.5435727e+09 46052002 37017861 6.3612899e-29 6.266599e-29 1.3345547e-38
4.1856636e+09 2.3358163e+19 5.5435726e+09 46006275 36980736 6.3421915e-29 6.2478784e-29 1.3278802e-38
4.1898771e+09 2.3381522e+19 5.5435725e+09 45960594 36943647 6.3231505e-29 6.2292137e-29 1.3212391e-38
4.1940949e+09 2.3404903e+19 5.5435724e+09 45914958 36906597 6.3041667e-29 6.2106047e-29 1.3146312e-38
4.1983169e+09 2.3428308e+19 5.5435723e+09 45869367 36869583 6.28524e-29 6.1920513e-29 1.3080564e-38
4.2025431e+09 2.3451736e+19 5.5435722e+09 45823821 36832607 6.2663701e-29 6.1735533e-29 1.3015145e-38
4.2067736e+09 2.3475188e+19 5.5435721e+09 45778320 36795668 6.247557e-29 6.1551104e-29 1.2950053e-38
4.2110082e+09 2.3498663e+19 5.543572e+09 45732864 36758766 6.2288003e-29 6.1367227e-29 1.2885287e-38
4.2152471e+09 2.3522162e+19 5.5435719e+09 45687453 36721901 6.2101001e-29 6.1183898e-29 1.2820845e-38
4.2194903e+09 2.3545684e+19 5.5435718e+09 45642086 36685074 6.191456e-29 6.1001116e-29 1.2756725e-38
4.2237377e+09 2.356923e+19 5.5435717e+09 45596765 36648283 6.1728679e-29 6.081888e-29 1.2692927e-38
4.2279893e+09 2.3592799e+19 5.5435716e+09 45551488 36611530 6.1543357e-29 6.0637189e-29 1.2629448e-38
4.2322452e+09 2.3616392e+19 5.5435715e+09 45506256 36574813 6.1358592e-29 6.0456039e-29 1.2566286e-38
4.2365053e+09 2.3640008e+19 5.5435714e+09 45461068 36538134 6.1174382e-29 6.027543e-29 1.2503441e-38
4.2407697e+09 2.3663648e+19 5.5435713e+09 45415925 36501491 6.0990726e-29 6.0095361e-29 1.244091e-38
4.2450384e+09 2.3687312e+19 5.5435712e+09 45370826 36464886 6.0807621e-29 5.9915829e-29 1.2378691e-38
4.2493113e+09 2.3710999e+19 5.5435711e+09 45325773 36428317 6.0625067e-29 5.9736833e-29 1.2316785e-38
4.2535885e+09 2.373471e+19 5.543571e+09 45280763 36391785 6.0443061e-29 5.9558371e-29 1.2255188e-38
4.25787e+09 2.3758445e+19 5.5435709e+09 45235798 36355290 6.0261602e-29 5.9380442e-29 1.2193899e-38
4.2621558e+09 2.3782203e+19 5.5435708e+09 45190877 36318831 6.0080689e-29 5.9203044e-29 1.2132917e-38
4.2664458e+09 2.3805985e+19 5.5435707e+09 45146001 36282410 5.9900319e-29 5.9026176e-29 1.207224e-38
4.2707402e+09 2.3829791e+19 5.5435706e+09 45101169 36246024 5.9720491e-29 5.8849836e-29 1.2011867e-38
4.2750388e+09 2.3853621e+19 5.5435705e+09 45056381 36209676 5.9541203e-29 5.8674022e-29 1.1951796e-38
4.2793417e+09 2.3877475e+19 5.5435704e+09 45011638 36173364 5.9362454e-29 5.8498733e-29 1.1892025e-38
4.283649e+09 2.3901352e+19 5.5435704e+09 44966938 36137089 5.9184242e-29 5.8323968e-29 1.1832554e-38
4.2879605e+09 2.3925254e+19 5.5435703e+09 44922283 36100850 5.9006566e-29 5.8149724e-29 1.177338e-38
4.2922764e+09 2.3949179e+19 5.5435702e+09 44877672 36064648 5.8829423e-29 5.7976e-29 1.1714503e-38
4.2965965e+09 2.3973128e+19 5.5435701e+09 44833105 36028482 5.8652813e-29 5.7802795e-29 1.165592e-38
4.300921e+09 2.3997101e+19 5.54357e+09 44788582 35992352 5.8476734e-29 5.7630107e-29 1.159763e-38
4.3052498e+09 2.4021098e+19 5.5435699e+09 44744102 35956259 5.8301183e-29 5.7457935e-29 1.1539632e-38
4.309583e+09 2.4045119e+19 5.5435698e+09 44699667 35920202 5.812616e-29 5.7286276e-29 1.1481924e-38
4.3139205e+09 2.4069165e+19 5.5435697e+09 44655276 35884182 5.7951663e-29 5.711513e-29 1.1424504e-38
4.3182623e+09 2.4093234e+19 5.5435696e+09 44610928 35848198 5.777769e-29 5.6944495e-29 1.1367372e-38
4.3226085e+09 2.4117327e+19 5.5435695e+09 44566624 35812250 5.760424e-29 5.677437e-29 1.1310526e-38
4.326959e+09 2.4141444e+19 5.5435694e+09 44522364 35776338 5.7431311e-29 5.6604752e-29 1.1253965e-38
4.3313138e+09 2.4165586e+19 5.5435693e+09 44478148 35740462 5.7258902e-29 5.6435641e-29 1.1197686e-38
4.335673e+09 2.4189751e+19 5.5435692e+09 44433975 35704622 5.7087011e-29 5.6267034e-29 1.1141689e-38
4.3400366e+09 2.4213941e+19 5.5435691e+09 44389846 35668819 5.6915636e-29 5.6098931e-29 1.1085973e-38
4.3444045e+09 2.4238155e+19 5.543569e+09 44345761 35633052 5.6744776e-29 5.593133e-29 1.1030535e-38
4.3487768e+09 2.4262393e+19 5.5435689e+09 44301719 35597320 5.6574429e-29 5.5764229e-29 1.0975374e-38
4.3531535e+09 2.4286656e+19 5.5435688e+09 44257720 35561625 5.6404595e-29 5.5597627e-29 1.092049e-38
4.3575346e+09 2.4310942e+19 5.5435687e+09 44213765 35525965 5.623527e-29 5.5431522e-29 1.086588e-38
4.36192e+09 2.4335253e+19 5.5435686e+09 44169853 35490341 5.6066454e-29 5.5265914e-29 1.0811543e-38
4.3663098e+09 2.4359588e+19 5.5435685e+09 44125985 35454754 5.5898146e-29 5.5100799e-29 1.0757479e-38
4.370704e+09 2.4383948e+19 5.5435684e+09 44082160 35419202 5.5730343e-29 5.4936178e-29 1.0703684e-38
4.3751026e+09 2.4408332e+19 5.5435684e+09 44038378 35383685 5.5563045e-29 5.4772048e-29 1.0650159e-38
4.3795056e+09 2.443274e+19 5.5435683e+09 43994640 35348205 5.5396249e-29 5.4608408e-29 1.0596902e-38
4.383913e+09 2.4457173e+19 5.5435682e+09 43950944 35312760 5.5229954e-29 5.4445257e-29 1.0543911e-38
4.3883248e+09 2.448163e+19 5.5435681e+09 43907292 35277351 5.5064159e-29 5.4282593e-29 1.0491186e-38
4.392741e+09 2.4506112e+19 5.543568e+09 43863683 35241978 5.4898862e-29 5.4120414e-29 1.0438724e-38
4.3971617e+09 2.4530618e+19 5.5435679e+09 43820117 35206640 5.4734061e-29 5.395872e-29 1.0386525e-38
4.4015867e+09 2.4555149e+19 5.5435678e+09 43776594 35171338 5.4569756e-29 5.3797508e-29 1.0334587e-38
4.4060162e+09 2.4579704e+19 5.5435677e+09 43733114 35136071 5.4405944e-29 5.3636778e-29 1.0282909e-38
4.4104501e+09 2.4604283e+19 5.5435676e+09 43689677 35100840 5.4242625e-29 5.3476527e-29 1.0231489e-38
4.4148885e+09 2.4628888e+19 5.5435675e+09 43646283 35065644 5.4079796e-29 5.3316755e-29 1.0180327e-38
4.4193313e+09 2.4653517e+19 5.5435674e+09 43602932 35030483 5.3917457e-29 5.315746e-29 1.012942e-38
4.4237785e+09 2.467817e+19 5.5435673e+09 43559623 34995358 5.3755605e-29 5.2998641e-29 1.0078769e-38
4.4282302e+09 2.4702848e+19 5.5435672e+09 43516357 34960269 5.3594239e-29 5.2840296e-29 1.002837e-38
4.4326863e+09 2.4727551e+19 5.5435672e+09 43473134 34925214 5.3433359e-29 5.2682423e-29 9.9782243e-39
4.4371469e+09 2.4752279e+19 5.5435671e+09 43429954 34890195 5.3272961e-29 5.2525022e-29 9.9283291e-39
4.4416119e+09 2.4777031e+19 5.543567e+09 43386816 34855212 5.3113046e-29 5.2368091e-29 9.8786836e-39
4.4460815e+09 2.4801808e+19 5.5435669e+09 43343721 34820263 5.2953611e-29 5.2211628e-29 9.8292866e-39
4.4505554e+09 2.482661e+19 5.5435668e+09 43300669 34785350 5.2794655e-29 5.2055633e-29 9.7801366e-39
4.4550339e+09 2.4851436e+19 5.5435667e+09 43257659 34750471 5.2636176e-29 5.1900103e-29 9.7312326e-39
4.4595168e+09 2.4876288e+19 5.5435666e+09 43214691 34715628 5.2478174e-29 5.1745038e-29 9.6825732e-39
4.4640042e+09 2.4901164e+19 5.5435665e+09 43171766 34680820 5.2320646e-29 5.1590435e-29 9.6341574e-39
4.4684961e+09 2.4926065e+19 5.5435664e+09 43128883 34646047 5.2163592e-29 5.1436294e-29 9.5859837e-39
4.4729925e+09 2.4950991e+19 5.5435663e+09 43086043 34611309 5.2007009e-29 5.1282614e-29 9.5380511e-39
4.4774934e+09 2.4975942e+19 5.5435663e+09 43043245 34576606 5.1850897e-29 5.1129392e-29 9.4903583e-39
4.4819988e+09 2.5000918e+19 5.5435662e+09 43000489 34541938 5.1695254e-29 5.0976628e-29 9.4429042e-39
4.4865087e+09 2.5025919e+19 5.5435661e+09 42957776 34507304 5.1540079e-29 5.082432e-29 9.3956874e-39
4.4910231e+09 2.5050945e+19 5.543566e+09 42915104 34472706 5.1385369e-29 5.0672466e-29 9.3487069e-39
4.495542e+09 2.5075996e+19 5.5435659e+09 42872475 34438142 5.1231125e-29 5.0521066e-29 9.3019614e-39
4.5000655e+09 2.5101072e+19 5.5435658e+09 42829888 34403613 5.1077344e-29 5.0370118e-29 9.2554499e-39
4.5045935e+09 2.5126173e+19 5.5435657e+09 42787343 34369119 5.0924025e-29 5.0219621e-29 9.209171e-39
4.5091259e+09 2.5151299e+19 5.5435656e+09 42744840 34334660 5.0771166e-29 5.0069573e-29 9.1631237e-39
4.513663e+09 2.5176451e+19 5.5435655e+09 42702379 34300235 5.0618767e-29 4.9919973e-29 9.1173067e-39
4.5182045e+09 2.5201627e+19 5.5435655e+09 42659960 34265845 5.0466825e-29 4.977082e-29 9.071719e-39
4.5227506e+09 2.5226829e+19 5.5435654e+09 42617582 34231489 5.031534e-29 4.9622112e-29 9.0263593e-39
4.5273013e+09 2.5252056e+19 5.5435653e+09 42575247 34197168 5.016431e-29 4.9473848e-29 8.9812266e-39
4.5318565e+09 2.5277308e+19 5.5435652e+09 42532953 34162882 5.0013734e-29 4.9326027e-29 8.9363197e-39
4.5364162e+09 2.5302585e+19 5.5435651e+09 42490702 34128630 4.986361e-29 4.9178647e-29 8.8916375e-39
4.5409806e+09 2.5327887e+19 5.543565e+09 42448492 34094413 4.9713938e-29 4.9031707e-29 8.8471788e-39
4.5455494e+09 2.5353215e+19 5.5435649e+09 42406323 34060230 4.9564714e-29 4.8885206e-29 8.8029426e-39
4.5501229e+09 2.5378569e+19 5.5435649e+09 42364197 34026081 4.941594e-29 4.8739142e-29 8.7589276e-39
4.5547009e+09 2.5403947e+19 5.5435648e+09 42322112 33991967 4.9267612e-29 4.8593515e-29 8.7151329e-39
4.5592835e+09 2.5429351e+19 5.5435647e+09 42280068 33957887 4.9119729e-29 4.8448322e-29 8.6715573e-39
4.5638707e+09 2.545478e+19 5.5435646e+09 42238066 33923841 4.8972291e-29 4.8303563e-29 8.6281996e-39
4.5684625e+09 2.5480235e+19 5.5435645e+09 42196106 33889830 4.8825296e-29 4.8159236e-29 8.5850589e-39
4.5730588e+09 2.5505715e+19 5.5435644e+09 42154187 33855853 4.8678742e-29 4.801534e-29 8.5421341e-39
4.5776598e+09 2.5531221e+19 5.5435643e+09 42112309 33821910 4.8532629e-29 4.7871874e-29 8.4994239e-39
4.5822654e+09 2.5556752e+19 5.5435643e+09 42070473 33788001 4.8386955e-29 4.7728836e-29 8.4569275e-39
4.5868755e+09 2.5582309e+19 5.5435642e+09 42028678 33754126 4.8241718e-29 4.7586225e-29 8.4146436e-39
4.5914903e+09 2.5607891e+19 5.5435641e+09 41986925 33720286 4.8096917e-29 4.744404e-29 8.3725713e-39
4.5961097e+09 2.5633499e+19 5.543564e+09 41945212 33686479 4.7952552e-29 4.7302279e-29 8.3307095e-39
4.6007337e+09 2.5659133e+19 5.5435639e+09 41903541 33652707 4.780862e-29 4.7160942e-29 8.2890571e-39
4.6053623e+09 2.5684792e+19 5.5435638e+09 41861911 33618968 4.7665121e-29 4.7020027e-29 8.247613e-39
4.6099956e+09 2.5710477e+19 5.5435637e+09 41820322 33585264 4.7522052e-29 4.6879533e-29 8.2063764e-39
4.6146335e+09 2.5736187e+19 5.5435637e+09 41778774 33551593 4.7379414e-29 4.6739458e-29 8.165346e-39
4.619276e+09 2.5761923e+19 5.5435636e+09 41737268 33517956 4.7237204e-29 4.6599801e-29 8.1245208e-39
4.6239232e+09 2.5787685e+19 5.5435635e+09 41695802 33484353 4.7095421e-29 4.6460561e-29 8.0838999e-39
4.628575e+09 2.5813473e+19 5.5435634e+09 41654377 33450784 4.6954064e-29 4.6321738e-29 8.0434823e-39
4.6332315e+09 2.5839287e+19 5.5435633e+09 41612994 33417248 4.6813131e-29 4.6183328e-29 8.0032668e-39
4.6378926e+09 2.5865126e+19 5.5435632e+09 41571651 33383747 4.6672623e-29 4.6045332e-29 7.9632525e-39
4.6425584e+09 2.5890991e+19 5.5435632e+09 41530349 33350279 4.6532536e-29 4.5907748e-29 7.9234384e-39
4.6472289e+09 2.5916882e+19 5.5435631e+09 41489087 33316845 4.639287e-29 4.5770575e-29 7.8838234e-39
4.651904e+09 2.5942799e+19 5.543563e+09 41447867 33283444 4.6253623e-29 4.5633811e-29 7.8444066e-39
4.6565838e+09 2.5968742e+19 5.5435629e+09 41406687 33250077 4.6114795e-29 4.5497456e-29 7.8051871e-39
4.6612683e+09 2.599471e+19 5.5435628e+09 41365548 33216743 4.5976383e-29 4.5361508e-29 7.7661637e-39
4.6659575e+09 2.6020705e+19 5.5435627e+09 41324450 33183443 4.5838388e-29 4.5225966e-29 7.7273355e-39
4.6706514e+09 2.6046726e+19 5.5435627e+09 41283392 33150177 4.5700807e-29 4.5090829e-29 7.6887016e-39
4.6753499e+09 2.6072772e+19 5.5435626e+09 41242375 33116944 4.5563639e-29 4.4956095e-29 7.6502609e-39
4.6800532e+09 2.6098845e+19 5.5435625e+09 41201398 33083744 4.5426884e-29 4.4821763e-29 7.6120126e-39
4.6847611e+09 2.6124944e+19 5.5435624e+09 41160462 33050578 4.5290539e-29 4.4687833e-29 7.5739556e-39
4.6894738e+09 2.6151069e+19 5.5435623e+09 41119566 33017445 4.5154604e-29 4.4554303e-29 7.5360889e-39
4.6941912e+09 2.617722e+19 5.5435623e+09 41078711 32984346 4.5019077e-29 4.4421171e-29 7.4984117e-39
4.6989132e+09 2.6203397e+19 5.5435622e+09 41037896 32951280 4.4883957e-29 4.4288437e-29 7.460923e-39
4.7036401e+09 2.6229601e+19 5.5435621e+09 40997121 32918247 4.4749243e-29 4.4156099e-29 7.4236218e-39
4.7083716e+09 2.625583e+19 5.543562e+09 40956387 32885247 4.4614934e-29 4.4024156e-29 7.3865072e-39
4.7131079e+09 2.6282086e+19 5.5435619e+09 40915692 32852281 4.4481028e-29 4.3892608e-29 7.3495782e-39
4.7178489e+09 2.6308368e+19 5.5435619e+09 40875039 32819348 4.4347524e-29 4.3761452e-29 7.312834e-39
4.7225946e+09 2.6334677e+19 5.5435618e+09 40834425 32786447 4.4214422e-29 4.3630688e-29 7.2762736e-39
4.7273451e+09 2.6361011e+19 5.5435617e+09 40793851 32753580 4.4081719e-29 4.3500314e-29 7.2398961e-39
4.7321004e+09 2.6387372e+19 5.5435616e+09 40753318 32720746 4.3949415e-29 4.3370329e-29 7.2037006e-39
4.7368604e+09 2.641376e+19 5.5435615e+09 40712824 32687945 4.3817508e-29 4.3240733e-29 7.1676861e-39
4.7416252e+09 2.6440173e+19 5.5435615e+09 40672371 32655177 4.3685997e-29 4.3111524e-29 7.1318518e-39
4.7463947e+09 2.6466614e+19 5.5435614e+09 40631958 32622442 4.3554882e-29 4.2982701e-29 7.0961967e-39
4.751169e+09 2.649308e+19 5.5435613e+09 40591584 32589740 4.342416e-29 4.2854262e-29 7.06072e-39
4.7559481e+09 2.6519573e+19 5.5435612e+09 40551251 32557071 4.3293831e-29 4.2726207e-29 7.0254207e-39
4.7607319e+09 2.6546093e+19 5.5435611e+09 40510957 32524435 4.3163893e-29 4.2598534e-29 6.990298e-39
4.7655205e+09 2.6572639e+19 5.5435611e+09 40470703 32491831 4.3034346e-29 4.2471242e-29 6.955351e-39
4.770314e+09 2.6599212e+19 5.543561e+09 40430489 32459260 4.2905188e-29 4.2344331e-29 6.9205789e-39
4.7751122e+09 2.6625811e+19 5.5435609e+09 40390314 32426722 4.2776418e-29 4.2217799e-29 6.8859806e-39
4.7799152e+09 2.6652437e+19 5.5435608e+09 40350180 32394217 4.2648034e-29 4.2091644e-29 6.8515554e-39
4.784723e+09 2.6679089e+19 5.5435607e+09 40310085 32361745 4.2520036e-29 4.1965866e-29 6.8173025e-39
4.7895356e+09 2.6705768e+19 5.5435607e+09 40270029 32329305 4.2392423e-29 4.1840464e-29 6.7832208e-39
4.7943531e+09 2.6732474e+19 5.5435606e+09 40230014 32296898 4.2265193e-29 4.1715436e-29 6.7493097e-39
4.7991753e+09 2.6759206e+19 5.5435605e+09 40190037 32264523 4.2138345e-29 4.1590782e-29 6.7155681e-39
4.8040024e+09 2.6785966e+19 5.5435604e+09 40150101 32232181 4.2011878e-29 4.14665e-29 6.6819954e-39
4.8088343e+09 2.6812752e+19 5.5435604e+09 40110203 32199871 4.1885791e-29 4.1342589e-29 6.6485905e-39
4.8136711e+09 2.6839564e+19 5.5435603e+09 40070346 32167594 4.1760083e-29 4.1219048e-29 6.6153528e-39
4.8185126e+09 2.6866404e+19 5.5435602e+09 40030527 32135350 4.1634752e-29 4.1095876e-29 6.5822813e-39
4.8233591e+09 2.689327e+19 5.5435601e+09 39990748 32103137 4.1509798e-29 4.0973072e-29 6.5493753e-39
4.8282103e+09 2.6920164e+19 5.54356e+09 39951009 32070958 4.1385219e-29 4.0850634e-29 6.5166338e-39
4.8330664e+09 2.6947084e+19 5.54356e+09 39911308 32038810 4.1261014e-29 4.0728562e-29 6.4840561e-39
4.8379274e+09 2.6974031e+19 5.5435599e+09 39871647 32006695 4.1137182e-29 4.0606855e-29 6.4516414e-39
4.8427932e+09 2.7001005e+19 5.5435598e+09 39832025 31974612 4.1013722e-29 4.0485511e-29 6.4193888e-39
4.8476639e+09 2.7028006e+19 5.5435597e+09 39792442 31942562 4.0890633e-29 4.036453e-29 6.3872975e-39
4.8525395e+09 2.7055034e+19 5.5435597e+09 39752898 31910544 4.0767914e-29 4.024391e-29 6.3553668e-39
4.8574199e+09 2.7082089e+19 5.5435596e+09 39713394 31878558 4.0645563e-29 4.012365e-29 6.3235958e-39
4.8623053e+09 2.7109171e+19 5.5435595e+09 39673928 31846604 4.052358e-29 4.0003749e-29 6.2919836e-39
4.8671955e+09 2.713628e+19 5.5435594e+09 39634502 31814682 4.0401963e-29 3.9884206e-29 6.2605296e-39
4.8720906e+09 2.7163416e+19 5.5435594e+09 39595114 31782792 4.0280711e-29 3.9765021e-29 6.2292329e-39
4.8769906e+09 2.719058e+19 5.5435593e+09 39555765 31750935 4.0159824e-29 3.9646191e-29 6.1980928e-39
4.8818955e+09 2.721777e+19 5.5435592e+09 39516456 31719109 4.00393e-29 3.9527716e-29 6.1671084e-39
4.8868053e+09 2.7244988e+19 5.5435591e+09 39477185 31687316 3.9919137e-29 3.9409595e-29 6.136279e-39
4.89172e+09 2.7272233e+19 5.5435591e+09 39437953 31655554 3.9799336e-29 3.9291826e-29 6.1056038e-39
4.8966396e+09 2.7299505e+19 5.543559e+09 39398760 31623825 3.9679894e-29 3.917441e-29 6.075082e-39
4.9015642e+09 2.7326805e+19 5.5435589e+09 39359605 31592127 3.9560811e-29 3.9057344e-29 6.0447129e-39
4.9064936e+09 2.7354132e+19 5.5435588e+09 39320489 31560461 3.9442086e-29 3.8940627e-29 6.0144957e-39
4.911428e+09 2.7381486e+19 5.5435588e+09 39281412 31528827 3.9323718e-29 3.882426e-29 5.9844296e-39
4.9163674e+09 2.7408867e+19 5.5435587e+09 39242374 31497225 3.9205704e-29 3.8708239e-29 5.9545139e-39
4.9213116e+09 2.7436276e+19 5.5435586e+09 39203374 31465655 3.9088046e-29 3.8592566e-29 5.9247479e-39
4.9262608e+09 2.7463712e+19 5.5435585e+09 39164412 31434116 3.897074e-29 3.8477237e-29 5.8951307e-39
4.931215e+09 2.7491176e+19 5.5435585e+09 39125489 31402609 3.8853787e-29 3.8362253e-29 5.8656616e-39
4.9361741e+09 2.7518667e+19 5.5435584e+09 39086605 31371134 3.8737186e-29 3.8247613e-29 5.83634e-39
4.9411382e+09 2.7546186e+19 5.5435583e+09 39047759 31339690 3.8620934e-29 3.8133315e-29 5.807165e-39
4.9461073e+09 2.7573732e+19 5.5435583e+09 39008952 31308278 3.8505032e-29 3.8019358e-29 5.7781359e-39
4.9510813e+09 2.7601306e+19 5.5435582e+09 38970183 31276898 3.8389477e-29 3.7905741e-29 5.749252e-39
4.9560603e+09 2.7628907e+19 5.5435581e+09 38931452 31245549 3.827427e-29 3.7792464e-29 5.7205126e-39
4.9610442e+09 2.7656536e+19 5.543558e+09 38892759 31214232 3.8159409e-29 3.7679525e-29 5.6919169e-39
4.9660332e+09 2.7684193e+19 5.543558e+09 38854105 31182946 3.8044892e-29 3.7566924e-29 5.6634642e-39
4.9710271e+09 2.7711877e+19 5.5435579e+09 38815489 31151692 3.793072e-29 3.7454658e-29 5.6351538e-39
4.976026e+09 2.7739589e+19 5.5435578e+09 38776911 31120469 3.7816891e-29 3.7342728e-29 5.6069851e-39
4.98103e+09 2.7767328e+19 5.5435577e+09 38738371 31089277 3.7703403e-29 3.7231133e-29 5.5789572e-39
4.9860389e+09 2.7795096e+19 5.5435577e+09 38699870 31058117 3.7590256e-29 3.711987e-29 5.5510695e-39
4.9910529e+09 2.7822891e+19 5.5435576e+09 38661406 31026988 3.7477449e-29 3.700894e-29 5.5233213e-39
4.9960718e+09 2.7850714e+19 5.5435575e+09 38622981 30995891 3.7364981e-29 3.6898341e-29 5.4957118e-39
5.0010958e+09 2.7878564e+19 5.5435575e+09 38584593 30964825 3.7252851e-29 3.6788073e-29 5.4682405e-39
5.0061248e+09 2.7906443e+19 5.5435574e+09 38546244 30933790 3.7141057e-29 3.6678134e-29 5.4409065e-39
5.0111588e+09 2.7934349e+19 5.5435573e+09 38507932 30902786 3.7029599e-29 3.6568523e-29 5.4137093e-39
5.0161979e+09 2.7962284e+19 5.5435572e+09 38469658 30871813 3.6918476e-29 3.6459239e-29 5.386648e-39
5.021242e+09 2.7990246e+19 5.5435572e+09 38431423 30840872 3.6807686e-29 3.6350282e-29 5.3597221e-39
5.0262912e+09 2.8018236e+19 5.5435571e+09 38393225 30809961 3.669723e-29 3.6241651e-29 5.3329309e-39
5.0313454e+09 2.8046255e+19 5.543557e+09 38355064 30779082 3.6587105e-29 3.6133343e-29 5.3062737e-39
5.0364046e+09 2.8074301e+19 5.543557e+09 38316942 30748234 3.647731e-29 3.602536e-29 5.2797498e-39
5.0414689e+09 2.8102375e+19 5.5435569e+09 38278857 30717417 3.6367846e-29 3.5917698e-29 5.2533585e-39
5.0465383e+09 2.8130477e+19 5.5435568e+09 38240810 30686630 3.625871e-29 3.5810359e-29 5.2270993e-39
5.0516127e+09 2.8158608e+19 5.5435567e+09 38202800 30655875 3.6149902e-29 3.5703339e-29 5.2009713e-39
5.0566923e+09 2.8186767e+19 5.5435567e+09 38164828 30625151 3.6041421e-29 3.559664e-29 5.174974e-39
5.0617769e+09 2.8214953e+19 5.5435566e+09 38126894 30594457 3.5933265e-29 3.5490259e-29 5.1491068e-39
5.0668665e+09 2.8243168e+19 5.5435565e+09 38088997 30563795 3.5825434e-29 3.5384196e-29 5.1233689e-39
5.0719613e+09 2.8271411e+19 5.5435565e+09 38051137 30533163 3.5717928e-29 3.527845e-29 5.0977598e-39
5.0770612e+09 2.8299683e+19 5.5435564e+09 38013315 30502562 3.5610744e-29 3.5173019e-29 5.0722787e-39
5.0821662e+09 2.8327983e+19 5.5435563e+09 37975531 30471992 3.5503881e-29 3.5067904e-29 5.046925e-39
5.0872762e+09 2.8356311e+19 5.5435563e+09 37937783 30441452 3.539734e-29 3.4963102e-29 5.0216982e-39
5.0923914e+09 2.8384667e+19 5.5435562e+09 37900074 30410944 3.5291119e-29 3.4858613e-29 4.9965975e-39
5.0975117e+09 2.8413051e+19 5.5435561e+09 37862401 30380466 3.5185217e-29 3.4754437e-29 4.9716223e-39
5.1026371e+09 2.8441465e+19 5.5435561e+09 37824766 30350018 3.5079632e-29 3.4650571e-29 4.946772e-39
5.1077677e+09 2.8469906e+19 5.543556e+09 37787167 30319601 3.4974365e-29 3.4547016e-29 4.9220461e-39
5.1129034e+09 2.8498376e+19 5.5435559e+09 37749607 30289215 3.4869414e-29 3.444377e-29 4.8974437e-39
5.1180442e+09 2.8526874e+19 5.5435558e+09 37712083 30258860 3.4764778e-29 3.4340833e-29 4.8729644e-39
5.1231901e+09 2.8555401e+19 5.5435558e+09 37674596 30228534 3.4660457e-29 3.4238202e-29 4.8486076e-39
5.1283412e+09 2.8583957e+19 5.5435557e+09 37637147 30198240 3.4556448e-29 3.4135879e-29 4.8243725e-39
5.1334975e+09 2.8612541e+19 5.5435556e+09 37599734 30167975 3.4452752e-29 3.4033861e-29 4.8002587e-39
5.1386589e+09 2.8641153e+19 5.5435556e+09 37562358 30137742 3.4349368e-29 3.3932148e-29 4.7762654e-39
5.1438254e+09 2.8669794e+19 5.5435555e+09 37525020 30107538 3.4246293e-29 3.3830738e-29 4.7523921e-39
5.1489972e+09 2.8698464e+19 5.5435554e+09 37487718 30077365 3.4143529e-29 3.3729632e-29 4.7286382e-39
5.1541741e+09 2.8727162e+19 5.5435554e+09 37450453 30047223 3.4041073e-29 3.3628827e-29 4.7050031e-39
5.1593562e+09 2.875589e+19 5.5435553e+09 37413226 30017110 3.3938924e-29 3.3528324e-29 4.6814862e-39
5.1645434e+09 2.8784646e+19 5.5435552e+09 37376034 29987028 3.3837083e-29 3.342812e-29 4.6580869e-39
5.1697359e+09 2.881343e+19 5.5435552e+09 37338880 29956976 3.3735547e-29 3.3328216e-29 4.6348047e-39
5.1749335e+09 2.8842244e+19 5.5435551e+09 37301763 29926955 3.3634316e-29 3.3228611e-29 4.6116388e-39
5.1801364e+09 2.8871086e+19 5.543555e+09 37264682 29896963 3.3533389e-29 3.3129303e-29 4.5885888e-39
5.1853444e+09 2.8899957e+19 5.543555e+09 37227638 29867002 3.3432765e-29 3.3030291e-29 4.5656541e-39
5.1905577e+09 2.8928857e+19 5.5435549e+09 37190630 29837071 3.3332444e-29 3.2931575e-29 4.5428341e-39
5.1957761e+09 2.8957786e+19 5.5435548e+09 37153659 29807169 3.3232423e-29 3.2833154e-29 4.5201281e-39
5.2009998e+09 2.8986744e+19 5.5435548e+09 37116725 29777298 3.3132703e-29 3.2735027e-29 4.4975358e-39
5.2062287e+09 2.901573e+19 5.5435547e+09 37079827 29747457 3.3033283e-29 3.2637194e-29 4.4750564e-39
5.2114629e+09 2.9044746e+19 5.5435546e+09 37042966 29717646 3.2934161e-29 3.2539652e-29 4.4526894e-39
5.2167022e+09 2.9073791e+19 5.5435546e+09 37006141 29687865 3.2835336e-29 3.2442402e-29 4.4304343e-39
5.2219468e+09 2.9102865e+19 5.5435545e+09 36969353 29658114 3.2736809e-29 3.2345442e-29 4.4082905e-39
5.2271967e+09 2.9131967e+19 5.5435544e+09 36932601 29628393 3.2638577e-29 3.2248772e-29 4.3862574e-39
5.2324518e+09 2.9161099e+19 5.5435544e+09 36895885 29598702 3.254064e-29 3.215239e-29 4.3643344e-39
5.2377122e+09 2.919026e+19 5.5435543e+09 36859206 29569040 3.2442997e-29 3.2056296e-29 4.3425211e-39
5.2429778e+09 2.9219451e+19 5.5435542e+09 36822563 29539408 3.2345648e-29 3.196049e-29 4.3208169e-39
5.2482487e+09 2.924867e+19 5.5435542e+09 36785956 29509807 3.2248591e-29 3.1864969e-29 4.2992213e-39
5.2535248e+09 2.9277919e+19 5.5435541e+09 36749385 29480234 3.2151825e-29 3.1769734e-29 4.2777336e-39
5.2588063e+09 2.9307197e+19 5.5435541e+09 36712851 29450692 3.205535e-29 3.1674784e-29 4.2563534e-39
5.264093e+09 2.9336504e+19 5.543554e+09 36676353 29421179 3.1959164e-29 3.1580117e-29 4.23508e-39
5.269385e+09 2.936584e+19 5.5435539e+09 36639891 29391696 3.1863268e-29 3.1485733e-29 4.2139131e-39
5.2746823e+09 2.9395206e+19 5.5435539e+09 36603465 29362243 3.1767659e-29 3.139163e-29 4.192852e-39
5.2799849e+09 2.9424602e+19 5.5435538e+09 36567075 29332819 3.1672337e-29 3.1297809e-29 4.1718962e-39
5.2852928e+09 2.9454026e+19 5.5435537e+09 36530721 29303425 3.1577302e-29 3.1204268e-29 4.1510453e-39
5.290606e+09 2.948348e+19 5.5435537e+09 36494403 29274060 3.1482552e-29 3.1111006e-29 4.1302985e-39
5.2959245e+09 2.9512964e+19 5.5435536e+09 36458120 29244725 3.1388086e-29 3.1018023e-29 4.1096556e-39
5.3012483e+09 2.9542477e+19 5.5435535e+09 36421874 29215419 3.1293904e-29 3.0925318e-29 4.0891158e-39
5.3065775e+09 2.9572019e+19 5.5435535e+09 36385664 29186143 3.1200005e-29 3.083289e-29 4.0686788e-39
5.311912e+09 2.9601591e+19 5.5435534e+09 36349489 29156896 3.1106388e-29 3.0740737e-29 4.0483439e-39
5.3172518e+09 2.9631193e+19 5.5435534e+09 36313351 29127679 3.1013052e-29 3.064886e-29 4.0281108e-39
5.322597e+09 2.9660824e+19 5.5435533e+09 36277248 29098491 3.0919997e-29 3.0557258e-29 4.0079788e-39
5.3279475e+09 2.9690485e+19 5.5435532e+09 36241180 29069332 3.082722e-29 3.0465929e-29 3.9879475e-39
5.3333033e+09 2.9720175e+19 5.5435532e+09 36205149 29040203 3.0734723e-29 3.0374873e-29 3.9680163e-39
5.3386645e+09 2.9749895e+19 5.5435531e+09 36169153 29011103 3.0642503e-29 3.0284088e-29 3.9481848e-39
5.3440311e+09 2.9779645e+19 5.543553e+09 36133193 28982032 3.0550559e-29 3.0193575e-29 3.9284525e-39
5.3494031e+09 2.9809425e+19 5.543553e+09 36097268 28952990 3.0458892e-29 3.0103333e-29 3.9088188e-39
5.3547804e+09 2.9839234e+19 5.5435529e+09 36061379 28923978 3.0367501e-29 3.001336e-29 3.8892834e-39
5.3601631e+09 2.9869074e+19 5.5435528e+09 36025525 28894995 3.0276383e-29 2.9923655e-29 3.8698456e-39
5.3655511e+09 2.9898943e+19 5.5435528e+09 35989707 28866041 3.018554e-29 2.9834219e-29 3.850505e-39
5.3709446e+09 2.9928842e+19 5.5435527e+09 35953924 28837116 3.0094969e-29 2.974505e-29 3.8312611e-39
5.3763435e+09 2.995877e+19 5.5435527e+09 35918177 28808220 3.000467e-29 2.9656147e-29 3.8121134e-39
5.3817477e+09 2.9988729e+19 5.5435526e+09 35882465 28779353 2.9914642e-29 2.956751e-29 3.7930615e-39
5.3871574e+09 3.0018718e+19 5.5435525e+09 35846788 28750515 2.9824884e-29 2.9479137e-29 3.7741048e-39
5.3925724e+09 3.0048737e+19 5.5435525e+09 35811147 28721706 2.9735396e-29 2.9391028e-29 3.7552429e-39
5.3979929e+09 3.0078785e+19 5.5435524e+09 35775541 28692926 2.9646177e-29 2.9303183e-29 3.7364754e-39
5.4034188e+09 3.0108864e+19 5.5435524e+09 35739970 28664175 2.9557225e-29 2.92156e-29 3.7178016e-39
5.4088502e+09 3.0138973e+19 5.5435523e+09 35704434 28635453 2.9468541e-29 2.9128279e-29 3.6992213e-39
5.4142869e+09 3.0169112e+19 5.5435522e+09 35668934 28606759 2.9380122e-29 2.9041218e-29 3.6807339e-39
5.4197291e+09 3.0199281e+19 5.5435522e+09 35633469 28578095 2.929197e-29 2.8954418e-29 3.6623389e-39
5.4251768e+09 3.022948e+19 5.5435521e+09 35598038 28549459 2.9204082e-29 2.8867877e-29 3.6440358e-39
5.4306298e+09 3.025971e+19 5.543552e+09 35562643 28520853 2.9116458e-29 2.8781594e-29 3.6258243e-39
5.4360884e+09 3.028997e+19 5.543552e+09 35527283 28492274 2.9029097e-29 2.8695569e-29 3.6077039e-39
5.4415524e+09 3.032026e+19 5.5435519e+09 35491958 28463725 2.8941998e-29 2.8609801e-29 3.589674e-39
5.4470218e+09 3.035058e+19 5.5435519e+09 35456668 28435204 2.8855161e-29 2.852429e-29 3.5717343e-39
5.4524968e+09 3.038093e+19 5.5435518e+09 35421412 28406712 2.8768584e-29 2.8439033e-29 3.5538843e-39
5.4579772e+09 3.0411311e+19 5.5435517e+09 35386192 28378249 2.8682268e-29 2.8354032e-29 3.5361236e-39
5.4634631e+09 3.0441723e+19 5.5435517e+09 35351007 28349814 2.859621e-29 2.8269284e-29 3.5184517e-39
5.4689545e+09 3.0472164e+19 5.5435516e+09 35315856 28321408 2.8510411e-29 2.8184789e-29 3.5008681e-39
5.4744513e+09 3.0502637e+19 5.5435516e+09 35280740 28293030 2.842487e-29 2.8100547e-29 3.4833724e-39
5.4799537e+09 3.0533139e+19 5.5435515e+09 35245659 28264681 2.8339586e-29 2.8016557e-29 3.4659642e-39
5.4854616e+09 3.0563672e+19 5.5435514e+09 35210612 28236361 2.8254557e-29 2.7932817e-29 3.4486431e-39
5.4909749e+09 3.0594236e+19 5.5435514e+09 35175601 28208068 2.8169784e-29 2.7849328e-29 3.4314086e-39
5.4964938e+09 3.062483e+19 5.5435513e+09 35140624 28179805 2.8085265e-29 2.7766088e-29 3.4142602e-39
5.5020182e+09 3.0655455e+19 5.5435513e+09 35105681 28151569 2.8001e-29 2.7683096e-29 3.3971976e-39
5.5075482e+09 3.068611e+19 5.5435512e+09 35070773 28123362 2.7916989e-29 2.7600353e-29 3.3802203e-39
5.5130836e+09 3.0716797e+19 5.5435512e+09 35035900 28095184 2.7833229e-29 2.7517857e-29 3.3633278e-39
5.5186246e+09 3.0747513e+19 5.5435511e+09 35001061 28067033 2.7749721e-29 2.7435607e-29 3.3465199e-39
5.5241711e+09 3.0778261e+19 5.543551e+09 34966257 28038911 2.7666463e-29 2.7353603e-29 3.3297959e-39
5.5297232e+09 3.0809039e+19 5.543551e+09 34931487 28010818 2.7583456e-29 2.7271844e-29 3.3131556e-39
5.5352809e+09 3.0839848e+19 5.5435509e+09 34896751 27982752 2.7500698e-29 2.7190329e-29 3.2965985e-39
5.5408441e+09 3.0870688e+19 5.5435509e+09 34862050 27954715 2.7418188e-29 2.7109057e-29 3.2801242e-39
5.5464128e+09 3.0901559e+19 5.5435508e+09 34827383 27926706 2.7335926e-29 2.7028029e-29 3.2637322e-39
5.5519871e+09 3.093246e+19 5.5435507e+09 34792751 27898725 2.7253911e-29 2.6947242e-29 3.2474222e-39
5.557567e+09 3.0963393e+19 5.5435507e+09 34758153 27870772 2.7172142e-29 2.6866697e-29 3.2311937e-39
5.5631525e+09 3.0994356e+19 5.5435506e+09 34723589 27842847 2.7090618e-29 2.6786392e-29 3.2150464e-39
5.5687436e+09 3.102535e+19 5.5435506e+09 34689059 27814950 2.700934e-29 2.6706328e-29 3.1989798e-39
5.5743402e+09 3.1056376e+19 5.5435505e+09 34654564 27787082 2.6928305e-29 2.6626502e-29 3.1829936e-39
5.5799425e+09 3.1087432e+19 5.5435505e+09 34620102 27759241 2.6847514e-29 2.6546915e-29 3.1670872e-39
5.5855504e+09 3.111852e+19 5.5435504e+09 34585675 27731428 2.6766965e-29 2.6467566e-29 3.1512604e-39
5.5911638e+09 3.1149638e+19 5.5435503e+09 34551282 27703643 2.6686658e-29 2.6388453e-29 3.1355128e-39
5.5967829e+09 3.1180788e+19 5.5435503e+09 34516923 27675887 2.6606593e-29 2.6309577e-29 3.1198438e-39
5.6024076e+09 3.1211969e+19 5.5435502e+09 34482598 27648158 2.6526767e-29 2.6230937e-29 3.1042532e-39
5.6080379e+09 3.1243181e+19 5.5435502e+09 34448307 27620456 2.6447181e-29 2.6152532e-29 3.0887406e-39
5.6136739e+09 3.1274424e+19 5.5435501e+09 34414049 27592783 2.6367835e-29 2.6074361e-29 3.0733055e-39
5.6193155e+09 3.1305698e+19 5.5435501e+09 34379826 27565138 2.6288726e-29 2.5996423e-29 3.0579475e-39
5.6249627e+09 3.1337004e+19 5.54355e+09 34345637 27537520 2.6209855e-29 2.5918718e-29 3.0426664e-39
5.6306156e+09 3.1368341e+19 5.5435499e+09 34311481 27509930 2.6131221e-29 2.5841245e-29 3.0274616e-39
5.6362741e+09 3.1399709e+19 5.5435499e+09 34277359 27482368 2.6052822e-29 2.5764004e-29 3.0123329e-39
5.6419383e+09 3.1431109e+19 5.5435498e+09 34243271 27454833 2.5974659e-29 2.5686994e-29 2.9972798e-39
5.6476081e+09 3.146254e+19 5.5435498e+09 34209217 27427327 2.5896731e-29 2.5610213e-29 2.982302e-39
5.6532837e+09 3.1494003e+19 5.5435497e+09 34175197 27399847 2.5819037e-29 2.5533662e-29 2.967399e-39
5.6589648e+09 3.1525497e+19 5.5435497e+09 34141210 27372396 2.5741576e-29 2.545734e-29 2.9525706e-39
5.6646517e+09 3.1557022e+19 5.5435496e+09 34107257 27344972 2.5664348e-29 2.5381246e-29 2.9378163e-39
5.6703443e+09 3.1588579e+19 5.5435495e+09 34073337 27317575 2.5587351e-29 2.5305379e-29 2.9231357e-39
5.6760426e+09 3.1620168e+19 5.5435495e+09 34039451 27290206 2.5510586e-29 2.5229738e-29 2.9085286e-39
5.6817465e+09 3.1651788e+19 5.5435494e+09 34005599 27262865 2.5434051e-29 2.5154324e-29 2.8939945e-39
5.6874562e+09 3.168344e+19 5.5435494e+09 33971780 27235551 2.5357745e-29 2.5079135e-29 2.879533e-39
5.6931715e+09 3.1715123e+19 5.5435493e+09 33937994 27208265 2.5281669e-29 2.500417e-29 2.8651439e-39
5.6988926e+09 3.1746838e+19 5.5435493e+09 33904242 27181006 2.5205822e-29 2.492943e-29 2.8508266e-39
5.7046194e+09 3.1778585e+19 5.5435492e+09 33870524 27153774 2.5130202e-29 2.4854913e-29 2.836581e-39
5.710352e+09 3.1810364e+19 5.5435492e+09 33836838 27126569 2.5054809e-29 2.4780618e-29 2.8224066e-39
5.7160902e+09 3.1842174e+19 5.5435491e+09 33803187 27099392 2.4979642e-29 2.4706545e-29 2.808303e-39
5.7218342e+09 3.1874016e+19 5.5435491e+09 33769568 27072243 2.4904701e-29 2.4632694e-29 2.79427e-39
5.727584e+09 3.190589e+19 5.543549e+09 33735983 27045120 2.4829985e-29 2.4559063e-29 2.7803071e-39
5.7333395e+09 3.1937796e+19 5.5435489e+09 33702431 27018025 2.4755493e-29 2.4485653e-29 2.766414e-39
5.7391007e+09 3.1969734e+19 5.5435489e+09 33668912 26990957 2.4681225e-29 2.4412461e-29 2.7525903e-39
5.7448678e+09 3.2001704e+19 5.5435488e+09 33635426 26963916 2.460718e-29 2.4339488e-29 2.7388358e-39
5.7506405e+09 3.2033705e+19 5.5435488e+09 33601974 26936903 2.4533357e-29 2.4266734e-29 2.7251501e-39
5.7564191e+09 3.2065739e+19 5.5435487e+09 33568555 26909916 2.4459756e-29 2.4194196e-29 2.7115327e-39
5.7622034e+09 3.2097805e+19 5.5435487e+09 33535169 26882957 2.4386376e-29 2.4121876e-29 2.6979834e-39
5.7679936e+09 3.2129903e+19 5.5435486e+09 33501815 26856025 2.4313216e-29 2.4049771e-29 2.6845019e-39
5.7737895e+09 3.2162032e+19 5.5435486e+09 33468495 26829120 2.4240275e-29 2.3977882e-29 2.6710878e-39
5.7795912e+09 3.2194194e+19 5.5435485e+09 33435208 26802242 2.4167554e-29 2.3906207e-29 2.6577407e-39
5.7853987e+09 3.2226389e+19 5.5435485e+09 33401954 26775390 2.4095051e-29 2.3834747e-29 2.6444604e-39
5.791212e+09 3.2258615e+19 5.5435484e+09 33368733 26748566 2.4022765e-29 2.37635e-29 2.6312464e-39
5.7970311e+09 3.2290874e+19 5.5435483e+09 33335544 26721769 2.3950697e-29 2.3692466e-29 2.6180985e-39
5.8028561e+09 3.2323165e+19 5.5435483e+09 33302389 26694999 2.3878845e-29 2.3621644e-29 2.6050163e-39
5.8086868e+09 3.2355488e+19 5.5435482e+09 33269266 26668255 2.3807208e-29 2.3551034e-29 2.5919996e-39
5.8145234e+09 3.2387843e+19 5.5435482e+09 33236176 26641539 2.3735787e-29 2.3480635e-29 2.5790479e-39
5.8203659e+09 3.2420231e+19 5.5435481e+09 33203119 26614849 2.366458e-29 2.3410446e-29 2.5661609e-39
5.8262142e+09 3.2452651e+19 5.5435481e+09 33170095 26588186 2.3593587e-29 2.3340467e-29 2.5533384e-39
5.8320683e+09 3.2485104e+19 5.543548e+09 33137103 26561550 2.3522807e-29 2.3270697e-29 2.54058e-39
5.8379283e+09 3.2517589e+19 5.543548e+09 33104144 26534941 2.3452239e-29 2.3201135e-29 2.5278853e-39
5.8437941e+09 3.2550107e+19 5.5435479e+09 33071218 26508358 2.3381884e-29 2.3131782e-29 2.5152541e-39
5.8496658e+09 3.2582657e+19 5.5435479e+09 33038324 26481802 2.3311739e-29 2.3062635e-29 2.5026861e-39
5.8555434e+09 3.2615239e+19 5.5435478e+09 33005463 26455273 2.3241805e-29 2.2993695e-29 2.4901809e-39
5.8614269e+09 3.2647855e+19 5.5435478e+09 32972634 26428770 2.3172081e-29 2.2924961e-29 2.4777382e-39
5.8673162e+09 3.2680502e+19 5.5435477e+09 32939838 26402294 2.3102566e-29 2.2856432e-29 2.4653577e-39
5.8732114e+09 3.2713183e+19 5.5435477e+09 32907074 26375845 2.303326e-29 2.2788108e-29 2.4530391e-39
5.8791126e+09 3.2745896e+19 5.5435476e+09 32874343 26349422 2.2964162e-29 2.2719988e-29 2.4407821e-39
5.8850196e+09 3.2778642e+19 5.5435476e+09 32841645 26323026 2.2895272e-29 2.2652072e-29 2.4285863e-39
5.8909325e+09 3.2811421e+19 5.5435475e+09 32808978 26296656 2.2826588e-29 2.2584359e-29 2.4164515e-39
5.8968514e+09 3.2844232e+19 5.5435475e+09 32776344 26270313 2.275811e-29 2.2516848e-29 2.4043774e-39
5.9027761e+09 3.2877076e+19 5.5435474e+09 32743742 26243996 2.2689838e-29 2.2449538e-29 2.3923636e-39
5.9087068e+09 3.2909953e+19 5.5435474e+09 32711173 26217706 2.2621771e-29 2.238243e-29 2.3804099e-39
5.9146435e+09 3.2942863e+19 5.5435473e+09 32678636 26191442 2.2553909e-29 2.2315522e-29 2.3685159e-39
5.920586e+09 3.2975806e+19 5.5435473e+09 32646131 26165204 2.248625e-29 2.2248814e-29 2.3566814e-39
5.9265345e+09 3.3008782e+19 5.5435472e+09 32613658 26138993 2.2418794e-29 2.2182306e-29 2.3449061e-39
5.932489e+09 3.3041791e+19 5.5435471e+09 32581217 26112808 2.235154e-29 2.2115996e-29 2.3331896e-39
5.9384494e+09 3.3074833e+19 5.5435471e+09 32548809 26086650 2.2284489e-29 2.2049884e-29 2.3215317e-39
5.9444158e+09 3.3107907e+19 5.543547e+09 32516433 26060517 2.2217638e-29 2.198397e-29 2.3099321e-39
5.9503881e+09 3.3141015e+19 5.543547e+09 32484088 26034411 2.2150989e-29 2.1918253e-29 2.2983904e-39
5.9563664e+09 3.3174156e+19 5.5435469e+09 32451776 26008332 2.2084539e-29 2.1852732e-29 2.2869065e-39
5.9623507e+09 3.3207331e+19 5.5435469e+09 32419496 25982278 2.2018289e-29 2.1787406e-29 2.2754799e-39
5.9683409e+09 3.3240538e+19 5.5435468e+09 32387247 25956251 2.1952238e-29 2.1722276e-29 2.2641105e-39
5.9743372e+09 3.3273778e+19 5.5435468e+09 32355031 25930249 2.1886385e-29 2.1657341e-29 2.2527979e-39
5.9803395e+09 3.3307052e+19 5.5435467e+09 32322847 25904274 2.1820729e-29 2.15926e-29 2.2415419e-39
5.9863477e+09 3.3340359e+19 5.5435467e+09 32290694 25878325 2.1755271e-29 2.1528052e-29 2.2303421e-39
5.992362e+09 3.33737e+19 5.5435466e+09 32258573 25852402 2.169001e-29 2.1463697e-29 2.2191983e-39
5.9983823e+09 3.3407073e+19 5.5435466e+09 32226484 25826505 2.1624944e-29 2.1399534e-29 2.2081102e-39
6.0044086e+09 3.344048e+19 5.5435465e+09 32194427 25800634 2.1560073e-29 2.1335563e-29 2.1970775e-39
6.0104409e+09 3.3473921e+19 5.5435465e+09 32162402 25774789 2.1495397e-29 2.1271783e-29 2.1861e-39
6.0164792e+09 3.3507395e+19 5.5435464e+09 32130408 25748970 2.1430916e-29 2.1208193e-29 2.1751774e-39
6.0225236e+09 3.3540902e+19 5.5435464e+09 32098446 25723177 2.1366628e-29 2.1144794e-29 2.1643093e-39
6.0285741e+09 3.3574443e+19 5.5435463e+09 32066516 25697410 2.1302533e-29 2.1081584e-29 2.1534956e-39
6.0346306e+09 3.3608018e+19 5.5435463e+09 32034617 25671668 2.123863e-29 2.1018563e-29 2.1427359e-39
6.0406931e+09 3.3641626e+19 5.5435462e+09 32002750 25645953 2.1174919e-29 2.095573e-29 2.1320301e-39
6.0467617e+09 3.3675267e+19 5.5435462e+09 31970915 25620263 2.1111399e-29 2.0893085e-29 2.1213777e-39
6.0528364e+09 3.3708942e+19 5.5435462e+09 31939111 25594600 2.104807e-29 2.0830627e-29 2.1107786e-39
6.0589172e+09 3.3742651e+19 5.5435461e+09 31907338 25568962 2.0984931e-29 2.0768355e-29 2.1002324e-39
6.065004e+09 3.3776394e+19 5.5435461e+09 31875597 25543349 2.0921982e-29 2.070627e-29 2.089739e-39
6.0710969e+09 3.381017e+19 5.543546e+09 31843888 25517763 2.0859221e-29 2.064437e-29 2.079298e-39
6.0771959e+09 3.3843981e+19 5.543546e+09 31812209 25492202 2.0796649e-29 2.0582656e-29 2.0689092e-39
6.083301e+09 3.3877825e+19 5.5435459e+09 31780563 25466667 2.0734265e-29 2.0521125e-29 2.0585724e-39
6.0894123e+09 3.3911702e+19 5.5435459e+09 31748947 25441157 2.0672068e-29 2.0459779e-29 2.0482872e-39
6.0955296e+09 3.3945614e+19 5.5435458e+09 31717363 25415673 2.0610058e-29 2.0398615e-29 2.0380534e-39
6.101653e+09 3.397956e+19 5.5435458e+09 31685810 25390215 2.0548234e-29 2.0337635e-29 2.0278708e-39
6.1077826e+09 3.4013539e+19 5.5435457e+09 31654289 25364782 2.0486595e-29 2.0276837e-29 2.0177391e-39
6.1139183e+09 3.4047553e+19 5.5435457e+09 31622798 25339375 2.0425142e-29 2.021622e-29 2.007658e-39
6.1200602e+09 3.40816e+19 5.5435456e+09 31591339 25313993 2.0363872e-29 2.0155784e-29 1.9976273e-39
6.1262081e+09 3.4115682e+19 5.5435456e+09 31559911 25288637 2.0302787e-29 2.0095529e-29 1.9876467e-39
6.1323623e+09 3.4149798e+19 5.5435455e+09 31528514 25263306 2.0241885e-29 2.0035455e-29 1.9777161e-39
6.1385225e+09 3.4183947e+19 5.5435455e+09 31497149 25238001 2.0181166e-29 1.9975559e-29 1.967835e-39
6.144689e+09 3.4218131e+19 5.5435454e+09 31465814 25212721 2.0120629e-29 1.9915843e-29 1.9580034e-39
6.1508616e+09 3.425235e+19 5.5435454e+09 31434510 25187467 2.0060274e-29 1.9856305e-29 1.9482209e-39
6.1570404e+09 3.4286602e+19 5.5435453e+09 31403238 25162237 2.00001e-29 1.9796945e-29 1.9384873e-39
6.1632253e+09 3.4320888e+19 5.5435453e+09 31371996 25137034 1.9940107e-29 1.9737762e-29 1.9288024e-39
6.1694165e+09 3.4355209e+19 5.5435452e+09 31340786 25111855 1.9880294e-29 1.9678756e-29 1.9191658e-39
6.1756138e+09 3.4389565e+19 5.5435452e+09 31309606 25086702 1.982066e-29 1.9619926e-29 1.9095774e-39
6.1818173e+09 3.4423954e+19 5.5435451e+09 31278457 25061574 1.9761205e-29 1.9561272e-29 1.900037e-39
6.1880271e+09 3.4458378e+19 5.5435451e+09 31247339 25036471 1.9701929e-29 1.9502794e-29 1.8905442e-39
6.194243e+09 3.4492836e+19 5.5435451e+09 31216252 25011394 1.9642831e-29 1.944449e-29 1.8810989e-39
6.2004652e+09 3.4527329e+19 5.543545e+09 31185195 24986342 1.958391e-29 1.938636e-29 1.8717008e-39
6.2066936e+09 3.4561857e+19 5.543545e+09 31154170 24961314 1.9525165e-29 1.9328405e-29 1.8623497e-39
6.2129282e+09 3.4596418e+19 5.5435449e+09 31123175 24936312 1.9466598e-29 1.9270622e-29 1.8530453e-39
6.219169e+09 3.4631015e+19 5.5435449e+09 31092211 24911335 1.9408206e-29 1.9213012e-29 1.8437874e-39
6.2254161e+09 3.4665646e+19 5.5435448e+09 31061277 24886384 1.9349989e-29 1.9155574e-29 1.8345758e-39
6.2316695e+09 3.4700312e+19 5.5435448e+09 31030375 24861457 1.9291947e-29 1.9098307e-29 1.8254102e-39
6.237929e+09 3.4735012e+19 5.5435447e+09 30999502 24836555 1.9234079e-29 1.9041212e-29 1.8162904e-39
6.2441949e+09 3.4769747e+19 5.5435447e+09 30968661 24811678 1.9176385e-29 1.8984288e-29 1.8072163e-39
6.250467e+09 3.4804517e+19 5.5435446e+09 30937850 24786827 1.9118864e-29 1.8927533e-29 1.7981874e-39
6.2567454e+09 3.4839321e+19 5.5435446e+09 30907069 24762000 1.9061515e-29 1.8870948e-29 1.7892037e-39
6.2630301e+09 3.487416e+19 5.5435445e+09 30876319 24737198 1.9004339e-29 1.8814532e-29 1.7802649e-39
6.269321e+09 3.4909035e+19 5.5435445e+09 30845600 24712421 1.8947335e-29 1.8758285e-29 1.7713708e-39
6.2756183e+09 3.4943944e+19 5.5435445e+09 30814911 24687669 1.8890501e-29 1.8702206e-29 1.7625212e-39
6.2819218e+09 3.4978888e+19 5.5435444e+09 30784252 24662942 1.8833838e-29 1.8646294e-29 1.7537157e-39
6.2882316e+09 3.5013866e+19 5.5435444e+09 30753623 24638240 1.8777345e-29 1.859055e-29 1.7449543e-39
6.2945478e+09 3.504888e+19 5.5435443e+09 30723025 24613562 1.8721022e-29 1.8534972e-29 1.7362367e-39
6.3008703e+09 3.5083929e+19 5.5435443e+09 30692458 24588909 1.8664868e-29 1.847956e-29 1.7275626e-39
6.307199e+09 3.5119013e+19 5.5435442e+09 30661920 24564281 1.8608882e-29 1.8424313e-29 1.7189319e-39
6.3135342e+09 3.5154132e+19 5.5435442e+09 30631413 24539678 1.8553064e-29 1.8369232e-29 1.7103443e-39
6.3198756e+09 3.5189286e+19 5.5435441e+09 30600936 24515099 1.8497414e-29 1.8314315e-29 1.7017997e-39
6.3262234e+09 3.5224476e+19 5.5435441e+09 30570490 24490545 1.8441931e-29 1.8259563e-29 1.6932977e-39
6.3325776e+09 3.52597e+19 5.543544e+09 30540073 24466016 1.8386614e-29 1.8204974e-29 1.6848383e-39
6.3389381e+09 3.529496e+19 5.543544e+09 30509687 24441512 1.8331464e-29 1.8150548e-29 1.6764211e-39
6.3453049e+09 3.5330255e+19 5.543544e+09 30479331 24417032 1.8276479e-29 1.8096285e-29 1.668046e-39
6.3516781e+09 3.5365585e+19 5.5435439e+09 30449004 24392576 1.8221659e-29 1.8042184e-29 1.6597128e-39
6.3580577e+09 3.5400951e+19 5.5435439e+09 30418708 24368145 1.8167003e-29 1.7988244e-29 1.6514212e-39
6.3644437e+09 3.5436352e+19 5.5435438e+09 30388442 24343739 1.8112512e-29 1.7934466e-29 1.643171e-39
6.3708361e+09 3.5471788e+19 5.5435438e+09 30358206 24319357 1.8058184e-29 1.7880849e-29 1.6349621e-39
6.3772348e+09 3.550726e+19 5.5435437e+09 30328000 24295000 1.8004019e-29 1.7827391e-29 1.6267942e-39
6.38364e+09 3.5542767e+19 5.5435437e+09 30297824 24270667 1.7950016e-29 1.7774094e-29 1.6186671e-39
6.3900515e+09 3.557831e+19 5.5435436e+09 30267677 24246358 1.7896176e-29 1.7720955e-29 1.6105807e-39
6.3964695e+09 3.5613888e+19 5.5435436e+09 30237561 24222074 1.7842498e-29 1.7667976e-29 1.6025347e-39
6.4028939e+09 3.5649502e+19 5.5435436e+09 30207474 24197815 1.778898e-29 1.7615155e-29 1.5945288e-39
6.4093247e+09 3.5685151e+19 5.5435435e+09 30177418 24173579 1.7735623e-29 1.7562491e-29 1.586563e-39
6.415762e+09 3.5720837e+19 5.5435435e+09 30147391 24149368 1.7682426e-29 1.7509985e-29 1.578637e-39
6.4222057e+09 3.5756557e+19 5.5435434e+09 30117394 24125182 1.7629389e-29 1.7457636e-29 1.5707506e-39
6.4286558e+09 3.5792314e+19 5.5435434e+09 30087426 24101019 1.7576511e-29 1.7405444e-29 1.5629037e-39
6.4351124e+09 3.5828106e+19 5.5435433e+09 30057488 24076881 1.7523792e-29 1.7353407e-29 1.5550959e-39
6.4415754e+09 3.5863934e+19 5.5435433e+09 30027580 24052767 1.7471231e-29 1.7301526e-29 1.5473272e-39
6.4480449e+09 3.5899798e+19 5.5435433e+09 29997702 24028678 1.7418828e-29 1.7249799e-29 1.5395973e-39
6.4545209e+09 3.5935698e+19 5.5435432e+09 29967853 24004612 1.7366582e-29 1.7198228e-29 1.531906e-39
6.4610033e+09 3.5971634e+19 5.5435432e+09 29938033 23980571 1.7314492e-29 1.714681e-29 1.5242531e-39
6.4674922e+09 3.6007605e+19 5.5435431e+09 29908244 23956554 1.7262559e-29 1.7095547e-29 1.5166386e-39
6.4739876e+09 3.6043613e+19 5.5435431e+09 29878484 23932561 1.7210782e-29 1.7044436e-29 1.509062e-39
6.4804895e+09 3.6079657e+19 5.543543e+09 29848753 23908592 1.7159161e-29 1.6993478e-29 1.5015233e-39
6.486998e+09 3.6115736e+19 5.543543e+09 29819052 23884647 1.7107694e-29 1.6942672e-29 1.4940224e-39
6.4935129e+09 3.6151852e+19 5.543543e+09 29789380 23860726 1.7056382e-29 1.6892018e-29 1.4865588e-39
6.5000343e+09 3.6188004e+19 5.5435429e+09 29759737 23836829 1.7005223e-29 1.6841516e-29 1.4791326e-39
6.5065623e+09 3.6224192e+19 5.5435429e+09 29730124 23812956 1.6954219e-29 1.6791164e-29 1.4717436e-39
6.5130967e+09 3.6260416e+19 5.5435428e+09 29700541 23789107 1.6903367e-29 1.6740963e-29 1.4643914e-39
6.5196378e+09 3.6296676e+19 5.5435428e+09 29670986 23765282 1.6852668e-29 1.6690912e-29 1.457076e-39
6.5261853e+09 3.6332973e+19 5.5435427e+09 29641461 23741481 1.6802121e-29 1.6641011e-29 1.4497971e-39
6.5327394e+09 3.6369306e+19 5.5435427e+09 29611965 23717704 1.6751726e-29 1.6591258e-29 1.4425546e-39
6.5393001e+09 3.6405675e+19 5.5435427e+09 29582499 23693951 1.6701482e-29 1.6541655e-29 1.4353483e-39
6.5458673e+09 3.6442081e+19 5.5435426e+09 29553062 23670222 1.6651389e-29 1.6492199e-29 1.4281781e-39
6.5524411e+09 3.6478523e+19 5.5435426e+09 29523653 23646516 1.6601446e-29 1.6442892e-29 1.4210436e-39
6.5590215e+09 3.6515002e+19 5.5435425e+09 29494274 23622834 1.6551653e-29 1.6393731e-29 1.4139448e-39
6.5656084e+09 3.6551517e+19 5.5435425e+09 29464924 23599176 1.6502009e-29 1.6344718e-29 1.4068815e-39
6.5722019e+09 3.6588068e+19 5.5435425e+09 29435604 23575542 1.6452515e-29 1.6295851e-29 1.3998535e-39
6.5788021e+09 3.6624656e+19 5.5435424e+09 29406312 23551931 1.6403169e-29 1.624713e-29 1.3928606e-39
6.5854088e+09 3.6661281e+19 5.5435424e+09 29377049 23528345 1.6353971e-29 1.6198555e-29 1.3859027e-39
6.5920221e+09 3.6697942e+19 5.5435423e+09 29347816 23504782 1.6304921e-29 1.6150125e-29 1.3789795e-39
6.5986421e+09 3.673464e+19 5.5435423e+09 29318611 23481242 1.6256018e-29 1.6101839e-29 1.3720909e-39
6.6052686e+09 3.6771375e+19 5.5435422e+09 29289435 23457726 1.6207261e-29 1.6053698e-29 1.3652368e-39
6.6119018e+09 3.6808146e+19 5.5435422e+09 29260288 23434234 1.6158651e-29 1.6005701e-29 1.3584169e-39
6.6185416e+09 3.6844954e+19 5.5435422e+09 29231170 23410765 1.6110187e-29 1.5957847e-29 1.3516311e-39
6.6251881e+09 3.6881799e+19 5.5435421e+09 29202081 23387320 1.6061869e-29 1.5910136e-29 1.3448792e-39
6.6318412e+09 3.6918681e+19 5.5435421e+09 29173021 23363899 1.6013695e-29 1.5862568e-29 1.338161e-39
6.638501e+09 3.69556e+19 5.543542e+09 29143989 23340501 1.5965666e-29 1.5815142e-29 1.3314765e-39
6.6451674e+09 3.6992555e+19 5.543542e+09 29114987 23317126 1.5917781e-29 1.5767857e-29 1.3248253e-39
6.6518405e+09 3.7029548e+19 5.543542e+09 29086013 23293775 1.587004e-29 1.5720714e-29 1.3182073e-39
6.6585203e+09 3.7066577e+19 5.5435419e+09 29057068 23270447 1.5822442e-29 1.5673712e-29 1.3116225e-39
6.6652067e+09 3.7103644e+19 5.5435419e+09 29028151 23247143 1.5774986e-29 1.562685e-29 1.3050705e-39
6.6718998e+09 3.7140748e+19 5.5435418e+09 28999263 23223862 1.5727674e-29 1.5580129e-29 1.2985513e-39
6.6785997e+09 3.7177888e+19 5.5435418e+09 28970404 23200605 1.5680503e-29 1.5533547e-29 1.2920647e-39
6.6853062e+09 3.7215066e+19 5.5435418e+09 28941574 23177371 1.5633474e-29 1.5487104e-29 1.2856104e-39
6.6920194e+09 3.7252281e+19 5.5435417e+09 28912771 23154160 1.5586586e-29 1.54408e-29 1.2791885e-39
6.6987394e+09 3.7289534e+19 5.5435417e+09 28883998 23130973 1.5539838e-29 1.5394634e-29 1.2727986e-39
6.705466e+09 3.7326823e+19 5.5435416e+09 28855253 23107808 1.5493231e-29 1.5348606e-29 1.2664406e-39
6.7121994e+09 3.736415e+19 5.5435416e+09 28826537 23084667 1.5446764e-29 1.5302716e-29 1.2601145e-39
6.7189395e+09 3.7401514e+19 5.5435416e+09 28797849 23061550 1.5400436e-29 1.5256963e-29 1.2538199e-39
6.7256864e+09 3.7438916e+19 5.5435415e+09 28769189 23038455 1.5354248e-29 1.5211347e-29 1.2475568e-39
6.73244e+09 3.7476355e+19 5.5435415e+09 28740558 23015384 1.5308197e-29 1.5165867e-29 1.241325e-39
6.7392004e+09 3.7513831e+19 5.5435414e+09 28711955 22992336 1.5262285e-29 1.5120523e-29 1.2351243e-39
6.7459675e+09 3.7551345e+19 5.5435414e+09 28683381 22969311 1.5216511e-29 1.5075314e-29 1.2289547e-39
6.7527414e+09 3.7588896e+19 5.5435414e+09 28654835 22946309 1.5170874e-29 1.5030241e-29 1.2228158e-39
6.759522e+09 3.7626485e+19 5.5435413e+09 28626317 22923330 1.5125375e-29 1.4985302e-29 1.2167077e-39
6.7663095e+09 3.7664112e+19 5.5435413e+09 28597828 22900374 1.5080011e-29 1.4940498e-29 1.21063e-39
6.7731037e+09 3.7701776e+19 5.5435412e+09 28569367 22877441 1.5034784e-29 1.4895827e-29 1.2045827e-39
6.7799047e+09 3.7739477e+19 5.5435412e+09 28540934 22854532 1.4989693e-29 1.485129e-29 1.1985657e-39
6.7867126e+09 3.7777217e+19 5.5435412e+09 28512529 22831645 1.4944736e-29 1.4806886e-29 1.1925787e-39
6.7935272e+09 3.7814994e+19 5.5435411e+09 28484152 22808781 1.4899915e-29 1.4762615e-29 1.1866216e-39
6.8003487e+09 3.7852809e+19 5.5435411e+09 28455804 22785941 1.4855228e-29 1.4718476e-29 1.1806943e-39
6.8071769e+09 3.7890662e+19 5.543541e+09 28427483 22763123 1.4810676e-29 1.4674469e-29 1.1747966e-39
6.814012e+09 3.7928553e+19 5.543541e+09 28399191 22740328 1.4766257e-29 1.4630594e-29 1.1689284e-39
6.820854e+09 3.7966481e+19 5.543541e+09 28370927 22717556 1.4721971e-29 1.4586849e-29 1.1630895e-39
6.8277028e+09 3.8004448e+19 5.5435409e+09 28342690 22694806 1.4677818e-29 1.4543236e-29 1.1572798e-39
6.8345584e+09 3.8042452e+19 5.5435409e+09 28314482 22672080 1.4633798e-29 1.4499752e-29 1.1514991e-39
6.8414209e+09 3.8080495e+19 5.5435409e+09 28286302 22649377 1.458991e-29 1.4456399e-29 1.1457474e-39
6.8482902e+09 3.8118575e+19 5.5435408e+09 28258149 22626696 1.4546153e-29 1.4413175e-29 1.1400243e-39
6.8551664e+09 3.8156694e+19 5.5435408e+09 28230025 22604038 1.4502528e-29 1.4370081e-29 1.1343299e-39
6.8620495e+09 3.819485e+19 5.5435407e+09 28201928 22581403 1.4459034e-29 1.4327115e-29 1.1286639e-39
6.8689395e+09 3.8233045e+19 5.5435407e+09 28173860 22558790 1.441567e-29 1.4284277e-29 1.1230262e-39
6.8758363e+09 3.8271278e+19 5.5435407e+09 28145819 22536200 1.4372437e-29 1.4241568e-29 1.1174167e-39
6.8827401e+09 3.8309549e+19 5.5435406e+09 28117806 22513633 1.4329333e-29 1.4198986e-29 1.1118352e-39
6.8896508e+09 3.8347859e+19 5.5435406e+09 28089821 22491089 1.4286358e-29 1.4156532e-29 1.1062816e-39
6.8965683e+09 3.8386207e+19 5.5435405e+09 28061863 22468567 1.4243513e-29 1.4114204e-29 1.1007557e-39
6.9034928e+09 3.8424593e+19 5.5435405e+09 28033933 22446067 1.4200796e-29 1.4072003e-29 1.0952575e-39
6.9104243e+09 3.8463018e+19 5.5435405e+09 28006031 22423591 1.4158207e-29 1.4029928e-29 1.0897868e-39
6.9173626e+09 3.8501481e+19 5.5435404e+09 27978157 22401137 1.4115746e-29 1.3987979e-29 1.0843434e-39
6.9243079e+09 3.8539982e+19 5.5435404e+09 27950310 22378705 1.4073412e-29 1.3946155e-29 1.0789271e-39
6.9312601e+09 3.8578522e+19 5.5435404e+09 27922491 22356296 1.4031205e-29 1.3904456e-29 1.073538e-39
6.9382193e+09 3.8617101e+19 5.5435403e+09 27894699 22333909 1.3989125e-29 1.3862882e-29 1.0681758e-39
6.9451855e+09 3.8655718e+19 5.5435403e+09 27866935 22311545 1.3947172e-29 1.3821432e-29 1.0628403e-39
6.9521586e+09 3.8694373e+19 5.5435403e+09 27839199 22289204 1.3905344e-29 1.3780106e-29 1.0575316e-39
6.9591387e+09 3.8733068e+19 5.5435402e+09 27811490 22266884 1.3863642e-29 1.3738903e-29 1.0522493e-39
6.9661257e+09 3.8771801e+19 5.5435402e+09 27783808 22244587 1.3822064e-29 1.3697824e-29 1.0469935e-39
6.9731198e+09 3.8810573e+19 5.5435401e+09 27756154 22222313 1.3780612e-29 1.3656867e-29 1.0417639e-39
6.9801208e+09 3.8849383e+19 5.5435401e+09 27728527 22200061 1.3739284e-29 1.3616033e-29 1.0365604e-39
6.9871289e+09 3.8888233e+19 5.5435401e+09 27700928 22177831 1.369808e-29 1.3575321e-29 1.031383e-39
6.9941439e+09 3.8927121e+19 5.54354e+09 27673356 22155624 1.3657e-29 1.353473e-29 1.0262314e-39
7.001166e+09 3.8966048e+19 5.54354e+09 27645812 22133439 1.3616043e-29 1.3494261e-29 1.0211056e-39
7.0081951e+09 3.9005014e+19 5.54354e+09 27618295 22111276 1.3575208e-29 1.3453913e-29 1.0160053e-39
7.0152312e+09 3.9044019e+19 5.5435399e+09 27590805 22089135 1.3534497e-29 1.3413685e-29 1.0109306e-39
7.0222743e+09 3.9083063e+19 5.5435399e+09 27563342 22067017 1.3493907e-29 1.3373578e-29 1.0058812e-39
7.0293245e+09 3.9122146e+19 5.5435398e+09 27535907 22044920 1.3453439e-29 1.333359e-29 1.000857e-39
7.0363818e+09 3.9161268e+19 5.5435398e+09 27508498 22022846 1.3413093e-29 1.3293722e-29 9.9585799e-40
7.0434461e+09 3.920043e+19 5.5435398e+09 27481117 22000794 1.3372868e-29 1.3253973e-29 9.9088392e-40
7.0505175e+09 3.923963e+19 5.5435397e+09 27453763 21978765 1.3332763e-29 1.3214343e-29 9.859347e-40
7.0575959e+09 3.927887e+19 5.5435397e+09 27426437 21956757 1.3292779e-29 1.3174831e-29 9.8101021e-40
7.0646814e+09 3.9318149e+19 5.5435397e+09 27399137 21934771 1.3252915e-29 1.3135438e-29 9.7611032e-40
7.071774e+09 3.9357467e+19 5.5435396e+09 27371864 21912808 1.321317e-29 1.3096162e-29 9.7123492e-40
7.0788737e+09 3.9396824e+19 5.5435396e+09 27344619 21890866 1.3173545e-29 1.3057003e-29 9.6638388e-40
7.0859805e+09 3.9436221e+19 5.5435396e+09 27317400 21868947 1.3134039e-29 1.3017962e-29 9.6155708e-40
7.0930945e+09 3.9475657e+19 5.5435395e+09 27290209 21847049 1.3094651e-29 1.2979037e-29 9.567544e-40
7.1002155e+09 3.9515133e+19 5.5435395e+09 27263044 21825174 1.3055381e-29 1.2940229e-29 9.5197571e-40
7.1073436e+09 3.9554648e+19 5.5435395e+09 27235907 21803320 1.3016229e-29 1.2901536e-29 9.472209e-40
7.1144789e+09 3.9594203e+19 5.5435394e+09 27208796 21781489 1.2977195e-29 1.2862959e-29 9.4248985e-40
7.1216213e+09 3.9633797e+19 5.5435394e+09 27181712 21759679 1.2938277e-29 1.2824498e-29 9.3778244e-40
7.1287708e+09 3.9673431e+19 5.5435393e+09 27154655 21737891 1.2899477e-29 1.2786151e-29 9.3309855e-40
7.1359275e+09 3.9713104e+19 5.5435393e+09 27127625 21716126 1.2860793e-29 1.2747919e-29 9.2843806e-40
7.1430914e+09 3.9752817e+19 5.5435393e+09 27100622 21694381 1.2822225e-29 1.2709802e-29 9.2380086e-40
7.1502624e+09 3.979257e+19 5.5435392e+09 27073645 21672659 1.2783772e-29 1.2671798e-29 9.1918682e-40
7.1574406e+09 3.9832363e+19 5.5435392e+09 27046696 21650959 1.2745436e-29 1.2633908e-29 9.1459585e-40
7.164626e+09 3.9872195e+19 5.5435392e+09 27019773 21629280 1.2707214e-29 1.2596131e-29 9.1002781e-40
7.1718185e+09 3.9912067e+19 5.5435391e+09 26992876 21607623 1.2669106e-29 1.2558467e-29 9.0548259e-40
7.1790183e+09 3.9951979e+19 5.5435391e+09 26966007 21585988 1.2631114e-29 1.2520916e-29 9.0096009e-40
7.1862252e+09 3.9991931e+19 5.5435391e+09 26939164 21564375 1.2593235e-29 1.2483476e-29 8.9646018e-40
7.1934394e+09 4.0031923e+19 5.543539e+09 26912347 21542783 1.2555469e-29 1.2446149e-29 8.9198275e-40
7.2006607e+09 4.0071955e+19 5.543539e+09 26885557 21521213 1.2517818e-29 1.2408933e-29 8.875277e-40
7.2078893e+09 4.0112027e+19 5.543539e+09 26858794 21499664 1.2480279e-29 1.2371829e-29 8.8309491e-40
7.2151251e+09 4.0152139e+19 5.5435389e+09 26832058 21478137 1.2442852e-29 1.2334835e-29 8.7868426e-40
7.2223682e+09 4.0192291e+19 5.5435389e+09 26805348 21456632 1.2405538e-29 1.2297952e-29 8.7429565e-40
7.2296185e+09 4.0232483e+19 5.5435389e+09 26778664 21435148 1.2368336e-29 1.2261179e-29 8.6992897e-40
7.236876e+09 4.0272716e+19 5.5435388e+09 26752007 21413686 1.2331246e-29 1.2224517e-29 8.6558411e-40
7.2441408e+09 4.0312989e+19 5.5435388e+09 26725376 21392246 1.2294267e-29 1.2187963e-29 8.6126095e-40
7.2514129e+09 4.0353302e+19 5.5435388e+09 26698772 21370827 1.2257398e-29 1.2151519e-29 8.569594e-40
7.2586922e+09 4.0393655e+19 5.5435387e+09 26672194 21349429 1.2220641e-29 1.2115184e-29 8.5267933e-40
7.2659788e+09 4.0434049e+19 5.5435387e+09 26645642 21328053 1.2183994e-29 1.2078958e-29 8.4842066e-40
7.2732727e+09 4.0474483e+19 5.5435387e+09 26619117 21306698 1.2147456e-29 1.2042839e-29 8.4418326e-40
7.2805739e+09 4.0514957e+19 5.5435386e+09 26592618 21285365 1.2111029e-29 1.2006829e-29 8.3996703e-40
7.2878824e+09 4.0555472e+19 5.5435386e+09 26566146 21264053 1.207471e-29 1.1970926e-29 8.3577186e-40
7.2951983e+09 4.0596028e+19 5.5435386e+09 26539699 21242763 1.2038501e-29 1.1935131e-29 8.3159766e-40
7.3025214e+09 4.0636624e+19 5.5435385e+09 26513279 21221494 1.20024e-29 1.1899443e-29 8.2744431e-40
7.3098518e+09 4.067726e+19 5.5435385e+09 26486885 21200246 1.1966407e-29 1.1863861e-29 8.2331172e-40
7.3171896e+09 4.0717937e+19 5.5435384e+09 26460517 21179020 1.1930523e-29 1.1828386e-29 8.1919977e-40
7.3245347e+09 4.0758655e+19 5.5435384e+09 26434176 21157815 1.1894746e-29 1.1793016e-29 8.1510836e-40
7.3318872e+09 4.0799414e+19 5.5435384e+09 26407860 21136631 1.1859077e-29 1.1757753e-29 8.110374e-40
7.339247e+09 4.0840213e+19 5.5435383e+09 26381571 21115469 1.1823514e-29 1.1722595e-29 8.0698678e-40
7.3466142e+09 4.0881054e+19 5.5435383e+09 26355308 21094327 1.1788058e-29 1.1687542e-29 8.0295639e-40
7.3539887e+09 4.0921935e+19 5.5435383e+09 26329071 21073207 1.1752709e-29 1.1652593e-29 7.9894615e-40
7.3613706e+09 4.0962857e+19 5.5435382e+09 26302859 21052108 1.1717466e-29 1.1617749e-29 7.9495593e-40
7.3687599e+09 4.100382e+19 5.5435382e+09 26276674 21031030 1.1682328e-29 1.158301e-29 7.9098566e-40
7.3761566e+09 4.1044823e+19 5.5435382e+09 26250515 21009974 1.1647296e-29 1.1548374e-29 7.8703522e-40
7.3835607e+09 4.1085868e+19 5.5435382e+09 26224382 20988938 1.1612369e-29 1.1513842e-29 7.8310451e-40
7.3909722e+09 4.1126954e+19 5.5435381e+09 26198275 20967924 1.1577547e-29 1.1479412e-29 7.7919345e-40
7.3983911e+09 4.1168081e+19 5.5435381e+09 26172193 20946931 1.1542829e-29 1.1445086e-29 7.7530192e-40
7.4058174e+09 4.1209249e+19 5.5435381e+09 26146138 20925959 1.1508215e-29 1.1410863e-29 7.7142984e-40
7.4132512e+09 4.1250458e+19 5.543538e+09 26120108 20905008 1.1473705e-29 1.1376741e-29 7.675771e-40
7.4206923e+09 4.1291709e+19 5.543538e+09 26094104 20884077 1.1439299e-29 1.1342722e-29 7.6374361e-40
7.428141e+09 4.1333e+19 5.543538e+09 26068126 20863168 1.1404996e-29 1.1308804e-29 7.5992928e-40
7.435597e+09 4.1374333e+19 5.5435379e+09 26042174 20842280 1.1370796e-29 1.1274988e-29 7.56134e-40
7.4430606e+09 4.1415708e+19 5.5435379e+09 26016247 20821413 1.1336699e-29 1.1241273e-29 7.5235768e-40
7.4505315e+09 4.1457124e+19 5.5435379e+09 25990346 20800567 1.1302703e-29 1.1207658e-29 7.4860023e-40
7.45801e+09 4.1498581e+19 5.5435378e+09 25964471 20779741 1.126881e-29 1.1174144e-29 7.4486155e-40
7.4654959e+09 4.1540079e+19 5.5435378e+09 25938622 20758937 1.1235019e-29 1.1140731e-29 7.4114155e-40
7.4729894e+09 4.1581619e+19 5.5435378e+09 25912798 20738153 1.1201329e-29 1.1107417e-29 7.3744014e-40
7.4804903e+09 4.1623201e+19 5.5435377e+09 25887000 20717391 1.116774e-29 1.1074202e-29 7.3375722e-40
7.4879987e+09 4.1664824e+19 5.5435377e+09 25861227 20696649 1.1134251e-29 1.1041087e-29 7.300927e-40
7.4955146e+09 4.1706489e+19 5.5435377e+09 25835480 20675928 1.1100864e-29 1.1008071e-29 7.2644648e-40
7.5030381e+09 4.1748195e+19 5.5435376e+09 25809759 20655228 1.1067576e-29 1.0975154e-29 7.2281849e-40
7.510569e+09 4.1789944e+19 5.5435376e+09 25784063 20634548 1.1034388e-29 1.0942335e-29 7.1920861e-40
7.5181075e+09 4.1831734e+19 5.5435376e+09 25758392 20613889 1.10013e-29 1.0909614e-29 7.1561678e-40
7.5256536e+09 4.1873565e+19 5.5435375e+09 25732747 20593251 1.0968311e-29 1.0876991e-29 7.1204288e-40
7.5332071e+09 4.1915439e+19 5.5435375e+09 25707128 20572634 1.0935421e-29 1.0844465e-29 7.0848685e-40
7.5407683e+09 4.1957354e+19 5.5435375e+09 25681534 20552037 1.090263e-29 1.0812037e-29 7.0494857e-40
7.548337e+09 4.1999312e+19 5.5435374e+09 25655965 20531461 1.0869937e-29 1.0779705e-29 7.0142798e-40
7.5559132e+09 4.2041311e+19 5.5435374e+09 25630421 20510906 1.0837342e-29 1.0747471e-29 6.9792497e-40
7.5634971e+09 4.2083352e+19 5.5435374e+09 25604903 20490371 1.0804845e-29 1.0715332e-29 6.9443947e-40
7.5710885e+09 4.2125436e+19 5.5435373e+09 25579411 20469857 1.0772446e-29 1.068329e-29 6.9097137e-40
7.5786875e+09 4.2167561e+19 5.5435373e+09 25553943 20449364 1.0740143e-29 1.0651343e-29 6.8752061e-40
7.5862941e+09 4.2209729e+19 5.5435373e+09 25528501 20428891 1.0707938e-29 1.0619492e-29 6.8408708e-40
7.5939084e+09 4.2251938e+19 5.5435373e+09 25503084 20408438 1.0675829e-29 1.0587736e-29 6.8067071e-40
7.6015302e+09 4.229419e+19 5.5435372e+09 25477693 20388007 1.0643817e-29 1.0556075e-29 6.772714e-40
7.6091597e+09 4.2336484e+19 5.5435372e+09 25452326 20367595 1.06119e-29 1.0524509e-29 6.7388908e-40
7.6167968e+09 4.2378821e+19 5.5435372e+09 25426985 20347204 1.058008e-29 1.0493037e-29 6.7052365e-40
7.6244415e+09 4.24212e+19 5.5435371e+09 25401669 20326834 1.0548354e-29 1.0461659e-29 6.6717504e-40
7.6320939e+09 4.2463621e+19 5.5435371e+09 25376378 20306484 1.0516724e-29 1.0430375e-29 6.6384316e-40
7.6397539e+09 4.2506085e+19 5.5435371e+09 25351112 20286154 1.0485189e-29 1.0399184e-29 6.6052792e-40
7.6474216e+09 4.2548591e+19 5.543537e+09 25325871 20265845 1.0453749e-29 1.0368087e-29 6.5722924e-40
7.6550969e+09 4.2591139e+19 5.543537e+09 25300655 20245556 1.0422403e-29 1.0337083e-29 6.5394705e-40
7.6627799e+09 4.263373e+19 5.543537e+09 25275464 20225288 1.039115e-29 1.0306171e-29 6.5068125e-40
7.6704706e+09 4.2676364e+19 5.5435369e+09 25250299 20205040 1.0359992e-29 1.0275352e-29 6.4743176e-40
7.678169e+09 4.2719041e+19 5.5435369e+09 25225158 20184812 1.0328927e-29 1.0244624e-29 6.4419851e-40
7.6858751e+09 4.276176e+19 5.5435369e+09 25200042 20164604 1.0297955e-29 1.0213989e-29 6.4098141e-40
7.6935889e+09 4.2804521e+19 5.5435369e+09 25174951 20144417 1.0267077e-29 1.0183445e-29 6.3778039e-40
7.7013105e+09 4.2847326e+19 5.5435368e+09 25149885 20124250 1.023629e-29 1.0152993e-29 6.3459535e-40
7.7090397e+09 4.2890173e+19 5.5435368e+09 25124844 20104103 1.0205597e-29 1.0122631e-29 6.3142623e-40
7.7167767e+09 4.2933063e+19 5.5435368e+09 25099827 20083977 1.0174995e-29 1.0092361e-29 6.2827294e-40
7.7245214e+09 4.2975996e+19 5.5435367e+09 25074836 20063870 1.0144485e-29 1.006218e-29 6.251354e-40
7.7322738e+09 4.3018972e+19 5.5435367e+09 25049869 20043784 1.0114067e-29 1.003209e-29 6.2201353e-40
7.740034e+09 4.3061991e+19 5.5435367e+09 25024927 20023718 1.0083739e-29 1.000209e-29 6.1890727e-40
7.747802e+09 4.3105053e+19 5.5435366e+09 25000010 20003672 1.0053503e-29 9.9721801e-30 6.1581651e-40
7.7555777e+09 4.3148158e+19 5.5435366e+09 24975118 19983646 1.0023358e-29 9.9423591e-30 6.127412e-40
7.7633612e+09 4.3191307e+19 5.5435366e+09 24950250 19963641 9.9933028e-30 9.9126273e-30 6.0968126e-40
7.7711525e+09 4.3234498e+19 5.5435366e+09 24925407 19943655 9.9633379e-30 9.8829843e-30 6.0663659e-40
7.7789516e+09 4.3277732e+19 5.5435365e+09 24900588 19923689 9.933463e-30 9.85343e-30 6.0360714e-40
7.7867585e+09 4.332101e+19 5.5435365e+09 24875795 19903744 9.9036776e-30 9.823964e-30 6.0059283e-40
7.7945732e+09 4.3364331e+19 5.5435365e+09 24851025 19883818 9.8739817e-30 9.7945861e-30 5.9759357e-40
7.8023957e+09 4.3407695e+19 5.5435364e+09 24826281 19863913 9.8443748e-30 9.765296e-30 5.9460929e-40
7.810226e+09 4.3451103e+19 5.5435364e+09 24801561 19844027 9.8148567e-30 9.7360934e-30 5.9163992e-40
7.8180642e+09 4.3494554e+19 5.5435364e+09 24776865 19824162 9.7854272e-30 9.7069782e-30 5.8868539e-40
7.8259102e+09 4.3538049e+19 5.5435363e+09 24752194 19804316 9.756086e-30 9.67795e-30 5.8574561e-40
7.833764e+09 4.3581587e+19 5.5435363e+09 24727548 19784490 9.7268328e-30 9.6490085e-30 5.8282052e-40
7.8416257e+09 4.3625168e+19 5.5435363e+09 24702926 19764684 9.6976673e-30 9.6201536e-30 5.7991005e-40
7.8494952e+09 4.3668794e+19 5.5435363e+09 24678328 19744898 9.6685893e-30 9.5913849e-30 5.7701411e-40
7.8573727e+09 4.3712462e+19 5.5435362e+09 24653755 19725132 9.6395986e-30 9.5627022e-30 5.7413264e-40
7.865258e+09 4.3756175e+19 5.5435362e+09 24629206 19705386 9.6106949e-30 9.5341053e-30 5.7126556e-40
7.8731512e+09 4.3799931e+19 5.5435362e+09 24604682 19685659 9.5818778e-30 9.5055939e-30 5.6841281e-40
7.8810522e+09 4.3843731e+19 5.5435361e+09 24580182 19665952 9.5531472e-30 9.4771676e-30 5.6557431e-40
7.8889612e+09 4.3887575e+19 5.5435361e+09 24555706 19646265 9.5245028e-30 9.4488264e-30 5.6274998e-40
7.8968781e+09 4.3931462e+19 5.5435361e+09 24531254 19626598 9.4959443e-30 9.4205699e-30 5.5993977e-40
7.9048029e+09 4.3975394e+19 5.5435361e+09 24506827 19606950 9.4674715e-30 9.3923978e-30 5.5714359e-40
7.9127357e+09 4.4019369e+19 5.543536e+09 24482424 19587323 9.4390841e-30 9.36431e-30 5.5436138e-40
7.9206763e+09 4.4063389e+19 5.543536e+09 24458045 19567714 9.4107819e-30 9.3363061e-30 5.5159307e-40
7.9286249e+09 4.4107452e+19 5.543536e+09 24433691 19548126 9.3825646e-30 9.3083859e-30 5.4883859e-40
7.9365815e+09 4.4151559e+19 5.5435359e+09 24409361 19528557 9.3544319e-30 9.2805492e-30 5.4609787e-40
7.944546e+09 4.4195711e+19 5.5435359e+09 24385054 19509008 9.3263836e-30 9.2527957e-30 5.4337084e-40
7.9525185e+09 4.4239907e+19 5.5435359e+09 24360772 19489478 9.2984195e-30 9.2251252e-30 5.4065743e-40
7.9604989e+09 4.4284147e+19 5.5435359e+09 24336514 19469968 9.2705392e-30 9.1975374e-30 5.3795758e-40
7.9684874e+09 4.4328431e+19 5.5435358e+09 24312280 19450478 9.2427426e-30 9.170032e-30 5.3527121e-40
7.9764838e+09 4.4372759e+19 5.5435358e+09 24288070 19431007 9.2150293e-30 9.1426089e-30 5.3259826e-40
7.9844882e+09 4.4417132e+19 5.5435358e+09 24263884 19411556 9.1873992e-30 9.1152677e-30 5.2993867e-40
7.9925006e+09 4.4461549e+19 5.5435357e+09 24239723 19392124 9.159852e-30 9.0880083e-30 5.2729236e-40
8.000521e+09 4.4506011e+19 5.5435357e+09 24215585 19372712 9.1323874e-30 9.0608304e-30 5.2465927e-40
8.0085495e+09 4.4550517e+19 5.5435357e+09 24191471 19353319 9.1050053e-30 9.0337337e-30 5.2203933e-40
8.016586e+09 4.4595067e+19 5.5435357e+09 24167381 19333946 9.0777052e-30 9.0067181e-30 5.1943248e-40
8.0246305e+09 4.4639662e+19 5.5435356e+09 24143315 19314592 9.050487e-30 8.9797831e-30 5.1683865e-40
8.0326831e+09 4.4684302e+19 5.5435356e+09 24119273 19295257 9.0233505e-30 8.9529287e-30 5.1425778e-40
8.0407437e+09 4.4728986e+19 5.5435356e+09 24095254 19275942 8.9962954e-30 8.9261546e-30 5.116898e-40
8.0488123e+09 4.4773715e+19 5.5435355e+09 24071260 19256646 8.9693215e-30 8.8994605e-30 5.0913465e-40
8.0568891e+09 4.4818489e+19 5.5435355e+09 24047289 19237370 8.9424285e-30 8.8728463e-30 5.0659226e-40
8.0649739e+09 4.4863307e+19 5.5435355e+09 24023342 19218113 8.9156161e-30 8.8463115e-30 5.0406257e-40
8.0730668e+09 4.4908171e+19 5.5435355e+09 23999419 19198875 8.8888842e-30 8.8198561e-30 5.0154552e-40
8.0811678e+09 4.4953079e+19 5.5435354e+09 23975520 19179656 8.8622324e-30 8.7934798e-30 4.9904105e-40
8.0892769e+09 4.4998032e+19 5.5435354e+09 23951644 19160457 8.8356606e-30 8.7671824e-30 4.9654908e-40
8.0973941e+09 4.504303e+19 5.5435354e+09 23927793 19141277 8.8091686e-30 8.7409635e-30 4.9406956e-40
8.1055194e+09 4.5088073e+19 5.5435354e+09 23903964 19122116 8.782756e-30 8.714823e-30 4.9160242e-40
8.1136529e+09 4.5133161e+19 5.5435353e+09 23880160 19102975 8.7564226e-30 8.6887607e-30 4.8914761e-40
8.1217945e+09 4.5178294e+19 5.5435353e+09 23856379 19083853 8.7301682e-30 8.6627763e-30 4.8670506e-40
8.1299442e+09 4.5223472e+19 5.5435353e+09 23832622 19064750 8.7039926e-30 8.6368696e-30 4.8427472e-40
8.1381021e+09 4.5268696e+19 5.5435352e+09 23808888 19045666 8.6778954e-30 8.6110403e-30 4.8185651e-40
8.1462681e+09 4.5313965e+19 5.5435352e+09 23785178 19026601 8.6518766e-30 8.5852882e-30 4.7945038e-40
8.1544423e+09 4.5359279e+19 5.5435352e+09 23761491 19007555 8.6259358e-30 8.5596131e-30 4.7705627e-40
8.1626247e+09 4.5404638e+19 5.5435352e+09 23737828 18988529 8.6000729e-30 8.5340148e-30 4.7467412e-40
8.1708152e+09 4.5450042e+19 5.5435351e+09 23714188 18969521 8.5742875e-30 8.508493e-30 4.7230387e-40
8.179014e+09 4.5495493e+19 5.5435351e+09 23690572 18950533 8.5485795e-30 8.4830474e-30 4.6994546e-40
8.1872209e+09 4.5540988e+19 5.5435351e+09 23666979 18931563 8.5229485e-30 8.457678e-30 4.6759883e-40
8.1954361e+09 4.5586529e+19 5.5435351e+09 23643410 18912613 8.4973945e-30 8.4323844e-30 4.6526392e-40
8.2036595e+09 4.5632116e+19 5.543535e+09 23619864 18893682 8.4719171e-30 8.4071664e-30 4.6294067e-40
8.211891e+09 4.5677748e+19 5.543535e+09 23596341 18874769 8.4465162e-30 8.3820238e-30 4.6062903e-40
8.2201309e+09 4.5723425e+19 5.543535e+09 23572842 18855876 8.4211914e-30 8.3569564e-30 4.5832893e-40
8.2283789e+09 4.5769149e+19 5.543535e+09 23549366 18837001 8.3959426e-30 8.3319639e-30 4.5604032e-40
8.2366352e+09 4.5814918e+19 5.5435349e+09 23525914 18818146 8.3707695e-30 8.3070461e-30 4.5376315e-40
8.2448998e+09 4.5860733e+19 5.5435349e+09 23502485 18799309 8.345672e-30 8.2822028e-30 4.5149735e-40
8.2531726e+09 4.5906594e+19 5.5435349e+09 23479079 18780491 8.3206497e-30 8.2574338e-30 4.4924287e-40
8.2614538e+09 4.59525e+19 5.5435348e+09 23455696 18761693 8.2957025e-30 8.2327388e-30 4.4699965e-40
8.2697431e+09 4.5998453e+19 5.5435348e+09 23432336 18742913 8.2708301e-30 8.2081176e-30 4.4476763e-40
8.2780408e+09 4.6044451e+19 5.5435348e+09 23409000 18724151 8.2460324e-30 8.1835701e-30 4.4254676e-40
8.2863468e+09 4.6090496e+19 5.5435348e+09 23385687 18705409 8.221309e-30 8.1590959e-30 4.4033699e-40
8.2946611e+09 4.6136586e+19 5.5435347e+09 23362397 18686686 8.1966598e-30 8.1346949e-30 4.3813825e-40
8.3029837e+09 4.6182723e+19 5.5435347e+09 23339130 18667981 8.1720845e-30 8.1103669e-30 4.359505e-40
8.3113146e+09 4.6228905e+19 5.5435347e+09 23315886 18649295 8.1475829e-30 8.0861116e-30 4.3377367e-40
8.3196538e+09 4.6275134e+19 5.5435347e+09 23292665 18630628 8.1231548e-30 8.0619288e-30 4.3160772e-40
8.3280014e+09 4.6321409e+19 5.5435346e+09 23269468 18611979 8.0988e-30 8.0378183e-30 4.2945258e-40
8.3363573e+09 4.6367731e+19 5.5435346e+09 23246293 18593349 8.0745183e-30 8.0137798e-30 4.2730821e-40
8.3447216e+09 4.6414099e+19 5.5435346e+09 23223141 18574738 8.0503094e-30 7.9898133e-30 4.2517455e-40
8.3530943e+09 4.6460513e+19 5.5435346e+09 23200013 18556146 8.0261731e-30 7.9659184e-30 4.2305155e-40
8.3614753e+09 4.6506973e+19 5.5435345e+09 23176907 18537572 8.0021092e-30 7.9420949e-30 4.2093916e-40
8.3698647e+09 4.655348e+19 5.5435345e+09 23153824 18519017 7.9781175e-30 7.9183426e-30 4.1883731e-40
8.3782625e+09 4.6600034e+19 5.5435345e+09 23130764 18500480 7.9541977e-30 7.8946614e-30 4.1674596e-40
8.3866687e+09 4.6646634e+19 5.5435345e+09 23107727 18481962 7.9303497e-30 7.8710509e-30 4.1466506e-40
8.3950833e+09 4.669328e+19 5.5435344e+09 23084713 18463463 7.9065732e-30 7.8475111e-30 4.1259455e-40
8.4035063e+09 4.6739974e+19 5.5435344e+09 23061722 18444982 7.8828681e-30 7.8240416e-30 4.1053438e-40
8.4119378e+09 4.6786714e+19 5.5435344e+09 23038754 18426519 7.859234e-30 7.8006422e-30 4.0848451e-40
8.4203776e+09 4.68335e+19 5.5435344e+09 23015808 18408075 7.8356709e-30 7.7773129e-30 4.0644487e-40
8.428826e+09 4.6880334e+19 5.5435343e+09 22992885 18389650 7.8121784e-30 7.7540532e-30 4.0441542e-40
8.4372827e+09 4.6927214e+19 5.5435343e+09 22969985 18371243 7.7887564e-30 7.7308631e-30 4.0239611e-40
8.4457479e+09 4.6974141e+19 5.5435343e+09 22947108 18352855 7.7654046e-30 7.7077424e-30 4.0038688e-40
8.4542216e+09 4.7021116e+19 5.5435343e+09 22924253 18334485 7.7421229e-30 7.6846907e-30 3.9838769e-40
8.4627038e+09 4.7068137e+19 5.5435342e+09 22901421 18316133 7.718911e-30 7.661708e-30 3.9639848e-40
8.4711944e+09 4.7115205e+19 5.5435342e+09 22878612 18297800 7.6957688e-30 7.638794e-30 3.9441921e-40
8.4796935e+09 4.716232e+19 5.5435342e+09 22855826 18279486 7.6726959e-30 7.6159485e-30 3.9244983e-40
8.4882012e+09 4.7209482e+19 5.5435342e+09 22833062 18261189 7.6496923e-30 7.5931713e-30 3.9049028e-40
8.4967173e+09 4.7256692e+19 5.5435341e+09 22810320 18242911 7.6267576e-30 7.5704621e-30 3.8854052e-40
8.5052419e+09 4.7303948e+19 5.5435341e+09 22787602 18224651 7.6038918e-30 7.5478209e-30 3.866005e-40
8.5137751e+09 4.7351252e+19 5.5435341e+09 22764905 18206410 7.5810945e-30 7.5252474e-30 3.8467017e-40
8.5223168e+09 4.7398604e+19 5.5435341e+09 22742232 18188187 7.5583657e-30 7.5027413e-30 3.8274947e-40
8.5308671e+09 4.7446002e+19 5.543534e+09 22719581 18169982 7.535705e-30 7.4803026e-30 3.8083838e-40
8.5394259e+09 4.7493448e+19 5.543534e+09 22696952 18151796 7.5131122e-30 7.4579309e-30 3.7893682e-40
8.5479932e+09 4.7540942e+19 5.543534e+09 22674346 18133627 7.4905872e-30 7.4356261e-30 3.7704477e-40
8.5565692e+09 4.7588483e+19 5.543534e+09 22651762 18115477 7.4681298e-30 7.413388e-30 3.7516217e-40
8.5651537e+09 4.7636071e+19 5.5435339e+09 22629201 18097345 7.4457398e-30 7.3912163e-30 3.7328896e-40
8.5737468e+09 4.7683707e+19 5.5435339e+09 22606662 18079232 7.4234169e-30 7.369111e-30 3.7142512e-40
8.5823484e+09 4.7731391e+19 5.5435339e+09 22584145 18061136 7.401161e-30 7.3470717e-30 3.6957058e-40
8.5909587e+09 4.7779122e+19 5.5435339e+09 22561651 18043059 7.3789718e-30 7.3250984e-30 3.6772531e-40
8.5995776e+09 4.7826901e+19 5.5435338e+09 22539179 18024999 7.3568491e-30 7.3031907e-30 3.6588925e-40
8.6082051e+09 4.7874728e+19 5.5435338e+09 22516730 18006958 7.3347929e-30 7.2813485e-30 3.6406236e-40
8.6168413e+09 4.7922603e+19 5.5435338e+09 22494302 17988935 7.3128028e-30 7.2595717e-30 3.622446e-40
8.625486e+09 4.7970526e+19 5.5435338e+09 22471898 17970930 7.2908786e-30 7.2378599e-30 3.6043592e-40
8.6341395e+09 4.8018496e+19 5.5435337e+09 22449515 17952943 7.2690202e-30 7.216213e-30 3.5863627e-40
8.6428015e+09 4.8066515e+19 5.5435337e+09 22427154 17934974 7.2472274e-30 7.1946309e-30 3.5684561e-40
8.6514723e+09 4.8114581e+19 5.5435337e+09 22404816 17917023 7.2254999e-30 7.1731133e-30 3.5506389e-40
8.6601517e+09 4.8162696e+19 5.5435337e+09 22382500 17899090 7.2038376e-30 7.15166e-30 3.5329107e-40
8.6688398e+09 4.8210858e+19 5.5435336e+09 22360206 17881175 7.1822402e-30 7.1302709e-30 3.515271e-40
8.6775365e+09 4.8259069e+19 5.5435336e+09 22337934 17863279 7.1607077e-30 7.1089457e-30 3.4977195e-40
8.686242e+09 4.8307328e+19 5.5435336e+09 22315685 17845400 7.1392397e-30 7.0876842e-30 3.4802556e-40
8.6949562e+09 4.8355636e+19 5.5435336e+09 22293457 17827538 7.1178361e-30 7.0664864e-30 3.462879e-40
8.7036791e+09 4.8403991e+19 5.5435335e+09 22271252 17809695 7.0964968e-30 7.0453519e-30 3.4455891e-40
8.7124107e+09 4.8452395e+19 5.5435335e+09 22249068 17791870 7.0752214e-30 7.0242806e-30 3.4283856e-40
8.721151e+09 4.8500848e+19 5.5435335e+09 22226907 17774063 7.0540098e-30 7.0032722e-30 3.411268e-40
8.7299001e+09 4.8549349e+19 5.5435335e+09 22204767 17756273 7.0328619e-30 6.9823267e-30 3.3942359e-40
8.7386579e+09 4.8597898e+19 5.5435334e+09 22182650 17738501 7.0117774e-30 6.9614439e-30 3.3772888e-40
8.7474245e+09 4.8646496e+19 5.5435334e+09 22160554 17720747 6.9907561e-30 6.9406234e-30 3.3604264e-40
8.7561999e+09 4.8695142e+19 5.5435334e+09 22138481 17703011 6.9697978e-30 6.9198652e-30 3.3436483e-40
8.764984e+09 4.8743837e+19 5.5435334e+09 22116429 17685293 6.9489025e-30 6.8991691e-30 3.3269539e-40
8.7737769e+09 4.8792581e+19 5.5435334e+09 22094400 17667593 6.9280698e-30 6.8785348e-30 3.3103429e-40
8.7825787e+09 4.8841374e+19 5.5435333e+09 22072392 17649910 6.9072996e-30 6.8579623e-30 3.2938148e-40
8.7913892e+09 4.8890215e+19 5.5435333e+09 22050406 17632245 6.8865917e-30 6.8374512e-30 3.2773694e-40
8.8002085e+09 4.8939105e+19 5.5435333e+09 22028442 17614597 6.8659458e-30 6.8170015e-30 3.261006e-40
8.8090366e+09 4.8988045e+19 5.5435333e+09 22006499 17596968 6.845362e-30 6.7966129e-30 3.2447244e-40
8.8178736e+09 4.9037033e+19 5.5435332e+09 21984579 17579356 6.8248398e-30 6.7762852e-30 3.2285241e-40
8.8267194e+09 4.908607e+19 5.5435332e+09 21962680 17561762 6.8043792e-30 6.7560184e-30 3.2124046e-40
8.8355741e+09 4.9135156e+19 5.5435332e+09 21940803 17544185 6.78398e-30 6.7358121e-30 3.1963657e-40
8.8444376e+09 4.9184291e+19 5.5435332e+09 21918948 17526626 6.7636419e-30 6.7156662e-30 3.180407e-40
8.85331e+09 4.9233475e+19 5.5435331e+09 21897114 17509084 6.7433649e-30 6.6955806e-30 3.1645279e-40
8.8621912e+09 4.9282709e+19 5.5435331e+09 21875303 17491561 6.7231487e-30 6.675555e-30 3.1487281e-40
8.8710813e+09 4.9331991e+19 5.5435331e+09 21853512 17474054 6.7029931e-30 6.6555893e-30 3.1330072e-40
8.8799803e+09 4.9381323e+19 5.5435331e+09 21831744 17456566 6.6828979e-30 6.6356833e-30 3.1173648e-40
8.8888883e+09 4.9430705e+19 5.5435331e+09 21809997 17439094 6.662863e-30 6.6158369e-30 3.1018006e-40
8.8978051e+09 4.9480135e+19 5.543533e+09 21788272 17421641 6.6428883e-30 6.5960497e-30 3.0863141e-40
8.9067308e+09 4.9529616e+19 5.543533e+09 21766568 17404205 6.6229734e-30 6.5763217e-30 3.0709049e-40
8.9156655e+09 4.9579145e+19 5.543533e+09 21744886 17386786 6.6031182e-30 6.5566527e-30 3.0555727e-40
8.9246091e+09 4.9628724e+19 5.543533e+09 21723225 17369385 6.5833226e-30 6.5370425e-30 3.0403171e-40
8.9335616e+09 4.9678353e+19 5.5435329e+09 21701586 17352001 6.5635864e-30 6.5174909e-30 3.0251376e-40
8.9425231e+09 4.9728031e+19 5.5435329e+09 21679968 17334635 6.5439094e-30 6.4979978e-30 3.010034e-40
8.9514936e+09 4.9777759e+19 5.5435329e+09 21658372 17317286 6.5242913e-30 6.478563e-30 2.9950058e-40
8.960473e+09 4.9827537e+19 5.5435329e+09 21636797 17299954 6.5047322e-30 6.4591863e-30 2.9800527e-40
8.9694614e+09 4.9877365e+19 5.5435329e+09 21615244 17282640 6.4852316e-30 6.4398675e-30 2.9651742e-40
8.9784588e+09 4.9927242e+19 5.5435328e+09 21593712 17265343 6.4657896e-30 6.4206064e-30 2.95037e-40
8.9874652e+09 4.9977169e+19 5.5435328e+09 21572202 17248064 6.4464059e-30 6.401403e-30 2.9356398e-40
8.9964806e+09 5.0027146e+19 5.5435328e+09 21550712 17230802 6.4270803e-30 6.382257e-30 2.9209831e-40
9.005505e+09 5.0077174e+19 5.5435328e+09 21529245 17213557 6.4078127e-30 6.3631682e-30 2.9063997e-40
9.0145385e+09 5.0127251e+19 5.5435327e+09 21507798 17196329 6.3886028e-30 6.3441365e-30 2.891889e-40
9.0235809e+09 5.0177378e+19 5.5435327e+09 21486373 17179119 6.3694506e-30 6.3251617e-30 2.8774509e-40
9.0326325e+09 5.0227555e+19 5.5435327e+09 21464969 17161926 6.3503558e-30 6.3062436e-30 2.8630848e-40
9.041693e+09 5.0277783e+19 5.5435327e+09 21443586 17144750 6.3313183e-30 6.2873821e-30 2.8487905e-40
9.0507627e+09 5.0328061e+19 5.5435327e+09 21422225 17127592 6.3123379e-30 6.268577e-30 2.8345676e-40
9.0598414e+09 5.0378389e+19 5.5435326e+09 21400885 17110450 6.2934144e-30 6.2498281e-30 2.8204157e-40
9.0689291e+09 5.0428767e+19 5.5435326e+09 21379566 17093326 6.2745476e-30 6.2311352e-30 2.8063345e-40
9.078026e+09 5.0479196e+19 5.5435326e+09 21358268 17076219 6.2557375e-30 6.2124983e-30 2.7923236e-40
9.087132e+09 5.0529675e+19 5.5435326e+09 21336992 17059129 6.2369837e-30 6.1939171e-30 2.7783827e-40
9.096247e+09 5.0580205e+19 5.5435325e+09 21315736 17042057 6.2182862e-30 6.1753914e-30 2.7645114e-40
9.1053712e+09 5.0630785e+19 5.5435325e+09 21294502 17025001 6.1996448e-30 6.1569211e-30 2.7507094e-40
9.1145045e+09 5.0681416e+19 5.5435325e+09 21273288 17007963 6.1810593e-30 6.1385061e-30 2.7369763e-40
9.123647e+09 5.0732097e+19 5.5435325e+09 21252096 16990941 6.1625295e-30 6.1201461e-30 2.7233117e-40
9.1327985e+09 5.0782829e+19 5.5435325e+09 21230925 16973937 6.1440553e-30 6.101841e-30 2.7097155e-40
9.1419593e+09 5.0833612e+19 5.5435324e+09 21209775 16956950 6.1256365e-30 6.0835906e-30 2.6961871e-40
9.1511292e+09 5.0884446e+19 5.5435324e+09 21188646 16939979 6.1072729e-30 6.0653948e-30 2.6827263e-40
9.1603082e+09 5.093533e+19 5.5435324e+09 21167538 16923026 6.0889644e-30 6.0472534e-30 2.6693327e-40
9.1694965e+09 5.0986266e+19 5.5435324e+09 21146450 16906090 6.0707109e-30 6.0291663e-30 2.656006e-40
9.1786939e+09 5.1037252e+19 5.5435324e+09 21125384 16889171 6.052512e-30 6.0111332e-30 2.6427459e-40
9.1879005e+09 5.1088289e+19 5.5435323e+09 21104339 16872268 6.0343678e-30 5.9931541e-30 2.6295519e-40
9.1971164e+09 5.1139377e+19 5.5435323e+09 21083315 16855383 6.0162779e-30 5.9752287e-30 2.6164239e-40
9.2063414e+09 5.1190517e+19 5.5435323e+09 21062311 16838515 5.9982423e-30 5.9573569e-30 2.6033614e-40
9.2155757e+09 5.1241707e+19 5.5435323e+09 21041328 16821663 5.9802608e-30 5.9395385e-30 2.5903642e-40
9.2248192e+09 5.1292949e+19 5.5435322e+09 21020367 16804828 5.9623333e-30 5.9217734e-30 2.5774319e-40
9.234072e+09 5.1344242e+19 5.5435322e+09 20999426 16788011 5.9444595e-30 5.9040615e-30 2.5645641e-40
9.243334e+09 5.1395586e+19 5.5435322e+09 20978506 16771210 5.9266393e-30 5.8864025e-30 2.5517606e-40
9.2526053e+09 5.1446982e+19 5.5435322e+09 20957606 16754426 5.9088725e-30 5.8687962e-30 2.5390211e-40
9.2618858e+09 5.1498429e+19 5.5435322e+09 20936728 16737659 5.891159e-30 5.8512427e-30 2.5263452e-40
9.2711756e+09 5.1549927e+19 5.5435321e+09 20915870 16720908 5.8734987e-30 5.8337416e-30 2.5137325e-40
9.2804747e+09 5.1601477e+19 5.5435321e+09 20895033 16704175 5.8558913e-30 5.8162928e-30 2.5011829e-40
9.2897831e+09 5.1653079e+19 5.5435321e+09 20874216 16687458 5.8383367e-30 5.7988963e-30 2.4886959e-40
9.2991009e+09 5.1704732e+19 5.5435321e+09 20853420 16670758 5.8208348e-30 5.7815517e-30 2.4762713e-40
9.3084279e+09 5.1756436e+19 5.5435321e+09 20832645 16654074 5.8033853e-30 5.764259e-30 2.4639088e-40
9.3177643e+09 5.1808193e+19 5.543532e+09 20811891 16637408 5.7859882e-30 5.747018e-30 2.4516079e-40
9.32711e+09 5.1860001e+19 5.543532e+09 20791157 16620758 5.7686433e-30 5.7298285e-30 2.4393686e-40
9.336465e+09 5.1911861e+19 5.543532e+09 20770444 16604125 5.7513504e-30 5.7126905e-30 2.4271903e-40
9.3458294e+09 5.1963773e+19 5.543532e+09 20749751 16587508 5.7341093e-30 5.6956037e-30 2.4150728e-40
9.3552032e+09 5.2015737e+19 5.543532e+09 20729079 16570908 5.7169199e-30 5.6785679e-30 2.4030159e-40
9.3645863e+09 5.2067752e+19 5.5435319e+09 20708427 16554325 5.6997821e-30 5.6615832e-30 2.3910191e-40
9.3739788e+09 5.211982e+19 5.5435319e+09 20687796 16537758 5.6826957e-30 5.6446492e-30 2.3790823e-40
9.3833808e+09 5.217194e+19 5.5435319e+09 20667186 16521208 5.6656606e-30 5.6277658e-30 2.3672051e-40
9.3927921e+09 5.2224112e+19 5.5435319e+09 20646596 16504675 5.6486765e-30 5.6109329e-30 2.3553872e-40
9.4022128e+09 5.2276336e+19 5.5435318e+09 20626026 16488158 5.6317433e-30 5.5941504e-30 2.3436283e-40
9.411643e+09 5.2328612e+19 5.5435318e+09 20605477 16471658 5.614861e-30 5.577418e-30 2.3319282e-40
9.4210825e+09 5.2380941e+19 5.5435318e+09 20584948 16455174 5.5980292e-30 5.5607357e-30 2.3202864e-40
9.4305316e+09 5.2433322e+19 5.5435318e+09 20564440 16438707 5.581248e-30 5.5441032e-30 2.3087028e-40
9.43999e+09 5.2485755e+19 5.5435318e+09 20543952 16422256 5.564517e-30 5.5275205e-30 2.2971771e-40
9.449458e+09 5.2538241e+19 5.5435317e+09 20523484 16405822 5.5478363e-30 5.5109873e-30 2.2857089e-40
9.4589353e+09 5.2590779e+19 5.5435317e+09 20503037 16389404 5.5312055e-30 5.4945036e-30 2.2742979e-40
9.4684222e+09 5.264337e+19 5.5435317e+09 20482610 16373003 5.5146247e-30 5.4780692e-30 2.262944e-40
9.4779186e+09 5.2696013e+19 5.5435317e+09 20462203 16356618 5.4980935e-30 5.4616839e-30 2.2516468e-40
9.4874244e+09 5.2748709e+19 5.5435317e+09 20441817 16340250 5.481612e-30 5.4453476e-30 2.2404059e-40
9.4969398e+09 5.2801458e+19 5.5435316e+09 20421451 16323898 5.4651798e-30 5.4290602e-30 2.2292212e-40
9.5064647e+09 5.285426e+19 5.5435316e+09 20401105 16307562 5.448797e-30 5.4128215e-30 2.2180924e-40
9.5159991e+09 5.2907114e+19 5.5435316e+09 20380779 16291243 5.4324633e-30 5.3966313e-30 2.2070191e-40
9.525543e+09 5.2960021e+19 5.5435316e+09 20360473 16274940 5.4161785e-30 5.3804895e-30 2.1960011e-40
9.5350965e+09 5.3012981e+19 5.5435316e+09 20340188 16258653 5.3999426e-30 5.364396e-30 2.1850382e-40
9.5446595e+09 5.3065994e+19 5.5435315e+09 20319923 16242383 5.3837554e-30 5.3483506e-30 2.17413e-40
9.5542321e+09 5.311906e+19 5.5435315e+09 20299678 16226129 5.3676167e-30 5.3323532e-30 2.1632762e-40
9.5638143e+09 5.3172179e+19 5.5435315e+09 20279453 16209892 5.3515264e-30 5.3164036e-30 2.1524767e-40
9.573406e+09 5.3225351e+19 5.5435315e+09 20259248 16193670 5.3354844e-30 5.3005018e-30 2.1417311e-40
9.5830074e+09 5.3278576e+19 5.5435315e+09 20239063 16177465 5.3194905e-30 5.2846474e-30 2.1310391e-40
9.5926183e+09 5.3331855e+19 5.5435315e+09 20218899 16161277 5.3035446e-30 5.2688405e-30 2.1204006e-40
9.6022389e+09 5.3385187e+19 5.5435314e+09 20198754 16145104 5.2876464e-30 5.2530808e-30 2.1098152e-40
9.6118691e+09 5.3438572e+19 5.5435314e+09 20178629 16128948 5.271796e-30 5.2373683e-30 2.0992826e-40
9.6215089e+09 5.3492011e+19 5.5435314e+09 20158525 16112807 5.255993e-30 5.2217027e-30 2.0888026e-40
9.6311583e+09 5.3545503e+19 5.5435314e+09 20138440 16096683 5.2402375e-30 5.206084e-30 2.078375e-40
9.6408174e+09 5.3599048e+19 5.5435314e+09 20118375 16080575 5.2245292e-30 5.190512e-30 2.0679994e-40
9.6504862e+09 5.3652647e+19 5.5435313e+09 20098331 16064484 5.2088681e-30 5.1749866e-30 2.0576756e-40
9.6601646e+09 5.37063e+19 5.5435313e+09 20078306 16048408 5.1932538e-30 5.1595075e-30 2.0474034e-40
9.6698527e+09 5.3760006e+19 5.5435313e+09 20058301 16032349 5.1776865e-30 5.1440748e-30 2.0371825e-40
9.6795505e+09 5.3813766e+19 5.5435313e+09 20038316 16016305 5.1621657e-30 5.1286882e-30 2.0270126e-40
9.689258e+09 5.386758e+19 5.5435313e+09 20018351 16000278 5.1466916e-30 5.1133476e-30 2.0168935e-40
9.6989752e+09 5.3921448e+19 5.5435312e+09 19998405 15984267 5.1312638e-30 5.0980529e-30 2.006825e-40
9.7087021e+09 5.3975369e+19 5.5435312e+09 19978480 15968272 5.1158823e-30 5.0828039e-30 1.9968067e-40
9.7184387e+09 5.4029344e+19 5.5435312e+09 19958574 15952293 5.100547e-30 5.0676006e-30 1.9868384e-40
9.7281851e+09 5.4083374e+19 5.5435312e+09 19938688 15936329 5.0852576e-30 5.0524426e-30 1.9769199e-40
9.7379412e+09 5.4137457e+19 5.5435312e+09 19918822 15920382 5.0700141e-30 5.03733e-30 1.967051e-40
9.7477071e+09 5.4191595e+19 5.5435311e+09 19898975 15904451 5.0548162e-30 5.0222626e-30 1.9572313e-40
9.7574828e+09 5.4245786e+19 5.5435311e+09 19879148 15888536 5.039664e-30 5.0072403e-30 1.9474607e-40
9.7672682e+09 5.4300032e+19 5.5435311e+09 19859341 15872637 5.0245572e-30 4.9922628e-30 1.9377388e-40
9.7770634e+09 5.4354332e+19 5.5435311e+09 19839554 15856754 5.0094957e-30 4.9773302e-30 1.9280655e-40
9.7868684e+09 5.4408686e+19 5.5435311e+09 19819786 15840886 4.9944794e-30 4.9624422e-30 1.9184405e-40
9.7966832e+09 5.4463095e+19 5.543531e+09 19800038 15825035 4.9795081e-30 4.9475987e-30 1.9088636e-40
9.8065078e+09 5.4517558e+19 5.543531e+09 19780310 15809199 4.9645816e-30 4.9327996e-30 1.8993345e-40
9.8163423e+09 5.4572076e+19 5.543531e+09 19760601 15793380 4.9497e-30 4.9180448e-30 1.8898529e-40
9.8261865e+09 5.4626648e+19 5.543531e+09 19740912 15777576 4.934863e-30 4.9033341e-30 1.8804187e-40
9.8360407e+09 5.4681274e+19 5.543531e+09 19721242 15761788 4.9200704e-30 4.8886673e-30 1.8710317e-40
9.8459046e+09 5.4735956e+19 5.543531e+09 19701592 15746016 4.9053223e-30 4.8740445e-30 1.8616915e-40
9.8557785e+09 5.4790692e+19 5.5435309e+09 19681961 15730259 4.8906183e-30 4.8594653e-30 1.8523979e-40
9.8656622e+09 5.4845482e+19 5.5435309e+09 19662350 15714519 4.8759585e-30 4.8449298e-30 1.8431507e-40
9.8755558e+09 5.4900328e+19 5.5435309e+09 19642759 15698794 4.8613426e-30 4.8304377e-30 1.8339497e-40
9.8854593e+09 5.4955228e+19 5.5435309e+09 19623187 15683085 4.8467705e-30 4.8159889e-30 1.8247947e-40
9.8953727e+09 5.5010183e+19 5.5435309e+09 19603634 15667392 4.8322421e-30 4.8015834e-30 1.8156854e-40
9.905296e+09 5.5065193e+19 5.5435308e+09 19584101 15651714 4.8177573e-30 4.7872209e-30 1.8066215e-40
9.9152292e+09 5.5120259e+19 5.5435308e+09 19564587 15636052 4.803316e-30 4.7729014e-30 1.7976029e-40
9.9251724e+09 5.5175379e+19 5.5435308e+09 19545092 15620406 4.7889179e-30 4.7586247e-30 1.7886294e-40
9.9351255e+09 5.5230554e+19 5.5435308e+09 19525617 15604776 4.774563e-30 4.7443907e-30 1.7797006e-40
9.9450886e+09 5.5285785e+19 5.5435308e+09 19506162 15589161 4.7602512e-30 4.7301992e-30 1.7708165e-40
9.9550616e+09 5.5341071e+19 5.5435308e+09 19486725 15573562 4.7459823e-30 4.7160502e-30 1.7619767e-40
9.9650446e+09 5.5396412e+19 5.5435307e+09 19467308 15557978 4.7317561e-30 4.7019435e-30 1.753181e-40
9.9750376e+09 5.5451808e+19 5.5435307e+09 19447910 15542410 4.7175726e-30 4.687879e-30 1.7444293e-40
9.9850406e+09 5.550726e+19 5.5435307e+09 19428532 15526858 4.7034317e-30 4.6738565e-30 1.7357213e-40
9.9950536e+09 5.5562767e+19 5.5435307e+09 19409173 15511321 4.6893332e-30 4.659876e-30 1.7270567e-40
1.0005077e+10 5.561833e+19 5.5435307e+09 19389833 15495800 4.6752769e-30 4.6459372e-30 1.7184354e-40
1.001511e+10 5.5673948e+19 5.5435306e+09 19370512 15480295 4.6612628e-30 4.6320402e-30 1.7098572e-40
1.0025153e+10 5.5729622e+19 5.5435306e+09 19351210 15464805 4.6472907e-30 4.6181847e-30 1.7013218e-40
1.0035206e+10 5.5785352e+19 5.5435306e+09 19331928 15449330 4.6333605e-30 4.6043706e-30 1.692829e-40
1.0045269e+10 5.5841137e+19 5.5435306e+09 19312665 15433871 4.6194721e-30 4.5905979e-30 1.6843786e-40
1.0055342e+10 5.5896978e+19 5.5435306e+09 19293421 15418428 4.6056253e-30 4.5768663e-30 1.6759704e-40
1.0065425e+10 5.5952875e+19 5.5435306e+09 19274196 15403000 4.5918201e-30 4.5631758e-30 1.6676042e-40
1.0075519e+10 5.6008828e+19 5.5435305e+09 19254990 15387587 4.5780562e-30 4.5495262e-30 1.6592797e-40
1.0085622e+10 5.6064837e+19 5.5435305e+09 19235803 15372190 4.5643336e-30 4.5359175e-30 1.6509969e-40
1.0095736e+10 5.6120902e+19 5.5435305e+09 19216636 15356808 4.5506522e-30 4.5223494e-30 1.6427554e-40
1.0105859e+10 5.6177023e+19 5.5435305e+09 19197487 15341442 4.5370118e-30 4.508822e-30 1.634555e-40
1.0115993e+10 5.62332e+19 5.5435305e+09 19178357 15326091 4.5234123e-30 4.4953349e-30 1.6263956e-40
1.0126137e+10 5.6289433e+19 5.5435304e+09 19159247 15310756 4.5098535e-30 4.4818882e-30 1.6182769e-40
1.0136291e+10 5.6345722e+19 5.5435304e+09 19140155 15295435 4.4963355e-30 4.4684817e-30 1.6101988e-40
1.0146455e+10 5.6402068e+19 5.5435304e+09 19121083 15280131 4.4828579e-30 4.4551153e-30 1.602161e-40
1.015663e+10 5.645847e+19 5.5435304e+09 19102029 15264841 4.4694208e-30 4.4417889e-30 1.5941633e-40
1.0166814e+10 5.6514929e+19 5.5435304e+09 19082994 15249567 4.456024e-30 4.4285023e-30 1.5862056e-40
1.0177009e+10 5.6571444e+19 5.5435304e+09 19063979 15234308 4.4426673e-30 4.4152555e-30 1.5782876e-40
1.0187214e+10 5.6628015e+19 5.5435303e+09 19044982 15219065 4.4293507e-30 4.4020483e-30 1.5704092e-40
1.0197429e+10 5.6684643e+19 5.5435303e+09 19026004 15203837 4.416074e-30 4.3888805e-30 1.56257e-40
1.0207655e+10 5.6741328e+19 5.5435303e+09 19007045 15188624 4.4028372e-30 4.3757522e-30 1.5547701e-40
1.021789e+10 5.6798069e+19 5.5435303e+09 18988104 15173426 4.38964e-30 4.362663e-30 1.547009e-40
1.0228136e+10 5.6854867e+19 5.5435303e+09 18969183 15158244 4.3764824e-30 4.3496131e-30 1.5392867e-40
1.0238392e+10 5.6911722e+19 5.5435303e+09 18950280 15143076 4.3633642e-30 4.3366021e-30 1.531603e-40
1.0248658e+10 5.6968634e+19 5.5435302e+09 18931396 15127924 4.3502854e-30 4.3236301e-30 1.5239577e-40
1.0258935e+10 5.7025602e+19 5.5435302e+09 18912531 15112787 4.3372458e-30 4.3106969e-30 1.5163505e-40
1.0269222e+10 5.7082628e+19 5.5435302e+09 18893685 15097666 4.3242453e-30 4.2978023e-30 1.5087813e-40
1.0279519e+10 5.7139711e+19 5.5435302e+09 18874857 15082559 4.3112838e-30 4.2849463e-30 1.5012499e-40
1.0289827e+10 5.719685e+19 5.5435302e+09 18856048 15067468 4.2983612e-30 4.2721287e-30 1.4937561e-40
1.0300144e+10 5.7254047e+19 5.5435302e+09 18837258 15052391 4.2854773e-30 4.2593495e-30 1.4862997e-40
1.0310472e+10 5.7311301e+19 5.5435301e+09 18818487 15037330 4.272632e-30 4.2466085e-30 1.4788805e-40
1.0320811e+10 5.7368612e+19 5.5435301e+09 18799734 15022284 4.2598253e-30 4.2339056e-30 1.4714984e-40
1.033116e+10 5.7425981e+19 5.5435301e+09 18781000 15007253 4.2470569e-30 4.2212407e-30 1.4641532e-40
1.0341519e+10 5.7483407e+19 5.5435301e+09 18762284 14992237 4.2343269e-30 4.2086136e-30 1.4568446e-40
1.0351888e+10 5.754089e+19 5.5435301e+09 18743587 14977236 4.221635e-30 4.1960243e-30 1.4495725e-40
1.0362268e+10 5.7598431e+19 5.5435301e+09 18724908 14962250 4.2089811e-30 4.1834727e-30 1.4423367e-40
1.0372658e+10 5.765603e+19 5.54353e+09 18706249 14947280 4.1963652e-30 4.1709585e-30 1.4351371e-40
1.0383059e+10 5.7713686e+19 5.54353e+09 18687607 14932324 4.1837872e-30 4.1584819e-30 1.4279734e-40
1.039347e+10 5.77714e+19 5.54353e+09 18668985 14917383 4.1712468e-30 4.1460425e-30 1.4208454e-40
1.0403891e+10 5.7829171e+19 5.54353e+09 18650380 14902457 4.1587441e-30 4.1336403e-30 1.4137531e-40
1.0414323e+10 5.7887e+19 5.54353e+09 18631795 14887546 4.1462788e-30 4.1212752e-30 1.4066961e-40
1.0424765e+10 5.7944887e+19 5.54353e+09 18613227 14872650 4.1338509e-30 4.1089471e-30 1.3996744e-40
1.0435218e+10 5.8002832e+19 5.5435299e+09 18594678 14857769 4.1214603e-30 4.0966558e-30 1.3926878e-40
1.0445681e+10 5.8060835e+19 5.5435299e+09 18576148 14842903 4.1091069e-30 4.0844013e-30 1.385736e-40
1.0456155e+10 5.8118896e+19 5.5435299e+09 18557636 14828052 4.0967904e-30 4.0721835e-30 1.378819e-40
1.0466639e+10 5.8177015e+19 5.5435299e+09 18539143 14813215 4.0845109e-30 4.0600022e-30 1.3719365e-40
1.0477133e+10 5.8235192e+19 5.5435299e+09 18520667 14798394 4.0722683e-30 4.0478573e-30 1.3650883e-40
1.0487638e+10 5.8293427e+19 5.5435299e+09 18502211 14783587 4.0600623e-30 4.0357487e-30 1.3582744e-40
1.0498154e+10 5.835172e+19 5.5435298e+09 18483772 14768795 4.0478929e-30 4.0236764e-30 1.3514945e-40
1.050868e+10 5.8410072e+19 5.5435298e+09 18465352 14754019 4.0357601e-30 4.0116401e-30 1.3447484e-40
1.0519217e+10 5.8468482e+19 5.5435298e+09 18446950 14739256 4.0236636e-30 3.9996399e-30 1.338036e-40
1.0529764e+10 5.852695e+19 5.5435298e+09 18428567 14724509 4.0116034e-30 3.9876755e-30 1.3313571e-40
1.0540322e+10 5.8585477e+19 5.5435298e+09 18410201 14709776 3.9995793e-30 3.9757469e-30 1.3247116e-40
1.055089e+10 5.8644063e+19 5.5435298e+09 18391854 14695059 3.9875913e-30 3.963854e-30 1.3180992e-40
1.0561469e+10 5.8702707e+19 5.5435297e+09 18373526 14680355 3.9756392e-30 3.9519967e-30 1.3115199e-40
1.0572058e+10 5.876141e+19 5.5435297e+09 18355215 14665667 3.963723e-30 3.9401748e-30 1.3049734e-40
1.0582658e+10 5.8820171e+19 5.5435297e+09 18336923 14650993 3.9518425e-30 3.9283882e-30 1.2984596e-40
1.0593269e+10 5.8878991e+19 5.5435297e+09 18318649 14636335 3.9399976e-30 3.9166369e-30 1.2919783e-40
1.060389e+10 5.893787e+19 5.5435297e+09 18300393 14621690 3.9281883e-30 3.9049208e-30 1.2855293e-40
1.0614522e+10 5.8996808e+19 5.5435297e+09 18282155 14607061 3.9164143e-30 3.8932397e-30 1.2791126e-40
1.0625164e+10 5.9055805e+19 5.5435296e+09 18263935 14592446 3.9046757e-30 3.8815935e-30 1.2727279e-40
1.0635817e+10 5.9114861e+19 5.5435296e+09 18245733 14577846 3.8929722e-30 3.8699821e-30 1.2663751e-40
1.0646481e+10 5.9173976e+19 5.5435296e+09 18227550 14563260 3.8813038e-30 3.8584055e-30 1.260054e-40
1.0657156e+10 5.923315e+19 5.5435296e+09 18209385 14548689 3.8696705e-30 3.8468635e-30 1.2537645e-40
1.0667841e+10 5.9292383e+19 5.5435296e+09 18191237 14534133 3.858072e-30 3.835356e-30 1.2475063e-40
1.0678536e+10 5.9351675e+19 5.5435296e+09 18173108 14519591 3.8465083e-30 3.8238829e-30 1.2412795e-40
1.0689243e+10 5.9411027e+19 5.5435296e+09 18154997 14505064 3.8349792e-30 3.8124442e-30 1.2350837e-40
1.069996e+10 5.9470438e+19 5.5435295e+09 18136903 14490551 3.8234847e-30 3.8010396e-30 1.2289188e-40
1.0710688e+10 5.9529908e+19 5.5435295e+09 18118828 14476053 3.8120247e-30 3.7896691e-30 1.2227847e-40
1.0721427e+10 5.9589438e+19 5.5435295e+09 18100771 14461569 3.8005991e-30 3.7783327e-30 1.2166812e-40
1.0732176e+10 5.9649028e+19 5.5435295e+09 18082731 14447100 3.7892077e-30 3.7670301e-30 1.2106083e-40
1.0742936e+10 5.9708677e+19 5.5435295e+09 18064710 14432645 3.7778505e-30 3.7557614e-30 1.2045656e-40
1.0753707e+10 5.9768385e+19 5.5435295e+09 18046706 14418205 3.7665273e-30 3.7445263e-30 1.1985531e-40
1.0764489e+10 5.9828154e+19 5.5435294e+09 18028721 14403780 3.755238e-30 3.7333249e-30 1.1925706e-40
1.0775281e+10 5.9887982e+19 5.5435294e+09 18010753 14389368 3.7439827e-30 3.7221569e-30 1.186618e-40
1.0786084e+10 5.994787e+19 5.5435294e+09 17992803 14374972 3.732761e-30 3.7110224e-30 1.1806951e-40
1.0796898e+10 6.0007818e+19 5.5435294e+09 17974871 14360589 3.721573e-30 3.6999211e-30 1.1748018e-40
1.0807723e+10 6.0067825e+19 5.5435294e+09 17956957 14346221 3.7104186e-30 3.6888531e-30 1.1689379e-40
1.0818559e+10 6.0127893e+19 5.5435294e+09 17939061 14331868 3.6992976e-30 3.6778181e-30 1.1631033e-40
1.0829405e+10 6.0188021e+19 5.5435293e+09 17921182 14317529 3.6882099e-30 3.6668162e-30 1.1572978e-40
1.0840263e+10 6.0248209e+19 5.5435293e+09 17903321 14303204 3.6771555e-30 3.6558471e-30 1.1515213e-40
1.0851131e+10 6.0308457e+19 5.5435293e+09 17885478 14288893 3.6661342e-30 3.6449109e-30 1.1457736e-40
1.086201e+10 6.0368766e+19 5.5435293e+09 17867653 14274597 3.655146e-30 3.6340073e-30 1.1400547e-40
1.08729e+10 6.0429135e+19 5.5435293e+09 17849845 14260316 3.6441907e-30 3.6231364e-30 1.1343642e-40
1.0883801e+10 6.0489564e+19 5.5435293e+09 17832055 14246048 3.6332683e-30 3.612298e-30 1.1287022e-40
1.0894712e+10 6.0550053e+19 5.5435293e+09 17814283 14231795 3.6223786e-30 3.601492e-30 1.1230685e-40
1.0905635e+10 6.0610603e+19 5.5435292e+09 17796529 14217556 3.6115216e-30 3.5907183e-30 1.1174629e-40
1.0916569e+10 6.0671214e+19 5.5435292e+09 17778792 14203332 3.6006971e-30 3.5799768e-30 1.1118853e-40
1.0927513e+10 6.0731885e+19 5.5435292e+09 17761073 14189121 3.5899051e-30 3.5692675e-30 1.1063355e-40
1.0938469e+10 6.0792617e+19 5.5435292e+09 17743371 14174925 3.5791454e-30 3.5585901e-30 1.1008134e-40
1.0949435e+10 6.085341e+19 5.5435292e+09 17725687 14160743 3.568418e-30 3.5479447e-30 1.0953189e-40
1.0960412e+10 6.0914263e+19 5.5435292e+09 17708020 14146576 3.5577228e-30 3.5373312e-30 1.0898518e-40
1.0971401e+10 6.0975177e+19 5.5435292e+09 17690372 14132422 3.5470596e-30 3.5267494e-30 1.0844121e-40
1.09824e+10 6.1036153e+19 5.5435291e+09 17672740 14118283 3.5364284e-30 3.5161992e-30 1.0789994e-40
1.099341e+10 6.1097189e+19 5.5435291e+09 17655126 14104158 3.5258291e-30 3.5056806e-30 1.0736139e-40
1.1004432e+10 6.1158286e+19 5.5435291e+09 17637530 14090047 3.5152615e-30 3.4951934e-30 1.0682551e-40
1.1015464e+10 6.1219444e+19 5.5435291e+09 17619951 14075950 3.5047256e-30 3.4847376e-30 1.0629232e-40
1.1026508e+10 6.1280664e+19 5.5435291e+09 17602390 14061867 3.4942214e-30 3.4743131e-30 1.0576179e-40
1.1037562e+10 6.1341944e+19 5.5435291e+09 17584846 14047798 3.4837486e-30 3.4639198e-30 1.052339e-40
1.1048628e+10 6.1403286e+19 5.543529e+09 17567320 14033744 3.4733072e-30 3.4535575e-30 1.0470865e-40
1.1059704e+10 6.146469e+19 5.543529e+09 17549811 14019704 3.4628971e-30 3.4432262e-30 1.0418603e-40
1.1070792e+10 6.1526154e+19 5.543529e+09 17532319 14005677 3.4525182e-30 3.4329258e-30 1.0366601e-40
1.1081891e+10 6.158768e+19 5.543529e+09 17514845 13991665 3.4421705e-30 3.4226563e-30 1.0314859e-40
1.1093e+10 6.1649268e+19 5.543529e+09 17497388 13977667 3.4318538e-30 3.4124174e-30 1.0263375e-40
1.1104121e+10 6.1710917e+19 5.543529e+09 17479949 13963682 3.421568e-30 3.4022091e-30 1.0212148e-40
1.1115253e+10 6.1772628e+19 5.543529e+09 17462527 13949712 3.411313e-30 3.3920314e-30 1.0161177e-40
1.1126397e+10 6.1834401e+19 5.5435289e+09 17445122 13935756 3.4010888e-30 3.3818842e-30 1.011046e-40
1.1137551e+10 6.1896235e+19 5.5435289e+09 17427735 13921814 3.3908953e-30 3.3717672e-30 1.0059997e-40
1.1148716e+10 6.1958132e+19 5.5435289e+09 17410365 13907885 3.3807323e-30 3.3616806e-30 1.0009786e-40
1.1159893e+10 6.202009e+19 5.5435289e+09 17393012 13893971 3.3705997e-30 3.3516241e-30 9.9598249e-41
1.1171081e+10 6.208211e+19 5.5435289e+09 17375676 13880071 3.3604976e-30 3.3415976e-30 9.9101135e-41
1.118228e+10 6.2144192e+19 5.5435289e+09 17358358 13866184 3.3504257e-30 3.3316012e-30 9.8606504e-41
1.119349e+10 6.2206336e+19 5.5435289e+09 17341056 13852312 3.3403841e-30 3.3216346e-30 9.8114342e-41
1.1204712e+10 6.2268542e+19 5.5435288e+09 17323773 13838453 3.3303725e-30 3.3116979e-30 9.7624636e-41
1.1215944e+10 6.2330811e+19 5.5435288e+09 17306506 13824608 3.320391e-30 3.3017909e-30 9.7137376e-41
1.1227188e+10 6.2393142e+19 5.5435288e+09 17289256 13810777 3.3104394e-30 3.2919135e-30 9.6652548e-41
1.1238443e+10 6.2455535e+19 5.5435288e+09 17272024 13796960 3.3005176e-30 3.2820656e-30 9.6170141e-41
1.124971e+10 6.251799e+19 5.5435288e+09 17254808 13783157 3.2906256e-30 3.2722472e-30 9.5690142e-41
1.1260987e+10 6.2580508e+19 5.5435288e+09 17237610 13769368 3.2807632e-30 3.2624582e-30 9.521254e-41
1.1272276e+10 6.2643089e+19 5.5435288e+09 17220429 13755592 3.2709304e-30 3.2526984e-30 9.4737321e-41
1.1283576e+10 6.2705732e+19 5.5435287e+09 17203265 13741831 3.2611271e-30 3.2429679e-30 9.4264475e-41
1.1294888e+10 6.2768438e+19 5.5435287e+09 17186118 13728083 3.2513532e-30 3.2332664e-30 9.379399e-41
1.1306211e+10 6.2831206e+19 5.5435287e+09 17168988 13714348 3.2416086e-30 3.2235939e-30 9.3325854e-41
1.1317545e+10 6.2894037e+19 5.5435287e+09 17151875 13700628 3.2318932e-30 3.2139504e-30 9.2860055e-41
1.132889e+10 6.2956931e+19 5.5435287e+09 17134779 13686921 3.2222069e-30 3.2043357e-30 9.2396581e-41
1.1340247e+10 6.3019888e+19 5.5435287e+09 17117701 13673228 3.2125496e-30 3.1947498e-30 9.1935421e-41
1.1351615e+10 6.3082908e+19 5.5435287e+09 17100639 13659549 3.2029213e-30 3.1851925e-30 9.1476563e-41
1.1362995e+10 6.3145991e+19 5.5435286e+09 17083594 13645884 3.1933219e-30 3.1756638e-30 9.1019996e-41
1.1374386e+10 6.3209137e+19 5.5435286e+09 17066566 13632232 3.1837513e-30 3.1661637e-30 9.0565708e-41
1.1385788e+10 6.3272346e+19 5.5435286e+09 17049555 13618594 3.1742093e-30 3.1566919e-30 9.0113688e-41
1.1397202e+10 6.3335619e+19 5.5435286e+09 17032561 13604969 3.164696e-30 3.1472484e-30 8.9663925e-41
1.1408627e+10 6.3398954e+19 5.5435286e+09 17015584 13591358 3.1552112e-30 3.1378332e-30 8.9216407e-41
1.1420064e+10 6.3462353e+19 5.5435286e+09 16998623 13577761 3.1457548e-30 3.1284462e-30 8.8771123e-41
1.1431512e+10 6.3525816e+19 5.5435286e+09 16981680 13564178 3.1363268e-30 3.1190872e-30 8.8328062e-41
1.1442971e+10 6.3589341e+19 5.5435285e+09 16964753 13550608 3.126927e-30 3.1097563e-30 8.7887213e-41
1.1454442e+10 6.3652931e+19 5.5435285e+09 16947844 13537051 3.1175554e-30 3.1004532e-30 8.7448565e-41
1.1465924e+10 6.3716584e+19 5.5435285e+09 16930951 13523508 3.108212e-30 3.0911779e-30 8.7012107e-41
1.1477418e+10 6.37803e+19 5.5435285e+09 16914075 13509979 3.0988965e-30 3.0819304e-30 8.6577828e-41
1.1488924e+10 6.3844081e+19 5.5435285e+09 16897215 13496464 3.0896089e-30 3.0727106e-30 8.6145716e-41
1.1500441e+10 6.3907925e+19 5.5435285e+09 16880373 13482961 3.0803492e-30 3.0635183e-30 8.5715762e-41
1.1511969e+10 6.3971833e+19 5.5435285e+09 16863547 13469473 3.0711173e-30 3.0543535e-30 8.5287954e-41
1.1523509e+10 6.4035804e+19 5.5435285e+09 16846738 13455998 3.061913e-30 3.0452161e-30 8.4862282e-41
1.153506e+10 6.409984e+19 5.5435284e+09 16829945 13442536 3.0527364e-30 3.0361061e-30 8.4438735e-41
1.1546623e+10 6.416394e+19 5.5435284e+09 16813170 13429088 3.0435872e-30 3.0270233e-30 8.4017302e-41
1.1558198e+10 6.4228104e+19 5.5435284e+09 16796411 13415653 3.0344655e-30 3.0179677e-30 8.3597974e-41
1.1569784e+10 6.4292332e+19 5.5435284e+09 16779668 13402232 3.0253711e-30 3.0089391e-30 8.3180738e-41
1.1581382e+10 6.4356624e+19 5.5435284e+09 16762943 13388825 3.016304e-30 2.9999376e-30 8.2765586e-41
1.1592991e+10 6.4420981e+19 5.5435284e+09 16746234 13375430 3.0072641e-30 2.9909629e-30 8.2352506e-41
1.1604612e+10 6.4485402e+19 5.5435284e+09 16729541 13362049 2.9982512e-30 2.9820152e-30 8.1941488e-41
1.1616245e+10 6.4549887e+19 5.5435283e+09 16712865 13348682 2.9892654e-30 2.9730941e-30 8.1532522e-41
1.1627889e+10 6.4614437e+19 5.5435283e+09 16696206 13335328 2.9803066e-30 2.9641998e-30 8.1125598e-41
1.1639545e+10 6.4679052e+19 5.5435283e+09 16679563 13321987 2.9713746e-30 2.955332e-30 8.0720705e-41
1.1651212e+10 6.4743731e+19 5.5435283e+09 16662937 13308660 2.9624693e-30 2.9464908e-30 8.0317833e-41
1.1662891e+10 6.4808474e+19 5.5435283e+09 16646328 13295346 2.9535908e-30 2.9376761e-30 7.9916972e-41
1.1674582e+10 6.4873283e+19 5.5435283e+09 16629735 13282045 2.9447389e-30 2.9288876e-30 7.9518113e-41
1.1686285e+10 6.4938156e+19 5.5435283e+09 16613158 13268758 2.9359135e-30 2.9201255e-30 7.9121245e-41
1.1697999e+10 6.5003094e+19 5.5435283e+09 16596598 13255484 2.9271146e-30 2.9113896e-30 7.8726358e-41
1.1709725e+10 6.5068097e+19 5.5435282e+09 16580055 13242223 2.9183421e-30 2.9026798e-30 7.8333442e-41
1.1721462e+10 6.5133166e+19 5.5435282e+09 16563527 13228976 2.9095958e-30 2.893996e-30 7.7942488e-41
1.1733212e+10 6.5198299e+19 5.5435282e+09 16547017 13215742 2.9008758e-30 2.8853383e-30 7.7553485e-41
1.1744973e+10 6.5263497e+19 5.5435282e+09 16530522 13202521 2.8921819e-30 2.8767064e-30 7.7166425e-41
1.1756746e+10 6.5328761e+19 5.5435282e+09 16514045 13189313 2.8835141e-30 2.8681003e-30 7.6781296e-41
1.1768531e+10 6.5394089e+19 5.5435282e+09 16497583 13176119 2.8748723e-30 2.85952e-30 7.639809e-41
1.1780327e+10 6.5459483e+19 5.5435282e+09 16481138 13162937 2.8662564e-30 2.8509653e-30 7.6016797e-41
1.1792135e+10 6.5524943e+19 5.5435281e+09 16464709 13149769 2.8576663e-30 2.8424363e-30 7.5637408e-41
1.1803955e+10 6.5590468e+19 5.5435281e+09 16448297 13136615 2.8491019e-30 2.8339327e-30 7.5259912e-41
1.1815787e+10 6.5656058e+19 5.5435281e+09 16431901 13123473 2.8405633e-30 2.8254546e-30 7.4884301e-41
1.1827631e+10 6.5721714e+19 5.5435281e+09 16415521 13110344 2.8320502e-30 2.8170018e-30 7.4510565e-41
1.1839487e+10 6.5787436e+19 5.5435281e+09 16399157 13097229 2.8235627e-30 2.8085743e-30 7.4138695e-41
1.1851354e+10 6.5853223e+19 5.5435281e+09 16382810 13084127 2.8151006e-30 2.800172e-30 7.3768681e-41
1.1863233e+10 6.5919077e+19 5.5435281e+09 16366479 13071038 2.8066639e-30 2.7917948e-30 7.3400514e-41
1.1875125e+10 6.5984996e+19 5.5435281e+09 16350165 13057962 2.7982524e-30 2.7834427e-30 7.3034185e-41
1.1887028e+10 6.6050981e+19 5.543528e+09 16333866 13044899 2.7898662e-30 2.7751156e-30 7.2669685e-41
1.1898943e+10 6.6117032e+19 5.543528e+09 16317584 13031849 2.7815051e-30 2.7668134e-30 7.2307004e-41
1.1910869e+10 6.6183149e+19 5.543528e+09 16301318 13018813 2.7731691e-30 2.758536e-30 7.1946134e-41
1.1922808e+10 6.6249332e+19 5.543528e+09 16285068 13005789 2.7648581e-30 2.7502834e-30 7.1587065e-41
1.1934759e+10 6.6315581e+19 5.543528e+09 16268834 12992779 2.756572e-30 2.7420554e-30 7.1229789e-41
1.1946722e+10 6.6381897e+19 5.543528e+09 16252617 12979781 2.7483107e-30 2.7338521e-30 7.0874296e-41
1.1958696e+10 6.6448279e+19 5.543528e+09 16236415 12966796 2.7400743e-30 2.7256733e-30 7.0520578e-41
1.1970683e+10 6.6514727e+19 5.543528e+09 16220230 12953825 2.7318624e-30 2.7175189e-30 7.0168625e-41
1.1982682e+10 6.6581242e+19 5.5435279e+09 16204061 12940866 2.7236753e-30 2.709389e-30 6.981843e-41
1.1994692e+10 6.6647823e+19 5.5435279e+09 16187907 12927921 2.7155126e-30 2.7012833e-30 6.9469982e-41
1.2006715e+10 6.6714471e+19 5.5435279e+09 16171770 12914988 2.7073745e-30 2.6932019e-30 6.9123274e-41
1.201875e+10 6.6781185e+19 5.5435279e+09 16155649 12902069 2.6992607e-30 2.6851447e-30 6.8778297e-41
1.2030796e+10 6.6847966e+19 5.5435279e+09 16139544 12889162 2.6911712e-30 2.6771116e-30 6.8435042e-41
1.2042855e+10 6.6914814e+19 5.5435279e+09 16123455 12876268 2.683106e-30 2.6691025e-30 6.80935e-41
1.2054926e+10 6.6981729e+19 5.5435279e+09 16107382 12863387 2.675065e-30 2.6611173e-30 6.7753663e-41
1.2067009e+10 6.7048711e+19 5.5435279e+09 16091325 12850520 2.6670481e-30 2.6531561e-30 6.7415523e-41
1.2079104e+10 6.711576e+19 5.5435278e+09 16075284 12837665 2.6590552e-30 2.6452186e-30 6.7079071e-41
1.2091211e+10 6.7182875e+19 5.5435278e+09 16059259 12824822 2.6510863e-30 2.6373049e-30 6.6744298e-41
1.210333e+10 6.7250058e+19 5.5435278e+09 16043250 12811993 2.6431413e-30 2.6294149e-30 6.6411196e-41
1.2115461e+10 6.7317308e+19 5.5435278e+09 16027257 12799177 2.6352201e-30 2.6215484e-30 6.6079757e-41
1.2127605e+10 6.7384626e+19 5.5435278e+09 16011280 12786373 2.6273226e-30 2.6137055e-30 6.5749973e-41
1.213976e+10 6.745201e+19 5.5435278e+09 15995318 12773582 2.6194488e-30 2.6058861e-30 6.5421834e-41
1.2151928e+10 6.7519462e+19 5.5435278e+09 15979373 12760804 2.6115986e-30 2.59809e-30 6.5095334e-41
1.2164108e+10 6.7586982e+19 5.5435278e+09 15963443 12748039 2.603772e-30 2.5903173e-30 6.4770464e-41
1.21763e+10 6.7654569e+19 5.5435277e+09 15947529 12735287 2.5959688e-30 2.5825678e-30 6.4447215e-41
1.2188504e+10 6.7722223e+19 5.5435277e+09 15931631 12722547 2.588189e-30 2.5748414e-30 6.412558e-41
1.220072e+10 6.7789946e+19 5.5435277e+09 15915749 12709820 2.5804325e-30 2.5671382e-30 6.3805551e-41
1.2212949e+10 6.7857736e+19 5.5435277e+09 15899883 12697106 2.5726993e-30 2.559458e-30 6.3487118e-41
1.222519e+10 6.7925593e+19 5.5435277e+09 15884032 12684405 2.5649893e-30 2.5518008e-30 6.3170276e-41
1.2237443e+10 6.7993519e+19 5.5435277e+09 15868198 12671716 2.5573023e-30 2.5441665e-30 6.2855015e-41
1.2249709e+10 6.8061512e+19 5.5435277e+09 15852379 12659040 2.5496385e-30 2.5365551e-30 6.2541328e-41
1.2261986e+10 6.8129574e+19 5.5435277e+09 15836575 12646377 2.5419976e-30 2.5289664e-30 6.2229207e-41
1.2274276e+10 6.8197703e+19 5.5435277e+09 15820788 12633726 2.5343796e-30 2.5214004e-30 6.1918643e-41
1.2286578e+10 6.8265901e+19 5.5435276e+09 15805016 12621089 2.5267844e-30 2.513857e-30 6.160963e-41
1.2298893e+10 6.8334167e+19 5.5435276e+09 15789260 12608463 2.519212e-30 2.5063362e-30 6.130216e-41
1.231122e+10 6.8402501e+19 5.5435276e+09 15773519 12595851 2.5116623e-30 2.4988379e-30 6.0996224e-41
1.2323559e+10 6.8470904e+19 5.5435276e+09 15757794 12583251 2.5041353e-30 2.491362e-30 6.0691815e-41
1.233591e+10 6.8539375e+19 5.5435276e+09 15742085 12570663 2.4966308e-30 2.4839084e-30 6.0388926e-41
1.2348274e+10 6.8607914e+19 5.5435276e+09 15726391 12558089 2.4891488e-30 2.4764772e-30 6.0087549e-41
1.236065e+10 6.8676522e+19 5.5435276e+09 15710713 12545527 2.4816892e-30 2.4690682e-30 5.9787677e-41
1.2373039e+10 6.8745198e+19 5.5435276e+09 15695051 12532977 2.474252e-30 2.4616813e-30 5.9489301e-41
1.238544e+10 6.8813944e+19 5.5435275e+09 15679404 12520440 2.4668371e-30 2.4543166e-30 5.9192414e-41
1.2397853e+10 6.8882758e+19 5.5435275e+09 15663773 12507916 2.4594444e-30 2.4469739e-30 5.889701e-41
1.2410279e+10 6.895164e+19 5.5435275e+09 15648157 12495404 2.4520739e-30 2.4396531e-30 5.860308e-41
1.2422717e+10 6.9020592e+19 5.5435275e+09 15632557 12482905 2.4447254e-30 2.4323542e-30 5.8310617e-41
1.2435168e+10 6.9089613e+19 5.5435275e+09 15616973 12470418 2.437399e-30 2.4250772e-30 5.8019614e-41
1.2447631e+10 6.9158702e+19 5.5435275e+09 15601403 12457943 2.4300946e-30 2.4178219e-30 5.7730064e-41
1.2460107e+10 6.9227861e+19 5.5435275e+09 15585850 12445482 2.4228121e-30 2.4105883e-30 5.7441959e-41
1.2472595e+10 6.9297089e+19 5.5435275e+09 15570312 12433032 2.4155514e-30 2.4033764e-30 5.7155292e-41
1.2485095e+10 6.9366386e+19 5.5435275e+09 15554789 12420595 2.4083124e-30 2.396186e-30 5.6870056e-41
1.2497608e+10 6.9435752e+19 5.5435274e+09 15539282 12408171 2.4010952e-30 2.3890172e-30 5.6586244e-41
1.2510134e+10 6.9505188e+19 5.5435274e+09 15523790 12395759 2.3938996e-30 2.3818698e-30 5.6303849e-41
1.2522672e+10 6.9574693e+19 5.5435274e+09 15508313 12383360 2.3867255e-30 2.3747437e-30 5.6022863e-41
1.2535223e+10 6.9644268e+19 5.5435274e+09 15492852 12370972 2.379573e-30 2.367639e-30 5.574328e-41
1.2547786e+10 6.9713912e+19 5.5435274e+09 15477407 12358598 2.3724419e-30 2.3605555e-30 5.5465092e-41
1.2560362e+10 6.9783626e+19 5.5435274e+09 15461977 12346235 2.3653322e-30 2.3534933e-30 5.5188293e-41
1.257295e+10 6.985341e+19 5.5435274e+09 15446562 12333886 2.3582438e-30 2.3464521e-30 5.4912876e-41
1.2585551e+10 6.9923263e+19 5.5435274e+09 15431162 12321548 2.3511766e-30 2.339432e-30 5.4638833e-41
1.2598164e+10 6.9993186e+19 5.5435273e+09 15415778 12309223 2.3441307e-30 2.3324329e-30 5.4366159e-41
1.261079e+10 7.006318e+19 5.5435273e+09 15400409 12296910 2.3371058e-30 2.3254547e-30 5.4094845e-41
1.2623429e+10 7.0133243e+19 5.5435273e+09 15385055 12284609 2.3301021e-30 2.3184974e-30 5.3824886e-41
1.263608e+10 7.0203376e+19 5.5435273e+09 15369717 12272321 2.3231193e-30 2.3115609e-30 5.3556274e-41
1.2648744e+10 7.0273579e+19 5.5435273e+09 15354394 12260045 2.3161574e-30 2.3046452e-30 5.3289003e-41
1.2661421e+10 7.0343853e+19 5.5435273e+09 15339086 12247782 2.3092164e-30 2.2977501e-30 5.3023066e-41
1.2674111e+10 7.0414197e+19 5.5435273e+09 15323793 12235530 2.3022962e-30 2.2908757e-30 5.2758457e-41
1.2686813e+10 7.0484611e+19 5.5435273e+09 15308516 12223291 2.2953968e-30 2.2840218e-30 5.2495168e-41
1.2699527e+10 7.0555096e+19 5.5435273e+09 15293254 12211065 2.288518e-30 2.2771885e-30 5.2233193e-41
1.2712255e+10 7.0625651e+19 5.5435272e+09 15278006 12198850 2.2816599e-30 2.2703755e-30 5.1972527e-41
1.2724995e+10 7.0696276e+19 5.5435272e+09 15262775 12186648 2.2748223e-30 2.263583e-30 5.1713161e-41
1.2737748e+10 7.0766973e+19 5.5435272e+09 15247558 12174458 2.2680053e-30 2.2568108e-30 5.145509e-41
1.2750514e+10 7.083774e+19 5.5435272e+09 15232356 12162280 2.2612086e-30 2.2500588e-30 5.1198307e-41
1.2763292e+10 7.0908577e+19 5.5435272e+09 15217170 12150114 2.2544323e-30 2.243327e-30 5.0942806e-41
1.2776083e+10 7.0979486e+19 5.5435272e+09 15201999 12137961 2.2476764e-30 2.2366154e-30 5.068858e-41
1.2788887e+10 7.1050465e+19 5.5435272e+09 15186842 12125819 2.2409407e-30 2.2299238e-30 5.0435623e-41
1.2801704e+10 7.1121516e+19 5.5435272e+09 15171701 12113690 2.2342252e-30 2.2232522e-30 5.0183929e-41
1.2814534e+10 7.1192637e+19 5.5435272e+09 15156575 12101573 2.2275298e-30 2.2166006e-30 4.9933491e-41
1.2827376e+10 7.126383e+19 5.5435271e+09 15141464 12089468 2.2208545e-30 2.2099689e-30 4.9684303e-41
1.2840232e+10 7.1335094e+19 5.5435271e+09 15126368 12077376 2.2141992e-30 2.2033571e-30 4.9436359e-41
1.28531e+10 7.1406429e+19 5.5435271e+09 15111287 12065295 2.2075638e-30 2.196765e-30 4.9189653e-41
1.2865981e+10 7.1477835e+19 5.5435271e+09 15096221 12053226 2.2009484e-30 2.1901926e-30 4.8944178e-41
1.2878875e+10 7.1549313e+19 5.5435271e+09 15081170 12041170 2.1943527e-30 2.1836399e-30 4.8699928e-41
1.2891782e+10 7.1620862e+19 5.5435271e+09 15066134 12029126 2.1877769e-30 2.1771068e-30 4.8456897e-41
1.2904701e+10 7.1692483e+19 5.5435271e+09 15051113 12017093 2.1812207e-30 2.1705932e-30 4.821508e-41
1.2917634e+10 7.1764176e+19 5.5435271e+09 15036107 12005073 2.1746842e-30 2.1640991e-30 4.7974469e-41
1.293058e+10 7.183594e+19 5.5435271e+09 15021116 11993065 2.1681673e-30 2.1576244e-30 4.773506e-41
1.2943538e+10 7.1907776e+19 5.543527e+09 15006139 11981069 2.16167e-30 2.1511691e-30 4.7496845e-41
1.295651e+10 7.1979684e+19 5.543527e+09 14991178 11969084 2.1551921e-30 2.1447331e-30 4.725982e-41
1.2969494e+10 7.2051663e+19 5.543527e+09 14976231 11957112 2.1487336e-30 2.1383164e-30 4.7023977e-41
1.2982492e+10 7.2123715e+19 5.543527e+09 14961300 11945152 2.1422945e-30 2.1319188e-30 4.6789312e-41
1.2995502e+10 7.2195839e+19 5.543527e+09 14946383 11933204 2.1358747e-30 2.1255404e-30 4.6555818e-41
1.3008525e+10 7.2268035e+19 5.543527e+09 14931481 11921268 2.1294741e-30 2.1191811e-30 4.632349e-41
1.3021562e+10 7.2340303e+19 5.543527e+09 14916594 11909343 2.1230927e-30 2.1128408e-30 4.6092321e-41
1.3034611e+10 7.2412643e+19 5.543527e+09 14901722 11897431 2.1167305e-30 2.1065194e-30 4.5862306e-41
1.3047674e+10 7.2485056e+19 5.543527e+09 14886864 11885531 2.1103873e-30 2.100217e-30 4.5633439e-41
1.306075e+10 7.2557541e+19 5.543527e+09 14872022 11873642 2.1040631e-30 2.0939334e-30 4.5405714e-41
1.3073838e+10 7.2630098e+19 5.5435269e+09 14857194 11861765 2.0977579e-30 2.0876686e-30 4.5179127e-41
1.308694e+10 7.2702728e+19 5.5435269e+09 14842381 11849901 2.0914716e-30 2.0814226e-30 4.495367e-41
1.3100055e+10 7.2775431e+19 5.5435269e+09 14827582 11838048 2.0852041e-30 2.0751952e-30 4.4729338e-41
1.3113183e+10 7.2848206e+19 5.5435269e+09 14812799 11826207 2.0789555e-30 2.0689865e-30 4.4506126e-41
1.3126324e+10 7.2921055e+19 5.5435269e+09 14798030 11814378 2.0727255e-30 2.0627963e-30 4.4284028e-41
1.3139478e+10 7.2993976e+19 5.5435269e+09 14783275 11802561 2.0665143e-30 2.0566247e-30 4.4063039e-41
1.3152646e+10 7.306697e+19 5.5435269e+09 14768536 11790755 2.0603216e-30 2.0504715e-30 4.3843153e-41
1.3165826e+10 7.3140037e+19 5.5435269e+09 14753811 11778962 2.0541475e-30 2.0443367e-30 4.3624364e-41
1.317902e+10 7.3213177e+19 5.5435269e+09 14739100 11767180 2.0479919e-30 2.0382202e-30 4.3406668e-41
1.3192227e+10 7.328639e+19 5.5435268e+09 14724405 11755410 2.0418548e-30 2.0321221e-30 4.3190058e-41
1.3205447e+10 7.3359676e+19 5.5435268e+09 14709724 11743652 2.0357361e-30 2.0260422e-30 4.2974529e-41
1.3218681e+10 7.3433036e+19 5.5435268e+09 14695057 11731905 2.0296357e-30 2.0199805e-30 4.2760076e-41
1.3231927e+10 7.3506469e+19 5.5435268e+09 14680406 11720171 2.0235536e-30 2.0139369e-30 4.2546693e-41
1.3245187e+10 7.3579975e+19 5.5435268e+09 14665768 11708448 2.0174897e-30 2.0079114e-30 4.2334375e-41
1.325846e+10 7.3653555e+19 5.5435268e+09 14651146 11696737 2.011444e-30 2.0019039e-30 4.2123118e-41
1.3271747e+10 7.3727209e+19 5.5435268e+09 14636537 11685037 2.0054164e-30 1.9959144e-30 4.1912914e-41
1.3285046e+10 7.3800936e+19 5.5435268e+09 14621944 11673349 1.9994069e-30 1.9899428e-30 4.170376e-41
1.3298359e+10 7.3874737e+19 5.5435268e+09 14607365 11661673 1.9934154e-30 1.9839891e-30 4.1495649e-41
1.3311686e+10 7.3948612e+19 5.5435268e+09 14592800 11650009 1.9874419e-30 1.9780531e-30 4.1288578e-41
1.3325025e+10 7.402256e+19 5.5435267e+09 14578250 11638356 1.9814862e-30 1.972135e-30 4.108254e-41
1.3338378e+10 7.4096583e+19 5.5435267e+09 14563715 11626716 1.9755484e-30 1.9662345e-30 4.087753e-41
1.3351745e+10 7.417068e+19 5.5435267e+09 14549194 11615086 1.9696285e-30 1.9603517e-30 4.0673543e-41
1.3365124e+10 7.424485e+19 5.5435267e+09 14534687 11603469 1.9637262e-30 1.9544864e-30 4.0470575e-41
1.3378517e+10 7.4319095e+19 5.5435267e+09 14520195 11591863 1.9578417e-30 1.9486388e-30 4.026862e-41
1.3391924e+10 7.4393414e+19 5.5435267e+09 14505717 11580268 1.9519748e-30 1.9428086e-30 4.0067673e-41
1.3405344e+10 7.4467808e+19 5.5435267e+09 14491253 11568685 1.9461255e-30 1.9369958e-30 3.9867728e-41
1.3418777e+10 7.4542275e+19 5.5435267e+09 14476804 11557114 1.9402937e-30 1.9312005e-30 3.9668782e-41
1.3432224e+10 7.4616818e+19 5.5435267e+09 14462370 11545555 1.9344794e-30 1.9254225e-30 3.9470829e-41
1.3445684e+10 7.4691435e+19 5.5435267e+09 14447950 11534007 1.9286825e-30 1.9196617e-30 3.9273863e-41
1.3459158e+10 7.4766126e+19 5.5435266e+09 14433544 11522470 1.922903e-30 1.9139182e-30 3.9077881e-41
1.3472645e+10 7.4840892e+19 5.5435266e+09 14419152 11510945 1.9171408e-30 1.9081919e-30 3.8882877e-41
1.3486145e+10 7.4915733e+19 5.5435266e+09 14404775 11499432 1.9113959e-30 1.9024827e-30 3.8688846e-41
1.3499659e+10 7.4990649e+19 5.5435266e+09 14390412 11487930 1.9056682e-30 1.8967906e-30 3.8495784e-41
1.3513187e+10 7.5065639e+19 5.5435266e+09 14376063 11476440 1.8999577e-30 1.8911155e-30 3.8303685e-41
1.3526728e+10 7.5140705e+19 5.5435266e+09 14361729 11464961 1.8942643e-30 1.8854573e-30 3.8112545e-41
1.3540283e+10 7.5215846e+19 5.5435266e+09 14347409 11453494 1.888588e-30 1.8798162e-30 3.7922359e-41
1.3553851e+10 7.5291062e+19 5.5435266e+09 14333103 11442038 1.8829287e-30 1.8741918e-30 3.7733122e-41
1.3567433e+10 7.5366353e+19 5.5435266e+09 14318811 11430593 1.8772863e-30 1.8685843e-30 3.754483e-41
1.3581028e+10 7.5441719e+19 5.5435266e+09 14304534 11419160 1.8716609e-30 1.8629936e-30 3.7357478e-41
1.3594637e+10 7.5517161e+19 5.5435265e+09 14290271 11407739 1.8660523e-30 1.8574196e-30 3.717106e-41
1.360826e+10 7.5592678e+19 5.5435265e+09 14276022 11396329 1.8604605e-30 1.8518623e-30 3.6985574e-41
1.3621896e+10 7.5668271e+19 5.5435265e+09 14261787 11384930 1.8548855e-30 1.8463216e-30 3.6801012e-41
1.3635546e+10 7.5743939e+19 5.5435265e+09 14247566 11373543 1.8493272e-30 1.8407975e-30 3.6617372e-41
1.3649209e+10 7.5819683e+19 5.5435265e+09 14233360 11362167 1.8437856e-30 1.8352899e-30 3.6434649e-41
1.3662886e+10 7.5895502e+19 5.5435265e+09 14219168 11350803 1.8382605e-30 1.8297987e-30 3.6252838e-41
1.3676577e+10 7.5971398e+19 5.5435265e+09 14204989 11339450 1.8327521e-30 1.824324e-30 3.6071934e-41
1.3690282e+10 7.6047369e+19 5.5435265e+09 14190825 11328108 1.8272601e-30 1.8188657e-30 3.5891933e-41
1.3704e+10 7.6123417e+19 5.5435265e+09 14176675 11316778 1.8217846e-30 1.8134237e-30 3.571283e-41
1.3717732e+10 7.619954e+19 5.5435265e+09 14162539 11305459 1.8163255e-30 1.807998e-30 3.5534621e-41
1.3731478e+10 7.627574e+19 5.5435265e+09 14148417 11294152 1.8108828e-30 1.8025885e-30 3.5357302e-41
1.3745237e+10 7.6352015e+19 5.5435264e+09 14134310 11282855 1.8054564e-30 1.7971952e-30 3.5180868e-41
1.375901e+10 7.6428367e+19 5.5435264e+09 14120216 11271570 1.8000463e-30 1.791818e-30 3.5005314e-41
1.3772797e+10 7.6504796e+19 5.5435264e+09 14106136 11260297 1.7946523e-30 1.7864569e-30 3.4830636e-41
1.3786598e+10 7.6581301e+19 5.5435264e+09 14092070 11249034 1.7892746e-30 1.7811118e-30 3.4656831e-41
1.3800413e+10 7.6657882e+19 5.5435264e+09 14078019 11237783 1.783913e-30 1.7757828e-30 3.4483892e-41
1.3814241e+10 7.673454e+19 5.5435264e+09 14063981 11226543 1.7785674e-30 1.7704697e-30 3.4311817e-41
1.3828083e+10 7.6811274e+19 5.5435264e+09 14049957 11215315 1.7732378e-30 1.7651724e-30 3.4140601e-41
1.3841939e+10 7.6888086e+19 5.5435264e+09 14035947 11204098 1.7679243e-30 1.759891e-30 3.3970239e-41
1.3855809e+10 7.6964974e+19 5.5435264e+09 14021951 11192891 1.7626266e-30 1.7546254e-30 3.3800728e-41
1.3869693e+10 7.7041939e+19 5.5435264e+09 14007969 11181697 1.7573449e-30 1.7493756e-30 3.3632062e-41
1.388359e+10 7.7118981e+19 5.5435263e+09 13994001 11170513 1.7520789e-30 1.7441415e-30 3.3464239e-41
1.3897502e+10 7.71961e+19 5.5435263e+09 13980047 11159340 1.7468288e-30 1.738923e-30 3.3297253e-41
1.3911427e+10 7.7273296e+19 5.5435263e+09 13966107 11148179 1.7415944e-30 1.7337201e-30 3.31311e-41
1.3925367e+10 7.7350569e+19 5.5435263e+09 13952181 11137029 1.7363757e-30 1.7285328e-30 3.2965777e-41
1.393932e+10 7.742792e+19 5.5435263e+09 13938268 11125890 1.7311726e-30 1.723361e-30 3.2801279e-41
1.3953287e+10 7.7505347e+19 5.5435263e+09 13924370 11114762 1.7259851e-30 1.7182047e-30 3.2637601e-41
1.3967269e+10 7.7582853e+19 5.5435263e+09 13910485 11103646 1.7208132e-30 1.7130638e-30 3.2474741e-41
1.3981264e+10 7.7660436e+19 5.5435263e+09 13896614 11092540 1.7156567e-30 1.7079383e-30 3.2312694e-41
1.3995273e+10 7.7738096e+19 5.5435263e+09 13882757 11081446 1.7105158e-30 1.7028281e-30 3.2151455e-41
1.4009296e+10 7.7815834e+19 5.5435263e+09 13868913 11070363 1.7053902e-30 1.6977332e-30 3.1991021e-41
1.4023333e+10 7.789365e+19 5.5435263e+09 13855084 11059290 1.70028e-30 1.6926536e-30 3.1831388e-41
1.4037385e+10 7.7971544e+19 5.5435262e+09 13841268 11048229 1.6951851e-30 1.6875891e-30 3.1672551e-41
1.405145e+10 7.8049515e+19 5.5435262e+09 13827466 11037179 1.6901055e-30 1.6825398e-30 3.1514507e-41
1.4065529e+10 7.8127565e+19 5.5435262e+09 13813677 11026140 1.6850411e-30 1.6775056e-30 3.1357252e-41
1.4079623e+10 7.8205692e+19 5.5435262e+09 13799903 11015112 1.6799919e-30 1.6724865e-30 3.1200782e-41
1.4093731e+10 7.8283898e+19 5.5435262e+09 13786142 11004096 1.6749578e-30 1.6674823e-30 3.1045093e-41
1.4107852e+10 7.8362182e+19 5.5435262e+09 13772394 10993090 1.6699388e-30 1.6624932e-30 3.089018e-41
1.4121988e+10 7.8440544e+19 5.5435262e+09 13758661 10982095 1.6649349e-30 1.6575189e-30 3.0736041e-41
1.4136138e+10 7.8518985e+19 5.5435262e+09 13744941 10971111 1.6599459e-30 1.6525596e-30 3.0582672e-41
1.4150302e+10 7.8597504e+19 5.5435262e+09 13731235 10960138 1.6549719e-30 1.6476151e-30 3.0430067e-41
1.416448e+10 7.8676101e+19 5.5435262e+09 13717542 10949176 1.6500128e-30 1.6426853e-30 3.0278224e-41
1.4178673e+10 7.8754777e+19 5.5435262e+09 13703863 10938226 1.6450686e-30 1.6377704e-30 3.012714e-41
1.4192879e+10 7.8833532e+19 5.5435261e+09 13690198 10927286 1.6401392e-30 1.6328701e-30 2.9976809e-41
1.42071e+10 7.8912366e+19 5.5435261e+09 13676546 10916357 1.6352246e-30 1.6279844e-30 2.9827228e-41
1.4221335e+10 7.8991278e+19 5.5435261e+09 13662908 10905439 1.6303247e-30 1.6231134e-30 2.9678394e-41
1.4235584e+10 7.9070269e+19 5.5435261e+09 13649284 10894532 1.6254395e-30 1.618257e-30 2.9530303e-41
1.4249848e+10 7.9149339e+19 5.5435261e+09 13635673 10883636 1.6205689e-30 1.6134151e-30 2.9382951e-41
1.4264126e+10 7.9228489e+19 5.5435261e+09 13622075 10872751 1.6157129e-30 1.6085877e-30 2.9236334e-41
1.4278418e+10 7.9307717e+19 5.5435261e+09 13608491 10861876 1.6108715e-30 1.6037747e-30 2.9090449e-41
1.4292724e+10 7.9387025e+19 5.5435261e+09 13594921 10851013 1.6060446e-30 1.5989761e-30 2.8945292e-41
1.4307045e+10 7.9466412e+19 5.5435261e+09 13581364 10840160 1.6012322e-30 1.5941919e-30 2.880086e-41
1.432138e+10 7.9545878e+19 5.5435261e+09 13567820 10829319 1.5964342e-30 1.5894219e-30 2.8657148e-41
1.4335729e+10 7.9625424e+19 5.5435261e+09 13554291 10818488 1.5916505e-30 1.5846663e-30 2.8514154e-41
1.4350093e+10 7.970505e+19 5.543526e+09 13540774 10807668 1.5868812e-30 1.5799249e-30 2.8371873e-41
1.4364471e+10 7.9784755e+19 5.543526e+09 13527271 10796859 1.5821262e-30 1.5751976e-30 2.8230302e-41
1.4378863e+10 7.986454e+19 5.543526e+09 13513782 10786060 1.5773855e-30 1.5704845e-30 2.8089438e-41
1.439327e+10 7.9944404e+19 5.543526e+09 13500305 10775273 1.572659e-30 1.5657855e-30 2.7949277e-41
1.4407691e+10 8.0024348e+19 5.543526e+09 13486843 10764496 1.5679466e-30 1.5611006e-30 2.7809815e-41
1.4422127e+10 8.0104373e+19 5.543526e+09 13473393 10753730 1.5632483e-30 1.5564296e-30 2.767105e-41
1.4436577e+10 8.0184477e+19 5.543526e+09 13459957 10742975 1.5585642e-30 1.5517727e-30 2.7532977e-41
1.4451042e+10 8.0264662e+19 5.543526e+09 13446535 10732231 1.553894e-30 1.5471296e-30 2.7395593e-41
1.4465521e+10 8.0344926e+19 5.543526e+09 13433126 10721497 1.5492379e-30 1.5425005e-30 2.7258895e-41
1.4480014e+10 8.0425271e+19 5.543526e+09 13419730 10710774 1.5445957e-30 1.5378852e-30 2.7122879e-41
1.4494522e+10 8.0505697e+19 5.543526e+09 13406347 10700062 1.5399675e-30 1.5332837e-30 2.6987541e-41
1.4509045e+10 8.0586202e+19 5.543526e+09 13392978 10689361 1.5353531e-30 1.528696e-30 2.685288e-41
1.4523582e+10 8.0666788e+19 5.5435259e+09 13379622 10678670 1.5307525e-30 1.524122e-30 2.671889e-41
1.4538133e+10 8.0747455e+19 5.5435259e+09 13366280 10667990 1.5261658e-30 1.5195617e-30 2.6585569e-41
1.4552699e+10 8.0828203e+19 5.5435259e+09 13352950 10657321 1.5215928e-30 1.515015e-30 2.6452913e-41
1.456728e+10 8.0909031e+19 5.5435259e+09 13339634 10646662 1.5170334e-30 1.510482e-30 2.632092e-41
1.4581875e+10 8.098994e+19 5.5435259e+09 13326332 10636014 1.5124878e-30 1.5059625e-30 2.6189585e-41
1.4596485e+10 8.107093e+19 5.5435259e+09 13313042 10625377 1.5079558e-30 1.5014565e-30 2.6058905e-41
1.4611109e+10 8.1152001e+19 5.5435259e+09 13299766 10614750 1.5034373e-30 1.496964e-30 2.5928878e-41
1.4625748e+10 8.1233153e+19 5.5435259e+09 13286503 10604134 1.4989324e-30 1.4924849e-30 2.57995e-41
1.4640402e+10 8.1314386e+19 5.5435259e+09 13273253 10593529 1.494441e-30 1.4880192e-30 2.5670767e-41
1.465507e+10 8.13957e+19 5.5435259e+09 13260016 10582934 1.4899631e-30 1.4835669e-30 2.5542677e-41
1.4669753e+10 8.1477096e+19 5.5435259e+09 13246793 10572350 1.4854986e-30 1.4791279e-30 2.5415226e-41
1.4684451e+10 8.1558573e+19 5.5435259e+09 13233582 10561777 1.4810474e-30 1.4747022e-30 2.5288411e-41
1.4699164e+10 8.1640132e+19 5.5435258e+09 13220385 10551214 1.4766097e-30 1.4702897e-30 2.5162229e-41
1.4713891e+10 8.1721772e+19 5.5435258e+09 13207201 10540661 1.4721852e-30 1.4658905e-30 2.5036677e-41
1.4728632e+10 8.1803494e+19 5.5435258e+09 13194030 10530119 1.4677739e-30 1.4615043e-30 2.4911751e-41
1.4743389e+10 8.1885297e+19 5.5435258e+09 13180872 10519588 1.4633759e-30 1.4571313e-30 2.4787449e-41
1.475816e+10 8.1967182e+19 5.5435258e+09 13167728 10509068 1.4589911e-30 1.4527714e-30 2.4663767e-41
1.4772947e+10 8.204915e+19 5.5435258e+09 13154596 10498557 1.4546194e-30 1.4484246e-30 2.4540703e-41
1.4787747e+10 8.2131199e+19 5.5435258e+09 13141477 10488058 1.4502608e-30 1.4440907e-30 2.4418252e-41
1.4802563e+10 8.221333e+19 5.5435258e+09 13128372 10477569 1.4459153e-30 1.4397698e-30 2.4296413e-41
1.4817394e+10 8.2295543e+19 5.5435258e+09 13115279 10467090 1.4415828e-30 1.4354618e-30 2.4175181e-41
1.4832239e+10 8.2377839e+19 5.5435258e+09 13102200 10456622 1.4372633e-30 1.4311667e-30 2.4054555e-41
1.4847099e+10 8.2460217e+19 5.5435258e+09 13089134 10446164 1.4329567e-30 1.4268845e-30 2.3934531e-41
1.4861974e+10 8.2542677e+19 5.5435258e+09 13076080 10435717 1.4286631e-30 1.4226151e-30 2.3815106e-41
1.4876864e+10 8.2625219e+19 5.5435257e+09 13063040 10425280 1.4243823e-30 1.4183584e-30 2.3696276e-41
1.4891769e+10 8.2707845e+19 5.5435257e+09 13050012 10414854 1.4201143e-30 1.4141145e-30 2.357804e-41
1.4906689e+10 8.2790553e+19 5.5435257e+09 13036998 10404438 1.4158592e-30 1.4098833e-30 2.3460394e-41
1.4921623e+10 8.2873343e+19 5.5435257e+09 13023996 10394033 1.4116168e-30 1.4056647e-30 2.3343335e-41
1.4936573e+10 8.2956216e+19 5.5435257e+09 13011008 10383638 1.4073871e-30 1.4014587e-30 2.322686e-41
1.4951537e+10 8.3039173e+19 5.5435257e+09 12998032 10373253 1.40317e-30 1.3972654e-30 2.3110966e-41
1.4966517e+10 8.3122212e+19 5.5435257e+09 12985070 10362879 1.3989657e-30 1.3930846e-30 2.2995651e-41
1.4981511e+10 8.3205334e+19 5.5435257e+09 12972120 10352515 1.3947739e-30 1.3889162e-30 2.2880912e-41
1.4996521e+10 8.3288539e+19 5.5435257e+09 12959183 10342162 1.3905947e-30 1.3847604e-30 2.2766744e-41
1.5011545e+10 8.3371828e+19 5.5435257e+09 12946259 10331819 1.386428e-30 1.380617e-30 2.2653147e-41
1.5026585e+10 8.34552e+19 5.5435257e+09 12933348 10321486 1.3822738e-30 1.376486e-30 2.2540117e-41
1.5041639e+10 8.3538655e+19 5.5435257e+09 12920449 10311163 1.378132e-30 1.3723673e-30 2.242765e-41
1.5056709e+10 8.3622194e+19 5.5435256e+09 12907564 10300851 1.3740027e-30 1.368261e-30 2.2315745e-41
1.5071794e+10 8.3705816e+19 5.5435256e+09 12894691 10290550 1.3698857e-30 1.3641669e-30 2.2204398e-41
1.5086893e+10 8.3789522e+19 5.5435256e+09 12881832 10280258 1.3657811e-30 1.3600851e-30 2.2093607e-41
1.5102008e+10 8.3873311e+19 5.5435256e+09 12868984 10269977 1.3616888e-30 1.3560155e-30 2.1983369e-41
1.5117138e+10 8.3957184e+19 5.5435256e+09 12856150 10259706 1.3576087e-30 1.3519581e-30 2.1873681e-41
1.5132283e+10 8.4041142e+19 5.5435256e+09 12843329 10249446 1.3535409e-30 1.3479128e-30 2.1764541e-41
1.5147443e+10 8.4125183e+19 5.5435256e+09 12830520 10239196 1.3494852e-30 1.3438796e-30 2.1655945e-41
1.5162619e+10 8.4209308e+19 5.5435256e+09 12817724 10228956 1.3454417e-30 1.3398585e-30 2.1547891e-41
1.5177809e+10 8.4293517e+19 5.5435256e+09 12804941 10218726 1.3414104e-30 1.3358494e-30 2.1440377e-41
1.5193015e+10 8.4377811e+19 5.5435256e+09 12792171 10208507 1.3373911e-30 1.3318523e-30 2.1333398e-41
1.5208236e+10 8.4462189e+19 5.5435256e+09 12779413 10198297 1.3333839e-30 1.3278672e-30 2.1226954e-41
1.5223472e+10 8.4546651e+19 5.5435256e+09 12766668 10188098 1.3293886e-30 1.323894e-30 2.1121041e-41
1.5238724e+10 8.4631197e+19 5.5435256e+09 12753935 10177909 1.3254054e-30 1.3199326e-30 2.1015657e-41
1.525399e+10 8.4715829e+19 5.5435255e+09 12741216 10167731 1.3214341e-30 1.3159832e-30 2.0910798e-41
1.5269272e+10 8.4800544e+19 5.5435255e+09 12728509 10157562 1.3174747e-30 1.3120455e-30 2.0806463e-41
1.528457e+10 8.4885345e+19 5.5435255e+09 12715814 10147404 1.3135271e-30 1.3081196e-30 2.0702648e-41
1.5299882e+10 8.497023e+19 5.5435255e+09 12703133 10137256 1.3095914e-30 1.3042055e-30 2.0599352e-41
1.531521e+10 8.5055201e+19 5.5435255e+09 12690464 10127118 1.3056675e-30 1.300303e-30 2.0496571e-41
1.5330553e+10 8.5140256e+19 5.5435255e+09 12677807 10116990 1.3017553e-30 1.2964123e-30 2.0394302e-41
1.5345912e+10 8.5225396e+19 5.5435255e+09 12665163 10106873 1.2978549e-30 1.2925332e-30 2.0292545e-41
1.5361285e+10 8.5310621e+19 5.5435255e+09 12652532 10096765 1.2939661e-30 1.2886657e-30 2.0191295e-41
1.5376675e+10 8.5395932e+19 5.5435255e+09 12639913 10086668 1.2900891e-30 1.2848097e-30 2.009055e-41
1.5392079e+10 8.5481328e+19 5.5435255e+09 12627307 10076581 1.2862236e-30 1.2809653e-30 1.9990308e-41
1.5407499e+10 8.5566809e+19 5.5435255e+09 12614713 10066503 1.2823697e-30 1.2771324e-30 1.9890567e-41
1.5422935e+10 8.5652376e+19 5.5435255e+09 12602132 10056436 1.2785274e-30 1.273311e-30 1.9791323e-41
1.5438386e+10 8.5738029e+19 5.5435255e+09 12589564 10046379 1.2746965e-30 1.269501e-30 1.9692574e-41
1.5453852e+10 8.5823767e+19 5.5435254e+09 12577008 10036332 1.2708772e-30 1.2657024e-30 1.9594318e-41
1.5469334e+10 8.590959e+19 5.5435254e+09 12564464 10026295 1.2670693e-30 1.2619151e-30 1.9496553e-41
1.5484831e+10 8.59955e+19 5.5435254e+09 12551933 10016269 1.2632728e-30 1.2581392e-30 1.9399275e-41
1.5500344e+10 8.6081495e+19 5.5435254e+09 12539415 10006252 1.2594877e-30 1.2543746e-30 1.9302483e-41
1.5515872e+10 8.6167577e+19 5.5435254e+09 12526909 9996245 1.255714e-30 1.2506212e-30 1.9206174e-41
1.5531416e+10 8.6253744e+19 5.5435254e+09 12514415 9986248.2 1.2519515e-30 1.2468791e-30 1.9110345e-41
1.5546975e+10 8.6339998e+19 5.5435254e+09 12501934 9976261.5 1.2482004e-30 1.2431482e-30 1.9014995e-41
1.556255e+10 8.6426338e+19 5.5435254e+09 12489465 9966284.7 1.2444604e-30 1.2394284e-30 1.892012e-41
1.5578141e+10 8.6512765e+19 5.5435254e+09 12477009 9956318 1.2407317e-30 1.2357198e-30 1.8825719e-41
1.5593747e+10 8.6599277e+19 5.5435254e+09 12464565 9946361.2 1.2370142e-30 1.2320222e-30 1.8731789e-41
1.5609369e+10 8.6685877e+19 5.5435254e+09 12452133 9936414.4 1.2333078e-30 1.2283357e-30 1.8638328e-41
1.5625006e+10 8.6772562e+19 5.5435254e+09 12439714 9926477.5 1.2296125e-30 1.2246603e-30 1.8545333e-41
1.5640659e+10 8.6859335e+19 5.5435254e+09 12427307 9916550.6 1.2259283e-30 1.2209958e-30 1.8452803e-41
1.5656327e+10 8.6946194e+19 5.5435253e+09 12414913 9906633.6 1.2222551e-30 1.2173423e-30 1.8360734e-41
1.5672012e+10 8.7033141e+19 5.5435253e+09 12402531 9896726.6 1.2185929e-30 1.2136998e-30 1.8269124e-41
1.5687712e+10 8.7120174e+19 5.5435253e+09 12390161 9886829.4 1.2149417e-30 1.2100681e-30 1.8177972e-41
1.5703427e+10 8.7207294e+19 5.5435253e+09 12377803 9876942.2 1.2113015e-30 1.2064473e-30 1.8087274e-41
1.5719159e+10 8.7294501e+19 5.5435253e+09 12365458 9867064.9 1.2076721e-30 1.2028373e-30 1.7997029e-41
1.5734906e+10 8.7381796e+19 5.5435253e+09 12353125 9857197.5 1.2040537e-30 1.1992381e-30 1.7907235e-41
1.5750669e+10 8.7469177e+19 5.5435253e+09 12340805 9847339.9 1.200446e-30 1.1956497e-30 1.7817888e-41
1.5766447e+10 8.7556647e+19 5.5435253e+09 12328496 9837492.2 1.1968492e-30 1.1920721e-30 1.7728988e-41
1.5782242e+10 8.7644203e+19 5.5435253e+09 12316200 9827654.4 1.1932632e-30 1.1885051e-30 1.7640531e-41
1.5798052e+10 8.7731847e+19 5.5435253e+09 12303916 9817826.4 1.1896879e-30 1.1849488e-30 1.7552515e-41
1.5813878e+10 8.7819579e+19 5.5435253e+09 12291645 9808008.3 1.1861233e-30 1.1814031e-30 1.7464939e-41
1.582972e+10 8.7907399e+19 5.5435253e+09 12279385 9798200 1.1825695e-30 1.1778681e-30 1.73778e-41
1.5845577e+10 8.7995306e+19 5.5435253e+09 12267138 9788401.5 1.1790262e-30 1.1743436e-30 1.7291095e-41
1.5861451e+10 8.8083302e+19 5.5435253e+09 12254903 9778612.8 1.1754936e-30 1.1708297e-30 1.7204824e-41
1.587734e+10 8.8171385e+19 5.5435252e+09 12242681 9768833.9 1.1719716e-30 1.1673263e-30 1.7118982e-41
1.5893246e+10 8.8259556e+19 5.5435252e+09 12230470 9759064.8 1.1684601e-30 1.1638333e-30 1.703357e-41
1.5909167e+10 8.8347816e+19 5.5435252e+09 12218271 9749305.5 1.1649592e-30 1.1603508e-30 1.6948583e-41
1.5925104e+10 8.8436164e+19 5.5435252e+09 12206085 9739555.9 1.1614687e-30 1.1568788e-30 1.686402e-41
1.5941057e+10 8.85246e+19 5.5435252e+09 12193911 9729816.1 1.1579887e-30 1.1534171e-30 1.677988e-41
1.5957026e+10 8.8613124e+19 5.5435252e+09 12181749 9720086.1 1.1545191e-30 1.1499657e-30 1.6696159e-41
1.5973011e+10 8.8701738e+19 5.5435252e+09 12169599 9710365.8 1.15106e-30 1.1465247e-30 1.6612856e-41
1.5989012e+10 8.8790439e+19 5.5435252e+09 12157461 9700655.2 1.1476112e-30 1.143094e-30 1.6529969e-41
1.6005029e+10 8.887923e+19 5.5435252e+09 12145335 9690954.4 1.1441727e-30 1.1396736e-30 1.6447496e-41
1.6021062e+10 8.8968109e+19 5.5435252e+09 12133222 9681263.2 1.1407445e-30 1.1362634e-30 1.6365434e-41
1.6037111e+10 8.9057077e+19 5.5435252e+09 12121120 9671581.8 1.1373267e-30 1.1328634e-30 1.6283781e-41
1.6053176e+10 8.9146134e+19 5.5435252e+09 12109030 9661910.1 1.133919e-30 1.1294735e-30 1.6202536e-41
1.6069257e+10 8.923528e+19 5.5435252e+09 12096953 9652248 1.1305216e-30 1.1260939e-30 1.6121697e-41
1.6085354e+10 8.9324516e+19 5.5435252e+09 12084887 9642595.6 1.1271343e-30 1.1227243e-30 1.604126e-41
1.6101468e+10 8.941384e+19 5.5435251e+09 12072834 9632952.9 1.1237572e-30 1.1193648e-30 1.5961226e-41
1.6117597e+10 8.9503254e+19 5.5435251e+09 12060792 9623319.8 1.1203903e-30 1.1160153e-30 1.588159e-41
1.6133743e+10 8.9592757e+19 5.5435251e+09 12048763 9613696.4 1.1170334e-30 1.1126759e-30 1.5802352e-41
1.6149904e+10 8.968235e+19 5.5435251e+09 12036745 9604082.6 1.1136865e-30 1.1093464e-30 1.572351e-41
1.6166082e+10 8.9772032e+19 5.5435251e+09 12024740 9594478.4 1.1103497e-30 1.106027e-30 1.564506e-41
1.6182276e+10 8.9861804e+19 5.5435251e+09 12012746 9584883.8 1.1070229e-30 1.1027174e-30 1.5567003e-41
1.6198486e+10 8.9951666e+19 5.5435251e+09 12000765 9575298.9 1.1037061e-30 1.0994178e-30 1.5489334e-41
1.6214713e+10 9.0041618e+19 5.5435251e+09 11988795 9565723.5 1.1003992e-30 1.096128e-30 1.5412054e-41
1.6230955e+10 9.0131659e+19 5.5435251e+09 11976837 9556157.7 1.0971023e-30 1.0928481e-30 1.5335159e-41
1.6247214e+10 9.0221791e+19 5.5435251e+09 11964891 9546601.5 1.0938152e-30 1.0895779e-30 1.5258648e-41
1.626349e+10 9.0312013e+19 5.5435251e+09 11952957 9537054.9 1.0905379e-30 1.0863176e-30 1.5182518e-41
1.6279781e+10 9.0402325e+19 5.5435251e+09 11941035 9527517.8 1.0872705e-30 1.083067e-30 1.5106769e-41
1.6296089e+10 9.0492727e+19 5.5435251e+09 11929125 9517990.3 1.0840129e-30 1.0798262e-30 1.5031397e-41
1.6312413e+10 9.058322e+19 5.5435251e+09 11917226 9508472.3 1.080765e-30 1.076595e-30 1.4956402e-41
1.6328753e+10 9.0673803e+19 5.5435251e+09 11905340 9498963.8 1.0775269e-30 1.0733735e-30 1.488178e-41
1.634511e+10 9.0764477e+19 5.543525e+09 11893465 9489464.8 1.0742984e-30 1.0701616e-30 1.4807531e-41
1.6361483e+10 9.0855241e+19 5.543525e+09 11881602 9479975.4 1.0710797e-30 1.0669594e-30 1.4733653e-41
1.6377872e+10 9.0946097e+19 5.543525e+09 11869751 9470495.5 1.0678706e-30 1.0637667e-30 1.4660143e-41
1.6394278e+10 9.1037043e+19 5.543525e+09 11857912 9461025 1.0646711e-30 1.0605836e-30 1.4587001e-41
1.64107e+10 9.112808e+19 5.543525e+09 11846084 9451564 1.0614812e-30 1.05741e-30 1.4514223e-41
1.6427139e+10 9.1219208e+19 5.543525e+09 11834269 9442112.5 1.0583008e-30 1.0542459e-30 1.4441808e-41
1.6443594e+10 9.1310427e+19 5.543525e+09 11822465 9432670.5 1.05513e-30 1.0510913e-30 1.4369755e-41
1.6460066e+10 9.1401738e+19 5.543525e+09 11810673 9423237.9 1.0519687e-30 1.0479461e-30 1.4298061e-41
1.6476554e+10 9.1493139e+19 5.543525e+09 11798892 9413814.7 1.0488169e-30 1.0448103e-30 1.4226725e-41
1.6493058e+10 9.1584632e+19 5.543525e+09 11787124 9404401 1.0456745e-30 1.0416839e-30 1.4155745e-41
1.6509579e+10 9.1676217e+19 5.543525e+09 11775367 9394996.7 1.0425415e-30 1.0385668e-30 1.4085119e-41
1.6526117e+10 9.1767893e+19 5.543525e+09 11763621 9385601.8 1.0394179e-30 1.0354591e-30 1.4014845e-41
1.6542671e+10 9.1859661e+19 5.543525e+09 11751888 9376216.4 1.0363037e-30 1.0323607e-30 1.3944922e-41
1.6559241e+10 9.1951521e+19 5.543525e+09 11740166 9366840.3 1.0331988e-30 1.0292715e-30 1.3875349e-41
1.6575829e+10 9.2043472e+19 5.543525e+09 11728456 9357473.6 1.0301032e-30 1.0261916e-30 1.3806122e-41
1.6592432e+10 9.2135516e+19 5.5435249e+09 11716757 9348116.3 1.0270169e-30 1.0231209e-30 1.3737241e-41
1.6609053e+10 9.2227651e+19 5.5435249e+09 11705070 9338768.3 1.0239398e-30 1.0200594e-30 1.3668703e-41
1.662569e+10 9.2319879e+19 5.5435249e+09 11693395 9329429.7 1.020872e-30 1.017007e-30 1.3600507e-41
1.6642343e+10 9.2412199e+19 5.5435249e+09 11681731 9320100.5 1.0178133e-30 1.0139638e-30 1.3532652e-41
1.6659014e+10 9.2504611e+19 5.5435249e+09 11670079 9310780.5 1.0147639e-30 1.0109297e-30 1.3465136e-41
1.6675701e+10 9.2597116e+19 5.5435249e+09 11658439 9301470 1.0117235e-30 1.0079046e-30 1.3397956e-41
1.6692404e+10 9.2689713e+19 5.5435249e+09 11646810 9292168.7 1.0086923e-30 1.0048886e-30 1.3331111e-41
1.6709125e+10 9.2782402e+19 5.5435249e+09 11635193 9282876.7 1.0056701e-30 1.0018817e-30 1.32646e-41
1.6725862e+10 9.2875185e+19 5.5435249e+09 11623587 9273594.1 1.0026571e-30 9.988837e-31 1.3198421e-41
1.6742616e+10 9.296806e+19 5.5435249e+09 11611993 9264320.7 9.99653e-31 9.9589469e-31 1.3132572e-41
1.6759386e+10 9.3061028e+19 5.5435249e+09 11600411 9255056.6 9.9665794e-31 9.9291463e-31 1.3067052e-41
1.6776174e+10 9.3154089e+19 5.5435249e+09 11588840 9245801.8 9.9367186e-31 9.8994349e-31 1.3001859e-41
1.6792978e+10 9.3247243e+19 5.5435249e+09 11577280 9236556.3 9.9069473e-31 9.8698123e-31 1.2936991e-41
1.6809799e+10 9.334049e+19 5.5435249e+09 11565732 9227320 9.8772652e-31 9.8402784e-31 1.2872446e-41
1.6826636e+10 9.3433831e+19 5.5435249e+09 11554196 9218093 9.847672e-31 9.8108328e-31 1.2808224e-41
1.6843491e+10 9.3527265e+19 5.5435248e+09 11542671 9208875.2 9.8181676e-31 9.7814753e-31 1.2744322e-41
1.6860362e+10 9.3620792e+19 5.5435248e+09 11531157 9199666.6 9.7887515e-31 9.7522057e-31 1.2680739e-41
1.6877251e+10 9.3714413e+19 5.5435248e+09 11519655 9190467.2 9.7594236e-31 9.7230236e-31 1.2617474e-41
1.6894156e+10 9.3808127e+19 5.5435248e+09 11508165 9181277 9.7301836e-31 9.6939288e-31 1.2554524e-41
1.6911078e+10 9.3901935e+19 5.5435248e+09 11496685 9172096.1 9.7010312e-31 9.6649211e-31 1.2491888e-41
1.6928017e+10 9.3995837e+19 5.5435248e+09 11485218 9162924.3 9.6719662e-31 9.6360001e-31 1.2429565e-41
1.6944973e+10 9.4089833e+19 5.5435248e+09 11473761 9153761.7 9.6429883e-31 9.6071657e-31 1.2367552e-41
1.6961946e+10 9.4183923e+19 5.5435248e+09 11462317 9144608.3 9.6140972e-31 9.5784176e-31 1.230585e-41
1.6978936e+10 9.4278107e+19 5.5435248e+09 11450883 9135464.1 9.5852927e-31 9.5497554e-31 1.2244455e-41
1.6995943e+10 9.4372385e+19 5.5435248e+09 11439461 9126329 9.5565745e-31 9.5211791e-31 1.2183366e-41
1.7012967e+10 9.4466757e+19 5.5435248e+09 11428050 9117203 9.5279424e-31 9.4926882e-31 1.2122582e-41
1.7030008e+10 9.4561224e+19 5.5435248e+09 11416651 9108086.2 9.499396e-31 9.4642825e-31 1.2062102e-41
1.7047065e+10 9.4655785e+19 5.5435248e+09 11405263 9098978.5 9.4709353e-31 9.4359618e-31 1.2001923e-41
1.706414e+10 9.4750441e+19 5.5435248e+09 11393886 9089879.9 9.4425598e-31 9.4077259e-31 1.1942045e-41
1.7081233e+10 9.4845192e+19 5.5435248e+09 11382521 9080790.4 9.4142693e-31 9.3795744e-31 1.1882465e-41
1.7098342e+10 9.4940037e+19 5.5435248e+09 11371167 9071710 9.3860637e-31 9.3515072e-31 1.1823183e-41
1.7115468e+10 9.5034977e+19 5.5435247e+09 11359824 9062638.7 9.3579425e-31 9.3235239e-31 1.1764196e-41
1.7132611e+10 9.5130012e+19 5.5435247e+09 11348493 9053576.5 9.3299057e-31 9.2956244e-31 1.1705504e-41
1.7149772e+10 9.5225142e+19 5.5435247e+09 11337173 9044523.4 9.3019528e-31 9.2678083e-31 1.1647105e-41
1.716695e+10 9.5320367e+19 5.5435247e+09 11325864 9035479.3 9.2740837e-31 9.2400755e-31 1.1588997e-41
1.7184145e+10 9.5415687e+19 5.5435247e+09 11314566 9026444.3 9.2462981e-31 9.2124256e-31 1.1531179e-41
1.7201357e+10 9.5511103e+19 5.5435247e+09 11303280 9017418.3 9.2185958e-31 9.1848584e-31 1.1473649e-41
1.7218586e+10 9.5606614e+19 5.5435247e+09 11292005 9008401.4 9.1909765e-31 9.1573738e-31 1.1416407e-41
1.7235833e+10 9.5702221e+19 5.5435247e+09 11280741 8999393.4 9.16344e-31 9.1299713e-31 1.135945e-41
1.7253096e+10 9.5797923e+19 5.5435247e+09 11269488 8990394.5 9.135986e-31 9.1026509e-31 1.1302777e-41
1.7270377e+10 9.5893721e+19 5.5435247e+09 11258247 8981404.6 9.1086143e-31 9.0754121e-31 1.1246388e-41
1.7287676e+10 9.5989615e+19 5.5435247e+09 11247017 8972423.7 9.0813246e-31 9.0482549e-31 1.1190279e-41
1.7304991e+10 9.6085604e+19 5.5435247e+09 11235798 8963451.8 9.0541167e-31 9.0211789e-31 1.1134451e-41
1.7322324e+10 9.618169e+19 5.5435247e+09 11224590 8954488.9 9.0269903e-31 8.994184e-31 1.1078901e-41
1.7339675e+10 9.6277872e+19 5.5435247e+09 11213393 8945534.9 8.9999452e-31 8.9672697e-31 1.1023628e-41
1.7357042e+10 9.6374149e+19 5.5435247e+09 11202207 8936589.9 8.9729811e-31 8.9404361e-31 1.0968631e-41
1.7374427e+10 9.6470524e+19 5.5435247e+09 11191033 8927653.8 8.9460978e-31 8.9136827e-31 1.0913909e-41
1.739183e+10 9.6566994e+19 5.5435247e+09 11179870 8918726.7 8.9192952e-31 8.8870093e-31 1.0859459e-41
1.7409249e+10 9.6663561e+19 5.5435246e+09 11168718 8909808.6 8.8925728e-31 8.8604158e-31 1.0805282e-41
1.7426687e+10 9.6760225e+19 5.5435246e+09 11157577 8900899.3 8.8659305e-31 8.8339018e-31 1.0751374e-41
1.7444141e+10 9.6856985e+19 5.5435246e+09 11146447 8891999 8.839368e-31 8.8074671e-31 1.0697736e-41
1.7461613e+10 9.6953842e+19 5.5435246e+09 11135328 8883107.6 8.8128852e-31 8.7811115e-31 1.0644365e-41
1.7479103e+10 9.7050796e+19 5.5435246e+09 11124220 8874225.1 8.7864817e-31 8.7548348e-31 1.0591261e-41
1.749661e+10 9.7147846e+19 5.5435246e+09 11113123 8865351.4 8.7601573e-31 8.7286367e-31 1.0538421e-41
1.7514135e+10 9.7244994e+19 5.5435246e+09 11102037 8856486.7 8.7339118e-31 8.702517e-31 1.0485845e-41
1.7531677e+10 9.7342239e+19 5.5435246e+09 11090963 8847630.8 8.707745e-31 8.6764754e-31 1.0433532e-41
1.7549236e+10 9.7439582e+19 5.5435246e+09 11079899 8838783.8 8.6816565e-31 8.6505117e-31 1.0381479e-41
1.7566813e+10 9.7537021e+19 5.5435246e+09 11068847 8829945.6 8.6556463e-31 8.6246258e-31 1.0329687e-41
1.7584408e+10 9.7634558e+19 5.5435246e+09 11057805 8821116.3 8.629714e-31 8.5988172e-31 1.0278152e-41
1.7602021e+10 9.7732193e+19 5.5435246e+09 11046774 8812295.8 8.6038594e-31 8.5730859e-31 1.0226875e-41
1.7619651e+10 9.7829925e+19 5.5435246e+09 11035755 8803484.2 8.5780823e-31 8.5474316e-31 1.0175854e-41
1.7637298e+10 9.7927755e+19 5.5435246e+09 11024746 8794681.4 8.5523824e-31 8.521854e-31 1.0125087e-41
1.7654963e+10 9.8025683e+19 5.5435246e+09 11013749 8785887.3 8.5267595e-31 8.496353e-31 1.0074574e-41
1.7672646e+10 9.8123708e+19 5.5435246e+09 11002762 8777102.1 8.5012135e-31 8.4709282e-31 1.0024313e-41
1.7690347e+10 9.8221832e+19 5.5435246e+09 10991786 8768325.7 8.4757439e-31 8.4455795e-31 9.974302e-42
1.7708065e+10 9.8320054e+19 5.5435245e+09 10980821 8759558.1 8.4503507e-31 8.4203067e-31 9.924541e-42
1.7725801e+10 9.8418374e+19 5.5435245e+09 10969867 8750799.2 8.4250336e-31 8.3951094e-31 9.8750282e-42
1.7743555e+10 9.8516792e+19 5.5435245e+09 10958924 8742049.1 8.3997924e-31 8.3699876e-31 9.8257626e-42
1.7761326e+10 9.8615309e+19 5.5435245e+09 10947992 8733307.8 8.3746268e-31 8.3449409e-31 9.7767427e-42
1.7779116e+10 9.8713924e+19 5.5435245e+09 10937071 8724575.2 8.3495366e-31 8.3199692e-31 9.7279675e-42
1.7796923e+10 9.8812638e+19 5.5435245e+09 10926161 8715851.3 8.3245216e-31 8.2950722e-31 9.6794356e-42
1.7814748e+10 9.8911451e+19 5.5435245e+09 10915261 8707136.2 8.2995815e-31 8.2702496e-31 9.6311458e-42
1.783259e+10 9.9010362e+19 5.5435245e+09 10904373 8698429.8 8.2747162e-31 8.2455013e-31 9.5830971e-42
1.7850451e+10 9.9109373e+19 5.5435245e+09 10893495 8689732.1 8.2499254e-31 8.2208271e-31 9.535288e-42
1.7868329e+10 9.9208482e+19 5.5435245e+09 10882628 8681043.1 8.2252089e-31 8.1962267e-31 9.4877175e-42
1.7886226e+10 9.9307691e+19 5.5435245e+09 10871772 8672362.8 8.2005665e-31 8.1716999e-31 9.4403844e-42
1.790414e+10 9.9406998e+19 5.5435245e+09 10860927 8663691.2 8.1759979e-31 8.1472465e-31 9.3932875e-42
1.7922072e+10 9.9506405e+19 5.5435245e+09 10850092 8655028.3 8.1515029e-31 8.1228662e-31 9.3464255e-42
1.7940022e+10 9.9605912e+19 5.5435245e+09 10839269 8646374.1 8.1270814e-31 8.0985589e-31 9.2997974e-42
1.795799e+10 9.9705518e+19 5.5435245e+09 10828456 8637728.5 8.102733e-31 8.0743243e-31 9.2534019e-42
1.7975976e+10 9.9805223e+19 5.5435245e+09 10817654 8629091.6 8.0784575e-31 8.0501623e-31 9.207238e-42
1.799398e+10 9.9905028e+19 5.5435245e+09 10806862 8620463.3 8.0542549e-31 8.0260725e-31 9.1613043e-42
1.8012002e+10 1.0000493e+20 5.5435244e+09 10796082 8611843.6 8.0301247e-31 8.0020548e-31 9.1155999e-42
1.8030042e+10 1.0010494e+20 5.5435244e+09 10785312 8603232.6 8.0060668e-31 7.9781089e-31 9.0701235e-42
1.80481e+10 1.0020504e+20 5.5435244e+09 10774553 8594630.2 7.9820811e-31 7.9542347e-31 9.024874e-42
1.8066176e+10 1.0030525e+20 5.5435244e+09 10763804 8586036.4 7.9581672e-31 7.9304319e-31 8.9798503e-42
1.808427e+10 1.0040555e+20 5.5435244e+09 10753066 8577451.2 7.934325e-31 7.9067004e-31 8.9350513e-42
1.8102382e+10 1.0050596e+20 5.5435244e+09 10742339 8568874.6 7.9105542e-31 7.8830398e-31 8.8904757e-42
1.8120512e+10 1.0060647e+20 5.5435244e+09 10731623 8560306.5 7.8868547e-31 7.8594501e-31 8.8461226e-42
1.8138661e+10 1.0070707e+20 5.5435244e+09 10720917 8551747.1 7.8632261e-31 7.8359309e-31 8.8019908e-42
1.8156828e+10 1.0080778e+20 5.5435244e+09 10710222 8543196.2 7.8396684e-31 7.8124821e-31 8.7580792e-42
1.8175012e+10 1.0090859e+20 5.5435244e+09 10699538 8534653.9 7.8161813e-31 7.7891034e-31 8.7143867e-42
1.8193215e+10 1.0100949e+20 5.5435244e+09 10688864 8526120.1 7.7927645e-31 7.7657947e-31 8.6709122e-42
1.8211436e+10 1.011105e+20 5.5435244e+09 10678201 8517594.9 7.7694179e-31 7.7425557e-31 8.6276546e-42
1.8229676e+10 1.0121161e+20 5.5435244e+09 10667549 8509078.2 7.7461413e-31 7.7193863e-31 8.5846129e-42
1.8247933e+10 1.0131283e+20 5.5435244e+09 10656907 8500570 7.7229345e-31 7.6962862e-31 8.5417859e-42
1.8266209e+10 1.0141414e+20 5.5435244e+09 10646276 8492070.3 7.6997971e-31 7.6732552e-31 8.4991726e-42
1.8284503e+10 1.0151555e+20 5.5435244e+09 10635655 8483579.1 7.6767291e-31 7.6502931e-31 8.4567719e-42
1.8302816e+10 1.0161707e+20 5.5435244e+09 10625045 8475096.5 7.6537303e-31 7.6273997e-31 8.4145828e-42
1.8321147e+10 1.0171869e+20 5.5435244e+09 10614446 8466622.3 7.6308003e-31 7.6045748e-31 8.3726042e-42
1.8339496e+10 1.018204e+20 5.5435244e+09 10603857 8458156.6 7.607939e-31 7.5818182e-31 8.330835e-42
1.8357863e+10 1.0192223e+20 5.5435243e+09 10593278 8449699.4 7.5851463e-31 7.5591297e-31 8.2892743e-42
1.8376249e+10 1.0202415e+20 5.5435243e+09 10582710 8441250.6 7.5624219e-31 7.536509e-31 8.2479209e-42
1.8394653e+10 1.0212617e+20 5.5435243e+09 10572153 8432810.3 7.5397655e-31 7.5139561e-31 8.2067739e-42
1.8413076e+10 1.022283e+20 5.5435243e+09 10561606 8424378.5 7.5171771e-31 7.4914706e-31 8.1658321e-42
1.8431517e+10 1.0233053e+20 5.5435243e+09 10551070 8415955.1 7.4946563e-31 7.4690524e-31 8.1250947e-42
1.8449976e+10 1.0243286e+20 5.5435243e+09 10540544 8407540.1 7.472203e-31 7.4467013e-31 8.0845605e-42
1.8468454e+10 1.0253529e+20 5.5435243e+09 10530029 8399133.5 7.449817e-31 7.424417e-31 8.0442285e-42
1.8486951e+10 1.0263782e+20 5.5435243e+09 10519524 8390735.4 7.4274981e-31 7.4021995e-31 8.0040978e-42
1.8505466e+10 1.0274046e+20 5.5435243e+09 10509030 8382345.6 7.4052461e-31 7.3800484e-31 7.9641673e-42
1.8523999e+10 1.028432e+20 5.5435243e+09 10498546 8373964.3 7.3830607e-31 7.3579635e-31 7.924436e-42
1.8542551e+10 1.0294605e+20 5.5435243e+09 10488072 8365591.3 7.3609418e-31 7.3359448e-31 7.884903e-42
1.8561122e+10 1.0304899e+20 5.5435243e+09 10477609 8357226.7 7.3388892e-31 7.3139919e-31 7.8455673e-42
1.8579711e+10 1.0315204e+20 5.5435243e+09 10467157 8348870.5 7.3169027e-31 7.2921047e-31 7.8064278e-42
1.8598318e+10 1.0325519e+20 5.5435243e+09 10456714 8340522.7 7.294982e-31 7.270283e-31 7.7674835e-42
1.8616945e+10 1.0335845e+20 5.5435243e+09 10446283 8332183.2 7.2731271e-31 7.2485266e-31 7.7287336e-42
1.8635589e+10 1.0346181e+20 5.5435243e+09 10435861 8323852 7.2513376e-31 7.2268353e-31 7.6901771e-42
1.8654253e+10 1.0356527e+20 5.5435243e+09 10425450 8315529.2 7.2296134e-31 7.2052089e-31 7.6518129e-42
1.8672935e+10 1.0366883e+20 5.5435243e+09 10415049 8307214.7 7.2079544e-31 7.1836472e-31 7.6136401e-42
1.8691636e+10 1.037725e+20 5.5435243e+09 10404659 8298908.6 7.1863602e-31 7.16215e-31 7.5756578e-42
1.8710356e+10 1.0387628e+20 5.5435242e+09 10394279 8290610.7 7.1648307e-31 7.1407172e-31 7.537865e-42
1.8729094e+10 1.0398015e+20 5.5435242e+09 10383910 8282321.2 7.1433658e-31 7.1193484e-31 7.5002608e-42
1.8747851e+10 1.0408413e+20 5.5435242e+09 10373550 8274039.9 7.1219651e-31 7.0980436e-31 7.4628442e-42
1.8766627e+10 1.0418822e+20 5.5435242e+09 10363201 8265767 7.1006286e-31 7.0768025e-31 7.4256142e-42
1.8785421e+10 1.042924e+20 5.5435242e+09 10352863 8257502.3 7.079356e-31 7.055625e-31 7.3885701e-42
1.8804235e+10 1.043967e+20 5.5435242e+09 10342534 8249245.9 7.0581472e-31 7.0345109e-31 7.3517107e-42
1.8823067e+10 1.0450109e+20 5.5435242e+09 10332216 8240997.7 7.0370019e-31 7.0134599e-31 7.3150353e-42
1.8841918e+10 1.0460559e+20 5.5435242e+09 10321909 8232757.8 7.01592e-31 6.9924719e-31 7.2785429e-42
1.8860788e+10 1.047102e+20 5.5435242e+09 10311611 8224526.2 6.9949013e-31 6.9715467e-31 7.2422325e-42
1.8879677e+10 1.0481491e+20 5.5435242e+09 10301324 8216302.7 6.9739455e-31 6.9506842e-31 7.2061033e-42
1.8898584e+10 1.0491973e+20 5.5435242e+09 10291047 8208087.6 6.9530525e-31 6.929884e-31 7.1701544e-42
1.8917511e+10 1.0502464e+20 5.5435242e+09 10280780 8199880.6 6.9322222e-31 6.9091461e-31 7.1343848e-42
1.8936456e+10 1.0512967e+20 5.5435242e+09 10270524 8191681.9 6.9114542e-31 6.8884702e-31 7.0987937e-42
1.8955421e+10 1.052348e+20 5.5435242e+09 10260277 8183491.3 6.8907485e-31 6.8678562e-31 7.0633802e-42
1.8974404e+10 1.0534003e+20 5.5435242e+09 10250041 8175309 6.8701048e-31 6.8473039e-31 7.0281434e-42
1.8993406e+10 1.0544537e+20 5.5435242e+09 10239815 8167134.8 6.849523e-31 6.826813e-31 6.9930824e-42
1.9012428e+10 1.0555082e+20 5.5435242e+09 10229600 8158968.8 6.8290029e-31 6.8063835e-31 6.9581963e-42
1.9031468e+10 1.0565637e+20 5.5435242e+09 10219394 8150811 6.8085442e-31 6.7860151e-31 6.9234842e-42
1.9050528e+10 1.0576203e+20 5.5435242e+09 10209199 8142661.4 6.7881469e-31 6.7657076e-31 6.8889454e-42
1.9069606e+10 1.0586779e+20 5.5435241e+09 10199013 8134519.9 6.7678106e-31 6.7454609e-31 6.8545789e-42
1.9088704e+10 1.0597366e+20 5.5435241e+09 10188838 8126386.5 6.7475354e-31 6.7252748e-31 6.8203839e-42
1.910782e+10 1.0607963e+20 5.5435241e+09 10178674 8118261.3 6.7273208e-31 6.7051491e-31 6.7863594e-42
1.9126956e+10 1.0618571e+20 5.5435241e+09 10168519 8110144.3 6.7071668e-31 6.6850836e-31 6.7525048e-42
1.9146111e+10 1.062919e+20 5.5435241e+09 10158374 8102035.3 6.6870733e-31 6.6650781e-31 6.718819e-42
1.9165285e+10 1.0639819e+20 5.5435241e+09 10148239 8093934.5 6.6670399e-31 6.6451325e-31 6.6853013e-42
1.9184478e+10 1.0650459e+20 5.5435241e+09 10138115 8085841.8 6.6470666e-31 6.6252466e-31 6.6519509e-42
1.9203691e+10 1.0661109e+20 5.5435241e+09 10128001 8077757.1 6.6271531e-31 6.6054202e-31 6.6187668e-42
1.9222922e+10 1.067177e+20 5.5435241e+09 10117896 8069680.6 6.6072992e-31 6.5856531e-31 6.5857483e-42
1.9242173e+10 1.0682442e+20 5.5435241e+09 10107802 8061612.1 6.5875049e-31 6.5659451e-31 6.5528945e-42
1.9261443e+10 1.0693124e+20 5.5435241e+09 10097718 8053551.7 6.5677699e-31 6.5462961e-31 6.5202047e-42
1.9280733e+10 1.0703817e+20 5.5435241e+09 10087644 8045499.4 6.548094e-31 6.5267059e-31 6.487678e-42
1.9300041e+10 1.0714521e+20 5.5435241e+09 10077580 8037455.2 6.5284771e-31 6.5071743e-31 6.4553135e-42
1.9319369e+10 1.0725236e+20 5.5435241e+09 10067526 8029419 6.5089189e-31 6.4877012e-31 6.4231106e-42
1.9338717e+10 1.0735961e+20 5.5435241e+09 10057481 8021390.8 6.4894194e-31 6.4682863e-31 6.3910683e-42
1.9358083e+10 1.0746697e+20 5.5435241e+09 10047447 8013370.7 6.4699783e-31 6.4489295e-31 6.3591858e-42
1.9377469e+10 1.0757444e+20 5.5435241e+09 10037423 8005358.5 6.4505954e-31 6.4296306e-31 6.3274625e-42
1.9396875e+10 1.0768201e+20 5.5435241e+09 10027409 7997354.5 6.4312706e-31 6.4103895e-31 6.2958974e-42
1.94163e+10 1.0778969e+20 5.5435241e+09 10017405 7989358.4 6.4120038e-31 6.3912059e-31 6.2644898e-42
1.9435744e+10 1.0789748e+20 5.5435241e+09 10007411 7981370.3 6.3927946e-31 6.3720798e-31 6.2332389e-42
1.9455208e+10 1.0800538e+20 5.5435241e+09 9997426.9 7973390.2 6.373643e-31 6.3530108e-31 6.2021439e-42
1.9474691e+10 1.0811339e+20 5.543524e+09 9987452.7 7965418.1 6.3545488e-31 6.333999e-31 6.1712041e-42
1.9494193e+10 1.082215e+20 5.543524e+09 9977488.4 7957454 6.3355118e-31 6.315044e-31 6.1404186e-42
1.9513716e+10 1.0832972e+20 5.543524e+09 9967534.1 7949497.8 6.3165319e-31 6.2961457e-31 6.1097867e-42
1.9533257e+10 1.0843805e+20 5.543524e+09 9957589.7 7941549.6 6.2976088e-31 6.277304e-31 6.0793077e-42
1.9552818e+10 1.0854649e+20 5.543524e+09 9947655.1 7933609.4 6.2787425e-31 6.2585186e-31 6.0489807e-42
1.9572399e+10 1.0865503e+20 5.543524e+09 9937730.5 7925677.1 6.2599326e-31 6.2397895e-31 6.0188051e-42
1.9592e+10 1.0876369e+20 5.543524e+09 9927815.8 7917752.8 6.2411791e-31 6.2211164e-31 5.9887799e-42
1.961162e+10 1.0887245e+20 5.543524e+09 9917910.9 7909836.3 6.2224819e-31 6.2024991e-31 5.9589046e-42
1.9631259e+10 1.0898133e+20 5.543524e+09 9908015.9 7901927.8 6.2038406e-31 6.1839376e-31 5.9291784e-42
1.9650918e+10 1.0909031e+20 5.543524e+09 9898130.8 7894027.2 6.1852552e-31 6.1654316e-31 5.8996004e-42
1.9670597e+10 1.091994e+20 5.543524e+09 9888255.5 7886134.6 6.1667255e-31 6.146981e-31 5.8701701e-42
1.9690296e+10 1.093086e+20 5.543524e+09 9878390.1 7878249.8 6.1482513e-31 6.1285856e-31 5.8408865e-42
1.9710014e+10 1.0941791e+20 5.543524e+09 9868534.5 7870372.9 6.1298324e-31 6.1102452e-31 5.8117491e-42
1.9729752e+10 1.0952732e+20 5.543524e+09 9858688.7 7862503.9 6.1114688e-31 6.0919597e-31 5.7827571e-42
1.974951e+10 1.0963685e+20 5.543524e+09 9848852.7 7854642.7 6.0931602e-31 6.0737289e-31 5.7539096e-42
1.9769287e+10 1.0974649e+20 5.543524e+09 9839026.5 7846789.4 6.0749064e-31 6.0555527e-31 5.7252062e-42
1.9789084e+10 1.0985623e+20 5.543524e+09 9829210.1 7838944 6.0567073e-31 6.0374308e-31 5.6966459e-42
1.9808901e+10 1.0996609e+20 5.543524e+09 9819403.5 7831106.5 6.0385628e-31 6.0193632e-31 5.6682281e-42
1.9828738e+10 1.1007606e+20 5.543524e+09 9809606.7 7823276.7 6.0204726e-31 6.0013497e-31 5.6399521e-42
1.9848595e+10 1.1018613e+20 5.543524e+09 9799819.6 7815454.9 6.0024367e-31 5.98339e-31 5.6118172e-42
1.9868472e+10 1.1029632e+20 5.543524e+09 9790042.3 7807640.8 5.9844547e-31 5.9654841e-31 5.5838226e-42
1.9888368e+10 1.1040662e+20 5.5435239e+09 9780274.7 7799834.5 5.9665267e-31 5.9476317e-31 5.5559677e-42
1.9908284e+10 1.1051702e+20 5.5435239e+09 9770516.9 7792036.1 5.9486524e-31 5.9298328e-31 5.5282518e-42
1.9928221e+10 1.1062754e+20 5.5435239e+09 9760768.7 7784245.5 5.9308316e-31 5.9120871e-31 5.5006742e-42
1.9948177e+10 1.1073817e+20 5.5435239e+09 9751030.3 7776462.7 5.9130642e-31 5.8943945e-31 5.4732341e-42
1.9968153e+10 1.108489e+20 5.5435239e+09 9741301.6 7768687.6 5.8953501e-31 5.8767549e-31 5.445931e-42
1.9988149e+10 1.1095975e+20 5.5435239e+09 9731582.6 7760920.4 5.877689e-31 5.859168e-31 5.4187641e-42
2.0008165e+10 1.1107071e+20 5.5435239e+09 9721873.3 7753160.9 5.8600809e-31 5.8416338e-31 5.3917327e-42
2.0028201e+10 1.1118178e+20 5.5435239e+09 9712173.6 7745409.1 5.8425255e-31 5.824152e-31 5.3648362e-42
2.0048257e+10 1.1129297e+20 5.5435239e+09 9702483.6 7737665.2 5.8250228e-31 5.8067225e-31 5.3380739e-42
2.0068334e+10 1.1140426e+20 5.5435239e+09 9692803.3 7729928.9 5.8075724e-31 5.7893452e-31 5.3114451e-42
2.008843e+10 1.1151566e+20 5.5435239e+09 9683132.6 7722200.5 5.7901744e-31 5.7720199e-31 5.2849491e-42
2.0108546e+10 1.1162718e+20 5.5435239e+09 9673471.5 7714479.7 5.7728285e-31 5.7547464e-31 5.2585854e-42
2.0128683e+10 1.1173881e+20 5.5435239e+09 9663820.1 7706766.7 5.7555345e-31 5.7375246e-31 5.2323531e-42
2.0148839e+10 1.1185054e+20 5.5435239e+09 9654178.3 7699061.4 5.7382924e-31 5.7203544e-31 5.2062518e-42
2.0169016e+10 1.1196239e+20 5.5435239e+09 9644546.1 7691363.8 5.721102e-31 5.7032355e-31 5.1802807e-42
2.0189213e+10 1.1207436e+20 5.5435239e+09 9634923.5 7683673.9 5.703963e-31 5.6861678e-31 5.1544391e-42
2.020943e+10 1.1218643e+20 5.5435239e+09 9625310.5 7675991.7 5.6868754e-31 5.6691512e-31 5.1287265e-42
2.0229668e+10 1.1229862e+20 5.5435239e+09 9615707 7668317.2 5.669839e-31 5.6521856e-31 5.1031421e-42
2.0249925e+10 1.1241092e+20 5.5435239e+09 9606113.2 7660650.4 5.6528537e-31 5.6352707e-31 5.0776854e-42
2.0270203e+10 1.1252333e+20 5.5435239e+09 9596528.9 7652991.2 5.6359192e-31 5.6184064e-31 5.0523558e-42
2.0290501e+10 1.1263585e+20 5.5435239e+09 9586954.1 7645339.7 5.6190355e-31 5.6015925e-31 5.0271524e-42
2.031082e+10 1.1274849e+20 5.5435239e+09 9577388.9 7637695.9 5.6022024e-31 5.584829e-31 5.0020749e-42
2.0331159e+10 1.1286124e+20 5.5435239e+09 9567833.2 7630059.7 5.5854197e-31 5.5681156e-31 4.9771224e-42
2.0351518e+10 1.129741e+20 5.5435238e+09 9558287.1 7622431.1 5.5686873e-31 5.5514523e-31 4.9522944e-42
2.0371897e+10 1.1308707e+20 5.5435238e+09 9548750.4 7614810.2 5.552005e-31 5.5348388e-31 4.9275903e-42
2.0392297e+10 1.1320016e+20 5.5435238e+09 9539223.3 7607196.9 5.5353727e-31 5.518275e-31 4.9030095e-42
2.0412717e+10 1.1331336e+20 5.5435238e+09 9529705.6 7599591.2 5.5187903e-31 5.5017607e-31 4.8785513e-42
2.0433158e+10 1.1342667e+20 5.5435238e+09 9520197.4 7591993.2 5.5022575e-31 5.4852959e-31 4.8542151e-42
2.0453619e+10 1.135401e+20 5.5435238e+09 9510698.7 7584402.7 5.4857743e-31 5.4688804e-31 4.8300003e-42
2.0474101e+10 1.1365364e+20 5.5435238e+09 9501209.5 7576819.9 5.4693404e-31 5.4525139e-31 4.8059063e-42
2.0494603e+10 1.1376729e+20 5.5435238e+09 9491729.7 7569244.6 5.4529558e-31 5.4361965e-31 4.7819326e-42
2.0515125e+10 1.1388106e+20 5.5435238e+09 9482259.4 7561676.9 5.4366203e-31 5.4199279e-31 4.7580784e-42
2.0535668e+10 1.1399494e+20 5.5435238e+09 9472798.5 7554116.8 5.4203338e-31 5.4037079e-31 4.7343433e-42
2.0556232e+10 1.1410893e+20 5.5435238e+09 9463347.1 7546564.2 5.404096e-31 5.3875365e-31 4.7107265e-42
2.0576816e+10 1.1422304e+20 5.5435238e+09 9453905 7539019.2 5.3879069e-31 5.3714134e-31 4.6872276e-42
2.0597421e+10 1.1433727e+20 5.5435238e+09 9444472.4 7531481.7 5.3717663e-31 5.3553387e-31 4.663846e-42
2.0618046e+10 1.144516e+20 5.5435238e+09 9435049.1 7523951.8 5.3556741e-31 5.339312e-31 4.6405809e-42
2.0638692e+10 1.1456606e+20 5.5435238e+09 9425635.3 7516429.4 5.3396301e-31 5.3233332e-31 4.617432e-42
2.0659359e+10 1.1468062e+20 5.5435238e+09 9416230.8 7508914.6 5.3236341e-31 5.3074023e-31 4.5943985e-42
2.0680046e+10 1.147953e+20 5.5435238e+09 9406835.7 7501407.3 5.3076861e-31 5.291519e-31 4.57148e-42
2.0700754e+10 1.149101e+20 5.5435238e+09 9397450 7493907.4 5.2917859e-31 5.2756833e-31 4.5486758e-42
2.0721483e+10 1.1502501e+20 5.5435238e+09 9388073.6 7486415.1 5.2759333e-31 5.259895e-31 4.5259854e-42
2.0742232e+10 1.1514003e+20 5.5435238e+09 9378706.6 7478930.3 5.2601282e-31 5.2441539e-31 4.5034082e-42
2.0763003e+10 1.1525517e+20 5.5435238e+09 9369348.9 7471453 5.2443704e-31 5.2284599e-31 4.4809436e-42
2.0783794e+10 1.1537043e+20 5.5435238e+09 9360000.5 7463983.1 5.2286599e-31 5.2128128e-31 4.4585911e-42
2.0804605e+10 1.154858e+20 5.5435238e+09 9350661.5 7456520.7 5.2129964e-31 5.1972126e-31 4.4363501e-42
2.0825438e+10 1.1560128e+20 5.5435237e+09 9341331.7 7449065.8 5.1973799e-31 5.1816591e-31 4.41422e-42
2.0846291e+10 1.1571689e+20 5.5435237e+09 9332011.3 7441618.4 5.1818102e-31 5.1661521e-31 4.3922004e-42
2.0867166e+10 1.158326e+20 5.5435237e+09 9322700.1 7434178.4 5.1662871e-31 5.1506915e-31 4.3702906e-42
2.0888061e+10 1.1594844e+20 5.5435237e+09 9313398.2 7426745.8 5.1508105e-31 5.1352771e-31 4.3484902e-42
2.0908977e+10 1.1606438e+20 5.5435237e+09 9304105.6 7419320.7 5.1353803e-31 5.1199089e-31 4.3267985e-42
2.0929914e+10 1.1618045e+20 5.5435237e+09 9294822.2 7411903 5.1199964e-31 5.1045867e-31 4.305215e-42
2.0950871e+10 1.1629663e+20 5.5435237e+09 9285548.1 7404492.8 5.1046585e-31 5.0893103e-31 4.2837392e-42
2.097185e+10 1.1641293e+20 5.5435237e+09 9276283.3 7397089.9 5.0893666e-31 5.0740796e-31 4.2623705e-42
2.099285e+10 1.1652934e+20 5.5435237e+09 9267027.6 7389694.5 5.0741205e-31 5.0588945e-31 4.2411085e-42
2.1013871e+10 1.1664587e+20 5.5435237e+09 9257781.2 7382306.4 5.0589201e-31 5.0437548e-31 4.2199525e-42
2.1034913e+10 1.1676251e+20 5.5435237e+09 9248544 7374925.8 5.0437652e-31 5.0286605e-31 4.1989021e-42
2.1055976e+10 1.1687928e+20 5.5435237e+09 9239316.1 7367552.5 5.0286557e-31 5.0136113e-31 4.1779567e-42
