# Mfl=0.1Msun, vmin=0.03c, vmax=0.3c, power-law-index=0.5
# time [s], rsh [cm], vsh [cm/s], Deltav_2 [cm/s], rho_ISM [g/cm3], rhofl_2 [g/cm3], int_rhosq_1dr [g^2/cm^5]
3159317.1 2.8421979e+16 8.4575827e+09 5.3911727e+08 2.5e-22 7.6828386e-20 9.0590272e-32
3162677.6 2.8450401e+16 8.5128771e+09 4.8336412e+08 2.5e-22 7.6602267e-20 2.0382283e-31
3166019.7 2.8478851e+16 8.5102078e+09 4.8546103e+08 2.5e-22 7.6377779e-20 3.0488264e-31
3169366.1 2.850733e+16 8.5089535e+09 4.8620575e+08 2.5e-22 7.6153417e-20 4.0663352e-31
3172716.4 2.8535837e+16 8.507985e+09 4.8666218e+08 2.5e-22 7.5929735e-20 5.0876381e-31
3176070.4 2.8564373e+16 8.5071114e+09 4.8702287e+08 2.5e-22 7.5706718e-20 6.112109e-31
3179428.1 2.8592938e+16 8.5062781e+09 4.8734283e+08 2.5e-22 7.548436e-20 7.1395428e-31
3182789.5 2.862153e+16 8.5054644e+09 4.8764272e+08 2.5e-22 7.5262658e-20 8.1698555e-31
3186154.6 2.8650152e+16 8.5046613e+09 4.8793171e+08 2.5e-22 7.5041611e-20 9.2030086e-31
3189523.3 2.8678802e+16 8.5038641e+09 4.8821438e+08 2.5e-22 7.4821217e-20 1.0238983e-30
3192895.8 2.8707481e+16 8.5030705e+09 4.8849323e+08 2.5e-22 7.4601472e-20 1.1277772e-30
3196271.9 2.8736188e+16 8.5022788e+09 4.8876973e+08 2.5e-22 7.4382376e-20 1.2319371e-30
3199651.7 2.8764925e+16 8.5014884e+09 4.8904476e+08 2.5e-22 7.4163926e-20 1.336378e-30
3203035.2 2.879369e+16 8.5006985e+09 4.8931891e+08 2.5e-22 7.3946121e-20 1.4411003e-30
3206422.5 2.8822483e+16 8.4999088e+09 4.8959256e+08 2.5e-22 7.3728958e-20 1.5461043e-30
3209813.4 2.8851306e+16 8.499119e+09 4.8986598e+08 2.5e-22 7.3512435e-20 1.6513904e-30
3213208 2.8880157e+16 8.4983289e+09 4.9013935e+08 2.5e-22 7.3296551e-20 1.7569591e-30
3216606.3 2.8909037e+16 8.4975385e+09 4.904128e+08 2.5e-22 7.3081304e-20 1.8628111e-30
3220008.4 2.8937946e+16 8.4967476e+09 4.9068645e+08 2.5e-22 7.2866691e-20 1.9689468e-30
3223414.1 2.8966884e+16 8.4959561e+09 4.9096036e+08 2.5e-22 7.2652712e-20 2.0753669e-30
3226823.6 2.8995851e+16 8.495164e+09 4.9123458e+08 2.5e-22 7.2439363e-20 2.182072e-30
3230236.9 2.9024847e+16 8.4943712e+09 4.9150917e+08 2.5e-22 7.2226644e-20 2.2890628e-30
3233653.8 2.9053872e+16 8.4935777e+09 4.9178416e+08 2.5e-22 7.2014552e-20 2.3963398e-30
3237074.5 2.9082926e+16 8.4927834e+09 4.9205958e+08 2.5e-22 7.1803086e-20 2.5039038e-30
3240498.9 2.9112009e+16 8.4919884e+09 4.9233544e+08 2.5e-22 7.1592243e-20 2.6117555e-30
3243927.1 2.9141121e+16 8.4911927e+09 4.9261177e+08 2.5e-22 7.1382022e-20 2.7198954e-30
3247359 2.9170262e+16 8.4903961e+09 4.9288858e+08 2.5e-22 7.1172422e-20 2.8283243e-30
3250794.7 2.9199432e+16 8.4895987e+09 4.9316589e+08 2.5e-22 7.0963439e-20 2.9370428e-30
3254234.1 2.9228631e+16 8.4888005e+09 4.934437e+08 2.5e-22 7.0755072e-20 3.0460517e-30
3257677.3 2.925786e+16 8.4880015e+09 4.9372202e+08 2.5e-22 7.054732e-20 3.1553517e-30
3261124.3 2.9287118e+16 8.4872017e+09 4.9400087e+08 2.5e-22 7.0340181e-20 3.2649434e-30
3264575 2.9316405e+16 8.486401e+09 4.9428024e+08 2.5e-22 7.0133653e-20 3.3748275e-30
3268029.6 2.9345721e+16 8.4855995e+09 4.9456014e+08 2.5e-22 6.9927734e-20 3.4850047e-30
3271487.9 2.9375067e+16 8.4847971e+09 4.9484057e+08 2.5e-22 6.9722422e-20 3.5954758e-30
3274949.9 2.9404442e+16 8.4839939e+09 4.9512155e+08 2.5e-22 6.9517715e-20 3.7062414e-30
3278415.8 2.9433847e+16 8.4831898e+09 4.9540308e+08 2.5e-22 6.9313612e-20 3.8173023e-30
3281885.5 2.946328e+16 8.4823849e+09 4.9568515e+08 2.5e-22 6.9110111e-20 3.9286591e-30
3285358.9 2.9492744e+16 8.4815791e+09 4.9596777e+08 2.5e-22 6.8907211e-20 4.0403126e-30
3288836.2 2.9522237e+16 8.4807724e+09 4.9625094e+08 2.5e-22 6.8704908e-20 4.1522636e-30
3292317.3 2.9551759e+16 8.4799648e+09 4.9653467e+08 2.5e-22 6.8503202e-20 4.2645126e-30
3295802.2 2.9581311e+16 8.4791564e+09 4.9681896e+08 2.5e-22 6.8302091e-20 4.3770605e-30
3299290.9 2.9610892e+16 8.4783471e+09 4.971038e+08 2.5e-22 6.8101573e-20 4.4899079e-30
3302783.4 2.9640503e+16 8.4775369e+09 4.9738921e+08 2.5e-22 6.7901647e-20 4.6030557e-30
3306279.8 2.9670143e+16 8.4767258e+09 4.9767518e+08 2.5e-22 6.770231e-20 4.7165044e-30
3309780 2.9699813e+16 8.4759138e+09 4.9796171e+08 2.5e-22 6.750356e-20 4.8302549e-30
3313284 2.9729513e+16 8.475101e+09 4.9824881e+08 2.5e-22 6.7305397e-20 4.9443079e-30
3316791.9 2.9759243e+16 8.4742872e+09 4.9853647e+08 2.5e-22 6.7107818e-20 5.0586641e-30
3320303.6 2.9789002e+16 8.4734726e+09 4.9882471e+08 2.5e-22 6.6910822e-20 5.1733243e-30
3323819.1 2.9818791e+16 8.4726571e+09 4.9911351e+08 2.5e-22 6.6714407e-20 5.2882891e-30
3327338.5 2.984861e+16 8.4718407e+09 4.9940289e+08 2.5e-22 6.6518571e-20 5.4035594e-30
3330861.8 2.9878458e+16 8.4710234e+09 4.9969283e+08 2.5e-22 6.6323313e-20 5.5191358e-30
3334389 2.9908337e+16 8.4702051e+09 4.9998335e+08 2.5e-22 6.612863e-20 5.6350191e-30
3337920 2.9938245e+16 8.469386e+09 5.0027444e+08 2.5e-22 6.5934521e-20 5.7512101e-30
3341454.8 2.9968183e+16 8.468566e+09 5.0056611e+08 2.5e-22 6.5740985e-20 5.8677095e-30
3344993.6 2.9998152e+16 8.4677451e+09 5.0085835e+08 2.5e-22 6.554802e-20 5.9845181e-30
3348536.2 3.002815e+16 8.4669233e+09 5.0115117e+08 2.5e-22 6.5355623e-20 6.1016366e-30
3352082.8 3.0058178e+16 8.4661006e+09 5.0144456e+08 2.5e-22 6.5163794e-20 6.2190657e-30
3355633.2 3.0088236e+16 8.4652769e+09 5.0173854e+08 2.5e-22 6.497253e-20 6.3368062e-30
3359187.5 3.0118324e+16 8.4644524e+09 5.0203309e+08 2.5e-22 6.4781831e-20 6.454859e-30
3362745.7 3.0148443e+16 8.4636269e+09 5.0232822e+08 2.5e-22 6.4591694e-20 6.5732246e-30
3366307.8 3.0178591e+16 8.4628006e+09 5.0262393e+08 2.5e-22 6.4402117e-20 6.6919039e-30
3369873.8 3.020877e+16 8.4619733e+09 5.0292022e+08 2.5e-22 6.42131e-20 6.8108977e-30
3373443.8 3.0238978e+16 8.4611451e+09 5.032171e+08 2.5e-22 6.402464e-20 6.9302068e-30
3377017.6 3.0269217e+16 8.460316e+09 5.0351456e+08 2.5e-22 6.3836735e-20 7.0498318e-30
3380595.4 3.0299487e+16 8.4594859e+09 5.038126e+08 2.5e-22 6.3649385e-20 7.1697736e-30
3384177.2 3.0329786e+16 8.458655e+09 5.0411122e+08 2.5e-22 6.3462587e-20 7.2900329e-30
3387762.8 3.0360116e+16 8.4578231e+09 5.0441043e+08 2.5e-22 6.327634e-20 7.4106105e-30
3391352.4 3.0390476e+16 8.4569903e+09 5.0471023e+08 2.5e-22 6.3090642e-20 7.5315071e-30
3394945.9 3.0420866e+16 8.4561566e+09 5.0501061e+08 2.5e-22 6.2905491e-20 7.6527237e-30
3398543.4 3.0451287e+16 8.455322e+09 5.0531158e+08 2.5e-22 6.2720887e-20 7.7742609e-30
3402144.8 3.0481739e+16 8.4544864e+09 5.0561313e+08 2.5e-22 6.2536827e-20 7.8961194e-30
3405750.2 3.051222e+16 8.4536499e+09 5.0591527e+08 2.5e-22 6.235331e-20 8.0183002e-30
3409359.6 3.0542733e+16 8.4528125e+09 5.0621801e+08 2.5e-22 6.2170333e-20 8.140804e-30
3412972.9 3.0573275e+16 8.4519742e+09 5.0652133e+08 2.5e-22 6.1987897e-20 8.2636315e-30
3416590.2 3.0603849e+16 8.4511349e+09 5.0682524e+08 2.5e-22 6.1805998e-20 8.3867836e-30
3420211.5 3.0634452e+16 8.4502947e+09 5.0712974e+08 2.5e-22 6.1624635e-20 8.510261e-30
3423836.7 3.0665087e+16 8.4494535e+09 5.0743484e+08 2.5e-22 6.1443808e-20 8.6340646e-30
3427466 3.0695752e+16 8.4486115e+09 5.0774052e+08 2.5e-22 6.1263513e-20 8.7581951e-30
3431099.2 3.0726448e+16 8.4477684e+09 5.080468e+08 2.5e-22 6.108375e-20 8.8826534e-30
3434736.4 3.0757174e+16 8.4469245e+09 5.0835367e+08 2.5e-22 6.0904517e-20 9.0074402e-30
3438377.7 3.0787931e+16 8.4460796e+09 5.0866114e+08 2.5e-22 6.0725813e-20 9.1325563e-30
3442022.9 3.0818719e+16 8.4452338e+09 5.089692e+08 2.5e-22 6.0547635e-20 9.2580025e-30
3445672.1 3.0849538e+16 8.444387e+09 5.0927785e+08 2.5e-22 6.0369983e-20 9.3837797e-30
3449325.4 3.0880388e+16 8.4435393e+09 5.095871e+08 2.5e-22 6.0192855e-20 9.5098886e-30
3452982.7 3.0911268e+16 8.4426906e+09 5.0989695e+08 2.5e-22 6.0016249e-20 9.6363301e-30
3456644 3.0942179e+16 8.441841e+09 5.102074e+08 2.5e-22 5.9840163e-20 9.763105e-30
3460309.3 3.0973121e+16 8.4409904e+09 5.1051844e+08 2.5e-22 5.9664597e-20 9.890214e-30
3463978.7 3.1004094e+16 8.4401389e+09 5.1083008e+08 2.5e-22 5.9489549e-20 1.0017658e-29
3467652.1 3.1035099e+16 8.4392865e+09 5.1114232e+08 2.5e-22 5.9315016e-20 1.0145438e-29
3471329.5 3.1066134e+16 8.4384331e+09 5.1145516e+08 2.5e-22 5.9140998e-20 1.0273554e-29
3475011.1 3.10972e+16 8.4375787e+09 5.1176859e+08 2.5e-22 5.8967493e-20 1.0402008e-29
3478696.6 3.1128297e+16 8.4367234e+09 5.1208263e+08 2.5e-22 5.87945e-20 1.05308e-29
3482386.2 3.1159425e+16 8.4358671e+09 5.1239727e+08 2.5e-22 5.8622017e-20 1.0659932e-29
3486079.9 3.1190585e+16 8.4350099e+09 5.1271252e+08 2.5e-22 5.8450042e-20 1.0789403e-29
3489777.7 3.1221775e+16 8.4341517e+09 5.1302836e+08 2.5e-22 5.8278575e-20 1.0919215e-29
3493479.5 3.1252997e+16 8.4332926e+09 5.1334481e+08 2.5e-22 5.8107613e-20 1.1049368e-29
3497185.4 3.128425e+16 8.4324325e+09 5.1366186e+08 2.5e-22 5.7937154e-20 1.1179864e-29
3500895.4 3.1315534e+16 8.4315714e+09 5.1397952e+08 2.5e-22 5.7767199e-20 1.1310704e-29
3504609.5 3.134685e+16 8.4307094e+09 5.1429778e+08 2.5e-22 5.7597745e-20 1.1441887e-29
3508327.6 3.1378197e+16 8.4298464e+09 5.1461665e+08 2.5e-22 5.742879e-20 1.1573415e-29
3512049.9 3.1409575e+16 8.4289824e+09 5.1493612e+08 2.5e-22 5.7260333e-20 1.1705289e-29
3515776.3 3.1440984e+16 8.4281175e+09 5.152562e+08 2.5e-22 5.7092373e-20 1.183751e-29
3519506.8 3.1472425e+16 8.4272516e+09 5.1557689e+08 2.5e-22 5.6924908e-20 1.1970078e-29
3523241.4 3.1503898e+16 8.4263848e+09 5.1589818e+08 2.5e-22 5.6757937e-20 1.2102994e-29
3526980.1 3.1535402e+16 8.4255169e+09 5.1622008e+08 2.5e-22 5.6591458e-20 1.223626e-29
3530723 3.1566937e+16 8.4246481e+09 5.165426e+08 2.5e-22 5.642547e-20 1.2369876e-29
3534469.9 3.1598504e+16 8.4237783e+09 5.1686572e+08 2.5e-22 5.6259971e-20 1.2503842e-29
3538221 3.1630103e+16 8.4229076e+09 5.1718945e+08 2.5e-22 5.609496e-20 1.263816e-29
3541976.3 3.1661733e+16 8.4220359e+09 5.1751379e+08 2.5e-22 5.5930436e-20 1.2772831e-29
3545735.7 3.1693394e+16 8.4211632e+09 5.1783875e+08 2.5e-22 5.5766397e-20 1.2907855e-29
3549499.2 3.1725088e+16 8.4202895e+09 5.1816432e+08 2.5e-22 5.5602841e-20 1.3043234e-29
3553266.9 3.1756813e+16 8.4194148e+09 5.184905e+08 2.5e-22 5.5439767e-20 1.3178967e-29
3557038.8 3.178857e+16 8.4185392e+09 5.1881729e+08 2.5e-22 5.5277175e-20 1.3315057e-29
3560814.8 3.1820358e+16 8.4176625e+09 5.191447e+08 2.5e-22 5.5115061e-20 1.3451504e-29
3564595 3.1852179e+16 8.4167849e+09 5.1947272e+08 2.5e-22 5.4953425e-20 1.3588308e-29
3568379.3 3.1884031e+16 8.4159063e+09 5.1980136e+08 2.5e-22 5.4792266e-20 1.3725471e-29
3572167.9 3.1915915e+16 8.4150267e+09 5.2013061e+08 2.5e-22 5.4631582e-20 1.3862994e-29
3575960.6 3.1947831e+16 8.4141462e+09 5.2046048e+08 2.5e-22 5.4471372e-20 1.4000877e-29
3579757.5 3.1979779e+16 8.4132646e+09 5.2079096e+08 2.5e-22 5.4311634e-20 1.4139122e-29
3583558.6 3.2011758e+16 8.412382e+09 5.2112207e+08 2.5e-22 5.4152367e-20 1.4277728e-29
3587364 3.204377e+16 8.4114985e+09 5.2145379e+08 2.5e-22 5.399357e-20 1.4416698e-29
3591173.5 3.2075814e+16 8.410614e+09 5.2178613e+08 2.5e-22 5.383524e-20 1.4556031e-29
3594987.2 3.210789e+16 8.4097284e+09 5.2211909e+08 2.5e-22 5.3677378e-20 1.469573e-29
3598805.2 3.2139998e+16 8.4088419e+09 5.2245267e+08 2.5e-22 5.351998e-20 1.4835794e-29
3602627.3 3.2172138e+16 8.4079544e+09 5.2278687e+08 2.5e-22 5.3363047e-20 1.4976224e-29
3606453.7 3.220431e+16 8.4070659e+09 5.2312169e+08 2.5e-22 5.3206576e-20 1.5117023e-29
3610284.3 3.2236514e+16 8.4061763e+09 5.2345713e+08 2.5e-22 5.3050567e-20 1.5258189e-29
3614119.2 3.2268751e+16 8.4052858e+09 5.237932e+08 2.5e-22 5.2895017e-20 1.5399725e-29
3617958.3 3.2301019e+16 8.4043943e+09 5.2412988e+08 2.5e-22 5.2739926e-20 1.5541632e-29
3621801.7 3.233332e+16 8.4035017e+09 5.244672e+08 2.5e-22 5.2585292e-20 1.5683909e-29
3625649.3 3.2365654e+16 8.4026082e+09 5.2480513e+08 2.5e-22 5.2431114e-20 1.5826558e-29
3629501.1 3.2398019e+16 8.4017137e+09 5.2514369e+08 2.5e-22 5.2277391e-20 1.5969581e-29
3633357.2 3.2430417e+16 8.4008181e+09 5.2548288e+08 2.5e-22 5.212412e-20 1.6112977e-29
3637217.6 3.2462848e+16 8.3999216e+09 5.2582269e+08 2.5e-22 5.1971302e-20 1.6256748e-29
3641082.3 3.2495311e+16 8.399024e+09 5.2616313e+08 2.5e-22 5.1818934e-20 1.6400894e-29
3644951.2 3.2527806e+16 8.3981254e+09 5.2650419e+08 2.5e-22 5.1667015e-20 1.6545418e-29
3648824.4 3.2560334e+16 8.3972258e+09 5.2684588e+08 2.5e-22 5.1515544e-20 1.6690318e-29
3652702 3.2592894e+16 8.3963252e+09 5.271882e+08 2.5e-22 5.1364519e-20 1.6835598e-29
3656583.8 3.2625487e+16 8.3954236e+09 5.2753115e+08 2.5e-22 5.1213939e-20 1.6981256e-29
3660469.9 3.2658112e+16 8.3945209e+09 5.2787473e+08 2.5e-22 5.1063804e-20 1.7127295e-29
3664360.3 3.2690771e+16 8.3936172e+09 5.2821894e+08 2.5e-22 5.0914111e-20 1.7273715e-29
3668255 3.2723461e+16 8.3927126e+09 5.2856378e+08 2.5e-22 5.0764859e-20 1.7420518e-29
3672154 3.2756185e+16 8.3918069e+09 5.2890925e+08 2.5e-22 5.0616047e-20 1.7567703e-29
3676057.4 3.2788941e+16 8.3909001e+09 5.2925535e+08 2.5e-22 5.0467674e-20 1.7715273e-29
3679965.1 3.282173e+16 8.3899924e+09 5.2960209e+08 2.5e-22 5.0319738e-20 1.7863227e-29
3683877.1 3.2854552e+16 8.3890836e+09 5.2994945e+08 2.5e-22 5.0172238e-20 1.8011567e-29
3687793.4 3.2887406e+16 8.3881738e+09 5.3029746e+08 2.5e-22 5.0025173e-20 1.8160295e-29
3691714.1 3.2920294e+16 8.387263e+09 5.3064609e+08 2.5e-22 4.9878541e-20 1.830941e-29
3695639.1 3.2953214e+16 8.3863511e+09 5.3099536e+08 2.5e-22 4.9732341e-20 1.8458914e-29
3699568.5 3.2986167e+16 8.3854382e+09 5.3134527e+08 2.5e-22 4.9586573e-20 1.8608807e-29
3703502.3 3.3019153e+16 8.3845243e+09 5.3169581e+08 2.5e-22 4.9441234e-20 1.8759091e-29
3707440.4 3.3052172e+16 8.3836093e+09 5.3204699e+08 2.5e-22 4.9296324e-20 1.8909767e-29
3711382.8 3.3085225e+16 8.3826933e+09 5.323988e+08 2.5e-22 4.915184e-20 1.9060836e-29
3715329.7 3.311831e+16 8.3817763e+09 5.3275126e+08 2.5e-22 4.9007783e-20 1.9212298e-29
3719280.9 3.3151428e+16 8.3808582e+09 5.3310435e+08 2.5e-22 4.886415e-20 1.9364154e-29
3723236.5 3.318458e+16 8.3799391e+09 5.3345808e+08 2.5e-22 4.872094e-20 1.9516406e-29
3727196.5 3.3217764e+16 8.379019e+09 5.3381245e+08 2.5e-22 4.8578153e-20 1.9669054e-29
3731160.9 3.3250982e+16 8.3780978e+09 5.3416746e+08 2.5e-22 4.8435786e-20 1.98221e-29
3735129.7 3.3284233e+16 8.3771756e+09 5.3452311e+08 2.5e-22 4.8293839e-20 1.9975544e-29
3739102.9 3.3317517e+16 8.3762523e+09 5.348794e+08 2.5e-22 4.815231e-20 2.0129388e-29
3743080.6 3.3350835e+16 8.375328e+09 5.3523633e+08 2.5e-22 4.8011199e-20 2.0283632e-29
3747062.6 3.3384186e+16 8.3744026e+09 5.3559391e+08 2.5e-22 4.7870503e-20 2.0438277e-29
3751049 3.341757e+16 8.3734762e+09 5.3595213e+08 2.5e-22 4.7730222e-20 2.0593325e-29
3755039.9 3.3450987e+16 8.3725487e+09 5.3631099e+08 2.5e-22 4.7590355e-20 2.0748776e-29
3759035.2 3.3484438e+16 8.3716202e+09 5.366705e+08 2.5e-22 4.7450899e-20 2.0904631e-29
3763035 3.3517923e+16 8.3706906e+09 5.3703065e+08 2.5e-22 4.7311855e-20 2.1060891e-29
3767039.2 3.3551441e+16 8.36976e+09 5.3739145e+08 2.5e-22 4.717322e-20 2.1217558e-29
3771047.8 3.3584992e+16 8.3688283e+09 5.377529e+08 2.5e-22 4.7034995e-20 2.1374632e-29
3775061 3.3618577e+16 8.3678956e+09 5.3811499e+08 2.5e-22 4.6897176e-20 2.1532114e-29
3779078.5 3.3652196e+16 8.3669618e+09 5.3847772e+08 2.5e-22 4.6759764e-20 2.1690005e-29
3783100.6 3.3685848e+16 8.366027e+09 5.3884111e+08 2.5e-22 4.6622756e-20 2.1848307e-29
3787127.1 3.3719534e+16 8.365091e+09 5.3920514e+08 2.5e-22 4.6486153e-20 2.200702e-29
3791158 3.3753253e+16 8.3641541e+09 5.3956983e+08 2.5e-22 4.6349952e-20 2.2166145e-29
3795193.5 3.3787006e+16 8.363216e+09 5.3993516e+08 2.5e-22 4.6214152e-20 2.2325684e-29
3799233.5 3.3820793e+16 8.3622769e+09 5.4030114e+08 2.5e-22 4.6078753e-20 2.2485637e-29
3803277.9 3.3854614e+16 8.3613368e+09 5.4066778e+08 2.5e-22 4.5943752e-20 2.2646005e-29
3807326.9 3.3888469e+16 8.3603955e+09 5.4103506e+08 2.5e-22 4.580915e-20 2.280679e-29
3811380.3 3.3922357e+16 8.3594532e+09 5.41403e+08 2.5e-22 4.5674944e-20 2.2967992e-29
3815438.3 3.395628e+16 8.3585098e+09 5.4177159e+08 2.5e-22 4.5541133e-20 2.3129612e-29
3819500.8 3.3990236e+16 8.3575654e+09 5.4214083e+08 2.5e-22 4.5407717e-20 2.3291651e-29
3823567.8 3.4024226e+16 8.3566199e+09 5.4251073e+08 2.5e-22 4.5274695e-20 2.3454112e-29
3827639.3 3.405825e+16 8.3556733e+09 5.4288128e+08 2.5e-22 4.5142064e-20 2.3616993e-29
3831715.3 3.4092309e+16 8.3547256e+09 5.4325249e+08 2.5e-22 4.5009824e-20 2.3780297e-29
3835795.9 3.4126401e+16 8.3537768e+09 5.4362435e+08 2.5e-22 4.4877974e-20 2.3944025e-29
3839881.1 3.4160527e+16 8.352827e+09 5.4399687e+08 2.5e-22 4.4746512e-20 2.4108177e-29
3843970.8 3.4194688e+16 8.3518761e+09 5.4437004e+08 2.5e-22 4.4615438e-20 2.4272755e-29
3848065 3.4228883e+16 8.3509241e+09 5.4474387e+08 2.5e-22 4.4484749e-20 2.4437759e-29
3852163.9 3.4263112e+16 8.349971e+09 5.4511836e+08 2.5e-22 4.4354447e-20 2.4603192e-29
3856267.2 3.4297375e+16 8.3490169e+09 5.4549351e+08 2.5e-22 4.4224528e-20 2.4769053e-29
3860375.2 3.4331672e+16 8.3480617e+09 5.4586932e+08 2.5e-22 4.4094991e-20 2.4935343e-29
3864487.7 3.4366004e+16 8.3471053e+09 5.4624579e+08 2.5e-22 4.3965837e-20 2.5102065e-29
3868604.8 3.440037e+16 8.3461479e+09 5.4662291e+08 2.5e-22 4.3837063e-20 2.5269218e-29
3872726.5 3.443477e+16 8.3451894e+09 5.470007e+08 2.5e-22 4.3708669e-20 2.5436805e-29
3876852.8 3.4469205e+16 8.3442298e+09 5.4737915e+08 2.5e-22 4.3580653e-20 2.5604826e-29
3880983.8 3.4503674e+16 8.3432691e+09 5.4775826e+08 2.5e-22 4.3453014e-20 2.5773281e-29
3885119.3 3.4538178e+16 8.3423073e+09 5.4813804e+08 2.5e-22 4.3325752e-20 2.5942173e-29
3889259.4 3.4572716e+16 8.3413444e+09 5.4851848e+08 2.5e-22 4.3198864e-20 2.6111502e-29
3893404.1 3.4607289e+16 8.3403805e+09 5.4889958e+08 2.5e-22 4.307235e-20 2.628127e-29
3897553.5 3.4641896e+16 8.3394154e+09 5.4928135e+08 2.5e-22 4.2946209e-20 2.6451477e-29
3901707.5 3.4676538e+16 8.3384492e+09 5.4966378e+08 2.5e-22 4.282044e-20 2.6622124e-29
3905866.1 3.4711214e+16 8.337482e+09 5.5004687e+08 2.5e-22 4.2695041e-20 2.6793213e-29
3910029.4 3.4745926e+16 8.3365136e+09 5.5043064e+08 2.5e-22 4.2570012e-20 2.6964744e-29
3914197.3 3.4780671e+16 8.3355441e+09 5.5081507e+08 2.5e-22 4.2445351e-20 2.713672e-29
3918369.9 3.4815452e+16 8.3345735e+09 5.5120016e+08 2.5e-22 4.2321058e-20 2.730914e-29
3922547.1 3.4850268e+16 8.3336018e+09 5.5158593e+08 2.5e-22 4.2197131e-20 2.7482006e-29
3926729 3.4885118e+16 8.332629e+09 5.5197236e+08 2.5e-22 4.2073569e-20 2.7655319e-29
3930915.6 3.4920003e+16 8.3316551e+09 5.5235947e+08 2.5e-22 4.1950371e-20 2.782908e-29
3935106.8 3.4954923e+16 8.3306801e+09 5.5274724e+08 2.5e-22 4.1827536e-20 2.800329e-29
3939302.8 3.4989878e+16 8.329704e+09 5.5313568e+08 2.5e-22 4.1705063e-20 2.8177951e-29
3943503.4 3.5024868e+16 8.3287267e+09 5.535248e+08 2.5e-22 4.1582951e-20 2.8353063e-29
3947708.7 3.5059893e+16 8.3277484e+09 5.5391458e+08 2.5e-22 4.1461198e-20 2.8528628e-29
3951918.7 3.5094953e+16 8.3267689e+09 5.5430504e+08 2.5e-22 4.1339805e-20 2.8704646e-29
3956133.4 3.5130047e+16 8.3257883e+09 5.5469617e+08 2.5e-22 4.1218769e-20 2.8881119e-29
3960352.8 3.5165178e+16 8.3248066e+09 5.5508798e+08 2.5e-22 4.1098089e-20 2.9058048e-29
3964577 3.5200343e+16 8.3238238e+09 5.5548045e+08 2.5e-22 4.0977765e-20 2.9235434e-29
3968805.8 3.5235543e+16 8.3228398e+09 5.5587361e+08 2.5e-22 4.0857796e-20 2.9413278e-29
3973039.4 3.5270779e+16 8.3218547e+09 5.5626743e+08 2.5e-22 4.073818e-20 2.9591581e-29
3977277.8 3.5306049e+16 8.3208685e+09 5.5666194e+08 2.5e-22 4.0618917e-20 2.9770345e-29
3981520.8 3.5341355e+16 8.3198812e+09 5.5705712e+08 2.5e-22 4.0500005e-20 2.994957e-29
3985768.7 3.5376697e+16 8.3188927e+09 5.5745297e+08 2.5e-22 4.0381443e-20 3.0129258e-29
3990021.2 3.5412073e+16 8.3179032e+09 5.5784951e+08 2.5e-22 4.0263231e-20 3.0309409e-29
3994278.6 3.5447486e+16 8.3169124e+09 5.5824672e+08 2.5e-22 4.0145367e-20 3.0490026e-29
3998540.7 3.5482933e+16 8.3159206e+09 5.5864461e+08 2.5e-22 4.002785e-20 3.0671108e-29
4002807.5 3.5518416e+16 8.3149276e+09 5.5904318e+08 2.5e-22 3.9910679e-20 3.0852658e-29
4007079.2 3.5553934e+16 8.3139335e+09 5.5944243e+08 2.5e-22 3.9793854e-20 3.1034676e-29
4011355.6 3.5589488e+16 8.3129382e+09 5.5984236e+08 2.5e-22 3.9677373e-20 3.1217163e-29
4015636.8 3.5625078e+16 8.3119419e+09 5.6024297e+08 2.5e-22 3.9561235e-20 3.1400122e-29
4019922.8 3.5660703e+16 8.3109443e+09 5.6064426e+08 2.5e-22 3.9445439e-20 3.1583552e-29
4024213.6 3.5696364e+16 8.3099457e+09 5.6104624e+08 2.5e-22 3.9329984e-20 3.1767455e-29
4028509.3 3.573206e+16 8.3089459e+09 5.6144889e+08 2.5e-22 3.9214869e-20 3.1951832e-29
4032809.7 3.5767792e+16 8.3079449e+09 5.6185223e+08 2.5e-22 3.9100094e-20 3.2136685e-29
4037114.9 3.580356e+16 8.3069428e+09 5.6225626e+08 2.5e-22 3.8985656e-20 3.2322014e-29
4041425 3.5839363e+16 8.3059396e+09 5.6266097e+08 2.5e-22 3.8871556e-20 3.250782e-29
4045739.9 3.5875203e+16 8.3049352e+09 5.6306636e+08 2.5e-22 3.8757792e-20 3.2694106e-29
4050059.7 3.5911078e+16 8.3039297e+09 5.6347244e+08 2.5e-22 3.8644363e-20 3.2880871e-29
4054384.3 3.5946989e+16 8.302923e+09 5.6387921e+08 2.5e-22 3.8531268e-20 3.3068118e-29
4058713.7 3.5982936e+16 8.3019151e+09 5.6428666e+08 2.5e-22 3.8418507e-20 3.3255847e-29
4063048 3.6018919e+16 8.3009061e+09 5.646948e+08 2.5e-22 3.8306077e-20 3.3444059e-29
4067387.1 3.6054938e+16 8.299896e+09 5.6510363e+08 2.5e-22 3.8193979e-20 3.3632757e-29
4071731.2 3.6090993e+16 8.2988847e+09 5.6551315e+08 2.5e-22 3.8082211e-20 3.382194e-29
4076080.1 3.6127084e+16 8.2978722e+09 5.6592335e+08 2.5e-22 3.7970772e-20 3.401161e-29
4080433.8 3.6163211e+16 8.2968586e+09 5.6633425e+08 2.5e-22 3.7859662e-20 3.4201769e-29
4084792.5 3.6199374e+16 8.2958438e+09 5.6674584e+08 2.5e-22 3.7748879e-20 3.4392418e-29
4089156.1 3.6235573e+16 8.2948279e+09 5.6715811e+08 2.5e-22 3.7638422e-20 3.4583557e-29
4093524.5 3.6271809e+16 8.2938108e+09 5.6757108e+08 2.5e-22 3.752829e-20 3.4775188e-29
4097897.9 3.6308081e+16 8.2927925e+09 5.6798474e+08 2.5e-22 3.7418483e-20 3.4967312e-29
4102276.1 3.6344389e+16 8.2917731e+09 5.683991e+08 2.5e-22 3.7309e-20 3.515993e-29
4106659.3 3.6380733e+16 8.2907525e+09 5.6881414e+08 2.5e-22 3.7199839e-20 3.5353044e-29
4111047.4 3.6417114e+16 8.2897307e+09 5.6922988e+08 2.5e-22 3.7090999e-20 3.5546655e-29
4115440.5 3.6453531e+16 8.2887078e+09 5.6964632e+08 2.5e-22 3.698248e-20 3.5740764e-29
4119838.5 3.6489985e+16 8.2876837e+09 5.7006345e+08 2.5e-22 3.6874281e-20 3.5935373e-29
4124241.4 3.6526475e+16 8.2866584e+09 5.7048128e+08 2.5e-22 3.67664e-20 3.6130481e-29
4128649.2 3.6563001e+16 8.285632e+09 5.708998e+08 2.5e-22 3.6658838e-20 3.6326092e-29
4133062.1 3.6599564e+16 8.2846043e+09 5.7131902e+08 2.5e-22 3.6551592e-20 3.6522205e-29
4137479.8 3.6636164e+16 8.2835755e+09 5.7173893e+08 2.5e-22 3.6444662e-20 3.6718823e-29
4141902.6 3.66728e+16 8.2825455e+09 5.7215955e+08 2.5e-22 3.6338046e-20 3.6915946e-29
4146330.3 3.6709473e+16 8.2815144e+09 5.7258086e+08 2.5e-22 3.6231745e-20 3.7113576e-29
4150763 3.6746182e+16 8.280482e+09 5.7300287e+08 2.5e-22 3.6125757e-20 3.7311714e-29
4155200.7 3.6782928e+16 8.2794485e+09 5.7342558e+08 2.5e-22 3.6020082e-20 3.7510361e-29
4159643.4 3.6819711e+16 8.2784138e+09 5.7384899e+08 2.5e-22 3.5914717e-20 3.7709518e-29
4164091 3.6856531e+16 8.2773779e+09 5.7427311e+08 2.5e-22 3.5809663e-20 3.7909187e-29
4168543.7 3.6893387e+16 8.2763408e+09 5.7469792e+08 2.5e-22 3.5704918e-20 3.8109369e-29
4173001.4 3.6930281e+16 8.2753025e+09 5.7512344e+08 2.5e-22 3.5600482e-20 3.8310065e-29
4177464.1 3.6967211e+16 8.274263e+09 5.7554966e+08 2.5e-22 3.5496353e-20 3.8511277e-29
4181931.9 3.7004178e+16 8.2732224e+09 5.7597658e+08 2.5e-22 3.5392531e-20 3.8713006e-29
4186404.6 3.7041183e+16 8.2721805e+09 5.764042e+08 2.5e-22 3.5289015e-20 3.8915252e-29
4190882.4 3.7078224e+16 8.2711374e+09 5.7683253e+08 2.5e-22 3.5185804e-20 3.9118018e-29
4195365.3 3.7115302e+16 8.2700932e+09 5.7726157e+08 2.5e-22 3.5082897e-20 3.9321305e-29
4199853.2 3.7152417e+16 8.2690478e+09 5.7769131e+08 2.5e-22 3.4980292e-20 3.9525113e-29
4204346.1 3.718957e+16 8.2680011e+09 5.7812175e+08 2.5e-22 3.487799e-20 3.9729445e-29
4208844.1 3.7226759e+16 8.2669533e+09 5.7855291e+08 2.5e-22 3.477599e-20 3.9934301e-29
4213347.2 3.7263986e+16 8.2659042e+09 5.7898477e+08 2.5e-22 3.4674289e-20 4.0139682e-29
4217855.4 3.730125e+16 8.264854e+09 5.7941734e+08 2.5e-22 3.4572889e-20 4.0345591e-29
4222368.6 3.7338551e+16 8.2638025e+09 5.7985061e+08 2.5e-22 3.4471786e-20 4.0552028e-29
4226886.9 3.737589e+16 8.2627499e+09 5.802846e+08 2.5e-22 3.4370982e-20 4.0758995e-29
4231410.4 3.7413266e+16 8.261696e+09 5.8071929e+08 2.5e-22 3.4270475e-20 4.0966493e-29
4235938.9 3.7450679e+16 8.2606409e+09 5.811547e+08 2.5e-22 3.4170263e-20 4.1174523e-29
4240472.5 3.748813e+16 8.2595847e+09 5.8159081e+08 2.5e-22 3.4070347e-20 4.1383087e-29
4245011.2 3.7525618e+16 8.2585272e+09 5.8202764e+08 2.5e-22 3.3970725e-20 4.1592185e-29
4249555.1 3.7563143e+16 8.2574685e+09 5.8246518e+08 2.5e-22 3.3871396e-20 4.180182e-29
4254104.1 3.7600706e+16 8.2564085e+09 5.8290343e+08 2.5e-22 3.377236e-20 4.2011992e-29
4258658.2 3.7638307e+16 8.2553474e+09 5.8334239e+08 2.5e-22 3.3673615e-20 4.2222704e-29
4263217.5 3.7675946e+16 8.254285e+09 5.8378207e+08 2.5e-22 3.3575161e-20 4.2433955e-29
4267781.9 3.7713621e+16 8.2532215e+09 5.8422246e+08 2.5e-22 3.3476997e-20 4.2645748e-29
4272351.5 3.7751335e+16 8.2521567e+09 5.8466357e+08 2.5e-22 3.3379123e-20 4.2858084e-29
4276926.2 3.7789086e+16 8.2510906e+09 5.8510539e+08 2.5e-22 3.3281536e-20 4.3070964e-29
4281506.1 3.7826875e+16 8.2500234e+09 5.8554793e+08 2.5e-22 3.3184237e-20 4.3284389e-29
4286091.1 3.7864702e+16 8.2489549e+09 5.8599118e+08 2.5e-22 3.3087224e-20 4.3498362e-29
4290681.4 3.7902567e+16 8.2478852e+09 5.8643515e+08 2.5e-22 3.2990497e-20 4.3712882e-29
4295276.8 3.794047e+16 8.2468143e+09 5.8687984e+08 2.5e-22 3.2894055e-20 4.3927953e-29
4299877.4 3.797841e+16 8.2457422e+09 5.8732525e+08 2.5e-22 3.2797897e-20 4.4143574e-29
4304483.3 3.8016389e+16 8.2446688e+09 5.8777138e+08 2.5e-22 3.2702022e-20 4.4359747e-29
4309094.3 3.8054405e+16 8.2435942e+09 5.8821822e+08 2.5e-22 3.2606429e-20 4.4576475e-29
4313710.5 3.8092459e+16 8.2425183e+09 5.8866578e+08 2.5e-22 3.2511118e-20 4.4793757e-29
4318332 3.8130552e+16 8.2414412e+09 5.8911407e+08 2.5e-22 3.2416088e-20 4.5011596e-29
4322958.7 3.8168682e+16 8.2403629e+09 5.8956307e+08 2.5e-22 3.2321337e-20 4.5229992e-29
4327590.6 3.8206851e+16 8.2392834e+09 5.900128e+08 2.5e-22 3.2226865e-20 4.5448948e-29
4332227.7 3.8245058e+16 8.2382026e+09 5.9046325e+08 2.5e-22 3.2132672e-20 4.5668464e-29
4336870.1 3.8283303e+16 8.2371205e+09 5.9091442e+08 2.5e-22 3.2038755e-20 4.5888542e-29
4341517.8 3.8321586e+16 8.2360372e+09 5.9136632e+08 2.5e-22 3.1945116e-20 4.6109184e-29
4346170.7 3.8359908e+16 8.2349527e+09 5.9181894e+08 2.5e-22 3.1851752e-20 4.633039e-29
4350828.9 3.8398268e+16 8.2338669e+09 5.9227228e+08 2.5e-22 3.1758663e-20 4.6552162e-29
4355492.3 3.8436666e+16 8.2327799e+09 5.9272635e+08 2.5e-22 3.1665848e-20 4.6774502e-29
4360161.1 3.8475103e+16 8.2316917e+09 5.9318114e+08 2.5e-22 3.1573306e-20 4.6997411e-29
4364835.1 3.8513578e+16 8.2306021e+09 5.9363666e+08 2.5e-22 3.1481037e-20 4.722089e-29
4369514.4 3.8552091e+16 8.2295114e+09 5.9409291e+08 2.5e-22 3.138904e-20 4.7444941e-29
4374199 3.8590643e+16 8.2284194e+09 5.9454989e+08 2.5e-22 3.1297313e-20 4.7669565e-29
4378889 3.8629234e+16 8.2273261e+09 5.9500759e+08 2.5e-22 3.1205857e-20 4.7894763e-29
4383584.2 3.8667863e+16 8.2262316e+09 5.9546602e+08 2.5e-22 3.111467e-20 4.8120538e-29
4388284.7 3.8706531e+16 8.2251358e+09 5.9592518e+08 2.5e-22 3.1023751e-20 4.834689e-29
4392990.6 3.8745238e+16 8.2240387e+09 5.9638506e+08 2.5e-22 3.09331e-20 4.8573821e-29
4397701.9 3.8783983e+16 8.2229404e+09 5.9684568e+08 2.5e-22 3.0842715e-20 4.8801332e-29
4402418.4 3.8822767e+16 8.2218408e+09 5.9730703e+08 2.5e-22 3.0752597e-20 4.9029424e-29
4407140.3 3.886159e+16 8.22074e+09 5.9776911e+08 2.5e-22 3.0662745e-20 4.92581e-29
4411867.6 3.8900451e+16 8.2196379e+09 5.9823192e+08 2.5e-22 3.0573156e-20 4.948736e-29
4416600.2 3.8939352e+16 8.2185346e+09 5.9869547e+08 2.5e-22 3.0483832e-20 4.9717207e-29
4421338.2 3.8978291e+16 8.2174299e+09 5.9915974e+08 2.5e-22 3.0394771e-20 4.9947641e-29
4426081.6 3.9017269e+16 8.216324e+09 5.9962475e+08 2.5e-22 3.0305971e-20 5.0178663e-29
4430830.3 3.9056287e+16 8.2152169e+09 6.000905e+08 2.5e-22 3.0217433e-20 5.0410277e-29
4435584.5 3.9095343e+16 8.2141084e+09 6.0055698e+08 2.5e-22 3.0129156e-20 5.0642482e-29
4440344 3.9134438e+16 8.2129987e+09 6.0102419e+08 2.5e-22 3.0041139e-20 5.087528e-29
4445108.9 3.9173573e+16 8.2118877e+09 6.0149214e+08 2.5e-22 2.9953381e-20 5.1108673e-29
4449879.3 3.9212746e+16 8.2107755e+09 6.0196083e+08 2.5e-22 2.9865881e-20 5.1342662e-29
4454655 3.9251959e+16 8.2096619e+09 6.0243025e+08 2.5e-22 2.9778639e-20 5.1577249e-29
4459436.2 3.9291211e+16 8.2085471e+09 6.0290041e+08 2.5e-22 2.9691653e-20 5.1812435e-29
4464222.9 3.9330502e+16 8.207431e+09 6.0337131e+08 2.5e-22 2.9604924e-20 5.2048222e-29
4469014.9 3.9369833e+16 8.2063136e+09 6.0384294e+08 2.5e-22 2.951845e-20 5.2284611e-29
4473812.4 3.9409203e+16 8.2051949e+09 6.0431532e+08 2.5e-22 2.943223e-20 5.2521604e-29
4478615.4 3.9448612e+16 8.204075e+09 6.0478843e+08 2.5e-22 2.9346265e-20 5.2759202e-29
4483423.8 3.948806e+16 8.2029537e+09 6.0526228e+08 2.5e-22 2.9260552e-20 5.2997406e-29
4488237.7 3.9527548e+16 8.2018312e+09 6.0573688e+08 2.5e-22 2.9175092e-20 5.3236219e-29
4493057 3.9567076e+16 8.2007074e+09 6.0621222e+08 2.5e-22 2.9089883e-20 5.3475641e-29
4497881.9 3.9606643e+16 8.1995823e+09 6.0668829e+08 2.5e-22 2.9004925e-20 5.3715674e-29
4502712.2 3.964625e+16 8.1984559e+09 6.0716511e+08 2.5e-22 2.8920218e-20 5.3956321e-29
4507548 3.9685896e+16 8.1973282e+09 6.0764268e+08 2.5e-22 2.8835759e-20 5.4197581e-29
4512389.3 3.9725582e+16 8.1961992e+09 6.0812098e+08 2.5e-22 2.8751549e-20 5.4439457e-29
4517236.2 3.9765307e+16 8.1950689e+09 6.0860003e+08 2.5e-22 2.8667587e-20 5.468195e-29
4522088.5 3.9805073e+16 8.1939373e+09 6.0907983e+08 2.5e-22 2.8583873e-20 5.4925062e-29
4526946.4 3.9844878e+16 8.1928044e+09 6.0956037e+08 2.5e-22 2.8500404e-20 5.5168794e-29
4531809.8 3.9884723e+16 8.1916702e+09 6.1004165e+08 2.5e-22 2.8417182e-20 5.5413148e-29
4536678.7 3.9924607e+16 8.1905347e+09 6.1052368e+08 2.5e-22 2.8334204e-20 5.5658126e-29
4541553.2 3.9964532e+16 8.189398e+09 6.1100646e+08 2.5e-22 2.825147e-20 5.5903728e-29
4546433.2 4.0004497e+16 8.1882599e+09 6.1148999e+08 2.5e-22 2.816898e-20 5.6149957e-29
4551318.8 4.0044501e+16 8.1871204e+09 6.1197426e+08 2.5e-22 2.8086733e-20 5.6396814e-29
4556210 4.0084546e+16 8.1859797e+09 6.1245928e+08 2.5e-22 2.8004728e-20 5.66443e-29
4561106.7 4.012463e+16 8.1848377e+09 6.1294505e+08 2.5e-22 2.7922964e-20 5.6892417e-29
4566009 4.0164755e+16 8.1836944e+09 6.1343157e+08 2.5e-22 2.7841441e-20 5.7141168e-29
4570916.9 4.0204919e+16 8.1825497e+09 6.1391884e+08 2.5e-22 2.7760158e-20 5.7390552e-29
4575830.4 4.0245124e+16 8.1814037e+09 6.1440686e+08 2.5e-22 2.7679114e-20 5.7640572e-29
4580749.5 4.0285369e+16 8.1802564e+09 6.1489563e+08 2.5e-22 2.7598309e-20 5.789123e-29
4585674.2 4.0325655e+16 8.1791078e+09 6.1538515e+08 2.5e-22 2.7517742e-20 5.8142526e-29
4590604.5 4.0365981e+16 8.1779579e+09 6.1587542e+08 2.5e-22 2.7437411e-20 5.8394464e-29
4595540.5 4.0406346e+16 8.1768067e+09 6.1636645e+08 2.5e-22 2.7357317e-20 5.8647043e-29
4600482.1 4.0446753e+16 8.1756541e+09 6.1685823e+08 2.5e-22 2.7277459e-20 5.8900266e-29
4605429.3 4.04872e+16 8.1745002e+09 6.1735077e+08 2.5e-22 2.7197836e-20 5.9154134e-29
4610382.2 4.0527687e+16 8.173345e+09 6.1784405e+08 2.5e-22 2.7118447e-20 5.940865e-29
4615340.7 4.0568214e+16 8.1721885e+09 6.183381e+08 2.5e-22 2.7039292e-20 5.9663813e-29
4620304.9 4.0608783e+16 8.1710306e+09 6.1883289e+08 2.5e-22 2.6960369e-20 5.9919627e-29
4625274.7 4.0649391e+16 8.1698714e+09 6.1932845e+08 2.5e-22 2.6881679e-20 6.0176093e-29
4630250.2 4.0690041e+16 8.1687109e+09 6.1982476e+08 2.5e-22 2.6803221e-20 6.0433212e-29
4635231.4 4.0730731e+16 8.167549e+09 6.2032183e+08 2.5e-22 2.6724993e-20 6.0690986e-29
4640218.3 4.0771462e+16 8.1663858e+09 6.2081965e+08 2.5e-22 2.6646996e-20 6.0949417e-29
4645210.9 4.0812233e+16 8.1652213e+09 6.2131823e+08 2.5e-22 2.6569228e-20 6.1208506e-29
4650209.2 4.0853045e+16 8.1640554e+09 6.2181757e+08 2.5e-22 2.6491689e-20 6.1468255e-29
4655213.2 4.0893898e+16 8.1628882e+09 6.2231767e+08 2.5e-22 2.6414379e-20 6.1728665e-29
4660223 4.0934792e+16 8.1617196e+09 6.2281853e+08 2.5e-22 2.6337295e-20 6.1989739e-29
4665238.4 4.0975727e+16 8.1605497e+09 6.2332015e+08 2.5e-22 2.6260439e-20 6.2251477e-29
4670259.6 4.1016703e+16 8.1593785e+09 6.2382253e+08 2.5e-22 2.6183809e-20 6.2513882e-29
4675286.6 4.1057719e+16 8.1582059e+09 6.2432568e+08 2.5e-22 2.6107404e-20 6.2776954e-29
4680319.3 4.1098777e+16 8.157032e+09 6.2482958e+08 2.5e-22 2.6031224e-20 6.3040697e-29
4685357.7 4.1139876e+16 8.1558567e+09 6.2533425e+08 2.5e-22 2.5955268e-20 6.3305111e-29
4690401.9 4.1181016e+16 8.1546801e+09 6.2583967e+08 2.5e-22 2.5879536e-20 6.3570198e-29
4695451.9 4.1222197e+16 8.1535021e+09 6.2634587e+08 2.5e-22 2.5804027e-20 6.383596e-29
4700507.7 4.1263419e+16 8.1523228e+09 6.2685282e+08 2.5e-22 2.572874e-20 6.4102398e-29
4705569.2 4.1304683e+16 8.1511421e+09 6.2736054e+08 2.5e-22 2.5653674e-20 6.4369514e-29
4710636.6 4.1345987e+16 8.1499601e+09 6.2786903e+08 2.5e-22 2.5578829e-20 6.463731e-29
4715709.7 4.1387333e+16 8.1487767e+09 6.2837828e+08 2.5e-22 2.5504205e-20 6.4905788e-29
4720788.7 4.1428721e+16 8.1475919e+09 6.2888829e+08 2.5e-22 2.54298e-20 6.5174948e-29
4725873.5 4.1470149e+16 8.1464058e+09 6.2939908e+08 2.5e-22 2.5355614e-20 6.5444794e-29
4730964.1 4.1511619e+16 8.1452183e+09 6.2991062e+08 2.5e-22 2.5281646e-20 6.5715326e-29
4736060.5 4.1553131e+16 8.1440295e+09 6.3042294e+08 2.5e-22 2.5207896e-20 6.5986546e-29
4741162.8 4.1594684e+16 8.1428393e+09 6.3093603e+08 2.5e-22 2.5134363e-20 6.6258457e-29
4746270.9 4.1636279e+16 8.1416477e+09 6.3144988e+08 2.5e-22 2.5061046e-20 6.6531059e-29
4751384.9 4.1677915e+16 8.1404548e+09 6.319645e+08 2.5e-22 2.4987945e-20 6.6804354e-29
4756504.8 4.1719593e+16 8.1392605e+09 6.3247989e+08 2.5e-22 2.4915059e-20 6.7078345e-29
4761630.5 4.1761313e+16 8.1380648e+09 6.3299606e+08 2.5e-22 2.4842388e-20 6.7353032e-29
4766762.1 4.1803074e+16 8.1368678e+09 6.3351299e+08 2.5e-22 2.476993e-20 6.7628418e-29
4771899.6 4.1844877e+16 8.1356694e+09 6.3403069e+08 2.5e-22 2.4697685e-20 6.7904504e-29
4777043 4.1886722e+16 8.1344696e+09 6.3454917e+08 2.5e-22 2.4625653e-20 6.8181292e-29
4782192.3 4.1928609e+16 8.1332684e+09 6.3506842e+08 2.5e-22 2.4553833e-20 6.8458784e-29
4787347.5 4.1970537e+16 8.1320659e+09 6.3558844e+08 2.5e-22 2.4482225e-20 6.8736982e-29
4792508.6 4.2012508e+16 8.1308619e+09 6.3610923e+08 2.5e-22 2.4410827e-20 6.9015887e-29
4797675.6 4.205452e+16 8.1296566e+09 6.366308e+08 2.5e-22 2.4339639e-20 6.92955e-29
4802848.6 4.2096575e+16 8.12845e+09 6.3715314e+08 2.5e-22 2.426866e-20 6.9575825e-29
4808027.5 4.2138671e+16 8.1272419e+09 6.3767625e+08 2.5e-22 2.419789e-20 6.9856862e-29
4813212.4 4.218081e+16 8.1260324e+09 6.3820015e+08 2.5e-22 2.4127329e-20 7.0138614e-29
4818403.2 4.2222991e+16 8.1248216e+09 6.3872481e+08 2.5e-22 2.4056975e-20 7.0421082e-29
4823600 4.2265214e+16 8.1236093e+09 6.3925026e+08 2.5e-22 2.3986828e-20 7.0704267e-29
4828802.8 4.2307479e+16 8.1223957e+09 6.3977648e+08 2.5e-22 2.3916887e-20 7.0988172e-29
4834011.5 4.2349786e+16 8.1211807e+09 6.4030347e+08 2.5e-22 2.3847152e-20 7.1272799e-29
4839226.2 4.2392136e+16 8.1199643e+09 6.4083125e+08 2.5e-22 2.3777622e-20 7.1558149e-29
4844447 4.2434528e+16 8.1187465e+09 6.413598e+08 2.5e-22 2.3708297e-20 7.1844224e-29
4849673.7 4.2476963e+16 8.1175273e+09 6.4188913e+08 2.5e-22 2.3639176e-20 7.2131026e-29
4854906.4 4.251944e+16 8.1163067e+09 6.4241924e+08 2.5e-22 2.3570258e-20 7.2418556e-29
4860145.2 4.2561959e+16 8.1150847e+09 6.4295013e+08 2.5e-22 2.3501543e-20 7.2706817e-29
4865390 4.2604521e+16 8.1138613e+09 6.4348181e+08 2.5e-22 2.343303e-20 7.299581e-29
4870640.8 4.2647126e+16 8.1126365e+09 6.4401426e+08 2.5e-22 2.3364718e-20 7.3285538e-29
4875897.7 4.2689773e+16 8.1114103e+09 6.4454749e+08 2.5e-22 2.3296608e-20 7.3576001e-29
4881160.6 4.2732463e+16 8.1101827e+09 6.4508151e+08 2.5e-22 2.3228697e-20 7.3867202e-29
4886429.6 4.2775195e+16 8.1089537e+09 6.456163e+08 2.5e-22 2.3160987e-20 7.4159143e-29
4891704.7 4.281797e+16 8.1077233e+09 6.4615188e+08 2.5e-22 2.3093475e-20 7.4451825e-29
4896985.8 4.2860788e+16 8.1064915e+09 6.4668825e+08 2.5e-22 2.3026163e-20 7.474525e-29
4902273 4.2903649e+16 8.1052583e+09 6.4722539e+08 2.5e-22 2.2959048e-20 7.503942e-29
4907566.4 4.2946553e+16 8.1040236e+09 6.4776332e+08 2.5e-22 2.2892131e-20 7.5334338e-29
4912865.8 4.2989499e+16 8.1027875e+09 6.4830204e+08 2.5e-22 2.282541e-20 7.5630004e-29
4918171.3 4.3032489e+16 8.1015501e+09 6.4884154e+08 2.5e-22 2.2758886e-20 7.5926421e-29
4923482.9 4.3075521e+16 8.1003112e+09 6.4938183e+08 2.5e-22 2.2692557e-20 7.622359e-29
4928800.7 4.3118597e+16 8.0990709e+09 6.499229e+08 2.5e-22 2.2626424e-20 7.6521514e-29
4934124.6 4.3161715e+16 8.0978291e+09 6.5046476e+08 2.5e-22 2.2560485e-20 7.6820194e-29
4939454.6 4.3204877e+16 8.096586e+09 6.5100741e+08 2.5e-22 2.249474e-20 7.7119633e-29
4944790.8 4.3248082e+16 8.0953414e+09 6.5155084e+08 2.5e-22 2.2429188e-20 7.7419831e-29
4950133.1 4.329133e+16 8.0940954e+09 6.5209506e+08 2.5e-22 2.2363829e-20 7.7720791e-29
4955481.6 4.3334621e+16 8.092848e+09 6.5264008e+08 2.5e-22 2.2298662e-20 7.8022516e-29
4960836.3 4.3377956e+16 8.0915991e+09 6.5318588e+08 2.5e-22 2.2233687e-20 7.8325006e-29
4966197.2 4.3421334e+16 8.0903488e+09 6.5373247e+08 2.5e-22 2.2168903e-20 7.8628263e-29
4971564.2 4.3464755e+16 8.0890971e+09 6.5427985e+08 2.5e-22 2.210431e-20 7.8932291e-29
4976937.5 4.350822e+16 8.087844e+09 6.5482802e+08 2.5e-22 2.2039906e-20 7.9237089e-29
4982317 4.3551728e+16 8.0865894e+09 6.5537698e+08 2.5e-22 2.1975692e-20 7.9542661e-29
4987702.6 4.359528e+16 8.0853334e+09 6.5592673e+08 2.5e-22 2.1911667e-20 7.9849009e-29
4993094.5 4.3638875e+16 8.0840759e+09 6.5647728e+08 2.5e-22 2.184783e-20 8.0156133e-29
4998492.6 4.3682514e+16 8.082817e+09 6.5702862e+08 2.5e-22 2.1784181e-20 8.0464037e-29
5003897 4.3726197e+16 8.0815567e+09 6.5758075e+08 2.5e-22 2.1720719e-20 8.0772722e-29
5009307.6 4.3769923e+16 8.0802949e+09 6.5813367e+08 2.5e-22 2.1657444e-20 8.108219e-29
5014724.5 4.3813693e+16 8.0790317e+09 6.5868739e+08 2.5e-22 2.1594354e-20 8.1392443e-29
5020147.6 4.3857507e+16 8.077767e+09 6.592419e+08 2.5e-22 2.1531451e-20 8.1703483e-29
5025577.1 4.3901364e+16 8.0765009e+09 6.5979721e+08 2.5e-22 2.1468732e-20 8.2015312e-29
5031012.7 4.3945265e+16 8.0752334e+09 6.6035331e+08 2.5e-22 2.1406197e-20 8.2327932e-29
5036454.7 4.3989211e+16 8.0739644e+09 6.6091021e+08 2.5e-22 2.1343847e-20 8.2641345e-29
5041903 4.40332e+16 8.0726939e+09 6.6146791e+08 2.5e-22 2.128168e-20 8.2955552e-29
5047357.6 4.4077233e+16 8.071422e+09 6.620264e+08 2.5e-22 2.1219695e-20 8.3270557e-29
5052818.5 4.412131e+16 8.0701487e+09 6.6258569e+08 2.5e-22 2.1157893e-20 8.358636e-29
5058285.7 4.4165432e+16 8.0688739e+09 6.6314578e+08 2.5e-22 2.1096273e-20 8.3902964e-29
5063759.3 4.4209597e+16 8.0675976e+09 6.6370666e+08 2.5e-22 2.1034834e-20 8.4220371e-29
5069239.2 4.4253807e+16 8.0663199e+09 6.6426835e+08 2.5e-22 2.0973575e-20 8.4538582e-29
5074725.4 4.429806e+16 8.0650407e+09 6.6483083e+08 2.5e-22 2.0912497e-20 8.4857601e-29
5080218 4.4342359e+16 8.0637601e+09 6.6539411e+08 2.5e-22 2.0851598e-20 8.5177428e-29
5085717 4.4386701e+16 8.062478e+09 6.6595819e+08 2.5e-22 2.0790879e-20 8.5498066e-29
5091222.3 4.4431088e+16 8.0611944e+09 6.6652308e+08 2.5e-22 2.0730337e-20 8.5819516e-29
5096734 4.4475519e+16 8.0599094e+09 6.6708876e+08 2.5e-22 2.0669974e-20 8.6141782e-29
5102252.2 4.4519994e+16 8.0586229e+09 6.6765525e+08 2.5e-22 2.0609788e-20 8.6464864e-29
5107776.7 4.4564514e+16 8.0573349e+09 6.6822253e+08 2.5e-22 2.054978e-20 8.6788766e-29
5113307.6 4.4609079e+16 8.0560454e+09 6.6879062e+08 2.5e-22 2.0489947e-20 8.7113488e-29
5118844.9 4.4653688e+16 8.0547545e+09 6.6935952e+08 2.5e-22 2.0430291e-20 8.7439034e-29
5124388.7 4.4698341e+16 8.0534622e+09 6.6992921e+08 2.5e-22 2.037081e-20 8.7765404e-29
5129938.9 4.474304e+16 8.0521683e+09 6.7049971e+08 2.5e-22 2.0311504e-20 8.8092602e-29
5135495.6 4.4787783e+16 8.050873e+09 6.7107101e+08 2.5e-22 2.0252372e-20 8.8420628e-29
5141058.7 4.4832571e+16 8.0495762e+09 6.7164312e+08 2.5e-22 2.0193414e-20 8.8749486e-29
5146628.2 4.4877403e+16 8.0482779e+09 6.7221604e+08 2.5e-22 2.0134629e-20 8.9079178e-29
5152204.2 4.4922281e+16 8.0469781e+09 6.7278975e+08 2.5e-22 2.0076018e-20 8.9409704e-29
5157786.7 4.4967203e+16 8.0456768e+09 6.7336428e+08 2.5e-22 2.0017578e-20 8.9741068e-29
5163375.7 4.501217e+16 8.0443741e+09 6.7393961e+08 2.5e-22 1.995931e-20 9.0073272e-29
5168971.2 4.5057182e+16 8.0430699e+09 6.7451575e+08 2.5e-22 1.9901214e-20 9.0406317e-29
5174573.2 4.5102239e+16 8.0417642e+09 6.7509269e+08 2.5e-22 1.9843289e-20 9.0740206e-29
5180181.7 4.5147342e+16 8.040457e+09 6.7567045e+08 2.5e-22 1.9785533e-20 9.1074941e-29
5185796.7 4.5192489e+16 8.0391483e+09 6.7624901e+08 2.5e-22 1.9727948e-20 9.1410524e-29
5191418.3 4.5237682e+16 8.0378381e+09 6.7682838e+08 2.5e-22 1.9670531e-20 9.1746957e-29
5197046.4 4.5282919e+16 8.0365265e+09 6.7740855e+08 2.5e-22 1.9613284e-20 9.2084242e-29
5202681 4.5328202e+16 8.0352133e+09 6.7798954e+08 2.5e-22 1.9556205e-20 9.2422381e-29
5208322.2 4.537353e+16 8.0338986e+09 6.7857134e+08 2.5e-22 1.9499293e-20 9.2761377e-29
5213970 4.5418904e+16 8.0325825e+09 6.7915395e+08 2.5e-22 1.9442549e-20 9.3101232e-29
5219624.3 4.5464323e+16 8.0312648e+09 6.7973737e+08 2.5e-22 1.9385972e-20 9.3441947e-29
5225285.2 4.5509787e+16 8.0299457e+09 6.803216e+08 2.5e-22 1.9329561e-20 9.3783525e-29
5230952.7 4.5555297e+16 8.028625e+09 6.8090664e+08 2.5e-22 1.9273316e-20 9.4125968e-29
5236626.8 4.5600852e+16 8.0273029e+09 6.814925e+08 2.5e-22 1.9217236e-20 9.4469278e-29
5242307.6 4.5646453e+16 8.0259792e+09 6.8207916e+08 2.5e-22 1.9161321e-20 9.4813458e-29
5247994.9 4.5692099e+16 8.0246541e+09 6.8266664e+08 2.5e-22 1.910557e-20 9.5158509e-29
5253688.9 4.5737792e+16 8.0233274e+09 6.8325494e+08 2.5e-22 1.9049983e-20 9.5504433e-29
5259389.5 4.5783529e+16 8.0219992e+09 6.8384404e+08 2.5e-22 1.899456e-20 9.5851234e-29
5265096.7 4.5829313e+16 8.0206695e+09 6.8443397e+08 2.5e-22 1.8939299e-20 9.6198913e-29
5270810.6 4.5875142e+16 8.0193383e+09 6.850247e+08 2.5e-22 1.8884201e-20 9.6547471e-29
5276531.2 4.5921017e+16 8.0180056e+09 6.8561625e+08 2.5e-22 1.8829265e-20 9.6896913e-29
5282258.4 4.5966938e+16 8.0166713e+09 6.8620862e+08 2.5e-22 1.877449e-20 9.7247239e-29
5287992.3 4.6012905e+16 8.0153356e+09 6.868018e+08 2.5e-22 1.8719876e-20 9.7598451e-29
5293732.9 4.6058918e+16 8.0139983e+09 6.873958e+08 2.5e-22 1.8665423e-20 9.7950553e-29
5299480.2 4.6104977e+16 8.0126595e+09 6.8799062e+08 2.5e-22 1.861113e-20 9.8303546e-29
5305234.3 4.6151082e+16 8.0113192e+09 6.8858625e+08 2.5e-22 1.8556996e-20 9.8657433e-29
5310995 4.6197233e+16 8.0099774e+09 6.891827e+08 2.5e-22 1.8503022e-20 9.9012215e-29
5316762.5 4.624343e+16 8.008634e+09 6.8977997e+08 2.5e-22 1.8449206e-20 9.9367895e-29
5322536.6 4.6289674e+16 8.0072891e+09 6.9037806e+08 2.5e-22 1.8395548e-20 9.9724476e-29
5328317.6 4.6335964e+16 8.0059427e+09 6.9097696e+08 2.5e-22 1.8342048e-20 1.0008196e-28
5334105.3 4.6382299e+16 8.0045948e+09 6.9157669e+08 2.5e-22 1.8288705e-20 1.0044035e-28
5339899.7 4.6428682e+16 8.0032453e+09 6.9217723e+08 2.5e-22 1.8235519e-20 1.0079964e-28
5345701 4.647511e+16 8.0018943e+09 6.927786e+08 2.5e-22 1.8182489e-20 1.0115984e-28
5351509 4.6521586e+16 8.0005418e+09 6.9338079e+08 2.5e-22 1.8129615e-20 1.0152096e-28
5357323.8 4.6568107e+16 7.9991877e+09 6.9398379e+08 2.5e-22 1.8076897e-20 1.0188299e-28
5363145.4 4.6614675e+16 7.9978321e+09 6.9458762e+08 2.5e-22 1.8024333e-20 1.0224593e-28
5368973.8 4.666129e+16 7.996475e+09 6.9519227e+08 2.5e-22 1.7971924e-20 1.026098e-28
5374809 4.6707951e+16 7.9951163e+09 6.9579774e+08 2.5e-22 1.7919669e-20 1.0297458e-28
5380651.1 4.6754659e+16 7.9937561e+09 6.9640404e+08 2.5e-22 1.7867567e-20 1.0334029e-28
5386500 4.6801414e+16 7.9923943e+09 6.9701115e+08 2.5e-22 1.7815618e-20 1.0370692e-28
5392355.7 4.6848215e+16 7.991031e+09 6.9761909e+08 2.5e-22 1.7763822e-20 1.0407448e-28
5398218.3 4.6895063e+16 7.9896662e+09 6.9822786e+08 2.5e-22 1.7712179e-20 1.0444297e-28
5404087.8 4.6941959e+16 7.9882998e+09 6.9883745e+08 2.5e-22 1.7660687e-20 1.0481239e-28
5409964.2 4.6988901e+16 7.9869318e+09 6.9944786e+08 2.5e-22 1.7609346e-20 1.0518275e-28
5415847.4 4.7035889e+16 7.9855623e+09 7.000591e+08 2.5e-22 1.7558156e-20 1.0555404e-28
5421737.5 4.7082925e+16 7.9841913e+09 7.0067116e+08 2.5e-22 1.7507117e-20 1.0592627e-28
5427634.5 4.7130008e+16 7.9828187e+09 7.0128405e+08 2.5e-22 1.7456227e-20 1.0629945e-28
5433538.4 4.7177138e+16 7.9814445e+09 7.0189777e+08 2.5e-22 1.7405487e-20 1.0667357e-28
5439449.3 4.7224315e+16 7.9800688e+09 7.0251231e+08 2.5e-22 1.7354896e-20 1.0704863e-28
5445367.1 4.727154e+16 7.9786915e+09 7.0312768e+08 2.5e-22 1.7304454e-20 1.0742464e-28
5451291.8 4.7318811e+16 7.9773127e+09 7.0374387e+08 2.5e-22 1.725416e-20 1.0780161e-28
5457223.5 4.736613e+16 7.9759323e+09 7.0436089e+08 2.5e-22 1.7204014e-20 1.0817952e-28
5463162.1 4.7413496e+16 7.9745504e+09 7.0497875e+08 2.5e-22 1.7154015e-20 1.085584e-28
5469107.7 4.746091e+16 7.9731669e+09 7.0559743e+08 2.5e-22 1.7104163e-20 1.0893823e-28
5475060.3 4.7508371e+16 7.9717818e+09 7.0621693e+08 2.5e-22 1.7054457e-20 1.0931902e-28
5481019.9 4.7555879e+16 7.9703951e+09 7.0683727e+08 2.5e-22 1.7004897e-20 1.0970077e-28
5486986.4 4.7603435e+16 7.9690069e+09 7.0745844e+08 2.5e-22 1.6955483e-20 1.1008349e-28
5492960 4.7651038e+16 7.9676172e+09 7.0808044e+08 2.5e-22 1.6906214e-20 1.1046718e-28
5498940.6 4.7698689e+16 7.9662258e+09 7.0870326e+08 2.5e-22 1.685709e-20 1.1085184e-28
5504928.2 4.7746388e+16 7.9648329e+09 7.0932692e+08 2.5e-22 1.680811e-20 1.1123747e-28
5510922.8 4.7794134e+16 7.9634384e+09 7.0995141e+08 2.5e-22 1.6759275e-20 1.1162407e-28
5516924.5 4.7841928e+16 7.9620423e+09 7.1057673e+08 2.5e-22 1.6710582e-20 1.1201166e-28
5522933.3 4.788977e+16 7.9606447e+09 7.1120288e+08 2.5e-22 1.6662033e-20 1.1240022e-28
5528949.1 4.793766e+16 7.9592454e+09 7.1182987e+08 2.5e-22 1.6613626e-20 1.1278976e-28
5534972 4.7985598e+16 7.9578446e+09 7.1245768e+08 2.5e-22 1.6565361e-20 1.1318029e-28
5541002 4.8033583e+16 7.9564422e+09 7.1308633e+08 2.5e-22 1.6517238e-20 1.1357181e-28
5547039 4.8081617e+16 7.9550383e+09 7.1371582e+08 2.5e-22 1.6469257e-20 1.1396432e-28
5553083.2 4.8129699e+16 7.9536327e+09 7.1434613e+08 2.5e-22 1.6421416e-20 1.1435782e-28
5559134.5 4.8177828e+16 7.9522256e+09 7.1497728e+08 2.5e-22 1.6373716e-20 1.1475231e-28
5565192.9 4.8226006e+16 7.9508168e+09 7.1560927e+08 2.5e-22 1.6326156e-20 1.151478e-28
5571258.4 4.8274232e+16 7.9494065e+09 7.1624209e+08 2.5e-22 1.6278736e-20 1.1554429e-28
5577331.1 4.8322506e+16 7.9479946e+09 7.1687574e+08 2.5e-22 1.6231455e-20 1.1594178e-28
5583411 4.8370829e+16 7.9465811e+09 7.1751023e+08 2.5e-22 1.6184313e-20 1.1634028e-28
5589498 4.84192e+16 7.945166e+09 7.1814556e+08 2.5e-22 1.6137309e-20 1.1673978e-28
5595592.1 4.8467619e+16 7.9437494e+09 7.1878172e+08 2.5e-22 1.6090444e-20 1.171403e-28
5601693.5 4.8516087e+16 7.9423311e+09 7.1941872e+08 2.5e-22 1.6043716e-20 1.1754183e-28
5607802 4.8564603e+16 7.9409112e+09 7.2005655e+08 2.5e-22 1.5997125e-20 1.1794437e-28
5613917.8 4.8613167e+16 7.9394897e+09 7.2069522e+08 2.5e-22 1.5950671e-20 1.1834792e-28
5620040.7 4.866178e+16 7.9380666e+09 7.2133473e+08 2.5e-22 1.5904354e-20 1.187525e-28
5626170.9 4.8710442e+16 7.936642e+09 7.2197508e+08 2.5e-22 1.5858172e-20 1.191581e-28
5632308.3 4.8759153e+16 7.9352157e+09 7.2261627e+08 2.5e-22 1.5812127e-20 1.1956473e-28
5638453 4.8807912e+16 7.9337878e+09 7.2325829e+08 2.5e-22 1.5766216e-20 1.1997238e-28
5644604.9 4.885672e+16 7.9323583e+09 7.2390115e+08 2.5e-22 1.572044e-20 1.2038107e-28
5650764.1 4.8905576e+16 7.9309272e+09 7.2454485e+08 2.5e-22 1.5674799e-20 1.2079078e-28
5656930.5 4.8954482e+16 7.9294945e+09 7.2518939e+08 2.5e-22 1.5629292e-20 1.2120153e-28
5663104.2 4.9003436e+16 7.9280601e+09 7.2583477e+08 2.5e-22 1.5583918e-20 1.2161332e-28
5669285.2 4.905244e+16 7.9266242e+09 7.26481e+08 2.5e-22 1.5538678e-20 1.2202615e-28
5675473.5 4.9101492e+16 7.9251866e+09 7.2712806e+08 2.5e-22 1.549357e-20 1.2244003e-28
5681669.2 4.9150594e+16 7.9237475e+09 7.2777596e+08 2.5e-22 1.5448595e-20 1.2285494e-28
5687872.1 4.9199744e+16 7.9223067e+09 7.284247e+08 2.5e-22 1.5403752e-20 1.2327091e-28
5694082.4 4.9248944e+16 7.9208643e+09 7.2907429e+08 2.5e-22 1.535904e-20 1.2368793e-28
5700300 4.9298193e+16 7.9194203e+09 7.2972472e+08 2.5e-22 1.531446e-20 1.24106e-28
5706525 4.9347491e+16 7.9179746e+09 7.3037598e+08 2.5e-22 1.5270011e-20 1.2452513e-28
5712757.3 4.9396839e+16 7.9165274e+09 7.310281e+08 2.5e-22 1.5225692e-20 1.2494531e-28
5718997 4.9446236e+16 7.9150785e+09 7.3168105e+08 2.5e-22 1.5181504e-20 1.2536656e-28
5725244.1 4.9495682e+16 7.913628e+09 7.3233485e+08 2.5e-22 1.5137445e-20 1.2578887e-28
5731498.6 4.9545178e+16 7.9121758e+09 7.3298949e+08 2.5e-22 1.5093516e-20 1.2621225e-28
5737760.5 4.9594723e+16 7.910722e+09 7.3364497e+08 2.5e-22 1.5049715e-20 1.266367e-28
5744029.8 4.9644317e+16 7.9092666e+09 7.343013e+08 2.5e-22 1.5006043e-20 1.2706222e-28
5750306.5 4.9693962e+16 7.9078096e+09 7.3495847e+08 2.5e-22 1.49625e-20 1.2748882e-28
5756590.7 4.9743656e+16 7.9063509e+09 7.3561649e+08 2.5e-22 1.4919084e-20 1.2791649e-28
5762882.3 4.9793399e+16 7.9048906e+09 7.3627535e+08 2.5e-22 1.4875796e-20 1.2834524e-28
5769181.4 4.9843193e+16 7.9034287e+09 7.3693506e+08 2.5e-22 1.4832634e-20 1.2877508e-28
5775487.9 4.9893036e+16 7.9019651e+09 7.3759561e+08 2.5e-22 1.47896e-20 1.29206e-28
5781801.9 4.9942929e+16 7.9004999e+09 7.3825701e+08 2.5e-22 1.4746692e-20 1.2963801e-28
5788123.4 4.9992872e+16 7.899033e+09 7.3891925e+08 2.5e-22 1.4703909e-20 1.3007111e-28
5794452.4 5.0042865e+16 7.8975645e+09 7.3958235e+08 2.5e-22 1.4661253e-20 1.3050531e-28
5800788.9 5.0092908e+16 7.8960944e+09 7.4024628e+08 2.5e-22 1.4618721e-20 1.309406e-28
5807132.9 5.0143001e+16 7.8946226e+09 7.4091107e+08 2.5e-22 1.4576315e-20 1.3137699e-28
5813484.4 5.0193144e+16 7.8931492e+09 7.415767e+08 2.5e-22 1.4534033e-20 1.3181448e-28
5819843.5 5.0243337e+16 7.8916741e+09 7.4224318e+08 2.5e-22 1.4491875e-20 1.3225308e-28
5826210.1 5.029358e+16 7.8901974e+09 7.4291051e+08 2.5e-22 1.4449841e-20 1.3269278e-28
5832584.3 5.0343874e+16 7.888719e+09 7.4357868e+08 2.5e-22 1.440793e-20 1.331336e-28
5838966.1 5.0394218e+16 7.8872389e+09 7.4424771e+08 2.5e-22 1.4366142e-20 1.3357553e-28
5845355.4 5.0444612e+16 7.8857573e+09 7.4491758e+08 2.5e-22 1.4324477e-20 1.3401857e-28
5851752.3 5.0495056e+16 7.8842739e+09 7.4558831e+08 2.5e-22 1.4282934e-20 1.3446274e-28
5858156.9 5.0545551e+16 7.8827889e+09 7.4625988e+08 2.5e-22 1.4241513e-20 1.3490802e-28
5864569 5.0596097e+16 7.8813023e+09 7.469323e+08 2.5e-22 1.4200214e-20 1.3535443e-28
5870988.8 5.0646693e+16 7.8798139e+09 7.4760557e+08 2.5e-22 1.4159036e-20 1.3580197e-28
5877416.2 5.069734e+16 7.878324e+09 7.4827969e+08 2.5e-22 1.4117979e-20 1.3625064e-28
5883851.2 5.0748037e+16 7.8768323e+09 7.4895466e+08 2.5e-22 1.4077042e-20 1.3670044e-28
5890293.9 5.0798785e+16 7.875339e+09 7.4963048e+08 2.5e-22 1.4036225e-20 1.3715137e-28
5896744.3 5.0849584e+16 7.873844e+09 7.5030716e+08 2.5e-22 1.3995529e-20 1.3760345e-28
5903202.3 5.0900434e+16 7.8723474e+09 7.5098468e+08 2.5e-22 1.3954951e-20 1.3805666e-28
5909668 5.0951334e+16 7.8708491e+09 7.5166306e+08 2.5e-22 1.3914493e-20 1.3851102e-28
5916141.4 5.1002285e+16 7.8693491e+09 7.5234229e+08 2.5e-22 1.3874154e-20 1.3896653e-28
5922622.6 5.1053288e+16 7.8678475e+09 7.5302237e+08 2.5e-22 1.3833932e-20 1.3942318e-28
5929111.4 5.1104341e+16 7.8663441e+09 7.537033e+08 2.5e-22 1.3793829e-20 1.3988099e-28
5935608 5.1155445e+16 7.8648391e+09 7.5438508e+08 2.5e-22 1.3753844e-20 1.4033996e-28
5942112.3 5.1206601e+16 7.8633325e+09 7.5506772e+08 2.5e-22 1.3713976e-20 1.4080008e-28
5948624.4 5.1257807e+16 7.8618241e+09 7.5575121e+08 2.5e-22 1.3674225e-20 1.4126137e-28
5955144.2 5.1309065e+16 7.8603141e+09 7.5643556e+08 2.5e-22 1.3634591e-20 1.4172382e-28
5961671.9 5.1360374e+16 7.8588024e+09 7.5712076e+08 2.5e-22 1.3595073e-20 1.4218744e-28
5968207.2 5.1411735e+16 7.857289e+09 7.5780681e+08 2.5e-22 1.355567e-20 1.4265223e-28
5974750.4 5.1463146e+16 7.8557739e+09 7.5849371e+08 2.5e-22 1.3516384e-20 1.4311819e-28
5981301.4 5.1514609e+16 7.8542572e+09 7.5918147e+08 2.5e-22 1.3477213e-20 1.4358533e-28
5987860.2 5.1566124e+16 7.8527387e+09 7.5987009e+08 2.5e-22 1.3438156e-20 1.4405364e-28
5994426.9 5.161769e+16 7.8512186e+09 7.6055956e+08 2.5e-22 1.3399215e-20 1.4452314e-28
6001001.4 5.1669308e+16 7.8496968e+09 7.6124988e+08 2.5e-22 1.3360387e-20 1.4499383e-28
6007583.7 5.1720977e+16 7.8481733e+09 7.6194106e+08 2.5e-22 1.3321674e-20 1.454657e-28
6014173.9 5.1772698e+16 7.8466481e+09 7.626331e+08 2.5e-22 1.3283074e-20 1.4593876e-28
6020772 5.1824471e+16 7.8451212e+09 7.6332599e+08 2.5e-22 1.3244587e-20 1.4641302e-28
6027377.9 5.1876295e+16 7.8435926e+09 7.6401973e+08 2.5e-22 1.3206214e-20 1.4688847e-28
6033991.8 5.1928172e+16 7.8420623e+09 7.6471434e+08 2.5e-22 1.3167953e-20 1.4736513e-28
6040613.5 5.19801e+16 7.8405303e+09 7.654098e+08 2.5e-22 1.3129804e-20 1.4784298e-28
6047243.2 5.203208e+16 7.8389966e+09 7.6610611e+08 2.5e-22 1.3091767e-20 1.4832205e-28
6053880.8 5.2084112e+16 7.8374612e+09 7.6680329e+08 2.5e-22 1.3053842e-20 1.4880232e-28
6060526.3 5.2136196e+16 7.8359241e+09 7.6750132e+08 2.5e-22 1.3016028e-20 1.4928381e-28
6067179.8 5.2188332e+16 7.8343854e+09 7.682002e+08 2.5e-22 1.2978324e-20 1.4976651e-28
6073841.2 5.2240521e+16 7.8328449e+09 7.6889995e+08 2.5e-22 1.2940732e-20 1.5025042e-28
6080510.6 5.2292761e+16 7.8313027e+09 7.6960055e+08 2.5e-22 1.290325e-20 1.5073556e-28
6087188 5.2345054e+16 7.8297588e+09 7.7030201e+08 2.5e-22 1.2865877e-20 1.5122193e-28
6093873.4 5.2397399e+16 7.8282131e+09 7.7100433e+08 2.5e-22 1.2828615e-20 1.5170952e-28
6100566.8 5.2449796e+16 7.8266658e+09 7.7170751e+08 2.5e-22 1.2791461e-20 1.5219834e-28
6107268.3 5.2502246e+16 7.8251168e+09 7.7241155e+08 2.5e-22 1.2754417e-20 1.526884e-28
6113977.7 5.2554748e+16 7.823566e+09 7.7311644e+08 2.5e-22 1.2717481e-20 1.5317969e-28
6120695.2 5.2607303e+16 7.8220136e+09 7.738222e+08 2.5e-22 1.2680654e-20 1.5367222e-28
6127420.8 5.265991e+16 7.8204594e+09 7.7452881e+08 2.5e-22 1.2643935e-20 1.54166e-28
6134154.4 5.271257e+16 7.8189035e+09 7.7523628e+08 2.5e-22 1.2607323e-20 1.5466102e-28
6140896.1 5.2765283e+16 7.8173459e+09 7.7594462e+08 2.5e-22 1.2570819e-20 1.5515729e-28
6147645.8 5.2818048e+16 7.8157865e+09 7.7665381e+08 2.5e-22 1.2534422e-20 1.5565481e-28
6154403.7 5.2870866e+16 7.8142254e+09 7.7736386e+08 2.5e-22 1.2498132e-20 1.5615359e-28
6161169.7 5.2923737e+16 7.8126627e+09 7.7807478e+08 2.5e-22 1.2461948e-20 1.5665363e-28
6167943.8 5.2976661e+16 7.8110982e+09 7.7878655e+08 2.5e-22 1.242587e-20 1.5715493e-28
6174726 5.3029637e+16 7.8095319e+09 7.7949918e+08 2.5e-22 1.2389898e-20 1.5765749e-28
6181516.4 5.3082667e+16 7.807964e+09 7.8021268e+08 2.5e-22 1.2354032e-20 1.5816133e-28
6188314.9 5.313575e+16 7.8063943e+09 7.8092703e+08 2.5e-22 1.231827e-20 1.5866643e-28
6195121.6 5.3188886e+16 7.8048228e+09 7.8164225e+08 2.5e-22 1.2282614e-20 1.5917281e-28
6201936.5 5.3242074e+16 7.8032497e+09 7.8235833e+08 2.5e-22 1.2247062e-20 1.5968046e-28
6208759.5 5.3295316e+16 7.8016748e+09 7.8307527e+08 2.5e-22 1.2211615e-20 1.601894e-28
6215590.8 5.3348612e+16 7.8000982e+09 7.8379307e+08 2.5e-22 1.2176271e-20 1.6069962e-28
6222430.3 5.340196e+16 7.7985198e+09 7.8451173e+08 2.5e-22 1.2141031e-20 1.6121113e-28
6229278 5.3455362e+16 7.7969397e+09 7.8523126e+08 2.5e-22 1.2105895e-20 1.6172393e-28
6236133.9 5.3508818e+16 7.7953579e+09 7.8595165e+08 2.5e-22 1.2070861e-20 1.6223802e-28
6242998.1 5.3562327e+16 7.7937743e+09 7.866729e+08 2.5e-22 1.203593e-20 1.6275341e-28
6249870.6 5.3615889e+16 7.792189e+09 7.8739501e+08 2.5e-22 1.2001102e-20 1.632701e-28
6256751.3 5.3669505e+16 7.7906019e+09 7.8811798e+08 2.5e-22 1.1966376e-20 1.637881e-28
6263640.3 5.3723174e+16 7.7890131e+09 7.8884182e+08 2.5e-22 1.1931751e-20 1.643074e-28
6270537.6 5.3776897e+16 7.7874225e+09 7.8956652e+08 2.5e-22 1.1897228e-20 1.6482801e-28
6277443.2 5.3830674e+16 7.7858302e+09 7.9029209e+08 2.5e-22 1.1862807e-20 1.6534993e-28
6284357.1 5.3884505e+16 7.7842362e+09 7.9101852e+08 2.5e-22 1.1828486e-20 1.6587317e-28
6291279.4 5.393839e+16 7.7826404e+09 7.9174581e+08 2.5e-22 1.1794266e-20 1.6639774e-28
6298210 5.3992328e+16 7.7810428e+09 7.9247396e+08 2.5e-22 1.1760146e-20 1.6692362e-28
6305149 5.404632e+16 7.7794435e+09 7.9320298e+08 2.5e-22 1.1726126e-20 1.6745083e-28
6312096.3 5.4100367e+16 7.7778425e+09 7.9393286e+08 2.5e-22 1.1692207e-20 1.6797938e-28
6319052 5.4154467e+16 7.7762397e+09 7.9466361e+08 2.5e-22 1.1658386e-20 1.6850925e-28
6326016.1 5.4208621e+16 7.7746351e+09 7.9539522e+08 2.5e-22 1.1624665e-20 1.6904046e-28
6332988.6 5.426283e+16 7.7730287e+09 7.961277e+08 2.5e-22 1.1591042e-20 1.6957302e-28
6339969.5 5.4317093e+16 7.7714207e+09 7.9686104e+08 2.5e-22 1.1557518e-20 1.7010691e-28
6346958.8 5.437141e+16 7.7698108e+09 7.9759524e+08 2.5e-22 1.1524093e-20 1.7064216e-28
6353956.6 5.4425781e+16 7.7681992e+09 7.9833031e+08 2.5e-22 1.1490765e-20 1.7117875e-28
6360962.8 5.4480207e+16 7.7665858e+09 7.9906625e+08 2.5e-22 1.1457535e-20 1.717167e-28
6367977.5 5.4534687e+16 7.7649707e+09 7.9980304e+08 2.5e-22 1.1424403e-20 1.72256e-28
6375000.7 5.4589222e+16 7.7633537e+09 8.0054071e+08 2.5e-22 1.1391367e-20 1.7279667e-28
6382032.3 5.4643811e+16 7.7617351e+09 8.0127924e+08 2.5e-22 1.1358429e-20 1.733387e-28
6389072.5 5.4698455e+16 7.7601146e+09 8.0201863e+08 2.5e-22 1.1325587e-20 1.7388209e-28
6396121.2 5.4753154e+16 7.7584924e+09 8.0275889e+08 2.5e-22 1.1292841e-20 1.7442686e-28
6403178.4 5.4807907e+16 7.7568684e+09 8.0350002e+08 2.5e-22 1.1260192e-20 1.74973e-28
6410244.1 5.4862715e+16 7.7552426e+09 8.0424201e+08 2.5e-22 1.1227638e-20 1.7552052e-28
6417318.4 5.4917577e+16 7.7536151e+09 8.0498487e+08 2.5e-22 1.1195179e-20 1.7606942e-28
6424401.2 5.4972495e+16 7.7519857e+09 8.0572859e+08 2.5e-22 1.1162816e-20 1.7661971e-28
6431492.6 5.5027467e+16 7.7503546e+09 8.0647318e+08 2.5e-22 1.1130547e-20 1.7717138e-28
6438592.6 5.5082495e+16 7.7487218e+09 8.0721864e+08 2.5e-22 1.1098373e-20 1.7772445e-28
6445701.2 5.5137577e+16 7.7470871e+09 8.0796496e+08 2.5e-22 1.1066294e-20 1.7827891e-28
6452818.4 5.5192715e+16 7.7454507e+09 8.0871215e+08 2.5e-22 1.1034308e-20 1.7883477e-28
6459944.2 5.5247908e+16 7.7438124e+09 8.0946021e+08 2.5e-22 1.1002416e-20 1.7939203e-28
6467078.7 5.5303156e+16 7.7421724e+09 8.1020913e+08 2.5e-22 1.0970618e-20 1.7995069e-28
6474221.8 5.5358459e+16 7.7405306e+09 8.1095892e+08 2.5e-22 1.0938912e-20 1.8051077e-28
6481373.5 5.5413817e+16 7.738887e+09 8.1170957e+08 2.5e-22 1.09073e-20 1.8107226e-28
6488534 5.5469231e+16 7.7372417e+09 8.124611e+08 2.5e-22 1.087578e-20 1.8163517e-28
6495703.1 5.55247e+16 7.7355945e+09 8.1321348e+08 2.5e-22 1.0844353e-20 1.8219949e-28
6502880.9 5.5580225e+16 7.7339455e+09 8.1396674e+08 2.5e-22 1.0813018e-20 1.8276524e-28
6510067.4 5.5635805e+16 7.7322948e+09 8.1472086e+08 2.5e-22 1.0781775e-20 1.8333242e-28
6517262.7 5.5691441e+16 7.7306422e+09 8.1547585e+08 2.5e-22 1.0750623e-20 1.8390102e-28
6524466.7 5.5747132e+16 7.7289879e+09 8.1623171e+08 2.5e-22 1.0719562e-20 1.8447106e-28
6531679.4 5.5802879e+16 7.7273317e+09 8.1698844e+08 2.5e-22 1.0688593e-20 1.8504254e-28
6538900.9 5.5858682e+16 7.7256738e+09 8.1774603e+08 2.5e-22 1.0657714e-20 1.8561547e-28
6546131.2 5.5914541e+16 7.7240141e+09 8.1850449e+08 2.5e-22 1.0626926e-20 1.8618983e-28
6553370.2 5.5970456e+16 7.7223525e+09 8.1926382e+08 2.5e-22 1.0596228e-20 1.8676565e-28
6560618.1 5.6026426e+16 7.7206892e+09 8.2002401e+08 2.5e-22 1.056562e-20 1.8734291e-28
6567874.7 5.6082452e+16 7.719024e+09 8.2078508e+08 2.5e-22 1.0535102e-20 1.8792164e-28
6575140.2 5.6138535e+16 7.7173571e+09 8.2154701e+08 2.5e-22 1.0504673e-20 1.8850182e-28
6582414.5 5.6194673e+16 7.7156883e+09 8.223098e+08 2.5e-22 1.0474333e-20 1.8908347e-28
6589697.7 5.6250868e+16 7.7140178e+09 8.2307347e+08 2.5e-22 1.0444082e-20 1.8966658e-28
6596989.7 5.6307119e+16 7.7123454e+09 8.23838e+08 2.5e-22 1.041392e-20 1.9025117e-28
6604290.7 5.6363426e+16 7.7106712e+09 8.2460341e+08 2.5e-22 1.0383846e-20 1.9083723e-28
6611600.5 5.641979e+16 7.7089952e+09 8.2536968e+08 2.5e-22 1.035386e-20 1.9142476e-28
6618919.1 5.6476209e+16 7.7073174e+09 8.2613681e+08 2.5e-22 1.0323962e-20 1.9201378e-28
6626246.8 5.6532686e+16 7.7056377e+09 8.2690482e+08 2.5e-22 1.0294152e-20 1.9260429e-28
6633583.3 5.6589218e+16 7.7039563e+09 8.2767369e+08 2.5e-22 1.0264429e-20 1.9319629e-28
6640928.8 5.6645807e+16 7.702273e+09 8.2844344e+08 2.5e-22 1.0234793e-20 1.9378977e-28
6648283.2 5.6702453e+16 7.7005879e+09 8.2921405e+08 2.5e-22 1.0205244e-20 1.9438476e-28
6655646.6 5.6759156e+16 7.698901e+09 8.2998552e+08 2.5e-22 1.0175781e-20 1.9498125e-28
6663019 5.6815915e+16 7.6972123e+09 8.3075787e+08 2.5e-22 1.0146405e-20 1.9557924e-28
6670400.3 5.6872731e+16 7.6955218e+09 8.3153109e+08 2.5e-22 1.0117115e-20 1.9617874e-28
6677790.7 5.6929603e+16 7.6938294e+09 8.3230517e+08 2.5e-22 1.0087911e-20 1.9677975e-28
6685190.1 5.6986533e+16 7.6921352e+09 8.3308012e+08 2.5e-22 1.0058792e-20 1.9738228e-28
6692598.5 5.704352e+16 7.6904392e+09 8.3385594e+08 2.5e-22 1.0029758e-20 1.9798632e-28
6700015.9 5.7100563e+16 7.6887413e+09 8.3463263e+08 2.5e-22 1.000081e-20 1.9859189e-28
6707442.5 5.7157664e+16 7.6870416e+09 8.3541019e+08 2.5e-22 9.971946e-21 1.9919899e-28
6714878 5.7214821e+16 7.6853401e+09 8.3618861e+08 2.5e-22 9.9431669e-21 1.9980762e-28
6722322.7 5.7272036e+16 7.6836368e+09 8.3696791e+08 2.5e-22 9.914472e-21 2.0041779e-28
6729776.5 5.7329308e+16 7.6819316e+09 8.3774807e+08 2.5e-22 9.8858612e-21 2.0102949e-28
6737239.4 5.7386638e+16 7.6802246e+09 8.385291e+08 2.5e-22 9.8573343e-21 2.0164274e-28
6744711.4 5.7444024e+16 7.6785157e+09 8.39311e+08 2.5e-22 9.8288908e-21 2.0225753e-28
6752192.5 5.7501468e+16 7.676805e+09 8.4009376e+08 2.5e-22 9.8005307e-21 2.0287388e-28
6759682.8 5.755897e+16 7.6750925e+09 8.408774e+08 2.5e-22 9.7722536e-21 2.0349178e-28
6767182.2 5.7616529e+16 7.6733782e+09 8.416619e+08 2.5e-22 9.7440593e-21 2.0411124e-28
6774690.9 5.7674145e+16 7.6716619e+09 8.4244727e+08 2.5e-22 9.7159476e-21 2.0473226e-28
6782208.7 5.7731819e+16 7.6699439e+09 8.4323351e+08 2.5e-22 9.6879183e-21 2.0535484e-28
6789735.7 5.7789551e+16 7.668224e+09 8.4402062e+08 2.5e-22 9.659971e-21 2.05979e-28
6797271.9 5.7847341e+16 7.6665023e+09 8.448086e+08 2.5e-22 9.6321055e-21 2.0660473e-28
6804817.4 5.7905188e+16 7.6647787e+09 8.4559745e+08 2.5e-22 9.6043217e-21 2.0723204e-28
6812372.1 5.7963093e+16 7.6630532e+09 8.4638716e+08 2.5e-22 9.5766192e-21 2.0786093e-28
6819936.1 5.8021056e+16 7.6613259e+09 8.4717774e+08 2.5e-22 9.5489979e-21 2.0849141e-28
6827509.3 5.8079077e+16 7.6595968e+09 8.4796919e+08 2.5e-22 9.5214574e-21 2.0912348e-28
6835091.8 5.8137156e+16 7.6578658e+09 8.4876151e+08 2.5e-22 9.4939976e-21 2.0975715e-28
6842683.7 5.8195294e+16 7.656133e+09 8.495547e+08 2.5e-22 9.4666181e-21 2.1039241e-28
6850284.8 5.8253489e+16 7.6543983e+09 8.5034875e+08 2.5e-22 9.4393189e-21 2.1102927e-28
6857895.3 5.8311742e+16 7.6526617e+09 8.5114367e+08 2.5e-22 9.4120995e-21 2.1166774e-28
6865515.1 5.8370054e+16 7.6509233e+09 8.5193946e+08 2.5e-22 9.3849599e-21 2.1230782e-28
6873144.2 5.8428424e+16 7.6491831e+09 8.5273612e+08 2.5e-22 9.3578998e-21 2.1294952e-28
6880782.7 5.8486853e+16 7.6474409e+09 8.5353365e+08 2.5e-22 9.3309188e-21 2.1359284e-28
6888430.6 5.8545339e+16 7.6456969e+09 8.5433204e+08 2.5e-22 9.3040169e-21 2.1423777e-28
6896087.9 5.8603885e+16 7.6439511e+09 8.5513131e+08 2.5e-22 9.2771937e-21 2.1488434e-28
6903754.6 5.8662489e+16 7.6422034e+09 8.5593144e+08 2.5e-22 9.250449e-21 2.1553253e-28
6911430.7 5.8721151e+16 7.6404538e+09 8.5673243e+08 2.5e-22 9.2237827e-21 2.1618236e-28
6919116.3 5.8779872e+16 7.6387023e+09 8.575343e+08 2.5e-22 9.1971944e-21 2.1683383e-28
6926811.3 5.8838652e+16 7.636949e+09 8.5833703e+08 2.5e-22 9.1706839e-21 2.1748694e-28
6934515.8 5.8897491e+16 7.6351939e+09 8.5914063e+08 2.5e-22 9.1442511e-21 2.181417e-28
6942229.7 5.8956388e+16 7.6334368e+09 8.599451e+08 2.5e-22 9.1178956e-21 2.1879812e-28
6949953.2 5.9015345e+16 7.6316779e+09 8.6075044e+08 2.5e-22 9.0916173e-21 2.1945618e-28
6957686.1 5.907436e+16 7.6299171e+09 8.6155664e+08 2.5e-22 9.0654159e-21 2.2011591e-28
6965428.6 5.9133434e+16 7.6281544e+09 8.6236371e+08 2.5e-22 9.0392912e-21 2.207773e-28
6973180.6 5.9192568e+16 7.6263899e+09 8.6317165e+08 2.5e-22 9.013243e-21 2.2144036e-28
6980942.1 5.925176e+16 7.6246235e+09 8.6398045e+08 2.5e-22 8.987271e-21 2.221051e-28
6988713.2 5.9311012e+16 7.6228552e+09 8.6479012e+08 2.5e-22 8.961375e-21 2.227715e-28
6996493.9 5.9370323e+16 7.621085e+09 8.6560066e+08 2.5e-22 8.9355549e-21 2.234396e-28
7004284.2 5.9429694e+16 7.6193129e+09 8.6641206e+08 2.5e-22 8.9098103e-21 2.2410937e-28
7012084.1 5.9489123e+16 7.617539e+09 8.6722434e+08 2.5e-22 8.884141e-21 2.2478084e-28
7019893.5 5.9548612e+16 7.6157632e+09 8.6803747e+08 2.5e-22 8.8585469e-21 2.25454e-28
7027712.7 5.9608161e+16 7.6139855e+09 8.6885148e+08 2.5e-22 8.8330277e-21 2.2612885e-28
7035541.4 5.9667769e+16 7.6122059e+09 8.6966635e+08 2.5e-22 8.8075832e-21 2.2680541e-28
7043379.9 5.9727437e+16 7.6104244e+09 8.7048209e+08 2.5e-22 8.7822131e-21 2.2748368e-28
7051228 5.9787164e+16 7.608641e+09 8.7129869e+08 2.5e-22 8.7569173e-21 2.2816366e-28
7059085.8 5.9846951e+16 7.6068558e+09 8.7211616e+08 2.5e-22 8.7316955e-21 2.2884535e-28
7066953.3 5.9906798e+16 7.6050686e+09 8.7293449e+08 2.5e-22 8.7065476e-21 2.2952876e-28
7074830.5 5.9966705e+16 7.6032796e+09 8.737537e+08 2.5e-22 8.6814732e-21 2.302139e-28
7082717.5 6.0026672e+16 7.6014887e+09 8.7457376e+08 2.5e-22 8.6564722e-21 2.3090076e-28
7090614.2 6.0086699e+16 7.5996959e+09 8.7539469e+08 2.5e-22 8.6315443e-21 2.3158936e-28
7098520.6 6.0146785e+16 7.5979012e+09 8.7621649e+08 2.5e-22 8.6066894e-21 2.322797e-28
7106436.9 6.0206932e+16 7.5961045e+09 8.7703916e+08 2.5e-22 8.5819072e-21 2.3297177e-28
7114362.9 6.0267139e+16 7.594306e+09 8.7786268e+08 2.5e-22 8.5571976e-21 2.336656e-28
7122298.7 6.0327406e+16 7.5925056e+09 8.7868708e+08 2.5e-22 8.5325602e-21 2.3436117e-28
7130244.4 6.0387734e+16 7.5907033e+09 8.7951234e+08 2.5e-22 8.5079949e-21 2.350585e-28
7138199.9 6.0448121e+16 7.5888991e+09 8.8033846e+08 2.5e-22 8.4835015e-21 2.3575758e-28
7146165.2 6.0508569e+16 7.587093e+09 8.8116545e+08 2.5e-22 8.4590798e-21 2.3645843e-28
7154140.4 6.0569078e+16 7.585285e+09 8.819933e+08 2.5e-22 8.4347295e-21 2.3716105e-28
7162125.5 6.0629647e+16 7.5834751e+09 8.8282202e+08 2.5e-22 8.4104504e-21 2.3786544e-28
7170120.4 6.0690277e+16 7.5816633e+09 8.836516e+08 2.5e-22 8.3862424e-21 2.3857161e-28
7178125.3 6.0750967e+16 7.5798495e+09 8.8448204e+08 2.5e-22 8.3621052e-21 2.3927956e-28
7186140.1 6.0811718e+16 7.5780339e+09 8.8531335e+08 2.5e-22 8.3380386e-21 2.399893e-28
7194164.8 6.087253e+16 7.5762163e+09 8.8614552e+08 2.5e-22 8.3140425e-21 2.4070082e-28
7202199.5 6.0933402e+16 7.5743969e+09 8.8697856e+08 2.5e-22 8.2901165e-21 2.4141414e-28
7210244.2 6.0994336e+16 7.5725755e+09 8.8781246e+08 2.5e-22 8.2662605e-21 2.4212927e-28
7218298.8 6.105533e+16 7.5707522e+09 8.8864722e+08 2.5e-22 8.2424743e-21 2.4284619e-28
7226363.5 6.1116385e+16 7.568927e+09 8.8948284e+08 2.5e-22 8.2187577e-21 2.4356492e-28
7234438.1 6.1177502e+16 7.5670999e+09 8.9031933e+08 2.5e-22 8.1951104e-21 2.4428547e-28
7242522.8 6.1238679e+16 7.5652709e+09 8.9115668e+08 2.5e-22 8.1715323e-21 2.4500784e-28
7250617.5 6.1299918e+16 7.5634399e+09 8.9199489e+08 2.5e-22 8.1480232e-21 2.4573202e-28
7258722.2 6.1361218e+16 7.5616071e+09 8.9283397e+08 2.5e-22 8.1245829e-21 2.4645804e-28
7266837.1 6.1422579e+16 7.5597723e+09 8.9367391e+08 2.5e-22 8.1012111e-21 2.4718589e-28
7274962 6.1484002e+16 7.5579356e+09 8.9451471e+08 2.5e-22 8.0779076e-21 2.4791557e-28
7283097 6.1545486e+16 7.5560969e+09 8.9535637e+08 2.5e-22 8.0546723e-21 2.4864709e-28
7291242.2 6.1607031e+16 7.5542564e+09 8.9619889e+08 2.5e-22 8.031505e-21 2.4938046e-28
7299397.4 6.1668638e+16 7.5524139e+09 8.9704227e+08 2.5e-22 8.0084054e-21 2.5011568e-28
7307562.9 6.1730307e+16 7.5505695e+09 8.9788652e+08 2.5e-22 7.9853734e-21 2.5085276e-28
7315738.5 6.1792037e+16 7.5487231e+09 8.9873162e+08 2.5e-22 7.9624088e-21 2.5159169e-28
7323924.2 6.1853829e+16 7.5468749e+09 8.9957759e+08 2.5e-22 7.9395113e-21 2.5233249e-28
7332120.2 6.1915683e+16 7.5450247e+09 9.0042441e+08 2.5e-22 7.9166807e-21 2.5307516e-28
7340326.3 6.1977599e+16 7.5431725e+09 9.012721e+08 2.5e-22 7.893917e-21 2.538197e-28
7348542.7 6.2039576e+16 7.5413185e+09 9.0212065e+08 2.5e-22 7.8712197e-21 2.5456613e-28
7356769.3 6.2101616e+16 7.5394625e+09 9.0297005e+08 2.5e-22 7.8485889e-21 2.5531443e-28
7365006.2 6.2163717e+16 7.5376046e+09 9.0382032e+08 2.5e-22 7.8260242e-21 2.5606462e-28
7373253.4 6.2225881e+16 7.5357447e+09 9.0467145e+08 2.5e-22 7.8035256e-21 2.5681671e-28
7381510.8 6.2288107e+16 7.5338829e+09 9.0552343e+08 2.5e-22 7.7810927e-21 2.5757069e-28
7389778.5 6.2350395e+16 7.5320192e+09 9.0637627e+08 2.5e-22 7.7587253e-21 2.5832658e-28
7398056.6 6.2412745e+16 7.5301535e+09 9.0722997e+08 2.5e-22 7.7364234e-21 2.5908437e-28
7406344.9 6.2475158e+16 7.5282859e+09 9.0808453e+08 2.5e-22 7.7141867e-21 2.5984408e-28
7414643.7 6.2537633e+16 7.5264163e+09 9.0893995e+08 2.5e-22 7.692015e-21 2.606057e-28
7422952.7 6.2600171e+16 7.5245448e+09 9.0979623e+08 2.5e-22 7.6699082e-21 2.6136924e-28
7431272.2 6.2662771e+16 7.5226714e+09 9.1065336e+08 2.5e-22 7.6478659e-21 2.6213472e-28
7439602.1 6.2725434e+16 7.520796e+09 9.1151135e+08 2.5e-22 7.6258881e-21 2.6290212e-28
7447942.3 6.2788159e+16 7.5189187e+09 9.123702e+08 2.5e-22 7.6039746e-21 2.6367146e-28
7456293 6.2850948e+16 7.5170394e+09 9.132299e+08 2.5e-22 7.5821251e-21 2.6444274e-28
7464654.1 6.2913798e+16 7.5151581e+09 9.1409046e+08 2.5e-22 7.5603395e-21 2.6521597e-28
7473025.7 6.2976712e+16 7.513275e+09 9.1495188e+08 2.5e-22 7.5386176e-21 2.6599114e-28
7481407.8 6.3039689e+16 7.5113898e+09 9.1581415e+08 2.5e-22 7.5169591e-21 2.6676828e-28
7489800.3 6.3102729e+16 7.5095028e+09 9.1667728e+08 2.5e-22 7.495364e-21 2.6754738e-28
7498203.4 6.3165831e+16 7.5076137e+09 9.1754127e+08 2.5e-22 7.473832e-21 2.6832844e-28
7506617 6.3228997e+16 7.5057227e+09 9.184061e+08 2.5e-22 7.4523629e-21 2.6911147e-28
7515041.1 6.3292226e+16 7.5038298e+09 9.192718e+08 2.5e-22 7.4309566e-21 2.6989648e-28
7523475.7 6.3355518e+16 7.5019349e+09 9.2013835e+08 2.5e-22 7.4096129e-21 2.7068347e-28
7531920.9 6.3418874e+16 7.500038e+09 9.2100575e+08 2.5e-22 7.3883315e-21 2.7147245e-28
7540376.7 6.3482293e+16 7.4981392e+09 9.2187401e+08 2.5e-22 7.3671124e-21 2.7226341e-28
7548843.2 6.3545775e+16 7.4962385e+09 9.2274312e+08 2.5e-22 7.3459552e-21 2.7305638e-28
7557320.2 6.3609321e+16 7.4943357e+09 9.2361308e+08 2.5e-22 7.3248599e-21 2.7385134e-28
7565807.8 6.367293e+16 7.492431e+09 9.244839e+08 2.5e-22 7.3038263e-21 2.7464832e-28
7574306.1 6.3736603e+16 7.4905244e+09 9.2535557e+08 2.5e-22 7.2828541e-21 2.754473e-28
7582815.1 6.380034e+16 7.4886157e+09 9.2622809e+08 2.5e-22 7.2619432e-21 2.762483e-28
7591334.7 6.386414e+16 7.4867052e+09 9.2710146e+08 2.5e-22 7.2410934e-21 2.7705132e-28
7599865.1 6.3928004e+16 7.4847926e+09 9.2797569e+08 2.5e-22 7.2203045e-21 2.7785637e-28
7608406.1 6.3991932e+16 7.4828781e+09 9.2885076e+08 2.5e-22 7.1995764e-21 2.7866345e-28
7616957.9 6.4055924e+16 7.4809616e+09 9.2972669e+08 2.5e-22 7.1789088e-21 2.7947256e-28
7625520.4 6.411998e+16 7.4790431e+09 9.3060347e+08 2.5e-22 7.1583017e-21 2.8028372e-28
7634093.7 6.41841e+16 7.4771227e+09 9.314811e+08 2.5e-22 7.1377547e-21 2.8109693e-28
7642677.8 6.4248284e+16 7.4752003e+09 9.3235958e+08 2.5e-22 7.1172678e-21 2.8191219e-28
7651272.6 6.4312532e+16 7.4732759e+09 9.3323891e+08 2.5e-22 7.0968408e-21 2.8272951e-28
7659878.3 6.4376845e+16 7.4713496e+09 9.3411908e+08 2.5e-22 7.0764734e-21 2.8354889e-28
7668494.8 6.4441222e+16 7.4694213e+09 9.3500011e+08 2.5e-22 7.0561656e-21 2.8437034e-28
7677122.1 6.4505663e+16 7.467491e+09 9.3588199e+08 2.5e-22 7.035917e-21 2.8519386e-28
7685760.3 6.4570169e+16 7.4655587e+09 9.3676471e+08 2.5e-22 7.0157277e-21 2.8601946e-28
7694409.4 6.4634739e+16 7.4636244e+09 9.3764828e+08 2.5e-22 6.9955973e-21 2.8684714e-28
7703069.4 6.4699374e+16 7.4616882e+09 9.385327e+08 2.5e-22 6.9755257e-21 2.8767692e-28
7711740.3 6.4764073e+16 7.45975e+09 9.3941797e+08 2.5e-22 6.9555128e-21 2.8850879e-28
7720422.1 6.4828837e+16 7.4578098e+09 9.4030408e+08 2.5e-22 6.9355583e-21 2.8934275e-28
7729114.8 6.4893666e+16 7.4558676e+09 9.4119105e+08 2.5e-22 6.9156621e-21 2.9017883e-28
7737818.5 6.495856e+16 7.4539235e+09 9.4207885e+08 2.5e-22 6.895824e-21 2.9101701e-28
7746533.2 6.5023518e+16 7.4519773e+09 9.429675e+08 2.5e-22 6.8760439e-21 2.9185731e-28
7755258.9 6.5088542e+16 7.4500292e+09 9.43857e+08 2.5e-22 6.8563216e-21 2.9269973e-28
7763995.5 6.515363e+16 7.4480791e+09 9.4474734e+08 2.5e-22 6.8366569e-21 2.9354428e-28
7772743.3 6.5218784e+16 7.446127e+09 9.4563853e+08 2.5e-22 6.8170496e-21 2.9439096e-28
7781502 6.5284003e+16 7.4441729e+09 9.4653056e+08 2.5e-22 6.7974995e-21 2.9523978e-28
7790271.8 6.5349287e+16 7.4422168e+09 9.4742344e+08 2.5e-22 6.7780066e-21 2.9609074e-28
7799052.7 6.5414636e+16 7.4402588e+09 9.4831716e+08 2.5e-22 6.7585706e-21 2.9694385e-28
7807844.7 6.5480051e+16 7.4382987e+09 9.4921172e+08 2.5e-22 6.7391914e-21 2.9779911e-28
7816647.8 6.5545531e+16 7.4363367e+09 9.5010712e+08 2.5e-22 6.7198687e-21 2.9865654e-28
7825462 6.5611076e+16 7.4343726e+09 9.5100337e+08 2.5e-22 6.7006025e-21 2.9951612e-28
7834287.4 6.5676687e+16 7.4324066e+09 9.5190045e+08 2.5e-22 6.6813926e-21 3.0037788e-28
7843123.9 6.5742364e+16 7.4304385e+09 9.5279838e+08 2.5e-22 6.6622388e-21 3.0124181e-28
7851971.6 6.5808106e+16 7.4284685e+09 9.5369715e+08 2.5e-22 6.6431409e-21 3.0210793e-28
7860830.5 6.5873914e+16 7.4264965e+09 9.5459676e+08 2.5e-22 6.6240987e-21 3.0297623e-28
7869700.6 6.5939788e+16 7.4245224e+09 9.5549721e+08 2.5e-22 6.6051122e-21 3.0384672e-28
7878582 6.6005728e+16 7.4225464e+09 9.563985e+08 2.5e-22 6.5861811e-21 3.0471941e-28
7887474.6 6.6071734e+16 7.4205684e+09 9.5730063e+08 2.5e-22 6.5673053e-21 3.0559431e-28
7896378.5 6.6137806e+16 7.4185884e+09 9.582036e+08 2.5e-22 6.5484846e-21 3.0647141e-28
7905293.6 6.6203943e+16 7.4166063e+09 9.5910741e+08 2.5e-22 6.5297188e-21 3.0735073e-28
7914220.1 6.6270147e+16 7.4146223e+09 9.6001205e+08 2.5e-22 6.5110079e-21 3.0823227e-28
7923157.8 6.6336417e+16 7.4126363e+09 9.6091753e+08 2.5e-22 6.4923515e-21 3.0911603e-28
7932106.9 6.6402754e+16 7.4106482e+09 9.6182385e+08 2.5e-22 6.4737497e-21 3.1000203e-28
7941067.4 6.6469157e+16 7.4086582e+09 9.62731e+08 2.5e-22 6.4552021e-21 3.1089026e-28
7950039.2 6.6535626e+16 7.4066661e+09 9.6363899e+08 2.5e-22 6.4367087e-21 3.1178074e-28
7959022.4 6.6602161e+16 7.404672e+09 9.6454782e+08 2.5e-22 6.4182693e-21 3.1267347e-28
7968017 6.6668764e+16 7.4026759e+09 9.6545748e+08 2.5e-22 6.3998837e-21 3.1356844e-28
7977023.1 6.6735432e+16 7.4006779e+09 9.6636798e+08 2.5e-22 6.3815518e-21 3.1446568e-28
7986040.5 6.6802168e+16 7.3986778e+09 9.6727931e+08 2.5e-22 6.3632734e-21 3.1536519e-28
7995069.5 6.686897e+16 7.3966756e+09 9.6819147e+08 2.5e-22 6.3450483e-21 3.1626697e-28
8004109.9 6.6935839e+16 7.3946715e+09 9.6910446e+08 2.5e-22 6.3268765e-21 3.1717102e-28
8013161.8 6.7002775e+16 7.3926654e+09 9.7001829e+08 2.5e-22 6.3087577e-21 3.1807736e-28
8022225.2 6.7069778e+16 7.3906572e+09 9.7093295e+08 2.5e-22 6.2906918e-21 3.1898599e-28
8031300.1 6.7136847e+16 7.3886471e+09 9.7184845e+08 2.5e-22 6.2726786e-21 3.1989691e-28
8040386.6 6.7203984e+16 7.3866349e+09 9.7276477e+08 2.5e-22 6.254718e-21 3.2081013e-28
8049484.7 6.7271188e+16 7.3846207e+09 9.7368192e+08 2.5e-22 6.2368098e-21 3.2172566e-28
8058594.3 6.7338459e+16 7.3826044e+09 9.7459991e+08 2.5e-22 6.2189538e-21 3.226435e-28
8067715.5 6.7405798e+16 7.3805862e+09 9.7551872e+08 2.5e-22 6.20115e-21 3.2356366e-28
8076848.4 6.7473204e+16 7.3785659e+09 9.7643836e+08 2.5e-22 6.1833982e-21 3.2448614e-28
8085992.9 6.7540677e+16 7.3765436e+09 9.7735884e+08 2.5e-22 6.1656981e-21 3.2541095e-28
8095149 6.7608217e+16 7.3745193e+09 9.7828014e+08 2.5e-22 6.1480497e-21 3.263381e-28
8104316.8 6.7675826e+16 7.372493e+09 9.7920226e+08 2.5e-22 6.1304528e-21 3.2726759e-28
8113496.3 6.7743501e+16 7.3704646e+09 9.8012522e+08 2.5e-22 6.1129073e-21 3.2819943e-28
8122687.5 6.7811245e+16 7.3684342e+09 9.81049e+08 2.5e-22 6.0954129e-21 3.2913362e-28
8131890.5 6.7879056e+16 7.3664018e+09 9.819736e+08 2.5e-22 6.0779696e-21 3.3007018e-28
8141105.2 6.7946935e+16 7.3643674e+09 9.8289903e+08 2.5e-22 6.0605772e-21 3.3100909e-28
8150331.6 6.8014882e+16 7.3623309e+09 9.8382529e+08 2.5e-22 6.0432355e-21 3.3195038e-28
8159569.8 6.8082897e+16 7.3602924e+09 9.8475237e+08 2.5e-22 6.0259445e-21 3.3289405e-28
8168819.9 6.815098e+16 7.3582519e+09 9.8568027e+08 2.5e-22 6.0087039e-21 3.338401e-28
8178081.7 6.8219131e+16 7.3562093e+09 9.86609e+08 2.5e-22 5.9915136e-21 3.3478854e-28
8187355.4 6.828735e+16 7.3541647e+09 9.8753855e+08 2.5e-22 5.9743734e-21 3.3573938e-28
8196640.9 6.8355637e+16 7.3521181e+09 9.8846892e+08 2.5e-22 5.9572832e-21 3.3669262e-28
8205938.3 6.8423993e+16 7.3500695e+09 9.8940012e+08 2.5e-22 5.9402429e-21 3.3764826e-28
8215247.6 6.8492417e+16 7.3480188e+09 9.9033213e+08 2.5e-22 5.9232524e-21 3.3860632e-28
8224568.8 6.856091e+16 7.345966e+09 9.9126496e+08 2.5e-22 5.9063113e-21 3.3956681e-28
8233902 6.862947e+16 7.3439113e+09 9.9219862e+08 2.5e-22 5.8894197e-21 3.4052971e-28
8243247.1 6.86981e+16 7.3418545e+09 9.9313309e+08 2.5e-22 5.8725774e-21 3.4149505e-28
8252604.1 6.8766798e+16 7.3397956e+09 9.9406838e+08 2.5e-22 5.8557842e-21 3.4246283e-28
8261973.1 6.8835565e+16 7.3377347e+09 9.9500449e+08 2.5e-22 5.83904e-21 3.4343306e-28
8271354.2 6.89044e+16 7.3356718e+09 9.9594142e+08 2.5e-22 5.8223446e-21 3.4440573e-28
8280747.2 6.8973305e+16 7.3336069e+09 9.9687916e+08 2.5e-22 5.8056979e-21 3.4538087e-28
8290152.3 6.9042278e+16 7.3315399e+09 9.9781772e+08 2.5e-22 5.7890998e-21 3.4635847e-28
8299569.5 6.911132e+16 7.3294708e+09 9.9875709e+08 2.5e-22 5.7725501e-21 3.4733853e-28
8308998.7 6.9180432e+16 7.3273997e+09 9.9969728e+08 2.5e-22 5.7560486e-21 3.4832108e-28
8318440.1 6.9249612e+16 7.3253266e+09 1.0006383e+09 2.5e-22 5.7395953e-21 3.493061e-28
8327893.5 6.9318862e+16 7.3232514e+09 1.0015801e+09 2.5e-22 5.72319e-21 3.5029362e-28
8337359.1 6.9388181e+16 7.3211742e+09 1.0025227e+09 2.5e-22 5.7068325e-21 3.5128363e-28
8346836.8 6.9457569e+16 7.3190949e+09 1.0034662e+09 2.5e-22 5.6905226e-21 3.5227614e-28
8356326.8 6.9527026e+16 7.3170136e+09 1.0044104e+09 2.5e-22 5.6742604e-21 3.5327116e-28
8365828.9 6.9596553e+16 7.3149302e+09 1.0053555e+09 2.5e-22 5.6580456e-21 3.542687e-28
8375343.2 6.966615e+16 7.3128448e+09 1.0063014e+09 2.5e-22 5.6418781e-21 3.5526875e-28
8384869.7 6.9735816e+16 7.3107574e+09 1.0072481e+09 2.5e-22 5.6257577e-21 3.5627133e-28
8394408.5 6.9805552e+16 7.3086678e+09 1.0081956e+09 2.5e-22 5.6096843e-21 3.5727645e-28
8403959.6 6.9875357e+16 7.3065763e+09 1.0091439e+09 2.5e-22 5.5936577e-21 3.5828411e-28
8413522.9 6.9945233e+16 7.3044827e+09 1.010093e+09 2.5e-22 5.5776779e-21 3.5929431e-28
8423098.6 7.0015178e+16 7.302387e+09 1.0110429e+09 2.5e-22 5.5617447e-21 3.6030707e-28
8432686.6 7.0085193e+16 7.3002892e+09 1.0119936e+09 2.5e-22 5.545858e-21 3.6132238e-28
8442286.9 7.0155278e+16 7.2981895e+09 1.0129451e+09 2.5e-22 5.5300175e-21 3.6234026e-28
8451899.6 7.0225434e+16 7.2960876e+09 1.0138975e+09 2.5e-22 5.5142233e-21 3.6336072e-28
8461524.7 7.0295659e+16 7.2939837e+09 1.0148506e+09 2.5e-22 5.4984751e-21 3.6438375e-28
8471162.2 7.0365955e+16 7.2918778e+09 1.0158046e+09 2.5e-22 5.4827727e-21 3.6540937e-28
8480812.1 7.0436321e+16 7.2897698e+09 1.0167593e+09 2.5e-22 5.4671162e-21 3.6643758e-28
8490474.4 7.0506757e+16 7.2876597e+09 1.0177149e+09 2.5e-22 5.4515053e-21 3.6746839e-28
8500149.2 7.0577264e+16 7.2855475e+09 1.0186712e+09 2.5e-22 5.4359399e-21 3.6850181e-28
8509836.5 7.0647841e+16 7.2834334e+09 1.0196284e+09 2.5e-22 5.4204199e-21 3.6953783e-28
8519536.3 7.0718489e+16 7.2813171e+09 1.0205863e+09 2.5e-22 5.4049451e-21 3.7057648e-28
8529248.7 7.0789207e+16 7.2791988e+09 1.0215451e+09 2.5e-22 5.3895154e-21 3.7161775e-28
8538973.5 7.0859997e+16 7.2770784e+09 1.0225046e+09 2.5e-22 5.3741307e-21 3.7266166e-28
8548710.9 7.0930857e+16 7.274956e+09 1.023465e+09 2.5e-22 5.3587909e-21 3.737082e-28
8558460.9 7.1001787e+16 7.2728315e+09 1.0244261e+09 2.5e-22 5.3434957e-21 3.7475739e-28
8568223.6 7.1072789e+16 7.2707049e+09 1.0253881e+09 2.5e-22 5.3282451e-21 3.7580923e-28
8577998.8 7.1143862e+16 7.2685762e+09 1.0263508e+09 2.5e-22 5.313039e-21 3.7686373e-28
8587786.6 7.1215006e+16 7.2664455e+09 1.0273143e+09 2.5e-22 5.2978771e-21 3.7792089e-28
8597587.2 7.1286221e+16 7.2643128e+09 1.0282787e+09 2.5e-22 5.2827595e-21 3.7898073e-28
8607400.4 7.1357507e+16 7.2621779e+09 1.0292438e+09 2.5e-22 5.2676859e-21 3.8004325e-28
8617226.3 7.1428865e+16 7.260041e+09 1.0302097e+09 2.5e-22 5.2526562e-21 3.8110845e-28
8627064.9 7.1500293e+16 7.257902e+09 1.0311764e+09 2.5e-22 5.2376703e-21 3.8217635e-28
8636916.3 7.1571794e+16 7.255761e+09 1.0321439e+09 2.5e-22 5.2227281e-21 3.8324694e-28
8646780.4 7.1643366e+16 7.2536178e+09 1.0331122e+09 2.5e-22 5.2078294e-21 3.8432025e-28
8656657.3 7.1715009e+16 7.2514726e+09 1.0340813e+09 2.5e-22 5.1929742e-21 3.8539627e-28
8666547.1 7.1786724e+16 7.2493254e+09 1.0350512e+09 2.5e-22 5.1781622e-21 3.86475e-28
8676449.6 7.1858511e+16 7.247176e+09 1.0360218e+09 2.5e-22 5.1633934e-21 3.8755647e-28
8686365 7.1930369e+16 7.2450246e+09 1.0369933e+09 2.5e-22 5.1486675e-21 3.8864067e-28
8696293.2 7.20023e+16 7.2428711e+09 1.0379655e+09 2.5e-22 5.1339846e-21 3.8972761e-28
8706234.4 7.2074302e+16 7.2407156e+09 1.0389385e+09 2.5e-22 5.1193445e-21 3.908173e-28
8716188.4 7.2146376e+16 7.2385579e+09 1.0399123e+09 2.5e-22 5.104747e-21 3.9190974e-28
8726155.3 7.2218523e+16 7.2363982e+09 1.0408869e+09 2.5e-22 5.0901921e-21 3.9300495e-28
8736135.2 7.2290741e+16 7.2342364e+09 1.0418623e+09 2.5e-22 5.0756795e-21 3.9410293e-28
8746128.1 7.2363032e+16 7.2320725e+09 1.0428384e+09 2.5e-22 5.0612092e-21 3.9520368e-28
8756134 7.2435395e+16 7.2299066e+09 1.0438154e+09 2.5e-22 5.0467811e-21 3.9630722e-28
8766152.8 7.250783e+16 7.2277385e+09 1.0447931e+09 2.5e-22 5.032395e-21 3.9741355e-28
8776184.7 7.2580338e+16 7.2255684e+09 1.0457716e+09 2.5e-22 5.0180507e-21 3.9852267e-28
8786229.6 7.2652918e+16 7.2233962e+09 1.0467509e+09 2.5e-22 5.0037483e-21 3.9963461e-28
8796287.6 7.2725571e+16 7.2212219e+09 1.0477309e+09 2.5e-22 4.9894875e-21 4.0074935e-28
8806358.7 7.2798297e+16 7.2190456e+09 1.0487118e+09 2.5e-22 4.9752683e-21 4.0186691e-28
8816442.9 7.2871095e+16 7.2168671e+09 1.0496934e+09 2.5e-22 4.9610904e-21 4.029873e-28
8826540.2 7.2943966e+16 7.2146866e+09 1.0506758e+09 2.5e-22 4.9469539e-21 4.0411052e-28
8836650.7 7.301691e+16 7.212504e+09 1.0516589e+09 2.5e-22 4.9328585e-21 4.0523659e-28
8846774.4 7.3089927e+16 7.2103193e+09 1.0526429e+09 2.5e-22 4.9188042e-21 4.063655e-28
8856911.2 7.3163017e+16 7.2081325e+09 1.0536276e+09 2.5e-22 4.9047908e-21 4.0749726e-28
8867061.3 7.323618e+16 7.2059436e+09 1.0546131e+09 2.5e-22 4.8908181e-21 4.0863189e-28
8877224.6 7.3309416e+16 7.2037526e+09 1.0555993e+09 2.5e-22 4.8768862e-21 4.0976939e-28
8887401.2 7.3382726e+16 7.2015596e+09 1.0565864e+09 2.5e-22 4.8629949e-21 4.1090977e-28
8897591 7.3456108e+16 7.1993644e+09 1.0575742e+09 2.5e-22 4.849144e-21 4.1205303e-28
8907794.1 7.3529565e+16 7.1971672e+09 1.0585627e+09 2.5e-22 4.8353334e-21 4.1319919e-28
8918010.6 7.3603094e+16 7.1949679e+09 1.0595521e+09 2.5e-22 4.821563e-21 4.1434824e-28
8928240.4 7.3676697e+16 7.1927665e+09 1.0605422e+09 2.5e-22 4.8078327e-21 4.155002e-28
8938483.6 7.3750374e+16 7.190563e+09 1.061533e+09 2.5e-22 4.7941424e-21 4.1665507e-28
8948740.1 7.3824124e+16 7.1883574e+09 1.0625247e+09 2.5e-22 4.7804919e-21 4.1781287e-28
8959010.1 7.3897948e+16 7.1861497e+09 1.0635171e+09 2.5e-22 4.7668812e-21 4.189736e-28
8969293.5 7.3971846e+16 7.1839399e+09 1.0645102e+09 2.5e-22 4.7533101e-21 4.2013726e-28
8979590.3 7.4045818e+16 7.1817281e+09 1.0655042e+09 2.5e-22 4.7397785e-21 4.2130386e-28
8989900.6 7.4119864e+16 7.1795141e+09 1.0664989e+09 2.5e-22 4.7262863e-21 4.2247342e-28
9000224.4 7.4193984e+16 7.1772981e+09 1.0674943e+09 2.5e-22 4.7128334e-21 4.2364594e-28
9010561.7 7.4268178e+16 7.1750799e+09 1.0684905e+09 2.5e-22 4.6994196e-21 4.2482142e-28
9020912.6 7.4342446e+16 7.1728597e+09 1.0694875e+09 2.5e-22 4.6860448e-21 4.2599988e-28
9031277 7.4416788e+16 7.1706373e+09 1.0704853e+09 2.5e-22 4.672709e-21 4.2718132e-28
9041655 7.4491205e+16 7.1684129e+09 1.0714837e+09 2.5e-22 4.659412e-21 4.2836575e-28
9052046.5 7.4565696e+16 7.1661863e+09 1.072483e+09 2.5e-22 4.6461537e-21 4.2955317e-28
9062451.8 7.4640262e+16 7.1639577e+09 1.073483e+09 2.5e-22 4.632934e-21 4.307436e-28
9072870.6 7.4714902e+16 7.1617269e+09 1.0744838e+09 2.5e-22 4.6197527e-21 4.3193704e-28
9083303.1 7.4789617e+16 7.1594941e+09 1.0754853e+09 2.5e-22 4.6066099e-21 4.3313351e-28
9093749.4 7.4864407e+16 7.1572592e+09 1.0764875e+09 2.5e-22 4.5935052e-21 4.34333e-28
9104209.3 7.4939271e+16 7.1550221e+09 1.0774906e+09 2.5e-22 4.5804387e-21 4.3553552e-28
9114682.9 7.5014211e+16 7.152783e+09 1.0784943e+09 2.5e-22 4.5674102e-21 4.3674109e-28
9125170.4 7.5089225e+16 7.1505417e+09 1.0794988e+09 2.5e-22 4.5544196e-21 4.3794971e-28
9135671.6 7.5164314e+16 7.1482984e+09 1.0805041e+09 2.5e-22 4.5414668e-21 4.3916139e-28
9146186.6 7.5239478e+16 7.1460529e+09 1.0815101e+09 2.5e-22 4.5285517e-21 4.4037614e-28
9156715.4 7.5314718e+16 7.1438054e+09 1.0825169e+09 2.5e-22 4.5156742e-21 4.4159396e-28
9167258 7.5390033e+16 7.1415557e+09 1.0835244e+09 2.5e-22 4.5028341e-21 4.4281486e-28
9177814.6 7.5465423e+16 7.139304e+09 1.0845327e+09 2.5e-22 4.4900314e-21 4.4403885e-28
9188385 7.5540888e+16 7.1370501e+09 1.0855417e+09 2.5e-22 4.477266e-21 4.4526594e-28
9198969.3 7.5616429e+16 7.1347941e+09 1.0865514e+09 2.5e-22 4.4645376e-21 4.4649614e-28
9209567.6 7.5692045e+16 7.1325361e+09 1.0875619e+09 2.5e-22 4.4518463e-21 4.4772945e-28
9220179.8 7.5767737e+16 7.1302759e+09 1.0885731e+09 2.5e-22 4.439192e-21 4.4896588e-28
9230806 7.5843505e+16 7.1280136e+09 1.0895851e+09 2.5e-22 4.4265744e-21 4.5020545e-28
9241446.2 7.5919349e+16 7.1257492e+09 1.0905978e+09 2.5e-22 4.4139935e-21 4.5144815e-28
9252100.4 7.5995268e+16 7.1234827e+09 1.0916112e+09 2.5e-22 4.4014492e-21 4.5269399e-28
9262768.7 7.6071263e+16 7.1212141e+09 1.0926254e+09 2.5e-22 4.3889414e-21 4.5394299e-28
9273451 7.6147334e+16 7.1189434e+09 1.0936403e+09 2.5e-22 4.37647e-21 4.5519515e-28
9284147.5 7.6223482e+16 7.1166705e+09 1.094656e+09 2.5e-22 4.3640348e-21 4.5645048e-28
9294858 7.6299705e+16 7.1143956e+09 1.0956724e+09 2.5e-22 4.3516359e-21 4.5770899e-28
9305582.7 7.6376005e+16 7.1121185e+09 1.0966895e+09 2.5e-22 4.3392729e-21 4.5897069e-28
9316321.6 7.6452381e+16 7.1098394e+09 1.0977074e+09 2.5e-22 4.326946e-21 4.6023558e-28
9327074.6 7.6528833e+16 7.1075581e+09 1.0987259e+09 2.5e-22 4.3146548e-21 4.6150367e-28
9337841.9 7.6605362e+16 7.1052747e+09 1.0997453e+09 2.5e-22 4.3023994e-21 4.6277498e-28
9348623.3 7.6681968e+16 7.1029892e+09 1.1007653e+09 2.5e-22 4.2901797e-21 4.640495e-28
9359419.1 7.675865e+16 7.1007016e+09 1.1017861e+09 2.5e-22 4.2779955e-21 4.6532725e-28
9370229.1 7.6835408e+16 7.0984119e+09 1.1028076e+09 2.5e-22 4.2658467e-21 4.6660823e-28
9381053.4 7.6912244e+16 7.09612e+09 1.1038298e+09 2.5e-22 4.2537332e-21 4.6789246e-28
9391892 7.6989156e+16 7.0938261e+09 1.1048527e+09 2.5e-22 4.2416549e-21 4.6917994e-28
9402745 7.7066145e+16 7.09153e+09 1.1058764e+09 2.5e-22 4.2296118e-21 4.7047068e-28
9413612.4 7.7143211e+16 7.0892318e+09 1.1069008e+09 2.5e-22 4.2176037e-21 4.7176469e-28
9424494.1 7.7220354e+16 7.0869315e+09 1.1079259e+09 2.5e-22 4.2056304e-21 4.7306198e-28
9435390.3 7.7297575e+16 7.0846291e+09 1.1089517e+09 2.5e-22 4.193692e-21 4.7436255e-28
9446300.9 7.7374872e+16 7.0823246e+09 1.1099783e+09 2.5e-22 4.1817883e-21 4.7566642e-28
9457225.9 7.7452247e+16 7.0800179e+09 1.1110056e+09 2.5e-22 4.1699192e-21 4.7697358e-28
9468165.5 7.7529699e+16 7.0777092e+09 1.1120336e+09 2.5e-22 4.1580846e-21 4.7828406e-28
9479119.6 7.7607229e+16 7.0753983e+09 1.1130623e+09 2.5e-22 4.1462844e-21 4.7959786e-28
9490088.2 7.7684836e+16 7.0730853e+09 1.1140917e+09 2.5e-22 4.1345185e-21 4.8091498e-28
9501071.3 7.7762521e+16 7.0707702e+09 1.1151218e+09 2.5e-22 4.1227868e-21 4.8223545e-28
9512069.1 7.7840284e+16 7.0684529e+09 1.1161527e+09 2.5e-22 4.1110892e-21 4.8355925e-28
9523081.4 7.7918124e+16 7.0661336e+09 1.1171842e+09 2.5e-22 4.0994255e-21 4.8488641e-28
9534108.4 7.7996042e+16 7.0638121e+09 1.1182165e+09 2.5e-22 4.0877958e-21 4.8621693e-28
9545150 7.8074038e+16 7.0614885e+09 1.1192494e+09 2.5e-22 4.0761999e-21 4.8755082e-28
9556206.3 7.8152112e+16 7.0591628e+09 1.1202831e+09 2.5e-22 4.0646377e-21 4.8888809e-28
9567277.4 7.8230264e+16 7.0568349e+09 1.1213175e+09 2.5e-22 4.053109e-21 4.9022875e-28
9578363.1 7.8308495e+16 7.054505e+09 1.1223526e+09 2.5e-22 4.0416139e-21 4.915728e-28
9589463.6 7.8386803e+16 7.0521729e+09 1.1233884e+09 2.5e-22 4.0301522e-21 4.9292026e-28
9600578.9 7.846519e+16 7.0498387e+09 1.1244249e+09 2.5e-22 4.0187238e-21 4.9427113e-28
9611708.9 7.8543655e+16 7.0475023e+09 1.1254621e+09 2.5e-22 4.0073285e-21 4.9562542e-28
9622853.8 7.8622199e+16 7.0451639e+09 1.1265e+09 2.5e-22 3.9959664e-21 4.9698315e-28
9634013.6 7.8700821e+16 7.0428233e+09 1.1275386e+09 2.5e-22 3.9846373e-21 4.9834431e-28
9645188.2 7.8779522e+16 7.0404806e+09 1.1285779e+09 2.5e-22 3.9733411e-21 4.9970892e-28
9656377.7 7.8858301e+16 7.0381358e+09 1.1296179e+09 2.5e-22 3.9620778e-21 5.01077e-28
9667582.1 7.893716e+16 7.0357889e+09 1.1306586e+09 2.5e-22 3.9508471e-21 5.0244853e-28
9678801.5 7.9016097e+16 7.0334398e+09 1.1317e+09 2.5e-22 3.9396491e-21 5.0382354e-28
9690035.8 7.9095113e+16 7.0310886e+09 1.1327421e+09 2.5e-22 3.9284836e-21 5.0520204e-28
9701285.2 7.9174208e+16 7.0287353e+09 1.1337849e+09 2.5e-22 3.9173505e-21 5.0658403e-28
9712549.5 7.9253382e+16 7.0263799e+09 1.1348283e+09 2.5e-22 3.9062498e-21 5.0796952e-28
9723828.9 7.9332636e+16 7.0240223e+09 1.1358725e+09 2.5e-22 3.8951813e-21 5.0935852e-28
9735123.4 7.9411968e+16 7.0216626e+09 1.1369173e+09 2.5e-22 3.884145e-21 5.1075105e-28
9746433 7.949138e+16 7.0193008e+09 1.1379629e+09 2.5e-22 3.8731407e-21 5.121471e-28
9757757.7 7.9570871e+16 7.0169368e+09 1.1390091e+09 2.5e-22 3.8621684e-21 5.1354669e-28
9769097.5 7.9650442e+16 7.0145707e+09 1.140056e+09 2.5e-22 3.8512279e-21 5.1494982e-28
9780452.5 7.9730093e+16 7.0122025e+09 1.1411036e+09 2.5e-22 3.8403192e-21 5.1635652e-28
9791822.7 7.9809823e+16 7.0098322e+09 1.1421518e+09 2.5e-22 3.8294422e-21 5.1776677e-28
9803208.1 7.9889633e+16 7.0074598e+09 1.1432008e+09 2.5e-22 3.8185968e-21 5.191806e-28
9814608.8 7.9969522e+16 7.0050852e+09 1.1442504e+09 2.5e-22 3.8077828e-21 5.2059802e-28
9826024.7 8.0049492e+16 7.0027085e+09 1.1453007e+09 2.5e-22 3.7970003e-21 5.2201903e-28
9837455.9 8.0129541e+16 7.0003296e+09 1.1463517e+09 2.5e-22 3.7862491e-21 5.2344364e-28
9848902.4 8.0209671e+16 6.9979487e+09 1.1474034e+09 2.5e-22 3.7755291e-21 5.2487186e-28
9860364.3 8.0289881e+16 6.9955656e+09 1.1484557e+09 2.5e-22 3.7648402e-21 5.263037e-28
9871841.6 8.037017e+16 6.9931803e+09 1.1495087e+09 2.5e-22 3.7541823e-21 5.2773917e-28
9883334.2 8.0450541e+16 6.990793e+09 1.1505624e+09 2.5e-22 3.7435554e-21 5.2917828e-28
9894842.3 8.0530991e+16 6.9884035e+09 1.1516167e+09 2.5e-22 3.7329594e-21 5.3062104e-28
9906365.8 8.0611522e+16 6.9860119e+09 1.1526718e+09 2.5e-22 3.7223941e-21 5.3206745e-28
9917904.8 8.0692134e+16 6.9836181e+09 1.1537275e+09 2.5e-22 3.7118594e-21 5.3351753e-28
9929459.3 8.0772826e+16 6.9812223e+09 1.1547838e+09 2.5e-22 3.7013554e-21 5.3497129e-28
9941029.3 8.0853599e+16 6.9788242e+09 1.1558408e+09 2.5e-22 3.6908818e-21 5.3642874e-28
9952614.9 8.0934452e+16 6.9764241e+09 1.1568985e+09 2.5e-22 3.6804387e-21 5.3788987e-28
9964216 8.1015387e+16 6.9740218e+09 1.1579569e+09 2.5e-22 3.6700258e-21 5.3935472e-28
9975832.7 8.1096402e+16 6.9716174e+09 1.1590159e+09 2.5e-22 3.6596432e-21 5.4082328e-28
9987465.1 8.1177498e+16 6.9692109e+09 1.1600756e+09 2.5e-22 3.6492907e-21 5.4229556e-28
9999113.1 8.1258676e+16 6.9668022e+09 1.1611359e+09 2.5e-22 3.6389683e-21 5.4377157e-28
10010777 8.1339935e+16 6.9643914e+09 1.1621969e+09 2.5e-22 3.6286758e-21 5.4525133e-28
10022456 8.1421275e+16 6.9619785e+09 1.1632585e+09 2.5e-22 3.6184131e-21 5.4673484e-28
10034151 8.1502696e+16 6.9595635e+09 1.1643208e+09 2.5e-22 3.6081803e-21 5.4822211e-28
10045862 8.1584199e+16 6.9571463e+09 1.1653838e+09 2.5e-22 3.5979771e-21 5.4971315e-28
10057589 8.1665783e+16 6.9547269e+09 1.1664474e+09 2.5e-22 3.5878036e-21 5.5120798e-28
10069331 8.1747449e+16 6.9523055e+09 1.1675116e+09 2.5e-22 3.5776596e-21 5.5270659e-28
10081090 8.1829196e+16 6.9498819e+09 1.1685765e+09 2.5e-22 3.567545e-21 5.5420901e-28
10092864 8.1911025e+16 6.9474562e+09 1.1696421e+09 2.5e-22 3.5574597e-21 5.5571523e-28
10104654 8.1992936e+16 6.9450283e+09 1.1707083e+09 2.5e-22 3.5474037e-21 5.5722528e-28
10116460 8.2074929e+16 6.9425983e+09 1.1717751e+09 2.5e-22 3.5373769e-21 5.5873915e-28
10128282 8.2157004e+16 6.9401662e+09 1.1728426e+09 2.5e-22 3.5273792e-21 5.6025687e-28
10140120 8.2239161e+16 6.9377319e+09 1.1739108e+09 2.5e-22 3.5174105e-21 5.6177844e-28
10151974 8.23214e+16 6.9352955e+09 1.1749795e+09 2.5e-22 3.5074707e-21 5.6330386e-28
10163844 8.2403722e+16 6.932857e+09 1.1760489e+09 2.5e-22 3.4975597e-21 5.6483315e-28
10175730 8.2486125e+16 6.9304164e+09 1.177119e+09 2.5e-22 3.4876775e-21 5.6636633e-28
10187632 8.2568611e+16 6.9279736e+09 1.1781897e+09 2.5e-22 3.4778239e-21 5.6790339e-28
10199550 8.265118e+16 6.9255286e+09 1.179261e+09 2.5e-22 3.467999e-21 5.6944435e-28
10211484 8.2733831e+16 6.9230816e+09 1.180333e+09 2.5e-22 3.4582025e-21 5.7098922e-28
10223435 8.2816565e+16 6.9206324e+09 1.1814055e+09 2.5e-22 3.4484344e-21 5.7253801e-28
10235401 8.2899382e+16 6.918181e+09 1.1824788e+09 2.5e-22 3.4386946e-21 5.7409073e-28
10247384 8.2982281e+16 6.9157276e+09 1.1835526e+09 2.5e-22 3.4289832e-21 5.7564739e-28
10259383 8.3065263e+16 6.913272e+09 1.1846271e+09 2.5e-22 3.4192998e-21 5.77208e-28
10271398 8.3148329e+16 6.9108142e+09 1.1857022e+09 2.5e-22 3.4096446e-21 5.7877257e-28
10283430 8.3231477e+16 6.9083544e+09 1.1867779e+09 2.5e-22 3.4000173e-21 5.803411e-28
10295478 8.3314708e+16 6.9058924e+09 1.1878543e+09 2.5e-22 3.390418e-21 5.8191362e-28
10307542 8.3398023e+16 6.9034282e+09 1.1889313e+09 2.5e-22 3.3808464e-21 5.8349013e-28
10319623 8.3481421e+16 6.9009619e+09 1.1900088e+09 2.5e-22 3.3713027e-21 5.8507064e-28
10331720 8.3564903e+16 6.8984935e+09 1.1910871e+09 2.5e-22 3.3617866e-21 5.8665515e-28
10343833 8.3648467e+16 6.896023e+09 1.1921659e+09 2.5e-22 3.3522981e-21 5.8824369e-28
10355963 8.3732116e+16 6.8935503e+09 1.1932453e+09 2.5e-22 3.3428371e-21 5.8983626e-28
10368110 8.3815848e+16 6.8910755e+09 1.1943254e+09 2.5e-22 3.3334035e-21 5.9143287e-28
10380273 8.3899664e+16 6.8885985e+09 1.1954061e+09 2.5e-22 3.3239973e-21 5.9303354e-28
10392452 8.3983564e+16 6.8861194e+09 1.1964874e+09 2.5e-22 3.3146184e-21 5.9463826e-28
10404648 8.4067547e+16 6.8836382e+09 1.1975693e+09 2.5e-22 3.3052666e-21 5.9624706e-28
10416861 8.4151615e+16 6.8811549e+09 1.1986518e+09 2.5e-22 3.2959419e-21 5.9785994e-28
10429090 8.4235766e+16 6.8786694e+09 1.1997349e+09 2.5e-22 3.2866443e-21 5.9947692e-28
10441336 8.4320002e+16 6.8761817e+09 1.2008186e+09 2.5e-22 3.2773736e-21 6.01098e-28
10453599 8.4404322e+16 6.873692e+09 1.2019029e+09 2.5e-22 3.2681298e-21 6.0272319e-28
10465878 8.4488726e+16 6.8712001e+09 1.2029879e+09 2.5e-22 3.2589128e-21 6.0435251e-28
10478174 8.4573215e+16 6.868706e+09 1.2040734e+09 2.5e-22 3.2497225e-21 6.0598597e-28
10490487 8.4657788e+16 6.8662099e+09 1.2051595e+09 2.5e-22 3.2405588e-21 6.0762357e-28
10502817 8.4742446e+16 6.8637116e+09 1.2062462e+09 2.5e-22 3.2314216e-21 6.0926533e-28
10515163 8.4827189e+16 6.8612111e+09 1.2073336e+09 2.5e-22 3.222311e-21 6.1091126e-28
10527526 8.4912016e+16 6.8587085e+09 1.2084215e+09 2.5e-22 3.2132267e-21 6.1256136e-28
10539907 8.4996928e+16 6.8562038e+09 1.20951e+09 2.5e-22 3.2041688e-21 6.1421566e-28
10552304 8.5081925e+16 6.853697e+09 1.2105991e+09 2.5e-22 3.1951371e-21 6.1587415e-28
10564718 8.5167007e+16 6.851188e+09 1.2116888e+09 2.5e-22 3.1861316e-21 6.1753686e-28
10577149 8.5252174e+16 6.8486769e+09 1.212779e+09 2.5e-22 3.1771522e-21 6.1920378e-28
10589597 8.5337426e+16 6.8461636e+09 1.2138699e+09 2.5e-22 3.1681987e-21 6.2087494e-28
10602062 8.5422763e+16 6.8436482e+09 1.2149614e+09 2.5e-22 3.1592713e-21 6.2255034e-28
10614544 8.5508186e+16 6.8411307e+09 1.2160534e+09 2.5e-22 3.1503696e-21 6.2423e-28
10627043 8.5593694e+16 6.8386111e+09 1.217146e+09 2.5e-22 3.1414938e-21 6.2591392e-28
10639559 8.5679288e+16 6.8360893e+09 1.2182392e+09 2.5e-22 3.1326437e-21 6.2760212e-28
10652093 8.5764967e+16 6.8335653e+09 1.219333e+09 2.5e-22 3.1238192e-21 6.292946e-28
10664643 8.5850732e+16 6.8310393e+09 1.2204273e+09 2.5e-22 3.1150203e-21 6.3099138e-28
10677211 8.5936583e+16 6.8285111e+09 1.2215223e+09 2.5e-22 3.1062468e-21 6.3269248e-28
10689796 8.6022519e+16 6.8259807e+09 1.2226178e+09 2.5e-22 3.0974988e-21 6.3439789e-28
10702398 8.6108542e+16 6.8234483e+09 1.2237138e+09 2.5e-22 3.0887761e-21 6.3610763e-28
10715018 8.619465e+16 6.8209137e+09 1.2248105e+09 2.5e-22 3.0800786e-21 6.3782172e-28
10727654 8.6280845e+16 6.8183769e+09 1.2259077e+09 2.5e-22 3.0714064e-21 6.3954015e-28
10740308 8.6367126e+16 6.8158381e+09 1.2270055e+09 2.5e-22 3.0627592e-21 6.4126296e-28
10752980 8.6453493e+16 6.8132971e+09 1.2281038e+09 2.5e-22 3.0541371e-21 6.4299014e-28
10765669 8.6539947e+16 6.8107539e+09 1.2292027e+09 2.5e-22 3.04554e-21 6.447217e-28
10778375 8.6626487e+16 6.8082087e+09 1.2303022e+09 2.5e-22 3.0369677e-21 6.4645767e-28
10791099 8.6713113e+16 6.8056612e+09 1.2314022e+09 2.5e-22 3.0284203e-21 6.4819804e-28
10803840 8.6799826e+16 6.8031117e+09 1.2325028e+09 2.5e-22 3.0198976e-21 6.4994284e-28
10816599 8.6886626e+16 6.80056e+09 1.233604e+09 2.5e-22 3.0113996e-21 6.5169207e-28
10829376 8.6973513e+16 6.7980062e+09 1.2347057e+09 2.5e-22 3.0029262e-21 6.5344574e-28
10842170 8.7060486e+16 6.7954503e+09 1.2358079e+09 2.5e-22 2.9944773e-21 6.5520386e-28
10854981 8.7147547e+16 6.7928922e+09 1.2369107e+09 2.5e-22 2.9860529e-21 6.5696646e-28
10867810 8.7234694e+16 6.790332e+09 1.2380141e+09 2.5e-22 2.9776529e-21 6.5873353e-28
10880657 8.7321929e+16 6.7877697e+09 1.239118e+09 2.5e-22 2.9692771e-21 6.6050509e-28
10893522 8.7409251e+16 6.7852052e+09 1.2402224e+09 2.5e-22 2.9609257e-21 6.6228115e-28
10906404 8.749666e+16 6.7826386e+09 1.2413274e+09 2.5e-22 2.9525983e-21 6.6406173e-28
10919304 8.7584157e+16 6.7800699e+09 1.242433e+09 2.5e-22 2.9442951e-21 6.6584683e-28
10932222 8.7671741e+16 6.777499e+09 1.2435391e+09 2.5e-22 2.936016e-21 6.6763646e-28
10945158 8.7759413e+16 6.774926e+09 1.2446457e+09 2.5e-22 2.9277607e-21 6.6943065e-28
10958112 8.7847172e+16 6.7723509e+09 1.2457529e+09 2.5e-22 2.9195294e-21 6.7122939e-28
10971083 8.7935019e+16 6.7697737e+09 1.2468606e+09 2.5e-22 2.9113219e-21 6.730327e-28
10984072 8.8022954e+16 6.7671943e+09 1.2479688e+09 2.5e-22 2.9031381e-21 6.748406e-28
10997080 8.8110977e+16 6.7646127e+09 1.2490776e+09 2.5e-22 2.894978e-21 6.7665309e-28
11010105 8.8199088e+16 6.7620291e+09 1.2501869e+09 2.5e-22 2.8868416e-21 6.7847019e-28
11023148 8.8287287e+16 6.7594433e+09 1.2512967e+09 2.5e-22 2.8787286e-21 6.8029191e-28
11036210 8.8375574e+16 6.7568554e+09 1.252407e+09 2.5e-22 2.8706392e-21 6.8211825e-28
11049289 8.846395e+16 6.7542654e+09 1.2535179e+09 2.5e-22 2.8625731e-21 6.8394924e-28
11062386 8.8552414e+16 6.7516732e+09 1.2546293e+09 2.5e-22 2.8545304e-21 6.8578488e-28
11075502 8.8640966e+16 6.7490789e+09 1.2557412e+09 2.5e-22 2.8465109e-21 6.8762519e-28
11088636 8.8729607e+16 6.7464825e+09 1.2568537e+09 2.5e-22 2.8385147e-21 6.8947018e-28
11101788 8.8818337e+16 6.7438839e+09 1.2579667e+09 2.5e-22 2.8305415e-21 6.9131985e-28
11114958 8.8907155e+16 6.7412833e+09 1.2590801e+09 2.5e-22 2.8225915e-21 6.9317423e-28
11128147 8.8996062e+16 6.7386804e+09 1.2601941e+09 2.5e-22 2.8146644e-21 6.9503332e-28
11141353 8.9085059e+16 6.7360755e+09 1.2613086e+09 2.5e-22 2.8067602e-21 6.9689714e-28
11154578 8.9174144e+16 6.7334684e+09 1.2624237e+09 2.5e-22 2.7988789e-21 6.987657e-28
11167822 8.9263318e+16 6.7308593e+09 1.2635392e+09 2.5e-22 2.7910204e-21 7.0063901e-28
11181084 8.9352581e+16 6.7282479e+09 1.2646552e+09 2.5e-22 2.7831847e-21 7.0251708e-28
11194364 8.9441934e+16 6.7256345e+09 1.2657718e+09 2.5e-22 2.7753715e-21 7.0439992e-28
11207662 8.9531376e+16 6.7230189e+09 1.2668888e+09 2.5e-22 2.767581e-21 7.0628756e-28
11220980 8.9620907e+16 6.7204012e+09 1.2680064e+09 2.5e-22 2.759813e-21 7.0817999e-28
11234315 8.9710528e+16 6.7177814e+09 1.2691244e+09 2.5e-22 2.7520675e-21 7.1007723e-28
11247669 8.9800238e+16 6.7151595e+09 1.270243e+09 2.5e-22 2.7443444e-21 7.119793e-28
11261042 8.9890039e+16 6.7125354e+09 1.271362e+09 2.5e-22 2.7366435e-21 7.1388621e-28
11274434 8.9979929e+16 6.7099092e+09 1.2724816e+09 2.5e-22 2.728965e-21 7.1579796e-28
11287844 9.0069909e+16 6.7072809e+09 1.2736016e+09 2.5e-22 2.7213086e-21 7.1771458e-28
11301272 9.0159979e+16 6.7046504e+09 1.2747221e+09 2.5e-22 2.7136744e-21 7.1963607e-28
11314720 9.0250138e+16 6.7020179e+09 1.2758431e+09 2.5e-22 2.7060623e-21 7.2156245e-28
11328186 9.0340389e+16 6.6993832e+09 1.2769646e+09 2.5e-22 2.6984721e-21 7.2349373e-28
11341671 9.0430729e+16 6.6967464e+09 1.2780866e+09 2.5e-22 2.6909039e-21 7.2542992e-28
11355174 9.052116e+16 6.6941074e+09 1.2792091e+09 2.5e-22 2.6833576e-21 7.2737104e-28
11368697 9.0611681e+16 6.6914664e+09 1.280332e+09 2.5e-22 2.6758331e-21 7.2931709e-28
11382238 9.0702293e+16 6.6888232e+09 1.2814554e+09 2.5e-22 2.6683303e-21 7.3126809e-28
11395798 9.0792995e+16 6.6861779e+09 1.2825793e+09 2.5e-22 2.6608492e-21 7.3322406e-28
11409378 9.0883788e+16 6.6835305e+09 1.2837037e+09 2.5e-22 2.6533897e-21 7.35185e-28
11422976 9.0974672e+16 6.6808809e+09 1.2848286e+09 2.5e-22 2.6459518e-21 7.3715093e-28
11436593 9.1065646e+16 6.6782293e+09 1.2859539e+09 2.5e-22 2.6385354e-21 7.3912186e-28
11450229 9.1156712e+16 6.6755755e+09 1.2870797e+09 2.5e-22 2.6311404e-21 7.410978e-28
11463884 9.1247869e+16 6.6729196e+09 1.2882059e+09 2.5e-22 2.6237667e-21 7.4307878e-28
11477559 9.1339117e+16 6.6702616e+09 1.2893327e+09 2.5e-22 2.6164144e-21 7.4506479e-28
11491252 9.1430456e+16 6.6676014e+09 1.2904599e+09 2.5e-22 2.6090833e-21 7.4705585e-28
11504965 9.1521886e+16 6.6649392e+09 1.2915875e+09 2.5e-22 2.6017734e-21 7.4905199e-28
11518697 9.1613408e+16 6.6622748e+09 1.2927156e+09 2.5e-22 2.5944846e-21 7.510532e-28
11532448 9.1705021e+16 6.6596083e+09 1.2938442e+09 2.5e-22 2.5872169e-21 7.530595e-28
11546218 9.1796726e+16 6.6569397e+09 1.2949732e+09 2.5e-22 2.5799701e-21 7.5507091e-28
11560008 9.1888523e+16 6.654269e+09 1.2961027e+09 2.5e-22 2.5727443e-21 7.5708743e-28
11573817 9.1980412e+16 6.6515962e+09 1.2972326e+09 2.5e-22 2.5655394e-21 7.5910909e-28
11587645 9.2072392e+16 6.6489212e+09 1.298363e+09 2.5e-22 2.5583553e-21 7.6113589e-28
11601493 9.2164465e+16 6.6462442e+09 1.2994938e+09 2.5e-22 2.5511919e-21 7.6316786e-28
11615360 9.2256629e+16 6.643565e+09 1.3006251e+09 2.5e-22 2.5440492e-21 7.6520499e-28
11629247 9.2348886e+16 6.6408837e+09 1.3017568e+09 2.5e-22 2.5369271e-21 7.6724731e-28
11643153 9.2441234e+16 6.6382003e+09 1.302889e+09 2.5e-22 2.5298256e-21 7.6929482e-28
11657078 9.2533676e+16 6.6355148e+09 1.3040216e+09 2.5e-22 2.5227447e-21 7.7134755e-28
11671024 9.2626209e+16 6.6328272e+09 1.3051546e+09 2.5e-22 2.5156841e-21 7.734055e-28
11684988 9.2718836e+16 6.6301375e+09 1.3062881e+09 2.5e-22 2.508644e-21 7.7546869e-28
11698973 9.2811554e+16 6.6274456e+09 1.307422e+09 2.5e-22 2.5016241e-21 7.7753713e-28
11712977 9.2904366e+16 6.6247517e+09 1.3085563e+09 2.5e-22 2.4946246e-21 7.7961084e-28
11727001 9.299727e+16 6.6220556e+09 1.3096911e+09 2.5e-22 2.4876452e-21 7.8168983e-28
11741044 9.3090268e+16 6.6193574e+09 1.3108263e+09 2.5e-22 2.480686e-21 7.8377411e-28
11755108 9.3183358e+16 6.6166571e+09 1.3119619e+09 2.5e-22 2.4737469e-21 7.8586369e-28
11769191 9.3276541e+16 6.6139547e+09 1.313098e+09 2.5e-22 2.4668278e-21 7.879586e-28
11783294 9.3369818e+16 6.6112502e+09 1.3142344e+09 2.5e-22 2.4599287e-21 7.9005884e-28
11797417 9.3463188e+16 6.6085436e+09 1.3153713e+09 2.5e-22 2.4530495e-21 7.9216443e-28
11811559 9.3556651e+16 6.6058349e+09 1.3165086e+09 2.5e-22 2.4461901e-21 7.9427538e-28
11825722 9.3650207e+16 6.6031241e+09 1.3176463e+09 2.5e-22 2.4393506e-21 7.963917e-28
11839905 9.3743858e+16 6.6004112e+09 1.3187845e+09 2.5e-22 2.4325308e-21 7.9851341e-28
11854108 9.3837602e+16 6.5976962e+09 1.319923e+09 2.5e-22 2.4257307e-21 8.0064053e-28
11868330 9.3931439e+16 6.594979e+09 1.3210619e+09 2.5e-22 2.4189502e-21 8.0277306e-28
11882573 9.4025371e+16 6.5922598e+09 1.3222013e+09 2.5e-22 2.4121892e-21 8.0491102e-28
11896836 9.4119396e+16 6.5895385e+09 1.323341e+09 2.5e-22 2.4054478e-21 8.0705443e-28
11911119 9.4213515e+16 6.586815e+09 1.3244812e+09 2.5e-22 2.3987258e-21 8.0920329e-28
11925423 9.4307729e+16 6.5840895e+09 1.3256218e+09 2.5e-22 2.3920232e-21 8.1135763e-28
11939746 9.4402037e+16 6.5813619e+09 1.3267627e+09 2.5e-22 2.38534e-21 8.1351746e-28
11954090 9.4496439e+16 6.5786321e+09 1.3279041e+09 2.5e-22 2.378676e-21 8.1568279e-28
11968454 9.4590935e+16 6.5759003e+09 1.3290458e+09 2.5e-22 2.3720313e-21 8.1785363e-28
11982839 9.4685526e+16 6.5731664e+09 1.3301879e+09 2.5e-22 2.3654057e-21 8.2003e-28
11997244 9.4780212e+16 6.5704303e+09 1.3313305e+09 2.5e-22 2.3587993e-21 8.2221192e-28
12011669 9.4874992e+16 6.5676922e+09 1.3324734e+09 2.5e-22 2.3522119e-21 8.2439939e-28
12026115 9.4969867e+16 6.564952e+09 1.3336167e+09 2.5e-22 2.3456435e-21 8.2659244e-28
12040581 9.5064837e+16 6.5622096e+09 1.3347604e+09 2.5e-22 2.339094e-21 8.2879107e-28
12055068 9.5159901e+16 6.5594652e+09 1.3359044e+09 2.5e-22 2.3325634e-21 8.3099531e-28
12069575 9.5255061e+16 6.5567187e+09 1.3370489e+09 2.5e-22 2.3260517e-21 8.3320516e-28
12084103 9.5350316e+16 6.5539701e+09 1.3381937e+09 2.5e-22 2.3195587e-21 8.3542064e-28
12098651 9.5445667e+16 6.5512194e+09 1.3393389e+09 2.5e-22 2.3130845e-21 8.3764176e-28
12113220 9.5541112e+16 6.5484666e+09 1.3404844e+09 2.5e-22 2.306629e-21 8.3986855e-28
12127810 9.5636653e+16 6.5457117e+09 1.3416304e+09 2.5e-22 2.300192e-21 8.4210101e-28
12142421 9.573229e+16 6.5429548e+09 1.3427767e+09 2.5e-22 2.2937736e-21 8.4433916e-28
12157052 9.5828022e+16 6.5401957e+09 1.3439233e+09 2.5e-22 2.2873737e-21 8.4658301e-28
12171704 9.592385e+16 6.5374345e+09 1.3450703e+09 2.5e-22 2.2809923e-21 8.4883258e-28
12186377 9.6019774e+16 6.5346713e+09 1.3462177e+09 2.5e-22 2.2746293e-21 8.5108788e-28
12201071 9.6115794e+16 6.531906e+09 1.3473655e+09 2.5e-22 2.2682846e-21 8.5334893e-28
12215786 9.621191e+16 6.5291385e+09 1.3485136e+09 2.5e-22 2.2619582e-21 8.5561574e-28
12230522 9.6308122e+16 6.526369e+09 1.349662e+09 2.5e-22 2.25565e-21 8.5788833e-28
12245279 9.640443e+16 6.5235974e+09 1.3508108e+09 2.5e-22 2.2493601e-21 8.6016671e-28
12260056 9.6500834e+16 6.5208238e+09 1.35196e+09 2.5e-22 2.2430882e-21 8.624509e-28
12274855 9.6597335e+16 6.518048e+09 1.3531095e+09 2.5e-22 2.2368344e-21 8.6474091e-28
12289675 9.6693932e+16 6.5152702e+09 1.3542593e+09 2.5e-22 2.2305987e-21 8.6703676e-28
12304516 9.6790626e+16 6.5124902e+09 1.3554095e+09 2.5e-22 2.2243809e-21 8.6933846e-28
12319379 9.6887417e+16 6.5097082e+09 1.3565601e+09 2.5e-22 2.2181811e-21 8.7164603e-28
12334262 9.6984304e+16 6.5069241e+09 1.3577109e+09 2.5e-22 2.2119991e-21 8.7395948e-28
12349167 9.7081289e+16 6.504138e+09 1.3588621e+09 2.5e-22 2.2058349e-21 8.7627883e-28
12364093 9.717837e+16 6.5013497e+09 1.3600137e+09 2.5e-22 2.1996885e-21 8.7860409e-28
12379040 9.7275548e+16 6.4985594e+09 1.3611655e+09 2.5e-22 2.1935598e-21 8.8093528e-28
12394009 9.7372824e+16 6.495767e+09 1.3623177e+09 2.5e-22 2.1874487e-21 8.8327241e-28
12408999 9.7470197e+16 6.4929725e+09 1.3634702e+09 2.5e-22 2.1813553e-21 8.856155e-28
12424011 9.7567667e+16 6.490176e+09 1.3646231e+09 2.5e-22 2.1752794e-21 8.8796457e-28
12439044 9.7665235e+16 6.4873773e+09 1.3657763e+09 2.5e-22 2.169221e-21 8.9031963e-28
12454099 9.77629e+16 6.4845766e+09 1.3669297e+09 2.5e-22 2.16318e-21 8.9268069e-28
12469175 9.7860663e+16 6.4817739e+09 1.3680835e+09 2.5e-22 2.1571565e-21 8.9504777e-28
12484273 9.7958523e+16 6.478969e+09 1.3692377e+09 2.5e-22 2.1511503e-21 8.9742089e-28
12499392 9.8056482e+16 6.4761621e+09 1.3703921e+09 2.5e-22 2.1451614e-21 8.9980006e-28
12514533 9.8154538e+16 6.4733531e+09 1.3715468e+09 2.5e-22 2.1391898e-21 9.021853e-28
12529696 9.8252693e+16 6.470542e+09 1.3727019e+09 2.5e-22 2.1332353e-21 9.0457662e-28
12544881 9.8350946e+16 6.4677289e+09 1.3738572e+09 2.5e-22 2.1272981e-21 9.0697404e-28
12560087 9.8449297e+16 6.4649137e+09 1.3750129e+09 2.5e-22 2.1213779e-21 9.0937758e-28
12575316 9.8547746e+16 6.4620964e+09 1.3761689e+09 2.5e-22 2.1154747e-21 9.1178725e-28
12590566 9.8646294e+16 6.4592771e+09 1.3773251e+09 2.5e-22 2.1095886e-21 9.1420306e-28
12605838 9.874494e+16 6.4564557e+09 1.3784817e+09 2.5e-22 2.1037194e-21 9.1662503e-28
12621132 9.8843685e+16 6.4536322e+09 1.3796385e+09 2.5e-22 2.097867e-21 9.1905319e-28
12636448 9.8942529e+16 6.4508067e+09 1.3807956e+09 2.5e-22 2.0920316e-21 9.2148754e-28
12651786 9.9041471e+16 6.4479791e+09 1.3819531e+09 2.5e-22 2.0862129e-21 9.2392809e-28
12667146 9.9140513e+16 6.4451495e+09 1.3831108e+09 2.5e-22 2.080411e-21 9.2637488e-28
12682528 9.9239653e+16 6.4423178e+09 1.3842688e+09 2.5e-22 2.0746258e-21 9.2882791e-28
12697932 9.9338893e+16 6.439484e+09 1.385427e+09 2.5e-22 2.0688573e-21 9.3128719e-28
12713359 9.9438232e+16 6.4366482e+09 1.3865856e+09 2.5e-22 2.0631053e-21 9.3375275e-28
12728808 9.953767e+16 6.4338103e+09 1.3877444e+09 2.5e-22 2.0573699e-21 9.362246e-28
12744279 9.9637208e+16 6.4309703e+09 1.3889035e+09 2.5e-22 2.051651e-21 9.3870276e-28
12759772 9.9736845e+16 6.4281283e+09 1.3900629e+09 2.5e-22 2.0459486e-21 9.4118724e-28
12775288 9.9836582e+16 6.4252843e+09 1.3912225e+09 2.5e-22 2.0402626e-21 9.4367807e-28
12790826 9.9936418e+16 6.4224382e+09 1.3923824e+09 2.5e-22 2.0345929e-21 9.4617525e-28
12806386 1.0003635e+17 6.41959e+09 1.3935426e+09 2.5e-22 2.0289396e-21 9.486788e-28
12821969 1.0013639e+17 6.4167398e+09 1.3947031e+09 2.5e-22 2.0233025e-21 9.5118874e-28
12837575 1.0023653e+17 6.4138875e+09 1.3958637e+09 2.5e-22 2.0176816e-21 9.5370509e-28
12853203 1.0033676e+17 6.4110332e+09 1.3970247e+09 2.5e-22 2.0120769e-21 9.5622786e-28
12868853 1.004371e+17 6.4081769e+09 1.3981859e+09 2.5e-22 2.0064884e-21 9.5875706e-28
12884527 1.0053754e+17 6.4053185e+09 1.3993474e+09 2.5e-22 2.0009159e-21 9.6129273e-28
12900223 1.0063808e+17 6.402458e+09 1.4005091e+09 2.5e-22 1.9953594e-21 9.6383487e-28
12915941 1.0073871e+17 6.3995955e+09 1.401671e+09 2.5e-22 1.989819e-21 9.6638349e-28
12931683 1.0083945e+17 6.396731e+09 1.4028332e+09 2.5e-22 1.9842944e-21 9.6893862e-28
12947447 1.0094029e+17 6.3938644e+09 1.4039957e+09 2.5e-22 1.9787858e-21 9.7150028e-28
12963234 1.0104123e+17 6.3909958e+09 1.4051583e+09 2.5e-22 1.973293e-21 9.7406847e-28
12979044 1.0114227e+17 6.3881251e+09 1.4063212e+09 2.5e-22 1.967816e-21 9.7664322e-28
12994877 1.0124342e+17 6.3852524e+09 1.4074844e+09 2.5e-22 1.9623547e-21 9.7922455e-28
13010733 1.0134466e+17 6.3823776e+09 1.4086478e+09 2.5e-22 1.9569092e-21 9.8181246e-28
13026611 1.01446e+17 6.3795009e+09 1.4098114e+09 2.5e-22 1.9514793e-21 9.8440699e-28
13042513 1.0154745e+17 6.376622e+09 1.4109752e+09 2.5e-22 1.946065e-21 9.8700813e-28
13058438 1.01649e+17 6.3737412e+09 1.4121393e+09 2.5e-22 1.9406663e-21 9.8961592e-28
13074386 1.0175065e+17 6.3708583e+09 1.4133036e+09 2.5e-22 1.9352831e-21 9.9223037e-28
13090358 1.018524e+17 6.3679734e+09 1.4144681e+09 2.5e-22 1.9299154e-21 9.948515e-28
13106352 1.0195425e+17 6.3650864e+09 1.4156328e+09 2.5e-22 1.9245631e-21 9.9747932e-28
13122370 1.020562e+17 6.3621974e+09 1.4167977e+09 2.5e-22 1.9192262e-21 1.0001138e-27
13138411 1.0215826e+17 6.3593064e+09 1.4179628e+09 2.5e-22 1.9139046e-21 1.0027551e-27
13154475 1.0226042e+17 6.3564133e+09 1.4191282e+09 2.5e-22 1.9085984e-21 1.0054031e-27
13170563 1.0236268e+17 6.3535183e+09 1.4202937e+09 2.5e-22 1.9033074e-21 1.0080579e-27
13186674 1.0246504e+17 6.3506212e+09 1.4214595e+09 2.5e-22 1.8980316e-21 1.0107194e-27
13202809 1.0256751e+17 6.347722e+09 1.4226255e+09 2.5e-22 1.8927709e-21 1.0133878e-27
13218967 1.0267007e+17 6.3448209e+09 1.4237916e+09 2.5e-22 1.8875254e-21 1.0160629e-27
13235149 1.0277274e+17 6.3419177e+09 1.424958e+09 2.5e-22 1.882295e-21 1.0187449e-27
13251354 1.0287552e+17 6.3390125e+09 1.4261245e+09 2.5e-22 1.8770795e-21 1.0214338e-27
13267583 1.0297839e+17 6.3361053e+09 1.4272913e+09 2.5e-22 1.8718791e-21 1.0241295e-27
13283836 1.0308137e+17 6.3331961e+09 1.4284582e+09 2.5e-22 1.8666936e-21 1.0268321e-27
13300112 1.0318445e+17 6.3302848e+09 1.4296253e+09 2.5e-22 1.861523e-21 1.0295416e-27
13316412 1.0328764e+17 6.3273716e+09 1.4307926e+09 2.5e-22 1.8563673e-21 1.032258e-27
13332736 1.0339092e+17 6.3244563e+09 1.43196e+09 2.5e-22 1.8512264e-21 1.0349814e-27
13349084 1.0349431e+17 6.321539e+09 1.4331277e+09 2.5e-22 1.8461002e-21 1.0377117e-27
13365456 1.0359781e+17 6.3186197e+09 1.4342955e+09 2.5e-22 1.8409888e-21 1.0404491e-27
13381851 1.0370141e+17 6.3156983e+09 1.4354635e+09 2.5e-22 1.835892e-21 1.0431934e-27
13398271 1.0380511e+17 6.312775e+09 1.4366317e+09 2.5e-22 1.8308099e-21 1.0459447e-27
13414714 1.0390891e+17 6.3098497e+09 1.4378e+09 2.5e-22 1.8257424e-21 1.048703e-27
13431182 1.0401282e+17 6.3069223e+09 1.4389685e+09 2.5e-22 1.8206894e-21 1.0514684e-27
13447674 1.0411683e+17 6.3039929e+09 1.4401371e+09 2.5e-22 1.815651e-21 1.0542409e-27
13464190 1.0422095e+17 6.3010616e+09 1.441306e+09 2.5e-22 1.810627e-21 1.0570204e-27
13480730 1.0432517e+17 6.2981282e+09 1.4424749e+09 2.5e-22 1.8056175e-21 1.0598071e-27
13497295 1.044295e+17 6.2951928e+09 1.443644e+09 2.5e-22 1.8006223e-21 1.0626009e-27
13513883 1.0453393e+17 6.2922555e+09 1.4448133e+09 2.5e-22 1.7956415e-21 1.0654018e-27
13530497 1.0463846e+17 6.2893161e+09 1.4459827e+09 2.5e-22 1.7906749e-21 1.0682099e-27
13547134 1.047431e+17 6.2863747e+09 1.4471523e+09 2.5e-22 1.7857227e-21 1.0710251e-27
13563796 1.0484784e+17 6.2834314e+09 1.448322e+09 2.5e-22 1.7807846e-21 1.0738476e-27
13580482 1.0495269e+17 6.280486e+09 1.4494919e+09 2.5e-22 1.7758607e-21 1.0766772e-27
13597193 1.0505764e+17 6.2775386e+09 1.4506618e+09 2.5e-22 1.770951e-21 1.0795141e-27
13613929 1.051627e+17 6.2745893e+09 1.451832e+09 2.5e-22 1.7660553e-21 1.0823583e-27
13630689 1.0526786e+17 6.2716379e+09 1.4530022e+09 2.5e-22 1.7611737e-21 1.0852097e-27
13647474 1.0537313e+17 6.2686846e+09 1.4541726e+09 2.5e-22 1.7563061e-21 1.0880684e-27
13664283 1.054785e+17 6.2657293e+09 1.4553431e+09 2.5e-22 1.7514525e-21 1.0909345e-27
13681117 1.0558398e+17 6.262772e+09 1.4565137e+09 2.5e-22 1.7466128e-21 1.0938078e-27
13697976 1.0568957e+17 6.2598127e+09 1.4576844e+09 2.5e-22 1.741787e-21 1.0966885e-27
13714860 1.0579526e+17 6.2568514e+09 1.4588553e+09 2.5e-22 1.7369751e-21 1.0995766e-27
13731769 1.0590105e+17 6.2538881e+09 1.4600263e+09 2.5e-22 1.7321769e-21 1.102472e-27
13748702 1.0600695e+17 6.2509228e+09 1.4611974e+09 2.5e-22 1.7273925e-21 1.1053749e-27
13765661 1.0611296e+17 6.2479556e+09 1.4623686e+09 2.5e-22 1.7226219e-21 1.1082852e-27
13782645 1.0621907e+17 6.2449864e+09 1.4635399e+09 2.5e-22 1.7178649e-21 1.1112029e-27
13799653 1.0632529e+17 6.2420152e+09 1.4647113e+09 2.5e-22 1.7131216e-21 1.1141281e-27
13816687 1.0643162e+17 6.239042e+09 1.4658828e+09 2.5e-22 1.7083919e-21 1.1170608e-27
13833746 1.0653805e+17 6.2360669e+09 1.4670544e+09 2.5e-22 1.7036757e-21 1.120001e-27
13850830 1.0664459e+17 6.2330898e+09 1.4682261e+09 2.5e-22 1.6989731e-21 1.1229486e-27
13867940 1.0675123e+17 6.2301107e+09 1.4693979e+09 2.5e-22 1.6942839e-21 1.1259039e-27
13885074 1.0685798e+17 6.2271296e+09 1.4705698e+09 2.5e-22 1.6896082e-21 1.1288667e-27
13902235 1.0696484e+17 6.2241466e+09 1.4717417e+09 2.5e-22 1.684946e-21 1.1318371e-27
13919420 1.0707181e+17 6.2211616e+09 1.4729138e+09 2.5e-22 1.6802971e-21 1.134815e-27
13936631 1.0717888e+17 6.2181746e+09 1.4740859e+09 2.5e-22 1.6756615e-21 1.1378006e-27
13953867 1.0728606e+17 6.2151857e+09 1.4752581e+09 2.5e-22 1.6710392e-21 1.1407939e-27
13971129 1.0739334e+17 6.2121948e+09 1.4764304e+09 2.5e-22 1.6664301e-21 1.1437948e-27
13988417 1.0750074e+17 6.2092019e+09 1.4776028e+09 2.5e-22 1.6618343e-21 1.1468033e-27
14005730 1.0760824e+17 6.2062071e+09 1.4787752e+09 2.5e-22 1.6572517e-21 1.1498196e-27
14023069 1.0771584e+17 6.2032103e+09 1.4799477e+09 2.5e-22 1.6526822e-21 1.1528436e-27
14040433 1.0782356e+17 6.2002116e+09 1.4811203e+09 2.5e-22 1.6481258e-21 1.1558753e-27
14057824 1.0793138e+17 6.1972109e+09 1.4822929e+09 2.5e-22 1.6435824e-21 1.1589148e-27
14075240 1.0803932e+17 6.1942083e+09 1.4834656e+09 2.5e-22 1.6390521e-21 1.1619621e-27
14092682 1.0814735e+17 6.1912037e+09 1.4846383e+09 2.5e-22 1.6345347e-21 1.1650171e-27
14110150 1.082555e+17 6.1881971e+09 1.4858111e+09 2.5e-22 1.6300303e-21 1.16808e-27
14127643 1.0836376e+17 6.1851886e+09 1.4869839e+09 2.5e-22 1.6255388e-21 1.1711507e-27
14145163 1.0847212e+17 6.1821782e+09 1.4881568e+09 2.5e-22 1.6210602e-21 1.1742293e-27
14162709 1.0858059e+17 6.1791658e+09 1.4893298e+09 2.5e-22 1.6165944e-21 1.1773158e-27
14180281 1.0868917e+17 6.1761514e+09 1.4905027e+09 2.5e-22 1.6121414e-21 1.1804102e-27
14197879 1.0879786e+17 6.1731351e+09 1.4916757e+09 2.5e-22 1.6077012e-21 1.1835124e-27
14215504 1.0890666e+17 6.1701169e+09 1.4928488e+09 2.5e-22 1.6032737e-21 1.1866227e-27
14233155 1.0901557e+17 6.1670968e+09 1.4940218e+09 2.5e-22 1.5988589e-21 1.1897409e-27
14250832 1.0912458e+17 6.1640746e+09 1.4951949e+09 2.5e-22 1.5944567e-21 1.192867e-27
14268535 1.0923371e+17 6.1610506e+09 1.4963681e+09 2.5e-22 1.5900671e-21 1.1960012e-27
14286265 1.0934294e+17 6.1580246e+09 1.4975412e+09 2.5e-22 1.5856901e-21 1.1991434e-27
14304021 1.0945228e+17 6.1549967e+09 1.4987144e+09 2.5e-22 1.5813257e-21 1.2022937e-27
14321803 1.0956174e+17 6.1519669e+09 1.4998876e+09 2.5e-22 1.5769737e-21 1.205452e-27
14339613 1.096713e+17 6.1489351e+09 1.5010608e+09 2.5e-22 1.5726342e-21 1.2086184e-27
14357448 1.0978097e+17 6.1459014e+09 1.502234e+09 2.5e-22 1.5683072e-21 1.2117929e-27
14375311 1.0989075e+17 6.1428657e+09 1.5034072e+09 2.5e-22 1.5639925e-21 1.2149755e-27
14393200 1.1000064e+17 6.1398282e+09 1.5045804e+09 2.5e-22 1.5596902e-21 1.2181663e-27
14411116 1.1011064e+17 6.1367887e+09 1.5057537e+09 2.5e-22 1.5554002e-21 1.2213653e-27
14429059 1.1022075e+17 6.1337473e+09 1.5069269e+09 2.5e-22 1.5511224e-21 1.2245725e-27
14447028 1.1033097e+17 6.130704e+09 1.5081001e+09 2.5e-22 1.546857e-21 1.2277878e-27
14465025 1.104413e+17 6.1276587e+09 1.5092734e+09 2.5e-22 1.5426037e-21 1.2310115e-27
14483048 1.1055175e+17 6.1246116e+09 1.5104466e+09 2.5e-22 1.5383626e-21 1.2342433e-27
14501099 1.106623e+17 6.1215625e+09 1.5116198e+09 2.5e-22 1.5341337e-21 1.2374835e-27
14519176 1.1077296e+17 6.1185115e+09 1.5127929e+09 2.5e-22 1.5299168e-21 1.2407319e-27
14537281 1.1088373e+17 6.1154586e+09 1.5139661e+09 2.5e-22 1.5257121e-21 1.2439887e-27
14555412 1.1099462e+17 6.1124038e+09 1.5151393e+09 2.5e-22 1.5215193e-21 1.2472538e-27
14573571 1.1110561e+17 6.109347e+09 1.5163124e+09 2.5e-22 1.5173386e-21 1.2505273e-27
14591757 1.1121672e+17 6.1062884e+09 1.5174855e+09 2.5e-22 1.5131698e-21 1.2538092e-27
14609971 1.1132793e+17 6.1032279e+09 1.5186585e+09 2.5e-22 1.5090129e-21 1.2570994e-27
14628212 1.1143926e+17 6.1001654e+09 1.5198315e+09 2.5e-22 1.504868e-21 1.2603981e-27
14646480 1.115507e+17 6.0971011e+09 1.5210045e+09 2.5e-22 1.5007349e-21 1.2637053e-27
14664776 1.1166225e+17 6.0940348e+09 1.5221775e+09 2.5e-22 1.4966136e-21 1.2670209e-27
14683099 1.1177391e+17 6.0909667e+09 1.5233504e+09 2.5e-22 1.4925042e-21 1.2703451e-27
14701450 1.1188569e+17 6.0878967e+09 1.5245233e+09 2.5e-22 1.4884064e-21 1.2736777e-27
14719828 1.1199757e+17 6.0848247e+09 1.5256961e+09 2.5e-22 1.4843204e-21 1.2770189e-27
14738234 1.1210957e+17 6.0817509e+09 1.5268688e+09 2.5e-22 1.4802461e-21 1.2803687e-27
14756668 1.1222168e+17 6.0786752e+09 1.5280415e+09 2.5e-22 1.4761835e-21 1.283727e-27
14775129 1.123339e+17 6.0755976e+09 1.5292142e+09 2.5e-22 1.4721324e-21 1.287094e-27
14793619 1.1244624e+17 6.0725181e+09 1.5303868e+09 2.5e-22 1.468093e-21 1.2904696e-27
14812136 1.1255868e+17 6.0694367e+09 1.5315593e+09 2.5e-22 1.4640651e-21 1.2938538e-27
14830681 1.1267124e+17 6.0663534e+09 1.5327317e+09 2.5e-22 1.4600487e-21 1.2972467e-27
14849254 1.1278391e+17 6.0632683e+09 1.5339041e+09 2.5e-22 1.4560438e-21 1.3006483e-27
14867855 1.128967e+17 6.0601813e+09 1.5350764e+09 2.5e-22 1.4520503e-21 1.3040586e-27
14886485 1.1300959e+17 6.0570924e+09 1.5362487e+09 2.5e-22 1.4480683e-21 1.3074777e-27
14905142 1.131226e+17 6.0540016e+09 1.5374208e+09 2.5e-22 1.4440977e-21 1.3109056e-27
14923828 1.1323572e+17 6.0509089e+09 1.5385929e+09 2.5e-22 1.4401384e-21 1.3143422e-27
14942541 1.1334896e+17 6.0478144e+09 1.5397649e+09 2.5e-22 1.4361904e-21 1.3177876e-27
14961284 1.1346231e+17 6.044718e+09 1.5409368e+09 2.5e-22 1.4322537e-21 1.3212419e-27
14980054 1.1357577e+17 6.0416197e+09 1.5421086e+09 2.5e-22 1.4283282e-21 1.324705e-27
14998853 1.1368935e+17 6.0385196e+09 1.5432803e+09 2.5e-22 1.424414e-21 1.328177e-27
15017680 1.1380304e+17 6.0354176e+09 1.5444519e+09 2.5e-22 1.420511e-21 1.331658e-27
15036536 1.1391684e+17 6.0323137e+09 1.5456234e+09 2.5e-22 1.4166191e-21 1.3351478e-27
15055421 1.1403076e+17 6.029208e+09 1.5467948e+09 2.5e-22 1.4127383e-21 1.3386466e-27
15074334 1.1414479e+17 6.0261004e+09 1.5479661e+09 2.5e-22 1.4088687e-21 1.3421544e-27
15093275 1.1425893e+17 6.022991e+09 1.5491373e+09 2.5e-22 1.4050101e-21 1.3456712e-27
15112246 1.1437319e+17 6.0198797e+09 1.5503084e+09 2.5e-22 1.4011625e-21 1.3491969e-27
15131245 1.1448756e+17 6.0167665e+09 1.5514793e+09 2.5e-22 1.3973259e-21 1.3527318e-27
15150273 1.1460205e+17 6.0136515e+09 1.5526501e+09 2.5e-22 1.3935002e-21 1.3562757e-27
15169330 1.1471665e+17 6.0105346e+09 1.5538208e+09 2.5e-22 1.3896855e-21 1.3598287e-27
15188416 1.1483137e+17 6.0074159e+09 1.5549914e+09 2.5e-22 1.3858817e-21 1.3633908e-27
15207531 1.149462e+17 6.0042954e+09 1.5561619e+09 2.5e-22 1.3820888e-21 1.366962e-27
15226675 1.1506115e+17 6.001173e+09 1.5573322e+09 2.5e-22 1.3783067e-21 1.3705424e-27
15245848 1.1517621e+17 5.9980488e+09 1.5585024e+09 2.5e-22 1.3745353e-21 1.374132e-27
15265050 1.1529139e+17 5.9949227e+09 1.5596724e+09 2.5e-22 1.3707748e-21 1.3777308e-27
15284282 1.1540668e+17 5.9917948e+09 1.5608423e+09 2.5e-22 1.367025e-21 1.3813389e-27
15303543 1.1552208e+17 5.988665e+09 1.5620121e+09 2.5e-22 1.3632859e-21 1.3849562e-27
15322833 1.1563761e+17 5.9855334e+09 1.5631817e+09 2.5e-22 1.3595575e-21 1.3885828e-27
15342152 1.1575324e+17 5.9824e+09 1.5643511e+09 2.5e-22 1.3558397e-21 1.3922187e-27
15361501 1.15869e+17 5.9792648e+09 1.5655204e+09 2.5e-22 1.3521325e-21 1.3958639e-27
15380880 1.1598487e+17 5.9761277e+09 1.5666895e+09 2.5e-22 1.348436e-21 1.3995185e-27
15400288 1.1610085e+17 5.9729888e+09 1.5678585e+09 2.5e-22 1.3447499e-21 1.4031824e-27
15419725 1.1621695e+17 5.9698481e+09 1.5690273e+09 2.5e-22 1.3410744e-21 1.4068558e-27
15439193 1.1633317e+17 5.9667055e+09 1.5701959e+09 2.5e-22 1.3374094e-21 1.4105386e-27
15458690 1.164495e+17 5.9635612e+09 1.5713644e+09 2.5e-22 1.3337549e-21 1.4142308e-27
15478217 1.1656595e+17 5.960415e+09 1.5725327e+09 2.5e-22 1.3301107e-21 1.4179326e-27
15497773 1.1668252e+17 5.957267e+09 1.5737008e+09 2.5e-22 1.326477e-21 1.4216438e-27
15517360 1.167992e+17 5.9541172e+09 1.5748687e+09 2.5e-22 1.3228536e-21 1.4253646e-27
15536977 1.16916e+17 5.9509655e+09 1.5760365e+09 2.5e-22 1.3192406e-21 1.4290949e-27
15556623 1.1703291e+17 5.9478121e+09 1.577204e+09 2.5e-22 1.3156379e-21 1.4328347e-27
15576300 1.1714995e+17 5.9446569e+09 1.5783714e+09 2.5e-22 1.3120455e-21 1.4365842e-27
15596006 1.172671e+17 5.9414998e+09 1.5795386e+09 2.5e-22 1.3084633e-21 1.4403434e-27
15615743 1.1738436e+17 5.938341e+09 1.5807055e+09 2.5e-22 1.3048913e-21 1.4441121e-27
15635511 1.1750175e+17 5.9351803e+09 1.5818723e+09 2.5e-22 1.3013296e-21 1.4478906e-27
15655308 1.1761925e+17 5.9320179e+09 1.5830389e+09 2.5e-22 1.297778e-21 1.4516787e-27
15675136 1.1773687e+17 5.9288536e+09 1.5842052e+09 2.5e-22 1.2942365e-21 1.4554766e-27
15694994 1.1785461e+17 5.9256876e+09 1.5853714e+09 2.5e-22 1.2907051e-21 1.4592842e-27
15714883 1.1797246e+17 5.9225197e+09 1.5865373e+09 2.5e-22 1.2871838e-21 1.4631017e-27
15734802 1.1809043e+17 5.9193501e+09 1.587703e+09 2.5e-22 1.2836725e-21 1.4669289e-27
15754752 1.1820852e+17 5.9161787e+09 1.5888685e+09 2.5e-22 1.2801712e-21 1.4707659e-27
15774733 1.1832673e+17 5.9130055e+09 1.5900337e+09 2.5e-22 1.27668e-21 1.4746128e-27
15794744 1.1844506e+17 5.9098305e+09 1.5911988e+09 2.5e-22 1.2731986e-21 1.4784696e-27
15814786 1.185635e+17 5.9066538e+09 1.5923636e+09 2.5e-22 1.2697272e-21 1.4823363e-27
15834859 1.1868207e+17 5.9034752e+09 1.5935282e+09 2.5e-22 1.2662657e-21 1.486213e-27
15854963 1.1880075e+17 5.9002949e+09 1.5946925e+09 2.5e-22 1.2628141e-21 1.4900996e-27
15875097 1.1891955e+17 5.8971128e+09 1.5958566e+09 2.5e-22 1.2593723e-21 1.4939961e-27
15895263 1.1903847e+17 5.8939289e+09 1.5970204e+09 2.5e-22 1.2559403e-21 1.4979027e-27
15915460 1.1915751e+17 5.8907433e+09 1.598184e+09 2.5e-22 1.2525181e-21 1.5018193e-27
15935688 1.1927667e+17 5.8875559e+09 1.5993474e+09 2.5e-22 1.2491057e-21 1.505746e-27
15955947 1.1939594e+17 5.8843667e+09 1.6005104e+09 2.5e-22 1.2457029e-21 1.5096828e-27
15976237 1.1951534e+17 5.8811758e+09 1.6016733e+09 2.5e-22 1.2423099e-21 1.5136297e-27
15996559 1.1963485e+17 5.8779831e+09 1.6028359e+09 2.5e-22 1.2389265e-21 1.5175868e-27
16016912 1.1975449e+17 5.8747886e+09 1.6039982e+09 2.5e-22 1.2355528e-21 1.521554e-27
16037297 1.1987424e+17 5.8715924e+09 1.6051602e+09 2.5e-22 1.2321887e-21 1.5255314e-27
16057713 1.1999412e+17 5.8683945e+09 1.606322e+09 2.5e-22 1.2288342e-21 1.529519e-27
16078160 1.2011411e+17 5.8651947e+09 1.6074834e+09 2.5e-22 1.2254892e-21 1.5335169e-27
16098639 1.2023423e+17 5.8619933e+09 1.6086447e+09 2.5e-22 1.2221538e-21 1.537525e-27
16119150 1.2035446e+17 5.8587901e+09 1.6098056e+09 2.5e-22 1.2188278e-21 1.5415435e-27
16139693 1.2047482e+17 5.8555851e+09 1.6109662e+09 2.5e-22 1.2155114e-21 1.5455723e-27
16160267 1.2059529e+17 5.8523784e+09 1.6121266e+09 2.5e-22 1.2122043e-21 1.5496114e-27
16180873 1.2071589e+17 5.8491699e+09 1.6132866e+09 2.5e-22 1.2089067e-21 1.553661e-27
16201511 1.208366e+17 5.8459597e+09 1.6144464e+09 2.5e-22 1.2056185e-21 1.5577209e-27
16222181 1.2095744e+17 5.8427478e+09 1.6156059e+09 2.5e-22 1.2023397e-21 1.5617913e-27
16242883 1.210784e+17 5.8395342e+09 1.616765e+09 2.5e-22 1.1990701e-21 1.5658722e-27
16263618 1.2119947e+17 5.8363188e+09 1.6179239e+09 2.5e-22 1.1958099e-21 1.5699635e-27
16284384 1.2132067e+17 5.8331017e+09 1.6190825e+09 2.5e-22 1.192559e-21 1.5740654e-27
16305183 1.2144199e+17 5.8298828e+09 1.6202407e+09 2.5e-22 1.1893173e-21 1.5781778e-27
16326014 1.2156344e+17 5.8266622e+09 1.6213986e+09 2.5e-22 1.1860849e-21 1.5823008e-27
16346877 1.21685e+17 5.8234399e+09 1.6225562e+09 2.5e-22 1.1828616e-21 1.5864344e-27
16367773 1.2180668e+17 5.8202159e+09 1.6237135e+09 2.5e-22 1.1796476e-21 1.5905786e-27
16388701 1.2192849e+17 5.8169902e+09 1.6248704e+09 2.5e-22 1.1764426e-21 1.5947335e-27
16409662 1.2205042e+17 5.8137628e+09 1.6260271e+09 2.5e-22 1.1732468e-21 1.598899e-27
16430655 1.2217247e+17 5.8105336e+09 1.6271834e+09 2.5e-22 1.1700601e-21 1.6030753e-27
16451681 1.2229464e+17 5.8073027e+09 1.6283393e+09 2.5e-22 1.1668825e-21 1.6072623e-27
16472740 1.2241694e+17 5.8040702e+09 1.6294949e+09 2.5e-22 1.1637139e-21 1.6114601e-27
16493831 1.2253935e+17 5.8008359e+09 1.6306502e+09 2.5e-22 1.1605543e-21 1.6156687e-27
16514956 1.2266189e+17 5.7975999e+09 1.6318051e+09 2.5e-22 1.1574037e-21 1.6198882e-27
16536113 1.2278456e+17 5.7943622e+09 1.6329597e+09 2.5e-22 1.154262e-21 1.6241184e-27
16557304 1.2290734e+17 5.7911228e+09 1.6341139e+09 2.5e-22 1.1511293e-21 1.6283596e-27
16578527 1.2303025e+17 5.7878817e+09 1.6352677e+09 2.5e-22 1.1480056e-21 1.6326117e-27
16599784 1.2315328e+17 5.784639e+09 1.6364212e+09 2.5e-22 1.1448906e-21 1.6368747e-27
16621073 1.2327643e+17 5.7813945e+09 1.6375744e+09 2.5e-22 1.1417846e-21 1.6411487e-27
16642396 1.2339971e+17 5.7781483e+09 1.6387271e+09 2.5e-22 1.1386874e-21 1.6454337e-27
16663752 1.2352311e+17 5.7749005e+09 1.6398795e+09 2.5e-22 1.135599e-21 1.6497297e-27
16685142 1.2364663e+17 5.771651e+09 1.6410315e+09 2.5e-22 1.1325194e-21 1.6540368e-27
16706565 1.2377028e+17 5.7683998e+09 1.6421832e+09 2.5e-22 1.1294485e-21 1.6583549e-27
16728022 1.2389405e+17 5.7651469e+09 1.6433344e+09 2.5e-22 1.1263863e-21 1.6626842e-27
16749512 1.2401794e+17 5.7618923e+09 1.6444853e+09 2.5e-22 1.1233329e-21 1.6670246e-27
16771036 1.2414196e+17 5.7586361e+09 1.6456358e+09 2.5e-22 1.1202882e-21 1.6713762e-27
16792593 1.242661e+17 5.7553782e+09 1.6467858e+09 2.5e-22 1.1172521e-21 1.675739e-27
16814185 1.2439037e+17 5.7521186e+09 1.6479355e+09 2.5e-22 1.1142246e-21 1.680113e-27
16835810 1.2451476e+17 5.7488574e+09 1.6490848e+09 2.5e-22 1.1112057e-21 1.6844983e-27
16857469 1.2463927e+17 5.7455945e+09 1.6502337e+09 2.5e-22 1.1081954e-21 1.6888949e-27
16879162 1.2476391e+17 5.7423299e+09 1.6513822e+09 2.5e-22 1.1051937e-21 1.6933028e-27
16900889 1.2488867e+17 5.7390637e+09 1.6525302e+09 2.5e-22 1.1022005e-21 1.697722e-27
16922650 1.2501356e+17 5.7357959e+09 1.6536779e+09 2.5e-22 1.0992158e-21 1.7021526e-27
16944445 1.2513858e+17 5.7325263e+09 1.6548251e+09 2.5e-22 1.0962396e-21 1.7065947e-27
16966275 1.2526372e+17 5.7292552e+09 1.6559719e+09 2.5e-22 1.0932718e-21 1.7110481e-27
16988139 1.2538898e+17 5.7259823e+09 1.6571183e+09 2.5e-22 1.0903125e-21 1.7155131e-27
17010037 1.2551437e+17 5.7227079e+09 1.6582643e+09 2.5e-22 1.0873616e-21 1.7199895e-27
17031970 1.2563988e+17 5.7194317e+09 1.6594098e+09 2.5e-22 1.084419e-21 1.7244775e-27
17053937 1.2576552e+17 5.716154e+09 1.6605549e+09 2.5e-22 1.0814848e-21 1.728977e-27
17075939 1.2589129e+17 5.7128746e+09 1.6616996e+09 2.5e-22 1.078559e-21 1.7334881e-27
17097975 1.2601718e+17 5.7095936e+09 1.6628438e+09 2.5e-22 1.0756414e-21 1.7380109e-27
17120046 1.261432e+17 5.7063109e+09 1.6639875e+09 2.5e-22 1.0727322e-21 1.7425452e-27
17142152 1.2626934e+17 5.7030266e+09 1.6651308e+09 2.5e-22 1.0698312e-21 1.7470913e-27
17164293 1.2639561e+17 5.6997407e+09 1.6662737e+09 2.5e-22 1.0669384e-21 1.7516491e-27
17186469 1.26522e+17 5.6964532e+09 1.6674161e+09 2.5e-22 1.0640539e-21 1.7562186e-27
17208679 1.2664853e+17 5.693164e+09 1.668558e+09 2.5e-22 1.0611775e-21 1.7607999e-27
17230925 1.2677518e+17 5.6898732e+09 1.6696995e+09 2.5e-22 1.0583093e-21 1.765393e-27
17253206 1.2690195e+17 5.6865808e+09 1.6708405e+09 2.5e-22 1.0554493e-21 1.7699979e-27
17275522 1.2702885e+17 5.6832868e+09 1.6719811e+09 2.5e-22 1.0525973e-21 1.7746147e-27
17297873 1.2715588e+17 5.6799912e+09 1.6731211e+09 2.5e-22 1.0497535e-21 1.7792434e-27
17320260 1.2728304e+17 5.6766939e+09 1.6742607e+09 2.5e-22 1.0469177e-21 1.783884e-27
17342682 1.2741032e+17 5.6733951e+09 1.6753998e+09 2.5e-22 1.04409e-21 1.7885366e-27
17365139 1.2753773e+17 5.6700947e+09 1.6765384e+09 2.5e-22 1.0412703e-21 1.7932012e-27
17387632 1.2766527e+17 5.6667926e+09 1.6776765e+09 2.5e-22 1.0384586e-21 1.7978778e-27
17410161 1.2779293e+17 5.663489e+09 1.6788142e+09 2.5e-22 1.0356549e-21 1.8025664e-27
17432725 1.2792073e+17 5.6601838e+09 1.6799513e+09 2.5e-22 1.0328591e-21 1.8072672e-27
17455326 1.2804865e+17 5.6568769e+09 1.6810879e+09 2.5e-22 1.0300713e-21 1.81198e-27
17477961 1.281767e+17 5.6535685e+09 1.682224e+09 2.5e-22 1.0272913e-21 1.816705e-27
17500633 1.2830487e+17 5.6502585e+09 1.6833597e+09 2.5e-22 1.0245193e-21 1.8214422e-27
17523341 1.2843318e+17 5.6469469e+09 1.6844948e+09 2.5e-22 1.0217551e-21 1.8261916e-27
17546085 1.2856161e+17 5.6436338e+09 1.6856294e+09 2.5e-22 1.0189988e-21 1.8309532e-27
17568865 1.2869017e+17 5.640319e+09 1.6867634e+09 2.5e-22 1.0162502e-21 1.8357271e-27
17591681 1.2881886e+17 5.6370027e+09 1.687897e+09 2.5e-22 1.0135095e-21 1.8405134e-27
17614533 1.2894768e+17 5.6336848e+09 1.68903e+09 2.5e-22 1.0107765e-21 1.8453119e-27
17637422 1.2907663e+17 5.6303653e+09 1.6901625e+09 2.5e-22 1.0080513e-21 1.8501229e-27
17660347 1.2920571e+17 5.6270443e+09 1.6912945e+09 2.5e-22 1.0053338e-21 1.8549462e-27
17683309 1.2933491e+17 5.6237217e+09 1.6924259e+09 2.5e-22 1.002624e-21 1.859782e-27
17706307 1.2946425e+17 5.6203975e+09 1.6935568e+09 2.5e-22 9.9992194e-22 1.8646302e-27
17729341 1.2959371e+17 5.6170718e+09 1.6946871e+09 2.5e-22 9.972275e-22 1.869491e-27
17752413 1.297233e+17 5.6137445e+09 1.6958169e+09 2.5e-22 9.9454069e-22 1.8743643e-27
17775521 1.2985303e+17 5.6104157e+09 1.6969461e+09 2.5e-22 9.9186149e-22 1.8792502e-27
17798666 1.2998288e+17 5.6070853e+09 1.6980748e+09 2.5e-22 9.8918989e-22 1.8841486e-27
17821848 1.3011286e+17 5.6037534e+09 1.6992029e+09 2.5e-22 9.8652586e-22 1.8890597e-27
17845067 1.3024298e+17 5.6004199e+09 1.7003305e+09 2.5e-22 9.8386938e-22 1.8939835e-27
17868323 1.3037322e+17 5.5970849e+09 1.7014575e+09 2.5e-22 9.8122042e-22 1.89892e-27
17891616 1.3050359e+17 5.5937484e+09 1.7025839e+09 2.5e-22 9.7857897e-22 1.9038692e-27
17914946 1.306341e+17 5.5904103e+09 1.7037097e+09 2.5e-22 9.75945e-22 1.9088312e-27
17938314 1.3076473e+17 5.5870706e+09 1.704835e+09 2.5e-22 9.7331849e-22 1.913806e-27
17961718 1.3089549e+17 5.5837295e+09 1.7059597e+09 2.5e-22 9.7069943e-22 1.9187936e-27
17985161 1.3102639e+17 5.5803868e+09 1.7070838e+09 2.5e-22 9.6808778e-22 1.9237941e-27
18008641 1.3115742e+17 5.5770426e+09 1.7082073e+09 2.5e-22 9.6548352e-22 1.9288075e-27
18032158 1.3128857e+17 5.5736969e+09 1.7093302e+09 2.5e-22 9.6288664e-22 1.9338338e-27
18055713 1.3141986e+17 5.5703496e+09 1.7104525e+09 2.5e-22 9.6029712e-22 1.9388731e-27
18079306 1.3155128e+17 5.5670009e+09 1.7115742e+09 2.5e-22 9.5771492e-22 1.9439255e-27
18102936 1.3168283e+17 5.5636506e+09 1.7126954e+09 2.5e-22 9.5514004e-22 1.9489908e-27
18126605 1.3181452e+17 5.5602988e+09 1.7138159e+09 2.5e-22 9.5257244e-22 1.9540692e-27
18150311 1.3194633e+17 5.5569455e+09 1.7149358e+09 2.5e-22 9.5001212e-22 1.9591608e-27
18174055 1.3207828e+17 5.5535907e+09 1.716055e+09 2.5e-22 9.4745904e-22 1.9642655e-27
18197838 1.3221036e+17 5.5502344e+09 1.7171737e+09 2.5e-22 9.4491319e-22 1.9693833e-27
18221659 1.3234257e+17 5.5468766e+09 1.7182917e+09 2.5e-22 9.4237454e-22 1.9745144e-27
18245518 1.3247491e+17 5.5435173e+09 1.7194091e+09 2.5e-22 9.3984308e-22 1.9796587e-27
18269415 1.3260738e+17 5.5401565e+09 1.7205259e+09 2.5e-22 9.3731878e-22 1.9848163e-27
18293351 1.3273999e+17 5.5367942e+09 1.7216421e+09 2.5e-22 9.3480163e-22 1.9899872e-27
18317325 1.3287273e+17 5.5334304e+09 1.7227576e+09 2.5e-22 9.3229159e-22 1.9951715e-27
18341337 1.330056e+17 5.5300652e+09 1.7238724e+09 2.5e-22 9.2978866e-22 2.0003692e-27
18365389 1.3313861e+17 5.5266985e+09 1.7249867e+09 2.5e-22 9.2729281e-22 2.0055802e-27
18389479 1.3327175e+17 5.5233303e+09 1.7261002e+09 2.5e-22 9.2480402e-22 2.0108048e-27
18413608 1.3340502e+17 5.5199606e+09 1.7272132e+09 2.5e-22 9.2232227e-22 2.0160428e-27
18437775 1.3353842e+17 5.5165894e+09 1.7283254e+09 2.5e-22 9.1984754e-22 2.0212944e-27
18461982 1.3367196e+17 5.5132168e+09 1.729437e+09 2.5e-22 9.173798e-22 2.0265595e-27
18486228 1.3380564e+17 5.5098427e+09 1.730548e+09 2.5e-22 9.1491905e-22 2.0318382e-27
18510513 1.3393944e+17 5.5064671e+09 1.7316582e+09 2.5e-22 9.1246525e-22 2.0371306e-27
18534837 1.3407338e+17 5.5030901e+09 1.7327678e+09 2.5e-22 9.100184e-22 2.0424366e-27
18559200 1.3420745e+17 5.4997117e+09 1.7338767e+09 2.5e-22 9.0757846e-22 2.0477564e-27
18583603 1.3434166e+17 5.4963317e+09 1.734985e+09 2.5e-22 9.0514542e-22 2.0530898e-27
18608045 1.34476e+17 5.4929504e+09 1.7360925e+09 2.5e-22 9.0271925e-22 2.0584371e-27
18632526 1.3461048e+17 5.4895675e+09 1.7371994e+09 2.5e-22 9.0029995e-22 2.0637982e-27
18657047 1.3474509e+17 5.4861833e+09 1.7383056e+09 2.5e-22 8.9788748e-22 2.0691731e-27
18681608 1.3487983e+17 5.4827976e+09 1.7394111e+09 2.5e-22 8.9548183e-22 2.0745619e-27
18706209 1.3501471e+17 5.4794104e+09 1.7405159e+09 2.5e-22 8.9308298e-22 2.0799647e-27
18730849 1.3514973e+17 5.4760218e+09 1.7416199e+09 2.5e-22 8.9069091e-22 2.0853814e-27
18755529 1.3528488e+17 5.4726318e+09 1.7427233e+09 2.5e-22 8.883056e-22 2.0908121e-27
18780250 1.3542016e+17 5.4692404e+09 1.743826e+09 2.5e-22 8.8592703e-22 2.0962568e-27
18805010 1.3555558e+17 5.4658475e+09 1.7449279e+09 2.5e-22 8.8355518e-22 2.1017156e-27
18829811 1.3569114e+17 5.4624532e+09 1.7460292e+09 2.5e-22 8.8119003e-22 2.1071886e-27
18854651 1.3582683e+17 5.4590575e+09 1.7471297e+09 2.5e-22 8.7883156e-22 2.1126756e-27
18879532 1.3596266e+17 5.4556604e+09 1.7482295e+09 2.5e-22 8.7647975e-22 2.1181769e-27
18904454 1.3609862e+17 5.4522618e+09 1.7493285e+09 2.5e-22 8.7413459e-22 2.1236924e-27
18929415 1.3623472e+17 5.4488619e+09 1.7504268e+09 2.5e-22 8.7179604e-22 2.1292221e-27
18954418 1.3637095e+17 5.4454605e+09 1.7515244e+09 2.5e-22 8.6946411e-22 2.1347661e-27
18979461 1.3650732e+17 5.4420578e+09 1.7526213e+09 2.5e-22 8.6713875e-22 2.1403245e-27
19004545 1.3664383e+17 5.4386536e+09 1.7537174e+09 2.5e-22 8.6481997e-22 2.1458973e-27
19029669 1.3678048e+17 5.435248e+09 1.7548127e+09 2.5e-22 8.6250773e-22 2.1514844e-27
19054835 1.3691726e+17 5.4318411e+09 1.7559073e+09 2.5e-22 8.6020202e-22 2.157086e-27
19080041 1.3705417e+17 5.4284327e+09 1.7570012e+09 2.5e-22 8.5790281e-22 2.1627021e-27
19105289 1.3719123e+17 5.425023e+09 1.7580943e+09 2.5e-22 8.556101e-22 2.1683327e-27
19130577 1.3732842e+17 5.4216119e+09 1.7591866e+09 2.5e-22 8.5332386e-22 2.1739779e-27
19155907 1.3746575e+17 5.4181994e+09 1.7602782e+09 2.5e-22 8.5104407e-22 2.1796376e-27
19181278 1.3760321e+17 5.4147855e+09 1.7613689e+09 2.5e-22 8.4877071e-22 2.185312e-27
19206691 1.3774082e+17 5.4113702e+09 1.762459e+09 2.5e-22 8.4650377e-22 2.1910011e-27
19232145 1.3787856e+17 5.4079536e+09 1.7635482e+09 2.5e-22 8.4424323e-22 2.1967049e-27
19257640 1.3801644e+17 5.4045356e+09 1.7646366e+09 2.5e-22 8.4198907e-22 2.2024235e-27
19283177 1.3815445e+17 5.4011162e+09 1.7657243e+09 2.5e-22 8.3974126e-22 2.2081568e-27
19308756 1.3829261e+17 5.3976955e+09 1.7668112e+09 2.5e-22 8.374998e-22 2.213905e-27
19334377 1.384309e+17 5.3942734e+09 1.7678972e+09 2.5e-22 8.3526465e-22 2.2196681e-27
19360039 1.3856933e+17 5.39085e+09 1.7689825e+09 2.5e-22 8.3303582e-22 2.225446e-27
19385744 1.387079e+17 5.3874252e+09 1.770067e+09 2.5e-22 8.3081327e-22 2.231239e-27
19411491 1.3884661e+17 5.383999e+09 1.7711506e+09 2.5e-22 8.2859698e-22 2.2370469e-27
19437279 1.3898545e+17 5.3805715e+09 1.7722335e+09 2.5e-22 8.2638695e-22 2.2428698e-27
19463110 1.3912444e+17 5.3771427e+09 1.7733155e+09 2.5e-22 8.2418315e-22 2.2487078e-27
19488984 1.3926356e+17 5.3737125e+09 1.7743968e+09 2.5e-22 8.2198556e-22 2.2545609e-27
19514899 1.3940283e+17 5.370281e+09 1.7754772e+09 2.5e-22 8.1979417e-22 2.2604292e-27
19540857 1.3954223e+17 5.3668481e+09 1.7765567e+09 2.5e-22 8.1760896e-22 2.2663127e-27
19566858 1.3968177e+17 5.363414e+09 1.7776355e+09 2.5e-22 8.154299e-22 2.2722114e-27
19592902 1.3982145e+17 5.3599785e+09 1.7787134e+09 2.5e-22 8.1325699e-22 2.2781253e-27
19618988 1.3996128e+17 5.3565416e+09 1.7797905e+09 2.5e-22 8.110902e-22 2.2840546e-27
19645117 1.4010124e+17 5.3531035e+09 1.7808667e+09 2.5e-22 8.0892952e-22 2.2899992e-27
19671289 1.4024134e+17 5.349664e+09 1.7819421e+09 2.5e-22 8.0677493e-22 2.2959592e-27
19697504 1.4038158e+17 5.3462232e+09 1.7830166e+09 2.5e-22 8.0462641e-22 2.3019346e-27
19723762 1.4052196e+17 5.3427812e+09 1.7840903e+09 2.5e-22 8.0248394e-22 2.3079255e-27
19750063 1.4066248e+17 5.3393378e+09 1.7851632e+09 2.5e-22 8.0034751e-22 2.313932e-27
19776408 1.4080314e+17 5.3358931e+09 1.7862351e+09 2.5e-22 7.982171e-22 2.3199539e-27
19802796 1.4094395e+17 5.3324471e+09 1.7873062e+09 2.5e-22 7.9609269e-22 2.3259915e-27
19829227 1.4108489e+17 5.3289998e+09 1.7883765e+09 2.5e-22 7.9397426e-22 2.3320447e-27
19855702 1.4122598e+17 5.3255512e+09 1.7894458e+09 2.5e-22 7.918618e-22 2.3381136e-27
19882221 1.413672e+17 5.3221013e+09 1.7905143e+09 2.5e-22 7.8975529e-22 2.3441982e-27
19908783 1.4150857e+17 5.3186502e+09 1.7915819e+09 2.5e-22 7.8765471e-22 2.3502986e-27
19935389 1.4165008e+17 5.3151977e+09 1.7926487e+09 2.5e-22 7.8556005e-22 2.3564147e-27
19962039 1.4179173e+17 5.311744e+09 1.7937145e+09 2.5e-22 7.8347128e-22 2.3625467e-27
19988733 1.4193352e+17 5.308289e+09 1.7947794e+09 2.5e-22 7.813884e-22 2.3686946e-27
20015471 1.4207545e+17 5.3048327e+09 1.7958435e+09 2.5e-22 7.7931137e-22 2.3748584e-27
20042253 1.4221753e+17 5.3013752e+09 1.7969066e+09 2.5e-22 7.772402e-22 2.3810382e-27
20069080 1.4235975e+17 5.2979163e+09 1.7979689e+09 2.5e-22 7.7517485e-22 2.387234e-27
20095951 1.4250211e+17 5.2944563e+09 1.7990302e+09 2.5e-22 7.7311532e-22 2.3934459e-27
20122866 1.4264461e+17 5.2909949e+09 1.8000906e+09 2.5e-22 7.7106159e-22 2.3996738e-27
20149826 1.4278725e+17 5.2875323e+09 1.8011501e+09 2.5e-22 7.6901363e-22 2.4059179e-27
20176831 1.4293004e+17 5.2840685e+09 1.8022087e+09 2.5e-22 7.6697143e-22 2.4121782e-27
20203880 1.4307297e+17 5.2806034e+09 1.8032664e+09 2.5e-22 7.6493499e-22 2.4184547e-27
20230974 1.4321604e+17 5.2771371e+09 1.8043231e+09 2.5e-22 7.6290427e-22 2.4247474e-27
20258113 1.4335926e+17 5.2736695e+09 1.8053789e+09 2.5e-22 7.6087926e-22 2.4310565e-27
20285297 1.4350262e+17 5.2702007e+09 1.8064338e+09 2.5e-22 7.5885995e-22 2.4373819e-27
20312526 1.4364612e+17 5.2667306e+09 1.8074877e+09 2.5e-22 7.5684632e-22 2.4437237e-27
20339800 1.4378977e+17 5.2632593e+09 1.8085407e+09 2.5e-22 7.5483836e-22 2.450082e-27
20367120 1.4393356e+17 5.2597868e+09 1.8095928e+09 2.5e-22 7.5283604e-22 2.4564567e-27
20394485 1.4407749e+17 5.2563131e+09 1.8106439e+09 2.5e-22 7.5083935e-22 2.462848e-27
20421895 1.4422157e+17 5.2528381e+09 1.811694e+09 2.5e-22 7.4884827e-22 2.4692558e-27
20449351 1.4436579e+17 5.249362e+09 1.8127432e+09 2.5e-22 7.468628e-22 2.4756803e-27
20476852 1.4451016e+17 5.2458846e+09 1.8137914e+09 2.5e-22 7.448829e-22 2.4821214e-27
20504400 1.4465467e+17 5.242406e+09 1.8148386e+09 2.5e-22 7.4290857e-22 2.4885792e-27
20531993 1.4479932e+17 5.2389261e+09 1.8158849e+09 2.5e-22 7.4093979e-22 2.4950537e-27
20559632 1.4494412e+17 5.2354451e+09 1.8169302e+09 2.5e-22 7.3897655e-22 2.5015451e-27
20587317 1.4508906e+17 5.2319629e+09 1.8179745e+09 2.5e-22 7.3701882e-22 2.5080533e-27
20615048 1.4523415e+17 5.2284795e+09 1.8190179e+09 2.5e-22 7.3506659e-22 2.5145783e-27
20642826 1.4537939e+17 5.2249949e+09 1.8200602e+09 2.5e-22 7.3311985e-22 2.5211203e-27
20670650 1.4552477e+17 5.2215091e+09 1.8211016e+09 2.5e-22 7.3117858e-22 2.5276793e-27
20698520 1.4567029e+17 5.2180221e+09 1.822142e+09 2.5e-22 7.2924277e-22 2.5342553e-27
20726437 1.4581596e+17 5.214534e+09 1.8231813e+09 2.5e-22 7.2731239e-22 2.5408483e-27
20754400 1.4596178e+17 5.2110446e+09 1.8242197e+09 2.5e-22 7.2538743e-22 2.5474584e-27
20782410 1.4610774e+17 5.2075541e+09 1.8252571e+09 2.5e-22 7.2346789e-22 2.5540857e-27
20810467 1.4625385e+17 5.2040624e+09 1.8262934e+09 2.5e-22 7.2155373e-22 2.5607302e-27
20838571 1.464001e+17 5.2005696e+09 1.8273287e+09 2.5e-22 7.1964495e-22 2.5673919e-27
20866722 1.465465e+17 5.1970756e+09 1.8283631e+09 2.5e-22 7.1774153e-22 2.5740709e-27
20894920 1.4669305e+17 5.1935804e+09 1.8293964e+09 2.5e-22 7.1584345e-22 2.5807672e-27
20923165 1.4683974e+17 5.190084e+09 1.8304286e+09 2.5e-22 7.139507e-22 2.5874809e-27
20951457 1.4698658e+17 5.1865865e+09 1.8314599e+09 2.5e-22 7.1206327e-22 2.5942121e-27
20979797 1.4713357e+17 5.1830879e+09 1.8324901e+09 2.5e-22 7.1018114e-22 2.6009607e-27
21008184 1.472807e+17 5.1795881e+09 1.8335192e+09 2.5e-22 7.0830428e-22 2.6077268e-27
21036619 1.4742798e+17 5.1760872e+09 1.8345474e+09 2.5e-22 7.064327e-22 2.6145105e-27
21065101 1.4757541e+17 5.1725851e+09 1.8355745e+09 2.5e-22 7.0456637e-22 2.6213118e-27
21093632 1.4772298e+17 5.1690819e+09 1.8366005e+09 2.5e-22 7.0270528e-22 2.6281307e-27
21122210 1.4787071e+17 5.1655775e+09 1.8376255e+09 2.5e-22 7.0084941e-22 2.6349674e-27
21150836 1.4801858e+17 5.1620721e+09 1.8386494e+09 2.5e-22 6.9899874e-22 2.6418218e-27
21179510 1.481666e+17 5.1585655e+09 1.8396722e+09 2.5e-22 6.9715327e-22 2.648694e-27
21208233 1.4831476e+17 5.1550578e+09 1.840694e+09 2.5e-22 6.9531298e-22 2.655584e-27
21237003 1.4846308e+17 5.1515489e+09 1.8417147e+09 2.5e-22 6.9347785e-22 2.6624919e-27
21265823 1.4861154e+17 5.148039e+09 1.8427344e+09 2.5e-22 6.9164786e-22 2.6694178e-27
21294690 1.4876015e+17 5.1445279e+09 1.843753e+09 2.5e-22 6.8982301e-22 2.6763616e-27
21323606 1.4890891e+17 5.1410158e+09 1.8447704e+09 2.5e-22 6.8800328e-22 2.6833235e-27
21352571 1.4905782e+17 5.1375025e+09 1.8457868e+09 2.5e-22 6.8618865e-22 2.6903035e-27
21381585 1.4920688e+17 5.1339881e+09 1.8468022e+09 2.5e-22 6.8437911e-22 2.6973016e-27
21410648 1.4935609e+17 5.1304727e+09 1.8478164e+09 2.5e-22 6.8257464e-22 2.7043179e-27
21439759 1.4950544e+17 5.1269561e+09 1.8488295e+09 2.5e-22 6.8077523e-22 2.7113524e-27
21468920 1.4965495e+17 5.1234385e+09 1.8498415e+09 2.5e-22 6.7898086e-22 2.7184051e-27
21498130 1.498046e+17 5.1199197e+09 1.8508524e+09 2.5e-22 6.7719153e-22 2.7254762e-27
21527389 1.4995441e+17 5.1163999e+09 1.8518622e+09 2.5e-22 6.7540721e-22 2.7325657e-27
21556697 1.5010436e+17 5.1128791e+09 1.8528709e+09 2.5e-22 6.7362789e-22 2.7396736e-27
21586055 1.5025447e+17 5.1093571e+09 1.8538785e+09 2.5e-22 6.7185355e-22 2.7467999e-27
21615463 1.5040472e+17 5.1058341e+09 1.8548849e+09 2.5e-22 6.7008419e-22 2.7539448e-27
21644921 1.5055513e+17 5.10231e+09 1.8558903e+09 2.5e-22 6.6831979e-22 2.7611082e-27
21674428 1.5070568e+17 5.0987848e+09 1.8568945e+09 2.5e-22 6.6656032e-22 2.7682902e-27
21703985 1.5085639e+17 5.0952586e+09 1.8578975e+09 2.5e-22 6.6480579e-22 2.7754909e-27
21733592 1.5100724e+17 5.0917313e+09 1.8588995e+09 2.5e-22 6.6305617e-22 2.7827104e-27
21763250 1.5115825e+17 5.088203e+09 1.8599002e+09 2.5e-22 6.6131146e-22 2.7899486e-27
21792957 1.5130941e+17 5.0846737e+09 1.8608999e+09 2.5e-22 6.5957163e-22 2.7972056e-27
21822715 1.5146072e+17 5.0811433e+09 1.8618984e+09 2.5e-22 6.5783667e-22 2.8044814e-27
21852523 1.5161218e+17 5.0776118e+09 1.8628957e+09 2.5e-22 6.5610657e-22 2.8117762e-27
21882382 1.5176379e+17 5.0740793e+09 1.8638919e+09 2.5e-22 6.5438131e-22 2.8190899e-27
21912292 1.5191555e+17 5.0705458e+09 1.8648869e+09 2.5e-22 6.5266089e-22 2.8264227e-27
21942252 1.5206747e+17 5.0670113e+09 1.8658808e+09 2.5e-22 6.5094528e-22 2.8337745e-27
21972264 1.5221954e+17 5.0634757e+09 1.8668734e+09 2.5e-22 6.4923447e-22 2.8411455e-27
22002326 1.5237176e+17 5.0599391e+09 1.8678649e+09 2.5e-22 6.4752845e-22 2.8485356e-27
22032439 1.5252413e+17 5.0564015e+09 1.8688553e+09 2.5e-22 6.4582721e-22 2.8559449e-27
22062604 1.5267665e+17 5.0528629e+09 1.8698444e+09 2.5e-22 6.4413073e-22 2.8633735e-27
22092820 1.5282933e+17 5.0493233e+09 1.8708324e+09 2.5e-22 6.4243899e-22 2.8708214e-27
22123087 1.5298216e+17 5.0457826e+09 1.8718192e+09 2.5e-22 6.4075199e-22 2.8782886e-27
22153406 1.5313514e+17 5.042241e+09 1.8728048e+09 2.5e-22 6.3906971e-22 2.8857753e-27
22183776 1.5328828e+17 5.0386984e+09 1.8737891e+09 2.5e-22 6.3739213e-22 2.8932815e-27
22214199 1.5344156e+17 5.0351547e+09 1.8747723e+09 2.5e-22 6.3571925e-22 2.9008072e-27
22244673 1.5359501e+17 5.0316101e+09 1.8757543e+09 2.5e-22 6.3405105e-22 2.9083525e-27
22275199 1.537486e+17 5.0280645e+09 1.8767351e+09 2.5e-22 6.3238751e-22 2.9159174e-27
22305777 1.5390235e+17 5.0245179e+09 1.8777146e+09 2.5e-22 6.3072862e-22 2.923502e-27
22336407 1.5405625e+17 5.0209704e+09 1.878693e+09 2.5e-22 6.2907437e-22 2.9311063e-27
22367090 1.5421031e+17 5.0174218e+09 1.8796701e+09 2.5e-22 6.2742475e-22 2.9387304e-27
22397825 1.5436452e+17 5.0138723e+09 1.880646e+09 2.5e-22 6.2577974e-22 2.9463743e-27
22428612 1.5451888e+17 5.0103218e+09 1.8816207e+09 2.5e-22 6.2413933e-22 2.9540381e-27
22459452 1.546734e+17 5.0067704e+09 1.8825941e+09 2.5e-22 6.2250351e-22 2.9617219e-27
22490345 1.5482808e+17 5.003218e+09 1.8835663e+09 2.5e-22 6.2087225e-22 2.9694257e-27
22521291 1.549829e+17 4.9996647e+09 1.8845373e+09 2.5e-22 6.1924556e-22 2.9771495e-27
22552289 1.5513789e+17 4.9961104e+09 1.885507e+09 2.5e-22 6.1762341e-22 2.9848934e-27
22583341 1.5529302e+17 4.9925551e+09 1.8864754e+09 2.5e-22 6.160058e-22 2.9926575e-27
22614446 1.5544832e+17 4.9889989e+09 1.8874426e+09 2.5e-22 6.143927e-22 3.0004418e-27
22645604 1.5560377e+17 4.9854418e+09 1.8884086e+09 2.5e-22 6.1278411e-22 3.0082463e-27
22676816 1.5575937e+17 4.9818837e+09 1.8893733e+09 2.5e-22 6.1118002e-22 3.0160712e-27
22708081 1.5591513e+17 4.9783247e+09 1.8903367e+09 2.5e-22 6.0958041e-22 3.0239164e-27
22739400 1.5607104e+17 4.9747648e+09 1.8912989e+09 2.5e-22 6.0798526e-22 3.0317821e-27
22770772 1.5622712e+17 4.9712039e+09 1.8922597e+09 2.5e-22 6.0639457e-22 3.0396683e-27
22802199 1.5638334e+17 4.9676421e+09 1.8932194e+09 2.5e-22 6.0480832e-22 3.0475749e-27
22833679 1.5653973e+17 4.9640795e+09 1.8941777e+09 2.5e-22 6.032265e-22 3.0555022e-27
22865214 1.5669627e+17 4.9605159e+09 1.8951347e+09 2.5e-22 6.016491e-22 3.0634501e-27
22896802 1.5685296e+17 4.9569513e+09 1.8960905e+09 2.5e-22 6.000761e-22 3.0714187e-27
22928445 1.5700981e+17 4.9533859e+09 1.8970449e+09 2.5e-22 5.9850749e-22 3.0794081e-27
22960143 1.5716682e+17 4.9498196e+09 1.8979981e+09 2.5e-22 5.9694326e-22 3.0874183e-27
22991895 1.5732399e+17 4.9462524e+09 1.89895e+09 2.5e-22 5.953834e-22 3.0954493e-27
23023702 1.5748132e+17 4.9426843e+09 1.8999005e+09 2.5e-22 5.9382789e-22 3.1035013e-27
23055563 1.576388e+17 4.9391153e+09 1.9008498e+09 2.5e-22 5.9227672e-22 3.1115742e-27
23087479 1.5779644e+17 4.9355454e+09 1.9017977e+09 2.5e-22 5.9072988e-22 3.1196682e-27
23119451 1.5795423e+17 4.9319747e+09 1.9027444e+09 2.5e-22 5.8918736e-22 3.1277833e-27
23151477 1.5811219e+17 4.9284031e+09 1.9036897e+09 2.5e-22 5.8764914e-22 3.1359195e-27
23183559 1.582703e+17 4.9248305e+09 1.9046336e+09 2.5e-22 5.8611521e-22 3.1440769e-27
23215696 1.5842857e+17 4.9212572e+09 1.9055763e+09 2.5e-22 5.8458555e-22 3.1522555e-27
23247889 1.58587e+17 4.9176829e+09 1.9065176e+09 2.5e-22 5.8306017e-22 3.1604555e-27
23280138 1.5874558e+17 4.9141078e+09 1.9074576e+09 2.5e-22 5.8153904e-22 3.1686768e-27
23312442 1.5890433e+17 4.9105319e+09 1.9083962e+09 2.5e-22 5.8002215e-22 3.1769196e-27
23344801 1.5906323e+17 4.9069551e+09 1.9093335e+09 2.5e-22 5.7850949e-22 3.1851838e-27
23377217 1.592223e+17 4.9033774e+09 1.9102695e+09 2.5e-22 5.7700105e-22 3.1934696e-27
23409689 1.5938152e+17 4.8997989e+09 1.9112041e+09 2.5e-22 5.7549681e-22 3.201777e-27
23442217 1.595409e+17 4.8962196e+09 1.9121373e+09 2.5e-22 5.7399677e-22 3.2101061e-27
23474802 1.5970044e+17 4.8926394e+09 1.9130692e+09 2.5e-22 5.7250091e-22 3.2184568e-27
23507443 1.5986014e+17 4.8890584e+09 1.9139997e+09 2.5e-22 5.7100921e-22 3.2268293e-27
23540140 1.6002e+17 4.8854766e+09 1.9149289e+09 2.5e-22 5.6952168e-22 3.2352237e-27
23572895 1.6018002e+17 4.8818939e+09 1.9158566e+09 2.5e-22 5.6803829e-22 3.24364e-27
23605706 1.603402e+17 4.8783104e+09 1.916783e+09 2.5e-22 5.6655903e-22 3.2520781e-27
23638574 1.6050054e+17 4.8747261e+09 1.9177081e+09 2.5e-22 5.6508389e-22 3.2605383e-27
23671499 1.6066104e+17 4.871141e+09 1.9186317e+09 2.5e-22 5.6361286e-22 3.2690206e-27
23704481 1.608217e+17 4.8675551e+09 1.9195539e+09 2.5e-22 5.6214593e-22 3.277525e-27
23737520 1.6098253e+17 4.8639684e+09 1.9204748e+09 2.5e-22 5.6068309e-22 3.2860515e-27
23770617 1.6114351e+17 4.8603809e+09 1.9213943e+09 2.5e-22 5.5922432e-22 3.2946003e-27
23803772 1.6130465e+17 4.8567925e+09 1.9223123e+09 2.5e-22 5.5776961e-22 3.3031714e-27
23836984 1.6146596e+17 4.8532034e+09 1.923229e+09 2.5e-22 5.5631896e-22 3.3117649e-27
23870254 1.6162742e+17 4.8496135e+09 1.9241442e+09 2.5e-22 5.5487234e-22 3.3203808e-27
23903582 1.6178905e+17 4.8460229e+09 1.9250581e+09 2.5e-22 5.5342975e-22 3.3290191e-27
23936968 1.6195084e+17 4.8424314e+09 1.9259705e+09 2.5e-22 5.5199117e-22 3.33768e-27
23970412 1.6211279e+17 4.8388392e+09 1.9268815e+09 2.5e-22 5.505566e-22 3.3463635e-27
24003914 1.622749e+17 4.8352462e+09 1.9277911e+09 2.5e-22 5.4912603e-22 3.3550697e-27
24037475 1.6243718e+17 4.8316524e+09 1.9286993e+09 2.5e-22 5.4769943e-22 3.3637985e-27
24071095 1.6259961e+17 4.8280579e+09 1.929606e+09 2.5e-22 5.462768e-22 3.3725502e-27
24104773 1.6276221e+17 4.8244626e+09 1.9305113e+09 2.5e-22 5.4485814e-22 3.3813247e-27
24138510 1.6292498e+17 4.8208665e+09 1.9314151e+09 2.5e-22 5.4344342e-22 3.390122e-27
24172305 1.630879e+17 4.8172697e+09 1.9323175e+09 2.5e-22 5.4203263e-22 3.3989424e-27
24206160 1.6325099e+17 4.8136722e+09 1.9332185e+09 2.5e-22 5.4062577e-22 3.4077858e-27
24240074 1.6341424e+17 4.8100739e+09 1.934118e+09 2.5e-22 5.3922282e-22 3.4166522e-27
24274048 1.6357765e+17 4.8064749e+09 1.9350161e+09 2.5e-22 5.3782377e-22 3.4255418e-27
24308080 1.6374123e+17 4.8028751e+09 1.9359127e+09 2.5e-22 5.3642862e-22 3.4344546e-27
24342173 1.6390497e+17 4.7992746e+09 1.9368078e+09 2.5e-22 5.3503734e-22 3.4433907e-27
24376325 1.6406888e+17 4.7956734e+09 1.9377015e+09 2.5e-22 5.3364993e-22 3.4523501e-27
24410537 1.6423295e+17 4.7920715e+09 1.9385937e+09 2.5e-22 5.3226638e-22 3.4613329e-27
24444808 1.6439718e+17 4.7884688e+09 1.9394844e+09 2.5e-22 5.3088668e-22 3.4703392e-27
24479140 1.6456158e+17 4.7848654e+09 1.9403736e+09 2.5e-22 5.2951081e-22 3.479369e-27
24513532 1.6472614e+17 4.7812614e+09 1.9412614e+09 2.5e-22 5.2813876e-22 3.4884224e-27
24547985 1.6489087e+17 4.7776566e+09 1.9421477e+09 2.5e-22 5.2677053e-22 3.4974994e-27
24582498 1.6505576e+17 4.7740511e+09 1.9430325e+09 2.5e-22 5.2540609e-22 3.5066001e-27
24617071 1.6522081e+17 4.7704449e+09 1.9439158e+09 2.5e-22 5.2404545e-22 3.5157246e-27
24651706 1.6538603e+17 4.766838e+09 1.9447976e+09 2.5e-22 5.2268859e-22 3.5248729e-27
24686401 1.6555142e+17 4.7632305e+09 1.9456779e+09 2.5e-22 5.213355e-22 3.5340451e-27
24721157 1.6571697e+17 4.7596222e+09 1.9465567e+09 2.5e-22 5.1998617e-22 3.5432413e-27
24755974 1.6588269e+17 4.7560133e+09 1.9474339e+09 2.5e-22 5.1864059e-22 3.5524615e-27
24790853 1.6604857e+17 4.7524037e+09 1.9483097e+09 2.5e-22 5.1729874e-22 3.5617058e-27
24825792 1.6621462e+17 4.7487934e+09 1.949184e+09 2.5e-22 5.1596062e-22 3.5709743e-27
24860794 1.6638083e+17 4.7451825e+09 1.9500567e+09 2.5e-22 5.1462621e-22 3.580267e-27
24895857 1.6654721e+17 4.7415709e+09 1.9509279e+09 2.5e-22 5.1329551e-22 3.5895839e-27
24930982 1.6671376e+17 4.7379586e+09 1.9517976e+09 2.5e-22 5.119685e-22 3.5989252e-27
24966169 1.6688047e+17 4.7343457e+09 1.9526657e+09 2.5e-22 5.1064518e-22 3.608291e-27
25001418 1.6704736e+17 4.7307322e+09 1.9535323e+09 2.5e-22 5.0932553e-22 3.6176812e-27
25036729 1.672144e+17 4.7271179e+09 1.9543974e+09 2.5e-22 5.0800954e-22 3.6270959e-27
25072102 1.6738162e+17 4.7235031e+09 1.9552609e+09 2.5e-22 5.066972e-22 3.6365353e-27
25107538 1.67549e+17 4.7198876e+09 1.9561229e+09 2.5e-22 5.0538851e-22 3.6459993e-27
25143037 1.6771655e+17 4.7162715e+09 1.9569833e+09 2.5e-22 5.0408344e-22 3.6554881e-27
25178598 1.6788426e+17 4.7126547e+09 1.9578422e+09 2.5e-22 5.02782e-22 3.6650017e-27
25214222 1.6805215e+17 4.7090374e+09 1.9586995e+09 2.5e-22 5.0148416e-22 3.6745402e-27
25249909 1.682202e+17 4.7054194e+09 1.9595552e+09 2.5e-22 5.0018993e-22 3.6841036e-27
25285659 1.6838842e+17 4.7018007e+09 1.9604094e+09 2.5e-22 4.9889929e-22 3.693692e-27
25321473 1.6855681e+17 4.6981815e+09 1.961262e+09 2.5e-22 4.9761222e-22 3.7033055e-27
25357350 1.6872537e+17 4.6945617e+09 1.962113e+09 2.5e-22 4.9632872e-22 3.7129441e-27
25393291 1.6889409e+17 4.6909412e+09 1.9629625e+09 2.5e-22 4.9504878e-22 3.7226079e-27
25429295 1.6906299e+17 4.6873202e+09 1.9638104e+09 2.5e-22 4.937724e-22 3.732297e-27
25465363 1.6923205e+17 4.6836986e+09 1.9646566e+09 2.5e-22 4.9249954e-22 3.7420115e-27
25501495 1.6940128e+17 4.6800763e+09 1.9655013e+09 2.5e-22 4.9123022e-22 3.7517514e-27
25537692 1.6957068e+17 4.6764535e+09 1.9663444e+09 2.5e-22 4.8996441e-22 3.7615167e-27
25573952 1.6974025e+17 4.6728301e+09 1.9671859e+09 2.5e-22 4.8870212e-22 3.7713076e-27
25610277 1.6990999e+17 4.6692062e+09 1.9680258e+09 2.5e-22 4.8744332e-22 3.7811242e-27
25646666 1.700799e+17 4.6655816e+09 1.9688641e+09 2.5e-22 4.86188e-22 3.7909664e-27
25683121 1.7024998e+17 4.6619565e+09 1.9697008e+09 2.5e-22 4.8493617e-22 3.8008343e-27
25719640 1.7042023e+17 4.6583308e+09 1.9705359e+09 2.5e-22 4.836878e-22 3.8107281e-27
25756224 1.7059065e+17 4.6547046e+09 1.9713693e+09 2.5e-22 4.8244289e-22 3.8206478e-27
25792873 1.7076124e+17 4.6510778e+09 1.9722011e+09 2.5e-22 4.8120143e-22 3.8305934e-27
25829587 1.70932e+17 4.6474504e+09 1.9730313e+09 2.5e-22 4.7996341e-22 3.8405651e-27
25866367 1.7110294e+17 4.6438225e+09 1.9738599e+09 2.5e-22 4.7872881e-22 3.8505628e-27
25903212 1.7127404e+17 4.6401941e+09 1.9746868e+09 2.5e-22 4.7749764e-22 3.8605868e-27
25940123 1.7144531e+17 4.6365651e+09 1.9755122e+09 2.5e-22 4.7626987e-22 3.8706369e-27
25977100 1.7161676e+17 4.6329356e+09 1.9763358e+09 2.5e-22 4.750455e-22 3.8807134e-27
26014143 1.7178838e+17 4.6293056e+09 1.9771578e+09 2.5e-22 4.7382452e-22 3.8908163e-27
26051251 1.7196016e+17 4.625675e+09 1.9779782e+09 2.5e-22 4.7260691e-22 3.9009456e-27
26088427 1.7213212e+17 4.6220439e+09 1.9787969e+09 2.5e-22 4.7139268e-22 3.9111015e-27
26125668 1.7230426e+17 4.6184123e+09 1.979614e+09 2.5e-22 4.7018181e-22 3.9212839e-27
26162976 1.7247656e+17 4.6147802e+09 1.9804294e+09 2.5e-22 4.6897429e-22 3.931493e-27
26200351 1.7264904e+17 4.6111475e+09 1.9812431e+09 2.5e-22 4.677701e-22 3.9417289e-27
26237793 1.7282169e+17 4.6075144e+09 1.9820552e+09 2.5e-22 4.6656925e-22 3.9519915e-27
26275301 1.7299451e+17 4.6038807e+09 1.9828656e+09 2.5e-22 4.6537172e-22 3.962281e-27
26312877 1.731675e+17 4.6002466e+09 1.9836744e+09 2.5e-22 4.6417751e-22 3.9725975e-27
26350520 1.7334067e+17 4.596612e+09 1.9844814e+09 2.5e-22 4.6298659e-22 3.982941e-27
26388231 1.7351401e+17 4.5929769e+09 1.9852868e+09 2.5e-22 4.6179897e-22 3.9933116e-27
26426009 1.7368752e+17 4.5893413e+09 1.9860905e+09 2.5e-22 4.6061463e-22 4.0037094e-27
26463855 1.7386121e+17 4.5857052e+09 1.9868925e+09 2.5e-22 4.5943357e-22 4.0141344e-27
26501769 1.7403507e+17 4.5820687e+09 1.9876928e+09 2.5e-22 4.5825577e-22 4.0245867e-27
26539750 1.7420911e+17 4.5784316e+09 1.9884914e+09 2.5e-22 4.5708122e-22 4.0350665e-27
26577800 1.7438332e+17 4.5747942e+09 1.9892883e+09 2.5e-22 4.5590993e-22 4.0455736e-27
26615919 1.745577e+17 4.5711562e+09 1.9900835e+09 2.5e-22 4.5474187e-22 4.0561084e-27
26654105 1.7473226e+17 4.5675178e+09 1.990877e+09 2.5e-22 4.5357703e-22 4.0666707e-27
26692361 1.7490699e+17 4.563879e+09 1.9916687e+09 2.5e-22 4.5241542e-22 4.0772607e-27
26730685 1.750819e+17 4.5602397e+09 1.9924588e+09 2.5e-22 4.5125701e-22 4.0878785e-27
26769078 1.7525698e+17 4.5565999e+09 1.9932471e+09 2.5e-22 4.501018e-22 4.0985241e-27
26807540 1.7543224e+17 4.5529597e+09 1.9940338e+09 2.5e-22 4.4894979e-22 4.1091976e-27
26846072 1.7560767e+17 4.5493191e+09 1.9948186e+09 2.5e-22 4.4780095e-22 4.1198991e-27
26884673 1.7578328e+17 4.5456781e+09 1.9956018e+09 2.5e-22 4.4665529e-22 4.1306286e-27
26923343 1.7595906e+17 4.5420366e+09 1.9963832e+09 2.5e-22 4.4551279e-22 4.1413863e-27
26962083 1.7613502e+17 4.5383947e+09 1.9971629e+09 2.5e-22 4.4437345e-22 4.1521722e-27
27000893 1.7631115e+17 4.5347524e+09 1.9979409e+09 2.5e-22 4.4323725e-22 4.1629864e-27
27039773 1.7648747e+17 4.5311097e+09 1.9987171e+09 2.5e-22 4.4210419e-22 4.1738289e-27
27078723 1.7666395e+17 4.5274665e+09 1.9994915e+09 2.5e-22 4.4097425e-22 4.1846999e-27
27117744 1.7684062e+17 4.523823e+09 2.0002642e+09 2.5e-22 4.3984743e-22 4.1955993e-27
27156835 1.7701746e+17 4.520179e+09 2.0010352e+09 2.5e-22 4.3872372e-22 4.2065274e-27
27195996 1.7719447e+17 4.5165347e+09 2.0018044e+09 2.5e-22 4.3760312e-22 4.2174841e-27
27235229 1.7737167e+17 4.51289e+09 2.0025718e+09 2.5e-22 4.364856e-22 4.2284696e-27
27274532 1.7754904e+17 4.5092449e+09 2.0033374e+09 2.5e-22 4.3537117e-22 4.2394839e-27
27313907 1.7772659e+17 4.5055994e+09 2.0041013e+09 2.5e-22 4.3425981e-22 4.2505271e-27
27353352 1.7790432e+17 4.5019535e+09 2.0048634e+09 2.5e-22 4.3315151e-22 4.2615993e-27
27392869 1.7808222e+17 4.4983073e+09 2.0056237e+09 2.5e-22 4.3204628e-22 4.2727005e-27
27432458 1.782603e+17 4.4946607e+09 2.0063823e+09 2.5e-22 4.3094409e-22 4.2838308e-27
27472119 1.7843856e+17 4.4910137e+09 2.007139e+09 2.5e-22 4.2984493e-22 4.2949904e-27
27511851 1.78617e+17 4.4873664e+09 2.007894e+09 2.5e-22 4.2874881e-22 4.3061792e-27
27551655 1.7879562e+17 4.4837187e+09 2.0086472e+09 2.5e-22 4.2765571e-22 4.3173975e-27
27591532 1.7897441e+17 4.4800706e+09 2.0093986e+09 2.5e-22 4.2656563e-22 4.3286451e-27
27631481 1.7915339e+17 4.4764223e+09 2.0101481e+09 2.5e-22 4.2547854e-22 4.3399223e-27
27671503 1.7933254e+17 4.4727735e+09 2.0108959e+09 2.5e-22 4.2439446e-22 4.3512291e-27
27711597 1.7951187e+17 4.4691245e+09 2.0116419e+09 2.5e-22 4.2331335e-22 4.3625655e-27
27751764 1.7969139e+17 4.4654751e+09 2.012386e+09 2.5e-22 4.2223523e-22 4.3739318e-27
27792004 1.7987108e+17 4.4618253e+09 2.0131284e+09 2.5e-22 4.2116008e-22 4.3853278e-27
27832317 1.8005095e+17 4.4581753e+09 2.0138689e+09 2.5e-22 4.2008789e-22 4.3967538e-27
27872704 1.80231e+17 4.4545249e+09 2.0146076e+09 2.5e-22 4.1901865e-22 4.4082098e-27
27913164 1.8041123e+17 4.4508742e+09 2.0153444e+09 2.5e-22 4.1795236e-22 4.4196959e-27
27953698 1.8059164e+17 4.4472232e+09 2.0160795e+09 2.5e-22 4.16889e-22 4.4312122e-27
27994306 1.8077223e+17 4.4435719e+09 2.0168127e+09 2.5e-22 4.1582858e-22 4.4427587e-27
28034988 1.8095301e+17 4.4399203e+09 2.017544e+09 2.5e-22 4.1477107e-22 4.4543355e-27
28075744 1.8113396e+17 4.4362684e+09 2.0182736e+09 2.5e-22 4.1371647e-22 4.4659427e-27
28116574 1.8131509e+17 4.4326163e+09 2.0190013e+09 2.5e-22 4.1266477e-22 4.4775804e-27
28157479 1.8149641e+17 4.4289638e+09 2.0197271e+09 2.5e-22 4.1161597e-22 4.4892487e-27
28198458 1.816779e+17 4.425311e+09 2.0204511e+09 2.5e-22 4.1057006e-22 4.5009477e-27
28239512 1.8185958e+17 4.421658e+09 2.0211732e+09 2.5e-22 4.0952702e-22 4.5126774e-27
28280642 1.8204144e+17 4.4180047e+09 2.0218935e+09 2.5e-22 4.0848685e-22 4.5244379e-27
28321846 1.8222348e+17 4.4143511e+09 2.0226119e+09 2.5e-22 4.0744954e-22 4.5362293e-27
28363126 1.8240571e+17 4.4106972e+09 2.0233284e+09 2.5e-22 4.0641509e-22 4.5480517e-27
28404481 1.8258811e+17 4.4070431e+09 2.0240431e+09 2.5e-22 4.0538348e-22 4.5599052e-27
28445912 1.827707e+17 4.4033887e+09 2.0247559e+09 2.5e-22 4.0435471e-22 4.5717898e-27
28487419 1.8295347e+17 4.3997341e+09 2.0254668e+09 2.5e-22 4.0332877e-22 4.5837057e-27
28529002 1.8313643e+17 4.3960792e+09 2.0261759e+09 2.5e-22 4.0230565e-22 4.5956528e-27
28570661 1.8331956e+17 4.3924241e+09 2.026883e+09 2.5e-22 4.0128534e-22 4.6076314e-27
28612396 1.8350288e+17 4.3887688e+09 2.0275883e+09 2.5e-22 4.0026784e-22 4.6196415e-27
28654208 1.8368638e+17 4.3851132e+09 2.0282917e+09 2.5e-22 3.9925313e-22 4.6316832e-27
28696097 1.8387007e+17 4.3814574e+09 2.0289932e+09 2.5e-22 3.9824121e-22 4.6437565e-27
28738062 1.8405394e+17 4.3778013e+09 2.0296928e+09 2.5e-22 3.9723207e-22 4.6558615e-27
28780105 1.8423799e+17 4.3741451e+09 2.0303904e+09 2.5e-22 3.9622571e-22 4.6679984e-27
28822225 1.8442223e+17 4.3704886e+09 2.0310862e+09 2.5e-22 3.9522211e-22 4.6801673e-27
28864422 1.8460665e+17 4.3668319e+09 2.0317801e+09 2.5e-22 3.9422127e-22 4.6923681e-27
28906697 1.8479126e+17 4.363175e+09 2.0324721e+09 2.5e-22 3.9322317e-22 4.704601e-27
28949049 1.8497605e+17 4.3595179e+09 2.0331621e+09 2.5e-22 3.9222782e-22 4.716866e-27
28991479 1.8516103e+17 4.3558606e+09 2.0338503e+09 2.5e-22 3.912352e-22 4.7291634e-27
29033988 1.8534619e+17 4.3522031e+09 2.0345365e+09 2.5e-22 3.9024531e-22 4.7414931e-27
29076575 1.8553154e+17 4.3485454e+09 2.0352207e+09 2.5e-22 3.8925813e-22 4.7538552e-27
29119240 1.8571707e+17 4.3448876e+09 2.0359031e+09 2.5e-22 3.8827366e-22 4.7662499e-27
29161984 1.8590278e+17 4.3412295e+09 2.0365835e+09 2.5e-22 3.872919e-22 4.7786771e-27
29204806 1.8608869e+17 4.3375713e+09 2.037262e+09 2.5e-22 3.8631283e-22 4.7911371e-27
29247708 1.8627478e+17 4.3339129e+09 2.0379386e+09 2.5e-22 3.8533645e-22 4.8036298e-27
29290689 1.8646105e+17 4.3302543e+09 2.0386132e+09 2.5e-22 3.8436275e-22 4.8161555e-27
29333749 1.8664751e+17 4.3265956e+09 2.0392858e+09 2.5e-22 3.8339171e-22 4.8287141e-27
29376888 1.8683416e+17 4.3229367e+09 2.0399565e+09 2.5e-22 3.8242335e-22 4.8413057e-27
29420108 1.8702099e+17 4.3192777e+09 2.0406253e+09 2.5e-22 3.8145763e-22 4.8539305e-27
29463407 1.8720801e+17 4.3156185e+09 2.0412921e+09 2.5e-22 3.8049457e-22 4.8665885e-27
29506786 1.8739522e+17 4.3119592e+09 2.0419569e+09 2.5e-22 3.7953415e-22 4.8792799e-27
29550245 1.8758262e+17 4.3082998e+09 2.0426198e+09 2.5e-22 3.7857636e-22 4.8920046e-27
29593785 1.877702e+17 4.3046402e+09 2.0432807e+09 2.5e-22 3.776212e-22 4.9047629e-27
29637405 1.8795797e+17 4.3009804e+09 2.0439396e+09 2.5e-22 3.7666866e-22 4.9175547e-27
29681107 1.8814593e+17 4.2973206e+09 2.0445966e+09 2.5e-22 3.7571873e-22 4.9303802e-27
29724889 1.8833407e+17 4.2936606e+09 2.0452516e+09 2.5e-22 3.747714e-22 4.9432396e-27
29768752 1.8852241e+17 4.2900005e+09 2.0459046e+09 2.5e-22 3.7382667e-22 4.9561327e-27
29812697 1.8871093e+17 4.2863403e+09 2.0465556e+09 2.5e-22 3.7288453e-22 4.9690599e-27
29856723 1.8889964e+17 4.28268e+09 2.0472046e+09 2.5e-22 3.7194496e-22 4.982021e-27
29900831 1.8908854e+17 4.2790196e+09 2.0478517e+09 2.5e-22 3.7100798e-22 4.9950164e-27
29945020 1.8927763e+17 4.2753591e+09 2.0484967e+09 2.5e-22 3.7007356e-22 5.0080459e-27
29989292 1.8946691e+17 4.2716985e+09 2.0491397e+09 2.5e-22 3.691417e-22 5.0211098e-27
30033646 1.8965637e+17 4.2680378e+09 2.0497808e+09 2.5e-22 3.6821239e-22 5.0342081e-27
30078083 1.8984603e+17 4.264377e+09 2.0504198e+09 2.5e-22 3.6728562e-22 5.0473409e-27
30122602 1.9003588e+17 4.2607162e+09 2.0510569e+09 2.5e-22 3.663614e-22 5.0605083e-27
30167203 1.9022591e+17 4.2570553e+09 2.0516919e+09 2.5e-22 3.654397e-22 5.0737104e-27
30211888 1.9041614e+17 4.2533943e+09 2.0523249e+09 2.5e-22 3.6452053e-22 5.0869473e-27
30256656 1.9060655e+17 4.2497332e+09 2.0529559e+09 2.5e-22 3.6360387e-22 5.1002191e-27
30301508 1.9079716e+17 4.2460721e+09 2.0535849e+09 2.5e-22 3.6268973e-22 5.1135258e-27
30346443 1.9098796e+17 4.2424109e+09 2.0542118e+09 2.5e-22 3.6177808e-22 5.1268677e-27
30391461 1.9117895e+17 4.2387496e+09 2.0548367e+09 2.5e-22 3.6086893e-22 5.1402447e-27
30436564 1.9137013e+17 4.2350883e+09 2.0554596e+09 2.5e-22 3.5996227e-22 5.1536569e-27
30481751 1.915615e+17 4.231427e+09 2.0560805e+09 2.5e-22 3.5905808e-22 5.1671046e-27
30527022 1.9175306e+17 4.2277656e+09 2.0566993e+09 2.5e-22 3.5815637e-22 5.1805877e-27
30572378 1.9194481e+17 4.2241042e+09 2.0573161e+09 2.5e-22 3.5725713e-22 5.1941063e-27
30617818 1.9213675e+17 4.2204428e+09 2.0579308e+09 2.5e-22 3.5636034e-22 5.2076606e-27
30663343 1.9232889e+17 4.2167814e+09 2.0585435e+09 2.5e-22 3.5546601e-22 5.2212506e-27
30708954 1.9252122e+17 4.2131199e+09 2.0591541e+09 2.5e-22 3.5457412e-22 5.2348765e-27
30754649 1.9271374e+17 4.2094584e+09 2.0597627e+09 2.5e-22 3.5368468e-22 5.2485383e-27
30800430 1.9290646e+17 4.2057969e+09 2.0603692e+09 2.5e-22 3.5279766e-22 5.2622361e-27
30846297 1.9309936e+17 4.2021354e+09 2.0609737e+09 2.5e-22 3.5191306e-22 5.27597e-27
30892250 1.9329246e+17 4.1984739e+09 2.0615761e+09 2.5e-22 3.5103089e-22 5.2897402e-27
30938289 1.9348575e+17 4.1948123e+09 2.0621764e+09 2.5e-22 3.5015112e-22 5.3035468e-27
30984414 1.9367924e+17 4.1911508e+09 2.0627747e+09 2.5e-22 3.4927376e-22 5.3173897e-27
31030625 1.9387292e+17 4.1874894e+09 2.0633709e+09 2.5e-22 3.483988e-22 5.3312692e-27
31076923 1.9406679e+17 4.1838279e+09 2.063965e+09 2.5e-22 3.4752622e-22 5.3451853e-27
31123308 1.9426086e+17 4.1801664e+09 2.064557e+09 2.5e-22 3.4665603e-22 5.3591381e-27
31169780 1.9445512e+17 4.176505e+09 2.065147e+09 2.5e-22 3.4578822e-22 5.3731277e-27
31216340 1.9464957e+17 4.1728436e+09 2.0657348e+09 2.5e-22 3.4492277e-22 5.3871543e-27
31262986 1.9484422e+17 4.1691822e+09 2.0663206e+09 2.5e-22 3.4405969e-22 5.4012178e-27
31309721 1.9503907e+17 4.1655209e+09 2.0669043e+09 2.5e-22 3.4319896e-22 5.4153185e-27
31356543 1.9523411e+17 4.1618596e+09 2.0674859e+09 2.5e-22 3.4234059e-22 5.4294564e-27
31403453 1.9542934e+17 4.1581984e+09 2.0680654e+09 2.5e-22 3.4148455e-22 5.4436317e-27
31450452 1.9562477e+17 4.1545372e+09 2.0686428e+09 2.5e-22 3.4063085e-22 5.4578444e-27
31497539 1.958204e+17 4.1508761e+09 2.069218e+09 2.5e-22 3.3977949e-22 5.4720945e-27
31544715 1.9601622e+17 4.147215e+09 2.0697912e+09 2.5e-22 3.3893044e-22 5.4863824e-27
31591979 1.9621223e+17 4.143554e+09 2.0703623e+09 2.5e-22 3.3808371e-22 5.5007079e-27
31639333 1.9640844e+17 4.1398931e+09 2.0709312e+09 2.5e-22 3.3723929e-22 5.5150713e-27
31686776 1.9660485e+17 4.1362323e+09 2.071498e+09 2.5e-22 3.3639718e-22 5.5294726e-27
31734308 1.9680146e+17 4.1325715e+09 2.0720627e+09 2.5e-22 3.3555736e-22 5.5439119e-27
31781930 1.9699826e+17 4.1289108e+09 2.0726253e+09 2.5e-22 3.3471983e-22 5.5583894e-27
31829642 1.9719526e+17 4.1252502e+09 2.0731858e+09 2.5e-22 3.3388458e-22 5.5729051e-27
31877444 1.9739245e+17 4.1215897e+09 2.0737441e+09 2.5e-22 3.3305161e-22 5.5874592e-27
31925336 1.9758985e+17 4.1179293e+09 2.0743003e+09 2.5e-22 3.3222091e-22 5.6020517e-27
31973319 1.9778743e+17 4.114269e+09 2.0748543e+09 2.5e-22 3.3139248e-22 5.6166828e-27
32021393 1.9798522e+17 4.1106089e+09 2.0754063e+09 2.5e-22 3.305663e-22 5.6313525e-27
32069557 1.9818321e+17 4.1069488e+09 2.075956e+09 2.5e-22 3.2974237e-22 5.646061e-27
32117813 1.9838139e+17 4.1032888e+09 2.0765037e+09 2.5e-22 3.2892069e-22 5.6608084e-27
32166160 1.9857977e+17 4.099629e+09 2.0770491e+09 2.5e-22 3.2810125e-22 5.6755947e-27
32214598 1.9877835e+17 4.0959693e+09 2.0775925e+09 2.5e-22 3.2728404e-22 5.6904201e-27
32263128 1.9897713e+17 4.0923097e+09 2.0781336e+09 2.5e-22 3.2646906e-22 5.7052847e-27
32311750 1.9917611e+17 4.0886503e+09 2.0786726e+09 2.5e-22 3.2565629e-22 5.7201886e-27
32360465 1.9937528e+17 4.084991e+09 2.0792095e+09 2.5e-22 3.2484574e-22 5.7351319e-27
32409272 1.9957466e+17 4.0813318e+09 2.0797442e+09 2.5e-22 3.2403739e-22 5.7501147e-27
32458171 1.9977423e+17 4.0776728e+09 2.0802767e+09 2.5e-22 3.2323125e-22 5.7651371e-27
32507163 1.9997401e+17 4.074014e+09 2.0808071e+09 2.5e-22 3.224273e-22 5.7801992e-27
32556248 2.0017398e+17 4.0703553e+09 2.0813352e+09 2.5e-22 3.2162553e-22 5.7953012e-27
32605427 2.0037416e+17 4.0666968e+09 2.0818612e+09 2.5e-22 3.2082595e-22 5.8104431e-27
32654699 2.0057453e+17 4.0630384e+09 2.0823851e+09 2.5e-22 3.2002855e-22 5.825625e-27
32704065 2.007751e+17 4.0593802e+09 2.0829067e+09 2.5e-22 3.1923331e-22 5.8408471e-27
32753524 2.0097588e+17 4.0557222e+09 2.0834262e+09 2.5e-22 3.1844024e-22 5.8561095e-27
32803078 2.0117686e+17 4.0520644e+09 2.0839434e+09 2.5e-22 3.1764932e-22 5.8714122e-27
32852726 2.0137803e+17 4.0484067e+09 2.0844585e+09 2.5e-22 3.1686056e-22 5.8867554e-27
32902468 2.0157941e+17 4.0447493e+09 2.0849714e+09 2.5e-22 3.1607394e-22 5.9021392e-27
32952306 2.0178099e+17 4.041092e+09 2.0854821e+09 2.5e-22 3.1528946e-22 5.9175637e-27
33002238 2.0198277e+17 4.037435e+09 2.0859906e+09 2.5e-22 3.1450711e-22 5.933029e-27
33052265 2.0218475e+17 4.0337781e+09 2.0864968e+09 2.5e-22 3.1372689e-22 5.9485352e-27
33102388 2.0238694e+17 4.0301215e+09 2.0870009e+09 2.5e-22 3.1294878e-22 5.9640825e-27
33152607 2.0258933e+17 4.0264651e+09 2.0875028e+09 2.5e-22 3.121728e-22 5.9796709e-27
33202921 2.0279191e+17 4.0228089e+09 2.0880024e+09 2.5e-22 3.1139892e-22 5.9953005e-27
33253332 2.0299471e+17 4.0191529e+09 2.0884999e+09 2.5e-22 3.1062714e-22 6.0109715e-27
33303839 2.031977e+17 4.0154971e+09 2.0889951e+09 2.5e-22 3.0985747e-22 6.0266841e-27
33354442 2.034009e+17 4.0118416e+09 2.0894881e+09 2.5e-22 3.0908988e-22 6.0424382e-27
33405142 2.036043e+17 4.0081863e+09 2.0899789e+09 2.5e-22 3.0832437e-22 6.058234e-27
33455939 2.038079e+17 4.0045313e+09 2.0904675e+09 2.5e-22 3.0756095e-22 6.0740716e-27
33506834 2.0401171e+17 4.0008765e+09 2.0909538e+09 2.5e-22 3.067996e-22 6.0899512e-27
33557825 2.0421572e+17 3.9972219e+09 2.0914379e+09 2.5e-22 3.0604031e-22 6.1058728e-27
33608915 2.0441994e+17 3.9935676e+09 2.0919197e+09 2.5e-22 3.0528309e-22 6.1218366e-27
33660102 2.0462436e+17 3.9899136e+09 2.0923994e+09 2.5e-22 3.0452792e-22 6.1378426e-27
33711388 2.0482898e+17 3.9862598e+09 2.0928768e+09 2.5e-22 3.037748e-22 6.1538911e-27
33762771 2.0503381e+17 3.9826064e+09 2.0933519e+09 2.5e-22 3.0302373e-22 6.169982e-27
33814254 2.0523885e+17 3.9789531e+09 2.0938248e+09 2.5e-22 3.0227469e-22 6.1861156e-27
33865835 2.0544409e+17 3.9753002e+09 2.0942954e+09 2.5e-22 3.0152769e-22 6.2022919e-27
33917515 2.0564953e+17 3.9716475e+09 2.0947638e+09 2.5e-22 3.0078271e-22 6.2185111e-27
33969294 2.0585518e+17 3.9679952e+09 2.09523e+09 2.5e-22 3.0003975e-22 6.2347732e-27
34021173 2.0606103e+17 3.9643431e+09 2.0956939e+09 2.5e-22 2.9929881e-22 6.2510784e-27
34073152 2.062671e+17 3.9606913e+09 2.0961555e+09 2.5e-22 2.9855987e-22 6.2674269e-27
34125230 2.0647336e+17 3.9570398e+09 2.0966149e+09 2.5e-22 2.9782294e-22 6.2838186e-27
34177409 2.0667984e+17 3.9533886e+09 2.097072e+09 2.5e-22 2.9708801e-22 6.3002538e-27
34229688 2.0688652e+17 3.9497378e+09 2.0975268e+09 2.5e-22 2.9635507e-22 6.3167326e-27
34282068 2.070934e+17 3.9460872e+09 2.0979794e+09 2.5e-22 2.9562411e-22 6.333255e-27
34334549 2.073005e+17 3.942437e+09 2.0984296e+09 2.5e-22 2.9489514e-22 6.3498212e-27
34387131 2.075078e+17 3.9387871e+09 2.0988777e+09 2.5e-22 2.9416814e-22 6.3664314e-27
34439814 2.077153e+17 3.9351375e+09 2.0993234e+09 2.5e-22 2.9344311e-22 6.3830855e-27
34492599 2.0792302e+17 3.9314883e+09 2.0997668e+09 2.5e-22 2.9272005e-22 6.3997839e-27
34545485 2.0813094e+17 3.9278394e+09 2.100208e+09 2.5e-22 2.9199894e-22 6.4165265e-27
34598474 2.0833907e+17 3.9241908e+09 2.1006469e+09 2.5e-22 2.9127978e-22 6.4333135e-27
34651565 2.0854741e+17 3.9205426e+09 2.1010835e+09 2.5e-22 2.9056258e-22 6.450145e-27
34704758 2.0875596e+17 3.9168948e+09 2.1015178e+09 2.5e-22 2.8984731e-22 6.4670212e-27
34758055 2.0896472e+17 3.9132473e+09 2.1019498e+09 2.5e-22 2.8913399e-22 6.4839421e-27
34811454 2.0917368e+17 3.9096001e+09 2.1023795e+09 2.5e-22 2.8842259e-22 6.5009079e-27
34864956 2.0938285e+17 3.9059534e+09 2.1028069e+09 2.5e-22 2.8771312e-22 6.5179187e-27
34918562 2.0959224e+17 3.902307e+09 2.103232e+09 2.5e-22 2.8700556e-22 6.5349747e-27
34972272 2.0980183e+17 3.8986609e+09 2.1036548e+09 2.5e-22 2.8629993e-22 6.5520758e-27
35026086 2.1001163e+17 3.8950153e+09 2.1040753e+09 2.5e-22 2.855962e-22 6.5692224e-27
35080004 2.1022164e+17 3.89137e+09 2.1044934e+09 2.5e-22 2.8489437e-22 6.5864145e-27
35134027 2.1043186e+17 3.8877252e+09 2.1049093e+09 2.5e-22 2.8419445e-22 6.6036521e-27
35188154 2.106423e+17 3.8840807e+09 2.1053229e+09 2.5e-22 2.8349641e-22 6.6209356e-27
35242386 2.1085294e+17 3.8804366e+09 2.1057341e+09 2.5e-22 2.8280027e-22 6.6382649e-27
35296724 2.1106379e+17 3.8767929e+09 2.106143e+09 2.5e-22 2.82106e-22 6.6556401e-27
35351166 2.1127485e+17 3.8731497e+09 2.1065496e+09 2.5e-22 2.8141361e-22 6.6730615e-27
35405715 2.1148613e+17 3.8695068e+09 2.1069538e+09 2.5e-22 2.807231e-22 6.6905292e-27
35460370 2.1169762e+17 3.8658644e+09 2.1073558e+09 2.5e-22 2.8003445e-22 6.7080432e-27
35515130 2.1190931e+17 3.8622223e+09 2.1077554e+09 2.5e-22 2.7934766e-22 6.7256037e-27
35569998 2.1212122e+17 3.8585807e+09 2.1081526e+09 2.5e-22 2.7866273e-22 6.7432109e-27
35624971 2.1233334e+17 3.8549396e+09 2.1085476e+09 2.5e-22 2.7797965e-22 6.7608648e-27
35680052 2.1254568e+17 3.8512988e+09 2.1089401e+09 2.5e-22 2.7729841e-22 6.7785656e-27
35735240 2.1275822e+17 3.8476586e+09 2.1093304e+09 2.5e-22 2.7661901e-22 6.7963134e-27
35790536 2.1297098e+17 3.8440187e+09 2.1097183e+09 2.5e-22 2.7594145e-22 6.8141083e-27
35845939 2.1318395e+17 3.8403793e+09 2.1101038e+09 2.5e-22 2.7526571e-22 6.8319505e-27
35901450 2.1339714e+17 3.8367404e+09 2.1104871e+09 2.5e-22 2.7459181e-22 6.8498401e-27
35957070 2.1361053e+17 3.8331019e+09 2.1108679e+09 2.5e-22 2.7391972e-22 6.8677772e-27
36012797 2.1382414e+17 3.8294639e+09 2.1112464e+09 2.5e-22 2.7324944e-22 6.885762e-27
36068634 2.1403797e+17 3.8258263e+09 2.1116226e+09 2.5e-22 2.7258098e-22 6.9037945e-27
36124580 2.1425201e+17 3.8221892e+09 2.1119963e+09 2.5e-22 2.7191431e-22 6.921875e-27
36180634 2.1446626e+17 3.8185526e+09 2.1123678e+09 2.5e-22 2.7124945e-22 6.9400035e-27
36236799 2.1468072e+17 3.8149165e+09 2.1127368e+09 2.5e-22 2.7058638e-22 6.9581802e-27
36293073 2.148954e+17 3.8112809e+09 2.1131035e+09 2.5e-22 2.699251e-22 6.9764051e-27
36349457 2.151103e+17 3.8076457e+09 2.1134679e+09 2.5e-22 2.692656e-22 6.9946786e-27
36405951 2.1532541e+17 3.804011e+09 2.1138298e+09 2.5e-22 2.6860788e-22 7.0130006e-27
36462556 2.1554074e+17 3.8003769e+09 2.1141894e+09 2.5e-22 2.6795193e-22 7.0313713e-27
36519272 2.1575628e+17 3.7967432e+09 2.1145466e+09 2.5e-22 2.6729775e-22 7.0497908e-27
36576098 2.1597203e+17 3.7931101e+09 2.1149014e+09 2.5e-22 2.6664534e-22 7.0682593e-27
36633036 2.1618801e+17 3.7894775e+09 2.1152539e+09 2.5e-22 2.6599468e-22 7.086777e-27
36690086 2.1640419e+17 3.7858453e+09 2.1156039e+09 2.5e-22 2.6534578e-22 7.1053438e-27
36747247 2.166206e+17 3.7822137e+09 2.1159516e+09 2.5e-22 2.6469863e-22 7.1239601e-27
36804521 2.1683722e+17 3.7785827e+09 2.1162969e+09 2.5e-22 2.6405322e-22 7.1426258e-27
36861906 2.1705406e+17 3.7749521e+09 2.1166398e+09 2.5e-22 2.6340955e-22 7.1613412e-27
36919405 2.1727111e+17 3.7713221e+09 2.1169803e+09 2.5e-22 2.6276761e-22 7.1801063e-27
36977016 2.1748838e+17 3.7676927e+09 2.1173185e+09 2.5e-22 2.621274e-22 7.1989214e-27
37034741 2.1770587e+17 3.7640638e+09 2.1176542e+09 2.5e-22 2.6148891e-22 7.2177866e-27
37092579 2.1792357e+17 3.7604354e+09 2.1179875e+09 2.5e-22 2.6085215e-22 7.2367019e-27
37150531 2.181415e+17 3.7568076e+09 2.1183184e+09 2.5e-22 2.6021709e-22 7.2556675e-27
37208596 2.1835964e+17 3.7531803e+09 2.1186469e+09 2.5e-22 2.5958375e-22 7.2746836e-27
37266776 2.18578e+17 3.7495536e+09 2.118973e+09 2.5e-22 2.5895211e-22 7.2937503e-27
37325071 2.1879658e+17 3.7459275e+09 2.1192968e+09 2.5e-22 2.5832217e-22 7.3128678e-27
37383480 2.1901537e+17 3.742302e+09 2.119618e+09 2.5e-22 2.5769393e-22 7.3320361e-27
37442004 2.1923439e+17 3.738677e+09 2.1199369e+09 2.5e-22 2.5706738e-22 7.3512555e-27
37500644 2.1945362e+17 3.7350526e+09 2.1202534e+09 2.5e-22 2.5644251e-22 7.370526e-27
37559399 2.1967308e+17 3.7314288e+09 2.1205674e+09 2.5e-22 2.5581932e-22 7.3898478e-27
37618270 2.1989275e+17 3.7278055e+09 2.1208791e+09 2.5e-22 2.5519781e-22 7.4092211e-27
37677257 2.2011264e+17 3.7241829e+09 2.1211883e+09 2.5e-22 2.5457797e-22 7.4286459e-27
37736361 2.2033276e+17 3.7205609e+09 2.1214951e+09 2.5e-22 2.539598e-22 7.4481224e-27
37795581 2.2055309e+17 3.7169395e+09 2.1217994e+09 2.5e-22 2.5334328e-22 7.4676508e-27
37854918 2.2077364e+17 3.7133187e+09 2.1221013e+09 2.5e-22 2.5272843e-22 7.4872313e-27
37914373 2.2099442e+17 3.7096985e+09 2.1224008e+09 2.5e-22 2.5211523e-22 7.5068638e-27
37973945 2.2121541e+17 3.7060789e+09 2.1226979e+09 2.5e-22 2.5150367e-22 7.5265487e-27
38033635 2.2143662e+17 3.7024599e+09 2.1229925e+09 2.5e-22 2.5089376e-22 7.546286e-27
38093443 2.2165806e+17 3.6988416e+09 2.1232847e+09 2.5e-22 2.5028549e-22 7.5660758e-27
38153369 2.2187972e+17 3.6952239e+09 2.1235745e+09 2.5e-22 2.4967885e-22 7.5859184e-27
38213414 2.221016e+17 3.6916068e+09 2.1238618e+09 2.5e-22 2.4907383e-22 7.6058138e-27
38273578 2.223237e+17 3.6879904e+09 2.1241467e+09 2.5e-22 2.4847045e-22 7.6257623e-27
38333861 2.2254602e+17 3.6843746e+09 2.1244291e+09 2.5e-22 2.4786868e-22 7.6457639e-27
38394264 2.2276857e+17 3.6807594e+09 2.1247091e+09 2.5e-22 2.4726853e-22 7.6658188e-27
38454786 2.2299134e+17 3.677145e+09 2.1249866e+09 2.5e-22 2.4666999e-22 7.6859272e-27
38515429 2.2321433e+17 3.6735311e+09 2.1252617e+09 2.5e-22 2.4607306e-22 7.7060891e-27
38576192 2.2343754e+17 3.669918e+09 2.1255344e+09 2.5e-22 2.4547773e-22 7.7263048e-27
38637075 2.2366098e+17 3.6663055e+09 2.1258045e+09 2.5e-22 2.4488399e-22 7.7465744e-27
38698079 2.2388464e+17 3.6626936e+09 2.1260723e+09 2.5e-22 2.4429185e-22 7.766898e-27
38759205 2.2410853e+17 3.6590825e+09 2.1263375e+09 2.5e-22 2.437013e-22 7.7872758e-27
38820452 2.2433264e+17 3.655472e+09 2.1266003e+09 2.5e-22 2.4311233e-22 7.807708e-27
38881821 2.2455697e+17 3.6518622e+09 2.1268606e+09 2.5e-22 2.4252494e-22 7.8281946e-27
38943312 2.2478153e+17 3.6482532e+09 2.1271185e+09 2.5e-22 2.4193912e-22 7.8487358e-27
39004926 2.2500631e+17 3.6446448e+09 2.1273739e+09 2.5e-22 2.4135487e-22 7.8693318e-27
39066662 2.2523131e+17 3.641037e+09 2.1276268e+09 2.5e-22 2.407722e-22 7.8899828e-27
39128521 2.2545655e+17 3.63743e+09 2.1278773e+09 2.5e-22 2.4019108e-22 7.9106888e-27
39190504 2.25682e+17 3.6338238e+09 2.1281253e+09 2.5e-22 2.3961152e-22 7.9314501e-27
39252609 2.2590768e+17 3.6302182e+09 2.1283708e+09 2.5e-22 2.3903351e-22 7.9522667e-27
39314839 2.2613359e+17 3.6266133e+09 2.1286138e+09 2.5e-22 2.3845705e-22 7.9731389e-27
39377193 2.2635973e+17 3.6230092e+09 2.1288544e+09 2.5e-22 2.3788214e-22 7.9940668e-27
39439672 2.2658608e+17 3.6194058e+09 2.1290925e+09 2.5e-22 2.3730876e-22 8.0150505e-27
39502275 2.2681267e+17 3.6158031e+09 2.1293281e+09 2.5e-22 2.3673692e-22 8.0360902e-27
39565003 2.2703948e+17 3.6122011e+09 2.1295612e+09 2.5e-22 2.3616661e-22 8.0571861e-27
39627856 2.2726652e+17 3.6085999e+09 2.1297918e+09 2.5e-22 2.3559783e-22 8.0783382e-27
39690835 2.2749379e+17 3.6049994e+09 2.1300199e+09 2.5e-22 2.3503057e-22 8.0995469e-27
39753941 2.2772128e+17 3.6013997e+09 2.1302456e+09 2.5e-22 2.3446483e-22 8.1208121e-27
39817172 2.27949e+17 3.5978007e+09 2.1304687e+09 2.5e-22 2.339006e-22 8.1421341e-27
39880530 2.2817695e+17 3.5942025e+09 2.1306894e+09 2.5e-22 2.3333788e-22 8.163513e-27
39944014 2.2840513e+17 3.590605e+09 2.1309076e+09 2.5e-22 2.3277667e-22 8.184949e-27
40007626 2.2863354e+17 3.5870084e+09 2.1311232e+09 2.5e-22 2.3221696e-22 8.2064423e-27
40071366 2.2886217e+17 3.5834124e+09 2.1313364e+09 2.5e-22 2.3165875e-22 8.2279929e-27
40135233 2.2909103e+17 3.5798173e+09 2.1315471e+09 2.5e-22 2.3110203e-22 8.2496011e-27
40199228 2.2932012e+17 3.5762229e+09 2.1317552e+09 2.5e-22 2.3054679e-22 8.271267e-27
40263352 2.2954944e+17 3.5726293e+09 2.1319609e+09 2.5e-22 2.2999304e-22 8.2929907e-27
40327604 2.2977899e+17 3.5690365e+09 2.132164e+09 2.5e-22 2.2944077e-22 8.3147725e-27
40391985 2.3000877e+17 3.5654445e+09 2.1323647e+09 2.5e-22 2.2888998e-22 8.3366125e-27
40456496 2.3023878e+17 3.5618533e+09 2.1325628e+09 2.5e-22 2.2834066e-22 8.3585109e-27
40521136 2.3046902e+17 3.5582629e+09 2.1327584e+09 2.5e-22 2.2779281e-22 8.3804677e-27
40585906 2.3069949e+17 3.5546733e+09 2.1329515e+09 2.5e-22 2.2724642e-22 8.4024832e-27
40650806 2.3093019e+17 3.5510845e+09 2.1331421e+09 2.5e-22 2.2670149e-22 8.4245575e-27
40715837 2.3116112e+17 3.5474966e+09 2.1333302e+09 2.5e-22 2.2615801e-22 8.4466909e-27
40780999 2.3139228e+17 3.5439094e+09 2.1335158e+09 2.5e-22 2.2561599e-22 8.4688833e-27
40846292 2.3162367e+17 3.5403231e+09 2.1336988e+09 2.5e-22 2.2507541e-22 8.4911351e-27
40911716 2.3185529e+17 3.5367375e+09 2.1338793e+09 2.5e-22 2.2453628e-22 8.5134464e-27
40977272 2.3208715e+17 3.5331529e+09 2.1340573e+09 2.5e-22 2.2399859e-22 8.5358173e-27
41042961 2.3231924e+17 3.529569e+09 2.1342328e+09 2.5e-22 2.2346233e-22 8.5582481e-27
41108782 2.3255156e+17 3.525986e+09 2.1344057e+09 2.5e-22 2.229275e-22 8.5807388e-27
41174735 2.3278411e+17 3.5224039e+09 2.1345761e+09 2.5e-22 2.223941e-22 8.6032896e-27
41240822 2.3301689e+17 3.5188226e+09 2.134744e+09 2.5e-22 2.2186212e-22 8.6259007e-27
41307042 2.3324991e+17 3.5152421e+09 2.1349094e+09 2.5e-22 2.2133156e-22 8.6485723e-27
41373396 2.3348316e+17 3.5116625e+09 2.1350722e+09 2.5e-22 2.2080241e-22 8.6713046e-27
41439884 2.3371664e+17 3.5080838e+09 2.1352325e+09 2.5e-22 2.2027468e-22 8.6940976e-27
41506506 2.3395036e+17 3.5045059e+09 2.1353902e+09 2.5e-22 2.1974835e-22 8.7169517e-27
41573263 2.3418431e+17 3.5009289e+09 2.1355454e+09 2.5e-22 2.1922343e-22 8.7398668e-27
41640155 2.3441849e+17 3.4973528e+09 2.1356981e+09 2.5e-22 2.1869991e-22 8.7628433e-27
41707183 2.3465291e+17 3.4937776e+09 2.1358482e+09 2.5e-22 2.1817778e-22 8.7858812e-27
41774346 2.3488756e+17 3.4902032e+09 2.1359958e+09 2.5e-22 2.1765704e-22 8.8089808e-27
41841645 2.3512245e+17 3.4866298e+09 2.1361409e+09 2.5e-22 2.1713769e-22 8.8321422e-27
41909080 2.3535757e+17 3.4830572e+09 2.1362834e+09 2.5e-22 2.1661972e-22 8.8553656e-27
41976653 2.3559293e+17 3.4794855e+09 2.1364233e+09 2.5e-22 2.1610313e-22 8.8786511e-27
42044362 2.3582852e+17 3.4759147e+09 2.1365607e+09 2.5e-22 2.1558792e-22 8.901999e-27
42112208 2.3606435e+17 3.4723449e+09 2.1366956e+09 2.5e-22 2.1507408e-22 8.9254093e-27
42180192 2.3630042e+17 3.4687759e+09 2.1368279e+09 2.5e-22 2.1456161e-22 8.9488824e-27
42248314 2.3653672e+17 3.4652079e+09 2.1369576e+09 2.5e-22 2.140505e-22 8.9724182e-27
42316575 2.3677325e+17 3.4616408e+09 2.1370848e+09 2.5e-22 2.1354075e-22 8.9960171e-27
42384974 2.3701003e+17 3.4580746e+09 2.1372095e+09 2.5e-22 2.1303236e-22 9.0196792e-27
42453512 2.3724704e+17 3.4545093e+09 2.1373315e+09 2.5e-22 2.1252532e-22 9.0434046e-27
42522190 2.3748429e+17 3.450945e+09 2.1374511e+09 2.5e-22 2.1201963e-22 9.0671936e-27
42591007 2.3772177e+17 3.4473816e+09 2.137568e+09 2.5e-22 2.1151529e-22 9.0910463e-27
42659964 2.3795949e+17 3.4438191e+09 2.1376824e+09 2.5e-22 2.1101228e-22 9.1149629e-27
42729062 2.3819745e+17 3.4402576e+09 2.1377943e+09 2.5e-22 2.1051062e-22 9.1389436e-27
42798300 2.3843565e+17 3.436697e+09 2.1379035e+09 2.5e-22 2.1001029e-22 9.1629885e-27
42867679 2.3867408e+17 3.4331374e+09 2.1380103e+09 2.5e-22 2.0951128e-22 9.1870978e-27
42937200 2.3891276e+17 3.4295788e+09 2.1381144e+09 2.5e-22 2.0901361e-22 9.2112717e-27
43006862 2.3915167e+17 3.4260211e+09 2.138216e+09 2.5e-22 2.0851726e-22 9.2355104e-27
43076667 2.3939082e+17 3.4224644e+09 2.138315e+09 2.5e-22 2.0802222e-22 9.2598141e-27
43146614 2.3963021e+17 3.4189086e+09 2.1384114e+09 2.5e-22 2.075285e-22 9.2841829e-27
43216703 2.3986984e+17 3.4153538e+09 2.1385053e+09 2.5e-22 2.0703609e-22 9.308617e-27
43286936 2.4010971e+17 3.4118e+09 2.1385966e+09 2.5e-22 2.06545e-22 9.3331166e-27
43357312 2.4034982e+17 3.4082472e+09 2.1386853e+09 2.5e-22 2.060552e-22 9.3576818e-27
43427832 2.4059017e+17 3.4046954e+09 2.1387714e+09 2.5e-22 2.0556671e-22 9.382313e-27
43498497 2.4083076e+17 3.4011446e+09 2.138855e+09 2.5e-22 2.0507951e-22 9.4070101e-27
43569305 2.4107159e+17 3.3975947e+09 2.138936e+09 2.5e-22 2.045936e-22 9.4317735e-27
43640259 2.4131267e+17 3.3940459e+09 2.1390144e+09 2.5e-22 2.0410899e-22 9.4566033e-27
43711358 2.4155398e+17 3.3904981e+09 2.1390902e+09 2.5e-22 2.0362566e-22 9.4814997e-27
43782602 2.4179553e+17 3.3869513e+09 2.1391635e+09 2.5e-22 2.0314361e-22 9.5064628e-27
43853993 2.4203733e+17 3.3834055e+09 2.1392341e+09 2.5e-22 2.0266284e-22 9.5314929e-27
43925529 2.4227936e+17 3.3798607e+09 2.1393022e+09 2.5e-22 2.0218335e-22 9.5565902e-27
43997212 2.4252164e+17 3.3763169e+09 2.1393677e+09 2.5e-22 2.0170513e-22 9.5817548e-27
44069043 2.4276417e+17 3.3727742e+09 2.1394306e+09 2.5e-22 2.0122818e-22 9.6069869e-27
44141020 2.4300693e+17 3.3692325e+09 2.1394909e+09 2.5e-22 2.0075249e-22 9.6322867e-27
44213146 2.4324994e+17 3.3656918e+09 2.1395486e+09 2.5e-22 2.0027806e-22 9.6576543e-27
44285419 2.4349319e+17 3.3621522e+09 2.1396038e+09 2.5e-22 1.9980489e-22 9.6830901e-27
44357841 2.4373668e+17 3.3586136e+09 2.1396563e+09 2.5e-22 1.9933298e-22 9.7085941e-27
44430411 2.4398042e+17 3.3550761e+09 2.1397063e+09 2.5e-22 1.9886231e-22 9.7341666e-27
44503131 2.442244e+17 3.3515396e+09 2.1397536e+09 2.5e-22 1.9839289e-22 9.7598077e-27
44576000 2.4446862e+17 3.3480042e+09 2.1397984e+09 2.5e-22 1.9792472e-22 9.7855176e-27
44649020 2.4471309e+17 3.3444698e+09 2.1398406e+09 2.5e-22 1.9745778e-22 9.8112966e-27
44722189 2.449578e+17 3.3409365e+09 2.1398802e+09 2.5e-22 1.9699208e-22 9.8371447e-27
44795509 2.4520276e+17 3.3374043e+09 2.1399171e+09 2.5e-22 1.9652762e-22 9.8630623e-27
44868980 2.4544796e+17 3.3338731e+09 2.1399515e+09 2.5e-22 1.9606438e-22 9.8890495e-27
44942603 2.4569341e+17 3.330343e+09 2.1399833e+09 2.5e-22 1.9560237e-22 9.9151064e-27
45016377 2.4593911e+17 3.326814e+09 2.1400125e+09 2.5e-22 1.9514158e-22 9.9412334e-27
45090303 2.4618504e+17 3.3232861e+09 2.1400391e+09 2.5e-22 1.9468202e-22 9.9674305e-27
45164382 2.4643123e+17 3.3197593e+09 2.140063e+09 2.5e-22 1.9422366e-22 9.993698e-27
45238614 2.4667766e+17 3.3162336e+09 2.1400844e+09 2.5e-22 1.9376652e-22 1.0020036e-26
45312999 2.4692434e+17 3.3127089e+09 2.1401032e+09 2.5e-22 1.9331059e-22 1.0046445e-26
45387537 2.4717126e+17 3.3091854e+09 2.1401193e+09 2.5e-22 1.9285587e-22 1.0072925e-26
45462230 2.4741843e+17 3.305663e+09 2.1401329e+09 2.5e-22 1.9240235e-22 1.0099475e-26
45537076 2.4766585e+17 3.3021417e+09 2.1401438e+09 2.5e-22 1.9195002e-22 1.0126098e-26
45612078 2.4791352e+17 3.2986215e+09 2.1401522e+09 2.5e-22 1.9149889e-22 1.0152792e-26
45687235 2.4816143e+17 3.2951024e+09 2.1401579e+09 2.5e-22 1.9104896e-22 1.0179557e-26
45762547 2.4840959e+17 3.2915845e+09 2.140161e+09 2.5e-22 1.9060021e-22 1.0206395e-26
45838015 2.48658e+17 3.2880676e+09 2.1401615e+09 2.5e-22 1.9015265e-22 1.0233304e-26
45913639 2.4890666e+17 3.284552e+09 2.1401594e+09 2.5e-22 1.8970627e-22 1.0260286e-26
45989420 2.4915557e+17 3.2810374e+09 2.1401547e+09 2.5e-22 1.8926107e-22 1.0287341e-26
46065358 2.4940472e+17 3.277524e+09 2.1401474e+09 2.5e-22 1.8881705e-22 1.0314468e-26
46141454 2.4965413e+17 3.2740117e+09 2.1401375e+09 2.5e-22 1.883742e-22 1.0341668e-26
46217707 2.4990378e+17 3.2705006e+09 2.1401249e+09 2.5e-22 1.8793251e-22 1.0368942e-26
46294119 2.5015369e+17 3.2669906e+09 2.1401097e+09 2.5e-22 1.87492e-22 1.0396288e-26
46370689 2.5040384e+17 3.2634818e+09 2.140092e+09 2.5e-22 1.8705264e-22 1.0423709e-26
46447418 2.5065424e+17 3.2599742e+09 2.1400715e+09 2.5e-22 1.8661445e-22 1.0451203e-26
46524306 2.509049e+17 3.2564677e+09 2.1400485e+09 2.5e-22 1.8617741e-22 1.0478771e-26
46601354 2.511558e+17 3.2529624e+09 2.1400229e+09 2.5e-22 1.8574152e-22 1.0506413e-26
46678563 2.5140696e+17 3.2494582e+09 2.1399946e+09 2.5e-22 1.8530679e-22 1.0534129e-26
46755932 2.5165837e+17 3.2459553e+09 2.1399637e+09 2.5e-22 1.848732e-22 1.056192e-26
46833461 2.5191002e+17 3.2424535e+09 2.1399302e+09 2.5e-22 1.8444075e-22 1.0589786e-26
46911153 2.5216193e+17 3.2389529e+09 2.1398941e+09 2.5e-22 1.8400944e-22 1.0617727e-26
46989006 2.524141e+17 3.2354535e+09 2.1398554e+09 2.5e-22 1.8357927e-22 1.0645743e-26
47067021 2.5266651e+17 3.2319553e+09 2.139814e+09 2.5e-22 1.8315024e-22 1.0673835e-26
47145198 2.5291918e+17 3.2284583e+09 2.13977e+09 2.5e-22 1.8272233e-22 1.0702002e-26
47223539 2.531721e+17 3.2249624e+09 2.1397234e+09 2.5e-22 1.8229556e-22 1.0730245e-26
47302043 2.5342527e+17 3.2214678e+09 2.1396741e+09 2.5e-22 1.818699e-22 1.0758564e-26
47380710 2.5367869e+17 3.2179744e+09 2.1396223e+09 2.5e-22 1.8144537e-22 1.0786959e-26
47459542 2.5393237e+17 3.2144823e+09 2.1395678e+09 2.5e-22 1.8102196e-22 1.0815431e-26
47538538 2.541863e+17 3.2109913e+09 2.1395106e+09 2.5e-22 1.8059966e-22 1.0843979e-26
47617700 2.5444049e+17 3.2075015e+09 2.1394509e+09 2.5e-22 1.8017847e-22 1.0872604e-26
47697026 2.5469493e+17 3.204013e+09 2.1393885e+09 2.5e-22 1.7975839e-22 1.0901307e-26
47776519 2.5494963e+17 3.2005258e+09 2.1393235e+09 2.5e-22 1.7933942e-22 1.0930086e-26
47856178 2.5520457e+17 3.1970397e+09 2.1392559e+09 2.5e-22 1.7892154e-22 1.0958944e-26
47936003 2.5545978e+17 3.1935549e+09 2.1391856e+09 2.5e-22 1.7850477e-22 1.0987879e-26
48015995 2.5571524e+17 3.1900713e+09 2.1391127e+09 2.5e-22 1.780891e-22 1.1016892e-26
48096155 2.5597095e+17 3.186589e+09 2.1390371e+09 2.5e-22 1.7767452e-22 1.1045983e-26
48176482 2.5622693e+17 3.1831079e+09 2.138959e+09 2.5e-22 1.7726102e-22 1.1075152e-26
48256978 2.5648315e+17 3.1796281e+09 2.1388782e+09 2.5e-22 1.7684862e-22 1.11044e-26
48337643 2.5673964e+17 3.1761496e+09 2.1387948e+09 2.5e-22 1.764373e-22 1.1133727e-26
48418476 2.5699638e+17 3.1726723e+09 2.1387087e+09 2.5e-22 1.7602706e-22 1.1163133e-26
48499480 2.5725337e+17 3.1691962e+09 2.13862e+09 2.5e-22 1.756179e-22 1.1192618e-26
48580653 2.5751062e+17 3.1657215e+09 2.1385287e+09 2.5e-22 1.7520981e-22 1.1222183e-26
48661996 2.5776814e+17 3.162248e+09 2.1384347e+09 2.5e-22 1.748028e-22 1.1251828e-26
48743510 2.580259e+17 3.1587758e+09 2.1383381e+09 2.5e-22 1.7439685e-22 1.1281552e-26
48825196 2.5828393e+17 3.1553049e+09 2.1382389e+09 2.5e-22 1.7399198e-22 1.1311357e-26
48907053 2.5854221e+17 3.1518352e+09 2.138137e+09 2.5e-22 1.7358816e-22 1.1341242e-26
48989082 2.5880076e+17 3.1483669e+09 2.1380325e+09 2.5e-22 1.731854e-22 1.1371207e-26
49071283 2.5905956e+17 3.1448998e+09 2.1379254e+09 2.5e-22 1.7278371e-22 1.1401254e-26
49153658 2.5931862e+17 3.1414341e+09 2.1378156e+09 2.5e-22 1.7238306e-22 1.1431381e-26
49236206 2.5957793e+17 3.1379696e+09 2.1377032e+09 2.5e-22 1.7198347e-22 1.146159e-26
49318927 2.5983751e+17 3.1345065e+09 2.1375881e+09 2.5e-22 1.7158493e-22 1.149188e-26
49401823 2.6009735e+17 3.1310447e+09 2.1374704e+09 2.5e-22 1.7118743e-22 1.1522252e-26
49484894 2.6035745e+17 3.1275841e+09 2.1373501e+09 2.5e-22 1.7079097e-22 1.1552706e-26
49568139 2.606178e+17 3.1241249e+09 2.1372271e+09 2.5e-22 1.7039556e-22 1.1583242e-26
49651560 2.6087842e+17 3.1206671e+09 2.1371015e+09 2.5e-22 1.7000118e-22 1.1613861e-26
49735157 2.611393e+17 3.1172105e+09 2.1369733e+09 2.5e-22 1.6960783e-22 1.1644562e-26
49818931 2.6140044e+17 3.1137553e+09 2.1368424e+09 2.5e-22 1.6921552e-22 1.1675346e-26
49902881 2.6166184e+17 3.1103014e+09 2.1367089e+09 2.5e-22 1.6882423e-22 1.1706213e-26
49987008 2.619235e+17 3.1068489e+09 2.1365727e+09 2.5e-22 1.6843397e-22 1.1737163e-26
50071314 2.6218543e+17 3.1033976e+09 2.1364339e+09 2.5e-22 1.6804474e-22 1.1768198e-26
50155797 2.6244761e+17 3.0999478e+09 2.1362924e+09 2.5e-22 1.6765652e-22 1.1799315e-26
50240459 2.6271006e+17 3.0964993e+09 2.1361483e+09 2.5e-22 1.6726932e-22 1.1830517e-26
50325300 2.6297277e+17 3.0930521e+09 2.1360016e+09 2.5e-22 1.6688313e-22 1.1861803e-26
50410320 2.6323574e+17 3.0896063e+09 2.1358522e+09 2.5e-22 1.6649795e-22 1.1893174e-26
50495521 2.6349898e+17 3.0861619e+09 2.1357002e+09 2.5e-22 1.6611379e-22 1.192463e-26
50580902 2.6376248e+17 3.0827188e+09 2.1355456e+09 2.5e-22 1.6573062e-22 1.195617e-26
50666463 2.6402624e+17 3.0792771e+09 2.1353883e+09 2.5e-22 1.6534846e-22 1.1987796e-26
50752206 2.6429027e+17 3.0758368e+09 2.1352284e+09 2.5e-22 1.649673e-22 1.2019507e-26
50838131 2.6455456e+17 3.0723978e+09 2.1350658e+09 2.5e-22 1.6458714e-22 1.2051303e-26
50924238 2.6481911e+17 3.0689602e+09 2.1349006e+09 2.5e-22 1.6420797e-22 1.2083186e-26
51010527 2.6508393e+17 3.0655241e+09 2.1347327e+09 2.5e-22 1.638298e-22 1.2115155e-26
51097000 2.6534901e+17 3.0620893e+09 2.1345622e+09 2.5e-22 1.6345261e-22 1.214721e-26
51183656 2.6561436e+17 3.0586558e+09 2.134389e+09 2.5e-22 1.6307641e-22 1.2179352e-26
51270496 2.6587998e+17 3.0552238e+09 2.1342132e+09 2.5e-22 1.6270119e-22 1.2211581e-26
51357521 2.6614586e+17 3.0517932e+09 2.1340348e+09 2.5e-22 1.6232695e-22 1.2243897e-26
51444731 2.66412e+17 3.048364e+09 2.1338537e+09 2.5e-22 1.619537e-22 1.22763e-26
51532126 2.6667841e+17 3.0449362e+09 2.13367e+09 2.5e-22 1.6158141e-22 1.2308791e-26
51619707 2.6694509e+17 3.0415098e+09 2.1334837e+09 2.5e-22 1.612101e-22 1.234137e-26
51707474 2.6721204e+17 3.0380849e+09 2.1332947e+09 2.5e-22 1.6083976e-22 1.2374037e-26
51795428 2.6747925e+17 3.0346613e+09 2.133103e+09 2.5e-22 1.6047038e-22 1.2406792e-26
51883569 2.6774673e+17 3.0312392e+09 2.1329087e+09 2.5e-22 1.6010197e-22 1.2439636e-26
51971899 2.6801448e+17 3.0278185e+09 2.1327118e+09 2.5e-22 1.5973453e-22 1.2472569e-26
52060416 2.6828249e+17 3.0243992e+09 2.1325122e+09 2.5e-22 1.5936804e-22 1.2505591e-26
52149122 2.6855077e+17 3.0209813e+09 2.13231e+09 2.5e-22 1.590025e-22 1.2538702e-26
52238017 2.6881932e+17 3.0175649e+09 2.1321051e+09 2.5e-22 1.5863793e-22 1.2571903e-26
52327102 2.6908814e+17 3.01415e+09 2.1318976e+09 2.5e-22 1.582743e-22 1.2605193e-26
52416377 2.6935723e+17 3.0107365e+09 2.1316875e+09 2.5e-22 1.5791162e-22 1.2638574e-26
52505843 2.6962659e+17 3.0073244e+09 2.1314747e+09 2.5e-22 1.5754988e-22 1.2672045e-26
52595499 2.6989622e+17 3.0039138e+09 2.1312593e+09 2.5e-22 1.5718909e-22 1.2705607e-26
52685347 2.7016611e+17 3.0005046e+09 2.1310412e+09 2.5e-22 1.5682925e-22 1.273926e-26
52775388 2.7043628e+17 2.9970969e+09 2.1308205e+09 2.5e-22 1.5647033e-22 1.2773003e-26
52865620 2.7070671e+17 2.9936907e+09 2.1305972e+09 2.5e-22 1.5611236e-22 1.2806838e-26
52956046 2.7097742e+17 2.9902859e+09 2.1303712e+09 2.5e-22 1.5575531e-22 1.2840765e-26
53046665 2.712484e+17 2.9868826e+09 2.1301425e+09 2.5e-22 1.553992e-22 1.2874783e-26
53137479 2.7151965e+17 2.9834808e+09 2.1299113e+09 2.5e-22 1.5504402e-22 1.2908894e-26
53228486 2.7179117e+17 2.9800805e+09 2.1296773e+09 2.5e-22 1.5468976e-22 1.2943097e-26
53319689 2.7206296e+17 2.9766816e+09 2.1294408e+09 2.5e-22 1.5433642e-22 1.2977393e-26
53411087 2.7233502e+17 2.9732843e+09 2.1292016e+09 2.5e-22 1.53984e-22 1.3011782e-26
53502681 2.7260736e+17 2.9698884e+09 2.1289597e+09 2.5e-22 1.536325e-22 1.3046263e-26
53594471 2.7287996e+17 2.966494e+09 2.1287153e+09 2.5e-22 1.5328191e-22 1.3080839e-26
53686459 2.7315284e+17 2.9631011e+09 2.1284681e+09 2.5e-22 1.5293224e-22 1.3115508e-26
53778643 2.73426e+17 2.9597097e+09 2.1282184e+09 2.5e-22 1.5258348e-22 1.315027e-26
53871026 2.7369942e+17 2.9563198e+09 2.127966e+09 2.5e-22 1.5223562e-22 1.3185128e-26
53963607 2.7397312e+17 2.9529315e+09 2.127711e+09 2.5e-22 1.5188867e-22 1.3220079e-26
54056387 2.7424709e+17 2.9495446e+09 2.1274533e+09 2.5e-22 1.5154262e-22 1.3255125e-26
54149367 2.7452134e+17 2.9461593e+09 2.127193e+09 2.5e-22 1.5119747e-22 1.3290267e-26
54242546 2.7479586e+17 2.9427754e+09 2.12693e+09 2.5e-22 1.5085322e-22 1.3325503e-26
54335926 2.7507066e+17 2.9393931e+09 2.1266644e+09 2.5e-22 1.5050986e-22 1.3360835e-26
54429507 2.7534573e+17 2.9360124e+09 2.1263962e+09 2.5e-22 1.501674e-22 1.3396263e-26
54523289 2.7562107e+17 2.9326331e+09 2.1261253e+09 2.5e-22 1.4982582e-22 1.3431787e-26
54617273 2.758967e+17 2.9292554e+09 2.1258518e+09 2.5e-22 1.4948514e-22 1.3467408e-26
54711460 2.7617259e+17 2.9258793e+09 2.1255757e+09 2.5e-22 1.4914533e-22 1.3503125e-26
54805849 2.7644876e+17 2.9225046e+09 2.1252969e+09 2.5e-22 1.4880641e-22 1.3538939e-26
54900443 2.7672521e+17 2.9191315e+09 2.1250155e+09 2.5e-22 1.4846837e-22 1.357485e-26
54995240 2.7700194e+17 2.91576e+09 2.1247315e+09 2.5e-22 1.4813121e-22 1.3610858e-26
55090241 2.7727894e+17 2.91239e+09 2.1244448e+09 2.5e-22 1.4779492e-22 1.3646965e-26
55185448 2.7755622e+17 2.9090216e+09 2.1241555e+09 2.5e-22 1.4745951e-22 1.3683169e-26
55280860 2.7783378e+17 2.9056547e+09 2.1238636e+09 2.5e-22 1.4712496e-22 1.3719471e-26
55376478 2.7811161e+17 2.9022894e+09 2.123569e+09 2.5e-22 1.4679129e-22 1.3755872e-26
55472303 2.7838972e+17 2.8989257e+09 2.1232718e+09 2.5e-22 1.4645848e-22 1.3792372e-26
55568335 2.7866811e+17 2.8955635e+09 2.122972e+09 2.5e-22 1.4612653e-22 1.3828971e-26
55664575 2.7894678e+17 2.8922029e+09 2.1226695e+09 2.5e-22 1.4579544e-22 1.3865669e-26
55761023 2.7922573e+17 2.8888439e+09 2.1223644e+09 2.5e-22 1.4546521e-22 1.3902467e-26
55857679 2.7950495e+17 2.8854865e+09 2.1220567e+09 2.5e-22 1.4513584e-22 1.3939365e-26
55954545 2.7978446e+17 2.8821306e+09 2.1217463e+09 2.5e-22 1.4480732e-22 1.3976363e-26
56051621 2.8006424e+17 2.8787763e+09 2.1214333e+09 2.5e-22 1.4447965e-22 1.4013461e-26
56148907 2.8034431e+17 2.8754237e+09 2.1211177e+09 2.5e-22 1.4415283e-22 1.405066e-26
56246403 2.8062465e+17 2.8720726e+09 2.1207994e+09 2.5e-22 1.4382686e-22 1.408796e-26
56344111 2.8090527e+17 2.8687231e+09 2.1204786e+09 2.5e-22 1.4350173e-22 1.4125362e-26
56442031 2.8118618e+17 2.8653752e+09 2.1201551e+09 2.5e-22 1.4317745e-22 1.4162865e-26
56540164 2.8146737e+17 2.8620289e+09 2.1198289e+09 2.5e-22 1.42854e-22 1.420047e-26
56638509 2.8174883e+17 2.8586843e+09 2.1195002e+09 2.5e-22 1.4253139e-22 1.4238178e-26
56737068 2.8203058e+17 2.8553412e+09 2.1191688e+09 2.5e-22 1.4220961e-22 1.4275987e-26
56835841 2.8231261e+17 2.8519998e+09 2.1188348e+09 2.5e-22 1.4188867e-22 1.43139e-26
56934829 2.8259493e+17 2.84866e+09 2.1184982e+09 2.5e-22 1.4156856e-22 1.4351916e-26
57034032 2.8287752e+17 2.8453218e+09 2.1181589e+09 2.5e-22 1.4124928e-22 1.4390034e-26
57133450 2.831604e+17 2.8419852e+09 2.1178171e+09 2.5e-22 1.4093082e-22 1.4428257e-26
57233085 2.8344356e+17 2.8386503e+09 2.1174726e+09 2.5e-22 1.4061318e-22 1.4466583e-26
57332936 2.83727e+17 2.835317e+09 2.1171255e+09 2.5e-22 1.4029637e-22 1.4505014e-26
57433005 2.8401073e+17 2.8319853e+09 2.1167757e+09 2.5e-22 1.3998038e-22 1.4543549e-26
57533292 2.8429474e+17 2.8286553e+09 2.1164234e+09 2.5e-22 1.396652e-22 1.4582189e-26
57633797 2.8457903e+17 2.8253269e+09 2.1160684e+09 2.5e-22 1.3935084e-22 1.4620934e-26
57734521 2.8486361e+17 2.8220002e+09 2.1157108e+09 2.5e-22 1.3903729e-22 1.4659785e-26
57835465 2.8514848e+17 2.8186751e+09 2.1153506e+09 2.5e-22 1.3872454e-22 1.4698741e-26
57936629 2.8543363e+17 2.8153516e+09 2.1149878e+09 2.5e-22 1.3841261e-22 1.4737803e-26
58038014 2.8571906e+17 2.8120299e+09 2.1146224e+09 2.5e-22 1.3810148e-22 1.4776971e-26
58139620 2.8600478e+17 2.8087097e+09 2.1142543e+09 2.5e-22 1.3779116e-22 1.4816246e-26
58241448 2.8629078e+17 2.8053913e+09 2.1138837e+09 2.5e-22 1.3748163e-22 1.4855628e-26
58343498 2.8657707e+17 2.8020745e+09 2.1135104e+09 2.5e-22 1.3717291e-22 1.4895117e-26
58445771 2.8686365e+17 2.7987594e+09 2.1131345e+09 2.5e-22 1.3686498e-22 1.4934714e-26
58548268 2.8715051e+17 2.795446e+09 2.112756e+09 2.5e-22 1.3655785e-22 1.4974418e-26
58650989 2.8743766e+17 2.7921342e+09 2.1123749e+09 2.5e-22 1.362515e-22 1.501423e-26
58753934 2.877251e+17 2.7888241e+09 2.1119912e+09 2.5e-22 1.3594595e-22 1.5054151e-26
58857105 2.8801283e+17 2.7855157e+09 2.1116049e+09 2.5e-22 1.3564119e-22 1.5094181e-26
58960502 2.8830084e+17 2.782209e+09 2.1112159e+09 2.5e-22 1.3533721e-22 1.5134319e-26
59064125 2.8858914e+17 2.778904e+09 2.1108244e+09 2.5e-22 1.3503402e-22 1.5174567e-26
59167975 2.8887773e+17 2.7756007e+09 2.1104303e+09 2.5e-22 1.347316e-22 1.5214924e-26
59272052 2.8916661e+17 2.7722991e+09 2.1100335e+09 2.5e-22 1.3442997e-22 1.5255391e-26
59376358 2.8945577e+17 2.7689991e+09 2.1096342e+09 2.5e-22 1.3412911e-22 1.5295969e-26
59480892 2.8974523e+17 2.7657009e+09 2.1092322e+09 2.5e-22 1.3382903e-22 1.5336657e-26
59585656 2.9003498e+17 2.7624044e+09 2.1088277e+09 2.5e-22 1.3352972e-22 1.5377456e-26
59690650 2.9032501e+17 2.7591096e+09 2.1084205e+09 2.5e-22 1.3323118e-22 1.5418366e-26
59795874 2.9061534e+17 2.7558165e+09 2.1080108e+09 2.5e-22 1.3293341e-22 1.5459388e-26
59901329 2.9090595e+17 2.7525252e+09 2.1075984e+09 2.5e-22 1.3263641e-22 1.5500521e-26
60007016 2.9119686e+17 2.7492355e+09 2.1071835e+09 2.5e-22 1.3234017e-22 1.5541767e-26
60112935 2.9148805e+17 2.7459476e+09 2.1067659e+09 2.5e-22 1.3204469e-22 1.5583124e-26
60219087 2.9177954e+17 2.7426614e+09 2.1063458e+09 2.5e-22 1.3174998e-22 1.5624595e-26
60325473 2.9207132e+17 2.7393769e+09 2.105923e+09 2.5e-22 1.3145602e-22 1.5666179e-26
60432093 2.9236339e+17 2.7360942e+09 2.1054977e+09 2.5e-22 1.3116281e-22 1.5707876e-26
60538947 2.9265576e+17 2.7328132e+09 2.1050698e+09 2.5e-22 1.3087036e-22 1.5749687e-26
60646036 2.9294841e+17 2.7295339e+09 2.1046393e+09 2.5e-22 1.3057867e-22 1.5791612e-26
60753362 2.9324136e+17 2.7262564e+09 2.1042062e+09 2.5e-22 1.3028772e-22 1.5833651e-26
60860924 2.935346e+17 2.7229807e+09 2.1037705e+09 2.5e-22 1.2999752e-22 1.5875804e-26
60968723 2.9382814e+17 2.7197067e+09 2.1033322e+09 2.5e-22 1.2970806e-22 1.5918073e-26
61076759 2.9412196e+17 2.7164344e+09 2.1028914e+09 2.5e-22 1.2941935e-22 1.5960457e-26
61185034 2.9441609e+17 2.7131639e+09 2.1024479e+09 2.5e-22 1.2913138e-22 1.6002957e-26
61293548 2.947105e+17 2.7098951e+09 2.1020019e+09 2.5e-22 1.2884415e-22 1.6045573e-26
61402302 2.9500521e+17 2.7066282e+09 2.1015533e+09 2.5e-22 1.2855766e-22 1.6088305e-26
61511295 2.9530022e+17 2.7033629e+09 2.1011021e+09 2.5e-22 1.282719e-22 1.6131153e-26
61620530 2.9559552e+17 2.7000995e+09 2.1006483e+09 2.5e-22 1.2798688e-22 1.6174119e-26
61730006 2.9589111e+17 2.6968378e+09 2.100192e+09 2.5e-22 1.2770259e-22 1.6217202e-26
61839723 2.96187e+17 2.6935779e+09 2.099733e+09 2.5e-22 1.2741902e-22 1.6260402e-26
61949684 2.9648319e+17 2.6903198e+09 2.0992715e+09 2.5e-22 1.2713619e-22 1.6303721e-26
62059888 2.9677968e+17 2.6870635e+09 2.0988075e+09 2.5e-22 1.2685408e-22 1.6347157e-26
62170335 2.9707645e+17 2.6838089e+09 2.0983408e+09 2.5e-22 1.2657269e-22 1.6390713e-26
62281027 2.9737353e+17 2.6805562e+09 2.0978716e+09 2.5e-22 1.2629203e-22 1.6434387e-26
62391965 2.976709e+17 2.6773052e+09 2.0973998e+09 2.5e-22 1.2601208e-22 1.647818e-26
62503148 2.9796858e+17 2.674056e+09 2.0969254e+09 2.5e-22 1.2573285e-22 1.6522093e-26
62614577 2.9826654e+17 2.6708086e+09 2.0964485e+09 2.5e-22 1.2545434e-22 1.6566126e-26
62726254 2.9856481e+17 2.6675631e+09 2.095969e+09 2.5e-22 1.2517654e-22 1.661028e-26
62838178 2.9886338e+17 2.6643193e+09 2.0954869e+09 2.5e-22 1.2489945e-22 1.6654554e-26
62950350 2.9916224e+17 2.6610773e+09 2.0950023e+09 2.5e-22 1.2462307e-22 1.6698949e-26
63062772 2.994614e+17 2.6578372e+09 2.0945151e+09 2.5e-22 1.243474e-22 1.6743465e-26
63175443 2.9976086e+17 2.6545988e+09 2.0940253e+09 2.5e-22 1.2407243e-22 1.6788103e-26
63288364 3.0006062e+17 2.6513623e+09 2.093533e+09 2.5e-22 1.2379817e-22 1.6832863e-26
63401536 3.0036068e+17 2.6481276e+09 2.0930381e+09 2.5e-22 1.2352461e-22 1.6877745e-26
63514960 3.0066104e+17 2.6448947e+09 2.0925407e+09 2.5e-22 1.2325175e-22 1.692275e-26
63628636 3.0096171e+17 2.6416636e+09 2.0920407e+09 2.5e-22 1.2297959e-22 1.6967878e-26
63742565 3.0126267e+17 2.6384344e+09 2.0915382e+09 2.5e-22 1.2270812e-22 1.7013129e-26
63856747 3.0156393e+17 2.635207e+09 2.0910331e+09 2.5e-22 1.2243735e-22 1.7058504e-26
63971184 3.0186549e+17 2.6319815e+09 2.0905254e+09 2.5e-22 1.2216727e-22 1.7104004e-26
64085875 3.0216736e+17 2.6287577e+09 2.0900153e+09 2.5e-22 1.2189788e-22 1.7149627e-26
64200822 3.0246953e+17 2.6255358e+09 2.0895025e+09 2.5e-22 1.2162918e-22 1.7195376e-26
64316025 3.02772e+17 2.6223158e+09 2.0889872e+09 2.5e-22 1.2136116e-22 1.7241249e-26
64431485 3.0307477e+17 2.6190976e+09 2.0884694e+09 2.5e-22 1.2109383e-22 1.7287248e-26
64547202 3.0337784e+17 2.6158813e+09 2.087949e+09 2.5e-22 1.2082719e-22 1.7333373e-26
64663177 3.0368122e+17 2.6126668e+09 2.0874261e+09 2.5e-22 1.2056122e-22 1.7379624e-26
64779412 3.039849e+17 2.6094541e+09 2.0869006e+09 2.5e-22 1.2029593e-22 1.7426002e-26
64895905 3.0428889e+17 2.6062433e+09 2.0863726e+09 2.5e-22 1.2003132e-22 1.7472507e-26
65012659 3.0459318e+17 2.6030344e+09 2.0858421e+09 2.5e-22 1.1976739e-22 1.7519138e-26
65129674 3.0489777e+17 2.5998274e+09 2.085309e+09 2.5e-22 1.1950413e-22 1.7565898e-26
65246950 3.0520267e+17 2.5966222e+09 2.0847734e+09 2.5e-22 1.1924154e-22 1.7612785e-26
65364488 3.0550787e+17 2.5934189e+09 2.0842353e+09 2.5e-22 1.1897962e-22 1.7659801e-26
65482290 3.0581338e+17 2.5902174e+09 2.0836946e+09 2.5e-22 1.1871837e-22 1.7706946e-26
65600354 3.0611919e+17 2.5870179e+09 2.0831514e+09 2.5e-22 1.1845778e-22 1.775422e-26
65718683 3.0642531e+17 2.5838202e+09 2.0826057e+09 2.5e-22 1.1819786e-22 1.7801623e-26
65837277 3.0673174e+17 2.5806244e+09 2.0820574e+09 2.5e-22 1.179386e-22 1.7849156e-26
65956137 3.0703847e+17 2.5774305e+09 2.0815067e+09 2.5e-22 1.1768e-22 1.7896819e-26
66075262 3.0734551e+17 2.5742384e+09 2.0809534e+09 2.5e-22 1.1742206e-22 1.7944613e-26
66194655 3.0765285e+17 2.5710483e+09 2.0803975e+09 2.5e-22 1.1716478e-22 1.7992538e-26
66314316 3.079605e+17 2.5678601e+09 2.0798392e+09 2.5e-22 1.1690815e-22 1.8040594e-26
66434245 3.0826846e+17 2.5646737e+09 2.0792784e+09 2.5e-22 1.1665218e-22 1.8088781e-26
66554442 3.0857673e+17 2.5614893e+09 2.078715e+09 2.5e-22 1.1639686e-22 1.8137101e-26
66674910 3.0888531e+17 2.5583067e+09 2.0781491e+09 2.5e-22 1.1614218e-22 1.8185553e-26
66795648 3.0919419e+17 2.5551261e+09 2.0775807e+09 2.5e-22 1.1588816e-22 1.8234138e-26
66916658 3.0950339e+17 2.5519474e+09 2.0770098e+09 2.5e-22 1.1563478e-22 1.8282857e-26
67037939 3.0981289e+17 2.5487705e+09 2.0764364e+09 2.5e-22 1.1538205e-22 1.8331708e-26
67159493 3.1012271e+17 2.5455956e+09 2.0758605e+09 2.5e-22 1.1512996e-22 1.8380694e-26
67281320 3.1043283e+17 2.5424227e+09 2.075282e+09 2.5e-22 1.1487851e-22 1.8429814e-26
67403421 3.1074326e+17 2.5392516e+09 2.0747011e+09 2.5e-22 1.146277e-22 1.8479069e-26
67525797 3.11054e+17 2.5360824e+09 2.0741177e+09 2.5e-22 1.1437753e-22 1.8528458e-26
67648449 3.1136506e+17 2.5329152e+09 2.0735318e+09 2.5e-22 1.1412799e-22 1.8577984e-26
67771376 3.1167642e+17 2.5297499e+09 2.0729433e+09 2.5e-22 1.1387909e-22 1.8627645e-26
67894580 3.119881e+17 2.5265866e+09 2.0723524e+09 2.5e-22 1.1363082e-22 1.8677442e-26
68018063 3.1230009e+17 2.5234252e+09 2.071759e+09 2.5e-22 1.1338318e-22 1.8727376e-26
68141823 3.1261239e+17 2.5202657e+09 2.0711631e+09 2.5e-22 1.1313617e-22 1.8777447e-26
68265862 3.12925e+17 2.5171081e+09 2.0705647e+09 2.5e-22 1.1288979e-22 1.8827655e-26
68390182 3.1323793e+17 2.5139525e+09 2.0699638e+09 2.5e-22 1.1264403e-22 1.8878001e-26
68514781 3.1355116e+17 2.5107988e+09 2.0693604e+09 2.5e-22 1.123989e-22 1.8928486e-26
68639662 3.1386471e+17 2.5076471e+09 2.0687546e+09 2.5e-22 1.1215439e-22 1.8979109e-26
68764825 3.1417858e+17 2.5044974e+09 2.0681463e+09 2.5e-22 1.1191049e-22 1.902987e-26
68890271 3.1449276e+17 2.5013496e+09 2.0675354e+09 2.5e-22 1.1166722e-22 1.9080772e-26
69016000 3.1480725e+17 2.4982037e+09 2.0669221e+09 2.5e-22 1.1142457e-22 1.9131813e-26
69142014 3.1512206e+17 2.4950598e+09 2.0663064e+09 2.5e-22 1.1118252e-22 1.9182994e-26
69268312 3.1543718e+17 2.4919179e+09 2.0656881e+09 2.5e-22 1.109411e-22 1.9234315e-26
69394896 3.1575262e+17 2.4887779e+09 2.0650674e+09 2.5e-22 1.1070028e-22 1.9285778e-26
69521767 3.1606837e+17 2.4856399e+09 2.0644442e+09 2.5e-22 1.1046008e-22 1.9337382e-26
69648925 3.1638444e+17 2.4825039e+09 2.0638186e+09 2.5e-22 1.1022048e-22 1.9389128e-26
69776370 3.1670082e+17 2.4793698e+09 2.0631905e+09 2.5e-22 1.0998149e-22 1.9441016e-26
69904105 3.1701752e+17 2.4762377e+09 2.0625599e+09 2.5e-22 1.0974311e-22 1.9493046e-26
70032129 3.1733454e+17 2.4731076e+09 2.0619268e+09 2.5e-22 1.0950533e-22 1.9545219e-26
70160443 3.1765188e+17 2.4699795e+09 2.0612913e+09 2.5e-22 1.0926815e-22 1.9597536e-26
70289048 3.1796953e+17 2.4668533e+09 2.0606534e+09 2.5e-22 1.0903157e-22 1.9649997e-26
70417945 3.182875e+17 2.4637292e+09 2.060013e+09 2.5e-22 1.0879559e-22 1.9702602e-26
70547134 3.1860578e+17 2.460607e+09 2.0593701e+09 2.5e-22 1.0856021e-22 1.9755351e-26
70676617 3.1892439e+17 2.4574868e+09 2.0587248e+09 2.5e-22 1.0832542e-22 1.9808245e-26
70806393 3.1924331e+17 2.4543686e+09 2.058077e+09 2.5e-22 1.0809123e-22 1.9861285e-26
70936465 3.1956256e+17 2.4512524e+09 2.0574268e+09 2.5e-22 1.0785763e-22 1.9914471e-26
71066832 3.1988212e+17 2.4481383e+09 2.0567741e+09 2.5e-22 1.0762462e-22 1.9967803e-26
71197495 3.20202e+17 2.4450261e+09 2.056119e+09 2.5e-22 1.073922e-22 2.0021281e-26
71328456 3.205222e+17 2.4419159e+09 2.0554615e+09 2.5e-22 1.0716037e-22 2.0074907e-26
71459714 3.2084273e+17 2.4388077e+09 2.0548015e+09 2.5e-22 1.0692912e-22 2.012868e-26
71591271 3.2116357e+17 2.4357015e+09 2.0541391e+09 2.5e-22 1.0669845e-22 2.0182601e-26
71723128 3.2148473e+17 2.4325974e+09 2.0534742e+09 2.5e-22 1.0646837e-22 2.0236671e-26
71855285 3.2180622e+17 2.4294952e+09 2.0528069e+09 2.5e-22 1.0623887e-22 2.0290889e-26
71987743 3.2212802e+17 2.4263951e+09 2.0521372e+09 2.5e-22 1.0600995e-22 2.0345257e-26
72120503 3.2245015e+17 2.423297e+09 2.0514651e+09 2.5e-22 1.0578161e-22 2.0399774e-26
72253566 3.227726e+17 2.4202009e+09 2.0507905e+09 2.5e-22 1.0555384e-22 2.0454441e-26
72386932 3.2309537e+17 2.4171068e+09 2.0501135e+09 2.5e-22 1.0532665e-22 2.0509258e-26
72520602 3.2341847e+17 2.4140148e+09 2.0494341e+09 2.5e-22 1.0510003e-22 2.0564227e-26
72654577 3.2374189e+17 2.4109248e+09 2.0487523e+09 2.5e-22 1.0487399e-22 2.0619347e-26
72788859 3.2406563e+17 2.4078368e+09 2.0480681e+09 2.5e-22 1.0464851e-22 2.0674618e-26
72923446 3.243897e+17 2.4047509e+09 2.0473814e+09 2.5e-22 1.044236e-22 2.0730042e-26
73058342 3.2471409e+17 2.401667e+09 2.0466924e+09 2.5e-22 1.0419926e-22 2.0785619e-26
73193545 3.250388e+17 2.3985851e+09 2.0460009e+09 2.5e-22 1.0397548e-22 2.0841348e-26
73329058 3.2536384e+17 2.3955053e+09 2.045307e+09 2.5e-22 1.0375227e-22 2.0897231e-26
73464881 3.256892e+17 2.3924276e+09 2.0446107e+09 2.5e-22 1.0352962e-22 2.0953268e-26
73601014 3.2601489e+17 2.3893518e+09 2.0439121e+09 2.5e-22 1.0330753e-22 2.100946e-26
73737459 3.2634091e+17 2.3862782e+09 2.043211e+09 2.5e-22 1.03086e-22 2.1065806e-26
73874216 3.2666725e+17 2.3832065e+09 2.0425075e+09 2.5e-22 1.0286503e-22 2.1122307e-26
74011287 3.2699391e+17 2.380137e+09 2.0418016e+09 2.5e-22 1.0264461e-22 2.1178964e-26
74148671 3.2732091e+17 2.3770694e+09 2.0410934e+09 2.5e-22 1.0242475e-22 2.1235778e-26
74286371 3.2764823e+17 2.374004e+09 2.0403827e+09 2.5e-22 1.0220544e-22 2.1292748e-26
74424386 3.2797588e+17 2.3709406e+09 2.0396697e+09 2.5e-22 1.0198669e-22 2.1349875e-26
74562717 3.2830385e+17 2.3678793e+09 2.0389542e+09 2.5e-22 1.0176848e-22 2.1407159e-26
74701366 3.2863216e+17 2.36482e+09 2.0382364e+09 2.5e-22 1.0155082e-22 2.1464601e-26
74840333 3.2896079e+17 2.3617628e+09 2.0375163e+09 2.5e-22 1.0133371e-22 2.1522202e-26
74979619 3.2928975e+17 2.3587077e+09 2.0367937e+09 2.5e-22 1.0111715e-22 2.1579962e-26
75119225 3.2961904e+17 2.3556547e+09 2.0360688e+09 2.5e-22 1.0090113e-22 2.1637881e-26
75259152 3.2994866e+17 2.3526037e+09 2.0353414e+09 2.5e-22 1.0068565e-22 2.169596e-26
75399400 3.3027861e+17 2.3495548e+09 2.0346118e+09 2.5e-22 1.0047072e-22 2.1754199e-26
75539971 3.3060889e+17 2.346508e+09 2.0338797e+09 2.5e-22 1.0025632e-22 2.1812598e-26
75680865 3.309395e+17 2.3434633e+09 2.0331453e+09 2.5e-22 1.0004246e-22 2.1871159e-26
75822083 3.3127043e+17 2.3404206e+09 2.0324085e+09 2.5e-22 9.9829141e-23 2.1929881e-26
75963626 3.3160171e+17 2.3373801e+09 2.0316694e+09 2.5e-22 9.9616356e-23 2.1988766e-26
76105495 3.3193331e+17 2.3343416e+09 2.0309279e+09 2.5e-22 9.9404104e-23 2.2047813e-26
76247691 3.3226524e+17 2.3313053e+09 2.0301841e+09 2.5e-22 9.9192385e-23 2.2107023e-26
76390214 3.3259751e+17 2.328271e+09 2.0294379e+09 2.5e-22 9.8981198e-23 2.2166396e-26
76533066 3.329301e+17 2.3252388e+09 2.0286893e+09 2.5e-22 9.877054e-23 2.2225933e-26
76676247 3.3326303e+17 2.3222088e+09 2.0279385e+09 2.5e-22 9.856041e-23 2.2285635e-26
76819758 3.335963e+17 2.3191808e+09 2.0271852e+09 2.5e-22 9.8350807e-23 2.2345501e-26
76963600 3.3392989e+17 2.3161549e+09 2.0264296e+09 2.5e-22 9.8141729e-23 2.2405533e-26
77107775 3.3426382e+17 2.3131312e+09 2.0256717e+09 2.5e-22 9.7933175e-23 2.2465731e-26
77252282 3.3459809e+17 2.3101095e+09 2.0249115e+09 2.5e-22 9.7725144e-23 2.2526095e-26
77397123 3.3493268e+17 2.30709e+09 2.0241489e+09 2.5e-22 9.7517634e-23 2.2586626e-26
77542298 3.3526762e+17 2.3040725e+09 2.023384e+09 2.5e-22 9.7310643e-23 2.2647323e-26
77687809 3.3560288e+17 2.3010572e+09 2.0226168e+09 2.5e-22 9.7104171e-23 2.2708189e-26
77833656 3.3593849e+17 2.298044e+09 2.0218472e+09 2.5e-22 9.6898216e-23 2.2769223e-26
77979841 3.3627443e+17 2.295033e+09 2.0210753e+09 2.5e-22 9.6692776e-23 2.2830425e-26
78126363 3.366107e+17 2.292024e+09 2.0203011e+09 2.5e-22 9.6487851e-23 2.2891797e-26
78273225 3.3694731e+17 2.2890172e+09 2.0195246e+09 2.5e-22 9.6283438e-23 2.2953338e-26
78420427 3.3728426e+17 2.2860125e+09 2.0187457e+09 2.5e-22 9.6079536e-23 2.301505e-26
78567969 3.3762154e+17 2.2830099e+09 2.0179646e+09 2.5e-22 9.5876145e-23 2.3076932e-26
78715854 3.3795916e+17 2.2800095e+09 2.0171811e+09 2.5e-22 9.5673261e-23 2.3138985e-26
78864081 3.3829712e+17 2.2770112e+09 2.0163954e+09 2.5e-22 9.5470885e-23 2.320121e-26
79012652 3.3863542e+17 2.274015e+09 2.0156073e+09 2.5e-22 9.5269015e-23 2.3263606e-26
79161567 3.3897406e+17 2.271021e+09 2.0148169e+09 2.5e-22 9.506765e-23 2.3326176e-26
79310827 3.3931303e+17 2.2680291e+09 2.0140243e+09 2.5e-22 9.4866787e-23 2.3388918e-26
79460434 3.3965234e+17 2.2650394e+09 2.0132293e+09 2.5e-22 9.4666426e-23 2.3451834e-26
79610389 3.39992e+17 2.2620518e+09 2.0124321e+09 2.5e-22 9.4466565e-23 2.3514924e-26
79760691 3.4033199e+17 2.2590663e+09 2.0116325e+09 2.5e-22 9.4267204e-23 2.3578189e-26
79911343 3.4067232e+17 2.256083e+09 2.0108307e+09 2.5e-22 9.406834e-23 2.3641629e-26
80062345 3.4101299e+17 2.2531018e+09 2.0100266e+09 2.5e-22 9.3869972e-23 2.3705244e-26
80213697 3.41354e+17 2.2501228e+09 2.0092202e+09 2.5e-22 9.3672099e-23 2.3769035e-26
80365402 3.4169536e+17 2.247146e+09 2.0084115e+09 2.5e-22 9.347472e-23 2.3833003e-26
80517459 3.4203705e+17 2.2441713e+09 2.0076006e+09 2.5e-22 9.3277834e-23 2.3897148e-26
80669871 3.4237909e+17 2.2411988e+09 2.0067874e+09 2.5e-22 9.3081438e-23 2.3961471e-26
80822637 3.4272147e+17 2.2382284e+09 2.0059719e+09 2.5e-22 9.2885532e-23 2.4025972e-26
80975758 3.4306419e+17 2.2352602e+09 2.0051542e+09 2.5e-22 9.2690114e-23 2.4090651e-26
81129237 3.4340726e+17 2.2322942e+09 2.0043342e+09 2.5e-22 9.2495183e-23 2.4155509e-26
81283073 3.4375066e+17 2.2293303e+09 2.0035119e+09 2.5e-22 9.2300738e-23 2.4220547e-26
81437267 3.4409441e+17 2.2263686e+09 2.0026874e+09 2.5e-22 9.2106777e-23 2.4285766e-26
81591822 3.4443851e+17 2.2234091e+09 2.0018606e+09 2.5e-22 9.1913299e-23 2.4351165e-26
81746736 3.4478295e+17 2.2204517e+09 2.0010315e+09 2.5e-22 9.1720303e-23 2.4416745e-26
81902012 3.4512773e+17 2.2174965e+09 2.0002003e+09 2.5e-22 9.1527787e-23 2.4482506e-26
82057651 3.4547286e+17 2.2145435e+09 1.9993667e+09 2.5e-22 9.1335751e-23 2.4548451e-26
82213652 3.4581833e+17 2.2115927e+09 1.998531e+09 2.5e-22 9.1144192e-23 2.4614577e-26
82370019 3.4616415e+17 2.2086441e+09 1.997693e+09 2.5e-22 9.095311e-23 2.4680887e-26
82526750 3.4651031e+17 2.2056976e+09 1.9968527e+09 2.5e-22 9.0762503e-23 2.4747381e-26
82683848 3.4685682e+17 2.2027533e+09 1.9960102e+09 2.5e-22 9.0572371e-23 2.481406e-26
82841313 3.4720368e+17 2.1998113e+09 1.9951655e+09 2.5e-22 9.0382711e-23 2.4880923e-26
82999147 3.4755088e+17 2.1968714e+09 1.9943186e+09 2.5e-22 9.0193522e-23 2.4947971e-26
83157349 3.4789843e+17 2.1939337e+09 1.9934694e+09 2.5e-22 9.0004804e-23 2.5015206e-26
83315922 3.4824633e+17 2.1909982e+09 1.9926181e+09 2.5e-22 8.9816554e-23 2.5082626e-26
83474866 3.4859458e+17 2.1880649e+09 1.9917645e+09 2.5e-22 8.9628772e-23 2.5150234e-26
83634183 3.4894317e+17 2.1851337e+09 1.9909086e+09 2.5e-22 8.9441457e-23 2.521803e-26
83793872 3.4929212e+17 2.1822048e+09 1.9900506e+09 2.5e-22 8.9254606e-23 2.5286013e-26
83953936 3.4964141e+17 2.1792781e+09 1.9891904e+09 2.5e-22 8.906822e-23 2.5354185e-26
84114375 3.4999105e+17 2.1763536e+09 1.9883279e+09 2.5e-22 8.8882296e-23 2.5422547e-26
84275191 3.5034104e+17 2.1734313e+09 1.9874633e+09 2.5e-22 8.8696834e-23 2.5491098e-26
84436383 3.5069138e+17 2.1705112e+09 1.9865965e+09 2.5e-22 8.8511831e-23 2.5559839e-26
84597954 3.5104207e+17 2.1675933e+09 1.9857274e+09 2.5e-22 8.8327288e-23 2.5628771e-26
84759904 3.5139312e+17 2.1646777e+09 1.9848562e+09 2.5e-22 8.8143202e-23 2.5697895e-26
84922235 3.5174451e+17 2.1617642e+09 1.9839828e+09 2.5e-22 8.7959572e-23 2.576721e-26
85084946 3.5209625e+17 2.158853e+09 1.9831072e+09 2.5e-22 8.7776398e-23 2.5836718e-26
85248040 3.5244835e+17 2.1559439e+09 1.9822294e+09 2.5e-22 8.7593678e-23 2.5906419e-26
85411518 3.528008e+17 2.1530371e+09 1.9813494e+09 2.5e-22 8.7411411e-23 2.5976313e-26
85575380 3.531536e+17 2.1501325e+09 1.9804672e+09 2.5e-22 8.7229595e-23 2.6046401e-26
85739627 3.5350675e+17 2.1472302e+09 1.9795829e+09 2.5e-22 8.7048229e-23 2.6116685e-26
85904261 3.5386026e+17 2.14433e+09 1.9786964e+09 2.5e-22 8.6867312e-23 2.6187163e-26
86069282 3.5421412e+17 2.1414321e+09 1.9778078e+09 2.5e-22 8.6686844e-23 2.6257837e-26
86234692 3.5456833e+17 2.1385364e+09 1.9769169e+09 2.5e-22 8.6506822e-23 2.6328708e-26
86400492 3.549229e+17 2.135643e+09 1.9760239e+09 2.5e-22 8.6327245e-23 2.6399775e-26
86566682 3.5527782e+17 2.1327518e+09 1.9751288e+09 2.5e-22 8.6148113e-23 2.647104e-26
86733264 3.556331e+17 2.1298628e+09 1.9742315e+09 2.5e-22 8.5969424e-23 2.6542503e-26
86900239 3.5598874e+17 2.126976e+09 1.973332e+09 2.5e-22 8.5791177e-23 2.6614165e-26
87067607 3.5634472e+17 2.1240915e+09 1.9724304e+09 2.5e-22 8.561337e-23 2.6686026e-26
87235371 3.5670107e+17 2.1212092e+09 1.9715267e+09 2.5e-22 8.5436003e-23 2.6758087e-26
87403530 3.5705777e+17 2.1183292e+09 1.9706208e+09 2.5e-22 8.5259075e-23 2.6830348e-26
87572086 3.5741483e+17 2.1154514e+09 1.9697128e+09 2.5e-22 8.5082583e-23 2.690281e-26
87741041 3.5777224e+17 2.1125759e+09 1.9688026e+09 2.5e-22 8.4906528e-23 2.6975474e-26
87910394 3.5813002e+17 2.1097026e+09 1.9678903e+09 2.5e-22 8.4730907e-23 2.7048339e-26
88080148 3.5848815e+17 2.1068315e+09 1.9669759e+09 2.5e-22 8.455572e-23 2.7121408e-26
88250303 3.5884663e+17 2.1039627e+09 1.9660594e+09 2.5e-22 8.4380965e-23 2.7194679e-26
88420861 3.5920548e+17 2.1010961e+09 1.9651407e+09 2.5e-22 8.4206642e-23 2.7268155e-26
88591821 3.5956469e+17 2.0982318e+09 1.9642199e+09 2.5e-22 8.4032749e-23 2.7341835e-26
88763187 3.5992425e+17 2.0953698e+09 1.963297e+09 2.5e-22 8.3859285e-23 2.741572e-26
88934958 3.6028417e+17 2.09251e+09 1.962372e+09 2.5e-22 8.3686249e-23 2.748981e-26
89107136 3.6064446e+17 2.0896525e+09 1.9614449e+09 2.5e-22 8.351364e-23 2.7564107e-26
89279722 3.610051e+17 2.0867972e+09 1.9605157e+09 2.5e-22 8.3341456e-23 2.7638611e-26
89452717 3.6136611e+17 2.0839442e+09 1.9595843e+09 2.5e-22 8.3169696e-23 2.7713322e-26
89626122 3.6172747e+17 2.0810934e+09 1.9586509e+09 2.5e-22 8.299836e-23 2.7788241e-26
89799938 3.620892e+17 2.078245e+09 1.9577154e+09 2.5e-22 8.2827446e-23 2.7863369e-26
89974166 3.6245129e+17 2.0753987e+09 1.9567778e+09 2.5e-22 8.2656953e-23 2.7938706e-26
90148808 3.6281374e+17 2.0725548e+09 1.9558381e+09 2.5e-22 8.248688e-23 2.8014252e-26
90323864 3.6317656e+17 2.0697131e+09 1.9548963e+09 2.5e-22 8.2317226e-23 2.809001e-26
90499336 3.6353973e+17 2.0668737e+09 1.9539524e+09 2.5e-22 8.2147989e-23 2.8165978e-26
90675225 3.6390327e+17 2.0640366e+09 1.9530065e+09 2.5e-22 8.1979169e-23 2.8242158e-26
90851532 3.6426718e+17 2.0612017e+09 1.9520585e+09 2.5e-22 8.1810764e-23 2.831855e-26
91028257 3.6463144e+17 2.0583691e+09 1.9511084e+09 2.5e-22 8.1642773e-23 2.8395155e-26
91205403 3.6499607e+17 2.0555388e+09 1.9501563e+09 2.5e-22 8.1475196e-23 2.8471973e-26
91382970 3.6536107e+17 2.0527108e+09 1.949202e+09 2.5e-22 8.1308031e-23 2.8549006e-26
91560960 3.6572643e+17 2.0498851e+09 1.9482458e+09 2.5e-22 8.1141276e-23 2.8626253e-26
91739373 3.6609216e+17 2.0470616e+09 1.9472874e+09 2.5e-22 8.0974932e-23 2.8703716e-26
91918211 3.6645825e+17 2.0442404e+09 1.9463271e+09 2.5e-22 8.0808996e-23 2.8781395e-26
92097474 3.6682471e+17 2.0414215e+09 1.9453646e+09 2.5e-22 8.0643468e-23 2.885929e-26
92277165 3.6719153e+17 2.0386049e+09 1.9444001e+09 2.5e-22 8.0478347e-23 2.8937402e-26
92457284 3.6755872e+17 2.0357906e+09 1.9434336e+09 2.5e-22 8.0313631e-23 2.9015733e-26
92637833 3.6792628e+17 2.0329786e+09 1.9424651e+09 2.5e-22 8.014932e-23 2.9094282e-26
92818812 3.6829421e+17 2.0301689e+09 1.9414945e+09 2.5e-22 7.9985411e-23 2.917305e-26
93000222 3.686625e+17 2.0273614e+09 1.9405218e+09 2.5e-22 7.9821905e-23 2.9252037e-26
93182066 3.6903117e+17 2.0245563e+09 1.9395472e+09 2.5e-22 7.9658801e-23 2.9331245e-26
93364343 3.694002e+17 2.0217534e+09 1.9385705e+09 2.5e-22 7.9496096e-23 2.9410674e-26
93547056 3.697696e+17 2.0189529e+09 1.9375918e+09 2.5e-22 7.933379e-23 2.9490325e-26
93730205 3.7013937e+17 2.0161546e+09 1.9366111e+09 2.5e-22 7.9171883e-23 2.9570198e-26
93913792 3.7050951e+17 2.0133587e+09 1.9356284e+09 2.5e-22 7.9010372e-23 2.9650294e-26
94097818 3.7088002e+17 2.010565e+09 1.9346436e+09 2.5e-22 7.8849257e-23 2.9730614e-26
94282283 3.712509e+17 2.0077737e+09 1.9336569e+09 2.5e-22 7.8688537e-23 2.9811158e-26
94467190 3.7162215e+17 2.0049847e+09 1.9326681e+09 2.5e-22 7.852821e-23 2.9891926e-26
94652539 3.7199377e+17 2.0021979e+09 1.9316774e+09 2.5e-22 7.8368276e-23 2.9972921e-26
94838332 3.7236576e+17 1.9994135e+09 1.9306846e+09 2.5e-22 7.8208734e-23 3.0054141e-26
95024569 3.7273813e+17 1.9966314e+09 1.9296899e+09 2.5e-22 7.8049582e-23 3.0135588e-26
95211253 3.7311087e+17 1.9938516e+09 1.9286932e+09 2.5e-22 7.789082e-23 3.0217263e-26
95398383 3.7348398e+17 1.9910741e+09 1.9276945e+09 2.5e-22 7.7732447e-23 3.0299166e-26
95585963 3.7385746e+17 1.988299e+09 1.9266938e+09 2.5e-22 7.757446e-23 3.0381298e-26
95773991 3.7423132e+17 1.9855261e+09 1.9256911e+09 2.5e-22 7.7416861e-23 3.0463659e-26
95962471 3.7460555e+17 1.9827556e+09 1.9246865e+09 2.5e-22 7.7259646e-23 3.0546251e-26
96151403 3.7498016e+17 1.9799873e+09 1.9236798e+09 2.5e-22 7.7102816e-23 3.0629073e-26
96340788 3.7535514e+17 1.9772214e+09 1.9226713e+09 2.5e-22 7.6946369e-23 3.0712127e-26
96530628 3.7573049e+17 1.9744579e+09 1.9216607e+09 2.5e-22 7.6790305e-23 3.0795413e-26
96720923 3.7610622e+17 1.9716966e+09 1.9206482e+09 2.5e-22 7.6634622e-23 3.0878932e-26
96911676 3.7648233e+17 1.9689377e+09 1.9196338e+09 2.5e-22 7.6479319e-23 3.0962684e-26
97102887 3.7685881e+17 1.9661811e+09 1.9186174e+09 2.5e-22 7.6324395e-23 3.1046671e-26
97294557 3.7723567e+17 1.9634268e+09 1.917599e+09 2.5e-22 7.616985e-23 3.1130892e-26
97486688 3.776129e+17 1.9606748e+09 1.9165787e+09 2.5e-22 7.6015682e-23 3.1215349e-26
97679282 3.7799052e+17 1.9579252e+09 1.9155565e+09 2.5e-22 7.586189e-23 3.1300042e-26
97872338 3.7836851e+17 1.9551779e+09 1.9145323e+09 2.5e-22 7.5708473e-23 3.1384972e-26
98065860 3.7874688e+17 1.952433e+09 1.9135062e+09 2.5e-22 7.555543e-23 3.147014e-26
98259847 3.7912562e+17 1.9496903e+09 1.9124782e+09 2.5e-22 7.5402761e-23 3.1555546e-26
98454301 3.7950475e+17 1.94695e+09 1.9114482e+09 2.5e-22 7.5250464e-23 3.1641191e-26
98649224 3.7988425e+17 1.9442121e+09 1.9104164e+09 2.5e-22 7.5098538e-23 3.1727076e-26
98844616 3.8026414e+17 1.9414765e+09 1.9093826e+09 2.5e-22 7.4946982e-23 3.1813201e-26
99040480 3.806444e+17 1.9387432e+09 1.9083469e+09 2.5e-22 7.4795796e-23 3.1899568e-26
99236815 3.8102505e+17 1.9360122e+09 1.9073092e+09 2.5e-22 7.4644978e-23 3.1986176e-26
99433624 3.8140607e+17 1.9332836e+09 1.9062697e+09 2.5e-22 7.4494527e-23 3.2073026e-26
99630908 3.8178748e+17 1.9305574e+09 1.9052283e+09 2.5e-22 7.4344443e-23 3.216012e-26
99828669 3.8216927e+17 1.9278335e+09 1.904185e+09 2.5e-22 7.4194723e-23 3.2247457e-26
1.0002691e+08 3.8255143e+17 1.9251119e+09 1.9031397e+09 2.5e-22 7.4045369e-23 3.233504e-26
1.0022562e+08 3.8293399e+17 1.9223927e+09 1.9020926e+09 2.5e-22 7.3896377e-23 3.2422867e-26
1.0042482e+08 3.8331692e+17 1.9196758e+09 1.9010436e+09 2.5e-22 7.3747748e-23 3.2510941e-26
1.006245e+08 3.8370024e+17 1.9169613e+09 1.8999928e+09 2.5e-22 7.3599481e-23 3.2599261e-26
1.0082466e+08 3.8408394e+17 1.9142491e+09 1.89894e+09 2.5e-22 7.3451574e-23 3.2687829e-26
1.010253e+08 3.8446802e+17 1.9115393e+09 1.8978854e+09 2.5e-22 7.3304026e-23 3.2776645e-26
1.0122643e+08 3.8485249e+17 1.9088318e+09 1.8968289e+09 2.5e-22 7.3156837e-23 3.286571e-26
1.0142805e+08 3.8523734e+17 1.9061267e+09 1.8957705e+09 2.5e-22 7.3010006e-23 3.2955025e-26
1.0163015e+08 3.8562258e+17 1.9034239e+09 1.8947103e+09 2.5e-22 7.2863531e-23 3.3044589e-26
1.0183275e+08 3.860082e+17 1.9007235e+09 1.8936482e+09 2.5e-22 7.2717412e-23 3.3134405e-26
1.0203583e+08 3.8639421e+17 1.8980254e+09 1.8925842e+09 2.5e-22 7.2571648e-23 3.3224473e-26
1.0223941e+08 3.867806e+17 1.8953297e+09 1.8915184e+09 2.5e-22 7.2426238e-23 3.3314794e-26
1.0244348e+08 3.8716738e+17 1.8926364e+09 1.8904508e+09 2.5e-22 7.2281181e-23 3.3405367e-26
1.0264805e+08 3.8755455e+17 1.8899454e+09 1.8893813e+09 2.5e-22 7.2136475e-23 3.3496195e-26
1.0285311e+08 3.8794211e+17 1.8872568e+09 1.88831e+09 2.5e-22 7.1992121e-23 3.3587278e-26
1.0305867e+08 3.8833005e+17 1.8845705e+09 1.8872368e+09 2.5e-22 7.1848116e-23 3.3678616e-26
1.0326472e+08 3.8871838e+17 1.8818866e+09 1.8861618e+09 2.5e-22 7.1704461e-23 3.377021e-26
1.0347128e+08 3.891071e+17 1.8792051e+09 1.885085e+09 2.5e-22 7.1561154e-23 3.3862061e-26
1.0367834e+08 3.894962e+17 1.876526e+09 1.8840064e+09 2.5e-22 7.1418195e-23 3.395417e-26
1.038859e+08 3.898857e+17 1.8738492e+09 1.8829259e+09 2.5e-22 7.1275581e-23 3.4046538e-26
1.0409397e+08 3.9027559e+17 1.8711747e+09 1.8818436e+09 2.5e-22 7.1133314e-23 3.4139164e-26
1.0430254e+08 3.9066586e+17 1.8685027e+09 1.8807595e+09 2.5e-22 7.099139e-23 3.4232051e-26
1.0451162e+08 3.9105653e+17 1.865833e+09 1.8796736e+09 2.5e-22 7.0849811e-23 3.4325199e-26
1.0472121e+08 3.9144758e+17 1.8631657e+09 1.8785859e+09 2.5e-22 7.0708574e-23 3.4418608e-26
1.0493131e+08 3.9183903e+17 1.8605007e+09 1.8774964e+09 2.5e-22 7.0567679e-23 3.4512279e-26
1.0514192e+08 3.9223087e+17 1.8578382e+09 1.8764051e+09 2.5e-22 7.0427125e-23 3.4606214e-26
1.0535304e+08 3.926231e+17 1.855178e+09 1.875312e+09 2.5e-22 7.0286911e-23 3.4700412e-26
1.0556468e+08 3.9301572e+17 1.8525202e+09 1.8742171e+09 2.5e-22 7.0147036e-23 3.4794875e-26
1.0577683e+08 3.9340874e+17 1.8498647e+09 1.8731205e+09 2.5e-22 7.0007499e-23 3.4889603e-26
1.059895e+08 3.9380215e+17 1.8472116e+09 1.872022e+09 2.5e-22 6.9868299e-23 3.4984597e-26
1.0620268e+08 3.9419595e+17 1.844561e+09 1.8709218e+09 2.5e-22 6.9729436e-23 3.5079859e-26
1.0641639e+08 3.9459015e+17 1.8419126e+09 1.8698198e+09 2.5e-22 6.9590909e-23 3.5175388e-26
1.0663062e+08 3.9498474e+17 1.8392667e+09 1.8687161e+09 2.5e-22 6.9452716e-23 3.5271185e-26
1.0684537e+08 3.9537972e+17 1.8366232e+09 1.8676105e+09 2.5e-22 6.9314856e-23 3.5367252e-26
1.0706065e+08 3.957751e+17 1.833982e+09 1.8665033e+09 2.5e-22 6.917733e-23 3.5463589e-26
1.0727645e+08 3.9617088e+17 1.8313432e+09 1.8653942e+09 2.5e-22 6.9040135e-23 3.5560196e-26
1.0749278e+08 3.9656705e+17 1.8287068e+09 1.8642834e+09 2.5e-22 6.8903272e-23 3.5657075e-26
1.0770963e+08 3.9696361e+17 1.8260728e+09 1.8631709e+09 2.5e-22 6.8766739e-23 3.5754227e-26
1.0792702e+08 3.9736058e+17 1.8234412e+09 1.8620566e+09 2.5e-22 6.8630535e-23 3.5851652e-26
1.0814494e+08 3.9775794e+17 1.820812e+09 1.8609406e+09 2.5e-22 6.849466e-23 3.5949351e-26
1.0836339e+08 3.981557e+17 1.8181851e+09 1.8598229e+09 2.5e-22 6.8359112e-23 3.6047324e-26
1.0858237e+08 3.9855385e+17 1.8155607e+09 1.8587034e+09 2.5e-22 6.8223891e-23 3.6145574e-26
1.0880189e+08 3.9895241e+17 1.8129386e+09 1.8575822e+09 2.5e-22 6.8088996e-23 3.6244099e-26
1.0902195e+08 3.9935136e+17 1.8103189e+09 1.8564592e+09 2.5e-22 6.7954426e-23 3.6342902e-26
1.0924255e+08 3.9975071e+17 1.8077016e+09 1.8553346e+09 2.5e-22 6.782018e-23 3.6441983e-26
1.0946369e+08 4.0015046e+17 1.8050867e+09 1.8542082e+09 2.5e-22 6.7686257e-23 3.6541343e-26
1.0968537e+08 4.0055061e+17 1.8024742e+09 1.8530802e+09 2.5e-22 6.7552657e-23 3.6640983e-26
1.0990759e+08 4.0095116e+17 1.7998641e+09 1.8519504e+09 2.5e-22 6.7419378e-23 3.6740903e-26
1.1013036e+08 4.0135211e+17 1.7972564e+09 1.8508189e+09 2.5e-22 6.728642e-23 3.6841104e-26
1.1035367e+08 4.0175347e+17 1.7946511e+09 1.8496857e+09 2.5e-22 6.7153782e-23 3.6941588e-26
1.1057753e+08 4.0215522e+17 1.7920482e+09 1.8485508e+09 2.5e-22 6.7021463e-23 3.7042354e-26
1.1080194e+08 4.0255737e+17 1.7894477e+09 1.8474143e+09 2.5e-22 6.6889462e-23 3.7143404e-26
1.110269e+08 4.0295993e+17 1.7868495e+09 1.846276e+09 2.5e-22 6.6757779e-23 3.7244739e-26
1.1125242e+08 4.0336289e+17 1.7842538e+09 1.8451361e+09 2.5e-22 6.6626412e-23 3.7346359e-26
1.1147849e+08 4.0376625e+17 1.7816605e+09 1.8439945e+09 2.5e-22 6.6495361e-23 3.7448266e-26
1.1170511e+08 4.0417002e+17 1.7790696e+09 1.8428512e+09 2.5e-22 6.6364624e-23 3.7550459e-26
1.1193229e+08 4.0457419e+17 1.7764811e+09 1.8417063e+09 2.5e-22 6.6234202e-23 3.7652941e-26
1.1216003e+08 4.0497876e+17 1.773895e+09 1.8405597e+09 2.5e-22 6.6104093e-23 3.7755711e-26
1.1238833e+08 4.0538374e+17 1.7713113e+09 1.8394114e+09 2.5e-22 6.5974296e-23 3.7858771e-26
1.1261719e+08 4.0578913e+17 1.7687299e+09 1.8382615e+09 2.5e-22 6.584481e-23 3.7962122e-26
1.1284661e+08 4.0619492e+17 1.766151e+09 1.8371099e+09 2.5e-22 6.5715635e-23 3.8065764e-26
1.130766e+08 4.0660111e+17 1.7635746e+09 1.8359567e+09 2.5e-22 6.5586771e-23 3.8169698e-26
1.1330716e+08 4.0700771e+17 1.7610005e+09 1.8348018e+09 2.5e-22 6.5458215e-23 3.8273925e-26
1.1353828e+08 4.0741472e+17 1.7584288e+09 1.8336453e+09 2.5e-22 6.5329967e-23 3.8378446e-26
1.1376997e+08 4.0782213e+17 1.7558595e+09 1.8324872e+09 2.5e-22 6.5202027e-23 3.8483262e-26
1.1400224e+08 4.0822996e+17 1.7532927e+09 1.8313274e+09 2.5e-22 6.5074394e-23 3.8588373e-26
1.1423507e+08 4.0863819e+17 1.7507282e+09 1.830166e+09 2.5e-22 6.4947066e-23 3.8693781e-26
1.1446848e+08 4.0904682e+17 1.7481662e+09 1.829003e+09 2.5e-22 6.4820044e-23 3.8799486e-26
1.1470247e+08 4.0945587e+17 1.7456065e+09 1.8278384e+09 2.5e-22 6.4693325e-23 3.890549e-26
1.1493703e+08 4.0986533e+17 1.7430493e+09 1.8266722e+09 2.5e-22 6.456691e-23 3.9011793e-26
1.1517218e+08 4.1027519e+17 1.7404945e+09 1.8255043e+09 2.5e-22 6.4440798e-23 3.9118395e-26
1.154079e+08 4.1068547e+17 1.7379421e+09 1.8243348e+09 2.5e-22 6.4314987e-23 3.9225299e-26
1.1564421e+08 4.1109615e+17 1.7353922e+09 1.8231638e+09 2.5e-22 6.4189478e-23 3.9332504e-26
1.1588109e+08 4.1150725e+17 1.7328446e+09 1.8219911e+09 2.5e-22 6.4064268e-23 3.9440012e-26
1.1611857e+08 4.1191876e+17 1.7302995e+09 1.8208169e+09 2.5e-22 6.3939359e-23 3.9547824e-26
1.1635663e+08 4.1233068e+17 1.7277567e+09 1.8196411e+09 2.5e-22 6.3814747e-23 3.965594e-26
1.1659528e+08 4.1274301e+17 1.7252164e+09 1.8184636e+09 2.5e-22 6.3690434e-23 3.9764361e-26
1.1683452e+08 4.1315575e+17 1.7226785e+09 1.8172846e+09 2.5e-22 6.3566417e-23 3.9873088e-26
1.1707436e+08 4.1356891e+17 1.7201431e+09 1.8161041e+09 2.5e-22 6.3442697e-23 3.9982123e-26
1.1731478e+08 4.1398247e+17 1.71761e+09 1.8149219e+09 2.5e-22 6.3319273e-23 4.0091465e-26
1.1755581e+08 4.1439646e+17 1.7150794e+09 1.8137382e+09 2.5e-22 6.3196143e-23 4.0201117e-26
1.1779743e+08 4.1481085e+17 1.7125512e+09 1.812553e+09 2.5e-22 6.3073307e-23 4.0311078e-26
1.1803964e+08 4.1522566e+17 1.7100254e+09 1.8113661e+09 2.5e-22 6.2950764e-23 4.042135e-26
1.1828246e+08 4.1564089e+17 1.707502e+09 1.8101777e+09 2.5e-22 6.2828514e-23 4.0531934e-26
1.1852588e+08 4.1605653e+17 1.704981e+09 1.8089878e+09 2.5e-22 6.2706555e-23 4.064283e-26
1.1876991e+08 4.1647259e+17 1.7024625e+09 1.8077963e+09 2.5e-22 6.2584888e-23 4.075404e-26
1.1901454e+08 4.1688906e+17 1.6999464e+09 1.8066033e+09 2.5e-22 6.246351e-23 4.0865564e-26
1.1925977e+08 4.1730595e+17 1.6974327e+09 1.8054088e+09 2.5e-22 6.2342422e-23 4.0977403e-26
1.1950562e+08 4.1772325e+17 1.6949215e+09 1.8042127e+09 2.5e-22 6.2221622e-23 4.1089559e-26
1.1975207e+08 4.1814098e+17 1.6924126e+09 1.8030151e+09 2.5e-22 6.210111e-23 4.1202032e-26
1.1999914e+08 4.1855912e+17 1.6899062e+09 1.801816e+09 2.5e-22 6.1980885e-23 4.1314823e-26
1.2024682e+08 4.1897768e+17 1.6874022e+09 1.8006153e+09 2.5e-22 6.1860946e-23 4.1427933e-26
1.2049512e+08 4.1939666e+17 1.6849007e+09 1.7994132e+09 2.5e-22 6.1741293e-23 4.1541363e-26
1.2074404e+08 4.1981605e+17 1.6824016e+09 1.7982095e+09 2.5e-22 6.1621925e-23 4.1655114e-26
1.2099357e+08 4.2023587e+17 1.6799049e+09 1.7970043e+09 2.5e-22 6.1502841e-23 4.1769187e-26
1.2124372e+08 4.206561e+17 1.6774106e+09 1.7957977e+09 2.5e-22 6.138404e-23 4.1883582e-26
1.214945e+08 4.2107676e+17 1.6749188e+09 1.7945895e+09 2.5e-22 6.1265522e-23 4.1998302e-26
1.217459e+08 4.2149784e+17 1.6724294e+09 1.7933798e+09 2.5e-22 6.1147286e-23 4.2113346e-26
1.2199793e+08 4.2191933e+17 1.6699424e+09 1.7921687e+09 2.5e-22 6.102933e-23 4.2228715e-26
1.2225059e+08 4.2234125e+17 1.6674578e+09 1.790956e+09 2.5e-22 6.0911655e-23 4.2344412e-26
1.2250387e+08 4.227636e+17 1.6649757e+09 1.7897419e+09 2.5e-22 6.079426e-23 4.2460436e-26
1.2275779e+08 4.2318636e+17 1.662496e+09 1.7885263e+09 2.5e-22 6.0677143e-23 4.2576788e-26
1.2301233e+08 4.2360955e+17 1.6600188e+09 1.7873093e+09 2.5e-22 6.0560305e-23 4.269347e-26
1.2326752e+08 4.2403315e+17 1.6575439e+09 1.7860908e+09 2.5e-22 6.0443744e-23 4.2810483e-26
1.2352334e+08 4.2445719e+17 1.6550715e+09 1.7848708e+09 2.5e-22 6.032746e-23 4.2927827e-26
1.237798e+08 4.2488165e+17 1.6526016e+09 1.7836494e+09 2.5e-22 6.0211452e-23 4.3045503e-26
1.240369e+08 4.2530653e+17 1.6501341e+09 1.7824265e+09 2.5e-22 6.0095719e-23 4.3163513e-26
1.2429464e+08 4.2573183e+17 1.647669e+09 1.7812021e+09 2.5e-22 5.998026e-23 4.3281857e-26
1.2455302e+08 4.2615757e+17 1.6452063e+09 1.7799763e+09 2.5e-22 5.9865076e-23 4.3400537e-26
1.2481205e+08 4.2658372e+17 1.6427461e+09 1.7787491e+09 2.5e-22 5.9750164e-23 4.3519553e-26
1.2507173e+08 4.2701031e+17 1.6402883e+09 1.7775205e+09 2.5e-22 5.9635525e-23 4.3638907e-26
1.2533205e+08 4.2743732e+17 1.637833e+09 1.7762904e+09 2.5e-22 5.9521157e-23 4.3758598e-26
1.2559303e+08 4.2786475e+17 1.6353801e+09 1.7750589e+09 2.5e-22 5.9407061e-23 4.3878629e-26
1.2585466e+08 4.2829262e+17 1.6329296e+09 1.7738259e+09 2.5e-22 5.9293234e-23 4.3999001e-26
1.2611695e+08 4.2872091e+17 1.6304816e+09 1.7725916e+09 2.5e-22 5.9179678e-23 4.4119714e-26
1.2637989e+08 4.2914963e+17 1.628036e+09 1.7713558e+09 2.5e-22 5.906639e-23 4.4240769e-26
1.2664349e+08 4.2957878e+17 1.6255928e+09 1.7701187e+09 2.5e-22 5.895337e-23 4.4362167e-26
1.2690775e+08 4.3000836e+17 1.6231521e+09 1.7688801e+09 2.5e-22 5.8840617e-23 4.448391e-26
1.2717267e+08 4.3043837e+17 1.6207138e+09 1.7676401e+09 2.5e-22 5.8728131e-23 4.4605999e-26
1.2743825e+08 4.3086881e+17 1.6182779e+09 1.7663988e+09 2.5e-22 5.8615912e-23 4.4728433e-26
1.2770451e+08 4.3129968e+17 1.6158445e+09 1.765156e+09 2.5e-22 5.8503957e-23 4.4851216e-26
1.2797142e+08 4.3173098e+17 1.6134136e+09 1.7639119e+09 2.5e-22 5.8392268e-23 4.4974346e-26
1.2823901e+08 4.3216271e+17 1.610985e+09 1.7626664e+09 2.5e-22 5.8280842e-23 4.5097827e-26
1.2850727e+08 4.3259487e+17 1.608559e+09 1.7614195e+09 2.5e-22 5.8169679e-23 4.5221657e-26
1.2877621e+08 4.3302746e+17 1.6061353e+09 1.7601712e+09 2.5e-22 5.8058779e-23 4.534584e-26
1.2904581e+08 4.3346049e+17 1.6037141e+09 1.7589216e+09 2.5e-22 5.7948141e-23 4.5470374e-26
1.293161e+08 4.3389395e+17 1.6012953e+09 1.7576706e+09 2.5e-22 5.7837764e-23 4.5595263e-26
1.2958706e+08 4.3432785e+17 1.598879e+09 1.7564182e+09 2.5e-22 5.7727647e-23 4.5720506e-26
1.2985871e+08 4.3476217e+17 1.5964651e+09 1.7551645e+09 2.5e-22 5.7617791e-23 4.5846105e-26
1.3013104e+08 4.3519694e+17 1.5940537e+09 1.7539094e+09 2.5e-22 5.7508193e-23 4.5972061e-26
1.3040405e+08 4.3563213e+17 1.5916447e+09 1.752653e+09 2.5e-22 5.7398854e-23 4.6098374e-26
1.3067775e+08 4.3606777e+17 1.5892382e+09 1.7513953e+09 2.5e-22 5.7289773e-23 4.6225047e-26
1.3095214e+08 4.3650383e+17 1.5868341e+09 1.7501362e+09 2.5e-22 5.7180949e-23 4.6352079e-26
1.3122722e+08 4.3694034e+17 1.5844324e+09 1.7488758e+09 2.5e-22 5.7072381e-23 4.6479472e-26
1.3150299e+08 4.3737728e+17 1.5820332e+09 1.7476141e+09 2.5e-22 5.6964069e-23 4.6607228e-26
1.3177945e+08 4.3781465e+17 1.5796364e+09 1.746351e+09 2.5e-22 5.6856013e-23 4.6735347e-26
1.3205661e+08 4.3825247e+17 1.5772421e+09 1.7450866e+09 2.5e-22 5.674821e-23 4.6863829e-26
1.3233447e+08 4.3869072e+17 1.5748502e+09 1.7438209e+09 2.5e-22 5.6640662e-23 4.6992678e-26
1.3261303e+08 4.3912941e+17 1.5724607e+09 1.7425539e+09 2.5e-22 5.6533366e-23 4.7121892e-26
1.328923e+08 4.3956854e+17 1.5700737e+09 1.7412856e+09 2.5e-22 5.6426323e-23 4.7251474e-26
1.3317226e+08 4.4000811e+17 1.5676892e+09 1.740016e+09 2.5e-22 5.6319532e-23 4.7381425e-26
1.3345294e+08 4.4044812e+17 1.5653071e+09 1.7387451e+09 2.5e-22 5.6212992e-23 4.7511745e-26
1.3373432e+08 4.4088857e+17 1.5629274e+09 1.7374729e+09 2.5e-22 5.6106703e-23 4.7642436e-26
1.3401641e+08 4.4132946e+17 1.5605502e+09 1.7361995e+09 2.5e-22 5.6000663e-23 4.7773499e-26
1.3429921e+08 4.4177078e+17 1.5581754e+09 1.7349247e+09 2.5e-22 5.5894873e-23 4.7904934e-26
1.3458273e+08 4.4221256e+17 1.5558031e+09 1.7336487e+09 2.5e-22 5.5789331e-23 4.8036744e-26
1.3486697e+08 4.4265477e+17 1.5534332e+09 1.7323714e+09 2.5e-22 5.5684037e-23 4.8168929e-26
1.3515192e+08 4.4309742e+17 1.5510658e+09 1.7310928e+09 2.5e-22 5.557899e-23 4.830149e-26
1.3543759e+08 4.4354052e+17 1.5487008e+09 1.7298129e+09 2.5e-22 5.547419e-23 4.8434428e-26
1.3572399e+08 4.4398406e+17 1.5463383e+09 1.7285319e+09 2.5e-22 5.5369635e-23 4.8567745e-26
1.3601111e+08 4.4442804e+17 1.5439782e+09 1.7272495e+09 2.5e-22 5.5265326e-23 4.8701442e-26
1.3629895e+08 4.4487247e+17 1.5416205e+09 1.7259659e+09 2.5e-22 5.5161262e-23 4.8835519e-26
1.3658753e+08 4.4531735e+17 1.5392653e+09 1.7246811e+09 2.5e-22 5.5057442e-23 4.8969978e-26
1.3687683e+08 4.4576266e+17 1.5369126e+09 1.723395e+09 2.5e-22 5.4953865e-23 4.9104821e-26
1.3716687e+08 4.4620843e+17 1.5345623e+09 1.7221077e+09 2.5e-22 5.4850531e-23 4.9240047e-26
1.3745764e+08 4.4665463e+17 1.5322144e+09 1.7208191e+09 2.5e-22 5.4747439e-23 4.9375658e-26
1.3774915e+08 4.4710129e+17 1.529869e+09 1.7195293e+09 2.5e-22 5.4644589e-23 4.9511656e-26
1.380414e+08 4.4754839e+17 1.5275261e+09 1.7182383e+09 2.5e-22 5.4541979e-23 4.9648042e-26
1.3833439e+08 4.4799594e+17 1.5251856e+09 1.7169461e+09 2.5e-22 5.443961e-23 4.9784816e-26
1.3862812e+08 4.4844393e+17 1.5228475e+09 1.7156527e+09 2.5e-22 5.433748e-23 4.992198e-26
1.389226e+08 4.4889238e+17 1.5205119e+09 1.714358e+09 2.5e-22 5.423559e-23 5.0059535e-26
1.3921782e+08 4.4934127e+17 1.5181787e+09 1.7130622e+09 2.5e-22 5.4133938e-23 5.0197482e-26
1.395138e+08 4.4979061e+17 1.515848e+09 1.7117651e+09 2.5e-22 5.4032523e-23 5.0335822e-26
1.3981052e+08 4.502404e+17 1.5135197e+09 1.7104669e+09 2.5e-22 5.3931346e-23 5.0474557e-26
1.40108e+08 4.5069064e+17 1.5111939e+09 1.7091675e+09 2.5e-22 5.3830405e-23 5.0613688e-26
1.4040624e+08 4.5114133e+17 1.5088705e+09 1.7078669e+09 2.5e-22 5.37297e-23 5.0753215e-26
1.4070523e+08 4.5159247e+17 1.5065496e+09 1.7065651e+09 2.5e-22 5.3629231e-23 5.0893141e-26
1.4100498e+08 4.5204407e+17 1.5042311e+09 1.7052621e+09 2.5e-22 5.3528996e-23 5.1033465e-26
1.413055e+08 4.5249611e+17 1.5019151e+09 1.703958e+09 2.5e-22 5.3428995e-23 5.117419e-26
1.4160678e+08 4.5294861e+17 1.4996015e+09 1.7026527e+09 2.5e-22 5.3329228e-23 5.1315317e-26
1.4190882e+08 4.5340156e+17 1.4972904e+09 1.7013462e+09 2.5e-22 5.3229694e-23 5.1456846e-26
1.4221164e+08 4.5385496e+17 1.4949817e+09 1.7000386e+09 2.5e-22 5.3130392e-23 5.1598779e-26
1.4251522e+08 4.5430881e+17 1.4926754e+09 1.6987298e+09 2.5e-22 5.3031321e-23 5.1741118e-26
1.4281958e+08 4.5476312e+17 1.4903717e+09 1.6974198e+09 2.5e-22 5.2932482e-23 5.1883862e-26
1.4312471e+08 4.5521788e+17 1.4880703e+09 1.6961088e+09 2.5e-22 5.2833873e-23 5.2027015e-26
1.4343063e+08 4.556731e+17 1.4857714e+09 1.6947966e+09 2.5e-22 5.2735494e-23 5.2170576e-26
1.4373732e+08 4.5612878e+17 1.483475e+09 1.6934832e+09 2.5e-22 5.2637344e-23 5.2314547e-26
1.4404479e+08 4.565849e+17 1.481181e+09 1.6921687e+09 2.5e-22 5.2539423e-23 5.2458929e-26
1.4435305e+08 4.5704149e+17 1.4788895e+09 1.6908531e+09 2.5e-22 5.244173e-23 5.2603723e-26
1.4466209e+08 4.5749853e+17 1.4766004e+09 1.6895364e+09 2.5e-22 5.2344265e-23 5.2748932e-26
1.4497192e+08 4.5795603e+17 1.4743137e+09 1.6882185e+09 2.5e-22 5.2247026e-23 5.2894555e-26
1.4528255e+08 4.5841399e+17 1.4720295e+09 1.6868996e+09 2.5e-22 5.2150014e-23 5.3040594e-26
1.4559396e+08 4.588724e+17 1.4697478e+09 1.6855795e+09 2.5e-22 5.2053227e-23 5.3187051e-26
1.4590617e+08 4.5933127e+17 1.4674685e+09 1.6842584e+09 2.5e-22 5.1956666e-23 5.3333926e-26
1.4621918e+08 4.597906e+17 1.4651916e+09 1.6829361e+09 2.5e-22 5.1860329e-23 5.3481221e-26
1.4653299e+08 4.6025039e+17 1.4629172e+09 1.6816128e+09 2.5e-22 5.1764216e-23 5.3628937e-26
1.468476e+08 4.6071064e+17 1.4606452e+09 1.6802883e+09 2.5e-22 5.1668327e-23 5.3777075e-26
1.4716302e+08 4.6117135e+17 1.4583757e+09 1.6789628e+09 2.5e-22 5.157266e-23 5.3925637e-26
1.4747924e+08 4.6163253e+17 1.4561087e+09 1.6776362e+09 2.5e-22 5.1477216e-23 5.4074624e-26
1.4779627e+08 4.6209416e+17 1.453844e+09 1.6763085e+09 2.5e-22 5.1381993e-23 5.4224037e-26
1.4811412e+08 4.6255625e+17 1.4515819e+09 1.6749797e+09 2.5e-22 5.1286991e-23 5.4373877e-26
1.4843277e+08 4.6301881e+17 1.4493221e+09 1.6736499e+09 2.5e-22 5.119221e-23 5.4524146e-26
1.4875225e+08 4.6348183e+17 1.4470649e+09 1.672319e+09 2.5e-22 5.1097649e-23 5.4674845e-26
1.4907254e+08 4.6394531e+17 1.44481e+09 1.6709871e+09 2.5e-22 5.1003308e-23 5.4825975e-26
1.4939365e+08 4.6440925e+17 1.4425577e+09 1.6696541e+09 2.5e-22 5.0909185e-23 5.4977537e-26
1.4971558e+08 4.6487366e+17 1.4403077e+09 1.6683201e+09 2.5e-22 5.081528e-23 5.5129533e-26
1.5003834e+08 4.6533854e+17 1.4380602e+09 1.666985e+09 2.5e-22 5.0721593e-23 5.5281965e-26
1.5036193e+08 4.6580388e+17 1.4358152e+09 1.6656489e+09 2.5e-22 5.0628123e-23 5.5434832e-26
1.5068635e+08 4.6626968e+17 1.4335726e+09 1.6643117e+09 2.5e-22 5.053487e-23 5.5588138e-26
1.510116e+08 4.6673595e+17 1.4313325e+09 1.6629736e+09 2.5e-22 5.0441833e-23 5.5741882e-26
1.5133768e+08 4.6720269e+17 1.4290948e+09 1.6616344e+09 2.5e-22 5.0349011e-23 5.5896066e-26
1.5166461e+08 4.6766989e+17 1.4268595e+09 1.6602941e+09 2.5e-22 5.0256404e-23 5.6050693e-26
1.5199237e+08 4.6813756e+17 1.4246267e+09 1.6589529e+09 2.5e-22 5.0164012e-23 5.6205762e-26
1.5232097e+08 4.686057e+17 1.4223963e+09 1.6576107e+09 2.5e-22 5.0071833e-23 5.6361275e-26
1.5265042e+08 4.690743e+17 1.4201684e+09 1.6562674e+09 2.5e-22 4.9979867e-23 5.6517233e-26
1.5298072e+08 4.6954338e+17 1.4179429e+09 1.6549232e+09 2.5e-22 4.9888115e-23 5.6673639e-26
1.5331186e+08 4.7001292e+17 1.4157199e+09 1.6535779e+09 2.5e-22 4.9796574e-23 5.6830493e-26
1.5364385e+08 4.7048293e+17 1.4134993e+09 1.6522317e+09 2.5e-22 4.9705245e-23 5.6987796e-26
1.539767e+08 4.7095341e+17 1.4112812e+09 1.6508845e+09 2.5e-22 4.9614127e-23 5.714555e-26
1.5431041e+08 4.7142437e+17 1.4090655e+09 1.6495363e+09 2.5e-22 4.9523219e-23 5.7303757e-26
1.5464498e+08 4.7189579e+17 1.4068522e+09 1.6481871e+09 2.5e-22 4.9432522e-23 5.7462417e-26
1.549804e+08 4.7236769e+17 1.4046414e+09 1.6468369e+09 2.5e-22 4.9342033e-23 5.7621531e-26
1.5531669e+08 4.7284006e+17 1.402433e+09 1.6454858e+09 2.5e-22 4.9251754e-23 5.7781103e-26
1.5565385e+08 4.733129e+17 1.4002271e+09 1.6441337e+09 2.5e-22 4.9161683e-23 5.7941131e-26
1.5599188e+08 4.7378621e+17 1.3980236e+09 1.6427807e+09 2.5e-22 4.907182e-23 5.8101619e-26
1.5633077e+08 4.7426e+17 1.3958226e+09 1.6414267e+09 2.5e-22 4.8982164e-23 5.8262567e-26
1.5667054e+08 4.7473426e+17 1.393624e+09 1.6400717e+09 2.5e-22 4.8892715e-23 5.8423977e-26
1.5701119e+08 4.7520899e+17 1.3914278e+09 1.6387158e+09 2.5e-22 4.8803472e-23 5.858585e-26
1.5735272e+08 4.756842e+17 1.3892341e+09 1.637359e+09 2.5e-22 4.8714435e-23 5.8748187e-26
1.5769513e+08 4.7615988e+17 1.3870429e+09 1.6360012e+09 2.5e-22 4.8625603e-23 5.8910991e-26
1.5803842e+08 4.7663604e+17 1.384854e+09 1.6346425e+09 2.5e-22 4.8536975e-23 5.9074261e-26
1.5838259e+08 4.7711268e+17 1.3826676e+09 1.6332829e+09 2.5e-22 4.8448552e-23 5.9238001e-26
1.5872766e+08 4.7758979e+17 1.3804837e+09 1.6319223e+09 2.5e-22 4.8360332e-23 5.940221e-26
1.5907362e+08 4.7806738e+17 1.3783022e+09 1.6305608e+09 2.5e-22 4.8272315e-23 5.9566891e-26
1.5942047e+08 4.7854545e+17 1.3761231e+09 1.6291985e+09 2.5e-22 4.8184501e-23 5.9732045e-26
1.5976822e+08 4.7902399e+17 1.3739465e+09 1.6278352e+09 2.5e-22 4.8096888e-23 5.9897673e-26
1.6011687e+08 4.7950302e+17 1.3717723e+09 1.626471e+09 2.5e-22 4.8009477e-23 6.0063776e-26
1.6046642e+08 4.7998252e+17 1.3696005e+09 1.6251059e+09 2.5e-22 4.7922267e-23 6.0230357e-26
1.6081687e+08 4.804625e+17 1.3674312e+09 1.6237399e+09 2.5e-22 4.7835258e-23 6.0397416e-26
1.6116824e+08 4.8094297e+17 1.3652644e+09 1.622373e+09 2.5e-22 4.7748448e-23 6.0564956e-26
1.6152051e+08 4.8142391e+17 1.3630999e+09 1.6210053e+09 2.5e-22 4.7661838e-23 6.0732977e-26
1.6187369e+08 4.8190533e+17 1.3609379e+09 1.6196366e+09 2.5e-22 4.7575427e-23 6.090148e-26
1.6222779e+08 4.8238724e+17 1.3587784e+09 1.6182671e+09 2.5e-22 4.7489214e-23 6.1070468e-26
1.625828e+08 4.8286963e+17 1.3566212e+09 1.6168967e+09 2.5e-22 4.7403199e-23 6.1239942e-26
1.6293874e+08 4.833525e+17 1.3544665e+09 1.6155255e+09 2.5e-22 4.7317382e-23 6.1409903e-26
1.632956e+08 4.8383585e+17 1.3523143e+09 1.6141534e+09 2.5e-22 4.7231761e-23 6.1580353e-26
1.6365338e+08 4.8431968e+17 1.3501645e+09 1.6127804e+09 2.5e-22 4.7146337e-23 6.1751292e-26
1.6401209e+08 4.84804e+17 1.3480171e+09 1.6114066e+09 2.5e-22 4.7061108e-23 6.1922724e-26
1.6437173e+08 4.8528881e+17 1.3458721e+09 1.6100319e+09 2.5e-22 4.6976075e-23 6.2094648e-26
1.6473231e+08 4.857741e+17 1.3437296e+09 1.6086564e+09 2.5e-22 4.6891237e-23 6.2267067e-26
1.6509382e+08 4.8625987e+17 1.3415895e+09 1.60728e+09 2.5e-22 4.6806593e-23 6.2439982e-26
1.6545627e+08 4.8674613e+17 1.3394519e+09 1.6059029e+09 2.5e-22 4.6722142e-23 6.2613394e-26
1.6581966e+08 4.8723288e+17 1.3373167e+09 1.6045248e+09 2.5e-22 4.6637886e-23 6.2787306e-26
1.66184e+08 4.8772011e+17 1.3351839e+09 1.603146e+09 2.5e-22 4.6553822e-23 6.2961718e-26
1.6654928e+08 4.8820783e+17 1.3330535e+09 1.6017663e+09 2.5e-22 4.646995e-23 6.3136632e-26
1.6691552e+08 4.8869604e+17 1.3309256e+09 1.6003859e+09 2.5e-22 4.6386271e-23 6.3312049e-26
1.672827e+08 4.8918473e+17 1.3288001e+09 1.5990046e+09 2.5e-22 4.6302782e-23 6.3487971e-26
1.6765084e+08 4.8967392e+17 1.3266771e+09 1.5976225e+09 2.5e-22 4.6219485e-23 6.36644e-26
1.6801994e+08 4.9016359e+17 1.3245565e+09 1.5962396e+09 2.5e-22 4.6136378e-23 6.3841337e-26
1.6839e+08 4.9065376e+17 1.3224383e+09 1.5948559e+09 2.5e-22 4.6053461e-23 6.4018784e-26
1.6876102e+08 4.9114441e+17 1.3203225e+09 1.5934714e+09 2.5e-22 4.5970733e-23 6.4196741e-26
1.6913301e+08 4.9163555e+17 1.3182092e+09 1.5920862e+09 2.5e-22 4.5888195e-23 6.4375211e-26
1.6950597e+08 4.9212719e+17 1.3160983e+09 1.5907001e+09 2.5e-22 4.5805844e-23 6.4554195e-26
1.6987989e+08 4.9261932e+17 1.3139898e+09 1.5893133e+09 2.5e-22 4.5723682e-23 6.4733695e-26
1.702548e+08 4.9311194e+17 1.3118837e+09 1.5879257e+09 2.5e-22 4.5641707e-23 6.4913713e-26
1.7063068e+08 4.9360505e+17 1.3097801e+09 1.5865373e+09 2.5e-22 4.555992e-23 6.5094249e-26
1.7100754e+08 4.9409865e+17 1.3076789e+09 1.5851482e+09 2.5e-22 4.5478318e-23 6.5275305e-26
1.7138538e+08 4.9459275e+17 1.3055801e+09 1.5837583e+09 2.5e-22 4.5396903e-23 6.5456883e-26
1.7176421e+08 4.9508734e+17 1.3034838e+09 1.5823676e+09 2.5e-22 4.5315674e-23 6.5638985e-26
1.7214403e+08 4.9558243e+17 1.3013898e+09 1.5809762e+09 2.5e-22 4.5234629e-23 6.5821611e-26
1.7252484e+08 4.9607801e+17 1.2992983e+09 1.5795841e+09 2.5e-22 4.515377e-23 6.6004765e-26
1.7290665e+08 4.9657409e+17 1.2972093e+09 1.5781912e+09 2.5e-22 4.5073094e-23 6.6188446e-26
1.7328945e+08 4.9707067e+17 1.2951226e+09 1.5767976e+09 2.5e-22 4.4992602e-23 6.6372657e-26
1.7367325e+08 4.9756774e+17 1.2930384e+09 1.5754032e+09 2.5e-22 4.4912293e-23 6.65574e-26
1.7405806e+08 4.980653e+17 1.2909566e+09 1.5740082e+09 2.5e-22 4.4832167e-23 6.6742675e-26
1.7444387e+08 4.9856337e+17 1.2888772e+09 1.5726124e+09 2.5e-22 4.4752224e-23 6.6928485e-26
1.7483069e+08 4.9906193e+17 1.2868002e+09 1.5712158e+09 2.5e-22 4.4672462e-23 6.7114831e-26
1.7521852e+08 4.9956099e+17 1.2847257e+09 1.5698186e+09 2.5e-22 4.4592881e-23 6.7301715e-26
1.7560736e+08 5.0006056e+17 1.2826535e+09 1.5684206e+09 2.5e-22 4.4513482e-23 6.7489139e-26
1.7599723e+08 5.0056062e+17 1.2805838e+09 1.567022e+09 2.5e-22 4.4434263e-23 6.7677103e-26
1.7638811e+08 5.0106118e+17 1.2785165e+09 1.5656226e+09 2.5e-22 4.4355223e-23 6.786561e-26
1.7678002e+08 5.0156224e+17 1.2764517e+09 1.5642226e+09 2.5e-22 4.4276364e-23 6.8054661e-26
1.7717296e+08 5.020638e+17 1.2743892e+09 1.5628219e+09 2.5e-22 4.4197683e-23 6.8244259e-26
1.7756692e+08 5.0256586e+17 1.2723292e+09 1.5614204e+09 2.5e-22 4.4119181e-23 6.8434403e-26
1.7796192e+08 5.0306843e+17 1.2702716e+09 1.5600183e+09 2.5e-22 4.4040857e-23 6.8625097e-26
1.7835795e+08 5.035715e+17 1.2682164e+09 1.5586156e+09 2.5e-22 4.3962711e-23 6.8816342e-26
1.7875502e+08 5.0407507e+17 1.2661636e+09 1.5572121e+09 2.5e-22 4.3884742e-23 6.9008139e-26
1.7915313e+08 5.0457914e+17 1.2641132e+09 1.555808e+09 2.5e-22 4.380695e-23 6.920049e-26
1.7955229e+08 5.0508372e+17 1.2620652e+09 1.5544032e+09 2.5e-22 4.3729335e-23 6.9393397e-26
1.7995249e+08 5.0558881e+17 1.2600197e+09 1.5529978e+09 2.5e-22 4.3651895e-23 6.9586862e-26
1.8035375e+08 5.060944e+17 1.2579765e+09 1.5515917e+09 2.5e-22 4.357463e-23 6.9780885e-26
1.8075606e+08 5.0660049e+17 1.2559358e+09 1.5501849e+09 2.5e-22 4.3497541e-23 6.997547e-26
1.8115942e+08 5.0710709e+17 1.2538975e+09 1.5487776e+09 2.5e-22 4.3420626e-23 7.0170617e-26
1.8156385e+08 5.076142e+17 1.2518616e+09 1.5473695e+09 2.5e-22 4.3343885e-23 7.0366328e-26
1.8196933e+08 5.0812181e+17 1.2498281e+09 1.5459609e+09 2.5e-22 4.3267318e-23 7.0562605e-26
1.8237589e+08 5.0862993e+17 1.247797e+09 1.5445516e+09 2.5e-22 4.3190924e-23 7.075945e-26
1.8278351e+08 5.0913856e+17 1.2457683e+09 1.5431417e+09 2.5e-22 4.3114703e-23 7.0956864e-26
1.831922e+08 5.096477e+17 1.2437421e+09 1.5417311e+09 2.5e-22 4.3038654e-23 7.1154849e-26
1.8360197e+08 5.1015735e+17 1.2417182e+09 1.54032e+09 2.5e-22 4.2962777e-23 7.1353407e-26
1.8401282e+08 5.1066751e+17 1.2396968e+09 1.5389082e+09 2.5e-22 4.2887072e-23 7.155254e-26
1.8442475e+08 5.1117818e+17 1.2376777e+09 1.5374958e+09 2.5e-22 4.2811538e-23 7.1752248e-26
1.8483776e+08 5.1168935e+17 1.2356611e+09 1.5360828e+09 2.5e-22 4.2736174e-23 7.1952535e-26
1.8525187e+08 5.1220104e+17 1.2336468e+09 1.5346693e+09 2.5e-22 4.266098e-23 7.2153401e-26
1.8566706e+08 5.1271324e+17 1.231635e+09 1.5332551e+09 2.5e-22 4.2585956e-23 7.2354849e-26
1.8608335e+08 5.1322596e+17 1.2296255e+09 1.5318403e+09 2.5e-22 4.2511102e-23 7.255688e-26
1.8650073e+08 5.1373918e+17 1.2276185e+09 1.530425e+09 2.5e-22 4.2436416e-23 7.2759495e-26
1.8691921e+08 5.1425292e+17 1.2256139e+09 1.529009e+09 2.5e-22 4.2361899e-23 7.2962698e-26
1.873388e+08 5.1476718e+17 1.2236117e+09 1.5275925e+09 2.5e-22 4.228755e-23 7.3166489e-26
1.877595e+08 5.1528194e+17 1.2216118e+09 1.5261755e+09 2.5e-22 4.2213368e-23 7.337087e-26
1.881813e+08 5.1579722e+17 1.2196144e+09 1.5247578e+09 2.5e-22 4.2139353e-23 7.3575843e-26
1.8860422e+08 5.1631302e+17 1.2176194e+09 1.5233396e+09 2.5e-22 4.2065506e-23 7.378141e-26
1.8902825e+08 5.1682933e+17 1.2156267e+09 1.5219208e+09 2.5e-22 4.1991824e-23 7.3987573e-26
1.8945341e+08 5.1734616e+17 1.2136365e+09 1.5205015e+09 2.5e-22 4.1918308e-23 7.4194333e-26
1.8987969e+08 5.1786351e+17 1.2116486e+09 1.5190817e+09 2.5e-22 4.1844958e-23 7.4401692e-26
1.9030709e+08 5.1838137e+17 1.2096632e+09 1.5176613e+09 2.5e-22 4.1771773e-23 7.4609652e-26
1.9073562e+08 5.1889976e+17 1.2076801e+09 1.5162403e+09 2.5e-22 4.1698753e-23 7.4818215e-26
1.9116529e+08 5.1941865e+17 1.2056995e+09 1.5148188e+09 2.5e-22 4.1625897e-23 7.5027382e-26
1.9159609e+08 5.1993807e+17 1.2037212e+09 1.5133968e+09 2.5e-22 4.1553204e-23 7.5237156e-26
1.9202804e+08 5.2045801e+17 1.2017453e+09 1.5119743e+09 2.5e-22 4.1480675e-23 7.5447539e-26
1.9246112e+08 5.2097847e+17 1.1997718e+09 1.5105512e+09 2.5e-22 4.1408309e-23 7.5658531e-26
1.9289535e+08 5.2149945e+17 1.1978008e+09 1.5091276e+09 2.5e-22 4.1336106e-23 7.5870136e-26
1.9333073e+08 5.2202095e+17 1.195832e+09 1.5077035e+09 2.5e-22 4.1264064e-23 7.6082354e-26
1.9376727e+08 5.2254297e+17 1.1938657e+09 1.5062789e+09 2.5e-22 4.1192184e-23 7.6295188e-26
1.9420496e+08 5.2306551e+17 1.1919018e+09 1.5048538e+09 2.5e-22 4.1120466e-23 7.6508639e-26
1.9464381e+08 5.2358858e+17 1.1899403e+09 1.5034282e+09 2.5e-22 4.1048909e-23 7.672271e-26
1.9508382e+08 5.2411217e+17 1.1879811e+09 1.5020021e+09 2.5e-22 4.0977512e-23 7.6937402e-26
1.95525e+08 5.2463628e+17 1.1860243e+09 1.5005755e+09 2.5e-22 4.0906275e-23 7.7152717e-26
1.9596735e+08 5.2516091e+17 1.18407e+09 1.4991485e+09 2.5e-22 4.0835198e-23 7.7368657e-26
1.9641087e+08 5.2568608e+17 1.182118e+09 1.4977209e+09 2.5e-22 4.076428e-23 7.7585224e-26
1.9685557e+08 5.2621176e+17 1.1801684e+09 1.4962929e+09 2.5e-22 4.0693521e-23 7.780242e-26
1.9730145e+08 5.2673797e+17 1.1782211e+09 1.4948644e+09 2.5e-22 4.0622921e-23 7.8020246e-26
1.9774851e+08 5.2726471e+17 1.1762763e+09 1.4934354e+09 2.5e-22 4.0552479e-23 7.8238705e-26
1.9819676e+08 5.2779198e+17 1.1743338e+09 1.492006e+09 2.5e-22 4.0482194e-23 7.8457799e-26
1.986462e+08 5.2831977e+17 1.1723937e+09 1.4905761e+09 2.5e-22 4.0412067e-23 7.8677529e-26
1.9909683e+08 5.2884809e+17 1.170456e+09 1.4891457e+09 2.5e-22 4.0342096e-23 7.8897897e-26
1.9954866e+08 5.2937694e+17 1.1685207e+09 1.487715e+09 2.5e-22 4.0272282e-23 7.9118906e-26
2.0000169e+08 5.2990631e+17 1.1665877e+09 1.4862837e+09 2.5e-22 4.0202624e-23 7.9340557e-26
2.0045593e+08 5.3043622e+17 1.1646571e+09 1.484852e+09 2.5e-22 4.0133122e-23 7.9562852e-26
2.0091137e+08 5.3096665e+17 1.1627289e+09 1.4834199e+09 2.5e-22 4.0063775e-23 7.9785793e-26
2.0136803e+08 5.3149762e+17 1.1608031e+09 1.4819874e+09 2.5e-22 3.9994583e-23 8.0009382e-26
2.018259e+08 5.3202912e+17 1.1588796e+09 1.4805544e+09 2.5e-22 3.9925546e-23 8.0233621e-26
2.0228499e+08 5.3256115e+17 1.1569585e+09 1.479121e+09 2.5e-22 3.9856663e-23 8.0458512e-26
2.027453e+08 5.3309371e+17 1.1550398e+09 1.4776872e+09 2.5e-22 3.9787933e-23 8.0684058e-26
2.0320684e+08 5.336268e+17 1.1531235e+09 1.476253e+09 2.5e-22 3.9719357e-23 8.0910259e-26
2.036696e+08 5.3416043e+17 1.1512095e+09 1.4748183e+09 2.5e-22 3.9650934e-23 8.1137118e-26
2.041336e+08 5.3469459e+17 1.1492979e+09 1.4733833e+09 2.5e-22 3.9582663e-23 8.1364636e-26
2.0459884e+08 5.3522928e+17 1.1473886e+09 1.4719478e+09 2.5e-22 3.9514545e-23 8.1592817e-26
2.0506531e+08 5.3576451e+17 1.1454818e+09 1.470512e+09 2.5e-22 3.9446579e-23 8.1821662e-26
2.0553303e+08 5.3630028e+17 1.1435773e+09 1.4690758e+09 2.5e-22 3.9378763e-23 8.2051173e-26
2.06002e+08 5.3683658e+17 1.1416751e+09 1.4676392e+09 2.5e-22 3.9311099e-23 8.2281351e-26
2.0647222e+08 5.3737342e+17 1.1397754e+09 1.4662021e+09 2.5e-22 3.9243586e-23 8.25122e-26
2.0694369e+08 5.3791079e+17 1.1378779e+09 1.4647648e+09 2.5e-22 3.9176223e-23 8.274372e-26
2.0741642e+08 5.384487e+17 1.1359829e+09 1.463327e+09 2.5e-22 3.910901e-23 8.2975915e-26
2.0789042e+08 5.3898715e+17 1.1340902e+09 1.4618889e+09 2.5e-22 3.9041946e-23 8.3208786e-26
2.0836568e+08 5.3952614e+17 1.1321999e+09 1.4604504e+09 2.5e-22 3.8975032e-23 8.3442334e-26
2.0884221e+08 5.4006566e+17 1.1303119e+09 1.4590116e+09 2.5e-22 3.8908266e-23 8.3676563e-26
2.0932001e+08 5.4060573e+17 1.1284263e+09 1.4575724e+09 2.5e-22 3.8841649e-23 8.3911474e-26
2.0979909e+08 5.4114633e+17 1.126543e+09 1.4561328e+09 2.5e-22 3.877518e-23 8.414707e-26
2.1027945e+08 5.4168748e+17 1.1246621e+09 1.4546929e+09 2.5e-22 3.8708858e-23 8.4383352e-26
2.1076109e+08 5.4222917e+17 1.1227836e+09 1.4532527e+09 2.5e-22 3.8642684e-23 8.4620322e-26
2.1124403e+08 5.427714e+17 1.1209074e+09 1.4518121e+09 2.5e-22 3.8576657e-23 8.4857983e-26
2.1172825e+08 5.4331417e+17 1.1190336e+09 1.4503712e+09 2.5e-22 3.8510776e-23 8.5096336e-26
2.1221377e+08 5.4385748e+17 1.1171621e+09 1.4489299e+09 2.5e-22 3.8445042e-23 8.5335385e-26
2.1270059e+08 5.4440134e+17 1.115293e+09 1.4474883e+09 2.5e-22 3.8379453e-23 8.557513e-26
2.1318872e+08 5.4494574e+17 1.1134262e+09 1.4460464e+09 2.5e-22 3.831401e-23 8.5815574e-26
2.1367815e+08 5.4549069e+17 1.1115617e+09 1.4446042e+09 2.5e-22 3.8248712e-23 8.6056719e-26
2.1416889e+08 5.4603618e+17 1.1096997e+09 1.4431617e+09 2.5e-22 3.8183558e-23 8.6298567e-26
2.1466095e+08 5.4658221e+17 1.1078399e+09 1.4417189e+09 2.5e-22 3.8118549e-23 8.6541121e-26
2.1515432e+08 5.471288e+17 1.1059825e+09 1.4402757e+09 2.5e-22 3.8053684e-23 8.6784382e-26
2.1564902e+08 5.4767592e+17 1.1041275e+09 1.4388323e+09 2.5e-22 3.7988963e-23 8.7028353e-26
2.1614505e+08 5.482236e+17 1.1022748e+09 1.4373886e+09 2.5e-22 3.7924385e-23 8.7273035e-26
2.1664241e+08 5.4877182e+17 1.1004244e+09 1.4359446e+09 2.5e-22 3.785995e-23 8.7518432e-26
2.171411e+08 5.493206e+17 1.0985764e+09 1.4345003e+09 2.5e-22 3.7795657e-23 8.7764544e-26
2.1764113e+08 5.4986992e+17 1.0967307e+09 1.4330557e+09 2.5e-22 3.7731507e-23 8.8011375e-26
2.181425e+08 5.5041979e+17 1.0948874e+09 1.4316108e+09 2.5e-22 3.7667498e-23 8.8258927e-26
2.1864522e+08 5.5097021e+17 1.0930464e+09 1.4301657e+09 2.5e-22 3.7603631e-23 8.8507201e-26
2.1914928e+08 5.5152118e+17 1.0912078e+09 1.4287203e+09 2.5e-22 3.7539905e-23 8.87562e-26
2.1965471e+08 5.520727e+17 1.0893714e+09 1.4272746e+09 2.5e-22 3.747632e-23 8.9005926e-26
2.2016149e+08 5.5262477e+17 1.0875374e+09 1.4258287e+09 2.5e-22 3.7412875e-23 8.9256381e-26
2.2066963e+08 5.5317739e+17 1.0857058e+09 1.4243825e+09 2.5e-22 3.7349571e-23 8.9507567e-26
2.2117914e+08 5.5373057e+17 1.0838765e+09 1.422936e+09 2.5e-22 3.7286406e-23 8.9759488e-26
2.2169002e+08 5.542843e+17 1.0820495e+09 1.4214894e+09 2.5e-22 3.722338e-23 9.0012144e-26
2.2220227e+08 5.5483859e+17 1.0802248e+09 1.4200424e+09 2.5e-22 3.7160494e-23 9.0265539e-26
2.2271591e+08 5.5539343e+17 1.0784025e+09 1.4185953e+09 2.5e-22 3.7097746e-23 9.0519674e-26
2.2323092e+08 5.5594882e+17 1.0765825e+09 1.4171479e+09 2.5e-22 3.7035136e-23 9.0774551e-26
2.2374732e+08 5.5650477e+17 1.0747649e+09 1.4157002e+09 2.5e-22 3.6972665e-23 9.1030174e-26
2.2426512e+08 5.5706127e+17 1.0729495e+09 1.4142524e+09 2.5e-22 3.6910331e-23 9.1286544e-26
2.247843e+08 5.5761833e+17 1.0711365e+09 1.4128043e+09 2.5e-22 3.6848135e-23 9.1543663e-26
2.2530489e+08 5.5817595e+17 1.0693258e+09 1.411356e+09 2.5e-22 3.6786075e-23 9.1801534e-26
2.2582688e+08 5.5873413e+17 1.0675174e+09 1.4099075e+09 2.5e-22 3.6724152e-23 9.2060159e-26
2.2635027e+08 5.5929286e+17 1.0657114e+09 1.4084588e+09 2.5e-22 3.6662365e-23 9.231954e-26
2.2687508e+08 5.5985216e+17 1.0639077e+09 1.4070099e+09 2.5e-22 3.6600715e-23 9.257968e-26
2.274013e+08 5.6041201e+17 1.0621063e+09 1.4055608e+09 2.5e-22 3.6539199e-23 9.2840581e-26
2.2792894e+08 5.6097242e+17 1.0603072e+09 1.4041114e+09 2.5e-22 3.6477819e-23 9.3102245e-26
2.2845801e+08 5.6153339e+17 1.0585104e+09 1.4026619e+09 2.5e-22 3.6416574e-23 9.3364674e-26
2.289885e+08 5.6209493e+17 1.056716e+09 1.4012122e+09 2.5e-22 3.6355464e-23 9.3627872e-26
2.2952043e+08 5.6265702e+17 1.0549238e+09 1.3997624e+09 2.5e-22 3.6294488e-23 9.389184e-26
2.3005379e+08 5.6321968e+17 1.053134e+09 1.3983123e+09 2.5e-22 3.6233646e-23 9.415658e-26
2.305886e+08 5.637829e+17 1.0513465e+09 1.3968621e+09 2.5e-22 3.6172937e-23 9.4422096e-26
2.3112485e+08 5.6434668e+17 1.0495613e+09 1.3954117e+09 2.5e-22 3.6112361e-23 9.4688388e-26
2.3166254e+08 5.6491103e+17 1.0477784e+09 1.3939611e+09 2.5e-22 3.6051919e-23 9.4955461e-26
2.3220169e+08 5.6547594e+17 1.0459979e+09 1.3925104e+09 2.5e-22 3.5991609e-23 9.5223315e-26
2.327423e+08 5.6604141e+17 1.0442196e+09 1.3910595e+09 2.5e-22 3.5931431e-23 9.5491954e-26
2.3328437e+08 5.6660745e+17 1.0424437e+09 1.3896085e+09 2.5e-22 3.5871385e-23 9.576138e-26
2.3382791e+08 5.6717406e+17 1.04067e+09 1.3881573e+09 2.5e-22 3.5811471e-23 9.6031595e-26
2.3437292e+08 5.6774124e+17 1.0388987e+09 1.386706e+09 2.5e-22 3.5751688e-23 9.6302601e-26
2.349194e+08 5.6830898e+17 1.0371296e+09 1.3852545e+09 2.5e-22 3.5692036e-23 9.6574402e-26
2.3546737e+08 5.6887729e+17 1.0353629e+09 1.3838029e+09 2.5e-22 3.5632515e-23 9.6846999e-26
2.3601681e+08 5.6944616e+17 1.0335984e+09 1.3823511e+09 2.5e-22 3.5573124e-23 9.7120395e-26
2.3656775e+08 5.7001561e+17 1.0318363e+09 1.3808993e+09 2.5e-22 3.5513862e-23 9.7394592e-26
2.3712018e+08 5.7058563e+17 1.0300765e+09 1.3794473e+09 2.5e-22 3.5454731e-23 9.7669593e-26
2.376741e+08 5.7115621e+17 1.0283189e+09 1.3779952e+09 2.5e-22 3.5395729e-23 9.79454e-26
2.3822953e+08 5.7172737e+17 1.0265637e+09 1.3765429e+09 2.5e-22 3.5336855e-23 9.8222016e-26
2.3878646e+08 5.7229909e+17 1.0248107e+09 1.3750906e+09 2.5e-22 3.5278111e-23 9.8499443e-26
2.3934491e+08 5.7287139e+17 1.0230601e+09 1.3736382e+09 2.5e-22 3.5219495e-23 9.8777684e-26
2.3990487e+08 5.7344427e+17 1.0213117e+09 1.3721856e+09 2.5e-22 3.5161006e-23 9.9056741e-26
2.4046635e+08 5.7401771e+17 1.0195656e+09 1.370733e+09 2.5e-22 3.5102646e-23 9.9336616e-26
2.4102935e+08 5.7459173e+17 1.0178219e+09 1.3692802e+09 2.5e-22 3.5044413e-23 9.9617313e-26
2.4159388e+08 5.7516632e+17 1.0160804e+09 1.3678274e+09 2.5e-22 3.4986307e-23 9.9898833e-26
2.4215994e+08 5.7574149e+17 1.0143412e+09 1.3663745e+09 2.5e-22 3.4928327e-23 1.0018118e-25
2.4272754e+08 5.7631723e+17 1.0126042e+09 1.3649215e+09 2.5e-22 3.4870475e-23 1.0046435e-25
2.4329669e+08 5.7689354e+17 1.0108696e+09 1.3634684e+09 2.5e-22 3.4812748e-23 1.0074836e-25
2.4386738e+08 5.7747044e+17 1.0091373e+09 1.3620152e+09 2.5e-22 3.4755147e-23 1.010332e-25
2.4443962e+08 5.7804791e+17 1.0074072e+09 1.360562e+09 2.5e-22 3.4697672e-23 1.0131888e-25
2.4501342e+08 5.7862596e+17 1.0056794e+09 1.3591087e+09 2.5e-22 3.4640321e-23 1.0160539e-25
2.4558878e+08 5.7920458e+17 1.0039539e+09 1.3576554e+09 2.5e-22 3.4583096e-23 1.0189275e-25
2.461657e+08 5.7978379e+17 1.0022307e+09 1.356202e+09 2.5e-22 3.4525995e-23 1.0218095e-25
2.4674419e+08 5.8036357e+17 1.0005097e+09 1.3547485e+09 2.5e-22 3.4469019e-23 1.0246999e-25
2.4732426e+08 5.8094393e+17 9.9879106e+08 1.353295e+09 2.5e-22 3.4412166e-23 1.0275989e-25
2.4790591e+08 5.8152488e+17 9.9707467e+08 1.3518414e+09 2.5e-22 3.4355437e-23 1.0305064e-25
2.4848914e+08 5.821064e+17 9.9536055e+08 1.3503878e+09 2.5e-22 3.4298832e-23 1.0334224e-25
2.4907396e+08 5.8268851e+17 9.936487e+08 1.3489342e+09 2.5e-22 3.4242349e-23 1.036347e-25
2.4966037e+08 5.832712e+17 9.9193912e+08 1.3474805e+09 2.5e-22 3.418599e-23 1.0392802e-25
2.5024838e+08 5.8385447e+17 9.9023181e+08 1.3460268e+09 2.5e-22 3.4129752e-23 1.042222e-25
2.50838e+08 5.8443832e+17 9.8852677e+08 1.3445731e+09 2.5e-22 3.4073637e-23 1.0451724e-25
2.5142922e+08 5.8502276e+17 9.86824e+08 1.3431194e+09 2.5e-22 3.4017644e-23 1.0481315e-25
2.5202205e+08 5.8560778e+17 9.851235e+08 1.3416656e+09 2.5e-22 3.3961772e-23 1.0510994e-25
2.526165e+08 5.8619339e+17 9.8342526e+08 1.3402118e+09 2.5e-22 3.3906021e-23 1.0540759e-25
2.5321258e+08 5.8677959e+17 9.8172928e+08 1.338758e+09 2.5e-22 3.3850391e-23 1.0570612e-25
2.5381028e+08 5.8736636e+17 9.8003557e+08 1.3373043e+09 2.5e-22 3.3794882e-23 1.0600553e-25
2.5440961e+08 5.8795373e+17 9.7834411e+08 1.3358505e+09 2.5e-22 3.3739493e-23 1.0630582e-25
2.5501058e+08 5.8854168e+17 9.7665492e+08 1.3343967e+09 2.5e-22 3.3684224e-23 1.06607e-25
2.5561319e+08 5.8913023e+17 9.7496798e+08 1.3329429e+09 2.5e-22 3.3629075e-23 1.0690906e-25
2.5621744e+08 5.8971936e+17 9.732833e+08 1.3314892e+09 2.5e-22 3.3574046e-23 1.0721201e-25
2.5682335e+08 5.9030908e+17 9.7160088e+08 1.3300354e+09 2.5e-22 3.3519135e-23 1.0751585e-25
2.5743091e+08 5.9089939e+17 9.6992071e+08 1.3285817e+09 2.5e-22 3.3464343e-23 1.0782058e-25
2.5804014e+08 5.9149028e+17 9.6824279e+08 1.327128e+09 2.5e-22 3.340967e-23 1.0812621e-25
2.5865103e+08 5.9208177e+17 9.6656712e+08 1.3256743e+09 2.5e-22 3.3355115e-23 1.0843274e-25
2.5926359e+08 5.9267386e+17 9.6489371e+08 1.3242206e+09 2.5e-22 3.3300678e-23 1.0874018e-25
2.5987783e+08 5.9326653e+17 9.6322254e+08 1.322767e+09 2.5e-22 3.3246359e-23 1.0904852e-25
2.6049374e+08 5.938598e+17 9.6155362e+08 1.3213135e+09 2.5e-22 3.3192157e-23 1.0935777e-25
2.6111135e+08 5.9445366e+17 9.5988694e+08 1.3198599e+09 2.5e-22 3.3138073e-23 1.0966793e-25
2.6173064e+08 5.9504811e+17 9.5822251e+08 1.3184064e+09 2.5e-22 3.3084104e-23 1.09979e-25
2.6235164e+08 5.9564316e+17 9.5656033e+08 1.316953e+09 2.5e-22 3.3030253e-23 1.1029099e-25
2.6297433e+08 5.962388e+17 9.5490038e+08 1.3154996e+09 2.5e-22 3.2976518e-23 1.106039e-25
2.6359873e+08 5.9683504e+17 9.5324268e+08 1.3140463e+09 2.5e-22 3.2922898e-23 1.1091773e-25
2.6422484e+08 5.9743188e+17 9.5158722e+08 1.3125931e+09 2.5e-22 3.2869395e-23 1.1123248e-25
2.6485266e+08 5.9802931e+17 9.4993399e+08 1.3111399e+09 2.5e-22 3.2816006e-23 1.1154817e-25
2.6548221e+08 5.9862734e+17 9.48283e+08 1.3096868e+09 2.5e-22 3.2762733e-23 1.1186478e-25
2.6611349e+08 5.9922596e+17 9.4663424e+08 1.3082337e+09 2.5e-22 3.2709575e-23 1.1218233e-25
2.6674649e+08 5.9982519e+17 9.4498772e+08 1.3067808e+09 2.5e-22 3.2656531e-23 1.1250081e-25
2.6738124e+08 6.0042502e+17 9.4334343e+08 1.3053279e+09 2.5e-22 3.2603601e-23 1.1282024e-25
2.6801772e+08 6.0102544e+17 9.4170137e+08 1.3038751e+09 2.5e-22 3.2550785e-23 1.131406e-25
2.6865596e+08 6.0162647e+17 9.4006154e+08 1.3024224e+09 2.5e-22 3.2498083e-23 1.1346191e-25
2.6929594e+08 6.0222809e+17 9.3842394e+08 1.3009698e+09 2.5e-22 3.2445494e-23 1.1378417e-25
2.6993769e+08 6.0283032e+17 9.3678856e+08 1.2995173e+09 2.5e-22 3.2393019e-23 1.1410738e-25
2.705812e+08 6.0343315e+17 9.3515541e+08 1.2980649e+09 2.5e-22 3.2340656e-23 1.1443154e-25
2.7122647e+08 6.0403658e+17 9.3352449e+08 1.2966126e+09 2.5e-22 3.2288406e-23 1.1475666e-25
2.7187352e+08 6.0464062e+17 9.3189578e+08 1.2951604e+09 2.5e-22 3.2236268e-23 1.1508274e-25
2.7252235e+08 6.0524526e+17 9.302693e+08 1.2937083e+09 2.5e-22 3.2184242e-23 1.1540978e-25
2.7317296e+08 6.0585051e+17 9.2864503e+08 1.2922563e+09 2.5e-22 3.2132327e-23 1.1573779e-25
2.7382537e+08 6.0645636e+17 9.2702299e+08 1.2908045e+09 2.5e-22 3.2080525e-23 1.1606677e-25
2.7447956e+08 6.0706281e+17 9.2540316e+08 1.2893528e+09 2.5e-22 3.2028833e-23 1.1639672e-25
2.7513556e+08 6.0766988e+17 9.2378554e+08 1.2879012e+09 2.5e-22 3.1977252e-23 1.1672764e-25
2.7579337e+08 6.0827755e+17 9.2217014e+08 1.2864498e+09 2.5e-22 3.1925782e-23 1.1705954e-25
2.7645298e+08 6.0888582e+17 9.2055695e+08 1.2849984e+09 2.5e-22 3.1874422e-23 1.1739242e-25
2.7711441e+08 6.0949471e+17 9.1894597e+08 1.2835473e+09 2.5e-22 3.1823173e-23 1.1772628e-25
2.7777767e+08 6.101042e+17 9.173372e+08 1.2820963e+09 2.5e-22 3.1772033e-23 1.1806113e-25
2.7844275e+08 6.1071431e+17 9.1573064e+08 1.2806454e+09 2.5e-22 3.1721002e-23 1.1839697e-25
2.7910966e+08 6.1132502e+17 9.1412629e+08 1.2791946e+09 2.5e-22 3.1670081e-23 1.1873381e-25
2.7977842e+08 6.1193635e+17 9.1252414e+08 1.2777441e+09 2.5e-22 3.1619269e-23 1.1907163e-25
2.8044901e+08 6.1254828e+17 9.1092419e+08 1.2762937e+09 2.5e-22 3.1568566e-23 1.1941046e-25
2.8112146e+08 6.1316083e+17 9.0932645e+08 1.2748434e+09 2.5e-22 3.1517971e-23 1.1975029e-25
2.8179576e+08 6.1377399e+17 9.077309e+08 1.2733933e+09 2.5e-22 3.1467485e-23 1.2009112e-25
2.8247193e+08 6.1438777e+17 9.0613756e+08 1.2719434e+09 2.5e-22 3.1417106e-23 1.2043296e-25
2.8314996e+08 6.1500215e+17 9.0454641e+08 1.2704937e+09 2.5e-22 3.1366835e-23 1.2077582e-25
2.8382986e+08 6.1561716e+17 9.0295746e+08 1.2690441e+09 2.5e-22 3.1316671e-23 1.2111968e-25
2.8451164e+08 6.1623277e+17 9.013707e+08 1.2675948e+09 2.5e-22 3.1266615e-23 1.2146457e-25
2.851953e+08 6.1684901e+17 8.9978614e+08 1.2661456e+09 2.5e-22 3.1216666e-23 1.2181047e-25
2.8588085e+08 6.1746586e+17 8.9820377e+08 1.2646966e+09 2.5e-22 3.1166823e-23 1.221574e-25
2.8656829e+08 6.1808332e+17 8.9662359e+08 1.2632478e+09 2.5e-22 3.1117086e-23 1.2250535e-25
2.8725764e+08 6.187014e+17 8.950456e+08 1.2617992e+09 2.5e-22 3.1067456e-23 1.2285434e-25
2.8794889e+08 6.1932011e+17 8.9346979e+08 1.2603508e+09 2.5e-22 3.1017931e-23 1.2320435e-25
2.8864205e+08 6.1993943e+17 8.9189617e+08 1.2589026e+09 2.5e-22 3.0968512e-23 1.2355541e-25
2.8933713e+08 6.2055937e+17 8.9032473e+08 1.2574546e+09 2.5e-22 3.0919198e-23 1.239075e-25
2.9003414e+08 6.2117993e+17 8.8875548e+08 1.2560068e+09 2.5e-22 3.086999e-23 1.2426064e-25
2.9073307e+08 6.2180111e+17 8.8718841e+08 1.2545592e+09 2.5e-22 3.0820886e-23 1.2461482e-25
2.9143394e+08 6.2242291e+17 8.8562352e+08 1.2531119e+09 2.5e-22 3.0771887e-23 1.2497005e-25
2.9213674e+08 6.2304533e+17 8.840608e+08 1.2516648e+09 2.5e-22 3.0722992e-23 1.2532633e-25
2.928415e+08 6.2366837e+17 8.8250026e+08 1.2502179e+09 2.5e-22 3.0674201e-23 1.2568367e-25
2.935482e+08 6.2429204e+17 8.809419e+08 1.2487712e+09 2.5e-22 3.0625513e-23 1.2604207e-25
2.9425687e+08 6.2491633e+17 8.7938571e+08 1.2473248e+09 2.5e-22 3.057693e-23 1.2640153e-25
2.949675e+08 6.2554125e+17 8.7783169e+08 1.2458786e+09 2.5e-22 3.052845e-23 1.2676205e-25
2.9568009e+08 6.2616679e+17 8.7627985e+08 1.2444326e+09 2.5e-22 3.0480072e-23 1.2712364e-25
2.9639467e+08 6.2679296e+17 8.7473017e+08 1.2429869e+09 2.5e-22 3.0431798e-23 1.2748631e-25
2.9711122e+08 6.2741975e+17 8.7318266e+08 1.2415415e+09 2.5e-22 3.0383626e-23 1.2785005e-25
2.9782977e+08 6.2804717e+17 8.7163731e+08 1.2400963e+09 2.5e-22 3.0335556e-23 1.2821487e-25
2.985503e+08 6.2867522e+17 8.7009413e+08 1.2386513e+09 2.5e-22 3.0287588e-23 1.2858077e-25
2.9927284e+08 6.2930389e+17 8.6855312e+08 1.2372066e+09 2.5e-22 3.0239722e-23 1.2894775e-25
2.9999738e+08 6.299332e+17 8.6701426e+08 1.2357622e+09 2.5e-22 3.0191958e-23 1.2931583e-25
3.0072394e+08 6.3056313e+17 8.6547756e+08 1.2343181e+09 2.5e-22 3.0144295e-23 1.29685e-25
3.0145251e+08 6.3119369e+17 8.6394303e+08 1.2328742e+09 2.5e-22 3.0096733e-23 1.3005526e-25
3.0218311e+08 6.3182489e+17 8.6241064e+08 1.2314306e+09 2.5e-22 3.0049271e-23 1.3042662e-25
3.0291573e+08 6.3245671e+17 8.6088042e+08 1.2299872e+09 2.5e-22 3.0001911e-23 1.3079908e-25
3.036504e+08 6.3308917e+17 8.5935235e+08 1.2285442e+09 2.5e-22 2.995465e-23 1.3117265e-25
3.043871e+08 6.3372226e+17 8.5782642e+08 1.2271014e+09 2.5e-22 2.990749e-23 1.3154732e-25
3.0512586e+08 6.3435598e+17 8.5630265e+08 1.225659e+09 2.5e-22 2.9860429e-23 1.3192311e-25
3.0586666e+08 6.3499034e+17 8.5478103e+08 1.2242168e+09 2.5e-22 2.9813468e-23 1.3230002e-25
3.0660953e+08 6.3562533e+17 8.5326156e+08 1.2227749e+09 2.5e-22 2.9766607e-23 1.3267804e-25
3.0735447e+08 6.3626095e+17 8.5174423e+08 1.2213333e+09 2.5e-22 2.9719844e-23 1.3305719e-25
3.0810148e+08 6.3689721e+17 8.5022904e+08 1.219892e+09 2.5e-22 2.967318e-23 1.3343746e-25
3.0885057e+08 6.3753411e+17 8.48716e+08 1.218451e+09 2.5e-22 2.9626615e-23 1.3381886e-25
3.0960174e+08 6.3817165e+17 8.472051e+08 1.2170104e+09 2.5e-22 2.9580148e-23 1.342014e-25
3.1035501e+08 6.3880982e+17 8.4569633e+08 1.21557e+09 2.5e-22 2.9533779e-23 1.3458507e-25
3.1111037e+08 6.3944863e+17 8.4418971e+08 1.21413e+09 2.5e-22 2.9487509e-23 1.3496988e-25
3.1186784e+08 6.4008808e+17 8.4268522e+08 1.2126902e+09 2.5e-22 2.9441335e-23 1.3535584e-25
3.1262743e+08 6.4072816e+17 8.4118287e+08 1.2112508e+09 2.5e-22 2.939526e-23 1.3574294e-25
3.1338913e+08 6.4136889e+17 8.3968264e+08 1.2098118e+09 2.5e-22 2.9349281e-23 1.3613119e-25
3.1415295e+08 6.4201026e+17 8.3818455e+08 1.208373e+09 2.5e-22 2.9303399e-23 1.365206e-25
3.149189e+08 6.4265227e+17 8.3668859e+08 1.2069346e+09 2.5e-22 2.9257614e-23 1.3691116e-25
3.1568699e+08 6.4329492e+17 8.3519476e+08 1.2054966e+09 2.5e-22 2.9211926e-23 1.3730289e-25
3.1645722e+08 6.4393822e+17 8.3370306e+08 1.2040588e+09 2.5e-22 2.9166334e-23 1.3769578e-25
3.1722961e+08 6.4458216e+17 8.3221347e+08 1.2026215e+09 2.5e-22 2.9120837e-23 1.3808984e-25
3.1800415e+08 6.4522674e+17 8.3072602e+08 1.2011844e+09 2.5e-22 2.9075437e-23 1.3848507e-25
3.1878085e+08 6.4587197e+17 8.2924068e+08 1.1997478e+09 2.5e-22 2.9030132e-23 1.3888148e-25
3.1955972e+08 6.4651784e+17 8.2775747e+08 1.1983114e+09 2.5e-22 2.8984922e-23 1.3927907e-25
3.2034077e+08 6.4716435e+17 8.2627637e+08 1.1968755e+09 2.5e-22 2.8939807e-23 1.3967784e-25
3.21124e+08 6.4781152e+17 8.2479739e+08 1.1954399e+09 2.5e-22 2.8894788e-23 1.400778e-25
3.2190942e+08 6.4845933e+17 8.2332052e+08 1.1940046e+09 2.5e-22 2.8849862e-23 1.4047895e-25
3.2269703e+08 6.4910779e+17 8.2184577e+08 1.1925698e+09 2.5e-22 2.8805032e-23 1.4088129e-25
3.2348685e+08 6.497569e+17 8.2037313e+08 1.1911353e+09 2.5e-22 2.8760295e-23 1.4128483e-25
3.2427888e+08 6.5040665e+17 8.189026e+08 1.1897011e+09 2.5e-22 2.8715652e-23 1.4168957e-25
3.2507312e+08 6.5105706e+17 8.1743418e+08 1.1882674e+09 2.5e-22 2.8671103e-23 1.4209552e-25
3.2586958e+08 6.5170812e+17 8.1596787e+08 1.186834e+09 2.5e-22 2.8626647e-23 1.4250267e-25
3.2666827e+08 6.5235983e+17 8.1450366e+08 1.1854011e+09 2.5e-22 2.8582285e-23 1.4291104e-25
3.274692e+08 6.5301219e+17 8.1304155e+08 1.1839685e+09 2.5e-22 2.8538016e-23 1.4332063e-25
3.2827238e+08 6.536652e+17 8.1158155e+08 1.1825363e+09 2.5e-22 2.8493839e-23 1.4373143e-25
3.290778e+08 6.5431886e+17 8.1012365e+08 1.1811045e+09 2.5e-22 2.8449755e-23 1.4414346e-25
3.2988548e+08 6.5497318e+17 8.0866785e+08 1.1796731e+09 2.5e-22 2.8405763e-23 1.4455672e-25
3.3069542e+08 6.5562816e+17 8.0721414e+08 1.1782421e+09 2.5e-22 2.8361864e-23 1.4497121e-25
3.3150763e+08 6.5628378e+17 8.0576253e+08 1.1768115e+09 2.5e-22 2.8318056e-23 1.4538693e-25
3.3232211e+08 6.5694007e+17 8.0431301e+08 1.1753814e+09 2.5e-22 2.827434e-23 1.4580389e-25
3.3313889e+08 6.5759701e+17 8.0286559e+08 1.1739516e+09 2.5e-22 2.8230716e-23 1.462221e-25
3.3395795e+08 6.582546e+17 8.0142026e+08 1.1725222e+09 2.5e-22 2.8187182e-23 1.4664155e-25
3.3477931e+08 6.5891286e+17 7.9997701e+08 1.1710933e+09 2.5e-22 2.814374e-23 1.4706226e-25
3.3560297e+08 6.5957177e+17 7.9853585e+08 1.1696648e+09 2.5e-22 2.8100388e-23 1.4748422e-25
3.3642895e+08 6.6023134e+17 7.9709678e+08 1.1682367e+09 2.5e-22 2.8057127e-23 1.4790744e-25
3.3725725e+08 6.6089158e+17 7.9565979e+08 1.1668091e+09 2.5e-22 2.8013957e-23 1.4833192e-25
3.3808787e+08 6.6155247e+17 7.9422489e+08 1.1653819e+09 2.5e-22 2.7970876e-23 1.4875766e-25
3.3892082e+08 6.6221402e+17 7.9279206e+08 1.1639551e+09 2.5e-22 2.7927886e-23 1.4918468e-25
3.3975611e+08 6.6287623e+17 7.9136131e+08 1.1625287e+09 2.5e-22 2.7884985e-23 1.4961297e-25
3.4059375e+08 6.6353911e+17 7.8993265e+08 1.1611028e+09 2.5e-22 2.7842173e-23 1.5004254e-25
3.4143375e+08 6.6420265e+17 7.8850605e+08 1.1596774e+09 2.5e-22 2.7799451e-23 1.504734e-25
3.422761e+08 6.6486685e+17 7.8708153e+08 1.1582524e+09 2.5e-22 2.7756818e-23 1.5090554e-25
3.4312083e+08 6.6553172e+17 7.8565908e+08 1.1568278e+09 2.5e-22 2.7714274e-23 1.5133896e-25
3.4396793e+08 6.6619725e+17 7.8423871e+08 1.1554037e+09 2.5e-22 2.7671818e-23 1.5177369e-25
3.4481741e+08 6.6686345e+17 7.828204e+08 1.1539801e+09 2.5e-22 2.7629451e-23 1.5220971e-25
3.4566928e+08 6.6753031e+17 7.8140416e+08 1.1525569e+09 2.5e-22 2.7587172e-23 1.5264703e-25
3.4652355e+08 6.6819784e+17 7.7998998e+08 1.1511342e+09 2.5e-22 2.7544981e-23 1.5308566e-25
3.4738023e+08 6.6886604e+17 7.7857787e+08 1.149712e+09 2.5e-22 2.7502878e-23 1.535256e-25
3.4823932e+08 6.695349e+17 7.7716782e+08 1.1482902e+09 2.5e-22 2.7460862e-23 1.5396686e-25
3.4910082e+08 6.7020444e+17 7.7575983e+08 1.1468689e+09 2.5e-22 2.7418933e-23 1.5440943e-25
3.4996475e+08 6.7087464e+17 7.743539e+08 1.1454481e+09 2.5e-22 2.7377092e-23 1.5485333e-25
3.5083112e+08 6.7154552e+17 7.7295002e+08 1.1440277e+09 2.5e-22 2.7335338e-23 1.5529855e-25
3.5169993e+08 6.7221706e+17 7.715482e+08 1.1426079e+09 2.5e-22 2.729367e-23 1.5574511e-25
3.5257119e+08 6.7288928e+17 7.7014844e+08 1.1411885e+09 2.5e-22 2.7252089e-23 1.56193e-25
3.534449e+08 6.7356217e+17 7.6875072e+08 1.1397696e+09 2.5e-22 2.7210594e-23 1.5664222e-25
3.5432108e+08 6.7423573e+17 7.6735506e+08 1.1383512e+09 2.5e-22 2.7169185e-23 1.5709279e-25
3.5519973e+08 6.7490997e+17 7.6596144e+08 1.1369333e+09 2.5e-22 2.7127863e-23 1.5754471e-25
3.5608086e+08 6.7558488e+17 7.6456987e+08 1.135516e+09 2.5e-22 2.7086625e-23 1.5799798e-25
3.5696447e+08 6.7626046e+17 7.6318035e+08 1.1340991e+09 2.5e-22 2.7045474e-23 1.5845261e-25
3.5785058e+08 6.7693672e+17 7.6179287e+08 1.1326827e+09 2.5e-22 2.7004407e-23 1.589086e-25
3.5873919e+08 6.7761366e+17 7.6040743e+08 1.1312668e+09 2.5e-22 2.6963426e-23 1.5936595e-25
3.5963031e+08 6.7829127e+17 7.5902403e+08 1.1298515e+09 2.5e-22 2.6922529e-23 1.5982467e-25
3.6052394e+08 6.7896957e+17 7.5764267e+08 1.1284366e+09 2.5e-22 2.6881717e-23 1.6028476e-25
3.614201e+08 6.7964854e+17 7.5626334e+08 1.1270223e+09 2.5e-22 2.684099e-23 1.6074623e-25
3.623188e+08 6.8032818e+17 7.5488605e+08 1.1256085e+09 2.5e-22 2.6800347e-23 1.6120908e-25
3.6322003e+08 6.8100851e+17 7.535108e+08 1.1241952e+09 2.5e-22 2.6759788e-23 1.6167332e-25
3.6412381e+08 6.8168952e+17 7.5213757e+08 1.1227825e+09 2.5e-22 2.6719312e-23 1.6213895e-25
3.6503015e+08 6.8237121e+17 7.5076637e+08 1.1213702e+09 2.5e-22 2.6678921e-23 1.6260597e-25
3.6593905e+08 6.8305358e+17 7.493972e+08 1.1199586e+09 2.5e-22 2.6638613e-23 1.6307439e-25
3.6685052e+08 6.8373663e+17 7.4803006e+08 1.1185474e+09 2.5e-22 2.6598388e-23 1.6354421e-25
3.6776457e+08 6.8442037e+17 7.4666494e+08 1.1171368e+09 2.5e-22 2.6558246e-23 1.6401544e-25
3.686812e+08 6.8510479e+17 7.4530184e+08 1.1157267e+09 2.5e-22 2.6518187e-23 1.6448809e-25
3.6960043e+08 6.857899e+17 7.4394076e+08 1.1143172e+09 2.5e-22 2.647821e-23 1.6496215e-25
3.7052227e+08 6.8647569e+17 7.4258171e+08 1.1129083e+09 2.5e-22 2.6438316e-23 1.6543763e-25
3.7144671e+08 6.8716216e+17 7.4122467e+08 1.1114998e+09 2.5e-22 2.6398504e-23 1.6591453e-25
3.7237378e+08 6.8784932e+17 7.3986964e+08 1.110092e+09 2.5e-22 2.6358775e-23 1.6639286e-25
3.7330347e+08 6.8853717e+17 7.3851663e+08 1.1086847e+09 2.5e-22 2.6319127e-23 1.6687263e-25
3.7423579e+08 6.8922571e+17 7.3716563e+08 1.1072779e+09 2.5e-22 2.6279561e-23 1.6735384e-25
3.7517076e+08 6.8991494e+17 7.3581664e+08 1.1058717e+09 2.5e-22 2.6240076e-23 1.6783649e-25
3.7610838e+08 6.9060485e+17 7.3446966e+08 1.1044661e+09 2.5e-22 2.6200673e-23 1.6832059e-25
3.7704865e+08 6.9129546e+17 7.3312469e+08 1.1030611e+09 2.5e-22 2.616135e-23 1.6880614e-25
3.779916e+08 6.9198675e+17 7.3178172e+08 1.1016566e+09 2.5e-22 2.6122109e-23 1.6929314e-25
3.7893722e+08 6.9267874e+17 7.3044075e+08 1.1002527e+09 2.5e-22 2.6082948e-23 1.6978161e-25
3.7988552e+08 6.9337142e+17 7.2910179e+08 1.0988494e+09 2.5e-22 2.6043868e-23 1.7027154e-25
3.8083651e+08 6.9406479e+17 7.2776482e+08 1.0974467e+09 2.5e-22 2.6004868e-23 1.7076294e-25
3.8179021e+08 6.9475885e+17 7.2642985e+08 1.0960445e+09 2.5e-22 2.5965948e-23 1.7125582e-25
3.8274661e+08 6.9545361e+17 7.2509688e+08 1.094643e+09 2.5e-22 2.5927108e-23 1.7175017e-25
3.8370573e+08 6.9614907e+17 7.2376591e+08 1.093242e+09 2.5e-22 2.5888348e-23 1.7224602e-25
3.8466757e+08 6.9684522e+17 7.2243692e+08 1.0918416e+09 2.5e-22 2.5849667e-23 1.7274334e-25
3.8563215e+08 6.9754206e+17 7.2110993e+08 1.0904418e+09 2.5e-22 2.5811066e-23 1.7324217e-25
3.8659946e+08 6.982396e+17 7.1978492e+08 1.0890427e+09 2.5e-22 2.5772543e-23 1.7374249e-25
3.8756953e+08 6.9893784e+17 7.1846191e+08 1.0876441e+09 2.5e-22 2.57341e-23 1.7424431e-25
3.8854235e+08 6.9963678e+17 7.1714087e+08 1.0862461e+09 2.5e-22 2.5695736e-23 1.7474764e-25
3.8951795e+08 7.0033642e+17 7.1582182e+08 1.0848487e+09 2.5e-22 2.565745e-23 1.7525248e-25
3.9049631e+08 7.0103675e+17 7.1450476e+08 1.083452e+09 2.5e-22 2.5619242e-23 1.7575884e-25
3.9147746e+08 7.0173779e+17 7.1318967e+08 1.0820558e+09 2.5e-22 2.5581113e-23 1.7626672e-25
3.9246141e+08 7.0243953e+17 7.1187656e+08 1.0806603e+09 2.5e-22 2.5543062e-23 1.7677613e-25
3.9344815e+08 7.0314197e+17 7.1056543e+08 1.0792654e+09 2.5e-22 2.5505089e-23 1.7728706e-25
3.944377e+08 7.0384511e+17 7.0925627e+08 1.0778711e+09 2.5e-22 2.5467193e-23 1.7779954e-25
3.9543007e+08 7.0454895e+17 7.0794909e+08 1.0764775e+09 2.5e-22 2.5429375e-23 1.7831355e-25
3.9642527e+08 7.052535e+17 7.0664388e+08 1.0750844e+09 2.5e-22 2.5391634e-23 1.7882911e-25
3.974233e+08 7.0595876e+17 7.0534063e+08 1.073692e+09 2.5e-22 2.535397e-23 1.7934622e-25
3.9842418e+08 7.0666472e+17 7.0403936e+08 1.0723003e+09 2.5e-22 2.5316383e-23 1.7986488e-25
3.9942791e+08 7.0737138e+17 7.0274005e+08 1.0709091e+09 2.5e-22 2.5278873e-23 1.8038511e-25
4.004345e+08 7.0807875e+17 7.014427e+08 1.0695186e+09 2.5e-22 2.5241439e-23 1.8090689e-25
4.0144396e+08 7.0878683e+17 7.0014732e+08 1.0681288e+09 2.5e-22 2.5204082e-23 1.8143025e-25
4.024563e+08 7.0949562e+17 6.9885389e+08 1.0667396e+09 2.5e-22 2.5166801e-23 1.8195519e-25
4.0347153e+08 7.1020511e+17 6.9756243e+08 1.065351e+09 2.5e-22 2.5129596e-23 1.824817e-25
4.0448965e+08 7.1091532e+17 6.9627292e+08 1.0639631e+09 2.5e-22 2.5092467e-23 1.830098e-25
4.0551068e+08 7.1162623e+17 6.9498536e+08 1.0625758e+09 2.5e-22 2.5055414e-23 1.8353948e-25
4.0653462e+08 7.1233786e+17 6.9369976e+08 1.0611892e+09 2.5e-22 2.5018436e-23 1.8407076e-25
4.0756149e+08 7.130502e+17 6.9241611e+08 1.0598033e+09 2.5e-22 2.4981533e-23 1.8460364e-25
4.0859129e+08 7.1376325e+17 6.9113441e+08 1.058418e+09 2.5e-22 2.4944705e-23 1.8513813e-25
4.0962403e+08 7.1447701e+17 6.8985466e+08 1.0570334e+09 2.5e-22 2.4907952e-23 1.8567422e-25
4.1065973e+08 7.1519149e+17 6.8857685e+08 1.0556494e+09 2.5e-22 2.4871275e-23 1.8621193e-25
4.1169838e+08 7.1590668e+17 6.8730099e+08 1.0542662e+09 2.5e-22 2.4834671e-23 1.8675126e-25
4.1274e+08 7.1662259e+17 6.8602707e+08 1.0528835e+09 2.5e-22 2.4798142e-23 1.8729221e-25
4.137846e+08 7.1733921e+17 6.8475509e+08 1.0515016e+09 2.5e-22 2.4761688e-23 1.8783479e-25
4.1483218e+08 7.1805655e+17 6.8348505e+08 1.0501203e+09 2.5e-22 2.4725307e-23 1.8837901e-25
4.1588276e+08 7.187746e+17 6.8221695e+08 1.0487398e+09 2.5e-22 2.4689e-23 1.8892487e-25
4.1693635e+08 7.1949338e+17 6.8095078e+08 1.0473599e+09 2.5e-22 2.4652767e-23 1.8947237e-25
4.1799295e+08 7.2021287e+17 6.7968654e+08 1.0459807e+09 2.5e-22 2.4616608e-23 1.9002152e-25
4.1905258e+08 7.2093308e+17 6.7842424e+08 1.0446021e+09 2.5e-22 2.4580521e-23 1.9057233e-25
4.2011523e+08 7.2165402e+17 6.7716386e+08 1.0432243e+09 2.5e-22 2.4544508e-23 1.9112479e-25
4.2118093e+08 7.2237567e+17 6.7590541e+08 1.0418471e+09 2.5e-22 2.4508568e-23 1.9167893e-25
4.2224969e+08 7.2309805e+17 6.7464889e+08 1.0404707e+09 2.5e-22 2.4472701e-23 1.9223473e-25
4.233215e+08 7.2382115e+17 6.7339429e+08 1.039095e+09 2.5e-22 2.4436907e-23 1.9279221e-25
4.2439639e+08 7.2454497e+17 6.7214162e+08 1.0377199e+09 2.5e-22 2.4401185e-23 1.9335137e-25
4.2547435e+08 7.2526951e+17 6.7089086e+08 1.0363456e+09 2.5e-22 2.4365535e-23 1.9391222e-25
4.265554e+08 7.2599478e+17 6.6964203e+08 1.0349719e+09 2.5e-22 2.4329957e-23 1.9447476e-25
4.2763956e+08 7.2672078e+17 6.6839511e+08 1.033599e+09 2.5e-22 2.4294452e-23 1.95039e-25
4.2872682e+08 7.274475e+17 6.671501e+08 1.0322268e+09 2.5e-22 2.4259018e-23 1.9560494e-25
4.298172e+08 7.2817494e+17 6.6590701e+08 1.0308553e+09 2.5e-22 2.4223656e-23 1.9617259e-25
4.3091071e+08 7.2890312e+17 6.6466583e+08 1.0294845e+09 2.5e-22 2.4188365e-23 1.9674195e-25
4.3200736e+08 7.2963202e+17 6.6342656e+08 1.0281144e+09 2.5e-22 2.4153146e-23 1.9731303e-25
4.3310715e+08 7.3036165e+17 6.6218919e+08 1.0267451e+09 2.5e-22 2.4117997e-23 1.9788584e-25
4.342101e+08 7.3109202e+17 6.6095373e+08 1.0253764e+09 2.5e-22 2.408292e-23 1.9846037e-25
4.3531622e+08 7.3182311e+17 6.5972018e+08 1.0240085e+09 2.5e-22 2.4047914e-23 1.9903664e-25
4.3642551e+08 7.3255493e+17 6.5848852e+08 1.0226414e+09 2.5e-22 2.4012978e-23 1.9961465e-25
4.3753799e+08 7.3328749e+17 6.5725877e+08 1.0212749e+09 2.5e-22 2.3978112e-23 2.0019441e-25
4.3865366e+08 7.3402077e+17 6.5603092e+08 1.0199092e+09 2.5e-22 2.3943317e-23 2.0077591e-25
4.3977254e+08 7.3475479e+17 6.5480496e+08 1.0185443e+09 2.5e-22 2.3908592e-23 2.0135918e-25
4.4089464e+08 7.3548955e+17 6.535809e+08 1.0171801e+09 2.5e-22 2.3873937e-23 2.019442e-25
4.4201996e+08 7.3622504e+17 6.5235873e+08 1.0158166e+09 2.5e-22 2.3839352e-23 2.02531e-25
4.4314852e+08 7.3696126e+17 6.5113845e+08 1.0144538e+09 2.5e-22 2.3804836e-23 2.0311957e-25
4.4428033e+08 7.3769823e+17 6.4992005e+08 1.0130918e+09 2.5e-22 2.377039e-23 2.0370991e-25
4.4541539e+08 7.3843592e+17 6.4870355e+08 1.0117306e+09 2.5e-22 2.3736013e-23 2.0430204e-25
4.4655371e+08 7.3917436e+17 6.4748893e+08 1.0103701e+09 2.5e-22 2.3701706e-23 2.0489596e-25
4.4769531e+08 7.3991353e+17 6.462762e+08 1.0090104e+09 2.5e-22 2.3667467e-23 2.0549168e-25
4.488402e+08 7.4065345e+17 6.4506534e+08 1.0076514e+09 2.5e-22 2.3633297e-23 2.060892e-25
4.4998839e+08 7.413941e+17 6.4385637e+08 1.0062932e+09 2.5e-22 2.3599196e-23 2.0668853e-25
4.5113988e+08 7.4213549e+17 6.4264928e+08 1.0049357e+09 2.5e-22 2.3565163e-23 2.0728966e-25
4.5229468e+08 7.4287763e+17 6.4144406e+08 1.003579e+09 2.5e-22 2.3531199e-23 2.0789262e-25
4.5345282e+08 7.4362051e+17 6.4024071e+08 1.0022231e+09 2.5e-22 2.3497302e-23 2.084974e-25
4.5461429e+08 7.4436413e+17 6.3903924e+08 1.0008679e+09 2.5e-22 2.3463474e-23 2.0910401e-25
4.557791e+08 7.4510849e+17 6.3783964e+08 9.9951351e+08 2.5e-22 2.3429714e-23 2.0971246e-25
4.5694728e+08 7.458536e+17 6.366419e+08 9.9815989e+08 2.5e-22 2.3396021e-23 2.1032275e-25
4.5811882e+08 7.4659945e+17 6.3544603e+08 9.9680704e+08 2.5e-22 2.3362396e-23 2.1093488e-25
4.5929374e+08 7.4734605e+17 6.3425203e+08 9.9545498e+08 2.5e-22 2.3328838e-23 2.1154887e-25
4.6047205e+08 7.480934e+17 6.3305989e+08 9.9410369e+08 2.5e-22 2.3295348e-23 2.1216472e-25
4.6165376e+08 7.4884149e+17 6.3186961e+08 9.9275319e+08 2.5e-22 2.3261924e-23 2.1278243e-25
4.6283889e+08 7.4959033e+17 6.3068119e+08 9.9140347e+08 2.5e-22 2.3228567e-23 2.1340202e-25
4.6402743e+08 7.5033993e+17 6.2949463e+08 9.9005454e+08 2.5e-22 2.3195278e-23 2.1402348e-25
4.652194e+08 7.5109027e+17 6.2830993e+08 9.887064e+08 2.5e-22 2.3162054e-23 2.1464682e-25
4.6641481e+08 7.5184136e+17 6.2712707e+08 9.8735906e+08 2.5e-22 2.3128897e-23 2.1527205e-25
4.6761368e+08 7.525932e+17 6.2594607e+08 9.860125e+08 2.5e-22 2.3095807e-23 2.1589917e-25
4.6881601e+08 7.5334579e+17 6.2476692e+08 9.8466675e+08 2.5e-22 2.3062782e-23 2.165282e-25
4.7002181e+08 7.5409914e+17 6.2358962e+08 9.8332179e+08 2.5e-22 2.3029824e-23 2.1715913e-25
4.712311e+08 7.5485323e+17 6.2241416e+08 9.8197763e+08 2.5e-22 2.2996931e-23 2.1779197e-25
4.7244388e+08 7.5560809e+17 6.2124055e+08 9.8063428e+08 2.5e-22 2.2964104e-23 2.1842674e-25
4.7366017e+08 7.563637e+17 6.2006878e+08 9.7929174e+08 2.5e-22 2.2931343e-23 2.1906342e-25
4.7487998e+08 7.5712006e+17 6.1889885e+08 9.7795e+08 2.5e-22 2.2898646e-23 2.1970204e-25
4.7610331e+08 7.5787718e+17 6.1773076e+08 9.7660907e+08 2.5e-22 2.2866015e-23 2.2034259e-25
4.7733018e+08 7.5863506e+17 6.1656451e+08 9.7526896e+08 2.5e-22 2.283345e-23 2.2098509e-25
4.7856061e+08 7.5939369e+17 6.1540009e+08 9.7392966e+08 2.5e-22 2.2800948e-23 2.2162953e-25
4.7979459e+08 7.6015309e+17 6.142375e+08 9.7259118e+08 2.5e-22 2.2768512e-23 2.2227593e-25
4.8103214e+08 7.6091324e+17 6.1307675e+08 9.7125352e+08 2.5e-22 2.273614e-23 2.2292429e-25
4.8227328e+08 7.6167415e+17 6.1191782e+08 9.6991667e+08 2.5e-22 2.2703833e-23 2.2357462e-25
4.8351802e+08 7.6243583e+17 6.1076072e+08 9.6858066e+08 2.5e-22 2.267159e-23 2.2422692e-25
4.8476635e+08 7.6319826e+17 6.0960545e+08 9.6724547e+08 2.5e-22 2.2639411e-23 2.248812e-25
4.8601831e+08 7.6396146e+17 6.08452e+08 9.6591111e+08 2.5e-22 2.2607296e-23 2.2553747e-25
4.8727389e+08 7.6472542e+17 6.0730037e+08 9.6457758e+08 2.5e-22 2.2575245e-23 2.2619572e-25
4.8853311e+08 7.6549015e+17 6.0615056e+08 9.6324488e+08 2.5e-22 2.2543258e-23 2.2685598e-25
4.8979598e+08 7.6625564e+17 6.0500257e+08 9.6191301e+08 2.5e-22 2.2511334e-23 2.2751824e-25
4.9106252e+08 7.6702189e+17 6.038564e+08 9.6058199e+08 2.5e-22 2.2479474e-23 2.2818252e-25
4.9233272e+08 7.6778892e+17 6.0271204e+08 9.592518e+08 2.5e-22 2.2447676e-23 2.288488e-25
4.9360661e+08 7.685567e+17 6.0156949e+08 9.5792246e+08 2.5e-22 2.2415942e-23 2.2951712e-25
4.948842e+08 7.6932526e+17 6.0042876e+08 9.5659395e+08 2.5e-22 2.2384271e-23 2.3018746e-25
4.9616549e+08 7.7009459e+17 5.9928983e+08 9.552663e+08 2.5e-22 2.2352663e-23 2.3085984e-25
4.974505e+08 7.7086468e+17 5.981527e+08 9.5393949e+08 2.5e-22 2.2321117e-23 2.3153427e-25
4.9873924e+08 7.7163555e+17 5.9701739e+08 9.5261353e+08 2.5e-22 2.2289634e-23 2.3221074e-25
5.0003173e+08 7.7240718e+17 5.9588387e+08 9.5128843e+08 2.5e-22 2.2258213e-23 2.3288927e-25
5.0132797e+08 7.7317959e+17 5.9475216e+08 9.4996418e+08 2.5e-22 2.2226854e-23 2.3356986e-25
5.0262797e+08 7.7395277e+17 5.9362224e+08 9.4864078e+08 2.5e-22 2.2195558e-23 2.3425252e-25
5.0393175e+08 7.7472672e+17 5.9249413e+08 9.4731825e+08 2.5e-22 2.2164323e-23 2.3493725e-25
5.0523932e+08 7.7550145e+17 5.913678e+08 9.4599657e+08 2.5e-22 2.213315e-23 2.3562407e-25
5.0655069e+08 7.7627695e+17 5.9024328e+08 9.4467576e+08 2.5e-22 2.2102039e-23 2.3631298e-25
5.0786587e+08 7.7705323e+17 5.8912054e+08 9.4335581e+08 2.5e-22 2.2070989e-23 2.3700398e-25
5.0918487e+08 7.7783028e+17 5.8799959e+08 9.4203673e+08 2.5e-22 2.2040001e-23 2.3769708e-25
5.1050772e+08 7.7860811e+17 5.8688043e+08 9.4071852e+08 2.5e-22 2.2009074e-23 2.3839229e-25
5.1183441e+08 7.7938672e+17 5.8576306e+08 9.3940118e+08 2.5e-22 2.1978207e-23 2.3908962e-25
5.1316495e+08 7.801661e+17 5.8464746e+08 9.3808471e+08 2.5e-22 2.1947402e-23 2.3978907e-25
5.1449938e+08 7.8094627e+17 5.8353366e+08 9.3676912e+08 2.5e-22 2.1916658e-23 2.4049064e-25
5.1583768e+08 7.8172722e+17 5.8242163e+08 9.354544e+08 2.5e-22 2.1885974e-23 2.4119435e-25
5.1717988e+08 7.8250894e+17 5.8131138e+08 9.3414057e+08 2.5e-22 2.1855351e-23 2.4190021e-25
5.1852599e+08 7.8329145e+17 5.802029e+08 9.3282761e+08 2.5e-22 2.1824788e-23 2.4260821e-25
5.1987602e+08 7.8407474e+17 5.790962e+08 9.3151554e+08 2.5e-22 2.1794285e-23 2.4331837e-25
5.2122999e+08 7.8485882e+17 5.7799127e+08 9.3020435e+08 2.5e-22 2.1763843e-23 2.4403069e-25
5.2258789e+08 7.8564368e+17 5.7688812e+08 9.2889405e+08 2.5e-22 2.173346e-23 2.4474518e-25
5.2394976e+08 7.8642932e+17 5.7578673e+08 9.2758464e+08 2.5e-22 2.1703137e-23 2.4546184e-25
5.2531559e+08 7.8721575e+17 5.7468711e+08 9.2627612e+08 2.5e-22 2.1672874e-23 2.4618069e-25
5.2668541e+08 7.8800297e+17 5.7358925e+08 9.2496849e+08 2.5e-22 2.164267e-23 2.4690173e-25
5.2805922e+08 7.8879097e+17 5.7249316e+08 9.2366176e+08 2.5e-22 2.1612526e-23 2.4762496e-25
5.2943704e+08 7.8957976e+17 5.7139882e+08 9.2235593e+08 2.5e-22 2.1582441e-23 2.483504e-25
5.3081887e+08 7.9036934e+17 5.7030625e+08 9.2105099e+08 2.5e-22 2.1552415e-23 2.4907805e-25
5.3220474e+08 7.9115971e+17 5.6921543e+08 9.1974696e+08 2.5e-22 2.1522448e-23 2.4980792e-25
5.3359465e+08 7.9195087e+17 5.6812637e+08 9.1844383e+08 2.5e-22 2.149254e-23 2.5054001e-25
5.3498862e+08 7.9274282e+17 5.6703906e+08 9.171416e+08 2.5e-22 2.146269e-23 2.5127433e-25
5.3638666e+08 7.9353556e+17 5.6595351e+08 9.1584028e+08 2.5e-22 2.14329e-23 2.520109e-25
5.3778878e+08 7.943291e+17 5.648697e+08 9.1453987e+08 2.5e-22 2.1403167e-23 2.527497e-25
5.39195e+08 7.9512343e+17 5.6378764e+08 9.1324037e+08 2.5e-22 2.1373493e-23 2.5349077e-25
5.4060533e+08 7.9591855e+17 5.6270733e+08 9.1194178e+08 2.5e-22 2.1343877e-23 2.5423409e-25
5.4201977e+08 7.9671447e+17 5.6162876e+08 9.1064411e+08 2.5e-22 2.1314319e-23 2.5497968e-25
5.4343835e+08 7.9751118e+17 5.6055193e+08 9.0934735e+08 2.5e-22 2.1284819e-23 2.5572754e-25
5.4486107e+08 7.9830869e+17 5.5947684e+08 9.0805151e+08 2.5e-22 2.1255377e-23 2.5647768e-25
5.4628796e+08 7.99107e+17 5.5840349e+08 9.0675659e+08 2.5e-22 2.1225992e-23 2.5723012e-25
5.4771901e+08 7.9990611e+17 5.5733188e+08 9.0546259e+08 2.5e-22 2.1196665e-23 2.5798485e-25
5.4915426e+08 8.0070602e+17 5.56262e+08 9.0416952e+08 2.5e-22 2.1167395e-23 2.5874188e-25
5.505937e+08 8.0150672e+17 5.5519385e+08 9.0287737e+08 2.5e-22 2.1138182e-23 2.5950122e-25
5.5203735e+08 8.0230823e+17 5.5412744e+08 9.0158615e+08 2.5e-22 2.1109027e-23 2.6026289e-25
5.5348523e+08 8.0311054e+17 5.5306275e+08 9.0029585e+08 2.5e-22 2.1079928e-23 2.6102687e-25
5.5493734e+08 8.0391365e+17 5.5199979e+08 8.9900649e+08 2.5e-22 2.1050886e-23 2.617932e-25
5.5639371e+08 8.0471756e+17 5.5093855e+08 8.9771806e+08 2.5e-22 2.1021901e-23 2.6256186e-25
5.5785434e+08 8.0552228e+17 5.4987904e+08 8.9643057e+08 2.5e-22 2.0992973e-23 2.6333286e-25
5.5931925e+08 8.063278e+17 5.4882124e+08 8.9514401e+08 2.5e-22 2.0964101e-23 2.6410623e-25
5.6078844e+08 8.0713413e+17 5.4776517e+08 8.9385839e+08 2.5e-22 2.0935285e-23 2.6488195e-25
5.6226195e+08 8.0794126e+17 5.4671081e+08 8.9257371e+08 2.5e-22 2.0906525e-23 2.6566005e-25
5.6373977e+08 8.087492e+17 5.4565817e+08 8.9128997e+08 2.5e-22 2.0877822e-23 2.6644052e-25
5.6522192e+08 8.0955795e+17 5.4460724e+08 8.9000718e+08 2.5e-22 2.0849174e-23 2.6722338e-25
5.6670842e+08 8.1036751e+17 5.4355803e+08 8.8872533e+08 2.5e-22 2.0820582e-23 2.6800863e-25
5.6819928e+08 8.1117788e+17 5.4251052e+08 8.8744443e+08 2.5e-22 2.0792046e-23 2.6879629e-25
5.6969451e+08 8.1198906e+17 5.4146472e+08 8.8616447e+08 2.5e-22 2.0763565e-23 2.6958635e-25
5.7119413e+08 8.1280105e+17 5.4042062e+08 8.8488547e+08 2.5e-22 2.073514e-23 2.7037882e-25
5.7269814e+08 8.1361385e+17 5.3937823e+08 8.8360742e+08 2.5e-22 2.070677e-23 2.7117372e-25
5.7420657e+08 8.1442746e+17 5.3833754e+08 8.8233032e+08 2.5e-22 2.0678455e-23 2.7197105e-25
5.7571943e+08 8.1524189e+17 5.3729855e+08 8.8105418e+08 2.5e-22 2.0650196e-23 2.7277082e-25
5.7723672e+08 8.1605713e+17 5.3626126e+08 8.79779e+08 2.5e-22 2.0621991e-23 2.7357303e-25
5.7875848e+08 8.1687319e+17 5.3522567e+08 8.7850478e+08 2.5e-22 2.0593841e-23 2.743777e-25
5.802847e+08 8.1769006e+17 5.3419177e+08 8.7723151e+08 2.5e-22 2.0565745e-23 2.7518483e-25
5.818154e+08 8.1850775e+17 5.3315956e+08 8.7595921e+08 2.5e-22 2.0537704e-23 2.7599443e-25
5.8335061e+08 8.1932626e+17 5.3212904e+08 8.7468787e+08 2.5e-22 2.0509718e-23 2.7680651e-25
5.8489032e+08 8.2014559e+17 5.3110021e+08 8.734175e+08 2.5e-22 2.0481785e-23 2.7762107e-25
5.8643456e+08 8.2096573e+17 5.3007306e+08 8.721481e+08 2.5e-22 2.0453907e-23 2.7843813e-25
5.8798334e+08 8.217867e+17 5.290476e+08 8.7087967e+08 2.5e-22 2.0426083e-23 2.7925769e-25
5.8953667e+08 8.2260848e+17 5.2802383e+08 8.696122e+08 2.5e-22 2.0398313e-23 2.8007975e-25
5.9109457e+08 8.2343109e+17 5.2700173e+08 8.6834571e+08 2.5e-22 2.0370596e-23 2.8090434e-25
5.9265705e+08 8.2425452e+17 5.2598131e+08 8.6708019e+08 2.5e-22 2.0342933e-23 2.8173145e-25
5.9422413e+08 8.2507878e+17 5.2496257e+08 8.6581565e+08 2.5e-22 2.0315324e-23 2.8256109e-25
5.9579582e+08 8.2590386e+17 5.239455e+08 8.6455209e+08 2.5e-22 2.0287768e-23 2.8339328e-25
5.9737214e+08 8.2672976e+17 5.2293011e+08 8.632895e+08 2.5e-22 2.0260265e-23 2.8422801e-25
5.989531e+08 8.2755649e+17 5.2191639e+08 8.620279e+08 2.5e-22 2.0232816e-23 2.850653e-25
6.0053871e+08 8.2838405e+17 5.2090433e+08 8.6076728e+08 2.5e-22 2.0205419e-23 2.8590516e-25
6.0212899e+08 8.2921243e+17 5.1989395e+08 8.5950764e+08 2.5e-22 2.0178076e-23 2.8674759e-25
6.0372395e+08 8.3004164e+17 5.1888523e+08 8.5824899e+08 2.5e-22 2.0150785e-23 2.875926e-25
6.0532362e+08 8.3087168e+17 5.1787817e+08 8.5699132e+08 2.5e-22 2.0123547e-23 2.8844021e-25
6.0692799e+08 8.3170256e+17 5.1687277e+08 8.5573464e+08 2.5e-22 2.0096361e-23 2.8929041e-25
6.085371e+08 8.3253426e+17 5.1586904e+08 8.5447895e+08 2.5e-22 2.0069228e-23 2.9014322e-25
6.1015095e+08 8.3336679e+17 5.1486696e+08 8.5322426e+08 2.5e-22 2.0042147e-23 2.9099864e-25
6.1176955e+08 8.3420016e+17 5.1386654e+08 8.5197056e+08 2.5e-22 2.0015119e-23 2.9185669e-25
6.1339293e+08 8.3503436e+17 5.1286777e+08 8.5071785e+08 2.5e-22 1.9988142e-23 2.9271736e-25
6.150211e+08 8.3586939e+17 5.1187065e+08 8.4946614e+08 2.5e-22 1.9961218e-23 2.9358068e-25
6.1665407e+08 8.3670526e+17 5.1087518e+08 8.4821542e+08 2.5e-22 1.9934345e-23 2.9444665e-25
6.1829186e+08 8.3754197e+17 5.0988136e+08 8.4696571e+08 2.5e-22 1.9907524e-23 2.9531527e-25
6.1993448e+08 8.3837951e+17 5.0888919e+08 8.4571699e+08 2.5e-22 1.9880754e-23 2.9618656e-25
6.2158195e+08 8.3921789e+17 5.0789866e+08 8.4446928e+08 2.5e-22 1.9854036e-23 2.9706053e-25
6.2323428e+08 8.4005711e+17 5.0690977e+08 8.4322257e+08 2.5e-22 1.982737e-23 2.9793717e-25
6.2489149e+08 8.4089717e+17 5.0592252e+08 8.4197687e+08 2.5e-22 1.9800754e-23 2.9881651e-25
6.265536e+08 8.4173806e+17 5.0493692e+08 8.4073217e+08 2.5e-22 1.977419e-23 2.9969854e-25
6.2822061e+08 8.425798e+17 5.0395294e+08 8.3948849e+08 2.5e-22 1.9747677e-23 3.0058329e-25
6.2989256e+08 8.4342238e+17 5.0297061e+08 8.3824581e+08 2.5e-22 1.9721215e-23 3.0147075e-25
6.3156944e+08 8.442658e+17 5.019899e+08 8.3700414e+08 2.5e-22 1.9694803e-23 3.0236094e-25
6.3325128e+08 8.4511007e+17 5.0101083e+08 8.3576349e+08 2.5e-22 1.9668442e-23 3.0325386e-25
6.3493809e+08 8.4595518e+17 5.0003338e+08 8.3452385e+08 2.5e-22 1.9642132e-23 3.0414952e-25
6.3662988e+08 8.4680113e+17 4.9905756e+08 8.3328522e+08 2.5e-22 1.9615872e-23 3.0504793e-25
6.3832668e+08 8.4764793e+17 4.9808337e+08 8.3204761e+08 2.5e-22 1.9589662e-23 3.0594911e-25
6.400285e+08 8.4849558e+17 4.971108e+08 8.3081102e+08 2.5e-22 1.9563503e-23 3.0685305e-25
6.4173536e+08 8.4934408e+17 4.9613985e+08 8.2957545e+08 2.5e-22 1.9537393e-23 3.0775978e-25
6.4344726e+08 8.5019342e+17 4.9517052e+08 8.283409e+08 2.5e-22 1.9511334e-23 3.0866929e-25
6.4516423e+08 8.5104362e+17 4.9420281e+08 8.2710738e+08 2.5e-22 1.9485325e-23 3.0958159e-25
6.4688629e+08 8.5189466e+17 4.9323671e+08 8.2587488e+08 2.5e-22 1.9459365e-23 3.104967e-25
6.4861344e+08 8.5274655e+17 4.9227223e+08 8.246434e+08 2.5e-22 1.9433455e-23 3.1141462e-25
6.503457e+08 8.535993e+17 4.9130935e+08 8.2341295e+08 2.5e-22 1.9407594e-23 3.1233537e-25
6.520831e+08 8.544529e+17 4.9034809e+08 8.2218353e+08 2.5e-22 1.9381783e-23 3.1325895e-25
6.5382565e+08 8.5530735e+17 4.8938844e+08 8.2095514e+08 2.5e-22 1.9356021e-23 3.1418536e-25
6.5557335e+08 8.5616266e+17 4.8843039e+08 8.1972777e+08 2.5e-22 1.9330308e-23 3.1511463e-25
6.5732624e+08 8.5701882e+17 4.8747394e+08 8.1850144e+08 2.5e-22 1.9304645e-23 3.1604676e-25
6.5908432e+08 8.5787584e+17 4.865191e+08 8.1727615e+08 2.5e-22 1.927903e-23 3.1698175e-25
6.6084761e+08 8.5873372e+17 4.8556585e+08 8.1605189e+08 2.5e-22 1.9253464e-23 3.1791962e-25
6.6261613e+08 8.5959245e+17 4.8461421e+08 8.1482866e+08 2.5e-22 1.9227947e-23 3.1886038e-25
6.643899e+08 8.6045204e+17 4.8366416e+08 8.1360648e+08 2.5e-22 1.9202478e-23 3.1980404e-25
6.6616893e+08 8.613125e+17 4.827157e+08 8.1238533e+08 2.5e-22 1.9177058e-23 3.2075059e-25
6.6795323e+08 8.6217381e+17 4.8176884e+08 8.1116522e+08 2.5e-22 1.9151687e-23 3.2170007e-25
6.6974283e+08 8.6303598e+17 4.8082357e+08 8.0994615e+08 2.5e-22 1.9126363e-23 3.2265246e-25
6.7153775e+08 8.6389902e+17 4.7987988e+08 8.0872813e+08 2.5e-22 1.9101088e-23 3.2360779e-25
6.7333799e+08 8.6476292e+17 4.7893778e+08 8.0751115e+08 2.5e-22 1.9075861e-23 3.2456606e-25
6.7514357e+08 8.6562768e+17 4.7799727e+08 8.0629521e+08 2.5e-22 1.9050682e-23 3.2552728e-25
6.7695452e+08 8.6649331e+17 4.7705834e+08 8.0508033e+08 2.5e-22 1.9025551e-23 3.2649146e-25
6.7877084e+08 8.673598e+17 4.7612099e+08 8.0386649e+08 2.5e-22 1.9000468e-23 3.2745862e-25
6.8059257e+08 8.6822716e+17 4.7518522e+08 8.026537e+08 2.5e-22 1.8975432e-23 3.2842875e-25
6.824197e+08 8.6909539e+17 4.7425103e+08 8.0144195e+08 2.5e-22 1.8950444e-23 3.2940187e-25
6.8425226e+08 8.6996448e+17 4.7331841e+08 8.0023127e+08 2.5e-22 1.8925503e-23 3.3037799e-25
6.8609028e+08 8.7083445e+17 4.7238736e+08 7.9902163e+08 2.5e-22 1.8900609e-23 3.3135712e-25
6.8793375e+08 8.7170528e+17 4.7145789e+08 7.9781305e+08 2.5e-22 1.8875763e-23 3.3233927e-25
6.8978271e+08 8.7257699e+17 4.7052999e+08 7.9660552e+08 2.5e-22 1.8850964e-23 3.3332444e-25
6.9163716e+08 8.7344956e+17 4.6960365e+08 7.9539905e+08 2.5e-22 1.8826211e-23 3.3431266e-25
6.9349713e+08 8.7432301e+17 4.6867888e+08 7.9419364e+08 2.5e-22 1.8801506e-23 3.3530392e-25
6.9536264e+08 8.7519734e+17 4.6775567e+08 7.9298929e+08 2.5e-22 1.8776848e-23 3.3629823e-25
6.972337e+08 8.7607253e+17 4.6683402e+08 7.9178599e+08 2.5e-22 1.8752236e-23 3.3729562e-25
6.9911032e+08 8.7694861e+17 4.6591394e+08 7.9058376e+08 2.5e-22 1.872767e-23 3.3829608e-25
7.0099253e+08 8.7782556e+17 4.6499541e+08 7.8938259e+08 2.5e-22 1.8703152e-23 3.3929962e-25
7.0288035e+08 8.7870338e+17 4.6407843e+08 7.8818249e+08 2.5e-22 1.8678679e-23 3.4030627e-25
7.0477379e+08 8.7958208e+17 4.6316301e+08 7.8698345e+08 2.5e-22 1.8654253e-23 3.4131602e-25
7.0667286e+08 8.8046167e+17 4.6224915e+08 7.8578547e+08 2.5e-22 1.8629873e-23 3.4232888e-25
7.085776e+08 8.8134213e+17 4.6133683e+08 7.8458856e+08 2.5e-22 1.8605539e-23 3.4334487e-25
7.1048801e+08 8.8222347e+17 4.6042606e+08 7.8339273e+08 2.5e-22 1.8581251e-23 3.44364e-25
7.1240411e+08 8.8310569e+17 4.5951684e+08 7.8219796e+08 2.5e-22 1.8557009e-23 3.4538627e-25
7.1432592e+08 8.839888e+17 4.5860916e+08 7.8100426e+08 2.5e-22 1.8532812e-23 3.464117e-25
7.1625347e+08 8.8487279e+17 4.5770303e+08 7.7981163e+08 2.5e-22 1.8508661e-23 3.474403e-25
7.1818676e+08 8.8575766e+17 4.5679843e+08 7.7862008e+08 2.5e-22 1.8484556e-23 3.4847207e-25
7.2012581e+08 8.8664342e+17 4.5589538e+08 7.774296e+08 2.5e-22 1.8460496e-23 3.4950703e-25
7.2207065e+08 8.8753006e+17 4.5499386e+08 7.7624019e+08 2.5e-22 1.8436482e-23 3.5054519e-25
7.2402129e+08 8.8841759e+17 4.5409387e+08 7.7505186e+08 2.5e-22 1.8412512e-23 3.5158655e-25
7.2597776e+08 8.8930601e+17 4.5319542e+08 7.7386461e+08 2.5e-22 1.8388588e-23 3.5263113e-25
7.2794006e+08 8.9019532e+17 4.522985e+08 7.7267844e+08 2.5e-22 1.8364709e-23 3.5367894e-25
7.2990822e+08 8.9108551e+17 4.5140311e+08 7.7149334e+08 2.5e-22 1.8340875e-23 3.5472998e-25
7.3188225e+08 8.919766e+17 4.5050925e+08 7.7030933e+08 2.5e-22 1.8317085e-23 3.5578428e-25
7.3386218e+08 8.9286857e+17 4.4961691e+08 7.691264e+08 2.5e-22 1.8293341e-23 3.5684183e-25
7.3584802e+08 8.9376144e+17 4.487261e+08 7.6794455e+08 2.5e-22 1.8269641e-23 3.5790265e-25
7.378398e+08 8.946552e+17 4.478368e+08 7.6676379e+08 2.5e-22 1.8245985e-23 3.5896676e-25
7.3983752e+08 8.9554986e+17 4.4694903e+08 7.6558411e+08 2.5e-22 1.8222374e-23 3.6003415e-25
7.4184122e+08 8.9644541e+17 4.4606277e+08 7.6440551e+08 2.5e-22 1.8198807e-23 3.6110484e-25
7.438509e+08 8.9734185e+17 4.4517803e+08 7.63228e+08 2.5e-22 1.8175285e-23 3.6217885e-25
7.458666e+08 8.982392e+17 4.4429481e+08 7.6205158e+08 2.5e-22 1.8151806e-23 3.6325618e-25
7.4788832e+08 8.9913743e+17 4.4341309e+08 7.6087625e+08 2.5e-22 1.8128372e-23 3.6433684e-25
7.4991608e+08 9.0003657e+17 4.4253289e+08 7.5970201e+08 2.5e-22 1.8104981e-23 3.6542084e-25
7.5194991e+08 9.0093661e+17 4.4165419e+08 7.5852886e+08 2.5e-22 1.8081635e-23 3.665082e-25
7.5398982e+08 9.0183755e+17 4.40777e+08 7.573568e+08 2.5e-22 1.8058332e-23 3.6759892e-25
7.5603584e+08 9.0273938e+17 4.3990132e+08 7.5618584e+08 2.5e-22 1.8035072e-23 3.6869302e-25
7.5808798e+08 9.0364212e+17 4.3902714e+08 7.5501597e+08 2.5e-22 1.8011856e-23 3.697905e-25
7.6014627e+08 9.0454576e+17 4.3815445e+08 7.5384719e+08 2.5e-22 1.7988684e-23 3.7089138e-25
7.6221071e+08 9.0545031e+17 4.3728327e+08 7.5267951e+08 2.5e-22 1.7965555e-23 3.7199567e-25
7.6428134e+08 9.0635576e+17 4.3641358e+08 7.5151293e+08 2.5e-22 1.7942469e-23 3.7310338e-25
7.6635816e+08 9.0726212e+17 4.3554539e+08 7.5034744e+08 2.5e-22 1.7919426e-23 3.7421452e-25
7.6844121e+08 9.0816938e+17 4.3467869e+08 7.4918305e+08 2.5e-22 1.7896427e-23 3.753291e-25
7.705305e+08 9.0907755e+17 4.3381349e+08 7.4801977e+08 2.5e-22 1.787347e-23 3.7644714e-25
7.7262605e+08 9.0998663e+17 4.3294977e+08 7.4685758e+08 2.5e-22 1.7850556e-23 3.7756864e-25
7.7472788e+08 9.1089661e+17 4.3208754e+08 7.4569649e+08 2.5e-22 1.7827685e-23 3.7869361e-25
7.7683601e+08 9.1180751e+17 4.3122679e+08 7.4453651e+08 2.5e-22 1.7804857e-23 3.7982206e-25
7.7895046e+08 9.1271932e+17 4.3036753e+08 7.4337763e+08 2.5e-22 1.7782071e-23 3.8095402e-25
7.8107125e+08 9.1363204e+17 4.2950975e+08 7.4221986e+08 2.5e-22 1.7759328e-23 3.8208948e-25
7.831984e+08 9.1454567e+17 4.2865345e+08 7.4106319e+08 2.5e-22 1.7736627e-23 3.8322846e-25
7.8533193e+08 9.1546021e+17 4.2779863e+08 7.3990762e+08 2.5e-22 1.7713968e-23 3.8437097e-25
7.8747187e+08 9.1637567e+17 4.2694528e+08 7.3875317e+08 2.5e-22 1.7691351e-23 3.8551703e-25
7.8961822e+08 9.1729205e+17 4.2609341e+08 7.3759982e+08 2.5e-22 1.7668777e-23 3.8666664e-25
7.9177102e+08 9.1820934e+17 4.2524301e+08 7.3644758e+08 2.5e-22 1.7646245e-23 3.8781981e-25
7.9393027e+08 9.1912755e+17 4.2439408e+08 7.3529645e+08 2.5e-22 1.7623754e-23 3.8897656e-25
7.9609601e+08 9.2004668e+17 4.2354661e+08 7.3414643e+08 2.5e-22 1.7601305e-23 3.901369e-25
7.9826826e+08 9.2096672e+17 4.2270062e+08 7.3299752e+08 2.5e-22 1.7578898e-23 3.9130083e-25
8.0044703e+08 9.2188769e+17 4.2185609e+08 7.3184972e+08 2.5e-22 1.7556533e-23 3.9246838e-25
8.0263234e+08 9.2280958e+17 4.2101302e+08 7.3070304e+08 2.5e-22 1.7534209e-23 3.9363955e-25
8.0482422e+08 9.2373239e+17 4.2017141e+08 7.2955747e+08 2.5e-22 1.7511927e-23 3.9481435e-25
8.0702268e+08 9.2465612e+17 4.1933126e+08 7.2841301e+08 2.5e-22 1.7489685e-23 3.959928e-25
8.0922776e+08 9.2558078e+17 4.1849257e+08 7.2726967e+08 2.5e-22 1.7467486e-23 3.9717491e-25
8.1143946e+08 9.2650636e+17 4.1765533e+08 7.2612745e+08 2.5e-22 1.7445327e-23 3.9836069e-25
8.1365781e+08 9.2743286e+17 4.1681955e+08 7.2498635e+08 2.5e-22 1.7423209e-23 3.9955015e-25
8.1588283e+08 9.283603e+17 4.1598522e+08 7.2384636e+08 2.5e-22 1.7401133e-23 4.007433e-25
8.1811455e+08 9.2928866e+17 4.1515233e+08 7.2270749e+08 2.5e-22 1.7379097e-23 4.0194016e-25
8.2035298e+08 9.3021795e+17 4.143209e+08 7.2156974e+08 2.5e-22 1.7357102e-23 4.0314073e-25
8.2259814e+08 9.3114816e+17 4.1349091e+08 7.2043311e+08 2.5e-22 1.7335148e-23 4.0434503e-25
8.2485006e+08 9.3207931e+17 4.1266236e+08 7.1929761e+08 2.5e-22 1.7313234e-23 4.0555308e-25
8.2710876e+08 9.3301139e+17 4.1183526e+08 7.1816322e+08 2.5e-22 1.7291361e-23 4.0676487e-25
8.2937425e+08 9.339444e+17 4.110096e+08 7.1702996e+08 2.5e-22 1.7269529e-23 4.0798043e-25
8.3164657e+08 9.3487835e+17 4.1018537e+08 7.1589782e+08 2.5e-22 1.7247736e-23 4.0919977e-25
8.3392573e+08 9.3581323e+17 4.0936258e+08 7.147668e+08 2.5e-22 1.7225984e-23 4.104229e-25
8.3621176e+08 9.3674904e+17 4.0854123e+08 7.1363691e+08 2.5e-22 1.7204272e-23 4.1164983e-25
8.3850467e+08 9.3768579e+17 4.077213e+08 7.1250815e+08 2.5e-22 1.7182601e-23 4.1288057e-25
8.4080449e+08 9.3862347e+17 4.0690281e+08 7.1138051e+08 2.5e-22 1.7160969e-23 4.1411514e-25
8.4311124e+08 9.395621e+17 4.0608575e+08 7.10254e+08 2.5e-22 1.7139377e-23 4.1535355e-25
8.4542494e+08 9.4050166e+17 4.0527011e+08 7.0912862e+08 2.5e-22 1.7117825e-23 4.1659581e-25
8.4774562e+08 9.4144216e+17 4.044559e+08 7.0800437e+08 2.5e-22 1.7096312e-23 4.1784193e-25
8.500733e+08 9.423836e+17 4.0364311e+08 7.0688124e+08 2.5e-22 1.7074839e-23 4.1909193e-25
8.5240799e+08 9.4332599e+17 4.0283175e+08 7.0575925e+08 2.5e-22 1.7053406e-23 4.2034581e-25
8.5474973e+08 9.4426931e+17 4.020218e+08 7.0463838e+08 2.5e-22 1.7032013e-23 4.216036e-25
8.5709853e+08 9.4521358e+17 4.0121327e+08 7.0351865e+08 2.5e-22 1.7010658e-23 4.228653e-25
8.5945442e+08 9.461588e+17 4.0040616e+08 7.0240005e+08 2.5e-22 1.6989343e-23 4.2413092e-25
8.6181742e+08 9.4710495e+17 3.9960046e+08 7.0128259e+08 2.5e-22 1.6968067e-23 4.2540049e-25
8.6418755e+08 9.4805206e+17 3.9879617e+08 7.0016625e+08 2.5e-22 1.694683e-23 4.26674e-25
8.6656483e+08 9.4900011e+17 3.9799329e+08 6.9905106e+08 2.5e-22 1.6925633e-23 4.2795148e-25
8.6894929e+08 9.4994911e+17 3.9719182e+08 6.9793699e+08 2.5e-22 1.6904474e-23 4.2923294e-25
8.7134096e+08 9.5089906e+17 3.9639175e+08 6.9682406e+08 2.5e-22 1.6883354e-23 4.3051838e-25
8.7373984e+08 9.5184996e+17 3.9559309e+08 6.9571227e+08 2.5e-22 1.6862273e-23 4.3180783e-25
8.7614598e+08 9.5280181e+17 3.9479584e+08 6.9460162e+08 2.5e-22 1.684123e-23 4.3310129e-25
8.7855938e+08 9.5375461e+17 3.9399998e+08 6.934921e+08 2.5e-22 1.6820226e-23 4.3439879e-25
8.8098008e+08 9.5470837e+17 3.9320552e+08 6.9238372e+08 2.5e-22 1.6799261e-23 4.3570032e-25
8.8340809e+08 9.5566307e+17 3.9241246e+08 6.9127648e+08 2.5e-22 1.6778334e-23 4.3700591e-25
8.8584345e+08 9.5661874e+17 3.916208e+08 6.9017037e+08 2.5e-22 1.6757445e-23 4.3831556e-25
8.8828616e+08 9.5757536e+17 3.9083052e+08 6.8906541e+08 2.5e-22 1.6736594e-23 4.396293e-25
8.9073627e+08 9.5853293e+17 3.9004164e+08 6.8796159e+08 2.5e-22 1.6715782e-23 4.4094713e-25
8.9319378e+08 9.5949146e+17 3.8925415e+08 6.8685891e+08 2.5e-22 1.6695008e-23 4.4226906e-25
8.9565873e+08 9.6045096e+17 3.8846805e+08 6.8575737e+08 2.5e-22 1.6674272e-23 4.4359512e-25
8.9813114e+08 9.6141141e+17 3.8768333e+08 6.8465698e+08 2.5e-22 1.6653574e-23 4.4492531e-25
9.0061102e+08 9.6237282e+17 3.8689999e+08 6.8355773e+08 2.5e-22 1.6632913e-23 4.4625965e-25
9.0309842e+08 9.6333519e+17 3.8611804e+08 6.8245962e+08 2.5e-22 1.661229e-23 4.4759815e-25
9.0559334e+08 9.6429853e+17 3.8533747e+08 6.8136265e+08 2.5e-22 1.6591705e-23 4.4894082e-25
9.0809582e+08 9.6526282e+17 3.8455827e+08 6.8026683e+08 2.5e-22 1.6571158e-23 4.5028768e-25
9.1060588e+08 9.6622809e+17 3.8378046e+08 6.7917216e+08 2.5e-22 1.6550648e-23 4.5163874e-25
9.1312354e+08 9.6719432e+17 3.8300401e+08 6.7807863e+08 2.5e-22 1.6530176e-23 4.5299401e-25
9.1564882e+08 9.6816151e+17 3.8222894e+08 6.7698624e+08 2.5e-22 1.650974e-23 4.5435351e-25
9.1818176e+08 9.6912967e+17 3.8145524e+08 6.7589501e+08 2.5e-22 1.6489342e-23 4.5571726e-25
9.2072237e+08 9.700988e+17 3.8068291e+08 6.7480492e+08 2.5e-22 1.6468982e-23 4.5708526e-25
9.2327068e+08 9.710689e+17 3.7991195e+08 6.7371598e+08 2.5e-22 1.6448658e-23 4.5845753e-25
9.2582672e+08 9.7203997e+17 3.7914235e+08 6.7262819e+08 2.5e-22 1.6428371e-23 4.5983408e-25
9.283905e+08 9.7301201e+17 3.7837412e+08 6.7154154e+08 2.5e-22 1.6408122e-23 4.6121493e-25
9.3096206e+08 9.7398502e+17 3.7760725e+08 6.7045605e+08 2.5e-22 1.6387909e-23 4.6260009e-25
9.3354142e+08 9.7495901e+17 3.7684173e+08 6.6937171e+08 2.5e-22 1.6367733e-23 4.6398957e-25
9.3612861e+08 9.7593396e+17 3.7607758e+08 6.6828851e+08 2.5e-22 1.6347593e-23 4.6538339e-25
9.3872364e+08 9.769099e+17 3.7531478e+08 6.6720647e+08 2.5e-22 1.632749e-23 4.6678157e-25
9.4132655e+08 9.7788681e+17 3.7455333e+08 6.6612558e+08 2.5e-22 1.6307424e-23 4.6818411e-25
9.4393736e+08 9.788647e+17 3.7379324e+08 6.6504584e+08 2.5e-22 1.6287394e-23 4.6959103e-25
9.4655609e+08 9.7984356e+17 3.730345e+08 6.6396725e+08 2.5e-22 1.6267401e-23 4.7100235e-25
9.4918277e+08 9.808234e+17 3.7227711e+08 6.6288982e+08 2.5e-22 1.6247443e-23 4.7241808e-25
9.5181743e+08 9.8180423e+17 3.7152106e+08 6.6181354e+08 2.5e-22 1.6227522e-23 4.7383823e-25
9.5446009e+08 9.8278603e+17 3.7076636e+08 6.6073842e+08 2.5e-22 1.6207637e-23 4.7526282e-25
9.5711078e+08 9.8376882e+17 3.70013e+08 6.5966444e+08 2.5e-22 1.6187789e-23 4.7669186e-25
9.5976952e+08 9.8475259e+17 3.6926098e+08 6.5859163e+08 2.5e-22 1.6167976e-23 4.7812537e-25
9.6243634e+08 9.8573734e+17 3.6851031e+08 6.5751996e+08 2.5e-22 1.6148199e-23 4.7956336e-25
9.6511127e+08 9.8672308e+17 3.6776097e+08 6.5644946e+08 2.5e-22 1.6128457e-23 4.8100584e-25
9.6779432e+08 9.877098e+17 3.6701296e+08 6.5538011e+08 2.5e-22 1.6108752e-23 4.8245284e-25
9.7048554e+08 9.8869751e+17 3.6626629e+08 6.5431192e+08 2.5e-22 1.6089082e-23 4.8390436e-25
9.7318493e+08 9.8968621e+17 3.6552096e+08 6.5324488e+08 2.5e-22 1.6069448e-23 4.8536042e-25
9.7589254e+08 9.9067589e+17 3.6477695e+08 6.52179e+08 2.5e-22 1.6049849e-23 4.8682103e-25
9.7860838e+08 9.9166657e+17 3.6403427e+08 6.5111428e+08 2.5e-22 1.6030286e-23 4.8828621e-25
9.8133248e+08 9.9265824e+17 3.6329292e+08 6.5005071e+08 2.5e-22 1.6010758e-23 4.8975598e-25
9.8406487e+08 9.9365089e+17 3.6255289e+08 6.4898831e+08 2.5e-22 1.5991265e-23 4.9123035e-25
9.8680558e+08 9.9464454e+17 3.6181419e+08 6.4792706e+08 2.5e-22 1.5971807e-23 4.9270932e-25
9.8955462e+08 9.9563919e+17 3.610768e+08 6.4686698e+08 2.5e-22 1.5952385e-23 4.9419293e-25
9.9231204e+08 9.9663483e+17 3.6034074e+08 6.4580805e+08 2.5e-22 1.5932998e-23 4.9568118e-25
9.9507785e+08 9.9763146e+17 3.5960599e+08 6.4475028e+08 2.5e-22 1.5913645e-23 4.9717409e-25
9.9785209e+08 9.9862909e+17 3.5887256e+08 6.4369368e+08 2.5e-22 1.5894328e-23 4.9867167e-25
1.0006348e+09 9.9962772e+17 3.5814045e+08 6.4263823e+08 2.5e-22 1.5875045e-23 5.0017395e-25
1.0034259e+09 1.0006274e+18 3.5740964e+08 6.4158395e+08 2.5e-22 1.5855797e-23 5.0168092e-25
1.0062256e+09 1.001628e+18 3.5668015e+08 6.4053083e+08 2.5e-22 1.5836583e-23 5.0319262e-25
1.0090338e+09 1.0026296e+18 3.5595196e+08 6.3947886e+08 2.5e-22 1.5817405e-23 5.0470905e-25
1.0118506e+09 1.0036322e+18 3.5522508e+08 6.3842807e+08 2.5e-22 1.579826e-23 5.0623023e-25
1.0146759e+09 1.0046359e+18 3.5449951e+08 6.3737843e+08 2.5e-22 1.577915e-23 5.0775617e-25
1.0175098e+09 1.0056405e+18 3.5377524e+08 6.3632996e+08 2.5e-22 1.5760075e-23 5.092869e-25
1.0203524e+09 1.0066461e+18 3.5305226e+08 6.3528265e+08 2.5e-22 1.5741033e-23 5.1082242e-25
1.0232037e+09 1.0076528e+18 3.5233059e+08 6.342365e+08 2.5e-22 1.5722026e-23 5.1236275e-25
1.0260637e+09 1.0086604e+18 3.5161022e+08 6.3319152e+08 2.5e-22 1.5703053e-23 5.1390791e-25
1.0289324e+09 1.0096691e+18 3.5089114e+08 6.321477e+08 2.5e-22 1.5684114e-23 5.1545792e-25
1.0318098e+09 1.0106788e+18 3.5017336e+08 6.3110504e+08 2.5e-22 1.566521e-23 5.1701278e-25
1.034696e+09 1.0116895e+18 3.4945686e+08 6.3006355e+08 2.5e-22 1.5646339e-23 5.1857252e-25
1.0375911e+09 1.0127011e+18 3.4874166e+08 6.2902323e+08 2.5e-22 1.5627501e-23 5.2013715e-25
1.0404949e+09 1.0137138e+18 3.4802775e+08 6.2798407e+08 2.5e-22 1.5608698e-23 5.2170668e-25
1.0434077e+09 1.0147276e+18 3.4731512e+08 6.2694608e+08 2.5e-22 1.5589928e-23 5.2328114e-25
1.0463293e+09 1.0157423e+18 3.4660378e+08 6.2590925e+08 2.5e-22 1.5571192e-23 5.2486054e-25
1.0492599e+09 1.016758e+18 3.4589372e+08 6.2487359e+08 2.5e-22 1.5552489e-23 5.2644489e-25
1.0521994e+09 1.0177748e+18 3.4518494e+08 6.2383909e+08 2.5e-22 1.553382e-23 5.2803421e-25
1.0551479e+09 1.0187926e+18 3.4447744e+08 6.2280576e+08 2.5e-22 1.5515184e-23 5.2962852e-25
1.0581054e+09 1.0198114e+18 3.4377122e+08 6.217736e+08 2.5e-22 1.5496582e-23 5.3122783e-25
1.0610719e+09 1.0208312e+18 3.4306627e+08 6.2074261e+08 2.5e-22 1.5478013e-23 5.3283216e-25
1.0640475e+09 1.021852e+18 3.423626e+08 6.1971278e+08 2.5e-22 1.5459477e-23 5.3444152e-25
1.0670322e+09 1.0228738e+18 3.416602e+08 6.1868412e+08 2.5e-22 1.5440974e-23 5.3605594e-25
1.0700261e+09 1.0238967e+18 3.4095907e+08 6.1765663e+08 2.5e-22 1.5422504e-23 5.3767542e-25
1.0730291e+09 1.0249206e+18 3.4025921e+08 6.166303e+08 2.5e-22 1.5404067e-23 5.3929999e-25
1.0760412e+09 1.0259455e+18 3.3956062e+08 6.1560515e+08 2.5e-22 1.5385663e-23 5.4092966e-25
1.0790626e+09 1.0269715e+18 3.3886329e+08 6.1458116e+08 2.5e-22 1.5367292e-23 5.4256445e-25
1.0820933e+09 1.0279985e+18 3.3816722e+08 6.1355834e+08 2.5e-22 1.5348953e-23 5.4420437e-25
1.0851332e+09 1.0290265e+18 3.3747242e+08 6.1253669e+08 2.5e-22 1.5330647e-23 5.4584944e-25
1.0881824e+09 1.0300555e+18 3.3677888e+08 6.1151621e+08 2.5e-22 1.5312374e-23 5.4749968e-25
1.0912409e+09 1.0310855e+18 3.3608659e+08 6.104969e+08 2.5e-22 1.5294133e-23 5.4915511e-25
1.0943088e+09 1.0321166e+18 3.3539556e+08 6.0947876e+08 2.5e-22 1.5275925e-23 5.5081574e-25
1.0973862e+09 1.0331487e+18 3.3470578e+08 6.0846179e+08 2.5e-22 1.5257749e-23 5.5248158e-25
1.1004729e+09 1.0341819e+18 3.3401726e+08 6.0744599e+08 2.5e-22 1.5239606e-23 5.5415266e-25
1.1035691e+09 1.0352161e+18 3.3332998e+08 6.0643136e+08 2.5e-22 1.5221494e-23 5.55829e-25
1.1066748e+09 1.0362513e+18 3.3264396e+08 6.054179e+08 2.5e-22 1.5203415e-23 5.575106e-25
1.10979e+09 1.0372875e+18 3.3195918e+08 6.0440561e+08 2.5e-22 1.5185368e-23 5.5919749e-25
1.1129147e+09 1.0383248e+18 3.3127565e+08 6.0339449e+08 2.5e-22 1.5167353e-23 5.6088969e-25
1.116049e+09 1.0393631e+18 3.3059336e+08 6.0238454e+08 2.5e-22 1.514937e-23 5.625872e-25
1.119193e+09 1.0404025e+18 3.2991231e+08 6.0137576e+08 2.5e-22 1.5131419e-23 5.6429005e-25
1.1223465e+09 1.0414429e+18 3.292325e+08 6.0036815e+08 2.5e-22 1.51135e-23 5.6599826e-25
1.1255098e+09 1.0424844e+18 3.2855393e+08 5.9936171e+08 2.5e-22 1.5095613e-23 5.6771184e-25
1.1286827e+09 1.0435268e+18 3.278766e+08 5.9835645e+08 2.5e-22 1.5077757e-23 5.6943082e-25
1.1318654e+09 1.0445704e+18 3.272005e+08 5.9735235e+08 2.5e-22 1.5059933e-23 5.711552e-25
1.1350579e+09 1.0456149e+18 3.2652564e+08 5.9634943e+08 2.5e-22 1.504214e-23 5.7288501e-25
1.1382601e+09 1.0466606e+18 3.25852e+08 5.9534768e+08 2.5e-22 1.5024379e-23 5.7462026e-25
1.1414722e+09 1.0477072e+18 3.251796e+08 5.943471e+08 2.5e-22 1.5006649e-23 5.7636097e-25
1.1446941e+09 1.0487549e+18 3.2450842e+08 5.9334769e+08 2.5e-22 1.4988951e-23 5.7810716e-25
1.1479259e+09 1.0498037e+18 3.2383847e+08 5.9234946e+08 2.5e-22 1.4971284e-23 5.7985885e-25
1.1511677e+09 1.0508535e+18 3.2316974e+08 5.9135239e+08 2.5e-22 1.4953648e-23 5.8161605e-25
1.1544194e+09 1.0519043e+18 3.2250223e+08 5.903565e+08 2.5e-22 1.4936044e-23 5.8337879e-25
1.1576811e+09 1.0529562e+18 3.2183595e+08 5.8936178e+08 2.5e-22 1.491847e-23 5.8514708e-25
1.1609528e+09 1.0540092e+18 3.2117088e+08 5.8836823e+08 2.5e-22 1.4900928e-23 5.8692094e-25
1.1642346e+09 1.0550632e+18 3.2050703e+08 5.8737586e+08 2.5e-22 1.4883416e-23 5.8870038e-25
1.1675264e+09 1.0561183e+18 3.1984439e+08 5.8638466e+08 2.5e-22 1.4865935e-23 5.9048543e-25
1.1708284e+09 1.0571744e+18 3.1918297e+08 5.8539463e+08 2.5e-22 1.4848485e-23 5.922761e-25
1.1741405e+09 1.0582316e+18 3.1852276e+08 5.8440577e+08 2.5e-22 1.4831066e-23 5.9407242e-25
1.1774629e+09 1.0592898e+18 3.1786376e+08 5.8341809e+08 2.5e-22 1.4813678e-23 5.9587439e-25
1.1807954e+09 1.0603491e+18 3.1704307e+08 5.8259447e+08 2.5e-22 0 5.9768204e-25
1.1841399e+09 1.0614094e+18 3.1622417e+08 5.8177145e+08 2.5e-22 0 5.9949636e-25
1.1874964e+09 1.0624708e+18 3.1540704e+08 5.8094773e+08 2.5e-22 0 6.0131737e-25
1.190865e+09 1.0635333e+18 3.1459169e+08 5.8012332e+08 2.5e-22 0 6.0314509e-25
1.1942456e+09 1.0645968e+18 3.1377812e+08 5.7929822e+08 2.5e-22 0 6.0497955e-25
1.1976385e+09 1.0656614e+18 3.1296632e+08 5.7847244e+08 2.5e-22 0 6.0682078e-25
1.2010435e+09 1.0667271e+18 3.1215629e+08 5.77646e+08 2.5e-22 0 6.0866881e-25
1.2044608e+09 1.0677938e+18 3.1134802e+08 5.7681889e+08 2.5e-22 0 6.1052366e-25
1.2078904e+09 1.0688616e+18 3.1054153e+08 5.7599113e+08 2.5e-22 0 6.1238535e-25
1.2113323e+09 1.0699305e+18 3.097368e+08 5.7516273e+08 2.5e-22 0 6.1425392e-25
1.2147866e+09 1.0710004e+18 3.0893383e+08 5.743337e+08 2.5e-22 0 6.161294e-25
1.2182534e+09 1.0720714e+18 3.0813262e+08 5.7350404e+08 2.5e-22 0 6.180118e-25
1.2217326e+09 1.0731435e+18 3.0733316e+08 5.7267376e+08 2.5e-22 0 6.1990116e-25
1.2252244e+09 1.0742166e+18 3.0653547e+08 5.7184287e+08 2.5e-22 0 6.217975e-25
1.2287288e+09 1.0752908e+18 3.0573952e+08 5.7101138e+08 2.5e-22 0 6.2370085e-25
1.2322458e+09 1.0763661e+18 3.0494533e+08 5.701793e+08 2.5e-22 0 6.2561124e-25
1.2357755e+09 1.0774425e+18 3.0415289e+08 5.6934663e+08 2.5e-22 0 6.275287e-25
1.239318e+09 1.0785199e+18 3.0336219e+08 5.6851339e+08 2.5e-22 0 6.2945325e-25
1.2428732e+09 1.0795985e+18 3.0257324e+08 5.6767957e+08 2.5e-22 0 6.3138492e-25
1.2464412e+09 1.0806781e+18 3.0178603e+08 5.668452e+08 2.5e-22 0 6.3332374e-25
1.2500222e+09 1.0817587e+18 3.0100056e+08 5.6601028e+08 2.5e-22 0 6.3526974e-25
1.2536161e+09 1.0828405e+18 3.0021683e+08 5.6517481e+08 2.5e-22 0 6.3722294e-25
1.2572229e+09 1.0839233e+18 2.9943483e+08 5.643388e+08 2.5e-22 0 6.3918338e-25
1.2608428e+09 1.0850073e+18 2.9865457e+08 5.6350227e+08 2.5e-22 0 6.4115108e-25
1.2644758e+09 1.0860923e+18 2.9787604e+08 5.6266522e+08 2.5e-22 0 6.4312607e-25
1.2681219e+09 1.0871784e+18 2.9709923e+08 5.6182766e+08 2.5e-22 0 6.4510838e-25
1.2717812e+09 1.0882655e+18 2.9632415e+08 5.609896e+08 2.5e-22 0 6.4709804e-25
1.2754538e+09 1.0893538e+18 2.955508e+08 5.6015104e+08 2.5e-22 0 6.4909508e-25
1.2791396e+09 1.0904432e+18 2.9477917e+08 5.5931199e+08 2.5e-22 0 6.5109952e-25
1.2828388e+09 1.0915336e+18 2.9400926e+08 5.5847247e+08 2.5e-22 0 6.531114e-25
1.2865514e+09 1.0926251e+18 2.9324106e+08 5.5763248e+08 2.5e-22 0 6.5513074e-25
1.2902774e+09 1.0937178e+18 2.9247458e+08 5.5679202e+08 2.5e-22 0 6.5715757e-25
1.294017e+09 1.0948115e+18 2.9170982e+08 5.5595111e+08 2.5e-22 0 6.5919193e-25
1.29777e+09 1.0959063e+18 2.9094676e+08 5.5510976e+08 2.5e-22 0 6.6123384e-25
1.3015367e+09 1.0970022e+18 2.9018541e+08 5.5426796e+08 2.5e-22 0 6.6328333e-25
1.3053171e+09 1.0980992e+18 2.8942577e+08 5.5342574e+08 2.5e-22 0 6.6534044e-25
1.3091111e+09 1.0991973e+18 2.8866783e+08 5.5258309e+08 2.5e-22 0 6.6740518e-25
1.312919e+09 1.1002965e+18 2.8791159e+08 5.5174003e+08 2.5e-22 0 6.694776e-25
1.3167406e+09 1.1013968e+18 2.8715705e+08 5.5089657e+08 2.5e-22 0 6.7155772e-25
1.3205761e+09 1.1024982e+18 2.8640421e+08 5.5005271e+08 2.5e-22 0 6.7364557e-25
1.3244256e+09 1.1036007e+18 2.8565306e+08 5.4920845e+08 2.5e-22 0 6.7574119e-25
1.328289e+09 1.1047043e+18 2.849036e+08 5.4836382e+08 2.5e-22 0 6.7784459e-25
1.3321665e+09 1.105809e+18 2.8415584e+08 5.475188e+08 2.5e-22 0 6.7995583e-25
1.336058e+09 1.1069148e+18 2.8340975e+08 5.4667343e+08 2.5e-22 0 6.8207491e-25
1.3399637e+09 1.1080217e+18 2.8266536e+08 5.4582769e+08 2.5e-22 0 6.8420188e-25
1.3438837e+09 1.1091297e+18 2.8192264e+08 5.4498161e+08 2.5e-22 0 6.8633677e-25
1.3478178e+09 1.1102389e+18 2.8118161e+08 5.4413518e+08 2.5e-22 0 6.884796e-25
1.3517663e+09 1.1113491e+18 2.8044225e+08 5.4328841e+08 2.5e-22 0 6.9063042e-25
1.3557291e+09 1.1124605e+18 2.7970457e+08 5.4244132e+08 2.5e-22 0 6.9278924e-25
1.3597064e+09 1.1135729e+18 2.7896856e+08 5.4159391e+08 2.5e-22 0 6.9495611e-25
1.3636982e+09 1.1146865e+18 2.7823423e+08 5.4074619e+08 2.5e-22 0 6.9713104e-25
1.3677044e+09 1.1158012e+18 2.7750156e+08 5.3989816e+08 2.5e-22 0 6.9931409e-25
1.3717253e+09 1.116917e+18 2.7677055e+08 5.3904984e+08 2.5e-22 0 7.0150527e-25
1.3757609e+09 1.1180339e+18 2.7604121e+08 5.3820123e+08 2.5e-22 0 7.0370462e-25
1.3798111e+09 1.1191519e+18 2.7531353e+08 5.3735234e+08 2.5e-22 0 7.0591216e-25
1.3838761e+09 1.1202711e+18 2.7458751e+08 5.3650317e+08 2.5e-22 0 7.0812795e-25
1.3879559e+09 1.1213914e+18 2.7386314e+08 5.3565374e+08 2.5e-22 0 7.1035199e-25
1.3920507e+09 1.1225127e+18 2.7314043e+08 5.3480405e+08 2.5e-22 0 7.1258434e-25
1.3961603e+09 1.1236353e+18 2.7241937e+08 5.3395411e+08 2.5e-22 0 7.1482502e-25
1.400285e+09 1.1247589e+18 2.7169996e+08 5.3310393e+08 2.5e-22 0 7.1707405e-25
1.4044247e+09 1.1258836e+18 2.7098219e+08 5.3225352e+08 2.5e-22 0 7.1933149e-25
1.4085795e+09 1.1270095e+18 2.7026607e+08 5.3140287e+08 2.5e-22 0 7.2159735e-25
1.4127495e+09 1.1281365e+18 2.6955159e+08 5.3055201e+08 2.5e-22 0 7.2387168e-25
1.4169347e+09 1.1292647e+18 2.6883875e+08 5.2970094e+08 2.5e-22 0 7.261545e-25
1.4211353e+09 1.1303939e+18 2.6812755e+08 5.2884966e+08 2.5e-22 0 7.2844586e-25
1.4253511e+09 1.1315243e+18 2.6741797e+08 5.2799818e+08 2.5e-22 0 7.3074577e-25
1.4295824e+09 1.1326559e+18 2.6671004e+08 5.2714651e+08 2.5e-22 0 7.3305428e-25
1.4338292e+09 1.1337885e+18 2.6600373e+08 5.2629466e+08 2.5e-22 0 7.3537142e-25
1.4380915e+09 1.1349223e+18 2.6529904e+08 5.2544264e+08 2.5e-22 0 7.3769723e-25
1.4423694e+09 1.1360572e+18 2.6459598e+08 5.2459045e+08 2.5e-22 0 7.4003173e-25
1.446663e+09 1.1371933e+18 2.6389455e+08 5.2373809e+08 2.5e-22 0 7.4237496e-25
1.4509722e+09 1.1383305e+18 2.6319473e+08 5.2288559e+08 2.5e-22 0 7.4472696e-25
1.4552973e+09 1.1394688e+18 2.6249653e+08 5.2203294e+08 2.5e-22 0 7.4708777e-25
1.4596382e+09 1.1406083e+18 2.6179994e+08 5.2118015e+08 2.5e-22 0 7.4945741e-25
1.463995e+09 1.1417489e+18 2.6110497e+08 5.2032723e+08 2.5e-22 0 7.5183592e-25
1.4683677e+09 1.1428906e+18 2.6041161e+08 5.1947419e+08 2.5e-22 0 7.5422333e-25
1.4727565e+09 1.1440335e+18 2.5971985e+08 5.1862103e+08 2.5e-22 0 7.5661969e-25
1.4771614e+09 1.1451776e+18 2.590297e+08 5.1776777e+08 2.5e-22 0 7.5902502e-25
1.4815824e+09 1.1463227e+18 2.5834115e+08 5.169144e+08 2.5e-22 0 7.6143936e-25
1.4860197e+09 1.1474691e+18 2.576542e+08 5.1606094e+08 2.5e-22 0 7.6386275e-25
1.4904732e+09 1.1486165e+18 2.5696884e+08 5.1520739e+08 2.5e-22 0 7.6629522e-25
1.4949431e+09 1.1497651e+18 2.5628508e+08 5.1435376e+08 2.5e-22 0 7.6873681e-25
1.4994293e+09 1.1509149e+18 2.5560292e+08 5.1350006e+08 2.5e-22 0 7.7118756e-25
1.5039321e+09 1.1520658e+18 2.5492234e+08 5.1264629e+08 2.5e-22 0 7.7364749e-25
1.5084514e+09 1.1532179e+18 2.5424335e+08 5.1179246e+08 2.5e-22 0 7.7611665e-25
1.5129872e+09 1.1543711e+18 2.5356594e+08 5.1093859e+08 2.5e-22 0 7.7859507e-25
1.5175398e+09 1.1555255e+18 2.5289012e+08 5.1008466e+08 2.5e-22 0 7.8108279e-25
1.5221091e+09 1.156681e+18 2.5221588e+08 5.0923071e+08 2.5e-22 0 7.8357985e-25
1.5266951e+09 1.1578377e+18 2.5154321e+08 5.0837672e+08 2.5e-22 0 7.8608628e-25
1.5312981e+09 1.1589955e+18 2.5087212e+08 5.0752271e+08 2.5e-22 0 7.8860212e-25
1.5359179e+09 1.1601545e+18 2.502026e+08 5.0666868e+08 2.5e-22 0 7.911274e-25
1.5405548e+09 1.1613147e+18 2.4953465e+08 5.0581464e+08 2.5e-22 0 7.9366217e-25
1.5452087e+09 1.162476e+18 2.4886826e+08 5.049606e+08 2.5e-22 0 7.9620646e-25
1.5498798e+09 1.1636385e+18 2.4820344e+08 5.0410657e+08 2.5e-22 0 7.9876031e-25
1.554568e+09 1.1648021e+18 2.4754019e+08 5.0325254e+08 2.5e-22 0 8.0132375e-25
1.5592735e+09 1.1659669e+18 2.4687849e+08 5.0239854e+08 2.5e-22 0 8.0389683e-25
1.5639964e+09 1.1671329e+18 2.4621835e+08 5.0154456e+08 2.5e-22 0 8.0647957e-25
1.5687366e+09 1.1683e+18 2.4555976e+08 5.0069061e+08 2.5e-22 0 8.0907203e-25
1.5734943e+09 1.1694683e+18 2.4490273e+08 4.9983671e+08 2.5e-22 0 8.1167424e-25
1.5782695e+09 1.1706378e+18 2.4424724e+08 4.9898285e+08 2.5e-22 0 8.1428623e-25
1.5830624e+09 1.1718084e+18 2.435933e+08 4.9812904e+08 2.5e-22 0 8.1690805e-25
1.5878729e+09 1.1729802e+18 2.4294091e+08 4.9727529e+08 2.5e-22 0 8.1953974e-25
1.5927011e+09 1.1741532e+18 2.4229006e+08 4.9642161e+08 2.5e-22 0 8.2218132e-25
1.5975472e+09 1.1753274e+18 2.4164075e+08 4.95568e+08 2.5e-22 0 8.2483285e-25
1.6024111e+09 1.1765027e+18 2.4099297e+08 4.9471447e+08 2.5e-22 0 8.2749436e-25
1.607293e+09 1.1776792e+18 2.4034673e+08 4.9386102e+08 2.5e-22 0 8.3016588e-25
1.612193e+09 1.1788569e+18 2.3970202e+08 4.9300767e+08 2.5e-22 0 8.3284747e-25
1.617111e+09 1.1800357e+18 2.3905883e+08 4.9215442e+08 2.5e-22 0 8.3553916e-25
1.6220471e+09 1.1812158e+18 2.3841718e+08 4.9130128e+08 2.5e-22 0 8.3824099e-25
1.6270016e+09 1.182397e+18 2.3777705e+08 4.9044825e+08 2.5e-22 0 8.4095299e-25
1.6319743e+09 1.1835794e+18 2.3713844e+08 4.8959533e+08 2.5e-22 0 8.4367522e-25
1.6369654e+09 1.1847629e+18 2.3650134e+08 4.8874255e+08 2.5e-22 0 8.464077e-25
1.6419749e+09 1.1859477e+18 2.3586577e+08 4.878899e+08 2.5e-22 0 8.4915049e-25
1.647003e+09 1.1871337e+18 2.3523171e+08 4.8703738e+08 2.5e-22 0 8.5190362e-25
1.6520496e+09 1.1883208e+18 2.3459916e+08 4.8618501e+08 2.5e-22 0 8.5466712e-25
1.6571149e+09 1.1895091e+18 2.3396811e+08 4.853328e+08 2.5e-22 0 8.5744105e-25
1.662199e+09 1.1906986e+18 2.3333858e+08 4.8448074e+08 2.5e-22 0 8.6022545e-25
1.6673019e+09 1.1918893e+18 2.3271055e+08 4.8362885e+08 2.5e-22 0 8.6302035e-25
1.6724236e+09 1.1930812e+18 2.3208401e+08 4.8277712e+08 2.5e-22 0 8.6582579e-25
1.6775644e+09 1.1942743e+18 2.3145898e+08 4.8192558e+08 2.5e-22 0 8.6864182e-25
1.6827241e+09 1.1954686e+18 2.3083544e+08 4.8107422e+08 2.5e-22 0 8.7146849e-25
1.687903e+09 1.196664e+18 2.302134e+08 4.8022305e+08 2.5e-22 0 8.7430582e-25
1.6931011e+09 1.1978607e+18 2.2959284e+08 4.7937208e+08 2.5e-22 0 8.7715387e-25
1.6983184e+09 1.1990586e+18 2.2897378e+08 4.7852131e+08 2.5e-22 0 8.8001267e-25
1.7035551e+09 1.2002576e+18 2.283562e+08 4.7767075e+08 2.5e-22 0 8.8288227e-25
1.7088112e+09 1.2014579e+18 2.277401e+08 4.768204e+08 2.5e-22 0 8.8576271e-25
1.7140867e+09 1.2026593e+18 2.2712548e+08 4.7597028e+08 2.5e-22 0 8.8865404e-25
1.7193819e+09 1.203862e+18 2.2651234e+08 4.7512038e+08 2.5e-22 0 8.9155629e-25
1.7246966e+09 1.2050659e+18 2.2590067e+08 4.7427072e+08 2.5e-22 0 8.9446952e-25
1.7300311e+09 1.2062709e+18 2.2529048e+08 4.734213e+08 2.5e-22 0 8.9739375e-25
1.7353854e+09 1.2074772e+18 2.2468176e+08 4.7257213e+08 2.5e-22 0 9.0032905e-25
1.7407596e+09 1.2086847e+18 2.240745e+08 4.717232e+08 2.5e-22 0 9.0327544e-25
1.7461537e+09 1.2098934e+18 2.2346871e+08 4.7087454e+08 2.5e-22 0 9.0623298e-25
1.7515678e+09 1.2111032e+18 2.2286439e+08 4.7002614e+08 2.5e-22 0 9.092017e-25
1.7570021e+09 1.2123143e+18 2.2226152e+08 4.6917801e+08 2.5e-22 0 9.1218166e-25
1.7624566e+09 1.2135267e+18 2.2166011e+08 4.6833016e+08 2.5e-22 0 9.1517289e-25
1.7679313e+09 1.2147402e+18 2.2106015e+08 4.6748259e+08 2.5e-22 0 9.1817545e-25
1.7734263e+09 1.2159549e+18 2.2046164e+08 4.6663531e+08 2.5e-22 0 9.2118937e-25
1.7789418e+09 1.2171709e+18 2.1986459e+08 4.6578832e+08 2.5e-22 0 9.242147e-25
1.7844778e+09 1.2183881e+18 2.1926898e+08 4.6494163e+08 2.5e-22 0 9.2725148e-25
1.7900344e+09 1.2196064e+18 2.1867481e+08 4.6409525e+08 2.5e-22 0 9.3029977e-25
1.7956117e+09 1.2208261e+18 2.1808209e+08 4.6324919e+08 2.5e-22 0 9.333596e-25
1.8012097e+09 1.2220469e+18 2.1749081e+08 4.6240344e+08 2.5e-22 0 9.3643103e-25
1.8068285e+09 1.2232689e+18 2.1690096e+08 4.6155801e+08 2.5e-22 0 9.3951409e-25
1.8124683e+09 1.2244922e+18 2.1631254e+08 4.6071291e+08 2.5e-22 0 9.4260884e-25
1.8181291e+09 1.2257167e+18 2.1572556e+08 4.5986815e+08 2.5e-22 0 9.4571531e-25
1.8238109e+09 1.2269424e+18 2.1514001e+08 4.5902373e+08 2.5e-22 0 9.4883357e-25
1.8295139e+09 1.2281693e+18 2.1455588e+08 4.5817966e+08 2.5e-22 0 9.5196364e-25
1.8352381e+09 1.2293975e+18 2.1397317e+08 4.5733594e+08 2.5e-22 0 9.5510559e-25
1.8409837e+09 1.2306269e+18 2.1339189e+08 4.5649258e+08 2.5e-22 0 9.5825945e-25
1.8467507e+09 1.2318575e+18 2.1281202e+08 4.5564958e+08 2.5e-22 0 9.6142527e-25
1.8525392e+09 1.2330894e+18 2.1223357e+08 4.5480695e+08 2.5e-22 0 9.646031e-25
1.8583492e+09 1.2343225e+18 2.1165654e+08 4.5396469e+08 2.5e-22 0 9.6779299e-25
1.8641809e+09 1.2355568e+18 2.1108091e+08 4.5312282e+08 2.5e-22 0 9.7099499e-25
1.8700344e+09 1.2367924e+18 2.1050669e+08 4.5228134e+08 2.5e-22 0 9.7420914e-25
1.8759097e+09 1.2380292e+18 2.0993388e+08 4.5144024e+08 2.5e-22 0 9.7743549e-25
1.881807e+09 1.2392672e+18 2.0936247e+08 4.5059954e+08 2.5e-22 0 9.8067409e-25
1.8877262e+09 1.2405065e+18 2.0879246e+08 4.4975925e+08 2.5e-22 0 9.8392499e-25
1.8936675e+09 1.241747e+18 2.0822385e+08 4.4891936e+08 2.5e-22 0 9.8718824e-25
1.8996311e+09 1.2429887e+18 2.0765663e+08 4.4807989e+08 2.5e-22 0 9.9046388e-25
1.9056168e+09 1.2442317e+18 2.070908e+08 4.4724084e+08 2.5e-22 0 9.9375196e-25
1.911625e+09 1.2454759e+18 2.0652637e+08 4.4640221e+08 2.5e-22 0 9.9705254e-25
1.9176556e+09 1.2467214e+18 2.0596332e+08 4.4556401e+08 2.5e-22 0 1.0003657e-24
1.9237087e+09 1.2479681e+18 2.0540166e+08 4.4472625e+08 2.5e-22 0 1.0036914e-24
1.9297844e+09 1.2492161e+18 2.0484138e+08 4.4388892e+08 2.5e-22 0 1.0070297e-24
1.9358829e+09 1.2504653e+18 2.0428247e+08 4.4305205e+08 2.5e-22 0 1.0103808e-24
1.9420042e+09 1.2517158e+18 2.0372495e+08 4.4221562e+08 2.5e-22 0 1.0137446e-24
1.9481483e+09 1.2529675e+18 2.031688e+08 4.4137965e+08 2.5e-22 0 1.0171211e-24
1.9543154e+09 1.2542205e+18 2.0261402e+08 4.4054415e+08 2.5e-22 0 1.0205106e-24
1.9605056e+09 1.2554747e+18 2.0206061e+08 4.3970911e+08 2.5e-22 0 1.0239129e-24
1.966719e+09 1.2567302e+18 2.0150857e+08 4.3887454e+08 2.5e-22 0 1.0273282e-24
1.9729556e+09 1.2579869e+18 2.0095789e+08 4.3804045e+08 2.5e-22 0 1.0307564e-24
1.9792155e+09 1.2592449e+18 2.0040857e+08 4.3720684e+08 2.5e-22 0 1.0341977e-24
1.9854989e+09 1.2605041e+18 1.9986061e+08 4.3637372e+08 2.5e-22 0 1.0376521e-24
1.9918059e+09 1.2617646e+18 1.9931401e+08 4.3554109e+08 2.5e-22 0 1.0411197e-24
1.9981364e+09 1.2630264e+18 1.9876876e+08 4.3470896e+08 2.5e-22 0 1.0446005e-24
2.0044906e+09 1.2642894e+18 1.9822486e+08 4.3387733e+08 2.5e-22 0 1.0480945e-24
2.0108687e+09 1.2655537e+18 1.9768231e+08 4.3304621e+08 2.5e-22 0 1.0516018e-24
2.0172707e+09 1.2668193e+18 1.971411e+08 4.322156e+08 2.5e-22 0 1.0551225e-24
2.0236966e+09 1.2680861e+18 1.9660124e+08 4.3138551e+08 2.5e-22 0 1.0586566e-24
2.0301466e+09 1.2693542e+18 1.9606272e+08 4.3055594e+08 2.5e-22 0 1.0622041e-24
2.0366209e+09 1.2706235e+18 1.9552554e+08 4.297269e+08 2.5e-22 0 1.0657652e-24
2.0431194e+09 1.2718941e+18 1.949897e+08 4.288984e+08 2.5e-22 0 1.0693399e-24
2.0496423e+09 1.273166e+18 1.9445518e+08 4.2807043e+08 2.5e-22 0 1.0729282e-24
2.0561896e+09 1.2744392e+18 1.93922e+08 4.27243e+08 2.5e-22 0 1.0765301e-24
2.0627615e+09 1.2757136e+18 1.9339015e+08 4.2641612e+08 2.5e-22 0 1.0801458e-24
2.0693581e+09 1.2769893e+18 1.9285962e+08 4.2558979e+08 2.5e-22 0 1.0837753e-24
2.0759794e+09 1.2782663e+18 1.9233041e+08 4.2476401e+08 2.5e-22 0 1.0874186e-24
2.0826256e+09 1.2795446e+18 1.9180252e+08 4.239388e+08 2.5e-22 0 1.0910758e-24
2.0892968e+09 1.2808241e+18 1.9127596e+08 4.2311416e+08 2.5e-22 0 1.094747e-24
2.095993e+09 1.282105e+18 1.907507e+08 4.2229008e+08 2.5e-22 0 1.0984322e-24
2.1027144e+09 1.2833871e+18 1.9022676e+08 4.2146658e+08 2.5e-22 0 1.1021315e-24
2.109461e+09 1.2846705e+18 1.8970413e+08 4.2064366e+08 2.5e-22 0 1.1058448e-24
2.116233e+09 1.2859551e+18 1.8918281e+08 4.1982133e+08 2.5e-22 0 1.1095724e-24
2.1230304e+09 1.2872411e+18 1.8866279e+08 4.1899958e+08 2.5e-22 0 1.1133141e-24
2.1298534e+09 1.2885283e+18 1.8814407e+08 4.1817843e+08 2.5e-22 0 1.1170702e-24
2.136702e+09 1.2898169e+18 1.8762665e+08 4.1735788e+08 2.5e-22 0 1.1208406e-24
2.1435764e+09 1.2911067e+18 1.8711053e+08 4.1653793e+08 2.5e-22 0 1.1246254e-24
2.1504766e+09 1.2923978e+18 1.8659571e+08 4.1571859e+08 2.5e-22 0 1.1284247e-24
2.1574028e+09 1.2936902e+18 1.8608217e+08 4.1489986e+08 2.5e-22 0 1.1322385e-24
2.164355e+09 1.2949839e+18 1.8556993e+08 4.1408174e+08 2.5e-22 0 1.1360668e-24
2.1713335e+09 1.2962789e+18 1.8505897e+08 4.1326425e+08 2.5e-22 0 1.1399098e-24
2.1783381e+09 1.2975751e+18 1.845493e+08 4.1244738e+08 2.5e-22 0 1.1437675e-24
2.1853692e+09 1.2988727e+18 1.840409e+08 4.1163114e+08 2.5e-22 0 1.1476399e-24
2.1924267e+09 1.3001716e+18 1.8353379e+08 4.1081554e+08 2.5e-22 0 1.1515271e-24
2.1995108e+09 1.3014718e+18 1.8302796e+08 4.1000057e+08 2.5e-22 0 1.1554292e-24
2.2066216e+09 1.3027732e+18 1.8252339e+08 4.0918625e+08 2.5e-22 0 1.1593462e-24
2.2137592e+09 1.304076e+18 1.820201e+08 4.0837257e+08 2.5e-22 0 1.1632782e-24
2.2209236e+09 1.3053801e+18 1.8151808e+08 4.0755955e+08 2.5e-22 0 1.1672252e-24
2.2281151e+09 1.3066855e+18 1.8101733e+08 4.0674718e+08 2.5e-22 0 1.1711873e-24
2.2353336e+09 1.3079921e+18 1.8051784e+08 4.0593547e+08 2.5e-22 0 1.1751646e-24
2.2425794e+09 1.3093001e+18 1.8001961e+08 4.0512443e+08 2.5e-22 0 1.1791571e-24
2.2498525e+09 1.3106094e+18 1.7952264e+08 4.0431405e+08 2.5e-22 0 1.1831649e-24
2.257153e+09 1.31192e+18 1.7902692e+08 4.0350434e+08 2.5e-22 0 1.187188e-24
2.2644811e+09 1.313232e+18 1.7853246e+08 4.0269532e+08 2.5e-22 0 1.1912266e-24
2.2718368e+09 1.3145452e+18 1.7803925e+08 4.0188697e+08 2.5e-22 0 1.1952806e-24
2.2792203e+09 1.3158597e+18 1.7754729e+08 4.010793e+08 2.5e-22 0 1.1993501e-24
2.2866316e+09 1.3171756e+18 1.7705658e+08 4.0027233e+08 2.5e-22 0 1.2034352e-24
2.2940709e+09 1.3184928e+18 1.7656711e+08 3.9946605e+08 2.5e-22 0 1.2075359e-24
2.3015382e+09 1.3198113e+18 1.7607888e+08 3.9866046e+08 2.5e-22 0 1.2116524e-24
2.3090338e+09 1.3211311e+18 1.7559188e+08 3.9785558e+08 2.5e-22 0 1.2157846e-24
2.3165577e+09 1.3224522e+18 1.7510613e+08 3.970514e+08 2.5e-22 0 1.2199326e-24
2.32411e+09 1.3237747e+18 1.7462161e+08 3.9624793e+08 2.5e-22 0 1.2240966e-24
2.3316908e+09 1.3250984e+18 1.7413832e+08 3.9544517e+08 2.5e-22 0 1.2282765e-24
2.3393003e+09 1.3264235e+18 1.7365625e+08 3.9464313e+08 2.5e-22 0 1.2324724e-24
2.3469385e+09 1.32775e+18 1.7317542e+08 3.9384181e+08 2.5e-22 0 1.2366845e-24
2.3546056e+09 1.3290777e+18 1.726958e+08 3.9304121e+08 2.5e-22 0 1.2409126e-24
2.3623016e+09 1.3304068e+18 1.7221741e+08 3.9224134e+08 2.5e-22 0 1.245157e-24
2.3700268e+09 1.3317372e+18 1.7174024e+08 3.914422e+08 2.5e-22 0 1.2494177e-24
2.3777811e+09 1.3330689e+18 1.7126428e+08 3.906438e+08 2.5e-22 0 1.2536947e-24
2.3855648e+09 1.334402e+18 1.7078954e+08 3.8984614e+08 2.5e-22 0 1.2579881e-24
2.393378e+09 1.3357364e+18 1.70316e+08 3.8904922e+08 2.5e-22 0 1.262298e-24
2.4012207e+09 1.3370721e+18 1.6984368e+08 3.8825305e+08 2.5e-22 0 1.2666244e-24
2.409093e+09 1.3384092e+18 1.6937256e+08 3.8745762e+08 2.5e-22 0 1.2709674e-24
2.4169952e+09 1.3397476e+18 1.6890264e+08 3.8666296e+08 2.5e-22 0 1.2753271e-24
2.4249273e+09 1.3410874e+18 1.6843393e+08 3.8586905e+08 2.5e-22 0 1.2797035e-24
2.4328894e+09 1.3424285e+18 1.6796641e+08 3.850759e+08 2.5e-22 0 1.2840967e-24
2.4408816e+09 1.3437709e+18 1.6750009e+08 3.8428351e+08 2.5e-22 0 1.2885068e-24
2.4489041e+09 1.3451147e+18 1.6703496e+08 3.834919e+08 2.5e-22 0 1.2929338e-24
2.456957e+09 1.3464598e+18 1.6657102e+08 3.8270106e+08 2.5e-22 0 1.2973778e-24
2.4650404e+09 1.3478062e+18 1.6610827e+08 3.8191099e+08 2.5e-22 0 1.3018389e-24
2.4731544e+09 1.349154e+18 1.6564671e+08 3.811217e+08 2.5e-22 0 1.3063172e-24
2.4812992e+09 1.3505032e+18 1.6518633e+08 3.8033319e+08 2.5e-22 0 1.3108126e-24
2.4894748e+09 1.3518537e+18 1.6472713e+08 3.7954547e+08 2.5e-22 0 1.3153253e-24
2.4976815e+09 1.3532055e+18 1.6426911e+08 3.7875854e+08 2.5e-22 0 1.3198553e-24
2.5059192e+09 1.3545587e+18 1.6381227e+08 3.7797241e+08 2.5e-22 0 1.3244028e-24
2.5141882e+09 1.3559133e+18 1.633566e+08 3.7718707e+08 2.5e-22 0 1.3289677e-24
2.5224885e+09 1.3572692e+18 1.629021e+08 3.7640253e+08 2.5e-22 0 1.3335502e-24
2.5308203e+09 1.3586265e+18 1.6244877e+08 3.7561879e+08 2.5e-22 0 1.3381503e-24
2.5391837e+09 1.3599851e+18 1.6199661e+08 3.7483586e+08 2.5e-22 0 1.3427681e-24
2.5475789e+09 1.3613451e+18 1.615456e+08 3.7405373e+08 2.5e-22 0 1.3474036e-24
2.5560059e+09 1.3627064e+18 1.6109576e+08 3.7327243e+08 2.5e-22 0 1.352057e-24
2.5644648e+09 1.3640692e+18 1.6064708e+08 3.7249193e+08 2.5e-22 0 1.3567282e-24
2.5729559e+09 1.3654332e+18 1.6019956e+08 3.7171226e+08 2.5e-22 0 1.3614175e-24
2.5814793e+09 1.3667987e+18 1.5975319e+08 3.7093341e+08 2.5e-22 0 1.3661247e-24
2.590035e+09 1.3681655e+18 1.5930797e+08 3.7015538e+08 2.5e-22 0 1.3708501e-24
2.5986231e+09 1.3695336e+18 1.5886389e+08 3.6937819e+08 2.5e-22 0 1.3755937e-24
2.6072439e+09 1.3709032e+18 1.5842097e+08 3.6860182e+08 2.5e-22 0 1.3803555e-24
2.6158975e+09 1.3722741e+18 1.5797919e+08 3.6782629e+08 2.5e-22 0 1.3851357e-24
2.6245839e+09 1.3736463e+18 1.5753855e+08 3.670516e+08 2.5e-22 0 1.3899342e-24
2.6333033e+09 1.37502e+18 1.5709905e+08 3.6627775e+08 2.5e-22 0 1.3947513e-24
2.6420559e+09 1.376395e+18 1.5666069e+08 3.6550475e+08 2.5e-22 0 1.3995868e-24
2.6508417e+09 1.3777714e+18 1.5622346e+08 3.6473259e+08 2.5e-22 0 1.404441e-24
2.659661e+09 1.3791492e+18 1.5578736e+08 3.6396129e+08 2.5e-22 0 1.4093139e-24
2.6685137e+09 1.3805283e+18 1.5535239e+08 3.6319083e+08 2.5e-22 0 1.4142056e-24
2.6774002e+09 1.3819088e+18 1.5491855e+08 3.6242123e+08 2.5e-22 0 1.4191161e-24
2.6863204e+09 1.3832908e+18 1.5448583e+08 3.616525e+08 2.5e-22 0 1.4240455e-24
2.6952746e+09 1.384674e+18 1.5405423e+08 3.6088462e+08 2.5e-22 0 1.4289939e-24
2.7042628e+09 1.3860587e+18 1.5362376e+08 3.6011761e+08 2.5e-22 0 1.4339614e-24
2.7132852e+09 1.3874448e+18 1.531944e+08 3.5935147e+08 2.5e-22 0 1.438948e-24
2.722342e+09 1.3888322e+18 1.5276616e+08 3.585862e+08 2.5e-22 0 1.4439539e-24
2.7314332e+09 1.3902211e+18 1.5233902e+08 3.578218e+08 2.5e-22 0 1.448979e-24
2.740559e+09 1.3916113e+18 1.51913e+08 3.5705828e+08 2.5e-22 0 1.4540235e-24
2.7497196e+09 1.3930029e+18 1.5148809e+08 3.5629564e+08 2.5e-22 0 1.4590875e-24
2.7589151e+09 1.3943959e+18 1.5106428e+08 3.5553388e+08 2.5e-22 0 1.464171e-24
2.7681456e+09 1.3957903e+18 1.5064157e+08 3.54773e+08 2.5e-22 0 1.4692741e-24
2.7774112e+09 1.3971861e+18 1.5021997e+08 3.5401301e+08 2.5e-22 0 1.4743968e-24
2.7867121e+09 1.3985833e+18 1.4979946e+08 3.5325392e+08 2.5e-22 0 1.4795394e-24
2.7960485e+09 1.3999818e+18 1.4938004e+08 3.5249571e+08 2.5e-22 0 1.4847017e-24
2.8054204e+09 1.4013818e+18 1.4896172e+08 3.517384e+08 2.5e-22 0 1.489884e-24
2.8148281e+09 1.4027832e+18 1.4854449e+08 3.5098199e+08 2.5e-22 0 1.4950863e-24
2.8242716e+09 1.404186e+18 1.4812835e+08 3.5022648e+08 2.5e-22 0 1.5003087e-24
2.8337512e+09 1.4055902e+18 1.477133e+08 3.4947188e+08 2.5e-22 0 1.5055512e-24
2.8432668e+09 1.4069958e+18 1.4729933e+08 3.4871818e+08 2.5e-22 0 1.5108139e-24
2.8528188e+09 1.4084028e+18 1.4688644e+08 3.4796539e+08 2.5e-22 0 1.516097e-24
2.8624071e+09 1.4098112e+18 1.4647462e+08 3.4721351e+08 2.5e-22 0 1.5214004e-24
2.8720321e+09 1.411221e+18 1.4606389e+08 3.4646254e+08 2.5e-22 0 1.5267244e-24
2.8816938e+09 1.4126322e+18 1.4565423e+08 3.4571249e+08 2.5e-22 0 1.5320689e-24
2.8913923e+09 1.4140448e+18 1.4524564e+08 3.4496335e+08 2.5e-22 0 1.537434e-24
2.9011278e+09 1.4154589e+18 1.4483812e+08 3.4421514e+08 2.5e-22 0 1.5428199e-24
2.9109005e+09 1.4168743e+18 1.4443166e+08 3.4346785e+08 2.5e-22 0 1.5482265e-24
2.9207105e+09 1.4182912e+18 1.4402627e+08 3.4272149e+08 2.5e-22 0 1.5536541e-24
2.930558e+09 1.4197095e+18 1.4362195e+08 3.4197606e+08 2.5e-22 0 1.5591026e-24
2.940443e+09 1.4211292e+18 1.4321868e+08 3.4123155e+08 2.5e-22 0 1.5645722e-24
2.9503658e+09 1.4225503e+18 1.4281647e+08 3.4048798e+08 2.5e-22 0 1.5700629e-24
2.9603265e+09 1.4239729e+18 1.4241531e+08 3.3974535e+08 2.5e-22 0 1.5755748e-24
2.9703252e+09 1.4253969e+18 1.4201521e+08 3.3900365e+08 2.5e-22 0 1.581108e-24
2.9803622e+09 1.4268223e+18 1.4161616e+08 3.3826289e+08 2.5e-22 0 1.5866626e-24
2.9904374e+09 1.4282491e+18 1.4121816e+08 3.3752307e+08 2.5e-22 0 1.5922387e-24
3.0005512e+09 1.4296773e+18 1.408212e+08 3.367842e+08 2.5e-22 0 1.5978364e-24
3.0107037e+09 1.431107e+18 1.4042528e+08 3.3604628e+08 2.5e-22 0 1.6034557e-24
3.0208949e+09 1.4325381e+18 1.4003041e+08 3.353093e+08 2.5e-22 0 1.6090967e-24
3.0311251e+09 1.4339706e+18 1.3963658e+08 3.3457327e+08 2.5e-22 0 1.6147595e-24
3.0413944e+09 1.4354046e+18 1.3924378e+08 3.338382e+08 2.5e-22 0 1.6204443e-24
3.051703e+09 1.43684e+18 1.3885201e+08 3.3310408e+08 2.5e-22 0 1.626151e-24
3.062051e+09 1.4382769e+18 1.3846128e+08 3.3237092e+08 2.5e-22 0 1.6318798e-24
3.0724385e+09 1.4397151e+18 1.3807158e+08 3.3163872e+08 2.5e-22 0 1.6376308e-24
3.0828658e+09 1.4411549e+18 1.376829e+08 3.3090748e+08 2.5e-22 0 1.643404e-24
3.093333e+09 1.442596e+18 1.3729525e+08 3.301772e+08 2.5e-22 0 1.6491996e-24
3.1038403e+09 1.4440386e+18 1.3690862e+08 3.2944789e+08 2.5e-22 0 1.6550176e-24
3.1143878e+09 1.4454826e+18 1.3652301e+08 3.2871955e+08 2.5e-22 0 1.6608581e-24
3.1249756e+09 1.4469281e+18 1.3613842e+08 3.2799218e+08 2.5e-22 0 1.6667212e-24
3.135604e+09 1.4483751e+18 1.3575484e+08 3.2726577e+08 2.5e-22 0 1.6726071e-24
3.146273e+09 1.4498234e+18 1.3537228e+08 3.2654035e+08 2.5e-22 0 1.6785157e-24
3.1569829e+09 1.4512733e+18 1.3499073e+08 3.2581589e+08 2.5e-22 0 1.6844472e-24
