# Mfl=0.1Msun, vmin=0.03c, vmax=0.3c, power-law-index=0.5
# time [s], rsh [cm], vsh [cm/s], Deltav_2 [cm/s], rho_ISM [g/cm3], rhofl_2 [g/cm3], int_rhosq_1dr [g^2/cm^5]
3160145.1 2.8421979e+16 6.356628e+09 2.640072e+09 1e-20 7.6828386e-20 8.8983514e-28
3164616.3 2.8450401e+16 6.6241699e+09 2.3697143e+09 1e-20 7.6622342e-20 2.0702734e-27
3168911.2 2.8478851e+16 6.609481e+09 2.380677e+09 1e-20 7.6424597e-20 3.0892604e-27
3173220 2.850733e+16 6.6034132e+09 2.3835381e+09 1e-20 7.6222969e-20 4.1178625e-27
3177537.1 2.8535837e+16 6.5991026e+09 2.3846204e+09 1e-20 7.6022065e-20 5.1510587e-27
3181861.3 2.8564373e+16 6.5953789e+09 2.3851102e+09 1e-20 7.5821748e-20 6.1878276e-27
3186192.3 2.8592938e+16 6.5919062e+09 2.3853466e+09 1e-20 7.5621989e-20 7.227832e-27
3190529.8 2.862153e+16 6.5885582e+09 2.385457e+09 1e-20 7.5422778e-20 8.2709312e-27
3194874 2.8650152e+16 6.5852789e+09 2.3854977e+09 1e-20 7.5224108e-20 9.3170585e-27
3199224.6 2.8678802e+16 6.5820403e+09 2.3854972e+09 1e-20 7.5025976e-20 1.036618e-26
3203581.7 2.8707481e+16 6.5788271e+09 2.3854708e+09 1e-20 7.4828381e-20 1.1418279e-26
3207945.3 2.8736188e+16 6.5756303e+09 2.3854274e+09 1e-20 7.4631318e-20 1.2473346e-26
3212315.5 2.8764925e+16 6.5724446e+09 2.3853727e+09 1e-20 7.4434788e-20 1.3531378e-26
3216692 2.879369e+16 6.5692664e+09 2.3853102e+09 1e-20 7.4238788e-20 1.4592377e-26
3221075.1 2.8822483e+16 6.5660932e+09 2.3852422e+09 1e-20 7.4043316e-20 1.5656343e-26
3225464.7 2.8851306e+16 6.5629236e+09 2.3851704e+09 1e-20 7.3848371e-20 1.672328e-26
3229860.8 2.8880157e+16 6.5597564e+09 2.3850959e+09 1e-20 7.3653952e-20 1.7793194e-26
3234263.5 2.8909037e+16 6.5565908e+09 2.3850196e+09 1e-20 7.3460056e-20 1.8866089e-26
3238672.6 2.8937946e+16 6.5534261e+09 2.384942e+09 1e-20 7.3266683e-20 1.9941972e-26
3243088.3 2.8966884e+16 6.5502619e+09 2.3848636e+09 1e-20 7.3073831e-20 2.1020848e-26
3247510.6 2.8995851e+16 6.5470979e+09 2.3847848e+09 1e-20 7.2881498e-20 2.2102723e-26
3251939.4 2.9024847e+16 6.5439337e+09 2.3847058e+09 1e-20 7.2689684e-20 2.3187606e-26
3256374.8 2.9053872e+16 6.5407693e+09 2.3846268e+09 1e-20 7.2498386e-20 2.4275501e-26
3260816.7 2.9082926e+16 6.5376044e+09 2.384548e+09 1e-20 7.2307603e-20 2.5366417e-26
3265265.3 2.9112009e+16 6.5344388e+09 2.3844696e+09 1e-20 7.2117334e-20 2.6460361e-26
3269720.4 2.9141121e+16 6.5312726e+09 2.3843916e+09 1e-20 7.1927578e-20 2.7557339e-26
3274182.2 2.9170262e+16 6.5281055e+09 2.3843141e+09 1e-20 7.1738333e-20 2.8657359e-26
3278650.6 2.9199432e+16 6.5249376e+09 2.3842372e+09 1e-20 7.1549597e-20 2.9760429e-26
3283125.7 2.9228631e+16 6.5217687e+09 2.3841609e+09 1e-20 7.136137e-20 3.0866555e-26
3287607.4 2.925786e+16 6.5185989e+09 2.3840854e+09 1e-20 7.117365e-20 3.1975746e-26
3292095.8 2.9287118e+16 6.515428e+09 2.3840105e+09 1e-20 7.0986435e-20 3.3088008e-26
3296590.8 2.9316405e+16 6.5122561e+09 2.3839365e+09 1e-20 7.0799724e-20 3.420335e-26
3301092.5 2.9345721e+16 6.5090831e+09 2.3838632e+09 1e-20 7.0613517e-20 3.5321779e-26
3305601 2.9375067e+16 6.505909e+09 2.3837908e+09 1e-20 7.042781e-20 3.6443303e-26
3310116.1 2.9404442e+16 6.5027337e+09 2.3837192e+09 1e-20 7.0242604e-20 3.7567929e-26
3314638 2.9433847e+16 6.4995573e+09 2.3836484e+09 1e-20 7.0057897e-20 3.8695665e-26
3319166.5 2.946328e+16 6.4963797e+09 2.3835785e+09 1e-20 6.9873686e-20 3.982652e-26
3323701.9 2.9492744e+16 6.493201e+09 2.3835095e+09 1e-20 6.9689972e-20 4.0960499e-26
3328244 2.9522237e+16 6.490021e+09 2.3834414e+09 1e-20 6.9506753e-20 4.2097613e-26
3332792.8 2.9551759e+16 6.4868399e+09 2.3833741e+09 1e-20 6.9324027e-20 4.3237868e-26
3337348.5 2.9581311e+16 6.4836575e+09 2.3833078e+09 1e-20 6.9141793e-20 4.4381271e-26
3341910.9 2.9610892e+16 6.480474e+09 2.3832424e+09 1e-20 6.896005e-20 4.5527832e-26
3346480.2 2.9640503e+16 6.4772892e+09 2.3831779e+09 1e-20 6.8778796e-20 4.6677558e-26
3351056.3 2.9670143e+16 6.4741031e+09 2.3831143e+09 1e-20 6.859803e-20 4.7830458e-26
3355639.1 2.9699813e+16 6.4709158e+09 2.3830517e+09 1e-20 6.8417751e-20 4.8986537e-26
3360228.9 2.9729513e+16 6.4677273e+09 2.38299e+09 1e-20 6.8237958e-20 5.0145806e-26
3364825.5 2.9759243e+16 6.4645375e+09 2.3829291e+09 1e-20 6.8058648e-20 5.1308272e-26
3369428.9 2.9789002e+16 6.4613465e+09 2.3828693e+09 1e-20 6.7879822e-20 5.2473943e-26
3374039.3 2.9818791e+16 6.4581542e+09 2.3828103e+09 1e-20 6.7701477e-20 5.3642827e-26
3378656.5 2.984861e+16 6.4549607e+09 2.3827523e+09 1e-20 6.7523612e-20 5.4814933e-26
3383280.6 2.9878458e+16 6.4517659e+09 2.3826952e+09 1e-20 6.7346226e-20 5.5990267e-26
3387911.7 2.9908337e+16 6.4485699e+09 2.3826391e+09 1e-20 6.7169317e-20 5.7168839e-26
3392549.7 2.9938245e+16 6.4453725e+09 2.3825839e+09 1e-20 6.6992885e-20 5.8350657e-26
3397194.6 2.9968183e+16 6.4421739e+09 2.3825296e+09 1e-20 6.6816928e-20 5.9535728e-26
3401846.5 2.9998152e+16 6.4389741e+09 2.3824762e+09 1e-20 6.6641445e-20 6.0724062e-26
3406505.3 3.002815e+16 6.4357729e+09 2.3824238e+09 1e-20 6.6466434e-20 6.1915665e-26
3411171.1 3.0058178e+16 6.4325705e+09 2.3823723e+09 1e-20 6.6291894e-20 6.3110547e-26
3415843.9 3.0088236e+16 6.4293668e+09 2.3823218e+09 1e-20 6.6117825e-20 6.4308716e-26
3420523.8 3.0118324e+16 6.4261619e+09 2.3822721e+09 1e-20 6.5944224e-20 6.551018e-26
3425210.6 3.0148443e+16 6.4229557e+09 2.3822234e+09 1e-20 6.577109e-20 6.6714948e-26
3429904.4 3.0178591e+16 6.4197482e+09 2.3821757e+09 1e-20 6.5598423e-20 6.7923027e-26
3434605.3 3.020877e+16 6.4165394e+09 2.3821288e+09 1e-20 6.542622e-20 6.9134426e-26
3439313.3 3.0238978e+16 6.4133293e+09 2.3820829e+09 1e-20 6.5254481e-20 7.0349154e-26
3444028.3 3.0269217e+16 6.410118e+09 2.3820379e+09 1e-20 6.5083205e-20 7.1567218e-26
3448750.4 3.0299487e+16 6.4069053e+09 2.3819938e+09 1e-20 6.4912389e-20 7.2788628e-26
3453479.6 3.0329786e+16 6.4036914e+09 2.3819506e+09 1e-20 6.4742033e-20 7.4013392e-26
3458215.9 3.0360116e+16 6.4004763e+09 2.3819083e+09 1e-20 6.4572136e-20 7.5241518e-26
3462959.3 3.0390476e+16 6.3972598e+09 2.381867e+09 1e-20 6.4402697e-20 7.6473014e-26
3467709.9 3.0420866e+16 6.394042e+09 2.3818266e+09 1e-20 6.4233713e-20 7.770789e-26
3472467.6 3.0451287e+16 6.390823e+09 2.381787e+09 1e-20 6.4065185e-20 7.8946154e-26
3477232.4 3.0481739e+16 6.3876027e+09 2.3817484e+09 1e-20 6.389711e-20 8.0187814e-26
3482004.4 3.051222e+16 6.3843811e+09 2.3817107e+09 1e-20 6.3729488e-20 8.143288e-26
3486783.6 3.0542733e+16 6.3811583e+09 2.3816739e+09 1e-20 6.3562317e-20 8.2681358e-26
3491570 3.0573275e+16 6.3779341e+09 2.381638e+09 1e-20 6.3395596e-20 8.393326e-26
3496363.6 3.0603849e+16 6.3747087e+09 2.381603e+09 1e-20 6.3229323e-20 8.5188592e-26
3501164.4 3.0634452e+16 6.371482e+09 2.3815689e+09 1e-20 6.3063499e-20 8.6447363e-26
3505972.5 3.0665087e+16 6.368254e+09 2.3815357e+09 1e-20 6.2898121e-20 8.7709583e-26
3510787.8 3.0695752e+16 6.3650247e+09 2.3815034e+09 1e-20 6.2733188e-20 8.897526e-26
3515610.4 3.0726448e+16 6.3617941e+09 2.381472e+09 1e-20 6.2568698e-20 9.0244403e-26
3520440.2 3.0757174e+16 6.3585623e+09 2.3814415e+09 1e-20 6.2404652e-20 9.151702e-26
3525277.3 3.0787931e+16 6.3553292e+09 2.3814118e+09 1e-20 6.2241048e-20 9.2793121e-26
3530121.8 3.0818719e+16 6.3520947e+09 2.3813831e+09 1e-20 6.2077883e-20 9.4072714e-26
3534973.5 3.0849538e+16 6.3488591e+09 2.3813552e+09 1e-20 6.1915158e-20 9.5355808e-26
3539832.6 3.0880388e+16 6.3456221e+09 2.3813282e+09 1e-20 6.1752871e-20 9.6642412e-26
3544699 3.0911268e+16 6.3423838e+09 2.3813021e+09 1e-20 6.1591021e-20 9.7932535e-26
3549572.7 3.0942179e+16 6.3391443e+09 2.3812768e+09 1e-20 6.1429606e-20 9.9226185e-26
3554453.9 3.0973121e+16 6.3359035e+09 2.3812525e+09 1e-20 6.1268626e-20 1.0052337e-25
3559342.4 3.1004094e+16 6.3326614e+09 2.381229e+09 1e-20 6.1108079e-20 1.0182411e-25
3564238.3 3.1035099e+16 6.329418e+09 2.3812063e+09 1e-20 6.0947965e-20 1.0312839e-25
3569141.6 3.1066134e+16 6.3261734e+09 2.3811846e+09 1e-20 6.0788281e-20 1.0443624e-25
3574052.3 3.10972e+16 6.3229275e+09 2.3811637e+09 1e-20 6.0629027e-20 1.0574767e-25
3578970.5 3.1128297e+16 6.3196803e+09 2.3811436e+09 1e-20 6.0470202e-20 1.0706267e-25
3583896.1 3.1159425e+16 6.3164318e+09 2.3811245e+09 1e-20 6.0311804e-20 1.0838127e-25
3588829.2 3.1190585e+16 6.313182e+09 2.3811061e+09 1e-20 6.0153833e-20 1.0970347e-25
3593769.7 3.1221775e+16 6.309931e+09 2.3810887e+09 1e-20 5.9996286e-20 1.1102927e-25
3598717.8 3.1252997e+16 6.3066786e+09 2.381072e+09 1e-20 5.9839164e-20 1.1235869e-25
3603673.3 3.128425e+16 6.303425e+09 2.3810563e+09 1e-20 5.9682465e-20 1.1369174e-25
3608636.4 3.1315534e+16 6.3001702e+09 2.3810413e+09 1e-20 5.9526187e-20 1.1502843e-25
3613606.9 3.134685e+16 6.296914e+09 2.3810273e+09 1e-20 5.937033e-20 1.1636877e-25
3618585.1 3.1378197e+16 6.2936566e+09 2.381014e+09 1e-20 5.9214892e-20 1.1771275e-25
3623570.8 3.1409575e+16 6.2903979e+09 2.3810016e+09 1e-20 5.9059873e-20 1.1906041e-25
3628564 3.1440984e+16 6.2871379e+09 2.38099e+09 1e-20 5.8905271e-20 1.2041173e-25
3633564.9 3.1472425e+16 6.2838767e+09 2.3809793e+09 1e-20 5.8751085e-20 1.2176674e-25
3638573.3 3.1503898e+16 6.2806141e+09 2.3809694e+09 1e-20 5.8597314e-20 1.2312544e-25
3643589.3 3.1535402e+16 6.2773503e+09 2.3809603e+09 1e-20 5.8443957e-20 1.2448785e-25
3648613 3.1566937e+16 6.2740853e+09 2.3809521e+09 1e-20 5.8291012e-20 1.2585396e-25
3653644.3 3.1598504e+16 6.2708189e+09 2.3809446e+09 1e-20 5.8138479e-20 1.272238e-25
3658683.3 3.1630103e+16 6.2675513e+09 2.380938e+09 1e-20 5.7986357e-20 1.2859736e-25
3663730 3.1661733e+16 6.2642824e+09 2.3809322e+09 1e-20 5.7834644e-20 1.2997466e-25
3668784.3 3.1693394e+16 6.2610122e+09 2.3809273e+09 1e-20 5.7683339e-20 1.3135572e-25
3673846.3 3.1725088e+16 6.2577408e+09 2.3809231e+09 1e-20 5.7532441e-20 1.3274053e-25
3678916.1 3.1756813e+16 6.2544681e+09 2.3809197e+09 1e-20 5.738195e-20 1.3412911e-25
3683993.5 3.178857e+16 6.2511941e+09 2.3809172e+09 1e-20 5.7231863e-20 1.3552147e-25
3689078.7 3.1820358e+16 6.2479189e+09 2.3809155e+09 1e-20 5.708218e-20 1.3691761e-25
3694171.7 3.1852179e+16 6.2446424e+09 2.3809145e+09 1e-20 5.69329e-20 1.3831755e-25
3699272.4 3.1884031e+16 6.2413646e+09 2.3809144e+09 1e-20 5.6784022e-20 1.397213e-25
3704380.9 3.1915915e+16 6.2380856e+09 2.380915e+09 1e-20 5.6635544e-20 1.4112886e-25
3709497.2 3.1947831e+16 6.2348052e+09 2.3809165e+09 1e-20 5.6487466e-20 1.4254025e-25
3714621.3 3.1979779e+16 6.2315237e+09 2.3809187e+09 1e-20 5.6339786e-20 1.4395548e-25
3719753.2 3.2011758e+16 6.2282408e+09 2.3809218e+09 1e-20 5.6192503e-20 1.4537455e-25
3724893 3.204377e+16 6.2249567e+09 2.3809256e+09 1e-20 5.6045617e-20 1.4679748e-25
3730040.6 3.2075814e+16 6.2216713e+09 2.3809302e+09 1e-20 5.5899126e-20 1.4822427e-25
3735196.1 3.210789e+16 6.2183847e+09 2.3809355e+09 1e-20 5.5753029e-20 1.4965493e-25
3740359.5 3.2139998e+16 6.2150968e+09 2.3809417e+09 1e-20 5.5607325e-20 1.5108948e-25
3745530.8 3.2172138e+16 6.2118076e+09 2.3809486e+09 1e-20 5.5462014e-20 1.5252793e-25
3750710 3.220431e+16 6.2085172e+09 2.3809563e+09 1e-20 5.5317093e-20 1.5397028e-25
3755897.1 3.2236514e+16 6.2052255e+09 2.3809648e+09 1e-20 5.5172562e-20 1.5541654e-25
3761092.2 3.2268751e+16 6.2019326e+09 2.3809741e+09 1e-20 5.502842e-20 1.5686673e-25
3766295.2 3.2301019e+16 6.1986383e+09 2.3809841e+09 1e-20 5.4884665e-20 1.5832085e-25
3771506.2 3.233332e+16 6.1953429e+09 2.3809948e+09 1e-20 5.4741298e-20 1.5977891e-25
3776725.1 3.2365654e+16 6.1920462e+09 2.3810064e+09 1e-20 5.4598316e-20 1.6124093e-25
3781952.1 3.2398019e+16 6.1887482e+09 2.3810186e+09 1e-20 5.4455719e-20 1.6270692e-25
3787187.1 3.2430417e+16 6.1854489e+09 2.3810317e+09 1e-20 5.4313505e-20 1.6417688e-25
3792430.1 3.2462848e+16 6.1821484e+09 2.3810455e+09 1e-20 5.4171674e-20 1.6565082e-25
3797681.2 3.2495311e+16 6.1788467e+09 2.38106e+09 1e-20 5.4030225e-20 1.6712876e-25
3802940.3 3.2527806e+16 6.1755437e+09 2.3810753e+09 1e-20 5.3889156e-20 1.6861071e-25
3808207.5 3.2560334e+16 6.1722394e+09 2.3810913e+09 1e-20 5.3748466e-20 1.7009666e-25
3813482.8 3.2592894e+16 6.1689339e+09 2.381108e+09 1e-20 5.3608155e-20 1.7158665e-25
3818766.2 3.2625487e+16 6.1656271e+09 2.3811255e+09 1e-20 5.3468221e-20 1.7308067e-25
3824057.7 3.2658112e+16 6.1623191e+09 2.3811438e+09 1e-20 5.3328664e-20 1.7457873e-25
3829357.3 3.2690771e+16 6.1590098e+09 2.3811627e+09 1e-20 5.3189482e-20 1.7608085e-25
3834665.1 3.2723461e+16 6.1556993e+09 2.3811824e+09 1e-20 5.3050675e-20 1.7758704e-25
3839981.1 3.2756185e+16 6.1523875e+09 2.3812028e+09 1e-20 5.291224e-20 1.7909731e-25
3845305.2 3.2788941e+16 6.1490745e+09 2.381224e+09 1e-20 5.2774179e-20 1.8061166e-25
3850637.6 3.282173e+16 6.1457602e+09 2.3812458e+09 1e-20 5.2636488e-20 1.8213011e-25
3855978.1 3.2854552e+16 6.1424447e+09 2.3812684e+09 1e-20 5.2499168e-20 1.8365267e-25
3861326.9 3.2887406e+16 6.1391279e+09 2.3812917e+09 1e-20 5.2362217e-20 1.8517935e-25
3866683.9 3.2920294e+16 6.1358099e+09 2.3813157e+09 1e-20 5.2225635e-20 1.8671015e-25
3872049.2 3.2953214e+16 6.1324906e+09 2.3813404e+09 1e-20 5.208942e-20 1.882451e-25
3877422.7 3.2986167e+16 6.1291701e+09 2.3813659e+09 1e-20 5.1953571e-20 1.8978419e-25
3882804.6 3.3019153e+16 6.1258484e+09 2.381392e+09 1e-20 5.1818087e-20 1.9132745e-25
3888194.7 3.3052172e+16 6.1225254e+09 2.3814188e+09 1e-20 5.1682968e-20 1.9287488e-25
3893593.2 3.3085225e+16 6.1192012e+09 2.3814463e+09 1e-20 5.1548213e-20 1.9442649e-25
3898999.9 3.311831e+16 6.1158757e+09 2.3814745e+09 1e-20 5.1413819e-20 1.9598229e-25
3904415.1 3.3151428e+16 6.112549e+09 2.3815034e+09 1e-20 5.1279787e-20 1.975423e-25
3909838.6 3.318458e+16 6.109221e+09 2.381533e+09 1e-20 5.1146116e-20 1.9910652e-25
3915270.5 3.3217764e+16 6.1058918e+09 2.3815633e+09 1e-20 5.1012804e-20 2.0067496e-25
3920710.7 3.3250982e+16 6.1025614e+09 2.3815943e+09 1e-20 5.087985e-20 2.0224764e-25
3926159.4 3.3284233e+16 6.0992297e+09 2.3816259e+09 1e-20 5.0747254e-20 2.0382457e-25
3931616.6 3.3317517e+16 6.0958968e+09 2.3816583e+09 1e-20 5.0615015e-20 2.0540575e-25
3937082.1 3.3350835e+16 6.0925627e+09 2.3816913e+09 1e-20 5.0483131e-20 2.0699121e-25
3942556.1 3.3384186e+16 6.0892273e+09 2.3817249e+09 1e-20 5.0351602e-20 2.0858094e-25
3948038.6 3.341757e+16 6.0858907e+09 2.3817593e+09 1e-20 5.0220426e-20 2.1017496e-25
3953529.6 3.3450987e+16 6.0825529e+09 2.3817943e+09 1e-20 5.0089603e-20 2.1177328e-25
3959029.1 3.3484438e+16 6.0792138e+09 2.3818299e+09 1e-20 4.9959132e-20 2.1337592e-25
3964537.2 3.3517923e+16 6.0758735e+09 2.3818663e+09 1e-20 4.9829012e-20 2.1498287e-25
3970053.7 3.3551441e+16 6.072532e+09 2.3819033e+09 1e-20 4.9699242e-20 2.1659417e-25
3975578.8 3.3584992e+16 6.0691892e+09 2.3819409e+09 1e-20 4.956982e-20 2.182098e-25
3981112.5 3.3618577e+16 6.0658453e+09 2.3819792e+09 1e-20 4.9440746e-20 2.198298e-25
3986654.8 3.3652196e+16 6.0625e+09 2.3820181e+09 1e-20 4.931202e-20 2.2145416e-25
3992205.7 3.3685848e+16 6.0591536e+09 2.3820577e+09 1e-20 4.9183639e-20 2.2308289e-25
3997765.2 3.3719534e+16 6.0558059e+09 2.382098e+09 1e-20 4.9055604e-20 2.2471602e-25
4003333.3 3.3753253e+16 6.0524571e+09 2.3821388e+09 1e-20 4.8927913e-20 2.2635355e-25
4008910.1 3.3787006e+16 6.049107e+09 2.3821803e+09 1e-20 4.8800565e-20 2.2799549e-25
4014495.5 3.3820793e+16 6.0457556e+09 2.3822225e+09 1e-20 4.8673559e-20 2.2964186e-25
4020089.7 3.3854614e+16 6.0424031e+09 2.3822653e+09 1e-20 4.8546895e-20 2.3129266e-25
4025692.5 3.3888469e+16 6.0390493e+09 2.3823087e+09 1e-20 4.8420571e-20 2.329479e-25
4031304.1 3.3922357e+16 6.0356943e+09 2.3823527e+09 1e-20 4.8294587e-20 2.346076e-25
4036924.4 3.395628e+16 6.0323381e+09 2.3823973e+09 1e-20 4.8168942e-20 2.3627177e-25
4042553.4 3.3990236e+16 6.0289807e+09 2.3824426e+09 1e-20 4.8043634e-20 2.3794043e-25
4048191.2 3.4024226e+16 6.0256221e+09 2.3824885e+09 1e-20 4.7918663e-20 2.3961357e-25
4053837.8 3.405825e+16 6.0222622e+09 2.382535e+09 1e-20 4.7794028e-20 2.4129122e-25
4059493.2 3.4092309e+16 6.0189011e+09 2.3825821e+09 1e-20 4.7669729e-20 2.4297338e-25
4065157.4 3.4126401e+16 6.0155389e+09 2.3826298e+09 1e-20 4.7545763e-20 2.4466006e-25
4070830.4 3.4160527e+16 6.0121754e+09 2.3826782e+09 1e-20 4.742213e-20 2.4635129e-25
4076512.3 3.4194688e+16 6.0088107e+09 2.3827271e+09 1e-20 4.729883e-20 2.4804706e-25
4082203.1 3.4228883e+16 6.0054448e+09 2.3827766e+09 1e-20 4.7175861e-20 2.497474e-25
4087902.7 3.4263112e+16 6.0020776e+09 2.3828267e+09 1e-20 4.7053222e-20 2.5145231e-25
4093611.3 3.4297375e+16 5.9987093e+09 2.3828774e+09 1e-20 4.6930913e-20 2.531618e-25
4099328.7 3.4331672e+16 5.9953398e+09 2.3829287e+09 1e-20 4.6808933e-20 2.5487589e-25
4105055.1 3.4366004e+16 5.9919691e+09 2.3829806e+09 1e-20 4.6687281e-20 2.5659459e-25
4110790.5 3.440037e+16 5.9885971e+09 2.3830331e+09 1e-20 4.6565955e-20 2.583179e-25
4116534.8 3.443477e+16 5.985224e+09 2.3830862e+09 1e-20 4.6444956e-20 2.6004585e-25
4122288.1 3.4469205e+16 5.9818496e+09 2.3831398e+09 1e-20 4.6324281e-20 2.6177844e-25
4128050.4 3.4503674e+16 5.9784741e+09 2.383194e+09 1e-20 4.6203931e-20 2.6351569e-25
4133821.7 3.4538178e+16 5.9750973e+09 2.3832488e+09 1e-20 4.6083905e-20 2.652576e-25
4139602.1 3.4572716e+16 5.9717194e+09 2.3833041e+09 1e-20 4.5964201e-20 2.670042e-25
4145391.5 3.4607289e+16 5.9683403e+09 2.3833601e+09 1e-20 4.5844818e-20 2.6875548e-25
4151189.9 3.4641896e+16 5.9649599e+09 2.3834165e+09 1e-20 4.5725757e-20 2.7051147e-25
4156997.5 3.4676538e+16 5.9615784e+09 2.3834736e+09 1e-20 4.5607015e-20 2.7227217e-25
4162814.2 3.4711214e+16 5.9581957e+09 2.3835312e+09 1e-20 4.5488592e-20 2.740376e-25
4168640 3.4745926e+16 5.9548118e+09 2.3835893e+09 1e-20 4.5370488e-20 2.7580777e-25
4174474.9 3.4780671e+16 5.9514267e+09 2.383648e+09 1e-20 4.52527e-20 2.7758269e-25
4180319 3.4815452e+16 5.9480404e+09 2.3837073e+09 1e-20 4.513523e-20 2.7936238e-25
4186172.3 3.4850268e+16 5.9446529e+09 2.3837671e+09 1e-20 4.5018074e-20 2.8114684e-25
4192034.7 3.4885118e+16 5.9412642e+09 2.3838274e+09 1e-20 4.4901234e-20 2.8293609e-25
4197906.4 3.4920003e+16 5.9378743e+09 2.3838883e+09 1e-20 4.4784707e-20 2.8473014e-25
4203787.3 3.4954923e+16 5.9344833e+09 2.3839497e+09 1e-20 4.4668494e-20 2.86529e-25
4209677.4 3.4989878e+16 5.9310911e+09 2.3840116e+09 1e-20 4.4552593e-20 2.8833269e-25
4215576.8 3.5024868e+16 5.9276977e+09 2.3840741e+09 1e-20 4.4437003e-20 2.9014121e-25
4221485.5 3.5059893e+16 5.9243031e+09 2.3841371e+09 1e-20 4.4321723e-20 2.9195459e-25
4227403.5 3.5094953e+16 5.9209073e+09 2.3842006e+09 1e-20 4.4206754e-20 2.9377283e-25
4233330.8 3.5130047e+16 5.9175104e+09 2.3842647e+09 1e-20 4.4092093e-20 2.9559594e-25
4239267.4 3.5165178e+16 5.9141122e+09 2.3843292e+09 1e-20 4.397774e-20 2.9742394e-25
4245213.4 3.5200343e+16 5.9107129e+09 2.3843943e+09 1e-20 4.3863694e-20 2.9925684e-25
4251168.7 3.5235543e+16 5.9073124e+09 2.3844599e+09 1e-20 4.3749954e-20 3.0109465e-25
4257133.4 3.5270779e+16 5.9039108e+09 2.384526e+09 1e-20 4.363652e-20 3.0293739e-25
4263107.6 3.5306049e+16 5.900508e+09 2.3845926e+09 1e-20 4.3523391e-20 3.0478506e-25
4269091.1 3.5341355e+16 5.897104e+09 2.3846597e+09 1e-20 4.3410566e-20 3.0663769e-25
4275084.1 3.5376697e+16 5.8936988e+09 2.3847273e+09 1e-20 4.3298043e-20 3.0849528e-25
4281086.6 3.5412073e+16 5.8902925e+09 2.3847954e+09 1e-20 4.3185823e-20 3.1035784e-25
4287098.5 3.5447486e+16 5.886885e+09 2.3848639e+09 1e-20 4.3073904e-20 3.1222539e-25
4293120 3.5482933e+16 5.8834763e+09 2.384933e+09 1e-20 4.2962286e-20 3.1409795e-25
4299150.9 3.5518416e+16 5.8800665e+09 2.3850026e+09 1e-20 4.2850967e-20 3.1597552e-25
4305191.4 3.5553934e+16 5.8766555e+09 2.3850726e+09 1e-20 4.2739948e-20 3.1785811e-25
4311241.4 3.5589488e+16 5.8732433e+09 2.3851431e+09 1e-20 4.2629226e-20 3.1974575e-25
4317301 3.5625078e+16 5.86983e+09 2.3852141e+09 1e-20 4.2518802e-20 3.2163844e-25
4323370.2 3.5660703e+16 5.8664155e+09 2.3852856e+09 1e-20 4.2408674e-20 3.2353619e-25
4329449 3.5696364e+16 5.8629999e+09 2.3853576e+09 1e-20 4.2298842e-20 3.2543903e-25
4335537.4 3.573206e+16 5.8595831e+09 2.38543e+09 1e-20 4.2189305e-20 3.2734695e-25
4341635.5 3.5767792e+16 5.8561651e+09 2.3855028e+09 1e-20 4.2080062e-20 3.2925998e-25
4347743.2 3.580356e+16 5.852746e+09 2.3855762e+09 1e-20 4.1971112e-20 3.3117813e-25
4353860.6 3.5839363e+16 5.8493258e+09 2.38565e+09 1e-20 4.1862455e-20 3.3310141e-25
4359987.7 3.5875203e+16 5.8459044e+09 2.3857242e+09 1e-20 4.175409e-20 3.3502984e-25
4366124.5 3.5911078e+16 5.8424818e+09 2.3857989e+09 1e-20 4.1646015e-20 3.3696342e-25
4372271 3.5946989e+16 5.8390581e+09 2.3858741e+09 1e-20 4.1538231e-20 3.3890218e-25
4378427.3 3.5982936e+16 5.8356333e+09 2.3859497e+09 1e-20 4.1430736e-20 3.4084612e-25
4384593.4 3.6018919e+16 5.8322073e+09 2.3860257e+09 1e-20 4.132353e-20 3.4279525e-25
4390769.3 3.6054938e+16 5.8287802e+09 2.3861022e+09 1e-20 4.1216611e-20 3.447496e-25
4396954.9 3.6090993e+16 5.8253519e+09 2.3861791e+09 1e-20 4.1109979e-20 3.4670917e-25
4403150.4 3.6127084e+16 5.8219225e+09 2.3862565e+09 1e-20 4.1003634e-20 3.4867398e-25
4409355.8 3.6163211e+16 5.8184919e+09 2.3863342e+09 1e-20 4.0897574e-20 3.5064404e-25
4415571 3.6199374e+16 5.8150602e+09 2.3864124e+09 1e-20 4.0791799e-20 3.5261937e-25
4421796.1 3.6235573e+16 5.8116274e+09 2.3864911e+09 1e-20 4.0686308e-20 3.5459997e-25
4428031.1 3.6271809e+16 5.8081934e+09 2.3865701e+09 1e-20 4.0581099e-20 3.5658587e-25
4434276.1 3.6308081e+16 5.8047583e+09 2.3866496e+09 1e-20 4.0476174e-20 3.5857707e-25
4440531 3.6344389e+16 5.8013221e+09 2.3867294e+09 1e-20 4.037153e-20 3.605736e-25
4446795.8 3.6380733e+16 5.7978847e+09 2.3868097e+09 1e-20 4.0267166e-20 3.6257545e-25
4453070.6 3.6417114e+16 5.7944462e+09 2.3868904e+09 1e-20 4.0163083e-20 3.6458265e-25
4459355.5 3.6453531e+16 5.7910066e+09 2.3869715e+09 1e-20 4.0059279e-20 3.6659522e-25
4465650.3 3.6489985e+16 5.7875658e+09 2.387053e+09 1e-20 3.9955754e-20 3.6861315e-25
4471955.2 3.6526475e+16 5.784124e+09 2.3871349e+09 1e-20 3.9852506e-20 3.7063648e-25
4478270.2 3.6563001e+16 5.780681e+09 2.3872172e+09 1e-20 3.9749536e-20 3.726652e-25
4484595.2 3.6599564e+16 5.7772369e+09 2.3872999e+09 1e-20 3.9646842e-20 3.7469935e-25
4490930.3 3.6636164e+16 5.7737916e+09 2.3873829e+09 1e-20 3.9544423e-20 3.7673892e-25
4497275.6 3.66728e+16 5.7703453e+09 2.3874664e+09 1e-20 3.9442279e-20 3.7878394e-25
4503631 3.6709473e+16 5.7668978e+09 2.3875502e+09 1e-20 3.934041e-20 3.8083441e-25
4509996.5 3.6746182e+16 5.7634492e+09 2.3876344e+09 1e-20 3.9238813e-20 3.8289036e-25
4516372.2 3.6782928e+16 5.7599995e+09 2.387719e+09 1e-20 3.9137489e-20 3.8495179e-25
4522758.2 3.6819711e+16 5.7565487e+09 2.3878039e+09 1e-20 3.9036437e-20 3.8701872e-25
4529154.3 3.6856531e+16 5.7530968e+09 2.3878893e+09 1e-20 3.8935657e-20 3.8909117e-25
4535560.7 3.6893387e+16 5.7496438e+09 2.387975e+09 1e-20 3.8835146e-20 3.9116915e-25
4541977.3 3.6930281e+16 5.7461896e+09 2.388061e+09 1e-20 3.8734905e-20 3.9325266e-25
4548404.3 3.6967211e+16 5.7427344e+09 2.3881474e+09 1e-20 3.8634934e-20 3.9534174e-25
4554841.5 3.7004178e+16 5.739278e+09 2.3882342e+09 1e-20 3.853523e-20 3.9743639e-25
4561289 3.7041183e+16 5.7358206e+09 2.3883213e+09 1e-20 3.8435794e-20 3.9953662e-25
4567746.9 3.7078224e+16 5.732362e+09 2.3884088e+09 1e-20 3.8336624e-20 4.0164245e-25
4574215.1 3.7115302e+16 5.7289024e+09 2.3884966e+09 1e-20 3.8237721e-20 4.037539e-25
4580693.7 3.7152417e+16 5.7254416e+09 2.3885847e+09 1e-20 3.8139082e-20 4.0587098e-25
4587182.7 3.718957e+16 5.7219798e+09 2.3886732e+09 1e-20 3.8040709e-20 4.079937e-25
4593682.1 3.7226759e+16 5.7185169e+09 2.388762e+09 1e-20 3.7942599e-20 4.1012208e-25
4600192 3.7263986e+16 5.7150528e+09 2.3888512e+09 1e-20 3.7844752e-20 4.1225613e-25
4606712.3 3.730125e+16 5.7115877e+09 2.3889407e+09 1e-20 3.7747168e-20 4.1439587e-25
4613243.1 3.7338551e+16 5.7081215e+09 2.3890305e+09 1e-20 3.7649846e-20 4.1654131e-25
4619784.4 3.737589e+16 5.7046542e+09 2.3891206e+09 1e-20 3.7552784e-20 4.1869247e-25
4626336.2 3.7413266e+16 5.7011859e+09 2.3892111e+09 1e-20 3.7455983e-20 4.2084936e-25
4632898.6 3.7450679e+16 5.6977164e+09 2.3893019e+09 1e-20 3.7359441e-20 4.23012e-25
4639471.5 3.748813e+16 5.6942459e+09 2.3893929e+09 1e-20 3.7263158e-20 4.251804e-25
4646055 3.7525618e+16 5.6907742e+09 2.3894843e+09 1e-20 3.7167134e-20 4.2735457e-25
4652649.2 3.7563143e+16 5.6873015e+09 2.389576e+09 1e-20 3.7071367e-20 4.2953454e-25
4659253.9 3.7600706e+16 5.6838277e+09 2.389668e+09 1e-20 3.6975857e-20 4.3172031e-25
4665869.3 3.7638307e+16 5.6803529e+09 2.3897603e+09 1e-20 3.6880602e-20 4.339119e-25
4672495.3 3.7675946e+16 5.676877e+09 2.3898529e+09 1e-20 3.6785604e-20 4.3610933e-25
4679132.1 3.7713621e+16 5.6734e+09 2.3899458e+09 1e-20 3.6690859e-20 4.3831261e-25
4685779.5 3.7751335e+16 5.6699219e+09 2.390039e+09 1e-20 3.6596369e-20 4.4052176e-25
4692437.7 3.7789086e+16 5.6664428e+09 2.3901324e+09 1e-20 3.6502133e-20 4.4273678e-25
4699106.6 3.7826875e+16 5.6629625e+09 2.3902262e+09 1e-20 3.6408148e-20 4.4495771e-25
4705786.3 3.7864702e+16 5.6594813e+09 2.3903202e+09 1e-20 3.6314416e-20 4.4718454e-25
4712476.8 3.7902567e+16 5.6559989e+09 2.3904145e+09 1e-20 3.6220935e-20 4.4941731e-25
4719178.1 3.794047e+16 5.6525156e+09 2.3905091e+09 1e-20 3.6127705e-20 4.5165601e-25
4725890.3 3.797841e+16 5.6490311e+09 2.3906039e+09 1e-20 3.6034725e-20 4.5390067e-25
4732613.2 3.8016389e+16 5.6455456e+09 2.390699e+09 1e-20 3.5941993e-20 4.5615131e-25
4739347.1 3.8054405e+16 5.642059e+09 2.3907944e+09 1e-20 3.5849511e-20 4.5840793e-25
4746091.9 3.8092459e+16 5.6385714e+09 2.39089e+09 1e-20 3.5757276e-20 4.6067056e-25
4752847.6 3.8130552e+16 5.6350827e+09 2.3909859e+09 1e-20 3.5665289e-20 4.6293921e-25
4759614.2 3.8168682e+16 5.631593e+09 2.391082e+09 1e-20 3.5573548e-20 4.652139e-25
4766391.8 3.8206851e+16 5.6281023e+09 2.3911784e+09 1e-20 3.5482052e-20 4.6749463e-25
4773180.4 3.8245058e+16 5.6246104e+09 2.391275e+09 1e-20 3.5390802e-20 4.6978143e-25
4779980 3.8283303e+16 5.6211176e+09 2.3913719e+09 1e-20 3.5299797e-20 4.7207432e-25
4786790.6 3.8321586e+16 5.6176237e+09 2.391469e+09 1e-20 3.5209036e-20 4.743733e-25
4793612.3 3.8359908e+16 5.6141287e+09 2.3915664e+09 1e-20 3.5118517e-20 4.7667839e-25
4800445 3.8398268e+16 5.6106328e+09 2.3916639e+09 1e-20 3.5028241e-20 4.7898962e-25
4807288.9 3.8436666e+16 5.6071357e+09 2.3917617e+09 1e-20 3.4938208e-20 4.8130699e-25
4814143.8 3.8475103e+16 5.6036377e+09 2.3918598e+09 1e-20 3.4848415e-20 4.8363052e-25
4821009.9 3.8513578e+16 5.6001386e+09 2.391958e+09 1e-20 3.4758863e-20 4.8596023e-25
4827887.2 3.8552091e+16 5.5966385e+09 2.3920565e+09 1e-20 3.4669551e-20 4.8829613e-25
4834775.6 3.8590643e+16 5.5931373e+09 2.3921552e+09 1e-20 3.4580478e-20 4.9063824e-25
4841675.3 3.8629234e+16 5.5896352e+09 2.3922541e+09 1e-20 3.4491644e-20 4.9298658e-25
4848586.1 3.8667863e+16 5.586132e+09 2.3923532e+09 1e-20 3.4403048e-20 4.9534115e-25
4855508.2 3.8706531e+16 5.5826277e+09 2.3924525e+09 1e-20 3.4314689e-20 4.9770199e-25
4862441.6 3.8745238e+16 5.5791225e+09 2.392552e+09 1e-20 3.4226567e-20 5.000691e-25
4869386.3 3.8783983e+16 5.5756162e+09 2.3926517e+09 1e-20 3.4138681e-20 5.024425e-25
4876342.3 3.8822767e+16 5.572109e+09 2.3927516e+09 1e-20 3.405103e-20 5.048222e-25
4883309.7 3.886159e+16 5.5686007e+09 2.3928517e+09 1e-20 3.3963614e-20 5.0720823e-25
4890288.4 3.8900451e+16 5.5650913e+09 2.392952e+09 1e-20 3.3876432e-20 5.096006e-25
4897278.4 3.8939352e+16 5.561581e+09 2.3930524e+09 1e-20 3.3789484e-20 5.1199932e-25
4904279.9 3.8978291e+16 5.5580697e+09 2.3931531e+09 1e-20 3.3702769e-20 5.1440442e-25
4911292.8 3.9017269e+16 5.5545574e+09 2.3932539e+09 1e-20 3.3616285e-20 5.168159e-25
4918317.2 3.9056287e+16 5.551044e+09 2.3933549e+09 1e-20 3.3530034e-20 5.1923379e-25
4925353.1 3.9095343e+16 5.5475297e+09 2.393456e+09 1e-20 3.3444013e-20 5.216581e-25
4932400.4 3.9134438e+16 5.5440143e+09 2.3935574e+09 1e-20 3.3358223e-20 5.2408885e-25
4939459.3 3.9173573e+16 5.540498e+09 2.3936588e+09 1e-20 3.3272663e-20 5.2652605e-25
4946529.7 3.9212746e+16 5.5369806e+09 2.3937605e+09 1e-20 3.3187331e-20 5.2896973e-25
4953611.6 3.9251959e+16 5.5334623e+09 2.3938623e+09 1e-20 3.3102228e-20 5.3141989e-25
4960705.2 3.9291211e+16 5.5299429e+09 2.3939643e+09 1e-20 3.3017353e-20 5.3387656e-25
4967810.4 3.9330502e+16 5.5264226e+09 2.3940664e+09 1e-20 3.2932706e-20 5.3633975e-25
4974927.2 3.9369833e+16 5.5229013e+09 2.3941686e+09 1e-20 3.2848284e-20 5.3880948e-25
4982055.7 3.9409203e+16 5.519379e+09 2.394271e+09 1e-20 3.2764089e-20 5.4128577e-25
4989195.8 3.9448612e+16 5.5158557e+09 2.3943736e+09 1e-20 3.268012e-20 5.4376863e-25
4996347.7 3.948806e+16 5.5123314e+09 2.3944762e+09 1e-20 3.2596375e-20 5.4625808e-25
5003511.3 3.9527548e+16 5.5088062e+09 2.3945791e+09 1e-20 3.2512854e-20 5.4875414e-25
5010686.6 3.9567076e+16 5.5052799e+09 2.394682e+09 1e-20 3.2429557e-20 5.5125682e-25
5017873.7 3.9606643e+16 5.5017527e+09 2.394785e+09 1e-20 3.2346483e-20 5.5376614e-25
5025072.6 3.964625e+16 5.4982245e+09 2.3948882e+09 1e-20 3.2263631e-20 5.5628212e-25
5032283.4 3.9685896e+16 5.4946954e+09 2.3949915e+09 1e-20 3.2181001e-20 5.5880478e-25
5039505.9 3.9725582e+16 5.4911652e+09 2.3950949e+09 1e-20 3.2098592e-20 5.6133413e-25
5046740.4 3.9765307e+16 5.4876342e+09 2.3951985e+09 1e-20 3.2016403e-20 5.638702e-25
5053986.7 3.9805073e+16 5.4841021e+09 2.3953021e+09 1e-20 3.1934435e-20 5.6641299e-25
5061245 3.9844878e+16 5.4805691e+09 2.3954058e+09 1e-20 3.1852686e-20 5.6896253e-25
5068515.2 3.9884723e+16 5.4770351e+09 2.3955097e+09 1e-20 3.1771156e-20 5.7151883e-25
5075797.4 3.9924607e+16 5.4735001e+09 2.3956136e+09 1e-20 3.1689844e-20 5.7408191e-25
5083091.6 3.9964532e+16 5.4699642e+09 2.3957176e+09 1e-20 3.1608749e-20 5.7665179e-25
5090397.7 4.0004497e+16 5.4664274e+09 2.3958217e+09 1e-20 3.1527872e-20 5.7922848e-25
5097716 4.0044501e+16 5.4628895e+09 2.3959259e+09 1e-20 3.1447211e-20 5.8181201e-25
5105046.2 4.0084546e+16 5.4593508e+09 2.3960302e+09 1e-20 3.1366765e-20 5.8440239e-25
5112388.6 4.012463e+16 5.4558111e+09 2.3961346e+09 1e-20 3.1286535e-20 5.8699964e-25
5119743.1 4.0164755e+16 5.4522704e+09 2.396239e+09 1e-20 3.120652e-20 5.8960378e-25
5127109.7 4.0204919e+16 5.4487288e+09 2.3963435e+09 1e-20 3.1126719e-20 5.9221483e-25
5134488.5 4.0245124e+16 5.4451862e+09 2.3964481e+09 1e-20 3.1047131e-20 5.9483279e-25
5141879.4 4.0285369e+16 5.4416428e+09 2.3965528e+09 1e-20 3.0967756e-20 5.974577e-25
5149282.6 4.0325655e+16 5.4380983e+09 2.3966575e+09 1e-20 3.0888593e-20 6.0008957e-25
5156698 4.0365981e+16 5.434553e+09 2.3967622e+09 1e-20 3.0809642e-20 6.0272841e-25
5164125.6 4.0406346e+16 5.4310067e+09 2.396867e+09 1e-20 3.0730903e-20 6.0537425e-25
5171565.6 4.0446753e+16 5.4274594e+09 2.3969719e+09 1e-20 3.0652374e-20 6.080271e-25
5179017.8 4.04872e+16 5.4239113e+09 2.3970768e+09 1e-20 3.0574055e-20 6.1068699e-25
5186482.4 4.0527687e+16 5.4203622e+09 2.3971818e+09 1e-20 3.0495945e-20 6.1335392e-25
5193959.3 4.0568214e+16 5.4168122e+09 2.3972868e+09 1e-20 3.0418045e-20 6.1602793e-25
5201448.6 4.0608783e+16 5.4132613e+09 2.3973918e+09 1e-20 3.0340352e-20 6.1870902e-25
5208950.4 4.0649391e+16 5.4097094e+09 2.3974969e+09 1e-20 3.0262868e-20 6.2139722e-25
5216464.5 4.0690041e+16 5.4061567e+09 2.397602e+09 1e-20 3.018559e-20 6.2409254e-25
5223991.1 4.0730731e+16 5.402603e+09 2.3977071e+09 1e-20 3.010852e-20 6.26795e-25
5231530.2 4.0771462e+16 5.3990484e+09 2.3978123e+09 1e-20 3.0031655e-20 6.2950462e-25
5239081.8 4.0812233e+16 5.3954929e+09 2.3979175e+09 1e-20 2.9954996e-20 6.3222143e-25
5246645.9 4.0853045e+16 5.3919365e+09 2.3980226e+09 1e-20 2.9878542e-20 6.3494543e-25
5254222.6 4.0893898e+16 5.3883792e+09 2.3981278e+09 1e-20 2.9802292e-20 6.3767665e-25
5261811.9 4.0934792e+16 5.3848209e+09 2.398233e+09 1e-20 2.9726246e-20 6.404151e-25
5269413.8 4.0975727e+16 5.3812618e+09 2.3983382e+09 1e-20 2.9650403e-20 6.4316081e-25
5277028.3 4.1016703e+16 5.3777018e+09 2.3984435e+09 1e-20 2.9574763e-20 6.4591379e-25
5284655.5 4.1057719e+16 5.3741409e+09 2.3985487e+09 1e-20 2.9499326e-20 6.4867407e-25
5292295.4 4.1098777e+16 5.3705791e+09 2.3986539e+09 1e-20 2.942409e-20 6.5144165e-25
5299947.9 4.1139876e+16 5.3670164e+09 2.398759e+09 1e-20 2.9349055e-20 6.5421657e-25
5307613.3 4.1181016e+16 5.3634528e+09 2.3988642e+09 1e-20 2.9274221e-20 6.5699884e-25
5315291.3 4.1222197e+16 5.3598883e+09 2.3989694e+09 1e-20 2.9199586e-20 6.5978847e-25
5322982.2 4.1263419e+16 5.3563229e+09 2.3990745e+09 1e-20 2.9125151e-20 6.625855e-25
5330685.9 4.1304683e+16 5.3527567e+09 2.3991796e+09 1e-20 2.9050915e-20 6.6538993e-25
5338402.4 4.1345987e+16 5.3491895e+09 2.3992847e+09 1e-20 2.8976878e-20 6.6820179e-25
5346131.8 4.1387333e+16 5.3456215e+09 2.3993898e+09 1e-20 2.8903038e-20 6.7102109e-25
5353874.1 4.1428721e+16 5.3420527e+09 2.3994948e+09 1e-20 2.8829396e-20 6.7384786e-25
5361629.3 4.1470149e+16 5.3384829e+09 2.3995998e+09 1e-20 2.875595e-20 6.7668212e-25
5369397.5 4.1511619e+16 5.3349123e+09 2.3997047e+09 1e-20 2.8682701e-20 6.7952387e-25
5377178.6 4.1553131e+16 5.3313408e+09 2.3998096e+09 1e-20 2.8609647e-20 6.8237316e-25
5384972.7 4.1594684e+16 5.3277684e+09 2.3999145e+09 1e-20 2.8536789e-20 6.8522998e-25
5392779.9 4.1636279e+16 5.3241952e+09 2.4000193e+09 1e-20 2.8464125e-20 6.8809437e-25
5400600.1 4.1677915e+16 5.3206211e+09 2.400124e+09 1e-20 2.8391655e-20 6.9096635e-25
5408433.3 4.1719593e+16 5.3170462e+09 2.4002287e+09 1e-20 2.8319379e-20 6.9384592e-25
5416279.7 4.1761313e+16 5.3134704e+09 2.4003333e+09 1e-20 2.8247296e-20 6.9673312e-25
5424139.2 4.1803074e+16 5.3098938e+09 2.4004378e+09 1e-20 2.8175405e-20 6.9962796e-25
5432011.9 4.1844877e+16 5.3063163e+09 2.4005423e+09 1e-20 2.8103707e-20 7.0253046e-25
5439897.8 4.1886722e+16 5.3027379e+09 2.4006467e+09 1e-20 2.80322e-20 7.0544065e-25
5447796.9 4.1928609e+16 5.2991587e+09 2.400751e+09 1e-20 2.7960884e-20 7.0835854e-25
5455709.2 4.1970537e+16 5.2955787e+09 2.4008552e+09 1e-20 2.7889758e-20 7.1128415e-25
5463634.7 4.2012508e+16 5.2919978e+09 2.4009594e+09 1e-20 2.7818823e-20 7.142175e-25
5471573.6 4.205452e+16 5.2884161e+09 2.4010635e+09 1e-20 2.7748077e-20 7.1715862e-25
5479525.8 4.2096575e+16 5.2848336e+09 2.4011674e+09 1e-20 2.7677519e-20 7.2010752e-25
5487491.4 4.2138671e+16 5.2812502e+09 2.4012713e+09 1e-20 2.7607151e-20 7.2306422e-25
5495470.3 4.218081e+16 5.277666e+09 2.4013751e+09 1e-20 2.753697e-20 7.2602875e-25
5503462.6 4.2222991e+16 5.2740809e+09 2.4014787e+09 1e-20 2.7466976e-20 7.2900112e-25
5511468.4 4.2265214e+16 5.2704951e+09 2.4015823e+09 1e-20 2.739717e-20 7.3198136e-25
5519487.6 4.2307479e+16 5.2669084e+09 2.4016857e+09 1e-20 2.7327549e-20 7.3496948e-25
5527520.3 4.2349786e+16 5.2633209e+09 2.4017891e+09 1e-20 2.7258115e-20 7.3796551e-25
5535566.5 4.2392136e+16 5.2597325e+09 2.4018923e+09 1e-20 2.7188866e-20 7.4096947e-25
5543626.2 4.2434528e+16 5.2561434e+09 2.4019954e+09 1e-20 2.7119802e-20 7.4398137e-25
5551699.5 4.2476963e+16 5.2525534e+09 2.4020983e+09 1e-20 2.7050922e-20 7.4700124e-25
5559786.5 4.251944e+16 5.2489627e+09 2.4022012e+09 1e-20 2.6982226e-20 7.500291e-25
5567887 4.2561959e+16 5.2453711e+09 2.4023039e+09 1e-20 2.6913713e-20 7.5306497e-25
5576001.2 4.2604521e+16 5.2417787e+09 2.4024064e+09 1e-20 2.6845383e-20 7.5610887e-25
5584129.1 4.2647126e+16 5.2381856e+09 2.4025089e+09 1e-20 2.6777236e-20 7.5916082e-25
5592270.7 4.2689773e+16 5.2345916e+09 2.4026111e+09 1e-20 2.6709271e-20 7.6222085e-25
5600426 4.2732463e+16 5.2309968e+09 2.4027133e+09 1e-20 2.6641486e-20 7.6528897e-25
5608595.1 4.2775195e+16 5.2274012e+09 2.4028153e+09 1e-20 2.6573883e-20 7.6836521e-25
5616777.9 4.281797e+16 5.2238049e+09 2.4029171e+09 1e-20 2.650646e-20 7.7144958e-25
5624974.6 4.2860788e+16 5.2202077e+09 2.4030187e+09 1e-20 2.6439217e-20 7.7454211e-25
5633185.2 4.2903649e+16 5.2166098e+09 2.4031203e+09 1e-20 2.6372154e-20 7.7764282e-25
5641409.6 4.2946553e+16 5.2130111e+09 2.4032216e+09 1e-20 2.6305269e-20 7.8075172e-25
5649648 4.2989499e+16 5.2094116e+09 2.4033228e+09 1e-20 2.6238563e-20 7.8386886e-25
5657900.2 4.3032489e+16 5.2058113e+09 2.4034237e+09 1e-20 2.6172035e-20 7.8699423e-25
5666166.5 4.3075521e+16 5.2022102e+09 2.4035246e+09 1e-20 2.6105684e-20 7.9012787e-25
5674446.7 4.3118597e+16 5.1986084e+09 2.4036252e+09 1e-20 2.603951e-20 7.932698e-25
5682741 4.3161715e+16 5.1950058e+09 2.4037256e+09 1e-20 2.5973513e-20 7.9642003e-25
5691049.3 4.3204877e+16 5.1914025e+09 2.4038259e+09 1e-20 2.5907692e-20 7.995786e-25
5699371.7 4.3248082e+16 5.1877983e+09 2.403926e+09 1e-20 2.5842046e-20 8.0274551e-25
5707708.2 4.329133e+16 5.1841934e+09 2.4040258e+09 1e-20 2.5776576e-20 8.059208e-25
5716058.8 4.3334621e+16 5.1805878e+09 2.4041255e+09 1e-20 2.571128e-20 8.0910449e-25
5724423.6 4.3377956e+16 5.1769814e+09 2.404225e+09 1e-20 2.5646158e-20 8.122966e-25
5732802.6 4.3421334e+16 5.1733742e+09 2.4043242e+09 1e-20 2.558121e-20 8.1549714e-25
5741195.9 4.3464755e+16 5.1697663e+09 2.4044233e+09 1e-20 2.5516435e-20 8.1870615e-25
5749603.4 4.350822e+16 5.1661576e+09 2.4045221e+09 1e-20 2.5451832e-20 8.2192364e-25
5758025.1 4.3551728e+16 5.1625482e+09 2.4046207e+09 1e-20 2.5387402e-20 8.2514963e-25
5766461.2 4.359528e+16 5.1589381e+09 2.4047191e+09 1e-20 2.5323144e-20 8.2838416e-25
5774911.7 4.3638875e+16 5.1553272e+09 2.4048173e+09 1e-20 2.5259057e-20 8.3162724e-25
5783376.5 4.3682514e+16 5.1517156e+09 2.4049153e+09 1e-20 2.5195141e-20 8.3487889e-25
5791855.7 4.3726197e+16 5.1481032e+09 2.405013e+09 1e-20 2.5131395e-20 8.3813913e-25
5800349.3 4.3769923e+16 5.1444901e+09 2.4051104e+09 1e-20 2.506782e-20 8.41408e-25
5808857.5 4.3813693e+16 5.1408763e+09 2.4052077e+09 1e-20 2.5004413e-20 8.446855e-25
5817380.1 4.3857507e+16 5.1372617e+09 2.4053047e+09 1e-20 2.4941176e-20 8.4797167e-25
5825917.2 4.3901364e+16 5.1336464e+09 2.4054014e+09 1e-20 2.4878107e-20 8.5126653e-25
5834468.9 4.3945265e+16 5.1300304e+09 2.4054979e+09 1e-20 2.4815207e-20 8.5457009e-25
5843035.2 4.3989211e+16 5.1264137e+09 2.4055941e+09 1e-20 2.4752474e-20 8.5788239e-25
5851616.1 4.40332e+16 5.1227963e+09 2.4056901e+09 1e-20 2.4689908e-20 8.6120344e-25
5860211.6 4.4077233e+16 5.1191782e+09 2.4057858e+09 1e-20 2.4627509e-20 8.6453327e-25
5868821.8 4.412131e+16 5.1155593e+09 2.4058812e+09 1e-20 2.4565276e-20 8.678719e-25
5877446.7 4.4165432e+16 5.1119397e+09 2.4059764e+09 1e-20 2.4503209e-20 8.7121935e-25
5886086.4 4.4209597e+16 5.1083195e+09 2.4060713e+09 1e-20 2.4441307e-20 8.7457565e-25
5894740.8 4.4253807e+16 5.1046985e+09 2.4061659e+09 1e-20 2.4379571e-20 8.7794083e-25
5903410.1 4.429806e+16 5.1010769e+09 2.4062603e+09 1e-20 2.4317999e-20 8.8131489e-25
5912094.1 4.4342359e+16 5.0974545e+09 2.4063543e+09 1e-20 2.425659e-20 8.8469787e-25
5920793.1 4.4386701e+16 5.0938314e+09 2.4064481e+09 1e-20 2.4195346e-20 8.880898e-25
5929506.9 4.4431088e+16 5.0902077e+09 2.4065415e+09 1e-20 2.4134264e-20 8.9149068e-25
5938235.6 4.4475519e+16 5.0865833e+09 2.4066347e+09 1e-20 2.4073345e-20 8.9490056e-25
5946979.3 4.4519994e+16 5.0829582e+09 2.4067276e+09 1e-20 2.4012589e-20 8.9831944e-25
5955738 4.4564514e+16 5.0793324e+09 2.4068202e+09 1e-20 2.3951994e-20 9.0174737e-25
5964511.7 4.4609079e+16 5.0757059e+09 2.4069124e+09 1e-20 2.3891561e-20 9.0518434e-25
5973300.4 4.4653688e+16 5.0720788e+09 2.4070044e+09 1e-20 2.3831289e-20 9.0863041e-25
5982104.2 4.4698341e+16 5.0684509e+09 2.407096e+09 1e-20 2.3771177e-20 9.1208557e-25
5990923.2 4.474304e+16 5.0648225e+09 2.4071873e+09 1e-20 2.3711225e-20 9.1554987e-25
5999757.3 4.4787783e+16 5.0611933e+09 2.4072783e+09 1e-20 2.3651433e-20 9.1902332e-25
6008606.5 4.4832571e+16 5.0575635e+09 2.407369e+09 1e-20 2.35918e-20 9.2250595e-25
6017471 4.4877403e+16 5.053933e+09 2.4074593e+09 1e-20 2.3532325e-20 9.2599778e-25
6026350.7 4.4922281e+16 5.0503019e+09 2.4075493e+09 1e-20 2.347301e-20 9.2949884e-25
6035245.6 4.4967203e+16 5.0466701e+09 2.407639e+09 1e-20 2.3413852e-20 9.3300915e-25
6044155.9 4.501217e+16 5.0430377e+09 2.4077283e+09 1e-20 2.3354851e-20 9.3652873e-25
6053081.5 4.5057182e+16 5.0394046e+09 2.4078173e+09 1e-20 2.3296008e-20 9.4005762e-25
6062022.5 4.5102239e+16 5.0357708e+09 2.4079059e+09 1e-20 2.3237321e-20 9.4359583e-25
6070978.9 4.5147342e+16 5.0321364e+09 2.4079942e+09 1e-20 2.317879e-20 9.4714338e-25
6079950.7 4.5192489e+16 5.0285014e+09 2.4080821e+09 1e-20 2.3120415e-20 9.5070031e-25
6088937.9 4.5237682e+16 5.0248658e+09 2.4081697e+09 1e-20 2.3062196e-20 9.5426664e-25
6097940.7 4.5282919e+16 5.0212295e+09 2.4082569e+09 1e-20 2.3004131e-20 9.5784238e-25
6106959 4.5328202e+16 5.0175926e+09 2.4083437e+09 1e-20 2.2946221e-20 9.6142758e-25
6115992.8 4.537353e+16 5.013955e+09 2.4084302e+09 1e-20 2.2888465e-20 9.6502225e-25
6125042.3 4.5418904e+16 5.0103168e+09 2.4085163e+09 1e-20 2.2830863e-20 9.6862641e-25
6134107.4 4.5464323e+16 5.0066781e+09 2.408602e+09 1e-20 2.2773414e-20 9.722401e-25
6143188.1 4.5509787e+16 5.0030386e+09 2.4086873e+09 1e-20 2.2716118e-20 9.7586333e-25
6152284.5 4.5555297e+16 4.9993986e+09 2.4087722e+09 1e-20 2.2658974e-20 9.7949614e-25
6161396.7 4.5600852e+16 4.995758e+09 2.4088568e+09 1e-20 2.2601983e-20 9.8313854e-25
6170524.6 4.5646453e+16 4.9921167e+09 2.4089409e+09 1e-20 2.2545143e-20 9.8679057e-25
6179668.3 4.5692099e+16 4.9884749e+09 2.4090247e+09 1e-20 2.2488454e-20 9.9045224e-25
6188827.8 4.5737792e+16 4.9848324e+09 2.409108e+09 1e-20 2.2431915e-20 9.9412359e-25
6198003.2 4.5783529e+16 4.9811893e+09 2.409191e+09 1e-20 2.2375528e-20 9.9780463e-25
6207194.5 4.5829313e+16 4.9775457e+09 2.4092735e+09 1e-20 2.231929e-20 1.0014954e-24
6216401.7 4.5875142e+16 4.9739014e+09 2.4093557e+09 1e-20 2.2263202e-20 1.0051959e-24
6225624.9 4.5921017e+16 4.9702566e+09 2.4094374e+09 1e-20 2.2207263e-20 1.0089062e-24
6234864.1 4.5966938e+16 4.9666111e+09 2.4095187e+09 1e-20 2.2151472e-20 1.0126263e-24
6244119.3 4.6012905e+16 4.9629651e+09 2.4095995e+09 1e-20 2.209583e-20 1.0163562e-24
6253390.5 4.6058918e+16 4.9593185e+09 2.40968e+09 1e-20 2.2040336e-20 1.020096e-24
6262677.9 4.6104977e+16 4.9556713e+09 2.40976e+09 1e-20 2.198499e-20 1.0238457e-24
6271981.3 4.6151082e+16 4.9520236e+09 2.4098395e+09 1e-20 2.192979e-20 1.0276052e-24
6281301 4.6197233e+16 4.9483753e+09 2.4099187e+09 1e-20 2.1874738e-20 1.0313747e-24
6290636.8 4.624343e+16 4.9447264e+09 2.4099973e+09 1e-20 2.1819831e-20 1.0351542e-24
6299988.9 4.6289674e+16 4.9410769e+09 2.4100756e+09 1e-20 2.1765071e-20 1.0389436e-24
6309357.2 4.6335964e+16 4.9374269e+09 2.4101534e+09 1e-20 2.1710456e-20 1.0427431e-24
6318741.9 4.6382299e+16 4.9337763e+09 2.4102307e+09 1e-20 2.1655987e-20 1.0465525e-24
6328142.8 4.6428682e+16 4.9301251e+09 2.4103076e+09 1e-20 2.1601662e-20 1.0503721e-24
6337560.2 4.647511e+16 4.9264734e+09 2.410384e+09 1e-20 2.1547481e-20 1.0542017e-24
6346993.9 4.6521586e+16 4.9228212e+09 2.41046e+09 1e-20 2.1493445e-20 1.0580415e-24
6356444.1 4.6568107e+16 4.9191684e+09 2.4105354e+09 1e-20 2.1439552e-20 1.0618914e-24
6365910.8 4.6614675e+16 4.915515e+09 2.4106104e+09 1e-20 2.1385802e-20 1.0657514e-24
6375394 4.666129e+16 4.9118611e+09 2.410685e+09 1e-20 2.1332195e-20 1.0696217e-24
6384893.7 4.6707951e+16 4.9082067e+09 2.410759e+09 1e-20 2.127873e-20 1.0735022e-24
6394410 4.6754659e+16 4.9045518e+09 2.4108326e+09 1e-20 2.1225408e-20 1.0773929e-24
6403942.9 4.6801414e+16 4.9008963e+09 2.4109057e+09 1e-20 2.1172227e-20 1.0812939e-24
6413492.4 4.6848215e+16 4.8972403e+09 2.4109783e+09 1e-20 2.1119187e-20 1.0852052e-24
6423058.7 4.6895063e+16 4.8935837e+09 2.4110503e+09 1e-20 2.1066289e-20 1.0891269e-24
6432641.7 4.6941959e+16 4.8899266e+09 2.4111219e+09 1e-20 2.1013531e-20 1.0930589e-24
6442241.4 4.6988901e+16 4.8862691e+09 2.411193e+09 1e-20 2.0960913e-20 1.0970013e-24
6451857.9 4.7035889e+16 4.882611e+09 2.4112636e+09 1e-20 2.0908434e-20 1.1009541e-24
6461491.2 4.7082925e+16 4.8789523e+09 2.4113337e+09 1e-20 2.0856095e-20 1.1049173e-24
6471141.5 4.7130008e+16 4.8752932e+09 2.4114032e+09 1e-20 2.0803895e-20 1.108891e-24
6480808.6 4.7177138e+16 4.8716336e+09 2.4114723e+09 1e-20 2.0751834e-20 1.1128752e-24
6490492.6 4.7224315e+16 4.8679735e+09 2.4115408e+09 1e-20 2.0699911e-20 1.11687e-24
6500193.6 4.727154e+16 4.8643128e+09 2.4116088e+09 1e-20 2.0648125e-20 1.1208752e-24
6509911.7 4.7318811e+16 4.8606517e+09 2.4116762e+09 1e-20 2.0596477e-20 1.1248911e-24
6519646.8 4.736613e+16 4.8569901e+09 2.4117431e+09 1e-20 2.0544967e-20 1.1289176e-24
6529398.9 4.7413496e+16 4.853328e+09 2.4118095e+09 1e-20 2.0493593e-20 1.1329547e-24
6539168.2 4.746091e+16 4.8496654e+09 2.4118754e+09 1e-20 2.0442355e-20 1.1370025e-24
6548954.6 4.7508371e+16 4.8460023e+09 2.4119407e+09 1e-20 2.0391254e-20 1.1410609e-24
6558758.2 4.7555879e+16 4.8423387e+09 2.4120054e+09 1e-20 2.0340288e-20 1.1451301e-24
6568579.1 4.7603435e+16 4.8386747e+09 2.4120696e+09 1e-20 2.0289457e-20 1.1492101e-24
6578417.2 4.7651038e+16 4.8350102e+09 2.4121333e+09 1e-20 2.0238761e-20 1.1533008e-24
6588272.6 4.7698689e+16 4.8313452e+09 2.4121964e+09 1e-20 2.01882e-20 1.1574023e-24
6598145.4 4.7746388e+16 4.8276797e+09 2.4122589e+09 1e-20 2.0137772e-20 1.1615146e-24
6608035.5 4.7794134e+16 4.8240138e+09 2.4123208e+09 1e-20 2.0087479e-20 1.1656379e-24
6617943 4.7841928e+16 4.8203474e+09 2.4123822e+09 1e-20 2.0037319e-20 1.169772e-24
6627868 4.788977e+16 4.8166806e+09 2.412443e+09 1e-20 1.9987292e-20 1.173917e-24
6637810.5 4.793766e+16 4.8130133e+09 2.4125033e+09 1e-20 1.9937398e-20 1.178073e-24
6647770.5 4.7985598e+16 4.8093456e+09 2.4125629e+09 1e-20 1.9887636e-20 1.1822399e-24
6657748.1 4.8033583e+16 4.8056774e+09 2.412622e+09 1e-20 1.9838007e-20 1.1864179e-24
6667743.3 4.8081617e+16 4.8020088e+09 2.4126804e+09 1e-20 1.9788508e-20 1.1906069e-24
6677756.1 4.8129699e+16 4.7983397e+09 2.4127383e+09 1e-20 1.9739141e-20 1.194807e-24
6687786.6 4.8177828e+16 4.7946702e+09 2.4127956e+09 1e-20 1.9689905e-20 1.1990181e-24
6697834.8 4.8226006e+16 4.7910003e+09 2.4128523e+09 1e-20 1.96408e-20 1.2032404e-24
6707900.7 4.8274232e+16 4.7873299e+09 2.4129084e+09 1e-20 1.9591825e-20 1.2074738e-24
6717984.5 4.8322506e+16 4.7836591e+09 2.4129638e+09 1e-20 1.954298e-20 1.2117185e-24
6728086.1 4.8370829e+16 4.7799879e+09 2.4130187e+09 1e-20 1.9494264e-20 1.2159743e-24
6738205.5 4.84192e+16 4.7763162e+09 2.4130729e+09 1e-20 1.9445677e-20 1.2202414e-24
6748342.9 4.8467619e+16 4.7726442e+09 2.4131265e+09 1e-20 1.9397219e-20 1.2245197e-24
6758498.2 4.8516087e+16 4.7689717e+09 2.4131795e+09 1e-20 1.934889e-20 1.2288094e-24
6768671.5 4.8564603e+16 4.7652988e+09 2.4132319e+09 1e-20 1.9300688e-20 1.2331104e-24
6778862.8 4.8613167e+16 4.7616255e+09 2.4132836e+09 1e-20 1.9252615e-20 1.2374227e-24
6789072.1 4.866178e+16 4.7579518e+09 2.4133347e+09 1e-20 1.9204669e-20 1.2417465e-24
6799299.6 4.8710442e+16 4.7542778e+09 2.4133852e+09 1e-20 1.915685e-20 1.2460816e-24
6809545.2 4.8759153e+16 4.7506033e+09 2.413435e+09 1e-20 1.9109157e-20 1.2504283e-24
6819809 4.8807912e+16 4.7469284e+09 2.4134841e+09 1e-20 1.9061591e-20 1.2547864e-24
6830091 4.885672e+16 4.7432531e+09 2.4135327e+09 1e-20 1.9014151e-20 1.259156e-24
6840391.2 4.8905576e+16 4.7395775e+09 2.4135805e+09 1e-20 1.8966837e-20 1.2635371e-24
6850709.8 4.8954482e+16 4.7359014e+09 2.4136277e+09 1e-20 1.8919648e-20 1.2679299e-24
6861046.7 4.9003436e+16 4.732225e+09 2.4136743e+09 1e-20 1.8872585e-20 1.2723342e-24
6871401.9 4.905244e+16 4.7285482e+09 2.4137202e+09 1e-20 1.8825645e-20 1.2767502e-24
6881775.6 4.9101492e+16 4.724871e+09 2.4137654e+09 1e-20 1.8778831e-20 1.2811778e-24
6892167.7 4.9150594e+16 4.7211935e+09 2.4138099e+09 1e-20 1.873214e-20 1.2856172e-24
6902578.4 4.9199744e+16 4.7175156e+09 2.4138538e+09 1e-20 1.8685573e-20 1.2900682e-24
6913007.5 4.9248944e+16 4.7138373e+09 2.413897e+09 1e-20 1.8639129e-20 1.2945311e-24
6923455.3 4.9298193e+16 4.7101587e+09 2.4139394e+09 1e-20 1.8592808e-20 1.2990057e-24
6933921.6 4.9347491e+16 4.7064797e+09 2.4139813e+09 1e-20 1.854661e-20 1.3034921e-24
6944406.6 4.9396839e+16 4.7028004e+09 2.4140224e+09 1e-20 1.8500534e-20 1.3079904e-24
6954910.3 4.9446236e+16 4.6991207e+09 2.4140628e+09 1e-20 1.845458e-20 1.3125006e-24
6965432.8 4.9495682e+16 4.6954407e+09 2.4141025e+09 1e-20 1.8408748e-20 1.3170227e-24
6975974 4.9545178e+16 4.6917603e+09 2.4141415e+09 1e-20 1.8363037e-20 1.3215568e-24
6986534 4.9594723e+16 4.6880796e+09 2.4141799e+09 1e-20 1.8317447e-20 1.3261028e-24
6997112.9 4.9644317e+16 4.6843986e+09 2.4142175e+09 1e-20 1.8271978e-20 1.3306609e-24
7007710.7 4.9693962e+16 4.6807172e+09 2.4142544e+09 1e-20 1.8226629e-20 1.3352309e-24
7018327.5 4.9743656e+16 4.6770355e+09 2.4142905e+09 1e-20 1.81814e-20 1.3398131e-24
7028963.2 4.9793399e+16 4.6733535e+09 2.414326e+09 1e-20 1.8136291e-20 1.3444074e-24
7039618 4.9843193e+16 4.6696712e+09 2.4143607e+09 1e-20 1.8091302e-20 1.3490138e-24
7050291.8 4.9893036e+16 4.6659885e+09 2.4143947e+09 1e-20 1.8046431e-20 1.3536324e-24
7060984.7 4.9942929e+16 4.6623055e+09 2.414428e+09 1e-20 1.8001679e-20 1.3582632e-24
7071696.8 4.9992872e+16 4.6586222e+09 2.4144605e+09 1e-20 1.7957045e-20 1.3629062e-24
7082428 5.0042865e+16 4.6549387e+09 2.4144923e+09 1e-20 1.791253e-20 1.3675615e-24
7093178.5 5.0092908e+16 4.6512548e+09 2.4145233e+09 1e-20 1.7868132e-20 1.3722291e-24
7103948.3 5.0143001e+16 4.6475706e+09 2.4145536e+09 1e-20 1.7823852e-20 1.3769091e-24
7114737.3 5.0193144e+16 4.6438861e+09 2.4145832e+09 1e-20 1.7779689e-20 1.3816014e-24
7125545.8 5.0243337e+16 4.6402013e+09 2.414612e+09 1e-20 1.7735643e-20 1.3863061e-24
7136373.6 5.029358e+16 4.6365163e+09 2.41464e+09 1e-20 1.7691713e-20 1.3910232e-24
7147220.9 5.0343874e+16 4.6328309e+09 2.4146673e+09 1e-20 1.7647899e-20 1.3957529e-24
7158087.7 5.0394218e+16 4.6291453e+09 2.4146938e+09 1e-20 1.7604202e-20 1.400495e-24
7168973.9 5.0444612e+16 4.6254594e+09 2.4147195e+09 1e-20 1.756062e-20 1.4052496e-24
7179879.8 5.0495056e+16 4.6217732e+09 2.4147445e+09 1e-20 1.7517153e-20 1.4100168e-24
7190805.3 5.0545551e+16 4.6180867e+09 2.4147687e+09 1e-20 1.7473801e-20 1.4147966e-24
7201750.4 5.0596097e+16 4.6144e+09 2.4147921e+09 1e-20 1.7430563e-20 1.4195891e-24
7212715.2 5.0646693e+16 4.610713e+09 2.4148147e+09 1e-20 1.738744e-20 1.4243942e-24
7223699.8 5.069734e+16 4.6070258e+09 2.4148365e+09 1e-20 1.7344431e-20 1.429212e-24
7234704.2 5.0748037e+16 4.6033383e+09 2.4148576e+09 1e-20 1.7301536e-20 1.4340426e-24
7245728.3 5.0798785e+16 4.5996505e+09 2.4148778e+09 1e-20 1.7258754e-20 1.4388859e-24
7256772.4 5.0849584e+16 4.5959625e+09 2.4148972e+09 1e-20 1.7216085e-20 1.443742e-24
7267836.4 5.0900434e+16 4.5922743e+09 2.4149159e+09 1e-20 1.7173528e-20 1.448611e-24
7278920.3 5.0951334e+16 4.5885858e+09 2.4149337e+09 1e-20 1.7131085e-20 1.4534928e-24
7290024.2 5.1002285e+16 4.5848971e+09 2.4149507e+09 1e-20 1.7088753e-20 1.4583876e-24
7301148.2 5.1053288e+16 4.5812081e+09 2.4149669e+09 1e-20 1.7046533e-20 1.4632952e-24
7312292.3 5.1104341e+16 4.5775189e+09 2.4149823e+09 1e-20 1.7004425e-20 1.4682159e-24
7323456.5 5.1155445e+16 4.5738295e+09 2.4149969e+09 1e-20 1.6962428e-20 1.4731495e-24
7334640.8 5.1206601e+16 4.5701398e+09 2.4150106e+09 1e-20 1.6920542e-20 1.4780963e-24
7345845.4 5.1257807e+16 4.56645e+09 2.4150235e+09 1e-20 1.6878767e-20 1.483056e-24
7357070.3 5.1309065e+16 4.5627599e+09 2.4150356e+09 1e-20 1.6837102e-20 1.4880289e-24
7368315.5 5.1360374e+16 4.5590696e+09 2.4150469e+09 1e-20 1.6795547e-20 1.493015e-24
7379581 5.1411735e+16 4.5553791e+09 2.4150573e+09 1e-20 1.6754102e-20 1.4980142e-24
7390867 5.1463146e+16 4.5516884e+09 2.4150668e+09 1e-20 1.6712766e-20 1.5030267e-24
7402173.4 5.1514609e+16 4.5479975e+09 2.4150755e+09 1e-20 1.6671539e-20 1.5080524e-24
7413500.2 5.1566124e+16 4.5443063e+09 2.4150834e+09 1e-20 1.6630421e-20 1.5130914e-24
7424847.6 5.161769e+16 4.540615e+09 2.4150904e+09 1e-20 1.6589412e-20 1.5181437e-24
7436215.6 5.1669308e+16 4.5369236e+09 2.4150966e+09 1e-20 1.6548511e-20 1.5232093e-24
7447604.3 5.1720977e+16 4.5332319e+09 2.4151018e+09 1e-20 1.6507718e-20 1.5282884e-24
7459013.6 5.1772698e+16 4.52954e+09 2.4151063e+09 1e-20 1.6467033e-20 1.5333809e-24
7470443.6 5.1824471e+16 4.525848e+09 2.4151098e+09 1e-20 1.6426455e-20 1.5384869e-24
7481894.3 5.1876295e+16 4.5221557e+09 2.4151125e+09 1e-20 1.6385984e-20 1.5436064e-24
7493365.9 5.1928172e+16 4.5184633e+09 2.4151143e+09 1e-20 1.634562e-20 1.5487394e-24
7504858.4 5.19801e+16 4.5147708e+09 2.4151152e+09 1e-20 1.6305363e-20 1.553886e-24
7516371.7 5.203208e+16 4.5110781e+09 2.4151152e+09 1e-20 1.6265212e-20 1.5590462e-24
7527906 5.2084112e+16 4.5073852e+09 2.4151144e+09 1e-20 1.6225166e-20 1.56422e-24
7539461.3 5.2136196e+16 4.5036921e+09 2.4151126e+09 1e-20 1.6185227e-20 1.5694075e-24
7551037.6 5.2188332e+16 4.4999989e+09 2.41511e+09 1e-20 1.6145392e-20 1.5746088e-24
7562635 5.2240521e+16 4.4963056e+09 2.4151065e+09 1e-20 1.6105663e-20 1.5798238e-24
7574253.6 5.2292761e+16 4.4926121e+09 2.415102e+09 1e-20 1.6066039e-20 1.5850526e-24
7585893.3 5.2345054e+16 4.4889184e+09 2.4150967e+09 1e-20 1.6026519e-20 1.5902952e-24
7597554.2 5.2397399e+16 4.4852247e+09 2.4150904e+09 1e-20 1.5987103e-20 1.5955517e-24
7609236.5 5.2449796e+16 4.4815308e+09 2.4150832e+09 1e-20 1.5947791e-20 1.6008221e-24
7620940 5.2502246e+16 4.4778367e+09 2.4150752e+09 1e-20 1.5908583e-20 1.6061065e-24
7632664.9 5.2554748e+16 4.4741425e+09 2.4150661e+09 1e-20 1.5869479e-20 1.6114048e-24
7644411.2 5.2607303e+16 4.4704482e+09 2.4150562e+09 1e-20 1.5830477e-20 1.6167172e-24
7656179 5.265991e+16 4.4667538e+09 2.4150454e+09 1e-20 1.5791578e-20 1.6220436e-24
7667968.3 5.271257e+16 4.4630593e+09 2.4150336e+09 1e-20 1.5752782e-20 1.627384e-24
7679779.2 5.2765283e+16 4.4593647e+09 2.4150208e+09 1e-20 1.5714088e-20 1.6327387e-24
7691611.7 5.2818048e+16 4.4556699e+09 2.4150072e+09 1e-20 1.5675496e-20 1.6381075e-24
7703465.8 5.2870866e+16 4.451975e+09 2.4149926e+09 1e-20 1.5637006e-20 1.6434904e-24
7715341.6 5.2923737e+16 4.4482801e+09 2.414977e+09 1e-20 1.5598617e-20 1.6488877e-24
7727239.2 5.2976661e+16 4.444585e+09 2.4149605e+09 1e-20 1.556033e-20 1.6542992e-24
7739158.6 5.3029637e+16 4.4408899e+09 2.414943e+09 1e-20 1.5522143e-20 1.659725e-24
7751099.8 5.3082667e+16 4.4371946e+09 2.4149246e+09 1e-20 1.5484057e-20 1.6651652e-24
7763062.9 5.313575e+16 4.4334993e+09 2.4149053e+09 1e-20 1.5446071e-20 1.6706198e-24
7775047.9 5.3188886e+16 4.4298039e+09 2.4148849e+09 1e-20 1.5408186e-20 1.6760888e-24
7787055 5.3242074e+16 4.4261084e+09 2.4148636e+09 1e-20 1.53704e-20 1.6815723e-24
7799084.1 5.3295316e+16 4.4224128e+09 2.4148413e+09 1e-20 1.5332713e-20 1.6870703e-24
7811135.3 5.3348612e+16 4.4187172e+09 2.4148181e+09 1e-20 1.5295126e-20 1.6925829e-24
7823208.6 5.340196e+16 4.4150215e+09 2.4147939e+09 1e-20 1.5257638e-20 1.69811e-24
7835304.1 5.3455362e+16 4.4113257e+09 2.4147686e+09 1e-20 1.5220249e-20 1.7036518e-24
7847421.9 5.3508818e+16 4.4076299e+09 2.4147424e+09 1e-20 1.5182958e-20 1.7092083e-24
7859561.9 5.3562327e+16 4.403934e+09 2.4147153e+09 1e-20 1.5145765e-20 1.7147794e-24
7871724.3 5.3615889e+16 4.4002381e+09 2.4146871e+09 1e-20 1.5108671e-20 1.7203653e-24
7883909.1 5.3669505e+16 4.3965421e+09 2.4146579e+09 1e-20 1.5071674e-20 1.725966e-24
7896116.3 5.3723174e+16 4.3928461e+09 2.4146277e+09 1e-20 1.5034774e-20 1.7315815e-24
7908346 5.3776897e+16 4.38915e+09 2.4145966e+09 1e-20 1.4997971e-20 1.7372119e-24
7920598.2 5.3830674e+16 4.3854539e+09 2.4145644e+09 1e-20 1.4961266e-20 1.7428572e-24
7932873 5.3884505e+16 4.3817578e+09 2.4145312e+09 1e-20 1.4924657e-20 1.7485174e-24
7945170.5 5.393839e+16 4.3780616e+09 2.414497e+09 1e-20 1.4888144e-20 1.7541926e-24
7957490.6 5.3992328e+16 4.3743655e+09 2.4144617e+09 1e-20 1.4851727e-20 1.7598828e-24
7969833.5 5.404632e+16 4.3706692e+09 2.4144255e+09 1e-20 1.4815407e-20 1.7655881e-24
7982199.2 5.4100367e+16 4.366973e+09 2.4143882e+09 1e-20 1.4779181e-20 1.7713085e-24
7994587.8 5.4154467e+16 4.3632768e+09 2.4143499e+09 1e-20 1.4743051e-20 1.7770441e-24
8006999.2 5.4208621e+16 4.3595805e+09 2.4143106e+09 1e-20 1.4707017e-20 1.7827948e-24
8019433.5 5.426283e+16 4.3558843e+09 2.4142702e+09 1e-20 1.4671077e-20 1.7885608e-24
8031890.9 5.4317093e+16 4.352188e+09 2.4142288e+09 1e-20 1.4635231e-20 1.794342e-24
8044371.3 5.437141e+16 4.3484918e+09 2.4141864e+09 1e-20 1.459948e-20 1.8001385e-24
8056874.8 5.4425781e+16 4.3447955e+09 2.4141429e+09 1e-20 1.4563823e-20 1.8059504e-24
8069401.5 5.4480207e+16 4.3410993e+09 2.4140983e+09 1e-20 1.4528259e-20 1.8117777e-24
8081951.4 5.4534687e+16 4.337403e+09 2.4140527e+09 1e-20 1.4492789e-20 1.8176204e-24
8094524.5 5.4589222e+16 4.3337068e+09 2.4140061e+09 1e-20 1.4457412e-20 1.8234786e-24
8107120.9 5.4643811e+16 4.3300106e+09 2.4139583e+09 1e-20 1.4422129e-20 1.8293523e-24
8119740.7 5.4698455e+16 4.3263145e+09 2.4139096e+09 1e-20 1.4386938e-20 1.8352416e-24
8132383.9 5.4753154e+16 4.3226183e+09 2.4138597e+09 1e-20 1.4351839e-20 1.8411465e-24
8145050.5 5.4807907e+16 4.3189222e+09 2.4138088e+09 1e-20 1.4316833e-20 1.847067e-24
8157740.7 5.4862715e+16 4.3152262e+09 2.4137568e+09 1e-20 1.4281919e-20 1.8530031e-24
8170454.5 5.4917577e+16 4.3115302e+09 2.4137037e+09 1e-20 1.4247097e-20 1.8589551e-24
8183191.9 5.4972495e+16 4.3078342e+09 2.4136496e+09 1e-20 1.4212366e-20 1.8649227e-24
8195952.9 5.5027467e+16 4.3041382e+09 2.4135944e+09 1e-20 1.4177726e-20 1.8709062e-24
8208737.7 5.5082495e+16 4.3004424e+09 2.413538e+09 1e-20 1.4143178e-20 1.8769056e-24
8221546.3 5.5137577e+16 4.2967465e+09 2.4134806e+09 1e-20 1.410872e-20 1.8829208e-24
8234378.7 5.5192715e+16 4.2930508e+09 2.4134221e+09 1e-20 1.4074353e-20 1.888952e-24
8247234.9 5.5247908e+16 4.2893551e+09 2.4133625e+09 1e-20 1.4040076e-20 1.8949991e-24
8260115.2 5.5303156e+16 4.2856595e+09 2.4133018e+09 1e-20 1.4005889e-20 1.9010623e-24
8273019.4 5.5358459e+16 4.2819639e+09 2.41324e+09 1e-20 1.3971792e-20 1.9071415e-24
8285947.7 5.5413817e+16 4.2782684e+09 2.4131771e+09 1e-20 1.3937784e-20 1.9132369e-24
8298900.1 5.5469231e+16 4.274573e+09 2.4131131e+09 1e-20 1.3903866e-20 1.9193484e-24
8311876.7 5.55247e+16 4.2708777e+09 2.4130479e+09 1e-20 1.3870037e-20 1.9254761e-24
8324877.4 5.5580225e+16 4.2671825e+09 2.4129816e+09 1e-20 1.3836296e-20 1.93162e-24
8337902.5 5.5635805e+16 4.2634873e+09 2.4129143e+09 1e-20 1.3802644e-20 1.9377802e-24
8350951.8 5.5691441e+16 4.2597923e+09 2.4128457e+09 1e-20 1.3769081e-20 1.9439567e-24
8364025.6 5.5747132e+16 4.2560973e+09 2.4127761e+09 1e-20 1.3735606e-20 1.9501497e-24
8377123.8 5.5802879e+16 4.2524025e+09 2.4127053e+09 1e-20 1.3702218e-20 1.956359e-24
8390246.4 5.5858682e+16 4.2487078e+09 2.4126334e+09 1e-20 1.3668918e-20 1.9625848e-24
8403393.6 5.5914541e+16 4.2450132e+09 2.4125604e+09 1e-20 1.3635706e-20 1.9688271e-24
8416565.5 5.5970456e+16 4.2413187e+09 2.4124862e+09 1e-20 1.360258e-20 1.9750859e-24
8429761.9 5.6026426e+16 4.2376243e+09 2.4124108e+09 1e-20 1.3569542e-20 1.9813613e-24
8442983.1 5.6082452e+16 4.23393e+09 2.4123343e+09 1e-20 1.353659e-20 1.9876534e-24
8456229.1 5.6138535e+16 4.2302359e+09 2.4122567e+09 1e-20 1.3503725e-20 1.9939621e-24
8469499.9 5.6194673e+16 4.2265419e+09 2.4121779e+09 1e-20 1.3470946e-20 2.0002876e-24
8482795.5 5.6250868e+16 4.222848e+09 2.4120979e+09 1e-20 1.3438253e-20 2.0066298e-24
8496116.1 5.6307119e+16 4.2191543e+09 2.4120168e+09 1e-20 1.3405645e-20 2.0129889e-24
8509461.7 5.6363426e+16 4.2154607e+09 2.4119345e+09 1e-20 1.3373124e-20 2.0193648e-24
8522832.4 5.641979e+16 4.2117672e+09 2.411851e+09 1e-20 1.3340687e-20 2.0257576e-24
8536228.1 5.6476209e+16 4.2080739e+09 2.4117664e+09 1e-20 1.3308336e-20 2.0321674e-24
8549649 5.6532686e+16 4.2043808e+09 2.4116806e+09 1e-20 1.3276069e-20 2.0385942e-24
8563095.2 5.6589218e+16 4.2006878e+09 2.4115936e+09 1e-20 1.3243887e-20 2.045038e-24
8576566.6 5.6645807e+16 4.196995e+09 2.4115054e+09 1e-20 1.3211789e-20 2.0514989e-24
8590063.3 5.6702453e+16 4.1933024e+09 2.4114161e+09 1e-20 1.3179776e-20 2.057977e-24
8603585.5 5.6759156e+16 4.1896099e+09 2.4113255e+09 1e-20 1.3147846e-20 2.0644722e-24
8617133.1 5.6815915e+16 4.1859176e+09 2.4112338e+09 1e-20 1.3116e-20 2.0709846e-24
8630706.2 5.6872731e+16 4.1822255e+09 2.4111408e+09 1e-20 1.3084238e-20 2.0775144e-24
8644304.9 5.6929603e+16 4.1785335e+09 2.4110467e+09 1e-20 1.3052559e-20 2.0840614e-24
8657929.2 5.6986533e+16 4.1748418e+09 2.4109513e+09 1e-20 1.3020962e-20 2.0906258e-24
8671579.2 5.704352e+16 4.1711502e+09 2.4108548e+09 1e-20 1.2989449e-20 2.0972077e-24
8685254.9 5.7100563e+16 4.1674589e+09 2.410757e+09 1e-20 1.2958018e-20 2.103807e-24
8698956.4 5.7157664e+16 4.1637677e+09 2.410658e+09 1e-20 1.292667e-20 2.1104238e-24
8712683.8 5.7214821e+16 4.1600767e+09 2.4105578e+09 1e-20 1.2895403e-20 2.1170581e-24
8726437.1 5.7272036e+16 4.156386e+09 2.4104564e+09 1e-20 1.2864219e-20 2.1237101e-24
8740216.4 5.7329308e+16 4.1526954e+09 2.4103538e+09 1e-20 1.2833116e-20 2.1303797e-24
8754021.7 5.7386638e+16 4.1490051e+09 2.4102499e+09 1e-20 1.2802095e-20 2.137067e-24
8767853.2 5.7444024e+16 4.145315e+09 2.4101448e+09 1e-20 1.2771154e-20 2.143772e-24
8781710.7 5.7501468e+16 4.1416251e+09 2.4100385e+09 1e-20 1.2740295e-20 2.1504949e-24
8795594.5 5.755897e+16 4.1379355e+09 2.4099309e+09 1e-20 1.2709517e-20 2.1572356e-24
8809504.6 5.7616529e+16 4.134246e+09 2.4098221e+09 1e-20 1.2678819e-20 2.1639941e-24
8823441 5.7674145e+16 4.1305568e+09 2.409712e+09 1e-20 1.2648202e-20 2.1707706e-24
8837403.8 5.7731819e+16 4.1268679e+09 2.4096007e+09 1e-20 1.2617664e-20 2.1775651e-24
8851393.1 5.7789551e+16 4.1231792e+09 2.4094882e+09 1e-20 1.2587207e-20 2.1843777e-24
8865408.8 5.7847341e+16 4.1194907e+09 2.4093744e+09 1e-20 1.2556829e-20 2.1912083e-24
8879451.2 5.7905188e+16 4.1158025e+09 2.4092593e+09 1e-20 1.2526531e-20 2.198057e-24
8893520.2 5.7963093e+16 4.1121145e+09 2.409143e+09 1e-20 1.2496312e-20 2.204924e-24
8907615.9 5.8021056e+16 4.1084268e+09 2.4090254e+09 1e-20 1.2466172e-20 2.2118091e-24
8921738.3 5.8079077e+16 4.1047394e+09 2.4089066e+09 1e-20 1.2436111e-20 2.2187126e-24
8935887.6 5.8137156e+16 4.1010522e+09 2.4087865e+09 1e-20 1.2406129e-20 2.2256343e-24
8950063.7 5.8195294e+16 4.0973653e+09 2.4086651e+09 1e-20 1.2376225e-20 2.2325745e-24
8964266.8 5.8253489e+16 4.0936787e+09 2.4085424e+09 1e-20 1.2346399e-20 2.2395331e-24
8978497 5.8311742e+16 4.0899923e+09 2.4084185e+09 1e-20 1.2316652e-20 2.2465101e-24
8992754.1 5.8370054e+16 4.0863063e+09 2.4082933e+09 1e-20 1.2286982e-20 2.2535057e-24
9007038.4 5.8428424e+16 4.0826205e+09 2.4081668e+09 1e-20 1.2257389e-20 2.2605199e-24
9021349.9 5.8486853e+16 4.078935e+09 2.408039e+09 1e-20 1.2227874e-20 2.2675526e-24
9035688.7 5.8545339e+16 4.0752498e+09 2.4079099e+09 1e-20 1.2198437e-20 2.2746041e-24
9050054.8 5.8603885e+16 4.071565e+09 2.4077795e+09 1e-20 1.2169076e-20 2.2816743e-24
9064448.2 5.8662489e+16 4.0678804e+09 2.4076478e+09 1e-20 1.2139792e-20 2.2887633e-24
9078869.1 5.8721151e+16 4.0641961e+09 2.4075148e+09 1e-20 1.2110584e-20 2.2958711e-24
9093317.5 5.8779872e+16 4.0605121e+09 2.4073805e+09 1e-20 1.2081453e-20 2.3029977e-24
9107793.5 5.8838652e+16 4.0568285e+09 2.407245e+09 1e-20 1.2052398e-20 2.3101434e-24
9122297.1 5.8897491e+16 4.0531452e+09 2.407108e+09 1e-20 1.2023418e-20 2.317308e-24
9136828.4 5.8956388e+16 4.0494622e+09 2.4069698e+09 1e-20 1.1994515e-20 2.3244916e-24
9151387.5 5.9015345e+16 4.0457795e+09 2.4068303e+09 1e-20 1.1965687e-20 2.3316943e-24
9165974.4 5.907436e+16 4.0420971e+09 2.4066894e+09 1e-20 1.1936934e-20 2.3389162e-24
9180589.2 5.9133434e+16 4.0384151e+09 2.4065473e+09 1e-20 1.1908257e-20 2.3461572e-24
9195231.9 5.9192568e+16 4.0347335e+09 2.4064037e+09 1e-20 1.1879654e-20 2.3534175e-24
9209902.6 5.925176e+16 4.0310521e+09 2.4062589e+09 1e-20 1.1851126e-20 2.3606971e-24
9224601.5 5.9311012e+16 4.0273712e+09 2.4061127e+09 1e-20 1.1822672e-20 2.367996e-24
9239328.4 5.9370323e+16 4.0236905e+09 2.4059652e+09 1e-20 1.1794293e-20 2.3753143e-24
9254083.6 5.9429694e+16 4.0200103e+09 2.4058164e+09 1e-20 1.1765988e-20 2.3826521e-24
9268867.1 5.9489123e+16 4.0163304e+09 2.4056662e+09 1e-20 1.1737757e-20 2.3900093e-24
9283678.9 5.9548612e+16 4.0126508e+09 2.4055147e+09 1e-20 1.1709599e-20 2.3973862e-24
9298519.1 5.9608161e+16 4.0089717e+09 2.4053618e+09 1e-20 1.1681515e-20 2.4047826e-24
9313387.8 5.9667769e+16 4.0052929e+09 2.4052076e+09 1e-20 1.1653504e-20 2.4121987e-24
9328285.1 5.9727437e+16 4.0016144e+09 2.405052e+09 1e-20 1.1625567e-20 2.4196345e-24
9343210.9 5.9787164e+16 3.9979364e+09 2.404895e+09 1e-20 1.1597702e-20 2.4270901e-24
9358165.4 5.9846951e+16 3.9942588e+09 2.4047367e+09 1e-20 1.156991e-20 2.4345655e-24
9373148.6 5.9906798e+16 3.9905815e+09 2.4045771e+09 1e-20 1.154219e-20 2.4420608e-24
9388160.7 5.9966705e+16 3.9869046e+09 2.404416e+09 1e-20 1.1514543e-20 2.449576e-24
9403201.6 6.0026672e+16 3.9832281e+09 2.4042536e+09 1e-20 1.1486968e-20 2.4571112e-24
9418271.5 6.0086699e+16 3.9795521e+09 2.4040899e+09 1e-20 1.1459465e-20 2.4646664e-24
9433370.3 6.0146785e+16 3.9758764e+09 2.4039247e+09 1e-20 1.1432033e-20 2.4722417e-24
9448498.3 6.0206932e+16 3.9722011e+09 2.4037582e+09 1e-20 1.1404673e-20 2.4798372e-24
9463655.3 6.0267139e+16 3.9685263e+09 2.4035903e+09 1e-20 1.1377385e-20 2.4874529e-24
9478841.6 6.0327406e+16 3.9648519e+09 2.403421e+09 1e-20 1.1350167e-20 2.4950888e-24
9494057.2 6.0387734e+16 3.9611779e+09 2.4032503e+09 1e-20 1.1323021e-20 2.502745e-24
9509302 6.0448121e+16 3.9575043e+09 2.4030782e+09 1e-20 1.1295945e-20 2.5104216e-24
9524576.3 6.0508569e+16 3.9538311e+09 2.4029047e+09 1e-20 1.126894e-20 2.5181187e-24
9539880.1 6.0569078e+16 3.9501584e+09 2.4027299e+09 1e-20 1.1242005e-20 2.5258362e-24
9555213.5 6.0629647e+16 3.9464861e+09 2.4025536e+09 1e-20 1.121514e-20 2.5335742e-24
9570576.4 6.0690277e+16 3.9428143e+09 2.4023759e+09 1e-20 1.1188346e-20 2.5413328e-24
9585969 6.0750967e+16 3.9391429e+09 2.4021969e+09 1e-20 1.1161621e-20 2.5491121e-24
9601391.4 6.0811718e+16 3.935472e+09 2.4020164e+09 1e-20 1.1134966e-20 2.556912e-24
9616843.6 6.087253e+16 3.9318015e+09 2.4018345e+09 1e-20 1.110838e-20 2.5647327e-24
9632325.7 6.0933402e+16 3.9281315e+09 2.4016512e+09 1e-20 1.1081864e-20 2.5725743e-24
9647837.8 6.0994336e+16 3.9244619e+09 2.4014664e+09 1e-20 1.1055416e-20 2.5804366e-24
9663379.9 6.105533e+16 3.9207928e+09 2.4012803e+09 1e-20 1.1029038e-20 2.58832e-24
9678952.1 6.1116385e+16 3.9171242e+09 2.4010927e+09 1e-20 1.1002728e-20 2.5962243e-24
9694554.4 6.1177502e+16 3.913456e+09 2.4009037e+09 1e-20 1.0976486e-20 2.6041496e-24
9710187 6.1238679e+16 3.9097884e+09 2.4007133e+09 1e-20 1.0950313e-20 2.612096e-24
9725849.9 6.1299918e+16 3.9061212e+09 2.4005214e+09 1e-20 1.0924209e-20 2.6200636e-24
9741543.2 6.1361218e+16 3.9024545e+09 2.4003281e+09 1e-20 1.0898172e-20 2.6280524e-24
9757267 6.1422579e+16 3.8987883e+09 2.4001334e+09 1e-20 1.0872202e-20 2.6360625e-24
9773021.3 6.1484002e+16 3.8951225e+09 2.3999372e+09 1e-20 1.0846301e-20 2.6440939e-24
9788806.1 6.1545486e+16 3.8914573e+09 2.3997396e+09 1e-20 1.0820467e-20 2.6521466e-24
9804621.7 6.1607031e+16 3.8877926e+09 2.3995406e+09 1e-20 1.07947e-20 2.6602209e-24
9820467.9 6.1668638e+16 3.8841284e+09 2.39934e+09 1e-20 1.0769e-20 2.6683166e-24
9836345 6.1730307e+16 3.8804647e+09 2.3991381e+09 1e-20 1.0743367e-20 2.6764338e-24
9852253 6.1792037e+16 3.8768016e+09 2.3989347e+09 1e-20 1.07178e-20 2.6845727e-24
9868191.9 6.1853829e+16 3.8731389e+09 2.3987298e+09 1e-20 1.06923e-20 2.6927333e-24
9884161.9 6.1915683e+16 3.8694768e+09 2.3985234e+09 1e-20 1.0666867e-20 2.7009156e-24
9900162.9 6.1977599e+16 3.8658152e+09 2.3983156e+09 1e-20 1.0641499e-20 2.7091197e-24
9916195.1 6.2039576e+16 3.8621541e+09 2.3981064e+09 1e-20 1.0616198e-20 2.7173456e-24
9932258.6 6.2101616e+16 3.8584936e+09 2.3978956e+09 1e-20 1.0590962e-20 2.7255935e-24
9948353.4 6.2163717e+16 3.8548336e+09 2.3976834e+09 1e-20 1.0565792e-20 2.7338633e-24
9964479.5 6.2225881e+16 3.8511742e+09 2.3974697e+09 1e-20 1.0540688e-20 2.7421552e-24
9980637.2 6.2288107e+16 3.8475153e+09 2.3972546e+09 1e-20 1.0515648e-20 2.7504692e-24
9996826.4 6.2350395e+16 3.8438569e+09 2.3970379e+09 1e-20 1.0490674e-20 2.7588053e-24
10013047 6.2412745e+16 3.8401991e+09 2.3968198e+09 1e-20 1.0465765e-20 2.7671636e-24
10029300 6.2475158e+16 3.8365419e+09 2.3966002e+09 1e-20 1.044092e-20 2.7755442e-24
10045584 6.2537633e+16 3.8328853e+09 2.3963791e+09 1e-20 1.041614e-20 2.7839471e-24
10061900 6.2600171e+16 3.8292292e+09 2.3961565e+09 1e-20 1.0391424e-20 2.7923724e-24
10078248 6.2662771e+16 3.8255736e+09 2.3959324e+09 1e-20 1.0366772e-20 2.8008202e-24
10094628 6.2725434e+16 3.8219187e+09 2.3957068e+09 1e-20 1.0342185e-20 2.8092905e-24
10111040 6.2788159e+16 3.8182644e+09 2.3954797e+09 1e-20 1.0317661e-20 2.8177833e-24
10127484 6.2850948e+16 3.8146106e+09 2.3952511e+09 1e-20 1.0293201e-20 2.8262988e-24
10143960 6.2913798e+16 3.8109574e+09 2.395021e+09 1e-20 1.0268805e-20 2.834837e-24
10160469 6.2976712e+16 3.8073048e+09 2.3947894e+09 1e-20 1.0244472e-20 2.843398e-24
10177010 6.3039689e+16 3.8036528e+09 2.3945563e+09 1e-20 1.0220202e-20 2.8519818e-24
10193584 6.3102729e+16 3.8000015e+09 2.3943216e+09 1e-20 1.0195995e-20 2.8605885e-24
10210190 6.3165831e+16 3.7963507e+09 2.3940855e+09 1e-20 1.0171851e-20 2.8692181e-24
10226828 6.3228997e+16 3.7927005e+09 2.3938478e+09 1e-20 1.0147769e-20 2.8778707e-24
10243499 6.3292226e+16 3.789051e+09 2.3936086e+09 1e-20 1.012375e-20 2.8865464e-24
10260203 6.3355518e+16 3.785402e+09 2.3933679e+09 1e-20 1.0099794e-20 2.8952453e-24
10276940 6.3418874e+16 3.7817537e+09 2.3931257e+09 1e-20 1.0075899e-20 2.9039673e-24
10293710 6.3482293e+16 3.778106e+09 2.3928819e+09 1e-20 1.0052067e-20 2.9127126e-24
10310513 6.3545775e+16 3.774459e+09 2.3926366e+09 1e-20 1.0028296e-20 2.9214813e-24
10327348 6.3609321e+16 3.7708126e+09 2.3923898e+09 1e-20 1.0004587e-20 2.9302733e-24
10344217 6.367293e+16 3.7671668e+09 2.3921414e+09 1e-20 9.9809397e-21 2.9390888e-24
10361119 6.3736603e+16 3.7635217e+09 2.3918915e+09 1e-20 9.9573536e-21 2.9479278e-24
10378055 6.380034e+16 3.7598772e+09 2.39164e+09 1e-20 9.9338286e-21 2.9567904e-24
10395023 6.386414e+16 3.7562334e+09 2.391387e+09 1e-20 9.9103646e-21 2.9656766e-24
10412025 6.3928004e+16 3.7525902e+09 2.3911325e+09 1e-20 9.8869614e-21 2.9745865e-24
10429061 6.3991932e+16 3.7489477e+09 2.3908764e+09 1e-20 9.8636189e-21 2.9835202e-24
10446130 6.4055924e+16 3.7453058e+09 2.3906187e+09 1e-20 9.8403369e-21 2.9924778e-24
10463233 6.411998e+16 3.7416646e+09 2.3903595e+09 1e-20 9.8171152e-21 3.0014592e-24
10480370 6.41841e+16 3.7380241e+09 2.3900988e+09 1e-20 9.7939537e-21 3.0104646e-24
10497541 6.4248284e+16 3.7343843e+09 2.3898364e+09 1e-20 9.7708522e-21 3.0194941e-24
10514745 6.4312532e+16 3.7307451e+09 2.3895725e+09 1e-20 9.7478106e-21 3.0285477e-24
10531984 6.4376845e+16 3.7271067e+09 2.3893071e+09 1e-20 9.7248287e-21 3.0376254e-24
10549256 6.4441222e+16 3.7234689e+09 2.38904e+09 1e-20 9.7019063e-21 3.0467274e-24
10566563 6.4505663e+16 3.7198318e+09 2.3887714e+09 1e-20 9.6790433e-21 3.0558536e-24
10583904 6.4570169e+16 3.7161954e+09 2.3885013e+09 1e-20 9.6562395e-21 3.0650042e-24
10601280 6.4634739e+16 3.7125597e+09 2.3882295e+09 1e-20 9.6334947e-21 3.0741793e-24
10618689 6.4699374e+16 3.7089247e+09 2.3879562e+09 1e-20 9.6108089e-21 3.0833789e-24
10636134 6.4764073e+16 3.7052904e+09 2.3876813e+09 1e-20 9.5881817e-21 3.092603e-24
10653612 6.4828837e+16 3.7016569e+09 2.3874048e+09 1e-20 9.5656132e-21 3.1018517e-24
10671126 6.4893666e+16 3.698024e+09 2.3871267e+09 1e-20 9.5431031e-21 3.1111252e-24
10688674 6.495856e+16 3.6943919e+09 2.386847e+09 1e-20 9.5206512e-21 3.1204234e-24
10706257 6.5023518e+16 3.6907605e+09 2.3865658e+09 1e-20 9.4982574e-21 3.1297465e-24
10723875 6.5088542e+16 3.6871299e+09 2.3862829e+09 1e-20 9.4759216e-21 3.1390944e-24
10741528 6.515363e+16 3.6834999e+09 2.3859984e+09 1e-20 9.4536436e-21 3.1484674e-24
10759216 6.5218784e+16 3.6798707e+09 2.3857124e+09 1e-20 9.4314232e-21 3.1578653e-24
10776939 6.5284003e+16 3.6762423e+09 2.3854247e+09 1e-20 9.4092603e-21 3.1672884e-24
10794697 6.5349287e+16 3.6726146e+09 2.3851355e+09 1e-20 9.3871547e-21 3.1767367e-24
10812491 6.5414636e+16 3.6689876e+09 2.3848446e+09 1e-20 9.3651063e-21 3.1862102e-24
10830320 6.5480051e+16 3.6653614e+09 2.3845522e+09 1e-20 9.343115e-21 3.195709e-24
10848185 6.5545531e+16 3.661736e+09 2.3842581e+09 1e-20 9.3211804e-21 3.2052332e-24
10866085 6.5611076e+16 3.6581113e+09 2.3839624e+09 1e-20 9.2993026e-21 3.2147828e-24
10884021 6.5676687e+16 3.6544874e+09 2.3836651e+09 1e-20 9.2774814e-21 3.224358e-24
10901992 6.5742364e+16 3.6508642e+09 2.3833661e+09 1e-20 9.2557165e-21 3.2339588e-24
10919999 6.5808106e+16 3.6472419e+09 2.3830656e+09 1e-20 9.234008e-21 3.2435852e-24
10938043 6.5873914e+16 3.6436203e+09 2.3827634e+09 1e-20 9.2123555e-21 3.2532374e-24
10956122 6.5939788e+16 3.6399995e+09 2.3824596e+09 1e-20 9.190759e-21 3.2629153e-24
10974237 6.6005728e+16 3.6363795e+09 2.3821542e+09 1e-20 9.1692182e-21 3.2726192e-24
10992389 6.6071734e+16 3.6327602e+09 2.3818471e+09 1e-20 9.1477332e-21 3.282349e-24
11010576 6.6137806e+16 3.6291418e+09 2.3815385e+09 1e-20 9.1263036e-21 3.2921048e-24
11028801 6.6203943e+16 3.6255242e+09 2.3812281e+09 1e-20 9.1049294e-21 3.3018866e-24
11047061 6.6270147e+16 3.6219074e+09 2.3809162e+09 1e-20 9.0836104e-21 3.3116947e-24
11065358 6.6336417e+16 3.6182913e+09 2.3806026e+09 1e-20 9.0623464e-21 3.321529e-24
11083692 6.6402754e+16 3.6146761e+09 2.3802873e+09 1e-20 9.0411374e-21 3.3313895e-24
11102062 6.6469157e+16 3.6110617e+09 2.3799705e+09 1e-20 9.0199831e-21 3.3412765e-24
11120469 6.6535626e+16 3.6074482e+09 2.3796519e+09 1e-20 8.9988834e-21 3.3511899e-24
11138913 6.6602161e+16 3.6038354e+09 2.3793317e+09 1e-20 8.9778382e-21 3.3611298e-24
11157394 6.6668764e+16 3.6002235e+09 2.3790099e+09 1e-20 8.9568473e-21 3.3710963e-24
11175912 6.6735432e+16 3.5966124e+09 2.3786864e+09 1e-20 8.9359106e-21 3.3810895e-24
11194467 6.6802168e+16 3.5930022e+09 2.3783613e+09 1e-20 8.9150279e-21 3.3911094e-24
11213059 6.686897e+16 3.5893927e+09 2.3780345e+09 1e-20 8.8941991e-21 3.4011561e-24
11231689 6.6935839e+16 3.5857842e+09 2.3777061e+09 1e-20 8.873424e-21 3.4112297e-24
11250356 6.7002775e+16 3.5821765e+09 2.3773759e+09 1e-20 8.8527026e-21 3.4213303e-24
11269060 6.7069778e+16 3.5785696e+09 2.3770442e+09 1e-20 8.8320345e-21 3.4314578e-24
11287802 6.7136847e+16 3.5749636e+09 2.3767107e+09 1e-20 8.8114198e-21 3.4416125e-24
11306582 6.7203984e+16 3.5713584e+09 2.3763756e+09 1e-20 8.7908583e-21 3.4517944e-24
11325400 6.7271188e+16 3.5677542e+09 2.3760388e+09 1e-20 8.7703497e-21 3.4620035e-24
11344255 6.7338459e+16 3.5641507e+09 2.3757004e+09 1e-20 8.7498941e-21 3.47224e-24
11363148 6.7405798e+16 3.5605482e+09 2.3753602e+09 1e-20 8.7294911e-21 3.4825039e-24
11382080 6.7473204e+16 3.5569465e+09 2.3750184e+09 1e-20 8.7091408e-21 3.4927952e-24
11401049 6.7540677e+16 3.5533458e+09 2.3746749e+09 1e-20 8.6888429e-21 3.5031141e-24
11420057 6.7608217e+16 3.5497459e+09 2.3743298e+09 1e-20 8.6685973e-21 3.5134606e-24
11439103 6.7675826e+16 3.5461469e+09 2.3739829e+09 1e-20 8.6484039e-21 3.5238349e-24
11458187 6.7743501e+16 3.5425487e+09 2.3736344e+09 1e-20 8.6282625e-21 3.5342369e-24
11477310 6.7811245e+16 3.5389515e+09 2.3732842e+09 1e-20 8.608173e-21 3.5446667e-24
11496471 6.7879056e+16 3.5353552e+09 2.3729323e+09 1e-20 8.5881353e-21 3.5551245e-24
11515671 6.7946935e+16 3.5317598e+09 2.3725786e+09 1e-20 8.5681492e-21 3.5656104e-24
11534910 6.8014882e+16 3.5281653e+09 2.3722233e+09 1e-20 8.5482145e-21 3.5761243e-24
11554188 6.8082897e+16 3.5245717e+09 2.3718663e+09 1e-20 8.5283312e-21 3.5866663e-24
11573504 6.815098e+16 3.520979e+09 2.3715077e+09 1e-20 8.5084991e-21 3.5972367e-24
11592860 6.8219131e+16 3.5173873e+09 2.3711473e+09 1e-20 8.488718e-21 3.6078353e-24
11612255 6.828735e+16 3.5137964e+09 2.3707852e+09 1e-20 8.4689879e-21 3.6184623e-24
11631689 6.8355637e+16 3.5102066e+09 2.3704214e+09 1e-20 8.4493085e-21 3.6291178e-24
11651162 6.8423993e+16 3.5066176e+09 2.3700558e+09 1e-20 8.4296798e-21 3.6398019e-24
11670675 6.8492417e+16 3.5030296e+09 2.3696886e+09 1e-20 8.4101016e-21 3.6505146e-24
11690227 6.856091e+16 3.4994425e+09 2.3693197e+09 1e-20 8.3905737e-21 3.661256e-24
11709819 6.862947e+16 3.4958564e+09 2.3689491e+09 1e-20 8.3710961e-21 3.6720262e-24
11729451 6.86981e+16 3.4922712e+09 2.3685767e+09 1e-20 8.3516687e-21 3.6828253e-24
11749123 6.8766798e+16 3.4886869e+09 2.3682026e+09 1e-20 8.3322912e-21 3.6936533e-24
11768834 6.8835565e+16 3.4851037e+09 2.3678269e+09 1e-20 8.3129635e-21 3.7045104e-24
11788585 6.89044e+16 3.4815213e+09 2.3674493e+09 1e-20 8.2936855e-21 3.7153965e-24
11808377 6.8973305e+16 3.47794e+09 2.3670701e+09 1e-20 8.2744571e-21 3.7263119e-24
11828208 6.9042278e+16 3.4743596e+09 2.3666892e+09 1e-20 8.2552781e-21 3.7372565e-24
11848080 6.911132e+16 3.4707802e+09 2.3663065e+09 1e-20 8.2361485e-21 3.7482304e-24
11867993 6.9180432e+16 3.4672018e+09 2.3659221e+09 1e-20 8.217068e-21 3.7592338e-24
11887946 6.9249612e+16 3.4636244e+09 2.3655359e+09 1e-20 8.1980365e-21 3.7702667e-24
11907939 6.9318862e+16 3.4600479e+09 2.3651481e+09 1e-20 8.179054e-21 3.7813292e-24
11927973 6.9388181e+16 3.4564724e+09 2.3647585e+09 1e-20 8.1601202e-21 3.7924214e-24
11948048 6.9457569e+16 3.452898e+09 2.3643671e+09 1e-20 8.1412351e-21 3.8035433e-24
11968164 6.9527026e+16 3.4493245e+09 2.363974e+09 1e-20 8.1223985e-21 3.8146951e-24
11988320 6.9596553e+16 3.445752e+09 2.3635792e+09 1e-20 8.1036102e-21 3.8258768e-24
12008518 6.966615e+16 3.4421805e+09 2.3631827e+09 1e-20 8.0848703e-21 3.8370885e-24
12028757 6.9735816e+16 3.4386101e+09 2.3627844e+09 1e-20 8.0661784e-21 3.8483302e-24
12049037 6.9805552e+16 3.4350406e+09 2.3623843e+09 1e-20 8.0475346e-21 3.8596022e-24
12069359 6.9875357e+16 3.4314722e+09 2.3619825e+09 1e-20 8.0289386e-21 3.8709043e-24
12089722 6.9945233e+16 3.4279048e+09 2.361579e+09 1e-20 8.0103903e-21 3.8822369e-24
12110127 7.0015178e+16 3.4243384e+09 2.3611737e+09 1e-20 7.9918897e-21 3.8935998e-24
12130573 7.0085193e+16 3.4207731e+09 2.3607666e+09 1e-20 7.9734366e-21 3.9049932e-24
12151061 7.0155278e+16 3.4172088e+09 2.3603578e+09 1e-20 7.9550308e-21 3.9164173e-24
12171591 7.0225434e+16 3.4136455e+09 2.3599473e+09 1e-20 7.9366722e-21 3.927872e-24
12192163 7.0295659e+16 3.4100833e+09 2.359535e+09 1e-20 7.9183607e-21 3.9393574e-24
12212777 7.0365955e+16 3.4065221e+09 2.3591209e+09 1e-20 7.9000962e-21 3.9508737e-24
12233433 7.0436321e+16 3.402962e+09 2.358705e+09 1e-20 7.8818786e-21 3.9624209e-24
12254132 7.0506757e+16 3.3994029e+09 2.3582874e+09 1e-20 7.8637077e-21 3.9739991e-24
12274873 7.0577264e+16 3.3958448e+09 2.3578681e+09 1e-20 7.8455833e-21 3.9856084e-24
12295656 7.0647841e+16 3.3922879e+09 2.357447e+09 1e-20 7.8275055e-21 3.9972489e-24
12316482 7.0718489e+16 3.388732e+09 2.3570241e+09 1e-20 7.809474e-21 4.0089207e-24
12337351 7.0789207e+16 3.3851772e+09 2.3565994e+09 1e-20 7.7914887e-21 4.0206238e-24
12358262 7.0859997e+16 3.3816234e+09 2.356173e+09 1e-20 7.7735495e-21 4.0323583e-24
12379217 7.0930857e+16 3.3780707e+09 2.3557447e+09 1e-20 7.7556563e-21 4.0441244e-24
12400214 7.1001787e+16 3.3745191e+09 2.3553148e+09 1e-20 7.737809e-21 4.0559221e-24
12421255 7.1072789e+16 3.3709686e+09 2.354883e+09 1e-20 7.7200073e-21 4.0677515e-24
12442339 7.1143862e+16 3.3674192e+09 2.3544495e+09 1e-20 7.7022513e-21 4.0796127e-24
12463466 7.1215006e+16 3.3638709e+09 2.3540141e+09 1e-20 7.6845408e-21 4.0915057e-24
12484636 7.1286221e+16 3.3603237e+09 2.353577e+09 1e-20 7.6668756e-21 4.1034307e-24
12505850 7.1357507e+16 3.3567775e+09 2.3531381e+09 1e-20 7.6492557e-21 4.1153878e-24
12527108 7.1428865e+16 3.3532325e+09 2.3526975e+09 1e-20 7.6316809e-21 4.127377e-24
12548410 7.1500293e+16 3.3496886e+09 2.352255e+09 1e-20 7.6141511e-21 4.1393984e-24
12569755 7.1571794e+16 3.3461458e+09 2.3518108e+09 1e-20 7.5966661e-21 4.1514521e-24
12591144 7.1643366e+16 3.3426041e+09 2.3513647e+09 1e-20 7.579226e-21 4.1635383e-24
12612578 7.1715009e+16 3.3390636e+09 2.3509169e+09 1e-20 7.5618304e-21 4.175657e-24
12634055 7.1786724e+16 3.3355241e+09 2.3504673e+09 1e-20 7.5444794e-21 4.1878082e-24
12655577 7.1858511e+16 3.3319858e+09 2.3500159e+09 1e-20 7.5271728e-21 4.1999921e-24
12677143 7.1930369e+16 3.3284486e+09 2.3495627e+09 1e-20 7.5099105e-21 4.2122088e-24
12698754 7.20023e+16 3.3249126e+09 2.3491077e+09 1e-20 7.4926923e-21 4.2244583e-24
12720410 7.2074302e+16 3.3213777e+09 2.3486509e+09 1e-20 7.4755182e-21 4.2367408e-24
12742110 7.2146376e+16 3.317844e+09 2.3481922e+09 1e-20 7.458388e-21 4.2490563e-24
12763855 7.2218523e+16 3.3143114e+09 2.3477318e+09 1e-20 7.4413016e-21 4.261405e-24
12785645 7.2290741e+16 3.3107799e+09 2.3472696e+09 1e-20 7.4242589e-21 4.2737868e-24
12807480 7.2363032e+16 3.3072496e+09 2.3468056e+09 1e-20 7.4072597e-21 4.286202e-24
12829360 7.2435395e+16 3.3037205e+09 2.3463398e+09 1e-20 7.390304e-21 4.2986506e-24
12851285 7.250783e+16 3.3001925e+09 2.3458722e+09 1e-20 7.3733917e-21 4.3111327e-24
12873256 7.2580338e+16 3.2966657e+09 2.3454027e+09 1e-20 7.3565226e-21 4.3236484e-24
12895272 7.2652918e+16 3.2931401e+09 2.3449315e+09 1e-20 7.3396966e-21 4.3361977e-24
12917334 7.2725571e+16 3.2896156e+09 2.3444584e+09 1e-20 7.3229135e-21 4.3487808e-24
12939442 7.2798297e+16 3.2860924e+09 2.3439835e+09 1e-20 7.3061734e-21 4.3613979e-24
12961595 7.2871095e+16 3.2825703e+09 2.3435068e+09 1e-20 7.289476e-21 4.3740488e-24
12983795 7.2943966e+16 3.2790494e+09 2.3430283e+09 1e-20 7.2728213e-21 4.3867338e-24
13006040 7.301691e+16 3.2755296e+09 2.342548e+09 1e-20 7.2562091e-21 4.399453e-24
13028332 7.3089927e+16 3.2720111e+09 2.3420659e+09 1e-20 7.2396393e-21 4.4122065e-24
13050670 7.3163017e+16 3.2684938e+09 2.3415819e+09 1e-20 7.2231118e-21 4.4249942e-24
13073054 7.323618e+16 3.2649777e+09 2.3410961e+09 1e-20 7.2066266e-21 4.4378164e-24
13095485 7.3309416e+16 3.2614628e+09 2.3406085e+09 1e-20 7.1901834e-21 4.4506731e-24
13117962 7.3382726e+16 3.2579491e+09 2.3401191e+09 1e-20 7.1737821e-21 4.4635645e-24
13140486 7.3456108e+16 3.2544366e+09 2.3396278e+09 1e-20 7.1574227e-21 4.4764906e-24
13163058 7.3529565e+16 3.2509253e+09 2.3391347e+09 1e-20 7.1411051e-21 4.4894515e-24
13185676 7.3603094e+16 3.2474153e+09 2.3386398e+09 1e-20 7.1248291e-21 4.5024473e-24
13208341 7.3676697e+16 3.2439065e+09 2.338143e+09 1e-20 7.1085946e-21 4.5154781e-24
13231053 7.3750374e+16 3.2403989e+09 2.3376445e+09 1e-20 7.0924015e-21 4.5285441e-24
13253813 7.3824124e+16 3.2368926e+09 2.3371441e+09 1e-20 7.0762498e-21 4.5416452e-24
13276620 7.3897948e+16 3.2333874e+09 2.3366418e+09 1e-20 7.0601392e-21 4.5547817e-24
13299474 7.3971846e+16 3.2298836e+09 2.3361377e+09 1e-20 7.0440696e-21 4.5679535e-24
13322377 7.4045818e+16 3.2263809e+09 2.3356318e+09 1e-20 7.0280411e-21 4.5811609e-24
13345327 7.4119864e+16 3.2228796e+09 2.3351241e+09 1e-20 7.0120534e-21 4.5944038e-24
13368325 7.4193984e+16 3.2193794e+09 2.3346145e+09 1e-20 6.9961065e-21 4.6076825e-24
13391371 7.4268178e+16 3.2158806e+09 2.334103e+09 1e-20 6.9802002e-21 4.6209969e-24
13414465 7.4342446e+16 3.2123829e+09 2.3335898e+09 1e-20 6.9643344e-21 4.6343472e-24
13437608 7.4416788e+16 3.2088866e+09 2.3330746e+09 1e-20 6.948509e-21 4.6477336e-24
13460798 7.4491205e+16 3.2053915e+09 2.3325577e+09 1e-20 6.932724e-21 4.661156e-24
13484038 7.4565696e+16 3.2018977e+09 2.3320389e+09 1e-20 6.9169791e-21 4.6746146e-24
13507326 7.4640262e+16 3.1984052e+09 2.3315182e+09 1e-20 6.9012744e-21 4.6881096e-24
13530662 7.4714902e+16 3.1949139e+09 2.3309957e+09 1e-20 6.8856097e-21 4.7016409e-24
13554048 7.4789617e+16 3.191424e+09 2.3304714e+09 1e-20 6.8699848e-21 4.7152087e-24
13577483 7.4864407e+16 3.1879353e+09 2.3299452e+09 1e-20 6.8543997e-21 4.7288131e-24
13600966 7.4939271e+16 3.1844479e+09 2.3294171e+09 1e-20 6.8388543e-21 4.7424542e-24
13624499 7.5014211e+16 3.1809618e+09 2.3288873e+09 1e-20 6.8233484e-21 4.7561321e-24
13648081 7.5089225e+16 3.177477e+09 2.3283555e+09 1e-20 6.807882e-21 4.7698469e-24
13671713 7.5164314e+16 3.1739935e+09 2.3278219e+09 1e-20 6.792455e-21 4.7835987e-24
13695394 7.5239478e+16 3.1705113e+09 2.3272864e+09 1e-20 6.7770672e-21 4.7973877e-24
13719125 7.5314718e+16 3.1670305e+09 2.3267491e+09 1e-20 6.7617186e-21 4.8112138e-24
13742906 7.5390033e+16 3.1635509e+09 2.32621e+09 1e-20 6.7464089e-21 4.8250773e-24
13766737 7.5465423e+16 3.1600727e+09 2.3256689e+09 1e-20 6.7311383e-21 4.8389781e-24
13790618 7.5540888e+16 3.1565957e+09 2.325126e+09 1e-20 6.7159064e-21 4.8529165e-24
13814549 7.5616429e+16 3.1531201e+09 2.3245813e+09 1e-20 6.7007133e-21 4.8668926e-24
13838531 7.5692045e+16 3.1496459e+09 2.3240347e+09 1e-20 6.6855588e-21 4.8809063e-24
13862563 7.5767737e+16 3.1461729e+09 2.3234862e+09 1e-20 6.6704428e-21 4.8949579e-24
13886645 7.5843505e+16 3.1427013e+09 2.3229359e+09 1e-20 6.6553653e-21 4.9090475e-24
13910778 7.5919349e+16 3.139231e+09 2.3223837e+09 1e-20 6.640326e-21 4.923175e-24
13934962 7.5995268e+16 3.1357621e+09 2.3218296e+09 1e-20 6.625325e-21 4.9373408e-24
13959197 7.6071263e+16 3.1322946e+09 2.3212737e+09 1e-20 6.610362e-21 4.9515448e-24
13983483 7.6147334e+16 3.1288283e+09 2.3207159e+09 1e-20 6.5954371e-21 4.9657871e-24
14007821 7.6223482e+16 3.1253635e+09 2.3201562e+09 1e-20 6.5805501e-21 4.980068e-24
14032209 7.6299705e+16 3.1219e+09 2.3195947e+09 1e-20 6.5657009e-21 4.9943874e-24
14056650 7.6376005e+16 3.1184378e+09 2.3190313e+09 1e-20 6.5508894e-21 5.0087455e-24
14081141 7.6452381e+16 3.114977e+09 2.318466e+09 1e-20 6.5361155e-21 5.0231424e-24
14105685 7.6528833e+16 3.1115176e+09 2.3178989e+09 1e-20 6.5213791e-21 5.0375782e-24
14130280 7.6605362e+16 3.1080596e+09 2.3173298e+09 1e-20 6.5066801e-21 5.052053e-24
14154928 7.6681968e+16 3.1046029e+09 2.3167589e+09 1e-20 6.4920184e-21 5.0665669e-24
14179627 7.675865e+16 3.1011476e+09 2.3161862e+09 1e-20 6.4773939e-21 5.0811201e-24
14204379 7.6835408e+16 3.0976937e+09 2.3156115e+09 1e-20 6.4628065e-21 5.0957126e-24
14229183 7.6912244e+16 3.0942412e+09 2.315035e+09 1e-20 6.4482561e-21 5.1103445e-24
14254039 7.6989156e+16 3.0907901e+09 2.3144566e+09 1e-20 6.4337426e-21 5.125016e-24
14278949 7.7066145e+16 3.0873404e+09 2.3138764e+09 1e-20 6.419266e-21 5.1397271e-24
14303911 7.7143211e+16 3.0838921e+09 2.3132942e+09 1e-20 6.404826e-21 5.1544781e-24
14328925 7.7220354e+16 3.0804451e+09 2.3127102e+09 1e-20 6.3904226e-21 5.1692689e-24
14353993 7.7297575e+16 3.0769996e+09 2.3121243e+09 1e-20 6.3760558e-21 5.1840997e-24
14379114 7.7374872e+16 3.0735555e+09 2.3115365e+09 1e-20 6.3617254e-21 5.1989706e-24
14404289 7.7452247e+16 3.0701128e+09 2.3109468e+09 1e-20 6.3474313e-21 5.2138818e-24
14429517 7.7529699e+16 3.0666716e+09 2.3103553e+09 1e-20 6.3331734e-21 5.2288333e-24
14454798 7.7607229e+16 3.0632317e+09 2.3097618e+09 1e-20 6.3189516e-21 5.2438252e-24
14480133 7.7684836e+16 3.0597933e+09 2.3091665e+09 1e-20 6.3047659e-21 5.2588577e-24
14505522 7.7762521e+16 3.0563563e+09 2.3085693e+09 1e-20 6.2906161e-21 5.2739309e-24
14530965 7.7840284e+16 3.0529207e+09 2.3079702e+09 1e-20 6.2765021e-21 5.2890448e-24
14556462 7.7918124e+16 3.0494866e+09 2.3073692e+09 1e-20 6.2624239e-21 5.3041997e-24
14582013 7.7996042e+16 3.0460539e+09 2.3067664e+09 1e-20 6.2483813e-21 5.3193955e-24
14607619 7.8074038e+16 3.0426226e+09 2.3061616e+09 1e-20 6.2343743e-21 5.3346325e-24
14633279 7.8152112e+16 3.0391928e+09 2.305555e+09 1e-20 6.2204027e-21 5.3499107e-24
14658994 7.8230264e+16 3.0357645e+09 2.3049465e+09 1e-20 6.2064665e-21 5.3652303e-24
14684763 7.8308495e+16 3.0323376e+09 2.3043361e+09 1e-20 6.1925656e-21 5.3805914e-24
14710588 7.8386803e+16 3.0289121e+09 2.3037238e+09 1e-20 6.1786998e-21 5.395994e-24
14736467 7.846519e+16 3.0254881e+09 2.3031096e+09 1e-20 6.1648691e-21 5.4114384e-24
14762402 7.8543655e+16 3.0220656e+09 2.3024935e+09 1e-20 6.1510734e-21 5.4269246e-24
14788392 7.8622199e+16 3.0186446e+09 2.3018755e+09 1e-20 6.1373126e-21 5.4424527e-24
14814437 7.8700821e+16 3.015225e+09 2.3012556e+09 1e-20 6.1235865e-21 5.4580228e-24
14840539 7.8779522e+16 3.0118069e+09 2.3006339e+09 1e-20 6.1098952e-21 5.4736352e-24
14866695 7.8858301e+16 3.0083902e+09 2.3000102e+09 1e-20 6.0962385e-21 5.4892898e-24
14892908 7.893716e+16 3.0049751e+09 2.2993847e+09 1e-20 6.0826163e-21 5.5049868e-24
14919177 7.9016097e+16 3.0015614e+09 2.2987572e+09 1e-20 6.0690286e-21 5.5207264e-24
14945502 7.9095113e+16 2.9981493e+09 2.2981279e+09 1e-20 6.0554752e-21 5.5365086e-24
14971883 7.9174208e+16 2.9947386e+09 2.2974967e+09 1e-20 6.041956e-21 5.5523335e-24
14998321 7.9253382e+16 2.9913294e+09 2.2968635e+09 1e-20 6.028471e-21 5.5682014e-24
15024816 7.9332636e+16 2.9879217e+09 2.2962285e+09 1e-20 6.01502e-21 5.5841122e-24
15051367 7.9411968e+16 2.9845155e+09 2.2955916e+09 1e-20 6.0016031e-21 5.6000662e-24
15077975 7.949138e+16 2.9811109e+09 2.2949528e+09 1e-20 5.98822e-21 5.6160634e-24
15104640 7.9570871e+16 2.9777077e+09 2.294312e+09 1e-20 5.9748707e-21 5.632104e-24
15131362 7.9650442e+16 2.9743061e+09 2.2936694e+09 1e-20 5.9615551e-21 5.6481881e-24
15158141 7.9730093e+16 2.9709059e+09 2.2930249e+09 1e-20 5.9482731e-21 5.6643157e-24
15184978 7.9809823e+16 2.9675073e+09 2.2923785e+09 1e-20 5.9350246e-21 5.6804871e-24
15211873 7.9889633e+16 2.9641102e+09 2.2917302e+09 1e-20 5.9218095e-21 5.6967024e-24
15238825 7.9969522e+16 2.9607147e+09 2.29108e+09 1e-20 5.9086279e-21 5.7129616e-24
15265835 8.0049492e+16 2.9573207e+09 2.2904279e+09 1e-20 5.8954794e-21 5.7292649e-24
15292904 8.0129541e+16 2.9539282e+09 2.2897738e+09 1e-20 5.8823641e-21 5.7456125e-24
15320030 8.0209671e+16 2.9505372e+09 2.2891179e+09 1e-20 5.869282e-21 5.7620044e-24
15347215 8.0289881e+16 2.9471478e+09 2.2884601e+09 1e-20 5.8562327e-21 5.7784407e-24
15374458 8.037017e+16 2.9437599e+09 2.2878004e+09 1e-20 5.8432164e-21 5.7949217e-24
15401760 8.0450541e+16 2.9403736e+09 2.2871388e+09 1e-20 5.830233e-21 5.8114473e-24
15429121 8.0530991e+16 2.9369889e+09 2.2864753e+09 1e-20 5.8172822e-21 5.8280178e-24
15456540 8.0611522e+16 2.9336057e+09 2.2858098e+09 1e-20 5.8043641e-21 5.8446333e-24
15484019 8.0692134e+16 2.930224e+09 2.2851425e+09 1e-20 5.7914785e-21 5.8612939e-24
15511557 8.0772826e+16 2.9268439e+09 2.2844733e+09 1e-20 5.7786254e-21 5.8779997e-24
15539154 8.0853599e+16 2.9234654e+09 2.2838021e+09 1e-20 5.7658047e-21 5.8947508e-24
15566811 8.0934452e+16 2.9200885e+09 2.2831291e+09 1e-20 5.7530163e-21 5.9115474e-24
15594527 8.1015387e+16 2.9167131e+09 2.2824541e+09 1e-20 5.74026e-21 5.9283896e-24
15622303 8.1096402e+16 2.9133393e+09 2.2817773e+09 1e-20 5.7275359e-21 5.9452775e-24
15650140 8.1177498e+16 2.9099671e+09 2.2810985e+09 1e-20 5.7148439e-21 5.9622113e-24
15678036 8.1258676e+16 2.9065964e+09 2.2804179e+09 1e-20 5.7021838e-21 5.9791911e-24
15705993 8.1339935e+16 2.9032274e+09 2.2797353e+09 1e-20 5.6895555e-21 5.996217e-24
15734010 8.1421275e+16 2.8998599e+09 2.2790509e+09 1e-20 5.6769591e-21 6.0132891e-24
15762087 8.1502696e+16 2.8964941e+09 2.2783645e+09 1e-20 5.6643943e-21 6.0304076e-24
15790226 8.1584199e+16 2.8931298e+09 2.2776762e+09 1e-20 5.6518611e-21 6.0475726e-24
15818425 8.1665783e+16 2.8897671e+09 2.276986e+09 1e-20 5.6393595e-21 6.0647842e-24
15846685 8.1747449e+16 2.8864061e+09 2.2762939e+09 1e-20 5.6268893e-21 6.0820426e-24
15875007 8.1829196e+16 2.8830466e+09 2.2755999e+09 1e-20 5.6144505e-21 6.0993479e-24
15903390 8.1911025e+16 2.8796887e+09 2.274904e+09 1e-20 5.602043e-21 6.1167002e-24
15931834 8.1992936e+16 2.8763325e+09 2.2742062e+09 1e-20 5.5896666e-21 6.1340997e-24
15960340 8.2074929e+16 2.8729779e+09 2.2735065e+09 1e-20 5.5773214e-21 6.1515465e-24
15988908 8.2157004e+16 2.8696249e+09 2.2728049e+09 1e-20 5.5650072e-21 6.1690406e-24
16017538 8.2239161e+16 2.8662735e+09 2.2721013e+09 1e-20 5.5527239e-21 6.1865824e-24
16046230 8.23214e+16 2.8629238e+09 2.2713959e+09 1e-20 5.5404715e-21 6.2041718e-24
16074984 8.2403722e+16 2.8595757e+09 2.2706885e+09 1e-20 5.5282499e-21 6.2218091e-24
16103801 8.2486125e+16 2.8562292e+09 2.2699793e+09 1e-20 5.516059e-21 6.2394943e-24
16132681 8.2568611e+16 2.8528844e+09 2.2692681e+09 1e-20 5.5038987e-21 6.2572276e-24
16161623 8.265118e+16 2.8495412e+09 2.2685551e+09 1e-20 5.491769e-21 6.2750091e-24
16190628 8.2733831e+16 2.8461996e+09 2.2678401e+09 1e-20 5.4796697e-21 6.292839e-24
16219696 8.2816565e+16 2.8428597e+09 2.2671232e+09 1e-20 5.4676007e-21 6.3107174e-24
16248827 8.2899382e+16 2.8395214e+09 2.2664044e+09 1e-20 5.4555621e-21 6.3286444e-24
16278022 8.2982281e+16 2.8361848e+09 2.2656837e+09 1e-20 5.4435537e-21 6.3466202e-24
16307281 8.3065263e+16 2.8328499e+09 2.2649611e+09 1e-20 5.4315754e-21 6.3646449e-24
16336603 8.3148329e+16 2.8295166e+09 2.2642366e+09 1e-20 5.4196271e-21 6.3827186e-24
16365989 8.3231477e+16 2.826185e+09 2.2635102e+09 1e-20 5.4077089e-21 6.4008415e-24
16395439 8.3314708e+16 2.822855e+09 2.2627819e+09 1e-20 5.3958205e-21 6.4190138e-24
16424953 8.3398023e+16 2.8195267e+09 2.2620517e+09 1e-20 5.383962e-21 6.4372355e-24
16454532 8.3481421e+16 2.8162001e+09 2.2613195e+09 1e-20 5.3721331e-21 6.4555067e-24
16484175 8.3564903e+16 2.8128752e+09 2.2605855e+09 1e-20 5.360334e-21 6.4738278e-24
16513883 8.3648467e+16 2.8095519e+09 2.2598495e+09 1e-20 5.3485644e-21 6.4921987e-24
16543656 8.3732116e+16 2.8062303e+09 2.2591117e+09 1e-20 5.3368243e-21 6.5106196e-24
16573494 8.3815848e+16 2.8029105e+09 2.2583719e+09 1e-20 5.3251137e-21 6.5290907e-24
16603397 8.3899664e+16 2.7995923e+09 2.2576303e+09 1e-20 5.3134323e-21 6.5476121e-24
16633366 8.3983564e+16 2.7962758e+09 2.2568867e+09 1e-20 5.3017803e-21 6.5661839e-24
16663400 8.4067547e+16 2.792961e+09 2.2561412e+09 1e-20 5.2901574e-21 6.5848063e-24
16693500 8.4151615e+16 2.7896478e+09 2.2553938e+09 1e-20 5.2785636e-21 6.6034794e-24
16723665 8.4235766e+16 2.7863364e+09 2.2546445e+09 1e-20 5.2669989e-21 6.6222034e-24
16753897 8.4320002e+16 2.7830267e+09 2.2538933e+09 1e-20 5.2554631e-21 6.6409784e-24
16784195 8.4404322e+16 2.7797188e+09 2.2531402e+09 1e-20 5.2439562e-21 6.6598046e-24
16814559 8.4488726e+16 2.7764125e+09 2.2523852e+09 1e-20 5.2324781e-21 6.678682e-24
16844990 8.4573215e+16 2.7731079e+09 2.2516283e+09 1e-20 5.2210288e-21 6.6976109e-24
16875488 8.4657788e+16 2.7698051e+09 2.2508695e+09 1e-20 5.2096081e-21 6.7165914e-24
16906052 8.4742446e+16 2.766504e+09 2.2501088e+09 1e-20 5.1982159e-21 6.7356236e-24
16936684 8.4827189e+16 2.7632046e+09 2.2493462e+09 1e-20 5.1868523e-21 6.7547077e-24
16967383 8.4912016e+16 2.7599069e+09 2.2485817e+09 1e-20 5.175517e-21 6.7738438e-24
16998149 8.4996928e+16 2.756611e+09 2.2478152e+09 1e-20 5.1642101e-21 6.7930321e-24
17028983 8.5081925e+16 2.7533168e+09 2.2470469e+09 1e-20 5.1529315e-21 6.8122727e-24
17059885 8.5167007e+16 2.7500243e+09 2.2462767e+09 1e-20 5.1416811e-21 6.8315657e-24
17090854 8.5252174e+16 2.7467336e+09 2.2455045e+09 1e-20 5.1304588e-21 6.8509114e-24
17121892 8.5337426e+16 2.7434446e+09 2.2447305e+09 1e-20 5.1192646e-21 6.8703098e-24
17152998 8.5422763e+16 2.7401574e+09 2.2439546e+09 1e-20 5.1080983e-21 6.8897612e-24
17184172 8.5508186e+16 2.7368719e+09 2.2431767e+09 1e-20 5.0969599e-21 6.9092656e-24
17215415 8.5593694e+16 2.7335882e+09 2.242397e+09 1e-20 5.0858493e-21 6.9288232e-24
17246727 8.5679288e+16 2.7303062e+09 2.2416153e+09 1e-20 5.0747665e-21 6.9484341e-24
17278108 8.5764967e+16 2.727026e+09 2.2408318e+09 1e-20 5.0637114e-21 6.9680986e-24
17309558 8.5850732e+16 2.7237476e+09 2.2400464e+09 1e-20 5.0526839e-21 6.9878167e-24
17341077 8.5936583e+16 2.7204709e+09 2.239259e+09 1e-20 5.0416839e-21 7.0075887e-24
17372666 8.6022519e+16 2.717196e+09 2.2384698e+09 1e-20 5.0307113e-21 7.0274146e-24
17404325 8.6108542e+16 2.7139229e+09 2.2376786e+09 1e-20 5.0197662e-21 7.0472946e-24
17436053 8.619465e+16 2.7106515e+09 2.2368856e+09 1e-20 5.0088483e-21 7.0672288e-24
17467852 8.6280845e+16 2.7073819e+09 2.2360907e+09 1e-20 4.9979577e-21 7.0872175e-24
17499720 8.6367126e+16 2.7041141e+09 2.2352938e+09 1e-20 4.9870943e-21 7.1072608e-24
17531659 8.6453493e+16 2.7008481e+09 2.2344951e+09 1e-20 4.976258e-21 7.1273588e-24
17563669 8.6539947e+16 2.6975839e+09 2.2336945e+09 1e-20 4.9654486e-21 7.1475117e-24
17595750 8.6626487e+16 2.6943214e+09 2.232892e+09 1e-20 4.9546663e-21 7.1677196e-24
17627901 8.6713113e+16 2.6910608e+09 2.2320876e+09 1e-20 4.9439108e-21 7.1879827e-24
17660124 8.6799826e+16 2.6878019e+09 2.2312812e+09 1e-20 4.9331821e-21 7.2083011e-24
17692418 8.6886626e+16 2.6845449e+09 2.230473e+09 1e-20 4.9224802e-21 7.228675e-24
17724783 8.6973513e+16 2.6812897e+09 2.2296629e+09 1e-20 4.9118049e-21 7.2491046e-24
17757221 8.7060486e+16 2.6780362e+09 2.228851e+09 1e-20 4.9011562e-21 7.2695901e-24
17789730 8.7147547e+16 2.6747846e+09 2.2280371e+09 1e-20 4.8905341e-21 7.2901315e-24
17822311 8.7234694e+16 2.6715348e+09 2.2272213e+09 1e-20 4.8799384e-21 7.310729e-24
17854964 8.7321929e+16 2.6682868e+09 2.2264036e+09 1e-20 4.8693691e-21 7.3313828e-24
17887690 8.7409251e+16 2.6650406e+09 2.2255841e+09 1e-20 4.8588261e-21 7.3520931e-24
17920489 8.749666e+16 2.6617962e+09 2.2247626e+09 1e-20 4.8483093e-21 7.3728599e-24
17953360 8.7584157e+16 2.6585537e+09 2.2239393e+09 1e-20 4.8378187e-21 7.3936836e-24
17986304 8.7671741e+16 2.655313e+09 2.2231141e+09 1e-20 4.8273543e-21 7.4145641e-24
18019322 8.7759413e+16 2.6520741e+09 2.222287e+09 1e-20 4.8169159e-21 7.4355018e-24
18052412 8.7847172e+16 2.648837e+09 2.221458e+09 1e-20 4.8065034e-21 7.4564967e-24
18085577 8.7935019e+16 2.6456018e+09 2.2206271e+09 1e-20 4.7961169e-21 7.477549e-24
18118815 8.8022954e+16 2.6423685e+09 2.2197943e+09 1e-20 4.7857561e-21 7.4986589e-24
18152127 8.8110977e+16 2.6391369e+09 2.2189597e+09 1e-20 4.7754212e-21 7.5198266e-24
18185514 8.8199088e+16 2.6359072e+09 2.2181231e+09 1e-20 4.7651119e-21 7.5410521e-24
18218974 8.8287287e+16 2.6326794e+09 2.2172847e+09 1e-20 4.7548283e-21 7.5623357e-24
18252509 8.8375574e+16 2.6294534e+09 2.2164444e+09 1e-20 4.7445702e-21 7.5836776e-24
18286119 8.846395e+16 2.6262293e+09 2.2156022e+09 1e-20 4.7343376e-21 7.6050778e-24
18319804 8.8552414e+16 2.623007e+09 2.2147582e+09 1e-20 4.7241305e-21 7.6265366e-24
18353564 8.8640966e+16 2.6197866e+09 2.2139122e+09 1e-20 4.7139487e-21 7.6480541e-24
18387399 8.8729607e+16 2.616568e+09 2.2130644e+09 1e-20 4.7037922e-21 7.6696305e-24
18421310 8.8818337e+16 2.6133513e+09 2.2122147e+09 1e-20 4.6936609e-21 7.691266e-24
18455296 8.8907155e+16 2.6101365e+09 2.2113631e+09 1e-20 4.6835548e-21 7.7129607e-24
18489358 8.8996062e+16 2.6069235e+09 2.2105096e+09 1e-20 4.6734737e-21 7.7347147e-24
18523497 8.9085059e+16 2.6037125e+09 2.2096543e+09 1e-20 4.6634177e-21 7.7565284e-24
18557711 8.9174144e+16 2.6005033e+09 2.2087971e+09 1e-20 4.6533867e-21 7.7784018e-24
18592002 8.9263318e+16 2.5972959e+09 2.207938e+09 1e-20 4.6433805e-21 7.800335e-24
18626370 8.9352581e+16 2.5940905e+09 2.207077e+09 1e-20 4.6333992e-21 7.8223284e-24
18660815 8.9441934e+16 2.5908869e+09 2.2062142e+09 1e-20 4.6234426e-21 7.8443819e-24
18695337 8.9531376e+16 2.5876853e+09 2.2053495e+09 1e-20 4.6135107e-21 7.8664959e-24
18729936 8.9620907e+16 2.5844855e+09 2.2044829e+09 1e-20 4.6036035e-21 7.8886705e-24
18764612 8.9710528e+16 2.5812876e+09 2.2036144e+09 1e-20 4.5937208e-21 7.9109058e-24
18799366 8.9800238e+16 2.5780916e+09 2.2027441e+09 1e-20 4.5838626e-21 7.933202e-24
18834198 8.9890039e+16 2.5748975e+09 2.2018719e+09 1e-20 4.5740289e-21 7.9555594e-24
18869108 8.9979929e+16 2.5717054e+09 2.2009978e+09 1e-20 4.5642195e-21 7.977978e-24
18904097 9.0069909e+16 2.5685151e+09 2.2001219e+09 1e-20 4.5544344e-21 8.000458e-24
18939164 9.0159979e+16 2.5653267e+09 2.1992441e+09 1e-20 4.5446736e-21 8.0229997e-24
18974309 9.0250138e+16 2.5621402e+09 2.1983645e+09 1e-20 4.5349369e-21 8.0456031e-24
19009534 9.0340389e+16 2.5589557e+09 2.1974829e+09 1e-20 4.5252244e-21 8.0682686e-24
19044838 9.0430729e+16 2.5557731e+09 2.1965995e+09 1e-20 4.5155359e-21 8.0909961e-24
19080221 9.052116e+16 2.5525924e+09 2.1957143e+09 1e-20 4.5058714e-21 8.113786e-24
19115683 9.0611681e+16 2.5494136e+09 2.1948272e+09 1e-20 4.4962308e-21 8.1366384e-24
19151225 9.0702293e+16 2.5462367e+09 2.1939382e+09 1e-20 4.4866141e-21 8.1595534e-24
19186847 9.0792995e+16 2.5430618e+09 2.1930474e+09 1e-20 4.4770212e-21 8.1825313e-24
19222549 9.0883788e+16 2.5398888e+09 2.1921547e+09 1e-20 4.467452e-21 8.2055723e-24
19258332 9.0974672e+16 2.5367177e+09 2.1912602e+09 1e-20 4.4579065e-21 8.2286764e-24
19294195 9.1065646e+16 2.5335485e+09 2.1903638e+09 1e-20 4.4483846e-21 8.2518439e-24
19330139 9.1156712e+16 2.5303813e+09 2.1894655e+09 1e-20 4.4388863e-21 8.275075e-24
19366164 9.1247869e+16 2.5272161e+09 2.1885654e+09 1e-20 4.4294114e-21 8.2983699e-24
19402270 9.1339117e+16 2.5240528e+09 2.1876634e+09 1e-20 4.41996e-21 8.3217287e-24
19438458 9.1430456e+16 2.5208914e+09 2.1867596e+09 1e-20 4.4105319e-21 8.3451515e-24
19474727 9.1521886e+16 2.517732e+09 2.185854e+09 1e-20 4.4011271e-21 8.3686387e-24
19511078 9.1613408e+16 2.5145745e+09 2.1849465e+09 1e-20 4.3917456e-21 8.3921904e-24
19547511 9.1705021e+16 2.511419e+09 2.1840371e+09 1e-20 4.3823872e-21 8.4158067e-24
19584026 9.1796726e+16 2.5082654e+09 2.1831259e+09 1e-20 4.373052e-21 8.4394878e-24
19620623 9.1888523e+16 2.5051138e+09 2.1822129e+09 1e-20 4.3637398e-21 8.463234e-24
19657304 9.1980412e+16 2.5019642e+09 2.181298e+09 1e-20 4.3544506e-21 8.4870454e-24
19694067 9.2072392e+16 2.4988165e+09 2.1803812e+09 1e-20 4.3451843e-21 8.5109221e-24
19730914 9.2164465e+16 2.4956708e+09 2.1794626e+09 1e-20 4.3359409e-21 8.5348645e-24
19767843 9.2256629e+16 2.4925271e+09 2.1785422e+09 1e-20 4.3267203e-21 8.5588726e-24
19804857 9.2348886e+16 2.4893853e+09 2.17762e+09 1e-20 4.3175225e-21 8.5829467e-24
19841954 9.2441234e+16 2.4862455e+09 2.1766959e+09 1e-20 4.3083474e-21 8.6070869e-24
19879135 9.2533676e+16 2.4831077e+09 2.1757699e+09 1e-20 4.2991949e-21 8.6312935e-24
19916400 9.2626209e+16 2.4799719e+09 2.1748422e+09 1e-20 4.290065e-21 8.6555666e-24
19953750 9.2718836e+16 2.4768381e+09 2.1739126e+09 1e-20 4.2809575e-21 8.6799064e-24
19991184 9.2811554e+16 2.4737062e+09 2.1729811e+09 1e-20 4.2718726e-21 8.704313e-24
20028703 9.2904366e+16 2.4705763e+09 2.1720478e+09 1e-20 4.26281e-21 8.7287868e-24
20066308 9.299727e+16 2.4674485e+09 2.1711127e+09 1e-20 4.2537698e-21 8.7533279e-24
20103997 9.3090268e+16 2.4643226e+09 2.1701758e+09 1e-20 4.2447519e-21 8.7779364e-24
20141772 9.3183358e+16 2.4611987e+09 2.1692371e+09 1e-20 4.2357561e-21 8.8026126e-24
20179633 9.3276541e+16 2.4580768e+09 2.1682965e+09 1e-20 4.2267826e-21 8.8273566e-24
20217580 9.3369818e+16 2.4549569e+09 2.1673541e+09 1e-20 4.2178311e-21 8.8521687e-24
20255613 9.3463188e+16 2.4518391e+09 2.1664098e+09 1e-20 4.2089017e-21 8.877049e-24
20293733 9.3556651e+16 2.4487232e+09 2.1654638e+09 1e-20 4.1999942e-21 8.9019978e-24
20331939 9.3650207e+16 2.4456093e+09 2.1645159e+09 1e-20 4.1911087e-21 8.9270152e-24
20370233 9.3743858e+16 2.4424975e+09 2.1635662e+09 1e-20 4.1822451e-21 8.9521014e-24
20408613 9.3837602e+16 2.4393876e+09 2.1626147e+09 1e-20 4.1734033e-21 8.9772567e-24
20447081 9.3931439e+16 2.4362798e+09 2.1616613e+09 1e-20 4.1645832e-21 9.0024811e-24
20485636 9.4025371e+16 2.433174e+09 2.1607062e+09 1e-20 4.1557848e-21 9.027775e-24
20524279 9.4119396e+16 2.4300703e+09 2.1597492e+09 1e-20 4.1470081e-21 9.0531385e-24
20563010 9.4213515e+16 2.4269685e+09 2.1587904e+09 1e-20 4.138253e-21 9.0785718e-24
20601830 9.4307729e+16 2.4238688e+09 2.1578299e+09 1e-20 4.1295193e-21 9.1040751e-24
20640737 9.4402037e+16 2.4207711e+09 2.1568675e+09 1e-20 4.1208072e-21 9.1296486e-24
20679734 9.4496439e+16 2.4176754e+09 2.1559032e+09 1e-20 4.1121164e-21 9.1552926e-24
20718820 9.4590935e+16 2.4145818e+09 2.1549372e+09 1e-20 4.1034471e-21 9.1810071e-24
20757995 9.4685526e+16 2.4114902e+09 2.1539694e+09 1e-20 4.094799e-21 9.2067925e-24
20797259 9.4780212e+16 2.4084006e+09 2.1529998e+09 1e-20 4.0861722e-21 9.2326489e-24
20836613 9.4874992e+16 2.4053131e+09 2.1520284e+09 1e-20 4.0775665e-21 9.2585765e-24
20876057 9.4969867e+16 2.4022277e+09 2.1510551e+09 1e-20 4.068982e-21 9.2845755e-24
20915591 9.5064837e+16 2.3991442e+09 2.1500801e+09 1e-20 4.0604186e-21 9.3106461e-24
20955216 9.5159901e+16 2.3960629e+09 2.1491033e+09 1e-20 4.0518762e-21 9.3367886e-24
20994931 9.5255061e+16 2.3929835e+09 2.1481247e+09 1e-20 4.0433548e-21 9.3630031e-24
21034737 9.5350316e+16 2.3899063e+09 2.1471443e+09 1e-20 4.0348542e-21 9.3892899e-24
21074634 9.5445667e+16 2.3868311e+09 2.1461621e+09 1e-20 4.0263746e-21 9.415649e-24
21114622 9.5541112e+16 2.3837579e+09 2.1451781e+09 1e-20 4.0179157e-21 9.4420809e-24
21154702 9.5636653e+16 2.3806868e+09 2.1441923e+09 1e-20 4.0094776e-21 9.4685856e-24
21194874 9.573229e+16 2.3776178e+09 2.1432047e+09 1e-20 4.0010602e-21 9.4951633e-24
21235138 9.5828022e+16 2.3745508e+09 2.1422153e+09 1e-20 3.9926634e-21 9.5218144e-24
21275494 9.592385e+16 2.3714859e+09 2.1412242e+09 1e-20 3.9842872e-21 9.5485389e-24
21315943 9.6019774e+16 2.3684231e+09 2.1402313e+09 1e-20 3.9759315e-21 9.5753371e-24
21356485 9.6115794e+16 2.3653624e+09 2.1392365e+09 1e-20 3.9675963e-21 9.6022093e-24
21397119 9.621191e+16 2.3623037e+09 2.13824e+09 1e-20 3.9592816e-21 9.6291555e-24
21437847 9.6308122e+16 2.3592471e+09 2.1372418e+09 1e-20 3.9509872e-21 9.6561761e-24
21478669 9.640443e+16 2.3561926e+09 2.1362417e+09 1e-20 3.9427131e-21 9.6832712e-24
21519584 9.6500834e+16 2.3531402e+09 2.1352399e+09 1e-20 3.9344593e-21 9.710441e-24
21560594 9.6597335e+16 2.3500898e+09 2.1342363e+09 1e-20 3.9262256e-21 9.7376859e-24
21601697 9.6693932e+16 2.3470415e+09 2.1332309e+09 1e-20 3.9180122e-21 9.7650059e-24
21642896 9.6790626e+16 2.3439954e+09 2.1322238e+09 1e-20 3.9098188e-21 9.7924013e-24
21684189 9.6887417e+16 2.3409513e+09 2.1312149e+09 1e-20 3.9016455e-21 9.8198723e-24
21725577 9.6984304e+16 2.3379093e+09 2.1302042e+09 1e-20 3.8934922e-21 9.8474192e-24
21767060 9.7081289e+16 2.3348694e+09 2.1291918e+09 1e-20 3.8853589e-21 9.8750421e-24
21808639 9.717837e+16 2.3318316e+09 2.1281776e+09 1e-20 3.8772454e-21 9.9027412e-24
21850314 9.7275548e+16 2.3287959e+09 2.1271616e+09 1e-20 3.8691518e-21 9.9305169e-24
21892084 9.7372824e+16 2.3257624e+09 2.1261439e+09 1e-20 3.861078e-21 9.9583692e-24
21933951 9.7470197e+16 2.3227309e+09 2.1251244e+09 1e-20 3.8530239e-21 9.9862984e-24
21975915 9.7567667e+16 2.3197015e+09 2.1241032e+09 1e-20 3.8449895e-21 1.0014305e-23
22017976 9.7665235e+16 2.3166742e+09 2.1230802e+09 1e-20 3.8369747e-21 1.0042389e-23
22060133 9.77629e+16 2.3136491e+09 2.1220555e+09 1e-20 3.8289795e-21 1.007055e-23
22102388 9.7860663e+16 2.310626e+09 2.121029e+09 1e-20 3.8210038e-21 1.0098789e-23
22144740 9.7958523e+16 2.3076051e+09 2.1200008e+09 1e-20 3.8130477e-21 1.0127106e-23
22187191 9.8056482e+16 2.3045863e+09 2.1189708e+09 1e-20 3.8051109e-21 1.0155502e-23
22229739 9.8154538e+16 2.3015696e+09 2.1179391e+09 1e-20 3.7971935e-21 1.0183975e-23
22272386 9.8252693e+16 2.2985551e+09 2.1169056e+09 1e-20 3.7892955e-21 1.0212528e-23
22315131 9.8350946e+16 2.2955426e+09 2.1158704e+09 1e-20 3.7814167e-21 1.024116e-23
22357976 9.8449297e+16 2.2925323e+09 2.1148334e+09 1e-20 3.7735572e-21 1.026987e-23
22400919 9.8547746e+16 2.2895242e+09 2.1137948e+09 1e-20 3.7657168e-21 1.029866e-23
22443962 9.8646294e+16 2.2865181e+09 2.1127543e+09 1e-20 3.7578955e-21 1.032753e-23
22487105 9.874494e+16 2.2835142e+09 2.1117122e+09 1e-20 3.7500934e-21 1.0356479e-23
22530347 9.8843685e+16 2.2805124e+09 2.1106683e+09 1e-20 3.7423102e-21 1.0385509e-23
22573690 9.8942529e+16 2.2775128e+09 2.1096227e+09 1e-20 3.7345461e-21 1.0414619e-23
22617133 9.9041471e+16 2.2745153e+09 2.1085753e+09 1e-20 3.7268008e-21 1.0443809e-23
22660677 9.9140513e+16 2.27152e+09 2.1075263e+09 1e-20 3.7190744e-21 1.047308e-23
22704322 9.9239653e+16 2.2685267e+09 2.1064755e+09 1e-20 3.7113669e-21 1.0502432e-23
22748068 9.9338893e+16 2.2655357e+09 2.105423e+09 1e-20 3.7036781e-21 1.0531865e-23
22791916 9.9438232e+16 2.2625468e+09 2.1043688e+09 1e-20 3.6960081e-21 1.056138e-23
22835866 9.953767e+16 2.25956e+09 2.1033128e+09 1e-20 3.6883567e-21 1.0590976e-23
22879918 9.9637208e+16 2.2565754e+09 2.1022551e+09 1e-20 3.680724e-21 1.0620655e-23
22924072 9.9736845e+16 2.2535929e+09 2.1011958e+09 1e-20 3.6731098e-21 1.0650415e-23
22968329 9.9836582e+16 2.2506127e+09 2.1001347e+09 1e-20 3.6655142e-21 1.0680258e-23
23012688 9.9936418e+16 2.2476345e+09 2.0990719e+09 1e-20 3.6579371e-21 1.0710184e-23
23057151 1.0003635e+17 2.2446585e+09 2.0980074e+09 1e-20 3.6503784e-21 1.0740192e-23
23101718 1.0013639e+17 2.2416847e+09 2.0969412e+09 1e-20 3.6428381e-21 1.0770283e-23
23146388 1.0023653e+17 2.2387131e+09 2.0958733e+09 1e-20 3.6353161e-21 1.0800458e-23
23191162 1.0033676e+17 2.2357436e+09 2.0948037e+09 1e-20 3.6278124e-21 1.0830716e-23
23236041 1.004371e+17 2.2327763e+09 2.0937324e+09 1e-20 3.620327e-21 1.0861059e-23
23281024 1.0053754e+17 2.2298112e+09 2.0926594e+09 1e-20 3.6128598e-21 1.0891485e-23
23326111 1.0063808e+17 2.2268482e+09 2.0915847e+09 1e-20 3.6054107e-21 1.0921995e-23
23371305 1.0073871e+17 2.2238874e+09 2.0905083e+09 1e-20 3.5979797e-21 1.095259e-23
23416603 1.0083945e+17 2.2209288e+09 2.0894302e+09 1e-20 3.5905667e-21 1.098327e-23
23462007 1.0094029e+17 2.2179724e+09 2.0883504e+09 1e-20 3.5831718e-21 1.1014035e-23
23507517 1.0104123e+17 2.2150181e+09 2.087269e+09 1e-20 3.5757948e-21 1.1044885e-23
23553134 1.0114227e+17 2.2120661e+09 2.0861858e+09 1e-20 3.5684358e-21 1.1075821e-23
23598857 1.0124342e+17 2.2091162e+09 2.085101e+09 1e-20 3.5610946e-21 1.1106842e-23
23644687 1.0134466e+17 2.2061685e+09 2.0840145e+09 1e-20 3.5537712e-21 1.1137949e-23
23690624 1.01446e+17 2.203223e+09 2.0829264e+09 1e-20 3.5464656e-21 1.1169143e-23
23736668 1.0154745e+17 2.2002797e+09 2.0818365e+09 1e-20 3.5391777e-21 1.1200423e-23
23782820 1.01649e+17 2.1973386e+09 2.080745e+09 1e-20 3.5319075e-21 1.123179e-23
23829080 1.0175065e+17 2.1943997e+09 2.0796518e+09 1e-20 3.524655e-21 1.1263244e-23
23875448 1.018524e+17 2.191463e+09 2.0785569e+09 1e-20 3.51742e-21 1.1294785e-23
23921925 1.0195425e+17 2.1885284e+09 2.0774604e+09 1e-20 3.5102025e-21 1.1326414e-23
23968511 1.020562e+17 2.1855961e+09 2.0763622e+09 1e-20 3.5030026e-21 1.135813e-23
24015206 1.0215826e+17 2.182666e+09 2.0752624e+09 1e-20 3.4958201e-21 1.1389934e-23
24062010 1.0226042e+17 2.1797381e+09 2.0741609e+09 1e-20 3.488655e-21 1.1421827e-23
24108924 1.0236268e+17 2.1768124e+09 2.0730577e+09 1e-20 3.4815073e-21 1.1453808e-23
24155948 1.0246504e+17 2.1738889e+09 2.0719529e+09 1e-20 3.4743769e-21 1.1485878e-23
24203083 1.0256751e+17 2.1709676e+09 2.0708464e+09 1e-20 3.4672637e-21 1.1518037e-23
24250328 1.0267007e+17 2.1680485e+09 2.0697383e+09 1e-20 3.4601678e-21 1.1550285e-23
24297684 1.0277274e+17 2.1651317e+09 2.0686285e+09 1e-20 3.453089e-21 1.1582623e-23
24345151 1.0287552e+17 2.162217e+09 2.0675171e+09 1e-20 3.4460274e-21 1.1615051e-23
24392730 1.0297839e+17 2.1593046e+09 2.066404e+09 1e-20 3.4389829e-21 1.1647568e-23
24440420 1.0308137e+17 2.1563944e+09 2.0652893e+09 1e-20 3.4319554e-21 1.1680176e-23
24488223 1.0318445e+17 2.1534864e+09 2.064173e+09 1e-20 3.4249449e-21 1.1712875e-23
24536138 1.0328764e+17 2.1505807e+09 2.063055e+09 1e-20 3.4179514e-21 1.1745664e-23
24584166 1.0339092e+17 2.1476772e+09 2.0619354e+09 1e-20 3.4109748e-21 1.1778544e-23
24632307 1.0349431e+17 2.1447758e+09 2.0608142e+09 1e-20 3.404015e-21 1.1811516e-23
24680561 1.0359781e+17 2.1418768e+09 2.0596913e+09 1e-20 3.3970721e-21 1.1844579e-23
24728929 1.0370141e+17 2.1389799e+09 2.0585668e+09 1e-20 3.390146e-21 1.1877735e-23
24777410 1.0380511e+17 2.1360853e+09 2.0574407e+09 1e-20 3.3832365e-21 1.1910982e-23
24826006 1.0390891e+17 2.1331929e+09 2.056313e+09 1e-20 3.3763438e-21 1.1944322e-23
24874717 1.0401282e+17 2.1303028e+09 2.0551836e+09 1e-20 3.3694678e-21 1.1977754e-23
24923542 1.0411683e+17 2.1274149e+09 2.0540527e+09 1e-20 3.3626083e-21 1.201128e-23
24972483 1.0422095e+17 2.1245293e+09 2.0529201e+09 1e-20 3.3557654e-21 1.2044898e-23
25021539 1.0432517e+17 2.1216458e+09 2.0517859e+09 1e-20 3.348939e-21 1.2078611e-23
25070711 1.044295e+17 2.1187647e+09 2.0506501e+09 1e-20 3.3421291e-21 1.2112416e-23
25119999 1.0453393e+17 2.1158857e+09 2.0495127e+09 1e-20 3.3353356e-21 1.2146316e-23
25169403 1.0463846e+17 2.113009e+09 2.0483737e+09 1e-20 3.3285585e-21 1.2180311e-23
25218924 1.047431e+17 2.1101346e+09 2.047233e+09 1e-20 3.3217977e-21 1.2214399e-23
25268562 1.0484784e+17 2.1072624e+09 2.0460908e+09 1e-20 3.3150533e-21 1.2248583e-23
25318317 1.0495269e+17 2.1043925e+09 2.044947e+09 1e-20 3.3083251e-21 1.2282862e-23
25368191 1.0505764e+17 2.1015248e+09 2.0438016e+09 1e-20 3.3016131e-21 1.2317236e-23
25418182 1.051627e+17 2.0986594e+09 2.0426546e+09 1e-20 3.2949174e-21 1.2351706e-23
25468291 1.0526786e+17 2.0957962e+09 2.041506e+09 1e-20 3.2882377e-21 1.2386271e-23
25518519 1.0537313e+17 2.0929353e+09 2.0403558e+09 1e-20 3.2815741e-21 1.2420933e-23
25568866 1.054785e+17 2.0900767e+09 2.0392041e+09 1e-20 3.2749266e-21 1.2455692e-23
25619333 1.0558398e+17 2.0872203e+09 2.0380508e+09 1e-20 3.2682951e-21 1.2490547e-23
25669919 1.0568957e+17 2.0843662e+09 2.0368958e+09 1e-20 3.2616796e-21 1.2525499e-23
25720625 1.0579526e+17 2.0815143e+09 2.0357393e+09 1e-20 3.25508e-21 1.2560549e-23
25771451 1.0590105e+17 2.0786647e+09 2.0345813e+09 1e-20 3.2484963e-21 1.2595696e-23
25822397 1.0600695e+17 2.0758174e+09 2.0334216e+09 1e-20 3.2419284e-21 1.2630941e-23
25873465 1.0611296e+17 2.0729724e+09 2.0322604e+09 1e-20 3.2353763e-21 1.2666284e-23
25924654 1.0621907e+17 2.0701296e+09 2.0310977e+09 1e-20 3.22884e-21 1.2701726e-23
25975964 1.0632529e+17 2.0672891e+09 2.0299333e+09 1e-20 3.2223194e-21 1.2737266e-23
26027396 1.0643162e+17 2.0644509e+09 2.0287674e+09 1e-20 3.2158145e-21 1.2772906e-23
26078951 1.0653805e+17 2.0616149e+09 2.0276e+09 1e-20 3.2093252e-21 1.2808645e-23
26130628 1.0664459e+17 2.0587813e+09 2.026431e+09 1e-20 3.2028515e-21 1.2844483e-23
26182428 1.0675123e+17 2.0559499e+09 2.0252604e+09 1e-20 3.1963934e-21 1.2880421e-23
26234351 1.0685798e+17 2.0531208e+09 2.0240883e+09 1e-20 3.1899508e-21 1.291646e-23
26286397 1.0696484e+17 2.0502939e+09 2.0229147e+09 1e-20 3.1835237e-21 1.2952599e-23
26338568 1.0707181e+17 2.0474694e+09 2.0217395e+09 1e-20 3.177112e-21 1.2988839e-23
26390862 1.0717888e+17 2.0446471e+09 2.0205627e+09 1e-20 3.1707157e-21 1.3025179e-23
26443282 1.0728606e+17 2.0418272e+09 2.0193844e+09 1e-20 3.1643347e-21 1.3061622e-23
26495826 1.0739334e+17 2.0390095e+09 2.0182046e+09 1e-20 3.1579691e-21 1.3098165e-23
26548495 1.0750074e+17 2.0361941e+09 2.0170233e+09 1e-20 3.1516187e-21 1.3134811e-23
26601290 1.0760824e+17 2.033381e+09 2.0158404e+09 1e-20 3.1452836e-21 1.3171559e-23
26654211 1.0771584e+17 2.0305702e+09 2.014656e+09 1e-20 3.1389637e-21 1.320841e-23
26707258 1.0782356e+17 2.0277617e+09 2.0134701e+09 1e-20 3.1326589e-21 1.3245363e-23
26760432 1.0793138e+17 2.0249555e+09 2.0122826e+09 1e-20 3.1263693e-21 1.3282419e-23
26813732 1.0803932e+17 2.0221516e+09 2.0110936e+09 1e-20 3.1200947e-21 1.3319579e-23
26867160 1.0814735e+17 2.01935e+09 2.0099031e+09 1e-20 3.1138352e-21 1.3356843e-23
26920716 1.082555e+17 2.0165507e+09 2.0087111e+09 1e-20 3.1075907e-21 1.339421e-23
26974399 1.0836376e+17 2.0137537e+09 2.0075176e+09 1e-20 3.1013611e-21 1.3431682e-23
27028211 1.0847212e+17 2.010959e+09 2.0063226e+09 1e-20 3.0951465e-21 1.3469259e-23
27082152 1.0858059e+17 2.0081666e+09 2.0051261e+09 1e-20 3.0889467e-21 1.350694e-23
27136221 1.0868917e+17 2.0053765e+09 2.003928e+09 1e-20 3.0827618e-21 1.3544727e-23
27190420 1.0879786e+17 2.0025887e+09 2.0027285e+09 1e-20 3.0765917e-21 1.3582619e-23
27244749 1.0890666e+17 1.9998033e+09 2.0015275e+09 1e-20 3.0704364e-21 1.3620617e-23
27299207 1.0901557e+17 1.9970201e+09 2.0003249e+09 1e-20 3.0642958e-21 1.3658721e-23
27353796 1.0912458e+17 1.9942393e+09 1.9991209e+09 1e-20 3.0581699e-21 1.3696932e-23
27408516 1.0923371e+17 1.9914607e+09 1.9979154e+09 1e-20 3.0520586e-21 1.3735249e-23
27463367 1.0934294e+17 1.9886845e+09 1.9967084e+09 1e-20 3.0459619e-21 1.3773674e-23
27518350 1.0945228e+17 1.9859106e+09 1.9955e+09 1e-20 3.0398799e-21 1.3812205e-23
27573464 1.0956174e+17 1.9831391e+09 1.99429e+09 1e-20 3.0338124e-21 1.3850845e-23
27628711 1.096713e+17 1.9803698e+09 1.9930786e+09 1e-20 3.0277593e-21 1.3889593e-23
27684090 1.0978097e+17 1.9776029e+09 1.9918657e+09 1e-20 3.0217208e-21 1.3928448e-23
27739602 1.0989075e+17 1.9748383e+09 1.9906513e+09 1e-20 3.0156966e-21 1.3967413e-23
27795248 1.1000064e+17 1.972076e+09 1.9894354e+09 1e-20 3.0096869e-21 1.4006486e-23
27851027 1.1011064e+17 1.969316e+09 1.9882181e+09 1e-20 3.0036915e-21 1.4045669e-23
27906940 1.1022075e+17 1.9665584e+09 1.9869994e+09 1e-20 2.9977104e-21 1.4084961e-23
27962988 1.1033097e+17 1.9638031e+09 1.9857791e+09 1e-20 2.9917436e-21 1.4124364e-23
28019170 1.104413e+17 1.9610501e+09 1.9845574e+09 1e-20 2.9857911e-21 1.4163876e-23
28075487 1.1055175e+17 1.9582994e+09 1.9833343e+09 1e-20 2.9798527e-21 1.4203499e-23
28131940 1.106623e+17 1.9555511e+09 1.9821097e+09 1e-20 2.9739285e-21 1.4243233e-23
28188529 1.1077296e+17 1.9528051e+09 1.9808836e+09 1e-20 2.9680185e-21 1.4283078e-23
28245254 1.1088373e+17 1.9500615e+09 1.9796562e+09 1e-20 2.9621225e-21 1.4323034e-23
28302116 1.1099462e+17 1.9473202e+09 1.9784272e+09 1e-20 2.9562406e-21 1.4363103e-23
28359114 1.1110561e+17 1.9445812e+09 1.9771969e+09 1e-20 2.9503728e-21 1.4403283e-23
28416250 1.1121672e+17 1.9418446e+09 1.9759651e+09 1e-20 2.9445189e-21 1.4443576e-23
28473524 1.1132793e+17 1.9391103e+09 1.9747318e+09 1e-20 2.9386789e-21 1.4483982e-23
28530936 1.1143926e+17 1.9363783e+09 1.9734972e+09 1e-20 2.9328529e-21 1.4524501e-23
28588486 1.115507e+17 1.9336487e+09 1.9722611e+09 1e-20 2.9270407e-21 1.4565133e-23
28646176 1.1166225e+17 1.9309214e+09 1.9710235e+09 1e-20 2.9212424e-21 1.460588e-23
28704004 1.1177391e+17 1.9281965e+09 1.9697846e+09 1e-20 2.9154579e-21 1.464674e-23
28761972 1.1188569e+17 1.9254739e+09 1.9685442e+09 1e-20 2.9096872e-21 1.4687715e-23
28820080 1.1199757e+17 1.9227537e+09 1.9673025e+09 1e-20 2.9039302e-21 1.4728804e-23
28878329 1.1210957e+17 1.9200358e+09 1.9660593e+09 1e-20 2.8981869e-21 1.4770009e-23
28936718 1.1222168e+17 1.9173203e+09 1.9648147e+09 1e-20 2.8924572e-21 1.4811329e-23
28995249 1.123339e+17 1.9146071e+09 1.9635687e+09 1e-20 2.8867412e-21 1.4852765e-23
29053921 1.1244624e+17 1.9118963e+09 1.9623213e+09 1e-20 2.8810388e-21 1.4894317e-23
29112735 1.1255868e+17 1.9091878e+09 1.9610725e+09 1e-20 2.8753499e-21 1.4935986e-23
29171691 1.1267124e+17 1.9064817e+09 1.9598223e+09 1e-20 2.8696746e-21 1.4977771e-23
29230790 1.1278391e+17 1.9037779e+09 1.9585707e+09 1e-20 2.8640127e-21 1.5019674e-23
29290032 1.128967e+17 1.9010765e+09 1.9573177e+09 1e-20 2.8583643e-21 1.5061694e-23
29349418 1.1300959e+17 1.8983775e+09 1.9560634e+09 1e-20 2.8527293e-21 1.5103831e-23
29408947 1.131226e+17 1.8956808e+09 1.9548076e+09 1e-20 2.8471077e-21 1.5146087e-23
29468621 1.1323572e+17 1.8929864e+09 1.9535505e+09 1e-20 2.8414995e-21 1.5188462e-23
29528440 1.1334896e+17 1.8902945e+09 1.952292e+09 1e-20 2.8359045e-21 1.5230955e-23
29588403 1.1346231e+17 1.8876049e+09 1.9510321e+09 1e-20 2.8303229e-21 1.5273568e-23
29648513 1.1357577e+17 1.8849176e+09 1.9497709e+09 1e-20 2.8247545e-21 1.53163e-23
29708768 1.1368935e+17 1.8822327e+09 1.9485082e+09 1e-20 2.8191992e-21 1.5359152e-23
29769169 1.1380304e+17 1.8795502e+09 1.9472443e+09 1e-20 2.8136572e-21 1.5402125e-23
29829717 1.1391684e+17 1.8768701e+09 1.9459789e+09 1e-20 2.8081283e-21 1.5445217e-23
29890412 1.1403076e+17 1.8741923e+09 1.9447122e+09 1e-20 2.8026126e-21 1.5488431e-23
29951255 1.1414479e+17 1.8715169e+09 1.9434441e+09 1e-20 2.7971098e-21 1.5531767e-23
30012245 1.1425893e+17 1.8688438e+09 1.9421747e+09 1e-20 2.7916202e-21 1.5575223e-23
30073384 1.1437319e+17 1.8661732e+09 1.940904e+09 1e-20 2.7861435e-21 1.5618802e-23
30134672 1.1448756e+17 1.8635049e+09 1.9396319e+09 1e-20 2.7806799e-21 1.5662504e-23
30196108 1.1460205e+17 1.8608389e+09 1.9383584e+09 1e-20 2.7752291e-21 1.5706328e-23
30257695 1.1471665e+17 1.8581754e+09 1.9370836e+09 1e-20 2.7697913e-21 1.5750275e-23
30319431 1.1483137e+17 1.8555142e+09 1.9358075e+09 1e-20 2.7643663e-21 1.5794345e-23
30381317 1.149462e+17 1.8528554e+09 1.93453e+09 1e-20 2.7589542e-21 1.5838539e-23
30443355 1.1506115e+17 1.850199e+09 1.9332512e+09 1e-20 2.7535549e-21 1.5882858e-23
30505543 1.1517621e+17 1.847545e+09 1.9319711e+09 1e-20 2.7481684e-21 1.5927301e-23
30567883 1.1529139e+17 1.8448933e+09 1.9306897e+09 1e-20 2.7427946e-21 1.5971869e-23
30630375 1.1540668e+17 1.842244e+09 1.9294069e+09 1e-20 2.7374335e-21 1.6016562e-23
30693020 1.1552208e+17 1.8395971e+09 1.9281228e+09 1e-20 2.7320851e-21 1.6061381e-23
30755818 1.1563761e+17 1.8369526e+09 1.9268375e+09 1e-20 2.7267493e-21 1.6106326e-23
30818768 1.1575324e+17 1.8343105e+09 1.9255508e+09 1e-20 2.7214262e-21 1.6151397e-23
30881873 1.15869e+17 1.8316707e+09 1.9242627e+09 1e-20 2.7161156e-21 1.6196595e-23
30945131 1.1598487e+17 1.8290334e+09 1.9229734e+09 1e-20 2.7108176e-21 1.624192e-23
31008545 1.1610085e+17 1.8263984e+09 1.9216828e+09 1e-20 2.7055321e-21 1.6287372e-23
31072113 1.1621695e+17 1.8237658e+09 1.9203909e+09 1e-20 2.700259e-21 1.6332953e-23
31135836 1.1633317e+17 1.8211356e+09 1.9190977e+09 1e-20 2.6949984e-21 1.6378661e-23
31199716 1.164495e+17 1.8185078e+09 1.9178032e+09 1e-20 2.6897503e-21 1.6424498e-23
31263752 1.1656595e+17 1.8158824e+09 1.9165074e+09 1e-20 2.6845145e-21 1.6470464e-23
31327944 1.1668252e+17 1.8132593e+09 1.9152104e+09 1e-20 2.6792911e-21 1.651656e-23
31392294 1.167992e+17 1.8106387e+09 1.913912e+09 1e-20 2.6740799e-21 1.6562785e-23
31456801 1.16916e+17 1.8080204e+09 1.9126124e+09 1e-20 2.6688811e-21 1.660914e-23
31521466 1.1703291e+17 1.8054046e+09 1.9113115e+09 1e-20 2.6636946e-21 1.6655626e-23
31586290 1.1714995e+17 1.8027911e+09 1.9100094e+09 1e-20 2.6585202e-21 1.6702243e-23
31651272 1.172671e+17 1.8001801e+09 1.9087059e+09 1e-20 2.6533581e-21 1.674899e-23
31716414 1.1738436e+17 1.7975714e+09 1.9074012e+09 1e-20 2.6482081e-21 1.679587e-23
31781716 1.1750175e+17 1.7949651e+09 1.9060953e+09 1e-20 2.6430703e-21 1.6842881e-23
31847178 1.1761925e+17 1.7923612e+09 1.9047881e+09 1e-20 2.6379446e-21 1.6890025e-23
31912800 1.1773687e+17 1.7897598e+09 1.9034796e+09 1e-20 2.6328309e-21 1.6937302e-23
31978584 1.1785461e+17 1.7871607e+09 1.9021699e+09 1e-20 2.6277293e-21 1.6984712e-23
32044529 1.1797246e+17 1.784564e+09 1.9008589e+09 1e-20 2.6226396e-21 1.7032255e-23
32110636 1.1809043e+17 1.7819698e+09 1.8995467e+09 1e-20 2.617562e-21 1.7079933e-23
32176906 1.1820852e+17 1.7793779e+09 1.8982333e+09 1e-20 2.6124963e-21 1.7127744e-23
32243338 1.1832673e+17 1.7767884e+09 1.8969186e+09 1e-20 2.6074425e-21 1.7175691e-23
32309934 1.1844506e+17 1.7742014e+09 1.8956027e+09 1e-20 2.6024006e-21 1.7223772e-23
32376694 1.185635e+17 1.7716167e+09 1.8942855e+09 1e-20 2.5973706e-21 1.727199e-23
32443618 1.1868207e+17 1.7690344e+09 1.8929672e+09 1e-20 2.5923524e-21 1.7320343e-23
32510706 1.1880075e+17 1.7664546e+09 1.8916476e+09 1e-20 2.5873459e-21 1.7368832e-23
32577960 1.1891955e+17 1.7638772e+09 1.8903268e+09 1e-20 2.5823513e-21 1.7417458e-23
32645379 1.1903847e+17 1.7613021e+09 1.8890047e+09 1e-20 2.5773683e-21 1.7466221e-23
32712965 1.1915751e+17 1.7587295e+09 1.8876815e+09 1e-20 2.5723971e-21 1.7515122e-23
32780717 1.1927667e+17 1.7561593e+09 1.8863571e+09 1e-20 2.5674376e-21 1.7564161e-23
32848636 1.1939594e+17 1.7535915e+09 1.8850314e+09 1e-20 2.5624897e-21 1.7613338e-23
32916723 1.1951534e+17 1.7510261e+09 1.8837045e+09 1e-20 2.5575534e-21 1.7662654e-23
32984977 1.1963485e+17 1.7484631e+09 1.8823765e+09 1e-20 2.5526287e-21 1.7712109e-23
33053400 1.1975449e+17 1.7459025e+09 1.8810472e+09 1e-20 2.5477155e-21 1.7761703e-23
33121992 1.1987424e+17 1.7433444e+09 1.8797168e+09 1e-20 2.5428139e-21 1.7811438e-23
33190753 1.1999412e+17 1.7407886e+09 1.8783852e+09 1e-20 2.5379237e-21 1.7861313e-23
33259684 1.2011411e+17 1.7382353e+09 1.8770523e+09 1e-20 2.5330451e-21 1.7911328e-23
33328785 1.2023423e+17 1.7356844e+09 1.8757183e+09 1e-20 2.5281778e-21 1.7961485e-23
33398057 1.2035446e+17 1.7331359e+09 1.8743832e+09 1e-20 2.523322e-21 1.8011784e-23
33467500 1.2047482e+17 1.7305898e+09 1.8730468e+09 1e-20 2.5184775e-21 1.8062224e-23
33537115 1.2059529e+17 1.7280461e+09 1.8717093e+09 1e-20 2.5136444e-21 1.8112807e-23
33606902 1.2071589e+17 1.7255049e+09 1.8703706e+09 1e-20 2.5088226e-21 1.8163533e-23
33676862 1.208366e+17 1.7229661e+09 1.8690308e+09 1e-20 2.5040122e-21 1.8214402e-23
33746995 1.2095744e+17 1.7204297e+09 1.8676898e+09 1e-20 2.4992129e-21 1.8265415e-23
33817301 1.210784e+17 1.7178957e+09 1.8663476e+09 1e-20 2.4944249e-21 1.8316572e-23
33887782 1.2119947e+17 1.7153641e+09 1.8650043e+09 1e-20 2.4896481e-21 1.8367873e-23
33958437 1.2132067e+17 1.712835e+09 1.8636598e+09 1e-20 2.4848825e-21 1.841932e-23
34029267 1.2144199e+17 1.7103082e+09 1.8623142e+09 1e-20 2.480128e-21 1.8470912e-23
34100273 1.2156344e+17 1.7077839e+09 1.8609674e+09 1e-20 2.4753846e-21 1.8522649e-23
34171455 1.21685e+17 1.705262e+09 1.8596195e+09 1e-20 2.4706524e-21 1.8574533e-23
34242814 1.2180668e+17 1.7027426e+09 1.8582705e+09 1e-20 2.4659312e-21 1.8626564e-23
34314349 1.2192849e+17 1.7002256e+09 1.8569203e+09 1e-20 2.461221e-21 1.8678742e-23
34386062 1.2205042e+17 1.6977109e+09 1.8555691e+09 1e-20 2.4565218e-21 1.8731067e-23
34457954 1.2217247e+17 1.6951988e+09 1.8542166e+09 1e-20 2.4518336e-21 1.878354e-23
34530023 1.2229464e+17 1.692689e+09 1.8528631e+09 1e-20 2.4471563e-21 1.8836162e-23
34602272 1.2241694e+17 1.6901817e+09 1.8515085e+09 1e-20 2.44249e-21 1.8888932e-23
34674700 1.2253935e+17 1.6876768e+09 1.8501527e+09 1e-20 2.4378346e-21 1.8941852e-23
34747309 1.2266189e+17 1.6851743e+09 1.8487958e+09 1e-20 2.43319e-21 1.8994922e-23
34820097 1.2278456e+17 1.6826742e+09 1.8474378e+09 1e-20 2.4285562e-21 1.9048142e-23
34893067 1.2290734e+17 1.6801766e+09 1.8460787e+09 1e-20 2.4239333e-21 1.9101512e-23
34966219 1.2303025e+17 1.6776814e+09 1.8447186e+09 1e-20 2.4193212e-21 1.9155033e-23
35039552 1.2315328e+17 1.6751887e+09 1.8433573e+09 1e-20 2.4147198e-21 1.9208706e-23
35113068 1.2327643e+17 1.6726983e+09 1.8419949e+09 1e-20 2.4101291e-21 1.9262531e-23
35186767 1.2339971e+17 1.6702104e+09 1.8406314e+09 1e-20 2.4055491e-21 1.9316508e-23
35260650 1.2352311e+17 1.667725e+09 1.8392669e+09 1e-20 2.4009798e-21 1.9370638e-23
35334717 1.2364663e+17 1.6652419e+09 1.8379013e+09 1e-20 2.3964211e-21 1.9424922e-23
35408968 1.2377028e+17 1.6627613e+09 1.8365346e+09 1e-20 2.3918731e-21 1.9479359e-23
35483405 1.2389405e+17 1.6602831e+09 1.8351668e+09 1e-20 2.3873356e-21 1.953395e-23
35558027 1.2401794e+17 1.6578074e+09 1.8337979e+09 1e-20 2.3828087e-21 1.9588696e-23
35632836 1.2414196e+17 1.6553341e+09 1.832428e+09 1e-20 2.3782924e-21 1.9643597e-23
35707831 1.242661e+17 1.6528632e+09 1.8310571e+09 1e-20 2.3737865e-21 1.9698654e-23
35783013 1.2439037e+17 1.6503948e+09 1.829685e+09 1e-20 2.3692912e-21 1.9753867e-23
35858383 1.2451476e+17 1.6479288e+09 1.8283119e+09 1e-20 2.3648063e-21 1.9809236e-23
35933942 1.2463927e+17 1.6454652e+09 1.8269378e+09 1e-20 2.3603318e-21 1.9864762e-23
36009689 1.2476391e+17 1.6430041e+09 1.8255626e+09 1e-20 2.3558677e-21 1.9920446e-23
36085625 1.2488867e+17 1.6405454e+09 1.8241864e+09 1e-20 2.351414e-21 1.9976287e-23
36161751 1.2501356e+17 1.6380891e+09 1.8228091e+09 1e-20 2.3469706e-21 2.0032287e-23
36238068 1.2513858e+17 1.6356353e+09 1.8214308e+09 1e-20 2.3425376e-21 2.0088445e-23
36314576 1.2526372e+17 1.6331839e+09 1.8200514e+09 1e-20 2.3381148e-21 2.0144763e-23
36391275 1.2538898e+17 1.630735e+09 1.818671e+09 1e-20 2.3337023e-21 2.020124e-23
36468166 1.2551437e+17 1.6282885e+09 1.8172896e+09 1e-20 2.3293001e-21 2.0257878e-23
36545250 1.2563988e+17 1.6258444e+09 1.8159072e+09 1e-20 2.3249081e-21 2.0314676e-23
36622526 1.2576552e+17 1.6234028e+09 1.8145238e+09 1e-20 2.3205263e-21 2.0371636e-23
36699997 1.2589129e+17 1.6209636e+09 1.8131393e+09 1e-20 2.3161546e-21 2.0428757e-23
36777661 1.2601718e+17 1.6185268e+09 1.8117538e+09 1e-20 2.3117931e-21 2.048604e-23
36855520 1.261432e+17 1.6160925e+09 1.8103674e+09 1e-20 2.3074417e-21 2.0543486e-23
36933575 1.2626934e+17 1.6136606e+09 1.8089799e+09 1e-20 2.3031004e-21 2.0601095e-23
37011825 1.2639561e+17 1.6112312e+09 1.8075914e+09 1e-20 2.2987691e-21 2.0658868e-23
37090272 1.26522e+17 1.6088042e+09 1.8062019e+09 1e-20 2.2944479e-21 2.0716804e-23
37168915 1.2664853e+17 1.6063797e+09 1.8048115e+09 1e-20 2.2901367e-21 2.0774905e-23
37247756 1.2677518e+17 1.6039576e+09 1.80342e+09 1e-20 2.2858354e-21 2.0833171e-23
37326795 1.2690195e+17 1.6015379e+09 1.8020276e+09 1e-20 2.2815442e-21 2.0891603e-23
37406033 1.2702885e+17 1.5991207e+09 1.8006341e+09 1e-20 2.2772628e-21 2.09502e-23
37485469 1.2715588e+17 1.5967059e+09 1.7992397e+09 1e-20 2.2729914e-21 2.1008964e-23
37565106 1.2728304e+17 1.5942936e+09 1.7978444e+09 1e-20 2.2687299e-21 2.1067895e-23
37644942 1.2741032e+17 1.5918837e+09 1.796448e+09 1e-20 2.2644782e-21 2.1126993e-23
37724980 1.2753773e+17 1.5894762e+09 1.7950507e+09 1e-20 2.2602363e-21 2.1186259e-23
37805219 1.2766527e+17 1.5870712e+09 1.7936524e+09 1e-20 2.2560043e-21 2.1245694e-23
37885659 1.2779293e+17 1.5846686e+09 1.7922532e+09 1e-20 2.251782e-21 2.1305298e-23
37966303 1.2792073e+17 1.5822685e+09 1.790853e+09 1e-20 2.2475695e-21 2.1365071e-23
38047149 1.2804865e+17 1.5798709e+09 1.7894519e+09 1e-20 2.2433668e-21 2.1425014e-23
38128199 1.281767e+17 1.5774756e+09 1.7880498e+09 1e-20 2.2391737e-21 2.1485127e-23
38209453 1.2830487e+17 1.5750828e+09 1.7866468e+09 1e-20 2.2349904e-21 2.1545412e-23
38290913 1.2843318e+17 1.5726925e+09 1.7852428e+09 1e-20 2.2308166e-21 2.1605868e-23
38372577 1.2856161e+17 1.5703046e+09 1.7838379e+09 1e-20 2.2266526e-21 2.1666495e-23
38454448 1.2869017e+17 1.5679192e+09 1.7824321e+09 1e-20 2.2224981e-21 2.1727296e-23
38536525 1.2881886e+17 1.5655362e+09 1.7810253e+09 1e-20 2.2183532e-21 2.1788269e-23
38618809 1.2894768e+17 1.5631556e+09 1.7796176e+09 1e-20 2.2142179e-21 2.1849416e-23
38701301 1.2907663e+17 1.5607775e+09 1.778209e+09 1e-20 2.2100921e-21 2.1910736e-23
38784001 1.2920571e+17 1.5584019e+09 1.7767995e+09 1e-20 2.2059758e-21 2.1972232e-23
38866910 1.2933491e+17 1.5560286e+09 1.775389e+09 1e-20 2.2018691e-21 2.2033902e-23
38950029 1.2946425e+17 1.5536579e+09 1.7739777e+09 1e-20 2.1977717e-21 2.2095748e-23
39033357 1.2959371e+17 1.5512896e+09 1.7725654e+09 1e-20 2.1936839e-21 2.215777e-23
39116897 1.297233e+17 1.5489237e+09 1.7711523e+09 1e-20 2.1896054e-21 2.2219968e-23
39200647 1.2985303e+17 1.5465603e+09 1.7697382e+09 1e-20 2.1855363e-21 2.2282344e-23
39284610 1.2998288e+17 1.5441993e+09 1.7683233e+09 1e-20 2.1814766e-21 2.2344897e-23
39368785 1.3011286e+17 1.5418408e+09 1.7669074e+09 1e-20 2.1774263e-21 2.2407628e-23
39453173 1.3024298e+17 1.5394847e+09 1.7654907e+09 1e-20 2.1733853e-21 2.2470538e-23
39537774 1.3037322e+17 1.537131e+09 1.7640731e+09 1e-20 2.1693535e-21 2.2533628e-23
39622590 1.3050359e+17 1.5347799e+09 1.7626546e+09 1e-20 2.1653311e-21 2.2596897e-23
39707621 1.306341e+17 1.5324311e+09 1.7612352e+09 1e-20 2.1613179e-21 2.2660346e-23
39792867 1.3076473e+17 1.5300848e+09 1.759815e+09 1e-20 2.1573139e-21 2.2723976e-23
39878330 1.3089549e+17 1.527741e+09 1.7583939e+09 1e-20 2.1533191e-21 2.2787788e-23
39964009 1.3102639e+17 1.5253996e+09 1.7569719e+09 1e-20 2.1493335e-21 2.2851781e-23
40049905 1.3115742e+17 1.5230607e+09 1.7555491e+09 1e-20 2.1453571e-21 2.2915957e-23
40136020 1.3128857e+17 1.5207242e+09 1.7541254e+09 1e-20 2.1413898e-21 2.2980315e-23
40222353 1.3141986e+17 1.5183901e+09 1.7527009e+09 1e-20 2.1374316e-21 2.3044858e-23
40308905 1.3155128e+17 1.5160585e+09 1.7512755e+09 1e-20 2.1334825e-21 2.3109584e-23
40395677 1.3168283e+17 1.5137294e+09 1.7498493e+09 1e-20 2.1295424e-21 2.3174495e-23
40482669 1.3181452e+17 1.5114027e+09 1.7484223e+09 1e-20 2.1256114e-21 2.3239591e-23
40569882 1.3194633e+17 1.5090784e+09 1.7469944e+09 1e-20 2.1216895e-21 2.3304873e-23
40657317 1.3207828e+17 1.5067566e+09 1.7455656e+09 1e-20 2.1177765e-21 2.3370341e-23
40744975 1.3221036e+17 1.5044373e+09 1.7441361e+09 1e-20 2.1138725e-21 2.3435996e-23
40832855 1.3234257e+17 1.5021204e+09 1.7427057e+09 1e-20 2.1099774e-21 2.3501838e-23
40920959 1.3247491e+17 1.4998059e+09 1.7412745e+09 1e-20 2.1060913e-21 2.3567868e-23
41009287 1.3260738e+17 1.4974939e+09 1.7398425e+09 1e-20 2.102214e-21 2.3634087e-23
41097840 1.3273999e+17 1.4951844e+09 1.7384096e+09 1e-20 2.0983457e-21 2.3700494e-23
41186618 1.3287273e+17 1.4928773e+09 1.736976e+09 1e-20 2.0944862e-21 2.3767092e-23
41275623 1.330056e+17 1.4905726e+09 1.7355415e+09 1e-20 2.0906356e-21 2.3833879e-23
41364854 1.3313861e+17 1.4882704e+09 1.7341063e+09 1e-20 2.0867937e-21 2.3900857e-23
41454312 1.3327175e+17 1.4859706e+09 1.7326702e+09 1e-20 2.0829607e-21 2.3968026e-23
41543999 1.3340502e+17 1.4836733e+09 1.7312334e+09 1e-20 2.0791364e-21 2.4035388e-23
41633914 1.3353842e+17 1.4813785e+09 1.7297958e+09 1e-20 2.0753209e-21 2.4102941e-23
41724059 1.3367196e+17 1.4790861e+09 1.7283574e+09 1e-20 2.0715141e-21 2.4170688e-23
41814434 1.3380564e+17 1.4767961e+09 1.7269182e+09 1e-20 2.067716e-21 2.4238628e-23
41905039 1.3393944e+17 1.4745086e+09 1.7254782e+09 1e-20 2.0639266e-21 2.4306763e-23
41995876 1.3407338e+17 1.4722235e+09 1.7240374e+09 1e-20 2.0601459e-21 2.4375092e-23
42086944 1.3420745e+17 1.4699409e+09 1.7225959e+09 1e-20 2.0563738e-21 2.4443616e-23
42178246 1.3434166e+17 1.4676608e+09 1.7211536e+09 1e-20 2.0526103e-21 2.4512336e-23
42269780 1.34476e+17 1.465383e+09 1.7197106e+09 1e-20 2.0488554e-21 2.4581253e-23
42361549 1.3461048e+17 1.4631078e+09 1.7182668e+09 1e-20 2.0451091e-21 2.4650367e-23
42453552 1.3474509e+17 1.460835e+09 1.7168222e+09 1e-20 2.0413713e-21 2.4719678e-23
42545790 1.3487983e+17 1.4585646e+09 1.7153769e+09 1e-20 2.0376421e-21 2.4789188e-23
42638265 1.3501471e+17 1.4562967e+09 1.7139308e+09 1e-20 2.0339213e-21 2.4858896e-23
42730976 1.3514973e+17 1.4540312e+09 1.712484e+09 1e-20 2.0302091e-21 2.4928804e-23
42823924 1.3528488e+17 1.4517682e+09 1.7110365e+09 1e-20 2.0265053e-21 2.4998912e-23
42917110 1.3542016e+17 1.4495076e+09 1.7095882e+09 1e-20 2.02281e-21 2.506922e-23
43010535 1.3555558e+17 1.4472495e+09 1.7081392e+09 1e-20 2.019123e-21 2.513973e-23
43104199 1.3569114e+17 1.4449938e+09 1.7066895e+09 1e-20 2.0154445e-21 2.5210441e-23
43198104 1.3582683e+17 1.4427406e+09 1.705239e+09 1e-20 2.0117744e-21 2.5281355e-23
43292249 1.3596266e+17 1.4404898e+09 1.7037878e+09 1e-20 2.0081126e-21 2.5352472e-23
43386635 1.3609862e+17 1.4382414e+09 1.7023359e+09 1e-20 2.0044592e-21 2.5423792e-23
43481264 1.3623472e+17 1.4359955e+09 1.7008833e+09 1e-20 2.0008141e-21 2.5495317e-23
43576135 1.3637095e+17 1.4337521e+09 1.69943e+09 1e-20 1.9971773e-21 2.5567046e-23
43671250 1.3650732e+17 1.4315111e+09 1.697976e+09 1e-20 1.9935487e-21 2.5638981e-23
43766609 1.3664383e+17 1.4292726e+09 1.6965213e+09 1e-20 1.9899284e-21 2.5711122e-23
43862212 1.3678048e+17 1.4270364e+09 1.6950659e+09 1e-20 1.9863164e-21 2.5783469e-23
43958062 1.3691726e+17 1.4248028e+09 1.6936098e+09 1e-20 1.9827125e-21 2.5856024e-23
44054157 1.3705417e+17 1.4225716e+09 1.692153e+09 1e-20 1.9791169e-21 2.5928786e-23
44150500 1.3719123e+17 1.4203428e+09 1.6906955e+09 1e-20 1.9755294e-21 2.6001757e-23
44247090 1.3732842e+17 1.4181165e+09 1.6892374e+09 1e-20 1.97195e-21 2.6074938e-23
44343929 1.3746575e+17 1.4158926e+09 1.6877786e+09 1e-20 1.9683788e-21 2.6148328e-23
44441016 1.3760321e+17 1.4136712e+09 1.6863191e+09 1e-20 1.9648158e-21 2.6221928e-23
44538354 1.3774082e+17 1.4114522e+09 1.6848589e+09 1e-20 1.9612608e-21 2.6295739e-23
44635942 1.3787856e+17 1.4092357e+09 1.6833981e+09 1e-20 1.9577138e-21 2.6369762e-23
44733781 1.3801644e+17 1.4070216e+09 1.6819366e+09 1e-20 1.9541749e-21 2.6443997e-23
44831872 1.3815445e+17 1.4048099e+09 1.6804744e+09 1e-20 1.9506441e-21 2.6518445e-23
44930216 1.3829261e+17 1.4026007e+09 1.6790116e+09 1e-20 1.9471212e-21 2.6593107e-23
45028813 1.384309e+17 1.400394e+09 1.6775482e+09 1e-20 1.9436064e-21 2.6667983e-23
45127665 1.3856933e+17 1.3981897e+09 1.6760841e+09 1e-20 1.9400995e-21 2.6743073e-23
45226771 1.387079e+17 1.3959878e+09 1.6746193e+09 1e-20 1.9366005e-21 2.6818379e-23
45326133 1.3884661e+17 1.3937884e+09 1.673154e+09 1e-20 1.9331095e-21 2.6893901e-23
45425751 1.3898545e+17 1.3915914e+09 1.671688e+09 1e-20 1.9296264e-21 2.696964e-23
45525626 1.3912444e+17 1.3893968e+09 1.6702213e+09 1e-20 1.9261512e-21 2.7045596e-23
45625759 1.3926356e+17 1.3872047e+09 1.6687541e+09 1e-20 1.9226838e-21 2.712177e-23
45726151 1.3940283e+17 1.3850151e+09 1.6672862e+09 1e-20 1.9192243e-21 2.7198163e-23
45826801 1.3954223e+17 1.3828279e+09 1.6658177e+09 1e-20 1.9157727e-21 2.7274776e-23
45927712 1.3968177e+17 1.3806431e+09 1.6643486e+09 1e-20 1.9123288e-21 2.7351608e-23
46028884 1.3982145e+17 1.3784608e+09 1.6628789e+09 1e-20 1.9088927e-21 2.7428661e-23
46130317 1.3996128e+17 1.3762809e+09 1.6614086e+09 1e-20 1.9054644e-21 2.7505935e-23
46232012 1.4010124e+17 1.3741034e+09 1.6599377e+09 1e-20 1.9020438e-21 2.7583431e-23
46333970 1.4024134e+17 1.3719284e+09 1.6584661e+09 1e-20 1.898631e-21 2.7661149e-23
46436192 1.4038158e+17 1.3697558e+09 1.656994e+09 1e-20 1.8952259e-21 2.7739091e-23
46538679 1.4052196e+17 1.3675857e+09 1.6555213e+09 1e-20 1.8918285e-21 2.7817257e-23
46641431 1.4066248e+17 1.365418e+09 1.654048e+09 1e-20 1.8884387e-21 2.7895648e-23
46744449 1.4080314e+17 1.3632527e+09 1.6525742e+09 1e-20 1.8850566e-21 2.7974264e-23
46847733 1.4094395e+17 1.3610899e+09 1.6510997e+09 1e-20 1.8816822e-21 2.8053106e-23
46951286 1.4108489e+17 1.3589295e+09 1.6496247e+09 1e-20 1.8783153e-21 2.8132174e-23
47055106 1.4122598e+17 1.3567716e+09 1.6481491e+09 1e-20 1.8749561e-21 2.821147e-23
47159196 1.413672e+17 1.3546161e+09 1.646673e+09 1e-20 1.8716044e-21 2.8290994e-23
47263556 1.4150857e+17 1.352463e+09 1.6451963e+09 1e-20 1.8682603e-21 2.8370746e-23
47368186 1.4165008e+17 1.3503124e+09 1.643719e+09 1e-20 1.8649237e-21 2.8450728e-23
47473088 1.4179173e+17 1.3481642e+09 1.6422412e+09 1e-20 1.8615946e-21 2.853094e-23
47578262 1.4193352e+17 1.3460184e+09 1.6407628e+09 1e-20 1.8582731e-21 2.8611383e-23
47683709 1.4207545e+17 1.3438751e+09 1.6392839e+09 1e-20 1.854959e-21 2.8692057e-23
47789429 1.4221753e+17 1.3417342e+09 1.6378045e+09 1e-20 1.8516524e-21 2.8772963e-23
47895425 1.4235975e+17 1.3395958e+09 1.6363245e+09 1e-20 1.8483532e-21 2.8854102e-23
48001695 1.4250211e+17 1.3374597e+09 1.6348439e+09 1e-20 1.8450615e-21 2.8935474e-23
48108242 1.4264461e+17 1.3353262e+09 1.6333629e+09 1e-20 1.8417772e-21 2.9017081e-23
48215066 1.4278725e+17 1.333195e+09 1.6318813e+09 1e-20 1.8385002e-21 2.9098923e-23
48322167 1.4293004e+17 1.3310663e+09 1.6303992e+09 1e-20 1.8352306e-21 2.9181e-23
48429548 1.4307297e+17 1.32894e+09 1.6289166e+09 1e-20 1.8319684e-21 2.9263314e-23
48537207 1.4321604e+17 1.3268161e+09 1.6274335e+09 1e-20 1.8287135e-21 2.9345865e-23
48645147 1.4335926e+17 1.3246947e+09 1.6259498e+09 1e-20 1.825466e-21 2.9428653e-23
48753367 1.4350262e+17 1.3225757e+09 1.6244657e+09 1e-20 1.8222257e-21 2.951168e-23
48861870 1.4364612e+17 1.3204591e+09 1.622981e+09 1e-20 1.8189927e-21 2.9594946e-23
48970655 1.4378977e+17 1.318345e+09 1.6214959e+09 1e-20 1.815767e-21 2.9678452e-23
49079723 1.4393356e+17 1.3162333e+09 1.6200102e+09 1e-20 1.8125485e-21 2.9762199e-23
49189076 1.4407749e+17 1.314124e+09 1.6185241e+09 1e-20 1.8093372e-21 2.9846187e-23
49298713 1.4422157e+17 1.3120172e+09 1.6170375e+09 1e-20 1.8061331e-21 2.9930417e-23
49408637 1.4436579e+17 1.3099127e+09 1.6155504e+09 1e-20 1.8029363e-21 3.0014889e-23
49518847 1.4451016e+17 1.3078108e+09 1.6140628e+09 1e-20 1.7997466e-21 3.0099606e-23
49629345 1.4465467e+17 1.3057112e+09 1.6125748e+09 1e-20 1.796564e-21 3.0184566e-23
49740131 1.4479932e+17 1.303614e+09 1.6110863e+09 1e-20 1.7933886e-21 3.0269771e-23
49851206 1.4494412e+17 1.3015193e+09 1.6095973e+09 1e-20 1.7902203e-21 3.0355223e-23
49962572 1.4508906e+17 1.299427e+09 1.6081078e+09 1e-20 1.7870591e-21 3.044092e-23
50074228 1.4523415e+17 1.2973372e+09 1.6066179e+09 1e-20 1.783905e-21 3.0526865e-23
50186176 1.4537939e+17 1.2952497e+09 1.6051276e+09 1e-20 1.7807579e-21 3.0613058e-23
50298416 1.4552477e+17 1.2931647e+09 1.6036368e+09 1e-20 1.7776179e-21 3.0699499e-23
50410950 1.4567029e+17 1.2910821e+09 1.6021455e+09 1e-20 1.7744849e-21 3.078619e-23
50523778 1.4581596e+17 1.289002e+09 1.6006538e+09 1e-20 1.7713589e-21 3.0873131e-23
50636901 1.4596178e+17 1.2869242e+09 1.5991617e+09 1e-20 1.7682399e-21 3.0960323e-23
50750320 1.4610774e+17 1.2848489e+09 1.5976691e+09 1e-20 1.7651279e-21 3.1047767e-23
50864036 1.4625385e+17 1.282776e+09 1.5961761e+09 1e-20 1.7620229e-21 3.1135463e-23
50978050 1.464001e+17 1.2807055e+09 1.5946827e+09 1e-20 1.7589248e-21 3.1223412e-23
51092362 1.465465e+17 1.2786374e+09 1.5931888e+09 1e-20 1.7558336e-21 3.1311615e-23
51206973 1.4669305e+17 1.2765718e+09 1.5916946e+09 1e-20 1.7527493e-21 3.1400073e-23
51321885 1.4683974e+17 1.2745085e+09 1.5901999e+09 1e-20 1.7496719e-21 3.1488786e-23
51437098 1.4698658e+17 1.2724477e+09 1.5887048e+09 1e-20 1.7466014e-21 3.1577756e-23
51552613 1.4713357e+17 1.2703893e+09 1.5872093e+09 1e-20 1.7435378e-21 3.1666982e-23
51668430 1.472807e+17 1.2683334e+09 1.5857134e+09 1e-20 1.7404809e-21 3.1756467e-23
51784552 1.4742798e+17 1.2662798e+09 1.5842171e+09 1e-20 1.7374309e-21 3.1846209e-23
51900978 1.4757541e+17 1.2642286e+09 1.5827204e+09 1e-20 1.7343877e-21 3.1936212e-23
52017709 1.4772298e+17 1.2621799e+09 1.5812233e+09 1e-20 1.7313513e-21 3.2026474e-23
52134747 1.4787071e+17 1.2601336e+09 1.5797259e+09 1e-20 1.7283217e-21 3.2116997e-23
52252093 1.4801858e+17 1.2580897e+09 1.578228e+09 1e-20 1.7252988e-21 3.2207782e-23
52369746 1.481666e+17 1.2560482e+09 1.5767298e+09 1e-20 1.7222826e-21 3.229883e-23
52487708 1.4831476e+17 1.2540091e+09 1.5752312e+09 1e-20 1.7192732e-21 3.239014e-23
52605981 1.4846308e+17 1.2519725e+09 1.5737322e+09 1e-20 1.7162704e-21 3.2481715e-23
52724564 1.4861154e+17 1.2499382e+09 1.5722329e+09 1e-20 1.7132744e-21 3.2573555e-23
52843459 1.4876015e+17 1.2479064e+09 1.5707332e+09 1e-20 1.710285e-21 3.266566e-23
52962667 1.4890891e+17 1.2458769e+09 1.5692331e+09 1e-20 1.7073023e-21 3.2758031e-23
53082189 1.4905782e+17 1.2438499e+09 1.5677327e+09 1e-20 1.7043262e-21 3.285067e-23
53202024 1.4920688e+17 1.2418253e+09 1.5662319e+09 1e-20 1.7013567e-21 3.2943577e-23
53322176 1.4935609e+17 1.2398031e+09 1.5647308e+09 1e-20 1.6983939e-21 3.3036753e-23
53442643 1.4950544e+17 1.2377833e+09 1.5632294e+09 1e-20 1.6954376e-21 3.3130199e-23
53563428 1.4965495e+17 1.2357659e+09 1.5617276e+09 1e-20 1.6924879e-21 3.3223915e-23
53684531 1.498046e+17 1.2337509e+09 1.5602254e+09 1e-20 1.6895447e-21 3.3317902e-23
53805953 1.4995441e+17 1.2317383e+09 1.558723e+09 1e-20 1.6866081e-21 3.3412161e-23
53927695 1.5010436e+17 1.2297281e+09 1.5572202e+09 1e-20 1.683678e-21 3.3506693e-23
54049758 1.5025447e+17 1.2277203e+09 1.5557171e+09 1e-20 1.6807544e-21 3.3601499e-23
54172143 1.5040472e+17 1.2257149e+09 1.5542136e+09 1e-20 1.6778373e-21 3.369658e-23
54294851 1.5055513e+17 1.2237119e+09 1.5527099e+09 1e-20 1.6749266e-21 3.3791936e-23
54417883 1.5070568e+17 1.2217114e+09 1.5512058e+09 1e-20 1.6720225e-21 3.3887568e-23
54541239 1.5085639e+17 1.2197132e+09 1.5497015e+09 1e-20 1.6691247e-21 3.3983478e-23
54664921 1.5100724e+17 1.2177174e+09 1.5481968e+09 1e-20 1.6662334e-21 3.4079665e-23
54788929 1.5115825e+17 1.215724e+09 1.5466918e+09 1e-20 1.6633485e-21 3.4176131e-23
54913265 1.5130941e+17 1.2137331e+09 1.5451865e+09 1e-20 1.66047e-21 3.4272876e-23
55037930 1.5146072e+17 1.2117445e+09 1.543681e+09 1e-20 1.6575979e-21 3.4369902e-23
55162923 1.5161218e+17 1.2097583e+09 1.5421751e+09 1e-20 1.6547321e-21 3.4467209e-23
55288248 1.5176379e+17 1.2077745e+09 1.540669e+09 1e-20 1.6518727e-21 3.4564799e-23
55413904 1.5191555e+17 1.2057931e+09 1.5391626e+09 1e-20 1.6490196e-21 3.4662671e-23
55539892 1.5206747e+17 1.2038141e+09 1.5376559e+09 1e-20 1.6461728e-21 3.4760827e-23
55666213 1.5221954e+17 1.2018375e+09 1.536149e+09 1e-20 1.6433323e-21 3.4859268e-23
55792869 1.5237176e+17 1.1998633e+09 1.5346417e+09 1e-20 1.6404981e-21 3.4957994e-23
55919860 1.5252413e+17 1.1978914e+09 1.5331342e+09 1e-20 1.6376702e-21 3.5057007e-23
56047187 1.5267665e+17 1.195922e+09 1.5316265e+09 1e-20 1.6348485e-21 3.5156307e-23
56174851 1.5282933e+17 1.193955e+09 1.5301185e+09 1e-20 1.632033e-21 3.5255895e-23
56302854 1.5298216e+17 1.1919903e+09 1.5286102e+09 1e-20 1.6292238e-21 3.5355773e-23
56431196 1.5313514e+17 1.1900281e+09 1.5271017e+09 1e-20 1.6264208e-21 3.545594e-23
56559878 1.5328828e+17 1.1880682e+09 1.5255929e+09 1e-20 1.6236239e-21 3.5556397e-23
56688901 1.5344156e+17 1.1861107e+09 1.5240839e+09 1e-20 1.6208333e-21 3.5657147e-23
56818266 1.5359501e+17 1.1841556e+09 1.5225747e+09 1e-20 1.6180488e-21 3.5758189e-23
56947974 1.537486e+17 1.1822029e+09 1.5210652e+09 1e-20 1.6152704e-21 3.5859524e-23
57078027 1.5390235e+17 1.1802525e+09 1.5195556e+09 1e-20 1.6124982e-21 3.5961154e-23
57208425 1.5405625e+17 1.1783046e+09 1.5180456e+09 1e-20 1.6097321e-21 3.6063078e-23
57339169 1.5421031e+17 1.176359e+09 1.5165355e+09 1e-20 1.6069721e-21 3.6165299e-23
57470260 1.5436452e+17 1.1744158e+09 1.5150251e+09 1e-20 1.6042181e-21 3.6267817e-23
57601699 1.5451888e+17 1.172475e+09 1.5135146e+09 1e-20 1.6014703e-21 3.6370633e-23
57733488 1.546734e+17 1.1705366e+09 1.5120038e+09 1e-20 1.5987284e-21 3.6473747e-23
57865627 1.5482808e+17 1.1686005e+09 1.5104928e+09 1e-20 1.5959927e-21 3.6577161e-23
57998117 1.549829e+17 1.1666669e+09 1.5089816e+09 1e-20 1.5932629e-21 3.6680876e-23
58130960 1.5513789e+17 1.1647356e+09 1.5074702e+09 1e-20 1.5905392e-21 3.6784892e-23
58264155 1.5529302e+17 1.1628067e+09 1.5059586e+09 1e-20 1.5878214e-21 3.688921e-23
58397706 1.5544832e+17 1.1608801e+09 1.5044468e+09 1e-20 1.5851097e-21 3.6993832e-23
58531611 1.5560377e+17 1.158956e+09 1.5029349e+09 1e-20 1.5824038e-21 3.7098758e-23
58665873 1.5575937e+17 1.1570342e+09 1.5014227e+09 1e-20 1.579704e-21 3.7203989e-23
58800493 1.5591513e+17 1.1551147e+09 1.4999104e+09 1e-20 1.5770101e-21 3.7309526e-23
58935471 1.5607104e+17 1.1531977e+09 1.4983979e+09 1e-20 1.5743221e-21 3.7415371e-23
59070808 1.5622712e+17 1.151283e+09 1.4968853e+09 1e-20 1.57164e-21 3.7521523e-23
59206507 1.5638334e+17 1.1493707e+09 1.4953724e+09 1e-20 1.5689638e-21 3.7627984e-23
59342567 1.5653973e+17 1.1474608e+09 1.4938594e+09 1e-20 1.5662934e-21 3.7734754e-23
59478989 1.5669627e+17 1.1455532e+09 1.4923463e+09 1e-20 1.5636289e-21 3.7841836e-23
59615776 1.5685296e+17 1.143648e+09 1.490833e+09 1e-20 1.5609703e-21 3.7949229e-23
59752927 1.5700981e+17 1.1417452e+09 1.4893195e+09 1e-20 1.5583175e-21 3.8056935e-23
59890445 1.5716682e+17 1.1398447e+09 1.4878059e+09 1e-20 1.5556706e-21 3.8164954e-23
60028329 1.5732399e+17 1.1379466e+09 1.4862921e+09 1e-20 1.5530294e-21 3.8273288e-23
60166582 1.5748132e+17 1.1360509e+09 1.4847782e+09 1e-20 1.550394e-21 3.8381937e-23
60305203 1.576388e+17 1.1341575e+09 1.4832642e+09 1e-20 1.5477644e-21 3.8490903e-23
60444195 1.5779644e+17 1.1322665e+09 1.48175e+09 1e-20 1.5451406e-21 3.8600186e-23
60583559 1.5795423e+17 1.1303778e+09 1.4802357e+09 1e-20 1.5425225e-21 3.8709787e-23
60723294 1.5811219e+17 1.1284915e+09 1.4787213e+09 1e-20 1.5399101e-21 3.8819708e-23
60863404 1.582703e+17 1.1266076e+09 1.4772068e+09 1e-20 1.5373035e-21 3.8929949e-23
61003888 1.5842857e+17 1.124726e+09 1.4756921e+09 1e-20 1.5347025e-21 3.9040511e-23
61144747 1.58587e+17 1.1228468e+09 1.4741773e+09 1e-20 1.5321073e-21 3.9151395e-23
61285984 1.5874558e+17 1.1209699e+09 1.4726625e+09 1e-20 1.5295177e-21 3.9262603e-23
61427598 1.5890433e+17 1.1190954e+09 1.4711475e+09 1e-20 1.5269338e-21 3.9374135e-23
61569592 1.5906323e+17 1.1172232e+09 1.4696324e+09 1e-20 1.5243555e-21 3.9485991e-23
61711966 1.592223e+17 1.1153534e+09 1.4681172e+09 1e-20 1.5217829e-21 3.9598175e-23
61854721 1.5938152e+17 1.113486e+09 1.4666019e+09 1e-20 1.5192159e-21 3.9710685e-23
61997858 1.595409e+17 1.1116209e+09 1.4650866e+09 1e-20 1.5166545e-21 3.9823523e-23
62141379 1.5970044e+17 1.1097581e+09 1.4635711e+09 1e-20 1.5140987e-21 3.993669e-23
62285285 1.5986014e+17 1.1078977e+09 1.4620556e+09 1e-20 1.5115484e-21 4.0050188e-23
62429576 1.6002e+17 1.1060397e+09 1.46054e+09 1e-20 1.5090038e-21 4.0164017e-23
62574255 1.6018002e+17 1.1041839e+09 1.4590243e+09 1e-20 1.5064646e-21 4.0278177e-23
62719321 1.603402e+17 1.1023306e+09 1.4575085e+09 1e-20 1.5039311e-21 4.0392671e-23
62864777 1.6050054e+17 1.1004796e+09 1.4559927e+09 1e-20 1.501403e-21 4.0507499e-23
63010623 1.6066104e+17 1.0986309e+09 1.4544768e+09 1e-20 1.4988805e-21 4.0622663e-23
63156860 1.608217e+17 1.0967845e+09 1.4529608e+09 1e-20 1.4963634e-21 4.0738162e-23
63303490 1.6098253e+17 1.0949406e+09 1.4514448e+09 1e-20 1.4938519e-21 4.0853999e-23
63450514 1.6114351e+17 1.0930989e+09 1.4499287e+09 1e-20 1.4913458e-21 4.0970173e-23
63597933 1.6130465e+17 1.0912596e+09 1.4484126e+09 1e-20 1.4888452e-21 4.1086687e-23
63745748 1.6146596e+17 1.0894226e+09 1.4468965e+09 1e-20 1.48635e-21 4.1203542e-23
63893961 1.6162742e+17 1.087588e+09 1.4453803e+09 1e-20 1.4838602e-21 4.1320737e-23
64042572 1.6178905e+17 1.0857557e+09 1.443864e+09 1e-20 1.4813759e-21 4.1438275e-23
64191582 1.6195084e+17 1.0839257e+09 1.4423478e+09 1e-20 1.4788969e-21 4.1556157e-23
64340994 1.6211279e+17 1.0820981e+09 1.4408315e+09 1e-20 1.4764234e-21 4.1674383e-23
64490807 1.622749e+17 1.0802728e+09 1.4393152e+09 1e-20 1.4739552e-21 4.1792954e-23
64641024 1.6243718e+17 1.0784498e+09 1.4377988e+09 1e-20 1.4714924e-21 4.1911872e-23
64791645 1.6259961e+17 1.0766291e+09 1.4362824e+09 1e-20 1.469035e-21 4.2031137e-23
64942671 1.6276221e+17 1.0748108e+09 1.4347661e+09 1e-20 1.4665829e-21 4.2150752e-23
65094105 1.6292498e+17 1.0729949e+09 1.4332497e+09 1e-20 1.4641361e-21 4.2270715e-23
65245946 1.630879e+17 1.0711812e+09 1.4317333e+09 1e-20 1.4616946e-21 4.239103e-23
65398196 1.6325099e+17 1.0693699e+09 1.4302169e+09 1e-20 1.4592584e-21 4.2511696e-23
65550857 1.6341424e+17 1.0675609e+09 1.4287005e+09 1e-20 1.4568275e-21 4.2632716e-23
65703930 1.6357765e+17 1.0657542e+09 1.4271841e+09 1e-20 1.4544019e-21 4.2754089e-23
65857415 1.6374123e+17 1.0639498e+09 1.4256677e+09 1e-20 1.4519815e-21 4.2875818e-23
66011315 1.6390497e+17 1.0621478e+09 1.4241513e+09 1e-20 1.4495664e-21 4.2997902e-23
66165629 1.6406888e+17 1.0603481e+09 1.422635e+09 1e-20 1.4471565e-21 4.3120344e-23
66320360 1.6423295e+17 1.0585507e+09 1.4211186e+09 1e-20 1.4447518e-21 4.3243144e-23
66475509 1.6439718e+17 1.0567556e+09 1.4196023e+09 1e-20 1.4423524e-21 4.3366303e-23
66631077 1.6456158e+17 1.0549628e+09 1.418086e+09 1e-20 1.4399581e-21 4.3489823e-23
66787065 1.6472614e+17 1.0531724e+09 1.4165697e+09 1e-20 1.4375691e-21 4.3613705e-23
66943475 1.6489087e+17 1.0513843e+09 1.4150535e+09 1e-20 1.4351851e-21 4.3737949e-23
67100307 1.6505576e+17 1.0495984e+09 1.4135373e+09 1e-20 1.4328064e-21 4.3862557e-23
67257563 1.6522081e+17 1.0478149e+09 1.4120212e+09 1e-20 1.4304328e-21 4.398753e-23
67415244 1.6538603e+17 1.0460337e+09 1.410505e+09 1e-20 1.4280643e-21 4.411287e-23
67573352 1.6555142e+17 1.0442549e+09 1.408989e+09 1e-20 1.425701e-21 4.4238576e-23
67731887 1.6571697e+17 1.0424783e+09 1.407473e+09 1e-20 1.4233427e-21 4.436465e-23
67890852 1.6588269e+17 1.040704e+09 1.405957e+09 1e-20 1.4209896e-21 4.4491094e-23
68050247 1.6604857e+17 1.038932e+09 1.4044411e+09 1e-20 1.4186415e-21 4.4617908e-23
68210073 1.6621462e+17 1.0371624e+09 1.4029253e+09 1e-20 1.4162985e-21 4.4745094e-23
68370332 1.6638083e+17 1.035395e+09 1.4014096e+09 1e-20 1.4139606e-21 4.4872653e-23
68531025 1.6654721e+17 1.03363e+09 1.3998939e+09 1e-20 1.4116277e-21 4.5000586e-23
68692153 1.6671376e+17 1.0318672e+09 1.3983782e+09 1e-20 1.4092998e-21 4.5128893e-23
68853718 1.6688047e+17 1.0301068e+09 1.3968627e+09 1e-20 1.4069769e-21 4.5257577e-23
69015722 1.6704736e+17 1.0283486e+09 1.3953473e+09 1e-20 1.4046591e-21 4.5386639e-23
69178164 1.672144e+17 1.0265928e+09 1.3938319e+09 1e-20 1.4023463e-21 4.5516078e-23
69341047 1.6738162e+17 1.0248392e+09 1.3923166e+09 1e-20 1.4000384e-21 4.5645898e-23
69504372 1.67549e+17 1.023088e+09 1.3908014e+09 1e-20 1.3977355e-21 4.5776098e-23
69668139 1.6771655e+17 1.021339e+09 1.3892863e+09 1e-20 1.3954376e-21 4.590668e-23
69832352 1.6788426e+17 1.0195923e+09 1.3877713e+09 1e-20 1.3931446e-21 4.6037646e-23
69997010 1.6805215e+17 1.017848e+09 1.3862564e+09 1e-20 1.3908566e-21 4.6168995e-23
70162115 1.682202e+17 1.0161059e+09 1.3847416e+09 1e-20 1.3885735e-21 4.630073e-23
70327669 1.6838842e+17 1.0143661e+09 1.383227e+09 1e-20 1.3862953e-21 4.6432852e-23
70493673 1.6855681e+17 1.0126286e+09 1.3817124e+09 1e-20 1.3840219e-21 4.6565362e-23
70660128 1.6872537e+17 1.0108933e+09 1.380198e+09 1e-20 1.3817535e-21 4.669826e-23
70827035 1.6889409e+17 1.0091604e+09 1.3786837e+09 1e-20 1.37949e-21 4.6831549e-23
70994396 1.6906299e+17 1.0074297e+09 1.3771695e+09 1e-20 1.3772313e-21 4.6965229e-23
71162212 1.6923205e+17 1.0057014e+09 1.3756554e+09 1e-20 1.3749775e-21 4.7099302e-23
71330485 1.6940128e+17 1.0039753e+09 1.3741415e+09 1e-20 1.3727285e-21 4.7233769e-23
71499215 1.6957068e+17 1.0022515e+09 1.3726277e+09 1e-20 1.3704843e-21 4.7368631e-23
71668405 1.6974025e+17 1.0005299e+09 1.371114e+09 1e-20 1.368245e-21 4.7503889e-23
71838055 1.6990999e+17 9.9881069e+08 1.3696005e+09 1e-20 1.3660104e-21 4.7639544e-23
72008168 1.700799e+17 9.9709372e+08 1.3680871e+09 1e-20 1.3637807e-21 4.7775598e-23
72178743 1.7024998e+17 9.9537902e+08 1.3665739e+09 1e-20 1.3615557e-21 4.7912052e-23
72349784 1.7042023e+17 9.9366659e+08 1.3650609e+09 1e-20 1.3593355e-21 4.8048906e-23
72521290 1.7059065e+17 9.9195644e+08 1.363548e+09 1e-20 1.3571201e-21 4.8186164e-23
72693264 1.7076124e+17 9.9024856e+08 1.3620352e+09 1e-20 1.3549094e-21 4.8323824e-23
72865707 1.70932e+17 9.8854294e+08 1.3605226e+09 1e-20 1.3527034e-21 4.846189e-23
73038620 1.7110294e+17 9.868396e+08 1.3590102e+09 1e-20 1.3505022e-21 4.8600361e-23
73212005 1.7127404e+17 9.8513853e+08 1.357498e+09 1e-20 1.3483056e-21 4.873924e-23
73385862 1.7144531e+17 9.8343972e+08 1.3559859e+09 1e-20 1.3461138e-21 4.8878527e-23
73560195 1.7161676e+17 9.8174317e+08 1.354474e+09 1e-20 1.3439267e-21 4.9018224e-23
73735003 1.7178838e+17 9.8004889e+08 1.3529623e+09 1e-20 1.3417442e-21 4.9158332e-23
73910288 1.7196016e+17 9.7835687e+08 1.3514508e+09 1e-20 1.3395664e-21 4.9298853e-23
74086053 1.7213212e+17 9.7666712e+08 1.3499395e+09 1e-20 1.3373933e-21 4.9439787e-23
74262297 1.7230426e+17 9.7497962e+08 1.3484283e+09 1e-20 1.3352248e-21 4.9581135e-23
74439023 1.7247656e+17 9.7329438e+08 1.3469174e+09 1e-20 1.3330609e-21 4.97229e-23
74616232 1.7264904e+17 9.716114e+08 1.3454067e+09 1e-20 1.3309017e-21 4.9865082e-23
74793926 1.7282169e+17 9.6993067e+08 1.3438961e+09 1e-20 1.3287471e-21 5.0007682e-23
74972105 1.7299451e+17 9.682522e+08 1.3423858e+09 1e-20 1.326597e-21 5.0150703e-23
75150772 1.731675e+17 9.6657598e+08 1.3408757e+09 1e-20 1.3244516e-21 5.0294145e-23
75329927 1.7334067e+17 9.6490201e+08 1.3393658e+09 1e-20 1.3223107e-21 5.0438009e-23
75509573 1.7351401e+17 9.6323029e+08 1.3378561e+09 1e-20 1.3201744e-21 5.0582297e-23
75689711 1.7368752e+17 9.6156082e+08 1.3363466e+09 1e-20 1.3180427e-21 5.072701e-23
75870342 1.7386121e+17 9.598936e+08 1.3348374e+09 1e-20 1.3159155e-21 5.0872149e-23
76051467 1.7403507e+17 9.5822862e+08 1.3333284e+09 1e-20 1.3137928e-21 5.1017716e-23
76233089 1.7420911e+17 9.5656589e+08 1.3318196e+09 1e-20 1.3116746e-21 5.1163712e-23
76415208 1.7438332e+17 9.5490541e+08 1.330311e+09 1e-20 1.309561e-21 5.1310139e-23
76597827 1.745577e+17 9.5324716e+08 1.3288027e+09 1e-20 1.3074519e-21 5.1456997e-23
76780946 1.7473226e+17 9.5159116e+08 1.3272947e+09 1e-20 1.3053472e-21 5.1604288e-23
76964567 1.7490699e+17 9.4993739e+08 1.3257868e+09 1e-20 1.303247e-21 5.1752013e-23
77148692 1.750819e+17 9.4828586e+08 1.3242793e+09 1e-20 1.3011513e-21 5.1900174e-23
77333321 1.7525698e+17 9.4663657e+08 1.3227719e+09 1e-20 1.2990601e-21 5.2048771e-23
77518458 1.7543224e+17 9.4498951e+08 1.3212649e+09 1e-20 1.2969732e-21 5.2197807e-23
77704103 1.7560767e+17 9.4334469e+08 1.3197581e+09 1e-20 1.2948909e-21 5.2347283e-23
77890257 1.7578328e+17 9.417021e+08 1.3182515e+09 1e-20 1.2928129e-21 5.24972e-23
78076922 1.7595906e+17 9.4006174e+08 1.3167453e+09 1e-20 1.2907394e-21 5.2647559e-23
78264101 1.7613502e+17 9.3842361e+08 1.3152392e+09 1e-20 1.2886702e-21 5.2798361e-23
78451793 1.7631115e+17 9.3678771e+08 1.3137335e+09 1e-20 1.2866055e-21 5.2949609e-23
78640001 1.7648747e+17 9.3515403e+08 1.3122281e+09 1e-20 1.2845451e-21 5.3101303e-23
78828727 1.7666395e+17 9.3352258e+08 1.3107229e+09 1e-20 1.2824891e-21 5.3253445e-23
79017971 1.7684062e+17 9.3189336e+08 1.309218e+09 1e-20 1.2804375e-21 5.3406036e-23
79207736 1.7701746e+17 9.3026635e+08 1.3077134e+09 1e-20 1.2783902e-21 5.3559078e-23
79398023 1.7719447e+17 9.2864157e+08 1.306209e+09 1e-20 1.2763473e-21 5.3712572e-23
79588833 1.7737167e+17 9.27019e+08 1.304705e+09 1e-20 1.2743087e-21 5.3866519e-23
79780169 1.7754904e+17 9.2539866e+08 1.3032013e+09 1e-20 1.2722744e-21 5.402092e-23
79972031 1.7772659e+17 9.2378053e+08 1.3016979e+09 1e-20 1.2702444e-21 5.4175778e-23
80164422 1.7790432e+17 9.2216461e+08 1.3001947e+09 1e-20 1.2682187e-21 5.4331094e-23
80357342 1.7808222e+17 9.2055091e+08 1.2986919e+09 1e-20 1.2661973e-21 5.4486868e-23
80550794 1.782603e+17 9.1893943e+08 1.2971894e+09 1e-20 1.2641801e-21 5.4643102e-23
80744779 1.7843856e+17 9.1733015e+08 1.2956872e+09 1e-20 1.2621673e-21 5.4799799e-23
80939298 1.78617e+17 9.1572308e+08 1.2941853e+09 1e-20 1.2601586e-21 5.4956958e-23
81134354 1.7879562e+17 9.1411822e+08 1.2926837e+09 1e-20 1.2581543e-21 5.5114582e-23
81329947 1.7897441e+17 9.1251557e+08 1.2911825e+09 1e-20 1.2561542e-21 5.5272672e-23
81526080 1.7915339e+17 9.1091512e+08 1.2896816e+09 1e-20 1.2541582e-21 5.543123e-23
81722754 1.7933254e+17 9.0931687e+08 1.288181e+09 1e-20 1.2521666e-21 5.5590256e-23
81919971 1.7951187e+17 9.0772083e+08 1.2866808e+09 1e-20 1.2501791e-21 5.5749753e-23
82117732 1.7969139e+17 9.0612699e+08 1.2851809e+09 1e-20 1.2481958e-21 5.5909721e-23
82316039 1.7987108e+17 9.0453534e+08 1.2836813e+09 1e-20 1.2462167e-21 5.6070163e-23
82514894 1.8005095e+17 9.029459e+08 1.2821821e+09 1e-20 1.2442417e-21 5.623108e-23
82714298 1.80231e+17 9.0135865e+08 1.2806832e+09 1e-20 1.242271e-21 5.6392472e-23
82914253 1.8041123e+17 8.9977359e+08 1.2791846e+09 1e-20 1.2403043e-21 5.6554343e-23
83114760 1.8059164e+17 8.9819073e+08 1.2776865e+09 1e-20 1.2383419e-21 5.6716692e-23
83315822 1.8077223e+17 8.9661006e+08 1.2761886e+09 1e-20 1.2363835e-21 5.6879522e-23
83517439 1.8095301e+17 8.9503158e+08 1.2746912e+09 1e-20 1.2344293e-21 5.7042834e-23
83719614 1.8113396e+17 8.9345529e+08 1.2731941e+09 1e-20 1.2324792e-21 5.7206629e-23
83922348 1.8131509e+17 8.9188119e+08 1.2716973e+09 1e-20 1.2305332e-21 5.737091e-23
84125643 1.8149641e+17 8.9030927e+08 1.270201e+09 1e-20 1.2285913e-21 5.7535677e-23
84329501 1.816779e+17 8.8873953e+08 1.268705e+09 1e-20 1.2266535e-21 5.7700932e-23
84533923 1.8185958e+17 8.8717198e+08 1.2672094e+09 1e-20 1.2247198e-21 5.7866676e-23
84738911 1.8204144e+17 8.8560661e+08 1.2657141e+09 1e-20 1.2227901e-21 5.8032912e-23
84944467 1.8222348e+17 8.8404342e+08 1.2642193e+09 1e-20 1.2208645e-21 5.819964e-23
85150592 1.8240571e+17 8.8248241e+08 1.2627248e+09 1e-20 1.2189429e-21 5.8366862e-23
85357288 1.8258811e+17 8.8092357e+08 1.2612307e+09 1e-20 1.2170254e-21 5.853458e-23
85564557 1.827707e+17 8.7936691e+08 1.2597371e+09 1e-20 1.2151118e-21 5.8702795e-23
85772400 1.8295347e+17 8.7781242e+08 1.2582438e+09 1e-20 1.2132024e-21 5.8871508e-23
85980820 1.8313643e+17 8.7626011e+08 1.2567509e+09 1e-20 1.2112969e-21 5.9040722e-23
86189818 1.8331956e+17 8.7470996e+08 1.2552584e+09 1e-20 1.2093954e-21 5.9210437e-23
86399395 1.8350288e+17 8.7316198e+08 1.2537663e+09 1e-20 1.2074979e-21 5.9380656e-23
86609554 1.8368638e+17 8.7161618e+08 1.2522746e+09 1e-20 1.2056043e-21 5.9551379e-23
86820297 1.8387007e+17 8.7007253e+08 1.2507834e+09 1e-20 1.2037148e-21 5.9722609e-23
87031624 1.8405394e+17 8.6853105e+08 1.2492925e+09 1e-20 1.2018292e-21 5.9894347e-23
87243538 1.8423799e+17 8.6699174e+08 1.2478021e+09 1e-20 1.1999475e-21 6.0066594e-23
87456041 1.8442223e+17 8.6545458e+08 1.2463121e+09 1e-20 1.1980698e-21 6.0239353e-23
87669134 1.8460665e+17 8.6391959e+08 1.2448225e+09 1e-20 1.196196e-21 6.0412624e-23
87882819 1.8479126e+17 8.6238675e+08 1.2433333e+09 1e-20 1.1943262e-21 6.0586409e-23
88097097 1.8497605e+17 8.6085607e+08 1.2418446e+09 1e-20 1.1924602e-21 6.076071e-23
88311972 1.8516103e+17 8.5932755e+08 1.2403563e+09 1e-20 1.1905982e-21 6.0935529e-23
88527444 1.8534619e+17 8.5780117e+08 1.2388684e+09 1e-20 1.18874e-21 6.1110867e-23
88743515 1.8553154e+17 8.5627695e+08 1.237381e+09 1e-20 1.1868858e-21 6.1286725e-23
88960188 1.8571707e+17 8.5475488e+08 1.2358941e+09 1e-20 1.1850354e-21 6.1463105e-23
89177463 1.8590278e+17 8.5323496e+08 1.2344075e+09 1e-20 1.1831889e-21 6.164001e-23
89395343 1.8608869e+17 8.5171719e+08 1.2329214e+09 1e-20 1.1813462e-21 6.1817439e-23
89613829 1.8627478e+17 8.5020156e+08 1.2314358e+09 1e-20 1.1795074e-21 6.1995396e-23
89832924 1.8646105e+17 8.4868807e+08 1.2299507e+09 1e-20 1.1776724e-21 6.2173882e-23
90052629 1.8664751e+17 8.4717673e+08 1.2284659e+09 1e-20 1.1758412e-21 6.2352898e-23
90272946 1.8683416e+17 8.4566753e+08 1.2269817e+09 1e-20 1.1740139e-21 6.2532446e-23
90493877 1.8702099e+17 8.4416047e+08 1.2254979e+09 1e-20 1.1721903e-21 6.2712527e-23
90715424 1.8720801e+17 8.4265554e+08 1.2240146e+09 1e-20 1.1703706e-21 6.2893144e-23
90937588 1.8739522e+17 8.4115276e+08 1.2225317e+09 1e-20 1.1685547e-21 6.3074298e-23
91160372 1.8758262e+17 8.396521e+08 1.2210494e+09 1e-20 1.1667425e-21 6.325599e-23
91383777 1.877702e+17 8.3815358e+08 1.2195675e+09 1e-20 1.1649341e-21 6.3438223e-23
91607806 1.8795797e+17 8.3665719e+08 1.2180861e+09 1e-20 1.1631295e-21 6.3620998e-23
91832459 1.8814593e+17 8.3516293e+08 1.2166051e+09 1e-20 1.1613287e-21 6.3804316e-23
92057740 1.8833407e+17 8.336708e+08 1.2151247e+09 1e-20 1.1595315e-21 6.3988179e-23
92283649 1.8852241e+17 8.3218079e+08 1.2136447e+09 1e-20 1.1577382e-21 6.417259e-23
92510189 1.8871093e+17 8.3069291e+08 1.2121653e+09 1e-20 1.1559485e-21 6.4357549e-23
92737362 1.8889964e+17 8.2920715e+08 1.2106863e+09 1e-20 1.1541626e-21 6.4543059e-23
92965170 1.8908854e+17 8.2772352e+08 1.2092078e+09 1e-20 1.1523804e-21 6.472912e-23
93193614 1.8927763e+17 8.26242e+08 1.2077299e+09 1e-20 1.1506019e-21 6.4915736e-23
93422696 1.8946691e+17 8.247626e+08 1.2062524e+09 1e-20 1.148827e-21 6.5102907e-23
93652419 1.8965637e+17 8.2328532e+08 1.2047755e+09 1e-20 1.1470559e-21 6.5290635e-23
93882785 1.8984603e+17 8.2181015e+08 1.203299e+09 1e-20 1.1452884e-21 6.5478922e-23
94113794 1.9003588e+17 8.203371e+08 1.2018231e+09 1e-20 1.1435246e-21 6.566777e-23
94345450 1.9022591e+17 8.1886616e+08 1.2003477e+09 1e-20 1.1417645e-21 6.585718e-23
94577754 1.9041614e+17 8.1739733e+08 1.1988728e+09 1e-20 1.140008e-21 6.6047154e-23
94810708 1.9060655e+17 8.1593061e+08 1.1973984e+09 1e-20 1.1382552e-21 6.6237695e-23
95044315 1.9079716e+17 8.1446599e+08 1.1959246e+09 1e-20 1.1365059e-21 6.6428802e-23
95278575 1.9098796e+17 8.1300348e+08 1.1944513e+09 1e-20 1.1347604e-21 6.662048e-23
95513492 1.9117895e+17 8.1154307e+08 1.1929785e+09 1e-20 1.1330184e-21 6.6812728e-23
95749066 1.9137013e+17 8.1008477e+08 1.1915062e+09 1e-20 1.13128e-21 6.700555e-23
95985301 1.915615e+17 8.0862856e+08 1.1900345e+09 1e-20 1.1295452e-21 6.7198946e-23
96222198 1.9175306e+17 8.0717446e+08 1.1885634e+09 1e-20 1.1278141e-21 6.7392919e-23
96459759 1.9194481e+17 8.0572245e+08 1.1870927e+09 1e-20 1.1260865e-21 6.758747e-23
96697986 1.9213675e+17 8.0427254e+08 1.1856227e+09 1e-20 1.1243624e-21 6.7782601e-23
96936881 1.9232889e+17 8.0282472e+08 1.1841531e+09 1e-20 1.122642e-21 6.7978314e-23
97176446 1.9252122e+17 8.0137899e+08 1.1826841e+09 1e-20 1.120925e-21 6.8174611e-23
97416683 1.9271374e+17 7.9993535e+08 1.1812157e+09 1e-20 1.1192117e-21 6.8371493e-23
97657595 1.9290646e+17 7.984938e+08 1.1797479e+09 1e-20 1.1175019e-21 6.8568963e-23
97899183 1.9309936e+17 7.9705434e+08 1.1782806e+09 1e-20 1.1157956e-21 6.8767022e-23
98141449 1.9329246e+17 7.9561697e+08 1.1768138e+09 1e-20 1.1140928e-21 6.8965671e-23
98384396 1.9348575e+17 7.9418167e+08 1.1753476e+09 1e-20 1.1123935e-21 6.9164914e-23
98628025 1.9367924e+17 7.9274846e+08 1.173882e+09 1e-20 1.1106978e-21 6.9364751e-23
98872338 1.9387292e+17 7.9131733e+08 1.172417e+09 1e-20 1.1090055e-21 6.9565185e-23
99117339 1.9406679e+17 7.8988828e+08 1.1709526e+09 1e-20 1.1073167e-21 6.9766217e-23
99363028 1.9426086e+17 7.8846131e+08 1.1694887e+09 1e-20 1.1056314e-21 6.9967849e-23
99609407 1.9445512e+17 7.8703641e+08 1.1680254e+09 1e-20 1.1039496e-21 7.0170083e-23
99856480 1.9464957e+17 7.8561358e+08 1.1665627e+09 1e-20 1.1022712e-21 7.0372922e-23
1.0010425e+08 1.9484422e+17 7.8419283e+08 1.1651005e+09 1e-20 1.1005963e-21 7.0576366e-23
1.0035271e+08 1.9503907e+17 7.8277415e+08 1.163639e+09 1e-20 1.0989249e-21 7.0780418e-23
1.0060188e+08 1.9523411e+17 7.8135753e+08 1.1621781e+09 1e-20 1.0972569e-21 7.0985079e-23
1.0085174e+08 1.9542934e+17 7.7994298e+08 1.1607177e+09 1e-20 1.0955923e-21 7.1190352e-23
1.0110231e+08 1.9562477e+17 7.785305e+08 1.159258e+09 1e-20 1.0939311e-21 7.1396238e-23
1.0135358e+08 1.958204e+17 7.7712008e+08 1.1577988e+09 1e-20 1.0922734e-21 7.160274e-23
1.0160557e+08 1.9601622e+17 7.7571173e+08 1.1563403e+09 1e-20 1.090619e-21 7.1809858e-23
1.0185826e+08 1.9621223e+17 7.7430543e+08 1.1548823e+09 1e-20 1.0889681e-21 7.2017596e-23
1.0211166e+08 1.9640844e+17 7.7290119e+08 1.153425e+09 1e-20 1.0873205e-21 7.2225955e-23
1.0236578e+08 1.9660485e+17 7.7149901e+08 1.1519683e+09 1e-20 1.0856763e-21 7.2434937e-23
1.0262062e+08 1.9680146e+17 7.7009888e+08 1.1505122e+09 1e-20 1.0840355e-21 7.2644544e-23
1.0287617e+08 1.9699826e+17 7.6870081e+08 1.1490567e+09 1e-20 1.0823981e-21 7.2854778e-23
1.0313244e+08 1.9719526e+17 7.6730478e+08 1.1476018e+09 1e-20 1.080764e-21 7.306564e-23
1.0338944e+08 1.9739245e+17 7.6591081e+08 1.1461476e+09 1e-20 1.0791333e-21 7.3277133e-23
1.0364716e+08 1.9758985e+17 7.6451889e+08 1.144694e+09 1e-20 1.0775059e-21 7.3489259e-23
1.0390561e+08 1.9778743e+17 7.6312901e+08 1.143241e+09 1e-20 1.0758819e-21 7.370202e-23
1.0416479e+08 1.9798522e+17 7.6174117e+08 1.1417887e+09 1e-20 1.0742611e-21 7.3915417e-23
1.044247e+08 1.9818321e+17 7.6035538e+08 1.1403369e+09 1e-20 1.0726437e-21 7.4129453e-23
1.0468535e+08 1.9838139e+17 7.5897163e+08 1.1388859e+09 1e-20 1.0710296e-21 7.434413e-23
1.0494673e+08 1.9857977e+17 7.5758992e+08 1.1374354e+09 1e-20 1.0694189e-21 7.4559449e-23
1.0520885e+08 1.9877835e+17 7.5621025e+08 1.1359856e+09 1e-20 1.0678114e-21 7.4775413e-23
1.0547171e+08 1.9897713e+17 7.5483262e+08 1.1345365e+09 1e-20 1.0662071e-21 7.4992024e-23
1.0573532e+08 1.9917611e+17 7.5345701e+08 1.133088e+09 1e-20 1.0646062e-21 7.5209283e-23
1.0599967e+08 1.9937528e+17 7.5208344e+08 1.1316401e+09 1e-20 1.0630086e-21 7.5427193e-23
1.0626476e+08 1.9957466e+17 7.5071191e+08 1.1301929e+09 1e-20 1.0614142e-21 7.5645755e-23
1.0653061e+08 1.9977423e+17 7.493424e+08 1.1287463e+09 1e-20 1.059823e-21 7.5864972e-23
1.0679721e+08 1.9997401e+17 7.4797491e+08 1.1273005e+09 1e-20 1.0582351e-21 7.6084846e-23
1.0706457e+08 2.0017398e+17 7.4660946e+08 1.1258552e+09 1e-20 1.0566505e-21 7.6305379e-23
1.0733268e+08 2.0037416e+17 7.4524602e+08 1.1244107e+09 1e-20 1.0550691e-21 7.6526573e-23
1.0760155e+08 2.0057453e+17 7.4388461e+08 1.1229668e+09 1e-20 1.0534909e-21 7.674843e-23
1.0787118e+08 2.007751e+17 7.4252522e+08 1.1215236e+09 1e-20 1.0519159e-21 7.6970951e-23
1.0814157e+08 2.0097588e+17 7.4116785e+08 1.120081e+09 1e-20 1.0503442e-21 7.719414e-23
1.0841273e+08 2.0117686e+17 7.398125e+08 1.1186391e+09 1e-20 1.0487756e-21 7.7417998e-23
1.0868466e+08 2.0137803e+17 7.3845916e+08 1.1171979e+09 1e-20 1.0472102e-21 7.7642527e-23
1.0895736e+08 2.0157941e+17 7.3710783e+08 1.1157574e+09 1e-20 1.0456481e-21 7.786773e-23
1.0923084e+08 2.0178099e+17 7.3575852e+08 1.1143176e+09 1e-20 1.0440891e-21 7.8093608e-23
1.0950509e+08 2.0198277e+17 7.3441121e+08 1.1128784e+09 1e-20 1.0425333e-21 7.8320163e-23
1.0978011e+08 2.0218475e+17 7.3306591e+08 1.1114399e+09 1e-20 1.0409806e-21 7.8547398e-23
1.1005592e+08 2.0238694e+17 7.3172262e+08 1.1100022e+09 1e-20 1.0394311e-21 7.8775315e-23
1.1033251e+08 2.0258933e+17 7.3038134e+08 1.1085651e+09 1e-20 1.0378848e-21 7.9003916e-23
1.1060988e+08 2.0279191e+17 7.2904206e+08 1.1071287e+09 1e-20 1.0363416e-21 7.9233203e-23
1.1088805e+08 2.0299471e+17 7.2770477e+08 1.105693e+09 1e-20 1.0348015e-21 7.9463178e-23
1.11167e+08 2.031977e+17 7.2636949e+08 1.104258e+09 1e-20 1.0332645e-21 7.9693843e-23
1.1144674e+08 2.034009e+17 7.250362e+08 1.1028237e+09 1e-20 1.0317307e-21 7.9925201e-23
1.1172728e+08 2.036043e+17 7.2370491e+08 1.1013901e+09 1e-20 1.0302e-21 8.0157253e-23
1.1200862e+08 2.038079e+17 7.2237562e+08 1.0999573e+09 1e-20 1.0286724e-21 8.0390002e-23
1.1229075e+08 2.0401171e+17 7.2104831e+08 1.0985251e+09 1e-20 1.0271479e-21 8.062345e-23
1.1257369e+08 2.0421572e+17 7.19723e+08 1.0970937e+09 1e-20 1.0256265e-21 8.08576e-23
1.1285743e+08 2.0441994e+17 7.1839968e+08 1.0956629e+09 1e-20 1.0241082e-21 8.1092452e-23
1.1314198e+08 2.0462436e+17 7.1707834e+08 1.0942329e+09 1e-20 1.0225929e-21 8.1328011e-23
1.1342734e+08 2.0482898e+17 7.1575899e+08 1.0928036e+09 1e-20 1.0210808e-21 8.1564277e-23
1.1371351e+08 2.0503381e+17 7.1444162e+08 1.0913751e+09 1e-20 1.0195717e-21 8.1801253e-23
1.140005e+08 2.0523885e+17 7.1312623e+08 1.0899472e+09 1e-20 1.0180656e-21 8.2038941e-23
1.142883e+08 2.0544409e+17 7.1181282e+08 1.0885201e+09 1e-20 1.0165626e-21 8.2277343e-23
1.1457692e+08 2.0564953e+17 7.1050139e+08 1.0870937e+09 1e-20 1.0150626e-21 8.2516462e-23
1.1486636e+08 2.0585518e+17 7.0919193e+08 1.0856681e+09 1e-20 1.0135657e-21 8.2756301e-23
1.1515663e+08 2.0606103e+17 7.0788445e+08 1.0842432e+09 1e-20 1.0120718e-21 8.299686e-23
1.1544772e+08 2.062671e+17 7.0657895e+08 1.082819e+09 1e-20 1.0105809e-21 8.3238142e-23
1.1573965e+08 2.0647336e+17 7.0527541e+08 1.0813956e+09 1e-20 1.009093e-21 8.3480151e-23
1.160324e+08 2.0667984e+17 7.0397384e+08 1.0799729e+09 1e-20 1.0076082e-21 8.3722887e-23
1.1632599e+08 2.0688652e+17 7.0267424e+08 1.078551e+09 1e-20 1.0061263e-21 8.3966353e-23
1.1662042e+08 2.070934e+17 7.013766e+08 1.0771298e+09 1e-20 1.0046474e-21 8.4210552e-23
1.1691569e+08 2.073005e+17 7.0008093e+08 1.0757093e+09 1e-20 1.0031715e-21 8.4455485e-23
1.1721179e+08 2.075078e+17 6.9878722e+08 1.0742896e+09 1e-20 1.0016986e-21 8.4701156e-23
1.1750875e+08 2.077153e+17 6.9749547e+08 1.0728707e+09 1e-20 1.0002287e-21 8.4947566e-23
1.1780655e+08 2.0792302e+17 6.9620568e+08 1.0714525e+09 1e-20 9.9876168e-22 8.5194718e-23
1.181052e+08 2.0813094e+17 6.9491784e+08 1.0700351e+09 1e-20 9.9729766e-22 8.5442613e-23
1.1840471e+08 2.0833907e+17 6.9363196e+08 1.0686185e+09 1e-20 9.9583659e-22 8.5691255e-23
1.1870507e+08 2.0854741e+17 6.9234803e+08 1.0672026e+09 1e-20 9.9437846e-22 8.5940646e-23
1.1900628e+08 2.0875596e+17 6.9106605e+08 1.0657875e+09 1e-20 9.9292326e-22 8.6190788e-23
1.1930836e+08 2.0896472e+17 6.8978602e+08 1.0643731e+09 1e-20 9.91471e-22 8.6441683e-23
1.196113e+08 2.0917368e+17 6.8850794e+08 1.0629595e+09 1e-20 9.9002166e-22 8.6693334e-23
1.1991511e+08 2.0938285e+17 6.872318e+08 1.0615467e+09 1e-20 9.8857523e-22 8.6945742e-23
1.2021979e+08 2.0959224e+17 6.8595761e+08 1.0601347e+09 1e-20 9.8713171e-22 8.7198912e-23
1.2052533e+08 2.0980183e+17 6.8468536e+08 1.0587235e+09 1e-20 9.856911e-22 8.7452844e-23
1.2083175e+08 2.1001163e+17 6.8341505e+08 1.057313e+09 1e-20 9.8425337e-22 8.7707541e-23
1.2113905e+08 2.1022164e+17 6.8214667e+08 1.0559033e+09 1e-20 9.8281854e-22 8.7963006e-23
1.2144723e+08 2.1043186e+17 6.8088024e+08 1.0544944e+09 1e-20 9.8138659e-22 8.8219242e-23
1.2175629e+08 2.106423e+17 6.7961573e+08 1.0530863e+09 1e-20 9.7995752e-22 8.8476249e-23
1.2206623e+08 2.1085294e+17 6.7835316e+08 1.051679e+09 1e-20 9.7853131e-22 8.8734031e-23
1.2237706e+08 2.1106379e+17 6.7709253e+08 1.0502725e+09 1e-20 9.7710796e-22 8.8992591e-23
1.2268878e+08 2.1127485e+17 6.7583382e+08 1.0488668e+09 1e-20 9.7568747e-22 8.9251931e-23
1.230014e+08 2.1148613e+17 6.7457703e+08 1.0474619e+09 1e-20 9.7426983e-22 8.9512052e-23
1.233149e+08 2.1169762e+17 6.7332218e+08 1.0460578e+09 1e-20 9.7285503e-22 8.9772958e-23
1.2362931e+08 2.1190931e+17 6.7206924e+08 1.0446544e+09 1e-20 9.7144306e-22 9.0034652e-23
1.2394462e+08 2.1212122e+17 6.7081823e+08 1.0432519e+09 1e-20 9.7003393e-22 9.0297135e-23
1.2426083e+08 2.1233334e+17 6.6956914e+08 1.0418502e+09 1e-20 9.6862761e-22 9.056041e-23
1.2457795e+08 2.1254568e+17 6.6832196e+08 1.0404493e+09 1e-20 9.6722411e-22 9.0824479e-23
1.2489598e+08 2.1275822e+17 6.670767e+08 1.0390492e+09 1e-20 9.6582342e-22 9.1089345e-23
1.2521492e+08 2.1297098e+17 6.6583336e+08 1.03765e+09 1e-20 9.6442553e-22 9.1355011e-23
1.2553478e+08 2.1318395e+17 6.6459193e+08 1.0362515e+09 1e-20 9.6303043e-22 9.1621479e-23
1.2585555e+08 2.1339714e+17 6.6335241e+08 1.0348539e+09 1e-20 9.6163813e-22 9.1888752e-23
1.2617725e+08 2.1361053e+17 6.621148e+08 1.0334571e+09 1e-20 9.6024861e-22 9.2156832e-23
1.2649987e+08 2.1382414e+17 6.6087909e+08 1.0320611e+09 1e-20 9.5886186e-22 9.2425721e-23
1.2682341e+08 2.1403797e+17 6.5964529e+08 1.0306659e+09 1e-20 9.5747788e-22 9.2695422e-23
1.2714789e+08 2.1425201e+17 6.5841339e+08 1.0292716e+09 1e-20 9.5609667e-22 9.2965938e-23
1.2747329e+08 2.1446626e+17 6.571834e+08 1.0278781e+09 1e-20 9.5471821e-22 9.3237271e-23
1.2779963e+08 2.1468072e+17 6.559553e+08 1.0264854e+09 1e-20 9.533425e-22 9.3509425e-23
1.2812691e+08 2.148954e+17 6.547291e+08 1.0250936e+09 1e-20 9.5196954e-22 9.37824e-23
1.2845513e+08 2.151103e+17 6.535048e+08 1.0237026e+09 1e-20 9.5059932e-22 9.40562e-23
1.287843e+08 2.1532541e+17 6.5228239e+08 1.0223124e+09 1e-20 9.4923182e-22 9.4330828e-23
1.2911441e+08 2.1554074e+17 6.5106188e+08 1.0209231e+09 1e-20 9.4786705e-22 9.4606287e-23
1.2944547e+08 2.1575628e+17 6.4984325e+08 1.0195346e+09 1e-20 9.46505e-22 9.4882578e-23
1.2977748e+08 2.1597203e+17 6.4862652e+08 1.018147e+09 1e-20 9.4514566e-22 9.5159704e-23
1.3011045e+08 2.1618801e+17 6.4741166e+08 1.0167602e+09 1e-20 9.4378903e-22 9.5437668e-23
1.3044438e+08 2.1640419e+17 6.461987e+08 1.0153743e+09 1e-20 9.424351e-22 9.5716473e-23
1.3077926e+08 2.166206e+17 6.4498762e+08 1.0139892e+09 1e-20 9.4108386e-22 9.5996122e-23
1.3111512e+08 2.1683722e+17 6.4377841e+08 1.0126049e+09 1e-20 9.3973531e-22 9.6276616e-23
1.3145194e+08 2.1705406e+17 6.4257109e+08 1.0112216e+09 1e-20 9.3838944e-22 9.6557959e-23
1.3178973e+08 2.1727111e+17 6.4136565e+08 1.009839e+09 1e-20 9.3704624e-22 9.6840153e-23
1.3212849e+08 2.1748838e+17 6.4016208e+08 1.0084574e+09 1e-20 9.3570571e-22 9.7123201e-23
1.3246823e+08 2.1770587e+17 6.3896038e+08 1.0070766e+09 1e-20 9.3436785e-22 9.7407105e-23
1.3280895e+08 2.1792357e+17 6.3776055e+08 1.0056967e+09 1e-20 9.3303264e-22 9.7691869e-23
1.3315065e+08 2.181415e+17 6.365626e+08 1.0043176e+09 1e-20 9.3170008e-22 9.7977495e-23
1.3349334e+08 2.1835964e+17 6.3536651e+08 1.0029394e+09 1e-20 9.3037016e-22 9.8263986e-23
1.3383701e+08 2.18578e+17 6.3417229e+08 1.0015621e+09 1e-20 9.2904288e-22 9.8551344e-23
1.3418168e+08 2.1879658e+17 6.3297994e+08 1.0001856e+09 1e-20 9.2771824e-22 9.8839573e-23
1.3452734e+08 2.1901537e+17 6.3178944e+08 9.9881006e+08 1e-20 9.2639622e-22 9.9128674e-23
1.34874e+08 2.1923439e+17 6.3060081e+08 9.9743536e+08 1e-20 9.2507681e-22 9.9418651e-23
1.3522166e+08 2.1945362e+17 6.2941403e+08 9.9606154e+08 1e-20 9.2376003e-22 9.9709506e-23
1.3557032e+08 2.1967308e+17 6.2822911e+08 9.946886e+08 1e-20 9.2244585e-22 1.0000124e-22
1.3591999e+08 2.1989275e+17 6.2704605e+08 9.9331655e+08 1e-20 9.2113427e-22 1.0029386e-22
1.3627067e+08 2.2011264e+17 6.2586484e+08 9.9194537e+08 1e-20 9.1982528e-22 1.0058737e-22
1.3662237e+08 2.2033276e+17 6.2468548e+08 9.9057509e+08 1e-20 9.1851889e-22 1.0088177e-22
1.3697508e+08 2.2055309e+17 6.2350797e+08 9.892057e+08 1e-20 9.1721507e-22 1.0117706e-22
1.373288e+08 2.2077364e+17 6.2233231e+08 9.8783719e+08 1e-20 9.1591384e-22 1.0147324e-22
1.3768356e+08 2.2099442e+17 6.2115849e+08 9.8646958e+08 1e-20 9.1461518e-22 1.0177032e-22
1.3803933e+08 2.2121541e+17 6.1998652e+08 9.8510287e+08 1e-20 9.1331908e-22 1.0206831e-22
1.3839614e+08 2.2143662e+17 6.1881639e+08 9.8373705e+08 1e-20 9.1202554e-22 1.0236719e-22
1.3875398e+08 2.2165806e+17 6.1764809e+08 9.8237213e+08 1e-20 9.1073456e-22 1.0266699e-22
1.3911285e+08 2.2187972e+17 6.1648164e+08 9.8100811e+08 1e-20 9.0944612e-22 1.0296769e-22
1.3947277e+08 2.221016e+17 6.1531702e+08 9.79645e+08 1e-20 9.0816022e-22 1.032693e-22
1.3983372e+08 2.223237e+17 6.1415424e+08 9.7828279e+08 1e-20 9.0687687e-22 1.0357183e-22
1.4019572e+08 2.2254602e+17 6.1299329e+08 9.7692149e+08 1e-20 9.0559604e-22 1.0387528e-22
1.4055877e+08 2.2276857e+17 6.1183417e+08 9.7556109e+08 1e-20 9.0431773e-22 1.0417965e-22
1.4092287e+08 2.2299134e+17 6.1067687e+08 9.7420161e+08 1e-20 9.0304195e-22 1.0448494e-22
1.4128802e+08 2.2321433e+17 6.0952141e+08 9.7284304e+08 1e-20 9.0176867e-22 1.0479116e-22
1.4165424e+08 2.2343754e+17 6.0836777e+08 9.7148539e+08 1e-20 9.004979e-22 1.0509831e-22
1.4202151e+08 2.2366098e+17 6.0721595e+08 9.7012865e+08 1e-20 8.9922964e-22 1.0540639e-22
1.4238985e+08 2.2388464e+17 6.0606595e+08 9.6877283e+08 1e-20 8.9796387e-22 1.0571541e-22
1.4275926e+08 2.2410853e+17 6.0491777e+08 9.6741793e+08 1e-20 8.9670059e-22 1.0602537e-22
1.4312973e+08 2.2433264e+17 6.0377141e+08 9.6606396e+08 1e-20 8.9543979e-22 1.0633626e-22
1.4350129e+08 2.2455697e+17 6.0262687e+08 9.647109e+08 1e-20 8.9418147e-22 1.066481e-22
1.4387392e+08 2.2478153e+17 6.0148414e+08 9.6335878e+08 1e-20 8.9292562e-22 1.0696089e-22
1.4424763e+08 2.2500631e+17 6.0034322e+08 9.6200758e+08 1e-20 8.9167224e-22 1.0727463e-22
1.4462242e+08 2.2523131e+17 5.9920411e+08 9.6065731e+08 1e-20 8.9042133e-22 1.0758932e-22
1.4499831e+08 2.2545655e+17 5.980668e+08 9.5930798e+08 1e-20 8.8917286e-22 1.0790497e-22
1.4537528e+08 2.25682e+17 5.9693131e+08 9.5795957e+08 1e-20 8.8792685e-22 1.0822158e-22
1.4575335e+08 2.2590768e+17 5.9579761e+08 9.5661211e+08 1e-20 8.8668328e-22 1.0853915e-22
1.4613252e+08 2.2613359e+17 5.9466572e+08 9.5526558e+08 1e-20 8.8544215e-22 1.0885769e-22
1.4651279e+08 2.2635973e+17 5.9353563e+08 9.5391999e+08 1e-20 8.8420345e-22 1.0917719e-22
1.4689417e+08 2.2658608e+17 5.9240734e+08 9.5257534e+08 1e-20 8.8296718e-22 1.0949767e-22
1.4727665e+08 2.2681267e+17 5.9128084e+08 9.5123164e+08 1e-20 8.8173333e-22 1.0981912e-22
1.4766025e+08 2.2703948e+17 5.9015614e+08 9.4988887e+08 1e-20 8.8050189e-22 1.1014154e-22
1.4804496e+08 2.2726652e+17 5.8903323e+08 9.4854706e+08 1e-20 8.7927287e-22 1.1046495e-22
1.4843079e+08 2.2749379e+17 5.8791211e+08 9.4720619e+08 1e-20 8.7804625e-22 1.1078935e-22
1.4881774e+08 2.2772128e+17 5.8679279e+08 9.4586628e+08 1e-20 8.7682203e-22 1.1111473e-22
1.4920582e+08 2.27949e+17 5.8567524e+08 9.4452731e+08 1e-20 8.7560021e-22 1.114411e-22
1.4959502e+08 2.2817695e+17 5.8455949e+08 9.431893e+08 1e-20 8.7438077e-22 1.1176846e-22
1.4998536e+08 2.2840513e+17 5.8344551e+08 9.4185225e+08 1e-20 8.7316372e-22 1.1209682e-22
1.5037684e+08 2.2863354e+17 5.8233332e+08 9.4051615e+08 1e-20 8.7194905e-22 1.1242618e-22
1.5076946e+08 2.2886217e+17 5.812229e+08 9.3918101e+08 1e-20 8.7073674e-22 1.1275654e-22
1.5116322e+08 2.2909103e+17 5.8011427e+08 9.3784683e+08 1e-20 8.6952681e-22 1.1308791e-22
1.5155812e+08 2.2932012e+17 5.7900741e+08 9.3651362e+08 1e-20 8.6831923e-22 1.1342028e-22
1.5195418e+08 2.2954944e+17 5.7790232e+08 9.3518137e+08 1e-20 8.6711401e-22 1.1375367e-22
1.5235139e+08 2.2977899e+17 5.76799e+08 9.3385008e+08 1e-20 8.6591114e-22 1.1408808e-22
1.5274976e+08 2.3000877e+17 5.7569746e+08 9.3251977e+08 1e-20 8.6471062e-22 1.144235e-22
1.5314929e+08 2.3023878e+17 5.7459768e+08 9.3119042e+08 1e-20 8.6351243e-22 1.1475994e-22
1.5354999e+08 2.3046902e+17 5.7349967e+08 9.2986204e+08 1e-20 8.6231658e-22 1.1509741e-22
1.5395185e+08 2.3069949e+17 5.7240342e+08 9.2853464e+08 1e-20 8.6112306e-22 1.1543591e-22
1.5435489e+08 2.3093019e+17 5.7130893e+08 9.2720821e+08 1e-20 8.5993187e-22 1.1577544e-22
1.547591e+08 2.3116112e+17 5.702162e+08 9.2588276e+08 1e-20 8.5874299e-22 1.1611601e-22
1.5516449e+08 2.3139228e+17 5.6912524e+08 9.2455828e+08 1e-20 8.5755642e-22 1.1645761e-22
1.5557107e+08 2.3162367e+17 5.6803603e+08 9.2323479e+08 1e-20 8.5637216e-22 1.1680026e-22
1.5597883e+08 2.3185529e+17 5.6694857e+08 9.2191228e+08 1e-20 8.5519021e-22 1.1714394e-22
1.5638778e+08 2.3208715e+17 5.6586286e+08 9.2059075e+08 1e-20 8.5401055e-22 1.1748868e-22
1.5679793e+08 2.3231924e+17 5.6477891e+08 9.192702e+08 1e-20 8.5283318e-22 1.1783447e-22
1.5720928e+08 2.3255156e+17 5.6369671e+08 9.1795064e+08 1e-20 8.516581e-22 1.1818131e-22
1.5762182e+08 2.3278411e+17 5.6261625e+08 9.1663207e+08 1e-20 8.5048531e-22 1.1852921e-22
1.5803558e+08 2.3301689e+17 5.6153753e+08 9.1531449e+08 1e-20 8.4931478e-22 1.1887818e-22
1.5845054e+08 2.3324991e+17 5.6046056e+08 9.139979e+08 1e-20 8.4814653e-22 1.192282e-22
1.5886671e+08 2.3348316e+17 5.5938534e+08 9.126823e+08 1e-20 8.4698055e-22 1.195793e-22
1.5928411e+08 2.3371664e+17 5.5831185e+08 9.113677e+08 1e-20 8.4581682e-22 1.1993147e-22
1.5970272e+08 2.3395036e+17 5.5724009e+08 9.1005409e+08 1e-20 8.4465536e-22 1.2028471e-22
1.6012256e+08 2.3418431e+17 5.5617008e+08 9.0874148e+08 1e-20 8.4349614e-22 1.2063903e-22
1.6054362e+08 2.3441849e+17 5.5510179e+08 9.0742987e+08 1e-20 8.4233917e-22 1.2099443e-22
1.6096592e+08 2.3465291e+17 5.5403524e+08 9.0611926e+08 1e-20 8.4118443e-22 1.2135092e-22
1.6138945e+08 2.3488756e+17 5.5297042e+08 9.0480966e+08 1e-20 8.4003194e-22 1.2170849e-22
1.6181423e+08 2.3512245e+17 5.5190732e+08 9.0350105e+08 1e-20 8.3888167e-22 1.2206716e-22
1.6224025e+08 2.3535757e+17 5.5084595e+08 9.0219346e+08 1e-20 8.3773363e-22 1.2242693e-22
1.6266751e+08 2.3559293e+17 5.4978631e+08 9.0088687e+08 1e-20 8.365878e-22 1.2278779e-22
1.6309603e+08 2.3582852e+17 5.4872838e+08 8.9958129e+08 1e-20 8.354442e-22 1.2314975e-22
1.635258e+08 2.3606435e+17 5.4767218e+08 8.9827672e+08 1e-20 8.343028e-22 1.2351282e-22
1.6395683e+08 2.3630042e+17 5.466177e+08 8.9697316e+08 1e-20 8.331636e-22 1.23877e-22
1.6438913e+08 2.3653672e+17 5.4556493e+08 8.9567061e+08 1e-20 8.3202661e-22 1.242423e-22
1.6482269e+08 2.3677325e+17 5.4451387e+08 8.9436908e+08 1e-20 8.3089181e-22 1.2460871e-22
1.6525753e+08 2.3701003e+17 5.4346453e+08 8.9306857e+08 1e-20 8.297592e-22 1.2497624e-22
1.6569364e+08 2.3724704e+17 5.424169e+08 8.9176907e+08 1e-20 8.2862878e-22 1.2534489e-22
1.6613103e+08 2.3748429e+17 5.4137098e+08 8.904706e+08 1e-20 8.2750053e-22 1.2571467e-22
1.665697e+08 2.3772177e+17 5.4032676e+08 8.8917314e+08 1e-20 8.2637446e-22 1.2608558e-22
1.6700966e+08 2.3795949e+17 5.3928425e+08 8.8787671e+08 1e-20 8.2525056e-22 1.2645763e-22
1.6745091e+08 2.3819745e+17 5.3824344e+08 8.865813e+08 1e-20 8.2412883e-22 1.2683081e-22
1.6789345e+08 2.3843565e+17 5.3720433e+08 8.8528692e+08 1e-20 8.2300925e-22 1.2720514e-22
1.683373e+08 2.3867408e+17 5.3616692e+08 8.8399356e+08 1e-20 8.2189183e-22 1.2758061e-22
1.6878245e+08 2.3891276e+17 5.3513121e+08 8.8270124e+08 1e-20 8.2077656e-22 1.2795723e-22
1.692289e+08 2.3915167e+17 5.3409719e+08 8.8140994e+08 1e-20 8.1966344e-22 1.28335e-22
1.6967667e+08 2.3939082e+17 5.3306487e+08 8.8011967e+08 1e-20 8.1855245e-22 1.2871393e-22
1.7012576e+08 2.3963021e+17 5.3203423e+08 8.7883044e+08 1e-20 8.174436e-22 1.2909402e-22
1.7057616e+08 2.3986984e+17 5.3100529e+08 8.7754224e+08 1e-20 8.1633689e-22 1.2947527e-22
1.7102789e+08 2.4010971e+17 5.2997803e+08 8.7625508e+08 1e-20 8.1523229e-22 1.2985769e-22
1.7148094e+08 2.4034982e+17 5.2895246e+08 8.7496895e+08 1e-20 8.1412982e-22 1.3024128e-22
1.7193533e+08 2.4059017e+17 5.2792857e+08 8.7368386e+08 1e-20 8.1302947e-22 1.3062604e-22
1.7239106e+08 2.4083076e+17 5.2690637e+08 8.7239981e+08 1e-20 8.1193122e-22 1.3101199e-22
1.7284812e+08 2.4107159e+17 5.2588584e+08 8.7111681e+08 1e-20 8.1083509e-22 1.3139911e-22
1.7330653e+08 2.4131267e+17 5.2486699e+08 8.6983484e+08 1e-20 8.0974105e-22 1.3178742e-22
1.7376629e+08 2.4155398e+17 5.2384982e+08 8.6855392e+08 1e-20 8.0864912e-22 1.3217692e-22
1.7422741e+08 2.4179553e+17 5.2283432e+08 8.6727405e+08 1e-20 8.0755927e-22 1.3256762e-22
1.7468988e+08 2.4203733e+17 5.218205e+08 8.6599522e+08 1e-20 8.0647151e-22 1.3295951e-22
1.7515371e+08 2.4227936e+17 5.2080834e+08 8.6471744e+08 1e-20 8.0538584e-22 1.333526e-22
1.7561891e+08 2.4252164e+17 5.1979785e+08 8.6344071e+08 1e-20 8.0430224e-22 1.337469e-22
1.7608548e+08 2.4276417e+17 5.1878903e+08 8.6216503e+08 1e-20 8.0322072e-22 1.341424e-22
1.7655342e+08 2.4300693e+17 5.1778187e+08 8.6089041e+08 1e-20 8.0214127e-22 1.3453912e-22
1.7702274e+08 2.4324994e+17 5.1677638e+08 8.5961683e+08 1e-20 8.0106388e-22 1.3493706e-22
1.7749345e+08 2.4349319e+17 5.1577255e+08 8.5834432e+08 1e-20 7.9998855e-22 1.3533621e-22
1.7796554e+08 2.4373668e+17 5.1477037e+08 8.5707286e+08 1e-20 7.9891527e-22 1.3573659e-22
1.7843903e+08 2.4398042e+17 5.1376985e+08 8.5580245e+08 1e-20 7.9784405e-22 1.361382e-22
1.7891391e+08 2.442244e+17 5.1277099e+08 8.5453311e+08 1e-20 7.9677487e-22 1.3654104e-22
1.793902e+08 2.4446862e+17 5.1177377e+08 8.5326483e+08 1e-20 7.9570773e-22 1.3694512e-22
1.7986789e+08 2.4471309e+17 5.1077821e+08 8.519976e+08 1e-20 7.9464263e-22 1.3735043e-22
1.8034698e+08 2.449578e+17 5.097843e+08 8.5073144e+08 1e-20 7.9357956e-22 1.3775699e-22
1.808275e+08 2.4520276e+17 5.0879204e+08 8.4946635e+08 1e-20 7.9251851e-22 1.381648e-22
1.8130943e+08 2.4544796e+17 5.0780142e+08 8.4820232e+08 1e-20 7.9145949e-22 1.3857386e-22
1.8179278e+08 2.4569341e+17 5.0681244e+08 8.4693936e+08 1e-20 7.9040249e-22 1.3898417e-22
1.8227756e+08 2.4593911e+17 5.058251e+08 8.4567746e+08 1e-20 7.893475e-22 1.3939575e-22
1.8276378e+08 2.4618504e+17 5.0483941e+08 8.4441664e+08 1e-20 7.8829452e-22 1.3980858e-22
1.8325143e+08 2.4643123e+17 5.0385535e+08 8.4315689e+08 1e-20 7.8724355e-22 1.4022269e-22
1.8374052e+08 2.4667766e+17 5.0287293e+08 8.418982e+08 1e-20 7.8619457e-22 1.4063807e-22
1.8423106e+08 2.4692434e+17 5.0189214e+08 8.4064059e+08 1e-20 7.8514759e-22 1.4105472e-22
1.8472304e+08 2.4717126e+17 5.0091298e+08 8.3938406e+08 1e-20 7.841026e-22 1.4147265e-22
1.8521648e+08 2.4741843e+17 4.9993545e+08 8.381286e+08 1e-20 7.830596e-22 1.4189187e-22
1.8571138e+08 2.4766585e+17 4.9895955e+08 8.3687422e+08 1e-20 7.8201858e-22 1.4231238e-22
1.8620775e+08 2.4791352e+17 4.9798528e+08 8.3562091e+08 1e-20 7.8097953e-22 1.4273417e-22
1.8670558e+08 2.4816143e+17 4.9701263e+08 8.3436869e+08 1e-20 7.7994246e-22 1.4315727e-22
1.8720489e+08 2.4840959e+17 4.960416e+08 8.3311754e+08 1e-20 7.7890736e-22 1.4358166e-22
1.8770567e+08 2.48658e+17 4.9507219e+08 8.3186748e+08 1e-20 7.7787422e-22 1.4400736e-22
1.8820794e+08 2.4890666e+17 4.941044e+08 8.306185e+08 1e-20 7.7684304e-22 1.4443437e-22
1.8871169e+08 2.4915557e+17 4.9313822e+08 8.2937061e+08 1e-20 7.7581382e-22 1.4486269e-22
1.8921694e+08 2.4940472e+17 4.9217366e+08 8.281238e+08 1e-20 7.7478655e-22 1.4529233e-22
1.8972368e+08 2.4965413e+17 4.9121072e+08 8.2687807e+08 1e-20 7.7376122e-22 1.4572329e-22
1.9023192e+08 2.4990378e+17 4.9024938e+08 8.2563344e+08 1e-20 7.7273784e-22 1.4615557e-22
1.9074167e+08 2.5015369e+17 4.8928965e+08 8.2438989e+08 1e-20 7.7171639e-22 1.4658919e-22
1.9125293e+08 2.5040384e+17 4.8833153e+08 8.2314743e+08 1e-20 7.7069688e-22 1.4702414e-22
1.917657e+08 2.5065424e+17 4.8737501e+08 8.2190607e+08 1e-20 7.696793e-22 1.4746042e-22
1.9228e+08 2.509049e+17 4.864201e+08 8.2066579e+08 1e-20 7.6866364e-22 1.4789805e-22
1.9279582e+08 2.511558e+17 4.8546679e+08 8.1942661e+08 1e-20 7.676499e-22 1.4833703e-22
1.9331316e+08 2.5140696e+17 4.8451507e+08 8.1818852e+08 1e-20 7.6663808e-22 1.4877736e-22
1.9383205e+08 2.5165837e+17 4.8356496e+08 8.1695153e+08 1e-20 7.6562817e-22 1.4921904e-22
1.9435247e+08 2.5191002e+17 4.8261643e+08 8.1571564e+08 1e-20 7.6462017e-22 1.4966209e-22
1.9487444e+08 2.5216193e+17 4.816695e+08 8.1448084e+08 1e-20 7.6361407e-22 1.5010649e-22
1.9539796e+08 2.524141e+17 4.8072417e+08 8.1324715e+08 1e-20 7.6260987e-22 1.5055227e-22
1.9592303e+08 2.5266651e+17 4.7978042e+08 8.1201455e+08 1e-20 7.6160757e-22 1.5099942e-22
1.9644966e+08 2.5291918e+17 4.7883826e+08 8.1078305e+08 1e-20 7.6060715e-22 1.5144794e-22
1.9697785e+08 2.531721e+17 4.7789768e+08 8.0955266e+08 1e-20 7.5960862e-22 1.5189785e-22
1.9750761e+08 2.5342527e+17 4.7695869e+08 8.0832337e+08 1e-20 7.5861198e-22 1.5234915e-22
1.9803895e+08 2.5367869e+17 4.7602128e+08 8.0709518e+08 1e-20 7.5761721e-22 1.5280183e-22
1.9857186e+08 2.5393237e+17 4.7508545e+08 8.058681e+08 1e-20 7.5662431e-22 1.5325591e-22
1.9910636e+08 2.541863e+17 4.741512e+08 8.0464213e+08 1e-20 7.5563329e-22 1.5371139e-22
1.9964245e+08 2.5444049e+17 4.7321852e+08 8.0341726e+08 1e-20 7.5464413e-22 1.5416827e-22
2.0018013e+08 2.5469493e+17 4.7228742e+08 8.021935e+08 1e-20 7.5365683e-22 1.5462656e-22
2.0071941e+08 2.5494963e+17 4.7135789e+08 8.0097086e+08 1e-20 7.5267139e-22 1.5508627e-22
2.0126029e+08 2.5520457e+17 4.7042993e+08 7.9974932e+08 1e-20 7.516878e-22 1.5554739e-22
2.0180278e+08 2.5545978e+17 4.6950354e+08 7.9852889e+08 1e-20 7.5070606e-22 1.5600993e-22
2.0234689e+08 2.5571524e+17 4.6857871e+08 7.9730958e+08 1e-20 7.4972616e-22 1.564739e-22
2.0289261e+08 2.5597095e+17 4.6765545e+08 7.9609138e+08 1e-20 7.4874811e-22 1.569393e-22
2.0343996e+08 2.5622693e+17 4.6673375e+08 7.948743e+08 1e-20 7.4777189e-22 1.5740614e-22
2.0398894e+08 2.5648315e+17 4.6581361e+08 7.9365833e+08 1e-20 7.467975e-22 1.5787442e-22
2.0453956e+08 2.5673964e+17 4.6489504e+08 7.9244348e+08 1e-20 7.4582494e-22 1.5834414e-22
2.0509181e+08 2.5699638e+17 4.6397801e+08 7.9122974e+08 1e-20 7.4485421e-22 1.5881531e-22
2.0564571e+08 2.5725337e+17 4.6306254e+08 7.9001713e+08 1e-20 7.4388529e-22 1.5928794e-22
2.0620125e+08 2.5751062e+17 4.6214863e+08 7.8880563e+08 1e-20 7.4291819e-22 1.5976202e-22
2.0675846e+08 2.5776814e+17 4.6123627e+08 7.8759525e+08 1e-20 7.419529e-22 1.6023757e-22
2.0731732e+08 2.580259e+17 4.6032545e+08 7.86386e+08 1e-20 7.4098942e-22 1.6071458e-22
2.0787785e+08 2.5828393e+17 4.5941618e+08 7.8517787e+08 1e-20 7.4002775e-22 1.6119307e-22
2.0844005e+08 2.5854221e+17 4.5850846e+08 7.8397086e+08 1e-20 7.3906787e-22 1.6167304e-22
2.0900393e+08 2.5880076e+17 4.5760228e+08 7.8276498e+08 1e-20 7.3810979e-22 1.6215449e-22
2.0956948e+08 2.5905956e+17 4.5669764e+08 7.8156022e+08 1e-20 7.371535e-22 1.6263742e-22
2.1013673e+08 2.5931862e+17 4.5579455e+08 7.8035659e+08 1e-20 7.36199e-22 1.6312185e-22
2.1070567e+08 2.5957793e+17 4.5489299e+08 7.7915408e+08 1e-20 7.3524628e-22 1.6360777e-22
2.112763e+08 2.5983751e+17 4.5399296e+08 7.7795271e+08 1e-20 7.3429535e-22 1.640952e-22
2.1184864e+08 2.6009735e+17 4.5309447e+08 7.7675246e+08 1e-20 7.3334618e-22 1.6458413e-22
2.1242269e+08 2.6035745e+17 4.5219751e+08 7.7555335e+08 1e-20 7.3239879e-22 1.6507457e-22
2.1299845e+08 2.606178e+17 4.5130208e+08 7.7435536e+08 1e-20 7.3145317e-22 1.6556653e-22
2.1357593e+08 2.6087842e+17 4.5040818e+08 7.731585e+08 1e-20 7.3050931e-22 1.6606001e-22
2.1415513e+08 2.611393e+17 4.495158e+08 7.7196278e+08 1e-20 7.2956722e-22 1.6655502e-22
2.1473607e+08 2.6140044e+17 4.4862495e+08 7.707682e+08 1e-20 7.2862687e-22 1.6705155e-22
2.1531874e+08 2.6166184e+17 4.4773563e+08 7.6957474e+08 1e-20 7.2768828e-22 1.6754962e-22
2.1590315e+08 2.619235e+17 4.4684782e+08 7.6838242e+08 1e-20 7.2675144e-22 1.6804924e-22
2.1648931e+08 2.6218543e+17 4.4596153e+08 7.6719124e+08 1e-20 7.2581635e-22 1.6855039e-22
2.1707722e+08 2.6244761e+17 4.4507676e+08 7.660012e+08 1e-20 7.2488299e-22 1.690531e-22
2.1766689e+08 2.6271006e+17 4.441935e+08 7.6481229e+08 1e-20 7.2395137e-22 1.6955736e-22
2.1825832e+08 2.6297277e+17 4.4331175e+08 7.6362452e+08 1e-20 7.2302148e-22 1.7006318e-22
2.1885152e+08 2.6323574e+17 4.4243152e+08 7.6243789e+08 1e-20 7.2209333e-22 1.7057057e-22
2.1944649e+08 2.6349898e+17 4.4155279e+08 7.612524e+08 1e-20 7.2116689e-22 1.7107953e-22
2.2004325e+08 2.6376248e+17 4.4067557e+08 7.6006806e+08 1e-20 7.2024218e-22 1.7159006e-22
2.2064179e+08 2.6402624e+17 4.3979986e+08 7.5888485e+08 1e-20 7.1931919e-22 1.7210217e-22
2.2124212e+08 2.6429027e+17 4.3892565e+08 7.5770279e+08 1e-20 7.1839791e-22 1.7261587e-22
2.2184425e+08 2.6455456e+17 4.3805294e+08 7.5652187e+08 1e-20 7.1747834e-22 1.7313116e-22
2.2244818e+08 2.6481911e+17 4.3718173e+08 7.553421e+08 1e-20 7.1656048e-22 1.7364805e-22
2.2305393e+08 2.6508393e+17 4.3631202e+08 7.5416347e+08 1e-20 7.1564431e-22 1.7416653e-22
2.2366148e+08 2.6534901e+17 4.354438e+08 7.5298598e+08 1e-20 7.1472985e-22 1.7468662e-22
2.2427086e+08 2.6561436e+17 4.3457708e+08 7.5180965e+08 1e-20 7.1381708e-22 1.7520833e-22
2.2488206e+08 2.6587998e+17 4.3371185e+08 7.5063446e+08 1e-20 7.1290601e-22 1.7573165e-22
2.2549509e+08 2.6614586e+17 4.3284811e+08 7.4946042e+08 1e-20 7.1199662e-22 1.7625659e-22
2.2610996e+08 2.66412e+17 4.3198586e+08 7.4828753e+08 1e-20 7.1108891e-22 1.7678315e-22
2.2672668e+08 2.6667841e+17 4.3112509e+08 7.4711578e+08 1e-20 7.1018289e-22 1.7731135e-22
2.2734524e+08 2.6694509e+17 4.3026581e+08 7.4594519e+08 1e-20 7.0927854e-22 1.7784119e-22
2.2796566e+08 2.6721204e+17 4.2940801e+08 7.4477575e+08 1e-20 7.0837586e-22 1.7837266e-22
2.2858794e+08 2.6747925e+17 4.2855169e+08 7.4360747e+08 1e-20 7.0747485e-22 1.7890579e-22
2.2921209e+08 2.6774673e+17 4.2769685e+08 7.4244033e+08 1e-20 7.0657551e-22 1.7944057e-22
2.2983811e+08 2.6801448e+17 4.2684348e+08 7.4127435e+08 1e-20 7.0567783e-22 1.79977e-22
2.3046601e+08 2.6828249e+17 4.2599159e+08 7.4010953e+08 1e-20 7.047818e-22 1.805151e-22
2.3109579e+08 2.6855077e+17 4.2514117e+08 7.3894585e+08 1e-20 7.0388743e-22 1.8105487e-22
2.3172747e+08 2.6881932e+17 4.2429223e+08 7.3778334e+08 1e-20 7.0299471e-22 1.8159632e-22
2.3236104e+08 2.6908814e+17 4.2344475e+08 7.3662198e+08 1e-20 7.0210364e-22 1.8213944e-22
2.3299651e+08 2.6935723e+17 4.2259874e+08 7.3546178e+08 1e-20 7.0121421e-22 1.8268425e-22
2.3363389e+08 2.6962659e+17 4.217542e+08 7.3430273e+08 1e-20 7.0032642e-22 1.8323075e-22
2.3427319e+08 2.6989622e+17 4.2091112e+08 7.3314485e+08 1e-20 6.9944026e-22 1.8377894e-22
2.3491441e+08 2.7016611e+17 4.200695e+08 7.3198812e+08 1e-20 6.9855574e-22 1.8432884e-22
2.3555756e+08 2.7043628e+17 4.1922934e+08 7.3083255e+08 1e-20 6.9767285e-22 1.8488044e-22
2.3620264e+08 2.7070671e+17 4.1839064e+08 7.2967815e+08 1e-20 6.9679158e-22 1.8543375e-22
2.3684966e+08 2.7097742e+17 4.1755339e+08 7.285249e+08 1e-20 6.9591193e-22 1.8598879e-22
2.3749862e+08 2.712484e+17 4.167176e+08 7.2737282e+08 1e-20 6.950339e-22 1.8654554e-22
2.3814954e+08 2.7151965e+17 4.1588326e+08 7.262219e+08 1e-20 6.9415749e-22 1.8710403e-22
2.3880241e+08 2.7179117e+17 4.1505036e+08 7.2507214e+08 1e-20 6.9328268e-22 1.8766425e-22
2.3945725e+08 2.7206296e+17 4.1421892e+08 7.2392354e+08 1e-20 6.9240949e-22 1.8822621e-22
2.4011406e+08 2.7233502e+17 4.1338893e+08 7.2277611e+08 1e-20 6.915379e-22 1.8878991e-22
2.4077285e+08 2.7260736e+17 4.1256038e+08 7.2162985e+08 1e-20 6.906679e-22 1.8935537e-22
2.4143362e+08 2.7287996e+17 4.1173327e+08 7.2048475e+08 1e-20 6.8979951e-22 1.8992259e-22
2.4209638e+08 2.7315284e+17 4.109076e+08 7.1934082e+08 1e-20 6.889327e-22 1.9049156e-22
2.4276113e+08 2.73426e+17 4.1008337e+08 7.1819805e+08 1e-20 6.8806749e-22 1.9106231e-22
2.4342789e+08 2.7369942e+17 4.0926058e+08 7.1705645e+08 1e-20 6.8720387e-22 1.9163483e-22
2.4409665e+08 2.7397312e+17 4.0843922e+08 7.1591602e+08 1e-20 6.8634182e-22 1.9220912e-22
2.4476743e+08 2.7424709e+17 4.076193e+08 7.1477676e+08 1e-20 6.8548136e-22 1.9278521e-22
2.4544024e+08 2.7452134e+17 4.068008e+08 7.1363867e+08 1e-20 6.8462247e-22 1.9336308e-22
2.4611507e+08 2.7479586e+17 4.0598374e+08 7.1250174e+08 1e-20 6.8376515e-22 1.9394276e-22
2.4679193e+08 2.7507066e+17 4.051681e+08 7.1136599e+08 1e-20 6.829094e-22 1.9452423e-22
2.4747084e+08 2.7534573e+17 4.0435389e+08 7.1023141e+08 1e-20 6.8205522e-22 1.9510751e-22
2.4815179e+08 2.7562107e+17 4.0354111e+08 7.09098e+08 1e-20 6.812026e-22 1.9569261e-22
2.4883479e+08 2.758967e+17 4.0272974e+08 7.0796576e+08 1e-20 6.8035154e-22 1.9627953e-22
2.4951986e+08 2.7617259e+17 4.019198e+08 7.068347e+08 1e-20 6.7950203e-22 1.9686827e-22
2.5020699e+08 2.7644876e+17 4.0111127e+08 7.057048e+08 1e-20 6.7865408e-22 1.9745885e-22
2.508962e+08 2.7672521e+17 4.0030416e+08 7.0457608e+08 1e-20 6.7780767e-22 1.9805126e-22
2.5158749e+08 2.7700194e+17 3.9949847e+08 7.0344854e+08 1e-20 6.7696281e-22 1.9864552e-22
2.5228086e+08 2.7727894e+17 3.9869418e+08 7.0232217e+08 1e-20 6.7611949e-22 1.9924163e-22
2.5297633e+08 2.7755622e+17 3.9789131e+08 7.0119698e+08 1e-20 6.752777e-22 1.9983959e-22
2.536739e+08 2.7783378e+17 3.9708985e+08 7.0007296e+08 1e-20 6.7443746e-22 2.0043942e-22
2.5437357e+08 2.7811161e+17 3.9628979e+08 6.9895012e+08 1e-20 6.7359874e-22 2.0104111e-22
2.5507536e+08 2.7838972e+17 3.9549114e+08 6.9782845e+08 1e-20 6.7276155e-22 2.0164468e-22
2.5577927e+08 2.7866811e+17 3.9469389e+08 6.9670796e+08 1e-20 6.7192589e-22 2.0225013e-22
2.5648531e+08 2.7894678e+17 3.9389804e+08 6.9558865e+08 1e-20 6.7109175e-22 2.0285746e-22
2.5719348e+08 2.7922573e+17 3.9310359e+08 6.9447052e+08 1e-20 6.7025912e-22 2.0346668e-22
2.5790379e+08 2.7950495e+17 3.9231054e+08 6.9335357e+08 1e-20 6.6942801e-22 2.0407781e-22
2.5861625e+08 2.7978446e+17 3.9151889e+08 6.9223779e+08 1e-20 6.6859842e-22 2.0469083e-22
2.5933086e+08 2.8006424e+17 3.9072862e+08 6.911232e+08 1e-20 6.6777033e-22 2.0530577e-22
2.6004763e+08 2.8034431e+17 3.8993976e+08 6.9000978e+08 1e-20 6.6694374e-22 2.0592262e-22
2.6076658e+08 2.8062465e+17 3.8915228e+08 6.8889755e+08 1e-20 6.6611866e-22 2.065414e-22
2.6148769e+08 2.8090527e+17 3.8836619e+08 6.877865e+08 1e-20 6.6529507e-22 2.0716211e-22
2.6221099e+08 2.8118618e+17 3.8758148e+08 6.8667663e+08 1e-20 6.6447298e-22 2.0778475e-22
2.6293648e+08 2.8146737e+17 3.8679816e+08 6.8556794e+08 1e-20 6.6365239e-22 2.0840933e-22
2.6366417e+08 2.8174883e+17 3.8601622e+08 6.8446043e+08 1e-20 6.6283328e-22 2.0903586e-22
2.6439406e+08 2.8203058e+17 3.8523567e+08 6.8335411e+08 1e-20 6.6201565e-22 2.0966434e-22
2.6512616e+08 2.8231261e+17 3.8445649e+08 6.8224896e+08 1e-20 6.6119951e-22 2.1029479e-22
2.6586047e+08 2.8259493e+17 3.8367869e+08 6.8114501e+08 1e-20 6.6038485e-22 2.109272e-22
2.6659701e+08 2.8287752e+17 3.8290226e+08 6.8004223e+08 1e-20 6.5957166e-22 2.1156158e-22
2.6733578e+08 2.831604e+17 3.8212721e+08 6.7894065e+08 1e-20 6.5875994e-22 2.1219795e-22
2.680768e+08 2.8344356e+17 3.8135353e+08 6.7784024e+08 1e-20 6.579497e-22 2.1283629e-22
2.6882005e+08 2.83727e+17 3.8058122e+08 6.7674102e+08 1e-20 6.5714091e-22 2.1347664e-22
2.6956556e+08 2.8401073e+17 3.7981027e+08 6.7564299e+08 1e-20 6.563336e-22 2.1411898e-22
2.7031333e+08 2.8429474e+17 3.790407e+08 6.7454615e+08 1e-20 6.5552774e-22 2.1476332e-22
2.7106337e+08 2.8457903e+17 3.7827248e+08 6.7345049e+08 1e-20 6.5472334e-22 2.1540968e-22
2.7181568e+08 2.8486361e+17 3.7750563e+08 6.7235601e+08 1e-20 6.5392039e-22 2.1605805e-22
2.7257028e+08 2.8514848e+17 3.7674014e+08 6.7126273e+08 1e-20 6.5311889e-22 2.1670845e-22
2.7332716e+08 2.8543363e+17 3.7597601e+08 6.7017063e+08 1e-20 6.5231884e-22 2.1736088e-22
2.7408634e+08 2.8571906e+17 3.7521323e+08 6.6907972e+08 1e-20 6.5152023e-22 2.1801535e-22
2.7484782e+08 2.8600478e+17 3.7445181e+08 6.6799e+08 1e-20 6.5072306e-22 2.1867186e-22
2.7561162e+08 2.8629078e+17 3.7369174e+08 6.6690146e+08 1e-20 6.4992733e-22 2.1933043e-22
2.7637774e+08 2.8657707e+17 3.7293302e+08 6.6581412e+08 1e-20 6.4913303e-22 2.1999105e-22
2.7714618e+08 2.8686365e+17 3.7217566e+08 6.6472796e+08 1e-20 6.4834017e-22 2.2065374e-22
2.7791695e+08 2.8715051e+17 3.7141964e+08 6.63643e+08 1e-20 6.4754873e-22 2.2131849e-22
2.7869007e+08 2.8743766e+17 3.7066496e+08 6.6255922e+08 1e-20 6.4675872e-22 2.2198533e-22
2.7946553e+08 2.877251e+17 3.6991163e+08 6.6147663e+08 1e-20 6.4597013e-22 2.2265425e-22
2.8024335e+08 2.8801283e+17 3.6915964e+08 6.6039524e+08 1e-20 6.4518296e-22 2.2332526e-22
2.8102354e+08 2.8830084e+17 3.6840899e+08 6.5931504e+08 1e-20 6.443972e-22 2.2399836e-22
2.8180609e+08 2.8858914e+17 3.6765968e+08 6.5823602e+08 1e-20 6.4361286e-22 2.2467358e-22
2.8259103e+08 2.8887773e+17 3.669117e+08 6.571582e+08 1e-20 6.4282993e-22 2.253509e-22
2.8337835e+08 2.8916661e+17 3.6616506e+08 6.5608157e+08 1e-20 6.420484e-22 2.2603034e-22
2.8416807e+08 2.8945577e+17 3.6541976e+08 6.5500613e+08 1e-20 6.4126828e-22 2.2671191e-22
2.8496019e+08 2.8974523e+17 3.6467578e+08 6.5393189e+08 1e-20 6.4048956e-22 2.2739561e-22
2.8575472e+08 2.9003498e+17 3.6393313e+08 6.5285884e+08 1e-20 6.3971223e-22 2.2808145e-22
2.8655166e+08 2.9032501e+17 3.6319181e+08 6.5178698e+08 1e-20 6.389363e-22 2.2876943e-22
2.8735103e+08 2.9061534e+17 3.6245182e+08 6.5071631e+08 1e-20 6.3816176e-22 2.2945957e-22
2.8815284e+08 2.9090595e+17 3.6171314e+08 6.4964684e+08 1e-20 6.3738861e-22 2.3015187e-22
2.8895708e+08 2.9119686e+17 3.6097579e+08 6.4857856e+08 1e-20 6.3661685e-22 2.3084633e-22
2.8976378e+08 2.9148805e+17 3.6023976e+08 6.4751147e+08 1e-20 6.3584646e-22 2.3154297e-22
2.9057293e+08 2.9177954e+17 3.5950505e+08 6.4644558e+08 1e-20 6.3507746e-22 2.3224179e-22
2.9138454e+08 2.9207132e+17 3.5877166e+08 6.4538089e+08 1e-20 6.3430983e-22 2.329428e-22
2.9219863e+08 2.9236339e+17 3.5803957e+08 6.4431738e+08 1e-20 6.3354358e-22 2.33646e-22
2.9301519e+08 2.9265576e+17 3.573088e+08 6.4325508e+08 1e-20 6.327787e-22 2.343514e-22
2.9383425e+08 2.9294841e+17 3.5657935e+08 6.4219397e+08 1e-20 6.3201518e-22 2.3505902e-22
2.946558e+08 2.9324136e+17 3.558512e+08 6.4113405e+08 1e-20 6.3125303e-22 2.3576885e-22
2.9547986e+08 2.935346e+17 3.5512435e+08 6.4007533e+08 1e-20 6.3049224e-22 2.364809e-22
2.9630643e+08 2.9382814e+17 3.5439882e+08 6.390178e+08 1e-20 6.2973281e-22 2.3719519e-22
2.9713552e+08 2.9412196e+17 3.5367458e+08 6.3796147e+08 1e-20 6.2897473e-22 2.3791171e-22
2.9796713e+08 2.9441609e+17 3.5295165e+08 6.3690634e+08 1e-20 6.2821801e-22 2.3863048e-22
2.9880129e+08 2.947105e+17 3.5223002e+08 6.358524e+08 1e-20 6.2746264e-22 2.393515e-22
2.9963799e+08 2.9500521e+17 3.5150968e+08 6.3479966e+08 1e-20 6.2670861e-22 2.4007479e-22
3.0047724e+08 2.9530022e+17 3.5079065e+08 6.3374812e+08 1e-20 6.2595593e-22 2.4080033e-22
3.0131905e+08 2.9559552e+17 3.500729e+08 6.3269777e+08 1e-20 6.2520459e-22 2.4152816e-22
3.0216343e+08 2.9589111e+17 3.4935645e+08 6.3164863e+08 1e-20 6.2445459e-22 2.4225827e-22
3.0301039e+08 2.96187e+17 3.4864129e+08 6.3060067e+08 1e-20 6.2370592e-22 2.4299066e-22
3.0385994e+08 2.9648319e+17 3.4792742e+08 6.2955392e+08 1e-20 6.2295859e-22 2.4372535e-22
3.0471208e+08 2.9677968e+17 3.4721483e+08 6.2850836e+08 1e-20 6.2221258e-22 2.4446235e-22
3.0556683e+08 2.9707645e+17 3.4650353e+08 6.27464e+08 1e-20 6.214679e-22 2.4520166e-22
3.0642418e+08 2.9737353e+17 3.4579352e+08 6.2642084e+08 1e-20 6.2072455e-22 2.4594329e-22
3.0728415e+08 2.976709e+17 3.4508478e+08 6.2537888e+08 1e-20 6.1998252e-22 2.4668724e-22
3.0814676e+08 2.9796858e+17 3.4437733e+08 6.2433811e+08 1e-20 6.192418e-22 2.4743354e-22
3.09012e+08 2.9826654e+17 3.4367115e+08 6.2329855e+08 1e-20 6.185024e-22 2.4818217e-22
3.0987988e+08 2.9856481e+17 3.4296625e+08 6.2226018e+08 1e-20 6.1776432e-22 2.4893315e-22
3.1075042e+08 2.9886338e+17 3.4226262e+08 6.2122301e+08 1e-20 6.1702754e-22 2.4968649e-22
3.1162362e+08 2.9916224e+17 3.4156027e+08 6.2018704e+08 1e-20 6.1629207e-22 2.5044219e-22
3.1249948e+08 2.994614e+17 3.4085919e+08 6.1915227e+08 1e-20 6.155579e-22 2.5120027e-22
3.1337803e+08 2.9976086e+17 3.4015937e+08 6.1811869e+08 1e-20 6.1482504e-22 2.5196073e-22
3.1425927e+08 3.0006062e+17 3.3946082e+08 6.1708632e+08 1e-20 6.1409347e-22 2.5272357e-22
3.151432e+08 3.0036068e+17 3.3876354e+08 6.1605514e+08 1e-20 6.133632e-22 2.5348882e-22
3.1602984e+08 3.0066104e+17 3.3806753e+08 6.1502517e+08 1e-20 6.1263422e-22 2.5425646e-22
3.1691919e+08 3.0096171e+17 3.3737277e+08 6.1399639e+08 1e-20 6.1190654e-22 2.5502652e-22
3.1781127e+08 3.0126267e+17 3.3667927e+08 6.1296881e+08 1e-20 6.1118014e-22 2.55799e-22
3.1870607e+08 3.0156393e+17 3.3598704e+08 6.1194244e+08 1e-20 6.1045502e-22 2.565739e-22
3.1960362e+08 3.0186549e+17 3.3529606e+08 6.1091726e+08 1e-20 6.0973119e-22 2.5735124e-22
3.2050392e+08 3.0216736e+17 3.3460633e+08 6.0989328e+08 1e-20 6.0900863e-22 2.5813102e-22
3.2140697e+08 3.0246953e+17 3.3391786e+08 6.088705e+08 1e-20 6.0828736e-22 2.5891325e-22
3.2231279e+08 3.02772e+17 3.3323063e+08 6.0784892e+08 1e-20 6.0756735e-22 2.5969795e-22
3.2322138e+08 3.0307477e+17 3.3254466e+08 6.0682854e+08 1e-20 6.0684862e-22 2.6048511e-22
3.2413277e+08 3.0337784e+17 3.3185993e+08 6.0580936e+08 1e-20 6.0613116e-22 2.6127474e-22
3.2504694e+08 3.0368122e+17 3.3117645e+08 6.0479138e+08 1e-20 6.0541496e-22 2.6206686e-22
3.2596392e+08 3.039849e+17 3.3049422e+08 6.037746e+08 1e-20 6.0470002e-22 2.6286147e-22
3.2688371e+08 3.0428889e+17 3.2981322e+08 6.0275902e+08 1e-20 6.0398634e-22 2.6365857e-22
3.2780632e+08 3.0459318e+17 3.2913347e+08 6.0174464e+08 1e-20 6.0327392e-22 2.6445819e-22
3.2873176e+08 3.0489777e+17 3.2845495e+08 6.0073146e+08 1e-20 6.0256276e-22 2.6526032e-22
3.2966003e+08 3.0520267e+17 3.2777767e+08 5.9971948e+08 1e-20 6.0185285e-22 2.6606498e-22
3.3059116e+08 3.0550787e+17 3.2710163e+08 5.9870871e+08 1e-20 6.0114419e-22 2.6687216e-22
3.3152515e+08 3.0581338e+17 3.2642682e+08 5.9769913e+08 1e-20 6.0043677e-22 2.6768189e-22
3.32462e+08 3.0611919e+17 3.2575324e+08 5.9669075e+08 1e-20 5.997306e-22 2.6849417e-22
3.3340172e+08 3.0642531e+17 3.2508089e+08 5.9568357e+08 1e-20 5.9902567e-22 2.69309e-22
3.3434434e+08 3.0673174e+17 3.2440977e+08 5.9467759e+08 1e-20 5.9832197e-22 2.701264e-22
3.3528984e+08 3.0703847e+17 3.2373988e+08 5.9367281e+08 1e-20 5.9761952e-22 2.7094637e-22
3.3623825e+08 3.0734551e+17 3.230712e+08 5.9266923e+08 1e-20 5.969183e-22 2.7176892e-22
3.3718958e+08 3.0765285e+17 3.2240376e+08 5.9166685e+08 1e-20 5.962183e-22 2.7259406e-22
3.3814383e+08 3.079605e+17 3.2173753e+08 5.9066567e+08 1e-20 5.9551954e-22 2.7342181e-22
3.3910101e+08 3.0826846e+17 3.2107252e+08 5.8966569e+08 1e-20 5.94822e-22 2.7425216e-22
3.4006113e+08 3.0857673e+17 3.2040873e+08 5.8866691e+08 1e-20 5.9412569e-22 2.7508512e-22
3.410242e+08 3.0888531e+17 3.1974615e+08 5.8766933e+08 1e-20 5.9343059e-22 2.7592071e-22
3.4199023e+08 3.0919419e+17 3.1908479e+08 5.8667296e+08 1e-20 5.9273672e-22 2.7675893e-22
3.4295923e+08 3.0950339e+17 3.1842464e+08 5.8567778e+08 1e-20 5.9204405e-22 2.775998e-22
3.4393122e+08 3.0981289e+17 3.177657e+08 5.846838e+08 1e-20 5.913526e-22 2.7844331e-22
3.4490619e+08 3.1012271e+17 3.1710797e+08 5.8369102e+08 1e-20 5.9066237e-22 2.7928948e-22
3.4588416e+08 3.1043283e+17 3.1628835e+08 5.8286253e+08 1e-20 0 2.8013832e-22
3.4686565e+08 3.1074326e+17 3.1547052e+08 5.8203466e+08 1e-20 0 2.8099029e-22
3.4785066e+08 3.11054e+17 3.1465447e+08 5.812061e+08 1e-20 0 2.8184541e-22
3.4883922e+08 3.1136506e+17 3.138402e+08 5.8037687e+08 1e-20 0 2.8270368e-22
3.4983134e+08 3.1167642e+17 3.1302771e+08 5.7954697e+08 1e-20 0 2.8356512e-22
3.5082702e+08 3.119881e+17 3.1221699e+08 5.7871641e+08 1e-20 0 2.8442973e-22
3.5182629e+08 3.1230009e+17 3.1140805e+08 5.778852e+08 1e-20 0 2.8529755e-22
3.5282915e+08 3.1261239e+17 3.1060087e+08 5.7705335e+08 1e-20 0 2.8616856e-22
3.5383563e+08 3.12925e+17 3.0979546e+08 5.7622086e+08 1e-20 0 2.870428e-22
3.5484573e+08 3.1323793e+17 3.0899182e+08 5.7538775e+08 1e-20 0 2.8792026e-22
3.5585947e+08 3.1355116e+17 3.0818995e+08 5.7455402e+08 1e-20 0 2.8880097e-22
3.5687687e+08 3.1386471e+17 3.0738983e+08 5.7371968e+08 1e-20 0 2.8968494e-22
3.5789793e+08 3.1417858e+17 3.0659148e+08 5.7288473e+08 1e-20 0 2.9057217e-22
3.5892268e+08 3.1449276e+17 3.0579488e+08 5.720492e+08 1e-20 0 2.9146269e-22
3.5995112e+08 3.1480725e+17 3.0500004e+08 5.7121308e+08 1e-20 0 2.923565e-22
3.6098327e+08 3.1512206e+17 3.0420695e+08 5.7037638e+08 1e-20 0 2.9325362e-22
3.6201916e+08 3.1543718e+17 3.0341561e+08 5.6953912e+08 1e-20 0 2.9415406e-22
3.6305878e+08 3.1575262e+17 3.0262602e+08 5.6870129e+08 1e-20 0 2.9505783e-22
3.6410215e+08 3.1606837e+17 3.0183818e+08 5.6786292e+08 1e-20 0 2.9596495e-22
3.651493e+08 3.1638444e+17 3.0105208e+08 5.67024e+08 1e-20 0 2.9687542e-22
3.6620023e+08 3.1670082e+17 3.0026772e+08 5.6618455e+08 1e-20 0 2.9778928e-22
3.6725495e+08 3.1701752e+17 2.994851e+08 5.6534457e+08 1e-20 0 2.9870651e-22
3.683135e+08 3.1733454e+17 2.9870422e+08 5.6450407e+08 1e-20 0 2.9962715e-22
3.6937587e+08 3.1765188e+17 2.9792507e+08 5.6366307e+08 1e-20 0 3.005512e-22
3.7044208e+08 3.1796953e+17 2.9714766e+08 5.6282156e+08 1e-20 0 3.0147867e-22
3.7151215e+08 3.182875e+17 2.9637198e+08 5.6197955e+08 1e-20 0 3.0240959e-22
3.725861e+08 3.1860578e+17 2.9559802e+08 5.6113707e+08 1e-20 0 3.0334396e-22
3.7366393e+08 3.1892439e+17 2.9482579e+08 5.602941e+08 1e-20 0 3.0428179e-22
3.7474567e+08 3.1924331e+17 2.9405528e+08 5.5945066e+08 1e-20 0 3.0522311e-22
3.7583133e+08 3.1956256e+17 2.932865e+08 5.5860677e+08 1e-20 0 3.0616792e-22
3.7692092e+08 3.1988212e+17 2.9251943e+08 5.5776242e+08 1e-20 0 3.0711623e-22
3.7801446e+08 3.20202e+17 2.9175408e+08 5.5691762e+08 1e-20 0 3.0806807e-22
3.7911197e+08 3.205222e+17 2.9099044e+08 5.5607239e+08 1e-20 0 3.0902344e-22
3.8021346e+08 3.2084273e+17 2.9022852e+08 5.5522673e+08 1e-20 0 3.0998237e-22
3.8131894e+08 3.2116357e+17 2.8946831e+08 5.5438065e+08 1e-20 0 3.1094485e-22
3.8242843e+08 3.2148473e+17 2.887098e+08 5.5353415e+08 1e-20 0 3.1191092e-22
3.8354196e+08 3.2180622e+17 2.8795299e+08 5.5268725e+08 1e-20 0 3.1288057e-22
3.8465952e+08 3.2212802e+17 2.8719789e+08 5.5183995e+08 1e-20 0 3.1385383e-22
3.8578115e+08 3.2245015e+17 2.8644449e+08 5.5099227e+08 1e-20 0 3.1483071e-22
3.8690684e+08 3.227726e+17 2.8569279e+08 5.501442e+08 1e-20 0 3.1581122e-22
3.8803663e+08 3.2309537e+17 2.8494278e+08 5.4929576e+08 1e-20 0 3.1679538e-22
3.8917053e+08 3.2341847e+17 2.8419447e+08 5.4844696e+08 1e-20 0 3.177832e-22
3.9030855e+08 3.2374189e+17 2.8344784e+08 5.4759779e+08 1e-20 0 3.187747e-22
3.914507e+08 3.2406563e+17 2.8270291e+08 5.4674828e+08 1e-20 0 3.1976989e-22
3.9259702e+08 3.243897e+17 2.8195966e+08 5.4589843e+08 1e-20 0 3.2076879e-22
3.937475e+08 3.2471409e+17 2.8121809e+08 5.4504824e+08 1e-20 0 3.217714e-22
3.9490217e+08 3.250388e+17 2.8047821e+08 5.4419773e+08 1e-20 0 3.2277775e-22
3.9606104e+08 3.2536384e+17 2.7974e+08 5.433469e+08 1e-20 0 3.2378785e-22
3.9722414e+08 3.256892e+17 2.7900347e+08 5.4249576e+08 1e-20 0 3.2480172e-22
3.9839147e+08 3.2601489e+17 2.7826861e+08 5.4164431e+08 1e-20 0 3.2581936e-22
3.9956305e+08 3.2634091e+17 2.7753543e+08 5.4079257e+08 1e-20 0 3.268408e-22
4.007389e+08 3.2666725e+17 2.7680391e+08 5.3994055e+08 1e-20 0 3.2786604e-22
4.0191904e+08 3.2699391e+17 2.7607406e+08 5.3908825e+08 1e-20 0 3.2889511e-22
4.0310348e+08 3.2732091e+17 2.7534587e+08 5.3823567e+08 1e-20 0 3.2992802e-22
4.0429225e+08 3.2764823e+17 2.7461935e+08 5.3738283e+08 1e-20 0 3.3096478e-22
4.0548535e+08 3.2797588e+17 2.7389449e+08 5.3652973e+08 1e-20 0 3.3200541e-22
4.066828e+08 3.2830385e+17 2.7317128e+08 5.3567639e+08 1e-20 0 3.3304993e-22
4.0788462e+08 3.2863216e+17 2.7244973e+08 5.348228e+08 1e-20 0 3.3409834e-22
4.0909084e+08 3.2896079e+17 2.7172983e+08 5.3396899e+08 1e-20 0 3.3515067e-22
4.1030145e+08 3.2928975e+17 2.7101157e+08 5.3311494e+08 1e-20 0 3.3620693e-22
4.1151649e+08 3.2961904e+17 2.7029497e+08 5.3226068e+08 1e-20 0 3.3726714e-22
4.1273597e+08 3.2994866e+17 2.6958001e+08 5.3140621e+08 1e-20 0 3.3833131e-22
4.1395991e+08 3.3027861e+17 2.6886669e+08 5.3055153e+08 1e-20 0 3.3939945e-22
4.1518832e+08 3.3060889e+17 2.6815502e+08 5.2969666e+08 1e-20 0 3.4047159e-22
4.1642122e+08 3.309395e+17 2.6744498e+08 5.288416e+08 1e-20 0 3.4154773e-22
4.1765863e+08 3.3127043e+17 2.6673657e+08 5.2798636e+08 1e-20 0 3.426279e-22
4.1890057e+08 3.3160171e+17 2.660298e+08 5.2713095e+08 1e-20 0 3.4371211e-22
4.2014705e+08 3.3193331e+17 2.6532466e+08 5.2627538e+08 1e-20 0 3.4480037e-22
4.213981e+08 3.3226524e+17 2.6462114e+08 5.2541964e+08 1e-20 0 3.458927e-22
4.2265373e+08 3.3259751e+17 2.6391925e+08 5.2456375e+08 1e-20 0 3.4698913e-22
4.2391395e+08 3.329301e+17 2.6321898e+08 5.2370772e+08 1e-20 0 3.4808965e-22
4.2517879e+08 3.3326303e+17 2.6252034e+08 5.2285156e+08 1e-20 0 3.491943e-22
4.2644827e+08 3.335963e+17 2.6182331e+08 5.2199527e+08 1e-20 0 3.5030308e-22
4.2772239e+08 3.3392989e+17 2.6112789e+08 5.2113885e+08 1e-20 0 3.5141602e-22
4.2900119e+08 3.3426382e+17 2.6043409e+08 5.2028232e+08 1e-20 0 3.5253312e-22
4.3028468e+08 3.3459809e+17 2.597419e+08 5.1942569e+08 1e-20 0 3.5365441e-22
4.3157287e+08 3.3493268e+17 2.5905131e+08 5.1856895e+08 1e-20 0 3.547799e-22
4.3286579e+08 3.3526762e+17 2.5836233e+08 5.1771212e+08 1e-20 0 3.5590961e-22
4.3416346e+08 3.3560288e+17 2.5767496e+08 5.1685521e+08 1e-20 0 3.5704355e-22
4.3546589e+08 3.3593849e+17 2.5698918e+08 5.1599822e+08 1e-20 0 3.5818174e-22
4.3677309e+08 3.3627443e+17 2.56305e+08 5.1514116e+08 1e-20 0 3.5932421e-22
4.380851e+08 3.366107e+17 2.5562242e+08 5.1428404e+08 1e-20 0 3.6047095e-22
4.3940193e+08 3.3694731e+17 2.5494142e+08 5.1342686e+08 1e-20 0 3.61622e-22
4.407236e+08 3.3728426e+17 2.5426202e+08 5.1256964e+08 1e-20 0 3.6277737e-22
4.4205012e+08 3.3762154e+17 2.5358421e+08 5.1171237e+08 1e-20 0 3.6393708e-22
4.4338152e+08 3.3795916e+17 2.5290798e+08 5.1085506e+08 1e-20 0 3.6510113e-22
4.4471781e+08 3.3829712e+17 2.5223333e+08 5.0999773e+08 1e-20 0 3.6626956e-22
4.4605902e+08 3.3863542e+17 2.5156027e+08 5.0914038e+08 1e-20 0 3.6744237e-22
4.4740516e+08 3.3897406e+17 2.5088878e+08 5.0828301e+08 1e-20 0 3.6861959e-22
4.4875625e+08 3.3931303e+17 2.5021886e+08 5.0742564e+08 1e-20 0 3.6980123e-22
4.5011232e+08 3.3965234e+17 2.4955052e+08 5.0656826e+08 1e-20 0 3.7098731e-22
4.5147337e+08 3.39992e+17 2.4888375e+08 5.057109e+08 1e-20 0 3.7217785e-22
4.5283944e+08 3.4033199e+17 2.4821854e+08 5.0485355e+08 1e-20 0 3.7337286e-22
4.5421054e+08 3.4067232e+17 2.475549e+08 5.0399622e+08 1e-20 0 3.7457236e-22
4.5558669e+08 3.4101299e+17 2.4689282e+08 5.0313892e+08 1e-20 0 3.7577637e-22
4.569679e+08 3.41354e+17 2.462323e+08 5.0228165e+08 1e-20 0 3.7698491e-22
4.5835421e+08 3.4169536e+17 2.4557334e+08 5.0142442e+08 1e-20 0 3.78198e-22
4.5974563e+08 3.4203705e+17 2.4491594e+08 5.0056725e+08 1e-20 0 3.7941565e-22
4.6114218e+08 3.4237909e+17 2.4426008e+08 4.9971013e+08 1e-20 0 3.8063788e-22
4.6254388e+08 3.4272147e+17 2.4360578e+08 4.9885307e+08 1e-20 0 3.8186471e-22
4.6395075e+08 3.4306419e+17 2.4295302e+08 4.9799608e+08 1e-20 0 3.8309615e-22
4.6536281e+08 3.4340726e+17 2.423018e+08 4.9713917e+08 1e-20 0 3.8433223e-22
4.6678008e+08 3.4375066e+17 2.4165213e+08 4.9628234e+08 1e-20 0 3.8557297e-22
4.6820258e+08 3.4409441e+17 2.41004e+08 4.9542559e+08 1e-20 0 3.8681838e-22
4.6963034e+08 3.4443851e+17 2.403574e+08 4.9456895e+08 1e-20 0 3.8806847e-22
4.7106336e+08 3.4478295e+17 2.3971234e+08 4.937124e+08 1e-20 0 3.8932328e-22
4.7250168e+08 3.4512773e+17 2.3906881e+08 4.9285597e+08 1e-20 0 3.9058282e-22
4.7394532e+08 3.4547286e+17 2.3842681e+08 4.9199965e+08 1e-20 0 3.918471e-22
4.7539428e+08 3.4581833e+17 2.3778633e+08 4.9114346e+08 1e-20 0 3.9311614e-22
4.7684861e+08 3.4616415e+17 2.3714738e+08 4.9028739e+08 1e-20 0 3.9438997e-22
4.7830831e+08 3.4651031e+17 2.3650995e+08 4.8943146e+08 1e-20 0 3.956686e-22
4.7977341e+08 3.4685682e+17 2.3587404e+08 4.8857567e+08 1e-20 0 3.9695206e-22
4.8124392e+08 3.4720368e+17 2.3523964e+08 4.8772003e+08 1e-20 0 3.9824035e-22
4.8271988e+08 3.4755088e+17 2.3460676e+08 4.8686454e+08 1e-20 0 3.9953351e-22
4.842013e+08 3.4789843e+17 2.3397539e+08 4.8600922e+08 1e-20 0 4.0083154e-22
4.856882e+08 3.4824633e+17 2.3334552e+08 4.8515406e+08 1e-20 0 4.0213447e-22
4.8718061e+08 3.4859458e+17 2.3271717e+08 4.8429908e+08 1e-20 0 4.0344232e-22
4.8867854e+08 3.4894317e+17 2.3209031e+08 4.8344428e+08 1e-20 0 4.047551e-22
4.9018202e+08 3.4929212e+17 2.3146496e+08 4.8258967e+08 1e-20 0 4.0607285e-22
4.9169107e+08 3.4964141e+17 2.3084111e+08 4.8173525e+08 1e-20 0 4.0739556e-22
4.9320571e+08 3.4999105e+17 2.3021875e+08 4.8088103e+08 1e-20 0 4.0872328e-22
4.9472597e+08 3.5034104e+17 2.2959788e+08 4.8002701e+08 1e-20 0 4.10056e-22
4.9625185e+08 3.5069138e+17 2.289785e+08 4.7917321e+08 1e-20 0 4.1139377e-22
4.977834e+08 3.5104207e+17 2.2836062e+08 4.7831963e+08 1e-20 0 4.1273659e-22
4.9932063e+08 3.5139312e+17 2.2774421e+08 4.7746627e+08 1e-20 0 4.1408448e-22
5.0086356e+08 3.5174451e+17 2.2712929e+08 4.7661314e+08 1e-20 0 4.1543747e-22
5.0241221e+08 3.5209625e+17 2.2651585e+08 4.7576025e+08 1e-20 0 4.1679557e-22
5.0396661e+08 3.5244835e+17 2.2590389e+08 4.7490761e+08 1e-20 0 4.1815881e-22
5.0552678e+08 3.528008e+17 2.252934e+08 4.7405521e+08 1e-20 0 4.195272e-22
5.0709274e+08 3.531536e+17 2.2468438e+08 4.7320307e+08 1e-20 0 4.2090077e-22
5.0866452e+08 3.5350675e+17 2.2407684e+08 4.7235119e+08 1e-20 0 4.2227953e-22
5.1024213e+08 3.5386026e+17 2.2347076e+08 4.7149958e+08 1e-20 0 4.2366351e-22
5.1182561e+08 3.5421412e+17 2.2286614e+08 4.7064824e+08 1e-20 0 4.2505273e-22
5.1341496e+08 3.5456833e+17 2.2226299e+08 4.6979719e+08 1e-20 0 4.2644721e-22
5.1501023e+08 3.549229e+17 2.216613e+08 4.6894641e+08 1e-20 0 4.2784696e-22
5.1661142e+08 3.5527782e+17 2.2106106e+08 4.6809593e+08 1e-20 0 4.2925202e-22
5.1821857e+08 3.556331e+17 2.2046228e+08 4.6724575e+08 1e-20 0 4.3066239e-22
5.198317e+08 3.5598874e+17 2.1986494e+08 4.6639588e+08 1e-20 0 4.3207811e-22
5.2145082e+08 3.5634472e+17 2.1926906e+08 4.6554631e+08 1e-20 0 4.3349919e-22
5.2307597e+08 3.5670107e+17 2.1867462e+08 4.6469706e+08 1e-20 0 4.3492565e-22
5.2470717e+08 3.5705777e+17 2.1808163e+08 4.6384813e+08 1e-20 0 4.3635752e-22
5.2634443e+08 3.5741483e+17 2.1749008e+08 4.6299952e+08 1e-20 0 4.3779481e-22
5.2798779e+08 3.5777224e+17 2.1689997e+08 4.6215125e+08 1e-20 0 4.3923755e-22
5.2963727e+08 3.5813002e+17 2.1631129e+08 4.6130332e+08 1e-20 0 4.4068576e-22
5.312929e+08 3.5848815e+17 2.1572405e+08 4.6045573e+08 1e-20 0 4.4213947e-22
5.3295469e+08 3.5884663e+17 2.1513823e+08 4.596085e+08 1e-20 0 4.4359868e-22
5.3462267e+08 3.5920548e+17 2.1455385e+08 4.5876162e+08 1e-20 0 4.4506343e-22
5.3629687e+08 3.5956469e+17 2.1397089e+08 4.579151e+08 1e-20 0 4.4653373e-22
5.379773e+08 3.5992425e+17 2.1338935e+08 4.5706895e+08 1e-20 0 4.4800962e-22
5.3966401e+08 3.6028417e+17 2.1280923e+08 4.5622317e+08 1e-20 0 4.494911e-22
5.41357e+08 3.6064446e+17 2.1223053e+08 4.5537777e+08 1e-20 0 4.509782e-22
5.430563e+08 3.610051e+17 2.1165325e+08 4.5453276e+08 1e-20 0 4.5247095e-22
5.4476195e+08 3.6136611e+17 2.1107738e+08 4.5368814e+08 1e-20 0 4.5396937e-22
5.4647395e+08 3.6172747e+17 2.1050292e+08 4.5284391e+08 1e-20 0 4.5547347e-22
5.4819235e+08 3.620892e+17 2.0992986e+08 4.5200008e+08 1e-20 0 4.5698329e-22
5.4991716e+08 3.6245129e+17 2.0935821e+08 4.5115666e+08 1e-20 0 4.5849884e-22
5.5164841e+08 3.6281374e+17 2.0878797e+08 4.5031365e+08 1e-20 0 4.6002015e-22
5.5338612e+08 3.6317656e+17 2.0821912e+08 4.4947106e+08 1e-20 0 4.6154724e-22
5.5513033e+08 3.6353973e+17 2.0765167e+08 4.4862889e+08 1e-20 0 4.6308013e-22
5.5688105e+08 3.6390327e+17 2.0708561e+08 4.4778715e+08 1e-20 0 4.6461884e-22
5.5863831e+08 3.6426718e+17 2.0652095e+08 4.4694585e+08 1e-20 0 4.6616341e-22
5.6040213e+08 3.6463144e+17 2.0595767e+08 4.4610498e+08 1e-20 0 4.6771384e-22
5.6217255e+08 3.6499607e+17 2.0539578e+08 4.4526456e+08 1e-20 0 4.6927017e-22
5.6394959e+08 3.6536107e+17 2.0483528e+08 4.4442458e+08 1e-20 0 4.7083242e-22
5.6573327e+08 3.6572643e+17 2.0427615e+08 4.4358507e+08 1e-20 0 4.7240061e-22
5.6752363e+08 3.6609216e+17 2.0371841e+08 4.4274601e+08 1e-20 0 4.7397477e-22
5.6932068e+08 3.6645825e+17 2.0316204e+08 4.4190742e+08 1e-20 0 4.7555491e-22
5.7112445e+08 3.6682471e+17 2.0260704e+08 4.410693e+08 1e-20 0 4.7714106e-22
5.7293497e+08 3.6719153e+17 2.0205342e+08 4.4023165e+08 1e-20 0 4.7873325e-22
5.7475227e+08 3.6755872e+17 2.0150116e+08 4.3939449e+08 1e-20 0 4.803315e-22
5.7657637e+08 3.6792628e+17 2.0095027e+08 4.3855781e+08 1e-20 0 4.8193584e-22
5.7840731e+08 3.6829421e+17 2.0040075e+08 4.3772162e+08 1e-20 0 4.8354628e-22
5.8024509e+08 3.686625e+17 1.9985258e+08 4.3688594e+08 1e-20 0 4.8516285e-22
5.8208977e+08 3.6903117e+17 1.9930577e+08 4.3605075e+08 1e-20 0 4.8678558e-22
5.8394135e+08 3.694002e+17 1.9876032e+08 4.3521607e+08 1e-20 0 4.8841449e-22
5.8579987e+08 3.697696e+17 1.9821622e+08 4.343819e+08 1e-20 0 4.9004961e-22
5.8766536e+08 3.7013937e+17 1.9767347e+08 4.3354824e+08 1e-20 0 4.9169095e-22
5.8953784e+08 3.7050951e+17 1.9713207e+08 4.3271511e+08 1e-20 0 4.9333855e-22
5.9141733e+08 3.7088002e+17 1.9659201e+08 4.3188251e+08 1e-20 0 4.9499243e-22
5.9330388e+08 3.712509e+17 1.9605329e+08 4.3105044e+08 1e-20 0 4.9665261e-22
5.951975e+08 3.7162215e+17 1.9551592e+08 4.302189e+08 1e-20 0 4.9831912e-22
5.9709823e+08 3.7199377e+17 1.9497988e+08 4.293879e+08 1e-20 0 4.9999199e-22
5.9900609e+08 3.7236576e+17 1.9444518e+08 4.2855746e+08 1e-20 0 5.0167123e-22
6.009211e+08 3.7273813e+17 1.9391181e+08 4.2772756e+08 1e-20 0 5.0335688e-22
6.0284331e+08 3.7311087e+17 1.9337976e+08 4.2689822e+08 1e-20 0 5.0504895e-22
6.0477273e+08 3.7348398e+17 1.9284905e+08 4.2606944e+08 1e-20 0 5.0674748e-22
6.0670939e+08 3.7385746e+17 1.9231966e+08 4.2524122e+08 1e-20 0 5.0845249e-22
6.0865333e+08 3.7423132e+17 1.9179159e+08 4.2441357e+08 1e-20 0 5.1016401e-22
6.1060457e+08 3.7460555e+17 1.9126484e+08 4.235865e+08 1e-20 0 5.1188206e-22
6.1256314e+08 3.7498016e+17 1.9073941e+08 4.2276001e+08 1e-20 0 5.1360666e-22
6.1452907e+08 3.7535514e+17 1.9021529e+08 4.219341e+08 1e-20 0 5.1533785e-22
6.1650239e+08 3.7573049e+17 1.8969248e+08 4.2110879e+08 1e-20 0 5.1707565e-22
6.1848312e+08 3.7610622e+17 1.8917099e+08 4.2028406e+08 1e-20 0 5.1882009e-22
6.204713e+08 3.7648233e+17 1.8865079e+08 4.1945993e+08 1e-20 0 5.2057118e-22
6.2246696e+08 3.7685881e+17 1.8813191e+08 4.1863641e+08 1e-20 0 5.2232897e-22
6.2447012e+08 3.7723567e+17 1.8761432e+08 4.1781349e+08 1e-20 0 5.2409347e-22
6.2648082e+08 3.776129e+17 1.8709803e+08 4.1699119e+08 1e-20 0 5.2586471e-22
6.2849908e+08 3.7799052e+17 1.8658304e+08 4.161695e+08 1e-20 0 5.2764272e-22
6.3052494e+08 3.7836851e+17 1.8606934e+08 4.1534843e+08 1e-20 0 5.2942752e-22
6.3255842e+08 3.7874688e+17 1.8555693e+08 4.1452799e+08 1e-20 0 5.3121915e-22
6.3459956e+08 3.7912562e+17 1.8504581e+08 4.1370817e+08 1e-20 0 5.3301762e-22
6.3664838e+08 3.7950475e+17 1.8453598e+08 4.1288899e+08 1e-20 0 5.3482297e-22
6.3870491e+08 3.7988425e+17 1.8402743e+08 4.1207045e+08 1e-20 0 5.3663522e-22
6.4076919e+08 3.8026414e+17 1.8352016e+08 4.1125255e+08 1e-20 0 5.3845441e-22
6.4284125e+08 3.806444e+17 1.8301417e+08 4.104353e+08 1e-20 0 5.4028055e-22
6.4492111e+08 3.8102505e+17 1.8250945e+08 4.096187e+08 1e-20 0 5.4211367e-22
6.4700881e+08 3.8140607e+17 1.8200601e+08 4.0880276e+08 1e-20 0 5.4395381e-22
6.4910438e+08 3.8178748e+17 1.8150384e+08 4.0798747e+08 1e-20 0 5.4580099e-22
6.5120785e+08 3.8216927e+17 1.8100293e+08 4.0717285e+08 1e-20 0 5.4765524e-22
6.5331925e+08 3.8255143e+17 1.8050329e+08 4.063589e+08 1e-20 0 5.4951658e-22
6.5543861e+08 3.8293399e+17 1.8000491e+08 4.0554562e+08 1e-20 0 5.5138505e-22
6.5756596e+08 3.8331692e+17 1.795078e+08 4.0473302e+08 1e-20 0 5.5326068e-22
6.5970134e+08 3.8370024e+17 1.7901194e+08 4.0392109e+08 1e-20 0 5.5514348e-22
6.6184477e+08 3.8408394e+17 1.7851734e+08 4.0310986e+08 1e-20 0 5.5703349e-22
6.6399629e+08 3.8446802e+17 1.7802398e+08 4.0229931e+08 1e-20 0 5.5893074e-22
6.6615593e+08 3.8485249e+17 1.7753188e+08 4.0148945e+08 1e-20 0 5.6083526e-22
6.6832373e+08 3.8523734e+17 1.7704103e+08 4.006803e+08 1e-20 0 5.6274707e-22
6.7049971e+08 3.8562258e+17 1.7655142e+08 3.9987184e+08 1e-20 0 5.6466621e-22
6.726839e+08 3.860082e+17 1.7606305e+08 3.9906409e+08 1e-20 0 5.665927e-22
6.7487634e+08 3.8639421e+17 1.7557593e+08 3.9825704e+08 1e-20 0 5.6852658e-22
6.7707707e+08 3.867806e+17 1.7509004e+08 3.9745071e+08 1e-20 0 5.7046786e-22
6.7928611e+08 3.8716738e+17 1.7460539e+08 3.966451e+08 1e-20 0 5.7241659e-22
6.8150349e+08 3.8755455e+17 1.7412196e+08 3.9584021e+08 1e-20 0 5.7437279e-22
6.8372926e+08 3.8794211e+17 1.7363977e+08 3.9503604e+08 1e-20 0 5.7633649e-22
6.8596343e+08 3.8833005e+17 1.7315881e+08 3.942326e+08 1e-20 0 5.7830772e-22
6.8820606e+08 3.8871838e+17 1.7267907e+08 3.934299e+08 1e-20 0 5.8028651e-22
6.9045716e+08 3.891071e+17 1.7220055e+08 3.9262793e+08 1e-20 0 5.8227288e-22
6.9271678e+08 3.894962e+17 1.7172325e+08 3.918267e+08 1e-20 0 5.8426688e-22
6.9498494e+08 3.898857e+17 1.7124717e+08 3.9102621e+08 1e-20 0 5.8626853e-22
6.9726168e+08 3.9027559e+17 1.707723e+08 3.9022647e+08 1e-20 0 5.8827786e-22
6.9954704e+08 3.9066586e+17 1.7029865e+08 3.8942749e+08 1e-20 0 5.902949e-22
7.0184104e+08 3.9105653e+17 1.698262e+08 3.8862925e+08 1e-20 0 5.9231968e-22
7.0414373e+08 3.9144758e+17 1.6935497e+08 3.8783178e+08 1e-20 0 5.9435223e-22
7.0645513e+08 3.9183903e+17 1.6888493e+08 3.8703507e+08 1e-20 0 5.9639258e-22
7.0877529e+08 3.9223087e+17 1.684161e+08 3.8623913e+08 1e-20 0 5.9844077e-22
7.1110422e+08 3.926231e+17 1.6794847e+08 3.8544395e+08 1e-20 0 6.0049683e-22
7.1344198e+08 3.9301572e+17 1.6748204e+08 3.8464955e+08 1e-20 0 6.0256078e-22
7.157886e+08 3.9340874e+17 1.670168e+08 3.8385592e+08 1e-20 0 6.0463265e-22
7.181441e+08 3.9380215e+17 1.6655275e+08 3.8306308e+08 1e-20 0 6.0671249e-22
7.2050853e+08 3.9419595e+17 1.6608989e+08 3.8227101e+08 1e-20 0 6.0880032e-22
7.2288192e+08 3.9459015e+17 1.6562822e+08 3.8147974e+08 1e-20 0 6.1089616e-22
7.2526431e+08 3.9498474e+17 1.6516773e+08 3.8068925e+08 1e-20 0 6.1300006e-22
7.2765572e+08 3.9537972e+17 1.6470843e+08 3.7989956e+08 1e-20 0 6.1511205e-22
7.300562e+08 3.957751e+17 1.642503e+08 3.7911067e+08 1e-20 0 6.1723215e-22
7.3246579e+08 3.9617088e+17 1.6379335e+08 3.7832258e+08 1e-20 0 6.1936041e-22
7.3488451e+08 3.9656705e+17 1.6333758e+08 3.7753529e+08 1e-20 0 6.2149684e-22
7.3731241e+08 3.9696361e+17 1.6288298e+08 3.7674881e+08 1e-20 0 6.236415e-22
7.3974952e+08 3.9736058e+17 1.6242955e+08 3.7596314e+08 1e-20 0 6.2579439e-22
7.4219588e+08 3.9775794e+17 1.6197728e+08 3.7517829e+08 1e-20 0 6.2795557e-22
7.4465152e+08 3.981557e+17 1.6152619e+08 3.7439425e+08 1e-20 0 6.3012506e-22
7.4711648e+08 3.9855385e+17 1.6107625e+08 3.7361104e+08 1e-20 0 6.323029e-22
7.495908e+08 3.9895241e+17 1.6062747e+08 3.7282864e+08 1e-20 0 6.3448911e-22
7.5207451e+08 3.9935136e+17 1.6017985e+08 3.7204708e+08 1e-20 0 6.3668374e-22
7.5456765e+08 3.9975071e+17 1.5973338e+08 3.7126634e+08 1e-20 0 6.3888681e-22
7.5707026e+08 4.0015046e+17 1.5928807e+08 3.7048644e+08 1e-20 0 6.4109836e-22
7.5958238e+08 4.0055061e+17 1.5884391e+08 3.6970738e+08 1e-20 0 6.4331842e-22
7.6210404e+08 4.0095116e+17 1.5840089e+08 3.6892915e+08 1e-20 0 6.4554703e-22
7.6463529e+08 4.0135211e+17 1.5795902e+08 3.6815177e+08 1e-20 0 6.4778422e-22
7.6717615e+08 4.0175347e+17 1.5751829e+08 3.6737523e+08 1e-20 0 6.5003002e-22
7.6972667e+08 4.0215522e+17 1.5707871e+08 3.6659955e+08 1e-20 0 6.5228447e-22
7.7228688e+08 4.0255737e+17 1.5664025e+08 3.6582471e+08 1e-20 0 6.545476e-22
7.7485683e+08 4.0295993e+17 1.5620294e+08 3.6505073e+08 1e-20 0 6.5681945e-22
7.7743655e+08 4.0336289e+17 1.5576676e+08 3.6427761e+08 1e-20 0 6.5910005e-22
7.8002608e+08 4.0376625e+17 1.553317e+08 3.6350535e+08 1e-20 0 6.6138944e-22
7.8262546e+08 4.0417002e+17 1.5489778e+08 3.6273395e+08 1e-20 0 6.6368765e-22
7.8523473e+08 4.0457419e+17 1.5446498e+08 3.6196342e+08 1e-20 0 6.6599471e-22
7.8785393e+08 4.0497876e+17 1.5403331e+08 3.6119376e+08 1e-20 0 6.6831067e-22
7.9048309e+08 4.0538374e+17 1.5360275e+08 3.6042498e+08 1e-20 0 6.7063555e-22
7.9312226e+08 4.0578913e+17 1.5317331e+08 3.5965706e+08 1e-20 0 6.7296939e-22
7.9577148e+08 4.0619492e+17 1.5274499e+08 3.5889003e+08 1e-20 0 6.7531224e-22
7.9843078e+08 4.0660111e+17 1.5231778e+08 3.5812388e+08 1e-20 0 6.7766411e-22
8.0110021e+08 4.0700771e+17 1.5189168e+08 3.5735861e+08 1e-20 0 6.8002505e-22
8.037798e+08 4.0741472e+17 1.514667e+08 3.5659423e+08 1e-20 0 6.823951e-22
8.064696e+08 4.0782213e+17 1.5104281e+08 3.5583074e+08 1e-20 0 6.8477429e-22
8.0916964e+08 4.0822996e+17 1.5062003e+08 3.5506814e+08 1e-20 0 6.8716265e-22
8.1187997e+08 4.0863819e+17 1.5019835e+08 3.5430643e+08 1e-20 0 6.8956023e-22
8.1460063e+08 4.0904682e+17 1.4977777e+08 3.5354563e+08 1e-20 0 6.9196706e-22
8.1733165e+08 4.0945587e+17 1.4935829e+08 3.5278572e+08 1e-20 0 6.9438318e-22
8.2007308e+08 4.0986533e+17 1.489399e+08 3.5202671e+08 1e-20 0 6.9680862e-22
8.2282497e+08 4.1027519e+17 1.485226e+08 3.5126862e+08 1e-20 0 6.9924342e-22
8.2558734e+08 4.1068547e+17 1.481064e+08 3.5051142e+08 1e-20 0 7.0168762e-22
8.2836025e+08 4.1109615e+17 1.4769127e+08 3.4975514e+08 1e-20 0 7.0414125e-22
8.3114374e+08 4.1150725e+17 1.4727724e+08 3.4899978e+08 1e-20 0 7.0660436e-22
8.3393783e+08 4.1191876e+17 1.4686428e+08 3.4824533e+08 1e-20 0 7.0907698e-22
8.3674259e+08 4.1233068e+17 1.4645241e+08 3.4749179e+08 1e-20 0 7.1155914e-22
8.3955805e+08 4.1274301e+17 1.4604161e+08 3.4673918e+08 1e-20 0 7.1405089e-22
8.4238425e+08 4.1315575e+17 1.4563188e+08 3.4598749e+08 1e-20 0 7.1655227e-22
8.4522124e+08 4.1356891e+17 1.4522323e+08 3.4523673e+08 1e-20 0 7.190633e-22
8.4806905e+08 4.1398247e+17 1.4481565e+08 3.4448689e+08 1e-20 0 7.2158404e-22
8.5092774e+08 4.1439646e+17 1.4440914e+08 3.4373799e+08 1e-20 0 7.2411451e-22
8.5379734e+08 4.1481085e+17 1.4400369e+08 3.4299002e+08 1e-20 0 7.2665477e-22
8.566779e+08 4.1522566e+17 1.4359931e+08 3.4224298e+08 1e-20 0 7.2920484e-22
8.5956946e+08 4.1564089e+17 1.4319598e+08 3.4149688e+08 1e-20 0 7.3176476e-22
8.6247206e+08 4.1605653e+17 1.4279372e+08 3.4075172e+08 1e-20 0 7.3433458e-22
8.6538575e+08 4.1647259e+17 1.423925e+08 3.4000751e+08 1e-20 0 7.3691434e-22
8.6831057e+08 4.1688906e+17 1.4199235e+08 3.3926423e+08 1e-20 0 7.3950406e-22
8.7124656e+08 4.1730595e+17 1.4159324e+08 3.3852191e+08 1e-20 0 7.421038e-22
8.7419378e+08 4.1772325e+17 1.4119519e+08 3.3778053e+08 1e-20 0 7.4471359e-22
8.7715226e+08 4.1814098e+17 1.4079818e+08 3.3704011e+08 1e-20 0 7.4733348e-22
8.8012205e+08 4.1855912e+17 1.4040221e+08 3.3630063e+08 1e-20 0 7.4996349e-22
8.8310319e+08 4.1897768e+17 1.4000729e+08 3.3556212e+08 1e-20 0 7.5260368e-22
8.8609574e+08 4.1939666e+17 1.396134e+08 3.3482456e+08 1e-20 0 7.5525409e-22
8.8909972e+08 4.1981605e+17 1.3922055e+08 3.3408796e+08 1e-20 0 7.5791474e-22
8.921152e+08 4.2023587e+17 1.3882874e+08 3.3335232e+08 1e-20 0 7.6058569e-22
8.9514221e+08 4.206561e+17 1.3843796e+08 3.3261765e+08 1e-20 0 7.6326698e-22
8.981808e+08 4.2107676e+17 1.3804821e+08 3.3188394e+08 1e-20 0 7.6595864e-22
9.0123101e+08 4.2149784e+17 1.3765949e+08 3.311512e+08 1e-20 0 7.6866072e-22
9.042929e+08 4.2191933e+17 1.3727179e+08 3.3041944e+08 1e-20 0 7.7137326e-22
9.073665e+08 4.2234125e+17 1.3688512e+08 3.2968864e+08 1e-20 0 7.740963e-22
9.1045187e+08 4.227636e+17 1.3649946e+08 3.2895882e+08 1e-20 0 7.7682988e-22
9.1354905e+08 4.2318636e+17 1.3611483e+08 3.2822997e+08 1e-20 0 7.7957404e-22
9.1665809e+08 4.2360955e+17 1.3573121e+08 3.2750211e+08 1e-20 0 7.8232883e-22
9.1977904e+08 4.2403315e+17 1.3534861e+08 3.2677522e+08 1e-20 0 7.8509429e-22
9.2291193e+08 4.2445719e+17 1.3496702e+08 3.2604931e+08 1e-20 0 7.8787046e-22
9.2605683e+08 4.2488165e+17 1.3458643e+08 3.2532439e+08 1e-20 0 7.9065738e-22
9.2921377e+08 4.2530653e+17 1.3420686e+08 3.2460046e+08 1e-20 0 7.934551e-22
9.3238281e+08 4.2573183e+17 1.3382829e+08 3.2387751e+08 1e-20 0 7.9626366e-22
9.3556399e+08 4.2615757e+17 1.3345072e+08 3.2315555e+08 1e-20 0 7.990831e-22
9.3875736e+08 4.2658372e+17 1.3307415e+08 3.2243458e+08 1e-20 0 8.0191346e-22
9.4196297e+08 4.2701031e+17 1.3269858e+08 3.2171461e+08 1e-20 0 8.0475479e-22
9.4518087e+08 4.2743732e+17 1.32324e+08 3.2099563e+08 1e-20 0 8.0760714e-22
9.484111e+08 4.2786475e+17 1.3195042e+08 3.2027765e+08 1e-20 0 8.1047054e-22
9.5165372e+08 4.2829262e+17 1.3157783e+08 3.1956066e+08 1e-20 0 8.1334504e-22
9.5490877e+08 4.2872091e+17 1.3120623e+08 3.1884468e+08 1e-20 0 8.1623068e-22
9.581763e+08 4.2914963e+17 1.3083561e+08 3.181297e+08 1e-20 0 8.1912751e-22
9.6145637e+08 4.2957878e+17 1.3046598e+08 3.1741572e+08 1e-20 0 8.2203557e-22
9.6474902e+08 4.3000836e+17 1.3009733e+08 3.1670274e+08 1e-20 0 8.2495491e-22
9.680543e+08 4.3043837e+17 1.2972966e+08 3.1599078e+08 1e-20 0 8.2788558e-22
9.7137227e+08 4.3086881e+17 1.2936297e+08 3.1527982e+08 1e-20 0 8.3082761e-22
9.7470296e+08 4.3129968e+17 1.2899726e+08 3.1456987e+08 1e-20 0 8.3378105e-22
9.7804644e+08 4.3173098e+17 1.2863251e+08 3.1386094e+08 1e-20 0 8.3674594e-22
9.8140275e+08 4.3216271e+17 1.2826874e+08 3.1315301e+08 1e-20 0 8.3972235e-22
9.8477195e+08 4.3259487e+17 1.2790594e+08 3.124461e+08 1e-20 0 8.427103e-22
9.8815408e+08 4.3302746e+17 1.275441e+08 3.1174021e+08 1e-20 0 8.4570984e-22
9.915492e+08 4.3346049e+17 1.2718323e+08 3.1103534e+08 1e-20 0 8.4872102e-22
9.9495736e+08 4.3389395e+17 1.2682331e+08 3.1033148e+08 1e-20 0 8.5174389e-22
9.9837861e+08 4.3432785e+17 1.2646436e+08 3.0962865e+08 1e-20 0 8.547785e-22
1.001813e+09 4.3476217e+17 1.2610637e+08 3.0892684e+08 1e-20 0 8.5782488e-22
1.0052606e+09 4.3519694e+17 1.2574933e+08 3.0822605e+08 1e-20 0 8.6088309e-22
1.0087214e+09 4.3563213e+17 1.2539324e+08 3.0752629e+08 1e-20 0 8.6395318e-22
1.0121955e+09 4.3606777e+17 1.250381e+08 3.0682755e+08 1e-20 0 8.6703518e-22
1.015683e+09 4.3650383e+17 1.2468392e+08 3.0612984e+08 1e-20 0 8.7012916e-22
1.0191839e+09 4.3694034e+17 1.2433067e+08 3.0543317e+08 1e-20 0 8.7323515e-22
1.0226982e+09 4.3737728e+17 1.2397838e+08 3.0473752e+08 1e-20 0 8.763532e-22
1.0262261e+09 4.3781465e+17 1.2362702e+08 3.040429e+08 1e-20 0 8.7948336e-22
1.0297675e+09 4.3825247e+17 1.2327661e+08 3.0334932e+08 1e-20 0 8.8262569e-22
1.0333225e+09 4.3869072e+17 1.2292713e+08 3.0265677e+08 1e-20 0 8.8578022e-22
1.0368912e+09 4.3912941e+17 1.2257858e+08 3.0196526e+08 1e-20 0 8.8894701e-22
1.0404737e+09 4.3956854e+17 1.2223097e+08 3.0127478e+08 1e-20 0 8.921261e-22
1.0440699e+09 4.4000811e+17 1.2188429e+08 3.0058535e+08 1e-20 0 8.9531755e-22
1.0476799e+09 4.4044812e+17 1.2153854e+08 2.9989695e+08 1e-20 0 8.985214e-22
1.0513039e+09 4.4088857e+17 1.2119372e+08 2.9920959e+08 1e-20 0 9.017377e-22
1.0549418e+09 4.4132946e+17 1.2084982e+08 2.9852328e+08 1e-20 0 9.0496651e-22
1.0585936e+09 4.4177078e+17 1.2050684e+08 2.9783801e+08 1e-20 0 9.0820787e-22
1.0622596e+09 4.4221256e+17 1.2016479e+08 2.9715378e+08 1e-20 0 9.1146182e-22
1.0659396e+09 4.4265477e+17 1.1982365e+08 2.964706e+08 1e-20 0 9.1472843e-22
1.0696339e+09 4.4309742e+17 1.1948342e+08 2.9578847e+08 1e-20 0 9.1800775e-22
1.0733423e+09 4.4354052e+17 1.1914411e+08 2.9510738e+08 1e-20 0 9.2129981e-22
1.077065e+09 4.4398406e+17 1.1880572e+08 2.9442734e+08 1e-20 0 9.2460468e-22
1.0808021e+09 4.4442804e+17 1.1846823e+08 2.9374836e+08 1e-20 0 9.279224e-22
1.0845535e+09 4.4487247e+17 1.1813164e+08 2.9307042e+08 1e-20 0 9.3125303e-22
1.0883194e+09 4.4531735e+17 1.1779597e+08 2.9239354e+08 1e-20 0 9.3459661e-22
1.0920998e+09 4.4576266e+17 1.1746119e+08 2.917177e+08 1e-20 0 9.379532e-22
1.0958948e+09 4.4620843e+17 1.1712732e+08 2.9104293e+08 1e-20 0 9.4132286e-22
1.0997044e+09 4.4665463e+17 1.1679434e+08 2.903692e+08 1e-20 0 9.4470562e-22
1.1035287e+09 4.4710129e+17 1.1646226e+08 2.8969654e+08 1e-20 0 9.4810155e-22
1.1073677e+09 4.4754839e+17 1.1613108e+08 2.8902493e+08 1e-20 0 9.5151069e-22
1.1112216e+09 4.4799594e+17 1.1580079e+08 2.8835438e+08 1e-20 0 9.549331e-22
1.1150902e+09 4.4844393e+17 1.1547138e+08 2.8768489e+08 1e-20 0 9.5836884e-22
1.1189738e+09 4.4889238e+17 1.1514287e+08 2.8701645e+08 1e-20 0 9.6181795e-22
1.1228724e+09 4.4934127e+17 1.1481524e+08 2.8634908e+08 1e-20 0 9.6528048e-22
1.126786e+09 4.4979061e+17 1.144885e+08 2.8568277e+08 1e-20 0 9.687565e-22
1.1307147e+09 4.502404e+17 1.1416263e+08 2.8501752e+08 1e-20 0 9.7224605e-22
1.1346585e+09 4.5069064e+17 1.1383765e+08 2.8435334e+08 1e-20 0 9.7574919e-22
1.1386176e+09 4.5114133e+17 1.1351354e+08 2.8369022e+08 1e-20 0 9.7926597e-22
1.142592e+09 4.5159247e+17 1.1319031e+08 2.8302816e+08 1e-20 0 9.8279645e-22
1.1465816e+09 4.5204407e+17 1.1286795e+08 2.8236718e+08 1e-20 0 9.8634068e-22
1.1505867e+09 4.5249611e+17 1.1254646e+08 2.8170725e+08 1e-20 0 9.8989872e-22
1.1546072e+09 4.5294861e+17 1.1222585e+08 2.810484e+08 1e-20 0 9.9347062e-22
1.1586433e+09 4.5340156e+17 1.119061e+08 2.8039061e+08 1e-20 0 9.9705643e-22
1.1626949e+09 4.5385496e+17 1.1158721e+08 2.7973389e+08 1e-20 0 1.0006562e-21
1.1667622e+09 4.5430881e+17 1.1126919e+08 2.7907824e+08 1e-20 0 1.00427e-21
1.1708451e+09 4.5476312e+17 1.1095202e+08 2.7842366e+08 1e-20 0 1.0078979e-21
1.1749439e+09 4.5521788e+17 1.1063572e+08 2.7777015e+08 1e-20 0 1.01154e-21
1.1790584e+09 4.556731e+17 1.1032027e+08 2.7711771e+08 1e-20 0 1.0151962e-21
1.1831889e+09 4.5612878e+17 1.1000568e+08 2.7646635e+08 1e-20 0 1.0188667e-21
1.1873353e+09 4.565849e+17 1.0969194e+08 2.7581606e+08 1e-20 0 1.0225515e-21
1.1914977e+09 4.5704149e+17 1.0937905e+08 2.7516684e+08 1e-20 0 1.0262506e-21
1.1956762e+09 4.5749853e+17 1.09067e+08 2.7451869e+08 1e-20 0 1.0299642e-21
1.1998709e+09 4.5795603e+17 1.0875581e+08 2.7387163e+08 1e-20 0 1.0336922e-21
1.2040818e+09 4.5841399e+17 1.0844546e+08 2.7322563e+08 1e-20 0 1.0374348e-21
1.2083089e+09 4.588724e+17 1.0813595e+08 2.7258071e+08 1e-20 0 1.041192e-21
1.2125524e+09 4.5933127e+17 1.0782728e+08 2.7193687e+08 1e-20 0 1.0449639e-21
1.2168123e+09 4.597906e+17 1.0751945e+08 2.712941e+08 1e-20 0 1.0487504e-21
1.2210886e+09 4.6025039e+17 1.0721245e+08 2.7065242e+08 1e-20 0 1.0525517e-21
1.2253815e+09 4.6071064e+17 1.0690629e+08 2.7001181e+08 1e-20 0 1.0563679e-21
1.229691e+09 4.6117135e+17 1.0660096e+08 2.6937227e+08 1e-20 0 1.0601989e-21
1.2340171e+09 4.6163253e+17 1.0629646e+08 2.6873382e+08 1e-20 0 1.0640449e-21
1.23836e+09 4.6209416e+17 1.0599279e+08 2.6809645e+08 1e-20 0 1.0679059e-21
1.2427197e+09 4.6255625e+17 1.0568995e+08 2.6746016e+08 1e-20 0 1.071782e-21
1.2470962e+09 4.6301881e+17 1.0538793e+08 2.6682494e+08 1e-20 0 1.0756732e-21
1.2514897e+09 4.6348183e+17 1.0508673e+08 2.6619081e+08 1e-20 0 1.0795795e-21
1.2559001e+09 4.6394531e+17 1.0478635e+08 2.6555776e+08 1e-20 0 1.0835012e-21
1.2603277e+09 4.6440925e+17 1.0448679e+08 2.6492579e+08 1e-20 0 1.0874381e-21
1.2647724e+09 4.6487366e+17 1.0418804e+08 2.642949e+08 1e-20 0 1.0913904e-21
1.2692342e+09 4.6533854e+17 1.0389011e+08 2.636651e+08 1e-20 0 1.0953581e-21
1.2737134e+09 4.6580388e+17 1.0359299e+08 2.6303637e+08 1e-20 0 1.0993413e-21
1.2782098e+09 4.6626968e+17 1.0329668e+08 2.6240873e+08 1e-20 0 1.1033401e-21
1.2827237e+09 4.6673595e+17 1.0300118e+08 2.6178218e+08 1e-20 0 1.1073545e-21
1.2872551e+09 4.6720269e+17 1.0270649e+08 2.611567e+08 1e-20 0 1.1113845e-21
1.291804e+09 4.6766989e+17 1.024126e+08 2.6053231e+08 1e-20 0 1.1154303e-21
1.2963705e+09 4.6813756e+17 1.0211951e+08 2.5990901e+08 1e-20 0 1.1194919e-21
1.3009548e+09 4.686057e+17 1.0182722e+08 2.5928679e+08 1e-20 0 1.1235694e-21
1.3055567e+09 4.690743e+17 1.0153573e+08 2.5866565e+08 1e-20 0 1.1276628e-21
1.3101765e+09 4.6954338e+17 1.0124504e+08 2.580456e+08 1e-20 0 1.1317722e-21
1.3148142e+09 4.7001292e+17 1.0095514e+08 2.5742663e+08 1e-20 0 1.1358976e-21
1.3194699e+09 4.7048293e+17 1.0066603e+08 2.5680875e+08 1e-20 0 1.1400392e-21
1.3241436e+09 4.7095341e+17 1.0037771e+08 2.5619196e+08 1e-20 0 1.1441969e-21
1.3288354e+09 4.7142437e+17 1.0009018e+08 2.5557625e+08 1e-20 0 1.1483709e-21
1.3335454e+09 4.7189579e+17 99803439 2.5496162e+08 1e-20 0 1.1525612e-21
1.3382736e+09 4.7236769e+17 99517481 2.5434809e+08 1e-20 0 1.1567679e-21
1.3430202e+09 4.7284006e+17 99232306 2.5373563e+08 1e-20 0 1.160991e-21
1.3477852e+09 4.733129e+17 98947912 2.5312427e+08 1e-20 0 1.1652306e-21
1.3525686e+09 4.7378621e+17 98664296 2.5251399e+08 1e-20 0 1.1694868e-21
1.3573707e+09 4.7426e+17 98381457 2.519048e+08 1e-20 0 1.1737597e-21
1.3621913e+09 4.7473426e+17 98099393 2.512967e+08 1e-20 0 1.1780492e-21
1.3670306e+09 4.7520899e+17 97818102 2.5068968e+08 1e-20 0 1.1823555e-21
1.3718887e+09 4.756842e+17 97537582 2.5008375e+08 1e-20 0 1.1866787e-21
1.3767656e+09 4.7615988e+17 97257831 2.494789e+08 1e-20 0 1.1910187e-21
1.3816615e+09 4.7663604e+17 96978847 2.4887514e+08 1e-20 0 1.1953758e-21
1.3865763e+09 4.7711268e+17 96700629 2.4827247e+08 1e-20 0 1.1997498e-21
1.3915102e+09 4.7758979e+17 96423174 2.4767089e+08 1e-20 0 1.204141e-21
1.3964633e+09 4.7806738e+17 96146481 2.4707039e+08 1e-20 0 1.2085494e-21
1.4014356e+09 4.7854545e+17 95870547 2.4647099e+08 1e-20 0 1.212975e-21
1.4064271e+09 4.7902399e+17 95595371 2.4587266e+08 1e-20 0 1.2174179e-21
1.4114381e+09 4.7950302e+17 95320951 2.4527543e+08 1e-20 0 1.2218782e-21
1.4164685e+09 4.7998252e+17 95047285 2.4467928e+08 1e-20 0 1.226356e-21
1.4215184e+09 4.804625e+17 94774371 2.4408422e+08 1e-20 0 1.2308512e-21
1.426588e+09 4.8094297e+17 94502207 2.4349024e+08 1e-20 0 1.2353641e-21
1.4316772e+09 4.8142391e+17 94230792 2.4289736e+08 1e-20 0 1.2398946e-21
1.4367862e+09 4.8190533e+17 93960123 2.4230556e+08 1e-20 0 1.2444429e-21
1.441915e+09 4.8238724e+17 93690199 2.4171484e+08 1e-20 0 1.249009e-21
1.4470638e+09 4.8286963e+17 93421018 2.4112521e+08 1e-20 0 1.2535929e-21
1.4522325e+09 4.833525e+17 93152577 2.4053667e+08 1e-20 0 1.2581948e-21
1.4574213e+09 4.8383585e+17 92884876 2.3994922e+08 1e-20 0 1.2628147e-21
1.4626303e+09 4.8431968e+17 92617912 2.3936285e+08 1e-20 0 1.2674527e-21
1.4678595e+09 4.84804e+17 92351683 2.3877757e+08 1e-20 0 1.2721088e-21
1.4731091e+09 4.8528881e+17 92086188 2.3819337e+08 1e-20 0 1.2767832e-21
1.478379e+09 4.857741e+17 91821425 2.3761026e+08 1e-20 0 1.2814759e-21
1.4836695e+09 4.8625987e+17 91557391 2.3702823e+08 1e-20 0 1.2861869e-21
1.4889804e+09 4.8674613e+17 91294085 2.3644729e+08 1e-20 0 1.2909164e-21
1.4943121e+09 4.8723288e+17 91031506 2.3586744e+08 1e-20 0 1.2956644e-21
1.4996644e+09 4.8772011e+17 90769651 2.3528867e+08 1e-20 0 1.3004311e-21
1.5050376e+09 4.8820783e+17 90508518 2.3471098e+08 1e-20 0 1.3052164e-21
1.5104316e+09 4.8869604e+17 90248107 2.3413438e+08 1e-20 0 1.3100204e-21
1.5158467e+09 4.8918473e+17 89988414 2.3355886e+08 1e-20 0 1.3148433e-21
1.5212828e+09 4.8967392e+17 89729438 2.3298442e+08 1e-20 0 1.3196851e-21
1.52674e+09 4.9016359e+17 89471178 2.3241107e+08 1e-20 0 1.3245458e-21
1.5322184e+09 4.9065376e+17 89213631 2.3183881e+08 1e-20 0 1.3294256e-21
1.5377182e+09 4.9114441e+17 88956796 2.3126762e+08 1e-20 0 1.3343245e-21
1.5432393e+09 4.9163555e+17 88700670 2.3069752e+08 1e-20 0 1.3392426e-21
1.548782e+09 4.9212719e+17 88445253 2.301285e+08 1e-20 0 1.34418e-21
1.5543462e+09 4.9261932e+17 88190543 2.2956056e+08 1e-20 0 1.3491367e-21
1.559932e+09 4.9311194e+17 87936536 2.2899371e+08 1e-20 0 1.3541129e-21
1.5655396e+09 4.9360505e+17 87683233 2.2842793e+08 1e-20 0 1.3591085e-21
1.571169e+09 4.9409865e+17 87430630 2.2786324e+08 1e-20 0 1.3641238e-21
1.5768204e+09 4.9459275e+17 87178727 2.2729963e+08 1e-20 0 1.3691587e-21
1.5824937e+09 4.9508734e+17 86927521 2.2673709e+08 1e-20 0 1.3742134e-21
1.5881891e+09 4.9558243e+17 86677011 2.2617564e+08 1e-20 0 1.3792878e-21
1.5939067e+09 4.9607801e+17 86427194 2.2561527e+08 1e-20 0 1.3843822e-21
1.5996465e+09 4.9657409e+17 86178070 2.2505597e+08 1e-20 0 1.3894966e-21
1.6054087e+09 4.9707067e+17 85929636 2.2449776e+08 1e-20 0 1.394631e-21
1.6111933e+09 4.9756774e+17 85681891 2.2394062e+08 1e-20 0 1.3997855e-21
1.6170005e+09 4.980653e+17 85434833 2.2338456e+08 1e-20 0 1.4049603e-21
1.6228302e+09 4.9856337e+17 85188460 2.2282957e+08 1e-20 0 1.4101553e-21
1.6286827e+09 4.9906193e+17 84942770 2.2227567e+08 1e-20 0 1.4153708e-21
1.634558e+09 4.9956099e+17 84697762 2.2172284e+08 1e-20 0 1.4206067e-21
1.6404561e+09 5.0006056e+17 84453434 2.2117108e+08 1e-20 0 1.4258631e-21
1.6463773e+09 5.0056062e+17 84209784 2.2062041e+08 1e-20 0 1.4311402e-21
1.6523215e+09 5.0106118e+17 83966810 2.200708e+08 1e-20 0 1.436438e-21
1.6582889e+09 5.0156224e+17 83724511 2.1952227e+08 1e-20 0 1.4417565e-21
1.6642795e+09 5.020638e+17 83482886 2.1897482e+08 1e-20 0 1.4470959e-21
1.6702935e+09 5.0256586e+17 83241931 2.1842843e+08 1e-20 0 1.4524563e-21
1.6763309e+09 5.0306843e+17 83001646 2.1788312e+08 1e-20 0 1.4578378e-21
1.6823918e+09 5.035715e+17 82762029 2.1733889e+08 1e-20 0 1.4632403e-21
1.6884764e+09 5.0407507e+17 82523078 2.1679572e+08 1e-20 0 1.468664e-21
1.6945847e+09 5.0457914e+17 82284792 2.1625363e+08 1e-20 0 1.4741091e-21
1.7007168e+09 5.0508372e+17 82047168 2.157126e+08 1e-20 0 1.4795755e-21
1.7068728e+09 5.0558881e+17 81810205 2.1517265e+08 1e-20 0 1.4850634e-21
1.7130528e+09 5.060944e+17 81573902 2.1463376e+08 1e-20 0 1.4905728e-21
1.7192569e+09 5.0660049e+17 81338256 2.1409595e+08 1e-20 0 1.4961038e-21
1.7254853e+09 5.0710709e+17 81103266 2.135592e+08 1e-20 0 1.5016566e-21
1.7317379e+09 5.076142e+17 80868931 2.1302352e+08 1e-20 0 1.5072312e-21
1.7380149e+09 5.0812181e+17 80635248 2.1248891e+08 1e-20 0 1.5128277e-21
1.7443164e+09 5.0862993e+17 80402216 2.1195536e+08 1e-20 0 1.5184461e-21
1.7506424e+09 5.0913856e+17 80169834 2.1142288e+08 1e-20 0 1.5240866e-21
1.7569932e+09 5.096477e+17 79938099 2.1089146e+08 1e-20 0 1.5297493e-21
1.7633687e+09 5.1015735e+17 79707010 2.1036111e+08 1e-20 0 1.5354342e-21
1.7697691e+09 5.1066751e+17 79476565 2.0983182e+08 1e-20 0 1.5411414e-21
1.7761945e+09 5.1117818e+17 79246763 2.0930359e+08 1e-20 0 1.5468711e-21
1.782645e+09 5.1168935e+17 79017602 2.0877643e+08 1e-20 0 1.5526233e-21
1.7891206e+09 5.1220104e+17 78789080 2.0825033e+08 1e-20 0 1.558398e-21
1.7956215e+09 5.1271324e+17 78561196 2.0772529e+08 1e-20 0 1.5641955e-21
1.8021478e+09 5.1322596e+17 78333948 2.0720131e+08 1e-20 0 1.5700157e-21
1.8086996e+09 5.1373918e+17 78107334 2.0667839e+08 1e-20 0 1.5758588e-21
1.8152769e+09 5.1425292e+17 77881353 2.0615652e+08 1e-20 0 1.5817249e-21
1.82188e+09 5.1476718e+17 77656003 2.0563572e+08 1e-20 0 1.587614e-21
1.8285088e+09 5.1528194e+17 77431282 2.0511597e+08 1e-20 0 1.5935263e-21
1.8351635e+09 5.1579722e+17 77207189 2.0459728e+08 1e-20 0 1.5994618e-21
1.8418442e+09 5.1631302e+17 76983723 2.0407965e+08 1e-20 0 1.6054206e-21
1.8485509e+09 5.1682933e+17 76760881 2.0356307e+08 1e-20 0 1.6114029e-21
1.8552839e+09 5.1734616e+17 76538662 2.0304754e+08 1e-20 0 1.6174087e-21
1.8620432e+09 5.1786351e+17 76317064 2.0253307e+08 1e-20 0 1.623438e-21
1.8688289e+09 5.1838137e+17 76096087 2.0201965e+08 1e-20 0 1.6294911e-21
1.8756411e+09 5.1889976e+17 75875727 2.0150728e+08 1e-20 0 1.635568e-21
1.8824799e+09 5.1941865e+17 75655984 2.0099596e+08 1e-20 0 1.6416688e-21
1.8893454e+09 5.1993807e+17 75436856 2.004857e+08 1e-20 0 1.6477936e-21
1.8962378e+09 5.2045801e+17 75218341 1.9997648e+08 1e-20 0 1.6539424e-21
1.9031571e+09 5.2097847e+17 75000438 1.9946831e+08 1e-20 0 1.6601155e-21
1.9101034e+09 5.2149945e+17 74783145 1.9896119e+08 1e-20 0 1.6663128e-21
1.9170769e+09 5.2202095e+17 74566460 1.9845512e+08 1e-20 0 1.6725345e-21
1.9240776e+09 5.2254297e+17 74350383 1.9795009e+08 1e-20 0 1.6787806e-21
1.9311058e+09 5.2306551e+17 74134911 1.9744611e+08 1e-20 0 1.6850514e-21
1.9381614e+09 5.2358858e+17 73920043 1.9694317e+08 1e-20 0 1.6913468e-21
1.9452445e+09 5.2411217e+17 73705777 1.9644128e+08 1e-20 0 1.6976669e-21
1.9523554e+09 5.2463628e+17 73492112 1.9594042e+08 1e-20 0 1.704012e-21
1.9594941e+09 5.2516091e+17 73279046 1.9544061e+08 1e-20 0 1.7103819e-21
1.9666607e+09 5.2568608e+17 73066577 1.9494184e+08 1e-20 0 1.716777e-21
1.9738553e+09 5.2621176e+17 72854705 1.9444412e+08 1e-20 0 1.7231972e-21
1.981078e+09 5.2673797e+17 72643427 1.9394743e+08 1e-20 0 1.7296427e-21
1.988329e+09 5.2726471e+17 72432742 1.9345177e+08 1e-20 0 1.7361135e-21
1.9956084e+09 5.2779198e+17 72222648 1.9295716e+08 1e-20 0 1.7426098e-21
2.0029163e+09 5.2831977e+17 72013144 1.9246358e+08 1e-20 0 1.7491317e-21
2.0102527e+09 5.2884809e+17 71804228 1.9197104e+08 1e-20 0 1.7556792e-21
2.0176178e+09 5.2937694e+17 71595899 1.9147953e+08 1e-20 0 1.7622525e-21
2.0250118e+09 5.2990631e+17 71388155 1.9098905e+08 1e-20 0 1.7688517e-21
2.0324347e+09 5.3043622e+17 71180995 1.9049961e+08 1e-20 0 1.7754769e-21
2.0398866e+09 5.3096665e+17 70974417 1.900112e+08 1e-20 0 1.7821281e-21
2.0473677e+09 5.3149762e+17 70768420 1.8952382e+08 1e-20 0 1.7888055e-21
2.0548781e+09 5.3202912e+17 70563001 1.8903747e+08 1e-20 0 1.7955093e-21
2.0624179e+09 5.3256115e+17 70358160 1.8855215e+08 1e-20 0 1.8022394e-21
2.0699872e+09 5.3309371e+17 70153896 1.8806785e+08 1e-20 0 1.808996e-21
2.0775861e+09 5.336268e+17 69950205 1.8758459e+08 1e-20 0 1.8157792e-21
2.0852147e+09 5.3416043e+17 69747088 1.8710234e+08 1e-20 0 1.8225891e-21
2.0928733e+09 5.3469459e+17 69544543 1.8662113e+08 1e-20 0 1.8294258e-21
2.1005618e+09 5.3522928e+17 69342567 1.8614093e+08 1e-20 0 1.8362895e-21
2.1082804e+09 5.3576451e+17 69141160 1.8566176e+08 1e-20 0 1.8431802e-21
2.1160293e+09 5.3630028e+17 68940319 1.8518362e+08 1e-20 0 1.850098e-21
2.1238085e+09 5.3683658e+17 68740045 1.8470649e+08 1e-20 0 1.8570431e-21
2.1316181e+09 5.3737342e+17 68540334 1.8423038e+08 1e-20 0 1.8640155e-21
2.1394584e+09 5.3791079e+17 68341186 1.8375529e+08 1e-20 0 1.8710154e-21
2.1473293e+09 5.384487e+17 68142599 1.8328122e+08 1e-20 0 1.8780429e-21
2.1552311e+09 5.3898715e+17 67944572 1.8280816e+08 1e-20 0 1.8850981e-21
2.1631639e+09 5.3952614e+17 67747103 1.8233612e+08 1e-20 0 1.892181e-21
2.1711277e+09 5.4006566e+17 67550190 1.818651e+08 1e-20 0 1.8992919e-21
2.1791227e+09 5.4060573e+17 67353833 1.8139508e+08 1e-20 0 1.9064308e-21
2.1871491e+09 5.4114633e+17 67158029 1.8092608e+08 1e-20 0 1.9135978e-21
2.1952069e+09 5.4168748e+17 66962777 1.8045809e+08 1e-20 0 1.920793e-21
2.2032963e+09 5.4222917e+17 66768077 1.7999112e+08 1e-20 0 1.9280166e-21
2.2114174e+09 5.427714e+17 66573925 1.7952515e+08 1e-20 0 1.9352687e-21
2.2195703e+09 5.4331417e+17 66380322 1.7906018e+08 1e-20 0 1.9425494e-21
2.2277551e+09 5.4385748e+17 66187265 1.7859623e+08 1e-20 0 1.9498587e-21
2.2359721e+09 5.4440134e+17 65994753 1.7813328e+08 1e-20 0 1.9571969e-21
2.2442212e+09 5.4494574e+17 65802784 1.7767134e+08 1e-20 0 1.964564e-21
2.2525027e+09 5.4549069e+17 65611358 1.772104e+08 1e-20 0 1.9719601e-21
2.2608167e+09 5.4603618e+17 65420472 1.7675046e+08 1e-20 0 1.9793854e-21
2.2691633e+09 5.4658221e+17 65230126 1.7629152e+08 1e-20 0 1.9868399e-21
2.2775426e+09 5.471288e+17 65040317 1.7583358e+08 1e-20 0 1.9943238e-21
2.2859547e+09 5.4767592e+17 64851045 1.7537665e+08 1e-20 0 2.0018373e-21
2.2943999e+09 5.482236e+17 64662307 1.7492071e+08 1e-20 0 2.0093804e-21
2.3028781e+09 5.4877182e+17 64474103 1.7446577e+08 1e-20 0 2.0169532e-21
2.3113896e+09 5.493206e+17 64286432 1.7401182e+08 1e-20 0 2.0245558e-21
2.3199345e+09 5.4986992e+17 64099291 1.7355887e+08 1e-20 0 2.0321885e-21
2.3285129e+09 5.5041979e+17 63912679 1.7310691e+08 1e-20 0 2.0398512e-21
2.337125e+09 5.5097021e+17 63726595 1.7265594e+08 1e-20 0 2.0475442e-21
2.3457708e+09 5.5152118e+17 63541038 1.7220596e+08 1e-20 0 2.0552675e-21
2.3544506e+09 5.520727e+17 63356006 1.7175698e+08 1e-20 0 2.0630213e-21
2.3631644e+09 5.5262477e+17 63171497 1.7130898e+08 1e-20 0 2.0708056e-21
2.3719124e+09 5.5317739e+17 62987511 1.7086197e+08 1e-20 0 2.0786207e-21
2.3806947e+09 5.5373057e+17 62804045 1.7041595e+08 1e-20 0 2.0864666e-21
2.3895115e+09 5.542843e+17 62621099 1.6997091e+08 1e-20 0 2.0943434e-21
2.3983629e+09 5.5483859e+17 62438672 1.6952685e+08 1e-20 0 2.1022513e-21
2.4072491e+09 5.5539343e+17 62256761 1.6908378e+08 1e-20 0 2.1101904e-21
2.4161701e+09 5.5594882e+17 62075365 1.6864169e+08 1e-20 0 2.1181609e-21
2.4251261e+09 5.5650477e+17 61894484 1.6820058e+08 1e-20 0 2.1261627e-21
2.4341173e+09 5.5706127e+17 61714115 1.6776045e+08 1e-20 0 2.1341962e-21
2.4431438e+09 5.5761833e+17 61534257 1.673213e+08 1e-20 0 2.1422613e-21
2.4522057e+09 5.5817595e+17 61354909 1.6688312e+08 1e-20 0 2.1503583e-21
2.4613032e+09 5.5873413e+17 61176070 1.6644592e+08 1e-20 0 2.1584872e-21
2.4704364e+09 5.5929286e+17 60997737 1.660097e+08 1e-20 0 2.1666482e-21
2.4796055e+09 5.5985216e+17 60819911 1.6557445e+08 1e-20 0 2.1748415e-21
2.4888106e+09 5.6041201e+17 60642589 1.6514016e+08 1e-20 0 2.183067e-21
2.4980518e+09 5.6097242e+17 60465770 1.6470685e+08 1e-20 0 2.191325e-21
2.5073293e+09 5.6153339e+17 60289453 1.6427451e+08 1e-20 0 2.1996156e-21
2.5166433e+09 5.6209493e+17 60113637 1.6384314e+08 1e-20 0 2.207939e-21
2.5259938e+09 5.6265702e+17 59938319 1.6341273e+08 1e-20 0 2.2162952e-21
2.5353811e+09 5.6321968e+17 59763500 1.6298329e+08 1e-20 0 2.2246843e-21
2.5448052e+09 5.637829e+17 59589176 1.6255482e+08 1e-20 0 2.2331066e-21
2.5542664e+09 5.6434668e+17 59415348 1.621273e+08 1e-20 0 2.2415622e-21
2.5637647e+09 5.6491103e+17 59242013 1.6170075e+08 1e-20 0 2.2500511e-21
2.5733004e+09 5.6547594e+17 59069171 1.6127516e+08 1e-20 0 2.2585735e-21
2.5828735e+09 5.6604141e+17 58896820 1.6085053e+08 1e-20 0 2.2671296e-21
2.5924842e+09 5.6660745e+17 58724959 1.6042686e+08 1e-20 0 2.2757195e-21
2.6021327e+09 5.6717406e+17 58553586 1.6000414e+08 1e-20 0 2.2843433e-21
2.6118191e+09 5.6774124e+17 58382700 1.5958238e+08 1e-20 0 2.2930012e-21
2.6215436e+09 5.6830898e+17 58212301 1.5916157e+08 1e-20 0 2.3016932e-21
2.6313063e+09 5.6887729e+17 58042385 1.5874172e+08 1e-20 0 2.3104196e-21
2.6411074e+09 5.6944616e+17 57872953 1.5832282e+08 1e-20 0 2.3191804e-21
2.6509469e+09 5.7001561e+17 57704003 1.5790486e+08 1e-20 0 2.3279759e-21
2.6608252e+09 5.7058563e+17 57535534 1.5748786e+08 1e-20 0 2.3368061e-21
2.6707423e+09 5.7115621e+17 57367544 1.570718e+08 1e-20 0 2.3456711e-21
2.6806984e+09 5.7172737e+17 57200032 1.566567e+08 1e-20 0 2.3545712e-21
2.6906936e+09 5.7229909e+17 57032997 1.5624253e+08 1e-20 0 2.3635064e-21
2.7007282e+09 5.7287139e+17 56866437 1.5582931e+08 1e-20 0 2.372477e-21
2.7108021e+09 5.7344427e+17 56700351 1.5541703e+08 1e-20 0 2.3814829e-21
2.7209157e+09 5.7401771e+17 56534739 1.550057e+08 1e-20 0 2.3905245e-21
2.7310691e+09 5.7459173e+17 56369598 1.545953e+08 1e-20 0 2.3996018e-21
2.7412624e+09 5.7516632e+17 56204927 1.5418584e+08 1e-20 0 2.4087149e-21
2.7514958e+09 5.7574149e+17 56040725 1.5377732e+08 1e-20 0 2.417864e-21
2.7617694e+09 5.7631723e+17 55876992 1.5336974e+08 1e-20 0 2.4270493e-21
2.7720834e+09 5.7689354e+17 55713724 1.5296309e+08 1e-20 0 2.4362709e-21
2.782438e+09 5.7747044e+17 55550923 1.5255737e+08 1e-20 0 2.445529e-21
2.7928334e+09 5.7804791e+17 55388585 1.5215258e+08 1e-20 0 2.4548236e-21
2.8032696e+09 5.7862596e+17 55226710 1.5174873e+08 1e-20 0 2.464155e-21
2.8137469e+09 5.7920458e+17 55065296 1.513458e+08 1e-20 0 2.4735232e-21
2.8242654e+09 5.7978379e+17 54904343 1.509438e+08 1e-20 0 2.4829285e-21
2.8348253e+09 5.8036357e+17 54743849 1.5054273e+08 1e-20 0 2.4923709e-21
2.8454267e+09 5.8094393e+17 54583813 1.5014259e+08 1e-20 0 2.5018507e-21
2.8560699e+09 5.8152488e+17 54424233 1.4974336e+08 1e-20 0 2.5113679e-21
2.8667549e+09 5.821064e+17 54265109 1.4934506e+08 1e-20 0 2.5209227e-21
2.877482e+09 5.8268851e+17 54106439 1.4894768e+08 1e-20 0 2.5305154e-21
2.8882513e+09 5.832712e+17 53948221 1.4855123e+08 1e-20 0 2.5401459e-21
2.899063e+09 5.8385447e+17 53790456 1.4815568e+08 1e-20 0 2.5498145e-21
2.9099172e+09 5.8443832e+17 53633140 1.4776106e+08 1e-20 0 2.5595214e-21
2.9208142e+09 5.8502276e+17 53476274 1.4736735e+08 1e-20 0 2.5692666e-21
2.931754e+09 5.8560778e+17 53319856 1.4697456e+08 1e-20 0 2.5790504e-21
2.9427369e+09 5.8619339e+17 53163885 1.4658268e+08 1e-20 0 2.5888728e-21
2.9537631e+09 5.8677959e+17 53008359 1.4619171e+08 1e-20 0 2.5987341e-21
2.9648327e+09 5.8736636e+17 52853277 1.4580165e+08 1e-20 0 2.6086344e-21
2.9759458e+09 5.8795373e+17 52698639 1.454125e+08 1e-20 0 2.6185738e-21
2.9871027e+09 5.8854168e+17 52544442 1.4502425e+08 1e-20 0 2.6285525e-21
2.9983036e+09 5.8913023e+17 52390687 1.4463691e+08 1e-20 0 2.6385707e-21
3.0095485e+09 5.8971936e+17 52237370 1.4425048e+08 1e-20 0 2.6486286e-21
3.0208377e+09 5.9030908e+17 52084493 1.4386495e+08 1e-20 0 2.6587262e-21
3.0321714e+09 5.9089939e+17 51932052 1.4348032e+08 1e-20 0 2.6688637e-21
3.0435497e+09 5.9149028e+17 51780047 1.430966e+08 1e-20 0 2.6790414e-21
3.0549729e+09 5.9208177e+17 51628477 1.4271377e+08 1e-20 0 2.6892593e-21
3.066441e+09 5.9267386e+17 51477340 1.4233184e+08 1e-20 0 2.6995176e-21
3.0779543e+09 5.9326653e+17 51326636 1.419508e+08 1e-20 0 2.7098165e-21
3.0895129e+09 5.938598e+17 51176364 1.4157066e+08 1e-20 0 2.7201561e-21
3.1011171e+09 5.9445366e+17 51026521 1.4119141e+08 1e-20 0 2.7305367e-21
3.112767e+09 5.9504811e+17 50877107 1.4081306e+08 1e-20 0 2.7409583e-21
3.1244628e+09 5.9564316e+17 50728121 1.404356e+08 1e-20 0 2.7514211e-21
3.1362047e+09 5.962388e+17 50579561 1.4005902e+08 1e-20 0 2.7619254e-21
3.1479928e+09 5.9683504e+17 50431426 1.3968333e+08 1e-20 0 2.7724712e-21
3.1598274e+09 5.9743188e+17 50283716 1.3930853e+08 1e-20 0 2.7830587e-21
