# Mfl=0.1Msun, vmin=0.03c, vmax=0.3c, power-law-index=0.5
# time [s], rsh [cm], vsh [cm/s], Deltav_2 [cm/s], rho_ISM [g/cm3], rhofl_2 [g/cm3], int_rhosq_1dr [g^2/cm^5]
3159383.3 2.8421979e+16 8.2511361e+09 7.4556392e+08 5e-22 7.6828386e-20 5.1125481e-31
3162827.9 2.8450401e+16 8.3275364e+09 6.6851629e+08 5e-22 7.6603872e-20 1.1532998e-30
3166244.3 2.8478851e+16 8.3238118e+09 6.714296e+08 5e-22 7.6381408e-20 1.7248365e-30
3169665.7 2.850733e+16 8.3220823e+09 6.7243863e+08 5e-22 7.6158821e-20 2.3003866e-30
3173091.2 2.8535837e+16 8.3207562e+09 6.7304076e+08 5e-22 7.5936913e-20 2.878113e-30
3176520.7 2.8564373e+16 8.3195642e+09 6.7350768e+08 5e-22 7.5715662e-20 3.4576463e-30
3179954.1 2.8592938e+16 8.3184289e+09 6.7391705e+08 5e-22 7.5495062e-20 4.0388655e-30
3183391.4 2.862153e+16 8.3173216e+09 6.7429802e+08 5e-22 7.527511e-20 4.6217208e-30
3186832.6 2.8650152e+16 8.3162292e+09 6.7466351e+08 5e-22 7.5055803e-20 5.2061893e-30
3190277.7 2.8678802e+16 8.3151454e+09 6.7502001e+08 5e-22 7.4837139e-20 5.79226e-30
3193726.7 2.8707481e+16 8.3140666e+09 6.7537103e+08 5e-22 7.4619116e-20 6.3799277e-30
3197179.5 2.8736188e+16 8.3129908e+09 6.7571864e+08 5e-22 7.4401733e-20 6.9691907e-30
3200636.3 2.8764925e+16 8.3119167e+09 6.760641e+08 5e-22 7.4184986e-20 7.5600489e-30
3204097 2.879369e+16 8.3108436e+09 6.7640824e+08 5e-22 7.3968875e-20 8.1525037e-30
3207561.6 2.8822483e+16 8.3097708e+09 6.7675158e+08 5e-22 7.3753398e-20 8.746557e-30
3211030.1 2.8851306e+16 8.3086981e+09 6.770945e+08 5e-22 7.3538552e-20 9.3422114e-30
3214502.5 2.8880157e+16 8.3076251e+09 6.7743728e+08 5e-22 7.3324335e-20 9.9394696e-30
3217978.9 2.8909037e+16 8.3065516e+09 6.7778009e+08 5e-22 7.3110747e-20 1.0538335e-29
3221459.1 2.8937946e+16 8.3054776e+09 6.7812308e+08 5e-22 7.2897784e-20 1.113881e-29
3224943.3 2.8966884e+16 8.3044029e+09 6.7846635e+08 5e-22 7.2685445e-20 1.17409e-29
3228431.5 2.8995851e+16 8.3033274e+09 6.7880999e+08 5e-22 7.2473729e-20 1.2344606e-29
3231923.6 2.9024847e+16 8.3022511e+09 6.7915405e+08 5e-22 7.2262633e-20 1.2949934e-29
3235419.6 2.9053872e+16 8.3011739e+09 6.7949859e+08 5e-22 7.2052155e-20 1.3556886e-29
3238919.5 2.9082926e+16 8.3000958e+09 6.7984364e+08 5e-22 7.1842295e-20 1.4165466e-29
3242423.5 2.9112009e+16 8.2990167e+09 6.8018924e+08 5e-22 7.1633049e-20 1.4775679e-29
3245931.4 2.9141121e+16 8.2979366e+09 6.8053541e+08 5e-22 7.1424417e-20 1.5387527e-29
3249443.2 2.9170262e+16 8.2968556e+09 6.8088217e+08 5e-22 7.1216396e-20 1.6001015e-29
3252959 2.9199432e+16 8.2957735e+09 6.8122954e+08 5e-22 7.1008984e-20 1.6616147e-29
3256478.8 2.9228631e+16 8.2946904e+09 6.8157754e+08 5e-22 7.080218e-20 1.7232927e-29
3260002.6 2.925786e+16 8.2936063e+09 6.8192616e+08 5e-22 7.0595982e-20 1.7851358e-29
3263530.4 2.9287118e+16 8.2925211e+09 6.8227543e+08 5e-22 7.0390389e-20 1.8471445e-29
3267062.1 2.9316405e+16 8.2914348e+09 6.8262536e+08 5e-22 7.0185398e-20 1.9093191e-29
3270597.9 2.9345721e+16 8.2903475e+09 6.8297595e+08 5e-22 6.9981007e-20 1.9716601e-29
3274137.6 2.9375067e+16 8.289259e+09 6.833272e+08 5e-22 6.9777216e-20 2.0341678e-29
3277681.4 2.9404442e+16 8.2881695e+09 6.8367913e+08 5e-22 6.9574021e-20 2.0968426e-29
3281229.1 2.9433847e+16 8.2870789e+09 6.8403173e+08 5e-22 6.9371422e-20 2.159685e-29
3284780.9 2.946328e+16 8.2859872e+09 6.8438502e+08 5e-22 6.9169417e-20 2.2226954e-29
3288336.7 2.9492744e+16 8.2848944e+09 6.8473899e+08 5e-22 6.8968004e-20 2.2858741e-29
3291896.5 2.9522237e+16 8.2838005e+09 6.8509365e+08 5e-22 6.876718e-20 2.3492217e-29
3295460.4 2.9551759e+16 8.2827055e+09 6.85449e+08 5e-22 6.8566945e-20 2.4127384e-29
3299028.3 2.9581311e+16 8.2816093e+09 6.8580505e+08 5e-22 6.8367297e-20 2.4764247e-29
3302600.2 2.9610892e+16 8.2805121e+09 6.861618e+08 5e-22 6.8168234e-20 2.540281e-29
3306176.2 2.9640503e+16 8.2794137e+09 6.8651924e+08 5e-22 6.7969754e-20 2.6043077e-29
3309756.2 2.9670143e+16 8.2783142e+09 6.8687739e+08 5e-22 6.7771856e-20 2.6685053e-29
3313340.3 2.9699813e+16 8.2772136e+09 6.8723624e+08 5e-22 6.7574537e-20 2.7328741e-29
3316928.4 2.9729513e+16 8.2761118e+09 6.8759579e+08 5e-22 6.7377797e-20 2.7974145e-29
3320520.6 2.9759243e+16 8.2750089e+09 6.8795606e+08 5e-22 6.7181633e-20 2.8621271e-29
3324116.9 2.9789002e+16 8.2739049e+09 6.8831703e+08 5e-22 6.6986044e-20 2.9270122e-29
3327717.2 2.9818791e+16 8.2727998e+09 6.8867871e+08 5e-22 6.6791028e-20 2.9920701e-29
3331321.7 2.984861e+16 8.2716935e+09 6.890411e+08 5e-22 6.6596583e-20 3.0573015e-29
3334930.2 2.9878458e+16 8.270586e+09 6.8940421e+08 5e-22 6.6402708e-20 3.1227066e-29
3338542.8 2.9908337e+16 8.2694774e+09 6.8976803e+08 5e-22 6.6209401e-20 3.1882859e-29
3342159.5 2.9938245e+16 8.2683677e+09 6.9013256e+08 5e-22 6.601666e-20 3.2540398e-29
3345780.4 2.9968183e+16 8.2672568e+09 6.9049781e+08 5e-22 6.5824484e-20 3.3199687e-29
3349405.3 2.9998152e+16 8.2661448e+09 6.9086378e+08 5e-22 6.5632872e-20 3.3860731e-29
3353034.3 3.002815e+16 8.2650316e+09 6.9123046e+08 5e-22 6.544182e-20 3.4523534e-29
3356667.5 3.0058178e+16 8.2639173e+09 6.9159786e+08 5e-22 6.5251328e-20 3.5188101e-29
3360304.8 3.0088236e+16 8.2628018e+09 6.9196599e+08 5e-22 6.5061395e-20 3.5854435e-29
3363946.2 3.0118324e+16 8.2616852e+09 6.9233483e+08 5e-22 6.4872018e-20 3.652254e-29
3367591.7 3.0148443e+16 8.2605674e+09 6.927044e+08 5e-22 6.4683195e-20 3.7192422e-29
3371241.4 3.0178591e+16 8.2594484e+09 6.9307468e+08 5e-22 6.4494926e-20 3.7864085e-29
3374895.2 3.020877e+16 8.2583283e+09 6.934457e+08 5e-22 6.4307209e-20 3.8537532e-29
3378553.2 3.0238978e+16 8.257207e+09 6.9381743e+08 5e-22 6.4120041e-20 3.9212769e-29
3382215.3 3.0269217e+16 8.2560846e+09 6.9418989e+08 5e-22 6.3933422e-20 3.9889799e-29
3385881.6 3.0299487e+16 8.254961e+09 6.9456307e+08 5e-22 6.374735e-20 4.0568627e-29
3389552.1 3.0329786e+16 8.2538362e+09 6.9493699e+08 5e-22 6.3561822e-20 4.1249257e-29
3393226.7 3.0360116e+16 8.2527103e+09 6.9531162e+08 5e-22 6.3376838e-20 4.1931694e-29
3396905.5 3.0390476e+16 8.2515831e+09 6.9568699e+08 5e-22 6.3192396e-20 4.2615943e-29
3400588.5 3.0420866e+16 8.2504548e+09 6.9606308e+08 5e-22 6.3008495e-20 4.3302007e-29
3404275.7 3.0451287e+16 8.2493254e+09 6.9643991e+08 5e-22 6.2825132e-20 4.3989891e-29
3407967 3.0481739e+16 8.2481947e+09 6.9681746e+08 5e-22 6.2642307e-20 4.4679599e-29
3411662.6 3.051222e+16 8.2470629e+09 6.9719575e+08 5e-22 6.2460017e-20 4.5371137e-29
3415362.4 3.0542733e+16 8.2459299e+09 6.9757476e+08 5e-22 6.2278261e-20 4.6064508e-29
3419066.3 3.0573275e+16 8.2447957e+09 6.9795451e+08 5e-22 6.2097037e-20 4.6759716e-29
3422774.5 3.0603849e+16 8.2436604e+09 6.9833499e+08 5e-22 6.1916345e-20 4.7456768e-29
3426486.9 3.0634452e+16 8.2425238e+09 6.987162e+08 5e-22 6.1736181e-20 4.8155666e-29
3430203.6 3.0665087e+16 8.2413861e+09 6.9909814e+08 5e-22 6.1556546e-20 4.8856415e-29
3433924.4 3.0695752e+16 8.2402471e+09 6.9948082e+08 5e-22 6.1377437e-20 4.955902e-29
3437649.5 3.0726448e+16 8.239107e+09 6.9986424e+08 5e-22 6.1198852e-20 5.0263486e-29
3441378.9 3.0757174e+16 8.2379657e+09 7.0024839e+08 5e-22 6.1020791e-20 5.0969817e-29
3445112.5 3.0787931e+16 8.2368232e+09 7.0063328e+08 5e-22 6.0843251e-20 5.1678017e-29
3448850.3 3.0818719e+16 8.2356796e+09 7.010189e+08 5e-22 6.0666231e-20 5.2388092e-29
3452592.4 3.0849538e+16 8.2345347e+09 7.0140526e+08 5e-22 6.048973e-20 5.3100045e-29
3456338.8 3.0880388e+16 8.2333886e+09 7.0179236e+08 5e-22 6.0313746e-20 5.3813882e-29
3460089.4 3.0911268e+16 8.2322413e+09 7.021802e+08 5e-22 6.0138278e-20 5.4529606e-29
3463844.3 3.0942179e+16 8.2310928e+09 7.0256878e+08 5e-22 5.9963323e-20 5.5247223e-29
3467603.5 3.0973121e+16 8.2299432e+09 7.0295809e+08 5e-22 5.9788881e-20 5.5966737e-29
3471367 3.1004094e+16 8.2287923e+09 7.0334815e+08 5e-22 5.961495e-20 5.6688154e-29
3475134.7 3.1035099e+16 8.2276402e+09 7.0373895e+08 5e-22 5.9441528e-20 5.7411476e-29
3478906.8 3.1066134e+16 8.2264869e+09 7.0413049e+08 5e-22 5.9268615e-20 5.813671e-29
3482683.1 3.10972e+16 8.2253324e+09 7.0452277e+08 5e-22 5.9096208e-20 5.8863859e-29
3486463.8 3.1128297e+16 8.2241767e+09 7.049158e+08 5e-22 5.8924306e-20 5.9592929e-29
3490248.8 3.1159425e+16 8.2230198e+09 7.0530957e+08 5e-22 5.8752907e-20 6.0323924e-29
3494038.1 3.1190585e+16 8.2218617e+09 7.0570408e+08 5e-22 5.8582011e-20 6.1056849e-29
3497831.7 3.1221775e+16 8.2207023e+09 7.0609934e+08 5e-22 5.8411615e-20 6.1791709e-29
3501629.6 3.1252997e+16 8.2195418e+09 7.0649534e+08 5e-22 5.8241718e-20 6.2528508e-29
3505431.9 3.128425e+16 8.21838e+09 7.0689209e+08 5e-22 5.8072319e-20 6.3267251e-29
3509238.5 3.1315534e+16 8.217217e+09 7.0728958e+08 5e-22 5.7903416e-20 6.4007944e-29
3513049.5 3.134685e+16 8.2160528e+09 7.0768782e+08 5e-22 5.7735008e-20 6.4750589e-29
3516864.8 3.1378197e+16 8.2148874e+09 7.0808681e+08 5e-22 5.7567093e-20 6.5495194e-29
3520684.5 3.1409575e+16 8.2137207e+09 7.0848655e+08 5e-22 5.739967e-20 6.6241761e-29
3524508.5 3.1440984e+16 8.2125529e+09 7.0888703e+08 5e-22 5.7232737e-20 6.6990296e-29
3528336.9 3.1472425e+16 8.2113838e+09 7.0928827e+08 5e-22 5.7066294e-20 6.7740805e-29
3532169.7 3.1503898e+16 8.2102134e+09 7.0969025e+08 5e-22 5.6900337e-20 6.8493291e-29
3536006.9 3.1535402e+16 8.2090419e+09 7.1009299e+08 5e-22 5.6734867e-20 6.9247759e-29
3539848.4 3.1566937e+16 8.2078691e+09 7.1049647e+08 5e-22 5.6569882e-20 7.0004215e-29
3543694.3 3.1598504e+16 8.2066951e+09 7.1090071e+08 5e-22 5.640538e-20 7.0762664e-29
3547544.7 3.1630103e+16 8.2055198e+09 7.113057e+08 5e-22 5.6241359e-20 7.1523109e-29
3551399.4 3.1661733e+16 8.2043434e+09 7.1171144e+08 5e-22 5.6077819e-20 7.2285556e-29
3555258.5 3.1693394e+16 8.2031656e+09 7.1211793e+08 5e-22 5.5914758e-20 7.3050011e-29
3559122.1 3.1725088e+16 8.2019867e+09 7.1252518e+08 5e-22 5.5752175e-20 7.3816477e-29
3562990.1 3.1756813e+16 8.2008065e+09 7.1293318e+08 5e-22 5.5590067e-20 7.458496e-29
3566862.5 3.178857e+16 8.1996251e+09 7.1334194e+08 5e-22 5.5428435e-20 7.5355465e-29
3570739.3 3.1820358e+16 8.1984424e+09 7.1375145e+08 5e-22 5.5267276e-20 7.6127996e-29
3574620.6 3.1852179e+16 8.1972585e+09 7.1416172e+08 5e-22 5.5106589e-20 7.6902559e-29
3578506.3 3.1884031e+16 8.1960733e+09 7.1457274e+08 5e-22 5.4946372e-20 7.7679159e-29
3582396.4 3.1915915e+16 8.1948869e+09 7.1498452e+08 5e-22 5.4786625e-20 7.84578e-29
3586291.1 3.1947831e+16 8.1936992e+09 7.1539706e+08 5e-22 5.4627346e-20 7.9238488e-29
3590190.1 3.1979779e+16 8.1925103e+09 7.1581036e+08 5e-22 5.4468533e-20 8.0021228e-29
3594093.7 3.2011758e+16 8.1913202e+09 7.1622441e+08 5e-22 5.4310185e-20 8.0806024e-29
3598001.7 3.204377e+16 8.1901288e+09 7.1663923e+08 5e-22 5.4152301e-20 8.1592882e-29
3601914.2 3.2075814e+16 8.1889361e+09 7.170548e+08 5e-22 5.399488e-20 8.2381807e-29
3605831.1 3.210789e+16 8.1877422e+09 7.1747114e+08 5e-22 5.3837919e-20 8.3172804e-29
3609752.6 3.2139998e+16 8.186547e+09 7.1788823e+08 5e-22 5.3681418e-20 8.3965877e-29
3613678.5 3.2172138e+16 8.1853506e+09 7.1830609e+08 5e-22 5.3525375e-20 8.4761033e-29
3617609 3.220431e+16 8.1841529e+09 7.1872471e+08 5e-22 5.336979e-20 8.5558276e-29
3621544 3.2236514e+16 8.1829539e+09 7.1914409e+08 5e-22 5.321466e-20 8.6357611e-29
3625483.4 3.2268751e+16 8.1817537e+09 7.1956423e+08 5e-22 5.3059984e-20 8.7159043e-29
3629427.4 3.2301019e+16 8.1805522e+09 7.1998514e+08 5e-22 5.2905762e-20 8.7962578e-29
3633375.9 3.233332e+16 8.1793494e+09 7.2040681e+08 5e-22 5.2751991e-20 8.8768221e-29
3637329 3.2365654e+16 8.1781454e+09 7.2082925e+08 5e-22 5.259867e-20 8.9575976e-29
3641286.6 3.2398019e+16 8.1769401e+09 7.2125245e+08 5e-22 5.2445798e-20 9.038585e-29
3645248.7 3.2430417e+16 8.1757336e+09 7.2167642e+08 5e-22 5.2293374e-20 9.1197847e-29
3649215.3 3.2462848e+16 8.1745257e+09 7.2210115e+08 5e-22 5.2141396e-20 9.2011972e-29
3653186.6 3.2495311e+16 8.1733166e+09 7.2252665e+08 5e-22 5.1989864e-20 9.2828231e-29
3657162.3 3.2527806e+16 8.1721062e+09 7.2295292e+08 5e-22 5.1838775e-20 9.3646629e-29
3661142.7 3.2560334e+16 8.1708946e+09 7.2337995e+08 5e-22 5.1688128e-20 9.4467171e-29
3665127.6 3.2592894e+16 8.1696817e+09 7.2380776e+08 5e-22 5.1537923e-20 9.5289862e-29
3669117.1 3.2625487e+16 8.1684674e+09 7.2423633e+08 5e-22 5.1388157e-20 9.6114708e-29
3673111.2 3.2658112e+16 8.1672519e+09 7.2466567e+08 5e-22 5.1238831e-20 9.6941714e-29
3677109.8 3.2690771e+16 8.1660352e+09 7.2509578e+08 5e-22 5.1089941e-20 9.7770886e-29
3681113.1 3.2723461e+16 8.1648171e+09 7.2552667e+08 5e-22 5.0941487e-20 9.8602228e-29
3685121 3.2756185e+16 8.1635978e+09 7.2595832e+08 5e-22 5.0793468e-20 9.9435746e-29
3689133.4 3.2788941e+16 8.1623771e+09 7.2639075e+08 5e-22 5.0645883e-20 1.0027145e-28
3693150.5 3.282173e+16 8.1611552e+09 7.2682394e+08 5e-22 5.0498729e-20 1.0110933e-28
3697172.2 3.2854552e+16 8.159932e+09 7.2725791e+08 5e-22 5.0352007e-20 1.0194941e-28
3701198.5 3.2887406e+16 8.1587075e+09 7.2769266e+08 5e-22 5.0205714e-20 1.0279168e-28
3705229.5 3.2920294e+16 8.1574817e+09 7.2812817e+08 5e-22 5.005985e-20 1.0363616e-28
3709265.1 3.2953214e+16 8.1562546e+09 7.2856447e+08 5e-22 4.9914412e-20 1.0448285e-28
3713305.3 3.2986167e+16 8.1550262e+09 7.2900153e+08 5e-22 4.9769401e-20 1.0533175e-28
3717350.2 3.3019153e+16 8.1537965e+09 7.2943937e+08 5e-22 4.9624814e-20 1.0618287e-28
3721399.8 3.3052172e+16 8.1525655e+09 7.2987799e+08 5e-22 4.948065e-20 1.0703621e-28
3725454 3.3085225e+16 8.1513332e+09 7.3031738e+08 5e-22 4.9336909e-20 1.0789179e-28
3729512.8 3.311831e+16 8.1500996e+09 7.3075755e+08 5e-22 4.9193588e-20 1.0874959e-28
3733576.4 3.3151428e+16 8.1488647e+09 7.311985e+08 5e-22 4.9050687e-20 1.0960964e-28
3737644.6 3.318458e+16 8.1476285e+09 7.3164023e+08 5e-22 4.8908205e-20 1.1047194e-28
3741717.5 3.3217764e+16 8.146391e+09 7.3208273e+08 5e-22 4.8766139e-20 1.1133649e-28
3745795.1 3.3250982e+16 8.1451522e+09 7.3252601e+08 5e-22 4.862449e-20 1.122033e-28
3749877.4 3.3284233e+16 8.1439121e+09 7.3297008e+08 5e-22 4.8483255e-20 1.1307236e-28
3753964.5 3.3317517e+16 8.1426706e+09 7.3341492e+08 5e-22 4.8342434e-20 1.139437e-28
3758056.2 3.3350835e+16 8.1414279e+09 7.3386054e+08 5e-22 4.8202025e-20 1.1481731e-28
3762152.6 3.3384186e+16 8.1401838e+09 7.3430695e+08 5e-22 4.8062027e-20 1.1569321e-28
3766253.8 3.341757e+16 8.1389384e+09 7.3475413e+08 5e-22 4.7922439e-20 1.1657138e-28
3770359.7 3.3450987e+16 8.1376917e+09 7.352021e+08 5e-22 4.778326e-20 1.1745185e-28
3774470.3 3.3484438e+16 8.1364437e+09 7.3565085e+08 5e-22 4.7644488e-20 1.1833462e-28
3778585.6 3.3517923e+16 8.1351943e+09 7.3610038e+08 5e-22 4.7506123e-20 1.1921968e-28
3782705.8 3.3551441e+16 8.1339437e+09 7.365507e+08 5e-22 4.7368163e-20 1.2010706e-28
3786830.6 3.3584992e+16 8.1326917e+09 7.370018e+08 5e-22 4.7230606e-20 1.2099675e-28
3790960.2 3.3618577e+16 8.1314384e+09 7.3745369e+08 5e-22 4.7093452e-20 1.2188876e-28
3795094.6 3.3652196e+16 8.1301837e+09 7.3790636e+08 5e-22 4.69567e-20 1.2278309e-28
3799233.8 3.3685848e+16 8.1289278e+09 7.3835981e+08 5e-22 4.6820348e-20 1.2367975e-28
3803377.8 3.3719534e+16 8.1276705e+09 7.3881406e+08 5e-22 4.6684396e-20 1.2457875e-28
3807526.5 3.3753253e+16 8.1264118e+09 7.3926909e+08 5e-22 4.6548841e-20 1.254801e-28
3811680 3.3787006e+16 8.1251519e+09 7.397249e+08 5e-22 4.6413683e-20 1.2638379e-28
3815838.3 3.3820793e+16 8.1238906e+09 7.4018151e+08 5e-22 4.6278921e-20 1.2728983e-28
3820001.5 3.3854614e+16 8.1226279e+09 7.406389e+08 5e-22 4.6144553e-20 1.2819824e-28
3824169.4 3.3888469e+16 8.121364e+09 7.4109708e+08 5e-22 4.6010579e-20 1.2910901e-28
3828342.2 3.3922357e+16 8.1200987e+09 7.4155606e+08 5e-22 4.5876997e-20 1.3002215e-28
3832519.7 3.395628e+16 8.118832e+09 7.4201582e+08 5e-22 4.5743806e-20 1.3093766e-28
3836702.2 3.3990236e+16 8.117564e+09 7.4247637e+08 5e-22 4.5611005e-20 1.3185557e-28
3840889.4 3.4024226e+16 8.1162947e+09 7.4293771e+08 5e-22 4.5478592e-20 1.3277586e-28
3845081.5 3.405825e+16 8.115024e+09 7.4339984e+08 5e-22 4.5346568e-20 1.3369854e-28
3849278.4 3.4092309e+16 8.113752e+09 7.4386277e+08 5e-22 4.5214929e-20 1.3462362e-28
3853480.2 3.4126401e+16 8.1124786e+09 7.4432648e+08 5e-22 4.5083677e-20 1.3555112e-28
3857686.9 3.4160527e+16 8.1112039e+09 7.4479099e+08 5e-22 4.4952808e-20 1.3648102e-28
3861898.4 3.4194688e+16 8.1099278e+09 7.452563e+08 5e-22 4.4822322e-20 1.3741334e-28
3866114.8 3.4228883e+16 8.1086504e+09 7.4572239e+08 5e-22 4.4692219e-20 1.3834809e-28
3870336.1 3.4263112e+16 8.1073716e+09 7.4618929e+08 5e-22 4.4562496e-20 1.3928526e-28
3874562.2 3.4297375e+16 8.1060914e+09 7.4665697e+08 5e-22 4.4433153e-20 1.4022488e-28
3878793.3 3.4331672e+16 8.1048099e+09 7.4712545e+08 5e-22 4.4304188e-20 1.4116693e-28
3883029.3 3.4366004e+16 8.1035271e+09 7.4759473e+08 5e-22 4.4175601e-20 1.4211144e-28
3887270.1 3.440037e+16 8.1022429e+09 7.480648e+08 5e-22 4.404739e-20 1.4305839e-28
3891515.9 3.443477e+16 8.1009573e+09 7.4853568e+08 5e-22 4.3919555e-20 1.4400781e-28
3895766.6 3.4469205e+16 8.0996703e+09 7.4900734e+08 5e-22 4.3792094e-20 1.4495969e-28
3900022.3 3.4503674e+16 8.098382e+09 7.4947981e+08 5e-22 4.3665006e-20 1.4591405e-28
3904282.8 3.4538178e+16 8.0970923e+09 7.4995307e+08 5e-22 4.353829e-20 1.4687089e-28
3908548.3 3.4572716e+16 8.0958013e+09 7.5042713e+08 5e-22 4.3411945e-20 1.4783021e-28
3912818.8 3.4607289e+16 8.0945089e+09 7.50902e+08 5e-22 4.3285969e-20 1.4879202e-28
3917094.2 3.4641896e+16 8.0932151e+09 7.5137766e+08 5e-22 4.3160363e-20 1.4975633e-28
3921374.5 3.4676538e+16 8.0919199e+09 7.5185412e+08 5e-22 4.3035124e-20 1.5072314e-28
3925659.9 3.4711214e+16 8.0906234e+09 7.5233138e+08 5e-22 4.2910251e-20 1.5169246e-28
3929950.2 3.4745926e+16 8.0893255e+09 7.5280945e+08 5e-22 4.2785744e-20 1.5266429e-28
3934245.4 3.4780671e+16 8.0880262e+09 7.5328831e+08 5e-22 4.2661602e-20 1.5363865e-28
3938545.7 3.4815452e+16 8.0867256e+09 7.5376798e+08 5e-22 4.2537822e-20 1.5461553e-28
3942851 3.4850268e+16 8.0854235e+09 7.5424845e+08 5e-22 4.2414405e-20 1.5559495e-28
3947161.2 3.4885118e+16 8.0841201e+09 7.5472972e+08 5e-22 4.229135e-20 1.5657691e-28
3951476.5 3.4920003e+16 8.0828153e+09 7.552118e+08 5e-22 4.2168654e-20 1.5756142e-28
3955796.8 3.4954923e+16 8.0815091e+09 7.5569468e+08 5e-22 4.2046317e-20 1.5854848e-28
3960122.1 3.4989878e+16 8.0802015e+09 7.5617837e+08 5e-22 4.1924339e-20 1.5953809e-28
3964452.4 3.5024868e+16 8.0788925e+09 7.5666286e+08 5e-22 4.1802718e-20 1.6053028e-28
3968787.8 3.5059893e+16 8.0775822e+09 7.5714816e+08 5e-22 4.1681452e-20 1.6152503e-28
3973128.1 3.5094953e+16 8.0762704e+09 7.5763426e+08 5e-22 4.1560541e-20 1.6252237e-28
3977473.6 3.5130047e+16 8.0749573e+09 7.5812117e+08 5e-22 4.1439985e-20 1.6352229e-28
3981824.1 3.5165178e+16 8.0736427e+09 7.5860888e+08 5e-22 4.1319781e-20 1.6452479e-28
3986179.6 3.5200343e+16 8.0723268e+09 7.5909741e+08 5e-22 4.1199928e-20 1.655299e-28
3990540.3 3.5235543e+16 8.0710095e+09 7.5958674e+08 5e-22 4.1080427e-20 1.6653761e-28
3994905.9 3.5270779e+16 8.0696907e+09 7.6007688e+08 5e-22 4.0961275e-20 1.6754793e-28
3999276.7 3.5306049e+16 8.0683706e+09 7.6056783e+08 5e-22 4.0842472e-20 1.6856087e-28
4003652.6 3.5341355e+16 8.0670491e+09 7.6105959e+08 5e-22 4.0724017e-20 1.6957643e-28
4008033.5 3.5376697e+16 8.0657261e+09 7.6155216e+08 5e-22 4.0605908e-20 1.7059462e-28
4012419.6 3.5412073e+16 8.0644018e+09 7.6204553e+08 5e-22 4.0488145e-20 1.7161544e-28
4016810.7 3.5447486e+16 8.063076e+09 7.6253972e+08 5e-22 4.0370726e-20 1.7263891e-28
4021207 3.5482933e+16 8.0617489e+09 7.6303472e+08 5e-22 4.0253652e-20 1.7366502e-28
4025608.4 3.5518416e+16 8.0604203e+09 7.6353054e+08 5e-22 4.0136919e-20 1.746938e-28
4030014.9 3.5553934e+16 8.0590903e+09 7.6402716e+08 5e-22 4.0020528e-20 1.7572523e-28
4034426.6 3.5589488e+16 8.0577589e+09 7.645246e+08 5e-22 3.9904478e-20 1.7675933e-28
4038843.4 3.5625078e+16 8.0564261e+09 7.6502285e+08 5e-22 3.9788768e-20 1.7779611e-28
4043265.3 3.5660703e+16 8.0550919e+09 7.6552191e+08 5e-22 3.9673396e-20 1.7883557e-28
4047692.4 3.5696364e+16 8.0537563e+09 7.6602179e+08 5e-22 3.9558361e-20 1.7987772e-28
4052124.7 3.573206e+16 8.0524192e+09 7.6652249e+08 5e-22 3.9443664e-20 1.8092256e-28
4056562.1 3.5767792e+16 8.0510807e+09 7.6702399e+08 5e-22 3.9329302e-20 1.8197011e-28
4061004.7 3.580356e+16 8.0497408e+09 7.6752632e+08 5e-22 3.9215274e-20 1.8302036e-28
4065452.5 3.5839363e+16 8.0483995e+09 7.6802946e+08 5e-22 3.910158e-20 1.8407333e-28
4069905.5 3.5875203e+16 8.0470568e+09 7.6853341e+08 5e-22 3.8988219e-20 1.8512902e-28
4074363.7 3.5911078e+16 8.0457126e+09 7.6903818e+08 5e-22 3.887519e-20 1.8618744e-28
4078827.1 3.5946989e+16 8.044367e+09 7.6954377e+08 5e-22 3.8762491e-20 1.872486e-28
4083295.6 3.5982936e+16 8.04302e+09 7.7005018e+08 5e-22 3.8650122e-20 1.8831249e-28
4087769.5 3.6018919e+16 8.0416715e+09 7.7055741e+08 5e-22 3.8538081e-20 1.8937914e-28
4092248.5 3.6054938e+16 8.0403216e+09 7.7106545e+08 5e-22 3.8426369e-20 1.9044854e-28
4096732.8 3.6090993e+16 8.0389703e+09 7.7157431e+08 5e-22 3.8314983e-20 1.915207e-28
4101222.3 3.6127084e+16 8.0376175e+09 7.72084e+08 5e-22 3.8203924e-20 1.9259564e-28
4105717 3.6163211e+16 8.0362633e+09 7.725945e+08 5e-22 3.8093189e-20 1.9367335e-28
4110217 3.6199374e+16 8.0349077e+09 7.7310582e+08 5e-22 3.7982778e-20 1.9475384e-28
4114722.3 3.6235573e+16 8.0335506e+09 7.7361797e+08 5e-22 3.787269e-20 1.9583712e-28
4119232.8 3.6271809e+16 8.0321921e+09 7.7413093e+08 5e-22 3.7762925e-20 1.969232e-28
4123748.6 3.6308081e+16 8.0308321e+09 7.7464472e+08 5e-22 3.765348e-20 1.9801208e-28
4128269.7 3.6344389e+16 8.0294707e+09 7.7515933e+08 5e-22 3.7544356e-20 1.9910377e-28
4132796.1 3.6380733e+16 8.0281078e+09 7.7567476e+08 5e-22 3.7435551e-20 2.0019828e-28
4137327.7 3.6417114e+16 8.0267435e+09 7.7619102e+08 5e-22 3.7327064e-20 2.0129562e-28
4141864.7 3.6453531e+16 8.0253778e+09 7.767081e+08 5e-22 3.7218895e-20 2.0239579e-28
4146407 3.6489985e+16 8.0240106e+09 7.77226e+08 5e-22 3.7111042e-20 2.0349879e-28
4150954.6 3.6526475e+16 8.0226419e+09 7.7774473e+08 5e-22 3.7003504e-20 2.0460464e-28
4155507.5 3.6563001e+16 8.0212718e+09 7.7826428e+08 5e-22 3.6896281e-20 2.0571334e-28
4160065.8 3.6599564e+16 8.0199002e+09 7.7878466e+08 5e-22 3.6789372e-20 2.0682491e-28
4164629.4 3.6636164e+16 8.0185272e+09 7.7930587e+08 5e-22 3.6682776e-20 2.0793934e-28
4169198.3 3.66728e+16 8.0171527e+09 7.798279e+08 5e-22 3.6576491e-20 2.0905664e-28
4173772.6 3.6709473e+16 8.0157767e+09 7.8035075e+08 5e-22 3.6470518e-20 2.1017682e-28
4178352.3 3.6746182e+16 8.0143993e+09 7.8087444e+08 5e-22 3.6364854e-20 2.1129989e-28
4182937.3 3.6782928e+16 8.0130205e+09 7.8139895e+08 5e-22 3.62595e-20 2.1242586e-28
4187527.7 3.6819711e+16 8.0116401e+09 7.8192429e+08 5e-22 3.6154453e-20 2.1355473e-28
4192123.4 3.6856531e+16 8.0102583e+09 7.8245045e+08 5e-22 3.6049714e-20 2.1468651e-28
4196724.6 3.6893387e+16 8.008875e+09 7.8297745e+08 5e-22 3.5945281e-20 2.1582121e-28
4201331.2 3.6930281e+16 8.0074903e+09 7.8350528e+08 5e-22 3.5841154e-20 2.1695882e-28
4205943.1 3.6967211e+16 8.0061041e+09 7.8403393e+08 5e-22 3.5737332e-20 2.1809938e-28
4210560.5 3.7004178e+16 8.0047164e+09 7.8456342e+08 5e-22 3.5633813e-20 2.1924286e-28
4215183.3 3.7041183e+16 8.0033272e+09 7.8509373e+08 5e-22 3.5530597e-20 2.203893e-28
4219811.5 3.7078224e+16 8.0019366e+09 7.8562488e+08 5e-22 3.5427682e-20 2.2153869e-28
4224445.2 3.7115302e+16 8.0005445e+09 7.8615686e+08 5e-22 3.5325069e-20 2.2269103e-28
4229084.3 3.7152417e+16 7.9991509e+09 7.8668967e+08 5e-22 3.5222756e-20 2.2384635e-28
4233728.8 3.718957e+16 7.9977558e+09 7.8722331e+08 5e-22 3.5120742e-20 2.2500464e-28
4238378.8 3.7226759e+16 7.9963593e+09 7.8775778e+08 5e-22 3.5019027e-20 2.2616591e-28
4243034.3 3.7263986e+16 7.9949612e+09 7.8829309e+08 5e-22 3.4917609e-20 2.2733018e-28
4247695.2 3.730125e+16 7.9935617e+09 7.8882923e+08 5e-22 3.4816488e-20 2.2849744e-28
4252361.6 3.7338551e+16 7.9921607e+09 7.8936621e+08 5e-22 3.4715662e-20 2.296677e-28
4257033.5 3.737589e+16 7.9907582e+09 7.8990402e+08 5e-22 3.4615132e-20 2.3084098e-28
4261710.9 3.7413266e+16 7.9893542e+09 7.9044266e+08 5e-22 3.4514895e-20 2.3201727e-28
4266393.8 3.7450679e+16 7.9879487e+09 7.9098214e+08 5e-22 3.4414952e-20 2.3319659e-28
4271082.2 3.748813e+16 7.9865418e+09 7.9152245e+08 5e-22 3.4315301e-20 2.3437895e-28
4275776.1 3.7525618e+16 7.9851333e+09 7.920636e+08 5e-22 3.4215941e-20 2.3556435e-28
4280475.6 3.7563143e+16 7.9837233e+09 7.9260559e+08 5e-22 3.4116872e-20 2.367528e-28
4285180.5 3.7600706e+16 7.9823119e+09 7.9314841e+08 5e-22 3.4018093e-20 2.379443e-28
4289891 3.7638307e+16 7.9808989e+09 7.9369207e+08 5e-22 3.3919602e-20 2.3913887e-28
4294607.1 3.7675946e+16 7.9794845e+09 7.9423657e+08 5e-22 3.38214e-20 2.4033651e-28
4299328.7 3.7713621e+16 7.9780685e+09 7.9478191e+08 5e-22 3.3723485e-20 2.4153724e-28
4304055.8 3.7751335e+16 7.976651e+09 7.9532808e+08 5e-22 3.3625856e-20 2.4274104e-28
4308788.6 3.7789086e+16 7.9752321e+09 7.958751e+08 5e-22 3.3528513e-20 2.4394795e-28
4313526.9 3.7826875e+16 7.9738116e+09 7.9642295e+08 5e-22 3.3431454e-20 2.4515796e-28
4318270.8 3.7864702e+16 7.9723896e+09 7.9697164e+08 5e-22 3.3334679e-20 2.4637107e-28
4323020.3 3.7902567e+16 7.9709661e+09 7.9752117e+08 5e-22 3.3238187e-20 2.4758731e-28
4327775.3 3.794047e+16 7.9695411e+09 7.9807154e+08 5e-22 3.3141978e-20 2.4880667e-28
4332536 3.797841e+16 7.9681146e+09 7.9862275e+08 5e-22 3.3046049e-20 2.5002916e-28
4337302.3 3.8016389e+16 7.9666866e+09 7.9917481e+08 5e-22 3.2950401e-20 2.512548e-28
4342074.2 3.8054405e+16 7.965257e+09 7.997277e+08 5e-22 3.2855033e-20 2.5248359e-28
4346851.8 3.8092459e+16 7.963826e+09 8.0028144e+08 5e-22 3.2759944e-20 2.5371553e-28
4351635 3.8130552e+16 7.9623934e+09 8.0083602e+08 5e-22 3.2665133e-20 2.5495063e-28
4356423.8 3.8168682e+16 7.9609593e+09 8.0139144e+08 5e-22 3.2570599e-20 2.5618891e-28
4361218.3 3.8206851e+16 7.9595237e+09 8.0194771e+08 5e-22 3.2476342e-20 2.5743037e-28
4366018.4 3.8245058e+16 7.9580865e+09 8.0250481e+08 5e-22 3.238236e-20 2.5867502e-28
4370824.2 3.8283303e+16 7.9566478e+09 8.0306277e+08 5e-22 3.2288653e-20 2.5992287e-28
4375635.7 3.8321586e+16 7.9552076e+09 8.0362156e+08 5e-22 3.219522e-20 2.6117392e-28
4380452.9 3.8359908e+16 7.9537659e+09 8.041812e+08 5e-22 3.210206e-20 2.6242818e-28
4385275.8 3.8398268e+16 7.9523227e+09 8.0474169e+08 5e-22 3.2009172e-20 2.6368566e-28
4390104.3 3.8436666e+16 7.9508779e+09 8.0530302e+08 5e-22 3.1916556e-20 2.6494637e-28
4394938.6 3.8475103e+16 7.9494315e+09 8.058652e+08 5e-22 3.1824211e-20 2.6621032e-28
4399778.6 3.8513578e+16 7.9479837e+09 8.0642822e+08 5e-22 3.1732136e-20 2.6747751e-28
4404624.3 3.8552091e+16 7.9465343e+09 8.0699209e+08 5e-22 3.164033e-20 2.6874795e-28
4409475.7 3.8590643e+16 7.9450834e+09 8.075568e+08 5e-22 3.1548793e-20 2.7002165e-28
4414332.9 3.8629234e+16 7.9436309e+09 8.0812237e+08 5e-22 3.1457523e-20 2.7129862e-28
4419195.8 3.8667863e+16 7.9421769e+09 8.0868878e+08 5e-22 3.136652e-20 2.7257887e-28
4424064.5 3.8706531e+16 7.9407214e+09 8.0925604e+08 5e-22 3.1275783e-20 2.738624e-28
4428938.9 3.8745238e+16 7.9392643e+09 8.0982414e+08 5e-22 3.1185312e-20 2.7514923e-28
4433819.1 3.8783983e+16 7.9378056e+09 8.103931e+08 5e-22 3.1095104e-20 2.7643935e-28
4438705.1 3.8822767e+16 7.9363455e+09 8.109629e+08 5e-22 3.1005161e-20 2.7773279e-28
4443596.9 3.886159e+16 7.9348837e+09 8.1153356e+08 5e-22 3.0915481e-20 2.7902954e-28
4448494.4 3.8900451e+16 7.9334205e+09 8.1210506e+08 5e-22 3.0826062e-20 2.8032962e-28
4453397.8 3.8939352e+16 7.9319556e+09 8.1267741e+08 5e-22 3.0736905e-20 2.8163303e-28
4458307 3.8978291e+16 7.9304892e+09 8.1325062e+08 5e-22 3.0648009e-20 2.8293978e-28
4463221.9 3.9017269e+16 7.9290213e+09 8.1382467e+08 5e-22 3.0559373e-20 2.8424989e-28
4468142.8 3.9056287e+16 7.9275518e+09 8.1439958e+08 5e-22 3.0470996e-20 2.8556335e-28
4473069.4 3.9095343e+16 7.9260808e+09 8.1497534e+08 5e-22 3.0382877e-20 2.8688018e-28
4478001.9 3.9134438e+16 7.9246082e+09 8.1555195e+08 5e-22 3.0295016e-20 2.8820039e-28
4482940.3 3.9173573e+16 7.923134e+09 8.1612941e+08 5e-22 3.0207411e-20 2.8952398e-28
4487884.5 3.9212746e+16 7.9216583e+09 8.1670772e+08 5e-22 3.0120063e-20 2.9085096e-28
4492834.5 3.9251959e+16 7.920181e+09 8.1728689e+08 5e-22 3.003297e-20 2.9218134e-28
4497790.5 3.9291211e+16 7.9187021e+09 8.1786691e+08 5e-22 2.9946131e-20 2.9351513e-28
4502752.3 3.9330502e+16 7.9172217e+09 8.1844778e+08 5e-22 2.9859547e-20 2.9485234e-28
4507720 3.9369833e+16 7.9157397e+09 8.1902951e+08 5e-22 2.9773215e-20 2.9619298e-28
4512693.6 3.9409203e+16 7.9142562e+09 8.1961209e+08 5e-22 2.9687136e-20 2.9753704e-28
4517673.1 3.9448612e+16 7.912771e+09 8.2019553e+08 5e-22 2.9601309e-20 2.9888456e-28
4522658.6 3.948806e+16 7.9112843e+09 8.2077982e+08 5e-22 2.9515732e-20 3.0023552e-28
4527649.9 3.9527548e+16 7.9097961e+09 8.2136496e+08 5e-22 2.9430405e-20 3.0158995e-28
4532647.2 3.9567076e+16 7.9083062e+09 8.2195096e+08 5e-22 2.9345328e-20 3.0294784e-28
4537650.5 3.9606643e+16 7.9068148e+09 8.2253782e+08 5e-22 2.92605e-20 3.0430921e-28
4542659.6 3.964625e+16 7.9053218e+09 8.2312554e+08 5e-22 2.9175919e-20 3.0567407e-28
4547674.8 3.9685896e+16 7.9038272e+09 8.2371411e+08 5e-22 2.9091586e-20 3.0704242e-28
4552695.9 3.9725582e+16 7.902331e+09 8.2430354e+08 5e-22 2.9007499e-20 3.0841428e-28
4557722.9 3.9765307e+16 7.9008333e+09 8.2489382e+08 5e-22 2.8923658e-20 3.0978964e-28
4562756 3.9805073e+16 7.899334e+09 8.2548496e+08 5e-22 2.8840062e-20 3.1116853e-28
4567795 3.9844878e+16 7.8978331e+09 8.2607696e+08 5e-22 2.8756711e-20 3.1255095e-28
4572840.1 3.9884723e+16 7.8963306e+09 8.2666982e+08 5e-22 2.8673603e-20 3.1393691e-28
4577891.1 3.9924607e+16 7.8948265e+09 8.2726354e+08 5e-22 2.8590737e-20 3.1532641e-28
4582948.2 3.9964532e+16 7.8933208e+09 8.2785811e+08 5e-22 2.8508114e-20 3.1671947e-28
4588011.3 4.0004497e+16 7.8918135e+09 8.2845355e+08 5e-22 2.8425733e-20 3.181161e-28
4593080.4 4.0044501e+16 7.8903046e+09 8.2904984e+08 5e-22 2.8343592e-20 3.195163e-28
4598155.5 4.0084546e+16 7.8887942e+09 8.29647e+08 5e-22 2.8261691e-20 3.2092008e-28
4603236.7 4.012463e+16 7.8872821e+09 8.3024501e+08 5e-22 2.818003e-20 3.2232745e-28
4608324 4.0164755e+16 7.8857685e+09 8.3084389e+08 5e-22 2.8098607e-20 3.2373842e-28
4613417.3 4.0204919e+16 7.8842532e+09 8.3144362e+08 5e-22 2.8017422e-20 3.2515301e-28
4618516.7 4.0245124e+16 7.8827363e+09 8.3204422e+08 5e-22 2.7936475e-20 3.2657121e-28
4623622.2 4.0285369e+16 7.8812179e+09 8.3264567e+08 5e-22 2.7855764e-20 3.2799304e-28
4628733.7 4.0325655e+16 7.8796978e+09 8.3324799e+08 5e-22 2.7775289e-20 3.294185e-28
4633851.4 4.0365981e+16 7.8781762e+09 8.3385117e+08 5e-22 2.7695049e-20 3.3084761e-28
4638975.2 4.0406346e+16 7.8766529e+09 8.3445522e+08 5e-22 2.7615043e-20 3.3228038e-28
4644105.1 4.0446753e+16 7.875128e+09 8.3506012e+08 5e-22 2.7535271e-20 3.3371681e-28
4649241.1 4.04872e+16 7.8736015e+09 8.3566589e+08 5e-22 2.7455733e-20 3.3515691e-28
4654383.2 4.0527687e+16 7.8720734e+09 8.3627252e+08 5e-22 2.7376427e-20 3.3660069e-28
4659531.5 4.0568214e+16 7.8705437e+09 8.3688002e+08 5e-22 2.7297352e-20 3.3804817e-28
4664685.9 4.0608783e+16 7.8690123e+09 8.3748838e+08 5e-22 2.7218509e-20 3.3949934e-28
4669846.5 4.0649391e+16 7.8674794e+09 8.380976e+08 5e-22 2.7139896e-20 3.4095423e-28
4675013.3 4.0690041e+16 7.8659448e+09 8.3870769e+08 5e-22 2.7061512e-20 3.4241283e-28
4680186.2 4.0730731e+16 7.8644087e+09 8.3931864e+08 5e-22 2.6983358e-20 3.4387516e-28
4685365.4 4.0771462e+16 7.8628708e+09 8.3993045e+08 5e-22 2.6905432e-20 3.4534123e-28
4690550.7 4.0812233e+16 7.8613314e+09 8.4054314e+08 5e-22 2.6827734e-20 3.4681105e-28
4695742.2 4.0853045e+16 7.8597904e+09 8.4115668e+08 5e-22 2.6750262e-20 3.4828462e-28
4700939.9 4.0893898e+16 7.8582477e+09 8.4177109e+08 5e-22 2.6673018e-20 3.4976195e-28
4706143.9 4.0934792e+16 7.8567034e+09 8.4238637e+08 5e-22 2.6595998e-20 3.5124307e-28
4711354 4.0975727e+16 7.8551575e+09 8.4300252e+08 5e-22 2.6519204e-20 3.5272796e-28
4716570.5 4.1016703e+16 7.8536099e+09 8.4361953e+08 5e-22 2.6442634e-20 3.5421665e-28
4721793.1 4.1057719e+16 7.8520607e+09 8.4423741e+08 5e-22 2.6366288e-20 3.5570914e-28
4727022 4.1098777e+16 7.8505099e+09 8.4485615e+08 5e-22 2.6290165e-20 3.5720544e-28
4732257.2 4.1139876e+16 7.8489574e+09 8.4547576e+08 5e-22 2.6214264e-20 3.5870557e-28
4737498.6 4.1181016e+16 7.8474034e+09 8.4609624e+08 5e-22 2.6138585e-20 3.6020953e-28
4742746.4 4.1222197e+16 7.8458476e+09 8.4671759e+08 5e-22 2.6063127e-20 3.6171733e-28
4748000.4 4.1263419e+16 7.8442903e+09 8.473398e+08 5e-22 2.598789e-20 3.6322897e-28
4753260.7 4.1304683e+16 7.8427313e+09 8.4796289e+08 5e-22 2.5912872e-20 3.6474448e-28
4758527.3 4.1345987e+16 7.8411706e+09 8.4858684e+08 5e-22 2.5838073e-20 3.6626386e-28
4763800.2 4.1387333e+16 7.8396083e+09 8.4921166e+08 5e-22 2.5763493e-20 3.6778712e-28
4769079.5 4.1428721e+16 7.8380444e+09 8.4983735e+08 5e-22 2.5689131e-20 3.6931427e-28
4774365.1 4.1470149e+16 7.8364788e+09 8.5046391e+08 5e-22 2.5614986e-20 3.7084531e-28
4779657 4.1511619e+16 7.8349116e+09 8.5109134e+08 5e-22 2.5541058e-20 3.7238027e-28
4784955.3 4.1553131e+16 7.8333427e+09 8.5171964e+08 5e-22 2.5467346e-20 3.7391914e-28
4790260 4.1594684e+16 7.8317722e+09 8.5234881e+08 5e-22 2.5393848e-20 3.7546194e-28
4795571 4.1636279e+16 7.8302e+09 8.5297885e+08 5e-22 2.5320566e-20 3.7700868e-28
4800888.4 4.1677915e+16 7.8286262e+09 8.5360976e+08 5e-22 2.5247498e-20 3.7855936e-28
4806212.2 4.1719593e+16 7.8270507e+09 8.5424154e+08 5e-22 2.5174643e-20 3.8011401e-28
4811542.4 4.1761313e+16 7.8254736e+09 8.5487419e+08 5e-22 2.5102001e-20 3.8167262e-28
4816878.9 4.1803074e+16 7.8238948e+09 8.5550772e+08 5e-22 2.5029571e-20 3.8323521e-28
4822221.9 4.1844877e+16 7.8223143e+09 8.5614211e+08 5e-22 2.4957352e-20 3.8480178e-28
4827571.4 4.1886722e+16 7.8207322e+09 8.5677738e+08 5e-22 2.4885345e-20 3.8637235e-28
4832927.2 4.1928609e+16 7.8191484e+09 8.5741352e+08 5e-22 2.4813548e-20 3.8794693e-28
4838289.5 4.1970537e+16 7.817563e+09 8.5805053e+08 5e-22 2.474196e-20 3.8952553e-28
4843658.3 4.2012508e+16 7.8159759e+09 8.5868841e+08 5e-22 2.4670582e-20 3.9110815e-28
4849033.5 4.205452e+16 7.8143871e+09 8.5932717e+08 5e-22 2.4599412e-20 3.9269481e-28
4854415.2 4.2096575e+16 7.8127966e+09 8.599668e+08 5e-22 2.452845e-20 3.9428552e-28
4859803.3 4.2138671e+16 7.8112045e+09 8.606073e+08 5e-22 2.4457695e-20 3.9588028e-28
4865198 4.218081e+16 7.8096107e+09 8.6124867e+08 5e-22 2.4387147e-20 3.9747911e-28
4870599.1 4.2222991e+16 7.8080153e+09 8.6189092e+08 5e-22 2.4316804e-20 3.9908202e-28
4876006.7 4.2265214e+16 7.8064182e+09 8.6253404e+08 5e-22 2.4246668e-20 4.0068902e-28
4881420.9 4.2307479e+16 7.8048194e+09 8.6317804e+08 5e-22 2.4176736e-20 4.0230011e-28
4886841.6 4.2349786e+16 7.8032189e+09 8.6382291e+08 5e-22 2.4107008e-20 4.0391532e-28
4892268.8 4.2392136e+16 7.8016167e+09 8.6446866e+08 5e-22 2.4037484e-20 4.0553464e-28
4897702.6 4.2434528e+16 7.8000129e+09 8.6511528e+08 5e-22 2.3968163e-20 4.0715809e-28
4903142.9 4.2476963e+16 7.7984074e+09 8.6576277e+08 5e-22 2.3899044e-20 4.0878568e-28
4908589.8 4.251944e+16 7.7968002e+09 8.6641114e+08 5e-22 2.3830128e-20 4.1041741e-28
4914043.2 4.2561959e+16 7.7951913e+09 8.6706039e+08 5e-22 2.3761412e-20 4.1205331e-28
4919503.2 4.2604521e+16 7.7935807e+09 8.6771051e+08 5e-22 2.3692897e-20 4.1369338e-28
4924969.9 4.2647126e+16 7.7919685e+09 8.683615e+08 5e-22 2.3624582e-20 4.1533763e-28
4930443.1 4.2689773e+16 7.7903545e+09 8.6901338e+08 5e-22 2.3556467e-20 4.1698607e-28
4935922.9 4.2732463e+16 7.7887389e+09 8.6966612e+08 5e-22 2.3488551e-20 4.1863871e-28
4941409.3 4.2775195e+16 7.7871215e+09 8.7031975e+08 5e-22 2.3420832e-20 4.2029556e-28
4946902.4 4.281797e+16 7.7855025e+09 8.7097425e+08 5e-22 2.3353312e-20 4.2195663e-28
4952402.1 4.2860788e+16 7.7838818e+09 8.7162963e+08 5e-22 2.3285989e-20 4.2362194e-28
4957908.5 4.2903649e+16 7.7822594e+09 8.7228588e+08 5e-22 2.3218862e-20 4.2529149e-28
4963421.5 4.2946553e+16 7.7806353e+09 8.7294301e+08 5e-22 2.3151931e-20 4.269653e-28
4968941.1 4.2989499e+16 7.7790095e+09 8.7360102e+08 5e-22 2.3085196e-20 4.2864337e-28
4974467.5 4.3032489e+16 7.777382e+09 8.7425991e+08 5e-22 2.3018655e-20 4.3032571e-28
4980000.5 4.3075521e+16 7.7757528e+09 8.7491967e+08 5e-22 2.2952309e-20 4.3201234e-28
4985540.2 4.3118597e+16 7.7741219e+09 8.7558031e+08 5e-22 2.2886157e-20 4.3370327e-28
4991086.7 4.3161715e+16 7.7724892e+09 8.7624183e+08 5e-22 2.2820197e-20 4.353985e-28
4996639.8 4.3204877e+16 7.7708549e+09 8.7690422e+08 5e-22 2.2754431e-20 4.3709806e-28
5002199.7 4.3248082e+16 7.7692189e+09 8.775675e+08 5e-22 2.2688856e-20 4.3880194e-28
5007766.3 4.329133e+16 7.7675812e+09 8.7823165e+08 5e-22 2.2623472e-20 4.4051016e-28
5013339.6 4.3334621e+16 7.7659417e+09 8.7889668e+08 5e-22 2.255828e-20 4.4222273e-28
5018919.7 4.3377956e+16 7.7643006e+09 8.7956259e+08 5e-22 2.2493278e-20 4.4393967e-28
5024506.5 4.3421334e+16 7.7626577e+09 8.8022938e+08 5e-22 2.2428465e-20 4.4566097e-28
5030100.2 4.3464755e+16 7.7610131e+09 8.8089705e+08 5e-22 2.2363842e-20 4.4738666e-28
5035700.5 4.350822e+16 7.7593668e+09 8.815656e+08 5e-22 2.2299407e-20 4.4911675e-28
5041307.7 4.3551728e+16 7.7577188e+09 8.8223502e+08 5e-22 2.2235161e-20 4.5085124e-28
5046921.7 4.359528e+16 7.756069e+09 8.8290533e+08 5e-22 2.2171102e-20 4.5259014e-28
5052542.5 4.3638875e+16 7.7544176e+09 8.8357651e+08 5e-22 2.210723e-20 4.5433348e-28
5058170.1 4.3682514e+16 7.7527644e+09 8.8424858e+08 5e-22 2.2043544e-20 4.5608125e-28
5063804.6 4.3726197e+16 7.7511095e+09 8.8492152e+08 5e-22 2.1980045e-20 4.5783347e-28
5069445.9 4.3769923e+16 7.7494529e+09 8.8559535e+08 5e-22 2.191673e-20 4.5959015e-28
5075094 4.3813693e+16 7.7477945e+09 8.8627005e+08 5e-22 2.1853601e-20 4.6135131e-28
5080749 4.3857507e+16 7.7461344e+09 8.8694564e+08 5e-22 2.1790656e-20 4.6311694e-28
5086410.8 4.3901364e+16 7.7444726e+09 8.8762211e+08 5e-22 2.1727894e-20 4.6488707e-28
5092079.6 4.3945265e+16 7.7428091e+09 8.8829945e+08 5e-22 2.1665316e-20 4.6666171e-28
5097755.2 4.3989211e+16 7.7411438e+09 8.8897768e+08 5e-22 2.160292e-20 4.6844086e-28
5103437.7 4.40332e+16 7.7394768e+09 8.8965679e+08 5e-22 2.1540707e-20 4.7022454e-28
5109127.1 4.4077233e+16 7.7378081e+09 8.9033678e+08 5e-22 2.1478675e-20 4.7201276e-28
5114823.5 4.412131e+16 7.7361376e+09 8.9101764e+08 5e-22 2.1416824e-20 4.7380554e-28
5120526.8 4.4165432e+16 7.7344654e+09 8.916994e+08 5e-22 2.1355153e-20 4.7560287e-28
5126237 4.4209597e+16 7.7327915e+09 8.9238203e+08 5e-22 2.1293663e-20 4.7740478e-28
5131954.1 4.4253807e+16 7.7311158e+09 8.9306554e+08 5e-22 2.1232352e-20 4.7921127e-28
5137678.2 4.429806e+16 7.7294383e+09 8.9374994e+08 5e-22 2.117122e-20 4.8102235e-28
5143409.3 4.4342359e+16 7.7277592e+09 8.9443521e+08 5e-22 2.1110266e-20 4.8283805e-28
5149147.4 4.4386701e+16 7.7260782e+09 8.9512137e+08 5e-22 2.104949e-20 4.8465837e-28
5154892.4 4.4431088e+16 7.7243956e+09 8.9580841e+08 5e-22 2.0988892e-20 4.8648331e-28
5160644.5 4.4475519e+16 7.7227112e+09 8.9649634e+08 5e-22 2.092847e-20 4.883129e-28
5166403.5 4.4519994e+16 7.721025e+09 8.9718514e+08 5e-22 2.0868225e-20 4.9014714e-28
5172169.6 4.4564514e+16 7.7193371e+09 8.9787483e+08 5e-22 2.0808155e-20 4.9198605e-28
5177942.7 4.4609079e+16 7.7176474e+09 8.985654e+08 5e-22 2.0748261e-20 4.9382964e-28
5183722.9 4.4653688e+16 7.715956e+09 8.9925685e+08 5e-22 2.0688541e-20 4.9567791e-28
5189510 4.4698341e+16 7.7142628e+09 8.9994918e+08 5e-22 2.0628996e-20 4.9753089e-28
5195304.3 4.474304e+16 7.7125679e+09 9.006424e+08 5e-22 2.0569625e-20 4.9938858e-28
5201105.6 4.4787783e+16 7.7108712e+09 9.013365e+08 5e-22 2.0510427e-20 5.0125099e-28
5206914 4.4832571e+16 7.7091728e+09 9.0203148e+08 5e-22 2.0451401e-20 5.0311814e-28
5212729.5 4.4877403e+16 7.7074726e+09 9.0272734e+08 5e-22 2.0392548e-20 5.0499004e-28
5218552.1 4.4922281e+16 7.7057706e+09 9.0342409e+08 5e-22 2.0333866e-20 5.068667e-28
5224381.8 4.4967203e+16 7.7040669e+09 9.0412172e+08 5e-22 2.0275356e-20 5.0874813e-28
5230218.6 4.501217e+16 7.7023614e+09 9.0482023e+08 5e-22 2.0217016e-20 5.1063435e-28
5236062.5 4.5057182e+16 7.7006542e+09 9.0551963e+08 5e-22 2.0158847e-20 5.1252536e-28
5241913.6 4.5102239e+16 7.6989452e+09 9.0621991e+08 5e-22 2.0100847e-20 5.1442118e-28
5247771.8 4.5147342e+16 7.6972344e+09 9.0692107e+08 5e-22 2.0043016e-20 5.1632181e-28
5253637.2 4.5192489e+16 7.6955218e+09 9.0762312e+08 5e-22 1.9985355e-20 5.1822728e-28
5259509.8 4.5237682e+16 7.6938075e+09 9.0832604e+08 5e-22 1.9927861e-20 5.201376e-28
5265389.6 4.5282919e+16 7.6920914e+09 9.0902986e+08 5e-22 1.9870535e-20 5.2205277e-28
5271276.5 4.5328202e+16 7.6903735e+09 9.0973455e+08 5e-22 1.9813376e-20 5.2397281e-28
5277170.7 4.537353e+16 7.6886539e+09 9.1044013e+08 5e-22 1.9756385e-20 5.2589773e-28
5283072 4.5418904e+16 7.6869324e+09 9.111466e+08 5e-22 1.9699559e-20 5.2782754e-28
5288980.6 4.5464323e+16 7.6852092e+09 9.1185394e+08 5e-22 1.9642899e-20 5.2976226e-28
5294896.4 4.5509787e+16 7.6834842e+09 9.1256217e+08 5e-22 1.9586404e-20 5.317019e-28
5300819.5 4.5555297e+16 7.6817575e+09 9.1327129e+08 5e-22 1.9530075e-20 5.3364647e-28
5306749.8 4.5600852e+16 7.6800289e+09 9.1398129e+08 5e-22 1.9473909e-20 5.3559597e-28
5312687.4 4.5646453e+16 7.6782986e+09 9.1469217e+08 5e-22 1.9417907e-20 5.3755044e-28
5318632.3 4.5692099e+16 7.6765665e+09 9.1540393e+08 5e-22 1.9362069e-20 5.3950987e-28
5324584.4 4.5737792e+16 7.6748326e+09 9.1611658e+08 5e-22 1.9306394e-20 5.4147428e-28
5330543.9 4.5783529e+16 7.6730969e+09 9.1683012e+08 5e-22 1.9250881e-20 5.4344368e-28
5336510.6 4.5829313e+16 7.6713594e+09 9.1754454e+08 5e-22 1.919553e-20 5.4541808e-28
5342484.7 4.5875142e+16 7.6696202e+09 9.1825984e+08 5e-22 1.914034e-20 5.473975e-28
5348466.1 4.5921017e+16 7.6678791e+09 9.1897602e+08 5e-22 1.9085311e-20 5.4938196e-28
5354454.9 4.5966938e+16 7.6661362e+09 9.1969309e+08 5e-22 1.9030443e-20 5.5137145e-28
5360451 4.6012905e+16 7.6643916e+09 9.2041105e+08 5e-22 1.8975735e-20 5.53366e-28
5366454.4 4.6058918e+16 7.6626452e+09 9.2112988e+08 5e-22 1.8921186e-20 5.5536562e-28
5372465.3 4.6104977e+16 7.6608969e+09 9.218496e+08 5e-22 1.8866796e-20 5.5737031e-28
5378483.5 4.6151082e+16 7.6591469e+09 9.2257021e+08 5e-22 1.8812565e-20 5.593801e-28
5384509.1 4.6197233e+16 7.657395e+09 9.232917e+08 5e-22 1.8758493e-20 5.61395e-28
5390542.1 4.624343e+16 7.6556414e+09 9.2401407e+08 5e-22 1.8704577e-20 5.6341501e-28
5396582.6 4.6289674e+16 7.653886e+09 9.2473733e+08 5e-22 1.865082e-20 5.6544016e-28
5402630.4 4.6335964e+16 7.6521287e+09 9.2546147e+08 5e-22 1.8597218e-20 5.6747045e-28
5408685.7 4.6382299e+16 7.6503697e+09 9.261865e+08 5e-22 1.8543774e-20 5.695059e-28
5414748.5 4.6428682e+16 7.6486088e+09 9.2691241e+08 5e-22 1.8490485e-20 5.7154651e-28
5420818.7 4.647511e+16 7.6468462e+09 9.2763921e+08 5e-22 1.8437351e-20 5.7359231e-28
5426896.4 4.6521586e+16 7.6450817e+09 9.2836688e+08 5e-22 1.8384372e-20 5.7564331e-28
5432981.6 4.6568107e+16 7.6433154e+09 9.2909545e+08 5e-22 1.8331548e-20 5.7769951e-28
5439074.2 4.6614675e+16 7.6415473e+09 9.2982489e+08 5e-22 1.8278878e-20 5.7976094e-28
5445174.4 4.666129e+16 7.6397774e+09 9.3055522e+08 5e-22 1.8226362e-20 5.818276e-28
5451282.1 4.6707951e+16 7.6380057e+09 9.3128644e+08 5e-22 1.8173998e-20 5.8389951e-28
5457397.3 4.6754659e+16 7.6362321e+09 9.3201854e+08 5e-22 1.8121787e-20 5.8597669e-28
5463520 4.6801414e+16 7.6344568e+09 9.3275152e+08 5e-22 1.8069729e-20 5.8805914e-28
5469650.3 4.6848215e+16 7.6326796e+09 9.3348539e+08 5e-22 1.8017822e-20 5.9014687e-28
5475788.1 4.6895063e+16 7.6309006e+09 9.3422014e+08 5e-22 1.7966067e-20 5.9223991e-28
5481933.6 4.6941959e+16 7.6291198e+09 9.3495577e+08 5e-22 1.7914462e-20 5.9433826e-28
5488086.5 4.6988901e+16 7.6273372e+09 9.3569229e+08 5e-22 1.7863008e-20 5.9644194e-28
5494247.1 4.7035889e+16 7.6255527e+09 9.3642969e+08 5e-22 1.7811704e-20 5.9855096e-28
5500415.3 4.7082925e+16 7.6237664e+09 9.3716798e+08 5e-22 1.7760549e-20 6.0066534e-28
5506591.1 4.7130008e+16 7.6219783e+09 9.3790715e+08 5e-22 1.7709544e-20 6.0278508e-28
5512774.6 4.7177138e+16 7.6201884e+09 9.386472e+08 5e-22 1.7658687e-20 6.049102e-28
5518965.7 4.7224315e+16 7.6183966e+09 9.3938814e+08 5e-22 1.7607979e-20 6.0704073e-28
5525164.4 4.727154e+16 7.616603e+09 9.4012996e+08 5e-22 1.7557418e-20 6.0917665e-28
5531370.8 4.7318811e+16 7.6148076e+09 9.4087266e+08 5e-22 1.7507005e-20 6.1131801e-28
5537584.8 4.736613e+16 7.6130103e+09 9.4161625e+08 5e-22 1.7456739e-20 6.1346479e-28
5543806.5 4.7413496e+16 7.6112112e+09 9.4236072e+08 5e-22 1.7406619e-20 6.1561703e-28
5550036 4.746091e+16 7.6094103e+09 9.4310607e+08 5e-22 1.7356646e-20 6.1777473e-28
5556273.1 4.7508371e+16 7.6076075e+09 9.4385231e+08 5e-22 1.7306818e-20 6.1993791e-28
5562518 4.7555879e+16 7.6058029e+09 9.4459943e+08 5e-22 1.7257135e-20 6.2210658e-28
5568770.5 4.7603435e+16 7.6039965e+09 9.4534743e+08 5e-22 1.7207597e-20 6.2428075e-28
5575030.8 4.7651038e+16 7.6021882e+09 9.4609632e+08 5e-22 1.7158203e-20 6.2646044e-28
5581298.9 4.7698689e+16 7.6003781e+09 9.4684609e+08 5e-22 1.7108954e-20 6.2864567e-28
5587574.7 4.7746388e+16 7.5985661e+09 9.4759674e+08 5e-22 1.7059848e-20 6.3083644e-28
5593858.4 4.7794134e+16 7.5967523e+09 9.4834828e+08 5e-22 1.7010885e-20 6.3303277e-28
5600149.7 4.7841928e+16 7.5949366e+09 9.491007e+08 5e-22 1.6962065e-20 6.3523467e-28
5606448.9 4.788977e+16 7.5931191e+09 9.49854e+08 5e-22 1.6913387e-20 6.3744217e-28
5612755.9 4.793766e+16 7.5912997e+09 9.5060818e+08 5e-22 1.6864851e-20 6.3965526e-28
5619070.7 4.7985598e+16 7.5894785e+09 9.5136324e+08 5e-22 1.6816456e-20 6.4187397e-28
5625393.4 4.8033583e+16 7.5876555e+09 9.5211919e+08 5e-22 1.6768202e-20 6.4409831e-28
5631723.9 4.8081617e+16 7.5858305e+09 9.5287602e+08 5e-22 1.6720089e-20 6.463283e-28
5638062.2 4.8129699e+16 7.5840038e+09 9.5363373e+08 5e-22 1.6672117e-20 6.4856394e-28
5644408.4 4.8177828e+16 7.5821752e+09 9.5439233e+08 5e-22 1.6624284e-20 6.5080526e-28
5650762.5 4.8226006e+16 7.5803447e+09 9.551518e+08 5e-22 1.657659e-20 6.5305227e-28
5657124.5 4.8274232e+16 7.5785123e+09 9.5591216e+08 5e-22 1.6529036e-20 6.5530497e-28
5663494.4 4.8322506e+16 7.5766781e+09 9.566734e+08 5e-22 1.648162e-20 6.5756339e-28
5669872.2 4.8370829e+16 7.5748421e+09 9.5743552e+08 5e-22 1.6434342e-20 6.5982755e-28
5676257.9 4.84192e+16 7.5730042e+09 9.5819852e+08 5e-22 1.6387202e-20 6.6209744e-28
5682651.6 4.8467619e+16 7.5711644e+09 9.5896241e+08 5e-22 1.6340199e-20 6.643731e-28
5689053.2 4.8516087e+16 7.5693228e+09 9.5972717e+08 5e-22 1.6293333e-20 6.6665453e-28
5695462.7 4.8564603e+16 7.5674793e+09 9.6049282e+08 5e-22 1.6246604e-20 6.6894175e-28
5701880.3 4.8613167e+16 7.5656339e+09 9.6125934e+08 5e-22 1.6200011e-20 6.7123477e-28
5708305.8 4.866178e+16 7.5637866e+09 9.6202675e+08 5e-22 1.6153553e-20 6.7353361e-28
5714739.3 4.8710442e+16 7.5619375e+09 9.6279504e+08 5e-22 1.6107231e-20 6.7583828e-28
5721180.9 4.8759153e+16 7.5600866e+09 9.6356421e+08 5e-22 1.6061044e-20 6.7814879e-28
5727630.4 4.8807912e+16 7.5582337e+09 9.6433425e+08 5e-22 1.6014992e-20 6.8046517e-28
5734088 4.885672e+16 7.556379e+09 9.6510518e+08 5e-22 1.5969074e-20 6.8278742e-28
5740553.6 4.8905576e+16 7.5545224e+09 9.6587699e+08 5e-22 1.5923289e-20 6.8511557e-28
5747027.3 4.8954482e+16 7.5526639e+09 9.6664968e+08 5e-22 1.5877638e-20 6.8744962e-28
5753509 4.9003436e+16 7.5508036e+09 9.6742325e+08 5e-22 1.583212e-20 6.8978959e-28
5759998.9 4.905244e+16 7.5489413e+09 9.681977e+08 5e-22 1.5786734e-20 6.9213549e-28
5766496.8 4.9101492e+16 7.5470772e+09 9.6897302e+08 5e-22 1.5741481e-20 6.9448735e-28
5773002.8 4.9150594e+16 7.5452113e+09 9.6974923e+08 5e-22 1.5696359e-20 6.9684517e-28
5779517 4.9199744e+16 7.5433434e+09 9.7052631e+08 5e-22 1.5651369e-20 6.9920897e-28
5786039.2 4.9248944e+16 7.5414736e+09 9.7130428e+08 5e-22 1.560651e-20 7.0157877e-28
5792569.7 4.9298193e+16 7.539602e+09 9.7208312e+08 5e-22 1.5561782e-20 7.0395458e-28
5799108.2 4.9347491e+16 7.5377285e+09 9.7286284e+08 5e-22 1.5517184e-20 7.0633641e-28
5805655 4.9396839e+16 7.5358531e+09 9.7364344e+08 5e-22 1.5472716e-20 7.0872428e-28
5812209.9 4.9446236e+16 7.5339758e+09 9.7442492e+08 5e-22 1.5428377e-20 7.1111821e-28
5818773 4.9495682e+16 7.5320966e+09 9.7520728e+08 5e-22 1.5384167e-20 7.1351821e-28
5825344.3 4.9545178e+16 7.5302156e+09 9.7599051e+08 5e-22 1.5340087e-20 7.159243e-28
5831923.8 4.9594723e+16 7.5283326e+09 9.7677462e+08 5e-22 1.5296134e-20 7.1833649e-28
5838511.5 4.9644317e+16 7.5264477e+09 9.7755961e+08 5e-22 1.525231e-20 7.207548e-28
5845107.5 4.9693962e+16 7.524561e+09 9.7834547e+08 5e-22 1.5208613e-20 7.2317924e-28
5851711.7 4.9743656e+16 7.5226724e+09 9.7913221e+08 5e-22 1.5165044e-20 7.2560983e-28
5858324.2 4.9793399e+16 7.5207818e+09 9.7991983e+08 5e-22 1.5121601e-20 7.2804658e-28
5864945 4.9843193e+16 7.5188894e+09 9.8070833e+08 5e-22 1.5078285e-20 7.3048951e-28
5871574.1 4.9893036e+16 7.5169951e+09 9.814977e+08 5e-22 1.5035095e-20 7.3293863e-28
5878211.4 4.9942929e+16 7.5150988e+09 9.8228795e+08 5e-22 1.4992031e-20 7.3539397e-28
5884857.1 4.9992872e+16 7.5132007e+09 9.8307907e+08 5e-22 1.4949092e-20 7.3785553e-28
5891511.1 5.0042865e+16 7.5113007e+09 9.8387107e+08 5e-22 1.4906278e-20 7.4032333e-28
5898173.5 5.0092908e+16 7.5093987e+09 9.8466394e+08 5e-22 1.4863589e-20 7.4279739e-28
5904844.2 5.0143001e+16 7.5074949e+09 9.8545769e+08 5e-22 1.4821024e-20 7.4527773e-28
5911523.2 5.0193144e+16 7.5055892e+09 9.8625232e+08 5e-22 1.4778584e-20 7.4776435e-28
5918210.7 5.0243337e+16 7.5036815e+09 9.8704782e+08 5e-22 1.4736266e-20 7.5025727e-28
5924906.5 5.029358e+16 7.501772e+09 9.8784419e+08 5e-22 1.4694072e-20 7.5275652e-28
5931610.7 5.0343874e+16 7.4998605e+09 9.8864144e+08 5e-22 1.4652001e-20 7.5526211e-28
5938323.4 5.0394218e+16 7.4979471e+09 9.8943956e+08 5e-22 1.4610052e-20 7.5777404e-28
5945044.4 5.0444612e+16 7.4960318e+09 9.9023856e+08 5e-22 1.4568226e-20 7.6029235e-28
5951773.9 5.0495056e+16 7.4941146e+09 9.9103842e+08 5e-22 1.4526521e-20 7.6281704e-28
5958511.9 5.0545551e+16 7.4921955e+09 9.9183917e+08 5e-22 1.4484938e-20 7.6534813e-28
5965258.3 5.0596097e+16 7.4902745e+09 9.9264078e+08 5e-22 1.4443475e-20 7.6788564e-28
5972013.2 5.0646693e+16 7.4883515e+09 9.9344327e+08 5e-22 1.4402134e-20 7.7042958e-28
5978776.6 5.069734e+16 7.4864267e+09 9.9424663e+08 5e-22 1.4360912e-20 7.7297997e-28
5985548.5 5.0748037e+16 7.4844999e+09 9.9505086e+08 5e-22 1.4319811e-20 7.7553682e-28
5992328.9 5.0798785e+16 7.4825712e+09 9.9585596e+08 5e-22 1.427883e-20 7.7810016e-28
5999117.9 5.0849584e+16 7.4806406e+09 9.9666194e+08 5e-22 1.4237967e-20 7.8066999e-28
6005915.4 5.0900434e+16 7.478708e+09 9.9746878e+08 5e-22 1.4197224e-20 7.8324634e-28
6012721.4 5.0951334e+16 7.4767736e+09 9.982765e+08 5e-22 1.4156599e-20 7.8582923e-28
6019536 5.1002285e+16 7.4748372e+09 9.9908509e+08 5e-22 1.4116093e-20 7.8841865e-28
6026359.2 5.1053288e+16 7.4728989e+09 9.9989455e+08 5e-22 1.4075704e-20 7.9101465e-28
6033191 5.1104341e+16 7.4709586e+09 1.0007049e+09 5e-22 1.4035433e-20 7.9361722e-28
6040031.4 5.1155445e+16 7.4690165e+09 1.0015161e+09 5e-22 1.3995279e-20 7.9622639e-28
6046880.5 5.1206601e+16 7.4670724e+09 1.0023281e+09 5e-22 1.3955242e-20 7.9884217e-28
6053738.1 5.1257807e+16 7.4651263e+09 1.0031411e+09 5e-22 1.3915322e-20 8.0146459e-28
6060604.4 5.1309065e+16 7.4631784e+09 1.0039549e+09 5e-22 1.3875517e-20 8.0409365e-28
6067479.4 5.1360374e+16 7.4612285e+09 1.0047696e+09 5e-22 1.3835829e-20 8.0672937e-28
6074363 5.1411735e+16 7.4592767e+09 1.0055851e+09 5e-22 1.3796256e-20 8.0937178e-28
6081255.3 5.1463146e+16 7.4573229e+09 1.0064015e+09 5e-22 1.3756798e-20 8.1202088e-28
6088156.3 5.1514609e+16 7.4553672e+09 1.0072188e+09 5e-22 1.3717455e-20 8.146767e-28
6095066.1 5.1566124e+16 7.4534096e+09 1.0080369e+09 5e-22 1.3678227e-20 8.1733925e-28
6101984.5 5.161769e+16 7.45145e+09 1.0088559e+09 5e-22 1.3639113e-20 8.2000855e-28
6108911.7 5.1669308e+16 7.4494885e+09 1.0096758e+09 5e-22 1.3600112e-20 8.2268462e-28
6115847.7 5.1720977e+16 7.4475251e+09 1.0104966e+09 5e-22 1.3561225e-20 8.2536746e-28
6122792.4 5.1772698e+16 7.4455597e+09 1.0113182e+09 5e-22 1.3522451e-20 8.2805711e-28
6129745.9 5.1824471e+16 7.4435924e+09 1.0121407e+09 5e-22 1.348379e-20 8.3075357e-28
6136708.2 5.1876295e+16 7.4416231e+09 1.012964e+09 5e-22 1.3445242e-20 8.3345687e-28
6143679.3 5.1928172e+16 7.4396519e+09 1.0137882e+09 5e-22 1.3406805e-20 8.3616702e-28
6150659.2 5.19801e+16 7.4376787e+09 1.0146133e+09 5e-22 1.3368481e-20 8.3888404e-28
6157648 5.203208e+16 7.4357036e+09 1.0154392e+09 5e-22 1.3330268e-20 8.4160794e-28
6164645.6 5.2084112e+16 7.4337266e+09 1.016266e+09 5e-22 1.3292166e-20 8.4433875e-28
6171652 5.2136196e+16 7.4317476e+09 1.0170937e+09 5e-22 1.3254175e-20 8.4707648e-28
6178667.4 5.2188332e+16 7.4297666e+09 1.0179222e+09 5e-22 1.3216295e-20 8.4982114e-28
6185691.6 5.2240521e+16 7.4277837e+09 1.0187516e+09 5e-22 1.3178525e-20 8.5257276e-28
6192724.7 5.2292761e+16 7.4257989e+09 1.0195818e+09 5e-22 1.3140864e-20 8.5533136e-28
6199766.8 5.2345054e+16 7.4238121e+09 1.0204129e+09 5e-22 1.3103313e-20 8.5809695e-28
6206817.7 5.2397399e+16 7.4218233e+09 1.0212449e+09 5e-22 1.3065872e-20 8.6086954e-28
6213877.6 5.2449796e+16 7.4198326e+09 1.0220778e+09 5e-22 1.3028539e-20 8.6364916e-28
6220946.5 5.2502246e+16 7.4178399e+09 1.0229114e+09 5e-22 1.2991315e-20 8.6643583e-28
6228024.3 5.2554748e+16 7.4158453e+09 1.023746e+09 5e-22 1.29542e-20 8.6922956e-28
6235111.2 5.2607303e+16 7.4138487e+09 1.0245814e+09 5e-22 1.2917192e-20 8.7203036e-28
6242207 5.265991e+16 7.4118502e+09 1.0254177e+09 5e-22 1.2880292e-20 8.7483827e-28
6249311.8 5.271257e+16 7.4098497e+09 1.0262548e+09 5e-22 1.2843499e-20 8.7765329e-28
6256425.6 5.2765283e+16 7.4078472e+09 1.0270928e+09 5e-22 1.2806813e-20 8.8047544e-28
6263548.5 5.2818048e+16 7.4058428e+09 1.0279317e+09 5e-22 1.2770234e-20 8.8330475e-28
6270680.5 5.2870866e+16 7.4038364e+09 1.0287714e+09 5e-22 1.2733761e-20 8.8614123e-28
6277821.5 5.2923737e+16 7.401828e+09 1.0296119e+09 5e-22 1.2697395e-20 8.8898489e-28
6284971.6 5.2976661e+16 7.3998177e+09 1.0304534e+09 5e-22 1.2661134e-20 8.9183576e-28
6292130.8 5.3029637e+16 7.3978054e+09 1.0312957e+09 5e-22 1.2624978e-20 8.9469385e-28
6299299.1 5.3082667e+16 7.3957912e+09 1.0321388e+09 5e-22 1.2588928e-20 8.9755919e-28
6306476.5 5.313575e+16 7.393775e+09 1.0329828e+09 5e-22 1.2552983e-20 9.0043179e-28
6313663 5.3188886e+16 7.3917568e+09 1.0338276e+09 5e-22 1.2517142e-20 9.0331166e-28
6320858.7 5.3242074e+16 7.3897366e+09 1.0346733e+09 5e-22 1.2481405e-20 9.0619884e-28
6328063.6 5.3295316e+16 7.3877145e+09 1.0355199e+09 5e-22 1.2445773e-20 9.0909333e-28
6335277.6 5.3348612e+16 7.3856904e+09 1.0363673e+09 5e-22 1.2410243e-20 9.1199515e-28
6342500.9 5.340196e+16 7.3836643e+09 1.0372156e+09 5e-22 1.2374818e-20 9.1490433e-28
6349733.3 5.3455362e+16 7.3816362e+09 1.0380647e+09 5e-22 1.2339495e-20 9.1782088e-28
6356975 5.3508818e+16 7.3796062e+09 1.0389147e+09 5e-22 1.2304275e-20 9.2074481e-28
6364225.9 5.3562327e+16 7.3775742e+09 1.0397655e+09 5e-22 1.2269157e-20 9.2367616e-28
6371486.1 5.3615889e+16 7.3755402e+09 1.0406171e+09 5e-22 1.2234142e-20 9.2661494e-28
6378755.5 5.3669505e+16 7.3735042e+09 1.0414697e+09 5e-22 1.2199228e-20 9.2956116e-28
6386034.2 5.3723174e+16 7.3714663e+09 1.042323e+09 5e-22 1.2164416e-20 9.3251485e-28
6393322.2 5.3776897e+16 7.3694264e+09 1.0431773e+09 5e-22 1.2129705e-20 9.3547602e-28
6400619.5 5.3830674e+16 7.3673844e+09 1.0440324e+09 5e-22 1.2095095e-20 9.384447e-28
6407926.1 5.3884505e+16 7.3653406e+09 1.0448883e+09 5e-22 1.2060585e-20 9.4142089e-28
6415242 5.393839e+16 7.3632947e+09 1.045745e+09 5e-22 1.2026176e-20 9.4440463e-28
6422567.3 5.3992328e+16 7.3612468e+09 1.0466027e+09 5e-22 1.1991867e-20 9.4739593e-28
6429902 5.404632e+16 7.359197e+09 1.0474611e+09 5e-22 1.1957657e-20 9.5039481e-28
6437246.1 5.4100367e+16 7.3571451e+09 1.0483205e+09 5e-22 1.1923547e-20 9.5340128e-28
6444599.5 5.4154467e+16 7.3550913e+09 1.0491806e+09 5e-22 1.1889537e-20 9.5641538e-28
6451962.4 5.4208621e+16 7.3530355e+09 1.0500416e+09 5e-22 1.1855625e-20 9.5943711e-28
6459334.6 5.426283e+16 7.3509777e+09 1.0509035e+09 5e-22 1.1821811e-20 9.624665e-28
6466716.4 5.4317093e+16 7.3489179e+09 1.0517662e+09 5e-22 1.1788096e-20 9.6550356e-28
6474107.5 5.437141e+16 7.3468562e+09 1.0526297e+09 5e-22 1.1754479e-20 9.6854832e-28
6481508.2 5.4425781e+16 7.3447924e+09 1.0534941e+09 5e-22 1.172096e-20 9.7160079e-28
6488918.3 5.4480207e+16 7.3427266e+09 1.0543594e+09 5e-22 1.1687538e-20 9.74661e-28
6496337.9 5.4534687e+16 7.3406589e+09 1.0552254e+09 5e-22 1.1654213e-20 9.7772896e-28
6503767 5.4589222e+16 7.3385891e+09 1.0560924e+09 5e-22 1.1620985e-20 9.808047e-28
6511205.7 5.4643811e+16 7.3365174e+09 1.0569601e+09 5e-22 1.1587854e-20 9.8388823e-28
6518653.9 5.4698455e+16 7.3344436e+09 1.0578287e+09 5e-22 1.1554819e-20 9.8697957e-28
6526111.6 5.4753154e+16 7.3323679e+09 1.0586982e+09 5e-22 1.152188e-20 9.9007874e-28
6533578.9 5.4807907e+16 7.3302901e+09 1.0595684e+09 5e-22 1.1489036e-20 9.9318577e-28
6541055.9 5.4862715e+16 7.3282104e+09 1.0604396e+09 5e-22 1.1456288e-20 9.9630067e-28
6548542.4 5.4917577e+16 7.3261286e+09 1.0613115e+09 5e-22 1.1423635e-20 9.9942346e-28
6556038.5 5.4972495e+16 7.3240449e+09 1.0621843e+09 5e-22 1.1391078e-20 1.0025542e-27
6563544.2 5.5027467e+16 7.3219591e+09 1.063058e+09 5e-22 1.1358614e-20 1.0056928e-27
6571059.6 5.5082495e+16 7.3198714e+09 1.0639324e+09 5e-22 1.1326245e-20 1.0088394e-27
6578584.7 5.5137577e+16 7.3177816e+09 1.0648078e+09 5e-22 1.1293971e-20 1.0119939e-27
6586119.5 5.5192715e+16 7.3156899e+09 1.0656839e+09 5e-22 1.1261789e-20 1.0151565e-27
6593663.9 5.5247908e+16 7.3135961e+09 1.0665609e+09 5e-22 1.1229702e-20 1.0183271e-27
6601218 5.5303156e+16 7.3115003e+09 1.0674387e+09 5e-22 1.1197707e-20 1.0215057e-27
6608781.9 5.5358459e+16 7.3094025e+09 1.0683174e+09 5e-22 1.1165806e-20 1.0246923e-27
6616355.5 5.5413817e+16 7.3073027e+09 1.0691969e+09 5e-22 1.1133997e-20 1.027887e-27
6623938.8 5.5469231e+16 7.3052009e+09 1.0700772e+09 5e-22 1.1102281e-20 1.0310899e-27
6631531.9 5.55247e+16 7.3030971e+09 1.0709583e+09 5e-22 1.1070657e-20 1.0343008e-27
6639134.8 5.5580225e+16 7.3009913e+09 1.0718403e+09 5e-22 1.1039124e-20 1.0375199e-27
6646747.5 5.5635805e+16 7.2988834e+09 1.0727232e+09 5e-22 1.1007684e-20 1.0407471e-27
6654370 5.5691441e+16 7.2967736e+09 1.0736068e+09 5e-22 1.0976334e-20 1.0439825e-27
6662002.4 5.5747132e+16 7.2946617e+09 1.0744913e+09 5e-22 1.0945076e-20 1.0472261e-27
6669644.6 5.5802879e+16 7.2925478e+09 1.0753766e+09 5e-22 1.0913908e-20 1.0504779e-27
6677296.6 5.5858682e+16 7.2904319e+09 1.0762627e+09 5e-22 1.0882831e-20 1.053738e-27
6684958.5 5.5914541e+16 7.288314e+09 1.0771497e+09 5e-22 1.0851845e-20 1.0570063e-27
6692630.3 5.5970456e+16 7.2861941e+09 1.0780375e+09 5e-22 1.0820948e-20 1.0602829e-27
6700312 5.6026426e+16 7.2840721e+09 1.0789261e+09 5e-22 1.0790141e-20 1.0635678e-27
6708003.7 5.6082452e+16 7.2819481e+09 1.0798156e+09 5e-22 1.0759423e-20 1.066861e-27
6715705.2 5.6138535e+16 7.2798221e+09 1.0807058e+09 5e-22 1.0728795e-20 1.0701626e-27
6723416.8 5.6194673e+16 7.2776941e+09 1.0815969e+09 5e-22 1.0698256e-20 1.0734726e-27
6731138.3 5.6250868e+16 7.2755641e+09 1.0824889e+09 5e-22 1.0667805e-20 1.0767909e-27
6738869.7 5.6307119e+16 7.273432e+09 1.0833816e+09 5e-22 1.0637443e-20 1.0801176e-27
6746611.2 5.6363426e+16 7.2712979e+09 1.0842752e+09 5e-22 1.0607169e-20 1.0834528e-27
6754362.7 5.641979e+16 7.2691618e+09 1.0851696e+09 5e-22 1.0576983e-20 1.0867964e-27
6762124.2 5.6476209e+16 7.2670237e+09 1.0860648e+09 5e-22 1.0546884e-20 1.0901485e-27
6769895.8 5.6532686e+16 7.2648835e+09 1.0869608e+09 5e-22 1.0516873e-20 1.093509e-27
6777677.5 5.6589218e+16 7.2627413e+09 1.0878577e+09 5e-22 1.0486949e-20 1.0968781e-27
6785469.2 5.6645807e+16 7.2605971e+09 1.0887554e+09 5e-22 1.0457112e-20 1.1002558e-27
6793271 5.6702453e+16 7.2584509e+09 1.0896539e+09 5e-22 1.0427362e-20 1.1036419e-27
6801082.9 5.6759156e+16 7.2563026e+09 1.0905532e+09 5e-22 1.0397698e-20 1.1070367e-27
6808905 5.6815915e+16 7.2541523e+09 1.0914533e+09 5e-22 1.036812e-20 1.1104401e-27
6816737.1 5.6872731e+16 7.252e+09 1.0923543e+09 5e-22 1.0338628e-20 1.1138521e-27
6824579.5 5.6929603e+16 7.2498456e+09 1.093256e+09 5e-22 1.0309221e-20 1.1172727e-27
6832432 5.6986533e+16 7.2476892e+09 1.0941586e+09 5e-22 1.02799e-20 1.120702e-27
6840294.7 5.704352e+16 7.2455308e+09 1.095062e+09 5e-22 1.0250665e-20 1.12414e-27
6848167.7 5.7100563e+16 7.2433703e+09 1.0959662e+09 5e-22 1.0221514e-20 1.1275867e-27
6856050.8 5.7157664e+16 7.2412078e+09 1.0968712e+09 5e-22 1.0192447e-20 1.1310422e-27
6863944.2 5.7214821e+16 7.2390432e+09 1.0977771e+09 5e-22 1.0163465e-20 1.1345064e-27
6871847.8 5.7272036e+16 7.2368767e+09 1.0986837e+09 5e-22 1.0134567e-20 1.1379793e-27
6879761.8 5.7329308e+16 7.234708e+09 1.0995912e+09 5e-22 1.0105753e-20 1.1414611e-27
6887686 5.7386638e+16 7.2325374e+09 1.1004995e+09 5e-22 1.0077023e-20 1.1449517e-27
6895620.5 5.7444024e+16 7.2303647e+09 1.1014085e+09 5e-22 1.0048376e-20 1.1484511e-27
6903565.3 5.7501468e+16 7.22819e+09 1.1023184e+09 5e-22 1.0019812e-20 1.1519594e-27
6911520.5 5.755897e+16 7.2260132e+09 1.1032291e+09 5e-22 9.9913311e-21 1.1554766e-27
6919486 5.7616529e+16 7.2238344e+09 1.1041406e+09 5e-22 9.9629328e-21 1.1590028e-27
6927461.9 5.7674145e+16 7.2216535e+09 1.1050529e+09 5e-22 9.934617e-21 1.1625378e-27
6935448.2 5.7731819e+16 7.2194706e+09 1.1059661e+09 5e-22 9.9063833e-21 1.1660818e-27
6943444.9 5.7789551e+16 7.2172857e+09 1.10688e+09 5e-22 9.8782316e-21 1.1696348e-27
6951452 5.7847341e+16 7.2150987e+09 1.1077947e+09 5e-22 9.8501616e-21 1.1731968e-27
6959469.5 5.7905188e+16 7.2129096e+09 1.1087102e+09 5e-22 9.822173e-21 1.1767678e-27
6967497.5 5.7963093e+16 7.2107185e+09 1.1096266e+09 5e-22 9.7942657e-21 1.1803479e-27
6975536 5.8021056e+16 7.2085254e+09 1.1105437e+09 5e-22 9.7664393e-21 1.183937e-27
6983584.9 5.8079077e+16 7.2063302e+09 1.1114616e+09 5e-22 9.7386937e-21 1.1875352e-27
6991644.4 5.8137156e+16 7.204133e+09 1.1123804e+09 5e-22 9.7110286e-21 1.1911426e-27
6999714.3 5.8195294e+16 7.2019337e+09 1.1132999e+09 5e-22 9.6834437e-21 1.1947591e-27
7007794.8 5.8253489e+16 7.1997324e+09 1.1142202e+09 5e-22 9.6559389e-21 1.1983847e-27
7015885.9 5.8311742e+16 7.197529e+09 1.1151414e+09 5e-22 9.6285139e-21 1.2020196e-27
7023987.5 5.8370054e+16 7.1953236e+09 1.1160633e+09 5e-22 9.6011685e-21 1.2056636e-27
7032099.8 5.8428424e+16 7.1931162e+09 1.116986e+09 5e-22 9.5739024e-21 1.2093169e-27
7040222.6 5.8486853e+16 7.1909066e+09 1.1179096e+09 5e-22 9.5467154e-21 1.2129795e-27
7048356 5.8545339e+16 7.188695e+09 1.1188339e+09 5e-22 9.5196073e-21 1.2166513e-27
7056500.1 5.8603885e+16 7.1864814e+09 1.119759e+09 5e-22 9.4925779e-21 1.2203324e-27
7064654.8 5.8662489e+16 7.1842657e+09 1.1206849e+09 5e-22 9.4656268e-21 1.2240229e-27
7072820.3 5.8721151e+16 7.182048e+09 1.1216116e+09 5e-22 9.4387539e-21 1.2277227e-27
7080996.4 5.8779872e+16 7.1798282e+09 1.1225391e+09 5e-22 9.411959e-21 1.2314319e-27
7089183.2 5.8838652e+16 7.1776063e+09 1.1234673e+09 5e-22 9.3852418e-21 1.2351505e-27
7097380.7 5.8897491e+16 7.1753824e+09 1.1243964e+09 5e-22 9.3586021e-21 1.2388785e-27
7105589 5.8956388e+16 7.1731564e+09 1.1253263e+09 5e-22 9.3320397e-21 1.242616e-27
7113808 5.9015345e+16 7.1709284e+09 1.1262569e+09 5e-22 9.3055543e-21 1.2463629e-27
7122037.8 5.907436e+16 7.1686983e+09 1.1271883e+09 5e-22 9.2791457e-21 1.2501194e-27
7130278.4 5.9133434e+16 7.1664662e+09 1.1281205e+09 5e-22 9.2528137e-21 1.2538853e-27
7138529.8 5.9192568e+16 7.1642319e+09 1.1290535e+09 5e-22 9.2265581e-21 1.2576608e-27
7146792 5.925176e+16 7.1619957e+09 1.1299873e+09 5e-22 9.2003787e-21 1.2614459e-27
7155065.1 5.9311012e+16 7.1597573e+09 1.1309219e+09 5e-22 9.1742752e-21 1.2652406e-27
7163349.1 5.9370323e+16 7.1575169e+09 1.1318572e+09 5e-22 9.1482473e-21 1.2690448e-27
7171643.9 5.9429694e+16 7.1552745e+09 1.1327934e+09 5e-22 9.122295e-21 1.2728588e-27
7179949.6 5.9489123e+16 7.15303e+09 1.1337303e+09 5e-22 9.0964179e-21 1.2766824e-27
7188266.2 5.9548612e+16 7.1507834e+09 1.134668e+09 5e-22 9.0706158e-21 1.2805156e-27
7196593.8 5.9608161e+16 7.1485347e+09 1.1356064e+09 5e-22 9.0448886e-21 1.2843586e-27
7204932.3 5.9667769e+16 7.146284e+09 1.1365457e+09 5e-22 9.0192359e-21 1.2882114e-27
7213281.8 5.9727437e+16 7.1440312e+09 1.1374857e+09 5e-22 8.9936577e-21 1.2920739e-27
7221642.3 5.9787164e+16 7.1417764e+09 1.1384265e+09 5e-22 8.9681536e-21 1.2959462e-27
7230013.7 5.9846951e+16 7.1395195e+09 1.1393681e+09 5e-22 8.9427234e-21 1.2998283e-27
7238396.2 5.9906798e+16 7.1372605e+09 1.1403105e+09 5e-22 8.917367e-21 1.3037202e-27
7246789.8 5.9966705e+16 7.1349994e+09 1.1412536e+09 5e-22 8.8920841e-21 1.307622e-27
7255194.3 6.0026672e+16 7.1327363e+09 1.1421975e+09 5e-22 8.8668744e-21 1.3115338e-27
7263610 6.0086699e+16 7.1304711e+09 1.1431421e+09 5e-22 8.8417379e-21 1.3154554e-27
7272036.8 6.0146785e+16 7.1282038e+09 1.1440876e+09 5e-22 8.8166742e-21 1.3193869e-27
7280474.6 6.0206932e+16 7.1259345e+09 1.1450338e+09 5e-22 8.7916832e-21 1.3233285e-27
7288923.6 6.0267139e+16 7.1236631e+09 1.1459808e+09 5e-22 8.7667647e-21 1.32728e-27
7297383.7 6.0327406e+16 7.1213896e+09 1.1469285e+09 5e-22 8.7419183e-21 1.3312415e-27
7305855 6.0387734e+16 7.119114e+09 1.147877e+09 5e-22 8.717144e-21 1.3352131e-27
7314337.5 6.0448121e+16 7.1168364e+09 1.1488263e+09 5e-22 8.6924415e-21 1.3391947e-27
7322831.2 6.0508569e+16 7.1145567e+09 1.1497763e+09 5e-22 8.6678106e-21 1.3431865e-27
7331336.1 6.0569078e+16 7.1122749e+09 1.1507271e+09 5e-22 8.6432511e-21 1.3471883e-27
7339852.2 6.0629647e+16 7.1099911e+09 1.1516787e+09 5e-22 8.6187628e-21 1.3512003e-27
7348379.6 6.0690277e+16 7.1077052e+09 1.152631e+09 5e-22 8.5943454e-21 1.3552225e-27
7356918.3 6.0750967e+16 7.1054172e+09 1.1535841e+09 5e-22 8.5699988e-21 1.3592549e-27
7365468.2 6.0811718e+16 7.1031271e+09 1.154538e+09 5e-22 8.5457227e-21 1.3632975e-27
7374029.5 6.087253e+16 7.1008349e+09 1.1554926e+09 5e-22 8.5215171e-21 1.3673503e-27
7382602.1 6.0933402e+16 7.0985407e+09 1.156448e+09 5e-22 8.4973815e-21 1.3714134e-27
7391186 6.0994336e+16 7.0962444e+09 1.1574041e+09 5e-22 8.4733159e-21 1.3754869e-27
7399781.3 6.105533e+16 7.093946e+09 1.158361e+09 5e-22 8.44932e-21 1.3795706e-27
7408388 6.1116385e+16 7.0916455e+09 1.1593186e+09 5e-22 8.4253937e-21 1.3836647e-27
7417006.1 6.1177502e+16 7.089343e+09 1.160277e+09 5e-22 8.4015367e-21 1.3877692e-27
7425635.6 6.1238679e+16 7.0870384e+09 1.1612361e+09 5e-22 8.3777488e-21 1.3918841e-27
7434276.5 6.1299918e+16 7.0847316e+09 1.162196e+09 5e-22 8.3540298e-21 1.3960094e-27
7442928.9 6.1361218e+16 7.0824229e+09 1.1631566e+09 5e-22 8.3303795e-21 1.4001452e-27
7451592.8 6.1422579e+16 7.080112e+09 1.164118e+09 5e-22 8.3067978e-21 1.4042914e-27
7460268.1 6.1484002e+16 7.077799e+09 1.1650802e+09 5e-22 8.2832844e-21 1.4084482e-27
7468955 6.1545486e+16 7.075484e+09 1.166043e+09 5e-22 8.2598391e-21 1.4126155e-27
7477653.4 6.1607031e+16 7.0731669e+09 1.1670067e+09 5e-22 8.2364617e-21 1.4167934e-27
7486363.4 6.1668638e+16 7.0708477e+09 1.1679711e+09 5e-22 8.213152e-21 1.4209819e-27
7495084.9 6.1730307e+16 7.0685264e+09 1.1689362e+09 5e-22 8.1899099e-21 1.425181e-27
7503818.1 6.1792037e+16 7.066203e+09 1.169902e+09 5e-22 8.1667351e-21 1.4293907e-27
7512562.8 6.1853829e+16 7.0638775e+09 1.1708686e+09 5e-22 8.1436274e-21 1.4336111e-27
7521319.1 6.1915683e+16 7.06155e+09 1.171836e+09 5e-22 8.1205866e-21 1.4378423e-27
7530087.1 6.1977599e+16 7.0592204e+09 1.1728041e+09 5e-22 8.0976126e-21 1.4420841e-27
7538866.8 6.2039576e+16 7.0568886e+09 1.1737729e+09 5e-22 8.0747051e-21 1.4463367e-27
7547658.2 6.2101616e+16 7.0545548e+09 1.1747425e+09 5e-22 8.051864e-21 1.4506001e-27
7556461.2 6.2163717e+16 7.0522189e+09 1.1757128e+09 5e-22 8.029089e-21 1.4548743e-27
7565276 6.2225881e+16 7.049881e+09 1.1766838e+09 5e-22 8.00638e-21 1.4591593e-27
7574102.5 6.2288107e+16 7.0475409e+09 1.1776555e+09 5e-22 7.9837367e-21 1.4634553e-27
7582940.8 6.2350395e+16 7.0451987e+09 1.178628e+09 5e-22 7.961159e-21 1.4677621e-27
7591790.8 6.2412745e+16 7.0428545e+09 1.1796013e+09 5e-22 7.9386467e-21 1.4720798e-27
7600652.7 6.2475158e+16 7.0405081e+09 1.1805752e+09 5e-22 7.9161996e-21 1.4764085e-27
7609526.4 6.2537633e+16 7.0381597e+09 1.1815499e+09 5e-22 7.8938174e-21 1.4807481e-27
7618411.9 6.2600171e+16 7.0358092e+09 1.1825254e+09 5e-22 7.8715001e-21 1.4850988e-27
7627309.2 6.2662771e+16 7.0334566e+09 1.1835015e+09 5e-22 7.8492474e-21 1.4894605e-27
7636218.5 6.2725434e+16 7.0311019e+09 1.1844784e+09 5e-22 7.8270591e-21 1.4938332e-27
7645139.6 6.2788159e+16 7.0287451e+09 1.185456e+09 5e-22 7.8049351e-21 1.498217e-27
7654072.7 6.2850948e+16 7.0263862e+09 1.1864343e+09 5e-22 7.7828751e-21 1.502612e-27
7663017.7 6.2913798e+16 7.0240252e+09 1.1874133e+09 5e-22 7.760879e-21 1.5070181e-27
7671974.6 6.2976712e+16 7.0216622e+09 1.1883931e+09 5e-22 7.7389465e-21 1.5114354e-27
7680943.5 6.3039689e+16 7.019297e+09 1.1893736e+09 5e-22 7.7170776e-21 1.5158639e-27
7689924.4 6.3102729e+16 7.0169298e+09 1.1903548e+09 5e-22 7.6952719e-21 1.5203036e-27
7698917.4 6.3165831e+16 7.0145604e+09 1.1913367e+09 5e-22 7.6735294e-21 1.5247546e-27
7707922.3 6.3228997e+16 7.012189e+09 1.1923193e+09 5e-22 7.6518498e-21 1.5292169e-27
7716939.3 6.3292226e+16 7.0098154e+09 1.1933027e+09 5e-22 7.630233e-21 1.5336905e-27
7725968.4 6.3355518e+16 7.0074398e+09 1.1942868e+09 5e-22 7.6086787e-21 1.5381754e-27
7735009.6 6.3418874e+16 7.0050621e+09 1.1952716e+09 5e-22 7.5871868e-21 1.5426717e-27
7744062.9 6.3482293e+16 7.0026822e+09 1.196257e+09 5e-22 7.5657572e-21 1.5471794e-27
7753128.3 6.3545775e+16 7.0003003e+09 1.1972433e+09 5e-22 7.5443895e-21 1.5516986e-27
7762205.9 6.3609321e+16 6.9979163e+09 1.1982302e+09 5e-22 7.5230837e-21 1.5562292e-27
7771295.6 6.367293e+16 6.9955302e+09 1.1992178e+09 5e-22 7.5018395e-21 1.5607713e-27
7780397.6 6.3736603e+16 6.993142e+09 1.2002061e+09 5e-22 7.4806568e-21 1.5653249e-27
7789511.7 6.380034e+16 6.9907517e+09 1.2011951e+09 5e-22 7.4595354e-21 1.5698901e-27
7798638.1 6.386414e+16 6.9883593e+09 1.2021849e+09 5e-22 7.4384752e-21 1.5744669e-27
7807776.8 6.3928004e+16 6.9859647e+09 1.2031753e+09 5e-22 7.4174759e-21 1.5790553e-27
7816927.7 6.3991932e+16 6.9835681e+09 1.2041665e+09 5e-22 7.3965373e-21 1.5836553e-27
7826090.9 6.4055924e+16 6.9811694e+09 1.2051583e+09 5e-22 7.3756593e-21 1.588267e-27
7835266.4 6.411998e+16 6.9787686e+09 1.2061509e+09 5e-22 7.3548417e-21 1.5928904e-27
7844454.3 6.41841e+16 6.9763657e+09 1.2071441e+09 5e-22 7.3340844e-21 1.5975255e-27
7853654.5 6.4248284e+16 6.9739607e+09 1.208138e+09 5e-22 7.3133871e-21 1.6021724e-27
7862867.1 6.4312532e+16 6.9715536e+09 1.2091327e+09 5e-22 7.2927497e-21 1.606831e-27
7872092.1 6.4376845e+16 6.9691444e+09 1.210128e+09 5e-22 7.2721719e-21 1.6115015e-27
7881329.5 6.4441222e+16 6.9667331e+09 1.211124e+09 5e-22 7.2516538e-21 1.6161839e-27
7890579.4 6.4505663e+16 6.9643197e+09 1.2121207e+09 5e-22 7.2311949e-21 1.6208781e-27
7899841.7 6.4570169e+16 6.9619042e+09 1.2131181e+09 5e-22 7.2107953e-21 1.6255842e-27
7909116.5 6.4634739e+16 6.9594866e+09 1.2141162e+09 5e-22 7.1904546e-21 1.6303023e-27
7918403.8 6.4699374e+16 6.9570669e+09 1.215115e+09 5e-22 7.1701728e-21 1.6350324e-27
7927703.6 6.4764073e+16 6.9546451e+09 1.2161145e+09 5e-22 7.1499497e-21 1.6397744e-27
7937015.9 6.4828837e+16 6.9522212e+09 1.2171146e+09 5e-22 7.129785e-21 1.6445285e-27
7946340.8 6.4893666e+16 6.9497952e+09 1.2181155e+09 5e-22 7.1096787e-21 1.6492946e-27
7955678.3 6.495856e+16 6.9473671e+09 1.219117e+09 5e-22 7.0896305e-21 1.6540729e-27
7965028.4 6.5023518e+16 6.9449369e+09 1.2201192e+09 5e-22 7.0696403e-21 1.6588632e-27
7974391.1 6.5088542e+16 6.9425046e+09 1.2211221e+09 5e-22 7.0497079e-21 1.6636658e-27
7983766.5 6.515363e+16 6.9400702e+09 1.2221256e+09 5e-22 7.0298331e-21 1.6684805e-27
7993154.5 6.5218784e+16 6.9376336e+09 1.2231299e+09 5e-22 7.0100159e-21 1.6733074e-27
8002555.3 6.5284003e+16 6.935195e+09 1.2241348e+09 5e-22 6.9902559e-21 1.6781466e-27
8011968.7 6.5349287e+16 6.9327543e+09 1.2251404e+09 5e-22 6.970553e-21 1.682998e-27
8021394.9 6.5414636e+16 6.9303114e+09 1.2261466e+09 5e-22 6.9509072e-21 1.6878618e-27
8030833.8 6.5480051e+16 6.9278665e+09 1.2271536e+09 5e-22 6.9313181e-21 1.6927379e-27
8040285.5 6.5545531e+16 6.9254195e+09 1.2281612e+09 5e-22 6.9117856e-21 1.6976264e-27
8049750 6.5611076e+16 6.9229703e+09 1.2291694e+09 5e-22 6.8923097e-21 1.7025273e-27
8059227.3 6.5676687e+16 6.9205191e+09 1.2301784e+09 5e-22 6.87289e-21 1.7074407e-27
8068717.4 6.5742364e+16 6.9180657e+09 1.231188e+09 5e-22 6.8535265e-21 1.7123665e-27
8078220.4 6.5808106e+16 6.9156102e+09 1.2321982e+09 5e-22 6.834219e-21 1.7173048e-27
8087736.3 6.5873914e+16 6.9131527e+09 1.2332092e+09 5e-22 6.8149672e-21 1.7222556e-27
8097265.1 6.5939788e+16 6.910693e+09 1.2342208e+09 5e-22 6.7957712e-21 1.727219e-27
8106806.8 6.6005728e+16 6.9082312e+09 1.235233e+09 5e-22 6.7766306e-21 1.7321951e-27
8116361.4 6.6071734e+16 6.9057673e+09 1.2362459e+09 5e-22 6.7575453e-21 1.7371837e-27
8125929 6.6137806e+16 6.9033013e+09 1.2372595e+09 5e-22 6.7385152e-21 1.742185e-27
8135509.6 6.6203943e+16 6.9008333e+09 1.2382737e+09 5e-22 6.7195401e-21 1.747199e-27
8145103.2 6.6270147e+16 6.8983631e+09 1.2392886e+09 5e-22 6.7006198e-21 1.7522258e-27
8154709.9 6.6336417e+16 6.8958907e+09 1.2403041e+09 5e-22 6.6817542e-21 1.7572653e-27
8164329.6 6.6402754e+16 6.8934163e+09 1.2413203e+09 5e-22 6.6629432e-21 1.7623175e-27
8173962.4 6.6469157e+16 6.8909398e+09 1.2423372e+09 5e-22 6.6441865e-21 1.7673827e-27
8183608.2 6.6535626e+16 6.8884612e+09 1.2433546e+09 5e-22 6.625484e-21 1.7724606e-27
8193267.2 6.6602161e+16 6.8859805e+09 1.2443728e+09 5e-22 6.6068355e-21 1.7775515e-27
8202939.4 6.6668764e+16 6.8834976e+09 1.2453916e+09 5e-22 6.588241e-21 1.7826553e-27
8212624.7 6.6735432e+16 6.8810127e+09 1.246411e+09 5e-22 6.5697001e-21 1.7877721e-27
8222323.2 6.6802168e+16 6.8785256e+09 1.2474311e+09 5e-22 6.5512129e-21 1.7929018e-27
8232034.9 6.686897e+16 6.8760365e+09 1.2484518e+09 5e-22 6.532779e-21 1.7980446e-27
8241759.8 6.6935839e+16 6.8735452e+09 1.2494731e+09 5e-22 6.5143984e-21 1.8032004e-27
8251498 6.7002775e+16 6.8710518e+09 1.2504951e+09 5e-22 6.4960709e-21 1.8083693e-27
8261249.4 6.7069778e+16 6.8685563e+09 1.2515177e+09 5e-22 6.4777964e-21 1.8135514e-27
8271014.2 6.7136847e+16 6.8660587e+09 1.252541e+09 5e-22 6.4595747e-21 1.8187466e-27
8280792.3 6.7203984e+16 6.863559e+09 1.2535649e+09 5e-22 6.4414055e-21 1.8239549e-27
8290583.7 6.7271188e+16 6.8610572e+09 1.2545894e+09 5e-22 6.4232889e-21 1.8291766e-27
8300388.5 6.7338459e+16 6.8585533e+09 1.2556146e+09 5e-22 6.4052246e-21 1.8344114e-27
8310206.7 6.7405798e+16 6.8560473e+09 1.2566404e+09 5e-22 6.3872125e-21 1.8396596e-27
8320038.2 6.7473204e+16 6.8535392e+09 1.2576668e+09 5e-22 6.3692524e-21 1.8449211e-27
8329883.3 6.7540677e+16 6.8510289e+09 1.2586938e+09 5e-22 6.3513442e-21 1.850196e-27
8339741.7 6.7608217e+16 6.8485166e+09 1.2597215e+09 5e-22 6.3334877e-21 1.8554842e-27
8349613.7 6.7675826e+16 6.8460022e+09 1.2607498e+09 5e-22 6.3156828e-21 1.8607859e-27
8359499.1 6.7743501e+16 6.8434856e+09 1.2617787e+09 5e-22 6.2979293e-21 1.8661011e-27
8369398.1 6.7811245e+16 6.8409669e+09 1.2628082e+09 5e-22 6.280227e-21 1.8714297e-27
8379310.6 6.7879056e+16 6.8384462e+09 1.2638384e+09 5e-22 6.2625759e-21 1.8767719e-27
8389236.7 6.7946935e+16 6.8359233e+09 1.2648692e+09 5e-22 6.2449758e-21 1.8821277e-27
8399176.4 6.8014882e+16 6.8333983e+09 1.2659005e+09 5e-22 6.2274264e-21 1.887497e-27
8409129.7 6.8082897e+16 6.8308712e+09 1.2669325e+09 5e-22 6.2099278e-21 1.89288e-27
8419096.7 6.815098e+16 6.828342e+09 1.2679652e+09 5e-22 6.1924797e-21 1.8982767e-27
8429077.3 6.8219131e+16 6.8258107e+09 1.2689984e+09 5e-22 6.1750819e-21 1.9036871e-27
8439071.6 6.828735e+16 6.8232773e+09 1.2700322e+09 5e-22 6.1577344e-21 1.9091112e-27
8449079.5 6.8355637e+16 6.8207417e+09 1.2710667e+09 5e-22 6.140437e-21 1.9145491e-27
8459101.3 6.8423993e+16 6.8182041e+09 1.2721017e+09 5e-22 6.1231894e-21 1.9200008e-27
8469136.8 6.8492417e+16 6.8156644e+09 1.2731374e+09 5e-22 6.1059917e-21 1.9254664e-27
8479186 6.856091e+16 6.8131225e+09 1.2741736e+09 5e-22 6.0888437e-21 1.9309459e-27
8489249.1 6.862947e+16 6.8105786e+09 1.2752105e+09 5e-22 6.0717451e-21 1.9364392e-27
8499326 6.86981e+16 6.8080325e+09 1.2762479e+09 5e-22 6.0546959e-21 1.9419466e-27
8509416.7 6.8766798e+16 6.8054843e+09 1.277286e+09 5e-22 6.0376959e-21 1.9474679e-27
8519521.3 6.8835565e+16 6.8029341e+09 1.2783246e+09 5e-22 6.020745e-21 1.9530032e-27
8529639.9 6.89044e+16 6.8003817e+09 1.2793639e+09 5e-22 6.003843e-21 1.9585526e-27
8539772.3 6.8973305e+16 6.7978272e+09 1.2804037e+09 5e-22 5.9869897e-21 1.9641162e-27
8549918.7 6.9042278e+16 6.7952706e+09 1.2814441e+09 5e-22 5.9701851e-21 1.9696938e-27
8560079 6.911132e+16 6.7927119e+09 1.2824852e+09 5e-22 5.953429e-21 1.9752856e-27
8570253.3 6.9180432e+16 6.7901511e+09 1.2835268e+09 5e-22 5.9367213e-21 1.9808916e-27
8580441.7 6.9249612e+16 6.7875882e+09 1.284569e+09 5e-22 5.9200618e-21 1.9865119e-27
8590644.1 6.9318862e+16 6.7850231e+09 1.2856118e+09 5e-22 5.9034503e-21 1.9921465e-27
8600860.5 6.9388181e+16 6.782456e+09 1.2866551e+09 5e-22 5.8868868e-21 1.9977953e-27
8611091.1 6.9457569e+16 6.7798868e+09 1.2876991e+09 5e-22 5.8703711e-21 2.0034586e-27
8621335.7 6.9527026e+16 6.7773154e+09 1.2887436e+09 5e-22 5.853903e-21 2.0091362e-27
8631594.5 6.9596553e+16 6.774742e+09 1.2897887e+09 5e-22 5.8374824e-21 2.0148282e-27
8641867.5 6.966615e+16 6.7721664e+09 1.2908344e+09 5e-22 5.8211092e-21 2.0205348e-27
8652154.6 6.9735816e+16 6.7695888e+09 1.2918806e+09 5e-22 5.8047833e-21 2.0262558e-27
8662455.9 6.9805552e+16 6.767009e+09 1.2929274e+09 5e-22 5.7885044e-21 2.0319913e-27
8672771.5 6.9875357e+16 6.7644271e+09 1.2939748e+09 5e-22 5.7722725e-21 2.0377415e-27
8683101.3 6.9945233e+16 6.7618431e+09 1.2950228e+09 5e-22 5.7560874e-21 2.0435062e-27
8693445.4 7.0015178e+16 6.7592571e+09 1.2960713e+09 5e-22 5.7399491e-21 2.0492856e-27
8703803.8 7.0085193e+16 6.7566689e+09 1.2971205e+09 5e-22 5.7238572e-21 2.0550797e-27
8714176.6 7.0155278e+16 6.7540786e+09 1.2981701e+09 5e-22 5.7078118e-21 2.0608885e-27
8724563.7 7.0225434e+16 6.7514862e+09 1.2992203e+09 5e-22 5.6918126e-21 2.0667121e-27
8734965.2 7.0295659e+16 6.7488917e+09 1.3002711e+09 5e-22 5.6758596e-21 2.0725505e-27
8745381 7.0365955e+16 6.7462951e+09 1.3013225e+09 5e-22 5.6599526e-21 2.0784037e-27
8755811.3 7.0436321e+16 6.7436964e+09 1.3023744e+09 5e-22 5.6440915e-21 2.0842718e-27
8766256.1 7.0506757e+16 6.7410956e+09 1.3034269e+09 5e-22 5.6282761e-21 2.0901548e-27
8776715.4 7.0577264e+16 6.7384927e+09 1.3044799e+09 5e-22 5.6125063e-21 2.0960528e-27
8787189.1 7.0647841e+16 6.7358876e+09 1.3055334e+09 5e-22 5.596782e-21 2.1019658e-27
8797677.4 7.0718489e+16 6.7332805e+09 1.3065876e+09 5e-22 5.5811031e-21 2.1078938e-27
8808180.2 7.0789207e+16 6.7306713e+09 1.3076422e+09 5e-22 5.5654693e-21 2.1138369e-27
8818697.6 7.0859997e+16 6.72806e+09 1.3086974e+09 5e-22 5.5498806e-21 2.1197951e-27
8829229.6 7.0930857e+16 6.7254465e+09 1.3097532e+09 5e-22 5.5343369e-21 2.1257684e-27
8839776.3 7.1001787e+16 6.722831e+09 1.3108095e+09 5e-22 5.518838e-21 2.1317569e-27
8850337.6 7.1072789e+16 6.7202134e+09 1.3118663e+09 5e-22 5.5033837e-21 2.1377607e-27
8860913.5 7.1143862e+16 6.7175936e+09 1.3129237e+09 5e-22 5.487974e-21 2.1437797e-27
8871504.2 7.1215006e+16 6.7149718e+09 1.3139816e+09 5e-22 5.4726087e-21 2.149814e-27
8882109.6 7.1286221e+16 6.7123479e+09 1.3150401e+09 5e-22 5.4572877e-21 2.1558637e-27
8892729.8 7.1357507e+16 6.7097218e+09 1.3160991e+09 5e-22 5.4420109e-21 2.1619287e-27
8903364.7 7.1428865e+16 6.7070937e+09 1.3171586e+09 5e-22 5.4267781e-21 2.1680092e-27
8914014.5 7.1500293e+16 6.7044634e+09 1.3182187e+09 5e-22 5.4115892e-21 2.1741051e-27
8924679 7.1571794e+16 6.7018311e+09 1.3192792e+09 5e-22 5.3964441e-21 2.1802165e-27
8935358.5 7.1643366e+16 6.6991967e+09 1.3203403e+09 5e-22 5.3813427e-21 2.1863435e-27
8946052.8 7.1715009e+16 6.6965601e+09 1.321402e+09 5e-22 5.3662847e-21 2.1924861e-27
8956762 7.1786724e+16 6.6939215e+09 1.3224641e+09 5e-22 5.3512702e-21 2.1986443e-27
8967486.2 7.1858511e+16 6.6912807e+09 1.3235268e+09 5e-22 5.3362989e-21 2.2048181e-27
8978225.3 7.1930369e+16 6.6886379e+09 1.32459e+09 5e-22 5.3213708e-21 2.2110077e-27
8988979.4 7.20023e+16 6.685993e+09 1.3256537e+09 5e-22 5.3064856e-21 2.2172129e-27
8999748.6 7.2074302e+16 6.6833459e+09 1.3267179e+09 5e-22 5.2916434e-21 2.223434e-27
9010532.7 7.2146376e+16 6.6806968e+09 1.3277827e+09 5e-22 5.2768439e-21 2.2296709e-27
9021332 7.2218523e+16 6.6780456e+09 1.3288479e+09 5e-22 5.2620871e-21 2.2359237e-27
9032146.3 7.2290741e+16 6.6753923e+09 1.3299137e+09 5e-22 5.2473728e-21 2.2421923e-27
9042975.7 7.2363032e+16 6.6727368e+09 1.33098e+09 5e-22 5.2327008e-21 2.248477e-27
9053820.3 7.2435395e+16 6.6700793e+09 1.3320467e+09 5e-22 5.2180712e-21 2.2547776e-27
9064680 7.250783e+16 6.6674197e+09 1.333114e+09 5e-22 5.2034836e-21 2.2610942e-27
9075555 7.2580338e+16 6.664758e+09 1.3341818e+09 5e-22 5.1889381e-21 2.2674269e-27
9086445.2 7.2652918e+16 6.6620942e+09 1.3352501e+09 5e-22 5.1744345e-21 2.2737757e-27
9097350.6 7.2725571e+16 6.6594283e+09 1.3363189e+09 5e-22 5.1599727e-21 2.2801407e-27
9108271.3 7.2798297e+16 6.6567603e+09 1.3373881e+09 5e-22 5.1455525e-21 2.2865218e-27
9119207.3 7.2871095e+16 6.6540903e+09 1.3384579e+09 5e-22 5.1311739e-21 2.2929192e-27
9130158.6 7.2943966e+16 6.6514181e+09 1.3395282e+09 5e-22 5.1168366e-21 2.2993329e-27
9141125.3 7.301691e+16 6.6487438e+09 1.3405989e+09 5e-22 5.1025407e-21 2.3057629e-27
9152107.3 7.3089927e+16 6.6460674e+09 1.3416702e+09 5e-22 5.0882859e-21 2.3122092e-27
9163104.8 7.3163017e+16 6.643389e+09 1.3427419e+09 5e-22 5.0740721e-21 2.318672e-27
9174117.7 7.323618e+16 6.6407085e+09 1.3438141e+09 5e-22 5.0598993e-21 2.3251512e-27
9185146.1 7.3309416e+16 6.6380258e+09 1.3448868e+09 5e-22 5.0457673e-21 2.3316469e-27
9196189.9 7.3382726e+16 6.6353411e+09 1.34596e+09 5e-22 5.031676e-21 2.3381591e-27
9207249.3 7.3456108e+16 6.6326543e+09 1.3470336e+09 5e-22 5.0176253e-21 2.3446879e-27
9218324.2 7.3529565e+16 6.6299654e+09 1.3481078e+09 5e-22 5.003615e-21 2.3512333e-27
9229414.7 7.3603094e+16 6.6272744e+09 1.3491824e+09 5e-22 4.9896451e-21 2.3577953e-27
9240520.8 7.3676697e+16 6.6245813e+09 1.3502575e+09 5e-22 4.9757153e-21 2.3643741e-27
9251642.5 7.3750374e+16 6.6218861e+09 1.351333e+09 5e-22 4.9618257e-21 2.3709696e-27
9262779.9 7.3824124e+16 6.6191889e+09 1.352409e+09 5e-22 4.947976e-21 2.3775819e-27
9273932.9 7.3897948e+16 6.6164895e+09 1.3534855e+09 5e-22 4.9341662e-21 2.384211e-27
9285101.7 7.3971846e+16 6.6137881e+09 1.3545625e+09 5e-22 4.9203962e-21 2.390857e-27
9296286.2 7.4045818e+16 6.6110846e+09 1.3556399e+09 5e-22 4.9066658e-21 2.3975199e-27
9307486.4 7.4119864e+16 6.6083789e+09 1.3567177e+09 5e-22 4.8929749e-21 2.4041998e-27
9318702.5 7.4193984e+16 6.6056713e+09 1.3577961e+09 5e-22 4.8793234e-21 2.4108967e-27
9329934.3 7.4268178e+16 6.6029615e+09 1.3588748e+09 5e-22 4.8657112e-21 2.4176106e-27
9341182 7.4342446e+16 6.6002496e+09 1.3599541e+09 5e-22 4.8521382e-21 2.4243416e-27
9352445.6 7.4416788e+16 6.5975357e+09 1.3610338e+09 5e-22 4.8386042e-21 2.4310898e-27
9363725.1 7.4491205e+16 6.5948196e+09 1.3621139e+09 5e-22 4.8251092e-21 2.4378551e-27
9375020.5 7.4565696e+16 6.5921015e+09 1.3631945e+09 5e-22 4.811653e-21 2.4446377e-27
9386331.9 7.4640262e+16 6.5893813e+09 1.3642755e+09 5e-22 4.7982355e-21 2.4514375e-27
9397659.2 7.4714902e+16 6.5866591e+09 1.365357e+09 5e-22 4.7848566e-21 2.4582546e-27
9409002.6 7.4789617e+16 6.5839347e+09 1.3664389e+09 5e-22 4.7715163e-21 2.4650891e-27
9420362 7.4864407e+16 6.5812083e+09 1.3675213e+09 5e-22 4.7582143e-21 2.471941e-27
9431737.5 7.4939271e+16 6.5784797e+09 1.3686041e+09 5e-22 4.7449505e-21 2.4788104e-27
9443129.1 7.5014211e+16 6.5757491e+09 1.3696873e+09 5e-22 4.7317249e-21 2.4856972e-27
9454536.8 7.5089225e+16 6.5730165e+09 1.370771e+09 5e-22 4.7185374e-21 2.4926016e-27
9465960.6 7.5164314e+16 6.5702817e+09 1.3718551e+09 5e-22 4.7053878e-21 2.4995235e-27
9477400.7 7.5239478e+16 6.5675449e+09 1.3729396e+09 5e-22 4.692276e-21 2.5064631e-27
9488856.9 7.5314718e+16 6.564806e+09 1.3740246e+09 5e-22 4.6792019e-21 2.5134204e-27
9500329.4 7.5390033e+16 6.562065e+09 1.37511e+09 5e-22 4.6661655e-21 2.5203953e-27
9511818.2 7.5465423e+16 6.5593219e+09 1.3761958e+09 5e-22 4.6531665e-21 2.5273881e-27
9523323.3 7.5540888e+16 6.5565768e+09 1.377282e+09 5e-22 4.6402049e-21 2.5343986e-27
9534844.7 7.5616429e+16 6.5538296e+09 1.3783686e+09 5e-22 4.6272806e-21 2.541427e-27
9546382.4 7.5692045e+16 6.5510803e+09 1.3794557e+09 5e-22 4.6143934e-21 2.5484733e-27
9557936.5 7.5767737e+16 6.5483289e+09 1.3805432e+09 5e-22 4.6015433e-21 2.5555376e-27
9569507.1 7.5843505e+16 6.5455755e+09 1.381631e+09 5e-22 4.5887302e-21 2.5626198e-27
9581094.1 7.5919349e+16 6.54282e+09 1.3827193e+09 5e-22 4.5759538e-21 2.5697201e-27
9592697.5 7.5995268e+16 6.5400624e+09 1.383808e+09 5e-22 4.5632143e-21 2.5768385e-27
9604317.5 7.6071263e+16 6.5373028e+09 1.3848971e+09 5e-22 4.5505113e-21 2.583975e-27
9615954 7.6147334e+16 6.5345411e+09 1.3859867e+09 5e-22 4.5378449e-21 2.5911297e-27
9627607 7.6223482e+16 6.5317773e+09 1.3870766e+09 5e-22 4.5252148e-21 2.5983026e-27
9639276.7 7.6299705e+16 6.5290115e+09 1.3881669e+09 5e-22 4.5126211e-21 2.6054938e-27
9650962.9 7.6376005e+16 6.5262435e+09 1.3892576e+09 5e-22 4.5000636e-21 2.6127033e-27
9662665.8 7.6452381e+16 6.5234735e+09 1.3903487e+09 5e-22 4.4875422e-21 2.6199312e-27
9674385.4 7.6528833e+16 6.5207015e+09 1.3914402e+09 5e-22 4.4750568e-21 2.6271775e-27
9686121.7 7.6605362e+16 6.5179274e+09 1.3925321e+09 5e-22 4.4626072e-21 2.6344422e-27
9697874.7 7.6681968e+16 6.5151512e+09 1.3936243e+09 5e-22 4.4501934e-21 2.6417255e-27
9709644.5 7.675865e+16 6.5123729e+09 1.394717e+09 5e-22 4.4378153e-21 2.6490273e-27
9721431.1 7.6835408e+16 6.5095926e+09 1.39581e+09 5e-22 4.4254728e-21 2.6563478e-27
9733234.5 7.6912244e+16 6.5068103e+09 1.3969034e+09 5e-22 4.4131658e-21 2.6636869e-27
9745054.8 7.6989156e+16 6.5040258e+09 1.3979972e+09 5e-22 4.4008941e-21 2.6710447e-27
9756891.9 7.7066145e+16 6.5012393e+09 1.3990914e+09 5e-22 4.3886576e-21 2.6784212e-27
9768746 7.7143211e+16 6.4984508e+09 1.4001859e+09 5e-22 4.3764564e-21 2.6858165e-27
9780617 7.7220354e+16 6.4956602e+09 1.4012809e+09 5e-22 4.3642901e-21 2.6932307e-27
9792505 7.7297575e+16 6.4928675e+09 1.4023762e+09 5e-22 4.3521589e-21 2.7006638e-27
9804410 7.7374872e+16 6.4900727e+09 1.4034718e+09 5e-22 4.3400625e-21 2.7081158e-27
9816332.1 7.7452247e+16 6.4872759e+09 1.4045678e+09 5e-22 4.3280008e-21 2.7155869e-27
9828271.2 7.7529699e+16 6.4844771e+09 1.4056642e+09 5e-22 4.3159738e-21 2.7230769e-27
9840227.4 7.7607229e+16 6.4816762e+09 1.406761e+09 5e-22 4.3039813e-21 2.7305861e-27
9852200.7 7.7684836e+16 6.4788732e+09 1.4078581e+09 5e-22 4.2920233e-21 2.7381144e-27
9864191.2 7.7762521e+16 6.4760682e+09 1.4089555e+09 5e-22 4.2800996e-21 2.7456619e-27
9876198.8 7.7840284e+16 6.4732611e+09 1.4100533e+09 5e-22 4.2682102e-21 2.7532286e-27
9888223.7 7.7918124e+16 6.470452e+09 1.4111515e+09 5e-22 4.2563549e-21 2.7608146e-27
9900265.9 7.7996042e+16 6.4676409e+09 1.41225e+09 5e-22 4.2445337e-21 2.76842e-27
9912325.3 7.8074038e+16 6.4648276e+09 1.4133489e+09 5e-22 4.2327464e-21 2.7760448e-27
9924402.1 7.8152112e+16 6.4620124e+09 1.4144481e+09 5e-22 4.2209929e-21 2.7836889e-27
9936496.1 7.8230264e+16 6.459195e+09 1.4155476e+09 5e-22 4.2092732e-21 2.7913526e-27
9948607.6 7.8308495e+16 6.4563757e+09 1.4166475e+09 5e-22 4.1975872e-21 2.7990358e-27
9960736.5 7.8386803e+16 6.4535542e+09 1.4177477e+09 5e-22 4.1859347e-21 2.8067387e-27
9972882.8 7.846519e+16 6.4507308e+09 1.4188483e+09 5e-22 4.1743157e-21 2.8144611e-27
9985046.5 7.8543655e+16 6.4479053e+09 1.4199492e+09 5e-22 4.16273e-21 2.8222033e-27
9997227.8 7.8622199e+16 6.4450777e+09 1.4210504e+09 5e-22 4.1511776e-21 2.8299651e-27
10009427 7.8700821e+16 6.4422481e+09 1.4221519e+09 5e-22 4.1396583e-21 2.8377468e-27
10021643 7.8779522e+16 6.4394165e+09 1.4232538e+09 5e-22 4.1281721e-21 2.8455483e-27
10033877 7.8858301e+16 6.4365828e+09 1.424356e+09 5e-22 4.1167189e-21 2.8533698e-27
10046128 7.893716e+16 6.4337471e+09 1.4254585e+09 5e-22 4.1052986e-21 2.8612111e-27
10058398 7.9016097e+16 6.4309093e+09 1.4265613e+09 5e-22 4.093911e-21 2.8690725e-27
10070685 7.9095113e+16 6.4280695e+09 1.4276645e+09 5e-22 4.0825561e-21 2.8769539e-27
10082989 7.9174208e+16 6.4252276e+09 1.428768e+09 5e-22 4.0712338e-21 2.8848554e-27
10095312 7.9253382e+16 6.4223838e+09 1.4298717e+09 5e-22 4.059944e-21 2.8927771e-27
10107652 7.9332636e+16 6.4195378e+09 1.4309758e+09 5e-22 4.0486866e-21 2.900719e-27
10120010 7.9411968e+16 6.4166899e+09 1.4320802e+09 5e-22 4.0374615e-21 2.9086811e-27
10132386 7.949138e+16 6.4138399e+09 1.4331849e+09 5e-22 4.0262686e-21 2.9166636e-27
10144779 7.9570871e+16 6.4109879e+09 1.4342899e+09 5e-22 4.0151078e-21 2.9246664e-27
10157191 7.9650442e+16 6.4081338e+09 1.4353952e+09 5e-22 4.0039791e-21 2.9326896e-27
10169621 7.9730093e+16 6.4052777e+09 1.4365008e+09 5e-22 3.9928822e-21 2.9407333e-27
10182068 7.9809823e+16 6.4024196e+09 1.4376066e+09 5e-22 3.9818172e-21 2.9487976e-27
10194534 7.9889633e+16 6.3995595e+09 1.4387128e+09 5e-22 3.970784e-21 2.9568824e-27
10207017 7.9969522e+16 6.3966973e+09 1.4398193e+09 5e-22 3.9597824e-21 2.9649878e-27
10219519 8.0049492e+16 6.3938331e+09 1.440926e+09 5e-22 3.9488123e-21 2.9731139e-27
10232039 8.0129541e+16 6.3909668e+09 1.442033e+09 5e-22 3.9378738e-21 2.9812607e-27
10244577 8.0209671e+16 6.3880986e+09 1.4431404e+09 5e-22 3.9269666e-21 2.9894284e-27
10257133 8.0289881e+16 6.3852283e+09 1.444248e+09 5e-22 3.9160906e-21 2.9976168e-27
10269707 8.037017e+16 6.382356e+09 1.4453558e+09 5e-22 3.9052459e-21 3.0058262e-27
10282300 8.0450541e+16 6.3794816e+09 1.446464e+09 5e-22 3.8944323e-21 3.0140565e-27
10294911 8.0530991e+16 6.3766053e+09 1.4475724e+09 5e-22 3.8836496e-21 3.0223079e-27
10307540 8.0611522e+16 6.3737269e+09 1.4486811e+09 5e-22 3.8728979e-21 3.0305802e-27
10320187 8.0692134e+16 6.3708465e+09 1.44979e+09 5e-22 3.8621771e-21 3.0388737e-27
10332853 8.0772826e+16 6.3679641e+09 1.4508992e+09 5e-22 3.8514869e-21 3.0471884e-27
10345537 8.0853599e+16 6.3650797e+09 1.4520087e+09 5e-22 3.8408274e-21 3.0555243e-27
10358240 8.0934452e+16 6.3621932e+09 1.4531184e+09 5e-22 3.8301985e-21 3.0638814e-27
10370961 8.1015387e+16 6.3593048e+09 1.4542284e+09 5e-22 3.8196001e-21 3.0722599e-27
10383701 8.1096402e+16 6.3564143e+09 1.4553387e+09 5e-22 3.809032e-21 3.0806598e-27
10396459 8.1177498e+16 6.3535218e+09 1.4564492e+09 5e-22 3.7984942e-21 3.0890811e-27
10409236 8.1258676e+16 6.3506273e+09 1.4575599e+09 5e-22 3.7879866e-21 3.0975239e-27
10422031 8.1339935e+16 6.3477308e+09 1.4586709e+09 5e-22 3.7775092e-21 3.1059883e-27
10434845 8.1421275e+16 6.3448323e+09 1.4597821e+09 5e-22 3.7670618e-21 3.1144743e-27
10447678 8.1502696e+16 6.3419318e+09 1.4608936e+09 5e-22 3.7566443e-21 3.122982e-27
10460529 8.1584199e+16 6.3390292e+09 1.4620053e+09 5e-22 3.7462566e-21 3.1315113e-27
10473399 8.1665783e+16 6.3361247e+09 1.4631172e+09 5e-22 3.7358988e-21 3.1400625e-27
10486288 8.1747449e+16 6.3332181e+09 1.4642294e+09 5e-22 3.7255706e-21 3.1486355e-27
10499196 8.1829196e+16 6.3303096e+09 1.4653418e+09 5e-22 3.715272e-21 3.1572303e-27
10512123 8.1911025e+16 6.327399e+09 1.4664545e+09 5e-22 3.705003e-21 3.1658472e-27
10525068 8.1992936e+16 6.3244865e+09 1.4675673e+09 5e-22 3.6947633e-21 3.174486e-27
10538032 8.2074929e+16 6.3215719e+09 1.4686804e+09 5e-22 3.684553e-21 3.1831469e-27
10551016 8.2157004e+16 6.3186553e+09 1.4697937e+09 5e-22 3.6743719e-21 3.1918299e-27
10564018 8.2239161e+16 6.3157368e+09 1.4709073e+09 5e-22 3.66422e-21 3.2005351e-27
10577039 8.23214e+16 6.3128162e+09 1.472021e+09 5e-22 3.6540972e-21 3.2092625e-27
10590080 8.2403722e+16 6.3098937e+09 1.473135e+09 5e-22 3.6440034e-21 3.2180122e-27
10603139 8.2486125e+16 6.3069691e+09 1.4742491e+09 5e-22 3.6339385e-21 3.2267842e-27
10616218 8.2568611e+16 6.3040426e+09 1.4753635e+09 5e-22 3.6239024e-21 3.2355787e-27
10629315 8.265118e+16 6.3011141e+09 1.4764781e+09 5e-22 3.6138951e-21 3.2443956e-27
10642432 8.2733831e+16 6.2981835e+09 1.4775928e+09 5e-22 3.6039164e-21 3.253235e-27
10655569 8.2816565e+16 6.295251e+09 1.4787078e+09 5e-22 3.5939663e-21 3.2620971e-27
10668724 8.2899382e+16 6.2923165e+09 1.479823e+09 5e-22 3.5840447e-21 3.2709817e-27
10681899 8.2982281e+16 6.28938e+09 1.4809383e+09 5e-22 3.5741515e-21 3.2798891e-27
10695093 8.3065263e+16 6.2864416e+09 1.4820539e+09 5e-22 3.5642867e-21 3.2888192e-27
10708306 8.3148329e+16 6.2835011e+09 1.4831696e+09 5e-22 3.55445e-21 3.2977721e-27
10721539 8.3231477e+16 6.2805587e+09 1.4842856e+09 5e-22 3.5446416e-21 3.3067479e-27
10734791 8.3314708e+16 6.2776142e+09 1.4854017e+09 5e-22 3.5348612e-21 3.3157467e-27
10748063 8.3398023e+16 6.2746678e+09 1.486518e+09 5e-22 3.5251088e-21 3.3247684e-27
10761354 8.3481421e+16 6.2717195e+09 1.4876344e+09 5e-22 3.5153844e-21 3.3338132e-27
10774665 8.3564903e+16 6.2687691e+09 1.4887511e+09 5e-22 3.5056878e-21 3.3428811e-27
10787995 8.3648467e+16 6.2658168e+09 1.4898679e+09 5e-22 3.4960189e-21 3.3519722e-27
10801345 8.3732116e+16 6.2628624e+09 1.4909849e+09 5e-22 3.4863777e-21 3.3610865e-27
10814715 8.3815848e+16 6.2599061e+09 1.492102e+09 5e-22 3.4767641e-21 3.3702241e-27
10828104 8.3899664e+16 6.2569479e+09 1.4932194e+09 5e-22 3.467178e-21 3.379385e-27
10841513 8.3983564e+16 6.2539876e+09 1.4943368e+09 5e-22 3.4576194e-21 3.3885694e-27
10854942 8.4067547e+16 6.2510254e+09 1.4954545e+09 5e-22 3.4480881e-21 3.3977772e-27
10868391 8.4151615e+16 6.2480613e+09 1.4965723e+09 5e-22 3.4385841e-21 3.4070086e-27
10881859 8.4235766e+16 6.2450951e+09 1.4976902e+09 5e-22 3.4291073e-21 3.4162635e-27
10895347 8.4320002e+16 6.242127e+09 1.4988083e+09 5e-22 3.4196576e-21 3.4255422e-27
10908855 8.4404322e+16 6.2391569e+09 1.4999265e+09 5e-22 3.4102349e-21 3.4348445e-27
10922384 8.4488726e+16 6.2361849e+09 1.5010449e+09 5e-22 3.4008392e-21 3.4441706e-27
10935932 8.4573215e+16 6.2332109e+09 1.5021635e+09 5e-22 3.3914703e-21 3.4535206e-27
10949500 8.4657788e+16 6.2302349e+09 1.5032821e+09 5e-22 3.3821283e-21 3.4628945e-27
10963088 8.4742446e+16 6.227257e+09 1.5044009e+09 5e-22 3.372813e-21 3.4722923e-27
10976696 8.4827189e+16 6.2242771e+09 1.5055199e+09 5e-22 3.3635243e-21 3.4817142e-27
10990325 8.4912016e+16 6.2212953e+09 1.5066389e+09 5e-22 3.3542622e-21 3.4911601e-27
11003974 8.4996928e+16 6.2183115e+09 1.5077581e+09 5e-22 3.3450266e-21 3.5006302e-27
11017642 8.5081925e+16 6.2153258e+09 1.5088775e+09 5e-22 3.3358174e-21 3.5101245e-27
11031331 8.5167007e+16 6.2123381e+09 1.5099969e+09 5e-22 3.3266346e-21 3.5196431e-27
11045041 8.5252174e+16 6.2093484e+09 1.5111165e+09 5e-22 3.317478e-21 3.5291861e-27
11058770 8.5337426e+16 6.2063568e+09 1.5122362e+09 5e-22 3.3083476e-21 3.5387534e-27
11072520 8.5422763e+16 6.2033633e+09 1.5133559e+09 5e-22 3.2992432e-21 3.5483452e-27
11086291 8.5508186e+16 6.2003678e+09 1.5144759e+09 5e-22 3.290165e-21 3.5579615e-27
11100082 8.5593694e+16 6.1973703e+09 1.5155959e+09 5e-22 3.2811126e-21 3.5676025e-27
11113893 8.5679288e+16 6.1943709e+09 1.516716e+09 5e-22 3.2720862e-21 3.5772681e-27
11127725 8.5764967e+16 6.1913696e+09 1.5178362e+09 5e-22 3.2630856e-21 3.5869584e-27
11141577 8.5850732e+16 6.1883664e+09 1.5189565e+09 5e-22 3.2541107e-21 3.5966735e-27
11155450 8.5936583e+16 6.1853612e+09 1.5200769e+09 5e-22 3.2451614e-21 3.6064134e-27
11169343 8.6022519e+16 6.182354e+09 1.5211975e+09 5e-22 3.2362377e-21 3.6161783e-27
11183258 8.6108542e+16 6.1793449e+09 1.5223181e+09 5e-22 3.2273396e-21 3.6259681e-27
11197193 8.619465e+16 6.1763339e+09 1.5234388e+09 5e-22 3.2184668e-21 3.635783e-27
11211148 8.6280845e+16 6.173321e+09 1.5245595e+09 5e-22 3.2096195e-21 3.645623e-27
11225125 8.6367126e+16 6.1703061e+09 1.5256804e+09 5e-22 3.2007974e-21 3.6554882e-27
11239122 8.6453493e+16 6.1672893e+09 1.5268013e+09 5e-22 3.1920005e-21 3.6653786e-27
11253140 8.6539947e+16 6.1642705e+09 1.5279223e+09 5e-22 3.1832287e-21 3.6752943e-27
11267179 8.6626487e+16 6.1612499e+09 1.5290434e+09 5e-22 3.1744821e-21 3.6852354e-27
11281239 8.6713113e+16 6.1582273e+09 1.5301646e+09 5e-22 3.1657604e-21 3.6952019e-27
11295320 8.6799826e+16 6.1552028e+09 1.5312858e+09 5e-22 3.1570636e-21 3.705194e-27
11309421 8.6886626e+16 6.1521763e+09 1.5324071e+09 5e-22 3.1483916e-21 3.7152116e-27
11323544 8.6973513e+16 6.149148e+09 1.5335285e+09 5e-22 3.1397445e-21 3.7252548e-27
11337688 8.7060486e+16 6.1461177e+09 1.5346499e+09 5e-22 3.131122e-21 3.7353238e-27
11351854 8.7147547e+16 6.1430855e+09 1.5357713e+09 5e-22 3.1225242e-21 3.7454185e-27
11366040 8.7234694e+16 6.1400514e+09 1.5368929e+09 5e-22 3.1139509e-21 3.755539e-27
11380247 8.7321929e+16 6.1370154e+09 1.5380144e+09 5e-22 3.1054022e-21 3.7656855e-27
11394476 8.7409251e+16 6.1339774e+09 1.5391361e+09 5e-22 3.0968778e-21 3.7758579e-27
11408726 8.749666e+16 6.1309376e+09 1.5402577e+09 5e-22 3.0883778e-21 3.7860563e-27
11422997 8.7584157e+16 6.1278958e+09 1.5413794e+09 5e-22 3.079902e-21 3.7962809e-27
11437290 8.7671741e+16 6.1248521e+09 1.5425012e+09 5e-22 3.0714505e-21 3.8065316e-27
11451604 8.7759413e+16 6.1218066e+09 1.543623e+09 5e-22 3.063023e-21 3.8168086e-27
11465940 8.7847172e+16 6.1187591e+09 1.5447448e+09 5e-22 3.0546197e-21 3.8271119e-27
11480297 8.7935019e+16 6.1157097e+09 1.5458666e+09 5e-22 3.0462403e-21 3.8374416e-27
11494675 8.8022954e+16 6.1126584e+09 1.5469885e+09 5e-22 3.0378849e-21 3.8477977e-27
11509075 8.8110977e+16 6.1096052e+09 1.5481104e+09 5e-22 3.0295533e-21 3.8581803e-27
11523497 8.8199088e+16 6.1065502e+09 1.5492323e+09 5e-22 3.0212455e-21 3.8685895e-27
11537940 8.8287287e+16 6.1034932e+09 1.5503542e+09 5e-22 3.0129614e-21 3.8790254e-27
11552405 8.8375574e+16 6.1004343e+09 1.5514762e+09 5e-22 3.0047009e-21 3.889488e-27
11566892 8.846395e+16 6.0973735e+09 1.5525981e+09 5e-22 2.9964641e-21 3.8999774e-27
11581401 8.8552414e+16 6.0943109e+09 1.5537201e+09 5e-22 2.9882507e-21 3.9104936e-27
11595931 8.8640966e+16 6.0912463e+09 1.5548421e+09 5e-22 2.9800608e-21 3.9210368e-27
11610483 8.8729607e+16 6.0881799e+09 1.555964e+09 5e-22 2.9718942e-21 3.931607e-27
11625057 8.8818337e+16 6.0851116e+09 1.557086e+09 5e-22 2.963751e-21 3.9422042e-27
11639653 8.8907155e+16 6.0820414e+09 1.558208e+09 5e-22 2.9556309e-21 3.9528286e-27
11654271 8.8996062e+16 6.0789693e+09 1.5593299e+09 5e-22 2.9475341e-21 3.9634802e-27
11668911 8.9085059e+16 6.0758953e+09 1.5604519e+09 5e-22 2.9394603e-21 3.9741591e-27
11683573 8.9174144e+16 6.0728195e+09 1.5615738e+09 5e-22 2.9314096e-21 3.9848653e-27
11698258 8.9263318e+16 6.0697417e+09 1.5626957e+09 5e-22 2.9233819e-21 3.995599e-27
11712964 8.9352581e+16 6.0666621e+09 1.5638176e+09 5e-22 2.915377e-21 4.0063602e-27
11727692 8.9441934e+16 6.0635807e+09 1.5649395e+09 5e-22 2.907395e-21 4.0171489e-27
11742443 8.9531376e+16 6.0604973e+09 1.5660614e+09 5e-22 2.8994358e-21 4.0279653e-27
11757216 8.9620907e+16 6.0574121e+09 1.5671832e+09 5e-22 2.8914992e-21 4.0388094e-27
11772011 8.9710528e+16 6.054325e+09 1.568305e+09 5e-22 2.8835853e-21 4.0496812e-27
11786829 8.9800238e+16 6.051236e+09 1.5694268e+09 5e-22 2.875694e-21 4.060581e-27
11801669 8.9890039e+16 6.0481452e+09 1.5705485e+09 5e-22 2.8678251e-21 4.0715086e-27
11816531 8.9979929e+16 6.0450525e+09 1.5716702e+09 5e-22 2.8599787e-21 4.0824643e-27
11831416 9.0069909e+16 6.041958e+09 1.5727918e+09 5e-22 2.8521547e-21 4.093448e-27
11846323 9.0159979e+16 6.0388616e+09 1.5739134e+09 5e-22 2.844353e-21 4.1044599e-27
11861253 9.0250138e+16 6.0357633e+09 1.575035e+09 5e-22 2.8365735e-21 4.1155e-27
11876206 9.0340389e+16 6.0326632e+09 1.5761565e+09 5e-22 2.8288162e-21 4.1265684e-27
11891181 9.0430729e+16 6.0295613e+09 1.5772779e+09 5e-22 2.821081e-21 4.1376652e-27
11906179 9.052116e+16 6.0264574e+09 1.5783993e+09 5e-22 2.8133678e-21 4.1487904e-27
11921200 9.0611681e+16 6.0233518e+09 1.5795206e+09 5e-22 2.8056767e-21 4.1599441e-27
11936243 9.0702293e+16 6.0202442e+09 1.5806418e+09 5e-22 2.7980074e-21 4.1711264e-27
11951309 9.0792995e+16 6.0171349e+09 1.581763e+09 5e-22 2.7903601e-21 4.1823374e-27
11966398 9.0883788e+16 6.0140237e+09 1.5828841e+09 5e-22 2.7827345e-21 4.1935771e-27
11981510 9.0974672e+16 6.0109106e+09 1.5840052e+09 5e-22 2.7751306e-21 4.2048457e-27
11996645 9.1065646e+16 6.0077957e+09 1.5851261e+09 5e-22 2.7675484e-21 4.2161431e-27
12011803 9.1156712e+16 6.004679e+09 1.586247e+09 5e-22 2.7599878e-21 4.2274695e-27
12026984 9.1247869e+16 6.0015604e+09 1.5873678e+09 5e-22 2.7524488e-21 4.2388249e-27
12042188 9.1339117e+16 5.99844e+09 1.5884885e+09 5e-22 2.7449312e-21 4.2502095e-27
12057415 9.1430456e+16 5.9953178e+09 1.5896091e+09 5e-22 2.7374351e-21 4.2616232e-27
12072666 9.1521886e+16 5.9921937e+09 1.5907296e+09 5e-22 2.7299603e-21 4.2730662e-27
12087939 9.1613408e+16 5.9890678e+09 1.59185e+09 5e-22 2.7225068e-21 4.2845385e-27
12103236 9.1705021e+16 5.9859401e+09 1.5929704e+09 5e-22 2.7150745e-21 4.2960403e-27
12118556 9.1796726e+16 5.9828105e+09 1.5940906e+09 5e-22 2.7076634e-21 4.3075716e-27
12133899 9.1888523e+16 5.9796791e+09 1.5952107e+09 5e-22 2.7002734e-21 4.3191324e-27
12149266 9.1980412e+16 5.9765459e+09 1.5963307e+09 5e-22 2.6929045e-21 4.3307229e-27
12164656 9.2072392e+16 5.9734109e+09 1.5974506e+09 5e-22 2.6855565e-21 4.3423431e-27
12180070 9.2164465e+16 5.9702741e+09 1.5985703e+09 5e-22 2.6782295e-21 4.3539931e-27
12195507 9.2256629e+16 5.9671354e+09 1.59969e+09 5e-22 2.6709233e-21 4.365673e-27
12210968 9.2348886e+16 5.963995e+09 1.6008095e+09 5e-22 2.663638e-21 4.3773829e-27
12226453 9.2441234e+16 5.9608527e+09 1.6019289e+09 5e-22 2.6563733e-21 4.3891228e-27
12241961 9.2533676e+16 5.9577086e+09 1.6030482e+09 5e-22 2.6491294e-21 4.4008928e-27
12257492 9.2626209e+16 5.9545627e+09 1.6041673e+09 5e-22 2.6419061e-21 4.412693e-27
12273048 9.2718836e+16 5.951415e+09 1.6052864e+09 5e-22 2.6347033e-21 4.4245235e-27
12288627 9.2811554e+16 5.9482655e+09 1.6064052e+09 5e-22 2.627521e-21 4.4363844e-27
12304230 9.2904366e+16 5.9451142e+09 1.6075239e+09 5e-22 2.6203592e-21 4.4482757e-27
12319857 9.299727e+16 5.9419611e+09 1.6086425e+09 5e-22 2.6132178e-21 4.4601975e-27
12335508 9.3090268e+16 5.9388062e+09 1.6097609e+09 5e-22 2.6060967e-21 4.4721498e-27
12351183 9.3183358e+16 5.9356495e+09 1.6108792e+09 5e-22 2.5989958e-21 4.4841329e-27
12366882 9.3276541e+16 5.932491e+09 1.6119973e+09 5e-22 2.5919152e-21 4.4961467e-27
12382605 9.3369818e+16 5.9293308e+09 1.6131153e+09 5e-22 2.5848547e-21 4.5081913e-27
12398352 9.3463188e+16 5.9261687e+09 1.6142331e+09 5e-22 2.5778143e-21 4.5202669e-27
12414123 9.3556651e+16 5.9230049e+09 1.6153507e+09 5e-22 2.5707939e-21 4.5323734e-27
12429919 9.3650207e+16 5.9198392e+09 1.6164682e+09 5e-22 2.5637935e-21 4.544511e-27
12445739 9.3743858e+16 5.9166718e+09 1.6175855e+09 5e-22 2.556813e-21 4.5566798e-27
12461583 9.3837602e+16 5.9135026e+09 1.6187026e+09 5e-22 2.5498524e-21 4.5688798e-27
12477451 9.3931439e+16 5.9103316e+09 1.6198196e+09 5e-22 2.5429116e-21 4.5811111e-27
12493344 9.4025371e+16 5.9071589e+09 1.6209363e+09 5e-22 2.5359905e-21 4.5933739e-27
12509261 9.4119396e+16 5.9039843e+09 1.6220529e+09 5e-22 2.5290891e-21 4.6056681e-27
12525203 9.4213515e+16 5.900808e+09 1.6231693e+09 5e-22 2.5222073e-21 4.6179938e-27
12541169 9.4307729e+16 5.89763e+09 1.6242855e+09 5e-22 2.5153451e-21 4.6303512e-27
12557160 9.4402037e+16 5.8944501e+09 1.6254015e+09 5e-22 2.5085024e-21 4.6427404e-27
12573175 9.4496439e+16 5.8912685e+09 1.6265173e+09 5e-22 2.5016792e-21 4.6551613e-27
12589215 9.4590935e+16 5.8880852e+09 1.6276329e+09 5e-22 2.4948753e-21 4.6676142e-27
12605280 9.4685526e+16 5.8849e+09 1.6287483e+09 5e-22 2.4880908e-21 4.680099e-27
12621370 9.4780212e+16 5.8817131e+09 1.6298635e+09 5e-22 2.4813256e-21 4.6926159e-27
12637484 9.4874992e+16 5.8785245e+09 1.6309784e+09 5e-22 2.4745796e-21 4.7051649e-27
12653623 9.4969867e+16 5.8753341e+09 1.6320932e+09 5e-22 2.4678528e-21 4.7177462e-27
12669787 9.5064837e+16 5.872142e+09 1.6332077e+09 5e-22 2.4611452e-21 4.7303597e-27
12685976 9.5159901e+16 5.8689481e+09 1.6343221e+09 5e-22 2.4544566e-21 4.7430057e-27
12702191 9.5255061e+16 5.8657524e+09 1.6354362e+09 5e-22 2.447787e-21 4.7556841e-27
12718430 9.5350316e+16 5.862555e+09 1.63655e+09 5e-22 2.4411363e-21 4.7683952e-27
12734694 9.5445667e+16 5.8593559e+09 1.6376637e+09 5e-22 2.4345046e-21 4.7811388e-27
12750984 9.5541112e+16 5.856155e+09 1.6387771e+09 5e-22 2.4278916e-21 4.7939152e-27
12767298 9.5636653e+16 5.8529524e+09 1.6398902e+09 5e-22 2.4212975e-21 4.8067244e-27
12783638 9.573229e+16 5.849748e+09 1.6410031e+09 5e-22 2.4147221e-21 4.8195666e-27
12800003 9.5828022e+16 5.846542e+09 1.6421158e+09 5e-22 2.4081654e-21 4.8324417e-27
12816394 9.592385e+16 5.8433341e+09 1.6432282e+09 5e-22 2.4016274e-21 4.8453499e-27
12832810 9.6019774e+16 5.8401246e+09 1.6443404e+09 5e-22 2.3951079e-21 4.8582913e-27
12849251 9.6115794e+16 5.8369133e+09 1.6454523e+09 5e-22 2.3886069e-21 4.8712659e-27
12865718 9.621191e+16 5.8337003e+09 1.646564e+09 5e-22 2.3821244e-21 4.8842739e-27
12882210 9.6308122e+16 5.8304856e+09 1.6476754e+09 5e-22 2.3756603e-21 4.8973152e-27
12898728 9.640443e+16 5.8272691e+09 1.6487865e+09 5e-22 2.3692145e-21 4.9103902e-27
12915272 9.6500834e+16 5.824051e+09 1.6498973e+09 5e-22 2.3627871e-21 4.9234987e-27
12931842 9.6597335e+16 5.8208311e+09 1.6510079e+09 5e-22 2.3563779e-21 4.9366409e-27
12948437 9.6693932e+16 5.8176095e+09 1.6521182e+09 5e-22 2.3499869e-21 4.9498168e-27
12965058 9.6790626e+16 5.8143862e+09 1.6532283e+09 5e-22 2.343614e-21 4.9630267e-27
12981704 9.6887417e+16 5.8111612e+09 1.654338e+09 5e-22 2.3372593e-21 4.9762705e-27
12998377 9.6984304e+16 5.8079345e+09 1.6554475e+09 5e-22 2.3309226e-21 4.9895483e-27
13015076 9.7081289e+16 5.804706e+09 1.6565566e+09 5e-22 2.3246039e-21 5.0028603e-27
13031800 9.717837e+16 5.8014759e+09 1.6576655e+09 5e-22 2.3183031e-21 5.0162065e-27
13048551 9.7275548e+16 5.7982441e+09 1.6587741e+09 5e-22 2.3120202e-21 5.029587e-27
13065327 9.7372824e+16 5.7950106e+09 1.6598824e+09 5e-22 2.3057551e-21 5.0430019e-27
13082130 9.7470197e+16 5.7917754e+09 1.6609903e+09 5e-22 2.2995078e-21 5.0564513e-27
13098959 9.7567667e+16 5.7885384e+09 1.662098e+09 5e-22 2.2932782e-21 5.0699352e-27
13115815 9.7665235e+16 5.7852998e+09 1.6632053e+09 5e-22 2.2870663e-21 5.0834539e-27
13132696 9.77629e+16 5.7820596e+09 1.6643124e+09 5e-22 2.2808721e-21 5.0970073e-27
13149604 9.7860663e+16 5.7788176e+09 1.6654191e+09 5e-22 2.2746954e-21 5.1105956e-27
13166539 9.7958523e+16 5.7755739e+09 1.6665255e+09 5e-22 2.2685362e-21 5.1242188e-27
13183500 9.8056482e+16 5.7723286e+09 1.6676316e+09 5e-22 2.2623946e-21 5.137877e-27
13200487 9.8154538e+16 5.7690816e+09 1.6687373e+09 5e-22 2.2562703e-21 5.1515704e-27
13217501 9.8252693e+16 5.7658329e+09 1.6698427e+09 5e-22 2.2501634e-21 5.165299e-27
13234541 9.8350946e+16 5.7625825e+09 1.6709478e+09 5e-22 2.2440738e-21 5.1790629e-27
13251608 9.8449297e+16 5.7593305e+09 1.6720526e+09 5e-22 2.2380015e-21 5.1928622e-27
13268702 9.8547746e+16 5.7560768e+09 1.673157e+09 5e-22 2.2319465e-21 5.206697e-27
13285823 9.8646294e+16 5.7528214e+09 1.674261e+09 5e-22 2.2259085e-21 5.2205674e-27
13302970 9.874494e+16 5.7495644e+09 1.6753647e+09 5e-22 2.2198878e-21 5.2344734e-27
13320145 9.8843685e+16 5.7463057e+09 1.6764681e+09 5e-22 2.2138841e-21 5.2484153e-27
13337346 9.8942529e+16 5.7430454e+09 1.6775711e+09 5e-22 2.2078974e-21 5.262393e-27
13354574 9.9041471e+16 5.7397834e+09 1.6786737e+09 5e-22 2.2019277e-21 5.2764067e-27
13371829 9.9140513e+16 5.7365197e+09 1.679776e+09 5e-22 2.1959749e-21 5.2904564e-27
13389112 9.9239653e+16 5.7332544e+09 1.6808779e+09 5e-22 2.1900389e-21 5.3045423e-27
13406421 9.9338893e+16 5.7299875e+09 1.6819794e+09 5e-22 2.1841199e-21 5.3186644e-27
13423758 9.9438232e+16 5.7267189e+09 1.6830805e+09 5e-22 2.1782175e-21 5.3328229e-27
13441122 9.953767e+16 5.7234486e+09 1.6841813e+09 5e-22 2.172332e-21 5.3470178e-27
13458513 9.9637208e+16 5.7201767e+09 1.6852817e+09 5e-22 2.1664631e-21 5.3612493e-27
13475932 9.9736845e+16 5.7169032e+09 1.6863817e+09 5e-22 2.1606108e-21 5.3755174e-27
13493378 9.9836582e+16 5.7136281e+09 1.6874814e+09 5e-22 2.1547751e-21 5.3898222e-27
13510851 9.9936418e+16 5.7103513e+09 1.6885806e+09 5e-22 2.1489559e-21 5.4041638e-27
13528352 1.0003635e+17 5.7070729e+09 1.6896794e+09 5e-22 2.1431533e-21 5.4185423e-27
13545880 1.0013639e+17 5.7037928e+09 1.6907779e+09 5e-22 2.1373671e-21 5.4329579e-27
13563437 1.0023653e+17 5.7005111e+09 1.6918759e+09 5e-22 2.1315972e-21 5.4474105e-27
13581020 1.0033676e+17 5.6972279e+09 1.6929735e+09 5e-22 2.1258437e-21 5.4619004e-27
13598632 1.004371e+17 5.6939429e+09 1.6940707e+09 5e-22 2.1201066e-21 5.4764275e-27
13616271 1.0053754e+17 5.6906564e+09 1.6951675e+09 5e-22 2.1143856e-21 5.4909921e-27
13633938 1.0063808e+17 5.6873683e+09 1.6962639e+09 5e-22 2.1086809e-21 5.5055942e-27
13651633 1.0073871e+17 5.6840785e+09 1.6973599e+09 5e-22 2.1029923e-21 5.5202339e-27
13669356 1.0083945e+17 5.6807871e+09 1.6984554e+09 5e-22 2.0973198e-21 5.5349112e-27
13687107 1.0094029e+17 5.6774942e+09 1.6995505e+09 5e-22 2.0916634e-21 5.5496264e-27
13704886 1.0104123e+17 5.6741996e+09 1.7006452e+09 5e-22 2.086023e-21 5.5643794e-27
13722693 1.0114227e+17 5.6709034e+09 1.7017395e+09 5e-22 2.0803986e-21 5.5791705e-27
13740529 1.0124342e+17 5.6676056e+09 1.7028333e+09 5e-22 2.0747901e-21 5.5939996e-27
13758392 1.0134466e+17 5.6643063e+09 1.7039266e+09 5e-22 2.0691975e-21 5.608867e-27
13776284 1.01446e+17 5.6610053e+09 1.7050196e+09 5e-22 2.0636207e-21 5.6237726e-27
13794204 1.0154745e+17 5.6577027e+09 1.706112e+09 5e-22 2.0580597e-21 5.6387166e-27
13812153 1.01649e+17 5.6543986e+09 1.707204e+09 5e-22 2.0525144e-21 5.6536992e-27
13830130 1.0175065e+17 5.6510929e+09 1.7082956e+09 5e-22 2.0469849e-21 5.6687203e-27
13848135 1.018524e+17 5.6477856e+09 1.7093867e+09 5e-22 2.0414709e-21 5.6837801e-27
13866169 1.0195425e+17 5.6444767e+09 1.7104773e+09 5e-22 2.0359726e-21 5.6988787e-27
13884232 1.020562e+17 5.6411662e+09 1.7115675e+09 5e-22 2.0304899e-21 5.7140162e-27
13902323 1.0215826e+17 5.6378542e+09 1.7126572e+09 5e-22 2.0250226e-21 5.7291928e-27
13920443 1.0226042e+17 5.6345405e+09 1.7137464e+09 5e-22 2.0195708e-21 5.7444084e-27
13938592 1.0236268e+17 5.6312254e+09 1.7148351e+09 5e-22 2.0141345e-21 5.7596632e-27
13956770 1.0246504e+17 5.6279086e+09 1.7159234e+09 5e-22 2.0087135e-21 5.7749573e-27
13974976 1.0256751e+17 5.6245903e+09 1.7170112e+09 5e-22 2.0033079e-21 5.7902909e-27
13993212 1.0267007e+17 5.6212704e+09 1.7180984e+09 5e-22 1.9979175e-21 5.805664e-27
14011476 1.0277274e+17 5.617949e+09 1.7191852e+09 5e-22 1.9925424e-21 5.8210767e-27
14029770 1.0287552e+17 5.614626e+09 1.7202715e+09 5e-22 1.9871825e-21 5.8365291e-27
14048093 1.0297839e+17 5.6113014e+09 1.7213573e+09 5e-22 1.9818377e-21 5.8520213e-27
14066445 1.0308137e+17 5.6079753e+09 1.7224426e+09 5e-22 1.9765081e-21 5.8675535e-27
14084826 1.0318445e+17 5.6046477e+09 1.7235274e+09 5e-22 1.9711935e-21 5.8831257e-27
14103237 1.0328764e+17 5.6013185e+09 1.7246116e+09 5e-22 1.965894e-21 5.8987381e-27
14121676 1.0339092e+17 5.5979878e+09 1.7256954e+09 5e-22 1.9606094e-21 5.9143907e-27
14140146 1.0349431e+17 5.5946555e+09 1.7267786e+09 5e-22 1.9553398e-21 5.9300836e-27
14158644 1.0359781e+17 5.5913217e+09 1.7278613e+09 5e-22 1.9500851e-21 5.9458171e-27
14177173 1.0370141e+17 5.5879864e+09 1.7289435e+09 5e-22 1.9448452e-21 5.961591e-27
14195731 1.0380511e+17 5.5846495e+09 1.7300251e+09 5e-22 1.9396202e-21 5.9774057e-27
14214318 1.0390891e+17 5.5813112e+09 1.7311062e+09 5e-22 1.9344099e-21 5.9932611e-27
14232936 1.0401282e+17 5.5779712e+09 1.7321868e+09 5e-22 1.9292143e-21 6.0091575e-27
14251583 1.0411683e+17 5.5746298e+09 1.7332668e+09 5e-22 1.9240334e-21 6.0250948e-27
14270260 1.0422095e+17 5.5712868e+09 1.7343463e+09 5e-22 1.9188672e-21 6.0410732e-27
14288966 1.0432517e+17 5.5679424e+09 1.7354252e+09 5e-22 1.9137155e-21 6.0570928e-27
14307703 1.044295e+17 5.5645964e+09 1.7365036e+09 5e-22 1.9085785e-21 6.0731538e-27
14326470 1.0453393e+17 5.5612489e+09 1.7375814e+09 5e-22 1.9034559e-21 6.0892562e-27
14345267 1.0463846e+17 5.5578999e+09 1.7386587e+09 5e-22 1.8983478e-21 6.1054001e-27
14364094 1.047431e+17 5.5545494e+09 1.7397354e+09 5e-22 1.8932541e-21 6.1215856e-27
14382951 1.0484784e+17 5.5511974e+09 1.7408115e+09 5e-22 1.8881748e-21 6.1378129e-27
14401838 1.0495269e+17 5.5478439e+09 1.7418871e+09 5e-22 1.8831098e-21 6.1540821e-27
14420756 1.0505764e+17 5.5444889e+09 1.7429621e+09 5e-22 1.8780592e-21 6.1703932e-27
14439704 1.051627e+17 5.5411324e+09 1.7440365e+09 5e-22 1.8730228e-21 6.1867465e-27
14458683 1.0526786e+17 5.5377744e+09 1.7451103e+09 5e-22 1.8680006e-21 6.2031419e-27
14477692 1.0537313e+17 5.5344149e+09 1.7461835e+09 5e-22 1.8629927e-21 6.2195796e-27
14496731 1.054785e+17 5.531054e+09 1.7472562e+09 5e-22 1.8579988e-21 6.2360598e-27
14515802 1.0558398e+17 5.5276915e+09 1.7483282e+09 5e-22 1.8530191e-21 6.2525824e-27
14534903 1.0568957e+17 5.5243276e+09 1.7493997e+09 5e-22 1.8480534e-21 6.2691477e-27
14554034 1.0579526e+17 5.5209622e+09 1.7504705e+09 5e-22 1.8431017e-21 6.2857558e-27
14573197 1.0590105e+17 5.5175954e+09 1.7515408e+09 5e-22 1.838164e-21 6.3024067e-27
14592390 1.0600695e+17 5.514227e+09 1.7526104e+09 5e-22 1.8332402e-21 6.3191006e-27
14611614 1.0611296e+17 5.5108573e+09 1.7536794e+09 5e-22 1.8283304e-21 6.3358376e-27
14630870 1.0621907e+17 5.507486e+09 1.7547478e+09 5e-22 1.8234344e-21 6.3526178e-27
14650156 1.0632529e+17 5.5041133e+09 1.7558156e+09 5e-22 1.8185522e-21 6.3694413e-27
14669473 1.0643162e+17 5.5007391e+09 1.7568828e+09 5e-22 1.8136837e-21 6.3863083e-27
14688822 1.0653805e+17 5.4973635e+09 1.7579493e+09 5e-22 1.8088291e-21 6.4032188e-27
14708202 1.0664459e+17 5.4939864e+09 1.7590152e+09 5e-22 1.8039881e-21 6.4201729e-27
14727613 1.0675123e+17 5.4906079e+09 1.7600805e+09 5e-22 1.7991607e-21 6.4371709e-27
14747055 1.0685798e+17 5.4872279e+09 1.7611451e+09 5e-22 1.794347e-21 6.4542127e-27
14766529 1.0696484e+17 5.4838465e+09 1.7622091e+09 5e-22 1.7895469e-21 6.4712985e-27
14786035 1.0707181e+17 5.4804636e+09 1.7632724e+09 5e-22 1.7847603e-21 6.4884284e-27
14805572 1.0717888e+17 5.4770793e+09 1.7643351e+09 5e-22 1.7799872e-21 6.5056026e-27
14825140 1.0728606e+17 5.4736936e+09 1.7653971e+09 5e-22 1.7752275e-21 6.5228211e-27
14844741 1.0739334e+17 5.4703064e+09 1.7664585e+09 5e-22 1.7704813e-21 6.5400841e-27
14864373 1.0750074e+17 5.4669178e+09 1.7675192e+09 5e-22 1.7657484e-21 6.5573917e-27
14884037 1.0760824e+17 5.4635278e+09 1.7685793e+09 5e-22 1.7610289e-21 6.574744e-27
14903732 1.0771584e+17 5.4601364e+09 1.7696386e+09 5e-22 1.7563227e-21 6.5921411e-27
14923460 1.0782356e+17 5.4567436e+09 1.7706973e+09 5e-22 1.7516298e-21 6.6095832e-27
14943220 1.0793138e+17 5.4533493e+09 1.7717553e+09 5e-22 1.7469501e-21 6.6270703e-27
14963012 1.0803932e+17 5.4499536e+09 1.7728127e+09 5e-22 1.7422836e-21 6.6446026e-27
14982835 1.0814735e+17 5.4465565e+09 1.7738693e+09 5e-22 1.7376302e-21 6.6621801e-27
15002691 1.082555e+17 5.4431581e+09 1.7749253e+09 5e-22 1.73299e-21 6.6798031e-27
15022580 1.0836376e+17 5.4397582e+09 1.7759805e+09 5e-22 1.7283628e-21 6.6974717e-27
15042501 1.0847212e+17 5.4363569e+09 1.7770351e+09 5e-22 1.7237487e-21 6.7151859e-27
15062454 1.0858059e+17 5.4329542e+09 1.778089e+09 5e-22 1.7191475e-21 6.7329458e-27
15082439 1.0868917e+17 5.4295501e+09 1.7791422e+09 5e-22 1.7145594e-21 6.7507517e-27
15102457 1.0879786e+17 5.4261447e+09 1.7801946e+09 5e-22 1.7099841e-21 6.7686036e-27
15122508 1.0890666e+17 5.4227378e+09 1.7812464e+09 5e-22 1.7054218e-21 6.7865016e-27
15142591 1.0901557e+17 5.4193296e+09 1.7822974e+09 5e-22 1.7008723e-21 6.8044458e-27
15162707 1.0912458e+17 5.41592e+09 1.7833477e+09 5e-22 1.6963356e-21 6.8224365e-27
15182856 1.0923371e+17 5.412509e+09 1.7843973e+09 5e-22 1.6918116e-21 6.8404736e-27
15203038 1.0934294e+17 5.4090966e+09 1.7854461e+09 5e-22 1.6873005e-21 6.8585574e-27
15223253 1.0945228e+17 5.4056829e+09 1.7864943e+09 5e-22 1.682802e-21 6.876688e-27
15243500 1.0956174e+17 5.4022678e+09 1.7875416e+09 5e-22 1.6783162e-21 6.8948654e-27
15263781 1.096713e+17 5.3988513e+09 1.7885883e+09 5e-22 1.673843e-21 6.9130897e-27
15284095 1.0978097e+17 5.3954335e+09 1.7896342e+09 5e-22 1.6693824e-21 6.9313613e-27
15304442 1.0989075e+17 5.3920143e+09 1.7906794e+09 5e-22 1.6649344e-21 6.94968e-27
15324822 1.1000064e+17 5.3885937e+09 1.7917238e+09 5e-22 1.6604988e-21 6.9680461e-27
15345236 1.1011064e+17 5.3851719e+09 1.7927674e+09 5e-22 1.6560758e-21 6.9864598e-27
15365683 1.1022075e+17 5.3817486e+09 1.7938103e+09 5e-22 1.6516652e-21 7.004921e-27
15386163 1.1033097e+17 5.378324e+09 1.7948524e+09 5e-22 1.6472671e-21 7.02343e-27
15406677 1.104413e+17 5.3748981e+09 1.7958938e+09 5e-22 1.6428813e-21 7.0419868e-27
15427225 1.1055175e+17 5.3714708e+09 1.7969344e+09 5e-22 1.6385078e-21 7.0605917e-27
15447806 1.106623e+17 5.3680422e+09 1.7979742e+09 5e-22 1.6341467e-21 7.0792446e-27
15468421 1.1077296e+17 5.3646123e+09 1.7990133e+09 5e-22 1.6297978e-21 7.0979458e-27
15489070 1.1088373e+17 5.361181e+09 1.8000515e+09 5e-22 1.6254611e-21 7.1166954e-27
15509753 1.1099462e+17 5.3577484e+09 1.801089e+09 5e-22 1.6211367e-21 7.1354935e-27
15530469 1.1110561e+17 5.3543145e+09 1.8021257e+09 5e-22 1.6168244e-21 7.1543402e-27
15551220 1.1121672e+17 5.3508793e+09 1.8031616e+09 5e-22 1.6125242e-21 7.1732357e-27
15572005 1.1132793e+17 5.3474428e+09 1.8041966e+09 5e-22 1.6082362e-21 7.1921801e-27
15592824 1.1143926e+17 5.3440049e+09 1.8052309e+09 5e-22 1.6039602e-21 7.2111735e-27
15613677 1.115507e+17 5.3405657e+09 1.8062644e+09 5e-22 1.5996962e-21 7.230216e-27
15634564 1.1166225e+17 5.3371253e+09 1.8072971e+09 5e-22 1.5954442e-21 7.2493078e-27
15655486 1.1177391e+17 5.3336835e+09 1.808329e+09 5e-22 1.5912042e-21 7.2684491e-27
15676442 1.1188569e+17 5.3302404e+09 1.80936e+09 5e-22 1.586976e-21 7.2876398e-27
15697433 1.1199757e+17 5.3267961e+09 1.8103902e+09 5e-22 1.5827598e-21 7.3068802e-27
15718458 1.1210957e+17 5.3233504e+09 1.8114196e+09 5e-22 1.5785554e-21 7.3261705e-27
15739518 1.1222168e+17 5.3199034e+09 1.8124482e+09 5e-22 1.5743628e-21 7.3455106e-27
15760613 1.123339e+17 5.3164552e+09 1.8134759e+09 5e-22 1.5701821e-21 7.3649008e-27
15781742 1.1244624e+17 5.3130057e+09 1.8145028e+09 5e-22 1.566013e-21 7.3843412e-27
15802907 1.1255868e+17 5.3095549e+09 1.8155289e+09 5e-22 1.5618557e-21 7.403832e-27
15824106 1.1267124e+17 5.3061028e+09 1.8165541e+09 5e-22 1.5577101e-21 7.4233732e-27
15845340 1.1278391e+17 5.3026495e+09 1.8175785e+09 5e-22 1.5535761e-21 7.442965e-27
15866610 1.128967e+17 5.2991949e+09 1.818602e+09 5e-22 1.5494537e-21 7.4626075e-27
15887914 1.1300959e+17 5.295739e+09 1.8196246e+09 5e-22 1.5453429e-21 7.4823009e-27
15909254 1.131226e+17 5.2922818e+09 1.8206464e+09 5e-22 1.5412436e-21 7.5020452e-27
15930629 1.1323572e+17 5.2888234e+09 1.8216674e+09 5e-22 1.5371559e-21 7.5218407e-27
15952039 1.1334896e+17 5.2853638e+09 1.8226874e+09 5e-22 1.5330796e-21 7.5416875e-27
15973485 1.1346231e+17 5.2819029e+09 1.8237066e+09 5e-22 1.5290148e-21 7.5615856e-27
15994966 1.1357577e+17 5.2784407e+09 1.8247249e+09 5e-22 1.5249614e-21 7.5815353e-27
16016483 1.1368935e+17 5.2749773e+09 1.8257424e+09 5e-22 1.5209194e-21 7.6015367e-27
16038036 1.1380304e+17 5.2715127e+09 1.8267589e+09 5e-22 1.5168887e-21 7.6215899e-27
16059624 1.1391684e+17 5.2680468e+09 1.8277746e+09 5e-22 1.5128693e-21 7.641695e-27
16081248 1.1403076e+17 5.2645797e+09 1.8287893e+09 5e-22 1.5088613e-21 7.6618522e-27
16102908 1.1414479e+17 5.2611113e+09 1.8298032e+09 5e-22 1.5048644e-21 7.6820616e-27
16124604 1.1425893e+17 5.2576418e+09 1.8308162e+09 5e-22 1.5008788e-21 7.7023234e-27
16146336 1.1437319e+17 5.254171e+09 1.8318283e+09 5e-22 1.4969044e-21 7.7226377e-27
16168104 1.1448756e+17 5.2506989e+09 1.8328394e+09 5e-22 1.4929411e-21 7.7430046e-27
16189908 1.1460205e+17 5.2472257e+09 1.8338497e+09 5e-22 1.488989e-21 7.7634243e-27
16211749 1.1471665e+17 5.2437513e+09 1.834859e+09 5e-22 1.4850479e-21 7.7838969e-27
16233626 1.1483137e+17 5.2402756e+09 1.8358674e+09 5e-22 1.4811179e-21 7.8044226e-27
16255539 1.149462e+17 5.2367987e+09 1.8368749e+09 5e-22 1.4771989e-21 7.8250014e-27
16277489 1.1506115e+17 5.2333207e+09 1.8378815e+09 5e-22 1.4732909e-21 7.8456336e-27
16299475 1.1517621e+17 5.2298414e+09 1.8388871e+09 5e-22 1.4693939e-21 7.8663193e-27
16321498 1.1529139e+17 5.2263609e+09 1.8398918e+09 5e-22 1.4655078e-21 7.8870585e-27
16343557 1.1540668e+17 5.2228793e+09 1.8408956e+09 5e-22 1.4616326e-21 7.9078516e-27
16365654 1.1552208e+17 5.2193964e+09 1.8418984e+09 5e-22 1.4577683e-21 7.9286985e-27
16387787 1.1563761e+17 5.2159124e+09 1.8429003e+09 5e-22 1.4539148e-21 7.9495995e-27
16409957 1.1575324e+17 5.2124271e+09 1.8439012e+09 5e-22 1.4500721e-21 7.9705546e-27
16432164 1.15869e+17 5.2089407e+09 1.8449011e+09 5e-22 1.4462402e-21 7.9915641e-27
16454409 1.1598487e+17 5.2054532e+09 1.8459001e+09 5e-22 1.442419e-21 8.0126281e-27
16476690 1.1610085e+17 5.2019644e+09 1.8468982e+09 5e-22 1.4386085e-21 8.0337467e-27
16499009 1.1621695e+17 5.1984745e+09 1.8478953e+09 5e-22 1.4348087e-21 8.05492e-27
16521365 1.1633317e+17 5.1949834e+09 1.8488914e+09 5e-22 1.4310196e-21 8.0761483e-27
16543758 1.164495e+17 5.1914912e+09 1.8498865e+09 5e-22 1.4272411e-21 8.0974316e-27
16566189 1.1656595e+17 5.1879978e+09 1.8508806e+09 5e-22 1.4234732e-21 8.1187701e-27
16588657 1.1668252e+17 5.1845032e+09 1.8518738e+09 5e-22 1.4197158e-21 8.140164e-27
16611163 1.167992e+17 5.1810075e+09 1.852866e+09 5e-22 1.4159689e-21 8.1616133e-27
16633707 1.16916e+17 5.1775107e+09 1.8538572e+09 5e-22 1.4122326e-21 8.1831183e-27
16656289 1.1703291e+17 5.1740127e+09 1.8548474e+09 5e-22 1.4085067e-21 8.204679e-27
16678908 1.1714995e+17 5.1705136e+09 1.8558365e+09 5e-22 1.4047913e-21 8.2262957e-27
16701565 1.172671e+17 5.1670133e+09 1.8568247e+09 5e-22 1.4010862e-21 8.2479685e-27
16724261 1.1738436e+17 5.1635119e+09 1.8578119e+09 5e-22 1.3973916e-21 8.2696975e-27
16746994 1.1750175e+17 5.1600094e+09 1.8587981e+09 5e-22 1.3937072e-21 8.2914829e-27
16769766 1.1761925e+17 5.1565057e+09 1.8597833e+09 5e-22 1.3900332e-21 8.3133248e-27
16792575 1.1773687e+17 5.1530009e+09 1.8607674e+09 5e-22 1.3863695e-21 8.3352234e-27
16815424 1.1785461e+17 5.149495e+09 1.8617505e+09 5e-22 1.3827161e-21 8.3571788e-27
16838310 1.1797246e+17 5.145988e+09 1.8627326e+09 5e-22 1.3790728e-21 8.3791912e-27
16861235 1.1809043e+17 5.1424799e+09 1.8637137e+09 5e-22 1.3754398e-21 8.4012607e-27
16884199 1.1820852e+17 5.1389707e+09 1.8646937e+09 5e-22 1.371817e-21 8.4233875e-27
16907202 1.1832673e+17 5.1354604e+09 1.8656727e+09 5e-22 1.3682042e-21 8.4455718e-27
16930243 1.1844506e+17 5.1319489e+09 1.8666506e+09 5e-22 1.3646016e-21 8.4678136e-27
16953323 1.185635e+17 5.1284364e+09 1.8676275e+09 5e-22 1.3610091e-21 8.4901131e-27
16976441 1.1868207e+17 5.1249228e+09 1.8686033e+09 5e-22 1.3574266e-21 8.5124706e-27
16999599 1.1880075e+17 5.1214081e+09 1.8695781e+09 5e-22 1.3538542e-21 8.5348861e-27
17022796 1.1891955e+17 5.1178923e+09 1.8705519e+09 5e-22 1.3502917e-21 8.5573597e-27
17046032 1.1903847e+17 5.1143754e+09 1.8715245e+09 5e-22 1.3467392e-21 8.5798918e-27
17069307 1.1915751e+17 5.1108575e+09 1.8724961e+09 5e-22 1.3431966e-21 8.6024823e-27
17092622 1.1927667e+17 5.1073385e+09 1.8734667e+09 5e-22 1.339664e-21 8.6251315e-27
17115976 1.1939594e+17 5.1038184e+09 1.8744361e+09 5e-22 1.3361412e-21 8.6478395e-27
17139369 1.1951534e+17 5.1002972e+09 1.8754045e+09 5e-22 1.3326283e-21 8.6706065e-27
17162802 1.1963485e+17 5.096775e+09 1.8763718e+09 5e-22 1.3291252e-21 8.6934326e-27
17186275 1.1975449e+17 5.0932517e+09 1.877338e+09 5e-22 1.3256319e-21 8.716318e-27
17209788 1.1987424e+17 5.0897274e+09 1.8783031e+09 5e-22 1.3221484e-21 8.7392629e-27
17233340 1.1999412e+17 5.086202e+09 1.8792672e+09 5e-22 1.3186746e-21 8.7622673e-27
17256932 1.2011411e+17 5.0826755e+09 1.8802301e+09 5e-22 1.3152105e-21 8.7853315e-27
17280564 1.2023423e+17 5.0791481e+09 1.8811919e+09 5e-22 1.3117561e-21 8.8084556e-27
17304236 1.2035446e+17 5.0756195e+09 1.8821526e+09 5e-22 1.3083113e-21 8.8316398e-27
17327948 1.2047482e+17 5.07209e+09 1.8831122e+09 5e-22 1.3048762e-21 8.8548843e-27
17351701 1.2059529e+17 5.0685594e+09 1.8840707e+09 5e-22 1.3014507e-21 8.8781891e-27
17375494 1.2071589e+17 5.0650278e+09 1.8850281e+09 5e-22 1.2980347e-21 8.9015545e-27
17399327 1.208366e+17 5.0614951e+09 1.8859844e+09 5e-22 1.2946283e-21 8.9249806e-27
17423200 1.2095744e+17 5.0579615e+09 1.8869395e+09 5e-22 1.2912314e-21 8.9484675e-27
17447115 1.210784e+17 5.0544268e+09 1.8878935e+09 5e-22 1.287844e-21 8.9720156e-27
17471070 1.2119947e+17 5.0508911e+09 1.8888463e+09 5e-22 1.2844661e-21 8.9956248e-27
17495065 1.2132067e+17 5.0473544e+09 1.8897981e+09 5e-22 1.2810976e-21 9.0192953e-27
17519102 1.2144199e+17 5.0438167e+09 1.8907486e+09 5e-22 1.2777385e-21 9.0430274e-27
17543179 1.2156344e+17 5.0402779e+09 1.8916981e+09 5e-22 1.2743888e-21 9.0668212e-27
17567298 1.21685e+17 5.0367382e+09 1.8926464e+09 5e-22 1.2710484e-21 9.0906769e-27
17591457 1.2180668e+17 5.0331975e+09 1.8935935e+09 5e-22 1.2677174e-21 9.1145945e-27
17615658 1.2192849e+17 5.0296558e+09 1.8945395e+09 5e-22 1.2643956e-21 9.1385744e-27
17639900 1.2205042e+17 5.0261131e+09 1.8954843e+09 5e-22 1.2610831e-21 9.1626166e-27
17664183 1.2217247e+17 5.0225694e+09 1.8964279e+09 5e-22 1.2577799e-21 9.1867213e-27
17688508 1.2229464e+17 5.0190248e+09 1.8973704e+09 5e-22 1.2544859e-21 9.2108886e-27
17712874 1.2241694e+17 5.0154792e+09 1.8983117e+09 5e-22 1.2512011e-21 9.2351189e-27
17737282 1.2253935e+17 5.0119326e+09 1.8992518e+09 5e-22 1.2479255e-21 9.2594121e-27
17761731 1.2266189e+17 5.008385e+09 1.9001907e+09 5e-22 1.244659e-21 9.2837685e-27
17786223 1.2278456e+17 5.0048365e+09 1.9011285e+09 5e-22 1.2414016e-21 9.3081883e-27
17810756 1.2290734e+17 5.001287e+09 1.902065e+09 5e-22 1.2381533e-21 9.3326715e-27
17835331 1.2303025e+17 4.9977365e+09 1.9030004e+09 5e-22 1.234914e-21 9.3572185e-27
17859948 1.2315328e+17 4.9941851e+09 1.9039346e+09 5e-22 1.2316838e-21 9.3818293e-27
17884607 1.2327643e+17 4.9906328e+09 1.9048675e+09 5e-22 1.2284626e-21 9.4065042e-27
17909309 1.2339971e+17 4.9870795e+09 1.9057993e+09 5e-22 1.2252504e-21 9.4312432e-27
17934053 1.2352311e+17 4.9835253e+09 1.9067298e+09 5e-22 1.2220472e-21 9.4560466e-27
17958839 1.2364663e+17 4.9799701e+09 1.9076592e+09 5e-22 1.2188528e-21 9.4809145e-27
17983668 1.2377028e+17 4.976414e+09 1.9085873e+09 5e-22 1.2156674e-21 9.5058471e-27
18008539 1.2389405e+17 4.9728569e+09 1.9095142e+09 5e-22 1.2124909e-21 9.5308447e-27
18033453 1.2401794e+17 4.969299e+09 1.9104398e+09 5e-22 1.2093232e-21 9.5559072e-27
18058410 1.2414196e+17 4.9657401e+09 1.9113643e+09 5e-22 1.2061643e-21 9.581035e-27
18083410 1.242661e+17 4.9621803e+09 1.9122875e+09 5e-22 1.2030143e-21 9.6062282e-27
18108452 1.2439037e+17 4.9586196e+09 1.9132094e+09 5e-22 1.199873e-21 9.631487e-27
18133538 1.2451476e+17 4.955058e+09 1.9141301e+09 5e-22 1.1967405e-21 9.6568115e-27
18158667 1.2463927e+17 4.9514954e+09 1.9150496e+09 5e-22 1.1936167e-21 9.6822019e-27
18183839 1.2476391e+17 4.947932e+09 1.9159678e+09 5e-22 1.1905016e-21 9.7076584e-27
18209054 1.2488867e+17 4.9443677e+09 1.9168848e+09 5e-22 1.1873952e-21 9.7331812e-27
18234313 1.2501356e+17 4.9408025e+09 1.9178005e+09 5e-22 1.1842975e-21 9.7587704e-27
18259615 1.2513858e+17 4.9372364e+09 1.918715e+09 5e-22 1.1812084e-21 9.7844263e-27
18284961 1.2526372e+17 4.9336694e+09 1.9196282e+09 5e-22 1.1781279e-21 9.810149e-27
18310351 1.2538898e+17 4.9301015e+09 1.9205401e+09 5e-22 1.1750559e-21 9.8359386e-27
18335784 1.2551437e+17 4.9265327e+09 1.9214507e+09 5e-22 1.1719925e-21 9.8617954e-27
18361261 1.2563988e+17 4.9229631e+09 1.9223601e+09 5e-22 1.1689377e-21 9.8877195e-27
18386783 1.2576552e+17 4.9193926e+09 1.9232681e+09 5e-22 1.1658913e-21 9.9137112e-27
18412348 1.2589129e+17 4.9158212e+09 1.9241749e+09 5e-22 1.1628535e-21 9.9397706e-27
18437957 1.2601718e+17 4.912249e+09 1.9250804e+09 5e-22 1.1598241e-21 9.9658978e-27
18463611 1.261432e+17 4.9086759e+09 1.9259846e+09 5e-22 1.1568031e-21 9.9920931e-27
18489309 1.2626934e+17 4.905102e+09 1.9268876e+09 5e-22 1.1537905e-21 1.0018357e-26
18515051 1.2639561e+17 4.9015272e+09 1.9277892e+09 5e-22 1.1507863e-21 1.0044689e-26
18540838 1.26522e+17 4.8979515e+09 1.9286895e+09 5e-22 1.1477905e-21 1.0071089e-26
18566670 1.2664853e+17 4.894375e+09 1.9295885e+09 5e-22 1.144803e-21 1.0097558e-26
18592546 1.2677518e+17 4.8907977e+09 1.9304861e+09 5e-22 1.1418238e-21 1.0124097e-26
18618468 1.2690195e+17 4.8872196e+09 1.9313825e+09 5e-22 1.1388529e-21 1.0150704e-26
18644434 1.2702885e+17 4.8836406e+09 1.9322775e+09 5e-22 1.1358903e-21 1.0177381e-26
18670445 1.2715588e+17 4.8800608e+09 1.9331712e+09 5e-22 1.1329359e-21 1.0204127e-26
18696501 1.2728304e+17 4.8764802e+09 1.9340636e+09 5e-22 1.1299897e-21 1.0230943e-26
18722602 1.2741032e+17 4.8728987e+09 1.9349547e+09 5e-22 1.1270518e-21 1.0257829e-26
18748749 1.2753773e+17 4.8693164e+09 1.9358444e+09 5e-22 1.124122e-21 1.0284785e-26
18774941 1.2766527e+17 4.8657334e+09 1.9367328e+09 5e-22 1.1212003e-21 1.0311811e-26
18801179 1.2779293e+17 4.8621495e+09 1.9376198e+09 5e-22 1.1182868e-21 1.0338908e-26
18827462 1.2792073e+17 4.8585648e+09 1.9385055e+09 5e-22 1.1153813e-21 1.0366075e-26
18853791 1.2804865e+17 4.8549793e+09 1.9393898e+09 5e-22 1.112484e-21 1.0393313e-26
18880166 1.281767e+17 4.8513931e+09 1.9402727e+09 5e-22 1.1095947e-21 1.0420623e-26
18906586 1.2830487e+17 4.847806e+09 1.9411543e+09 5e-22 1.1067134e-21 1.0448003e-26
18933053 1.2843318e+17 4.8442182e+09 1.9420346e+09 5e-22 1.1038401e-21 1.0475455e-26
18959566 1.2856161e+17 4.8406295e+09 1.9429134e+09 5e-22 1.1009748e-21 1.0502978e-26
18986124 1.2869017e+17 4.8370401e+09 1.9437909e+09 5e-22 1.0981175e-21 1.0530573e-26
19012730 1.2881886e+17 4.83345e+09 1.944667e+09 5e-22 1.0952681e-21 1.055824e-26
19039381 1.2894768e+17 4.829859e+09 1.9455418e+09 5e-22 1.0924266e-21 1.058598e-26
19066079 1.2907663e+17 4.8262673e+09 1.9464151e+09 5e-22 1.0895931e-21 1.0613791e-26
19092824 1.2920571e+17 4.8226748e+09 1.9472871e+09 5e-22 1.0867673e-21 1.0641675e-26
19119615 1.2933491e+17 4.8190816e+09 1.9481576e+09 5e-22 1.0839495e-21 1.0669632e-26
19146453 1.2946425e+17 4.8154876e+09 1.9490268e+09 5e-22 1.0811394e-21 1.0697662e-26
19173338 1.2959371e+17 4.8118929e+09 1.9498946e+09 5e-22 1.0783372e-21 1.0725765e-26
19200270 1.297233e+17 4.8082974e+09 1.9507609e+09 5e-22 1.0755428e-21 1.0753941e-26
19227249 1.2985303e+17 4.8047012e+09 1.9516259e+09 5e-22 1.0727561e-21 1.0782191e-26
19254275 1.2998288e+17 4.8011042e+09 1.9524894e+09 5e-22 1.0699771e-21 1.0810515e-26
19281349 1.3011286e+17 4.7975065e+09 1.9533516e+09 5e-22 1.0672059e-21 1.0838912e-26
19308470 1.3024298e+17 4.7939081e+09 1.9542123e+09 5e-22 1.0644423e-21 1.0867383e-26
19335638 1.3037322e+17 4.790309e+09 1.9550715e+09 5e-22 1.0616864e-21 1.0895929e-26
19362854 1.3050359e+17 4.7867091e+09 1.9559294e+09 5e-22 1.0589382e-21 1.092455e-26
19390118 1.306341e+17 4.7831086e+09 1.9567858e+09 5e-22 1.0561976e-21 1.0953245e-26
19417430 1.3076473e+17 4.7795073e+09 1.9576408e+09 5e-22 1.0534645e-21 1.0982015e-26
19444789 1.3089549e+17 4.7759053e+09 1.9584943e+09 5e-22 1.0507391e-21 1.101086e-26
19472196 1.3102639e+17 4.7723026e+09 1.9593464e+09 5e-22 1.0480212e-21 1.103978e-26
19499652 1.3115742e+17 4.7686992e+09 1.9601971e+09 5e-22 1.0453109e-21 1.1068776e-26
19527156 1.3128857e+17 4.7650951e+09 1.9610463e+09 5e-22 1.0426081e-21 1.1097847e-26
19554708 1.3141986e+17 4.7614903e+09 1.961894e+09 5e-22 1.0399128e-21 1.1126995e-26
19582309 1.3155128e+17 4.7578849e+09 1.9627403e+09 5e-22 1.0372249e-21 1.1156218e-26
19609958 1.3168283e+17 4.7542787e+09 1.9635851e+09 5e-22 1.0345445e-21 1.1185518e-26
19637655 1.3181452e+17 4.7506719e+09 1.9644284e+09 5e-22 1.0318716e-21 1.1214894e-26
19665402 1.3194633e+17 4.7470644e+09 1.9652703e+09 5e-22 1.029206e-21 1.1244348e-26
19693197 1.3207828e+17 4.7434562e+09 1.9661107e+09 5e-22 1.0265479e-21 1.1273878e-26
19721042 1.3221036e+17 4.7398474e+09 1.9669496e+09 5e-22 1.0238971e-21 1.1303485e-26
19748935 1.3234257e+17 4.7362379e+09 1.9677871e+09 5e-22 1.0212536e-21 1.1333169e-26
19776878 1.3247491e+17 4.7326278e+09 1.968623e+09 5e-22 1.0186175e-21 1.1362931e-26
19804869 1.3260738e+17 4.729017e+09 1.9694575e+09 5e-22 1.0159887e-21 1.1392771e-26
19832911 1.3273999e+17 4.7254055e+09 1.9702904e+09 5e-22 1.0133671e-21 1.1422689e-26
19861001 1.3287273e+17 4.7217934e+09 1.9711219e+09 5e-22 1.0107528e-21 1.1452685e-26
19889142 1.330056e+17 4.7181807e+09 1.9719519e+09 5e-22 1.0081458e-21 1.1482759e-26
19917332 1.3313861e+17 4.7145673e+09 1.9727803e+09 5e-22 1.005546e-21 1.1512912e-26
19945571 1.3327175e+17 4.7109533e+09 1.9736073e+09 5e-22 1.0029534e-21 1.1543144e-26
19973861 1.3340502e+17 4.7073387e+09 1.9744327e+09 5e-22 1.0003679e-21 1.1573454e-26
20002201 1.3353842e+17 4.7037234e+09 1.9752566e+09 5e-22 9.9778964e-22 1.1603844e-26
20030591 1.3367196e+17 4.7001075e+09 1.976079e+09 5e-22 9.952185e-22 1.1634314e-26
20059031 1.3380564e+17 4.696491e+09 1.9768998e+09 5e-22 9.9265448e-22 1.1664863e-26
20087522 1.3393944e+17 4.6928739e+09 1.9777192e+09 5e-22 9.9009755e-22 1.1695491e-26
20116063 1.3407338e+17 4.6892562e+09 1.978537e+09 5e-22 9.875477e-22 1.17262e-26
20144654 1.3420745e+17 4.6856379e+09 1.9793532e+09 5e-22 9.8500491e-22 1.175699e-26
20173297 1.3434166e+17 4.682019e+09 1.9801679e+09 5e-22 9.8246915e-22 1.1787859e-26
20201990 1.34476e+17 4.6783995e+09 1.9809811e+09 5e-22 9.7994041e-22 1.181881e-26
20230734 1.3461048e+17 4.6747794e+09 1.9817927e+09 5e-22 9.7741867e-22 1.1849841e-26
20259529 1.3474509e+17 4.6711588e+09 1.9826028e+09 5e-22 9.749039e-22 1.1880953e-26
20288375 1.3487983e+17 4.6675375e+09 1.9834113e+09 5e-22 9.7239609e-22 1.1912147e-26
20317272 1.3501471e+17 4.6639157e+09 1.9842183e+09 5e-22 9.6989522e-22 1.1943423e-26
20346221 1.3514973e+17 4.6602933e+09 1.9850236e+09 5e-22 9.6740126e-22 1.197478e-26
20375221 1.3528488e+17 4.6566703e+09 1.9858275e+09 5e-22 9.649142e-22 1.2006219e-26
20404273 1.3542016e+17 4.6530468e+09 1.9866297e+09 5e-22 9.6243401e-22 1.2037741e-26
20433377 1.3555558e+17 4.6494227e+09 1.9874304e+09 5e-22 9.5996068e-22 1.2069344e-26
20462532 1.3569114e+17 4.645798e+09 1.9882294e+09 5e-22 9.5749419e-22 1.2101031e-26
20491739 1.3582683e+17 4.6421728e+09 1.9890269e+09 5e-22 9.5503452e-22 1.2132801e-26
20520999 1.3596266e+17 4.6385471e+09 1.9898229e+09 5e-22 9.5258165e-22 1.2164653e-26
20550310 1.3609862e+17 4.6349208e+09 1.9906172e+09 5e-22 9.5013555e-22 1.2196589e-26
20579674 1.3623472e+17 4.631294e+09 1.9914099e+09 5e-22 9.4769622e-22 1.2228609e-26
20609090 1.3637095e+17 4.6276666e+09 1.992201e+09 5e-22 9.4526363e-22 1.2260712e-26
20638559 1.3650732e+17 4.6240387e+09 1.9929906e+09 5e-22 9.4283775e-22 1.2292899e-26
20668080 1.3664383e+17 4.6204103e+09 1.9937785e+09 5e-22 9.4041858e-22 1.2325171e-26
20697654 1.3678048e+17 4.6167814e+09 1.9945648e+09 5e-22 9.3800609e-22 1.2357527e-26
20727281 1.3691726e+17 4.6131519e+09 1.9953495e+09 5e-22 9.3560027e-22 1.2389968e-26
20756961 1.3705417e+17 4.609522e+09 1.9961325e+09 5e-22 9.3320109e-22 1.2422493e-26
20786693 1.3719123e+17 4.6058915e+09 1.996914e+09 5e-22 9.3080853e-22 1.2455104e-26
20816479 1.3732842e+17 4.6022605e+09 1.9976938e+09 5e-22 9.2842258e-22 1.24878e-26
20846319 1.3746575e+17 4.5986291e+09 1.998472e+09 5e-22 9.2604322e-22 1.2520582e-26
20876212 1.3760321e+17 4.5949971e+09 1.9992485e+09 5e-22 9.2367043e-22 1.255345e-26
20906158 1.3774082e+17 4.5913647e+09 2.0000235e+09 5e-22 9.2130418e-22 1.2586404e-26
20936158 1.3787856e+17 4.5877317e+09 2.0007967e+09 5e-22 9.1894447e-22 1.2619444e-26
20966212 1.3801644e+17 4.5840983e+09 2.0015684e+09 5e-22 9.1659127e-22 1.265257e-26
20996319 1.3815445e+17 4.5804644e+09 2.0023384e+09 5e-22 9.1424457e-22 1.2685783e-26
21026481 1.3829261e+17 4.57683e+09 2.0031067e+09 5e-22 9.1190434e-22 1.2719084e-26
21056697 1.384309e+17 4.5731952e+09 2.0038734e+09 5e-22 9.0957057e-22 1.2752471e-26
21086967 1.3856933e+17 4.5695599e+09 2.0046384e+09 5e-22 9.0724323e-22 1.2785946e-26
21117291 1.387079e+17 4.5659241e+09 2.0054017e+09 5e-22 9.0492232e-22 1.2819509e-26
21147670 1.3884661e+17 4.5622879e+09 2.0061634e+09 5e-22 9.026078e-22 1.2853159e-26
21178104 1.3898545e+17 4.5586512e+09 2.0069234e+09 5e-22 9.0029967e-22 1.2886898e-26
21208592 1.3912444e+17 4.5550141e+09 2.0076818e+09 5e-22 8.9799791e-22 1.2920725e-26
21239135 1.3926356e+17 4.5513766e+09 2.0084384e+09 5e-22 8.9570249e-22 1.2954641e-26
21269733 1.3940283e+17 4.5477386e+09 2.0091934e+09 5e-22 8.934134e-22 1.2988645e-26
21300386 1.3954223e+17 4.5441001e+09 2.0099467e+09 5e-22 8.9113062e-22 1.3022739e-26
21331095 1.3968177e+17 4.5404613e+09 2.0106983e+09 5e-22 8.8885414e-22 1.3056922e-26
21361859 1.3982145e+17 4.536822e+09 2.0114482e+09 5e-22 8.8658393e-22 1.3091195e-26
21392678 1.3996128e+17 4.5331823e+09 2.0121964e+09 5e-22 8.8431997e-22 1.3125558e-26
21423553 1.4010124e+17 4.5295422e+09 2.0129429e+09 5e-22 8.8206226e-22 1.316001e-26
21454483 1.4024134e+17 4.5259016e+09 2.0136877e+09 5e-22 8.7981076e-22 1.3194553e-26
21485470 1.4038158e+17 4.5222607e+09 2.0144307e+09 5e-22 8.7756547e-22 1.3229187e-26
21516512 1.4052196e+17 4.5186194e+09 2.0151721e+09 5e-22 8.7532636e-22 1.3263911e-26
21547610 1.4066248e+17 4.5149776e+09 2.0159118e+09 5e-22 8.7309342e-22 1.3298726e-26
21578765 1.4080314e+17 4.5113355e+09 2.0166497e+09 5e-22 8.7086664e-22 1.3333633e-26
21609976 1.4094395e+17 4.507693e+09 2.0173859e+09 5e-22 8.6864598e-22 1.3368631e-26
21641243 1.4108489e+17 4.5040501e+09 2.0181204e+09 5e-22 8.6643144e-22 1.3403721e-26
21672567 1.4122598e+17 4.5004068e+09 2.0188532e+09 5e-22 8.64223e-22 1.3438903e-26
21703948 1.413672e+17 4.4967631e+09 2.0195842e+09 5e-22 8.6202063e-22 1.3474177e-26
21735386 1.4150857e+17 4.4931191e+09 2.0203135e+09 5e-22 8.5982433e-22 1.3509544e-26
21766880 1.4165008e+17 4.4894747e+09 2.021041e+09 5e-22 8.5763408e-22 1.3545003e-26
21798432 1.4179173e+17 4.4858299e+09 2.0217668e+09 5e-22 8.5544985e-22 1.3580556e-26
21830041 1.4193352e+17 4.4821848e+09 2.0224908e+09 5e-22 8.5327164e-22 1.3616202e-26
21861707 1.4207545e+17 4.4785394e+09 2.0232131e+09 5e-22 8.5109942e-22 1.3651941e-26
21893430 1.4221753e+17 4.4748935e+09 2.0239336e+09 5e-22 8.4893317e-22 1.3687774e-26
21925212 1.4235975e+17 4.4712474e+09 2.0246524e+09 5e-22 8.4677289e-22 1.3723701e-26
21957051 1.4250211e+17 4.4676009e+09 2.0253694e+09 5e-22 8.4461854e-22 1.3759722e-26
21988947 1.4264461e+17 4.463954e+09 2.0260846e+09 5e-22 8.4247013e-22 1.3795838e-26
22020902 1.4278725e+17 4.4603068e+09 2.0267981e+09 5e-22 8.4032762e-22 1.3832049e-26
22052915 1.4293004e+17 4.4566593e+09 2.0275098e+09 5e-22 8.38191e-22 1.3868355e-26
22084986 1.4307297e+17 4.4530115e+09 2.0282197e+09 5e-22 8.3606026e-22 1.3904756e-26
22117116 1.4321604e+17 4.4493634e+09 2.0289278e+09 5e-22 8.3393538e-22 1.3941253e-26
22149304 1.4335926e+17 4.4457149e+09 2.0296342e+09 5e-22 8.3181634e-22 1.3977845e-26
22181550 1.4350262e+17 4.4420661e+09 2.0303387e+09 5e-22 8.2970312e-22 1.4014533e-26
22213856 1.4364612e+17 4.4384171e+09 2.0310415e+09 5e-22 8.2759571e-22 1.4051318e-26
22246220 1.4378977e+17 4.4347677e+09 2.0317424e+09 5e-22 8.254941e-22 1.40882e-26
22278643 1.4393356e+17 4.431118e+09 2.0324416e+09 5e-22 8.2339826e-22 1.4125178e-26
22311126 1.4407749e+17 4.4274681e+09 2.0331389e+09 5e-22 8.2130818e-22 1.4162253e-26
22343667 1.4422157e+17 4.4238178e+09 2.0338345e+09 5e-22 8.1922384e-22 1.4199426e-26
22376268 1.4436579e+17 4.4201673e+09 2.0345282e+09 5e-22 8.1714522e-22 1.4236696e-26
22408929 1.4451016e+17 4.4165165e+09 2.0352201e+09 5e-22 8.1507232e-22 1.4274064e-26
22441650 1.4465467e+17 4.4128654e+09 2.0359102e+09 5e-22 8.1300511e-22 1.4311531e-26
22474430 1.4479932e+17 4.409214e+09 2.0365985e+09 5e-22 8.1094357e-22 1.4349095e-26
22507270 1.4494412e+17 4.4055624e+09 2.0372849e+09 5e-22 8.088877e-22 1.4386759e-26
22540170 1.4508906e+17 4.4019106e+09 2.0379696e+09 5e-22 8.0683747e-22 1.4424521e-26
22573131 1.4523415e+17 4.3982584e+09 2.0386523e+09 5e-22 8.0479287e-22 1.4462383e-26
22606151 1.4537939e+17 4.394606e+09 2.0393333e+09 5e-22 8.0275388e-22 1.4500344e-26
22639233 1.4552477e+17 4.3909534e+09 2.0400124e+09 5e-22 8.0072049e-22 1.4538405e-26
22672375 1.4567029e+17 4.3873006e+09 2.0406897e+09 5e-22 7.9869268e-22 1.4576566e-26
22705577 1.4581596e+17 4.3836474e+09 2.0413651e+09 5e-22 7.9667044e-22 1.4614827e-26
22738841 1.4596178e+17 4.3799941e+09 2.0420386e+09 5e-22 7.9465374e-22 1.4653188e-26
22772166 1.4610774e+17 4.3763405e+09 2.0427103e+09 5e-22 7.9264258e-22 1.4691651e-26
22805552 1.4625385e+17 4.3726867e+09 2.0433802e+09 5e-22 7.9063693e-22 1.4730215e-26
22838999 1.464001e+17 4.3690327e+09 2.0440482e+09 5e-22 7.8863679e-22 1.476888e-26
22872507 1.465465e+17 4.3653785e+09 2.0447143e+09 5e-22 7.8664213e-22 1.4807646e-26
22906077 1.4669305e+17 4.3617241e+09 2.0453785e+09 5e-22 7.8465294e-22 1.4846515e-26
22939709 1.4683974e+17 4.3580694e+09 2.0460409e+09 5e-22 7.826692e-22 1.4885486e-26
22973403 1.4698658e+17 4.3544146e+09 2.0467014e+09 5e-22 7.8069091e-22 1.4924559e-26
23007159 1.4713357e+17 4.3507595e+09 2.0473601e+09 5e-22 7.7871804e-22 1.4963735e-26
23040977 1.472807e+17 4.3471043e+09 2.0480168e+09 5e-22 7.7675057e-22 1.5003014e-26
23074857 1.4742798e+17 4.3434489e+09 2.0486716e+09 5e-22 7.747885e-22 1.5042396e-26
23108800 1.4757541e+17 4.3397933e+09 2.0493246e+09 5e-22 7.7283181e-22 1.5081882e-26
23142805 1.4772298e+17 4.3361375e+09 2.0499757e+09 5e-22 7.7088048e-22 1.5121472e-26
23176873 1.4787071e+17 4.3324815e+09 2.0506249e+09 5e-22 7.6893449e-22 1.5161166e-26
23211003 1.4801858e+17 4.3288254e+09 2.0512721e+09 5e-22 7.6699384e-22 1.5200964e-26
23245197 1.481666e+17 4.3251691e+09 2.0519175e+09 5e-22 7.650585e-22 1.5240867e-26
23279454 1.4831476e+17 4.3215127e+09 2.052561e+09 5e-22 7.6312847e-22 1.5280875e-26
23313774 1.4846308e+17 4.317856e+09 2.0532025e+09 5e-22 7.6120372e-22 1.5320988e-26
23348158 1.4861154e+17 4.3141993e+09 2.0538421e+09 5e-22 7.5928424e-22 1.5361207e-26
23382605 1.4876015e+17 4.3105424e+09 2.0544799e+09 5e-22 7.5737001e-22 1.5401531e-26
23417115 1.4890891e+17 4.3068853e+09 2.0551157e+09 5e-22 7.5546103e-22 1.5441962e-26
23451690 1.4905782e+17 4.3032281e+09 2.0557495e+09 5e-22 7.5355728e-22 1.5482499e-26
23486329 1.4920688e+17 4.2995708e+09 2.0563815e+09 5e-22 7.5165873e-22 1.5523143e-26
23521031 1.4935609e+17 4.2959134e+09 2.0570115e+09 5e-22 7.4976538e-22 1.5563894e-26
23555798 1.4950544e+17 4.2922558e+09 2.0576395e+09 5e-22 7.4787722e-22 1.5604752e-26
23590630 1.4965495e+17 4.2885981e+09 2.0582657e+09 5e-22 7.4599422e-22 1.5645718e-26
23625526 1.498046e+17 4.2849403e+09 2.0588899e+09 5e-22 7.4411637e-22 1.5686791e-26
23660487 1.4995441e+17 4.2812823e+09 2.0595121e+09 5e-22 7.4224366e-22 1.5727973e-26
23695512 1.5010436e+17 4.2776243e+09 2.0601324e+09 5e-22 7.4037607e-22 1.5769263e-26
23730603 1.5025447e+17 4.2739662e+09 2.0607508e+09 5e-22 7.3851359e-22 1.5810662e-26
23765758 1.5040472e+17 4.270308e+09 2.0613672e+09 5e-22 7.366562e-22 1.5852169e-26
23800979 1.5055513e+17 4.2666496e+09 2.0619816e+09 5e-22 7.348039e-22 1.5893787e-26
23836266 1.5070568e+17 4.2629912e+09 2.0625941e+09 5e-22 7.3295666e-22 1.5935513e-26
23871618 1.5085639e+17 4.2593327e+09 2.0632046e+09 5e-22 7.3111446e-22 1.597735e-26
23907036 1.5100724e+17 4.2556742e+09 2.0638131e+09 5e-22 7.2927731e-22 1.6019297e-26
23942520 1.5115825e+17 4.2520155e+09 2.0644197e+09 5e-22 7.2744517e-22 1.6061354e-26
23978069 1.5130941e+17 4.2483568e+09 2.0650243e+09 5e-22 7.2561805e-22 1.6103522e-26
24013685 1.5146072e+17 4.244698e+09 2.0656269e+09 5e-22 7.2379591e-22 1.6145801e-26
24049368 1.5161218e+17 4.2410392e+09 2.0662275e+09 5e-22 7.2197876e-22 1.6188192e-26
24085117 1.5176379e+17 4.2373803e+09 2.0668261e+09 5e-22 7.2016657e-22 1.6230694e-26
24120932 1.5191555e+17 4.2337214e+09 2.0674228e+09 5e-22 7.1835933e-22 1.6273309e-26
24156814 1.5206747e+17 4.2300624e+09 2.0680174e+09 5e-22 7.1655703e-22 1.6316035e-26
24192764 1.5221954e+17 4.2264033e+09 2.0686101e+09 5e-22 7.1475965e-22 1.6358875e-26
24228780 1.5237176e+17 4.2227443e+09 2.0692007e+09 5e-22 7.1296717e-22 1.6401827e-26
24264863 1.5252413e+17 4.2190851e+09 2.0697894e+09 5e-22 7.111796e-22 1.6444892e-26
24301014 1.5267665e+17 4.215426e+09 2.0703761e+09 5e-22 7.093969e-22 1.6488071e-26
24337233 1.5282933e+17 4.2117668e+09 2.0709607e+09 5e-22 7.0761907e-22 1.6531364e-26
24373519 1.5298216e+17 4.2081077e+09 2.0715433e+09 5e-22 7.0584609e-22 1.657477e-26
24409873 1.5313514e+17 4.2044485e+09 2.0721239e+09 5e-22 7.0407795e-22 1.6618292e-26
24446296 1.5328828e+17 4.2007893e+09 2.0727025e+09 5e-22 7.0231464e-22 1.6661928e-26
24482786 1.5344156e+17 4.1971301e+09 2.0732791e+09 5e-22 7.0055614e-22 1.6705679e-26
24519345 1.5359501e+17 4.1934709e+09 2.0738537e+09 5e-22 6.9880244e-22 1.6749545e-26
24555972 1.537486e+17 4.1898116e+09 2.0744262e+09 5e-22 6.9705352e-22 1.6793528e-26
24592668 1.5390235e+17 4.1861524e+09 2.0749967e+09 5e-22 6.9530937e-22 1.6837626e-26
24629432 1.5405625e+17 4.1824933e+09 2.0755651e+09 5e-22 6.9356998e-22 1.688184e-26
24666266 1.5421031e+17 4.1788341e+09 2.0761315e+09 5e-22 6.9183533e-22 1.6926171e-26
24703169 1.5436452e+17 4.1751749e+09 2.0766959e+09 5e-22 6.9010541e-22 1.697062e-26
24740141 1.5451888e+17 4.1715158e+09 2.0772582e+09 5e-22 6.8838021e-22 1.7015185e-26
24777182 1.546734e+17 4.1678567e+09 2.0778185e+09 5e-22 6.8665971e-22 1.7059868e-26
24814293 1.5482808e+17 4.1641977e+09 2.0783767e+09 5e-22 6.8494391e-22 1.7104669e-26
24851474 1.549829e+17 4.1605387e+09 2.0789329e+09 5e-22 6.8323278e-22 1.7149588e-26
24888724 1.5513789e+17 4.1568797e+09 2.079487e+09 5e-22 6.8152631e-22 1.7194625e-26
24926045 1.5529302e+17 4.1532208e+09 2.0800391e+09 5e-22 6.7982449e-22 1.7239782e-26
24963436 1.5544832e+17 4.1495619e+09 2.080589e+09 5e-22 6.7812731e-22 1.7285057e-26
25000898 1.5560377e+17 4.1459031e+09 2.081137e+09 5e-22 6.7643475e-22 1.7330452e-26
25038430 1.5575937e+17 4.1422444e+09 2.0816828e+09 5e-22 6.7474681e-22 1.7375967e-26
25076032 1.5591513e+17 4.1385857e+09 2.0822266e+09 5e-22 6.7306346e-22 1.7421602e-26
25113706 1.5607104e+17 4.1349271e+09 2.0827683e+09 5e-22 6.7138469e-22 1.7467358e-26
25151450 1.5622712e+17 4.1312686e+09 2.0833079e+09 5e-22 6.697105e-22 1.7513234e-26
25189266 1.5638334e+17 4.1276101e+09 2.0838454e+09 5e-22 6.6804086e-22 1.7559232e-26
25227153 1.5653973e+17 4.1239518e+09 2.0843809e+09 5e-22 6.6637577e-22 1.7605351e-26
25265112 1.5669627e+17 4.1202935e+09 2.0849142e+09 5e-22 6.6471522e-22 1.7651592e-26
25303142 1.5685296e+17 4.1166353e+09 2.0854455e+09 5e-22 6.6305918e-22 1.7697955e-26
25341244 1.5700981e+17 4.1129772e+09 2.0859747e+09 5e-22 6.6140765e-22 1.774444e-26
25379419 1.5716682e+17 4.1093193e+09 2.0865017e+09 5e-22 6.5976061e-22 1.7791048e-26
25417665 1.5732399e+17 4.1056614e+09 2.0870267e+09 5e-22 6.5811806e-22 1.7837779e-26
25455984 1.5748132e+17 4.1020037e+09 2.0875495e+09 5e-22 6.5647997e-22 1.7884634e-26
25494375 1.576388e+17 4.098346e+09 2.0880703e+09 5e-22 6.5484634e-22 1.7931612e-26
25532839 1.5779644e+17 4.0946885e+09 2.0885889e+09 5e-22 6.5321715e-22 1.7978715e-26
25571376 1.5795423e+17 4.0910312e+09 2.0891055e+09 5e-22 6.515924e-22 1.8025942e-26
25609986 1.5811219e+17 4.0873739e+09 2.0896199e+09 5e-22 6.4997206e-22 1.8073294e-26
25648669 1.582703e+17 4.0837168e+09 2.0901322e+09 5e-22 6.4835612e-22 1.8120771e-26
25687426 1.5842857e+17 4.0800599e+09 2.0906423e+09 5e-22 6.4674458e-22 1.8168373e-26
25726255 1.58587e+17 4.076403e+09 2.0911504e+09 5e-22 6.4513743e-22 1.8216101e-26
25765159 1.5874558e+17 4.0727464e+09 2.0916563e+09 5e-22 6.4353463e-22 1.8263956e-26
25804137 1.5890433e+17 4.0690899e+09 2.09216e+09 5e-22 6.419362e-22 1.8311937e-26
25843188 1.5906323e+17 4.0654335e+09 2.0926617e+09 5e-22 6.4034211e-22 1.8360044e-26
25882314 1.592223e+17 4.0617773e+09 2.0931612e+09 5e-22 6.3875235e-22 1.8408279e-26
25921514 1.5938152e+17 4.0581213e+09 2.0936585e+09 5e-22 6.371669e-22 1.8456642e-26
25960789 1.595409e+17 4.0544654e+09 2.0941537e+09 5e-22 6.3558577e-22 1.8505132e-26
26000138 1.5970044e+17 4.0508098e+09 2.0946468e+09 5e-22 6.3400893e-22 1.8553751e-26
26039563 1.5986014e+17 4.0471543e+09 2.0951377e+09 5e-22 6.3243637e-22 1.8602498e-26
26079062 1.6002e+17 4.043499e+09 2.0956265e+09 5e-22 6.3086808e-22 1.8651374e-26
26118637 1.6018002e+17 4.0398439e+09 2.0961131e+09 5e-22 6.2930405e-22 1.8700379e-26
26158287 1.603402e+17 4.036189e+09 2.0965975e+09 5e-22 6.2774426e-22 1.8749514e-26
26198012 1.6050054e+17 4.0325343e+09 2.0970798e+09 5e-22 6.2618871e-22 1.8798779e-26
26237814 1.6066104e+17 4.0288798e+09 2.0975599e+09 5e-22 6.2463738e-22 1.8848174e-26
26277691 1.608217e+17 4.0252255e+09 2.0980379e+09 5e-22 6.2309026e-22 1.88977e-26
26317645 1.6098253e+17 4.0215714e+09 2.0985136e+09 5e-22 6.2154734e-22 1.8947357e-26
26357674 1.6114351e+17 4.0179176e+09 2.0989872e+09 5e-22 6.200086e-22 1.8997145e-26
26397781 1.6130465e+17 4.0142639e+09 2.0994587e+09 5e-22 6.1847404e-22 1.9047065e-26
26437963 1.6146596e+17 4.0106105e+09 2.0999279e+09 5e-22 6.1694364e-22 1.9097117e-26
26478223 1.6162742e+17 4.0069573e+09 2.100395e+09 5e-22 6.1541739e-22 1.9147302e-26
26518560 1.6178905e+17 4.0033044e+09 2.1008598e+09 5e-22 6.1389528e-22 1.9197619e-26
26558974 1.6195084e+17 3.9996517e+09 2.1013225e+09 5e-22 6.123773e-22 1.924807e-26
26599465 1.6211279e+17 3.9959993e+09 2.101783e+09 5e-22 6.1086343e-22 1.9298654e-26
26640034 1.622749e+17 3.9923471e+09 2.1022413e+09 5e-22 6.0935367e-22 1.9349372e-26
26680680 1.6243718e+17 3.9886952e+09 2.1026974e+09 5e-22 6.07848e-22 1.9400224e-26
26721405 1.6259961e+17 3.9850435e+09 2.1031513e+09 5e-22 6.063464e-22 1.9451211e-26
26762207 1.6276221e+17 3.9813921e+09 2.103603e+09 5e-22 6.0484888e-22 1.9502333e-26
26803088 1.6292498e+17 3.977741e+09 2.1040524e+09 5e-22 6.0335542e-22 1.9553591e-26
26844047 1.630879e+17 3.9740901e+09 2.1044997e+09 5e-22 6.01866e-22 1.9604984e-26
26885085 1.6325099e+17 3.9704395e+09 2.1049448e+09 5e-22 6.0038061e-22 1.9656513e-26
26926201 1.6341424e+17 3.9667892e+09 2.1053876e+09 5e-22 5.9889925e-22 1.9708179e-26
26967397 1.6357765e+17 3.9631392e+09 2.1058283e+09 5e-22 5.974219e-22 1.9759981e-26
27008672 1.6374123e+17 3.9594895e+09 2.1062667e+09 5e-22 5.9594855e-22 1.9811921e-26
27050026 1.6390497e+17 3.9558401e+09 2.1067029e+09 5e-22 5.9447919e-22 1.9863998e-26
27091459 1.6406888e+17 3.952191e+09 2.1071368e+09 5e-22 5.9301381e-22 1.9916214e-26
27132973 1.6423295e+17 3.9485422e+09 2.1075686e+09 5e-22 5.9155239e-22 1.9968567e-26
27174566 1.6439718e+17 3.9448937e+09 2.1079981e+09 5e-22 5.9009493e-22 2.002106e-26
27216240 1.6456158e+17 3.9412455e+09 2.1084253e+09 5e-22 5.8864141e-22 2.0073691e-26
27257993 1.6472614e+17 3.9375977e+09 2.1088503e+09 5e-22 5.8719182e-22 2.0126462e-26
27299827 1.6489087e+17 3.9339501e+09 2.1092731e+09 5e-22 5.8574616e-22 2.0179373e-26
27341742 1.6505576e+17 3.9303029e+09 2.1096937e+09 5e-22 5.8430441e-22 2.0232424e-26
27383738 1.6522081e+17 3.9266561e+09 2.110112e+09 5e-22 5.8286656e-22 2.0285616e-26
27425815 1.6538603e+17 3.9230095e+09 2.110528e+09 5e-22 5.8143259e-22 2.0338949e-26
27467973 1.6555142e+17 3.9193634e+09 2.1109418e+09 5e-22 5.800025e-22 2.0392423e-26
27510212 1.6571697e+17 3.9157175e+09 2.1113534e+09 5e-22 5.7857628e-22 2.0446039e-26
27552533 1.6588269e+17 3.912072e+09 2.1117627e+09 5e-22 5.7715392e-22 2.0499797e-26
27594936 1.6604857e+17 3.9084269e+09 2.1121697e+09 5e-22 5.757354e-22 2.0553697e-26
27637421 1.6621462e+17 3.9047822e+09 2.1125745e+09 5e-22 5.7432071e-22 2.0607741e-26
27679987 1.6638083e+17 3.9011378e+09 2.112977e+09 5e-22 5.7290985e-22 2.0661928e-26
27722637 1.6654721e+17 3.8974938e+09 2.1133772e+09 5e-22 5.715028e-22 2.0716258e-26
27765369 1.6671376e+17 3.8938501e+09 2.1137752e+09 5e-22 5.7009955e-22 2.0770733e-26
27808183 1.6688047e+17 3.8902069e+09 2.1141709e+09 5e-22 5.6870009e-22 2.0825352e-26
27851081 1.6704736e+17 3.886564e+09 2.1145643e+09 5e-22 5.6730441e-22 2.0880116e-26
27894062 1.672144e+17 3.8829215e+09 2.1149554e+09 5e-22 5.659125e-22 2.0935025e-26
27937126 1.6738162e+17 3.8792794e+09 2.1153443e+09 5e-22 5.6452435e-22 2.099008e-26
27980273 1.67549e+17 3.8756377e+09 2.1157309e+09 5e-22 5.6313994e-22 2.1045281e-26
28023505 1.6771655e+17 3.8719964e+09 2.1161152e+09 5e-22 5.6175928e-22 2.1100629e-26
28066820 1.6788426e+17 3.8683555e+09 2.1164972e+09 5e-22 5.6038234e-22 2.1156124e-26
28110219 1.6805215e+17 3.8647151e+09 2.1168769e+09 5e-22 5.5900912e-22 2.1211765e-26
28153703 1.682202e+17 3.861075e+09 2.1172543e+09 5e-22 5.576396e-22 2.1267555e-26
28197271 1.6838842e+17 3.8574354e+09 2.1176294e+09 5e-22 5.5627378e-22 2.1323492e-26
28240924 1.6855681e+17 3.8537962e+09 2.1180023e+09 5e-22 5.5491164e-22 2.1379578e-26
28284662 1.6872537e+17 3.8501574e+09 2.1183728e+09 5e-22 5.5355318e-22 2.1435813e-26
28328485 1.6889409e+17 3.8465191e+09 2.118741e+09 5e-22 5.5219838e-22 2.1492197e-26
28372393 1.6906299e+17 3.8428812e+09 2.1191069e+09 5e-22 5.5084723e-22 2.1548731e-26
28416387 1.6923205e+17 3.8392437e+09 2.1194705e+09 5e-22 5.4949973e-22 2.1605415e-26
28460467 1.6940128e+17 3.8356067e+09 2.1198318e+09 5e-22 5.4815586e-22 2.166225e-26
28504632 1.6957068e+17 3.8319702e+09 2.1201908e+09 5e-22 5.4681562e-22 2.1719235e-26
28548884 1.6974025e+17 3.8283341e+09 2.1205475e+09 5e-22 5.4547898e-22 2.1776372e-26
28593222 1.6990999e+17 3.8246985e+09 2.1209018e+09 5e-22 5.4414595e-22 2.1833661e-26
28637646 1.700799e+17 3.8210633e+09 2.1212539e+09 5e-22 5.4281651e-22 2.1891102e-26
28682157 1.7024998e+17 3.8174287e+09 2.1216036e+09 5e-22 5.4149066e-22 2.1948695e-26
28726755 1.7042023e+17 3.8137945e+09 2.121951e+09 5e-22 5.4016837e-22 2.2006441e-26
28771440 1.7059065e+17 3.8101607e+09 2.122296e+09 5e-22 5.3884965e-22 2.2064341e-26
28816213 1.7076124e+17 3.8065275e+09 2.1226387e+09 5e-22 5.3753448e-22 2.2122395e-26
28861073 1.70932e+17 3.8028948e+09 2.1229791e+09 5e-22 5.3622285e-22 2.2180603e-26
28906021 1.7110294e+17 3.7992625e+09 2.1233172e+09 5e-22 5.3491475e-22 2.2238965e-26
28951057 1.7127404e+17 3.7956308e+09 2.1236529e+09 5e-22 5.3361018e-22 2.2297483e-26
28996181 1.7144531e+17 3.7919995e+09 2.1239862e+09 5e-22 5.3230912e-22 2.2356156e-26
29041393 1.7161676e+17 3.7883688e+09 2.1243173e+09 5e-22 5.3101156e-22 2.2414986e-26
29086694 1.7178838e+17 3.7847386e+09 2.124646e+09 5e-22 5.2971749e-22 2.2473971e-26
29132084 1.7196016e+17 3.7811089e+09 2.1249723e+09 5e-22 5.284269e-22 2.2533114e-26
29177563 1.7213212e+17 3.7774797e+09 2.1252963e+09 5e-22 5.2713979e-22 2.2592413e-26
29223131 1.7230426e+17 3.773851e+09 2.1256179e+09 5e-22 5.2585613e-22 2.2651871e-26
29268788 1.7247656e+17 3.7702229e+09 2.1259372e+09 5e-22 5.2457593e-22 2.2711486e-26
29314535 1.7264904e+17 3.7665953e+09 2.1262541e+09 5e-22 5.2329918e-22 2.277126e-26
29360372 1.7282169e+17 3.7629683e+09 2.1265687e+09 5e-22 5.2202586e-22 2.2831193e-26
29406299 1.7299451e+17 3.7593418e+09 2.1268809e+09 5e-22 5.2075596e-22 2.2891285e-26
29452316 1.731675e+17 3.7557158e+09 2.1271907e+09 5e-22 5.1948947e-22 2.2951538e-26
29498424 1.7334067e+17 3.7520904e+09 2.1274982e+09 5e-22 5.1822639e-22 2.301195e-26
29544622 1.7351401e+17 3.7484656e+09 2.1278033e+09 5e-22 5.1696671e-22 2.3072523e-26
29590912 1.7368752e+17 3.7448413e+09 2.128106e+09 5e-22 5.1571041e-22 2.3133257e-26
29637292 1.7386121e+17 3.7412176e+09 2.1284064e+09 5e-22 5.1445748e-22 2.3194153e-26
29683764 1.7403507e+17 3.7375945e+09 2.1287043e+09 5e-22 5.1320793e-22 2.3255211e-26
29730327 1.7420911e+17 3.733972e+09 2.1289999e+09 5e-22 5.1196173e-22 2.3316432e-26
29776982 1.7438332e+17 3.73035e+09 2.1292932e+09 5e-22 5.1071887e-22 2.3377815e-26
29823730 1.745577e+17 3.7267286e+09 2.129584e+09 5e-22 5.0947936e-22 2.3439362e-26
29870569 1.7473226e+17 3.7231078e+09 2.1298724e+09 5e-22 5.0824317e-22 2.3501073e-26
29917501 1.7490699e+17 3.7194876e+09 2.1301585e+09 5e-22 5.070103e-22 2.3562947e-26
29964525 1.750819e+17 3.715868e+09 2.1304422e+09 5e-22 5.0578074e-22 2.3624987e-26
30011643 1.7525698e+17 3.712249e+09 2.1307235e+09 5e-22 5.0455448e-22 2.3687192e-26
30058853 1.7543224e+17 3.7086307e+09 2.1310024e+09 5e-22 5.0333151e-22 2.3749562e-26
30106157 1.7560767e+17 3.7050129e+09 2.1312789e+09 5e-22 5.0211183e-22 2.3812098e-26
30153554 1.7578328e+17 3.7013957e+09 2.131553e+09 5e-22 5.0089542e-22 2.3874801e-26
30201045 1.7595906e+17 3.6977792e+09 2.1318247e+09 5e-22 4.9968227e-22 2.3937671e-26
30248630 1.7613502e+17 3.6941633e+09 2.132094e+09 5e-22 4.9847237e-22 2.4000709e-26
30296310 1.7631115e+17 3.690548e+09 2.1323609e+09 5e-22 4.9726572e-22 2.4063914e-26
30344083 1.7648747e+17 3.6869334e+09 2.1326253e+09 5e-22 4.9606231e-22 2.4127288e-26
30391952 1.7666395e+17 3.6833194e+09 2.1328874e+09 5e-22 4.9486212e-22 2.419083e-26
30439915 1.7684062e+17 3.6797061e+09 2.1331471e+09 5e-22 4.9366515e-22 2.4254542e-26
30487973 1.7701746e+17 3.6760934e+09 2.1334043e+09 5e-22 4.9247139e-22 2.4318423e-26
30536127 1.7719447e+17 3.6724813e+09 2.1336592e+09 5e-22 4.9128082e-22 2.4382475e-26
30584376 1.7737167e+17 3.66887e+09 2.1339116e+09 5e-22 4.9009345e-22 2.4446697e-26
30632721 1.7754904e+17 3.6652592e+09 2.1341616e+09 5e-22 4.8890926e-22 2.4511091e-26
30681162 1.7772659e+17 3.6616492e+09 2.1344092e+09 5e-22 4.8772825e-22 2.4575656e-26
30729700 1.7790432e+17 3.6580398e+09 2.1346543e+09 5e-22 4.8655039e-22 2.4640393e-26
30778334 1.7808222e+17 3.6544311e+09 2.1348971e+09 5e-22 4.8537569e-22 2.4705303e-26
30827064 1.782603e+17 3.6508231e+09 2.1351374e+09 5e-22 4.8420414e-22 2.4770386e-26
30875891 1.7843856e+17 3.6472157e+09 2.1353753e+09 5e-22 4.8303572e-22 2.4835642e-26
30924816 1.78617e+17 3.6436091e+09 2.1356107e+09 5e-22 4.8187044e-22 2.4901073e-26
30973838 1.7879562e+17 3.6400032e+09 2.1358437e+09 5e-22 4.8070827e-22 2.4966677e-26
31022958 1.7897441e+17 3.6363979e+09 2.1360743e+09 5e-22 4.7954921e-22 2.5032457e-26
31072175 1.7915339e+17 3.6327934e+09 2.1363024e+09 5e-22 4.7839325e-22 2.5098412e-26
31121491 1.7933254e+17 3.6291895e+09 2.1365281e+09 5e-22 4.7724039e-22 2.5164543e-26
31170905 1.7951187e+17 3.6255864e+09 2.1367514e+09 5e-22 4.7609061e-22 2.5230851e-26
31220417 1.7969139e+17 3.621984e+09 2.1369722e+09 5e-22 4.7494391e-22 2.5297335e-26
31270029 1.7987108e+17 3.6183823e+09 2.1371906e+09 5e-22 4.7380028e-22 2.5363997e-26
31319739 1.8005095e+17 3.6147813e+09 2.1374065e+09 5e-22 4.726597e-22 2.5430836e-26
31369549 1.80231e+17 3.6111811e+09 2.13762e+09 5e-22 4.7152217e-22 2.5497854e-26
31419458 1.8041123e+17 3.6075816e+09 2.137831e+09 5e-22 4.7038769e-22 2.5565051e-26
31469467 1.8059164e+17 3.6039829e+09 2.1380396e+09 5e-22 4.6925624e-22 2.5632427e-26
31519575 1.8077223e+17 3.6003849e+09 2.1382457e+09 5e-22 4.6812781e-22 2.5699983e-26
31569785 1.8095301e+17 3.5967876e+09 2.1384494e+09 5e-22 4.6700239e-22 2.5767719e-26
31620094 1.8113396e+17 3.5931911e+09 2.1386506e+09 5e-22 4.6587999e-22 2.5835636e-26
31670505 1.8131509e+17 3.5895953e+09 2.1388493e+09 5e-22 4.6476058e-22 2.5903734e-26
31721016 1.8149641e+17 3.5860004e+09 2.1390456e+09 5e-22 4.6364417e-22 2.5972014e-26
31771628 1.816779e+17 3.5824061e+09 2.1392394e+09 5e-22 4.6253073e-22 2.6040476e-26
31822342 1.8185958e+17 3.5788127e+09 2.1394307e+09 5e-22 4.6142027e-22 2.6109121e-26
31873158 1.8204144e+17 3.57522e+09 2.1396196e+09 5e-22 4.6031278e-22 2.6177949e-26
31924075 1.8222348e+17 3.5716281e+09 2.139806e+09 5e-22 4.5920824e-22 2.6246962e-26
31975095 1.8240571e+17 3.568037e+09 2.13999e+09 5e-22 4.5810665e-22 2.6316158e-26
32026217 1.8258811e+17 3.5644467e+09 2.1401714e+09 5e-22 4.57008e-22 2.6385539e-26
32077442 1.827707e+17 3.5608571e+09 2.1403504e+09 5e-22 4.5591229e-22 2.6455106e-26
32128770 1.8295347e+17 3.5572684e+09 2.140527e+09 5e-22 4.5481949e-22 2.6524858e-26
32180201 1.8313643e+17 3.5536805e+09 2.140701e+09 5e-22 4.5372962e-22 2.6594797e-26
32231735 1.8331956e+17 3.5500934e+09 2.1408725e+09 5e-22 4.5264265e-22 2.6664922e-26
32283373 1.8350288e+17 3.546507e+09 2.1410416e+09 5e-22 4.5155857e-22 2.6735235e-26
32335115 1.8368638e+17 3.5429215e+09 2.1412082e+09 5e-22 4.504774e-22 2.6805736e-26
32386961 1.8387007e+17 3.5393369e+09 2.1413723e+09 5e-22 4.493991e-22 2.6876425e-26
32438911 1.8405394e+17 3.535753e+09 2.1415339e+09 5e-22 4.4832368e-22 2.6947303e-26
32490966 1.8423799e+17 3.53217e+09 2.1416931e+09 5e-22 4.4725112e-22 2.7018371e-26
32543126 1.8442223e+17 3.5285878e+09 2.1418497e+09 5e-22 4.4618143e-22 2.7089628e-26
32595392 1.8460665e+17 3.5250064e+09 2.1420039e+09 5e-22 4.4511458e-22 2.7161076e-26
32647762 1.8479126e+17 3.5214259e+09 2.1421555e+09 5e-22 4.4405058e-22 2.7232715e-26
32700238 1.8497605e+17 3.5178462e+09 2.1423047e+09 5e-22 4.4298941e-22 2.7304546e-26
32752821 1.8516103e+17 3.5142674e+09 2.1424513e+09 5e-22 4.4193107e-22 2.7376568e-26
32805509 1.8534619e+17 3.5106895e+09 2.1425955e+09 5e-22 4.4087555e-22 2.7448783e-26
32858304 1.8553154e+17 3.5071124e+09 2.1427372e+09 5e-22 4.3982284e-22 2.7521192e-26
32911205 1.8571707e+17 3.5035361e+09 2.1428763e+09 5e-22 4.3877293e-22 2.7593793e-26
32964214 1.8590278e+17 3.4999607e+09 2.143013e+09 5e-22 4.3772582e-22 2.7666589e-26
33017329 1.8608869e+17 3.4963862e+09 2.1431472e+09 5e-22 4.366815e-22 2.773958e-26
33070553 1.8627478e+17 3.4928126e+09 2.1432788e+09 5e-22 4.3563995e-22 2.7812766e-26
33123883 1.8646105e+17 3.4892399e+09 2.1434079e+09 5e-22 4.3460118e-22 2.7886148e-26
33177322 1.8664751e+17 3.485668e+09 2.1435346e+09 5e-22 4.3356517e-22 2.7959726e-26
33230869 1.8683416e+17 3.4820971e+09 2.1436587e+09 5e-22 4.3253192e-22 2.8033501e-26
33284525 1.8702099e+17 3.478527e+09 2.1437803e+09 5e-22 4.3150142e-22 2.8107473e-26
33338290 1.8720801e+17 3.4749578e+09 2.1438994e+09 5e-22 4.3047365e-22 2.8181644e-26
33392163 1.8739522e+17 3.4713895e+09 2.144016e+09 5e-22 4.2944862e-22 2.8256013e-26
33446146 1.8758262e+17 3.4678222e+09 2.14413e+09 5e-22 4.2842632e-22 2.8330581e-26
33500238 1.877702e+17 3.4642557e+09 2.1442416e+09 5e-22 4.2740673e-22 2.8405348e-26
33554440 1.8795797e+17 3.4606902e+09 2.1443506e+09 5e-22 4.2638986e-22 2.8480316e-26
33608753 1.8814593e+17 3.4571256e+09 2.1444571e+09 5e-22 4.2537568e-22 2.8555484e-26
33663175 1.8833407e+17 3.4535619e+09 2.1445611e+09 5e-22 4.2436421e-22 2.8630854e-26
33717709 1.8852241e+17 3.4499991e+09 2.1446625e+09 5e-22 4.2335542e-22 2.8706425e-26
33772353 1.8871093e+17 3.4464373e+09 2.1447614e+09 5e-22 4.223493e-22 2.8782199e-26
33827108 1.8889964e+17 3.4428764e+09 2.1448578e+09 5e-22 4.2134587e-22 2.8858175e-26
33881975 1.8908854e+17 3.4393164e+09 2.1449517e+09 5e-22 4.2034509e-22 2.8934356e-26
33936953 1.8927763e+17 3.4357574e+09 2.145043e+09 5e-22 4.1934698e-22 2.901074e-26
33992044 1.8946691e+17 3.4321994e+09 2.1451318e+09 5e-22 4.1835151e-22 2.9087328e-26
34047247 1.8965637e+17 3.4286423e+09 2.1452181e+09 5e-22 4.1735869e-22 2.9164122e-26
34102562 1.8984603e+17 3.4250862e+09 2.1453018e+09 5e-22 4.163685e-22 2.9241122e-26
34157990 1.9003588e+17 3.421531e+09 2.145383e+09 5e-22 4.1538094e-22 2.9318328e-26
34213531 1.9022591e+17 3.4179768e+09 2.1454617e+09 5e-22 4.1439601e-22 2.9395741e-26
34269186 1.9041614e+17 3.4144235e+09 2.1455378e+09 5e-22 4.1341368e-22 2.9473361e-26
34324954 1.9060655e+17 3.4108713e+09 2.1456114e+09 5e-22 4.1243396e-22 2.955119e-26
34380836 1.9079716e+17 3.40732e+09 2.1456825e+09 5e-22 4.1145684e-22 2.9629227e-26
34436832 1.9098796e+17 3.4037697e+09 2.145751e+09 5e-22 4.1048231e-22 2.9707473e-26
34492943 1.9117895e+17 3.4002204e+09 2.1458169e+09 5e-22 4.0951036e-22 2.9785928e-26
34549168 1.9137013e+17 3.3966721e+09 2.1458804e+09 5e-22 4.08541e-22 2.9864595e-26
34605509 1.915615e+17 3.3931248e+09 2.1459412e+09 5e-22 4.075742e-22 2.9943472e-26
34661965 1.9175306e+17 3.3895785e+09 2.1459995e+09 5e-22 4.0660996e-22 3.002256e-26
34718536 1.9194481e+17 3.3860332e+09 2.1460553e+09 5e-22 4.0564828e-22 3.0101861e-26
34775223 1.9213675e+17 3.3824889e+09 2.1461085e+09 5e-22 4.0468915e-22 3.0181374e-26
34832027 1.9232889e+17 3.3789456e+09 2.1461592e+09 5e-22 4.0373256e-22 3.0261101e-26
34888946 1.9252122e+17 3.3754034e+09 2.1462073e+09 5e-22 4.027785e-22 3.0341041e-26
34945983 1.9271374e+17 3.3718622e+09 2.1462529e+09 5e-22 4.0182697e-22 3.0421196e-26
35003136 1.9290646e+17 3.368322e+09 2.1462959e+09 5e-22 4.0087795e-22 3.0501566e-26
35060407 1.9309936e+17 3.3647828e+09 2.1463364e+09 5e-22 3.9993146e-22 3.0582151e-26
35117796 1.9329246e+17 3.3612446e+09 2.1463743e+09 5e-22 3.9898746e-22 3.0662953e-26
35175302 1.9348575e+17 3.3577076e+09 2.1464096e+09 5e-22 3.9804597e-22 3.0743971e-26
35232926 1.9367924e+17 3.3541715e+09 2.1464424e+09 5e-22 3.9710697e-22 3.0825207e-26
35290669 1.9387292e+17 3.3506365e+09 2.1464726e+09 5e-22 3.9617045e-22 3.0906661e-26
35348531 1.9406679e+17 3.3471026e+09 2.1465003e+09 5e-22 3.9523641e-22 3.0988333e-26
35406511 1.9426086e+17 3.3435697e+09 2.1465254e+09 5e-22 3.9430484e-22 3.1070225e-26
35464611 1.9445512e+17 3.3400378e+09 2.1465479e+09 5e-22 3.9337574e-22 3.1152336e-26
35522830 1.9464957e+17 3.3365071e+09 2.1465679e+09 5e-22 3.9244909e-22 3.1234668e-26
35581170 1.9484422e+17 3.3329774e+09 2.1465853e+09 5e-22 3.9152489e-22 3.1317221e-26
35639629 1.9503907e+17 3.3294488e+09 2.1466001e+09 5e-22 3.9060313e-22 3.1399996e-26
35698209 1.9523411e+17 3.3259212e+09 2.1466124e+09 5e-22 3.8968382e-22 3.1482993e-26
35756910 1.9542934e+17 3.3223948e+09 2.1466221e+09 5e-22 3.8876693e-22 3.1566212e-26
35815732 1.9562477e+17 3.3188694e+09 2.1466292e+09 5e-22 3.8785246e-22 3.1649656e-26
35874675 1.958204e+17 3.3153452e+09 2.1466337e+09 5e-22 3.8694041e-22 3.1733323e-26
35933740 1.9601622e+17 3.311822e+09 2.1466357e+09 5e-22 3.8603078e-22 3.1817215e-26
35992927 1.9621223e+17 3.3082999e+09 2.1466351e+09 5e-22 3.8512354e-22 3.1901333e-26
36052236 1.9640844e+17 3.3047789e+09 2.146632e+09 5e-22 3.842187e-22 3.1985676e-26
36111667 1.9660485e+17 3.3012591e+09 2.1466262e+09 5e-22 3.8331625e-22 3.2070246e-26
36171222 1.9680146e+17 3.2977403e+09 2.1466179e+09 5e-22 3.8241618e-22 3.2155043e-26
36230900 1.9699826e+17 3.2942227e+09 2.146607e+09 5e-22 3.8151848e-22 3.2240069e-26
36290701 1.9719526e+17 3.2907061e+09 2.1465936e+09 5e-22 3.8062316e-22 3.2325322e-26
36350626 1.9739245e+17 3.2871908e+09 2.1465775e+09 5e-22 3.797302e-22 3.2410805e-26
36410675 1.9758985e+17 3.2836765e+09 2.1465589e+09 5e-22 3.788396e-22 3.2496518e-26
36470848 1.9778743e+17 3.2801634e+09 2.1465377e+09 5e-22 3.7795134e-22 3.2582461e-26
36531146 1.9798522e+17 3.2766514e+09 2.1465139e+09 5e-22 3.7706543e-22 3.2668635e-26
36591569 1.9818321e+17 3.2731405e+09 2.1464875e+09 5e-22 3.7618185e-22 3.275504e-26
36652117 1.9838139e+17 3.2696308e+09 2.1464586e+09 5e-22 3.7530061e-22 3.2841678e-26
36712791 1.9857977e+17 3.2661222e+09 2.146427e+09 5e-22 3.7442169e-22 3.2928549e-26
36773591 1.9877835e+17 3.2626148e+09 2.1463929e+09 5e-22 3.7354508e-22 3.3015654e-26
36834517 1.9897713e+17 3.2591086e+09 2.1463562e+09 5e-22 3.7267079e-22 3.3102993e-26
36895570 1.9917611e+17 3.2556035e+09 2.1463169e+09 5e-22 3.7179879e-22 3.3190566e-26
36956749 1.9937528e+17 3.2520996e+09 2.146275e+09 5e-22 3.709291e-22 3.3278376e-26
37018056 1.9957466e+17 3.2485969e+09 2.1462305e+09 5e-22 3.700617e-22 3.3366421e-26
37079490 1.9977423e+17 3.2450953e+09 2.1461835e+09 5e-22 3.6919658e-22 3.3454704e-26
37141052 1.9997401e+17 3.2415949e+09 2.1461338e+09 5e-22 3.6833375e-22 3.3543224e-26
37202742 2.0017398e+17 3.2380957e+09 2.1460816e+09 5e-22 3.6747318e-22 3.3631982e-26
37264560 2.0037416e+17 3.2345977e+09 2.1460268e+09 5e-22 3.6661488e-22 3.3720979e-26
37326508 2.0057453e+17 3.2311008e+09 2.1459693e+09 5e-22 3.6575884e-22 3.3810215e-26
37388584 2.007751e+17 3.2276052e+09 2.1459093e+09 5e-22 3.6490505e-22 3.3899692e-26
37450789 2.0097588e+17 3.2241107e+09 2.1458467e+09 5e-22 3.6405351e-22 3.3989409e-26
37513125 2.0117686e+17 3.2206175e+09 2.1457815e+09 5e-22 3.6320421e-22 3.4079368e-26
37575590 2.0137803e+17 3.2171255e+09 2.1457137e+09 5e-22 3.6235714e-22 3.4169569e-26
37638186 2.0157941e+17 3.2136347e+09 2.1456433e+09 5e-22 3.6151231e-22 3.4260014e-26
37700912 2.0178099e+17 3.2101451e+09 2.1455703e+09 5e-22 3.6066969e-22 3.4350701e-26
37763769 2.0198277e+17 3.2066567e+09 2.1454947e+09 5e-22 3.5982929e-22 3.4441633e-26
37826758 2.0218475e+17 3.2031695e+09 2.1454166e+09 5e-22 3.589911e-22 3.453281e-26
37889878 2.0238694e+17 3.1996836e+09 2.1453358e+09 5e-22 3.5815511e-22 3.4624232e-26
37953130 2.0258933e+17 3.1961989e+09 2.1452524e+09 5e-22 3.5732132e-22 3.47159e-26
38016515 2.0279191e+17 3.1927154e+09 2.1451664e+09 5e-22 3.5648973e-22 3.4807816e-26
38080032 2.0299471e+17 3.1892332e+09 2.1450779e+09 5e-22 3.5566031e-22 3.4899979e-26
38143682 2.031977e+17 3.1857522e+09 2.1449867e+09 5e-22 3.5483308e-22 3.499239e-26
38207465 2.034009e+17 3.1822725e+09 2.1448929e+09 5e-22 3.5400802e-22 3.508505e-26
38271382 2.036043e+17 3.178794e+09 2.1447965e+09 5e-22 3.5318512e-22 3.517796e-26
38335433 2.038079e+17 3.1753168e+09 2.1446975e+09 5e-22 3.5236439e-22 3.5271121e-26
38399618 2.0401171e+17 3.1718408e+09 2.144596e+09 5e-22 3.5154581e-22 3.5364532e-26
38463937 2.0421572e+17 3.1683661e+09 2.1444918e+09 5e-22 3.5072938e-22 3.5458195e-26
38528392 2.0441994e+17 3.1648927e+09 2.144385e+09 5e-22 3.4991509e-22 3.5552111e-26
38592982 2.0462436e+17 3.1614205e+09 2.1442756e+09 5e-22 3.4910294e-22 3.564628e-26
38657707 2.0482898e+17 3.1579496e+09 2.1441636e+09 5e-22 3.4829292e-22 3.5740703e-26
38722569 2.0503381e+17 3.15448e+09 2.144049e+09 5e-22 3.4748503e-22 3.583538e-26
38787566 2.0523885e+17 3.1510117e+09 2.1439318e+09 5e-22 3.4667926e-22 3.5930313e-26
38852701 2.0544409e+17 3.1475447e+09 2.143812e+09 5e-22 3.4587559e-22 3.6025501e-26
38917972 2.0564953e+17 3.1440789e+09 2.1436895e+09 5e-22 3.4507404e-22 3.6120947e-26
38983380 2.0585518e+17 3.1406145e+09 2.1435645e+09 5e-22 3.4427459e-22 3.621665e-26
39048926 2.0606103e+17 3.1371514e+09 2.1434369e+09 5e-22 3.4347723e-22 3.6312611e-26
39114611 2.062671e+17 3.1336895e+09 2.1433066e+09 5e-22 3.4268196e-22 3.640883e-26
39180433 2.0647336e+17 3.130229e+09 2.1431738e+09 5e-22 3.4188878e-22 3.650531e-26
39246394 2.0667984e+17 3.1267697e+09 2.1430383e+09 5e-22 3.4109768e-22 3.6602049e-26
39312494 2.0688652e+17 3.1233118e+09 2.1429003e+09 5e-22 3.4030864e-22 3.669905e-26
39378734 2.070934e+17 3.1198553e+09 2.1427596e+09 5e-22 3.3952168e-22 3.6796313e-26
39445113 2.073005e+17 3.1164e+09 2.1426163e+09 5e-22 3.3873677e-22 3.6893838e-26
39511632 2.075078e+17 3.112946e+09 2.1424704e+09 5e-22 3.3795392e-22 3.6991626e-26
39578292 2.077153e+17 3.1094934e+09 2.1423219e+09 5e-22 3.3717312e-22 3.7089678e-26
39645092 2.0792302e+17 3.1060422e+09 2.1421708e+09 5e-22 3.3639437e-22 3.7187995e-26
39712033 2.0813094e+17 3.1025922e+09 2.1420171e+09 5e-22 3.3561765e-22 3.7286577e-26
39779116 2.0833907e+17 3.0991437e+09 2.1418607e+09 5e-22 3.3484296e-22 3.7385426e-26
39846341 2.0854741e+17 3.0956964e+09 2.1417018e+09 5e-22 3.340703e-22 3.7484541e-26
39913708 2.0875596e+17 3.0922505e+09 2.1415402e+09 5e-22 3.3329967e-22 3.7583924e-26
39981217 2.0896472e+17 3.088806e+09 2.1413761e+09 5e-22 3.3253104e-22 3.7683576e-26
40048870 2.0917368e+17 3.0853628e+09 2.1412093e+09 5e-22 3.3176443e-22 3.7783496e-26
40116665 2.0938285e+17 3.081921e+09 2.1410399e+09 5e-22 3.3099982e-22 3.7883687e-26
40184604 2.0959224e+17 3.0784805e+09 2.1408679e+09 5e-22 3.3023722e-22 3.7984148e-26
40252687 2.0980183e+17 3.0750415e+09 2.1406933e+09 5e-22 3.294766e-22 3.8084881e-26
40320915 2.1001163e+17 3.0716038e+09 2.1405161e+09 5e-22 3.2871797e-22 3.8185885e-26
40389287 2.1022164e+17 3.0681674e+09 2.1403362e+09 5e-22 3.2796133e-22 3.8287163e-26
40457804 2.1043186e+17 3.0647325e+09 2.1401538e+09 5e-22 3.2720666e-22 3.8388714e-26
40526466 2.106423e+17 3.0612989e+09 2.1399687e+09 5e-22 3.2645396e-22 3.849054e-26
40595274 2.1085294e+17 3.0578668e+09 2.139781e+09 5e-22 3.2570323e-22 3.8592641e-26
40664228 2.1106379e+17 3.054436e+09 2.1395907e+09 5e-22 3.2495446e-22 3.8695018e-26
40733329 2.1127485e+17 3.0510066e+09 2.1393978e+09 5e-22 3.2420764e-22 3.8797672e-26
40802577 2.1148613e+17 3.0475786e+09 2.1392023e+09 5e-22 3.2346277e-22 3.8900603e-26
40871971 2.1169762e+17 3.044152e+09 2.1390042e+09 5e-22 3.2271985e-22 3.9003813e-26
40941514 2.1190931e+17 3.0407269e+09 2.1388034e+09 5e-22 3.2197887e-22 3.9107301e-26
41011204 2.1212122e+17 3.0373031e+09 2.1386001e+09 5e-22 3.2123982e-22 3.921107e-26
41081043 2.1233334e+17 3.0338808e+09 2.1383941e+09 5e-22 3.2050269e-22 3.9315119e-26
41151030 2.1254568e+17 3.0304599e+09 2.1381855e+09 5e-22 3.1976749e-22 3.9419449e-26
41221167 2.1275822e+17 3.0270404e+09 2.1379743e+09 5e-22 3.1903421e-22 3.9524062e-26
41291453 2.1297098e+17 3.0236223e+09 2.1377605e+09 5e-22 3.1830284e-22 3.9628958e-26
41361888 2.1318395e+17 3.0202057e+09 2.1375441e+09 5e-22 3.1757337e-22 3.9734137e-26
41432474 2.1339714e+17 3.0167905e+09 2.1373251e+09 5e-22 3.1684581e-22 3.9839601e-26
41503211 2.1361053e+17 3.0133767e+09 2.1371034e+09 5e-22 3.1612014e-22 3.9945351e-26
41574098 2.1382414e+17 3.0099644e+09 2.1368791e+09 5e-22 3.1539637e-22 4.0051386e-26
41645137 2.1403797e+17 3.0065536e+09 2.1366523e+09 5e-22 3.1467448e-22 4.0157709e-26
41716327 2.1425201e+17 3.0031441e+09 2.1364228e+09 5e-22 3.1395447e-22 4.0264319e-26
41787670 2.1446626e+17 2.9997362e+09 2.1361907e+09 5e-22 3.1323633e-22 4.0371218e-26
41859165 2.1468072e+17 2.9963297e+09 2.135956e+09 5e-22 3.1252007e-22 4.0478406e-26
41930813 2.148954e+17 2.9929246e+09 2.1357186e+09 5e-22 3.1180567e-22 4.0585885e-26
42002614 2.151103e+17 2.9895211e+09 2.1354787e+09 5e-22 3.1109313e-22 4.0693654e-26
42074569 2.1532541e+17 2.9861189e+09 2.1352361e+09 5e-22 3.1038244e-22 4.0801716e-26
42146678 2.1554074e+17 2.9827183e+09 2.134991e+09 5e-22 3.096736e-22 4.091007e-26
42218941 2.1575628e+17 2.9793191e+09 2.1347432e+09 5e-22 3.0896661e-22 4.1018717e-26
42291359 2.1597203e+17 2.9759215e+09 2.1344928e+09 5e-22 3.0826146e-22 4.1127659e-26
42363932 2.1618801e+17 2.9725253e+09 2.1342398e+09 5e-22 3.0755814e-22 4.1236895e-26
42436661 2.1640419e+17 2.9691306e+09 2.1339842e+09 5e-22 3.0685665e-22 4.1346428e-26
42509545 2.166206e+17 2.9657373e+09 2.1337259e+09 5e-22 3.0615698e-22 4.1456257e-26
42582586 2.1683722e+17 2.9623456e+09 2.1334651e+09 5e-22 3.0545913e-22 4.1566384e-26
42655784 2.1705406e+17 2.9589554e+09 2.1332017e+09 5e-22 3.047631e-22 4.167681e-26
42729139 2.1727111e+17 2.9555667e+09 2.1329356e+09 5e-22 3.0406887e-22 4.1787534e-26
42802652 2.1748838e+17 2.9521795e+09 2.1326669e+09 5e-22 3.0337645e-22 4.1898559e-26
42876322 2.1770587e+17 2.9487938e+09 2.1323956e+09 5e-22 3.0268583e-22 4.2009885e-26
42950151 2.1792357e+17 2.9454096e+09 2.1321218e+09 5e-22 3.01997e-22 4.2121512e-26
43024138 2.181415e+17 2.9420269e+09 2.1318453e+09 5e-22 3.0130996e-22 4.2233442e-26
43098285 2.1835964e+17 2.9386457e+09 2.1315661e+09 5e-22 3.006247e-22 4.2345676e-26
43172591 2.18578e+17 2.9352661e+09 2.1312844e+09 5e-22 2.9994123e-22 4.2458213e-26
43247057 2.1879658e+17 2.931888e+09 2.1310001e+09 5e-22 2.9925952e-22 4.2571056e-26
43321684 2.1901537e+17 2.9285114e+09 2.1307132e+09 5e-22 2.9857959e-22 4.2684205e-26
43396471 2.1923439e+17 2.9251364e+09 2.1304236e+09 5e-22 2.9790142e-22 4.2797661e-26
43471420 2.1945362e+17 2.9217629e+09 2.1301315e+09 5e-22 2.9722501e-22 4.2911424e-26
43546530 2.1967308e+17 2.918391e+09 2.1298367e+09 5e-22 2.9655035e-22 4.3025497e-26
43621802 2.1989275e+17 2.9150206e+09 2.1295393e+09 5e-22 2.9587745e-22 4.3139878e-26
43697236 2.2011264e+17 2.9116517e+09 2.1292394e+09 5e-22 2.9520629e-22 4.325457e-26
43772833 2.2033276e+17 2.9082844e+09 2.1289368e+09 5e-22 2.9453687e-22 4.3369573e-26
43848594 2.2055309e+17 2.9049187e+09 2.1286316e+09 5e-22 2.9386918e-22 4.3484888e-26
43924518 2.2077364e+17 2.9015545e+09 2.1283238e+09 5e-22 2.9320323e-22 4.3600517e-26
44000606 2.2099442e+17 2.8981918e+09 2.1280134e+09 5e-22 2.92539e-22 4.3716459e-26
44076858 2.2121541e+17 2.8948308e+09 2.1277004e+09 5e-22 2.9187649e-22 4.3832715e-26
44153276 2.2143662e+17 2.8914713e+09 2.1273848e+09 5e-22 2.9121569e-22 4.3949287e-26
44229858 2.2165806e+17 2.8881134e+09 2.1270666e+09 5e-22 2.9055661e-22 4.4066176e-26
44306607 2.2187972e+17 2.8847571e+09 2.1267458e+09 5e-22 2.8989924e-22 4.4183382e-26
44383521 2.221016e+17 2.8814023e+09 2.1264224e+09 5e-22 2.8924356e-22 4.4300906e-26
44460602 2.223237e+17 2.8780492e+09 2.1260964e+09 5e-22 2.8858959e-22 4.441875e-26
44537850 2.2254602e+17 2.8746976e+09 2.1257678e+09 5e-22 2.8793731e-22 4.4536913e-26
44615266 2.2276857e+17 2.8713476e+09 2.1254365e+09 5e-22 2.8728671e-22 4.4655398e-26
44692849 2.2299134e+17 2.8679992e+09 2.1251027e+09 5e-22 2.866378e-22 4.4774204e-26
44770601 2.2321433e+17 2.8646524e+09 2.1247663e+09 5e-22 2.8599057e-22 4.4893333e-26
44848521 2.2343754e+17 2.8613073e+09 2.1244273e+09 5e-22 2.8534501e-22 4.5012786e-26
44926610 2.2366098e+17 2.8579637e+09 2.1240857e+09 5e-22 2.8470112e-22 4.5132563e-26
45004869 2.2388464e+17 2.8546217e+09 2.1237415e+09 5e-22 2.8405889e-22 4.5252665e-26
45083298 2.2410853e+17 2.8512814e+09 2.1233947e+09 5e-22 2.8341833e-22 4.5373094e-26
45161897 2.2433264e+17 2.8479426e+09 2.1230453e+09 5e-22 2.8277942e-22 4.5493851e-26
45240667 2.2455697e+17 2.8446055e+09 2.1226933e+09 5e-22 2.8214216e-22 4.5614935e-26
45319608 2.2478153e+17 2.84127e+09 2.1223387e+09 5e-22 2.8150654e-22 4.5736349e-26
45398722 2.2500631e+17 2.8379362e+09 2.1219815e+09 5e-22 2.8087257e-22 4.5858093e-26
45478007 2.2523131e+17 2.8346039e+09 2.1216217e+09 5e-22 2.8024024e-22 4.5980167e-26
45557464 2.2545655e+17 2.8312733e+09 2.1212593e+09 5e-22 2.7960954e-22 4.6102574e-26
45637095 2.25682e+17 2.8279444e+09 2.1208944e+09 5e-22 2.7898047e-22 4.6225313e-26
45716900 2.2590768e+17 2.8246171e+09 2.1205268e+09 5e-22 2.7835302e-22 4.6348386e-26
45796878 2.2613359e+17 2.8212914e+09 2.1201567e+09 5e-22 2.7772719e-22 4.6471794e-26
45877030 2.2635973e+17 2.8179674e+09 2.1197839e+09 5e-22 2.7710298e-22 4.6595538e-26
45957358 2.2658608e+17 2.814645e+09 2.1194086e+09 5e-22 2.7648038e-22 4.6719618e-26
46037860 2.2681267e+17 2.8113243e+09 2.1190307e+09 5e-22 2.7585938e-22 4.6844036e-26
46118538 2.2703948e+17 2.8080052e+09 2.1186502e+09 5e-22 2.7523998e-22 4.6968792e-26
46199393 2.2726652e+17 2.8046878e+09 2.1182671e+09 5e-22 2.7462219e-22 4.7093888e-26
46280424 2.2749379e+17 2.8013721e+09 2.1178814e+09 5e-22 2.7400598e-22 4.7219324e-26
46361632 2.2772128e+17 2.798058e+09 2.1174931e+09 5e-22 2.7339136e-22 4.7345102e-26
46443017 2.27949e+17 2.7947456e+09 2.1171023e+09 5e-22 2.7277833e-22 4.7471222e-26
46524580 2.2817695e+17 2.7914349e+09 2.1167089e+09 5e-22 2.7216688e-22 4.7597685e-26
46606322 2.2840513e+17 2.7881259e+09 2.1163128e+09 5e-22 2.71557e-22 4.7724492e-26
46688243 2.2863354e+17 2.7848185e+09 2.1159143e+09 5e-22 2.7094869e-22 4.7851645e-26
46770343 2.2886217e+17 2.7815128e+09 2.1155131e+09 5e-22 2.7034195e-22 4.7979144e-26
46852623 2.2909103e+17 2.7782089e+09 2.1151093e+09 5e-22 2.6973678e-22 4.810699e-26
46935083 2.2932012e+17 2.7749066e+09 2.114703e+09 5e-22 2.6913316e-22 4.8235184e-26
47017723 2.2954944e+17 2.771606e+09 2.1142941e+09 5e-22 2.6853109e-22 4.8363727e-26
47100545 2.2977899e+17 2.7683071e+09 2.1138826e+09 5e-22 2.6793057e-22 4.8492621e-26
47183549 2.3000877e+17 2.7650099e+09 2.1134685e+09 5e-22 2.673316e-22 4.8621865e-26
47266734 2.3023878e+17 2.7617144e+09 2.1130519e+09 5e-22 2.6673417e-22 4.8751462e-26
47350102 2.3046902e+17 2.7584206e+09 2.1126327e+09 5e-22 2.6613828e-22 4.8881411e-26
47433653 2.3069949e+17 2.7551285e+09 2.1122109e+09 5e-22 2.6554392e-22 4.9011715e-26
47517388 2.3093019e+17 2.7518382e+09 2.1117865e+09 5e-22 2.6495109e-22 4.9142374e-26
47601306 2.3116112e+17 2.7485496e+09 2.1113596e+09 5e-22 2.6435978e-22 4.9273389e-26
47685409 2.3139228e+17 2.7452627e+09 2.1109301e+09 5e-22 2.6376999e-22 4.9404761e-26
47769697 2.3162367e+17 2.7419775e+09 2.110498e+09 5e-22 2.6318172e-22 4.9536491e-26
47854170 2.3185529e+17 2.738694e+09 2.1100634e+09 5e-22 2.6259495e-22 4.966858e-26
47938829 2.3208715e+17 2.7354123e+09 2.1096262e+09 5e-22 2.620097e-22 4.9801029e-26
48023675 2.3231924e+17 2.7321323e+09 2.1091864e+09 5e-22 2.6142595e-22 4.993384e-26
48108707 2.3255156e+17 2.728854e+09 2.108744e+09 5e-22 2.608437e-22 5.0067012e-26
48193926 2.3278411e+17 2.7255775e+09 2.1082991e+09 5e-22 2.6026294e-22 5.0200548e-26
48279334 2.3301689e+17 2.7223028e+09 2.1078517e+09 5e-22 2.5968368e-22 5.0334448e-26
48364929 2.3324991e+17 2.7190297e+09 2.1074016e+09 5e-22 2.591059e-22 5.0468713e-26
48450714 2.3348316e+17 2.7157585e+09 2.1069491e+09 5e-22 2.585296e-22 5.0603344e-26
48536687 2.3371664e+17 2.712489e+09 2.1064939e+09 5e-22 2.5795478e-22 5.0738342e-26
48622850 2.3395036e+17 2.7092212e+09 2.1060362e+09 5e-22 2.5738144e-22 5.0873709e-26
48709204 2.3418431e+17 2.7059552e+09 2.1055759e+09 5e-22 2.5680957e-22 5.1009446e-26
48795748 2.3441849e+17 2.702691e+09 2.1051131e+09 5e-22 2.5623916e-22 5.1145552e-26
48882483 2.3465291e+17 2.6994285e+09 2.1046478e+09 5e-22 2.5567022e-22 5.128203e-26
48969410 2.3488756e+17 2.6961678e+09 2.1041798e+09 5e-22 2.5510274e-22 5.1418881e-26
49056529 2.3512245e+17 2.6929089e+09 2.1037094e+09 5e-22 2.5453671e-22 5.1556105e-26
49143840 2.3535757e+17 2.6896518e+09 2.1032363e+09 5e-22 2.5397213e-22 5.1693704e-26
49231345 2.3559293e+17 2.6863964e+09 2.1027607e+09 5e-22 2.5340899e-22 5.1831678e-26
49319044 2.3582852e+17 2.6831428e+09 2.1022826e+09 5e-22 2.528473e-22 5.1970029e-26
49406936 2.3606435e+17 2.679891e+09 2.1018019e+09 5e-22 2.5228705e-22 5.2108758e-26
49495024 2.3630042e+17 2.676641e+09 2.1013187e+09 5e-22 2.5172823e-22 5.2247865e-26
49583306 2.3653672e+17 2.6733928e+09 2.100833e+09 5e-22 2.5117084e-22 5.2387353e-26
49671784 2.3677325e+17 2.6701464e+09 2.1003446e+09 5e-22 2.5061488e-22 5.2527222e-26
49760458 2.3701003e+17 2.6669018e+09 2.0998538e+09 5e-22 2.5006035e-22 5.2667472e-26
49849329 2.3724704e+17 2.663659e+09 2.0993604e+09 5e-22 2.4950723e-22 5.2808106e-26
49938398 2.3748429e+17 2.660418e+09 2.0988645e+09 5e-22 2.4895553e-22 5.2949124e-26
50027663 2.3772177e+17 2.6571788e+09 2.098366e+09 5e-22 2.4840523e-22 5.3090527e-26
50117127 2.3795949e+17 2.6539414e+09 2.097865e+09 5e-22 2.4785635e-22 5.3232317e-26
50206790 2.3819745e+17 2.6507058e+09 2.0973615e+09 5e-22 2.4730887e-22 5.3374494e-26
50296652 2.3843565e+17 2.647472e+09 2.0968554e+09 5e-22 2.4676279e-22 5.351706e-26
50386713 2.3867408e+17 2.6442401e+09 2.0963468e+09 5e-22 2.462181e-22 5.3660015e-26
50476975 2.3891276e+17 2.64101e+09 2.0958356e+09 5e-22 2.4567481e-22 5.3803362e-26
50567438 2.3915167e+17 2.6377817e+09 2.095322e+09 5e-22 2.451329e-22 5.39471e-26
50658102 2.3939082e+17 2.6345552e+09 2.0948058e+09 5e-22 2.4459238e-22 5.4091231e-26
50748968 2.3963021e+17 2.6313306e+09 2.0942871e+09 5e-22 2.4405324e-22 5.4235756e-26
50840036 2.3986984e+17 2.6281078e+09 2.0937658e+09 5e-22 2.4351547e-22 5.4380677e-26
50931307 2.4010971e+17 2.6248869e+09 2.0932421e+09 5e-22 2.4297908e-22 5.4525993e-26
51022781 2.4034982e+17 2.6216678e+09 2.0927158e+09 5e-22 2.4244406e-22 5.4671708e-26
51114459 2.4059017e+17 2.6184505e+09 2.0921869e+09 5e-22 2.419104e-22 5.4817821e-26
51206342 2.4083076e+17 2.6152351e+09 2.0916556e+09 5e-22 2.4137811e-22 5.4964333e-26
51298429 2.4107159e+17 2.6120215e+09 2.0911218e+09 5e-22 2.4084717e-22 5.5111247e-26
51390723 2.4131267e+17 2.6088098e+09 2.0905854e+09 5e-22 2.4031759e-22 5.5258562e-26
51483222 2.4155398e+17 2.6056e+09 2.0900465e+09 5e-22 2.3978936e-22 5.5406281e-26
51575927 2.4179553e+17 2.602392e+09 2.0895051e+09 5e-22 2.3926247e-22 5.5554404e-26
51668840 2.4203733e+17 2.5991858e+09 2.0889612e+09 5e-22 2.3873693e-22 5.5702932e-26
51761961 2.4227936e+17 2.5959816e+09 2.0884148e+09 5e-22 2.3821273e-22 5.5851867e-26
51855289 2.4252164e+17 2.5927792e+09 2.0878659e+09 5e-22 2.3768986e-22 5.6001209e-26
51948827 2.4276417e+17 2.5895786e+09 2.0873145e+09 5e-22 2.3716833e-22 5.6150961e-26
52042573 2.4300693e+17 2.58638e+09 2.0867605e+09 5e-22 2.3664812e-22 5.6301122e-26
52136530 2.4324994e+17 2.5831832e+09 2.0862041e+09 5e-22 2.3612924e-22 5.6451695e-26
52230696 2.4349319e+17 2.5799883e+09 2.0856451e+09 5e-22 2.3561168e-22 5.660268e-26
52325074 2.4373668e+17 2.5767953e+09 2.0850837e+09 5e-22 2.3509544e-22 5.6754078e-26
52419663 2.4398042e+17 2.5736042e+09 2.0845198e+09 5e-22 2.3458051e-22 5.6905891e-26
52514464 2.442244e+17 2.570415e+09 2.0839533e+09 5e-22 2.340669e-22 5.705812e-26
52609478 2.4446862e+17 2.5672276e+09 2.0833844e+09 5e-22 2.3355459e-22 5.7210767e-26
52704704 2.4471309e+17 2.5640422e+09 2.082813e+09 5e-22 2.3304358e-22 5.7363831e-26
52800145 2.449578e+17 2.5608586e+09 2.0822391e+09 5e-22 2.3253387e-22 5.7517315e-26
52895799 2.4520276e+17 2.557677e+09 2.0816626e+09 5e-22 2.3202546e-22 5.7671219e-26
52991669 2.4544796e+17 2.5544972e+09 2.0810838e+09 5e-22 2.3151834e-22 5.7825545e-26
53087753 2.4569341e+17 2.5513194e+09 2.0805024e+09 5e-22 2.3101252e-22 5.7980295e-26
53184054 2.4593911e+17 2.5481435e+09 2.0799185e+09 5e-22 2.3050797e-22 5.8135468e-26
53280571 2.4618504e+17 2.5449694e+09 2.0793322e+09 5e-22 2.3000471e-22 5.8291067e-26
53377305 2.4643123e+17 2.5417973e+09 2.0787433e+09 5e-22 2.2950273e-22 5.8447092e-26
53474256 2.4667766e+17 2.5386272e+09 2.078152e+09 5e-22 2.2900202e-22 5.8603545e-26
53571426 2.4692434e+17 2.5354589e+09 2.0775582e+09 5e-22 2.2850258e-22 5.8760428e-26
53668814 2.4717126e+17 2.5322926e+09 2.076962e+09 5e-22 2.2800442e-22 5.891774e-26
53766422 2.4741843e+17 2.5291281e+09 2.0763632e+09 5e-22 2.2750751e-22 5.9075484e-26
53864250 2.4766585e+17 2.5259657e+09 2.075762e+09 5e-22 2.2701187e-22 5.9233661e-26
53962298 2.4791352e+17 2.5228051e+09 2.0751583e+09 5e-22 2.2651749e-22 5.9392271e-26
54060567 2.4816143e+17 2.5196465e+09 2.0745522e+09 5e-22 2.2602436e-22 5.9551317e-26
54159057 2.4840959e+17 2.5164898e+09 2.0739436e+09 5e-22 2.2553248e-22 5.9710799e-26
54257770 2.48658e+17 2.5133351e+09 2.0733325e+09 5e-22 2.2504185e-22 5.9870719e-26
54356706 2.4890666e+17 2.5101823e+09 2.072719e+09 5e-22 2.2455246e-22 6.0031078e-26
54455864 2.4915557e+17 2.5070314e+09 2.072103e+09 5e-22 2.2406432e-22 6.0191877e-26
54555247 2.4940472e+17 2.5038825e+09 2.0714845e+09 5e-22 2.2357741e-22 6.0353117e-26
54654854 2.4965413e+17 2.5007356e+09 2.0708636e+09 5e-22 2.2309174e-22 6.05148e-26
54754687 2.4990378e+17 2.4975906e+09 2.0702402e+09 5e-22 2.2260729e-22 6.0676927e-26
54854744 2.5015369e+17 2.4944476e+09 2.0696144e+09 5e-22 2.2212407e-22 6.0839498e-26
54955029 2.5040384e+17 2.4913065e+09 2.0689861e+09 5e-22 2.2164208e-22 6.1002517e-26
55055540 2.5065424e+17 2.4881674e+09 2.0683554e+09 5e-22 2.2116131e-22 6.1165983e-26
55156278 2.509049e+17 2.4850302e+09 2.0677222e+09 5e-22 2.2068176e-22 6.1329898e-26
55257245 2.511558e+17 2.481895e+09 2.0670866e+09 5e-22 2.2020341e-22 6.1494263e-26
55358440 2.5140696e+17 2.4787618e+09 2.0664485e+09 5e-22 2.1972628e-22 6.165908e-26
55459864 2.5165837e+17 2.4756306e+09 2.065808e+09 5e-22 2.1925036e-22 6.1824349e-26
55561519 2.5191002e+17 2.4725013e+09 2.0651651e+09 5e-22 2.1877564e-22 6.1990073e-26
55663403 2.5216193e+17 2.469374e+09 2.0645197e+09 5e-22 2.1830212e-22 6.2156252e-26
55765519 2.524141e+17 2.4662487e+09 2.0638719e+09 5e-22 2.178298e-22 6.2322887e-26
55867866 2.5266651e+17 2.4631254e+09 2.0632217e+09 5e-22 2.1735868e-22 6.2489981e-26
55970446 2.5291918e+17 2.4600041e+09 2.062569e+09 5e-22 2.1688874e-22 6.2657534e-26
56073259 2.531721e+17 2.4568848e+09 2.0619139e+09 5e-22 2.1642e-22 6.2825547e-26
56176304 2.5342527e+17 2.4537674e+09 2.0612564e+09 5e-22 2.1595243e-22 6.2994023e-26
56279585 2.5367869e+17 2.450652e+09 2.0605964e+09 5e-22 2.1548605e-22 6.3162961e-26
56383099 2.5393237e+17 2.4475387e+09 2.059934e+09 5e-22 2.1502085e-22 6.3332365e-26
56486849 2.541863e+17 2.4444273e+09 2.0592692e+09 5e-22 2.1455682e-22 6.3502234e-26
56590835 2.5444049e+17 2.441318e+09 2.058602e+09 5e-22 2.1409396e-22 6.367257e-26
56695058 2.5469493e+17 2.4382106e+09 2.0579324e+09 5e-22 2.1363227e-22 6.3843375e-26
56799518 2.5494963e+17 2.4351053e+09 2.0572604e+09 5e-22 2.1317175e-22 6.4014649e-26
56904215 2.5520457e+17 2.4320019e+09 2.0565859e+09 5e-22 2.1271239e-22 6.4186395e-26
57009151 2.5545978e+17 2.4289006e+09 2.055909e+09 5e-22 2.1225419e-22 6.4358613e-26
57114326 2.5571524e+17 2.4258013e+09 2.0552298e+09 5e-22 2.1179714e-22 6.4531305e-26
57219741 2.5597095e+17 2.422704e+09 2.0545481e+09 5e-22 2.1134125e-22 6.4704473e-26
57325396 2.5622693e+17 2.4196088e+09 2.053864e+09 5e-22 2.108865e-22 6.4878117e-26
57431292 2.5648315e+17 2.4165155e+09 2.0531775e+09 5e-22 2.1043291e-22 6.5052239e-26
57537430 2.5673964e+17 2.4134243e+09 2.0524886e+09 5e-22 2.0998045e-22 6.522684e-26
57643810 2.5699638e+17 2.4103351e+09 2.0517974e+09 5e-22 2.0952914e-22 6.5401922e-26
57750432 2.5725337e+17 2.407248e+09 2.0511037e+09 5e-22 2.0907896e-22 6.5577486e-26
57857299 2.5751062e+17 2.4041628e+09 2.0504077e+09 5e-22 2.0862992e-22 6.5753533e-26
57964409 2.5776814e+17 2.4010797e+09 2.0497092e+09 5e-22 2.0818201e-22 6.5930065e-26
58071764 2.580259e+17 2.3979987e+09 2.0490084e+09 5e-22 2.0773522e-22 6.6107084e-26
58179364 2.5828393e+17 2.3949197e+09 2.0483052e+09 5e-22 2.0728956e-22 6.628459e-26
58287211 2.5854221e+17 2.3918427e+09 2.0475996e+09 5e-22 2.0684503e-22 6.6462585e-26
58395304 2.5880076e+17 2.3887678e+09 2.0468916e+09 5e-22 2.0640161e-22 6.664107e-26
58503645 2.5905956e+17 2.3856949e+09 2.0461812e+09 5e-22 2.059593e-22 6.6820047e-26
58612234 2.5931862e+17 2.3826241e+09 2.0454685e+09 5e-22 2.0551811e-22 6.6999517e-26
58721071 2.5957793e+17 2.3795553e+09 2.0447534e+09 5e-22 2.0507803e-22 6.7179482e-26
58830158 2.5983751e+17 2.3764886e+09 2.0440359e+09 5e-22 2.0463906e-22 6.7359942e-26
58939495 2.6009735e+17 2.3734239e+09 2.0433161e+09 5e-22 2.0420119e-22 6.75409e-26
59049082 2.6035745e+17 2.3703613e+09 2.0425939e+09 5e-22 2.0376442e-22 6.7722357e-26
59158921 2.606178e+17 2.3673008e+09 2.0418693e+09 5e-22 2.0332874e-22 6.7904314e-26
59269011 2.6087842e+17 2.3642423e+09 2.0411424e+09 5e-22 2.0289417e-22 6.8086773e-26
59379355 2.611393e+17 2.3611859e+09 2.0404131e+09 5e-22 2.0246068e-22 6.8269735e-26
59489952 2.6140044e+17 2.3581316e+09 2.0396814e+09 5e-22 2.0202828e-22 6.8453202e-26
59600802 2.6166184e+17 2.3550794e+09 2.0389474e+09 5e-22 2.0159697e-22 6.8637174e-26
59711907 2.619235e+17 2.3520292e+09 2.0382111e+09 5e-22 2.0116674e-22 6.8821654e-26
59823268 2.6218543e+17 2.3489811e+09 2.0374724e+09 5e-22 2.0073759e-22 6.9006643e-26
59934885 2.6244761e+17 2.345935e+09 2.0367313e+09 5e-22 2.0030952e-22 6.9192142e-26
60046758 2.6271006e+17 2.3428911e+09 2.035988e+09 5e-22 1.9988252e-22 6.9378152e-26
60158889 2.6297277e+17 2.3398492e+09 2.0352422e+09 5e-22 1.994566e-22 6.9564677e-26
60271278 2.6323574e+17 2.3368095e+09 2.0344942e+09 5e-22 1.9903174e-22 6.9751715e-26
60383925 2.6349898e+17 2.3337718e+09 2.0337438e+09 5e-22 1.9860794e-22 6.993927e-26
60496832 2.6376248e+17 2.3307362e+09 2.032991e+09 5e-22 1.9818521e-22 7.0127343e-26
60609999 2.6402624e+17 2.3277027e+09 2.032236e+09 5e-22 1.9776354e-22 7.0315935e-26
60723427 2.6429027e+17 2.3246713e+09 2.0314786e+09 5e-22 1.9734293e-22 7.0505047e-26
60837116 2.6455456e+17 2.321642e+09 2.0307189e+09 5e-22 1.9692337e-22 7.0694682e-26
60951068 2.6481911e+17 2.3186148e+09 2.0299568e+09 5e-22 1.9650486e-22 7.088484e-26
61065282 2.6508393e+17 2.3155897e+09 2.0291925e+09 5e-22 1.960874e-22 7.1075523e-26
61179760 2.6534901e+17 2.3125667e+09 2.0284258e+09 5e-22 1.9567098e-22 7.1266733e-26
61294502 2.6561436e+17 2.3095458e+09 2.0276568e+09 5e-22 1.952556e-22 7.1458471e-26
61409509 2.6587998e+17 2.306527e+09 2.0268855e+09 5e-22 1.9484127e-22 7.1650739e-26
61524782 2.6614586e+17 2.3035103e+09 2.0261119e+09 5e-22 1.9442797e-22 7.1843538e-26
61640322 2.66412e+17 2.3004958e+09 2.025336e+09 5e-22 1.9401571e-22 7.2036869e-26
61756128 2.6667841e+17 2.2974834e+09 2.0245577e+09 5e-22 1.9360448e-22 7.2230735e-26
61872202 2.6694509e+17 2.294473e+09 2.0237772e+09 5e-22 1.9319427e-22 7.2425137e-26
61988545 2.6721204e+17 2.2914648e+09 2.0229944e+09 5e-22 1.9278509e-22 7.2620075e-26
62105157 2.6747925e+17 2.2884588e+09 2.0222093e+09 5e-22 1.9237694e-22 7.2815553e-26
62222038 2.6774673e+17 2.2854548e+09 2.0214218e+09 5e-22 1.919698e-22 7.3011571e-26
62339191 2.6801448e+17 2.282453e+09 2.0206321e+09 5e-22 1.9156369e-22 7.3208131e-26
62456615 2.6828249e+17 2.2794533e+09 2.0198401e+09 5e-22 1.9115858e-22 7.3405234e-26
62574311 2.6855077e+17 2.2764558e+09 2.0190459e+09 5e-22 1.9075449e-22 7.3602882e-26
62692280 2.6881932e+17 2.2734603e+09 2.0182493e+09 5e-22 1.9035141e-22 7.3801077e-26
62810522 2.6908814e+17 2.2704671e+09 2.0174505e+09 5e-22 1.8994933e-22 7.399982e-26
62929039 2.6935723e+17 2.2674759e+09 2.0166493e+09 5e-22 1.8954826e-22 7.4199112e-26
63047830 2.6962659e+17 2.2644869e+09 2.0158459e+09 5e-22 1.8914819e-22 7.4398956e-26
63166898 2.6989622e+17 2.2615001e+09 2.0150403e+09 5e-22 1.8874912e-22 7.4599353e-26
63286241 2.7016611e+17 2.2585153e+09 2.0142323e+09 5e-22 1.8835104e-22 7.4800304e-26
63405863 2.7043628e+17 2.2555328e+09 2.0134221e+09 5e-22 1.8795395e-22 7.5001812e-26
63525762 2.7070671e+17 2.2525523e+09 2.0126097e+09 5e-22 1.8755786e-22 7.5203877e-26
63645939 2.7097742e+17 2.2495741e+09 2.011795e+09 5e-22 1.8716275e-22 7.5406501e-26
63766397 2.712484e+17 2.246598e+09 2.010978e+09 5e-22 1.8676863e-22 7.5609686e-26
63887134 2.7151965e+17 2.243624e+09 2.0101587e+09 5e-22 1.8637549e-22 7.5813433e-26
64008152 2.7179117e+17 2.2406522e+09 2.0093373e+09 5e-22 1.8598333e-22 7.6017745e-26
64129452 2.7206296e+17 2.2376826e+09 2.0085135e+09 5e-22 1.8559215e-22 7.6222622e-26
64251035 2.7233502e+17 2.2347151e+09 2.0076875e+09 5e-22 1.8520194e-22 7.6428066e-26
64372901 2.7260736e+17 2.2317498e+09 2.0068593e+09 5e-22 1.848127e-22 7.663408e-26
64495050 2.7287996e+17 2.2287866e+09 2.0060288e+09 5e-22 1.8442443e-22 7.6840664e-26
64617484 2.7315284e+17 2.2258257e+09 2.0051961e+09 5e-22 1.8403713e-22 7.704782e-26
64740204 2.73426e+17 2.2228668e+09 2.0043612e+09 5e-22 1.8365079e-22 7.725555e-26
64863210 2.7369942e+17 2.2199102e+09 2.003524e+09 5e-22 1.8326541e-22 7.7463856e-26
64986503 2.7397312e+17 2.2169558e+09 2.0026846e+09 5e-22 1.8288099e-22 7.7672738e-26
65110084 2.7424709e+17 2.2140035e+09 2.001843e+09 5e-22 1.8249753e-22 7.78822e-26
65233953 2.7452134e+17 2.2110534e+09 2.0009992e+09 5e-22 1.8211502e-22 7.8092242e-26
65358112 2.7479586e+17 2.2081054e+09 2.0001531e+09 5e-22 1.8173346e-22 7.8302866e-26
65482561 2.7507066e+17 2.2051597e+09 1.9993048e+09 5e-22 1.8135285e-22 7.8514074e-26
65607300 2.7534573e+17 2.2022161e+09 1.9984543e+09 5e-22 1.8097319e-22 7.8725867e-26
65732331 2.7562107e+17 2.1992748e+09 1.9976016e+09 5e-22 1.8059447e-22 7.8938248e-26
65857655 2.758967e+17 2.1963356e+09 1.9967467e+09 5e-22 1.8021669e-22 7.9151217e-26
65983272 2.7617259e+17 2.1933986e+09 1.9958896e+09 5e-22 1.7983984e-22 7.9364777e-26
66109183 2.7644876e+17 2.1904638e+09 1.9950303e+09 5e-22 1.7946394e-22 7.957893e-26
66235388 2.7672521e+17 2.1875312e+09 1.9941687e+09 5e-22 1.7908896e-22 7.9793676e-26
66361889 2.7700194e+17 2.1846008e+09 1.993305e+09 5e-22 1.7871492e-22 8.0009018e-26
66488687 2.7727894e+17 2.1816726e+09 1.9924391e+09 5e-22 1.783418e-22 8.0224957e-26
66615782 2.7755622e+17 2.1787466e+09 1.991571e+09 5e-22 1.7796961e-22 8.0441496e-26
66743174 2.7783378e+17 2.1758228e+09 1.9907007e+09 5e-22 1.7759835e-22 8.0658635e-26
66870866 2.7811161e+17 2.1729012e+09 1.9898283e+09 5e-22 1.77228e-22 8.0876377e-26
66998856 2.7838972e+17 2.1699818e+09 1.9889536e+09 5e-22 1.7685857e-22 8.1094723e-26
67127148 2.7866811e+17 2.1670646e+09 1.9880768e+09 5e-22 1.7649006e-22 8.1313675e-26
67255740 2.7894678e+17 2.1641496e+09 1.9871978e+09 5e-22 1.7612246e-22 8.1533235e-26
67384635 2.7922573e+17 2.1612369e+09 1.9863166e+09 5e-22 1.7575577e-22 8.1753404e-26
67513832 2.7950495e+17 2.1583263e+09 1.9854333e+09 5e-22 1.7538999e-22 8.1974185e-26
67643333 2.7978446e+17 2.155418e+09 1.9845478e+09 5e-22 1.7502512e-22 8.2195578e-26
67773138 2.8006424e+17 2.1525119e+09 1.9836601e+09 5e-22 1.7466115e-22 8.2417587e-26
67903248 2.8034431e+17 2.149608e+09 1.9827703e+09 5e-22 1.7429808e-22 8.2640212e-26
68033665 2.8062465e+17 2.1467063e+09 1.9818783e+09 5e-22 1.7393591e-22 8.2863455e-26
68164388 2.8090527e+17 2.1438068e+09 1.9809842e+09 5e-22 1.7357463e-22 8.3087319e-26
68295419 2.8118618e+17 2.1409096e+09 1.9800879e+09 5e-22 1.7321425e-22 8.3311804e-26
68426759 2.8146737e+17 2.1380146e+09 1.9791895e+09 5e-22 1.7285476e-22 8.3536914e-26
68558408 2.8174883e+17 2.1351218e+09 1.9782889e+09 5e-22 1.7249616e-22 8.3762648e-26
68690367 2.8203058e+17 2.1322313e+09 1.9773862e+09 5e-22 1.7213844e-22 8.398901e-26
68822637 2.8231261e+17 2.129343e+09 1.9764814e+09 5e-22 1.7178161e-22 8.4216001e-26
68955219 2.8259493e+17 2.1264569e+09 1.9755744e+09 5e-22 1.7142566e-22 8.4443623e-26
69088114 2.8287752e+17 2.1235731e+09 1.9746653e+09 5e-22 1.7107059e-22 8.4671878e-26
69221322 2.831604e+17 2.1206915e+09 1.9737541e+09 5e-22 1.707164e-22 8.4900767e-26
69354845 2.8344356e+17 2.1178121e+09 1.9728407e+09 5e-22 1.7036308e-22 8.5130293e-26
69488683 2.83727e+17 2.114935e+09 1.9719252e+09 5e-22 1.7001063e-22 8.5360457e-26
69622837 2.8401073e+17 2.1120601e+09 1.9710077e+09 5e-22 1.6965906e-22 8.5591261e-26
69757308 2.8429474e+17 2.1091875e+09 1.970088e+09 5e-22 1.6930835e-22 8.5822707e-26
69892096 2.8457903e+17 2.1063171e+09 1.9691661e+09 5e-22 1.6895851e-22 8.6054797e-26
70027204 2.8486361e+17 2.103449e+09 1.9682422e+09 5e-22 1.6860953e-22 8.6287533e-26
70162631 2.8514848e+17 2.1005831e+09 1.9673162e+09 5e-22 1.6826141e-22 8.6520915e-26
70298378 2.8543363e+17 2.0977195e+09 1.9663881e+09 5e-22 1.6791415e-22 8.6754948e-26
70434446 2.8571906e+17 2.0948581e+09 1.9654579e+09 5e-22 1.6756774e-22 8.6989631e-26
70570837 2.8600478e+17 2.091999e+09 1.9645256e+09 5e-22 1.6722219e-22 8.7224968e-26
70707551 2.8629078e+17 2.0891421e+09 1.9635912e+09 5e-22 1.6687749e-22 8.746096e-26
70844588 2.8657707e+17 2.0862875e+09 1.9626547e+09 5e-22 1.6653364e-22 8.7697608e-26
70981950 2.8686365e+17 2.0834351e+09 1.9617161e+09 5e-22 1.6619064e-22 8.7934916e-26
71119638 2.8715051e+17 2.0805851e+09 1.9607754e+09 5e-22 1.6584848e-22 8.8172884e-26
71257653 2.8743766e+17 2.0777372e+09 1.9598327e+09 5e-22 1.6550716e-22 8.8411515e-26
71395994 2.877251e+17 2.0748917e+09 1.9588879e+09 5e-22 1.6516669e-22 8.865081e-26
71534664 2.8801283e+17 2.0720484e+09 1.957941e+09 5e-22 1.6482705e-22 8.8890771e-26
71673663 2.8830084e+17 2.0692074e+09 1.9569921e+09 5e-22 1.6448825e-22 8.9131401e-26
71812992 2.8858914e+17 2.0663686e+09 1.9560411e+09 5e-22 1.6415028e-22 8.9372702e-26
71952652 2.8887773e+17 2.0635321e+09 1.9550881e+09 5e-22 1.6381314e-22 8.9614674e-26
72092644 2.8916661e+17 2.0606979e+09 1.9541329e+09 5e-22 1.6347683e-22 8.9857321e-26
72232969 2.8945577e+17 2.057866e+09 1.9531758e+09 5e-22 1.6314135e-22 9.0100644e-26
72373627 2.8974523e+17 2.0550363e+09 1.9522166e+09 5e-22 1.6280669e-22 9.0344645e-26
72514620 2.9003498e+17 2.052209e+09 1.9512553e+09 5e-22 1.6247285e-22 9.0589326e-26
72655948 2.9032501e+17 2.0493839e+09 1.950292e+09 5e-22 1.6213984e-22 9.0834689e-26
72797613 2.9061534e+17 2.0465611e+09 1.9493267e+09 5e-22 1.6180764e-22 9.1080736e-26
72939614 2.9090595e+17 2.0437405e+09 1.9483593e+09 5e-22 1.6147626e-22 9.1327469e-26
73081954 2.9119686e+17 2.0409223e+09 1.9473899e+09 5e-22 1.6114569e-22 9.157489e-26
73224633 2.9148805e+17 2.0381063e+09 1.9464184e+09 5e-22 1.6081593e-22 9.1823001e-26
73367652 2.9177954e+17 2.0352927e+09 1.945445e+09 5e-22 1.6048698e-22 9.2071804e-26
73511012 2.9207132e+17 2.0324813e+09 1.9444695e+09 5e-22 1.6015884e-22 9.2321301e-26
73654714 2.9236339e+17 2.0296722e+09 1.943492e+09 5e-22 1.5983151e-22 9.2571494e-26
73798759 2.9265576e+17 2.0268654e+09 1.9425125e+09 5e-22 1.5950497e-22 9.2822385e-26
73943147 2.9294841e+17 2.0240609e+09 1.9415309e+09 5e-22 1.5917924e-22 9.3073975e-26
74087880 2.9324136e+17 2.0212587e+09 1.9405474e+09 5e-22 1.5885431e-22 9.3326268e-26
74232959 2.935346e+17 2.0184588e+09 1.9395619e+09 5e-22 1.5853017e-22 9.3579265e-26
74378384 2.9382814e+17 2.0156612e+09 1.9385743e+09 5e-22 1.5820682e-22 9.3832968e-26
74524157 2.9412196e+17 2.0128659e+09 1.9375848e+09 5e-22 1.5788427e-22 9.4087379e-26
74670278 2.9441609e+17 2.0100728e+09 1.9365933e+09 5e-22 1.5756251e-22 9.43425e-26
74816748 2.947105e+17 2.0072821e+09 1.9355998e+09 5e-22 1.5724153e-22 9.4598333e-26
74963569 2.9500521e+17 2.0044937e+09 1.9346043e+09 5e-22 1.5692135e-22 9.4854881e-26
75110741 2.9530022e+17 2.0017076e+09 1.9336068e+09 5e-22 1.5660194e-22 9.5112145e-26
75258265 2.9559552e+17 1.9989238e+09 1.9326073e+09 5e-22 1.5628332e-22 9.5370128e-26
75406142 2.9589111e+17 1.9961424e+09 1.9316059e+09 5e-22 1.5596547e-22 9.5628831e-26
75554373 2.96187e+17 1.9933632e+09 1.9306025e+09 5e-22 1.5564841e-22 9.5888257e-26
75702960 2.9648319e+17 1.9905863e+09 1.9295971e+09 5e-22 1.5533212e-22 9.6148407e-26
75851903 2.9677968e+17 1.9878118e+09 1.9285898e+09 5e-22 1.550166e-22 9.6409284e-26
76001202 2.9707645e+17 1.9850396e+09 1.9275805e+09 5e-22 1.5470185e-22 9.6670891e-26
76150860 2.9737353e+17 1.9822696e+09 1.9265692e+09 5e-22 1.5438787e-22 9.6933228e-26
76300877 2.976709e+17 1.979502e+09 1.925556e+09 5e-22 1.5407466e-22 9.7196298e-26
76451253 2.9796858e+17 1.9767368e+09 1.9245409e+09 5e-22 1.5376222e-22 9.7460104e-26
76601991 2.9826654e+17 1.9739738e+09 1.9235238e+09 5e-22 1.5345053e-22 9.7724647e-26
76753091 2.9856481e+17 1.9712132e+09 1.9225047e+09 5e-22 1.5313961e-22 9.798993e-26
76904553 2.9886338e+17 1.9684549e+09 1.9214838e+09 5e-22 1.5282945e-22 9.8255954e-26
77056379 2.9916224e+17 1.9656989e+09 1.9204608e+09 5e-22 1.5252004e-22 9.8522722e-26
77208571 2.994614e+17 1.9629452e+09 1.919436e+09 5e-22 1.5221139e-22 9.8790237e-26
77361128 2.9976086e+17 1.9601939e+09 1.9184092e+09 5e-22 1.5190349e-22 9.9058499e-26
77514052 3.0006062e+17 1.9574449e+09 1.9173805e+09 5e-22 1.5159634e-22 9.9327512e-26
77667344 3.0036068e+17 1.9546982e+09 1.9163499e+09 5e-22 1.5128994e-22 9.9597277e-26
77821005 3.0066104e+17 1.9519538e+09 1.9153174e+09 5e-22 1.5098429e-22 9.9867797e-26
77975036 3.0096171e+17 1.9492118e+09 1.9142829e+09 5e-22 1.5067938e-22 1.0013907e-25
78129437 3.0126267e+17 1.9464721e+09 1.9132466e+09 5e-22 1.5037522e-22 1.0041111e-25
78284211 3.0156393e+17 1.9437348e+09 1.9122083e+09 5e-22 1.500718e-22 1.0068391e-25
78439358 3.0186549e+17 1.9409998e+09 1.9111682e+09 5e-22 1.4976911e-22 1.0095747e-25
78594878 3.0216736e+17 1.9382671e+09 1.9101261e+09 5e-22 1.4946716e-22 1.012318e-25
78750774 3.0246953e+17 1.9355368e+09 1.9090822e+09 5e-22 1.4916595e-22 1.0150689e-25
78907046 3.02772e+17 1.9328088e+09 1.9080363e+09 5e-22 1.4886547e-22 1.0178276e-25
79063694 3.0307477e+17 1.9300831e+09 1.9069886e+09 5e-22 1.4856572e-22 1.0205939e-25
79220721 3.0337784e+17 1.9273598e+09 1.905939e+09 5e-22 1.482667e-22 1.023368e-25
79378127 3.0368122e+17 1.9246389e+09 1.9048875e+09 5e-22 1.4796841e-22 1.0261499e-25
79535913 3.039849e+17 1.9219202e+09 1.9038342e+09 5e-22 1.4767084e-22 1.0289396e-25
79694080 3.0428889e+17 1.919204e+09 1.902779e+09 5e-22 1.47374e-22 1.0317371e-25
79852630 3.0459318e+17 1.91649e+09 1.9017219e+09 5e-22 1.4707787e-22 1.0345425e-25
80011563 3.0489777e+17 1.9137784e+09 1.9006629e+09 5e-22 1.4678247e-22 1.0373556e-25
80170880 3.0520267e+17 1.9110692e+09 1.8996021e+09 5e-22 1.4648779e-22 1.0401767e-25
80330583 3.0550787e+17 1.9083623e+09 1.8985395e+09 5e-22 1.4619382e-22 1.0430057e-25
80490672 3.0581338e+17 1.9056578e+09 1.8974749e+09 5e-22 1.4590056e-22 1.0458426e-25
80651148 3.0611919e+17 1.9029556e+09 1.8964086e+09 5e-22 1.4560802e-22 1.0486875e-25
80812013 3.0642531e+17 1.9002558e+09 1.8953404e+09 5e-22 1.4531618e-22 1.0515403e-25
80973268 3.0673174e+17 1.8975584e+09 1.8942703e+09 5e-22 1.4502505e-22 1.0544012e-25
81134913 3.0703847e+17 1.8948633e+09 1.8931984e+09 5e-22 1.4473463e-22 1.05727e-25
81296951 3.0734551e+17 1.8921705e+09 1.8921247e+09 5e-22 1.4444492e-22 1.0601469e-25
81459381 3.0765285e+17 1.8894801e+09 1.8910492e+09 5e-22 1.4415591e-22 1.0630319e-25
81622205 3.079605e+17 1.8867921e+09 1.8899718e+09 5e-22 1.4386759e-22 1.065925e-25
81785424 3.0826846e+17 1.8841064e+09 1.8888926e+09 5e-22 1.4357998e-22 1.0688262e-25
81949039 3.0857673e+17 1.8814231e+09 1.8878116e+09 5e-22 1.4329306e-22 1.0717355e-25
82113052 3.0888531e+17 1.8787422e+09 1.8867288e+09 5e-22 1.4300684e-22 1.074653e-25
82277462 3.0919419e+17 1.8760636e+09 1.8856442e+09 5e-22 1.4272131e-22 1.0775786e-25
82442272 3.0950339e+17 1.8733874e+09 1.8845578e+09 5e-22 1.4243647e-22 1.0805125e-25
82607483 3.0981289e+17 1.8707136e+09 1.8834696e+09 5e-22 1.4215232e-22 1.0834546e-25
82773095 3.1012271e+17 1.8680421e+09 1.8823796e+09 5e-22 1.4186886e-22 1.086405e-25
82939110 3.1043283e+17 1.865373e+09 1.8812877e+09 5e-22 1.4158609e-22 1.0893637e-25
83105529 3.1074326e+17 1.8627063e+09 1.8801941e+09 5e-22 1.41304e-22 1.0923306e-25
83272352 3.11054e+17 1.8600419e+09 1.8790988e+09 5e-22 1.4102259e-22 1.0953059e-25
83439582 3.1136506e+17 1.8573799e+09 1.8780016e+09 5e-22 1.4074186e-22 1.0982896e-25
83607218 3.1167642e+17 1.8547203e+09 1.8769027e+09 5e-22 1.4046181e-22 1.1012816e-25
83775263 3.119881e+17 1.8520631e+09 1.8758019e+09 5e-22 1.4018244e-22 1.104282e-25
83943718 3.1230009e+17 1.8494082e+09 1.8746995e+09 5e-22 1.3990374e-22 1.1072909e-25
84112583 3.1261239e+17 1.8467557e+09 1.8735952e+09 5e-22 1.3962572e-22 1.1103082e-25
84281859 3.12925e+17 1.8441056e+09 1.8724892e+09 5e-22 1.3934837e-22 1.113334e-25
84451549 3.1323793e+17 1.8414579e+09 1.8713815e+09 5e-22 1.3907168e-22 1.1163683e-25
84621652 3.1355116e+17 1.8388125e+09 1.8702719e+09 5e-22 1.3879567e-22 1.1194111e-25
84792170 3.1386471e+17 1.8361695e+09 1.8691607e+09 5e-22 1.3852032e-22 1.1224625e-25
84963105 3.1417858e+17 1.8335289e+09 1.8680477e+09 5e-22 1.3824563e-22 1.1255225e-25
85134456 3.1449276e+17 1.8308907e+09 1.8669329e+09 5e-22 1.3797161e-22 1.128591e-25
85306227 3.1480725e+17 1.8282549e+09 1.8658165e+09 5e-22 1.3769825e-22 1.1316682e-25
85478417 3.1512206e+17 1.8256215e+09 1.8646982e+09 5e-22 1.3742555e-22 1.134754e-25
85651028 3.1543718e+17 1.8229904e+09 1.8635783e+09 5e-22 1.371535e-22 1.1378486e-25
85824060 3.1575262e+17 1.8203617e+09 1.8624566e+09 5e-22 1.3688211e-22 1.1409518e-25
85997516 3.1606837e+17 1.8177355e+09 1.8613333e+09 5e-22 1.3661138e-22 1.1440637e-25
86171397 3.1638444e+17 1.8151116e+09 1.8602082e+09 5e-22 1.3634129e-22 1.1471844e-25
86345702 3.1670082e+17 1.8124901e+09 1.8590814e+09 5e-22 1.3607186e-22 1.1503139e-25
86520435 3.1701752e+17 1.809871e+09 1.8579528e+09 5e-22 1.3580308e-22 1.1534522e-25
86695595 3.1733454e+17 1.8072542e+09 1.8568226e+09 5e-22 1.3553494e-22 1.1565993e-25
86871185 3.1765188e+17 1.8046399e+09 1.8556907e+09 5e-22 1.3526745e-22 1.1597553e-25
87047204 3.1796953e+17 1.802028e+09 1.8545571e+09 5e-22 1.350006e-22 1.1629201e-25
87223655 3.182875e+17 1.7994184e+09 1.8534218e+09 5e-22 1.3473439e-22 1.1660939e-25
87400539 3.1860578e+17 1.7968113e+09 1.8522848e+09 5e-22 1.3446883e-22 1.1692766e-25
87577856 3.1892439e+17 1.7942065e+09 1.8511461e+09 5e-22 1.342039e-22 1.1724683e-25
87755608 3.1924331e+17 1.7916042e+09 1.8500058e+09 5e-22 1.3393961e-22 1.1756689e-25
87933797 3.1956256e+17 1.7890042e+09 1.8488637e+09 5e-22 1.3367595e-22 1.1788786e-25
88112423 3.1988212e+17 1.7864067e+09 1.84772e+09 5e-22 1.3341293e-22 1.1820973e-25
88291487 3.20202e+17 1.7838115e+09 1.8465747e+09 5e-22 1.3315054e-22 1.1853251e-25
88470992 3.205222e+17 1.7812187e+09 1.8454277e+09 5e-22 1.3288878e-22 1.1885619e-25
88650937 3.2084273e+17 1.7786284e+09 1.844279e+09 5e-22 1.3262765e-22 1.1918079e-25
88831325 3.2116357e+17 1.7760404e+09 1.8431286e+09 5e-22 1.3236714e-22 1.195063e-25
89012156 3.2148473e+17 1.7734548e+09 1.8419766e+09 5e-22 1.3210726e-22 1.1983273e-25
89193432 3.2180622e+17 1.7708717e+09 1.840823e+09 5e-22 1.31848e-22 1.2016008e-25
89375154 3.2212802e+17 1.7682909e+09 1.8396677e+09 5e-22 1.3158937e-22 1.2048836e-25
89557323 3.2245015e+17 1.7657126e+09 1.8385108e+09 5e-22 1.3133135e-22 1.2081755e-25
89739941 3.227726e+17 1.7631367e+09 1.8373523e+09 5e-22 1.3107396e-22 1.2114768e-25
89923008 3.2309537e+17 1.7605631e+09 1.8361921e+09 5e-22 1.3081718e-22 1.2147874e-25
90106526 3.2341847e+17 1.757992e+09 1.8350303e+09 5e-22 1.3056101e-22 1.2181073e-25
90290496 3.2374189e+17 1.7554233e+09 1.8338669e+09 5e-22 1.3030546e-22 1.2214366e-25
90474920 3.2406563e+17 1.752857e+09 1.8327019e+09 5e-22 1.3005052e-22 1.2247752e-25
90659799 3.243897e+17 1.7502931e+09 1.8315352e+09 5e-22 1.297962e-22 1.2281233e-25
90845133 3.2471409e+17 1.7477316e+09 1.830367e+09 5e-22 1.2954248e-22 1.2314808e-25
91030925 3.250388e+17 1.7451725e+09 1.8291971e+09 5e-22 1.2928937e-22 1.2348478e-25
91217175 3.2536384e+17 1.7426158e+09 1.8280257e+09 5e-22 1.2903686e-22 1.2382243e-25
91403885 3.256892e+17 1.7400616e+09 1.8268527e+09 5e-22 1.2878496e-22 1.2416103e-25
91591056 3.2601489e+17 1.7375097e+09 1.825678e+09 5e-22 1.2853366e-22 1.2450059e-25
91778690 3.2634091e+17 1.7349603e+09 1.8245018e+09 5e-22 1.2828296e-22 1.2484111e-25
91966787 3.2666725e+17 1.7324133e+09 1.823324e+09 5e-22 1.2803286e-22 1.2518259e-25
92155349 3.2699391e+17 1.7298687e+09 1.8221446e+09 5e-22 1.2778336e-22 1.2552503e-25
92344377 3.2732091e+17 1.7273265e+09 1.8209637e+09 5e-22 1.2753445e-22 1.2586844e-25
92533873 3.2764823e+17 1.7247867e+09 1.8197811e+09 5e-22 1.2728614e-22 1.2621282e-25
92723837 3.2797588e+17 1.7222493e+09 1.818597e+09 5e-22 1.2703842e-22 1.2655817e-25
92914272 3.2830385e+17 1.7197144e+09 1.8174114e+09 5e-22 1.2679129e-22 1.2690449e-25
93105178 3.2863216e+17 1.7171819e+09 1.8162242e+09 5e-22 1.2654476e-22 1.272518e-25
93296557 3.2896079e+17 1.7146518e+09 1.8150354e+09 5e-22 1.2629881e-22 1.2760009e-25
93488409 3.2928975e+17 1.7121241e+09 1.8138451e+09 5e-22 1.2605345e-22 1.2794936e-25
93680738 3.2961904e+17 1.7095989e+09 1.8126533e+09 5e-22 1.2580867e-22 1.2829961e-25
93873543 3.2994866e+17 1.707076e+09 1.8114599e+09 5e-22 1.2556448e-22 1.2865086e-25
94066825 3.3027861e+17 1.7045556e+09 1.810265e+09 5e-22 1.2532087e-22 1.290031e-25
94260588 3.3060889e+17 1.7020376e+09 1.8090685e+09 5e-22 1.2507784e-22 1.2935634e-25
94454831 3.309395e+17 1.699522e+09 1.8078706e+09 5e-22 1.2483538e-22 1.2971057e-25
94649556 3.3127043e+17 1.6970089e+09 1.8066711e+09 5e-22 1.2459351e-22 1.3006581e-25
94844764 3.3160171e+17 1.6944982e+09 1.80547e+09 5e-22 1.2435221e-22 1.3042205e-25
95040457 3.3193331e+17 1.6919899e+09 1.8042675e+09 5e-22 1.2411149e-22 1.3077929e-25
95236637 3.3226524e+17 1.689484e+09 1.8030635e+09 5e-22 1.2387134e-22 1.3113755e-25
95433303 3.3259751e+17 1.6869805e+09 1.8018579e+09 5e-22 1.2363176e-22 1.3149682e-25
95630459 3.329301e+17 1.6844795e+09 1.8006509e+09 5e-22 1.2339275e-22 1.3185711e-25
95828105 3.3326303e+17 1.6819809e+09 1.7994423e+09 5e-22 1.2315431e-22 1.3221842e-25
96026242 3.335963e+17 1.6794847e+09 1.7982323e+09 5e-22 1.2291644e-22 1.3258075e-25
96224872 3.3392989e+17 1.676991e+09 1.7970208e+09 5e-22 1.2267913e-22 1.329441e-25
96423996 3.3426382e+17 1.6744997e+09 1.7958078e+09 5e-22 1.2244239e-22 1.3330849e-25
96623616 3.3459809e+17 1.6720108e+09 1.7945933e+09 5e-22 1.2220621e-22 1.336739e-25
96823734 3.3493268e+17 1.6695243e+09 1.7933774e+09 5e-22 1.2197059e-22 1.3404035e-25
97024349 3.3526762e+17 1.6670403e+09 1.7921599e+09 5e-22 1.2173553e-22 1.3440784e-25
97225465 3.3560288e+17 1.6645587e+09 1.7909411e+09 5e-22 1.2150103e-22 1.3477636e-25
97427081 3.3593849e+17 1.6620796e+09 1.7897207e+09 5e-22 1.2126708e-22 1.3514593e-25
97629201 3.3627443e+17 1.6596028e+09 1.7884989e+09 5e-22 1.210337e-22 1.3551655e-25
97831824 3.366107e+17 1.6571285e+09 1.7872756e+09 5e-22 1.2080086e-22 1.3588822e-25
98034953 3.3694731e+17 1.6546566e+09 1.7860509e+09 5e-22 1.2056858e-22 1.3626094e-25
98238589 3.3728426e+17 1.6521872e+09 1.7848248e+09 5e-22 1.2033684e-22 1.3663471e-25
98442733 3.3762154e+17 1.6497202e+09 1.7835972e+09 5e-22 1.2010566e-22 1.3700955e-25
98647387 3.3795916e+17 1.6472556e+09 1.7823682e+09 5e-22 1.1987503e-22 1.3738545e-25
98852552 3.3829712e+17 1.6447935e+09 1.7811377e+09 5e-22 1.1964494e-22 1.3776241e-25
99058229 3.3863542e+17 1.6423338e+09 1.7799059e+09 5e-22 1.1941539e-22 1.3814044e-25
99264421 3.3897406e+17 1.6398765e+09 1.7786726e+09 5e-22 1.1918639e-22 1.3851954e-25
99471128 3.3931303e+17 1.6374217e+09 1.7774378e+09 5e-22 1.1895794e-22 1.3889972e-25
99678352 3.3965234e+17 1.6349693e+09 1.7762017e+09 5e-22 1.1873002e-22 1.3928097e-25
99886094 3.39992e+17 1.6325193e+09 1.7749642e+09 5e-22 1.1850264e-22 1.3966331e-25
1.0009436e+08 3.4033199e+17 1.6300718e+09 1.7737252e+09 5e-22 1.1827581e-22 1.4004673e-25
1.0030314e+08 3.4067232e+17 1.6276267e+09 1.7724849e+09 5e-22 1.180495e-22 1.4043124e-25
1.0051245e+08 3.4101299e+17 1.6251841e+09 1.7712432e+09 5e-22 1.1782374e-22 1.4081683e-25
1.0072228e+08 3.41354e+17 1.6227439e+09 1.7700001e+09 5e-22 1.175985e-22 1.4120353e-25
1.0093263e+08 3.4169536e+17 1.6203061e+09 1.7687555e+09 5e-22 1.173738e-22 1.4159131e-25
1.0114352e+08 3.4203705e+17 1.6178708e+09 1.7675097e+09 5e-22 1.1714963e-22 1.419802e-25
1.0135493e+08 3.4237909e+17 1.6154379e+09 1.7662624e+09 5e-22 1.1692599e-22 1.423702e-25
1.0156687e+08 3.4272147e+17 1.6130074e+09 1.7650138e+09 5e-22 1.1670288e-22 1.427613e-25
1.0177934e+08 3.4306419e+17 1.6105794e+09 1.7637637e+09 5e-22 1.164803e-22 1.4315351e-25
1.0199235e+08 3.4340726e+17 1.6081538e+09 1.7625124e+09 5e-22 1.1625824e-22 1.4354683e-25
1.0220589e+08 3.4375066e+17 1.6057307e+09 1.7612596e+09 5e-22 1.160367e-22 1.4394127e-25
1.0241997e+08 3.4409441e+17 1.60331e+09 1.7600056e+09 5e-22 1.1581569e-22 1.4433683e-25
1.0263458e+08 3.4443851e+17 1.6008917e+09 1.7587501e+09 5e-22 1.155952e-22 1.4473351e-25
1.0284974e+08 3.4478295e+17 1.5984759e+09 1.7574933e+09 5e-22 1.1537523e-22 1.4513132e-25
1.0306543e+08 3.4512773e+17 1.5960625e+09 1.7562352e+09 5e-22 1.1515578e-22 1.4553026e-25
1.0328167e+08 3.4547286e+17 1.5936516e+09 1.7549758e+09 5e-22 1.1493684e-22 1.4593033e-25
1.0349845e+08 3.4581833e+17 1.5912431e+09 1.753715e+09 5e-22 1.1471842e-22 1.4633154e-25
1.0371578e+08 3.4616415e+17 1.5888371e+09 1.7524529e+09 5e-22 1.1450052e-22 1.4673389e-25
1.0393365e+08 3.4651031e+17 1.5864335e+09 1.7511894e+09 5e-22 1.1428313e-22 1.4713739e-25
1.0415207e+08 3.4685682e+17 1.5840323e+09 1.7499247e+09 5e-22 1.1406625e-22 1.4754203e-25
1.0437104e+08 3.4720368e+17 1.5816336e+09 1.7486586e+09 5e-22 1.1384988e-22 1.4794782e-25
1.0459056e+08 3.4755088e+17 1.5792373e+09 1.7473912e+09 5e-22 1.1363402e-22 1.4835476e-25
1.0481064e+08 3.4789843e+17 1.5768435e+09 1.7461225e+09 5e-22 1.1341867e-22 1.4876286e-25
1.0503127e+08 3.4824633e+17 1.5744521e+09 1.7448525e+09 5e-22 1.1320383e-22 1.4917212e-25
1.0525245e+08 3.4859458e+17 1.5720631e+09 1.7435812e+09 5e-22 1.1298949e-22 1.4958254e-25
1.054742e+08 3.4894317e+17 1.5696766e+09 1.7423087e+09 5e-22 1.1277566e-22 1.4999413e-25
1.056965e+08 3.4929212e+17 1.5672926e+09 1.7410348e+09 5e-22 1.1256232e-22 1.5040689e-25
1.0591936e+08 3.4964141e+17 1.564911e+09 1.7397596e+09 5e-22 1.1234949e-22 1.5082083e-25
1.0614279e+08 3.4999105e+17 1.5625318e+09 1.7384832e+09 5e-22 1.1213716e-22 1.5123594e-25
1.0636678e+08 3.5034104e+17 1.5601551e+09 1.7372055e+09 5e-22 1.1192533e-22 1.5165224e-25
1.0659133e+08 3.5069138e+17 1.5577808e+09 1.7359266e+09 5e-22 1.11714e-22 1.5206972e-25
1.0681646e+08 3.5104207e+17 1.555409e+09 1.7346463e+09 5e-22 1.1150316e-22 1.5248838e-25
1.0704215e+08 3.5139312e+17 1.5530396e+09 1.7333648e+09 5e-22 1.1129281e-22 1.5290824e-25
1.0726841e+08 3.5174451e+17 1.5506727e+09 1.7320821e+09 5e-22 1.1108297e-22 1.533293e-25
1.0749524e+08 3.5209625e+17 1.5483082e+09 1.7307981e+09 5e-22 1.1087361e-22 1.5375155e-25
1.0772265e+08 3.5244835e+17 1.5459461e+09 1.7295128e+09 5e-22 1.1066474e-22 1.54175e-25
1.0795063e+08 3.528008e+17 1.5435865e+09 1.7282263e+09 5e-22 1.1045637e-22 1.5459966e-25
1.0817919e+08 3.531536e+17 1.5412294e+09 1.7269386e+09 5e-22 1.1024848e-22 1.5502553e-25
1.0840833e+08 3.5350675e+17 1.5388747e+09 1.7256497e+09 5e-22 1.1004108e-22 1.5545261e-25
1.0863805e+08 3.5386026e+17 1.5365224e+09 1.7243595e+09 5e-22 1.0983416e-22 1.5588091e-25
1.0886835e+08 3.5421412e+17 1.5341726e+09 1.7230681e+09 5e-22 1.0962773e-22 1.5631043e-25
1.0909923e+08 3.5456833e+17 1.5318252e+09 1.7217754e+09 5e-22 1.0942179e-22 1.5674117e-25
1.093307e+08 3.549229e+17 1.5294803e+09 1.7204816e+09 5e-22 1.0921632e-22 1.5717314e-25
1.0956275e+08 3.5527782e+17 1.5271378e+09 1.7191865e+09 5e-22 1.0901134e-22 1.5760634e-25
1.0979539e+08 3.556331e+17 1.5247978e+09 1.7178903e+09 5e-22 1.0880683e-22 1.5804078e-25
1.1002863e+08 3.5598874e+17 1.5224602e+09 1.7165928e+09 5e-22 1.0860281e-22 1.5847645e-25
1.1026245e+08 3.5634472e+17 1.5201251e+09 1.7152941e+09 5e-22 1.0839926e-22 1.5891337e-25
1.1049687e+08 3.5670107e+17 1.5177924e+09 1.7139943e+09 5e-22 1.0819619e-22 1.5935153e-25
1.1073188e+08 3.5705777e+17 1.5154622e+09 1.7126933e+09 5e-22 1.0799359e-22 1.5979094e-25
1.1096749e+08 3.5741483e+17 1.5131344e+09 1.711391e+09 5e-22 1.0779147e-22 1.602316e-25
1.112037e+08 3.5777224e+17 1.5108091e+09 1.7100876e+09 5e-22 1.0758981e-22 1.6067352e-25
1.1144051e+08 3.5813002e+17 1.5084862e+09 1.7087831e+09 5e-22 1.0738863e-22 1.611167e-25
1.1167792e+08 3.5848815e+17 1.5061657e+09 1.7074773e+09 5e-22 1.0718792e-22 1.6156115e-25
1.1191593e+08 3.5884663e+17 1.5038477e+09 1.7061704e+09 5e-22 1.0698768e-22 1.6200686e-25
1.1215455e+08 3.5920548e+17 1.5015322e+09 1.7048623e+09 5e-22 1.067879e-22 1.6245384e-25
1.1239378e+08 3.5956469e+17 1.4992191e+09 1.7035531e+09 5e-22 1.065886e-22 1.629021e-25
1.1263361e+08 3.5992425e+17 1.4969084e+09 1.7022427e+09 5e-22 1.0638975e-22 1.6335164e-25
1.1287406e+08 3.6028417e+17 1.4946002e+09 1.7009312e+09 5e-22 1.0619137e-22 1.6380246e-25
1.1311511e+08 3.6064446e+17 1.4922945e+09 1.6996186e+09 5e-22 1.0599345e-22 1.6425457e-25
1.1335679e+08 3.610051e+17 1.4899912e+09 1.6983048e+09 5e-22 1.05796e-22 1.6470797e-25
1.1359907e+08 3.6136611e+17 1.4876903e+09 1.6969898e+09 5e-22 1.05599e-22 1.6516267e-25
1.1384198e+08 3.6172747e+17 1.4853919e+09 1.6956738e+09 5e-22 1.0540246e-22 1.6561866e-25
1.140855e+08 3.620892e+17 1.4830959e+09 1.6943566e+09 5e-22 1.0520638e-22 1.6607595e-25
1.1432964e+08 3.6245129e+17 1.4808024e+09 1.6930383e+09 5e-22 1.0501076e-22 1.6653455e-25
1.1457441e+08 3.6281374e+17 1.4785113e+09 1.6917189e+09 5e-22 1.0481559e-22 1.6699446e-25
1.148198e+08 3.6317656e+17 1.4762227e+09 1.6903983e+09 5e-22 1.0462088e-22 1.6745569e-25
1.1506582e+08 3.6353973e+17 1.4739365e+09 1.6890767e+09 5e-22 1.0442662e-22 1.6791823e-25
1.1531246e+08 3.6390327e+17 1.4716528e+09 1.687754e+09 5e-22 1.0423281e-22 1.6838209e-25
1.1555974e+08 3.6426718e+17 1.4693715e+09 1.6864302e+09 5e-22 1.0403945e-22 1.6884728e-25
1.1580765e+08 3.6463144e+17 1.4670927e+09 1.6851052e+09 5e-22 1.0384654e-22 1.693138e-25
1.1605619e+08 3.6499607e+17 1.4648163e+09 1.6837792e+09 5e-22 1.0365409e-22 1.6978166e-25
1.1630536e+08 3.6536107e+17 1.4625424e+09 1.6824521e+09 5e-22 1.0346207e-22 1.7025085e-25
1.1655517e+08 3.6572643e+17 1.4602709e+09 1.681124e+09 5e-22 1.0327051e-22 1.7072138e-25
1.1680563e+08 3.6609216e+17 1.4580019e+09 1.6797947e+09 5e-22 1.0307938e-22 1.7119325e-25
1.1705672e+08 3.6645825e+17 1.4557353e+09 1.6784644e+09 5e-22 1.0288871e-22 1.7166648e-25
1.1730845e+08 3.6682471e+17 1.4534711e+09 1.6771331e+09 5e-22 1.0269847e-22 1.7214106e-25
1.1756083e+08 3.6719153e+17 1.4512094e+09 1.6758006e+09 5e-22 1.0250868e-22 1.72617e-25
1.1781385e+08 3.6755872e+17 1.4489502e+09 1.6744672e+09 5e-22 1.0231932e-22 1.7309429e-25
1.1806753e+08 3.6792628e+17 1.4466934e+09 1.6731326e+09 5e-22 1.0213041e-22 1.7357296e-25
1.1832185e+08 3.6829421e+17 1.444439e+09 1.671797e+09 5e-22 1.0194193e-22 1.7405299e-25
1.1857682e+08 3.686625e+17 1.4421871e+09 1.6704604e+09 5e-22 1.0175389e-22 1.745344e-25
1.1883245e+08 3.6903117e+17 1.4399376e+09 1.6691228e+09 5e-22 1.0156629e-22 1.7501718e-25
1.1908873e+08 3.694002e+17 1.4376906e+09 1.6677841e+09 5e-22 1.0137912e-22 1.7550135e-25
1.1934567e+08 3.697696e+17 1.435446e+09 1.6664444e+09 5e-22 1.0119238e-22 1.759869e-25
1.1960327e+08 3.7013937e+17 1.4332039e+09 1.6651036e+09 5e-22 1.0100608e-22 1.7647385e-25
1.1986153e+08 3.7050951e+17 1.4309642e+09 1.6637619e+09 5e-22 1.0082021e-22 1.7696219e-25
1.2012046e+08 3.7088002e+17 1.428727e+09 1.6624191e+09 5e-22 1.0063477e-22 1.7745192e-25
1.2038004e+08 3.712509e+17 1.4264922e+09 1.6610753e+09 5e-22 1.0044976e-22 1.7794306e-25
1.206403e+08 3.7162215e+17 1.4242598e+09 1.6597306e+09 5e-22 1.0026517e-22 1.784356e-25
1.2090122e+08 3.7199377e+17 1.4220299e+09 1.6583848e+09 5e-22 1.0008101e-22 1.7892956e-25
1.2116281e+08 3.7236576e+17 1.4198025e+09 1.657038e+09 5e-22 9.9897282e-23 1.7942493e-25
1.2142508e+08 3.7273813e+17 1.4175775e+09 1.6556902e+09 5e-22 9.9713975e-23 1.7992172e-25
1.2168802e+08 3.7311087e+17 1.4153549e+09 1.6543415e+09 5e-22 9.9531091e-23 1.8041994e-25
1.2195164e+08 3.7348398e+17 1.4131348e+09 1.6529918e+09 5e-22 9.934863e-23 1.8091958e-25
1.2221593e+08 3.7385746e+17 1.4109171e+09 1.6516411e+09 5e-22 9.916659e-23 1.8142065e-25
1.2248091e+08 3.7423132e+17 1.4087019e+09 1.6502894e+09 5e-22 9.8984971e-23 1.8192316e-25
1.2274656e+08 3.7460555e+17 1.4064891e+09 1.6489367e+09 5e-22 9.880377e-23 1.8242711e-25
1.230129e+08 3.7498016e+17 1.4042787e+09 1.6475831e+09 5e-22 9.8622988e-23 1.8293251e-25
1.2327993e+08 3.7535514e+17 1.4020708e+09 1.6462286e+09 5e-22 9.8442623e-23 1.8343935e-25
1.2354765e+08 3.7573049e+17 1.3998653e+09 1.644873e+09 5e-22 9.8262674e-23 1.8394765e-25
1.2381605e+08 3.7610622e+17 1.3976623e+09 1.6435166e+09 5e-22 9.808314e-23 1.8445741e-25
1.2408515e+08 3.7648233e+17 1.3954617e+09 1.6421592e+09 5e-22 9.790402e-23 1.8496863e-25
1.2435494e+08 3.7685881e+17 1.3932636e+09 1.6408008e+09 5e-22 9.7725312e-23 1.8548131e-25
1.2462542e+08 3.7723567e+17 1.3910679e+09 1.6394415e+09 5e-22 9.7547017e-23 1.8599547e-25
1.2489661e+08 3.776129e+17 1.3888746e+09 1.6380813e+09 5e-22 9.7369131e-23 1.865111e-25
1.2516849e+08 3.7799052e+17 1.3866838e+09 1.6367202e+09 5e-22 9.7191656e-23 1.8702821e-25
1.2544108e+08 3.7836851e+17 1.3844954e+09 1.6353581e+09 5e-22 9.7014589e-23 1.8754681e-25
1.2571437e+08 3.7874688e+17 1.3823095e+09 1.6339952e+09 5e-22 9.683793e-23 1.8806689e-25
1.2598836e+08 3.7912562e+17 1.380126e+09 1.6326313e+09 5e-22 9.6661677e-23 1.8858847e-25
1.2626307e+08 3.7950475e+17 1.377945e+09 1.6312665e+09 5e-22 9.6485829e-23 1.8911155e-25
1.2653848e+08 3.7988425e+17 1.3757663e+09 1.6299008e+09 5e-22 9.6310386e-23 1.8963612e-25
1.2681461e+08 3.8026414e+17 1.3735902e+09 1.6285342e+09 5e-22 9.6135346e-23 1.9016221e-25
1.2709145e+08 3.806444e+17 1.3714164e+09 1.6271667e+09 5e-22 9.5960709e-23 1.906898e-25
1.27369e+08 3.8102505e+17 1.3692451e+09 1.6257983e+09 5e-22 9.5786472e-23 1.9121891e-25
1.2764728e+08 3.8140607e+17 1.3670763e+09 1.6244291e+09 5e-22 9.5612636e-23 1.9174954e-25
1.2792627e+08 3.8178748e+17 1.3649098e+09 1.6230589e+09 5e-22 9.54392e-23 1.922817e-25
1.2820599e+08 3.8216927e+17 1.3627459e+09 1.6216879e+09 5e-22 9.5266161e-23 1.9281538e-25
1.2848643e+08 3.8255143e+17 1.3605843e+09 1.620316e+09 5e-22 9.5093519e-23 1.933506e-25
1.2876759e+08 3.8293399e+17 1.3584252e+09 1.6189433e+09 5e-22 9.4921274e-23 1.9388735e-25
1.2904949e+08 3.8331692e+17 1.3562685e+09 1.6175697e+09 5e-22 9.4749424e-23 1.9442565e-25
1.2933211e+08 3.8370024e+17 1.3541143e+09 1.6161952e+09 5e-22 9.4577968e-23 1.949655e-25
1.2961547e+08 3.8408394e+17 1.3519625e+09 1.6148199e+09 5e-22 9.4406905e-23 1.955069e-25
1.2989957e+08 3.8446802e+17 1.3498131e+09 1.6134437e+09 5e-22 9.4236234e-23 1.9604985e-25
1.301844e+08 3.8485249e+17 1.3476662e+09 1.6120667e+09 5e-22 9.4065954e-23 1.9659437e-25
1.3046997e+08 3.8523734e+17 1.3455217e+09 1.6106889e+09 5e-22 9.3896064e-23 1.9714045e-25
1.3075628e+08 3.8562258e+17 1.3433796e+09 1.6093102e+09 5e-22 9.3726564e-23 1.9768811e-25
1.3104333e+08 3.860082e+17 1.34124e+09 1.6079307e+09 5e-22 9.3557451e-23 1.9823734e-25
1.3133113e+08 3.8639421e+17 1.3391028e+09 1.6065504e+09 5e-22 9.3388725e-23 1.9878815e-25
1.3161968e+08 3.867806e+17 1.336968e+09 1.6051692e+09 5e-22 9.3220386e-23 1.9934054e-25
1.3190898e+08 3.8716738e+17 1.3348356e+09 1.6037873e+09 5e-22 9.3052432e-23 1.9989452e-25
1.3219902e+08 3.8755455e+17 1.3327057e+09 1.6024045e+09 5e-22 9.2884862e-23 2.004501e-25
1.3248983e+08 3.8794211e+17 1.3305783e+09 1.6010209e+09 5e-22 9.2717675e-23 2.0100728e-25
1.3278139e+08 3.8833005e+17 1.3284532e+09 1.5996365e+09 5e-22 9.255087e-23 2.0156606e-25
1.330737e+08 3.8871838e+17 1.3263306e+09 1.5982514e+09 5e-22 9.2384446e-23 2.0212645e-25
1.3336678e+08 3.891071e+17 1.3242104e+09 1.5968654e+09 5e-22 9.2218403e-23 2.0268846e-25
1.3366062e+08 3.894962e+17 1.3220927e+09 1.5954786e+09 5e-22 9.2052738e-23 2.0325208e-25
1.3395523e+08 3.898857e+17 1.3199773e+09 1.5940911e+09 5e-22 9.1887452e-23 2.0381733e-25
1.342506e+08 3.9027559e+17 1.3178644e+09 1.5927028e+09 5e-22 9.1722544e-23 2.043842e-25
1.3454674e+08 3.9066586e+17 1.315754e+09 1.5913137e+09 5e-22 9.1558011e-23 2.0495271e-25
1.3484366e+08 3.9105653e+17 1.3136459e+09 1.5899239e+09 5e-22 9.1393854e-23 2.0552285e-25
1.3514135e+08 3.9144758e+17 1.3115403e+09 1.5885332e+09 5e-22 9.1230072e-23 2.0609464e-25
1.3543981e+08 3.9183903e+17 1.3094371e+09 1.5871419e+09 5e-22 9.1066663e-23 2.0666808e-25
1.3573905e+08 3.9223087e+17 1.3073364e+09 1.5857497e+09 5e-22 9.0903626e-23 2.0724316e-25
1.3603907e+08 3.926231e+17 1.305238e+09 1.5843568e+09 5e-22 9.0740961e-23 2.0781991e-25
1.3633988e+08 3.9301572e+17 1.3031421e+09 1.5829632e+09 5e-22 9.0578666e-23 2.0839832e-25
1.3664147e+08 3.9340874e+17 1.3010486e+09 1.5815689e+09 5e-22 9.0416742e-23 2.089784e-25
1.3694385e+08 3.9380215e+17 1.2989576e+09 1.5801737e+09 5e-22 9.0255185e-23 2.0956015e-25
1.3724702e+08 3.9419595e+17 1.2968689e+09 1.5787779e+09 5e-22 9.0093997e-23 2.1014357e-25
1.3755098e+08 3.9459015e+17 1.2947827e+09 1.5773813e+09 5e-22 8.9933175e-23 2.1072868e-25
1.3785573e+08 3.9498474e+17 1.2926989e+09 1.5759841e+09 5e-22 8.977272e-23 2.1131548e-25
1.3816128e+08 3.9537972e+17 1.2906175e+09 1.5745861e+09 5e-22 8.9612629e-23 2.1190397e-25
1.3846763e+08 3.957751e+17 1.2885386e+09 1.5731873e+09 5e-22 8.9452902e-23 2.1249416e-25
1.3877478e+08 3.9617088e+17 1.2864621e+09 1.5717879e+09 5e-22 8.9293539e-23 2.1308605e-25
1.3908274e+08 3.9656705e+17 1.2843879e+09 1.5703878e+09 5e-22 8.9134537e-23 2.1367965e-25
1.3939149e+08 3.9696361e+17 1.2823162e+09 1.5689869e+09 5e-22 8.8975897e-23 2.1427496e-25
1.3970106e+08 3.9736058e+17 1.280247e+09 1.5675854e+09 5e-22 8.8817617e-23 2.1487199e-25
1.4001144e+08 3.9775794e+17 1.2781801e+09 1.5661832e+09 5e-22 8.8659697e-23 2.1547075e-25
1.4032263e+08 3.981557e+17 1.2761157e+09 1.5647803e+09 5e-22 8.8502135e-23 2.1607123e-25
1.4063464e+08 3.9855385e+17 1.2740537e+09 1.5633767e+09 5e-22 8.834493e-23 2.1667345e-25
1.4094746e+08 3.9895241e+17 1.2719941e+09 1.5619725e+09 5e-22 8.8188083e-23 2.172774e-25
1.412611e+08 3.9935136e+17 1.2699369e+09 1.5605675e+09 5e-22 8.8031591e-23 2.178831e-25
1.4157557e+08 3.9975071e+17 1.2678821e+09 1.5591619e+09 5e-22 8.7875454e-23 2.1849055e-25
1.4189086e+08 4.0015046e+17 1.2658297e+09 1.5577557e+09 5e-22 8.771967e-23 2.1909976e-25
1.4220698e+08 4.0055061e+17 1.2637798e+09 1.5563487e+09 5e-22 8.756424e-23 2.1971072e-25
1.4252392e+08 4.0095116e+17 1.2617322e+09 1.5549412e+09 5e-22 8.7409162e-23 2.2032345e-25
1.428417e+08 4.0135211e+17 1.2596871e+09 1.5535329e+09 5e-22 8.7254435e-23 2.2093796e-25
1.4316031e+08 4.0175347e+17 1.2576444e+09 1.5521241e+09 5e-22 8.7100059e-23 2.2155423e-25
1.4347976e+08 4.0215522e+17 1.2556041e+09 1.5507146e+09 5e-22 8.6946032e-23 2.2217229e-25
1.4380005e+08 4.0255737e+17 1.2535662e+09 1.5493044e+09 5e-22 8.6792354e-23 2.2279214e-25
1.4412118e+08 4.0295993e+17 1.2515308e+09 1.5478937e+09 5e-22 8.6639023e-23 2.2341378e-25
1.4444315e+08 4.0336289e+17 1.2494977e+09 1.5464823e+09 5e-22 8.6486039e-23 2.2403721e-25
1.4476597e+08 4.0376625e+17 1.247467e+09 1.5450702e+09 5e-22 8.6333401e-23 2.2466245e-25
1.4508964e+08 4.0417002e+17 1.2454388e+09 1.5436576e+09 5e-22 8.6181108e-23 2.2528949e-25
1.4541416e+08 4.0457419e+17 1.2434129e+09 1.5422443e+09 5e-22 8.6029159e-23 2.2591835e-25
1.4573954e+08 4.0497876e+17 1.2413895e+09 1.5408305e+09 5e-22 8.5877554e-23 2.2654903e-25
1.4606577e+08 4.0538374e+17 1.2393685e+09 1.539416e+09 5e-22 8.5726291e-23 2.2718154e-25
1.4639286e+08 4.0578913e+17 1.2373498e+09 1.5380009e+09 5e-22 8.5575369e-23 2.2781587e-25
1.4672081e+08 4.0619492e+17 1.2353336e+09 1.5365853e+09 5e-22 8.5424788e-23 2.2845204e-25
1.4704962e+08 4.0660111e+17 1.2333198e+09 1.535169e+09 5e-22 8.5274547e-23 2.2909005e-25
1.473793e+08 4.0700771e+17 1.2313084e+09 1.5337522e+09 5e-22 8.5124645e-23 2.2972991e-25
1.4770985e+08 4.0741472e+17 1.2292994e+09 1.5323348e+09 5e-22 8.4975081e-23 2.3037162e-25
1.4804127e+08 4.0782213e+17 1.2272928e+09 1.5309168e+09 5e-22 8.4825855e-23 2.3101519e-25
1.4837356e+08 4.0822996e+17 1.2252885e+09 1.5294982e+09 5e-22 8.4676964e-23 2.3166062e-25
1.4870674e+08 4.0863819e+17 1.2232867e+09 1.5280791e+09 5e-22 8.4528409e-23 2.3230792e-25
1.4904078e+08 4.0904682e+17 1.2212873e+09 1.5266594e+09 5e-22 8.4380189e-23 2.329571e-25
1.4937572e+08 4.0945587e+17 1.2192903e+09 1.5252391e+09 5e-22 8.4232303e-23 2.3360816e-25
1.4971153e+08 4.0986533e+17 1.2172957e+09 1.5238183e+09 5e-22 8.4084749e-23 2.342611e-25
1.5004823e+08 4.1027519e+17 1.2153035e+09 1.522397e+09 5e-22 8.3937528e-23 2.3491593e-25
1.5038582e+08 4.1068547e+17 1.2133137e+09 1.5209751e+09 5e-22 8.3790638e-23 2.3557267e-25
1.5072431e+08 4.1109615e+17 1.2113262e+09 1.5195526e+09 5e-22 8.3644079e-23 2.362313e-25
1.5106368e+08 4.1150725e+17 1.2093412e+09 1.5181297e+09 5e-22 8.3497849e-23 2.3689184e-25
1.5140396e+08 4.1191876e+17 1.2073586e+09 1.5167062e+09 5e-22 8.3351948e-23 2.375543e-25
1.5174513e+08 4.1233068e+17 1.2053783e+09 1.5152821e+09 5e-22 8.3206374e-23 2.3821868e-25
1.5208721e+08 4.1274301e+17 1.2034005e+09 1.5138576e+09 5e-22 8.3061128e-23 2.3888499e-25
1.5243019e+08 4.1315575e+17 1.201425e+09 1.5124325e+09 5e-22 8.2916209e-23 2.3955323e-25
1.5277407e+08 4.1356891e+17 1.199452e+09 1.5110069e+09 5e-22 8.2771614e-23 2.402234e-25
1.5311887e+08 4.1398247e+17 1.1974813e+09 1.5095808e+09 5e-22 8.2627345e-23 2.4089552e-25
1.5346458e+08 4.1439646e+17 1.195513e+09 1.5081542e+09 5e-22 8.2483399e-23 2.4156959e-25
1.5381121e+08 4.1481085e+17 1.1935471e+09 1.5067271e+09 5e-22 8.2339776e-23 2.4224561e-25
1.5415875e+08 4.1522566e+17 1.1915836e+09 1.5052995e+09 5e-22 8.2196475e-23 2.429236e-25
1.5450722e+08 4.1564089e+17 1.1896225e+09 1.5038714e+09 5e-22 8.2053496e-23 2.4360355e-25
1.5485661e+08 4.1605653e+17 1.1876637e+09 1.5024429e+09 5e-22 8.1910837e-23 2.4428548e-25
1.5520692e+08 4.1647259e+17 1.1857074e+09 1.5010138e+09 5e-22 8.1768498e-23 2.4496939e-25
1.5555817e+08 4.1688906e+17 1.1837534e+09 1.4995843e+09 5e-22 8.1626478e-23 2.4565528e-25
1.5591034e+08 4.1730595e+17 1.1818018e+09 1.4981543e+09 5e-22 8.1484776e-23 2.4634316e-25
1.5626345e+08 4.1772325e+17 1.1798526e+09 1.4967238e+09 5e-22 8.1343391e-23 2.4703304e-25
1.566175e+08 4.1814098e+17 1.1779058e+09 1.4952929e+09 5e-22 8.1202323e-23 2.4772492e-25
1.5697249e+08 4.1855912e+17 1.1759613e+09 1.4938615e+09 5e-22 8.1061571e-23 2.4841881e-25
1.5732842e+08 4.1897768e+17 1.1740193e+09 1.4924296e+09 5e-22 8.0921133e-23 2.4911472e-25
1.5768529e+08 4.1939666e+17 1.1720796e+09 1.4909973e+09 5e-22 8.078101e-23 2.4981265e-25
1.5804311e+08 4.1981605e+17 1.1701423e+09 1.4895646e+09 5e-22 8.06412e-23 2.5051261e-25
1.5840189e+08 4.2023587e+17 1.1682074e+09 1.4881314e+09 5e-22 8.0501702e-23 2.512146e-25
1.5876161e+08 4.206561e+17 1.1662748e+09 1.4866978e+09 5e-22 8.0362517e-23 2.5191863e-25
1.591223e+08 4.2107676e+17 1.1643446e+09 1.4852637e+09 5e-22 8.0223642e-23 2.526247e-25
1.5948394e+08 4.2149784e+17 1.1624169e+09 1.4838293e+09 5e-22 8.0085077e-23 2.5333283e-25
1.5984655e+08 4.2191933e+17 1.1604914e+09 1.4823943e+09 5e-22 7.9946822e-23 2.5404302e-25
1.6021011e+08 4.2234125e+17 1.1585684e+09 1.480959e+09 5e-22 7.9808876e-23 2.5475527e-25
1.6057465e+08 4.227636e+17 1.1566477e+09 1.4795233e+09 5e-22 7.9671237e-23 2.5546959e-25
1.6094016e+08 4.2318636e+17 1.1547294e+09 1.4780871e+09 5e-22 7.9533905e-23 2.5618599e-25
1.6130664e+08 4.2360955e+17 1.1528135e+09 1.4766506e+09 5e-22 7.939688e-23 2.5690448e-25
1.616741e+08 4.2403315e+17 1.1508999e+09 1.4752136e+09 5e-22 7.926016e-23 2.5762505e-25
1.6204253e+08 4.2445719e+17 1.1489887e+09 1.4737763e+09 5e-22 7.9123745e-23 2.5834772e-25
1.6241195e+08 4.2488165e+17 1.1470799e+09 1.4723385e+09 5e-22 7.8987634e-23 2.5907249e-25
1.6278235e+08 4.2530653e+17 1.1451734e+09 1.4709004e+09 5e-22 7.8851826e-23 2.5979937e-25
1.6315375e+08 4.2573183e+17 1.1432693e+09 1.4694619e+09 5e-22 7.8716321e-23 2.6052837e-25
1.6352613e+08 4.2615757e+17 1.1413675e+09 1.468023e+09 5e-22 7.8581117e-23 2.6125948e-25
1.638995e+08 4.2658372e+17 1.1394682e+09 1.4665837e+09 5e-22 7.8446214e-23 2.6199273e-25
1.6427387e+08 4.2701031e+17 1.1375712e+09 1.465144e+09 5e-22 7.8311611e-23 2.6272811e-25
1.6464924e+08 4.2743732e+17 1.1356765e+09 1.463704e+09 5e-22 7.8177308e-23 2.6346563e-25
1.6502561e+08 4.2786475e+17 1.1337842e+09 1.4622637e+09 5e-22 7.8043304e-23 2.642053e-25
1.6540299e+08 4.2829262e+17 1.1318943e+09 1.4608229e+09 5e-22 7.7909597e-23 2.6494712e-25
1.6578138e+08 4.2872091e+17 1.1300067e+09 1.4593818e+09 5e-22 7.7776187e-23 2.656911e-25
1.6616077e+08 4.2914963e+17 1.1281215e+09 1.4579404e+09 5e-22 7.7643074e-23 2.6643725e-25
1.6654119e+08 4.2957878e+17 1.1262387e+09 1.4564986e+09 5e-22 7.7510257e-23 2.6718557e-25
1.6692261e+08 4.3000836e+17 1.1243582e+09 1.4550565e+09 5e-22 7.7377735e-23 2.6793608e-25
1.6730506e+08 4.3043837e+17 1.12248e+09 1.4536141e+09 5e-22 7.7245506e-23 2.6868877e-25
1.6768853e+08 4.3086881e+17 1.1206043e+09 1.4521713e+09 5e-22 7.7113572e-23 2.6944365e-25
1.6807303e+08 4.3129968e+17 1.1187308e+09 1.4507282e+09 5e-22 7.6981929e-23 2.7020074e-25
1.6845855e+08 4.3173098e+17 1.1168597e+09 1.4492848e+09 5e-22 7.6850579e-23 2.7096003e-25
1.6884511e+08 4.3216271e+17 1.114991e+09 1.447841e+09 5e-22 7.671952e-23 2.7172153e-25
1.6923271e+08 4.3259487e+17 1.1131246e+09 1.4463969e+09 5e-22 7.6588752e-23 2.7248525e-25
1.6962134e+08 4.3302746e+17 1.1112606e+09 1.4449526e+09 5e-22 7.6458274e-23 2.732512e-25
1.7001101e+08 4.3346049e+17 1.1093989e+09 1.4435079e+09 5e-22 7.6328084e-23 2.7401939e-25
1.7040173e+08 4.3389395e+17 1.1075396e+09 1.4420629e+09 5e-22 7.6198183e-23 2.7478981e-25
1.7079349e+08 4.3432785e+17 1.1056826e+09 1.4406177e+09 5e-22 7.6068569e-23 2.7556248e-25
1.711863e+08 4.3476217e+17 1.1038279e+09 1.4391721e+09 5e-22 7.5939243e-23 2.7633741e-25
1.7158017e+08 4.3519694e+17 1.1019756e+09 1.4377262e+09 5e-22 7.5810202e-23 2.771146e-25
1.719751e+08 4.3563213e+17 1.1001257e+09 1.4362801e+09 5e-22 7.5681447e-23 2.7789405e-25
1.7237108e+08 4.3606777e+17 1.098278e+09 1.4348337e+09 5e-22 7.5552977e-23 2.7867578e-25
1.7276813e+08 4.3650383e+17 1.0964328e+09 1.433387e+09 5e-22 7.542479e-23 2.7945979e-25
1.7316624e+08 4.3694034e+17 1.0945898e+09 1.43194e+09 5e-22 7.5296887e-23 2.8024609e-25
1.7356542e+08 4.3737728e+17 1.0927492e+09 1.4304928e+09 5e-22 7.5169267e-23 2.8103469e-25
1.7396567e+08 4.3781465e+17 1.090911e+09 1.4290453e+09 5e-22 7.5041928e-23 2.8182558e-25
1.74367e+08 4.3825247e+17 1.089075e+09 1.4275976e+09 5e-22 7.4914871e-23 2.8261879e-25
1.7476941e+08 4.3869072e+17 1.0872415e+09 1.4261496e+09 5e-22 7.4788094e-23 2.8341431e-25
1.751729e+08 4.3912941e+17 1.0854102e+09 1.4247014e+09 5e-22 7.4661597e-23 2.8421216e-25
1.7557748e+08 4.3956854e+17 1.0835813e+09 1.4232529e+09 5e-22 7.4535379e-23 2.8501233e-25
1.7598314e+08 4.4000811e+17 1.0817547e+09 1.4218042e+09 5e-22 7.440944e-23 2.8581485e-25
1.7638989e+08 4.4044812e+17 1.0799304e+09 1.4203552e+09 5e-22 7.4283778e-23 2.8661971e-25
1.7679774e+08 4.4088857e+17 1.0781085e+09 1.418906e+09 5e-22 7.4158393e-23 2.8742692e-25
1.7720669e+08 4.4132946e+17 1.0762889e+09 1.4174566e+09 5e-22 7.4033284e-23 2.8823649e-25
1.7761674e+08 4.4177078e+17 1.0744716e+09 1.4160069e+09 5e-22 7.3908451e-23 2.8904843e-25
1.7802789e+08 4.4221256e+17 1.0726567e+09 1.4145571e+09 5e-22 7.3783893e-23 2.8986273e-25
1.7844015e+08 4.4265477e+17 1.070844e+09 1.413107e+09 5e-22 7.3659609e-23 2.9067942e-25
1.7885352e+08 4.4309742e+17 1.0690337e+09 1.4116567e+09 5e-22 7.3535599e-23 2.914985e-25
1.79268e+08 4.4354052e+17 1.0672258e+09 1.4102062e+09 5e-22 7.3411861e-23 2.9231997e-25
1.796836e+08 4.4398406e+17 1.0654201e+09 1.4087555e+09 5e-22 7.3288396e-23 2.9314385e-25
1.8010032e+08 4.4442804e+17 1.0636168e+09 1.4073046e+09 5e-22 7.3165202e-23 2.9397013e-25
1.8051817e+08 4.4487247e+17 1.0618158e+09 1.4058536e+09 5e-22 7.3042279e-23 2.9479884e-25
1.8093714e+08 4.4531735e+17 1.0600171e+09 1.4044023e+09 5e-22 7.2919626e-23 2.9562996e-25
1.8135725e+08 4.4576266e+17 1.0582207e+09 1.4029508e+09 5e-22 7.2797243e-23 2.9646352e-25
1.8177849e+08 4.4620843e+17 1.0564266e+09 1.4014992e+09 5e-22 7.2675128e-23 2.9729952e-25
1.8220086e+08 4.4665463e+17 1.0546349e+09 1.4000474e+09 5e-22 7.2553282e-23 2.9813796e-25
1.8262438e+08 4.4710129e+17 1.0528455e+09 1.3985954e+09 5e-22 7.2431703e-23 2.9897886e-25
1.8304904e+08 4.4754839e+17 1.0510583e+09 1.3971433e+09 5e-22 7.2310391e-23 2.9982222e-25
1.8347484e+08 4.4799594e+17 1.0492735e+09 1.3956909e+09 5e-22 7.2189345e-23 3.0066805e-25
1.839018e+08 4.4844393e+17 1.047491e+09 1.3942385e+09 5e-22 7.2068564e-23 3.0151635e-25
1.8432991e+08 4.4889238e+17 1.0457109e+09 1.3927858e+09 5e-22 7.1948048e-23 3.0236714e-25
1.8475918e+08 4.4934127e+17 1.043933e+09 1.3913331e+09 5e-22 7.1827797e-23 3.0322042e-25
1.8518962e+08 4.4979061e+17 1.0421574e+09 1.3898801e+09 5e-22 7.1707808e-23 3.040762e-25
1.8562121e+08 4.502404e+17 1.0403841e+09 1.3884271e+09 5e-22 7.1588083e-23 3.0493449e-25
1.8605397e+08 4.5069064e+17 1.0386132e+09 1.3869739e+09 5e-22 7.146862e-23 3.0579529e-25
1.8648791e+08 4.5114133e+17 1.0368445e+09 1.3855205e+09 5e-22 7.1349418e-23 3.0665861e-25
1.8692302e+08 4.5159247e+17 1.0350782e+09 1.384067e+09 5e-22 7.1230477e-23 3.0752446e-25
1.8735931e+08 4.5204407e+17 1.0333141e+09 1.3826135e+09 5e-22 7.1111797e-23 3.0839285e-25
1.8779678e+08 4.5249611e+17 1.0315524e+09 1.3811597e+09 5e-22 7.0993376e-23 3.0926379e-25
1.8823543e+08 4.5294861e+17 1.0297929e+09 1.3797059e+09 5e-22 7.0875214e-23 3.1013728e-25
1.8867528e+08 4.5340156e+17 1.0280357e+09 1.378252e+09 5e-22 7.075731e-23 3.1101333e-25
1.8911631e+08 4.5385496e+17 1.0262809e+09 1.3767979e+09 5e-22 7.0639664e-23 3.1189195e-25
1.8955855e+08 4.5430881e+17 1.0245283e+09 1.3753437e+09 5e-22 7.0522274e-23 3.1277314e-25
1.9000198e+08 4.5476312e+17 1.022778e+09 1.3738895e+09 5e-22 7.0405142e-23 3.1365692e-25
1.9044661e+08 4.5521788e+17 1.02103e+09 1.3724351e+09 5e-22 7.0288264e-23 3.1454329e-25
1.9089246e+08 4.556731e+17 1.0192844e+09 1.3709807e+09 5e-22 7.0171642e-23 3.1543227e-25
1.9133951e+08 4.5612878e+17 1.017541e+09 1.3695261e+09 5e-22 7.0055275e-23 3.1632385e-25
1.9178777e+08 4.565849e+17 1.0157998e+09 1.3680715e+09 5e-22 6.9939161e-23 3.1721804e-25
1.9223726e+08 4.5704149e+17 1.014061e+09 1.3666168e+09 5e-22 6.9823301e-23 3.1811486e-25
1.9268796e+08 4.5749853e+17 1.0123245e+09 1.365162e+09 5e-22 6.9707692e-23 3.1901431e-25
1.9313989e+08 4.5795603e+17 1.0105902e+09 1.3637072e+09 5e-22 6.9592336e-23 3.1991641e-25
1.9359305e+08 4.5841399e+17 1.0088583e+09 1.3622523e+09 5e-22 6.9477232e-23 3.2082115e-25
1.9404744e+08 4.588724e+17 1.0071286e+09 1.3607973e+09 5e-22 6.9362378e-23 3.2172854e-25
1.9450306e+08 4.5933127e+17 1.0054012e+09 1.3593423e+09 5e-22 6.9247773e-23 3.226386e-25
1.9495992e+08 4.597906e+17 1.003676e+09 1.3578872e+09 5e-22 6.9133419e-23 3.2355134e-25
1.9541803e+08 4.6025039e+17 1.0019532e+09 1.356432e+09 5e-22 6.9019313e-23 3.2446675e-25
1.9587738e+08 4.6071064e+17 1.0002326e+09 1.3549768e+09 5e-22 6.8905456e-23 3.2538485e-25
1.9633799e+08 4.6117135e+17 9.9851433e+08 1.3535216e+09 5e-22 6.8791846e-23 3.2630565e-25
1.9679985e+08 4.6163253e+17 9.9679832e+08 1.3520663e+09 5e-22 6.8678483e-23 3.2722916e-25
1.9726296e+08 4.6209416e+17 9.9508457e+08 1.350611e+09 5e-22 6.8565366e-23 3.2815538e-25
1.9772734e+08 4.6255625e+17 9.933731e+08 1.3491557e+09 5e-22 6.8452495e-23 3.2908432e-25
1.9819298e+08 4.6301881e+17 9.916639e+08 1.3477003e+09 5e-22 6.8339869e-23 3.3001599e-25
1.9865989e+08 4.6348183e+17 9.8995696e+08 1.3462449e+09 5e-22 6.8227488e-23 3.309504e-25
1.9912807e+08 4.6394531e+17 9.882523e+08 1.3447895e+09 5e-22 6.8115351e-23 3.3188756e-25
1.9959753e+08 4.6440925e+17 9.865499e+08 1.3433341e+09 5e-22 6.8003457e-23 3.3282747e-25
2.0006828e+08 4.6487366e+17 9.8484977e+08 1.3418786e+09 5e-22 6.7891805e-23 3.3377015e-25
2.005403e+08 4.6533854e+17 9.8315191e+08 1.3404232e+09 5e-22 6.7780396e-23 3.347156e-25
2.0101361e+08 4.6580388e+17 9.814563e+08 1.3389678e+09 5e-22 6.7669229e-23 3.3566382e-25
2.0148822e+08 4.6626968e+17 9.7976296e+08 1.3375123e+09 5e-22 6.7558302e-23 3.3661484e-25
2.0196412e+08 4.6673595e+17 9.7807188e+08 1.3360569e+09 5e-22 6.7447616e-23 3.3756866e-25
2.0244132e+08 4.6720269e+17 9.7638306e+08 1.3346015e+09 5e-22 6.7337169e-23 3.3852528e-25
2.0291982e+08 4.6766989e+17 9.7469649e+08 1.333146e+09 5e-22 6.7226962e-23 3.3948472e-25
2.0339963e+08 4.6813756e+17 9.7301218e+08 1.3316906e+09 5e-22 6.7116993e-23 3.4044698e-25
2.0388075e+08 4.686057e+17 9.7133013e+08 1.3302353e+09 5e-22 6.7007262e-23 3.4141207e-25
2.0436319e+08 4.690743e+17 9.6965033e+08 1.3287799e+09 5e-22 6.6897768e-23 3.4238001e-25
2.0484695e+08 4.6954338e+17 9.6797279e+08 1.3273246e+09 5e-22 6.6788511e-23 3.4335079e-25
2.0533203e+08 4.7001292e+17 9.6629749e+08 1.3258693e+09 5e-22 6.6679491e-23 3.4432443e-25
2.0581843e+08 4.7048293e+17 9.6462444e+08 1.3244141e+09 5e-22 6.6570706e-23 3.4530094e-25
2.0630617e+08 4.7095341e+17 9.6295365e+08 1.3229589e+09 5e-22 6.6462156e-23 3.4628033e-25
2.0679524e+08 4.7142437e+17 9.612851e+08 1.3215037e+09 5e-22 6.635384e-23 3.472626e-25
2.0728565e+08 4.7189579e+17 9.5961879e+08 1.3200486e+09 5e-22 6.6245759e-23 3.4824776e-25
2.0777741e+08 4.7236769e+17 9.5795473e+08 1.3185935e+09 5e-22 6.613791e-23 3.4923582e-25
2.0827051e+08 4.7284006e+17 9.5629291e+08 1.3171385e+09 5e-22 6.6030295e-23 3.502268e-25
2.0876496e+08 4.733129e+17 9.5463334e+08 1.3156836e+09 5e-22 6.5922911e-23 3.512207e-25
2.0926076e+08 4.7378621e+17 9.52976e+08 1.3142287e+09 5e-22 6.581576e-23 3.5221752e-25
2.0975793e+08 4.7426e+17 9.513209e+08 1.3127739e+09 5e-22 6.5708839e-23 3.5321729e-25
2.1025646e+08 4.7473426e+17 9.4966804e+08 1.3113192e+09 5e-22 6.5602148e-23 3.5422e-25
2.1075635e+08 4.7520899e+17 9.4801742e+08 1.3098645e+09 5e-22 6.5495688e-23 3.5522567e-25
2.1125762e+08 4.756842e+17 9.4636903e+08 1.30841e+09 5e-22 6.5389457e-23 3.562343e-25
2.1176026e+08 4.7615988e+17 9.4472288e+08 1.3069555e+09 5e-22 6.5283454e-23 3.5724591e-25
2.1226428e+08 4.7663604e+17 9.4307895e+08 1.3055011e+09 5e-22 6.517768e-23 3.582605e-25
2.1276968e+08 4.7711268e+17 9.4143726e+08 1.3040467e+09 5e-22 6.5072133e-23 3.5927808e-25
2.1327647e+08 4.7758979e+17 9.3979779e+08 1.3025925e+09 5e-22 6.4966813e-23 3.6029867e-25
2.1378466e+08 4.7806738e+17 9.3816056e+08 1.3011384e+09 5e-22 6.486172e-23 3.6132226e-25
2.1429424e+08 4.7854545e+17 9.3652554e+08 1.2996844e+09 5e-22 6.4756853e-23 3.6234888e-25
2.1480522e+08 4.7902399e+17 9.3489276e+08 1.2982305e+09 5e-22 6.4652211e-23 3.6337853e-25
2.153176e+08 4.7950302e+17 9.332622e+08 1.2967767e+09 5e-22 6.4547794e-23 3.6441121e-25
2.1583139e+08 4.7998252e+17 9.3163385e+08 1.295323e+09 5e-22 6.4443601e-23 3.6544694e-25
2.163466e+08 4.804625e+17 9.3000773e+08 1.2938695e+09 5e-22 6.4339632e-23 3.6648574e-25
2.1686322e+08 4.8094297e+17 9.2838383e+08 1.2924161e+09 5e-22 6.4235886e-23 3.6752759e-25
2.1738126e+08 4.8142391e+17 9.2676215e+08 1.2909628e+09 5e-22 6.4132363e-23 3.6857253e-25
2.1790073e+08 4.8190533e+17 9.2514268e+08 1.2895096e+09 5e-22 6.4029062e-23 3.6962055e-25
2.1842163e+08 4.8238724e+17 9.2352543e+08 1.2880565e+09 5e-22 6.3925982e-23 3.7067166e-25
2.1894396e+08 4.8286963e+17 9.2191039e+08 1.2866036e+09 5e-22 6.3823124e-23 3.7172588e-25
2.1946773e+08 4.833525e+17 9.2029756e+08 1.2851509e+09 5e-22 6.3720485e-23 3.7278322e-25
2.1999295e+08 4.8383585e+17 9.1868694e+08 1.2836983e+09 5e-22 6.3618067e-23 3.7384368e-25
2.2051961e+08 4.8431968e+17 9.1707854e+08 1.2822458e+09 5e-22 6.3515868e-23 3.7490727e-25
2.2104772e+08 4.84804e+17 9.1547233e+08 1.2807935e+09 5e-22 6.3413888e-23 3.75974e-25
2.2157729e+08 4.8528881e+17 9.1386834e+08 1.2793414e+09 5e-22 6.3312126e-23 3.7704389e-25
2.2210831e+08 4.857741e+17 9.1226655e+08 1.2778894e+09 5e-22 6.3210582e-23 3.7811694e-25
2.226408e+08 4.8625987e+17 9.1066696e+08 1.2764376e+09 5e-22 6.3109255e-23 3.7919316e-25
2.2317476e+08 4.8674613e+17 9.0906958e+08 1.2749859e+09 5e-22 6.3008145e-23 3.8027257e-25
2.237102e+08 4.8723288e+17 9.0747439e+08 1.2735344e+09 5e-22 6.2907251e-23 3.8135517e-25
2.2424711e+08 4.8772011e+17 9.0588141e+08 1.2720831e+09 5e-22 6.2806572e-23 3.8244096e-25
2.247855e+08 4.8820783e+17 9.0429062e+08 1.270632e+09 5e-22 6.2706109e-23 3.8352997e-25
2.2532538e+08 4.8869604e+17 9.0270202e+08 1.2691811e+09 5e-22 6.260586e-23 3.8462221e-25
2.2586675e+08 4.8918473e+17 9.0111562e+08 1.2677303e+09 5e-22 6.2505825e-23 3.8571767e-25
2.2640962e+08 4.8967392e+17 8.9953142e+08 1.2662797e+09 5e-22 6.2406004e-23 3.8681637e-25
2.2695398e+08 4.9016359e+17 8.979494e+08 1.2648294e+09 5e-22 6.2306396e-23 3.8791833e-25
2.2749985e+08 4.9065376e+17 8.9636958e+08 1.2633792e+09 5e-22 6.2207e-23 3.8902354e-25
2.2804723e+08 4.9114441e+17 8.9479194e+08 1.2619293e+09 5e-22 6.2107816e-23 3.9013203e-25
2.2859612e+08 4.9163555e+17 8.9321649e+08 1.2604795e+09 5e-22 6.2008844e-23 3.912438e-25
2.2914653e+08 4.9212719e+17 8.9164323e+08 1.25903e+09 5e-22 6.1910082e-23 3.9235886e-25
2.2969847e+08 4.9261932e+17 8.9007215e+08 1.2575806e+09 5e-22 6.1811531e-23 3.9347722e-25
2.3025193e+08 4.9311194e+17 8.8850325e+08 1.2561315e+09 5e-22 6.171319e-23 3.9459889e-25
2.3080692e+08 4.9360505e+17 8.8693653e+08 1.2546826e+09 5e-22 6.1615058e-23 3.9572389e-25
2.3136345e+08 4.9409865e+17 8.8537199e+08 1.2532339e+09 5e-22 6.1517135e-23 3.9685222e-25
2.3192152e+08 4.9459275e+17 8.8380963e+08 1.2517855e+09 5e-22 6.1419421e-23 3.9798389e-25
2.3248113e+08 4.9508734e+17 8.8224945e+08 1.2503373e+09 5e-22 6.1321914e-23 3.9911891e-25
2.330423e+08 4.9558243e+17 8.8069144e+08 1.2488893e+09 5e-22 6.1224615e-23 4.002573e-25
2.3360501e+08 4.9607801e+17 8.791356e+08 1.2474416e+09 5e-22 6.1127522e-23 4.0139906e-25
2.3416929e+08 4.9657409e+17 8.7758194e+08 1.2459941e+09 5e-22 6.1030636e-23 4.025442e-25
2.3473514e+08 4.9707067e+17 8.7603044e+08 1.2445469e+09 5e-22 6.0933955e-23 4.0369274e-25
2.3530255e+08 4.9756774e+17 8.7448112e+08 1.2430999e+09 5e-22 6.083748e-23 4.0484468e-25
2.3587154e+08 4.980653e+17 8.7293396e+08 1.2416531e+09 5e-22 6.074121e-23 4.0600004e-25
2.364421e+08 4.9856337e+17 8.7138896e+08 1.2402067e+09 5e-22 6.0645143e-23 4.0715882e-25
2.3701425e+08 4.9906193e+17 8.6984614e+08 1.2387604e+09 5e-22 6.0549281e-23 4.0832104e-25
2.3758798e+08 4.9956099e+17 8.6830547e+08 1.2373145e+09 5e-22 6.0453622e-23 4.0948671e-25
2.3816331e+08 5.0006056e+17 8.6676696e+08 1.2358688e+09 5e-22 6.0358166e-23 4.1065583e-25
2.3874024e+08 5.0056062e+17 8.6523062e+08 1.2344234e+09 5e-22 6.0262912e-23 4.1182842e-25
2.3931877e+08 5.0106118e+17 8.6369643e+08 1.2329783e+09 5e-22 6.016786e-23 4.130045e-25
2.398989e+08 5.0156224e+17 8.621644e+08 1.2315334e+09 5e-22 6.007301e-23 4.1418406e-25
2.4048065e+08 5.020638e+17 8.6063452e+08 1.2300888e+09 5e-22 5.997836e-23 4.1536712e-25
2.4106402e+08 5.0256586e+17 8.5910679e+08 1.2286445e+09 5e-22 5.9883911e-23 4.1655369e-25
2.41649e+08 5.0306843e+17 8.5758122e+08 1.2272005e+09 5e-22 5.9789661e-23 4.1774379e-25
2.4223562e+08 5.035715e+17 8.560578e+08 1.2257568e+09 5e-22 5.9695611e-23 4.1893742e-25
2.4282386e+08 5.0407507e+17 8.5453652e+08 1.2243134e+09 5e-22 5.960176e-23 4.2013459e-25
2.4341374e+08 5.0457914e+17 8.530174e+08 1.2228703e+09 5e-22 5.9508107e-23 4.2133532e-25
2.4400526e+08 5.0508372e+17 8.5150041e+08 1.2214275e+09 5e-22 5.9414652e-23 4.2253961e-25
2.4459843e+08 5.0558881e+17 8.4998558e+08 1.219985e+09 5e-22 5.9321394e-23 4.2374748e-25
2.4519325e+08 5.060944e+17 8.4847288e+08 1.2185428e+09 5e-22 5.9228334e-23 4.2495894e-25
2.4578973e+08 5.0660049e+17 8.4696232e+08 1.217101e+09 5e-22 5.913547e-23 4.26174e-25
2.4638787e+08 5.0710709e+17 8.4545391e+08 1.2156594e+09 5e-22 5.9042802e-23 4.2739266e-25
2.4698767e+08 5.076142e+17 8.4394763e+08 1.2142182e+09 5e-22 5.8950329e-23 4.2861495e-25
2.4758915e+08 5.0812181e+17 8.4244348e+08 1.2127773e+09 5e-22 5.8858052e-23 4.2984087e-25
2.481923e+08 5.0862993e+17 8.4094147e+08 1.2113367e+09 5e-22 5.8765969e-23 4.3107044e-25
2.4879714e+08 5.0913856e+17 8.394416e+08 1.2098965e+09 5e-22 5.867408e-23 4.3230366e-25
2.4940366e+08 5.096477e+17 8.3794385e+08 1.2084566e+09 5e-22 5.8582385e-23 4.3354054e-25
2.5001187e+08 5.1015735e+17 8.3644823e+08 1.207017e+09 5e-22 5.8490883e-23 4.3478111e-25
2.5062178e+08 5.1066751e+17 8.3495475e+08 1.2055778e+09 5e-22 5.8399574e-23 4.3602536e-25
2.5123339e+08 5.1117818e+17 8.3346338e+08 1.2041389e+09 5e-22 5.8308457e-23 4.3727331e-25
2.5184671e+08 5.1168935e+17 8.3197415e+08 1.2027004e+09 5e-22 5.8217532e-23 4.3852498e-25
2.5246174e+08 5.1220104e+17 8.3048703e+08 1.2012622e+09 5e-22 5.8126798e-23 4.3978037e-25
2.5307849e+08 5.1271324e+17 8.2900204e+08 1.1998244e+09 5e-22 5.8036255e-23 4.4103949e-25
2.5369696e+08 5.1322596e+17 8.2751916e+08 1.1983869e+09 5e-22 5.7945902e-23 4.4230236e-25
2.5431715e+08 5.1373918e+17 8.2603841e+08 1.1969498e+09 5e-22 5.785574e-23 4.4356899e-25
2.5493909e+08 5.1425292e+17 8.2455977e+08 1.1955131e+09 5e-22 5.7765766e-23 4.4483939e-25
2.5556275e+08 5.1476718e+17 8.2308324e+08 1.1940767e+09 5e-22 5.7675982e-23 4.4611357e-25
2.5618817e+08 5.1528194e+17 8.2160883e+08 1.1926408e+09 5e-22 5.7586386e-23 4.4739154e-25
2.5681533e+08 5.1579722e+17 8.2013653e+08 1.1912052e+09 5e-22 5.7496979e-23 4.4867331e-25
2.5744425e+08 5.1631302e+17 8.1866635e+08 1.1897699e+09 5e-22 5.7407758e-23 4.4995891e-25
2.5807492e+08 5.1682933e+17 8.1719826e+08 1.1883351e+09 5e-22 5.7318726e-23 4.5124833e-25
2.5870736e+08 5.1734616e+17 8.1573229e+08 1.1869006e+09 5e-22 5.7229879e-23 4.5254159e-25
2.5934157e+08 5.1786351e+17 8.1426842e+08 1.1854666e+09 5e-22 5.7141219e-23 4.5383871e-25
2.5997756e+08 5.1838137e+17 8.1280666e+08 1.1840329e+09 5e-22 5.7052745e-23 4.5513968e-25
2.6061533e+08 5.1889976e+17 8.1134699e+08 1.1825996e+09 5e-22 5.6964457e-23 4.5644454e-25
2.6125488e+08 5.1941865e+17 8.0988943e+08 1.1811667e+09 5e-22 5.6876353e-23 4.5775328e-25
2.6189623e+08 5.1993807e+17 8.0843396e+08 1.1797343e+09 5e-22 5.6788433e-23 4.5906592e-25
2.6253937e+08 5.2045801e+17 8.0698059e+08 1.1783022e+09 5e-22 5.6700698e-23 4.6038248e-25
2.6318431e+08 5.2097847e+17 8.0552932e+08 1.1768706e+09 5e-22 5.6613146e-23 4.6170296e-25
2.6383107e+08 5.2149945e+17 8.0408014e+08 1.1754393e+09 5e-22 5.6525778e-23 4.6302738e-25
2.6447963e+08 5.2202095e+17 8.0263305e+08 1.1740085e+09 5e-22 5.6438592e-23 4.6435574e-25
2.6513002e+08 5.2254297e+17 8.0118806e+08 1.1725781e+09 5e-22 5.6351588e-23 4.6568807e-25
2.6578223e+08 5.2306551e+17 7.9974515e+08 1.1711481e+09 5e-22 5.6264766e-23 4.6702436e-25
2.6643627e+08 5.2358858e+17 7.9830433e+08 1.1697186e+09 5e-22 5.6178125e-23 4.6836465e-25
2.6709214e+08 5.2411217e+17 7.9686559e+08 1.1682895e+09 5e-22 5.6091666e-23 4.6970893e-25
2.6774986e+08 5.2463628e+17 7.9542894e+08 1.1668608e+09 5e-22 5.6005387e-23 4.7105722e-25
2.6840943e+08 5.2516091e+17 7.9399437e+08 1.1654325e+09 5e-22 5.5919288e-23 4.7240954e-25
2.6907084e+08 5.2568608e+17 7.9256187e+08 1.1640047e+09 5e-22 5.5833368e-23 4.7376589e-25
2.6973412e+08 5.2621176e+17 7.9113146e+08 1.1625774e+09 5e-22 5.5747628e-23 4.7512629e-25
2.7039925e+08 5.2673797e+17 7.8970313e+08 1.1611504e+09 5e-22 5.5662067e-23 4.7649075e-25
2.7106626e+08 5.2726471e+17 7.8827687e+08 1.159724e+09 5e-22 5.5576683e-23 4.7785928e-25
2.7173514e+08 5.2779198e+17 7.8685268e+08 1.158298e+09 5e-22 5.5491478e-23 4.792319e-25
2.7240591e+08 5.2831977e+17 7.8543056e+08 1.1568724e+09 5e-22 5.540645e-23 4.8060862e-25
2.7307856e+08 5.2884809e+17 7.8401052e+08 1.1554473e+09 5e-22 5.53216e-23 4.8198944e-25
2.737531e+08 5.2937694e+17 7.8259254e+08 1.1540227e+09 5e-22 5.5236925e-23 4.8337439e-25
2.7442954e+08 5.2990631e+17 7.8117663e+08 1.1525985e+09 5e-22 5.5152428e-23 4.8476348e-25
2.7510788e+08 5.3043622e+17 7.7976279e+08 1.1511748e+09 5e-22 5.5068105e-23 4.8615672e-25
2.7578814e+08 5.3096665e+17 7.7835101e+08 1.1497516e+09 5e-22 5.4983959e-23 4.8755412e-25
2.7647031e+08 5.3149762e+17 7.7694129e+08 1.1483288e+09 5e-22 5.4899987e-23 4.8895569e-25
2.771544e+08 5.3202912e+17 7.7553363e+08 1.1469065e+09 5e-22 5.4816189e-23 4.9036146e-25
2.7784041e+08 5.3256115e+17 7.7412803e+08 1.1454847e+09 5e-22 5.4732566e-23 4.9177142e-25
2.7852836e+08 5.3309371e+17 7.7272449e+08 1.1440634e+09 5e-22 5.4649116e-23 4.931856e-25
2.7921825e+08 5.336268e+17 7.71323e+08 1.1426426e+09 5e-22 5.456584e-23 4.9460401e-25
2.7991008e+08 5.3416043e+17 7.6992356e+08 1.1412223e+09 5e-22 5.4482736e-23 4.9602666e-25
2.8060387e+08 5.3469459e+17 7.6852617e+08 1.1398025e+09 5e-22 5.4399805e-23 4.9745356e-25
2.8129961e+08 5.3522928e+17 7.6713084e+08 1.1383831e+09 5e-22 5.4317046e-23 4.9888472e-25
2.8199731e+08 5.3576451e+17 7.6573755e+08 1.1369643e+09 5e-22 5.4234458e-23 5.0032017e-25
2.8269698e+08 5.3630028e+17 7.6434631e+08 1.135546e+09 5e-22 5.4152042e-23 5.0175991e-25
2.8339863e+08 5.3683658e+17 7.6295712e+08 1.1341282e+09 5e-22 5.4069796e-23 5.0320396e-25
2.8410225e+08 5.3737342e+17 7.6156996e+08 1.1327108e+09 5e-22 5.398772e-23 5.0465233e-25
2.8480787e+08 5.3791079e+17 7.6018485e+08 1.131294e+09 5e-22 5.3905815e-23 5.0610503e-25
2.8551547e+08 5.384487e+17 7.5880178e+08 1.1298778e+09 5e-22 5.3824079e-23 5.0756209e-25
2.8622508e+08 5.3898715e+17 7.5742074e+08 1.128462e+09 5e-22 5.3742512e-23 5.090235e-25
2.8693668e+08 5.3952614e+17 7.5604174e+08 1.1270468e+09 5e-22 5.3661114e-23 5.1048928e-25
2.876503e+08 5.4006566e+17 7.5466478e+08 1.125632e+09 5e-22 5.3579885e-23 5.1195946e-25
2.8836594e+08 5.4060573e+17 7.5328985e+08 1.1242179e+09 5e-22 5.3498823e-23 5.1343403e-25
2.890836e+08 5.4114633e+17 7.5191695e+08 1.1228042e+09 5e-22 5.3417928e-23 5.1491302e-25
2.8980329e+08 5.4168748e+17 7.5054607e+08 1.1213911e+09 5e-22 5.3337201e-23 5.1639644e-25
2.9052501e+08 5.4222917e+17 7.4917723e+08 1.1199785e+09 5e-22 5.3256641e-23 5.178843e-25
2.9124878e+08 5.427714e+17 7.4781041e+08 1.1185665e+09 5e-22 5.3176246e-23 5.1937662e-25
2.9197459e+08 5.4331417e+17 7.4644561e+08 1.117155e+09 5e-22 5.3096018e-23 5.2087341e-25
2.9270246e+08 5.4385748e+17 7.4508284e+08 1.115744e+09 5e-22 5.3015955e-23 5.2237469e-25
2.9343239e+08 5.4440134e+17 7.4372209e+08 1.1143336e+09 5e-22 5.2936058e-23 5.2388046e-25
2.9416439e+08 5.4494574e+17 7.4236335e+08 1.1129238e+09 5e-22 5.2856325e-23 5.2539075e-25
2.9489846e+08 5.4549069e+17 7.4100664e+08 1.1115145e+09 5e-22 5.2776756e-23 5.2690556e-25
2.956346e+08 5.4603618e+17 7.3965193e+08 1.1101058e+09 5e-22 5.2697351e-23 5.2842491e-25
2.9637284e+08 5.4658221e+17 7.3829924e+08 1.1086976e+09 5e-22 5.261811e-23 5.2994882e-25
2.9711316e+08 5.471288e+17 7.3694857e+08 1.10729e+09 5e-22 5.2539032e-23 5.314773e-25
2.9785559e+08 5.4767592e+17 7.355999e+08 1.105883e+09 5e-22 5.2460117e-23 5.3301036e-25
2.9860012e+08 5.482236e+17 7.3425324e+08 1.1044765e+09 5e-22 5.2381364e-23 5.3454802e-25
2.9934676e+08 5.4877182e+17 7.3290859e+08 1.1030706e+09 5e-22 5.2302773e-23 5.3609029e-25
3.0009552e+08 5.493206e+17 7.3156594e+08 1.1016653e+09 5e-22 5.2224344e-23 5.3763719e-25
3.008464e+08 5.4986992e+17 7.3022529e+08 1.1002605e+09 5e-22 5.2146075e-23 5.3918872e-25
3.0159941e+08 5.5041979e+17 7.2888665e+08 1.0988564e+09 5e-22 5.2067968e-23 5.4074492e-25
3.0235457e+08 5.5097021e+17 7.2755e+08 1.0974528e+09 5e-22 5.1990021e-23 5.4230578e-25
3.0311186e+08 5.5152118e+17 7.2621535e+08 1.0960499e+09 5e-22 5.1912234e-23 5.4387133e-25
3.0387131e+08 5.520727e+17 7.248827e+08 1.0946475e+09 5e-22 5.1834607e-23 5.4544157e-25
3.0463291e+08 5.5262477e+17 7.2355204e+08 1.0932457e+09 5e-22 5.1757139e-23 5.4701653e-25
3.0539668e+08 5.5317739e+17 7.2222338e+08 1.0918445e+09 5e-22 5.167983e-23 5.4859622e-25
3.0616261e+08 5.5373057e+17 7.208967e+08 1.0904439e+09 5e-22 5.160268e-23 5.5018065e-25
3.0693073e+08 5.542843e+17 7.1957202e+08 1.0890439e+09 5e-22 5.1525688e-23 5.5176984e-25
3.0770102e+08 5.5483859e+17 7.1824932e+08 1.0876445e+09 5e-22 5.1448853e-23 5.533638e-25
3.0847351e+08 5.5539343e+17 7.169286e+08 1.0862457e+09 5e-22 5.1372176e-23 5.5496255e-25
3.092482e+08 5.5594882e+17 7.1560987e+08 1.0848476e+09 5e-22 5.1295656e-23 5.5656611e-25
3.1002508e+08 5.5650477e+17 7.1429312e+08 1.08345e+09 5e-22 5.1219293e-23 5.5817448e-25
3.1080418e+08 5.5706127e+17 7.1297835e+08 1.0820531e+09 5e-22 5.1143085e-23 5.5978768e-25
3.115855e+08 5.5761833e+17 7.1166556e+08 1.0806568e+09 5e-22 5.1067034e-23 5.6140573e-25
3.1236904e+08 5.5817595e+17 7.1035474e+08 1.0792611e+09 5e-22 5.0991138e-23 5.6302864e-25
3.1315481e+08 5.5873413e+17 7.090459e+08 1.077866e+09 5e-22 5.0915398e-23 5.6465644e-25
3.1394282e+08 5.5929286e+17 7.0773903e+08 1.0764716e+09 5e-22 5.0839812e-23 5.6628912e-25
3.1473307e+08 5.5985216e+17 7.0643413e+08 1.0750778e+09 5e-22 5.0764381e-23 5.6792672e-25
3.1552557e+08 5.6041201e+17 7.051312e+08 1.0736846e+09 5e-22 5.0689103e-23 5.6956923e-25
3.1632034e+08 5.6097242e+17 7.0383024e+08 1.0722921e+09 5e-22 5.061398e-23 5.7121669e-25
3.1711737e+08 5.6153339e+17 7.0253124e+08 1.0709002e+09 5e-22 5.053901e-23 5.728691e-25
3.1791667e+08 5.6209493e+17 7.0123421e+08 1.0695089e+09 5e-22 5.0464192e-23 5.7452649e-25
3.1871825e+08 5.6265702e+17 6.9993914e+08 1.0681183e+09 5e-22 5.0389528e-23 5.7618885e-25
3.1952211e+08 5.6321968e+17 6.9864603e+08 1.0667283e+09 5e-22 5.0315015e-23 5.7785622e-25
3.2032827e+08 5.637829e+17 6.9735488e+08 1.065339e+09 5e-22 5.0240655e-23 5.7952861e-25
3.2113673e+08 5.6434668e+17 6.9606568e+08 1.0639504e+09 5e-22 5.0166445e-23 5.8120603e-25
3.219475e+08 5.6491103e+17 6.9477844e+08 1.0625624e+09 5e-22 5.0092388e-23 5.828885e-25
3.2276058e+08 5.6547594e+17 6.9349315e+08 1.061175e+09 5e-22 5.001848e-23 5.8457603e-25
3.2357598e+08 5.6604141e+17 6.9220981e+08 1.0597884e+09 5e-22 4.9944724e-23 5.8626865e-25
3.2439371e+08 5.6660745e+17 6.9092842e+08 1.0584023e+09 5e-22 4.9871117e-23 5.8796636e-25
3.2521378e+08 5.6717406e+17 6.8964898e+08 1.057017e+09 5e-22 4.979766e-23 5.8966918e-25
3.2603619e+08 5.6774124e+17 6.8837148e+08 1.0556323e+09 5e-22 4.9724353e-23 5.9137713e-25
3.2686095e+08 5.6830898e+17 6.8709593e+08 1.0542483e+09 5e-22 4.9651194e-23 5.9309022e-25
3.2768806e+08 5.6887729e+17 6.8582232e+08 1.052865e+09 5e-22 4.9578184e-23 5.9480848e-25
3.2851755e+08 5.6944616e+17 6.8455065e+08 1.0514823e+09 5e-22 4.9505323e-23 5.9653191e-25
3.293494e+08 5.7001561e+17 6.8328092e+08 1.0501004e+09 5e-22 4.9432609e-23 5.9826053e-25
3.3018363e+08 5.7058563e+17 6.8201312e+08 1.0487191e+09 5e-22 4.9360043e-23 5.9999437e-25
3.3102025e+08 5.7115621e+17 6.8074726e+08 1.0473385e+09 5e-22 4.9287624e-23 6.0173342e-25
3.3185927e+08 5.7172737e+17 6.7948333e+08 1.0459586e+09 5e-22 4.9215352e-23 6.0347772e-25
3.3270068e+08 5.7229909e+17 6.7822134e+08 1.0445793e+09 5e-22 4.9143227e-23 6.0522728e-25
3.335445e+08 5.7287139e+17 6.7696127e+08 1.0432008e+09 5e-22 4.9071248e-23 6.0698211e-25
3.3439074e+08 5.7344427e+17 6.7570313e+08 1.041823e+09 5e-22 4.8999415e-23 6.0874223e-25
3.3523941e+08 5.7401771e+17 6.7444691e+08 1.0404458e+09 5e-22 4.8927727e-23 6.1050767e-25
3.360905e+08 5.7459173e+17 6.7319262e+08 1.0390694e+09 5e-22 4.8856184e-23 6.1227842e-25
3.3694403e+08 5.7516632e+17 6.7194025e+08 1.0376937e+09 5e-22 4.8784787e-23 6.1405452e-25
3.3780001e+08 5.7574149e+17 6.7068981e+08 1.0363187e+09 5e-22 4.8713534e-23 6.1583597e-25
3.3865844e+08 5.7631723e+17 6.6944127e+08 1.0349444e+09 5e-22 4.8642425e-23 6.176228e-25
3.3951934e+08 5.7689354e+17 6.6819466e+08 1.0335708e+09 5e-22 4.8571459e-23 6.1941502e-25
3.403827e+08 5.7747044e+17 6.6694996e+08 1.0321979e+09 5e-22 4.8500638e-23 6.2121264e-25
3.4124854e+08 5.7804791e+17 6.6570717e+08 1.0308257e+09 5e-22 4.8429959e-23 6.230157e-25
3.4211686e+08 5.7862596e+17 6.644663e+08 1.0294543e+09 5e-22 4.8359423e-23 6.2482419e-25
3.4298767e+08 5.7920458e+17 6.6322733e+08 1.0280835e+09 5e-22 4.828903e-23 6.2663815e-25
3.4386098e+08 5.7978379e+17 6.6199027e+08 1.0267135e+09 5e-22 4.8218778e-23 6.2845758e-25
3.447368e+08 5.8036357e+17 6.6075511e+08 1.0253443e+09 5e-22 4.8148669e-23 6.302825e-25
3.4561514e+08 5.8094393e+17 6.5952186e+08 1.0239757e+09 5e-22 4.8078701e-23 6.3211294e-25
3.4649599e+08 5.8152488e+17 6.5829051e+08 1.0226079e+09 5e-22 4.8008874e-23 6.339489e-25
3.4737938e+08 5.821064e+17 6.5706106e+08 1.0212408e+09 5e-22 4.7939188e-23 6.3579041e-25
3.482653e+08 5.8268851e+17 6.5583351e+08 1.0198745e+09 5e-22 4.7869642e-23 6.3763748e-25
3.4915377e+08 5.832712e+17 6.5460785e+08 1.0185089e+09 5e-22 4.7800236e-23 6.3949014e-25
3.500448e+08 5.8385447e+17 6.5338409e+08 1.017144e+09 5e-22 4.773097e-23 6.4134839e-25
3.5093838e+08 5.8443832e+17 6.5216222e+08 1.0157799e+09 5e-22 4.7661844e-23 6.4321225e-25
3.5183454e+08 5.8502276e+17 6.5094224e+08 1.0144166e+09 5e-22 4.7592857e-23 6.4508175e-25
3.5273327e+08 5.8560778e+17 6.4972415e+08 1.0130539e+09 5e-22 4.7524008e-23 6.469569e-25
3.5363459e+08 5.8619339e+17 6.4850795e+08 1.0116921e+09 5e-22 4.7455298e-23 6.4883772e-25
3.545385e+08 5.8677959e+17 6.4729363e+08 1.010331e+09 5e-22 4.7386727e-23 6.5072423e-25
3.5544501e+08 5.8736636e+17 6.460812e+08 1.0089706e+09 5e-22 4.7318293e-23 6.5261644e-25
3.5635413e+08 5.8795373e+17 6.4487065e+08 1.007611e+09 5e-22 4.7249996e-23 6.5451437e-25
3.5726587e+08 5.8854168e+17 6.4366197e+08 1.0062522e+09 5e-22 4.7181837e-23 6.5641804e-25
3.5818023e+08 5.8913023e+17 6.4245517e+08 1.0048941e+09 5e-22 4.7113814e-23 6.5832747e-25
3.5909723e+08 5.8971936e+17 6.4125025e+08 1.0035368e+09 5e-22 4.7045928e-23 6.6024268e-25
3.6001687e+08 5.9030908e+17 6.4004721e+08 1.0021803e+09 5e-22 4.6978179e-23 6.6216368e-25
3.6093916e+08 5.9089939e+17 6.3884603e+08 1.0008246e+09 5e-22 4.6910565e-23 6.6409049e-25
3.6186411e+08 5.9149028e+17 6.3764673e+08 9.9946957e+08 5e-22 4.6843086e-23 6.6602314e-25
3.6279173e+08 5.9208177e+17 6.3644929e+08 9.9811536e+08 5e-22 4.6775743e-23 6.6796163e-25
3.6372201e+08 5.9267386e+17 6.3525372e+08 9.9676193e+08 5e-22 4.6708535e-23 6.69906e-25
3.6465499e+08 5.9326653e+17 6.3406001e+08 9.9540929e+08 5e-22 4.6641462e-23 6.7185625e-25
3.6559065e+08 5.938598e+17 6.3286817e+08 9.9405742e+08 5e-22 4.6574523e-23 6.738124e-25
3.6652901e+08 5.9445366e+17 6.3167819e+08 9.9270635e+08 5e-22 4.6507717e-23 6.7577448e-25
3.6747008e+08 5.9504811e+17 6.3049007e+08 9.9135606e+08 5e-22 4.6441046e-23 6.7774249e-25
3.6841387e+08 5.9564316e+17 6.293038e+08 9.9000656e+08 5e-22 4.6374508e-23 6.7971647e-25
3.6936038e+08 5.962388e+17 6.2811939e+08 9.8865785e+08 5e-22 4.6308103e-23 6.8169643e-25
3.7030962e+08 5.9683504e+17 6.2693683e+08 9.8730994e+08 5e-22 4.624183e-23 6.8368239e-25
3.7126161e+08 5.9743188e+17 6.2575613e+08 9.8596283e+08 5e-22 4.617569e-23 6.8567436e-25
3.7221635e+08 5.9802931e+17 6.2457727e+08 9.8461651e+08 5e-22 4.6109682e-23 6.8767237e-25
3.7317384e+08 5.9862734e+17 6.2340026e+08 9.83271e+08 5e-22 4.6043806e-23 6.8967644e-25
3.741341e+08 5.9922596e+17 6.222251e+08 9.819263e+08 5e-22 4.5978062e-23 6.9168658e-25
3.7509714e+08 5.9982519e+17 6.2105178e+08 9.805824e+08 5e-22 4.5912448e-23 6.9370281e-25
3.7606296e+08 6.0042502e+17 6.198803e+08 9.792393e+08 5e-22 4.5846966e-23 6.9572516e-25
3.7703158e+08 6.0102544e+17 6.1871067e+08 9.7789702e+08 5e-22 4.5781614e-23 6.9775363e-25
3.7800299e+08 6.0162647e+17 6.1754287e+08 9.7655556e+08 5e-22 4.5716392e-23 6.9978826e-25
3.7897722e+08 6.0222809e+17 6.1637691e+08 9.752149e+08 5e-22 4.5651301e-23 7.0182906e-25
3.7995426e+08 6.0283032e+17 6.1521278e+08 9.7387507e+08 5e-22 4.5586338e-23 7.0387605e-25
3.8093414e+08 6.0343315e+17 6.1405048e+08 9.7253606e+08 5e-22 4.5521506e-23 7.0592925e-25
3.8191685e+08 6.0403658e+17 6.1289002e+08 9.7119787e+08 5e-22 4.5456802e-23 7.0798867e-25
3.829024e+08 6.0464062e+17 6.1173139e+08 9.698605e+08 5e-22 4.5392227e-23 7.1005435e-25
3.8389081e+08 6.0524526e+17 6.1057458e+08 9.6852396e+08 5e-22 4.5327781e-23 7.1212629e-25
3.8488208e+08 6.0585051e+17 6.0941959e+08 9.6718825e+08 5e-22 4.5263462e-23 7.1420453e-25
3.8587622e+08 6.0645636e+17 6.0826644e+08 9.6585337e+08 5e-22 4.5199272e-23 7.1628907e-25
3.8687325e+08 6.0706281e+17 6.071151e+08 9.6451933e+08 5e-22 4.5135209e-23 7.1837993e-25
3.8787316e+08 6.0766988e+17 6.0596558e+08 9.6318612e+08 5e-22 4.5071273e-23 7.2047715e-25
3.8887597e+08 6.0827755e+17 6.0481788e+08 9.6185374e+08 5e-22 4.5007465e-23 7.2258073e-25
3.8988169e+08 6.0888582e+17 6.0367199e+08 9.6052221e+08 5e-22 4.4943783e-23 7.246907e-25
3.9089033e+08 6.0949471e+17 6.0252792e+08 9.5919152e+08 5e-22 4.4880227e-23 7.2680708e-25
3.9190189e+08 6.101042e+17 6.0138566e+08 9.5786168e+08 5e-22 4.4816797e-23 7.2892989e-25
3.9291639e+08 6.1071431e+17 6.0024521e+08 9.5653268e+08 5e-22 4.4753493e-23 7.3105915e-25
3.9393383e+08 6.1132502e+17 5.9910657e+08 9.5520453e+08 5e-22 4.4690315e-23 7.3319487e-25
3.9495423e+08 6.1193635e+17 5.9796974e+08 9.5387723e+08 5e-22 4.4627262e-23 7.3533709e-25
3.9597758e+08 6.1254828e+17 5.9683471e+08 9.5255078e+08 5e-22 4.4564333e-23 7.3748581e-25
3.9700391e+08 6.1316083e+17 5.9570148e+08 9.5122519e+08 5e-22 4.450153e-23 7.3964107e-25
3.9803322e+08 6.1377399e+17 5.9457005e+08 9.4990045e+08 5e-22 4.443885e-23 7.4180287e-25
3.9906552e+08 6.1438777e+17 5.9344042e+08 9.4857657e+08 5e-22 4.4376295e-23 7.4397125e-25
4.0010082e+08 6.1500215e+17 5.9231259e+08 9.4725356e+08 5e-22 4.4313863e-23 7.4614622e-25
4.0113912e+08 6.1561716e+17 5.9118656e+08 9.4593141e+08 5e-22 4.4251555e-23 7.483278e-25
4.0218045e+08 6.1623277e+17 5.9006231e+08 9.4461012e+08 5e-22 4.418937e-23 7.5051602e-25
4.032248e+08 6.1684901e+17 5.8893986e+08 9.432897e+08 5e-22 4.4127308e-23 7.5271089e-25
4.0427219e+08 6.1746586e+17 5.878192e+08 9.4197015e+08 5e-22 4.4065369e-23 7.5491244e-25
4.0532263e+08 6.1808332e+17 5.8670032e+08 9.4065148e+08 5e-22 4.4003551e-23 7.5712069e-25
4.0637612e+08 6.187014e+17 5.8558323e+08 9.3933367e+08 5e-22 4.3941856e-23 7.5933565e-25
4.0743267e+08 6.1932011e+17 5.8446792e+08 9.3801674e+08 5e-22 4.3880283e-23 7.6155735e-25
4.084923e+08 6.1993943e+17 5.833544e+08 9.3670069e+08 5e-22 4.381883e-23 7.6378582e-25
4.0955502e+08 6.2055937e+17 5.8224265e+08 9.3538552e+08 5e-22 4.37575e-23 7.6602106e-25
4.1062083e+08 6.2117993e+17 5.8113268e+08 9.3407123e+08 5e-22 4.369629e-23 7.6826312e-25
4.1168974e+08 6.2180111e+17 5.8002449e+08 9.3275783e+08 5e-22 4.36352e-23 7.7051199e-25
4.1276176e+08 6.2242291e+17 5.7891807e+08 9.3144531e+08 5e-22 4.3574231e-23 7.7276771e-25
4.1383691e+08 6.2304533e+17 5.7781343e+08 9.3013368e+08 5e-22 4.3513382e-23 7.7503031e-25
4.1491519e+08 6.2366837e+17 5.7671055e+08 9.2882293e+08 5e-22 4.3452653e-23 7.7729979e-25
4.1599662e+08 6.2429204e+17 5.7560944e+08 9.2751308e+08 5e-22 4.3392043e-23 7.7957618e-25
4.1708119e+08 6.2491633e+17 5.745101e+08 9.2620413e+08 5e-22 4.3331553e-23 7.8185951e-25
4.1816893e+08 6.2554125e+17 5.7341253e+08 9.2489606e+08 5e-22 4.3271181e-23 7.8414979e-25
4.1925984e+08 6.2616679e+17 5.7231671e+08 9.235889e+08 5e-22 4.3210928e-23 7.8644705e-25
4.2035393e+08 6.2679296e+17 5.7122266e+08 9.2228264e+08 5e-22 4.3150793e-23 7.8875132e-25
4.2145122e+08 6.2741975e+17 5.7013037e+08 9.2097727e+08 5e-22 4.3090777e-23 7.910626e-25
4.225517e+08 6.2804717e+17 5.6903983e+08 9.1967281e+08 5e-22 4.3030878e-23 7.9338093e-25
4.236554e+08 6.2867522e+17 5.6795105e+08 9.1836926e+08 5e-22 4.2971097e-23 7.9570632e-25
4.2476231e+08 6.2930389e+17 5.6686402e+08 9.1706661e+08 5e-22 4.2911434e-23 7.980388e-25
4.2587246e+08 6.299332e+17 5.6577874e+08 9.1576488e+08 5e-22 4.2851887e-23 8.003784e-25
4.2698586e+08 6.3056313e+17 5.6469521e+08 9.1446405e+08 5e-22 4.2792457e-23 8.0272513e-25
4.281025e+08 6.3119369e+17 5.6361343e+08 9.1316414e+08 5e-22 4.2733143e-23 8.0507901e-25
4.292224e+08 6.3182489e+17 5.6253339e+08 9.1186514e+08 5e-22 4.2673946e-23 8.0744008e-25
4.3034558e+08 6.3245671e+17 5.614551e+08 9.1056706e+08 5e-22 4.2614865e-23 8.0980834e-25
4.3147204e+08 6.3308917e+17 5.6037855e+08 9.0926989e+08 5e-22 4.2555899e-23 8.1218384e-25
4.3260179e+08 6.3372226e+17 5.5930374e+08 9.0797365e+08 5e-22 4.2497049e-23 8.1456658e-25
4.3373485e+08 6.3435598e+17 5.5823066e+08 9.0667833e+08 5e-22 4.2438314e-23 8.1695659e-25
4.3487122e+08 6.3499034e+17 5.5715933e+08 9.0538393e+08 5e-22 4.2379693e-23 8.1935389e-25
4.3601091e+08 6.3562533e+17 5.5608972e+08 9.0409046e+08 5e-22 4.2321188e-23 8.2175851e-25
4.3715394e+08 6.3626095e+17 5.5502185e+08 9.0279792e+08 5e-22 4.2262796e-23 8.2417047e-25
4.3830031e+08 6.3689721e+17 5.5395571e+08 9.0150631e+08 5e-22 4.2204519e-23 8.2658979e-25
4.3945003e+08 6.3753411e+17 5.528913e+08 9.0021563e+08 5e-22 4.2146356e-23 8.290165e-25
4.4060313e+08 6.3817165e+17 5.5182861e+08 8.9892588e+08 5e-22 4.2088306e-23 8.3145062e-25
4.4175959e+08 6.3880982e+17 5.5076765e+08 8.9763707e+08 5e-22 4.2030369e-23 8.3389218e-25
4.4291945e+08 6.3944863e+17 5.4970841e+08 8.9634919e+08 5e-22 4.1972546e-23 8.3634119e-25
4.440827e+08 6.4008808e+17 5.4865089e+08 8.9506225e+08 5e-22 4.1914835e-23 8.3879768e-25
4.4524936e+08 6.4072816e+17 5.4759509e+08 8.9377626e+08 5e-22 4.1857237e-23 8.4126168e-25
4.4641943e+08 6.4136889e+17 5.4654101e+08 8.924912e+08 5e-22 4.1799751e-23 8.437332e-25
4.4759294e+08 6.4201026e+17 5.4548864e+08 8.9120709e+08 5e-22 4.1742377e-23 8.4621228e-25
4.4876988e+08 6.4265227e+17 5.4443798e+08 8.8992393e+08 5e-22 4.1685114e-23 8.4869893e-25
4.4995028e+08 6.4329492e+17 5.4338904e+08 8.8864171e+08 5e-22 4.1627964e-23 8.5119319e-25
4.5113414e+08 6.4393822e+17 5.423418e+08 8.8736044e+08 5e-22 4.1570924e-23 8.5369506e-25
4.5232146e+08 6.4458216e+17 5.4129627e+08 8.8608013e+08 5e-22 4.1513995e-23 8.5620459e-25
4.5351228e+08 6.4522674e+17 5.4025245e+08 8.8480076e+08 5e-22 4.1457177e-23 8.5872179e-25
4.5470658e+08 6.4587197e+17 5.3921033e+08 8.8352236e+08 5e-22 4.140047e-23 8.6124669e-25
4.5590439e+08 6.4651784e+17 5.3816991e+08 8.822449e+08 5e-22 4.1343873e-23 8.6377931e-25
4.5710572e+08 6.4716435e+17 5.3713119e+08 8.8096841e+08 5e-22 4.1287385e-23 8.6631967e-25
4.5831057e+08 6.4781152e+17 5.3609417e+08 8.7969287e+08 5e-22 4.1231008e-23 8.688678e-25
4.5951896e+08 6.4845933e+17 5.3505884e+08 8.784183e+08 5e-22 4.117474e-23 8.7142374e-25
4.6073091e+08 6.4910779e+17 5.3402521e+08 8.7714469e+08 5e-22 4.1118581e-23 8.7398749e-25
4.6194641e+08 6.497569e+17 5.3299327e+08 8.7587204e+08 5e-22 4.106253e-23 8.7655908e-25
4.6316548e+08 6.5040665e+17 5.3196302e+08 8.7460036e+08 5e-22 4.1006589e-23 8.7913855e-25
4.6438813e+08 6.5105706e+17 5.3093446e+08 8.7332965e+08 5e-22 4.0950756e-23 8.8172591e-25
4.6561438e+08 6.5170812e+17 5.2990758e+08 8.7205991e+08 5e-22 4.0895031e-23 8.8432119e-25
4.6684423e+08 6.5235983e+17 5.2888239e+08 8.7079114e+08 5e-22 4.0839414e-23 8.8692442e-25
4.680777e+08 6.5301219e+17 5.2785888e+08 8.6952334e+08 5e-22 4.0783905e-23 8.8953561e-25
4.693148e+08 6.536652e+17 5.2683705e+08 8.6825652e+08 5e-22 4.0728504e-23 8.9215481e-25
4.7055553e+08 6.5431886e+17 5.258169e+08 8.6699067e+08 5e-22 4.0673209e-23 8.9478202e-25
4.7179992e+08 6.5497318e+17 5.2479842e+08 8.657258e+08 5e-22 4.0618022e-23 8.9741728e-25
4.7304796e+08 6.5562816e+17 5.2378162e+08 8.6446191e+08 5e-22 4.0562941e-23 9.0006061e-25
4.7429968e+08 6.5628378e+17 5.227665e+08 8.63199e+08 5e-22 4.0507966e-23 9.0271204e-25
4.7555509e+08 6.5694007e+17 5.2175304e+08 8.6193708e+08 5e-22 4.0453098e-23 9.053716e-25
4.7681419e+08 6.5759701e+17 5.2074125e+08 8.6067614e+08 5e-22 4.0398336e-23 9.080393e-25
4.78077e+08 6.582546e+17 5.1973113e+08 8.5941618e+08 5e-22 4.034368e-23 9.1071518e-25
4.7934353e+08 6.5891286e+17 5.1872267e+08 8.5815721e+08 5e-22 4.0289129e-23 9.1339927e-25
4.8061379e+08 6.5957177e+17 5.1771588e+08 8.5689923e+08 5e-22 4.0234683e-23 9.1609158e-25
4.8188779e+08 6.6023134e+17 5.1671075e+08 8.5564224e+08 5e-22 4.0180342e-23 9.1879214e-25
4.8316555e+08 6.6089158e+17 5.1570728e+08 8.5438625e+08 5e-22 4.0126106e-23 9.2150098e-25
4.8444708e+08 6.6155247e+17 5.1470546e+08 8.5313124e+08 5e-22 4.0071975e-23 9.2421813e-25
4.8573238e+08 6.6221402e+17 5.137053e+08 8.5187724e+08 5e-22 4.0017948e-23 9.2694362e-25
4.8702147e+08 6.6287623e+17 5.127068e+08 8.5062423e+08 5e-22 3.9964025e-23 9.2967746e-25
4.8831437e+08 6.6353911e+17 5.1170994e+08 8.4937221e+08 5e-22 3.9910206e-23 9.3241969e-25
4.8961108e+08 6.6420265e+17 5.1071474e+08 8.481212e+08 5e-22 3.985649e-23 9.3517033e-25
4.9091161e+08 6.6486685e+17 5.0972118e+08 8.4687119e+08 5e-22 3.9802877e-23 9.3792941e-25
4.9221599e+08 6.6553172e+17 5.0872927e+08 8.4562218e+08 5e-22 3.9749368e-23 9.4069696e-25
4.9352421e+08 6.6619725e+17 5.07739e+08 8.4437418e+08 5e-22 3.9695962e-23 9.43473e-25
4.948363e+08 6.6686345e+17 5.0675037e+08 8.4312718e+08 5e-22 3.9642658e-23 9.4625756e-25
4.9615226e+08 6.6753031e+17 5.0576339e+08 8.4188119e+08 5e-22 3.9589457e-23 9.4905067e-25
4.974721e+08 6.6819784e+17 5.0477804e+08 8.406362e+08 5e-22 3.9536358e-23 9.5185236e-25
4.9879585e+08 6.6886604e+17 5.0379433e+08 8.3939223e+08 5e-22 3.948336e-23 9.5466264e-25
5.0012351e+08 6.695349e+17 5.0281225e+08 8.3814927e+08 5e-22 3.9430465e-23 9.5748156e-25
5.0145509e+08 6.7020444e+17 5.018318e+08 8.3690732e+08 5e-22 3.9377671e-23 9.6030913e-25
5.027906e+08 6.7087464e+17 5.0085299e+08 8.3566639e+08 5e-22 3.9324978e-23 9.6314539e-25
5.0413007e+08 6.7154552e+17 4.998758e+08 8.3442647e+08 5e-22 3.9272386e-23 9.6599036e-25
5.0547349e+08 6.7221706e+17 4.9890024e+08 8.3318757e+08 5e-22 3.9219895e-23 9.6884407e-25
5.0682089e+08 6.7288928e+17 4.9792631e+08 8.3194969e+08 5e-22 3.9167504e-23 9.7170655e-25
5.0817227e+08 6.7356217e+17 4.96954e+08 8.3071283e+08 5e-22 3.9115214e-23 9.7457783e-25
5.0952765e+08 6.7423573e+17 4.959833e+08 8.2947699e+08 5e-22 3.9063024e-23 9.7745793e-25
5.1088705e+08 6.7490997e+17 4.9501423e+08 8.2824218e+08 5e-22 3.9010934e-23 9.8034688e-25
5.1225046e+08 6.7558488e+17 4.9404678e+08 8.2700839e+08 5e-22 3.8958943e-23 9.8324471e-25
5.1361791e+08 6.7626046e+17 4.9308093e+08 8.2577562e+08 5e-22 3.8907052e-23 9.8615145e-25
5.1498941e+08 6.7693672e+17 4.9211671e+08 8.2454388e+08 5e-22 3.885526e-23 9.8906713e-25
5.1636497e+08 6.7761366e+17 4.9115409e+08 8.2331318e+08 5e-22 3.8803567e-23 9.9199177e-25
5.1774461e+08 6.7829127e+17 4.9019308e+08 8.220835e+08 5e-22 3.8751972e-23 9.9492541e-25
5.1912833e+08 6.7896957e+17 4.8923368e+08 8.2085485e+08 5e-22 3.8700477e-23 9.9786807e-25
5.2051615e+08 6.7964854e+17 4.8827589e+08 8.1962723e+08 5e-22 3.8649079e-23 1.0008198e-24
5.2190809e+08 6.8032818e+17 4.873197e+08 8.1840065e+08 5e-22 3.8597779e-23 1.0037806e-24
5.2330415e+08 6.8100851e+17 4.8636511e+08 8.1717511e+08 5e-22 3.8546578e-23 1.0067505e-24
5.2470435e+08 6.8168952e+17 4.8541212e+08 8.159506e+08 5e-22 3.8495474e-23 1.0097295e-24
5.261087e+08 6.8237121e+17 4.8446073e+08 8.1472713e+08 5e-22 3.8444467e-23 1.0127177e-24
5.2751722e+08 6.8305358e+17 4.8351093e+08 8.1350469e+08 5e-22 3.8393557e-23 1.0157151e-24
5.2892992e+08 6.8373663e+17 4.8256273e+08 8.122833e+08 5e-22 3.8342745e-23 1.0187218e-24
5.303468e+08 6.8442037e+17 4.8161612e+08 8.1106296e+08 5e-22 3.8292029e-23 1.0217377e-24
5.3176789e+08 6.8510479e+17 4.806711e+08 8.0984365e+08 5e-22 3.824141e-23 1.0247629e-24
5.331932e+08 6.857899e+17 4.7972767e+08 8.0862539e+08 5e-22 3.8190887e-23 1.0277973e-24
5.3462274e+08 6.8647569e+17 4.7878583e+08 8.0740817e+08 5e-22 3.814046e-23 1.0308412e-24
5.3605653e+08 6.8716216e+17 4.7784557e+08 8.0619201e+08 5e-22 3.8090128e-23 1.0338944e-24
5.3749457e+08 6.8784932e+17 4.7690689e+08 8.0497689e+08 5e-22 3.8039893e-23 1.036957e-24
5.3893688e+08 6.8853717e+17 4.7596979e+08 8.0376282e+08 5e-22 3.7989753e-23 1.0400291e-24
5.4038348e+08 6.8922571e+17 4.7503427e+08 8.025498e+08 5e-22 3.7939708e-23 1.0431106e-24
5.4183438e+08 6.8991494e+17 4.7410033e+08 8.0133783e+08 5e-22 3.7889758e-23 1.0462016e-24
5.4328959e+08 6.9060485e+17 4.7316796e+08 8.0012692e+08 5e-22 3.7839903e-23 1.0493021e-24
5.4474912e+08 6.9129546e+17 4.7223716e+08 7.9891706e+08 5e-22 3.7790142e-23 1.0524122e-24
5.4621299e+08 6.9198675e+17 4.7130794e+08 7.9770826e+08 5e-22 3.7740476e-23 1.0555319e-24
5.4768122e+08 6.9267874e+17 4.7038029e+08 7.9650051e+08 5e-22 3.7690904e-23 1.0586612e-24
5.4915381e+08 6.9337142e+17 4.694542e+08 7.9529382e+08 5e-22 3.7641426e-23 1.0618002e-24
5.5063079e+08 6.9406479e+17 4.6852967e+08 7.9408819e+08 5e-22 3.7592042e-23 1.0649488e-24
5.5211215e+08 6.9475885e+17 4.6760672e+08 7.9288363e+08 5e-22 3.7542751e-23 1.0681071e-24
5.5359793e+08 6.9545361e+17 4.6668532e+08 7.9168012e+08 5e-22 3.7493553e-23 1.0712752e-24
5.5508813e+08 6.9614907e+17 4.6576548e+08 7.9047768e+08 5e-22 3.7444448e-23 1.0744531e-24
5.5658276e+08 6.9684522e+17 4.648472e+08 7.892763e+08 5e-22 3.7395437e-23 1.0776407e-24
5.5808185e+08 6.9754206e+17 4.6393047e+08 7.8807599e+08 5e-22 3.7346518e-23 1.0808382e-24
5.595854e+08 6.982396e+17 4.630153e+08 7.8687674e+08 5e-22 3.7297691e-23 1.0840456e-24
5.6109342e+08 6.9893784e+17 4.6210168e+08 7.8567856e+08 5e-22 3.7248957e-23 1.0872628e-24
5.6260594e+08 6.9963678e+17 4.6118961e+08 7.8448145e+08 5e-22 3.7200314e-23 1.09049e-24
5.6412297e+08 7.0033642e+17 4.6027909e+08 7.8328541e+08 5e-22 3.7151764e-23 1.0937272e-24
5.6564452e+08 7.0103675e+17 4.5937011e+08 7.8209045e+08 5e-22 3.7103305e-23 1.0969743e-24
5.671706e+08 7.0173779e+17 4.5846268e+08 7.8089655e+08 5e-22 3.7054937e-23 1.1002315e-24
5.6870123e+08 7.0243953e+17 4.5755679e+08 7.7970373e+08 5e-22 3.7006661e-23 1.1034987e-24
5.7023643e+08 7.0314197e+17 4.5665244e+08 7.7851198e+08 5e-22 3.6958476e-23 1.106776e-24
5.717762e+08 7.0384511e+17 4.5574963e+08 7.7732131e+08 5e-22 3.6910381e-23 1.1100635e-24
5.7332057e+08 7.0454895e+17 4.5484836e+08 7.7613171e+08 5e-22 3.6862377e-23 1.1133611e-24
5.7486955e+08 7.052535e+17 4.5394862e+08 7.7494319e+08 5e-22 3.6814463e-23 1.1166688e-24
5.7642314e+08 7.0595876e+17 4.5305041e+08 7.7375575e+08 5e-22 3.676664e-23 1.1199868e-24
5.7798138e+08 7.0666472e+17 4.5215373e+08 7.725694e+08 5e-22 3.6718907e-23 1.1233151e-24
5.7954426e+08 7.0737138e+17 4.5125859e+08 7.7138412e+08 5e-22 3.6671263e-23 1.1266536e-24
5.8111182e+08 7.0807875e+17 4.5036497e+08 7.7019992e+08 5e-22 3.6623709e-23 1.1300025e-24
5.8268405e+08 7.0878683e+17 4.4947287e+08 7.6901681e+08 5e-22 3.6576244e-23 1.1333617e-24
5.8426098e+08 7.0949562e+17 4.485823e+08 7.6783478e+08 5e-22 3.6528869e-23 1.1367313e-24
5.8584262e+08 7.1020511e+17 4.4769325e+08 7.6665384e+08 5e-22 3.6481582e-23 1.1401113e-24
5.8742898e+08 7.1091532e+17 4.4680571e+08 7.6547398e+08 5e-22 3.6434384e-23 1.1435018e-24
5.8902009e+08 7.1162623e+17 4.459197e+08 7.6429521e+08 5e-22 3.6387275e-23 1.1469027e-24
5.9061595e+08 7.1233786e+17 4.450352e+08 7.6311753e+08 5e-22 3.6340254e-23 1.1503142e-24
5.9221658e+08 7.130502e+17 4.4415222e+08 7.6194094e+08 5e-22 3.6293321e-23 1.1537362e-24
5.93822e+08 7.1376325e+17 4.4327074e+08 7.6076544e+08 5e-22 3.6246477e-23 1.1571688e-24
5.9543222e+08 7.1447701e+17 4.4239078e+08 7.5959103e+08 5e-22 3.619972e-23 1.160612e-24
5.9704726e+08 7.1519149e+17 4.4151232e+08 7.5841771e+08 5e-22 3.615305e-23 1.1640659e-24
5.9866713e+08 7.1590668e+17 4.4063537e+08 7.5724549e+08 5e-22 3.6106468e-23 1.1675305e-24
6.0029184e+08 7.1662259e+17 4.3975993e+08 7.5607436e+08 5e-22 3.6059973e-23 1.1710058e-24
6.0192142e+08 7.1733921e+17 4.3888599e+08 7.5490433e+08 5e-22 3.6013566e-23 1.1744918e-24
6.0355587e+08 7.1805655e+17 4.3801354e+08 7.5373539e+08 5e-22 3.5967245e-23 1.1779886e-24
6.0519522e+08 7.187746e+17 4.371426e+08 7.5256755e+08 5e-22 3.592101e-23 1.1814963e-24
6.0683948e+08 7.1949338e+17 4.3627315e+08 7.5140081e+08 5e-22 3.5874862e-23 1.1850148e-24
6.0848866e+08 7.2021287e+17 4.354052e+08 7.5023517e+08 5e-22 3.58288e-23 1.1885443e-24
6.1014278e+08 7.2093308e+17 4.3453874e+08 7.4907063e+08 5e-22 3.5782825e-23 1.1920846e-24
6.1180186e+08 7.2165402e+17 4.3367377e+08 7.4790719e+08 5e-22 3.5736935e-23 1.1956359e-24
6.134659e+08 7.2237567e+17 4.3281028e+08 7.4674485e+08 5e-22 3.569113e-23 1.1991983e-24
6.1513494e+08 7.2309805e+17 4.3194829e+08 7.4558361e+08 5e-22 3.5645411e-23 1.2027716e-24
6.1680898e+08 7.2382115e+17 4.3108778e+08 7.4442348e+08 5e-22 3.5599778e-23 1.206356e-24
6.1848803e+08 7.2454497e+17 4.3022876e+08 7.4326445e+08 5e-22 3.5554229e-23 1.2099516e-24
6.2017213e+08 7.2526951e+17 4.2937121e+08 7.4210653e+08 5e-22 3.5508766e-23 1.2135583e-24
6.2186127e+08 7.2599478e+17 4.2851515e+08 7.4094972e+08 5e-22 3.5463387e-23 1.2171761e-24
6.2355548e+08 7.2672078e+17 4.2766056e+08 7.3979401e+08 5e-22 3.5418092e-23 1.2208052e-24
6.2525477e+08 7.274475e+17 4.2680745e+08 7.3863941e+08 5e-22 3.5372882e-23 1.2244455e-24
6.2695917e+08 7.2817494e+17 4.2595581e+08 7.3748592e+08 5e-22 3.5327756e-23 1.2280971e-24
6.2866868e+08 7.2890312e+17 4.2510564e+08 7.3633354e+08 5e-22 3.5282714e-23 1.2317601e-24
6.3038332e+08 7.2963202e+17 4.2425695e+08 7.3518228e+08 5e-22 3.5237755e-23 1.2354344e-24
6.321031e+08 7.3036165e+17 4.2340972e+08 7.3403212e+08 5e-22 3.519288e-23 1.2391201e-24
6.3382806e+08 7.3109202e+17 4.2256396e+08 7.3288308e+08 5e-22 3.5148089e-23 1.2428172e-24
6.3555819e+08 7.3182311e+17 4.2171966e+08 7.3173515e+08 5e-22 3.5103381e-23 1.2465258e-24
6.3729352e+08 7.3255493e+17 4.2087682e+08 7.3058833e+08 5e-22 3.5058755e-23 1.2502459e-24
6.3903406e+08 7.3328749e+17 4.2003545e+08 7.2944263e+08 5e-22 3.5014213e-23 1.2539776e-24
6.4077984e+08 7.3402077e+17 4.1919553e+08 7.2829805e+08 5e-22 3.4969753e-23 1.2577208e-24
6.4253086e+08 7.3475479e+17 4.1835707e+08 7.2715458e+08 5e-22 3.4925375e-23 1.2614757e-24
6.4428715e+08 7.3548955e+17 4.1752007e+08 7.2601223e+08 5e-22 3.488108e-23 1.2652422e-24
6.4604872e+08 7.3622504e+17 4.1668451e+08 7.24871e+08 5e-22 3.4836867e-23 1.2690204e-24
6.4781558e+08 7.3696126e+17 4.1585041e+08 7.2373089e+08 5e-22 3.4792736e-23 1.2728103e-24
6.4958776e+08 7.3769823e+17 4.1501776e+08 7.225919e+08 5e-22 3.4748686e-23 1.276612e-24
6.5136527e+08 7.3843592e+17 4.1418656e+08 7.2145403e+08 5e-22 3.4704719e-23 1.2804255e-24
6.5314813e+08 7.3917436e+17 4.133568e+08 7.2031729e+08 5e-22 3.4660832e-23 1.2842508e-24
6.5493635e+08 7.3991353e+17 4.1252848e+08 7.1918166e+08 5e-22 3.4617026e-23 1.2880881e-24
6.5672996e+08 7.4065345e+17 4.1170161e+08 7.1804716e+08 5e-22 3.4573302e-23 1.2919372e-24
6.5852896e+08 7.413941e+17 4.1087617e+08 7.1691378e+08 5e-22 3.4529658e-23 1.2957984e-24
6.6033338e+08 7.4213549e+17 4.1005218e+08 7.1578153e+08 5e-22 3.4486095e-23 1.2996715e-24
6.6214324e+08 7.4287763e+17 4.0922962e+08 7.146504e+08 5e-22 3.4442613e-23 1.3035566e-24
6.6395855e+08 7.4362051e+17 4.0840849e+08 7.135204e+08 5e-22 3.439921e-23 1.3074538e-24
6.6577932e+08 7.4436413e+17 4.075888e+08 7.1239152e+08 5e-22 3.4355888e-23 1.3113632e-24
6.6760559e+08 7.4510849e+17 4.0677053e+08 7.1126378e+08 5e-22 3.4312646e-23 1.3152847e-24
6.6943735e+08 7.458536e+17 4.059537e+08 7.1013716e+08 5e-22 3.4269483e-23 1.3192184e-24
6.7127464e+08 7.4659945e+17 4.0513829e+08 7.0901167e+08 5e-22 3.42264e-23 1.3231643e-24
6.7311747e+08 7.4734605e+17 4.0432431e+08 7.0788731e+08 5e-22 3.4183397e-23 1.3271225e-24
6.7496585e+08 7.480934e+17 4.0351174e+08 7.0676409e+08 5e-22 3.4140472e-23 1.331093e-24
6.7681981e+08 7.4884149e+17 4.027006e+08 7.0564199e+08 5e-22 3.4097627e-23 1.3350758e-24
6.7867936e+08 7.4959033e+17 4.0189088e+08 7.0452103e+08 5e-22 3.405486e-23 1.3390711e-24
6.8054451e+08 7.5033993e+17 4.0108258e+08 7.0340119e+08 5e-22 3.4012173e-23 1.3430787e-24
6.824153e+08 7.5109027e+17 4.0027569e+08 7.022825e+08 5e-22 3.3969563e-23 1.3470989e-24
6.8429173e+08 7.5184136e+17 3.9947022e+08 7.0116493e+08 5e-22 3.3927032e-23 1.3511315e-24
6.8617383e+08 7.525932e+17 3.9866615e+08 7.000485e+08 5e-22 3.3884579e-23 1.3551767e-24
6.8806161e+08 7.5334579e+17 3.978635e+08 6.9893321e+08 5e-22 3.3842205e-23 1.3592345e-24
6.8995509e+08 7.5409914e+17 3.9706225e+08 6.9781905e+08 5e-22 3.3799907e-23 1.3633049e-24
6.9185428e+08 7.5485323e+17 3.9626241e+08 6.9670603e+08 5e-22 3.3757688e-23 1.367388e-24
6.9375921e+08 7.5560809e+17 3.9546398e+08 6.9559415e+08 5e-22 3.3715546e-23 1.3714839e-24
6.956699e+08 7.563637e+17 3.9466694e+08 6.944834e+08 5e-22 3.3673482e-23 1.3755924e-24
6.9758636e+08 7.5712006e+17 3.9387131e+08 6.933738e+08 5e-22 3.3631494e-23 1.3797138e-24
6.9950861e+08 7.5787718e+17 3.9307708e+08 6.9226533e+08 5e-22 3.3589583e-23 1.383848e-24
7.0143668e+08 7.5863506e+17 3.9228424e+08 6.91158e+08 5e-22 3.354775e-23 1.3879951e-24
7.0337057e+08 7.5939369e+17 3.9149279e+08 6.9005182e+08 5e-22 3.3505993e-23 1.3921551e-24
7.0531031e+08 7.6015309e+17 3.9070274e+08 6.8894677e+08 5e-22 3.3464312e-23 1.396328e-24
7.0725591e+08 7.6091324e+17 3.8991408e+08 6.8784287e+08 5e-22 3.3422707e-23 1.400514e-24
7.092074e+08 7.6167415e+17 3.8912681e+08 6.8674011e+08 5e-22 3.3381179e-23 1.404713e-24
7.1116479e+08 7.6243583e+17 3.8834093e+08 6.8563849e+08 5e-22 3.3339727e-23 1.4089251e-24
7.1312811e+08 7.6319826e+17 3.8755643e+08 6.8453801e+08 5e-22 3.329835e-23 1.4131504e-24
7.1509737e+08 7.6396146e+17 3.8677332e+08 6.8343868e+08 5e-22 3.3257049e-23 1.4173888e-24
7.1707258e+08 7.6472542e+17 3.8599159e+08 6.823405e+08 5e-22 3.3215824e-23 1.4216404e-24
7.1905378e+08 7.6549015e+17 3.8521124e+08 6.8124346e+08 5e-22 3.3174673e-23 1.4259053e-24
7.2104098e+08 7.6625564e+17 3.8443226e+08 6.8014756e+08 5e-22 3.3133598e-23 1.4301834e-24
7.2303419e+08 7.6702189e+17 3.8365466e+08 6.7905281e+08 5e-22 3.3092598e-23 1.434475e-24
7.2503344e+08 7.6778892e+17 3.8287844e+08 6.7795921e+08 5e-22 3.3051673e-23 1.4387799e-24
7.2703875e+08 7.685567e+17 3.8210359e+08 6.7686676e+08 5e-22 3.3010822e-23 1.4430982e-24
7.2905013e+08 7.6932526e+17 3.8133011e+08 6.7577545e+08 5e-22 3.2970045e-23 1.44743e-24
7.3106761e+08 7.7009459e+17 3.80558e+08 6.7468529e+08 5e-22 3.2929343e-23 1.4517753e-24
7.330912e+08 7.7086468e+17 3.7978725e+08 6.7359629e+08 5e-22 3.2888715e-23 1.4561342e-24
7.3512093e+08 7.7163555e+17 3.7901787e+08 6.7250843e+08 5e-22 3.2848161e-23 1.4605067e-24
7.3715681e+08 7.7240718e+17 3.7824985e+08 6.7142172e+08 5e-22 3.2807681e-23 1.4648929e-24
7.3919887e+08 7.7317959e+17 3.774832e+08 6.7033616e+08 5e-22 3.2767275e-23 1.4692927e-24
7.4124712e+08 7.7395277e+17 3.767179e+08 6.6925176e+08 5e-22 3.2726942e-23 1.4737063e-24
7.4330158e+08 7.7472672e+17 3.7595396e+08 6.681685e+08 5e-22 3.2686682e-23 1.4781337e-24
7.4536228e+08 7.7550145e+17 3.7519138e+08 6.670864e+08 5e-22 3.2646495e-23 1.4825748e-24
7.4742923e+08 7.7627695e+17 3.7443015e+08 6.6600545e+08 5e-22 3.2606382e-23 1.4870299e-24
7.4950245e+08 7.7705323e+17 3.7367028e+08 6.6492565e+08 5e-22 3.2566341e-23 1.4914989e-24
7.5158196e+08 7.7783028e+17 3.7291175e+08 6.6384701e+08 5e-22 3.2526373e-23 1.4959818e-24
7.5366779e+08 7.7860811e+17 3.7215457e+08 6.6276952e+08 5e-22 3.2486477e-23 1.5004787e-24
7.5575996e+08 7.7938672e+17 3.7139874e+08 6.6169318e+08 5e-22 3.2446654e-23 1.5049897e-24
7.5785847e+08 7.801661e+17 3.7064426e+08 6.60618e+08 5e-22 3.2406903e-23 1.5095148e-24
7.5996337e+08 7.8094627e+17 3.6989111e+08 6.5954398e+08 5e-22 3.2367224e-23 1.514054e-24
7.6207465e+08 7.8172722e+17 3.6913931e+08 6.5847111e+08 5e-22 3.2327617e-23 1.5186075e-24
7.6419235e+08 7.8250894e+17 3.6838885e+08 6.5739939e+08 5e-22 3.2288081e-23 1.5231751e-24
7.6631649e+08 7.8329145e+17 3.6763972e+08 6.5632884e+08 5e-22 3.2248617e-23 1.527757e-24
7.6844709e+08 7.8407474e+17 3.6689193e+08 6.5525944e+08 5e-22 3.2209225e-23 1.5323533e-24
7.7058416e+08 7.8485882e+17 3.6614547e+08 6.541912e+08 5e-22 3.2169904e-23 1.5369639e-24
7.7272773e+08 7.8564368e+17 3.6540035e+08 6.5312411e+08 5e-22 3.2130653e-23 1.541589e-24
7.7487782e+08 7.8642932e+17 3.6465655e+08 6.5205819e+08 5e-22 3.2091474e-23 1.5462285e-24
7.7703445e+08 7.8721575e+17 3.6391409e+08 6.5099342e+08 5e-22 3.2052366e-23 1.5508825e-24
7.7919764e+08 7.8800297e+17 3.6317295e+08 6.4992982e+08 5e-22 3.2013328e-23 1.5555511e-24
7.8136742e+08 7.8879097e+17 3.6243313e+08 6.4886737e+08 5e-22 3.1974361e-23 1.5602343e-24
7.8354379e+08 7.8957976e+17 3.6169464e+08 6.4780608e+08 5e-22 3.1935464e-23 1.5649322e-24
7.8572679e+08 7.9036934e+17 3.6095747e+08 6.4674595e+08 5e-22 3.1896637e-23 1.5696447e-24
7.8791644e+08 7.9115971e+17 3.6022161e+08 6.4568699e+08 5e-22 3.185788e-23 1.574372e-24
7.9011275e+08 7.9195087e+17 3.5948708e+08 6.4462918e+08 5e-22 3.1819193e-23 1.5791141e-24
7.9231576e+08 7.9274282e+17 3.5875386e+08 6.4357254e+08 5e-22 3.1780576e-23 1.5838711e-24
7.9452547e+08 7.9353556e+17 3.5802195e+08 6.4251706e+08 5e-22 3.1742028e-23 1.5886429e-24
7.9674191e+08 7.943291e+17 3.5729135e+08 6.4146274e+08 5e-22 3.170355e-23 1.5934297e-24
7.9896511e+08 7.9512343e+17 3.5656207e+08 6.4040958e+08 5e-22 3.1665141e-23 1.5982315e-24
8.0119508e+08 7.9591855e+17 3.5583409e+08 6.3935758e+08 5e-22 3.1626801e-23 1.6030483e-24
8.0343185e+08 7.9671447e+17 3.5510742e+08 6.3830675e+08 5e-22 3.158853e-23 1.6078802e-24
8.0567544e+08 7.9751118e+17 3.5438205e+08 6.3725708e+08 5e-22 3.1550328e-23 1.6127273e-24
8.0792587e+08 7.9830869e+17 3.5365799e+08 6.3620858e+08 5e-22 3.1512194e-23 1.6175895e-24
8.1018316e+08 7.99107e+17 3.5293523e+08 6.3516124e+08 5e-22 3.1474129e-23 1.6224669e-24
8.1244733e+08 7.9990611e+17 3.5221376e+08 6.3411506e+08 5e-22 3.1436133e-23 1.6273597e-24
8.1471841e+08 8.0070602e+17 3.514936e+08 6.3307005e+08 5e-22 3.1398204e-23 1.6322678e-24
8.1699642e+08 8.0150672e+17 3.5077473e+08 6.3202621e+08 5e-22 3.1360344e-23 1.6371912e-24
8.1928138e+08 8.0230823e+17 3.5005715e+08 6.3098353e+08 5e-22 3.1322551e-23 1.6421301e-24
8.2157332e+08 8.0311054e+17 3.4934086e+08 6.2994201e+08 5e-22 3.1284826e-23 1.6470845e-24
8.2387225e+08 8.0391365e+17 3.4862587e+08 6.2890166e+08 5e-22 3.1247169e-23 1.6520545e-24
8.261782e+08 8.0471756e+17 3.4791216e+08 6.2786248e+08 5e-22 3.1209579e-23 1.65704e-24
8.2849119e+08 8.0552228e+17 3.4719974e+08 6.2682447e+08 5e-22 3.1172057e-23 1.6620411e-24
8.3081124e+08 8.063278e+17 3.464886e+08 6.2578762e+08 5e-22 3.1134602e-23 1.6670579e-24
8.3313839e+08 8.0713413e+17 3.4577875e+08 6.2475193e+08 5e-22 3.1097214e-23 1.6720905e-24
8.3547264e+08 8.0794126e+17 3.4507017e+08 6.2371742e+08 5e-22 3.1059892e-23 1.6771388e-24
8.3781402e+08 8.087492e+17 3.4436288e+08 6.2268407e+08 5e-22 3.1022638e-23 1.682203e-24
8.4016256e+08 8.0955795e+17 3.4365686e+08 6.2165189e+08 5e-22 3.098545e-23 1.6872831e-24
8.4251827e+08 8.1036751e+17 3.4295212e+08 6.2062088e+08 5e-22 3.0948328e-23 1.6923792e-24
8.4488119e+08 8.1117788e+17 3.4224865e+08 6.1959104e+08 5e-22 3.0911273e-23 1.6974912e-24
8.4725133e+08 8.1198906e+17 3.4154645e+08 6.1856236e+08 5e-22 3.0874284e-23 1.7026192e-24
8.4962872e+08 8.1280105e+17 3.4084553e+08 6.1753486e+08 5e-22 3.0837361e-23 1.7077634e-24
8.5201338e+08 8.1361385e+17 3.4014587e+08 6.1650852e+08 5e-22 3.0800504e-23 1.7129237e-24
8.5440534e+08 8.1442746e+17 3.3944748e+08 6.1548335e+08 5e-22 3.0763712e-23 1.7181003e-24
8.5680461e+08 8.1524189e+17 3.3875035e+08 6.1445935e+08 5e-22 3.0726986e-23 1.723293e-24
8.5921123e+08 8.1605713e+17 3.3805449e+08 6.1343653e+08 5e-22 3.0690326e-23 1.7285021e-24
8.6162521e+08 8.1687319e+17 3.3735989e+08 6.1241487e+08 5e-22 3.0653731e-23 1.7337276e-24
8.6404658e+08 8.1769006e+17 3.3666654e+08 6.1139438e+08 5e-22 3.0617201e-23 1.7389694e-24
8.6647536e+08 8.1850775e+17 3.3597446e+08 6.1037506e+08 5e-22 3.0580736e-23 1.7442278e-24
8.6891158e+08 8.1932626e+17 3.3528363e+08 6.0935691e+08 5e-22 3.0544335e-23 1.7495026e-24
8.7135526e+08 8.2014559e+17 3.3459405e+08 6.0833993e+08 5e-22 3.0508e-23 1.7547941e-24
8.7380643e+08 8.2096573e+17 3.3390573e+08 6.0732413e+08 5e-22 3.0471729e-23 1.7601021e-24
8.762651e+08 8.217867e+17 3.3321865e+08 6.0630949e+08 5e-22 3.0435523e-23 1.7654269e-24
8.7873131e+08 8.2260848e+17 3.3253283e+08 6.0529603e+08 5e-22 3.0399381e-23 1.7707684e-24
8.8120508e+08 8.2343109e+17 3.3184825e+08 6.0428373e+08 5e-22 3.0363303e-23 1.7761267e-24
8.8368643e+08 8.2425452e+17 3.3116491e+08 6.0327261e+08 5e-22 3.0327289e-23 1.7815018e-24
8.8617538e+08 8.2507878e+17 3.3048282e+08 6.0226266e+08 5e-22 3.0291339e-23 1.7868938e-24
8.8867197e+08 8.2590386e+17 3.2980198e+08 6.0125388e+08 5e-22 3.0255453e-23 1.7923028e-24
8.9117621e+08 8.2672976e+17 3.2912237e+08 6.0024627e+08 5e-22 3.0219631e-23 1.7977288e-24
8.9368813e+08 8.2755649e+17 3.2844399e+08 5.9923984e+08 5e-22 3.0183872e-23 1.8031719e-24
8.9620776e+08 8.2838405e+17 3.2776686e+08 5.9823457e+08 5e-22 3.0148176e-23 1.8086321e-24
8.9873512e+08 8.2921243e+17 3.2709096e+08 5.9723048e+08 5e-22 3.0112544e-23 1.8141094e-24
9.0127023e+08 8.3004164e+17 3.2641629e+08 5.9622756e+08 5e-22 3.0076974e-23 1.8196041e-24
9.0381312e+08 8.3087168e+17 3.2574285e+08 5.9522581e+08 5e-22 3.0041468e-23 1.825116e-24
9.0636382e+08 8.3170256e+17 3.2507064e+08 5.9422524e+08 5e-22 3.0006024e-23 1.8306452e-24
9.0892235e+08 8.3253426e+17 3.2439966e+08 5.9322584e+08 5e-22 2.9970643e-23 1.8361919e-24
9.1148873e+08 8.3336679e+17 3.2372991e+08 5.9222761e+08 5e-22 2.9935325e-23 1.841756e-24
9.14063e+08 8.3420016e+17 3.2306137e+08 5.9123055e+08 5e-22 2.9900069e-23 1.8473376e-24
9.1664517e+08 8.3503436e+17 3.2239406e+08 5.9023467e+08 5e-22 2.9864875e-23 1.8529368e-24
9.1923528e+08 8.3586939e+17 3.2172797e+08 5.8923996e+08 5e-22 2.9829744e-23 1.8585537e-24
9.2183334e+08 8.3670526e+17 3.210631e+08 5.8824642e+08 5e-22 2.9794674e-23 1.8641882e-24
9.2443939e+08 8.3754197e+17 3.2039945e+08 5.8725406e+08 5e-22 2.9759666e-23 1.8698405e-24
9.2705344e+08 8.3837951e+17 3.1973701e+08 5.8626287e+08 5e-22 2.972472e-23 1.8755105e-24
9.2967553e+08 8.3921789e+17 3.1907578e+08 5.8527285e+08 5e-22 2.9689836e-23 1.8811985e-24
9.3230568e+08 8.4005711e+17 3.1841576e+08 5.8428401e+08 5e-22 2.9655013e-23 1.8869044e-24
9.3494392e+08 8.4089717e+17 3.1775696e+08 5.8329634e+08 5e-22 2.9620251e-23 1.8926282e-24
9.3759028e+08 8.4173806e+17 3.1693651e+08 5.8247269e+08 5e-22 0 1.8983701e-24
9.4024613e+08 8.425798e+17 3.1611784e+08 5.8164964e+08 5e-22 0 1.9041331e-24
9.4291153e+08 8.4342238e+17 3.1530095e+08 5.8082589e+08 5e-22 0 1.9099174e-24
9.4558651e+08 8.442658e+17 3.1448584e+08 5.8000145e+08 5e-22 0 1.9157231e-24
9.482711e+08 8.4511007e+17 3.136725e+08 5.7917633e+08 5e-22 0 1.9215501e-24
9.5096534e+08 8.4595518e+17 3.1286093e+08 5.7835052e+08 5e-22 0 1.9273987e-24
9.5366928e+08 8.4680113e+17 3.1205114e+08 5.7752405e+08 5e-22 0 1.9332688e-24
9.5638294e+08 8.4764793e+17 3.1124311e+08 5.7669692e+08 5e-22 0 1.9391606e-24
9.5910636e+08 8.4849558e+17 3.1043685e+08 5.7586915e+08 5e-22 0 1.9450742e-24
9.6183959e+08 8.4934408e+17 3.0963236e+08 5.7504072e+08 5e-22 0 1.9510096e-24
9.6458267e+08 8.5019342e+17 3.0882962e+08 5.7421167e+08 5e-22 0 1.9569669e-24
9.6733562e+08 8.5104362e+17 3.0802865e+08 5.7338199e+08 5e-22 0 1.9629462e-24
9.7009849e+08 8.5189466e+17 3.0722943e+08 5.7255169e+08 5e-22 0 1.9689476e-24
9.7287132e+08 8.5274655e+17 3.0643197e+08 5.7172078e+08 5e-22 0 1.9749712e-24
9.7565415e+08 8.535993e+17 3.0563626e+08 5.7088927e+08 5e-22 0 1.9810171e-24
9.7844701e+08 8.544529e+17 3.048423e+08 5.7005718e+08 5e-22 0 1.9870853e-24
9.8124994e+08 8.5530735e+17 3.0405009e+08 5.6922449e+08 5e-22 0 1.993176e-24
9.8406299e+08 8.5616266e+17 3.0325963e+08 5.6839123e+08 5e-22 0 1.9992892e-24
9.8688619e+08 8.5701882e+17 3.0247091e+08 5.6755741e+08 5e-22 0 2.005425e-24
9.8971958e+08 8.5787584e+17 3.0168393e+08 5.6672302e+08 5e-22 0 2.0115836e-24
9.9256321e+08 8.5873372e+17 3.0089869e+08 5.6588808e+08 5e-22 0 2.0177649e-24
9.954171e+08 8.5959245e+17 3.0011519e+08 5.650526e+08 5e-22 0 2.0239691e-24
9.9828131e+08 8.6045204e+17 2.9933342e+08 5.6421659e+08 5e-22 0 2.0301964e-24
1.0011559e+09 8.613125e+17 2.9855339e+08 5.6338005e+08 5e-22 0 2.0364466e-24
1.0040408e+09 8.6217381e+17 2.9777509e+08 5.6254299e+08 5e-22 0 2.0427201e-24
1.0069362e+09 8.6303598e+17 2.9699852e+08 5.6170542e+08 5e-22 0 2.0490168e-24
1.0098421e+09 8.6389902e+17 2.9622367e+08 5.6086735e+08 5e-22 0 2.0553368e-24
1.0127584e+09 8.6476292e+17 2.9545054e+08 5.6002879e+08 5e-22 0 2.0616802e-24
1.0156854e+09 8.6562768e+17 2.9467914e+08 5.5918974e+08 5e-22 0 2.0680472e-24
1.0186229e+09 8.6649331e+17 2.9390946e+08 5.5835021e+08 5e-22 0 2.0744378e-24
1.0215711e+09 8.673598e+17 2.9314149e+08 5.5751022e+08 5e-22 0 2.0808521e-24
1.0245299e+09 8.6822716e+17 2.9237524e+08 5.5666976e+08 5e-22 0 2.0872903e-24
1.0274995e+09 8.6909539e+17 2.916107e+08 5.5582885e+08 5e-22 0 2.0937523e-24
1.0304798e+09 8.6996448e+17 2.9084787e+08 5.5498749e+08 5e-22 0 2.1002383e-24
1.0334709e+09 8.7083445e+17 2.9008675e+08 5.541457e+08 5e-22 0 2.1067484e-24
1.0364729e+09 8.7170528e+17 2.8932733e+08 5.5330348e+08 5e-22 0 2.1132826e-24
1.0394858e+09 8.7257699e+17 2.8856962e+08 5.5246083e+08 5e-22 0 2.1198412e-24
1.0425096e+09 8.7344956e+17 2.8781361e+08 5.5161778e+08 5e-22 0 2.1264241e-24
1.0455444e+09 8.7432301e+17 2.8705929e+08 5.5077432e+08 5e-22 0 2.1330315e-24
1.0485901e+09 8.7519734e+17 2.8630668e+08 5.4993046e+08 5e-22 0 2.1396634e-24
1.051647e+09 8.7607253e+17 2.8555575e+08 5.4908621e+08 5e-22 0 2.14632e-24
1.054715e+09 8.7694861e+17 2.8480652e+08 5.4824158e+08 5e-22 0 2.1530014e-24
1.0577941e+09 8.7782556e+17 2.8405898e+08 5.4739658e+08 5e-22 0 2.1597076e-24
1.0608844e+09 8.7870338e+17 2.8331312e+08 5.4655121e+08 5e-22 0 2.1664387e-24
1.0639859e+09 8.7958208e+17 2.8256895e+08 5.4570548e+08 5e-22 0 2.1731949e-24
1.0670987e+09 8.8046167e+17 2.8182646e+08 5.4485941e+08 5e-22 0 2.1799763e-24
1.0702228e+09 8.8134213e+17 2.8108565e+08 5.4401299e+08 5e-22 0 2.1867829e-24
1.0733583e+09 8.8222347e+17 2.8034651e+08 5.4316624e+08 5e-22 0 2.1936148e-24
1.0765052e+09 8.8310569e+17 2.7960905e+08 5.4231916e+08 5e-22 0 2.2004722e-24
1.0796636e+09 8.839888e+17 2.7887327e+08 5.4147176e+08 5e-22 0 2.2073551e-24
1.0828334e+09 8.8487279e+17 2.7813915e+08 5.4062405e+08 5e-22 0 2.2142637e-24
1.0860148e+09 8.8575766e+17 2.774067e+08 5.3977604e+08 5e-22 0 2.221198e-24
1.0892078e+09 8.8664342e+17 2.7667592e+08 5.3892773e+08 5e-22 0 2.2281581e-24
1.0924125e+09 8.8753006e+17 2.759468e+08 5.3807914e+08 5e-22 0 2.2351443e-24
1.0956288e+09 8.8841759e+17 2.7521934e+08 5.3723027e+08 5e-22 0 2.2421564e-24
1.0988568e+09 8.8930601e+17 2.7449353e+08 5.3638112e+08 5e-22 0 2.2491947e-24
1.1020966e+09 8.9019532e+17 2.7376939e+08 5.3553171e+08 5e-22 0 2.2562593e-24
1.1053482e+09 8.9108551e+17 2.730469e+08 5.3468204e+08 5e-22 0 2.2633502e-24
1.1086117e+09 8.919766e+17 2.7232605e+08 5.3383212e+08 5e-22 0 2.2704676e-24
1.1118871e+09 8.9286857e+17 2.7160686e+08 5.3298197e+08 5e-22 0 2.2776116e-24
1.1151745e+09 8.9376144e+17 2.7088931e+08 5.3213157e+08 5e-22 0 2.2847822e-24
1.1184738e+09 8.946552e+17 2.7017341e+08 5.3128095e+08 5e-22 0 2.2919796e-24
1.1217852e+09 8.9554986e+17 2.6945914e+08 5.3043011e+08 5e-22 0 2.2992039e-24
1.1251088e+09 8.9644541e+17 2.6874652e+08 5.2957906e+08 5e-22 0 2.3064551e-24
1.1284444e+09 8.9734185e+17 2.6803553e+08 5.2872781e+08 5e-22 0 2.3137335e-24
1.1317923e+09 8.982392e+17 2.6732618e+08 5.2787636e+08 5e-22 0 2.321039e-24
1.1351523e+09 8.9913743e+17 2.6661845e+08 5.2702472e+08 5e-22 0 2.3283719e-24
1.1385247e+09 9.0003657e+17 2.6591236e+08 5.261729e+08 5e-22 0 2.3357322e-24
1.1419094e+09 9.0093661e+17 2.6520789e+08 5.2532091e+08 5e-22 0 2.34312e-24
1.1453065e+09 9.0183755e+17 2.6450505e+08 5.2446874e+08 5e-22 0 2.3505354e-24
1.148716e+09 9.0273938e+17 2.6380383e+08 5.2361642e+08 5e-22 0 2.3579786e-24
1.1521381e+09 9.0364212e+17 2.6310422e+08 5.2276395e+08 5e-22 0 2.3654496e-24
1.1555726e+09 9.0454576e+17 2.6240624e+08 5.2191133e+08 5e-22 0 2.3729486e-24
1.1590197e+09 9.0545031e+17 2.6170986e+08 5.2105858e+08 5e-22 0 2.3804756e-24
1.1624795e+09 9.0635576e+17 2.610151e+08 5.2020569e+08 5e-22 0 2.3880308e-24
1.1659519e+09 9.0726212e+17 2.6032195e+08 5.1935269e+08 5e-22 0 2.3956143e-24
1.169437e+09 9.0816938e+17 2.5963041e+08 5.1849957e+08 5e-22 0 2.4032262e-24
1.172935e+09 9.0907755e+17 2.5894047e+08 5.1764634e+08 5e-22 0 2.4108666e-24
1.1764457e+09 9.0998663e+17 2.5825213e+08 5.1679301e+08 5e-22 0 2.4185357e-24
1.1799694e+09 9.1089661e+17 2.5756539e+08 5.1593958e+08 5e-22 0 2.4262335e-24
1.1835059e+09 9.1180751e+17 2.5688025e+08 5.1508607e+08 5e-22 0 2.4339601e-24
1.1870555e+09 9.1271932e+17 2.561967e+08 5.1423248e+08 5e-22 0 2.4417157e-24
1.1906181e+09 9.1363204e+17 2.5551474e+08 5.1337882e+08 5e-22 0 2.4495004e-24
1.1941937e+09 9.1454567e+17 2.5483437e+08 5.1252509e+08 5e-22 0 2.4573142e-24
1.1977825e+09 9.1546021e+17 2.5415559e+08 5.1167131e+08 5e-22 0 2.4651574e-24
1.2013845e+09 9.1637567e+17 2.534784e+08 5.1081747e+08 5e-22 0 2.47303e-24
1.2049997e+09 9.1729205e+17 2.5280278e+08 5.099636e+08 5e-22 0 2.4809321e-24
1.2086282e+09 9.1820934e+17 2.5212875e+08 5.0910968e+08 5e-22 0 2.4888639e-24
1.21227e+09 9.1912755e+17 2.5145629e+08 5.0825574e+08 5e-22 0 2.4968254e-24
1.2159252e+09 9.2004668e+17 2.507854e+08 5.0740177e+08 5e-22 0 2.5048169e-24
1.2195939e+09 9.2096672e+17 2.5011609e+08 5.0654779e+08 5e-22 0 2.5128383e-24
1.223276e+09 9.2188769e+17 2.4944835e+08 5.056938e+08 5e-22 0 2.5208899e-24
1.2269717e+09 9.2280958e+17 2.4878217e+08 5.0483981e+08 5e-22 0 2.5289717e-24
1.230681e+09 9.2373239e+17 2.4811756e+08 5.0398582e+08 5e-22 0 2.5370839e-24
1.234404e+09 9.2465612e+17 2.474545e+08 5.0313185e+08 5e-22 0 2.5452266e-24
1.2381407e+09 9.2558078e+17 2.4679301e+08 5.022779e+08 5e-22 0 2.5533998e-24
1.2418911e+09 9.2650636e+17 2.4613308e+08 5.0142397e+08 5e-22 0 2.5616038e-24
1.2456553e+09 9.2743286e+17 2.454747e+08 5.0057007e+08 5e-22 0 2.5698386e-24
1.2494335e+09 9.283603e+17 2.4481787e+08 4.9971622e+08 5e-22 0 2.5781044e-24
1.2532255e+09 9.2928866e+17 2.4416258e+08 4.9886241e+08 5e-22 0 2.5864013e-24
1.2570315e+09 9.3021795e+17 2.4350885e+08 4.9800866e+08 5e-22 0 2.5947294e-24
1.2608516e+09 9.3114816e+17 2.4285666e+08 4.9715496e+08 5e-22 0 2.6030888e-24
1.2646857e+09 9.3207931e+17 2.4220601e+08 4.9630134e+08 5e-22 0 2.6114797e-24
1.268534e+09 9.3301139e+17 2.415569e+08 4.9544778e+08 5e-22 0 2.6199022e-24
1.2723965e+09 9.339444e+17 2.4090933e+08 4.9459431e+08 5e-22 0 2.6283563e-24
1.2762733e+09 9.3487835e+17 2.4026329e+08 4.9374092e+08 5e-22 0 2.6368423e-24
1.2801643e+09 9.3581323e+17 2.3961878e+08 4.9288763e+08 5e-22 0 2.6453603e-24
1.2840698e+09 9.3674904e+17 2.389758e+08 4.9203444e+08 5e-22 0 2.6539103e-24
1.2879896e+09 9.3768579e+17 2.3833434e+08 4.9118136e+08 5e-22 0 2.6624926e-24
1.2919239e+09 9.3862347e+17 2.3769441e+08 4.9032838e+08 5e-22 0 2.6711071e-24
1.2958728e+09 9.395621e+17 2.37056e+08 4.8947553e+08 5e-22 0 2.6797542e-24
1.2998363e+09 9.4050166e+17 2.3641911e+08 4.8862281e+08 5e-22 0 2.6884338e-24
1.3038144e+09 9.4144216e+17 2.3578373e+08 4.8777022e+08 5e-22 0 2.6971461e-24
1.3078072e+09 9.423836e+17 2.3514987e+08 4.8691777e+08 5e-22 0 2.7058913e-24
1.3118148e+09 9.4332599e+17 2.3451752e+08 4.8606546e+08 5e-22 0 2.7146695e-24
1.3158372e+09 9.4426931e+17 2.3388667e+08 4.8521331e+08 5e-22 0 2.7234808e-24
1.3198745e+09 9.4521358e+17 2.3325734e+08 4.8436132e+08 5e-22 0 2.7323253e-24
1.3239267e+09 9.461588e+17 2.326295e+08 4.8350949e+08 5e-22 0 2.7412032e-24
1.327994e+09 9.4710495e+17 2.3200317e+08 4.8265784e+08 5e-22 0 2.7501146e-24
1.3320762e+09 9.4805206e+17 2.3137833e+08 4.8180636e+08 5e-22 0 2.7590596e-24
1.3361737e+09 9.4900011e+17 2.3075499e+08 4.8095507e+08 5e-22 0 2.7680384e-24
1.3402862e+09 9.4994911e+17 2.3013314e+08 4.8010397e+08 5e-22 0 2.777051e-24
1.3444141e+09 9.5089906e+17 2.2951278e+08 4.7925306e+08 5e-22 0 2.7860977e-24
1.3485572e+09 9.5184996e+17 2.2889391e+08 4.7840236e+08 5e-22 0 2.7951786e-24
1.3527157e+09 9.5280181e+17 2.2827652e+08 4.7755187e+08 5e-22 0 2.8042938e-24
1.3568896e+09 9.5375461e+17 2.2766062e+08 4.767016e+08 5e-22 0 2.8134434e-24
1.3610789e+09 9.5470837e+17 2.270462e+08 4.7585155e+08 5e-22 0 2.8226276e-24
1.3652838e+09 9.5566307e+17 2.2643325e+08 4.7500173e+08 5e-22 0 2.8318465e-24
1.3695043e+09 9.5661874e+17 2.2582178e+08 4.7415214e+08 5e-22 0 2.8411002e-24
1.3737405e+09 9.5757536e+17 2.2521178e+08 4.7330279e+08 5e-22 0 2.850389e-24
1.3779924e+09 9.5853293e+17 2.2460325e+08 4.7245369e+08 5e-22 0 2.8597128e-24
1.3822601e+09 9.5949146e+17 2.2399619e+08 4.7160484e+08 5e-22 0 2.8690719e-24
1.3865436e+09 9.6045096e+17 2.2339059e+08 4.7075625e+08 5e-22 0 2.8784664e-24
1.390843e+09 9.6141141e+17 2.2278645e+08 4.6990793e+08 5e-22 0 2.8878965e-24
1.3951584e+09 9.6237282e+17 2.2218378e+08 4.6905988e+08 5e-22 0 2.8973622e-24
1.3994898e+09 9.6333519e+17 2.2158256e+08 4.682121e+08 5e-22 0 2.9068637e-24
1.4038374e+09 9.6429853e+17 2.2098279e+08 4.6736461e+08 5e-22 0 2.9164013e-24
1.408201e+09 9.6526282e+17 2.2038448e+08 4.6651741e+08 5e-22 0 2.9259749e-24
1.4125809e+09 9.6622809e+17 2.1978761e+08 4.656705e+08 5e-22 0 2.9355847e-24
1.4169771e+09 9.6719432e+17 2.1919219e+08 4.648239e+08 5e-22 0 2.945231e-24
1.4213897e+09 9.6816151e+17 2.1859822e+08 4.639776e+08 5e-22 0 2.9549137e-24
1.4258186e+09 9.6912967e+17 2.1800568e+08 4.6313161e+08 5e-22 0 2.9646332e-24
1.4302641e+09 9.700988e+17 2.1741459e+08 4.6228594e+08 5e-22 0 2.9743895e-24
1.434726e+09 9.710689e+17 2.1682493e+08 4.614406e+08 5e-22 0 2.9841827e-24
1.4392046e+09 9.7203997e+17 2.162367e+08 4.6059558e+08 5e-22 0 2.9940131e-24
1.4436999e+09 9.7301201e+17 2.156499e+08 4.5975091e+08 5e-22 0 3.0038807e-24
1.4482119e+09 9.7398502e+17 2.1506454e+08 4.5890657e+08 5e-22 0 3.0137857e-24
1.4527407e+09 9.7495901e+17 2.144806e+08 4.5806258e+08 5e-22 0 3.0237283e-24
1.4572864e+09 9.7593396e+17 2.1389808e+08 4.5721895e+08 5e-22 0 3.0337085e-24
1.461849e+09 9.769099e+17 2.1331698e+08 4.5637567e+08 5e-22 0 3.0437267e-24
1.4664286e+09 9.7788681e+17 2.127373e+08 4.5553276e+08 5e-22 0 3.0537828e-24
1.4710253e+09 9.788647e+17 2.1215903e+08 4.5469022e+08 5e-22 0 3.0638771e-24
1.4756391e+09 9.7984356e+17 2.1158218e+08 4.5384805e+08 5e-22 0 3.0740097e-24
1.4802701e+09 9.808234e+17 2.1100674e+08 4.5300627e+08 5e-22 0 3.0841807e-24
1.4849184e+09 9.8180423e+17 2.1043271e+08 4.5216487e+08 5e-22 0 3.0943904e-24
1.4895841e+09 9.8278603e+17 2.0986008e+08 4.5132387e+08 5e-22 0 3.1046388e-24
1.4942671e+09 9.8376882e+17 2.0928885e+08 4.5048326e+08 5e-22 0 3.1149261e-24
1.4989677e+09 9.8475259e+17 2.0871902e+08 4.4964306e+08 5e-22 0 3.1252524e-24
1.5036857e+09 9.8573734e+17 2.081506e+08 4.4880326e+08 5e-22 0 3.135618e-24
1.5084214e+09 9.8672308e+17 2.0758356e+08 4.4796388e+08 5e-22 0 3.146023e-24
1.5131748e+09 9.877098e+17 2.0701792e+08 4.4712492e+08 5e-22 0 3.1564675e-24
1.5179459e+09 9.8869751e+17 2.0645366e+08 4.4628639e+08 5e-22 0 3.1669517e-24
1.5227349e+09 9.8968621e+17 2.058908e+08 4.4544828e+08 5e-22 0 3.1774757e-24
1.5275417e+09 9.9067589e+17 2.0532931e+08 4.4461061e+08 5e-22 0 3.1880397e-24
1.5323666e+09 9.9166657e+17 2.0476921e+08 4.4377338e+08 5e-22 0 3.1986439e-24
1.5372094e+09 9.9265824e+17 2.0421049e+08 4.429366e+08 5e-22 0 3.2092884e-24
1.5420704e+09 9.9365089e+17 2.0365315e+08 4.4210027e+08 5e-22 0 3.2199734e-24
1.5469495e+09 9.9464454e+17 2.0309718e+08 4.412644e+08 5e-22 0 3.230699e-24
1.5518469e+09 9.9563919e+17 2.0254258e+08 4.4042899e+08 5e-22 0 3.2414654e-24
1.5567626e+09 9.9663483e+17 2.0198935e+08 4.3959405e+08 5e-22 0 3.2522728e-24
1.5616967e+09 9.9763146e+17 2.0143748e+08 4.3875958e+08 5e-22 0 3.2631213e-24
1.5666492e+09 9.9862909e+17 2.0088698e+08 4.3792558e+08 5e-22 0 3.274011e-24
1.5716203e+09 9.9962772e+17 2.0033784e+08 4.3709207e+08 5e-22 0 3.2849423e-24
1.5766101e+09 1.0006274e+18 1.9979006e+08 4.3625905e+08 5e-22 0 3.2959151e-24
1.5816184e+09 1.001628e+18 1.9924363e+08 4.3542652e+08 5e-22 0 3.3069297e-24
1.5866456e+09 1.0026296e+18 1.9869856e+08 4.3459449e+08 5e-22 0 3.3179862e-24
1.5916916e+09 1.0036322e+18 1.9815484e+08 4.3376297e+08 5e-22 0 3.3290849e-24
1.5967565e+09 1.0046359e+18 1.9761247e+08 4.3293195e+08 5e-22 0 3.3402258e-24
1.6018403e+09 1.0056405e+18 1.9707144e+08 4.3210144e+08 5e-22 0 3.3514091e-24
1.6069433e+09 1.0066461e+18 1.9653175e+08 4.3127146e+08 5e-22 0 3.3626351e-24
1.6120653e+09 1.0076528e+18 1.9599341e+08 4.3044199e+08 5e-22 0 3.3739038e-24
1.6172066e+09 1.0086604e+18 1.954564e+08 4.2961305e+08 5e-22 0 3.3852155e-24
1.6223671e+09 1.0096691e+18 1.9492073e+08 4.2878465e+08 5e-22 0 3.3965703e-24
1.627547e+09 1.0106788e+18 1.9438639e+08 4.2795679e+08 5e-22 0 3.4079684e-24
1.6327463e+09 1.0116895e+18 1.9385338e+08 4.2712946e+08 5e-22 0 3.4194099e-24
1.6379652e+09 1.0127011e+18 1.933217e+08 4.2630269e+08 5e-22 0 3.430895e-24
1.6432036e+09 1.0137138e+18 1.9279134e+08 4.2547646e+08 5e-22 0 3.442424e-24
1.6484617e+09 1.0147276e+18 1.9226231e+08 4.246508e+08 5e-22 0 3.4539969e-24
1.6537395e+09 1.0157423e+18 1.917346e+08 4.2382569e+08 5e-22 0 3.465614e-24
1.6590372e+09 1.016758e+18 1.912082e+08 4.2300115e+08 5e-22 0 3.4772754e-24
1.6643547e+09 1.0177748e+18 1.9068312e+08 4.2217719e+08 5e-22 0 3.4889813e-24
1.6696922e+09 1.0187926e+18 1.9015935e+08 4.213538e+08 5e-22 0 3.5007319e-24
1.6750498e+09 1.0198114e+18 1.8963689e+08 4.2053099e+08 5e-22 0 3.5125273e-24
1.6804275e+09 1.0208312e+18 1.8911573e+08 4.1970876e+08 5e-22 0 3.5243678e-24
1.6858254e+09 1.021852e+18 1.8859588e+08 4.1888713e+08 5e-22 0 3.5362534e-24
1.6912436e+09 1.0228738e+18 1.8807734e+08 4.1806609e+08 5e-22 0 3.5481844e-24
1.6966822e+09 1.0238967e+18 1.8756009e+08 4.1724564e+08 5e-22 0 3.560161e-24
1.7021412e+09 1.0249206e+18 1.8704414e+08 4.164258e+08 5e-22 0 3.5721834e-24
1.7076208e+09 1.0259455e+18 1.8652948e+08 4.1560657e+08 5e-22 0 3.5842517e-24
1.713121e+09 1.0269715e+18 1.8601612e+08 4.1478795e+08 5e-22 0 3.596366e-24
1.7186419e+09 1.0279985e+18 1.8550404e+08 4.1396995e+08 5e-22 0 3.6085267e-24
1.7241835e+09 1.0290265e+18 1.8499325e+08 4.1315257e+08 5e-22 0 3.6207339e-24
1.729746e+09 1.0300555e+18 1.8448374e+08 4.1233582e+08 5e-22 0 3.6329876e-24
1.7353295e+09 1.0310855e+18 1.8397552e+08 4.1151969e+08 5e-22 0 3.6452883e-24
1.7409339e+09 1.0321166e+18 1.8346857e+08 4.107042e+08 5e-22 0 3.657636e-24
1.7465595e+09 1.0331487e+18 1.829629e+08 4.0988935e+08 5e-22 0 3.6700308e-24
1.7522063e+09 1.0341819e+18 1.8245851e+08 4.0907515e+08 5e-22 0 3.6824731e-24
1.7578743e+09 1.0352161e+18 1.8195538e+08 4.0826159e+08 5e-22 0 3.694963e-24
1.7635637e+09 1.0362513e+18 1.8145353e+08 4.0744868e+08 5e-22 0 3.7075006e-24
1.7692746e+09 1.0372875e+18 1.8095294e+08 4.0663642e+08 5e-22 0 3.7200862e-24
1.7750069e+09 1.0383248e+18 1.8045361e+08 4.0582483e+08 5e-22 0 3.73272e-24
1.7807609e+09 1.0393631e+18 1.7995555e+08 4.050139e+08 5e-22 0 3.7454021e-24
1.7865366e+09 1.0404025e+18 1.7945874e+08 4.0420364e+08 5e-22 0 3.7581327e-24
1.792334e+09 1.0414429e+18 1.7896319e+08 4.0339406e+08 5e-22 0 3.7709121e-24
1.7981533e+09 1.0424844e+18 1.7846889e+08 4.0258515e+08 5e-22 0 3.7837404e-24
1.8039946e+09 1.0435268e+18 1.7797585e+08 4.0177692e+08 5e-22 0 3.7966178e-24
1.8098579e+09 1.0445704e+18 1.7748405e+08 4.0096937e+08 5e-22 0 3.8095445e-24
1.8157433e+09 1.0456149e+18 1.769935e+08 4.0016252e+08 5e-22 0 3.8225208e-24
1.821651e+09 1.0466606e+18 1.7650419e+08 3.9935636e+08 5e-22 0 3.8355467e-24
1.8275809e+09 1.0477072e+18 1.7601612e+08 3.9855089e+08 5e-22 0 3.8486225e-24
1.8335333e+09 1.0487549e+18 1.7552929e+08 3.9774613e+08 5e-22 0 3.8617484e-24
1.8395081e+09 1.0498037e+18 1.7504369e+08 3.9694207e+08 5e-22 0 3.8749246e-24
1.8455054e+09 1.0508535e+18 1.7455933e+08 3.9613872e+08 5e-22 0 3.8881513e-24
1.8515255e+09 1.0519043e+18 1.740762e+08 3.9533609e+08 5e-22 0 3.9014287e-24
1.8575683e+09 1.0529562e+18 1.735943e+08 3.9453417e+08 5e-22 0 3.914757e-24
1.8636339e+09 1.0540092e+18 1.7311362e+08 3.9373297e+08 5e-22 0 3.9281364e-24
1.8697224e+09 1.0550632e+18 1.7263417e+08 3.9293249e+08 5e-22 0 3.9415671e-24
1.875834e+09 1.0561183e+18 1.7215593e+08 3.9213275e+08 5e-22 0 3.9550493e-24
1.8819686e+09 1.0571744e+18 1.7167892e+08 3.9133374e+08 5e-22 0 3.9685832e-24
1.8881265e+09 1.0582316e+18 1.7120312e+08 3.9053546e+08 5e-22 0 3.982169e-24
1.8943076e+09 1.0592898e+18 1.7072853e+08 3.8973792e+08 5e-22 0 3.9958069e-24
1.9005122e+09 1.0603491e+18 1.7025516e+08 3.8894113e+08 5e-22 0 4.0094972e-24
1.9067402e+09 1.0614094e+18 1.6978299e+08 3.8814508e+08 5e-22 0 4.02324e-24
1.9129917e+09 1.0624708e+18 1.6931203e+08 3.8734978e+08 5e-22 0 4.0370355e-24
1.919267e+09 1.0635333e+18 1.6884227e+08 3.8655524e+08 5e-22 0 4.0508839e-24
1.9255659e+09 1.0645968e+18 1.6837371e+08 3.8576146e+08 5e-22 0 4.0647855e-24
1.9318888e+09 1.0656614e+18 1.6790635e+08 3.8496843e+08 5e-22 0 4.0787405e-24
1.9382355e+09 1.0667271e+18 1.6744018e+08 3.8417618e+08 5e-22 0 4.0927491e-24
1.9446063e+09 1.0677938e+18 1.6697521e+08 3.8338469e+08 5e-22 0 4.1068114e-24
1.9510012e+09 1.0688616e+18 1.6651143e+08 3.8259398e+08 5e-22 0 4.1209278e-24
1.9574204e+09 1.0699305e+18 1.6604883e+08 3.8180404e+08 5e-22 0 4.1350984e-24
1.9638639e+09 1.0710004e+18 1.6558742e+08 3.8101488e+08 5e-22 0 4.1493234e-24
1.9703317e+09 1.0720714e+18 1.651272e+08 3.802265e+08 5e-22 0 4.163603e-24
1.9768241e+09 1.0731435e+18 1.6466815e+08 3.7943891e+08 5e-22 0 4.1779375e-24
1.9833411e+09 1.0742166e+18 1.6421029e+08 3.7865211e+08 5e-22 0 4.1923272e-24
1.9898829e+09 1.0752908e+18 1.637536e+08 3.778661e+08 5e-22 0 4.2067721e-24
1.9964494e+09 1.0763661e+18 1.6329808e+08 3.7708089e+08 5e-22 0 4.2212725e-24
2.0030408e+09 1.0774425e+18 1.6284373e+08 3.7629648e+08 5e-22 0 4.2358286e-24
2.0096572e+09 1.0785199e+18 1.6239055e+08 3.7551287e+08 5e-22 0 4.2504408e-24
2.0162987e+09 1.0795985e+18 1.6193854e+08 3.7473007e+08 5e-22 0 4.2651091e-24
2.0229654e+09 1.0806781e+18 1.6148769e+08 3.7394808e+08 5e-22 0 4.2798338e-24
2.0296575e+09 1.0817587e+18 1.61038e+08 3.7316691e+08 5e-22 0 4.2946151e-24
2.0363749e+09 1.0828405e+18 1.6058947e+08 3.7238654e+08 5e-22 0 4.3094533e-24
2.0431178e+09 1.0839233e+18 1.6014209e+08 3.71607e+08 5e-22 0 4.3243486e-24
2.0498863e+09 1.0850073e+18 1.5969587e+08 3.7082828e+08 5e-22 0 4.3393012e-24
2.0566805e+09 1.0860923e+18 1.592508e+08 3.7005039e+08 5e-22 0 4.3543113e-24
2.0635005e+09 1.0871784e+18 1.5880688e+08 3.6927333e+08 5e-22 0 4.3693792e-24
2.0703464e+09 1.0882655e+18 1.583641e+08 3.684971e+08 5e-22 0 4.384505e-24
2.0772184e+09 1.0893538e+18 1.5792247e+08 3.677217e+08 5e-22 0 4.3996891e-24
2.0841164e+09 1.0904432e+18 1.5748198e+08 3.6694715e+08 5e-22 0 4.4149317e-24
2.0910406e+09 1.0915336e+18 1.5704263e+08 3.6617343e+08 5e-22 0 4.4302329e-24
2.0979912e+09 1.0926251e+18 1.5660441e+08 3.6540056e+08 5e-22 0 4.445593e-24
2.1049682e+09 1.0937178e+18 1.5616733e+08 3.6462854e+08 5e-22 0 4.4610123e-24
2.1119717e+09 1.0948115e+18 1.5573138e+08 3.6385737e+08 5e-22 0 4.476491e-24
2.1190018e+09 1.0959063e+18 1.5529655e+08 3.6308705e+08 5e-22 0 4.4920293e-24
2.1260586e+09 1.0970022e+18 1.5486286e+08 3.6231759e+08 5e-22 0 4.5076274e-24
2.1331423e+09 1.0980992e+18 1.5443029e+08 3.6154899e+08 5e-22 0 4.5232856e-24
2.140253e+09 1.0991973e+18 1.5399884e+08 3.6078125e+08 5e-22 0 4.5390042e-24
2.1473907e+09 1.1002965e+18 1.5356851e+08 3.6001437e+08 5e-22 0 4.5547833e-24
2.1545555e+09 1.1013968e+18 1.5313929e+08 3.5924837e+08 5e-22 0 4.5706233e-24
2.1617477e+09 1.1024982e+18 1.5271119e+08 3.5848324e+08 5e-22 0 4.5865243e-24
2.1689672e+09 1.1036007e+18 1.5228421e+08 3.5771897e+08 5e-22 0 4.6024866e-24
2.1762141e+09 1.1047043e+18 1.5185833e+08 3.5695559e+08 5e-22 0 4.6185104e-24
2.1834887e+09 1.105809e+18 1.5143356e+08 3.5619309e+08 5e-22 0 4.634596e-24
2.190791e+09 1.1069148e+18 1.5100989e+08 3.5543147e+08 5e-22 0 4.6507436e-24
2.1981211e+09 1.1080217e+18 1.5058733e+08 3.5467073e+08 5e-22 0 4.6669535e-24
2.2054791e+09 1.1091297e+18 1.5016587e+08 3.5391088e+08 5e-22 0 4.683226e-24
2.2128651e+09 1.1102389e+18 1.497455e+08 3.5315192e+08 5e-22 0 4.6995612e-24
2.2202793e+09 1.1113491e+18 1.4932623e+08 3.5239386e+08 5e-22 0 4.7159594e-24
2.2277217e+09 1.1124605e+18 1.4890805e+08 3.5163669e+08 5e-22 0 4.7324208e-24
2.2351925e+09 1.1135729e+18 1.4849096e+08 3.5088042e+08 5e-22 0 4.7489458e-24
2.2426918e+09 1.1146865e+18 1.4807496e+08 3.5012505e+08 5e-22 0 4.7655346e-24
2.2502196e+09 1.1158012e+18 1.4766005e+08 3.4937058e+08 5e-22 0 4.7821874e-24
2.2577762e+09 1.116917e+18 1.4724622e+08 3.4861702e+08 5e-22 0 4.7989045e-24
2.2653615e+09 1.1180339e+18 1.4683347e+08 3.4786437e+08 5e-22 0 4.815686e-24
2.2729758e+09 1.1191519e+18 1.4642179e+08 3.4711263e+08 5e-22 0 4.8325324e-24
2.2806192e+09 1.1202711e+18 1.460112e+08 3.463618e+08 5e-22 0 4.8494439e-24
2.2882917e+09 1.1213914e+18 1.4560168e+08 3.4561189e+08 5e-22 0 4.8664206e-24
2.2959934e+09 1.1225127e+18 1.4519322e+08 3.448629e+08 5e-22 0 4.8834629e-24
2.3037246e+09 1.1236353e+18 1.4478584e+08 3.4411483e+08 5e-22 0 4.900571e-24
2.3114853e+09 1.1247589e+18 1.4437953e+08 3.4336768e+08 5e-22 0 4.9177452e-24
2.3192756e+09 1.1258836e+18 1.4397428e+08 3.4262146e+08 5e-22 0 4.9349857e-24
2.3270956e+09 1.1270095e+18 1.4357009e+08 3.4187617e+08 5e-22 0 4.9522929e-24
2.3349455e+09 1.1281365e+18 1.4316696e+08 3.4113181e+08 5e-22 0 4.9696669e-24
2.3428254e+09 1.1292647e+18 1.4276488e+08 3.4038838e+08 5e-22 0 4.9871081e-24
2.3507353e+09 1.1303939e+18 1.4236387e+08 3.3964589e+08 5e-22 0 5.0046166e-24
2.3586755e+09 1.1315243e+18 1.419639e+08 3.3890433e+08 5e-22 0 5.0221929e-24
2.366646e+09 1.1326559e+18 1.4156498e+08 3.3816372e+08 5e-22 0 5.0398371e-24
2.374647e+09 1.1337885e+18 1.4116712e+08 3.3742405e+08 5e-22 0 5.0575495e-24
2.3826785e+09 1.1349223e+18 1.4077029e+08 3.3668532e+08 5e-22 0 5.0753304e-24
2.3907407e+09 1.1360572e+18 1.4037451e+08 3.3594753e+08 5e-22 0 5.09318e-24
2.3988338e+09 1.1371933e+18 1.3997977e+08 3.352107e+08 5e-22 0 5.1110986e-24
2.4069578e+09 1.1383305e+18 1.3958607e+08 3.3447482e+08 5e-22 0 5.1290866e-24
2.4151128e+09 1.1394688e+18 1.3919341e+08 3.3373989e+08 5e-22 0 5.1471441e-24
2.423299e+09 1.1406083e+18 1.3880178e+08 3.3300592e+08 5e-22 0 5.1652715e-24
2.4315166e+09 1.1417489e+18 1.3841118e+08 3.322729e+08 5e-22 0 5.1834691e-24
2.4397655e+09 1.1428906e+18 1.3802161e+08 3.3154084e+08 5e-22 0 5.201737e-24
2.448046e+09 1.1440335e+18 1.3763307e+08 3.3080975e+08 5e-22 0 5.2200756e-24
2.4563582e+09 1.1451776e+18 1.3724555e+08 3.3007962e+08 5e-22 0 5.2384852e-24
2.4647023e+09 1.1463227e+18 1.3685905e+08 3.2935045e+08 5e-22 0 5.256966e-24
2.4730782e+09 1.1474691e+18 1.3647357e+08 3.2862225e+08 5e-22 0 5.2755184e-24
2.4814862e+09 1.1486165e+18 1.3608911e+08 3.2789503e+08 5e-22 0 5.2941426e-24
2.4899264e+09 1.1497651e+18 1.3570567e+08 3.2716877e+08 5e-22 0 5.3128388e-24
2.4983989e+09 1.1509149e+18 1.3532324e+08 3.2644349e+08 5e-22 0 5.3316075e-24
2.5069038e+09 1.1520658e+18 1.3494182e+08 3.2571918e+08 5e-22 0 5.3504489e-24
2.5154413e+09 1.1532179e+18 1.3456141e+08 3.2499585e+08 5e-22 0 5.3693632e-24
2.5240115e+09 1.1543711e+18 1.34182e+08 3.242735e+08 5e-22 0 5.3883508e-24
2.5326145e+09 1.1555255e+18 1.338036e+08 3.2355213e+08 5e-22 0 5.4074119e-24
2.5412505e+09 1.156681e+18 1.334262e+08 3.2283174e+08 5e-22 0 5.4265468e-24
2.5499196e+09 1.1578377e+18 1.3304979e+08 3.2211234e+08 5e-22 0 5.4457559e-24
2.5586219e+09 1.1589955e+18 1.3267439e+08 3.2139393e+08 5e-22 0 5.4650394e-24
2.5673575e+09 1.1601545e+18 1.3229998e+08 3.206765e+08 5e-22 0 5.4843977e-24
2.5761266e+09 1.1613147e+18 1.3192656e+08 3.1996007e+08 5e-22 0 5.5038309e-24
2.5849293e+09 1.162476e+18 1.3155413e+08 3.1924462e+08 5e-22 0 5.5233395e-24
2.5937658e+09 1.1636385e+18 1.3118269e+08 3.1853017e+08 5e-22 0 5.5429236e-24
2.6026362e+09 1.1648021e+18 1.3081224e+08 3.1781672e+08 5e-22 0 5.5625837e-24
2.6115406e+09 1.1659669e+18 1.3044277e+08 3.1710426e+08 5e-22 0 5.5823201e-24
2.6204791e+09 1.1671329e+18 1.3007428e+08 3.1639281e+08 5e-22 0 5.6021329e-24
2.6294519e+09 1.1683e+18 1.2970677e+08 3.1568235e+08 5e-22 0 5.6220225e-24
2.6384592e+09 1.1694683e+18 1.2934023e+08 3.1497289e+08 5e-22 0 5.6419893e-24
2.647501e+09 1.1706378e+18 1.2897467e+08 3.1426444e+08 5e-22 0 5.6620335e-24
2.6565775e+09 1.1718084e+18 1.2861008e+08 3.13557e+08 5e-22 0 5.6821555e-24
2.6656888e+09 1.1729802e+18 1.2824646e+08 3.1285056e+08 5e-22 0 5.7023555e-24
2.6748351e+09 1.1741532e+18 1.2788381e+08 3.1214513e+08 5e-22 0 5.7226339e-24
2.6840165e+09 1.1753274e+18 1.2752213e+08 3.1144071e+08 5e-22 0 5.742991e-24
2.6932331e+09 1.1765027e+18 1.2716141e+08 3.107373e+08 5e-22 0 5.763427e-24
2.7024852e+09 1.1776792e+18 1.2680164e+08 3.1003491e+08 5e-22 0 5.7839423e-24
2.7117728e+09 1.1788569e+18 1.2644284e+08 3.0933353e+08 5e-22 0 5.8045373e-24
2.721096e+09 1.1800357e+18 1.26085e+08 3.0863316e+08 5e-22 0 5.8252122e-24
2.730455e+09 1.1812158e+18 1.257281e+08 3.0793382e+08 5e-22 0 5.8459673e-24
2.73985e+09 1.182397e+18 1.2537216e+08 3.0723549e+08 5e-22 0 5.866803e-24
2.7492811e+09 1.1835794e+18 1.2501717e+08 3.0653819e+08 5e-22 0 5.8877196e-24
2.7587485e+09 1.1847629e+18 1.2466313e+08 3.058419e+08 5e-22 0 5.9087174e-24
2.7682522e+09 1.1859477e+18 1.2431003e+08 3.0514664e+08 5e-22 0 5.9297967e-24
2.7777924e+09 1.1871337e+18 1.2395788e+08 3.0445241e+08 5e-22 0 5.9509579e-24
2.7873693e+09 1.1883208e+18 1.2360667e+08 3.037592e+08 5e-22 0 5.9722013e-24
2.7969831e+09 1.1895091e+18 1.2325639e+08 3.0306701e+08 5e-22 0 5.9935271e-24
2.8066338e+09 1.1906986e+18 1.2290705e+08 3.0237586e+08 5e-22 0 6.0149358e-24
2.8163216e+09 1.1918893e+18 1.2255865e+08 3.0168574e+08 5e-22 0 6.0364277e-24
2.8260466e+09 1.1930812e+18 1.2221118e+08 3.0099664e+08 5e-22 0 6.0580031e-24
2.8358091e+09 1.1942743e+18 1.2186464e+08 3.0030858e+08 5e-22 0 6.0796623e-24
2.8456091e+09 1.1954686e+18 1.2151903e+08 2.9962156e+08 5e-22 0 6.1014057e-24
2.8554468e+09 1.196664e+18 1.2117434e+08 2.9893557e+08 5e-22 0 6.1232335e-24
2.8653223e+09 1.1978607e+18 1.2083058e+08 2.9825061e+08 5e-22 0 6.1451462e-24
2.8752359e+09 1.1990586e+18 1.2048773e+08 2.975667e+08 5e-22 0 6.1671441e-24
2.8851876e+09 1.2002576e+18 1.2014581e+08 2.9688382e+08 5e-22 0 6.1892274e-24
2.8951776e+09 1.2014579e+18 1.1980481e+08 2.9620198e+08 5e-22 0 6.2113966e-24
2.9052061e+09 1.2026593e+18 1.1946471e+08 2.9552118e+08 5e-22 0 6.233652e-24
2.9152731e+09 1.203862e+18 1.1912554e+08 2.9484143e+08 5e-22 0 6.255994e-24
2.925379e+09 1.2050659e+18 1.1878727e+08 2.9416271e+08 5e-22 0 6.2784228e-24
2.9355237e+09 1.2062709e+18 1.1844991e+08 2.9348505e+08 5e-22 0 6.3009388e-24
2.9457075e+09 1.2074772e+18 1.1811346e+08 2.9280842e+08 5e-22 0 6.3235424e-24
2.9559305e+09 1.2086847e+18 1.1777791e+08 2.9213285e+08 5e-22 0 6.3462339e-24
2.9661929e+09 1.2098934e+18 1.1744326e+08 2.9145832e+08 5e-22 0 6.3690137e-24
2.9764949e+09 1.2111032e+18 1.1710951e+08 2.9078484e+08 5e-22 0 6.3918821e-24
2.9868365e+09 1.2123143e+18 1.1677666e+08 2.9011241e+08 5e-22 0 6.4148394e-24
2.997218e+09 1.2135267e+18 1.1644471e+08 2.8944103e+08 5e-22 0 6.4378861e-24
3.0076395e+09 1.2147402e+18 1.1611365e+08 2.887707e+08 5e-22 0 6.4610225e-24
3.0181011e+09 1.2159549e+18 1.1578348e+08 2.8810142e+08 5e-22 0 6.4842489e-24
3.0286031e+09 1.2171709e+18 1.154542e+08 2.874332e+08 5e-22 0 6.5075656e-24
3.0391456e+09 1.2183881e+18 1.1512581e+08 2.8676603e+08 5e-22 0 6.5309732e-24
3.0497287e+09 1.2196064e+18 1.147983e+08 2.8609992e+08 5e-22 0 6.5544718e-24
3.0603526e+09 1.2208261e+18 1.1447168e+08 2.8543486e+08 5e-22 0 6.578062e-24
3.0710174e+09 1.2220469e+18 1.1414594e+08 2.8477086e+08 5e-22 0 6.6017439e-24
3.0817234e+09 1.2232689e+18 1.1382107e+08 2.8410792e+08 5e-22 0 6.6255181e-24
3.0924707e+09 1.2244922e+18 1.1349708e+08 2.8344604e+08 5e-22 0 6.6493848e-24
3.1032595e+09 1.2257167e+18 1.1317397e+08 2.8278521e+08 5e-22 0 6.6733445e-24
3.1140899e+09 1.2269424e+18 1.1285173e+08 2.8212545e+08 5e-22 0 6.6973975e-24
3.124962e+09 1.2281693e+18 1.1253036e+08 2.8146675e+08 5e-22 0 6.7215441e-24
3.1358761e+09 1.2293975e+18 1.1220986e+08 2.8080911e+08 5e-22 0 6.7457849e-24
3.1468324e+09 1.2306269e+18 1.1189022e+08 2.8015253e+08 5e-22 0 6.77012e-24
3.1578309e+09 1.2318575e+18 1.1157145e+08 2.7949702e+08 5e-22 0 6.7945499e-24
