# Mfl=0.1Msun, vmin=0.01c, vmax=0.1c, power-law-index=0.5
# time [s], rsh [cm], vsh [cm/s], Deltav_2 [cm/s], rho_ISM [g/cm3], rhofl_2 [g/cm3], int_rhosq_1dr [g^2/cm^5]
3159158 9.4739929e+15 2.9965881e+09 2311915.5 1e-24 2.0743664e-18 5.884337e-39
3162319.6 9.4834669e+15 2.9968283e+09 2069840.1 9.9750437e-25 2.068157e-18 1.309161e-38
3165484.1 9.4929504e+15 2.9968188e+09 2076986.9 9.9501497e-25 2.0619665e-18 1.9484671e-38
3168651.7 9.5024433e+15 2.9968152e+09 2078601.6 9.9253177e-25 2.0557944e-18 2.5849453e-38
3171822.6 9.5119458e+15 2.9968126e+09 2079039.8 9.9005478e-25 2.0496408e-18 3.2168094e-38
3174996.6 9.5214577e+15 2.9968105e+09 2079085.9 9.8758397e-25 2.0435055e-18 3.8437233e-38
3178173.8 9.5309792e+15 2.9968086e+09 2078964 9.8511932e-25 2.0373887e-18 4.4655958e-38
3181354.2 9.5405102e+15 2.9968067e+09 2078758.4 9.8266083e-25 2.0312901e-18 5.082406e-38
3184537.7 9.5500507e+15 2.9968049e+09 2078506.4 9.8020847e-25 2.0252098e-18 5.6941591e-38
3187724.5 9.5596007e+15 2.9968031e+09 2078226.7 9.7776223e-25 2.0191477e-18 6.3008717e-38
3190914.4 9.5691603e+15 2.9968013e+09 2077929.5 9.753221e-25 2.0131038e-18 6.9025663e-38
3194107.5 9.5787295e+15 2.9967995e+09 2077620.7 9.7288805e-25 2.0070779e-18 7.4992685e-38
3197303.9 9.5883082e+15 2.9967978e+09 2077304.1 9.7046008e-25 2.0010701e-18 8.0910053e-38
3200503.4 9.5978965e+15 2.996796e+09 2076981.9 9.6803817e-25 1.9950802e-18 8.6778049e-38
3203706.1 9.6074944e+15 2.9967943e+09 2076655.8 9.656223e-25 1.9891083e-18 9.259696e-38
3206912 9.6171019e+15 2.9967925e+09 2076326.8 9.6321247e-25 1.9831543e-18 9.8367077e-38
3210121.2 9.626719e+15 2.9967908e+09 2075995.7 9.6080864e-25 1.977218e-18 1.0408869e-37
3213333.5 9.6363457e+15 2.996789e+09 2075663 9.5841082e-25 1.9712996e-18 1.097621e-37
3216549.1 9.6459821e+15 2.9967873e+09 2075329.1 9.5601898e-25 1.9653989e-18 1.1538759e-37
3219767.8 9.6556281e+15 2.9967856e+09 2074994.4 9.5363311e-25 1.9595158e-18 1.2096545e-37
3222989.8 9.6652837e+15 2.9967838e+09 2074659 9.5125319e-25 1.9536503e-18 1.2649599e-37
3226215 9.674949e+15 2.9967821e+09 2074323.1 9.4887921e-25 1.9478024e-18 1.3197948e-37
3229443.5 9.6846239e+15 2.9967803e+09 2073987 9.4651116e-25 1.941972e-18 1.3741622e-37
3232675.2 9.6943085e+15 2.9967786e+09 2073650.6 9.4414902e-25 1.9361591e-18 1.428065e-37
3235910.1 9.7040029e+15 2.9967769e+09 2073314.1 9.4179277e-25 1.9303635e-18 1.4815061e-37
3239148.2 9.7137069e+15 2.9967751e+09 2072977.6 9.394424e-25 1.9245853e-18 1.5344883e-37
3242389.6 9.7234206e+15 2.9967734e+09 2072641 9.370979e-25 1.9188244e-18 1.5870144e-37
3245634.2 9.733144e+15 2.9967717e+09 2072304.6 9.3475925e-25 1.9130808e-18 1.6390873e-37
3248882.1 9.7428771e+15 2.9967699e+09 2071968.2 9.3242643e-25 1.9073543e-18 1.6907099e-37
3252133.2 9.75262e+15 2.9967682e+09 2071631.9 9.3009944e-25 1.901645e-18 1.7418849e-37
3255387.6 9.7623726e+15 2.9967665e+09 2071295.8 9.2777825e-25 1.8959528e-18 1.7926151e-37
3258645.3 9.772135e+15 2.9967647e+09 2070959.9 9.2546286e-25 1.8902776e-18 1.8429033e-37
3261906.2 9.7819071e+15 2.996763e+09 2070624.2 9.2315325e-25 1.8846194e-18 1.8927522e-37
3265170.3 9.791689e+15 2.9967613e+09 2070288.7 9.208494e-25 1.8789781e-18 1.9421647e-37
3268437.7 9.8014807e+15 2.9967595e+09 2069953.4 9.185513e-25 1.8733537e-18 1.9911434e-37
3271708.4 9.8112822e+15 2.9967578e+09 2069618.4 9.1625893e-25 1.8677461e-18 2.039691e-37
3274982.4 9.8210935e+15 2.9967561e+09 2069283.6 9.1397229e-25 1.8621554e-18 2.0878103e-37
3278259.6 9.8309146e+15 2.9967543e+09 2068949.1 9.1169135e-25 1.8565813e-18 2.135504e-37
3281540.2 9.8407455e+15 2.9967526e+09 2068614.8 9.094161e-25 1.851024e-18 2.1827746e-37
3284824 9.8505862e+15 2.9967509e+09 2068280.9 9.0714653e-25 1.8454833e-18 2.229625e-37
3288111 9.8604368e+15 2.9967492e+09 2067947.2 9.0488263e-25 1.8399592e-18 2.2760577e-37
3291401.4 9.8702973e+15 2.9967474e+09 2067613.8 9.0262438e-25 1.8344516e-18 2.3220753e-37
3294695.1 9.8801676e+15 2.9967457e+09 2067280.7 9.0037176e-25 1.8289605e-18 2.3676805e-37
3297992.1 9.8900477e+15 2.996744e+09 2066947.9 8.9812476e-25 1.8234858e-18 2.4128759e-37
3301292.3 9.8999378e+15 2.9967422e+09 2066615.4 8.9588337e-25 1.8180275e-18 2.4576641e-37
3304595.9 9.9098377e+15 2.9967405e+09 2066283.2 8.9364758e-25 1.8125856e-18 2.5020476e-37
3307902.8 9.9197476e+15 2.9967388e+09 2065951.3 8.9141736e-25 1.8071599e-18 2.546029e-37
3311212.9 9.9296673e+15 2.996737e+09 2065619.7 8.8919272e-25 1.8017505e-18 2.5896108e-37
3314526.4 9.939597e+15 2.9967353e+09 2065288.4 8.8697362e-25 1.7963573e-18 2.6327956e-37
3317843.2 9.9495366e+15 2.9967336e+09 2064957.5 8.8476006e-25 1.7909802e-18 2.6755859e-37
3321163.4 9.9594861e+15 2.9967318e+09 2064626.9 8.8255202e-25 1.7856192e-18 2.7179842e-37
3324486.8 9.9694456e+15 2.9967301e+09 2064296.5 8.803495e-25 1.7802743e-18 2.759993e-37
3327813.6 9.979415e+15 2.9967284e+09 2063966.5 8.7815247e-25 1.7749453e-18 2.8016148e-37
3331143.7 9.9893945e+15 2.9967266e+09 2063636.9 8.7596093e-25 1.7696323e-18 2.8428519e-37
3334477.1 9.9993838e+15 2.9967249e+09 2063307.5 8.7377485e-25 1.7643353e-18 2.883707e-37
3337813.9 1.0009383e+16 2.9967232e+09 2062978.5 8.7159423e-25 1.759054e-18 2.9241823e-37
3341154 1.0019393e+16 2.9967214e+09 2062649.8 8.6941905e-25 1.7537886e-18 2.9642804e-37
3344497.5 1.0029412e+16 2.9967197e+09 2062321.4 8.672493e-25 1.7485389e-18 3.0040036e-37
3347844.3 1.0039441e+16 2.996718e+09 2061993.3 8.6508497e-25 1.743305e-18 3.0433543e-37
3351194.4 1.0049481e+16 2.9967162e+09 2061665.6 8.6292603e-25 1.7380867e-18 3.082335e-37
3354547.9 1.005953e+16 2.9967145e+09 2061338.2 8.6077249e-25 1.7328841e-18 3.1209479e-37
3357904.8 1.006959e+16 2.9967128e+09 2061011.1 8.5862432e-25 1.727697e-18 3.1591955e-37
3361265 1.0079659e+16 2.996711e+09 2060684.4 8.5648151e-25 1.7225254e-18 3.19708e-37
3364628.5 1.0089739e+16 2.9967093e+09 2060358 8.5434405e-25 1.7173693e-18 3.2346038e-37
3367995.5 1.0099829e+16 2.9967076e+09 2060031.9 8.5221192e-25 1.7122287e-18 3.2717693e-37
3371365.8 1.0109929e+16 2.9967059e+09 2059706.1 8.5008511e-25 1.7071034e-18 3.3085787e-37
3374739.5 1.0120039e+16 2.9967041e+09 2059380.7 8.4796361e-25 1.7019935e-18 3.3450343e-37
3378116.5 1.0130159e+16 2.9967024e+09 2059055.6 8.4584741e-25 1.6968989e-18 3.3811383e-37
3381497 1.0140289e+16 2.9967007e+09 2058730.8 8.4373648e-25 1.6918195e-18 3.4168932e-37
3384880.8 1.0150429e+16 2.9966989e+09 2058406.4 8.4163083e-25 1.6867554e-18 3.452301e-37
3388268 1.016058e+16 2.9966972e+09 2058082.3 8.3953043e-25 1.6817063e-18 3.4873641e-37
3391658.6 1.017074e+16 2.9966955e+09 2057758.5 8.3743527e-25 1.6766724e-18 3.5220846e-37
3395052.6 1.0180911e+16 2.9966937e+09 2057435.1 8.3534534e-25 1.6716536e-18 3.5564649e-37
3398449.9 1.0191092e+16 2.996692e+09 2057112 8.3326062e-25 1.6666498e-18 3.590507e-37
3401850.7 1.0201283e+16 2.9966903e+09 2056789.2 8.3118111e-25 1.661661e-18 3.6242132e-37
3405254.9 1.0211484e+16 2.9966885e+09 2056466.7 8.2910679e-25 1.6566871e-18 3.6575856e-37
3408662.5 1.0221696e+16 2.9966868e+09 2056144.6 8.2703765e-25 1.6517281e-18 3.6906264e-37
3412073.5 1.0231917e+16 2.9966851e+09 2055822.8 8.2497367e-25 1.6467839e-18 3.7233379e-37
3415487.9 1.0242149e+16 2.9966833e+09 2055501.4 8.2291483e-25 1.6418546e-18 3.755722e-37
3418905.7 1.0252391e+16 2.9966816e+09 2055180.3 8.2086114e-25 1.63694e-18 3.787781e-37
3422327 1.0262644e+16 2.9966799e+09 2054859.5 8.1881258e-25 1.6320401e-18 3.8195169e-37
3425751.7 1.0272906e+16 2.9966781e+09 2054539 8.1676912e-25 1.6271548e-18 3.8509319e-37
3429179.8 1.0283179e+16 2.9966764e+09 2054218.9 8.1473077e-25 1.6222842e-18 3.882028e-37
3432611.3 1.0293463e+16 2.9966747e+09 2053899.1 8.126975e-25 1.6174282e-18 3.9128074e-37
3436046.2 1.0303756e+16 2.9966729e+09 2053579.7 8.1066931e-25 1.6125867e-18 3.9432721e-37
3439484.6 1.031406e+16 2.9966712e+09 2053260.5 8.0864617e-25 1.6077597e-18 3.9734241e-37
3442926.5 1.0324374e+16 2.9966695e+09 2052941.7 8.0662809e-25 1.6029471e-18 4.0032656e-37
3446371.8 1.0334698e+16 2.9966677e+09 2052623.3 8.0461504e-25 1.598149e-18 4.0327984e-37
3449820.5 1.0345033e+16 2.996666e+09 2052305.1 8.0260702e-25 1.5933652e-18 4.0620248e-37
3453272.7 1.0355378e+16 2.9966643e+09 2051987.4 8.0060401e-25 1.5885957e-18 4.0909466e-37
3456728.3 1.0365733e+16 2.9966626e+09 2051669.9 7.98606e-25 1.5838406e-18 4.1195659e-37
3460187.4 1.0376099e+16 2.9966608e+09 2051352.8 7.9661297e-25 1.5790996e-18 4.1478847e-37
3463650 1.0386475e+16 2.9966591e+09 2051036 7.9462492e-25 1.5743728e-18 4.1759049e-37
3467116 1.0396862e+16 2.9966574e+09 2050719.5 7.9264183e-25 1.5696602e-18 4.2036285e-37
3470585.5 1.0407258e+16 2.9966556e+09 2050403.4 7.9066369e-25 1.5649617e-18 4.2310575e-37
3474058.4 1.0417666e+16 2.9966539e+09 2050087.6 7.8869048e-25 1.5602773e-18 4.2581938e-37
3477534.9 1.0428083e+16 2.9966522e+09 2049772.1 7.867222e-25 1.5556068e-18 4.2850394e-37
3481014.8 1.0438511e+16 2.9966504e+09 2049456.9 7.8475883e-25 1.5509504e-18 4.3115961e-37
3484498.2 1.044895e+16 2.9966487e+09 2049142.1 7.8280036e-25 1.5463079e-18 4.3378659e-37
3487985 1.0459399e+16 2.996647e+09 2048827.7 7.8084678e-25 1.5416793e-18 4.3638506e-37
3491475.4 1.0469858e+16 2.9966452e+09 2048513.5 7.7889807e-25 1.5370645e-18 4.3895523e-37
3494969.3 1.0480328e+16 2.9966435e+09 2048199.7 7.7695423e-25 1.5324636e-18 4.4149727e-37
3498466.6 1.0490808e+16 2.9966418e+09 2047886.2 7.7501524e-25 1.5278764e-18 4.4401137e-37
3501967.5 1.0501299e+16 2.99664e+09 2047573.1 7.7308109e-25 1.523303e-18 4.4649772e-37
3505471.8 1.0511801e+16 2.9966383e+09 2047260.3 7.7115176e-25 1.5187432e-18 4.489565e-37
3508979.7 1.0522312e+16 2.9966366e+09 2046947.8 7.6922725e-25 1.5141971e-18 4.5138789e-37
3512491.1 1.0532835e+16 2.9966348e+09 2046635.6 7.6730754e-25 1.5096646e-18 4.5379209e-37
3516006 1.0543368e+16 2.9966331e+09 2046323.8 7.6539263e-25 1.5051457e-18 4.5616927e-37
3519524.4 1.0553911e+16 2.9966314e+09 2046012.3 7.6348249e-25 1.5006403e-18 4.5851961e-37
3523046.3 1.0564465e+16 2.9966296e+09 2045701.1 7.6157712e-25 1.4961484e-18 4.6084328e-37
3526571.7 1.0575029e+16 2.9966279e+09 2045390.3 7.596765e-25 1.4916699e-18 4.6314048e-37
3530100.7 1.0585604e+16 2.9966262e+09 2045079.8 7.5778063e-25 1.4872049e-18 4.6541138e-37
3533633.2 1.059619e+16 2.9966244e+09 2044769.6 7.5588949e-25 1.4827532e-18 4.6765614e-37
3537169.3 1.0606786e+16 2.9966227e+09 2044459.8 7.5400307e-25 1.4783148e-18 4.6987496e-37
3540708.8 1.0617393e+16 2.996621e+09 2044150.3 7.5212135e-25 1.4738897e-18 4.72068e-37
3544252 1.062801e+16 2.9966192e+09 2043841.1 7.5024433e-25 1.4694779e-18 4.7423544e-37
3547798.6 1.0638638e+16 2.9966175e+09 2043532.2 7.48372e-25 1.4650792e-18 4.7637744e-37
3551348.8 1.0649277e+16 2.9966158e+09 2043223.7 7.4650434e-25 1.4606938e-18 4.7849419e-37
3554902.6 1.0659926e+16 2.996614e+09 2042915.5 7.4464134e-25 1.4563214e-18 4.8058585e-37
3558459.9 1.0670586e+16 2.9966123e+09 2042607.6 7.4278299e-25 1.4519622e-18 4.8265259e-37
3562020.8 1.0681257e+16 2.9966106e+09 2042300.1 7.4092928e-25 1.447616e-18 4.8469458e-37
3565585.3 1.0691938e+16 2.9966088e+09 2041992.9 7.3908019e-25 1.4432828e-18 4.8671198e-37
3569153.3 1.070263e+16 2.9966071e+09 2041686 7.3723572e-25 1.4389626e-18 4.8870497e-37
3572724.9 1.0713333e+16 2.9966054e+09 2041379.5 7.3539585e-25 1.4346553e-18 4.9067372e-37
3576300 1.0724046e+16 2.9966036e+09 2041073.3 7.3356057e-25 1.4303609e-18 4.9261837e-37
3579878.8 1.073477e+16 2.9966019e+09 2040767.4 7.3172988e-25 1.4260793e-18 4.9453911e-37
3583461.1 1.0745505e+16 2.9966002e+09 2040461.8 7.2990375e-25 1.4218106e-18 4.9643608e-37
3587047 1.075625e+16 2.9965985e+09 2040156.6 7.2808218e-25 1.4175546e-18 4.9830946e-37
3590636.5 1.0767006e+16 2.9965967e+09 2039851.7 7.2626515e-25 1.4133114e-18 5.001594e-37
3594229.5 1.0777773e+16 2.996595e+09 2039547.1 7.2445266e-25 1.4090809e-18 5.0198607e-37
3597826.2 1.0788551e+16 2.9965933e+09 2039242.9 7.226447e-25 1.4048631e-18 5.0378962e-37
3601426.5 1.079934e+16 2.9965915e+09 2038939 7.2084124e-25 1.4006579e-18 5.0557022e-37
3605030.4 1.0810139e+16 2.9965898e+09 2038635.4 7.1904229e-25 1.3964652e-18 5.0732801e-37
3608637.8 1.0820949e+16 2.9965881e+09 2038332.1 7.1724782e-25 1.3922851e-18 5.0906316e-37
3612248.9 1.083177e+16 2.9965863e+09 2038029.2 7.1545784e-25 1.3881176e-18 5.1077582e-37
3615863.6 1.0842602e+16 2.9965846e+09 2037726.6 7.1367232e-25 1.3839625e-18 5.1246615e-37
3619481.9 1.0853445e+16 2.9965829e+09 2037424.3 7.1189125e-25 1.3798198e-18 5.141343e-37
3623103.9 1.0864298e+16 2.9965811e+09 2037122.4 7.1011464e-25 1.3756895e-18 5.1578042e-37
3626729.5 1.0875162e+16 2.9965794e+09 2036820.7 7.0834245e-25 1.3715716e-18 5.1740467e-37
3630358.6 1.0886037e+16 2.9965777e+09 2036519.5 7.0657469e-25 1.3674661e-18 5.1900719e-37
3633991.5 1.0896924e+16 2.9965759e+09 2036218.5 7.0481134e-25 1.3633728e-18 5.2058814e-37
3637627.9 1.090782e+16 2.9965742e+09 2035917.8 7.0305239e-25 1.3592918e-18 5.2214766e-37
3641268 1.0918728e+16 2.9965725e+09 2035617.5 7.0129783e-25 1.3552229e-18 5.2368591e-37
3644911.8 1.0929647e+16 2.9965707e+09 2035317.6 6.9954765e-25 1.3511663e-18 5.2520303e-37
3648559.1 1.0940577e+16 2.996569e+09 2035017.9 6.9780184e-25 1.3471218e-18 5.2669917e-37
3652210.2 1.0951517e+16 2.9965673e+09 2034718.6 6.9606038e-25 1.3430894e-18 5.2817448e-37
3655864.9 1.0962469e+16 2.9965655e+09 2034419.6 6.9432327e-25 1.3390691e-18 5.2962909e-37
3659523.2 1.0973431e+16 2.9965638e+09 2034120.9 6.9259049e-25 1.3350608e-18 5.3106316e-37
3663185.2 1.0984405e+16 2.9965621e+09 2033822.5 6.9086204e-25 1.3310646e-18 5.3247683e-37
3666850.9 1.0995389e+16 2.9965603e+09 2033524.5 6.8913791e-25 1.3270802e-18 5.3387024e-37
3670520.2 1.1006384e+16 2.9965586e+09 2033226.8 6.8741807e-25 1.3231078e-18 5.3524353e-37
3674193.2 1.1017391e+16 2.9965569e+09 2032929.4 6.8570253e-25 1.3191473e-18 5.3659685e-37
3677869.9 1.1028408e+16 2.9965551e+09 2032632.4 6.8399127e-25 1.3151987e-18 5.3793033e-37
3681550.3 1.1039437e+16 2.9965534e+09 2032335.6 6.8228428e-25 1.3112618e-18 5.3924411e-37
3685234.3 1.1050476e+16 2.9965517e+09 2032039.3 6.8058155e-25 1.3073368e-18 5.4053833e-37
3688922.1 1.1061527e+16 2.9965499e+09 2031743.2 6.7888307e-25 1.3034235e-18 5.4181313e-37
3692613.5 1.1072588e+16 2.9965482e+09 2031447.4 6.7718883e-25 1.2995219e-18 5.4306865e-37
3696308.6 1.1083661e+16 2.9965465e+09 2031152 6.7549881e-25 1.295632e-18 5.4430502e-37
3700007.4 1.1094744e+16 2.9965447e+09 2030856.9 6.7381302e-25 1.2917538e-18 5.4552238e-37
3703709.9 1.1105839e+16 2.996543e+09 2030562.1 6.7213143e-25 1.2878871e-18 5.4672086e-37
3707416.1 1.1116945e+16 2.9965413e+09 2030267.7 6.7045403e-25 1.284032e-18 5.479006e-37
3711126.1 1.1128062e+16 2.9965395e+09 2029973.6 6.6878083e-25 1.2801885e-18 5.4906173e-37
3714839.7 1.113919e+16 2.9965378e+09 2029679.8 6.671118e-25 1.2763565e-18 5.5020437e-37
3718557 1.1150329e+16 2.9965361e+09 2029386.3 6.6544693e-25 1.2725359e-18 5.5132867e-37
3722278.1 1.1161479e+16 2.9965343e+09 2029093.1 6.6378622e-25 1.2687268e-18 5.5243476e-37
3726002.9 1.1172641e+16 2.9965326e+09 2028800.3 6.6212966e-25 1.264929e-18 5.5352276e-37
3729731.4 1.1183814e+16 2.9965308e+09 2028507.8 6.6047722e-25 1.2611427e-18 5.545928e-37
3733463.7 1.1194997e+16 2.9965291e+09 2028215.6 6.5882892e-25 1.2573677e-18 5.5564501e-37
3737199.7 1.1206192e+16 2.9965274e+09 2027923.8 6.5718472e-25 1.2536039e-18 5.5667952e-37
3740939.4 1.1217399e+16 2.9965256e+09 2027632.2 6.5554463e-25 1.2498515e-18 5.5769645e-37
3744682.9 1.1228616e+16 2.9965239e+09 2027341 6.5390863e-25 1.2461102e-18 5.5869594e-37
3748430.1 1.1239845e+16 2.9965222e+09 2027050.2 6.5227672e-25 1.2423802e-18 5.5967811e-37
3752181.1 1.1251084e+16 2.9965204e+09 2026759.6 6.5064888e-25 1.2386614e-18 5.6064307e-37
3755935.8 1.1262335e+16 2.9965187e+09 2026469.3 6.490251e-25 1.2349536e-18 5.6159097e-37
3759694.2 1.1273598e+16 2.996517e+09 2026179.4 6.4740537e-25 1.231257e-18 5.6252191e-37
3763456.5 1.1284871e+16 2.9965152e+09 2025889.8 6.4578968e-25 1.2275714e-18 5.6343602e-37
3767222.5 1.1296156e+16 2.9965135e+09 2025600.6 6.4417803e-25 1.2238969e-18 5.6433343e-37
3770992.2 1.1307452e+16 2.9965118e+09 2025311.6 6.425704e-25 1.2202334e-18 5.6521425e-37
3774765.8 1.131876e+16 2.99651e+09 2025023 6.4096678e-25 1.2165808e-18 5.6607861e-37
3778543.1 1.1330079e+16 2.9965083e+09 2024734.7 6.3936716e-25 1.2129391e-18 5.6692662e-37
3782324.2 1.1341409e+16 2.9965066e+09 2024446.7 6.3777154e-25 1.2093084e-18 5.677584e-37
3786109.1 1.135275e+16 2.9965048e+09 2024159.1 6.361799e-25 1.2056885e-18 5.6857408e-37
3789897.7 1.1364103e+16 2.9965031e+09 2023871.7 6.3459223e-25 1.2020795e-18 5.6937377e-37
3793690.2 1.1375467e+16 2.9965014e+09 2023584.7 6.3300852e-25 1.1984813e-18 5.7015758e-37
3797486.4 1.1386842e+16 2.9964996e+09 2023298 6.3142876e-25 1.1948938e-18 5.7092564e-37
3801286.5 1.1398229e+16 2.9964979e+09 2023011.6 6.2985295e-25 1.1913171e-18 5.7167805e-37
3805090.3 1.1409628e+16 2.9964962e+09 2022725.6 6.2828107e-25 1.1877511e-18 5.7241494e-37
3808898 1.1421037e+16 2.9964944e+09 2022439.8 6.2671311e-25 1.1841957e-18 5.7313641e-37
3812709.5 1.1432458e+16 2.9964927e+09 2022154.4 6.2514906e-25 1.180651e-18 5.7384258e-37
3816524.7 1.1443891e+16 2.996491e+09 2021869.4 6.2358892e-25 1.177117e-18 5.7453357e-37
3820343.8 1.1455335e+16 2.9964892e+09 2021584.6 6.2203267e-25 1.1735934e-18 5.7520948e-37
3824166.7 1.146679e+16 2.9964875e+09 2021300.1 6.2048031e-25 1.1700805e-18 5.7587043e-37
3827993.5 1.1478257e+16 2.9964858e+09 2021016 6.1893182e-25 1.166578e-18 5.7651653e-37
3831824.1 1.1489735e+16 2.996484e+09 2020732.2 6.1738719e-25 1.1630861e-18 5.7714788e-37
3835658.5 1.1501225e+16 2.9964823e+09 2020448.7 6.1584642e-25 1.1596046e-18 5.777646e-37
3839496.7 1.1512726e+16 2.9964806e+09 2020165.6 6.143095e-25 1.1561335e-18 5.783668e-37
3843338.8 1.1524239e+16 2.9964788e+09 2019882.7 6.1277641e-25 1.1526728e-18 5.7895458e-37
3847184.7 1.1535763e+16 2.9964771e+09 2019600.2 6.1124714e-25 1.1492224e-18 5.7952806e-37
3851034.5 1.1547299e+16 2.9964753e+09 2019318 6.0972169e-25 1.1457824e-18 5.8008733e-37
3854888.1 1.1558846e+16 2.9964736e+09 2019036.1 6.0820005e-25 1.1423527e-18 5.8063251e-37
3858745.6 1.1570405e+16 2.9964719e+09 2018754.5 6.0668221e-25 1.1389333e-18 5.811637e-37
3862606.9 1.1581975e+16 2.9964701e+09 2018473.3 6.0516816e-25 1.135524e-18 5.81681e-37
3866472.2 1.1593557e+16 2.9964684e+09 2018192.4 6.0365788e-25 1.132125e-18 5.8218452e-37
3870341.2 1.1605151e+16 2.9964667e+09 2017911.8 6.0215137e-25 1.1287362e-18 5.8267437e-37
3874214.2 1.1616756e+16 2.9964649e+09 2017631.5 6.0064862e-25 1.1253575e-18 5.8315065e-37
3878091 1.1628373e+16 2.9964632e+09 2017351.5 5.9914963e-25 1.1219889e-18 5.8361345e-37
3881971.7 1.1640001e+16 2.9964615e+09 2017071.8 5.9765437e-25 1.1186304e-18 5.8406289e-37
3885856.3 1.1651641e+16 2.9964597e+09 2016792.5 5.9616284e-25 1.115282e-18 5.8449906e-37
3889744.7 1.1663293e+16 2.996458e+09 2016513.5 5.9467504e-25 1.1119436e-18 5.8492206e-37
3893637.1 1.1674956e+16 2.9964563e+09 2016234.8 5.9319095e-25 1.1086151e-18 5.85332e-37
3897533.4 1.1686631e+16 2.9964545e+09 2015956.4 5.9171056e-25 1.1052967e-18 5.8572896e-37
3901433.5 1.1698318e+16 2.9964528e+09 2015678.4 5.9023387e-25 1.1019882e-18 5.8611307e-37
3905337.6 1.1710016e+16 2.9964511e+09 2015400.6 5.8876087e-25 1.0986895e-18 5.864844e-37
3909245.5 1.1721726e+16 2.9964493e+09 2015123.2 5.8729154e-25 1.0954008e-18 5.8684306e-37
3913157.4 1.1733448e+16 2.9964476e+09 2014846.1 5.8582587e-25 1.0921219e-18 5.8718914e-37
3917073.2 1.1745181e+16 2.9964458e+09 2014569.3 5.8436387e-25 1.0888528e-18 5.8752275e-37
3920992.9 1.1756926e+16 2.9964441e+09 2014292.8 5.8290551e-25 1.0855935e-18 5.8784397e-37
3924916.5 1.1768683e+16 2.9964424e+09 2014016.7 5.8145079e-25 1.0823439e-18 5.8815291e-37
3928844.1 1.1780452e+16 2.9964406e+09 2013740.8 5.7999971e-25 1.0791041e-18 5.8844966e-37
3932775.6 1.1792232e+16 2.9964389e+09 2013465.3 5.7855224e-25 1.075874e-18 5.8873431e-37
3936711 1.1804024e+16 2.9964372e+09 2013190.1 5.7710839e-25 1.0726535e-18 5.8900695e-37
3940650.3 1.1815829e+16 2.9964354e+09 2012915.2 5.7566814e-25 1.0694427e-18 5.8926768e-37
3944593.6 1.1827644e+16 2.9964337e+09 2012640.7 5.7423148e-25 1.0662415e-18 5.895166e-37
3948540.9 1.1839472e+16 2.996432e+09 2012366.4 5.7279841e-25 1.0630499e-18 5.8975379e-37
3952492 1.1851311e+16 2.9964302e+09 2012092.5 5.7136892e-25 1.0598678e-18 5.8997934e-37
3956447.2 1.1863163e+16 2.9964285e+09 2011818.9 5.6994299e-25 1.0566952e-18 5.9019335e-37
3960406.3 1.1875026e+16 2.9964268e+09 2011545.6 5.6852062e-25 1.0535322e-18 5.9039591e-37
3964369.4 1.1886901e+16 2.996425e+09 2011272.6 5.6710181e-25 1.0503786e-18 5.905871e-37
3968336.4 1.1898788e+16 2.9964233e+09 2010999.9 5.6568653e-25 1.0472345e-18 5.9076701e-37
3972307.4 1.1910687e+16 2.9964215e+09 2010727.6 5.6427478e-25 1.0440997e-18 5.9093575e-37
3976282.3 1.1922597e+16 2.9964198e+09 2010455.5 5.6286656e-25 1.0409744e-18 5.9109338e-37
3980261.3 1.193452e+16 2.9964181e+09 2010183.8 5.6146185e-25 1.0378584e-18 5.9124e-37
3984244.2 1.1946454e+16 2.9964163e+09 2009912.4 5.6006065e-25 1.0347517e-18 5.9137571e-37
3988231.1 1.1958401e+16 2.9964146e+09 2009641.3 5.5866295e-25 1.0316544e-18 5.9150057e-37
3992222 1.1970359e+16 2.9964129e+09 2009370.5 5.5726873e-25 1.0285663e-18 5.9161469e-37
3996216.9 1.198233e+16 2.9964111e+09 2009100.1 5.5587799e-25 1.0254874e-18 5.9171814e-37
4000215.8 1.1994312e+16 2.9964094e+09 2008829.9 5.5449073e-25 1.0224178e-18 5.9181101e-37
4004218.7 1.2006306e+16 2.9964077e+09 2008560.1 5.5310692e-25 1.0193573e-18 5.9189338e-37
4008225.6 1.2018313e+16 2.9964059e+09 2008290.6 5.5172657e-25 1.016306e-18 5.9196534e-37
4012236.5 1.2030331e+16 2.9964042e+09 2008021.4 5.5034966e-25 1.0132639e-18 5.9202698e-37
4016251.5 1.2042361e+16 2.9964024e+09 2007752.5 5.4897619e-25 1.0102309e-18 5.9207837e-37
4020270.4 1.2054404e+16 2.9964007e+09 2007483.9 5.4760615e-25 1.0072069e-18 5.921196e-37
4024293.4 1.2066458e+16 2.996399e+09 2007215.6 5.4623953e-25 1.004192e-18 5.9215075e-37
4028320.3 1.2078524e+16 2.9963972e+09 2006947.7 5.4487632e-25 1.0011861e-18 5.921719e-37
4032351.4 1.2090603e+16 2.9963955e+09 2006680.1 5.4351651e-25 9.9818918e-19 5.9218313e-37
4036386.4 1.2102694e+16 2.9963938e+09 2006412.8 5.4216009e-25 9.9520126e-19 5.9218453e-37
4040425.5 1.2114796e+16 2.996392e+09 2006145.7 5.4080706e-25 9.9222228e-19 5.9217617e-37
4044468.6 1.2126911e+16 2.9963903e+09 2005879.1 5.394574e-25 9.8925222e-19 5.9215812e-37
4048515.8 1.2139038e+16 2.9963885e+09 2005612.7 5.3811112e-25 9.8629105e-19 5.9213048e-37
4052567 1.2151177e+16 2.9963868e+09 2005346.6 5.3676819e-25 9.8333874e-19 5.9209332e-37
4056622.3 1.2163328e+16 2.9963851e+09 2005080.9 5.3542861e-25 9.8039527e-19 5.9204672e-37
4060681.6 1.2175492e+16 2.9963833e+09 2004815.4 5.3409238e-25 9.7746061e-19 5.9199075e-37
4064745 1.2187667e+16 2.9963816e+09 2004550.3 5.3275948e-25 9.7453473e-19 5.919255e-37
4068812.5 1.2199855e+16 2.9963799e+09 2004285.5 5.3142991e-25 9.7161761e-19 5.9185103e-37
4072884 1.2212055e+16 2.9963781e+09 2004021 5.3010366e-25 9.6870923e-19 5.9176743e-37
4076959.6 1.2224267e+16 2.9963764e+09 2003756.8 5.2878071e-25 9.6580955e-19 5.9167477e-37
4081039.3 1.2236491e+16 2.9963746e+09 2003492.9 5.2746107e-25 9.6291854e-19 5.9157312e-37
4085123.1 1.2248727e+16 2.9963729e+09 2003229.4 5.2614472e-25 9.600362e-19 5.9146257e-37
4089210.9 1.2260976e+16 2.9963712e+09 2002966.1 5.2483166e-25 9.5716248e-19 5.9134318e-37
4093302.9 1.2273237e+16 2.9963694e+09 2002703.2 5.2352187e-25 9.5429736e-19 5.9121503e-37
4097398.9 1.228551e+16 2.9963677e+09 2002440.6 5.2221536e-25 9.5144082e-19 5.9107819e-37
4101499 1.2297796e+16 2.996366e+09 2002178.3 5.209121e-25 9.4859283e-19 5.9093273e-37
4105603.3 1.2310094e+16 2.9963642e+09 2001916.3 5.1961209e-25 9.4575336e-19 5.9077874e-37
4109711.6 1.2322404e+16 2.9963625e+09 2001654.6 5.1831533e-25 9.429224e-19 5.9061627e-37
4113824.1 1.2334726e+16 2.9963607e+09 2001393.2 5.1702181e-25 9.4009991e-19 5.904454e-37
4117940.6 1.2347061e+16 2.996359e+09 2001132.1 5.1573151e-25 9.3728586e-19 5.9026621e-37
4122061.3 1.2359408e+16 2.9963573e+09 2000871.4 5.1444444e-25 9.3448024e-19 5.9007875e-37
4126186.1 1.2371767e+16 2.9963555e+09 2000610.9 5.1316057e-25 9.3168302e-19 5.8988311e-37
4130315.1 1.2384139e+16 2.9963538e+09 2000350.8 5.1187991e-25 9.2889417e-19 5.8967936e-37
4134448.1 1.2396523e+16 2.9963521e+09 2000091 5.1060245e-25 9.2611367e-19 5.8946755e-37
4138585.4 1.240892e+16 2.9963503e+09 1999831.5 5.0932818e-25 9.2334149e-19 5.8924777e-37
4142726.7 1.2421329e+16 2.9963486e+09 1999572.3 5.0805708e-25 9.2057761e-19 5.8902007e-37
4146872.2 1.243375e+16 2.9963468e+09 1999313.4 5.0678916e-25 9.17822e-19 5.8878454e-37
4151021.8 1.2446184e+16 2.9963451e+09 1999054.8 5.055244e-25 9.1507464e-19 5.8854122e-37
4155175.6 1.245863e+16 2.9963434e+09 1998796.5 5.0426279e-25 9.1233551e-19 5.882902e-37
4159333.6 1.2471089e+16 2.9963416e+09 1998538.6 5.0300434e-25 9.0960457e-19 5.8803154e-37
4163495.7 1.248356e+16 2.9963399e+09 1998280.9 5.0174903e-25 9.0688181e-19 5.8776531e-37
4167661.9 1.2496043e+16 2.9963381e+09 1998023.6 5.0049685e-25 9.041672e-19 5.8749157e-37
4171832.4 1.2508539e+16 2.9963364e+09 1997766.5 4.9924779e-25 9.0146071e-19 5.8721038e-37
4176007 1.2521048e+16 2.9963347e+09 1997509.8 4.9800185e-25 8.9876233e-19 5.8692181e-37
4180185.8 1.2533569e+16 2.9963329e+09 1997253.4 4.9675902e-25 8.9607202e-19 5.8662594e-37
4184368.7 1.2546102e+16 2.9963312e+09 1996997.3 4.955193e-25 8.9338977e-19 5.8632281e-37
4188555.9 1.2558649e+16 2.9963295e+09 1996741.5 4.9428266e-25 8.9071554e-19 5.860125e-37
4192747.2 1.2571207e+16 2.9963277e+09 1996486 4.9304911e-25 8.8804932e-19 5.8569507e-37
4196942.8 1.2583778e+16 2.996326e+09 1996230.9 4.9181865e-25 8.8539108e-19 5.8537058e-37
4201142.5 1.2596362e+16 2.9963242e+09 1995976 4.9059125e-25 8.827408e-19 5.850391e-37
4205346.5 1.2608958e+16 2.9963225e+09 1995721.4 4.8936691e-25 8.8009845e-19 5.8470068e-37
4209554.6 1.2621567e+16 2.9963208e+09 1995467.2 4.8814563e-25 8.7746401e-19 5.8435539e-37
4213766.9 1.2634189e+16 2.996319e+09 1995213.2 4.869274e-25 8.7483746e-19 5.8400329e-37
4217983.5 1.2646823e+16 2.9963173e+09 1994959.6 4.8571221e-25 8.7221876e-19 5.8364444e-37
4222204.3 1.265947e+16 2.9963155e+09 1994706.3 4.8450005e-25 8.6960791e-19 5.8327891e-37
4226429.3 1.267213e+16 2.9963138e+09 1994453.3 4.8329092e-25 8.6700487e-19 5.8290675e-37
4230658.6 1.2684802e+16 2.9963121e+09 1994200.6 4.820848e-25 8.6440962e-19 5.8252802e-37
4234892 1.2697486e+16 2.9963103e+09 1993948.2 4.808817e-25 8.6182215e-19 5.8214278e-37
4239129.7 1.2710184e+16 2.9963086e+09 1993696.1 4.7968159e-25 8.5924241e-19 5.817511e-37
4243371.7 1.2722894e+16 2.9963068e+09 1993444.3 4.7848448e-25 8.566704e-19 5.8135302e-37
4247617.9 1.2735617e+16 2.9963051e+09 1993192.8 4.7729036e-25 8.5410609e-19 5.8094862e-37
4251868.3 1.2748353e+16 2.9963034e+09 1992941.7 4.7609922e-25 8.5154945e-19 5.8053794e-37
4256123 1.2761101e+16 2.9963016e+09 1992690.8 4.7491105e-25 8.4900047e-19 5.8012105e-37
4260382 1.2773862e+16 2.9962999e+09 1992440.2 4.7372585e-25 8.4645911e-19 5.79698e-37
4264645.2 1.2786636e+16 2.9962981e+09 1992190 4.7254361e-25 8.4392537e-19 5.7926885e-37
4268912.7 1.2799423e+16 2.9962964e+09 1991940.1 4.7136431e-25 8.413992e-19 5.7883366e-37
4273184.4 1.2812222e+16 2.9962947e+09 1991690.4 4.7018796e-25 8.388806e-19 5.7839247e-37
4277460.4 1.2825034e+16 2.9962929e+09 1991441.1 4.6901454e-25 8.3636954e-19 5.7794536e-37
4281740.7 1.2837859e+16 2.9962912e+09 1991192.1 4.6784406e-25 8.33866e-19 5.7749237e-37
4286025.3 1.2850697e+16 2.9962894e+09 1990943.4 4.6667649e-25 8.3136994e-19 5.7703356e-37
4290314.2 1.2863548e+16 2.9962877e+09 1990695 4.6551184e-25 8.2888136e-19 5.7656898e-37
4294607.3 1.2876411e+16 2.996286e+09 1990446.9 4.6435009e-25 8.2640023e-19 5.760987e-37
4298904.8 1.2889288e+16 2.9962842e+09 1990199.1 4.6319124e-25 8.2392653e-19 5.7562275e-37
4303206.6 1.2902177e+16 2.9962825e+09 1989951.6 4.6203529e-25 8.2146023e-19 5.751412e-37
4307512.6 1.2915079e+16 2.9962807e+09 1989704.4 4.6088222e-25 8.1900131e-19 5.7465411e-37
4311823 1.2927994e+16 2.996279e+09 1989457.5 4.5973203e-25 8.1654975e-19 5.7416151e-37
4316137.7 1.2940922e+16 2.9962773e+09 1989210.9 4.5858471e-25 8.1410554e-19 5.7366347e-37
4320456.7 1.2953863e+16 2.9962755e+09 1988964.7 4.5744025e-25 8.1166863e-19 5.7316004e-37
4324780 1.2966817e+16 2.9962738e+09 1988718.7 4.5629864e-25 8.0923903e-19 5.7265127e-37
4329107.6 1.2979784e+16 2.996272e+09 1988473.1 4.5515989e-25 8.0681669e-19 5.7213722e-37
4333439.6 1.2992764e+16 2.9962703e+09 1988227.7 4.5402398e-25 8.0440161e-19 5.7161792e-37
4337775.9 1.3005756e+16 2.9962686e+09 1987982.7 4.528909e-25 8.0199375e-19 5.7109345e-37
4342116.6 1.3018762e+16 2.9962668e+09 1987737.9 4.5176065e-25 7.995931e-19 5.7056383e-37
4346461.6 1.3031781e+16 2.9962651e+09 1987493.5 4.5063323e-25 7.9719964e-19 5.7002914e-37
4350810.9 1.3044813e+16 2.9962633e+09 1987249.3 4.4950861e-25 7.9481334e-19 5.6948941e-37
4355164.6 1.3057858e+16 2.9962616e+09 1987005.5 4.483868e-25 7.9243419e-19 5.689447e-37
4359522.7 1.3070915e+16 2.9962599e+09 1986762 4.472678e-25 7.9006216e-19 5.6839505e-37
4363885.1 1.3083986e+16 2.9962581e+09 1986518.8 4.4615158e-25 7.8769722e-19 5.6784052e-37
4368251.8 1.309707e+16 2.9962564e+09 1986275.9 4.4503815e-25 7.8533937e-19 5.6728115e-37
4372623 1.3110167e+16 2.9962546e+09 1986033.3 4.439275e-25 7.8298857e-19 5.6671699e-37
4376998.5 1.3123278e+16 2.9962529e+09 1985790.9 4.4281962e-25 7.8064482e-19 5.661481e-37
4381378.4 1.3136401e+16 2.9962512e+09 1985548.9 4.417145e-25 7.7830807e-19 5.6557451e-37
4385762.7 1.3149537e+16 2.9962494e+09 1985307.2 4.4061215e-25 7.7597832e-19 5.6499628e-37
4390151.4 1.3162687e+16 2.9962477e+09 1985065.9 4.3951254e-25 7.7365555e-19 5.6441345e-37
4394544.4 1.3175849e+16 2.9962459e+09 1984824.8 4.3841568e-25 7.7133973e-19 5.6382607e-37
4398941.9 1.3189025e+16 2.9962442e+09 1984584 4.3732156e-25 7.6903084e-19 5.6323419e-37
4403343.7 1.3202214e+16 2.9962424e+09 1984343.5 4.3623016e-25 7.6672886e-19 5.6263785e-37
4407750 1.3215417e+16 2.9962407e+09 1984103.3 4.3514149e-25 7.6443377e-19 5.620371e-37
4412160.6 1.3228632e+16 2.996239e+09 1983863.4 4.3405554e-25 7.6214555e-19 5.6143199e-37
4416575.7 1.3241861e+16 2.9962372e+09 1983623.8 4.329723e-25 7.5986418e-19 5.6082256e-37
4420995.2 1.3255102e+16 2.9962355e+09 1983384.6 4.3189176e-25 7.5758964e-19 5.6020885e-37
4425419.1 1.3268358e+16 2.9962337e+09 1983145.6 4.3081392e-25 7.5532191e-19 5.5959091e-37
4429847.5 1.3281626e+16 2.996232e+09 1982906.9 4.2973876e-25 7.5306096e-19 5.5896879e-37
4434280.3 1.3294908e+16 2.9962302e+09 1982668.6 4.2866629e-25 7.5080679e-19 5.5834253e-37
4438717.5 1.3308202e+16 2.9962285e+09 1982430.5 4.275965e-25 7.4855936e-19 5.5771217e-37
4443159.1 1.3321511e+16 2.9962268e+09 1982192.7 4.2652938e-25 7.4631866e-19 5.5707776e-37
4447605.2 1.3334832e+16 2.996225e+09 1981955.3 4.2546492e-25 7.4408466e-19 5.5643934e-37
4452055.8 1.3348167e+16 2.9962233e+09 1981718.1 4.2440311e-25 7.4185736e-19 5.5579695e-37
4456510.8 1.3361515e+16 2.9962215e+09 1981481.3 4.2334396e-25 7.3963672e-19 5.5515064e-37
4460970.2 1.3374877e+16 2.9962198e+09 1981244.7 4.2228745e-25 7.3742272e-19 5.5450044e-37
4465434.1 1.3388252e+16 2.9962181e+09 1981008.5 4.2123358e-25 7.3521536e-19 5.5384641e-37
4469902.5 1.340164e+16 2.9962163e+09 1980772.5 4.2018233e-25 7.330146e-19 5.5318858e-37
4474375.4 1.3415041e+16 2.9962146e+09 1980536.9 4.1913371e-25 7.3082043e-19 5.52527e-37
4478852.7 1.3428456e+16 2.9962128e+09 1980301.5 4.1808771e-25 7.2863283e-19 5.518617e-37
4483334.5 1.3441885e+16 2.9962111e+09 1980066.5 4.1704432e-25 7.2645177e-19 5.5119273e-37
4487820.8 1.3455327e+16 2.9962093e+09 1979831.7 4.1600353e-25 7.2427724e-19 5.5052013e-37
4492311.6 1.3468782e+16 2.9962076e+09 1979597.3 4.1496533e-25 7.2210923e-19 5.4984394e-37
4496806.9 1.3482251e+16 2.9962059e+09 1979363.1 4.1392973e-25 7.199477e-19 5.4916419e-37
4501306.6 1.3495733e+16 2.9962041e+09 1979129.3 4.1289672e-25 7.1779264e-19 5.4848094e-37
4505810.9 1.3509229e+16 2.9962024e+09 1978895.7 4.1186628e-25 7.1564404e-19 5.4779421e-37
4510319.7 1.3522738e+16 2.9962006e+09 1978662.5 4.1083841e-25 7.1350186e-19 5.4710406e-37
4514833 1.3536261e+16 2.9961989e+09 1978429.5 4.0981311e-25 7.113661e-19 5.4641051e-37
4519350.8 1.3549797e+16 2.9961971e+09 1978196.9 4.0879037e-25 7.0923673e-19 5.4571361e-37
4523873.1 1.3563347e+16 2.9961954e+09 1977964.5 4.0777018e-25 7.0711373e-19 5.4501339e-37
4528400 1.357691e+16 2.9961936e+09 1977732.5 4.0675254e-25 7.0499709e-19 5.443099e-37
4532931.4 1.3590487e+16 2.9961919e+09 1977500.8 4.0573743e-25 7.0288679e-19 5.4360317e-37
4537467.3 1.3604078e+16 2.9961902e+09 1977269.3 4.0472486e-25 7.007828e-19 5.4289324e-37
4542007.8 1.3617682e+16 2.9961884e+09 1977038.2 4.0371482e-25 6.9868511e-19 5.4218014e-37
4546552.8 1.3631299e+16 2.9961867e+09 1976807.3 4.0270729e-25 6.965937e-19 5.4146393e-37
4551102.3 1.3644931e+16 2.9961849e+09 1976576.8 4.0170228e-25 6.9450855e-19 5.4074462e-37
4555656.4 1.3658576e+16 2.9961832e+09 1976346.5 4.0069978e-25 6.9242964e-19 5.4002227e-37
4560215.1 1.3672234e+16 2.9961814e+09 1976116.6 3.9969978e-25 6.9035695e-19 5.392969e-37
4564778.3 1.3685906e+16 2.9961797e+09 1975886.9 3.9870228e-25 6.8829047e-19 5.3856855e-37
4569346.1 1.3699592e+16 2.996178e+09 1975657.6 3.9770727e-25 6.8623017e-19 5.3783726e-37
4573918.4 1.3713292e+16 2.9961762e+09 1975428.5 3.9671474e-25 6.8417604e-19 5.3710307e-37
4578495.4 1.3727005e+16 2.9961745e+09 1975199.8 3.9572468e-25 6.8212806e-19 5.3636601e-37
4583076.9 1.3740732e+16 2.9961727e+09 1974971.3 3.947371e-25 6.8008621e-19 5.3562611e-37
4587663 1.3754473e+16 2.996171e+09 1974743.1 3.9375198e-25 6.7805047e-19 5.3488342e-37
4592253.6 1.3768228e+16 2.9961692e+09 1974515.3 3.9276932e-25 6.7602082e-19 5.3413796e-37
4596848.9 1.3781996e+16 2.9961675e+09 1974287.7 3.9178911e-25 6.7399725e-19 5.3338977e-37
4601448.8 1.3795778e+16 2.9961657e+09 1974060.5 3.9081135e-25 6.7197974e-19 5.3263889e-37
4606053.3 1.3809574e+16 2.996164e+09 1973833.5 3.8983603e-25 6.6996827e-19 5.3188535e-37
4610662.4 1.3823383e+16 2.9961623e+09 1973606.8 3.8886314e-25 6.6796282e-19 5.3112918e-37
4615276.1 1.3837206e+16 2.9961605e+09 1973380.5 3.8789268e-25 6.6596337e-19 5.3037041e-37
4619894.4 1.3851044e+16 2.9961588e+09 1973154.4 3.8692465e-25 6.639699e-19 5.2960909e-37
4624517.3 1.3864895e+16 2.996157e+09 1972928.6 3.8595903e-25 6.619824e-19 5.2884525e-37
4629144.9 1.387876e+16 2.9961553e+09 1972703.1 3.8499581e-25 6.6000086e-19 5.2807891e-37
4633777.1 1.3892638e+16 2.9961535e+09 1972477.9 3.8403501e-25 6.5802524e-19 5.2731011e-37
4638413.9 1.3906531e+16 2.9961518e+09 1972253.1 3.830766e-25 6.5605554e-19 5.2653888e-37
4643055.3 1.3920438e+16 2.99615e+09 1972028.5 3.8212058e-25 6.5409173e-19 5.2576526e-37
4647701.4 1.3934358e+16 2.9961483e+09 1971804.2 3.8116695e-25 6.521338e-19 5.2498928e-37
4652352.2 1.3948292e+16 2.9961465e+09 1971580.2 3.8021569e-25 6.5018173e-19 5.2421097e-37
4657007.6 1.3962241e+16 2.9961448e+09 1971356.5 3.7926682e-25 6.4823551e-19 5.2343036e-37
4661667.7 1.3976203e+16 2.9961431e+09 1971133.1 3.7832031e-25 6.4629511e-19 5.2264748e-37
4666332.4 1.3990179e+16 2.9961413e+09 1970910 3.7737616e-25 6.4436052e-19 5.2186236e-37
4671001.8 1.4004169e+16 2.9961396e+09 1970687.2 3.7643437e-25 6.4243172e-19 5.2107505e-37
4675675.9 1.4018173e+16 2.9961378e+09 1970464.7 3.7549492e-25 6.4050869e-19 5.2028555e-37
4680354.6 1.4032192e+16 2.9961361e+09 1970242.5 3.7455783e-25 6.3859142e-19 5.1949392e-37
4685038.1 1.4046224e+16 2.9961343e+09 1970020.5 3.7362307e-25 6.3667989e-19 5.1870017e-37
4689726.2 1.406027e+16 2.9961326e+09 1969798.9 3.7269064e-25 6.3477408e-19 5.1790434e-37
4694419 1.407433e+16 2.9961308e+09 1969577.6 3.7176054e-25 6.3287398e-19 5.1710645e-37
4699116.5 1.4088405e+16 2.9961291e+09 1969356.6 3.7083277e-25 6.3097956e-19 5.1630655e-37
4703818.7 1.4102493e+16 2.9961273e+09 1969135.8 3.6990731e-25 6.2909081e-19 5.1550465e-37
4708525.6 1.4116595e+16 2.9961256e+09 1968915.4 3.6898415e-25 6.2720772e-19 5.1470079e-37
4713237.2 1.4130712e+16 2.9961239e+09 1968695.2 3.680633e-25 6.2533026e-19 5.1389499e-37
4717953.5 1.4144843e+16 2.9961221e+09 1968475.4 3.6714475e-25 6.2345843e-19 5.1308729e-37
4722674.6 1.4158988e+16 2.9961204e+09 1968255.8 3.662285e-25 6.2159219e-19 5.1227771e-37
4727400.4 1.4173147e+16 2.9961186e+09 1968036.6 3.6531452e-25 6.1973155e-19 5.1146628e-37
4732130.9 1.418732e+16 2.9961169e+09 1967817.6 3.6440283e-25 6.1787647e-19 5.1065303e-37
4736866.1 1.4201507e+16 2.9961151e+09 1967598.9 3.6349342e-25 6.1602695e-19 5.09838e-37
4741606.1 1.4215709e+16 2.9961134e+09 1967380.5 3.6258627e-25 6.1418296e-19 5.090212e-37
4746350.8 1.4229924e+16 2.9961116e+09 1967162.5 3.6168139e-25 6.1234449e-19 5.0820266e-37
4751100.3 1.4244154e+16 2.9961099e+09 1966944.7 3.6077877e-25 6.1051152e-19 5.0738241e-37
4755854.5 1.4258398e+16 2.9961081e+09 1966727.2 3.598784e-25 6.0868404e-19 5.0656049e-37
4760613.5 1.4272657e+16 2.9961064e+09 1966510 3.5898027e-25 6.0686204e-19 5.0573691e-37
4765377.2 1.4286929e+16 2.9961046e+09 1966293.1 3.5808439e-25 6.0504548e-19 5.049117e-37
4770145.7 1.4301216e+16 2.9961029e+09 1966076.4 3.5719074e-25 6.0323436e-19 5.040849e-37
4774919 1.4315518e+16 2.9961011e+09 1965860.1 3.5629933e-25 6.0142867e-19 5.0325652e-37
4779697 1.4329833e+16 2.9960994e+09 1965644.1 3.5541014e-25 5.9962838e-19 5.0242659e-37
4784479.8 1.4344163e+16 2.9960976e+09 1965428.4 3.5452316e-25 5.9783348e-19 5.0159514e-37
4789267.5 1.4358507e+16 2.9960959e+09 1965212.9 3.536384e-25 5.9604395e-19 5.007622e-37
4794059.9 1.4372866e+16 2.9960942e+09 1964997.8 3.5275585e-25 5.9425977e-19 4.9992779e-37
4798857.1 1.4387238e+16 2.9960924e+09 1964782.9 3.518755e-25 5.9248094e-19 4.9909194e-37
4803659.1 1.4401626e+16 2.9960907e+09 1964568.4 3.5099735e-25 5.9070744e-19 4.9825467e-37
4808465.9 1.4416027e+16 2.9960889e+09 1964354.1 3.5012139e-25 5.8893924e-19 4.9741601e-37
4813277.5 1.4430443e+16 2.9960872e+09 1964140.1 3.4924762e-25 5.8717633e-19 4.9657598e-37
4818093.9 1.4444874e+16 2.9960854e+09 1963926.4 3.4837602e-25 5.854187e-19 4.9573461e-37
4822915.2 1.4459319e+16 2.9960837e+09 1963713.1 3.4750661e-25 5.8366634e-19 4.9489193e-37
4827741.2 1.4473778e+16 2.9960819e+09 1963500 3.4663936e-25 5.8191921e-19 4.9404794e-37
4832572.1 1.4488252e+16 2.9960802e+09 1963287.2 3.4577427e-25 5.8017732e-19 4.932027e-37
4837407.9 1.450274e+16 2.9960784e+09 1963074.6 3.4491135e-25 5.7844064e-19 4.923562e-37
4842248.4 1.4517243e+16 2.9960767e+09 1962862.4 3.4405058e-25 5.7670916e-19 4.9150849e-37
4847093.9 1.453176e+16 2.9960749e+09 1962650.5 3.4319195e-25 5.7498287e-19 4.9065958e-37
4851944.1 1.4546292e+16 2.9960732e+09 1962438.9 3.4233547e-25 5.7326174e-19 4.898095e-37
4856799.2 1.4560838e+16 2.9960714e+09 1962227.5 3.4148113e-25 5.7154576e-19 4.8895827e-37
4861659.2 1.4575399e+16 2.9960697e+09 1962016.5 3.4062892e-25 5.6983492e-19 4.8810591e-37
4866524.1 1.4589974e+16 2.9960679e+09 1961805.7 3.3977883e-25 5.681292e-19 4.8725245e-37
4871393.8 1.4604564e+16 2.9960662e+09 1961595.2 3.3893087e-25 5.6642858e-19 4.8639792e-37
4876268.4 1.4619169e+16 2.9960644e+09 1961385 3.3808503e-25 5.6473306e-19 4.8554232e-37
4881147.8 1.4633788e+16 2.9960627e+09 1961175.2 3.3724129e-25 5.6304261e-19 4.8468569e-37
4886032.1 1.4648422e+16 2.9960609e+09 1960965.6 3.3639966e-25 5.6135722e-19 4.8382805e-37
4890921.4 1.466307e+16 2.9960592e+09 1960756.3 3.3556013e-25 5.5967688e-19 4.8296942e-37
4895815.5 1.4677733e+16 2.9960574e+09 1960547.2 3.347227e-25 5.5800156e-19 4.8210983e-37
4900714.5 1.4692411e+16 2.9960557e+09 1960338.5 3.3388735e-25 5.5633127e-19 4.8124929e-37
4905618.4 1.4707103e+16 2.9960539e+09 1960130.1 3.3305409e-25 5.5466597e-19 4.8038782e-37
4910527.3 1.4721811e+16 2.9960522e+09 1959921.9 3.3222291e-25 5.5300565e-19 4.7952546e-37
4915441 1.4736532e+16 2.9960504e+09 1959714.1 3.313938e-25 5.5135031e-19 4.7866221e-37
4920359.6 1.4751269e+16 2.9960487e+09 1959506.5 3.3056677e-25 5.4969992e-19 4.7779811e-37
4925283.2 1.476602e+16 2.9960469e+09 1959299.3 3.297418e-25 5.4805447e-19 4.7693317e-37
4930211.7 1.4780786e+16 2.9960452e+09 1959092.3 3.2891888e-25 5.4641395e-19 4.7606741e-37
4935145.2 1.4795567e+16 2.9960434e+09 1958885.6 3.2809802e-25 5.4477833e-19 4.7520086e-37
4940083.5 1.4810363e+16 2.9960417e+09 1958679.2 3.2727921e-25 5.4314761e-19 4.7433354e-37
4945026.8 1.4825173e+16 2.9960399e+09 1958473.1 3.2646244e-25 5.4152178e-19 4.7346545e-37
4949975.1 1.4839998e+16 2.9960382e+09 1958267.3 3.2564771e-25 5.3990081e-19 4.7259664e-37
4954928.3 1.4854838e+16 2.9960364e+09 1958061.7 3.2483501e-25 5.3828469e-19 4.7172711e-37
4959886.5 1.4869693e+16 2.9960347e+09 1957856.5 3.2402435e-25 5.3667341e-19 4.7085689e-37
4964849.6 1.4884563e+16 2.9960329e+09 1957651.5 3.232157e-25 5.3506696e-19 4.69986e-37
4969817.7 1.4899447e+16 2.9960312e+09 1957446.9 3.2240907e-25 5.3346531e-19 4.6911445e-37
4974790.7 1.4914347e+16 2.9960294e+09 1957242.5 3.2160446e-25 5.3186845e-19 4.6824227e-37
4979768.8 1.4929261e+16 2.9960277e+09 1957038.4 3.2080185e-25 5.3027638e-19 4.6736947e-37
4984751.8 1.494419e+16 2.9960259e+09 1956834.6 3.2000125e-25 5.2868907e-19 4.6649608e-37
4989739.8 1.4959134e+16 2.9960242e+09 1956631.1 3.1920264e-25 5.2710652e-19 4.6562211e-37
4994732.8 1.4974094e+16 2.9960224e+09 1956427.9 3.1840603e-25 5.255287e-19 4.6474759e-37
4999730.8 1.4989068e+16 2.9960207e+09 1956224.9 3.1761141e-25 5.239556e-19 4.6387253e-37
5004733.8 1.5004057e+16 2.9960189e+09 1956022.3 3.1681877e-25 5.2238721e-19 4.6299695e-37
5009741.8 1.5019061e+16 2.9960172e+09 1955819.9 3.160281e-25 5.2082352e-19 4.6212087e-37
5014754.8 1.503408e+16 2.9960154e+09 1955617.9 3.1523941e-25 5.1926451e-19 4.612443e-37
5019772.8 1.5049114e+16 2.9960137e+09 1955416.1 3.1445269e-25 5.1771016e-19 4.6036728e-37
5024795.8 1.5064163e+16 2.9960119e+09 1955214.6 3.1366793e-25 5.1616047e-19 4.594898e-37
5029823.9 1.5079227e+16 2.9960102e+09 1955013.4 3.1288513e-25 5.1461541e-19 4.5861191e-37
5034857 1.5094306e+16 2.9960084e+09 1954812.5 3.1210429e-25 5.1307498e-19 4.577336e-37
5039895.2 1.5109401e+16 2.9960067e+09 1954611.9 3.1132539e-25 5.1153916e-19 4.568549e-37
5044938.3 1.512451e+16 2.9960049e+09 1954411.5 3.1054844e-25 5.1000794e-19 4.5597582e-37
5049986.6 1.5139635e+16 2.9960032e+09 1954211.5 3.0977342e-25 5.0848131e-19 4.5509639e-37
5055039.8 1.5154774e+16 2.9960014e+09 1954011.7 3.0900034e-25 5.0695924e-19 4.5421662e-37
5060098.2 1.5169929e+16 2.9959997e+09 1953812.2 3.0822919e-25 5.0544173e-19 4.5333653e-37
5065161.6 1.5185099e+16 2.9959979e+09 1953613 3.0745997e-25 5.0392876e-19 4.5245614e-37
5070230 1.5200284e+16 2.9959962e+09 1953414.1 3.0669266e-25 5.0242032e-19 4.5157545e-37
5075303.6 1.5215484e+16 2.9959944e+09 1953215.5 3.0592727e-25 5.0091639e-19 4.506945e-37
5080382.2 1.52307e+16 2.9959927e+09 1953017.2 3.0516379e-25 4.9941697e-19 4.4981329e-37
5085465.9 1.5245931e+16 2.9959909e+09 1952819.1 3.0440221e-25 4.9792203e-19 4.4893184e-37
5090554.6 1.5261176e+16 2.9959891e+09 1952621.4 3.0364253e-25 4.9643157e-19 4.4805017e-37
5095648.5 1.5276438e+16 2.9959874e+09 1952423.9 3.0288475e-25 4.9494557e-19 4.471683e-37
5100747.5 1.5291714e+16 2.9959856e+09 1952226.7 3.0212886e-25 4.9346402e-19 4.4628624e-37
5105851.5 1.5307006e+16 2.9959839e+09 1952029.8 3.0137486e-25 4.919869e-19 4.45404e-37
5110960.7 1.5322313e+16 2.9959821e+09 1951833.2 3.0062274e-25 4.9051421e-19 4.4452161e-37
5116075 1.5337635e+16 2.9959804e+09 1951636.9 2.998725e-25 4.8904592e-19 4.4363908e-37
5121194.4 1.5352973e+16 2.9959786e+09 1951440.8 2.9912413e-25 4.8758203e-19 4.4275642e-37
5126318.9 1.5368326e+16 2.9959769e+09 1951245.1 2.9837762e-25 4.8612252e-19 4.4187366e-37
5131448.6 1.5383694e+16 2.9959751e+09 1951049.6 2.9763298e-25 4.8466738e-19 4.409908e-37
5136583.4 1.5399078e+16 2.9959734e+09 1950854.4 2.968902e-25 4.832166e-19 4.4010785e-37
5141723.3 1.5414477e+16 2.9959716e+09 1950659.5 2.9614927e-25 4.8177015e-19 4.3922485e-37
5146868.4 1.5429891e+16 2.9959699e+09 1950464.9 2.9541019e-25 4.8032804e-19 4.383418e-37
5152018.6 1.5445321e+16 2.9959681e+09 1950270.6 2.9467296e-25 4.7889025e-19 4.3745871e-37
5157174 1.5460766e+16 2.9959664e+09 1950076.6 2.9393756e-25 4.7745675e-19 4.365756e-37
5162334.5 1.5476227e+16 2.9959646e+09 1949882.8 2.93204e-25 4.7602755e-19 4.3569249e-37
5167500.2 1.5491703e+16 2.9959628e+09 1949689.3 2.9247227e-25 4.7460263e-19 4.3480939e-37
5172671 1.5507195e+16 2.9959611e+09 1949496.1 2.9174237e-25 4.7318197e-19 4.3392632e-37
5177847.1 1.5522702e+16 2.9959593e+09 1949303.2 2.9101429e-25 4.7176557e-19 4.3304328e-37
5183028.3 1.5538225e+16 2.9959576e+09 1949110.6 2.9028802e-25 4.703534e-19 4.3216029e-37
5188214.7 1.5553763e+16 2.9959558e+09 1948918.3 2.8956357e-25 4.6894546e-19 4.3127738e-37
5193406.3 1.5569317e+16 2.9959541e+09 1948726.2 2.8884093e-25 4.6754174e-19 4.3039454e-37
5198603 1.5584886e+16 2.9959523e+09 1948534.5 2.8812009e-25 4.6614222e-19 4.295118e-37
5203805 1.5600471e+16 2.9959506e+09 1948343 2.8740105e-25 4.6474688e-19 4.2862917e-37
5209012.2 1.5616072e+16 2.9959488e+09 1948151.8 2.866838e-25 4.6335573e-19 4.2774666e-37
5214224.6 1.5631688e+16 2.9959471e+09 1947960.9 2.8596834e-25 4.6196874e-19 4.2686429e-37
5219442.2 1.564732e+16 2.9959453e+09 1947770.2 2.8525467e-25 4.605859e-19 4.2598206e-37
5224665.1 1.5662967e+16 2.9959435e+09 1947579.9 2.8454278e-25 4.592072e-19 4.251e-37
5229893.1 1.567863e+16 2.9959418e+09 1947389.8 2.8383267e-25 4.5783262e-19 4.2421812e-37
5235126.4 1.5694308e+16 2.99594e+09 1947200.1 2.8312432e-25 4.5646216e-19 4.2333642e-37
5240364.9 1.5710003e+16 2.9959383e+09 1947010.6 2.8241775e-25 4.5509581e-19 4.2245493e-37
5245608.7 1.5725713e+16 2.9959365e+09 1946821.3 2.8171294e-25 4.5373354e-19 4.2157365e-37
5250857.7 1.5741438e+16 2.9959348e+09 1946632.4 2.8100989e-25 4.5237535e-19 4.206926e-37
5256112 1.575718e+16 2.995933e+09 1946443.8 2.8030859e-25 4.5102123e-19 4.1981179e-37
5261371.5 1.5772937e+16 2.9959313e+09 1946255.4 2.7960904e-25 4.4967115e-19 4.1893123e-37
5266636.3 1.578871e+16 2.9959295e+09 1946067.3 2.7891124e-25 4.4832513e-19 4.1805093e-37
5271906.3 1.5804499e+16 2.9959277e+09 1945879.5 2.7821518e-25 4.4698313e-19 4.1717092e-37
5277181.7 1.5820303e+16 2.995926e+09 1945692 2.7752086e-25 4.4564514e-19 4.1629119e-37
5282462.3 1.5836124e+16 2.9959242e+09 1945504.8 2.7682827e-25 4.4431116e-19 4.1541177e-37
5287748.2 1.585196e+16 2.9959225e+09 1945317.8 2.7613741e-25 4.4298118e-19 4.1453266e-37
5293039.3 1.5867812e+16 2.9959207e+09 1945131.2 2.7544827e-25 4.4165518e-19 4.1365387e-37
5298335.8 1.5883679e+16 2.995919e+09 1944944.8 2.7476085e-25 4.4033314e-19 4.1277543e-37
5303637.6 1.5899563e+16 2.9959172e+09 1944758.7 2.7407515e-25 4.3901506e-19 4.1189733e-37
5308944.7 1.5915463e+16 2.9959155e+09 1944572.9 2.7339116e-25 4.3770093e-19 4.1101959e-37
5314257 1.5931378e+16 2.9959137e+09 1944387.3 2.7270888e-25 4.3639073e-19 4.1014223e-37
5319574.7 1.5947309e+16 2.9959119e+09 1944202.1 2.720283e-25 4.3508446e-19 4.0926525e-37
5324897.8 1.5963257e+16 2.9959102e+09 1944017.1 2.7134941e-25 4.3378209e-19 4.0838866e-37
5330226.1 1.597922e+16 2.9959084e+09 1943832.4 2.7067223e-25 4.3248362e-19 4.0751248e-37
5335559.8 1.5995199e+16 2.9959067e+09 1943648 2.6999673e-25 4.3118904e-19 4.0663672e-37
5340898.8 1.6011194e+16 2.9959049e+09 1943463.9 2.6932292e-25 4.2989834e-19 4.0576139e-37
5346243.2 1.6027206e+16 2.9959032e+09 1943280 2.6865079e-25 4.2861149e-19 4.048865e-37
5351592.9 1.6043233e+16 2.9959014e+09 1943096.4 2.6798033e-25 4.273285e-19 4.0401205e-37
5356947.9 1.6059276e+16 2.9958996e+09 1942913.1 2.6731155e-25 4.2604935e-19 4.0313807e-37
5362308.4 1.6075335e+16 2.9958979e+09 1942730.1 2.6664444e-25 4.2477403e-19 4.0226456e-37
5367674.1 1.6091411e+16 2.9958961e+09 1942547.4 2.6597899e-25 4.2350253e-19 4.0139153e-37
5373045.3 1.6107502e+16 2.9958944e+09 1942365 2.6531521e-25 4.2223483e-19 4.00519e-37
5378421.8 1.612361e+16 2.9958926e+09 1942182.8 2.6465308e-25 4.2097093e-19 3.9964696e-37
5383803.7 1.6139733e+16 2.9958909e+09 1942000.9 2.639926e-25 4.1971081e-19 3.9877544e-37
5389191 1.6155873e+16 2.9958891e+09 1941819.3 2.6333378e-25 4.1845446e-19 3.9790445e-37
5394583.7 1.6172029e+16 2.9958873e+09 1941638 2.6267659e-25 4.1720187e-19 3.9703399e-37
5399981.8 1.6188201e+16 2.9958856e+09 1941456.9 2.6202105e-25 4.1595304e-19 3.9616407e-37
5405385.3 1.6204389e+16 2.9958838e+09 1941276.2 2.6136714e-25 4.1470794e-19 3.952947e-37
5410794.1 1.6220593e+16 2.9958821e+09 1941095.7 2.6071486e-25 4.1346657e-19 3.944259e-37
5416208.4 1.6236814e+16 2.9958803e+09 1940915.5 2.6006421e-25 4.1222891e-19 3.9355767e-37
5421628.2 1.6253051e+16 2.9958785e+09 1940735.6 2.5941519e-25 4.1099496e-19 3.9269002e-37
5427053.3 1.6269304e+16 2.9958768e+09 1940555.9 2.5876779e-25 4.097647e-19 3.9182297e-37
5432483.9 1.6285573e+16 2.995875e+09 1940376.6 2.58122e-25 4.0853812e-19 3.9095651e-37
5437919.9 1.6301859e+16 2.9958733e+09 1940197.5 2.5747782e-25 4.0731522e-19 3.9009067e-37
5443361.3 1.6318161e+16 2.9958715e+09 1940018.7 2.5683525e-25 4.0609598e-19 3.8922545e-37
5448808.2 1.6334479e+16 2.9958697e+09 1939840.1 2.5619428e-25 4.0488038e-19 3.8836085e-37
5454260.5 1.6350813e+16 2.995868e+09 1939661.9 2.5555492e-25 4.0366843e-19 3.874969e-37
5459718.3 1.6367164e+16 2.9958662e+09 1939483.9 2.5491715e-25 4.024601e-19 3.8663359e-37
5465181.5 1.6383531e+16 2.9958645e+09 1939306.2 2.5428097e-25 4.0125539e-19 3.8577094e-37
5470650.3 1.6399915e+16 2.9958627e+09 1939128.8 2.5364637e-25 4.0005429e-19 3.8490896e-37
5476124.4 1.6416315e+16 2.995861e+09 1938951.7 2.5301337e-25 3.9885678e-19 3.8404764e-37
5481604.1 1.6432731e+16 2.9958592e+09 1938774.8 2.5238194e-25 3.9766285e-19 3.8318701e-37
5487089.3 1.6449164e+16 2.9958574e+09 1938598.3 2.5175209e-25 3.964725e-19 3.8232708e-37
5492579.9 1.6465613e+16 2.9958557e+09 1938422 2.5112381e-25 3.9528571e-19 3.8146784e-37
5498076 1.6482079e+16 2.9958539e+09 1938245.9 2.5049709e-25 3.9410248e-19 3.8060931e-37
5503577.7 1.6498561e+16 2.9958522e+09 1938070.2 2.4987195e-25 3.9292279e-19 3.797515e-37
5509084.8 1.6515059e+16 2.9958504e+09 1937894.7 2.4924836e-25 3.9174663e-19 3.7889441e-37
5514597.4 1.6531574e+16 2.9958486e+09 1937719.6 2.4862632e-25 3.9057398e-19 3.7803806e-37
5520115.6 1.6548106e+16 2.9958469e+09 1937544.7 2.4800584e-25 3.8940485e-19 3.7718244e-37
5525639.3 1.6564654e+16 2.9958451e+09 1937370 2.4738691e-25 3.8823922e-19 3.7632758e-37
5531168.5 1.6581219e+16 2.9958434e+09 1937195.7 2.4676953e-25 3.8707708e-19 3.7547347e-37
5536703.2 1.65978e+16 2.9958416e+09 1937021.6 2.4615368e-25 3.8591842e-19 3.7462013e-37
5542243.5 1.6614398e+16 2.9958398e+09 1936847.8 2.4553937e-25 3.8476322e-19 3.7376756e-37
5547789.3 1.6631012e+16 2.9958381e+09 1936674.3 2.449266e-25 3.8361148e-19 3.7291578e-37
5553340.7 1.6647643e+16 2.9958363e+09 1936501 2.4431535e-25 3.8246319e-19 3.7206478e-37
5558897.6 1.6664291e+16 2.9958345e+09 1936328.1 2.4370563e-25 3.8131834e-19 3.7121457e-37
5564460.1 1.6680955e+16 2.9958328e+09 1936155.4 2.4309743e-25 3.8017691e-19 3.7036518e-37
5570028.2 1.6697636e+16 2.995831e+09 1935983 2.4249075e-25 3.7903891e-19 3.6951659e-37
5575601.8 1.6714334e+16 2.9958293e+09 1935810.8 2.4188558e-25 3.779043e-19 3.6866882e-37
5581181 1.6731048e+16 2.9958275e+09 1935639 2.4128192e-25 3.767731e-19 3.6782187e-37
5586765.8 1.6747779e+16 2.9958257e+09 1935467.4 2.4067977e-25 3.7564528e-19 3.6697576e-37
5592356.1 1.6764527e+16 2.995824e+09 1935296.1 2.4007912e-25 3.7452083e-19 3.6613049e-37
5597952.1 1.6781291e+16 2.9958222e+09 1935125.1 2.3947998e-25 3.7339975e-19 3.6528607e-37
5603553.7 1.6798073e+16 2.9958205e+09 1934954.3 2.3888232e-25 3.7228203e-19 3.644425e-37
5609160.8 1.6814871e+16 2.9958187e+09 1934783.9 2.3828616e-25 3.7116765e-19 3.6359979e-37
5614773.6 1.6831685e+16 2.9958169e+09 1934613.7 2.3769148e-25 3.7005661e-19 3.6275795e-37
5620392 1.6848517e+16 2.9958152e+09 1934443.7 2.3709829e-25 3.689489e-19 3.6191698e-37
5626016 1.6865366e+16 2.9958134e+09 1934274.1 2.3650658e-25 3.678445e-19 3.610769e-37
5631645.7 1.6882231e+16 2.9958116e+09 1934104.7 2.3591635e-25 3.667434e-19 3.602377e-37
5637281 1.6899113e+16 2.9958099e+09 1933935.6 2.3532759e-25 3.6564561e-19 3.593994e-37
5642921.9 1.6916012e+16 2.9958081e+09 1933766.8 2.347403e-25 3.645511e-19 3.58562e-37
5648568.4 1.6932928e+16 2.9958064e+09 1933598.3 2.3415447e-25 3.6345986e-19 3.5772551e-37
5654220.7 1.6949861e+16 2.9958046e+09 1933430 2.3357011e-25 3.6237189e-19 3.5688993e-37
5659878.5 1.6966811e+16 2.9958028e+09 1933262 2.3298721e-25 3.6128718e-19 3.5605527e-37
5665542 1.6983778e+16 2.9958011e+09 1933094.3 2.3240576e-25 3.6020571e-19 3.5522154e-37
5671211.2 1.7000762e+16 2.9957993e+09 1932926.8 2.3182576e-25 3.5912749e-19 3.5438874e-37
5676886.1 1.7017763e+16 2.9957975e+09 1932759.7 2.3124721e-25 3.5805248e-19 3.5355688e-37
5682566.7 1.703478e+16 2.9957958e+09 1932592.8 2.306701e-25 3.569807e-19 3.5272597e-37
5688252.9 1.7051815e+16 2.995794e+09 1932426.2 2.3009443e-25 3.5591213e-19 3.51896e-37
5693944.8 1.7068867e+16 2.9957922e+09 1932259.8 2.295202e-25 3.5484675e-19 3.51067e-37
5699642.4 1.7085936e+16 2.9957905e+09 1932093.7 2.289474e-25 3.5378456e-19 3.5023895e-37
5705345.7 1.7103022e+16 2.9957887e+09 1931927.9 2.2837603e-25 3.5272556e-19 3.4941188e-37
5711054.7 1.7120125e+16 2.995787e+09 1931762.4 2.2780609e-25 3.5166972e-19 3.4858578e-37
5716769.5 1.7137245e+16 2.9957852e+09 1931597.2 2.2723757e-25 3.5061704e-19 3.4776066e-37
5722489.9 1.7154382e+16 2.9957834e+09 1931432.2 2.2667047e-25 3.4956752e-19 3.4693652e-37
5728216.1 1.7171536e+16 2.9957817e+09 1931267.5 2.2610478e-25 3.4852113e-19 3.4611338e-37
5733948 1.7188708e+16 2.9957799e+09 1931103.1 2.2554051e-25 3.4747788e-19 3.4529123e-37
5739685.7 1.7205897e+16 2.9957781e+09 1930938.9 2.2497764e-25 3.4643775e-19 3.4447008e-37
5745429 1.7223103e+16 2.9957764e+09 1930775.1 2.2441618e-25 3.4540073e-19 3.4364995e-37
5751178.2 1.7240326e+16 2.9957746e+09 1930611.5 2.2385612e-25 3.4436682e-19 3.4283082e-37
5756933 1.7257566e+16 2.9957728e+09 1930448.1 2.2329746e-25 3.4333601e-19 3.4201271e-37
5762693.7 1.7274824e+16 2.9957711e+09 1930285.1 2.2274019e-25 3.4230827e-19 3.4119563e-37
5768460.1 1.7292098e+16 2.9957693e+09 1930122.3 2.2218431e-25 3.4128362e-19 3.4037957e-37
5774232.3 1.7309391e+16 2.9957675e+09 1929959.8 2.2162982e-25 3.4026203e-19 3.3956455e-37
5780010.2 1.73267e+16 2.9957658e+09 1929797.5 2.2107672e-25 3.392435e-19 3.3875057e-37
5785793.9 1.7344027e+16 2.995764e+09 1929635.6 2.2052499e-25 3.3822802e-19 3.3793763e-37
5791583.5 1.7361371e+16 2.9957623e+09 1929473.9 2.1997464e-25 3.3721558e-19 3.3712573e-37
5797378.8 1.7378732e+16 2.9957605e+09 1929312.5 2.1942567e-25 3.3620617e-19 3.3631489e-37
5803179.9 1.7396111e+16 2.9957587e+09 1929151.3 2.1887806e-25 3.3519978e-19 3.3550511e-37
5808986.8 1.7413507e+16 2.995757e+09 1928990.5 2.1833182e-25 3.341964e-19 3.3469639e-37
5814799.5 1.743092e+16 2.9957552e+09 1928829.9 2.1778695e-25 3.3319603e-19 3.3388874e-37
5820618.1 1.7448351e+16 2.9957534e+09 1928669.5 2.1724343e-25 3.3219865e-19 3.3308216e-37
5826442.4 1.74658e+16 2.9957517e+09 1928509.5 2.1670127e-25 3.3120426e-19 3.3227666e-37
5832272.6 1.7483265e+16 2.9957499e+09 1928349.7 2.1616046e-25 3.3021284e-19 3.3147223e-37
5838108.6 1.7500749e+16 2.9957481e+09 1928190.2 2.1562101e-25 3.2922439e-19 3.306689e-37
5843950.5 1.7518249e+16 2.9957464e+09 1928030.9 2.150829e-25 3.282389e-19 3.2986665e-37
5849798.2 1.7535768e+16 2.9957446e+09 1927872 2.1454613e-25 3.2725636e-19 3.2906549e-37
5855651.8 1.7553303e+16 2.9957428e+09 1927713.3 2.140107e-25 3.2627676e-19 3.2826544e-37
5861511.2 1.7570857e+16 2.9957411e+09 1927554.9 2.1347661e-25 3.253001e-19 3.2746649e-37
5867376.4 1.7588428e+16 2.9957393e+09 1927396.7 2.1294385e-25 3.2432635e-19 3.2666864e-37
5873247.6 1.7606016e+16 2.9957375e+09 1927238.8 2.1241242e-25 3.2335552e-19 3.2587191e-37
5879124.6 1.7623622e+16 2.9957358e+09 1927081.2 2.1188232e-25 3.223876e-19 3.2507629e-37
5885007.5 1.7641246e+16 2.995734e+09 1926923.9 2.1135354e-25 3.2142258e-19 3.2428178e-37
5890896.3 1.7658887e+16 2.9957322e+09 1926766.8 2.1082608e-25 3.2046044e-19 3.2348841e-37
5896791 1.7676546e+16 2.9957305e+09 1926610 2.1029993e-25 3.1950118e-19 3.2269616e-37
5902691.6 1.7694222e+16 2.9957287e+09 1926453.5 2.097751e-25 3.185448e-19 3.2190504e-37
5908598.1 1.7711917e+16 2.9957269e+09 1926297.2 2.0925158e-25 3.1759127e-19 3.2111505e-37
5914510.4 1.7729629e+16 2.9957251e+09 1926141.3 2.0872936e-25 3.1664061e-19 3.203262e-37
5920428.8 1.7747358e+16 2.9957234e+09 1925985.5 2.0820845e-25 3.1569278e-19 3.195385e-37
5926353 1.7765105e+16 2.9957216e+09 1925830.1 2.0768884e-25 3.147478e-19 3.1875194e-37
5932283.1 1.7782871e+16 2.9957198e+09 1925674.9 2.0717053e-25 3.1380564e-19 3.1796653e-37
5938219.2 1.7800653e+16 2.9957181e+09 1925520 2.0665351e-25 3.128663e-19 3.1718227e-37
5944161.3 1.7818454e+16 2.9957163e+09 1925365.4 2.0613777e-25 3.1192978e-19 3.1639917e-37
5950109.3 1.7836273e+16 2.9957145e+09 1925211 2.0562333e-25 3.1099606e-19 3.1561723e-37
5956063.2 1.7854109e+16 2.9957128e+09 1925057 2.0511017e-25 3.1006513e-19 3.1483645e-37
5962023.1 1.7871963e+16 2.995711e+09 1924903.1 2.0459829e-25 3.0913699e-19 3.1405684e-37
5967988.9 1.7889835e+16 2.9957092e+09 1924749.6 2.0408769e-25 3.0821163e-19 3.132784e-37
5973960.7 1.7907725e+16 2.9957075e+09 1924596.3 2.0357836e-25 3.0728904e-19 3.1250114e-37
5979938.5 1.7925632e+16 2.9957057e+09 1924443.3 2.030703e-25 3.0636921e-19 3.1172505e-37
5985922.3 1.7943558e+16 2.9957039e+09 1924290.6 2.0256352e-25 3.0545213e-19 3.1095014e-37
5991912.1 1.7961502e+16 2.9957022e+09 1924138.1 2.0205799e-25 3.045378e-19 3.1017641e-37
5997907.8 1.7979463e+16 2.9957004e+09 1923985.9 2.0155373e-25 3.0362621e-19 3.0940387e-37
6003909.6 1.7997443e+16 2.9956986e+09 1923834 2.0105073e-25 3.0271734e-19 3.0863252e-37
6009917.3 1.801544e+16 2.9956968e+09 1923682.3 2.0054898e-25 3.018112e-19 3.0786236e-37
6015931.1 1.8033456e+16 2.9956951e+09 1923530.9 2.0004848e-25 3.0090776e-19 3.0709339e-37
6021950.9 1.8051489e+16 2.9956933e+09 1923379.8 1.9954923e-25 3.0000703e-19 3.0632563e-37
6027976.7 1.806954e+16 2.9956915e+09 1923228.9 1.9905123e-25 2.99109e-19 3.0555906e-37
6034008.6 1.808761e+16 2.9956898e+09 1923078.3 1.9855447e-25 2.9821366e-19 3.047937e-37
6040046.4 1.8105698e+16 2.995688e+09 1922928 1.9805896e-25 2.9732099e-19 3.0402955e-37
6046090.4 1.8123803e+16 2.9956862e+09 1922778 1.9756467e-25 2.96431e-19 3.0326661e-37
6052140.3 1.8141927e+16 2.9956845e+09 1922628.2 1.9707162e-25 2.9554367e-19 3.0250487e-37
6058196.4 1.8160069e+16 2.9956827e+09 1922478.7 1.9657981e-25 2.94659e-19 3.0174436e-37
6064258.4 1.8178229e+16 2.9956809e+09 1922329.4 1.9608922e-25 2.9377698e-19 3.0098506e-37
6070326.6 1.8196407e+16 2.9956791e+09 1922180.5 1.9559985e-25 2.9289759e-19 3.0022698e-37
6076400.8 1.8214604e+16 2.9956774e+09 1922031.7 1.951117e-25 2.9202084e-19 2.9947012e-37
6082481.1 1.8232818e+16 2.9956756e+09 1921883.3 1.9462478e-25 2.9114672e-19 2.9871449e-37
6088567.5 1.8251051e+16 2.9956738e+09 1921735.1 1.9413907e-25 2.9027521e-19 2.9796008e-37
6094659.9 1.8269302e+16 2.9956721e+09 1921587.2 1.9365457e-25 2.894063e-19 2.9720691e-37
6100758.5 1.8287572e+16 2.9956703e+09 1921439.6 1.9317128e-25 2.8854e-19 2.9645497e-37
6106863.2 1.8305859e+16 2.9956685e+09 1921292.2 1.9268919e-25 2.876763e-19 2.9570426e-37
6112973.9 1.8324165e+16 2.9956667e+09 1921145.1 1.9220831e-25 2.8681517e-19 2.9495479e-37
6119090.8 1.8342489e+16 2.995665e+09 1920998.3 1.9172863e-25 2.8595663e-19 2.9420656e-37
6125213.8 1.8360832e+16 2.9956632e+09 1920851.7 1.9125014e-25 2.8510065e-19 2.9345958e-37
6131343 1.8379192e+16 2.9956614e+09 1920705.4 1.9077285e-25 2.8424724e-19 2.9271383e-37
6137478.3 1.8397572e+16 2.9956597e+09 1920559.4 1.9029676e-25 2.8339638e-19 2.9196933e-37
6143619.7 1.8415969e+16 2.9956579e+09 1920413.6 1.8982185e-25 2.8254807e-19 2.9122608e-37
6149767.2 1.8434385e+16 2.9956561e+09 1920268.1 1.8934812e-25 2.817023e-19 2.9048408e-37
6155920.9 1.845282e+16 2.9956543e+09 1920122.9 1.8887558e-25 2.8085906e-19 2.8974333e-37
6162080.8 1.8471272e+16 2.9956526e+09 1919977.9 1.8840421e-25 2.8001835e-19 2.8900384e-37
6168246.8 1.8489744e+16 2.9956508e+09 1919833.2 1.8793403e-25 2.7918015e-19 2.882656e-37
6174419 1.8508233e+16 2.995649e+09 1919688.8 1.8746501e-25 2.7834446e-19 2.8752863e-37
6180597.4 1.8526742e+16 2.9956472e+09 1919544.6 1.8699717e-25 2.7751127e-19 2.8679291e-37
6186781.9 1.8545268e+16 2.9956455e+09 1919400.7 1.8653049e-25 2.7668057e-19 2.8605845e-37
6192972.7 1.8563814e+16 2.9956437e+09 1919257.1 1.8606498e-25 2.7585237e-19 2.8532526e-37
6199169.6 1.8582377e+16 2.9956419e+09 1919113.8 1.8560063e-25 2.7502664e-19 2.8459333e-37
6205372.8 1.860096e+16 2.9956402e+09 1918970.7 1.8513744e-25 2.7420338e-19 2.8386267e-37
6211582.1 1.8619561e+16 2.9956384e+09 1918827.8 1.846754e-25 2.7338259e-19 2.8313328e-37
6217797.7 1.863818e+16 2.9956366e+09 1918685.3 1.8421452e-25 2.7256425e-19 2.8240516e-37
6224019.4 1.8656819e+16 2.9956348e+09 1918542.9 1.8375479e-25 2.7174836e-19 2.8167831e-37
6230247.4 1.8675475e+16 2.9956331e+09 1918400.9 1.8329621e-25 2.7093492e-19 2.8095274e-37
6236481.7 1.8694151e+16 2.9956313e+09 1918259.1 1.8283877e-25 2.7012391e-19 2.8022844e-37
6242722.1 1.8712845e+16 2.9956295e+09 1918117.6 1.8238247e-25 2.6931533e-19 2.7950542e-37
6248968.9 1.8731558e+16 2.9956277e+09 1917976.4 1.8192731e-25 2.6850917e-19 2.7878367e-37
6255221.8 1.8750289e+16 2.995626e+09 1917835.4 1.8147329e-25 2.6770542e-19 2.7806321e-37
6261481 1.876904e+16 2.9956242e+09 1917694.7 1.810204e-25 2.6690408e-19 2.7734403e-37
6267746.5 1.8787809e+16 2.9956224e+09 1917554.3 1.8056864e-25 2.6610514e-19 2.7662613e-37
6274018.3 1.8806597e+16 2.9956206e+09 1917414.1 1.80118e-25 2.6530858e-19 2.7590952e-37
6280296.3 1.8825403e+16 2.9956189e+09 1917274.2 1.7966849e-25 2.6451442e-19 2.7519419e-37
6286580.6 1.8844229e+16 2.9956171e+09 1917134.5 1.7922011e-25 2.6372263e-19 2.7448015e-37
6292871.2 1.8863073e+16 2.9956153e+09 1916995.1 1.7877284e-25 2.6293321e-19 2.7376739e-37
6299168.1 1.8881936e+16 2.9956135e+09 1916856 1.7832669e-25 2.6214615e-19 2.7305593e-37
6305471.3 1.8900818e+16 2.9956118e+09 1916717.2 1.7788165e-25 2.6136145e-19 2.7234576e-37
6311780.8 1.8919719e+16 2.99561e+09 1916578.6 1.7743773e-25 2.6057909e-19 2.7163688e-37
6318096.6 1.8938638e+16 2.9956082e+09 1916440.3 1.7699491e-25 2.5979908e-19 2.7092929e-37
6324418.8 1.8957577e+16 2.9956064e+09 1916302.2 1.7655319e-25 2.5902141e-19 2.70223e-37
6330747.2 1.8976534e+16 2.9956047e+09 1916164.4 1.7611258e-25 2.5824606e-19 2.69518e-37
6337082 1.8995511e+16 2.9956029e+09 1916026.9 1.7567307e-25 2.5747303e-19 2.688143e-37
6343423.1 1.9014507e+16 2.9956011e+09 1915889.6 1.7523465e-25 2.5670232e-19 2.681119e-37
6349770.6 1.9033521e+16 2.9955993e+09 1915752.6 1.7479733e-25 2.5593391e-19 2.6741079e-37
6356124.4 1.9052555e+16 2.9955976e+09 1915615.8 1.743611e-25 2.5516781e-19 2.6671098e-37
6362484.6 1.9071607e+16 2.9955958e+09 1915479.4 1.7392596e-25 2.54404e-19 2.6601248e-37
6368851.2 1.9090679e+16 2.995594e+09 1915343.2 1.7349191e-25 2.5364247e-19 2.6531528e-37
6375224.1 1.9109769e+16 2.9955922e+09 1915207.2 1.7305893e-25 2.5288322e-19 2.6461937e-37
6381603.4 1.9128879e+16 2.9955904e+09 1915071.5 1.7262704e-25 2.5212625e-19 2.6392477e-37
6387989.1 1.9148008e+16 2.9955887e+09 1914936.1 1.7219623e-25 2.5137154e-19 2.6323148e-37
6394381.1 1.9167156e+16 2.9955869e+09 1914800.9 1.7176649e-25 2.5061909e-19 2.6253949e-37
6400779.6 1.9186323e+16 2.9955851e+09 1914666 1.7133782e-25 2.498689e-19 2.618488e-37
6407184.5 1.920551e+16 2.9955833e+09 1914531.4 1.7091023e-25 2.4912094e-19 2.6115943e-37
6413595.8 1.9224715e+16 2.9955816e+09 1914397 1.704837e-25 2.4837523e-19 2.6047135e-37
6420013.4 1.924394e+16 2.9955798e+09 1914262.9 1.7005824e-25 2.4763175e-19 2.5978459e-37
6426437.6 1.9263184e+16 2.995578e+09 1914129.1 1.6963383e-25 2.468905e-19 2.5909914e-37
6432868.1 1.9282447e+16 2.9955762e+09 1913995.5 1.6921049e-25 2.4615146e-19 2.5841499e-37
6439305.1 1.9301729e+16 2.9955744e+09 1913862.2 1.687882e-25 2.4541464e-19 2.5773215e-37
6445748.5 1.9321031e+16 2.9955727e+09 1913729.1 1.6836697e-25 2.4468002e-19 2.5705063e-37
6452198.3 1.9340352e+16 2.9955709e+09 1913596.3 1.6794679e-25 2.439476e-19 2.5637041e-37
6458654.7 1.9359692e+16 2.9955691e+09 1913463.8 1.6752765e-25 2.4321738e-19 2.5569151e-37
6465117.4 1.9379052e+16 2.9955673e+09 1913331.5 1.6710957e-25 2.4248933e-19 2.5501391e-37
6471586.7 1.9398431e+16 2.9955656e+09 1913199.5 1.6669252e-25 2.4176347e-19 2.5433763e-37
6478062.4 1.941783e+16 2.9955638e+09 1913067.7 1.6627652e-25 2.4103978e-19 2.5366266e-37
6484544.6 1.9437247e+16 2.995562e+09 1912936.3 1.6586155e-25 2.4031826e-19 2.5298901e-37
6491033.3 1.9456685e+16 2.9955602e+09 1912805 1.6544762e-25 2.395989e-19 2.5231667e-37
6497528.4 1.9476141e+16 2.9955584e+09 1912674.1 1.6503473e-25 2.3888169e-19 2.5164564e-37
6504030.1 1.9495618e+16 2.9955567e+09 1912543.4 1.6462286e-25 2.3816663e-19 2.5097593e-37
6510538.3 1.9515113e+16 2.9955549e+09 1912412.9 1.6421202e-25 2.3745371e-19 2.5030753e-37
6517053 1.9534628e+16 2.9955531e+09 1912282.8 1.6380221e-25 2.3674292e-19 2.4964045e-37
6523574.2 1.9554163e+16 2.9955513e+09 1912152.8 1.6339342e-25 2.3603426e-19 2.4897468e-37
6530101.9 1.9573717e+16 2.9955495e+09 1912023.2 1.6298565e-25 2.3532772e-19 2.4831023e-37
6536636.2 1.9593291e+16 2.9955478e+09 1911893.8 1.625789e-25 2.3462329e-19 2.4764709e-37
6543177 1.9612884e+16 2.995546e+09 1911764.7 1.6217316e-25 2.3392098e-19 2.4698527e-37
6549724.4 1.9632497e+16 2.9955442e+09 1911635.8 1.6176844e-25 2.3322077e-19 2.4632477e-37
6556278.3 1.9652129e+16 2.9955424e+09 1911507.2 1.6136472e-25 2.3252265e-19 2.4566558e-37
6562838.7 1.9671782e+16 2.9955406e+09 1911378.8 1.6096202e-25 2.3182662e-19 2.4500771e-37
6569405.7 1.9691453e+16 2.9955389e+09 1911250.7 1.6056032e-25 2.3113268e-19 2.4435115e-37
6575979.3 1.9711145e+16 2.9955371e+09 1911122.9 1.6015962e-25 2.3044081e-19 2.4369591e-37
6582559.5 1.9730856e+16 2.9955353e+09 1910995.3 1.5975992e-25 2.2975101e-19 2.4304199e-37
6589146.2 1.9750587e+16 2.9955335e+09 1910868 1.5936121e-25 2.2906328e-19 2.4238939e-37
6595739.6 1.9770337e+16 2.9955317e+09 1910741 1.5896351e-25 2.2837761e-19 2.417381e-37
6602339.5 1.9790108e+16 2.9955299e+09 1910614.2 1.5856679e-25 2.2769399e-19 2.4108813e-37
6608946.1 1.9809898e+16 2.9955282e+09 1910487.7 1.5817107e-25 2.2701242e-19 2.4043948e-37
6615559.2 1.9829708e+16 2.9955264e+09 1910361.4 1.5777633e-25 2.2633288e-19 2.3979214e-37
6622179 1.9849537e+16 2.9955246e+09 1910235.4 1.5738258e-25 2.2565539e-19 2.3914612e-37
6628805.4 1.9869387e+16 2.9955228e+09 1910109.6 1.5698981e-25 2.2497991e-19 2.3850141e-37
6635438.4 1.9889256e+16 2.995521e+09 1909984.2 1.5659802e-25 2.2430646e-19 2.3785803e-37
6642078.1 1.9909146e+16 2.9955193e+09 1909858.9 1.5620721e-25 2.2363503e-19 2.3721596e-37
6648724.4 1.9929055e+16 2.9955175e+09 1909734 1.5581738e-25 2.2296561e-19 2.365752e-37
6655377.4 1.9948984e+16 2.9955157e+09 1909609.2 1.5542851e-25 2.2229819e-19 2.3593576e-37
6662037 1.9968933e+16 2.9955139e+09 1909484.8 1.5504062e-25 2.2163277e-19 2.3529764e-37
6668703.3 1.9988902e+16 2.9955121e+09 1909360.6 1.546537e-25 2.2096934e-19 2.3466084e-37
6675376.2 2.0008891e+16 2.9955103e+09 1909236.7 1.5426774e-25 2.2030789e-19 2.3402534e-37
6682055.8 2.00289e+16 2.9955086e+09 1909113 1.5388274e-25 2.1964843e-19 2.3339117e-37
6688742.2 2.0048928e+16 2.9955068e+09 1908989.6 1.5349871e-25 2.1899094e-19 2.3275831e-37
6695435.2 2.0068977e+16 2.995505e+09 1908866.4 1.5311563e-25 2.1833541e-19 2.3212676e-37
6702134.9 2.0089046e+16 2.9955032e+09 1908743.5 1.5273351e-25 2.1768185e-19 2.3149653e-37
6708841.3 2.0109135e+16 2.9955014e+09 1908620.9 1.5235235e-25 2.1703025e-19 2.3086762e-37
6715554.4 2.0129245e+16 2.9954996e+09 1908498.5 1.5197213e-25 2.163806e-19 2.3024001e-37
6722274.2 2.0149374e+16 2.9954979e+09 1908376.4 1.5159286e-25 2.1573289e-19 2.2961372e-37
6729000.7 2.0169523e+16 2.9954961e+09 1908254.5 1.5121454e-25 2.1508712e-19 2.2898875e-37
6735734 2.0189693e+16 2.9954943e+09 1908132.9 1.5083717e-25 2.1444328e-19 2.2836508e-37
6742474.1 2.0209882e+16 2.9954925e+09 1908011.6 1.5046073e-25 2.1380137e-19 2.2774273e-37
6749220.8 2.0230092e+16 2.9954907e+09 1907890.5 1.5008524e-25 2.1316139e-19 2.2712169e-37
6755974.3 2.0250322e+16 2.9954889e+09 1907769.7 1.4971068e-25 2.1252331e-19 2.2650197e-37
6762734.6 2.0270573e+16 2.9954872e+09 1907649.1 1.4933706e-25 2.1188715e-19 2.2588355e-37
6769501.6 2.0290843e+16 2.9954854e+09 1907528.8 1.4896437e-25 2.1125289e-19 2.2526644e-37
6776275.4 2.0311134e+16 2.9954836e+09 1907408.7 1.4859261e-25 2.1062053e-19 2.2465065e-37
6783056 2.0331445e+16 2.9954818e+09 1907288.9 1.4822178e-25 2.0999007e-19 2.2403616e-37
6789843.4 2.0351777e+16 2.99548e+09 1907169.4 1.4785187e-25 2.0936149e-19 2.2342298e-37
6796637.6 2.0372128e+16 2.9954782e+09 1907050.1 1.4748289e-25 2.0873479e-19 2.2281111e-37
6803438.5 2.0392501e+16 2.9954764e+09 1906931.1 1.4711482e-25 2.0810997e-19 2.2220055e-37
6810246.3 2.0412893e+16 2.9954747e+09 1906812.3 1.4674768e-25 2.0748702e-19 2.215913e-37
6817060.9 2.0433306e+16 2.9954729e+09 1906693.8 1.4638145e-25 2.0686593e-19 2.2098335e-37
6823882.3 2.0453739e+16 2.9954711e+09 1906575.6 1.4601614e-25 2.062467e-19 2.2037671e-37
6830710.5 2.0474193e+16 2.9954693e+09 1906457.6 1.4565173e-25 2.0562933e-19 2.1977137e-37
6837545.5 2.0494667e+16 2.9954675e+09 1906339.8 1.4528824e-25 2.050138e-19 2.1916734e-37
6844387.4 2.0515162e+16 2.9954657e+09 1906222.3 1.4492565e-25 2.0440012e-19 2.1856461e-37
6851236.2 2.0535677e+16 2.9954639e+09 1906105.1 1.4456397e-25 2.0378827e-19 2.1796319e-37
6858091.8 2.0556213e+16 2.9954622e+09 1905988.1 1.442032e-25 2.0317826e-19 2.1736306e-37
6864954.2 2.0576769e+16 2.9954604e+09 1905871.4 1.4384332e-25 2.0257007e-19 2.1676424e-37
6871823.5 2.0597346e+16 2.9954586e+09 1905755 1.4348434e-25 2.019637e-19 2.1616673e-37
6878699.7 2.0617943e+16 2.9954568e+09 1905638.8 1.4312625e-25 2.0135915e-19 2.1557051e-37
6885582.8 2.0638561e+16 2.995455e+09 1905522.8 1.4276906e-25 2.007564e-19 2.1497559e-37
6892472.8 2.06592e+16 2.9954532e+09 1905407.2 1.4241276e-25 2.0015546e-19 2.1438197e-37
6899369.6 2.0679859e+16 2.9954514e+09 1905291.7 1.4205735e-25 1.9955632e-19 2.1378965e-37
6906273.4 2.0700539e+16 2.9954496e+09 1905176.5 1.4170283e-25 1.9895897e-19 2.1319863e-37
6913184 2.0721239e+16 2.9954479e+09 1905061.6 1.4134919e-25 1.9836342e-19 2.126089e-37
6920101.6 2.074196e+16 2.9954461e+09 1904947 1.4099644e-25 1.9776964e-19 2.1202047e-37
6927026.1 2.0762702e+16 2.9954443e+09 1904832.6 1.4064456e-25 1.9717764e-19 2.1143333e-37
6933957.5 2.0783465e+16 2.9954425e+09 1904718.4 1.4029357e-25 1.9658741e-19 2.1084749e-37
6940895.9 2.0804248e+16 2.9954407e+09 1904604.5 1.3994344e-25 1.9599895e-19 2.1026294e-37
6947841.2 2.0825053e+16 2.9954389e+09 1904490.9 1.395942e-25 1.9541225e-19 2.0967968e-37
6954793.4 2.0845878e+16 2.9954371e+09 1904377.5 1.3924582e-25 1.9482731e-19 2.0909772e-37
6961752.7 2.0866724e+16 2.9954353e+09 1904264.4 1.3889832e-25 1.9424412e-19 2.0851704e-37
6968718.8 2.088759e+16 2.9954335e+09 1904151.5 1.3855168e-25 1.9366267e-19 2.0793765e-37
6975692 2.0908478e+16 2.9954318e+09 1904038.9 1.382059e-25 1.9308297e-19 2.0735956e-37
6982672.1 2.0929386e+16 2.99543e+09 1903926.5 1.3786099e-25 1.92505e-19 2.0678275e-37
6989659.2 2.0950316e+16 2.9954282e+09 1903814.4 1.3751694e-25 1.9192876e-19 2.0620722e-37
6996653.3 2.0971266e+16 2.9954264e+09 1903702.5 1.3717375e-25 1.9135424e-19 2.0563298e-37
7003654.4 2.0992237e+16 2.9954246e+09 1903590.9 1.3683141e-25 1.9078145e-19 2.0506003e-37
7010662.5 2.101323e+16 2.9954228e+09 1903479.6 1.3648993e-25 1.9021037e-19 2.0448836e-37
7017677.6 2.1034243e+16 2.995421e+09 1903368.5 1.3614931e-25 1.8964099e-19 2.0391797e-37
7024699.7 2.1055277e+16 2.9954192e+09 1903257.7 1.3580953e-25 1.8907333e-19 2.0334887e-37
7031728.9 2.1076332e+16 2.9954174e+09 1903147.1 1.354706e-25 1.8850736e-19 2.0278104e-37
7038765.1 2.1097409e+16 2.9954156e+09 1903036.8 1.3513251e-25 1.8794309e-19 2.0221449e-37
7045808.3 2.1118506e+16 2.9954139e+09 1902926.7 1.3479527e-25 1.873805e-19 2.0164923e-37
7052858.6 2.1139625e+16 2.9954121e+09 1902816.9 1.3445887e-25 1.868196e-19 2.0108524e-37
7059915.9 2.1160764e+16 2.9954103e+09 1902707.3 1.3412331e-25 1.8626038e-19 2.0052252e-37
7066980.3 2.1181925e+16 2.9954085e+09 1902598 1.3378859e-25 1.8570283e-19 1.9996108e-37
7074051.8 2.1203107e+16 2.9954067e+09 1902489 1.334547e-25 1.8514695e-19 1.9940091e-37
7081130.3 2.122431e+16 2.9954049e+09 1902380.2 1.3312165e-25 1.8459274e-19 1.9884202e-37
7088216 2.1245534e+16 2.9954031e+09 1902271.6 1.3278943e-25 1.8404018e-19 1.982844e-37
7095308.7 2.126678e+16 2.9954013e+09 1902163.3 1.3245803e-25 1.8348928e-19 1.9772805e-37
7102408.5 2.1288047e+16 2.9953995e+09 1902055.3 1.3212747e-25 1.8294003e-19 1.9717297e-37
7109515.4 2.1309335e+16 2.9953977e+09 1901947.5 1.3179772e-25 1.8239242e-19 1.9661915e-37
7116629.4 2.1330644e+16 2.9953959e+09 1901840 1.3146881e-25 1.8184645e-19 1.960666e-37
7123750.6 2.1351975e+16 2.9953942e+09 1901732.7 1.3114071e-25 1.8130211e-19 1.9551532e-37
7130878.8 2.1373327e+16 2.9953924e+09 1901625.6 1.3081343e-25 1.8075941e-19 1.949653e-37
7138014.2 2.13947e+16 2.9953906e+09 1901518.9 1.3048697e-25 1.8021833e-19 1.9441655e-37
7145156.8 2.1416095e+16 2.9953888e+09 1901412.4 1.3016132e-25 1.7967887e-19 1.9386906e-37
7152306.5 2.1437511e+16 2.995387e+09 1901306.1 1.2983648e-25 1.7914102e-19 1.9332283e-37
7159463.3 2.1458948e+16 2.9953852e+09 1901200.1 1.2951246e-25 1.7860478e-19 1.9277785e-37
7166627.3 2.1480407e+16 2.9953834e+09 1901094.3 1.2918925e-25 1.7807015e-19 1.9223414e-37
7173798.5 2.1501888e+16 2.9953816e+09 1900988.8 1.2886684e-25 1.7753712e-19 1.9169168e-37
7180976.8 2.152339e+16 2.9953798e+09 1900883.5 1.2854523e-25 1.7700568e-19 1.9115048e-37
7188162.4 2.1544913e+16 2.995378e+09 1900778.5 1.2822443e-25 1.7647584e-19 1.9061053e-37
7195355.1 2.1566458e+16 2.9953762e+09 1900673.8 1.2790443e-25 1.7594758e-19 1.9007184e-37
7202555 2.1588024e+16 2.9953744e+09 1900569.3 1.2758523e-25 1.754209e-19 1.895344e-37
7209762.1 2.1609612e+16 2.9953726e+09 1900465 1.2726682e-25 1.748958e-19 1.889982e-37
7216976.4 2.1631222e+16 2.9953708e+09 1900361 1.2694921e-25 1.7437227e-19 1.8846326e-37
7224198 2.1652853e+16 2.995369e+09 1900257.3 1.2663239e-25 1.7385031e-19 1.8792956e-37
7231426.8 2.1674506e+16 2.9953673e+09 1900153.8 1.2631636e-25 1.7332991e-19 1.8739711e-37
7238662.8 2.1696181e+16 2.9953655e+09 1900050.6 1.2600113e-25 1.7281107e-19 1.8686591e-37
7245906 2.1717877e+16 2.9953637e+09 1899947.6 1.2568667e-25 1.7229378e-19 1.8633595e-37
7253156.5 2.1739595e+16 2.9953619e+09 1899844.8 1.2537301e-25 1.7177804e-19 1.8580723e-37
7260414.3 2.1761334e+16 2.9953601e+09 1899742.4 1.2506012e-25 1.7126384e-19 1.8527975e-37
7267679.3 2.1783096e+16 2.9953583e+09 1899640.1 1.2474802e-25 1.7075118e-19 1.8475351e-37
7274951.6 2.1804879e+16 2.9953565e+09 1899538.2 1.2443669e-25 1.7024006e-19 1.8422851e-37
7282231.1 2.1826684e+16 2.9953547e+09 1899436.4 1.2412614e-25 1.6973047e-19 1.8370474e-37
7289518 2.184851e+16 2.9953529e+09 1899334.9 1.2381637e-25 1.692224e-19 1.8318221e-37
7296812.1 2.1870359e+16 2.9953511e+09 1899233.7 1.2350737e-25 1.6871585e-19 1.8266092e-37
7304113.6 2.1892229e+16 2.9953493e+09 1899132.7 1.2319914e-25 1.6821082e-19 1.8214085e-37
7311422.3 2.1914121e+16 2.9953475e+09 1899032 1.2289168e-25 1.677073e-19 1.8162202e-37
7318738.3 2.1936035e+16 2.9953457e+09 1898931.5 1.2258499e-25 1.6720529e-19 1.8110442e-37
7326061.7 2.1957971e+16 2.9953439e+09 1898831.3 1.2227906e-25 1.6670478e-19 1.8058804e-37
7333392.4 2.1979929e+16 2.9953421e+09 1898731.3 1.219739e-25 1.6620577e-19 1.8007289e-37
7340730.5 2.2001909e+16 2.9953403e+09 1898631.6 1.216695e-25 1.6570826e-19 1.7955896e-37
7348075.8 2.2023911e+16 2.9953385e+09 1898532.2 1.2136585e-25 1.6521223e-19 1.7904626e-37
7355428.6 2.2045935e+16 2.9953367e+09 1898432.9 1.2106297e-25 1.6471768e-19 1.7853478e-37
7362788.7 2.2067981e+16 2.9953349e+09 1898334 1.2076084e-25 1.6422462e-19 1.7802452e-37
7370156.1 2.2090049e+16 2.9953331e+09 1898235.2 1.2045947e-25 1.6373304e-19 1.7751548e-37
7377530.9 2.2112139e+16 2.9953313e+09 1898136.8 1.2015884e-25 1.6324292e-19 1.7700765e-37
7384913.1 2.2134251e+16 2.9953295e+09 1898038.6 1.1985897e-25 1.6275427e-19 1.7650104e-37
7392302.7 2.2156386e+16 2.9953277e+09 1897940.6 1.1955985e-25 1.6226709e-19 1.7599565e-37
7399699.7 2.2178542e+16 2.9953259e+09 1897842.9 1.1926147e-25 1.6178136e-19 1.7549147e-37
7407104.1 2.220072e+16 2.9953241e+09 1897745.4 1.1896384e-25 1.6129709e-19 1.749885e-37
7414515.9 2.2222921e+16 2.9953223e+09 1897648.2 1.1866695e-25 1.6081426e-19 1.7448673e-37
7421935.1 2.2245144e+16 2.9953206e+09 1897551.2 1.183708e-25 1.6033289e-19 1.7398618e-37
7429361.7 2.2267389e+16 2.9953188e+09 1897454.5 1.1807539e-25 1.5985295e-19 1.7348683e-37
7436795.8 2.2289657e+16 2.995317e+09 1897358 1.1778072e-25 1.5937445e-19 1.7298869e-37
7444237.3 2.2311946e+16 2.9953152e+09 1897261.8 1.1748678e-25 1.5889738e-19 1.7249175e-37
7451686.2 2.2334258e+16 2.9953134e+09 1897165.8 1.1719358e-25 1.5842174e-19 1.7199601e-37
7459142.6 2.2356593e+16 2.9953116e+09 1897070.1 1.169011e-25 1.5794752e-19 1.7150147e-37
7466606.5 2.2378949e+16 2.9953098e+09 1896974.6 1.1660936e-25 1.5747473e-19 1.7100813e-37
7474077.8 2.2401328e+16 2.995308e+09 1896879.4 1.1631835e-25 1.5700334e-19 1.7051598e-37
7481556.6 2.2423729e+16 2.9953062e+09 1896784.4 1.1602806e-25 1.5653337e-19 1.7002504e-37
7489042.9 2.2446153e+16 2.9953044e+09 1896689.7 1.157385e-25 1.5606481e-19 1.6953528e-37
7496536.7 2.2468599e+16 2.9953026e+09 1896595.2 1.1544966e-25 1.5559765e-19 1.6904672e-37
7504038 2.2491068e+16 2.9953008e+09 1896501 1.1516154e-25 1.5513189e-19 1.6855934e-37
7511546.8 2.2513559e+16 2.995299e+09 1896407 1.1487414e-25 1.5466752e-19 1.6807316e-37
7519063.1 2.2536072e+16 2.9952972e+09 1896313.3 1.1458745e-25 1.5420454e-19 1.6758816e-37
7526586.9 2.2558609e+16 2.9952954e+09 1896219.8 1.1430148e-25 1.5374295e-19 1.6710434e-37
7534118.2 2.2581167e+16 2.9952936e+09 1896126.6 1.1401623e-25 1.5328273e-19 1.6662171e-37
7541657.1 2.2603748e+16 2.9952918e+09 1896033.6 1.1373169e-25 1.528239e-19 1.6614026e-37
7549203.5 2.2626352e+16 2.99529e+09 1895940.8 1.1344785e-25 1.5236644e-19 1.6565999e-37
7556757.5 2.2648978e+16 2.9952882e+09 1895848.4 1.1316473e-25 1.5191035e-19 1.651809e-37
7564319 2.2671627e+16 2.9952864e+09 1895756.1 1.1288231e-25 1.5145562e-19 1.6470299e-37
7571888.1 2.2694299e+16 2.9952846e+09 1895664.1 1.126006e-25 1.5100226e-19 1.6422625e-37
7579464.8 2.2716993e+16 2.9952828e+09 1895572.4 1.1231959e-25 1.5055025e-19 1.6375068e-37
7587049.1 2.273971e+16 2.995281e+09 1895480.9 1.1203928e-25 1.500996e-19 1.6327629e-37
7594640.9 2.276245e+16 2.9952792e+09 1895389.6 1.1175967e-25 1.4965029e-19 1.6280307e-37
7602240.4 2.2785212e+16 2.9952773e+09 1895298.6 1.1148076e-25 1.4920233e-19 1.6233101e-37
7609847.4 2.2807998e+16 2.9952755e+09 1895207.9 1.1120255e-25 1.4875571e-19 1.6186012e-37
7617462.1 2.2830806e+16 2.9952737e+09 1895117.4 1.1092503e-25 1.4831043e-19 1.6139039e-37
7625084.3 2.2853637e+16 2.9952719e+09 1895027.1 1.106482e-25 1.4786648e-19 1.6092183e-37
7632714.2 2.287649e+16 2.9952701e+09 1894937.1 1.1037206e-25 1.4742386e-19 1.6045443e-37
7640351.8 2.2899367e+16 2.9952683e+09 1894847.3 1.1009661e-25 1.4698257e-19 1.5998819e-37
7647997 2.2922266e+16 2.9952665e+09 1894757.8 1.0982185e-25 1.4654259e-19 1.595231e-37
7655649.8 2.2945188e+16 2.9952647e+09 1894668.5 1.0954778e-25 1.4610393e-19 1.5905917e-37
7663310.3 2.2968133e+16 2.9952629e+09 1894579.5 1.0927439e-25 1.4566659e-19 1.585964e-37
7670978.4 2.2991102e+16 2.9952611e+09 1894490.7 1.0900168e-25 1.4523055e-19 1.5813478e-37
7678654.3 2.3014093e+16 2.9952593e+09 1894402.2 1.0872965e-25 1.4479582e-19 1.576743e-37
7686337.8 2.3037107e+16 2.9952575e+09 1894313.9 1.084583e-25 1.4436239e-19 1.5721498e-37
7694029 2.3060144e+16 2.9952557e+09 1894225.9 1.0818763e-25 1.4393026e-19 1.5675681e-37
7701727.9 2.3083204e+16 2.9952539e+09 1894138.1 1.0791763e-25 1.4349942e-19 1.5629977e-37
7709434.4 2.3106287e+16 2.9952521e+09 1894050.5 1.0764831e-25 1.4306988e-19 1.5584389e-37
7717148.8 2.3129394e+16 2.9952503e+09 1893963.3 1.0737966e-25 1.4264161e-19 1.5538914e-37
7724870.8 2.3152523e+16 2.9952485e+09 1893876.2 1.0711168e-25 1.4221463e-19 1.5493554e-37
7732600.5 2.3175675e+16 2.9952467e+09 1893789.4 1.0684437e-25 1.4178893e-19 1.5448307e-37
7740338 2.3198851e+16 2.9952449e+09 1893702.8 1.0657773e-25 1.413645e-19 1.5403174e-37
7748083.2 2.322205e+16 2.9952431e+09 1893616.5 1.0631175e-25 1.4094134e-19 1.5358154e-37
7755836.2 2.3245272e+16 2.9952413e+09 1893530.5 1.0604643e-25 1.4051945e-19 1.5313247e-37
7763596.9 2.3268517e+16 2.9952395e+09 1893444.6 1.0578178e-25 1.4009882e-19 1.5268454e-37
7771365.4 2.3291786e+16 2.9952377e+09 1893359.1 1.0551779e-25 1.3967946e-19 1.5223774e-37
7779141.7 2.3315078e+16 2.9952359e+09 1893273.7 1.0525445e-25 1.3926134e-19 1.5179206e-37
7786925.8 2.3338393e+16 2.9952341e+09 1893188.7 1.0499178e-25 1.3884448e-19 1.513475e-37
7794717.6 2.3361731e+16 2.9952323e+09 1893103.8 1.0472976e-25 1.3842887e-19 1.5090408e-37
7802517.3 2.3385093e+16 2.9952304e+09 1893019.2 1.0446839e-25 1.3801449e-19 1.5046177e-37
7810324.7 2.3408478e+16 2.9952286e+09 1892934.9 1.0420767e-25 1.3760136e-19 1.5002058e-37
7818140 2.3431886e+16 2.9952268e+09 1892850.8 1.0394761e-25 1.3718947e-19 1.4958051e-37
7825963 2.3455318e+16 2.995225e+09 1892766.9 1.036882e-25 1.3677881e-19 1.4914156e-37
7833793.9 2.3478774e+16 2.9952232e+09 1892683.3 1.0342943e-25 1.3636938e-19 1.4870372e-37
7841632.7 2.3502252e+16 2.9952214e+09 1892599.9 1.0317131e-25 1.3596117e-19 1.4826699e-37
7849479.3 2.3525755e+16 2.9952196e+09 1892516.8 1.0291383e-25 1.3555419e-19 1.4783137e-37
7857333.7 2.354928e+16 2.9952178e+09 1892433.9 1.0265699e-25 1.3514843e-19 1.4739687e-37
7865196 2.357283e+16 2.995216e+09 1892351.3 1.024008e-25 1.3474387e-19 1.4696346e-37
7873066.1 2.3596402e+16 2.9952142e+09 1892268.9 1.0214524e-25 1.3434053e-19 1.4653117e-37
7880944.2 2.3619999e+16 2.9952124e+09 1892186.8 1.0189033e-25 1.339384e-19 1.4609998e-37
7888830.1 2.3643619e+16 2.9952106e+09 1892104.9 1.0163605e-25 1.3353747e-19 1.4566988e-37
7896723.9 2.3667262e+16 2.9952088e+09 1892023.2 1.013824e-25 1.3313775e-19 1.4524089e-37
7904625.6 2.369093e+16 2.995207e+09 1891941.8 1.0112939e-25 1.3273921e-19 1.44813e-37
7912535.2 2.3714621e+16 2.9952051e+09 1891860.7 1.0087701e-25 1.3234187e-19 1.443862e-37
7920452.8 2.3738335e+16 2.9952033e+09 1891779.7 1.0062525e-25 1.3194572e-19 1.4396049e-37
7928378.2 2.3762074e+16 2.9952015e+09 1891699.1 1.0037413e-25 1.3155076e-19 1.4353588e-37
7936311.6 2.3785836e+16 2.9951997e+09 1891618.6 1.0012363e-25 1.3115698e-19 1.4311235e-37
7944252.9 2.3809622e+16 2.9951979e+09 1891538.4 9.9873762e-26 1.3076438e-19 1.4268992e-37
7952202.2 2.3833431e+16 2.9951961e+09 1891458.5 9.9624514e-26 1.3037295e-19 1.4226857e-37
7960159.4 2.3857265e+16 2.9951943e+09 1891378.8 9.9375888e-26 1.2998269e-19 1.418483e-37
7968124.6 2.3881122e+16 2.9951925e+09 1891299.3 9.9127882e-26 1.295936e-19 1.4142912e-37
7976097.7 2.3905003e+16 2.9951907e+09 1891220.1 9.8880496e-26 1.2920568e-19 1.4101101e-37
7984078.8 2.3928908e+16 2.9951889e+09 1891141.2 9.8633727e-26 1.2881892e-19 1.4059399e-37
7992068 2.3952837e+16 2.9951871e+09 1891062.4 9.8387573e-26 1.2843332e-19 1.4017804e-37
8000065.1 2.397679e+16 2.9951852e+09 1890984 9.8142034e-26 1.2804887e-19 1.3976317e-37
8008070.2 2.4000767e+16 2.9951834e+09 1890905.7 9.7897108e-26 1.2766557e-19 1.3934937e-37
8016083.3 2.4024767e+16 2.9951816e+09 1890827.7 9.7652792e-26 1.2728341e-19 1.3893664e-37
8024104.4 2.4048792e+16 2.9951798e+09 1890750 9.7409087e-26 1.2690241e-19 1.3852498e-37
8032133.6 2.4072841e+16 2.995178e+09 1890672.5 9.716599e-26 1.2652254e-19 1.3811438e-37
8040170.8 2.4096914e+16 2.9951762e+09 1890595.2 9.6923499e-26 1.2614381e-19 1.3770486e-37
8048216 2.4121011e+16 2.9951744e+09 1890518.2 9.6681614e-26 1.2576621e-19 1.3729639e-37
8056269.3 2.4145132e+16 2.9951726e+09 1890441.4 9.6440332e-26 1.2538975e-19 1.3688899e-37
8064330.7 2.4169277e+16 2.9951708e+09 1890364.9 9.6199653e-26 1.2501441e-19 1.3648264e-37
8072400.1 2.4193446e+16 2.9951689e+09 1890288.6 9.5959574e-26 1.2464019e-19 1.3607735e-37
8080477.6 2.4217639e+16 2.9951671e+09 1890212.5 9.5720094e-26 1.2426709e-19 1.3567312e-37
8088563.2 2.4241857e+16 2.9951653e+09 1890136.7 9.5481212e-26 1.2389512e-19 1.3526994e-37
8096656.8 2.4266099e+16 2.9951635e+09 1890061.1 9.5242926e-26 1.2352425e-19 1.3486782e-37
8104758.6 2.4290365e+16 2.9951617e+09 1889985.8 9.5005235e-26 1.231545e-19 1.3446674e-37
8112868.5 2.4314655e+16 2.9951599e+09 1889910.7 9.4768137e-26 1.2278585e-19 1.3406671e-37
8120986.4 2.433897e+16 2.9951581e+09 1889835.9 9.4531631e-26 1.224183e-19 1.3366773e-37
8129112.5 2.4363309e+16 2.9951563e+09 1889761.3 9.4295714e-26 1.2205186e-19 1.3326979e-37
8137246.8 2.4387672e+16 2.9951544e+09 1889686.9 9.4060387e-26 1.2168651e-19 1.3287289e-37
8145389.2 2.441206e+16 2.9951526e+09 1889612.8 9.3825647e-26 1.2132226e-19 1.3247704e-37
8153539.7 2.4436472e+16 2.9951508e+09 1889538.9 9.3591493e-26 1.2095909e-19 1.3208222e-37
8161698.4 2.4460909e+16 2.995149e+09 1889465.3 9.3357923e-26 1.2059701e-19 1.3168843e-37
8169865.2 2.4485369e+16 2.9951472e+09 1889391.9 9.3124936e-26 1.2023602e-19 1.3129568e-37
8178040.2 2.4509855e+16 2.9951454e+09 1889318.8 9.289253e-26 1.1987611e-19 1.3090397e-37
8186223.4 2.4534365e+16 2.9951436e+09 1889245.9 9.2660705e-26 1.1951727e-19 1.3051328e-37
8194414.8 2.4558899e+16 2.9951418e+09 1889173.2 9.2429458e-26 1.1915951e-19 1.3012362e-37
8202614.4 2.4583458e+16 2.9951399e+09 1889100.8 9.2198788e-26 1.1880282e-19 1.2973499e-37
8210822.1 2.4608041e+16 2.9951381e+09 1889028.6 9.1968694e-26 1.184472e-19 1.2934738e-37
8219038.1 2.4632649e+16 2.9951363e+09 1888956.7 9.1739174e-26 1.1809264e-19 1.289608e-37
8227262.4 2.4657282e+16 2.9951345e+09 1888885 9.1510227e-26 1.1773915e-19 1.2857524e-37
8235494.8 2.4681939e+16 2.9951327e+09 1888813.5 9.1281851e-26 1.1738671e-19 1.2819069e-37
8243735.5 2.4706621e+16 2.9951309e+09 1888742.3 9.1054045e-26 1.1703533e-19 1.2780716e-37
8251984.4 2.4731328e+16 2.995129e+09 1888671.3 9.0826808e-26 1.1668499e-19 1.2742465e-37
8260241.6 2.4756059e+16 2.9951272e+09 1888600.6 9.0600137e-26 1.1633571e-19 1.2704315e-37
8268507 2.4780815e+16 2.9951254e+09 1888530.1 9.0374033e-26 1.1598747e-19 1.2666266e-37
8276780.8 2.4805596e+16 2.9951236e+09 1888459.8 9.0148492e-26 1.1564028e-19 1.2628317e-37
8285062.8 2.4830402e+16 2.9951218e+09 1888389.8 8.9923515e-26 1.1529412e-19 1.259047e-37
8293353 2.4855232e+16 2.99512e+09 1888320.1 8.9699099e-26 1.14949e-19 1.2552723e-37
8301651.6 2.4880087e+16 2.9951182e+09 1888250.5 8.9475243e-26 1.1460492e-19 1.2515076e-37
8309958.5 2.4904967e+16 2.9951163e+09 1888181.2 8.9251946e-26 1.1426186e-19 1.247753e-37
8318273.7 2.4929872e+16 2.9951145e+09 1888112.2 8.9029206e-26 1.1391983e-19 1.2440083e-37
8326597.2 2.4954802e+16 2.9951127e+09 1888043.4 8.8807022e-26 1.1357883e-19 1.2402736e-37
8334929 2.4979757e+16 2.9951109e+09 1887974.8 8.8585392e-26 1.1323884e-19 1.2365489e-37
8343269.2 2.5004737e+16 2.9951091e+09 1887906.5 8.8364316e-26 1.1289987e-19 1.232834e-37
8351617.7 2.5029742e+16 2.9951073e+09 1887838.4 8.8143791e-26 1.1256192e-19 1.2291291e-37
8359974.6 2.5054771e+16 2.9951054e+09 1887770.5 8.7923817e-26 1.1222498e-19 1.2254341e-37
8368339.9 2.5079826e+16 2.9951036e+09 1887702.9 8.7704391e-26 1.1188905e-19 1.221749e-37
8376713.5 2.5104906e+16 2.9951018e+09 1887635.5 8.7485513e-26 1.1155412e-19 1.2180737e-37
8385095.4 2.5130011e+16 2.9951e+09 1887568.4 8.7267182e-26 1.112202e-19 1.2144082e-37
8393485.8 2.5155141e+16 2.9950982e+09 1887501.5 8.7049395e-26 1.1088727e-19 1.2107526e-37
8401884.6 2.5180296e+16 2.9950963e+09 1887434.9 8.6832152e-26 1.1055534e-19 1.2071068e-37
8410291.8 2.5205476e+16 2.9950945e+09 1887368.5 8.6615451e-26 1.1022441e-19 1.2034707e-37
8418707.4 2.5230682e+16 2.9950927e+09 1887302.3 8.639929e-26 1.0989447e-19 1.1998444e-37
8427131.4 2.5255912e+16 2.9950909e+09 1887236.3 8.618367e-26 1.0956551e-19 1.1962278e-37
8435563.8 2.5281168e+16 2.9950891e+09 1887170.6 8.5968587e-26 1.0923754e-19 1.1926209e-37
8444004.7 2.530645e+16 2.9950872e+09 1887105.2 8.5754041e-26 1.0891055e-19 1.1890238e-37
8452454 2.5331756e+16 2.9950854e+09 1887040 8.5540031e-26 1.0858454e-19 1.1854363e-37
8460911.8 2.5357088e+16 2.9950836e+09 1886975 8.5326554e-26 1.082595e-19 1.1818584e-37
8469378 2.5382445e+16 2.9950818e+09 1886910.3 8.511361e-26 1.0793544e-19 1.1782902e-37
8477852.7 2.5407827e+16 2.99508e+09 1886845.8 8.4901198e-26 1.0761235e-19 1.1747317e-37
8486335.9 2.5433235e+16 2.9950782e+09 1886781.5 8.4689316e-26 1.0729022e-19 1.1711827e-37
8494827.6 2.5458668e+16 2.9950763e+09 1886717.5 8.4477963e-26 1.0696906e-19 1.1676433e-37
8503327.7 2.5484127e+16 2.9950745e+09 1886653.7 8.4267137e-26 1.0664886e-19 1.1641134e-37
8511836.4 2.5509611e+16 2.9950727e+09 1886590.1 8.4056837e-26 1.0632962e-19 1.1605931e-37
8520353.6 2.5535121e+16 2.9950709e+09 1886526.8 8.3847062e-26 1.0601134e-19 1.1570823e-37
8528879.3 2.5560656e+16 2.995069e+09 1886463.8 8.3637811e-26 1.05694e-19 1.1535811e-37
8537413.6 2.5586217e+16 2.9950672e+09 1886400.9 8.3429082e-26 1.0537762e-19 1.1500892e-37
8545956.4 2.5611803e+16 2.9950654e+09 1886338.3 8.3220874e-26 1.0506219e-19 1.1466069e-37
8554507.7 2.5637415e+16 2.9950636e+09 1886276 8.3013185e-26 1.0474769e-19 1.143134e-37
8563067.6 2.5663052e+16 2.9950618e+09 1886213.9 8.2806015e-26 1.0443414e-19 1.1396705e-37
8571636 2.5688715e+16 2.9950599e+09 1886152 8.2599361e-26 1.0412153e-19 1.1362164e-37
8580213.1 2.5714404e+16 2.9950581e+09 1886090.3 8.2393224e-26 1.0380986e-19 1.1327717e-37
8588798.7 2.5740118e+16 2.9950563e+09 1886028.9 8.2187601e-26 1.0349911e-19 1.1293364e-37
8597392.9 2.5765858e+16 2.9950545e+09 1885967.8 8.1982491e-26 1.031893e-19 1.1259104e-37
8605995.7 2.5791624e+16 2.9950527e+09 1885906.8 8.1777893e-26 1.0288042e-19 1.1224937e-37
8614607.1 2.5817416e+16 2.9950508e+09 1885846.2 8.1573805e-26 1.0257246e-19 1.1190864e-37
8623227.1 2.5843233e+16 2.995049e+09 1885785.7 8.1370227e-26 1.0226542e-19 1.1156883e-37
8631855.8 2.5869076e+16 2.9950472e+09 1885725.5 8.1167157e-26 1.019593e-19 1.1122994e-37
8640493.1 2.5894945e+16 2.9950454e+09 1885665.5 8.0964593e-26 1.0165409e-19 1.1089199e-37
8649139 2.592084e+16 2.9950435e+09 1885605.8 8.0762536e-26 1.0134981e-19 1.1055495e-37
8657793.6 2.5946761e+16 2.9950417e+09 1885546.3 8.0560982e-26 1.0104643e-19 1.1021884e-37
8666456.8 2.5972708e+16 2.9950399e+09 1885487 8.0359932e-26 1.0074396e-19 1.0988364e-37
8675128.7 2.5998681e+16 2.9950381e+09 1885428 8.0159383e-26 1.0044239e-19 1.0954936e-37
8683809.3 2.6024679e+16 2.9950362e+09 1885369.2 7.9959335e-26 1.0014173e-19 1.09216e-37
8692498.6 2.6050704e+16 2.9950344e+09 1885310.6 7.9759785e-26 9.9841965e-20 1.0888355e-37
8701196.5 2.6076755e+16 2.9950326e+09 1885252.3 7.9560734e-26 9.95431e-20 1.0855201e-37
8709903.2 2.6102832e+16 2.9950308e+09 1885194.2 7.936218e-26 9.9245129e-20 1.0822138e-37
8718618.6 2.6128934e+16 2.9950289e+09 1885136.4 7.9164121e-26 9.894805e-20 1.0789165e-37
8727342.7 2.6155063e+16 2.9950271e+09 1885078.7 7.8966557e-26 9.8651861e-20 1.0756283e-37
8736075.5 2.6181218e+16 2.9950253e+09 1885021.4 7.8769486e-26 9.8356558e-20 1.0723491e-37
8744817.1 2.62074e+16 2.9950235e+09 1884964.2 7.8572906e-26 9.8062139e-20 1.069079e-37
8753567.4 2.6233607e+16 2.9950216e+09 1884907.3 7.8376817e-26 9.7768601e-20 1.0658178e-37
8762326.5 2.6259841e+16 2.9950198e+09 1884850.7 7.8181217e-26 9.7475942e-20 1.0625656e-37
8771094.3 2.62861e+16 2.995018e+09 1884794.2 7.7986106e-26 9.718416e-20 1.0593224e-37
8779870.9 2.6312387e+16 2.9950162e+09 1884738 7.7791481e-26 9.689325e-20 1.0560881e-37
8788656.3 2.6338699e+16 2.9950143e+09 1884682.1 7.7597342e-26 9.6603211e-20 1.0528627e-37
8797450.5 2.6365038e+16 2.9950125e+09 1884626.4 7.7403688e-26 9.6314041e-20 1.0496462e-37
8806253.5 2.6391403e+16 2.9950107e+09 1884570.9 7.7210517e-26 9.6025736e-20 1.0464386e-37
8815065.3 2.6417794e+16 2.9950089e+09 1884515.6 7.7017828e-26 9.5738294e-20 1.0432398e-37
8823885.9 2.6444212e+16 2.995007e+09 1884460.6 7.682562e-26 9.5451713e-20 1.0400499e-37
8832715.3 2.6470656e+16 2.9950052e+09 1884405.8 7.6633891e-26 9.5165989e-20 1.0368688e-37
8841553.6 2.6497127e+16 2.9950034e+09 1884351.3 7.6442641e-26 9.4881121e-20 1.0336964e-37
8850400.7 2.6523624e+16 2.9950015e+09 1884297 7.6251869e-26 9.4597105e-20 1.0305329e-37
8859256.6 2.6550147e+16 2.9949997e+09 1884242.9 7.6061572e-26 9.431394e-20 1.0273781e-37
8868121.5 2.6576698e+16 2.9949979e+09 1884189.1 7.587175e-26 9.4031622e-20 1.0242321e-37
8876995.1 2.6603274e+16 2.9949961e+09 1884135.5 7.5682402e-26 9.3750149e-20 1.0210948e-37
8885877.7 2.6629878e+16 2.9949942e+09 1884082.1 7.5493527e-26 9.3469519e-20 1.0179661e-37
8894769.2 2.6656507e+16 2.9949924e+09 1884029 7.5305123e-26 9.3189729e-20 1.0148462e-37
8903669.5 2.6683164e+16 2.9949906e+09 1883976.1 7.5117189e-26 9.2910776e-20 1.0117349e-37
8912578.8 2.6709847e+16 2.9949888e+09 1883923.4 7.4929724e-26 9.2632658e-20 1.0086323e-37
8921497 2.6736557e+16 2.9949869e+09 1883871 7.4742727e-26 9.2355373e-20 1.0055383e-37
8930424.1 2.6763294e+16 2.9949851e+09 1883818.8 7.4556197e-26 9.2078918e-20 1.0024529e-37
8939360.1 2.6790057e+16 2.9949833e+09 1883766.9 7.4370132e-26 9.1803291e-20 9.9937608e-38
8948305.1 2.6816847e+16 2.9949814e+09 1883715.1 7.4184532e-26 9.1528488e-20 9.9630783e-38
8957259 2.6843664e+16 2.9949796e+09 1883663.6 7.3999395e-26 9.1254508e-20 9.9324813e-38
8966221.9 2.6870507e+16 2.9949778e+09 1883612.4 7.3814719e-26 9.0981348e-20 9.9019696e-38
8975193.8 2.6897378e+16 2.9949759e+09 1883561.4 7.3630505e-26 9.0709006e-20 9.871543e-38
8984174.6 2.6924275e+16 2.9949741e+09 1883510.6 7.344675e-26 9.0437479e-20 9.8412012e-38
8993164.4 2.69512e+16 2.9949723e+09 1883460 7.3263454e-26 9.0166765e-20 9.8109442e-38
9002163.2 2.6978151e+16 2.9949705e+09 1883409.7 7.3080616e-26 8.9896861e-20 9.7807717e-38
9011171.1 2.7005129e+16 2.9949686e+09 1883359.6 7.2898233e-26 8.9627766e-20 9.7506835e-38
9020187.9 2.7032134e+16 2.9949668e+09 1883309.8 7.2716306e-26 8.9359475e-20 9.7206795e-38
9029213.7 2.7059166e+16 2.994965e+09 1883260.2 7.2534833e-26 8.9091988e-20 9.6907594e-38
9038248.6 2.7086225e+16 2.9949631e+09 1883210.8 7.2353813e-26 8.8825301e-20 9.6609231e-38
9047292.6 2.7113312e+16 2.9949613e+09 1883161.7 7.2173245e-26 8.8559413e-20 9.6311704e-38
9056345.5 2.7140425e+16 2.9949595e+09 1883112.7 7.1993127e-26 8.8294321e-20 9.601501e-38
9065407.6 2.7167565e+16 2.9949576e+09 1883064.1 7.1813458e-26 8.8030022e-20 9.5719148e-38
9074478.7 2.7194733e+16 2.9949558e+09 1883015.6 7.1634238e-26 8.7766514e-20 9.5424116e-38
9083558.8 2.7221928e+16 2.994954e+09 1882967.4 7.1455466e-26 8.7503795e-20 9.5129912e-38
9092648.1 2.724915e+16 2.9949521e+09 1882919.4 7.1277139e-26 8.7241863e-20 9.4836535e-38
9101746.5 2.7276399e+16 2.9949503e+09 1882871.7 7.1099258e-26 8.6980714e-20 9.4543982e-38
9110853.9 2.7303675e+16 2.9949485e+09 1882824.2 7.092182e-26 8.6720348e-20 9.4252251e-38
9119970.5 2.7330979e+16 2.9949466e+09 1882776.9 7.0744826e-26 8.646076e-20 9.3961341e-38
9129096.2 2.735831e+16 2.9949448e+09 1882729.8 7.0568273e-26 8.620195e-20 9.3671249e-38
9138231 2.7385668e+16 2.994943e+09 1882683 7.039216e-26 8.5943914e-20 9.3381974e-38
9147375 2.7413054e+16 2.9949411e+09 1882636.5 7.0216487e-26 8.5686651e-20 9.3093514e-38
9156528.1 2.7440467e+16 2.9949393e+09 1882590.1 7.0041253e-26 8.5430158e-20 9.2805867e-38
9165690.4 2.7467907e+16 2.9949375e+09 1882544 6.9866456e-26 8.5174433e-20 9.2519032e-38
9174861.8 2.7495375e+16 2.9949356e+09 1882498.1 6.9692095e-26 8.4919473e-20 9.2233005e-38
9184042.5 2.752287e+16 2.9949338e+09 1882452.5 6.9518169e-26 8.4665276e-20 9.1947786e-38
9193232.3 2.7550393e+16 2.994932e+09 1882407 6.9344677e-26 8.4411841e-20 9.1663373e-38
9202431.3 2.7577944e+16 2.9949301e+09 1882361.9 6.9171618e-26 8.4159164e-20 9.1379763e-38
9211639.5 2.7605522e+16 2.9949283e+09 1882316.9 6.8998991e-26 8.3907243e-20 9.1096955e-38
9220856.9 2.7633127e+16 2.9949265e+09 1882272.2 6.8826795e-26 8.3656076e-20 9.0814947e-38
9230083.6 2.766076e+16 2.9949246e+09 1882227.7 6.8655029e-26 8.3405661e-20 9.0533737e-38
9239319.4 2.7688421e+16 2.9949228e+09 1882183.4 6.8483691e-26 8.3155996e-20 9.0253323e-38
9248564.6 2.771611e+16 2.994921e+09 1882139.4 6.8312781e-26 8.2907078e-20 8.9973703e-38
9257818.9 2.7743826e+16 2.9949191e+09 1882095.6 6.8142298e-26 8.2658906e-20 8.9694876e-38
9267082.6 2.7771569e+16 2.9949173e+09 1882052.1 6.797224e-26 8.2411476e-20 8.941684e-38
9276355.5 2.7799341e+16 2.9949154e+09 1882008.8 6.7802606e-26 8.2164786e-20 8.9139592e-38
9285637.6 2.782714e+16 2.9949136e+09 1881965.7 6.7633396e-26 8.1918836e-20 8.8863131e-38
9294929.1 2.7854968e+16 2.9949118e+09 1881922.8 6.7464608e-26 8.1673621e-20 8.8587456e-38
9304229.9 2.7882822e+16 2.9949099e+09 1881880.2 6.7296241e-26 8.142914e-20 8.8312564e-38
9313539.9 2.7910705e+16 2.9949081e+09 1881837.8 6.7128294e-26 8.1185392e-20 8.8038453e-38
9322859.3 2.7938616e+16 2.9949063e+09 1881795.6 6.6960767e-26 8.0942373e-20 8.7765121e-38
9332188 2.7966555e+16 2.9949044e+09 1881753.7 6.6793657e-26 8.0700081e-20 8.7492568e-38
9341526.1 2.7994521e+16 2.9949026e+09 1881712 6.6626965e-26 8.0458514e-20 8.722079e-38
9350873.5 2.8022516e+16 2.9949008e+09 1881670.5 6.6460689e-26 8.0217671e-20 8.6949786e-38
9360230.2 2.8050538e+16 2.9948989e+09 1881629.2 6.6294827e-26 7.9977549e-20 8.6679554e-38
9369596.3 2.8078589e+16 2.9948971e+09 1881588.2 6.612938e-26 7.9738145e-20 8.6410093e-38
9378971.8 2.8106667e+16 2.9948952e+09 1881547.5 6.5964345e-26 7.9499458e-20 8.6141401e-38
9388356.7 2.8134774e+16 2.9948934e+09 1881506.9 6.5799723e-26 7.9261486e-20 8.5873475e-38
9397750.9 2.8162909e+16 2.9948916e+09 1881466.6 6.5635511e-26 7.9024226e-20 8.5606314e-38
9407154.6 2.8191072e+16 2.9948897e+09 1881426.5 6.5471709e-26 7.8787676e-20 8.5339916e-38
9416567.6 2.8219263e+16 2.9948879e+09 1881386.6 6.5308315e-26 7.8551834e-20 8.5074279e-38
9425990.1 2.8247482e+16 2.994886e+09 1881347 6.514533e-26 7.8316698e-20 8.4809402e-38
9435422 2.827573e+16 2.9948842e+09 1881307.6 6.4982751e-26 7.8082266e-20 8.4545282e-38
9444863.3 2.8304005e+16 2.9948824e+09 1881268.5 6.4820578e-26 7.7848536e-20 8.4281918e-38
9454314.1 2.8332309e+16 2.9948805e+09 1881229.5 6.465881e-26 7.7615505e-20 8.4019308e-38
9463774.4 2.8360642e+16 2.9948787e+09 1881190.8 6.4497445e-26 7.7383172e-20 8.3757451e-38
9473244.1 2.8389002e+16 2.9948768e+09 1881152.4 6.4336483e-26 7.7151534e-20 8.3496344e-38
9482723.3 2.8417391e+16 2.994875e+09 1881114.1 6.4175923e-26 7.692059e-20 8.3235985e-38
9492212 2.8445809e+16 2.9948732e+09 1881076.1 6.4015764e-26 7.6690337e-20 8.2976373e-38
9501710.1 2.8474254e+16 2.9948713e+09 1881038.3 6.3856004e-26 7.6460774e-20 8.2717506e-38
9511217.8 2.8502729e+16 2.9948695e+09 1881000.8 6.3696643e-26 7.6231897e-20 8.2459382e-38
9520735 2.8531231e+16 2.9948676e+09 1880963.4 6.353768e-26 7.6003706e-20 8.2202e-38
9530261.7 2.8559763e+16 2.9948658e+09 1880926.3 6.3379113e-26 7.5776197e-20 8.1945357e-38
9539797.9 2.8588322e+16 2.994864e+09 1880889.5 6.3220942e-26 7.554937e-20 8.1689452e-38
9549343.7 2.8616911e+16 2.9948621e+09 1880852.9 6.3063166e-26 7.5323222e-20 8.1434283e-38
9558899.1 2.8645528e+16 2.9948603e+09 1880816.5 6.2905784e-26 7.509775e-20 8.1179849e-38
9568463.9 2.8674173e+16 2.9948584e+09 1880780.3 6.2748794e-26 7.4872954e-20 8.0926147e-38
9578038.4 2.8702847e+16 2.9948566e+09 1880744.3 6.2592196e-26 7.464883e-20 8.0673175e-38
9587622.5 2.873155e+16 2.9948547e+09 1880708.6 6.2435989e-26 7.4425377e-20 8.0420932e-38
9597216.1 2.8760282e+16 2.9948529e+09 1880673.1 6.2280172e-26 7.4202594e-20 8.0169417e-38
9606819.3 2.8789042e+16 2.9948511e+09 1880637.9 6.2124743e-26 7.3980477e-20 7.9918627e-38
9616432.2 2.8817831e+16 2.9948492e+09 1880602.9 6.1969703e-26 7.3759025e-20 7.966856e-38
9626054.6 2.8846649e+16 2.9948474e+09 1880568.1 6.1815049e-26 7.3538235e-20 7.9419215e-38
9635686.7 2.8875496e+16 2.9948455e+09 1880533.5 6.1660782e-26 7.3318107e-20 7.917059e-38
9645328.5 2.8904371e+16 2.9948437e+09 1880499.2 6.1506899e-26 7.3098638e-20 7.8922684e-38
9654979.8 2.8933275e+16 2.9948418e+09 1880465 6.1353401e-26 7.2879825e-20 7.8675494e-38
9664640.9 2.8962209e+16 2.99484e+09 1880431.2 6.1200285e-26 7.2661668e-20 7.8429019e-38
9674311.6 2.8991171e+16 2.9948382e+09 1880397.5 6.1047552e-26 7.2444164e-20 7.8183257e-38
9683992 2.9020162e+16 2.9948363e+09 1880364.1 6.08952e-26 7.222731e-20 7.7938206e-38
9693682 2.9049182e+16 2.9948345e+09 1880330.9 6.0743228e-26 7.2011106e-20 7.7693864e-38
9703381.8 2.9078231e+16 2.9948326e+09 1880297.9 6.0591635e-26 7.1795549e-20 7.7450231e-38
9713091.3 2.910731e+16 2.9948308e+09 1880265.2 6.044042e-26 7.1580637e-20 7.7207303e-38
9722810.4 2.9136417e+16 2.9948289e+09 1880232.7 6.0289583e-26 7.1366369e-20 7.696508e-38
9732539.4 2.9165553e+16 2.9948271e+09 1880200.4 6.0139123e-26 7.1152742e-20 7.6723559e-38
9742278 2.9194719e+16 2.9948252e+09 1880168.4 5.9989038e-26 7.0939754e-20 7.6482739e-38
9752026.4 2.9223914e+16 2.9948234e+09 1880136.5 5.9839327e-26 7.0727404e-20 7.6242618e-38
9761784.5 2.9253138e+16 2.9948215e+09 1880104.9 5.968999e-26 7.051569e-20 7.6003194e-38
9771552.4 2.9282391e+16 2.9948197e+09 1880073.6 5.9541026e-26 7.0304609e-20 7.5764466e-38
9781330.1 2.9311673e+16 2.9948179e+09 1880042.4 5.9392434e-26 7.0094161e-20 7.5526432e-38
9791117.6 2.9340985e+16 2.994816e+09 1880011.5 5.9244212e-26 6.9884342e-20 7.528909e-38
9800914.8 2.9370326e+16 2.9948142e+09 1879980.8 5.909636e-26 6.9675151e-20 7.5052438e-38
9810721.9 2.9399696e+16 2.9948123e+09 1879950.4 5.8948878e-26 6.9466586e-20 7.4816475e-38
9820538.8 2.9429096e+16 2.9948105e+09 1879920.2 5.8801763e-26 6.9258646e-20 7.45812e-38
9830365.5 2.9458525e+16 2.9948086e+09 1879890.2 5.8655015e-26 6.9051328e-20 7.4346609e-38
9840202 2.9487983e+16 2.9948068e+09 1879860.4 5.8508634e-26 6.8844631e-20 7.4112702e-38
9850048.4 2.9517471e+16 2.9948049e+09 1879830.9 5.8362618e-26 6.8638553e-20 7.3879477e-38
9859904.6 2.9546989e+16 2.9948031e+09 1879801.5 5.8216966e-26 6.8433091e-20 7.3646932e-38
9869770.7 2.9576536e+16 2.9948012e+09 1879772.4 5.8071678e-26 6.8228244e-20 7.3415065e-38
9879646.6 2.9606112e+16 2.9947994e+09 1879743.6 5.7926753e-26 6.8024011e-20 7.3183875e-38
9889532.5 2.9635718e+16 2.9947975e+09 1879715 5.7782189e-26 6.7820389e-20 7.2953361e-38
9899428.2 2.9665354e+16 2.9947957e+09 1879686.5 5.7637986e-26 6.7617376e-20 7.2723519e-38
9909333.9 2.969502e+16 2.9947938e+09 1879658.4 5.7494143e-26 6.7414971e-20 7.249435e-38
9919249.4 2.9724715e+16 2.994792e+09 1879630.4 5.7350659e-26 6.7213172e-20 7.226585e-38
9929174.9 2.9754439e+16 2.9947901e+09 1879602.7 5.7207532e-26 6.7011977e-20 7.2038018e-38
9939110.3 2.9784194e+16 2.9947883e+09 1879575.2 5.7064764e-26 6.6811385e-20 7.1810854e-38
9949055.6 2.9813978e+16 2.9947864e+09 1879547.9 5.6922351e-26 6.6611393e-20 7.1584354e-38
9959010.9 2.9843792e+16 2.9947846e+09 1879520.9 5.6780294e-26 6.6411999e-20 7.1358517e-38
9968976.2 2.9873636e+16 2.9947827e+09 1879494.1 5.6638591e-26 6.6213202e-20 7.1133342e-38
9978951.4 2.9903509e+16 2.9947809e+09 1879467.5 5.6497242e-26 6.6015001e-20 7.0908827e-38
9988936.6 2.9933413e+16 2.994779e+09 1879441.1 5.6356246e-26 6.5817392e-20 7.068497e-38
9998931.8 2.9963346e+16 2.9947772e+09 1879415 5.6215601e-26 6.5620375e-20 7.0461769e-38
10008937 2.999331e+16 2.9947753e+09 1879389 5.6075308e-26 6.5423948e-20 7.0239224e-38
10018952 3.0023303e+16 2.9947735e+09 1879363.4 5.5935364e-26 6.5228109e-20 7.0017332e-38
10028977 3.0053326e+16 2.9947716e+09 1879337.9 5.579577e-26 6.5032856e-20 6.9796091e-38
10039013 3.0083379e+16 2.9947698e+09 1879312.7 5.5656525e-26 6.4838188e-20 6.95755e-38
10049058 3.0113463e+16 2.9947679e+09 1879287.7 5.5517627e-26 6.4644102e-20 6.9355558e-38
10059113 3.0143576e+16 2.9947661e+09 1879262.9 5.5379075e-26 6.4450598e-20 6.9136262e-38
10069179 3.017372e+16 2.9947642e+09 1879238.3 5.5240869e-26 6.4257672e-20 6.8917611e-38
10079254 3.0203894e+16 2.9947624e+09 1879214 5.5103008e-26 6.4065324e-20 6.8699604e-38
10089340 3.0234098e+16 2.9947605e+09 1879189.9 5.4965492e-26 6.3873552e-20 6.8482238e-38
10099436 3.0264332e+16 2.9947587e+09 1879166 5.4828318e-26 6.3682354e-20 6.8265512e-38
10109541 3.0294596e+16 2.9947568e+09 1879142.4 5.4691487e-26 6.3491728e-20 6.8049424e-38
10119657 3.0324891e+16 2.994755e+09 1879118.9 5.4554997e-26 6.3301673e-20 6.7833974e-38
10129783 3.0355215e+16 2.9947531e+09 1879095.7 5.4418848e-26 6.3112186e-20 6.7619158e-38
10139919 3.0385571e+16 2.9947513e+09 1879072.8 5.4283038e-26 6.2923267e-20 6.7404976e-38
10150066 3.0415956e+16 2.9947494e+09 1879050 5.4147568e-26 6.2734914e-20 6.7191426e-38
10160222 3.0446372e+16 2.9947475e+09 1879027.5 5.4012435e-26 6.2547124e-20 6.6978506e-38
10170389 3.0476819e+16 2.9947457e+09 1879005.2 5.387764e-26 6.2359896e-20 6.6766215e-38
10180565 3.0507295e+16 2.9947438e+09 1878983.1 5.3743182e-26 6.2173229e-20 6.6554551e-38
10190752 3.0537803e+16 2.994742e+09 1878961.3 5.3609058e-26 6.198712e-20 6.6343512e-38
10200949 3.056834e+16 2.9947401e+09 1878939.7 5.347527e-26 6.1801569e-20 6.6133097e-38
10211157 3.0598909e+16 2.9947383e+09 1878918.3 5.3341815e-26 6.1616573e-20 6.5923304e-38
10221374 3.0629508e+16 2.9947364e+09 1878897.1 5.3208694e-26 6.1432131e-20 6.5714132e-38
10231602 3.0660137e+16 2.9947346e+09 1878876.1 5.3075905e-26 6.1248241e-20 6.5505579e-38
10241840 3.0690797e+16 2.9947327e+09 1878855.4 5.2943447e-26 6.1064901e-20 6.5297643e-38
10252088 3.0721488e+16 2.9947309e+09 1878834.9 5.2811319e-26 6.0882111e-20 6.5090323e-38
10262347 3.075221e+16 2.994729e+09 1878814.7 5.2679522e-26 6.0699867e-20 6.4883617e-38
10272616 3.0782962e+16 2.9947271e+09 1878794.6 5.2548053e-26 6.0518169e-20 6.4677524e-38
10282895 3.0813745e+16 2.9947253e+09 1878774.8 5.2416912e-26 6.0337015e-20 6.4472041e-38
10293184 3.0844559e+16 2.9947234e+09 1878755.2 5.2286099e-26 6.0156403e-20 6.4267169e-38
10303484 3.0875403e+16 2.9947216e+09 1878735.8 5.2155612e-26 5.9976331e-20 6.4062904e-38
10313794 3.0906279e+16 2.9947197e+09 1878716.7 5.2025451e-26 5.9796799e-20 6.3859245e-38
10324114 3.0937185e+16 2.9947179e+09 1878697.7 5.1895615e-26 5.9617804e-20 6.3656191e-38
10334445 3.0968122e+16 2.994716e+09 1878679 5.1766102e-26 5.9439345e-20 6.345374e-38
10344785 3.099909e+16 2.9947141e+09 1878660.6 5.1636913e-26 5.926142e-20 6.325189e-38
10355137 3.1030089e+16 2.9947123e+09 1878642.3 5.1508047e-26 5.9084028e-20 6.3050641e-38
10365498 3.1061119e+16 2.9947104e+09 1878624.3 5.1379502e-26 5.8907167e-20 6.284999e-38
10375870 3.109218e+16 2.9947086e+09 1878606.5 5.1251277e-26 5.8730835e-20 6.2649936e-38
10386253 3.1123273e+16 2.9947067e+09 1878588.9 5.1123373e-26 5.8555031e-20 6.2450477e-38
10396645 3.1154396e+16 2.9947048e+09 1878571.5 5.0995788e-26 5.8379753e-20 6.2251611e-38
10407049 3.118555e+16 2.994703e+09 1878554.4 5.0868521e-26 5.8205e-20 6.2053338e-38
10417462 3.1216736e+16 2.9947011e+09 1878537.5 5.0741572e-26 5.803077e-20 6.1855656e-38
10427886 3.1247953e+16 2.9946993e+09 1878520.8 5.061494e-26 5.7857061e-20 6.1658563e-38
10438321 3.1279201e+16 2.9946974e+09 1878504.3 5.0488624e-26 5.7683873e-20 6.1462057e-38
10448765 3.131048e+16 2.9946956e+09 1878488.1 5.0362623e-26 5.7511203e-20 6.1266137e-38
10459221 3.134179e+16 2.9946937e+09 1878472.1 5.0236936e-26 5.7339049e-20 6.1070801e-38
10469687 3.1373132e+16 2.9946918e+09 1878456.3 5.0111563e-26 5.7167411e-20 6.0876049e-38
10480163 3.1404505e+16 2.99469e+09 1878440.7 4.9986503e-26 5.6996287e-20 6.0681878e-38
10490650 3.143591e+16 2.9946881e+09 1878425.4 4.9861755e-26 5.6825675e-20 6.0488286e-38
10501147 3.1467346e+16 2.9946863e+09 1878410.3 4.9737319e-26 5.6655574e-20 6.0295273e-38
10511654 3.1498813e+16 2.9946844e+09 1878395.4 4.9613193e-26 5.6485982e-20 6.0102837e-38
10522173 3.1530312e+16 2.9946825e+09 1878380.7 4.9489376e-26 5.6316898e-20 5.9910976e-38
10532701 3.1561842e+16 2.9946807e+09 1878366.2 4.9365869e-26 5.614832e-20 5.9719689e-38
10543241 3.1593404e+16 2.9946788e+09 1878352 4.924267e-26 5.5980246e-20 5.9528974e-38
10553791 3.1624997e+16 2.9946769e+09 1878338 4.9119779e-26 5.5812676e-20 5.933883e-38
10564351 3.1656622e+16 2.9946751e+09 1878324.2 4.8997194e-26 5.5645607e-20 5.9149255e-38
10574922 3.1688279e+16 2.9946732e+09 1878310.6 4.8874915e-26 5.5479038e-20 5.8960247e-38
10585504 3.1719967e+16 2.9946714e+09 1878297.3 4.8752941e-26 5.5312968e-20 5.8771806e-38
10596096 3.1751687e+16 2.9946695e+09 1878284.2 4.8631272e-26 5.5147395e-20 5.8583929e-38
10606698 3.1783439e+16 2.9946676e+09 1878271.3 4.8509906e-26 5.4982317e-20 5.8396616e-38
10617312 3.1815222e+16 2.9946658e+09 1878258.6 4.8388843e-26 5.4817734e-20 5.8209864e-38
10627936 3.1847037e+16 2.9946639e+09 1878246.2 4.8268082e-26 5.4653643e-20 5.8023673e-38
10638570 3.1878884e+16 2.994662e+09 1878233.9 4.8147623e-26 5.4490044e-20 5.783804e-38
10649216 3.1910763e+16 2.9946602e+09 1878221.9 4.8027464e-26 5.4326934e-20 5.7652965e-38
10659871 3.1942674e+16 2.9946583e+09 1878210.2 4.7907605e-26 5.4164313e-20 5.7468445e-38
10670538 3.1974617e+16 2.9946565e+09 1878198.6 4.7788046e-26 5.4002178e-20 5.728448e-38
10681215 3.2006591e+16 2.9946546e+09 1878187.3 4.7668784e-26 5.3840529e-20 5.7101067e-38
10691903 3.2038598e+16 2.9946527e+09 1878176.1 4.754982e-26 5.3679363e-20 5.6918205e-38
10702602 3.2070637e+16 2.9946509e+09 1878165.2 4.7431154e-26 5.351868e-20 5.6735894e-38
10713311 3.2102707e+16 2.994649e+09 1878154.6 4.7312783e-26 5.3358478e-20 5.655413e-38
10724031 3.213481e+16 2.9946471e+09 1878144.1 4.7194708e-26 5.3198756e-20 5.6372914e-38
10734762 3.2166945e+16 2.9946453e+09 1878133.9 4.7076927e-26 5.3039511e-20 5.6192243e-38
10745503 3.2199112e+16 2.9946434e+09 1878123.9 4.695944e-26 5.2880743e-20 5.6012116e-38
10756256 3.2231311e+16 2.9946415e+09 1878114.1 4.6842247e-26 5.2722451e-20 5.5832532e-38
10767019 3.2263542e+16 2.9946397e+09 1878104.5 4.6725346e-26 5.2564632e-20 5.5653488e-38
10777792 3.2295806e+16 2.9946378e+09 1878095.2 4.6608737e-26 5.2407286e-20 5.5474985e-38
10788577 3.2328101e+16 2.9946359e+09 1878086.1 4.6492419e-26 5.2250411e-20 5.5297019e-38
10799372 3.236043e+16 2.9946341e+09 1878077.2 4.6376391e-26 5.2094005e-20 5.511959e-38
10810178 3.239279e+16 2.9946322e+09 1878068.5 4.6260652e-26 5.1938068e-20 5.4942696e-38
10820995 3.2425183e+16 2.9946303e+09 1878060 4.6145203e-26 5.1782597e-20 5.4766336e-38
10831823 3.2457608e+16 2.9946285e+09 1878051.8 4.6030041e-26 5.1627592e-20 5.4590509e-38
10842662 3.2490066e+16 2.9946266e+09 1878043.8 4.5915167e-26 5.147305e-20 5.4415212e-38
10853511 3.2522556e+16 2.9946247e+09 1878036 4.580058e-26 5.1318972e-20 5.4240445e-38
10864371 3.2555078e+16 2.9946229e+09 1878028.4 4.5686278e-26 5.1165354e-20 5.4066207e-38
10875243 3.2587633e+16 2.994621e+09 1878021.1 4.5572262e-26 5.1012197e-20 5.3892494e-38
10886125 3.2620221e+16 2.9946191e+09 1878013.9 4.5458531e-26 5.0859497e-20 5.3719307e-38
10897018 3.2652841e+16 2.9946173e+09 1878007 4.5345083e-26 5.0707255e-20 5.3546644e-38
10907921 3.2685494e+16 2.9946154e+09 1878000.3 4.5231918e-26 5.0555469e-20 5.3374503e-38
10918836 3.2718179e+16 2.9946135e+09 1877993.8 4.5119036e-26 5.0404137e-20 5.3202883e-38
10929762 3.2750898e+16 2.9946116e+09 1877987.6 4.5006436e-26 5.0253258e-20 5.3031783e-38
10940698 3.2783649e+16 2.9946098e+09 1877981.6 4.4894116e-26 5.010283e-20 5.2861201e-38
10951646 3.2816432e+16 2.9946079e+09 1877975.8 4.4782077e-26 4.9952853e-20 5.2691136e-38
10962605 3.2849249e+16 2.994606e+09 1877970.2 4.4670318e-26 4.9803325e-20 5.2521586e-38
10973574 3.2882098e+16 2.9946042e+09 1877964.8 4.4558837e-26 4.9654245e-20 5.235255e-38
10984554 3.291498e+16 2.9946023e+09 1877959.7 4.4447634e-26 4.950561e-20 5.2184027e-38
10995546 3.2947895e+16 2.9946004e+09 1877954.7 4.4336709e-26 4.9357421e-20 5.2016014e-38
11006548 3.2980843e+16 2.9945986e+09 1877950 4.4226061e-26 4.9209675e-20 5.1848512e-38
11017562 3.3013824e+16 2.9945967e+09 1877945.5 4.4115689e-26 4.9062372e-20 5.1681518e-38
11028586 3.3046838e+16 2.9945948e+09 1877941.3 4.4005593e-26 4.8915509e-20 5.1515031e-38
11039622 3.3079884e+16 2.9945929e+09 1877937.2 4.3895771e-26 4.8769086e-20 5.1349049e-38
11050668 3.3112964e+16 2.9945911e+09 1877933.4 4.3786224e-26 4.8623101e-20 5.1183572e-38
11061726 3.3146077e+16 2.9945892e+09 1877929.8 4.3676949e-26 4.8477554e-20 5.1018598e-38
11072795 3.3179223e+16 2.9945873e+09 1877926.4 4.3567948e-26 4.8332441e-20 5.0854125e-38
11083874 3.3212403e+16 2.9945855e+09 1877923.2 4.3459218e-26 4.8187764e-20 5.0690152e-38
11094965 3.3245615e+16 2.9945836e+09 1877920.3 4.335076e-26 4.8043519e-20 5.0526678e-38
11106067 3.3278861e+16 2.9945817e+09 1877917.5 4.3242572e-26 4.7899706e-20 5.0363702e-38
11117180 3.3312139e+16 2.9945798e+09 1877915 4.3134655e-26 4.7756324e-20 5.0201221e-38
11128304 3.3345452e+16 2.994578e+09 1877912.7 4.3027007e-26 4.7613371e-20 5.0039236e-38
11139439 3.3378797e+16 2.9945761e+09 1877910.7 4.2919627e-26 4.7470846e-20 4.9877743e-38
11150586 3.3412176e+16 2.9945742e+09 1877908.8 4.2812516e-26 4.7328747e-20 4.9716743e-38
11161743 3.3445588e+16 2.9945723e+09 1877907.2 4.2705671e-26 4.7187074e-20 4.9556233e-38
11172912 3.3479034e+16 2.9945705e+09 1877905.8 4.2599094e-26 4.7045825e-20 4.9396212e-38
11184092 3.3512513e+16 2.9945686e+09 1877904.6 4.2492782e-26 4.6904999e-20 4.9236679e-38
11195283 3.3546025e+16 2.9945667e+09 1877903.6 4.2386736e-26 4.6764594e-20 4.9077633e-38
11206485 3.3579571e+16 2.9945649e+09 1877902.8 4.2280954e-26 4.6624609e-20 4.8919072e-38
11217699 3.3613151e+16 2.994563e+09 1877902.3 4.2175436e-26 4.6485044e-20 4.8760995e-38
11228924 3.3646764e+16 2.9945611e+09 1877902 4.2070182e-26 4.6345896e-20 4.8603401e-38
11240160 3.3680411e+16 2.9945592e+09 1877901.9 4.196519e-26 4.6207165e-20 4.8446288e-38
11251407 3.3714091e+16 2.9945573e+09 1877902 4.1860461e-26 4.6068849e-20 4.8289654e-38
11262665 3.3747805e+16 2.9945555e+09 1877902.3 4.1755992e-26 4.5930947e-20 4.81335e-38
11273935 3.3781553e+16 2.9945536e+09 1877902.9 4.1651785e-26 4.5793458e-20 4.7977822e-38
11285216 3.3815334e+16 2.9945517e+09 1877903.7 4.1547837e-26 4.5656381e-20 4.7822621e-38
11296508 3.384915e+16 2.9945498e+09 1877904.6 4.1444149e-26 4.5519714e-20 4.7667894e-38
11307812 3.3882999e+16 2.994548e+09 1877905.9 4.134072e-26 4.5383456e-20 4.7513641e-38
11319127 3.3916882e+16 2.9945461e+09 1877907.3 4.1237549e-26 4.5247605e-20 4.7359859e-38
11330453 3.3950799e+16 2.9945442e+09 1877908.9 4.1134635e-26 4.5112162e-20 4.7206549e-38
11341791 3.398475e+16 2.9945423e+09 1877910.8 4.1031978e-26 4.4977124e-20 4.7053707e-38
11353139 3.4018734e+16 2.9945405e+09 1877912.9 4.0929577e-26 4.484249e-20 4.6901334e-38
11364500 3.4052753e+16 2.9945386e+09 1877915.2 4.0827432e-26 4.4708259e-20 4.6749428e-38
11375871 3.4086806e+16 2.9945367e+09 1877917.7 4.0725542e-26 4.457443e-20 4.6597987e-38
11387254 3.4120893e+16 2.9945348e+09 1877920.4 4.0623906e-26 4.4441001e-20 4.644701e-38
11398649 3.4155014e+16 2.9945329e+09 1877923.4 4.0522524e-26 4.4307972e-20 4.6296496e-38
11410055 3.4189169e+16 2.9945311e+09 1877926.5 4.0421394e-26 4.4175341e-20 4.6146444e-38
11421472 3.4223358e+16 2.9945292e+09 1877929.9 4.0320518e-26 4.4043108e-20 4.5996853e-38
11432900 3.4257581e+16 2.9945273e+09 1877933.5 4.0219892e-26 4.391127e-20 4.584772e-38
11444340 3.4291839e+16 2.9945254e+09 1877937.4 4.0119518e-26 4.3779826e-20 4.5699045e-38
11455792 3.4326131e+16 2.9945236e+09 1877941.4 4.0019395e-26 4.3648776e-20 4.5550827e-38
11467255 3.4360457e+16 2.9945217e+09 1877945.7 3.9919521e-26 4.3518119e-20 4.5403064e-38
11478729 3.4394817e+16 2.9945198e+09 1877950.1 3.9819897e-26 4.3387852e-20 4.5255755e-38
11490215 3.4429212e+16 2.9945179e+09 1877954.8 3.9720521e-26 4.3257976e-20 4.5108898e-38
11501713 3.4463641e+16 2.994516e+09 1877959.8 3.9621393e-26 4.3128488e-20 4.4962494e-38
11513222 3.4498105e+16 2.9945142e+09 1877964.9 3.9522513e-26 4.2999387e-20 4.4816539e-38
11524742 3.4532603e+16 2.9945123e+09 1877970.2 3.9423879e-26 4.2870674e-20 4.4671033e-38
11536274 3.4567135e+16 2.9945104e+09 1877975.8 3.9325492e-26 4.2742345e-20 4.4525975e-38
11547817 3.4601703e+16 2.9945085e+09 1877981.6 3.922735e-26 4.2614401e-20 4.4381364e-38
11559373 3.4636304e+16 2.9945066e+09 1877987.6 3.9129453e-26 4.248684e-20 4.4237197e-38
11570939 3.4670941e+16 2.9945047e+09 1877993.8 3.90318e-26 4.235966e-20 4.4093475e-38
11582517 3.4705612e+16 2.9945029e+09 1878000.2 3.8934391e-26 4.2232861e-20 4.3950195e-38
11594107 3.4740317e+16 2.994501e+09 1878006.9 3.8837225e-26 4.2106442e-20 4.3807356e-38
11605708 3.4775058e+16 2.9944991e+09 1878013.7 3.8740302e-26 4.1980401e-20 4.3664958e-38
11617321 3.4809833e+16 2.9944972e+09 1878020.8 3.864362e-26 4.1854738e-20 4.3522999e-38
11628946 3.4844642e+16 2.9944953e+09 1878028.1 3.854718e-26 4.172945e-20 4.3381478e-38
11640582 3.4879487e+16 2.9944935e+09 1878035.6 3.845098e-26 4.1604538e-20 4.3240393e-38
11652230 3.4914367e+16 2.9944916e+09 1878043.3 3.8355021e-26 4.1479999e-20 4.3099743e-38
11663890 3.4949281e+16 2.9944897e+09 1878051.3 3.8259301e-26 4.1355834e-20 4.2959527e-38
11675561 3.498423e+16 2.9944878e+09 1878059.4 3.816382e-26 4.123204e-20 4.2819745e-38
11687244 3.5019214e+16 2.9944859e+09 1878067.8 3.8068577e-26 4.1108616e-20 4.2680394e-38
11698938 3.5054234e+16 2.994484e+09 1878076.4 3.7973572e-26 4.0985562e-20 4.2541473e-38
11710645 3.5089288e+16 2.9944822e+09 1878085.2 3.7878804e-26 4.0862877e-20 4.2402981e-38
11722363 3.5124377e+16 2.9944803e+09 1878094.3 3.7784272e-26 4.0740558e-20 4.2264918e-38
11734092 3.5159502e+16 2.9944784e+09 1878103.5 3.7689977e-26 4.0618606e-20 4.2127281e-38
11745834 3.5194661e+16 2.9944765e+09 1878113 3.7595916e-26 4.0497019e-20 4.199007e-38
11757587 3.5229856e+16 2.9944746e+09 1878122.6 3.7502091e-26 4.0375796e-20 4.1853283e-38
11769352 3.5265086e+16 2.9944727e+09 1878132.5 3.7408499e-26 4.0254936e-20 4.1716919e-38
11781129 3.5300351e+16 2.9944708e+09 1878142.6 3.7315142e-26 4.0134437e-20 4.1580978e-38
11792917 3.5335651e+16 2.994469e+09 1878153 3.7222017e-26 4.0014299e-20 4.1445457e-38
11804717 3.5370987e+16 2.9944671e+09 1878163.5 3.7129124e-26 3.9894521e-20 4.1310356e-38
11816530 3.5406358e+16 2.9944652e+09 1878174.2 3.7036464e-26 3.9775101e-20 4.1175673e-38
11828353 3.5441764e+16 2.9944633e+09 1878185.2 3.6944034e-26 3.9656039e-20 4.1041407e-38
11840189 3.5477206e+16 2.9944614e+09 1878196.4 3.6851836e-26 3.9537333e-20 4.0907557e-38
11852037 3.5512683e+16 2.9944595e+09 1878207.8 3.6759867e-26 3.9418983e-20 4.0774123e-38
11863896 3.5548196e+16 2.9944576e+09 1878219.4 3.6668128e-26 3.9300986e-20 4.0641102e-38
11875768 3.5583744e+16 2.9944557e+09 1878231.2 3.6576618e-26 3.9183343e-20 4.0508493e-38
11887651 3.5619328e+16 2.9944539e+09 1878243.3 3.6485336e-26 3.9066053e-20 4.0376296e-38
11899546 3.5654947e+16 2.994452e+09 1878255.6 3.6394282e-26 3.8949113e-20 4.0244509e-38
11911453 3.5690602e+16 2.9944501e+09 1878268 3.6303455e-26 3.8832523e-20 4.0113131e-38
11923372 3.5726292e+16 2.9944482e+09 1878280.7 3.6212855e-26 3.8716282e-20 3.998216e-38
11935303 3.5762019e+16 2.9944463e+09 1878293.6 3.6122481e-26 3.860039e-20 3.9851597e-38
11947245 3.5797781e+16 2.9944444e+09 1878306.7 3.6032333e-26 3.8484844e-20 3.9721439e-38
11959200 3.5833579e+16 2.9944425e+09 1878320.1 3.5942409e-26 3.8369644e-20 3.9591685e-38
11971167 3.5869412e+16 2.9944406e+09 1878333.6 3.585271e-26 3.8254789e-20 3.9462335e-38
11983146 3.5905282e+16 2.9944388e+09 1878347.4 3.5763235e-26 3.8140277e-20 3.9333386e-38
11995136 3.5941187e+16 2.9944369e+09 1878361.4 3.5673983e-26 3.8026109e-20 3.9204839e-38
12007139 3.5977128e+16 2.994435e+09 1878375.6 3.5584954e-26 3.7912282e-20 3.9076691e-38
12019154 3.6013105e+16 2.9944331e+09 1878390 3.5496147e-26 3.7798796e-20 3.8948942e-38
12031180 3.6049118e+16 2.9944312e+09 1878404.6 3.5407562e-26 3.7685649e-20 3.882159e-38
12043219 3.6085167e+16 2.9944293e+09 1878419.4 3.5319198e-26 3.7572842e-20 3.8694635e-38
12055270 3.6121253e+16 2.9944274e+09 1878434.5 3.5231054e-26 3.7460372e-20 3.8568075e-38
12067333 3.6157374e+16 2.9944255e+09 1878449.8 3.514313e-26 3.7348238e-20 3.8441909e-38
12079407 3.6193531e+16 2.9944236e+09 1878465.2 3.5055426e-26 3.7236441e-20 3.8316136e-38
12091494 3.6229725e+16 2.9944217e+09 1878480.9 3.4967941e-26 3.7124978e-20 3.8190755e-38
12103593 3.6265954e+16 2.9944198e+09 1878496.8 3.4880674e-26 3.7013848e-20 3.8065765e-38
12115705 3.630222e+16 2.994418e+09 1878513 3.4793624e-26 3.6903052e-20 3.7941164e-38
12127828 3.6338523e+16 2.9944161e+09 1878529.3 3.4706792e-26 3.6792586e-20 3.7816952e-38
12139963 3.6374861e+16 2.9944142e+09 1878545.9 3.4620177e-26 3.6682452e-20 3.7693127e-38
12152111 3.6411236e+16 2.9944123e+09 1878562.6 3.4533778e-26 3.6572647e-20 3.7569688e-38
12164271 3.6447647e+16 2.9944104e+09 1878579.6 3.4447594e-26 3.6463171e-20 3.7446635e-38
12176443 3.6484095e+16 2.9944085e+09 1878596.8 3.4361626e-26 3.6354023e-20 3.7323965e-38
12188627 3.6520579e+16 2.9944066e+09 1878614.2 3.4275872e-26 3.6245201e-20 3.7201679e-38
12200823 3.6557099e+16 2.9944047e+09 1878631.8 3.4190332e-26 3.6136705e-20 3.7079774e-38
12213031 3.6593657e+16 2.9944028e+09 1878649.7 3.4105005e-26 3.6028534e-20 3.695825e-38
12225252 3.663025e+16 2.9944009e+09 1878667.7 3.4019892e-26 3.5920687e-20 3.6837106e-38
12237485 3.6666881e+16 2.994399e+09 1878686 3.3934991e-26 3.5813163e-20 3.671634e-38
12249730 3.6703547e+16 2.9943971e+09 1878704.4 3.3850301e-26 3.570596e-20 3.6595952e-38
12261988 3.6740251e+16 2.9943952e+09 1878723.1 3.3765823e-26 3.5599078e-20 3.647594e-38
12274257 3.6776991e+16 2.9943933e+09 1878742 3.3681556e-26 3.5492516e-20 3.6356303e-38
12286539 3.6813768e+16 2.9943914e+09 1878761.1 3.35975e-26 3.5386274e-20 3.6237041e-38
12298833 3.6850582e+16 2.9943895e+09 1878780.5 3.3513653e-26 3.5280349e-20 3.6118152e-38
12311140 3.6887433e+16 2.9943876e+09 1878800 3.3430015e-26 3.5174741e-20 3.5999634e-38
12323459 3.692432e+16 2.9943858e+09 1878819.8 3.3346586e-26 3.506945e-20 3.5881488e-38
12335790 3.6961244e+16 2.9943839e+09 1878839.7 3.3263365e-26 3.4964473e-20 3.5763712e-38
12348134 3.6998206e+16 2.994382e+09 1878859.9 3.3180352e-26 3.4859811e-20 3.5646304e-38
12360489 3.7035204e+16 2.9943801e+09 1878880.3 3.3097546e-26 3.4755462e-20 3.5529265e-38
12372858 3.7072239e+16 2.9943782e+09 1878900.9 3.3014947e-26 3.4651426e-20 3.5412592e-38
12385238 3.7109311e+16 2.9943763e+09 1878921.7 3.2932554e-26 3.4547701e-20 3.5296284e-38
12397631 3.714642e+16 2.9943744e+09 1878942.7 3.2850366e-26 3.4444286e-20 3.5180342e-38
12410037 3.7183567e+16 2.9943725e+09 1878964 3.2768384e-26 3.4341181e-20 3.5064762e-38
12422454 3.722075e+16 2.9943706e+09 1878985.4 3.2686606e-26 3.4238385e-20 3.4949546e-38
12434885 3.7257971e+16 2.9943687e+09 1879007.1 3.2605032e-26 3.4135896e-20 3.483469e-38
12447327 3.7295229e+16 2.9943668e+09 1879029 3.2523662e-26 3.4033714e-20 3.4720195e-38
12459783 3.7332524e+16 2.9943649e+09 1879051.1 3.2442495e-26 3.3931838e-20 3.460606e-38
12472250 3.7369857e+16 2.994363e+09 1879073.4 3.236153e-26 3.3830267e-20 3.4492282e-38
12484730 3.7407227e+16 2.9943611e+09 1879095.9 3.2280768e-26 3.3729e-20 3.4378862e-38
12497223 3.7444634e+16 2.9943592e+09 1879118.6 3.2200207e-26 3.3628036e-20 3.4265798e-38
12509728 3.7482079e+16 2.9943573e+09 1879141.6 3.2119847e-26 3.3527374e-20 3.415309e-38
12522245 3.7519561e+16 2.9943554e+09 1879164.7 3.2039688e-26 3.3427014e-20 3.4040735e-38
12534775 3.755708e+16 2.9943535e+09 1879188.1 3.1959729e-26 3.3326954e-20 3.3928734e-38
12547318 3.7594637e+16 2.9943516e+09 1879211.7 3.1879969e-26 3.3227194e-20 3.3817084e-38
12559873 3.7632232e+16 2.9943497e+09 1879235.4 3.1800408e-26 3.3127732e-20 3.3705786e-38
12572441 3.7669864e+16 2.9943478e+09 1879259.4 3.1721046e-26 3.3028568e-20 3.3594838e-38
12585021 3.7707534e+16 2.9943459e+09 1879283.7 3.1641882e-26 3.2929701e-20 3.3484239e-38
12597614 3.7745242e+16 2.994344e+09 1879308.1 3.1562916e-26 3.2831129e-20 3.3373988e-38
12610220 3.7782987e+16 2.9943421e+09 1879332.7 3.1484146e-26 3.2732853e-20 3.3264083e-38
12622838 3.782077e+16 2.9943402e+09 1879357.6 3.1405573e-26 3.2634871e-20 3.3154525e-38
12635469 3.7858591e+16 2.9943383e+09 1879382.6 3.1327197e-26 3.2537182e-20 3.3045312e-38
12648112 3.7896449e+16 2.9943364e+09 1879407.9 3.1249016e-26 3.2439786e-20 3.2936443e-38
12660768 3.7934346e+16 2.9943345e+09 1879433.4 3.117103e-26 3.2342681e-20 3.2827916e-38
12673437 3.797228e+16 2.9943326e+09 1879459.1 3.1093238e-26 3.2245867e-20 3.2719732e-38
12686118 3.8010252e+16 2.9943307e+09 1879485 3.1015641e-26 3.2149343e-20 3.2611889e-38
12698812 3.8048263e+16 2.9943288e+09 1879511.1 3.0938237e-26 3.2053107e-20 3.2504385e-38
12711519 3.8086311e+16 2.9943269e+09 1879537.4 3.0861027e-26 3.195716e-20 3.2397221e-38
12724239 3.8124397e+16 2.994325e+09 1879564 3.0784009e-26 3.18615e-20 3.2290394e-38
12736971 3.8162522e+16 2.9943231e+09 1879590.7 3.0707184e-26 3.1766126e-20 3.2183904e-38
12749716 3.8200684e+16 2.9943211e+09 1879617.7 3.063055e-26 3.1671038e-20 3.2077751e-38
12762473 3.8238885e+16 2.9943192e+09 1879644.8 3.0554107e-26 3.1576234e-20 3.1971932e-38
12775244 3.8277124e+16 2.9943173e+09 1879672.2 3.0477855e-26 3.1481714e-20 3.1866448e-38
12788027 3.8315401e+16 2.9943154e+09 1879699.8 3.0401794e-26 3.1387478e-20 3.1761296e-38
12800823 3.8353716e+16 2.9943135e+09 1879727.6 3.0325922e-26 3.1293523e-20 3.1656477e-38
12813632 3.839207e+16 2.9943116e+09 1879755.6 3.025024e-26 3.1199849e-20 3.1551989e-38
12826454 3.8430462e+16 2.9943097e+09 1879783.9 3.0174746e-26 3.1106456e-20 3.1447831e-38
12839288 3.8468892e+16 2.9943078e+09 1879812.3 3.0099441e-26 3.1013342e-20 3.1344001e-38
12852136 3.8507361e+16 2.9943059e+09 1879840.9 3.0024324e-26 3.0920507e-20 3.1240501e-38
12864996 3.8545869e+16 2.994304e+09 1879869.8 2.9949395e-26 3.082795e-20 3.1137327e-38
12877869 3.8584415e+16 2.9943021e+09 1879898.9 2.9874652e-26 3.0735671e-20 3.103448e-38
12890755 3.8622999e+16 2.9943002e+09 1879928.2 2.9800096e-26 3.0643667e-20 3.0931958e-38
12903654 3.8661622e+16 2.9942983e+09 1879957.6 2.9725726e-26 3.0551939e-20 3.082976e-38
12916565 3.8700284e+16 2.9942964e+09 1879987.3 2.9651541e-26 3.0460485e-20 3.0727886e-38
12929490 3.8738984e+16 2.9942945e+09 1880017.2 2.9577542e-26 3.0369305e-20 3.0626334e-38
12942428 3.8777723e+16 2.9942926e+09 1880047.4 2.9503727e-26 3.0278398e-20 3.0525103e-38
12955378 3.8816501e+16 2.9942907e+09 1880077.7 2.9430097e-26 3.0187763e-20 3.0424193e-38
12968342 3.8855317e+16 2.9942887e+09 1880108.2 2.935665e-26 3.0097399e-20 3.0323603e-38
12981318 3.8894172e+16 2.9942868e+09 1880139 2.9283387e-26 3.0007306e-20 3.0223332e-38
12994308 3.8933067e+16 2.9942849e+09 1880169.9 2.9210306e-26 2.9917483e-20 3.0123378e-38
13007310 3.8972e+16 2.994283e+09 1880201.1 2.9137408e-26 2.9827928e-20 3.0023741e-38
13020326 3.9010972e+16 2.9942811e+09 1880232.5 2.9064692e-26 2.9738642e-20 2.9924419e-38
13033354 3.9049983e+16 2.9942792e+09 1880264.1 2.8992157e-26 2.9649623e-20 2.9825413e-38
13046396 3.9089033e+16 2.9942773e+09 1880295.9 2.8919803e-26 2.956087e-20 2.9726721e-38
13059450 3.9128122e+16 2.9942754e+09 1880327.9 2.884763e-26 2.9472383e-20 2.9628341e-38
13072518 3.916725e+16 2.9942735e+09 1880360.1 2.8775637e-26 2.9384161e-20 2.9530274e-38
13085599 3.9206417e+16 2.9942716e+09 1880392.5 2.8703824e-26 2.9296202e-20 2.9432518e-38
13098692 3.9245623e+16 2.9942697e+09 1880425.2 2.863219e-26 2.9208508e-20 2.9335072e-38
13111799 3.9284869e+16 2.9942677e+09 1880458 2.8560734e-26 2.9121075e-20 2.9237936e-38
13124919 3.9324154e+16 2.9942658e+09 1880491.1 2.8489457e-26 2.9033905e-20 2.9141108e-38
13138052 3.9363478e+16 2.9942639e+09 1880524.3 2.8418358e-26 2.8946995e-20 2.9044587e-38
13151199 3.9402842e+16 2.994262e+09 1880557.8 2.8347436e-26 2.8860346e-20 2.8948373e-38
13164358 3.9442244e+16 2.9942601e+09 1880591.5 2.8276691e-26 2.8773955e-20 2.8852465e-38
13177531 3.9481687e+16 2.9942582e+09 1880625.4 2.8206123e-26 2.8687824e-20 2.8756862e-38
13190717 3.9521168e+16 2.9942563e+09 1880659.5 2.8135731e-26 2.860195e-20 2.8661562e-38
13203916 3.9560689e+16 2.9942544e+09 1880693.8 2.8065515e-26 2.8516334e-20 2.8566566e-38
13217128 3.960025e+16 2.9942524e+09 1880728.3 2.7995474e-26 2.8430973e-20 2.8471872e-38
13230353 3.963985e+16 2.9942505e+09 1880763 2.7925607e-26 2.8345868e-20 2.8377479e-38
13243592 3.967949e+16 2.9942486e+09 1880798 2.7855915e-26 2.8261018e-20 2.8283386e-38
13256844 3.971917e+16 2.9942467e+09 1880833.1 2.7786397e-26 2.8176422e-20 2.8189592e-38
13270109 3.9758889e+16 2.9942448e+09 1880868.5 2.7717052e-26 2.8092079e-20 2.8096097e-38
13283387 3.9798648e+16 2.9942429e+09 1880904 2.7647881e-26 2.8007989e-20 2.80029e-38
13296679 3.9838446e+16 2.994241e+09 1880939.8 2.7578882e-26 2.792415e-20 2.7909999e-38
13309984 3.9878285e+16 2.9942391e+09 1880975.8 2.7510055e-26 2.7840562e-20 2.7817395e-38
13323302 3.9918163e+16 2.9942371e+09 1881012 2.74414e-26 2.7757225e-20 2.7725085e-38
13336634 3.9958081e+16 2.9942352e+09 1881048.4 2.7372917e-26 2.7674137e-20 2.7633069e-38
13349979 3.9998039e+16 2.9942333e+09 1881085 2.7304604e-26 2.7591297e-20 2.7541347e-38
13363337 4.0038037e+16 2.9942314e+09 1881121.8 2.7236462e-26 2.7508706e-20 2.7449917e-38
13376709 4.0078075e+16 2.9942295e+09 1881158.8 2.7168489e-26 2.7426362e-20 2.7358778e-38
13390094 4.0118154e+16 2.9942276e+09 1881196.1 2.7100687e-26 2.7344264e-20 2.726793e-38
13403493 4.0158272e+16 2.9942256e+09 1881233.5 2.7033054e-26 2.7262412e-20 2.7177372e-38
13416905 4.019843e+16 2.9942237e+09 1881271.1 2.6965589e-26 2.7180806e-20 2.7087103e-38
13430330 4.0238628e+16 2.9942218e+09 1881309 2.6898293e-26 2.7099443e-20 2.6997121e-38
13443769 4.0278867e+16 2.9942199e+09 1881347.1 2.6831165e-26 2.7018324e-20 2.6907427e-38
13457221 4.0319146e+16 2.994218e+09 1881385.3 2.6764204e-26 2.6937448e-20 2.6818019e-38
13470687 4.0359465e+16 2.9942161e+09 1881423.8 2.669741e-26 2.6856813e-20 2.6728897e-38
13484166 4.0399825e+16 2.9942141e+09 1881462.5 2.6630783e-26 2.6776421e-20 2.6640059e-38
13497658 4.0440224e+16 2.9942122e+09 1881501.4 2.6564323e-26 2.6696269e-20 2.6551505e-38
13511165 4.0480665e+16 2.9942103e+09 1881540.5 2.6498028e-26 2.6616356e-20 2.6463233e-38
13524684 4.0521145e+16 2.9942084e+09 1881579.8 2.6431899e-26 2.6536683e-20 2.6375244e-38
13538217 4.0561666e+16 2.9942065e+09 1881619.3 2.6365935e-26 2.6457249e-20 2.6287536e-38
13551764 4.0602228e+16 2.9942046e+09 1881659.1 2.6300135e-26 2.6378052e-20 2.6200108e-38
13565324 4.064283e+16 2.9942026e+09 1881699 2.6234499e-26 2.6299092e-20 2.611296e-38
13578898 4.0683473e+16 2.9942007e+09 1881739.1 2.6169028e-26 2.6220369e-20 2.602609e-38
13592486 4.0724157e+16 2.9941988e+09 1881779.5 2.610372e-26 2.6141882e-20 2.5939499e-38
13606087 4.0764881e+16 2.9941969e+09 1881820 2.6038574e-26 2.6063629e-20 2.5853184e-38
13619701 4.0805646e+16 2.994195e+09 1881860.8 2.5973592e-26 2.598561e-20 2.5767145e-38
13633330 4.0846451e+16 2.994193e+09 1881901.8 2.5908771e-26 2.5907825e-20 2.5681382e-38
13646971 4.0887298e+16 2.9941911e+09 1881942.9 2.5844112e-26 2.5830273e-20 2.5595894e-38
13660627 4.0928185e+16 2.9941892e+09 1881984.3 2.5779615e-26 2.5752953e-20 2.5510679e-38
13674296 4.0969113e+16 2.9941873e+09 1882025.9 2.5715278e-26 2.5675865e-20 2.5425736e-38
13687979 4.1010082e+16 2.9941854e+09 1882067.7 2.5651103e-26 2.5599007e-20 2.5341066e-38
13701676 4.1051092e+16 2.9941834e+09 1882109.7 2.5587087e-26 2.5522379e-20 2.5256667e-38
13715386 4.1092143e+16 2.9941815e+09 1882151.9 2.5523231e-26 2.5445981e-20 2.5172539e-38
13729110 4.1133236e+16 2.9941796e+09 1882194.4 2.5459534e-26 2.5369812e-20 2.508868e-38
13742848 4.1174369e+16 2.9941777e+09 1882237 2.5395997e-26 2.529387e-20 2.500509e-38
13756599 4.1215543e+16 2.9941757e+09 1882279.8 2.5332618e-26 2.5218156e-20 2.4921768e-38
13770364 4.1256759e+16 2.9941738e+09 1882322.9 2.5269397e-26 2.5142668e-20 2.4838713e-38
13784143 4.1298016e+16 2.9941719e+09 1882366.1 2.5206334e-26 2.5067406e-20 2.4755924e-38
13797936 4.1339314e+16 2.99417e+09 1882409.5 2.5143428e-26 2.499237e-20 2.4673401e-38
13811743 4.1380653e+16 2.994168e+09 1882453.2 2.5080679e-26 2.4917558e-20 2.4591143e-38
13825563 4.1422034e+16 2.9941661e+09 1882497.1 2.5018087e-26 2.484297e-20 2.4509149e-38
13839397 4.1463456e+16 2.9941642e+09 1882541.1 2.4955651e-26 2.4768606e-20 2.4427418e-38
13853246 4.1504919e+16 2.9941623e+09 1882585.4 2.4893371e-26 2.4694464e-20 2.4345949e-38
13867107 4.1546424e+16 2.9941604e+09 1882629.9 2.4831246e-26 2.4620544e-20 2.4264742e-38
13880983 4.158797e+16 2.9941584e+09 1882674.6 2.4769277e-26 2.4546845e-20 2.4183795e-38
13894873 4.1629558e+16 2.9941565e+09 1882719.5 2.4707462e-26 2.4473367e-20 2.4103109e-38
13908777 4.1671188e+16 2.9941546e+09 1882764.6 2.4645801e-26 2.4400109e-20 2.4022682e-38
13922694 4.1712859e+16 2.9941527e+09 1882809.9 2.4584294e-26 2.432707e-20 2.3942513e-38
13936626 4.1754572e+16 2.9941507e+09 1882855.4 2.4522941e-26 2.425425e-20 2.3862602e-38
13950571 4.1796326e+16 2.9941488e+09 1882901.1 2.4461741e-26 2.4181647e-20 2.3782948e-38
13964530 4.1838123e+16 2.9941469e+09 1882947.1 2.4400693e-26 2.4109262e-20 2.370355e-38
13978504 4.1879961e+16 2.9941449e+09 1882993.2 2.4339798e-26 2.4037094e-20 2.3624407e-38
13992491 4.1921841e+16 2.994143e+09 1883039.5 2.4279055e-26 2.3965142e-20 2.3545519e-38
14006492 4.1963763e+16 2.9941411e+09 1883086.1 2.4218463e-26 2.3893405e-20 2.3466884e-38
14020507 4.2005727e+16 2.9941392e+09 1883132.8 2.4158023e-26 2.3821883e-20 2.3388503e-38
14034537 4.2047732e+16 2.9941372e+09 1883179.8 2.4097733e-26 2.3750575e-20 2.3310373e-38
14048580 4.208978e+16 2.9941353e+09 1883227 2.4037594e-26 2.367948e-20 2.3232496e-38
14062637 4.213187e+16 2.9941334e+09 1883274.3 2.3977605e-26 2.3608598e-20 2.3154869e-38
14076709 4.2174002e+16 2.9941315e+09 1883321.9 2.3917766e-26 2.3537929e-20 2.3077491e-38
14090795 4.2216176e+16 2.9941295e+09 1883369.7 2.3858076e-26 2.3467471e-20 2.3000364e-38
14104894 4.2258392e+16 2.9941276e+09 1883417.7 2.3798535e-26 2.3397224e-20 2.2923484e-38
14119008 4.230065e+16 2.9941257e+09 1883465.9 2.3739143e-26 2.3327187e-20 2.2846852e-38
14133136 4.2342951e+16 2.9941237e+09 1883514.3 2.3679899e-26 2.3257359e-20 2.2770467e-38
14147278 4.2385294e+16 2.9941218e+09 1883562.9 2.3620802e-26 2.3187741e-20 2.2694329e-38
14161434 4.2427679e+16 2.9941199e+09 1883611.7 2.3561854e-26 2.3118331e-20 2.2618435e-38
14175604 4.2470107e+16 2.994118e+09 1883660.7 2.3503052e-26 2.3049129e-20 2.2542787e-38
14189789 4.2512577e+16 2.994116e+09 1883709.9 2.3444397e-26 2.2980134e-20 2.2467382e-38
14203988 4.2555089e+16 2.9941141e+09 1883759.3 2.3385888e-26 2.2911346e-20 2.2392221e-38
14218200 4.2597645e+16 2.9941122e+09 1883808.9 2.3327526e-26 2.2842764e-20 2.2317302e-38
14232428 4.2640242e+16 2.9941102e+09 1883858.8 2.3269309e-26 2.2774386e-20 2.2242624e-38
14246669 4.2682882e+16 2.9941083e+09 1883908.8 2.3211237e-26 2.2706214e-20 2.2168188e-38
14260925 4.2725565e+16 2.9941064e+09 1883959 2.3153311e-26 2.2638246e-20 2.2093992e-38
14275194 4.2768291e+16 2.9941044e+09 1884009.5 2.3095528e-26 2.2570481e-20 2.2020035e-38
14289479 4.2811059e+16 2.9941025e+09 1884060.1 2.303789e-26 2.2502919e-20 2.1946318e-38
14303777 4.285387e+16 2.9941006e+09 1884111 2.2980396e-26 2.2435559e-20 2.1872838e-38
14318090 4.2896724e+16 2.9940986e+09 1884162 2.2923046e-26 2.23684e-20 2.1799596e-38
14332417 4.2939621e+16 2.9940967e+09 1884213.3 2.2865838e-26 2.2301443e-20 2.172659e-38
14346758 4.298256e+16 2.9940948e+09 1884264.8 2.2808774e-26 2.2234686e-20 2.165382e-38
14361114 4.3025543e+16 2.9940928e+09 1884316.4 2.2751851e-26 2.2168129e-20 2.1581285e-38
14375484 4.3068569e+16 2.9940909e+09 1884368.3 2.2695071e-26 2.2101772e-20 2.1508985e-38
14389869 4.3111637e+16 2.994089e+09 1884420.4 2.2638433e-26 2.2035613e-20 2.1436918e-38
14404268 4.3154749e+16 2.994087e+09 1884472.7 2.2581935e-26 2.1969652e-20 2.1365085e-38
14418681 4.3197903e+16 2.9940851e+09 1884525.2 2.2525579e-26 2.1903888e-20 2.1293484e-38
14433109 4.3241101e+16 2.9940832e+09 1884577.9 2.2469364e-26 2.1838321e-20 2.1222114e-38
14447551 4.3284342e+16 2.9940812e+09 1884630.8 2.2413288e-26 2.1772951e-20 2.1150975e-38
14462008 4.3327627e+16 2.9940793e+09 1884683.9 2.2357353e-26 2.1707776e-20 2.1080067e-38
14476479 4.3370954e+16 2.9940774e+09 1884737.2 2.2301557e-26 2.1642796e-20 2.1009388e-38
14490964 4.3414325e+16 2.9940754e+09 1884790.7 2.2245901e-26 2.1578011e-20 2.0938938e-38
14505464 4.345774e+16 2.9940735e+09 1884844.4 2.2190383e-26 2.151342e-20 2.0868715e-38
14519979 4.3501197e+16 2.9940716e+09 1884898.3 2.2135004e-26 2.1449022e-20 2.079872e-38
14534508 4.3544699e+16 2.9940696e+09 1884952.4 2.2079763e-26 2.1384817e-20 2.0728952e-38
14549052 4.3588243e+16 2.9940677e+09 1885006.8 2.2024661e-26 2.1320804e-20 2.065941e-38
14563610 4.3631832e+16 2.9940657e+09 1885061.3 2.1969695e-26 2.1256982e-20 2.0590093e-38
14578183 4.3675463e+16 2.9940638e+09 1885116 2.1914867e-26 2.1193352e-20 2.0521001e-38
14592770 4.3719139e+16 2.9940619e+09 1885171 2.1860175e-26 2.1129912e-20 2.0452133e-38
14607372 4.3762858e+16 2.9940599e+09 1885226.1 2.180562e-26 2.1066662e-20 2.0383488e-38
14621989 4.3806621e+16 2.994058e+09 1885281.5 2.1751202e-26 2.1003602e-20 2.0315065e-38
14636620 4.3850428e+16 2.9940561e+09 1885337 2.1696919e-26 2.094073e-20 2.0246864e-38
14651266 4.3894278e+16 2.9940541e+09 1885392.7 2.1642771e-26 2.0878046e-20 2.0178885e-38
14665926 4.3938172e+16 2.9940522e+09 1885448.7 2.1588759e-26 2.081555e-20 2.0111126e-38
14680601 4.398211e+16 2.9940502e+09 1885504.9 2.1534881e-26 2.0753241e-20 2.0043586e-38
14695291 4.4026093e+16 2.9940483e+09 1885561.2 2.1481138e-26 2.0691119e-20 1.9976266e-38
14709996 4.4070119e+16 2.9940464e+09 1885617.8 2.1427529e-26 2.0629183e-20 1.9909165e-38
14724715 4.4114189e+16 2.9940444e+09 1885674.6 2.1374054e-26 2.0567432e-20 1.9842281e-38
14739449 4.4158303e+16 2.9940425e+09 1885731.5 2.1320712e-26 2.0505865e-20 1.9775614e-38
14754198 4.4202461e+16 2.9940405e+09 1885788.7 2.1267503e-26 2.0444483e-20 1.9709164e-38
14768961 4.4246664e+16 2.9940386e+09 1885846.1 2.1214428e-26 2.0383285e-20 1.9642929e-38
14783739 4.429091e+16 2.9940367e+09 1885903.6 2.1161484e-26 2.032227e-20 1.957691e-38
14798532 4.4335201e+16 2.9940347e+09 1885961.4 2.1108673e-26 2.0261438e-20 1.9511105e-38
14813340 4.4379536e+16 2.9940328e+09 1886019.4 2.1055993e-26 2.0200788e-20 1.9445514e-38
14828163 4.4423916e+16 2.9940308e+09 1886077.6 2.1003445e-26 2.0140319e-20 1.9380136e-38
14843000 4.446834e+16 2.9940289e+09 1886136 2.0951029e-26 2.0080031e-20 1.9314971e-38
14857853 4.4512808e+16 2.994027e+09 1886194.6 2.0898743e-26 2.0019924e-20 1.9250017e-38
14872720 4.4557321e+16 2.994025e+09 1886253.4 2.0846587e-26 1.9959997e-20 1.9185275e-38
14887602 4.4601878e+16 2.9940231e+09 1886312.4 2.0794562e-26 1.9900249e-20 1.9120743e-38
14902499 4.464648e+16 2.9940211e+09 1886371.6 2.0742666e-26 1.984068e-20 1.9056421e-38
14917411 4.4691127e+16 2.9940192e+09 1886431 2.06909e-26 1.9781289e-20 1.8992309e-38
14932338 4.4735818e+16 2.9940172e+09 1886490.6 2.0639263e-26 1.9722076e-20 1.8928404e-38
14947279 4.4780554e+16 2.9940153e+09 1886550.4 2.0587755e-26 1.966304e-20 1.8864708e-38
14962236 4.4825334e+16 2.9940134e+09 1886610.4 2.0536376e-26 1.9604181e-20 1.8801219e-38
14977208 4.487016e+16 2.9940114e+09 1886670.6 2.0485124e-26 1.9545498e-20 1.8737937e-38
14992194 4.491503e+16 2.9940095e+09 1886731 2.0434001e-26 1.9486991e-20 1.8674861e-38
15007196 4.4959945e+16 2.9940075e+09 1886791.7 2.0383005e-26 1.9428659e-20 1.861199e-38
15022213 4.5004905e+16 2.9940056e+09 1886852.5 2.0332137e-26 1.9370502e-20 1.8549324e-38
15037244 4.504991e+16 2.9940036e+09 1886913.5 2.0281395e-26 1.9312518e-20 1.8486862e-38
15052291 4.509496e+16 2.9940017e+09 1886974.7 2.023078e-26 1.9254709e-20 1.8424604e-38
15067353 4.5140054e+16 2.9939997e+09 1887036.1 2.0180292e-26 1.9197072e-20 1.8362548e-38
15082430 4.5185195e+16 2.9939978e+09 1887097.8 2.0129929e-26 1.9139608e-20 1.8300695e-38
15097522 4.523038e+16 2.9939958e+09 1887159.6 2.0079692e-26 1.9082316e-20 1.8239043e-38
15112629 4.527561e+16 2.9939939e+09 1887221.6 2.0029581e-26 1.9025195e-20 1.8177593e-38
15127751 4.5320886e+16 2.993992e+09 1887283.9 1.9979594e-26 1.8968245e-20 1.8116342e-38
15142888 4.5366207e+16 2.99399e+09 1887346.3 1.9929733e-26 1.8911466e-20 1.8055291e-38
15158040 4.5411573e+16 2.9939881e+09 1887408.9 1.9879995e-26 1.8854857e-20 1.799444e-38
15173208 4.5456984e+16 2.9939861e+09 1887471.8 1.9830382e-26 1.8798417e-20 1.7933787e-38
15188391 4.5502441e+16 2.9939842e+09 1887534.8 1.9780893e-26 1.8742146e-20 1.7873332e-38
15203589 4.5547944e+16 2.9939822e+09 1887598 1.9731527e-26 1.8686044e-20 1.7813074e-38
15218802 4.5593492e+16 2.9939803e+09 1887661.5 1.9682285e-26 1.8630109e-20 1.7753013e-38
15234030 4.5639085e+16 2.9939783e+09 1887725.1 1.9633165e-26 1.8574342e-20 1.7693148e-38
15249274 4.5684724e+16 2.9939764e+09 1887789 1.9584168e-26 1.8518742e-20 1.7633478e-38
15264533 4.5730409e+16 2.9939744e+09 1887853 1.9535293e-26 1.8463308e-20 1.7574003e-38
15279807 4.5776139e+16 2.9939725e+09 1887917.3 1.948654e-26 1.8408041e-20 1.7514722e-38
15295096 4.5821916e+16 2.9939705e+09 1887981.7 1.9437909e-26 1.8352938e-20 1.7455635e-38
15310401 4.5867738e+16 2.9939686e+09 1888046.4 1.9389399e-26 1.8298001e-20 1.7396741e-38
15325721 4.5913605e+16 2.9939666e+09 1888111.2 1.934101e-26 1.8243228e-20 1.733804e-38
15341057 4.5959519e+16 2.9939647e+09 1888176.3 1.9292742e-26 1.8188619e-20 1.727953e-38
15356407 4.6005478e+16 2.9939627e+09 1888241.5 1.9244594e-26 1.8134174e-20 1.7221211e-38
15371773 4.6051484e+16 2.9939608e+09 1888307 1.9196567e-26 1.8079891e-20 1.7163083e-38
15387155 4.6097535e+16 2.9939588e+09 1888372.6 1.9148659e-26 1.8025771e-20 1.7105146e-38
15402552 4.6143633e+16 2.9939569e+09 1888438.5 1.9100871e-26 1.7971813e-20 1.7047397e-38
15417964 4.6189777e+16 2.9939549e+09 1888504.6 1.9053203e-26 1.7918017e-20 1.6989838e-38
15433392 4.6235966e+16 2.993953e+09 1888570.8 1.9005653e-26 1.7864381e-20 1.6932466e-38
15448835 4.6282202e+16 2.993951e+09 1888637.3 1.8958222e-26 1.7810906e-20 1.6875283e-38
15464293 4.6328484e+16 2.9939491e+09 1888703.9 1.8910909e-26 1.7757591e-20 1.6818286e-38
15479767 4.6374813e+16 2.9939471e+09 1888770.8 1.8863714e-26 1.7704436e-20 1.6761476e-38
15495257 4.6421188e+16 2.9939451e+09 1888837.8 1.8816638e-26 1.765144e-20 1.6704852e-38
15510762 4.6467609e+16 2.9939432e+09 1888905.1 1.8769678e-26 1.7598602e-20 1.6648414e-38
15526282 4.6514077e+16 2.9939412e+09 1888972.6 1.8722836e-26 1.7545923e-20 1.659216e-38
15541818 4.6560591e+16 2.9939393e+09 1889040.2 1.8676111e-26 1.7493401e-20 1.653609e-38
15557370 4.6607151e+16 2.9939373e+09 1889108.1 1.8629502e-26 1.7441037e-20 1.6480204e-38
15572937 4.6653758e+16 2.9939354e+09 1889176.2 1.858301e-26 1.7388829e-20 1.6424501e-38
15588520 4.6700412e+16 2.9939334e+09 1889244.4 1.8536633e-26 1.7336778e-20 1.6368981e-38
15604118 4.6747113e+16 2.9939315e+09 1889312.9 1.8490373e-26 1.7284882e-20 1.6313642e-38
15619732 4.679386e+16 2.9939295e+09 1889381.5 1.8444227e-26 1.7233142e-20 1.6258485e-38
15635362 4.6840654e+16 2.9939276e+09 1889450.4 1.8398197e-26 1.7181557e-20 1.6203509e-38
15651007 4.6887494e+16 2.9939256e+09 1889519.5 1.8352282e-26 1.7130126e-20 1.6148712e-38
15666668 4.6934382e+16 2.9939236e+09 1889588.7 1.8306482e-26 1.7078849e-20 1.6094096e-38
15682345 4.6981316e+16 2.9939217e+09 1889658.2 1.8260796e-26 1.7027725e-20 1.6039658e-38
15698037 4.7028297e+16 2.9939197e+09 1889727.9 1.8215223e-26 1.6976755e-20 1.5985399e-38
15713745 4.7075326e+16 2.9939178e+09 1889797.7 1.8169765e-26 1.6925937e-20 1.5931318e-38
15729468 4.7122401e+16 2.9939158e+09 1889867.8 1.812442e-26 1.6875271e-20 1.5877415e-38
15745208 4.7169523e+16 2.9939139e+09 1889938.1 1.8079188e-26 1.6824757e-20 1.5823688e-38
15760963 4.7216693e+16 2.9939119e+09 1890008.5 1.8034069e-26 1.6774394e-20 1.5770138e-38
15776734 4.726391e+16 2.9939099e+09 1890079.2 1.7989063e-26 1.6724182e-20 1.5716763e-38
15792520 4.7311174e+16 2.993908e+09 1890150 1.7944169e-26 1.667412e-20 1.5663563e-38
15808323 4.7358485e+16 2.993906e+09 1890221.1 1.7899386e-26 1.6624208e-20 1.5610539e-38
15824141 4.7405843e+16 2.9939041e+09 1890292.4 1.7854716e-26 1.6574445e-20 1.5557688e-38
15839975 4.7453249e+16 2.9939021e+09 1890363.8 1.7810157e-26 1.6524832e-20 1.5505011e-38
15855825 4.7500702e+16 2.9939002e+09 1890435.5 1.776571e-26 1.6475366e-20 1.5452507e-38
15871691 4.7548203e+16 2.9938982e+09 1890507.3 1.7721373e-26 1.6426049e-20 1.5400175e-38
15887573 4.7595751e+16 2.9938962e+09 1890579.4 1.7677147e-26 1.637688e-20 1.5348015e-38
15903470 4.7643347e+16 2.9938943e+09 1890651.7 1.7633032e-26 1.6327858e-20 1.5296027e-38
15919384 4.769099e+16 2.9938923e+09 1890724.1 1.7589026e-26 1.6278982e-20 1.524421e-38
15935313 4.7738681e+16 2.9938904e+09 1890796.8 1.754513e-26 1.6230253e-20 1.5192563e-38
15951259 4.778642e+16 2.9938884e+09 1890869.6 1.7501344e-26 1.618167e-20 1.5141085e-38
15967220 4.7834206e+16 2.9938864e+09 1890942.7 1.7457667e-26 1.6133232e-20 1.5089777e-38
15983197 4.7882041e+16 2.9938845e+09 1891015.9 1.7414099e-26 1.6084939e-20 1.5038638e-38
15999191 4.7929923e+16 2.9938825e+09 1891089.4 1.737064e-26 1.603679e-20 1.4987667e-38
16015200 4.7977853e+16 2.9938805e+09 1891163 1.7327289e-26 1.5988786e-20 1.4936863e-38
16031225 4.802583e+16 2.9938786e+09 1891236.9 1.7284047e-26 1.5940926e-20 1.4886227e-38
16047267 4.8073856e+16 2.9938766e+09 1891310.9 1.7240912e-26 1.5893208e-20 1.4835757e-38
16063324 4.812193e+16 2.9938747e+09 1891385.2 1.7197885e-26 1.5845634e-20 1.4785454e-38
16079397 4.8170052e+16 2.9938727e+09 1891459.6 1.7154966e-26 1.5798202e-20 1.4735316e-38
16095487 4.8218222e+16 2.9938707e+09 1891534.3 1.7112153e-26 1.5750912e-20 1.4685343e-38
16111593 4.826644e+16 2.9938688e+09 1891609.1 1.7069448e-26 1.5703763e-20 1.4635534e-38
16127714 4.8314707e+16 2.9938668e+09 1891684.2 1.7026848e-26 1.5656756e-20 1.458589e-38
16143852 4.8363021e+16 2.9938648e+09 1891759.4 1.6984356e-26 1.5609889e-20 1.4536409e-38
16160006 4.8411384e+16 2.9938629e+09 1891834.9 1.6941969e-26 1.5563163e-20 1.4487091e-38
16176177 4.8459796e+16 2.9938609e+09 1891910.5 1.6899688e-26 1.5516577e-20 1.4437935e-38
16192363 4.8508256e+16 2.9938589e+09 1891986.3 1.6857513e-26 1.547013e-20 1.4388941e-38
16208565 4.8556764e+16 2.993857e+09 1892062.4 1.6815443e-26 1.5423822e-20 1.4340109e-38
16224784 4.8605321e+16 2.993855e+09 1892138.6 1.6773477e-26 1.5377652e-20 1.4291438e-38
16241019 4.8653926e+16 2.993853e+09 1892215 1.6731617e-26 1.5331621e-20 1.4242927e-38
16257271 4.870258e+16 2.9938511e+09 1892291.7 1.6689861e-26 1.5285728e-20 1.4194576e-38
16273538 4.8751282e+16 2.9938491e+09 1892368.5 1.6648209e-26 1.5239972e-20 1.4146385e-38
16289822 4.8800034e+16 2.9938471e+09 1892445.5 1.6606662e-26 1.5194353e-20 1.4098352e-38
16306122 4.8848834e+16 2.9938452e+09 1892522.8 1.6565217e-26 1.514887e-20 1.4050478e-38
16322438 4.8897683e+16 2.9938432e+09 1892600.2 1.6523877e-26 1.5103524e-20 1.4002762e-38
16338771 4.894658e+16 2.9938412e+09 1892677.8 1.6482639e-26 1.5058313e-20 1.3955203e-38
16355120 4.8995527e+16 2.9938393e+09 1892755.6 1.6441505e-26 1.5013238e-20 1.3907801e-38
16371486 4.9044522e+16 2.9938373e+09 1892833.6 1.6400473e-26 1.4968298e-20 1.3860556e-38
16387868 4.9093567e+16 2.9938353e+09 1892911.9 1.6359543e-26 1.4923492e-20 1.3813466e-38
16404266 4.914266e+16 2.9938334e+09 1892990.3 1.6318716e-26 1.487882e-20 1.3766532e-38
16420680 4.9191803e+16 2.9938314e+09 1893068.9 1.627799e-26 1.4834282e-20 1.3719753e-38
16437111 4.9240995e+16 2.9938294e+09 1893147.7 1.6237366e-26 1.4789877e-20 1.3673128e-38
16453559 4.9290236e+16 2.9938275e+09 1893226.7 1.6196844e-26 1.4745606e-20 1.3626658e-38
16470023 4.9339526e+16 2.9938255e+09 1893305.9 1.6156423e-26 1.4701466e-20 1.358034e-38
16486503 4.9388866e+16 2.9938235e+09 1893385.3 1.6116102e-26 1.4657459e-20 1.3534176e-38
16503000 4.9438255e+16 2.9938216e+09 1893464.9 1.6075882e-26 1.4613584e-20 1.3488164e-38
16519514 4.9487693e+16 2.9938196e+09 1893544.7 1.6035763e-26 1.456984e-20 1.3442305e-38
16536044 4.9537181e+16 2.9938176e+09 1893624.7 1.5995743e-26 1.4526227e-20 1.3396596e-38
16552590 4.9586718e+16 2.9938156e+09 1893704.9 1.5955824e-26 1.4482744e-20 1.3351039e-38
16569153 4.9636304e+16 2.9938137e+09 1893785.3 1.5916004e-26 1.4439392e-20 1.3305633e-38
16585733 4.9685941e+16 2.9938117e+09 1893865.9 1.5876284e-26 1.4396169e-20 1.3260376e-38
16602329 4.9735627e+16 2.9938097e+09 1893946.6 1.5836662e-26 1.4353076e-20 1.321527e-38
16618942 4.9785362e+16 2.9938078e+09 1894027.6 1.579714e-26 1.4310112e-20 1.3170312e-38
16635571 4.9835148e+16 2.9938058e+09 1894108.8 1.5757716e-26 1.4267276e-20 1.3125503e-38
16652217 4.9884983e+16 2.9938038e+09 1894190.2 1.571839e-26 1.4224569e-20 1.3080842e-38
16668880 4.9934868e+16 2.9938018e+09 1894271.8 1.5679163e-26 1.4181989e-20 1.303633e-38
16685560 4.9984803e+16 2.9937999e+09 1894353.5 1.5640034e-26 1.4139537e-20 1.2991964e-38
16702256 5.0034787e+16 2.9937979e+09 1894435.5 1.5601002e-26 1.4097212e-20 1.2947745e-38
16718968 5.0084822e+16 2.9937959e+09 1894517.7 1.5562068e-26 1.4055014e-20 1.2903672e-38
16735698 5.0134907e+16 2.9937939e+09 1894600 1.552323e-26 1.4012942e-20 1.2859746e-38
16752444 5.0185042e+16 2.993792e+09 1894682.6 1.548449e-26 1.3970996e-20 1.2815965e-38
16769207 5.0235227e+16 2.99379e+09 1894765.3 1.5445847e-26 1.3929175e-20 1.2772328e-38
16785987 5.0285462e+16 2.993788e+09 1894848.3 1.5407299e-26 1.388748e-20 1.2728837e-38
16802784 5.0335748e+16 2.993786e+09 1894931.4 1.5368849e-26 1.384591e-20 1.2685489e-38
16819597 5.0386083e+16 2.9937841e+09 1895014.8 1.5330494e-26 1.3804464e-20 1.2642285e-38
16836427 5.043647e+16 2.9937821e+09 1895098.3 1.5292234e-26 1.3763142e-20 1.2599224e-38
16853274 5.0486906e+16 2.9937801e+09 1895182.1 1.525407e-26 1.3721943e-20 1.2556305e-38
16870138 5.0537393e+16 2.9937781e+09 1895266 1.5216002e-26 1.3680868e-20 1.2513529e-38
16887019 5.058793e+16 2.9937762e+09 1895350.1 1.5178028e-26 1.3639916e-20 1.2470895e-38
16903917 5.0638518e+16 2.9937742e+09 1895434.4 1.514015e-26 1.3599087e-20 1.2428402e-38
16920832 5.0689157e+16 2.9937722e+09 1895519 1.5102365e-26 1.355838e-20 1.238605e-38
16937763 5.0739846e+16 2.9937702e+09 1895603.7 1.5064675e-26 1.3517794e-20 1.2343838e-38
16954712 5.0790586e+16 2.9937682e+09 1895688.6 1.502708e-26 1.347733e-20 1.2301766e-38
16971677 5.0841376e+16 2.9937663e+09 1895773.7 1.4989578e-26 1.3436987e-20 1.2259834e-38
16988659 5.0892218e+16 2.9937643e+09 1895859 1.4952169e-26 1.3396765e-20 1.2218041e-38
17005659 5.094311e+16 2.9937623e+09 1895944.5 1.4914854e-26 1.3356664e-20 1.2176386e-38
17022675 5.0994053e+16 2.9937603e+09 1896030.2 1.4877632e-26 1.3316682e-20 1.213487e-38
17039709 5.1045047e+16 2.9937584e+09 1896116.1 1.4840503e-26 1.327682e-20 1.2093491e-38
17056759 5.1096092e+16 2.9937564e+09 1896202.2 1.4803466e-26 1.3237078e-20 1.205225e-38
17073827 5.1147188e+16 2.9937544e+09 1896288.5 1.4766522e-26 1.3197454e-20 1.2011146e-38
17090911 5.1198335e+16 2.9937524e+09 1896375 1.4729671e-26 1.3157949e-20 1.1970178e-38
17108013 5.1249534e+16 2.9937504e+09 1896461.7 1.4692911e-26 1.3118563e-20 1.1929346e-38
17125132 5.1300783e+16 2.9937485e+09 1896548.6 1.4656243e-26 1.3079294e-20 1.1888649e-38
17142268 5.1352084e+16 2.9937465e+09 1896635.6 1.4619666e-26 1.3040142e-20 1.1848088e-38
17159421 5.1403436e+16 2.9937445e+09 1896722.9 1.4583181e-26 1.3001108e-20 1.1807662e-38
17176591 5.145484e+16 2.9937425e+09 1896810.4 1.4546787e-26 1.2962191e-20 1.1767369e-38
17193779 5.1506294e+16 2.9937405e+09 1896898 1.4510483e-26 1.292339e-20 1.1727211e-38
17210983 5.1557801e+16 2.9937385e+09 1896985.9 1.447427e-26 1.2884706e-20 1.1687186e-38
17228205 5.1609359e+16 2.9937366e+09 1897073.9 1.4438148e-26 1.2846137e-20 1.1647294e-38
17245444 5.1660968e+16 2.9937346e+09 1897162.2 1.4402116e-26 1.2807683e-20 1.1607535e-38
17262701 5.1712629e+16 2.9937326e+09 1897250.6 1.4366173e-26 1.2769345e-20 1.1567907e-38
17279974 5.1764341e+16 2.9937306e+09 1897339.3 1.4330321e-26 1.2731122e-20 1.1528412e-38
17297265 5.1816106e+16 2.9937286e+09 1897428.1 1.4294557e-26 1.2693013e-20 1.1489048e-38
17314573 5.1867922e+16 2.9937266e+09 1897517.1 1.4258883e-26 1.2655018e-20 1.1449814e-38
17331899 5.191979e+16 2.9937247e+09 1897606.3 1.4223299e-26 1.2617136e-20 1.1410712e-38
17349242 5.197171e+16 2.9937227e+09 1897695.8 1.4187802e-26 1.2579369e-20 1.1371739e-38
17366602 5.2023681e+16 2.9937207e+09 1897785.4 1.4152395e-26 1.2541714e-20 1.1332896e-38
17383980 5.2075705e+16 2.9937187e+09 1897875.2 1.4117076e-26 1.2504172e-20 1.1294182e-38
17401375 5.2127781e+16 2.9937167e+09 1897965.2 1.4081845e-26 1.2466742e-20 1.1255597e-38
17418787 5.2179909e+16 2.9937147e+09 1898055.4 1.4046702e-26 1.2429424e-20 1.121714e-38
17436217 5.2232088e+16 2.9937128e+09 1898145.8 1.4011646e-26 1.2392218e-20 1.1178811e-38
17453664 5.2284321e+16 2.9937108e+09 1898236.4 1.3976678e-26 1.2355124e-20 1.114061e-38
17471129 5.2336605e+16 2.9937088e+09 1898327.2 1.3941798e-26 1.231814e-20 1.1102536e-38
17488611 5.2388941e+16 2.9937068e+09 1898418.1 1.3907004e-26 1.2281267e-20 1.1064589e-38
17506111 5.244133e+16 2.9937048e+09 1898509.3 1.3872297e-26 1.2244505e-20 1.1026768e-38
17523628 5.2493772e+16 2.9937028e+09 1898600.7 1.3837677e-26 1.2207852e-20 1.0989073e-38
17541163 5.2546265e+16 2.9937008e+09 1898692.2 1.3803143e-26 1.2171309e-20 1.0951504e-38
17558715 5.2598812e+16 2.9936988e+09 1898784 1.3768696e-26 1.2134876e-20 1.091406e-38
17576285 5.2651411e+16 2.9936969e+09 1898876 1.3734334e-26 1.2098552e-20 1.087674e-38
17593872 5.2704062e+16 2.9936949e+09 1898968.1 1.3700058e-26 1.2062336e-20 1.0839545e-38
17611477 5.2756766e+16 2.9936929e+09 1899060.5 1.3665868e-26 1.2026229e-20 1.0802474e-38
17629100 5.2809523e+16 2.9936909e+09 1899153 1.3631763e-26 1.199023e-20 1.0765526e-38
17646740 5.2862332e+16 2.9936889e+09 1899245.7 1.3597743e-26 1.1954339e-20 1.0728702e-38
17664398 5.2915195e+16 2.9936869e+09 1899338.6 1.3563808e-26 1.1918555e-20 1.0692e-38
17682074 5.296811e+16 2.9936849e+09 1899431.8 1.3529958e-26 1.1882878e-20 1.0655421e-38
17699767 5.3021078e+16 2.9936829e+09 1899525.1 1.3496192e-26 1.1847308e-20 1.0618963e-38
17717478 5.3074099e+16 2.9936809e+09 1899618.6 1.3462511e-26 1.1811845e-20 1.0582628e-38
17735207 5.3127173e+16 2.993679e+09 1899712.3 1.3428913e-26 1.1776487e-20 1.0546413e-38
17752953 5.31803e+16 2.993677e+09 1899806.2 1.33954e-26 1.1741236e-20 1.0510319e-38
17770717 5.3233481e+16 2.993675e+09 1899900.3 1.336197e-26 1.170609e-20 1.0474346e-38
17788499 5.3286714e+16 2.993673e+09 1899994.6 1.3328623e-26 1.1671049e-20 1.0438492e-38
17806299 5.3340001e+16 2.993671e+09 1900089.1 1.329536e-26 1.1636113e-20 1.0402759e-38
17824117 5.3393341e+16 2.993669e+09 1900183.7 1.326218e-26 1.1601282e-20 1.0367144e-38
17841952 5.3446734e+16 2.993667e+09 1900278.6 1.3229082e-26 1.1566555e-20 1.0331649e-38
17859805 5.3500181e+16 2.993665e+09 1900373.7 1.3196067e-26 1.1531932e-20 1.0296271e-38
17877677 5.3553681e+16 2.993663e+09 1900468.9 1.3163135e-26 1.1497413e-20 1.0261012e-38
17895566 5.3607235e+16 2.993661e+09 1900564.4 1.3130284e-26 1.1462996e-20 1.0225871e-38
17913472 5.3660842e+16 2.993659e+09 1900660 1.3097516e-26 1.1428683e-20 1.0190847e-38
17931397 5.3714503e+16 2.993657e+09 1900755.9 1.3064829e-26 1.1394473e-20 1.015594e-38
17949340 5.3768217e+16 2.993655e+09 1900851.9 1.3032224e-26 1.1360365e-20 1.012115e-38
17967301 5.3821986e+16 2.993653e+09 1900948.1 1.2999701e-26 1.1326359e-20 1.0086476e-38
17985279 5.3875808e+16 2.9936511e+09 1901044.5 1.2967258e-26 1.1292455e-20 1.0051918e-38
18003276 5.3929683e+16 2.9936491e+09 1901141.1 1.2934897e-26 1.1258652e-20 1.0017475e-38
18021291 5.3983613e+16 2.9936471e+09 1901238 1.2902616e-26 1.1224951e-20 9.983147e-39
18039324 5.4037597e+16 2.9936451e+09 1901335 1.2870416e-26 1.1191351e-20 9.948934e-39
18057374 5.4091634e+16 2.9936431e+09 1901432.2 1.2838296e-26 1.1157851e-20 9.9148354e-39
18075443 5.4145726e+16 2.9936411e+09 1901529.5 1.2806256e-26 1.1124451e-20 9.8808508e-39
18093530 5.4199872e+16 2.9936391e+09 1901627.1 1.2774297e-26 1.1091151e-20 9.8469798e-39
18111635 5.4254071e+16 2.9936371e+09 1901724.9 1.2742417e-26 1.1057951e-20 9.813222e-39
18129758 5.4308326e+16 2.9936351e+09 1901822.9 1.2710616e-26 1.1024851e-20 9.7795772e-39
18147900 5.4362634e+16 2.9936331e+09 1901921 1.2678895e-26 1.0991849e-20 9.7460448e-39
18166059 5.4416996e+16 2.9936311e+09 1902019.4 1.2647253e-26 1.0958946e-20 9.7126247e-39
18184237 5.4471413e+16 2.9936291e+09 1902117.9 1.2615691e-26 1.0926142e-20 9.6793164e-39
18202432 5.4525885e+16 2.9936271e+09 1902216.7 1.2584206e-26 1.0893436e-20 9.6461195e-39
18220646 5.4580411e+16 2.9936251e+09 1902315.6 1.2552801e-26 1.0860828e-20 9.6130336e-39
18238878 5.4634991e+16 2.9936231e+09 1902414.7 1.2521474e-26 1.0828317e-20 9.5800586e-39
18257129 5.4689626e+16 2.9936211e+09 1902514.1 1.2490225e-26 1.0795904e-20 9.5471939e-39
18275398 5.4744316e+16 2.9936191e+09 1902613.6 1.2459054e-26 1.0763588e-20 9.5144392e-39
18293685 5.479906e+16 2.9936171e+09 1902713.3 1.2427961e-26 1.0731368e-20 9.4817941e-39
18311990 5.4853859e+16 2.9936151e+09 1902813.2 1.2396945e-26 1.0699245e-20 9.4492584e-39
18330314 5.4908713e+16 2.9936131e+09 1902913.3 1.2366007e-26 1.0667218e-20 9.4168316e-39
18348656 5.4963622e+16 2.9936111e+09 1903013.5 1.2335146e-26 1.0635287e-20 9.3845134e-39
18367016 5.5018585e+16 2.9936091e+09 1903114 1.2304362e-26 1.0603452e-20 9.3523035e-39
18385395 5.5073604e+16 2.9936071e+09 1903214.7 1.2273655e-26 1.0571712e-20 9.3202014e-39
18403792 5.5128678e+16 2.9936051e+09 1903315.6 1.2243024e-26 1.0540067e-20 9.2882069e-39
18422207 5.5183806e+16 2.9936031e+09 1903416.6 1.221247e-26 1.0508516e-20 9.2563196e-39
18440641 5.523899e+16 2.9936011e+09 1903517.9 1.2181992e-26 1.047706e-20 9.2245392e-39
18459093 5.5294229e+16 2.9935991e+09 1903619.3 1.215159e-26 1.0445699e-20 9.1928653e-39
18477564 5.5349523e+16 2.9935971e+09 1903720.9 1.2121265e-26 1.0414431e-20 9.1612975e-39
18496053 5.5404873e+16 2.9935951e+09 1903822.8 1.2091014e-26 1.0383256e-20 9.1298356e-39
18514561 5.5460278e+16 2.9935931e+09 1903924.8 1.206084e-26 1.0352175e-20 9.0984791e-39
18533088 5.5515738e+16 2.9935911e+09 1904027 1.203074e-26 1.0321187e-20 9.0672278e-39
18551632 5.5571254e+16 2.9935891e+09 1904129.4 1.2000716e-26 1.0290292e-20 9.0360813e-39
18570196 5.5626825e+16 2.9935871e+09 1904232 1.1970767e-26 1.0259489e-20 9.0050392e-39
18588778 5.5682452e+16 2.9935851e+09 1904334.8 1.1940892e-26 1.0228779e-20 8.9741012e-39
18607378 5.5738134e+16 2.9935831e+09 1904437.8 1.1911092e-26 1.019816e-20 8.9432671e-39
18625998 5.5793872e+16 2.9935811e+09 1904540.9 1.1881366e-26 1.0167633e-20 8.9125364e-39
18644636 5.5849666e+16 2.9935791e+09 1904644.3 1.1851715e-26 1.0137198e-20 8.8819087e-39
18663292 5.5905516e+16 2.993577e+09 1904747.9 1.1822137e-26 1.0106853e-20 8.8513839e-39
18681967 5.5961421e+16 2.993575e+09 1904851.6 1.1792633e-26 1.00766e-20 8.8209615e-39
18700661 5.6017383e+16 2.993573e+09 1904955.6 1.1763203e-26 1.0046437e-20 8.7906413e-39
18719374 5.60734e+16 2.993571e+09 1905059.7 1.1733847e-26 1.0016364e-20 8.7604228e-39
18738105 5.6129474e+16 2.993569e+09 1905164 1.1704563e-26 9.9863811e-21 8.7303057e-39
18756855 5.6185603e+16 2.993567e+09 1905268.5 1.1675353e-26 9.9564881e-21 8.7002898e-39
18775624 5.6241789e+16 2.993565e+09 1905373.2 1.1646216e-26 9.9266846e-21 8.6703747e-39
18794411 5.629803e+16 2.993563e+09 1905478.1 1.1617151e-26 9.8969703e-21 8.64056e-39
18813218 5.6354329e+16 2.993561e+09 1905583.2 1.1588159e-26 9.8673449e-21 8.6108455e-39
18832043 5.6410683e+16 2.993559e+09 1905688.5 1.1559239e-26 9.8378083e-21 8.5812308e-39
18850887 5.6467094e+16 2.993557e+09 1905794 1.1530392e-26 9.80836e-21 8.5517156e-39
18869750 5.6523561e+16 2.993555e+09 1905899.7 1.1501616e-26 9.7789999e-21 8.5222995e-39
18888631 5.6580084e+16 2.993553e+09 1906005.5 1.1472912e-26 9.7497277e-21 8.4929823e-39
18907532 5.6636664e+16 2.9935509e+09 1906111.6 1.144428e-26 9.7205431e-21 8.4637637e-39
18926452 5.6693301e+16 2.9935489e+09 1906217.8 1.1415719e-26 9.6914458e-21 8.4346432e-39
18945390 5.6749994e+16 2.9935469e+09 1906324.2 1.138723e-26 9.6624357e-21 8.4056206e-39
18964348 5.6806744e+16 2.9935449e+09 1906430.9 1.1358812e-26 9.6335124e-21 8.3766956e-39
18983324 5.6863551e+16 2.9935429e+09 1906537.7 1.1330464e-26 9.6046756e-21 8.3478679e-39
19002319 5.6920415e+16 2.9935409e+09 1906644.7 1.1302187e-26 9.5759252e-21 8.319137e-39
19021334 5.6977335e+16 2.9935389e+09 1906751.9 1.1273981e-26 9.5472609e-21 8.2905028e-39
19040367 5.7034312e+16 2.9935369e+09 1906859.3 1.1245846e-26 9.5186823e-21 8.2619649e-39
19059420 5.7091347e+16 2.9935349e+09 1906966.9 1.121778e-26 9.4901893e-21 8.233523e-39
19078491 5.7148438e+16 2.9935328e+09 1907074.6 1.1189785e-26 9.4617816e-21 8.2051768e-39
19097582 5.7205586e+16 2.9935308e+09 1907182.6 1.1161859e-26 9.433459e-21 8.176926e-39
19116692 5.7262792e+16 2.9935288e+09 1907290.8 1.1134003e-26 9.4052211e-21 8.1487702e-39
19135820 5.7320055e+16 2.9935268e+09 1907399.1 1.1106217e-26 9.3770677e-21 8.1207091e-39
19154968 5.7377375e+16 2.9935248e+09 1907507.7 1.10785e-26 9.3489986e-21 8.0927425e-39
19174136 5.7434752e+16 2.9935228e+09 1907616.4 1.1050852e-26 9.3210135e-21 8.06487e-39
19193322 5.7492187e+16 2.9935208e+09 1907725.3 1.1023273e-26 9.2931122e-21 8.0370914e-39
19212527 5.7549679e+16 2.9935188e+09 1907834.4 1.0995763e-26 9.2652945e-21 8.0094063e-39
19231752 5.7607229e+16 2.9935167e+09 1907943.7 1.0968322e-26 9.23756e-21 7.9818144e-39
19250996 5.7664836e+16 2.9935147e+09 1908053.2 1.0940949e-26 9.2099085e-21 7.9543154e-39
19270259 5.7722501e+16 2.9935127e+09 1908162.9 1.0913644e-26 9.1823397e-21 7.926909e-39
19289542 5.7780223e+16 2.9935107e+09 1908272.8 1.0886408e-26 9.1548536e-21 7.8995949e-39
19308844 5.7838004e+16 2.9935087e+09 1908382.8 1.0859239e-26 9.1274496e-21 7.8723729e-39
19328165 5.7895842e+16 2.9935067e+09 1908493.1 1.0832139e-26 9.1001278e-21 7.8452425e-39
19347505 5.7953737e+16 2.9935046e+09 1908603.5 1.0805106e-26 9.0728877e-21 7.8182036e-39
19366865 5.8011691e+16 2.9935026e+09 1908714.2 1.077814e-26 9.0457291e-21 7.7912558e-39
19386245 5.8069703e+16 2.9935006e+09 1908825 1.0751242e-26 9.0186518e-21 7.7643987e-39
19405643 5.8127773e+16 2.9934986e+09 1908936 1.0724411e-26 8.9916556e-21 7.7376322e-39
19425061 5.81859e+16 2.9934966e+09 1909047.2 1.0697647e-26 8.9647402e-21 7.710956e-39
19444499 5.8244086e+16 2.9934946e+09 1909158.6 1.0670949e-26 8.9379054e-21 7.6843696e-39
19463955 5.830233e+16 2.9934925e+09 1909270.2 1.0644318e-26 8.9111509e-21 7.6578729e-39
19483432 5.8360633e+16 2.9934905e+09 1909382 1.0617754e-26 8.8844765e-21 7.6314655e-39
19502928 5.8418993e+16 2.9934885e+09 1909494 1.0591256e-26 8.8578819e-21 7.6051472e-39
19522443 5.8477412e+16 2.9934865e+09 1909606.1 1.0564824e-26 8.8313669e-21 7.5789176e-39
19541978 5.853589e+16 2.9934845e+09 1909718.5 1.0538458e-26 8.8049313e-21 7.5527766e-39
19561532 5.8594426e+16 2.9934825e+09 1909831 1.0512158e-26 8.7785749e-21 7.5267236e-39
19581106 5.865302e+16 2.9934804e+09 1909943.8 1.0485924e-26 8.7522973e-21 7.5007586e-39
19600700 5.8711673e+16 2.9934784e+09 1910056.7 1.0459755e-26 8.7260984e-21 7.4748812e-39
19620313 5.8770385e+16 2.9934764e+09 1910169.8 1.0433651e-26 8.6999779e-21 7.4490911e-39
19639946 5.8829155e+16 2.9934744e+09 1910283.1 1.0407612e-26 8.6739356e-21 7.4233881e-39
19659598 5.8887984e+16 2.9934723e+09 1910396.6 1.0381639e-26 8.6479713e-21 7.3977718e-39
19679271 5.8946872e+16 2.9934703e+09 1910510.3 1.035573e-26 8.6220846e-21 7.3722419e-39
19698962 5.9005819e+16 2.9934683e+09 1910624.1 1.0329886e-26 8.5962755e-21 7.3467983e-39
19718674 5.9064825e+16 2.9934663e+09 1910738.2 1.0304106e-26 8.5705436e-21 7.3214405e-39
19738405 5.912389e+16 2.9934643e+09 1910852.4 1.0278391e-26 8.5448888e-21 7.2961684e-39
19758156 5.9183014e+16 2.9934622e+09 1910966.9 1.025274e-26 8.5193107e-21 7.2709816e-39
19777927 5.9242197e+16 2.9934602e+09 1911081.5 1.0227153e-26 8.4938092e-21 7.2458799e-39
19797717 5.9301439e+16 2.9934582e+09 1911196.3 1.020163e-26 8.4683841e-21 7.2208629e-39
19817528 5.936074e+16 2.9934562e+09 1911311.4 1.017617e-26 8.443035e-21 7.1959305e-39
19837358 5.9420101e+16 2.9934541e+09 1911426.6 1.0150774e-26 8.4177619e-21 7.1710823e-39
19857208 5.9479521e+16 2.9934521e+09 1911541.9 1.0125442e-26 8.3925643e-21 7.146318e-39
19877078 5.9539001e+16 2.9934501e+09 1911657.5 1.0100172e-26 8.3674423e-21 7.1216374e-39
19896968 5.959854e+16 2.9934481e+09 1911773.3 1.0074966e-26 8.3423954e-21 7.0970402e-39
19916877 5.9658138e+16 2.993446e+09 1911889.3 1.0049823e-26 8.3174235e-21 7.0725262e-39
19936807 5.9717796e+16 2.993444e+09 1912005.4 1.0024742e-26 8.2925263e-21 7.048095e-39
19956756 5.9777514e+16 2.993442e+09 1912121.7 9.999724e-27 8.2677037e-21 7.0237464e-39
19976726 5.9837292e+16 2.99344e+09 1912238.3 9.9747684e-27 8.2429553e-21 6.9994801e-39
19996715 5.9897129e+16 2.9934379e+09 1912355 9.949875e-27 8.2182811e-21 6.9752959e-39
20016725 5.9957026e+16 2.9934359e+09 1912471.9 9.9250438e-27 8.1936807e-21 6.9511934e-39
20036754 6.0016983e+16 2.9934339e+09 1912589 9.9002746e-27 8.1691539e-21 6.9271725e-39
20056804 6.0077e+16 2.9934319e+09 1912706.3 9.8755671e-27 8.1447006e-21 6.9032328e-39
20076873 6.0137077e+16 2.9934298e+09 1912823.7 9.8509214e-27 8.1203205e-21 6.8793741e-39
20096963 6.0197214e+16 2.9934278e+09 1912941.4 9.8263371e-27 8.0960133e-21 6.855596e-39
20117073 6.0257411e+16 2.9934258e+09 1913059.3 9.8018142e-27 8.0717789e-21 6.8318985e-39
20137203 6.0317669e+16 2.9934238e+09 1913177.3 9.7773525e-27 8.047617e-21 6.8082811e-39
20157353 6.0377986e+16 2.9934217e+09 1913295.5 9.7529518e-27 8.0235275e-21 6.7847436e-39
20177523 6.0438364e+16 2.9934197e+09 1913413.9 9.728612e-27 7.9995101e-21 6.7612858e-39
20197714 6.0498803e+16 2.9934177e+09 1913532.6 9.704333e-27 7.9755646e-21 6.7379074e-39
20217924 6.0559302e+16 2.9934156e+09 1913651.3 9.6801145e-27 7.9516907e-21 6.7146081e-39
20238155 6.0619861e+16 2.9934136e+09 1913770.3 9.6559565e-27 7.9278883e-21 6.6913877e-39
20258406 6.0680481e+16 2.9934116e+09 1913889.5 9.6318588e-27 7.9041572e-21 6.6682459e-39
20278677 6.0741161e+16 2.9934095e+09 1914008.9 9.6078213e-27 7.8804971e-21 6.6451825e-39
20298969 6.0801902e+16 2.9934075e+09 1914128.4 9.5838437e-27 7.8569078e-21 6.6221971e-39
20319281 6.0862704e+16 2.9934055e+09 1914248.2 9.5599259e-27 7.8333892e-21 6.5992897e-39
20339613 6.0923567e+16 2.9934035e+09 1914368.1 9.5360679e-27 7.8099409e-21 6.5764598e-39
20359966 6.0984491e+16 2.9934014e+09 1914488.2 9.5122694e-27 7.7865628e-21 6.5537072e-39
20380339 6.1045475e+16 2.9933994e+09 1914608.5 9.4885302e-27 7.7632547e-21 6.5310317e-39
20400732 6.1106521e+16 2.9933974e+09 1914729 9.4648504e-27 7.7400164e-21 6.508433e-39
20421146 6.1167627e+16 2.9933953e+09 1914849.7 9.4412296e-27 7.7168477e-21 6.4859109e-39
20441580 6.1228795e+16 2.9933933e+09 1914970.6 9.4176678e-27 7.6937483e-21 6.4634652e-39
20462035 6.1290023e+16 2.9933913e+09 1915091.6 9.3941647e-27 7.670718e-21 6.4410955e-39
20482510 6.1351313e+16 2.9933892e+09 1915212.9 9.3707204e-27 7.6477567e-21 6.4188016e-39
20503005 6.1412665e+16 2.9933872e+09 1915334.3 9.3473345e-27 7.6248641e-21 6.3965833e-39
20523522 6.1474077e+16 2.9933852e+09 1915455.9 9.324007e-27 7.60204e-21 6.3744403e-39
20544058 6.1535552e+16 2.9933831e+09 1915577.8 9.3007377e-27 7.5792843e-21 6.3523724e-39
20564615 6.1597087e+16 2.9933811e+09 1915699.8 9.2775265e-27 7.5565966e-21 6.3303793e-39
20585193 6.1658684e+16 2.993379e+09 1915822 9.2543732e-27 7.5339769e-21 6.3084608e-39
20605792 6.1720343e+16 2.993377e+09 1915944.3 9.2312777e-27 7.5114249e-21 6.2866166e-39
20626411 6.1782063e+16 2.993375e+09 1916066.9 9.2082398e-27 7.4889404e-21 6.2648466e-39
20647050 6.1843845e+16 2.9933729e+09 1916189.7 9.1852595e-27 7.4665232e-21 6.2431503e-39
20667710 6.1905689e+16 2.9933709e+09 1916312.6 9.1623364e-27 7.4441731e-21 6.2215277e-39
20688391 6.1967595e+16 2.9933689e+09 1916435.7 9.1394706e-27 7.42189e-21 6.1999784e-39
20709093 6.2029562e+16 2.9933668e+09 1916559 9.1166619e-27 7.3996735e-21 6.1785023e-39
20729815 6.2091592e+16 2.9933648e+09 1916682.6 9.09391e-27 7.3775235e-21 6.157099e-39
20750558 6.2153684e+16 2.9933628e+09 1916806.3 9.071215e-27 7.3554398e-21 6.1357684e-39
20771322 6.2215837e+16 2.9933607e+09 1916930.1 9.0485766e-27 7.3334222e-21 6.1145101e-39
20792107 6.2278053e+16 2.9933587e+09 1917054.2 9.0259947e-27 7.3114706e-21 6.0933241e-39
20812912 6.2340331e+16 2.9933566e+09 1917178.5 9.0034691e-27 7.2895846e-21 6.0722099e-39
20833738 6.2402671e+16 2.9933546e+09 1917302.9 8.9809998e-27 7.2677642e-21 6.0511674e-39
20854585 6.2465074e+16 2.9933526e+09 1917427.5 8.9585865e-27 7.246009e-21 6.0301964e-39
20875453 6.2527539e+16 2.9933505e+09 1917552.4 8.9362292e-27 7.224319e-21 6.0092966e-39
20896342 6.2590067e+16 2.9933485e+09 1917677.4 8.9139276e-27 7.202694e-21 5.9884678e-39
20917252 6.2652657e+16 2.9933464e+09 1917802.6 8.8916818e-27 7.1811336e-21 5.9677097e-39
20938183 6.2715309e+16 2.9933444e+09 1917928 8.8694914e-27 7.1596378e-21 5.9470221e-39
20959134 6.2778025e+16 2.9933424e+09 1918053.5 8.8473564e-27 7.1382063e-21 5.9264048e-39
20980107 6.2840803e+16 2.9933403e+09 1918179.3 8.8252767e-27 7.116839e-21 5.9058576e-39
21001100 6.2903644e+16 2.9933383e+09 1918305.2 8.803252e-27 7.0955357e-21 5.8853802e-39
21022115 6.2966547e+16 2.9933362e+09 1918431.4 8.7812824e-27 7.0742961e-21 5.8649723e-39
21043150 6.3029514e+16 2.9933342e+09 1918557.7 8.7593675e-27 7.0531201e-21 5.8446338e-39
21064207 6.3092543e+16 2.9933322e+09 1918684.2 8.7375074e-27 7.0320075e-21 5.8243644e-39
21085285 6.3155636e+16 2.9933301e+09 1918810.9 8.7157018e-27 7.0109581e-21 5.804164e-39
21106383 6.3218791e+16 2.9933281e+09 1918937.8 8.6939506e-27 6.9899717e-21 5.7840322e-39
21127503 6.328201e+16 2.993326e+09 1919064.9 8.6722537e-27 6.9690481e-21 5.7639688e-39
21148644 6.3345292e+16 2.993324e+09 1919192.1 8.6506109e-27 6.9481871e-21 5.7439737e-39
21169807 6.3408638e+16 2.9933219e+09 1919319.6 8.6290222e-27 6.9273886e-21 5.7240465e-39
21190990 6.3472046e+16 2.9933199e+09 1919447.2 8.6074873e-27 6.9066524e-21 5.7041871e-39
21212195 6.3535518e+16 2.9933178e+09 1919575 8.5860062e-27 6.8859782e-21 5.6843953e-39
21233420 6.3599054e+16 2.9933158e+09 1919703 8.5645787e-27 6.8653659e-21 5.6646707e-39
21254667 6.3662653e+16 2.9933138e+09 1919831.2 8.5432047e-27 6.8448153e-21 5.6450133e-39
21275936 6.3726315e+16 2.9933117e+09 1919959.6 8.521884e-27 6.8243262e-21 5.6254227e-39
21297225 6.3790042e+16 2.9933097e+09 1920088.2 8.5006165e-27 6.8038985e-21 5.6058988e-39
21318536 6.3853832e+16 2.9933076e+09 1920216.9 8.4794021e-27 6.7835319e-21 5.5864414e-39
21339868 6.3917686e+16 2.9933056e+09 1920345.9 8.4582406e-27 6.7632262e-21 5.5670501e-39
21361222 6.3981603e+16 2.9933035e+09 1920475 8.437132e-27 6.7429814e-21 5.5477248e-39
21382597 6.4045585e+16 2.9933015e+09 1920604.3 8.416076e-27 6.7227971e-21 5.5284654e-39
21403993 6.4109631e+16 2.9932994e+09 1920733.8 8.3950726e-27 6.7026733e-21 5.5092714e-39
21425411 6.417374e+16 2.9932974e+09 1920863.5 8.3741216e-27 6.6826097e-21 5.4901428e-39
21446850 6.4237914e+16 2.9932953e+09 1920993.4 8.3532228e-27 6.6626062e-21 5.4710794e-39
21468310 6.4302152e+16 2.9932933e+09 1921123.5 8.3323763e-27 6.6426625e-21 5.4520808e-39
21489793 6.4366454e+16 2.9932912e+09 1921253.7 8.3115817e-27 6.6227786e-21 5.4331469e-39
21511296 6.443082e+16 2.9932892e+09 1921384.2 8.2908391e-27 6.6029541e-21 5.4142776e-39
21532821 6.4495251e+16 2.9932871e+09 1921514.8 8.2701482e-27 6.583189e-21 5.3954724e-39
21554368 6.4559747e+16 2.9932851e+09 1921645.6 8.249509e-27 6.5634831e-21 5.3767314e-39
21575936 6.4624306e+16 2.993283e+09 1921776.6 8.2289212e-27 6.5438362e-21 5.3580542e-39
21597526 6.4688931e+16 2.993281e+09 1921907.8 8.2083849e-27 6.524248e-21 5.3394406e-39
21619137 6.4753619e+16 2.9932789e+09 1922039.1 8.1878998e-27 6.5047185e-21 5.3208904e-39
21640770 6.4818373e+16 2.9932769e+09 1922170.7 8.1674658e-27 6.4852475e-21 5.3024034e-39
21662425 6.4883191e+16 2.9932748e+09 1922302.4 8.1470828e-27 6.4658348e-21 5.2839795e-39
21684101 6.4948075e+16 2.9932728e+09 1922434.4 8.1267507e-27 6.4464801e-21 5.2656183e-39
21705799 6.5013023e+16 2.9932707e+09 1922566.5 8.1064693e-27 6.4271834e-21 5.2473197e-39
21727519 6.5078036e+16 2.9932687e+09 1922698.8 8.0862386e-27 6.4079445e-21 5.2290835e-39
21749260 6.5143114e+16 2.9932666e+09 1922831.3 8.0660583e-27 6.3887631e-21 5.2109094e-39
21771024 6.5208257e+16 2.9932646e+09 1922963.9 8.0459284e-27 6.3696392e-21 5.1927973e-39
21792809 6.5273465e+16 2.9932625e+09 1923096.8 8.0258487e-27 6.3505725e-21 5.174747e-39
21814615 6.5338739e+16 2.9932605e+09 1923229.8 8.0058191e-27 6.3315629e-21 5.1567582e-39
21836444 6.5404077e+16 2.9932584e+09 1923363.1 7.9858396e-27 6.3126102e-21 5.1388307e-39
21858294 6.5469481e+16 2.9932564e+09 1923496.5 7.9659099e-27 6.2937142e-21 5.1209644e-39
21880167 6.5534951e+16 2.9932543e+09 1923630.1 7.9460299e-27 6.2748747e-21 5.1031591e-39
21902061 6.5600486e+16 2.9932523e+09 1923763.9 7.9261995e-27 6.2560917e-21 5.0854144e-39
21923977 6.5666086e+16 2.9932502e+09 1923897.9 7.9064186e-27 6.2373649e-21 5.0677304e-39
21945915 6.5731752e+16 2.9932481e+09 1924032 7.8866871e-27 6.2186942e-21 5.0501066e-39
21967875 6.5797484e+16 2.9932461e+09 1924166.4 7.8670049e-27 6.2000793e-21 5.032543e-39
21989857 6.5863282e+16 2.993244e+09 1924300.9 7.8473717e-27 6.1815202e-21 5.0150393e-39
22011861 6.5929145e+16 2.993242e+09 1924435.6 7.8277876e-27 6.1630166e-21 4.9975953e-39
22033887 6.5995074e+16 2.9932399e+09 1924570.5 7.8082523e-27 6.1445684e-21 4.9802109e-39
22055935 6.6061069e+16 2.9932379e+09 1924705.6 7.7887658e-27 6.1261755e-21 4.9628859e-39
22078005 6.612713e+16 2.9932358e+09 1924840.9 7.7693279e-27 6.1078375e-21 4.9456199e-39
22100097 6.6193257e+16 2.9932338e+09 1924976.4 7.7499385e-27 6.0895545e-21 4.9284129e-39
22122212 6.6259451e+16 2.9932317e+09 1925112 7.7305975e-27 6.0713262e-21 4.9112647e-39
22144348 6.632571e+16 2.9932296e+09 1925247.8 7.7113048e-27 6.0531525e-21 4.894175e-39
22166507 6.6392036e+16 2.9932276e+09 1925383.9 7.6920602e-27 6.0350332e-21 4.8771437e-39
22188688 6.6458428e+16 2.9932255e+09 1925520.1 7.6728637e-27 6.0169681e-21 4.8601705e-39
22210890 6.6524886e+16 2.9932235e+09 1925656.5 7.653715e-27 5.9989571e-21 4.8432553e-39
22233116 6.6591411e+16 2.9932214e+09 1925793 7.6346142e-27 5.981e-21 4.8263979e-39
22255363 6.6658003e+16 2.9932193e+09 1925929.8 7.615561e-27 5.9630966e-21 4.8095981e-39
22277633 6.6724661e+16 2.9932173e+09 1926066.7 7.5965554e-27 5.9452469e-21 4.7928557e-39
22299925 6.6791385e+16 2.9932152e+09 1926203.9 7.5775972e-27 5.9274506e-21 4.7761705e-39
22322239 6.6858177e+16 2.9932132e+09 1926341.2 7.5586863e-27 5.9097075e-21 4.7595422e-39
22344576 6.6925035e+16 2.9932111e+09 1926478.7 7.5398226e-27 5.8920176e-21 4.7429709e-39
22366934 6.699196e+16 2.993209e+09 1926616.4 7.521006e-27 5.8743806e-21 4.7264561e-39
22389316 6.7058952e+16 2.993207e+09 1926754.2 7.5022363e-27 5.8567964e-21 4.7099978e-39
22411720 6.7126011e+16 2.9932049e+09 1926892.3 7.4835135e-27 5.8392648e-21 4.6935958e-39
22434146 6.7193137e+16 2.9932028e+09 1927030.5 7.4648374e-27 5.8217858e-21 4.6772498e-39
22456594 6.726033e+16 2.9932008e+09 1927169 7.4462079e-27 5.804359e-21 4.6609597e-39
22479065 6.732759e+16 2.9931987e+09 1927307.6 7.4276249e-27 5.7869844e-21 4.6447253e-39
22501559 6.7394918e+16 2.9931967e+09 1927446.4 7.4090883e-27 5.7696618e-21 4.6285464e-39
22524075 6.7462313e+16 2.9931946e+09 1927585.4 7.3905979e-27 5.7523911e-21 4.6124229e-39
22546613 6.7529775e+16 2.9931925e+09 1927724.5 7.3721537e-27 5.7351721e-21 4.5963544e-39
22569174 6.7597305e+16 2.9931905e+09 1927863.9 7.3537555e-27 5.7180046e-21 4.580341e-39
22591758 6.7664902e+16 2.9931884e+09 1928003.4 7.3354033e-27 5.7008885e-21 4.5643823e-39
22614364 6.7732567e+16 2.9931863e+09 1928143.1 7.3170968e-27 5.6838236e-21 4.5484782e-39
22636993 6.78003e+16 2.9931843e+09 1928283.1 7.298836e-27 5.6668098e-21 4.5326286e-39
22659645 6.78681e+16 2.9931822e+09 1928423.1 7.2806208e-27 5.649847e-21 4.5168331e-39
22682319 6.7935968e+16 2.9931801e+09 1928563.4 7.2624511e-27 5.6329349e-21 4.5010917e-39
22705016 6.8003904e+16 2.9931781e+09 1928703.9 7.2443267e-27 5.6160735e-21 4.4854042e-39
22727736 6.8071908e+16 2.993176e+09 1928844.5 7.2262475e-27 5.5992625e-21 4.4697704e-39
22750478 6.813998e+16 2.9931739e+09 1928985.4 7.2082135e-27 5.5825018e-21 4.45419e-39
22773243 6.820812e+16 2.9931719e+09 1929126.4 7.1902244e-27 5.5657913e-21 4.438663e-39
22796031 6.8276328e+16 2.9931698e+09 1929267.6 7.1722803e-27 5.5491309e-21 4.4231892e-39
22818842 6.8344604e+16 2.9931677e+09 1929409 7.1543809e-27 5.5325203e-21 4.4077683e-39
22841675 6.8412949e+16 2.9931657e+09 1929550.5 7.1365262e-27 5.5159594e-21 4.3924003e-39
22864532 6.8481362e+16 2.9931636e+09 1929692.3 7.1187161e-27 5.4994481e-21 4.3770848e-39
22887411 6.8549843e+16 2.9931615e+09 1929834.2 7.1009504e-27 5.4829862e-21 4.3618218e-39
22910313 6.8618393e+16 2.9931595e+09 1929976.3 7.083229e-27 5.4665736e-21 4.3466111e-39
22933238 6.8687011e+16 2.9931574e+09 1930118.7 7.0655519e-27 5.4502102e-21 4.3314525e-39
22956186 6.8755698e+16 2.9931553e+09 1930261.1 7.0479189e-27 5.4338957e-21 4.3163458e-39
22979157 6.8824454e+16 2.9931533e+09 1930403.8 7.0303299e-27 5.41763e-21 4.3012908e-39
23002151 6.8893279e+16 2.9931512e+09 1930546.7 7.0127847e-27 5.4014131e-21 4.2862875e-39
23025168 6.8962172e+16 2.9931491e+09 1930689.7 6.9952834e-27 5.3852446e-21 4.2713355e-39
23048208 6.9031134e+16 2.993147e+09 1930833 6.9778258e-27 5.3691246e-21 4.2564347e-39
23071271 6.9100165e+16 2.993145e+09 1930976.4 6.9604117e-27 5.3530529e-21 4.2415851e-39
23094357 6.9169265e+16 2.9931429e+09 1931120 6.9430411e-27 5.3370292e-21 4.2267863e-39
23117467 6.9238435e+16 2.9931408e+09 1931263.7 6.9257138e-27 5.3210535e-21 4.2120382e-39
23140599 6.9307673e+16 2.9931388e+09 1931407.7 6.9084298e-27 5.3051256e-21 4.1973407e-39
23163755 6.9376981e+16 2.9931367e+09 1931551.9 6.8911889e-27 5.2892454e-21 4.1826936e-39
23186933 6.9446358e+16 2.9931346e+09 1931696.2 6.873991e-27 5.2734128e-21 4.1680967e-39
23210135 6.9515804e+16 2.9931325e+09 1931840.7 6.8568361e-27 5.2576275e-21 4.1535498e-39
23233360 6.958532e+16 2.9931305e+09 1931985.4 6.8397239e-27 5.2418895e-21 4.1390528e-39
23256609 6.9654905e+16 2.9931284e+09 1932130.3 6.8226545e-27 5.2261986e-21 4.1246055e-39
23279880 6.972456e+16 2.9931263e+09 1932275.4 6.8056277e-27 5.2105547e-21 4.1102078e-39
23303175 6.9794285e+16 2.9931242e+09 1932420.6 6.7886433e-27 5.1949576e-21 4.0958595e-39
23326493 6.9864079e+16 2.9931222e+09 1932566.1 6.7717014e-27 5.1794071e-21 4.0815603e-39
23349835 6.9933943e+16 2.9931201e+09 1932711.7 6.7548017e-27 5.1639033e-21 4.0673102e-39
23373200 7.0003877e+16 2.993118e+09 1932857.5 6.7379442e-27 5.1484458e-21 4.053109e-39
23396588 7.0073881e+16 2.9931159e+09 1933003.5 6.7211288e-27 5.1330346e-21 4.0389566e-39
23420000 7.0143955e+16 2.9931139e+09 1933149.6 6.7043553e-27 5.1176696e-21 4.0248526e-39
23443435 7.0214099e+16 2.9931118e+09 1933296 6.6876237e-27 5.1023505e-21 4.0107971e-39
23466893 7.0284313e+16 2.9931097e+09 1933442.5 6.6709339e-27 5.0870773e-21 3.9967898e-39
23490375 7.0354597e+16 2.9931076e+09 1933589.2 6.6542857e-27 5.0718498e-21 3.9828306e-39
23513881 7.0424952e+16 2.9931056e+09 1933736.2 6.637679e-27 5.0566679e-21 3.9689193e-39
23537410 7.0495377e+16 2.9931035e+09 1933883.2 6.6211138e-27 5.0415314e-21 3.9550557e-39
23560963 7.0565872e+16 2.9931014e+09 1934030.5 6.60459e-27 5.0264403e-21 3.9412398e-39
23584539 7.0636438e+16 2.9930993e+09 1934178 6.5881073e-27 5.0113943e-21 3.9274712e-39
23608138 7.0707074e+16 2.9930972e+09 1934325.6 6.5716659e-27 4.9963933e-21 3.91375e-39
23631762 7.0777781e+16 2.9930952e+09 1934473.4 6.5552654e-27 4.9814373e-21 3.9000758e-39
23655409 7.0848559e+16 2.9930931e+09 1934621.4 6.5389059e-27 4.966526e-21 3.8864487e-39
23679080 7.0919408e+16 2.993091e+09 1934769.6 6.5225872e-27 4.9516594e-21 3.8728683e-39
23702774 7.0990327e+16 2.9930889e+09 1934918 6.5063092e-27 4.9368373e-21 3.8593345e-39
23726492 7.1061317e+16 2.9930868e+09 1935066.6 6.4900718e-27 4.9220595e-21 3.8458473e-39
23750234 7.1132379e+16 2.9930848e+09 1935215.3 6.473875e-27 4.907326e-21 3.8324063e-39
23773999 7.1203511e+16 2.9930827e+09 1935364.2 6.4577186e-27 4.8926366e-21 3.8190116e-39
23797789 7.1274715e+16 2.9930806e+09 1935513.3 6.4416025e-27 4.8779911e-21 3.8056628e-39
23821602 7.1345989e+16 2.9930785e+09 1935662.6 6.4255267e-27 4.8633895e-21 3.79236e-39
23845439 7.1417335e+16 2.9930764e+09 1935812.1 6.4094909e-27 4.8488316e-21 3.7791028e-39
23869300 7.1488753e+16 2.9930743e+09 1935961.7 6.3934952e-27 4.8343172e-21 3.7658912e-39
23893184 7.1560241e+16 2.9930723e+09 1936111.6 6.3775394e-27 4.8198464e-21 3.752725e-39
23917093 7.1631802e+16 2.9930702e+09 1936261.6 6.3616234e-27 4.8054188e-21 3.7396041e-39
23941026 7.1703433e+16 2.9930681e+09 1936411.8 6.3457471e-27 4.7910344e-21 3.7265282e-39
23964982 7.1775137e+16 2.993066e+09 1936562.2 6.3299105e-27 4.7766931e-21 3.7134973e-39
23988963 7.1846912e+16 2.9930639e+09 1936712.8 6.3141133e-27 4.7623947e-21 3.7005112e-39
24012967 7.1918759e+16 2.9930618e+09 1936863.5 6.2983556e-27 4.7481391e-21 3.6875698e-39
24036996 7.1990678e+16 2.9930598e+09 1937014.4 6.2826373e-27 4.7339262e-21 3.6746728e-39
24061048 7.2062668e+16 2.9930577e+09 1937165.6 6.2669581e-27 4.7197558e-21 3.6618202e-39
24085125 7.2134731e+16 2.9930556e+09 1937316.9 6.2513181e-27 4.7056279e-21 3.6490118e-39
24109225 7.2206866e+16 2.9930535e+09 1937468.3 6.2357171e-27 4.6915422e-21 3.6362475e-39
24133350 7.2279073e+16 2.9930514e+09 1937620 6.2201551e-27 4.6774987e-21 3.623527e-39
24157499 7.2351352e+16 2.9930493e+09 1937771.9 6.2046318e-27 4.6634972e-21 3.6108503e-39
24181672 7.2423703e+16 2.9930472e+09 1937923.9 6.1891474e-27 4.6495377e-21 3.5982173e-39
24205870 7.2496127e+16 2.9930452e+09 1938076.1 6.1737015e-27 4.6356199e-21 3.5856276e-39
24230091 7.2568623e+16 2.9930431e+09 1938228.5 6.1582943e-27 4.6217438e-21 3.5730813e-39
24254337 7.2641191e+16 2.993041e+09 1938381.1 6.1429254e-27 4.6079092e-21 3.5605782e-39
24278607 7.2713833e+16 2.9930389e+09 1938533.8 6.1275949e-27 4.5941161e-21 3.5481181e-39
24302901 7.2786547e+16 2.9930368e+09 1938686.8 6.1123027e-27 4.5803642e-21 3.5357009e-39
24327220 7.2859333e+16 2.9930347e+09 1938839.9 6.0970487e-27 4.5666535e-21 3.5233264e-39
24351563 7.2932192e+16 2.9930326e+09 1938993.2 6.0818327e-27 4.5529838e-21 3.5109945e-39
24375930 7.3005125e+16 2.9930305e+09 1939146.7 6.0666547e-27 4.5393551e-21 3.498705e-39
24400322 7.307813e+16 2.9930284e+09 1939300.4 6.0515145e-27 4.5257671e-21 3.4864579e-39
24424738 7.3151208e+16 2.9930264e+09 1939454.3 6.0364122e-27 4.5122199e-21 3.4742529e-39
24449179 7.3224359e+16 2.9930243e+09 1939608.3 6.0213475e-27 4.4987131e-21 3.46209e-39
24473644 7.3297583e+16 2.9930222e+09 1939762.5 6.0063205e-27 4.4852469e-21 3.4499689e-39
24498133 7.3370881e+16 2.9930201e+09 1939916.9 5.9913309e-27 4.4718209e-21 3.4378895e-39
24522647 7.3444252e+16 2.993018e+09 1940071.5 5.9763787e-27 4.4584351e-21 3.4258518e-39
24547186 7.3517696e+16 2.9930159e+09 1940226.3 5.9614639e-27 4.4450894e-21 3.4138555e-39
24571749 7.3591214e+16 2.9930138e+09 1940381.2 5.9465863e-27 4.4317836e-21 3.4019006e-39
24596336 7.3664805e+16 2.9930117e+09 1940536.3 5.9317458e-27 4.4185176e-21 3.3899868e-39
24620949 7.373847e+16 2.9930096e+09 1940691.7 5.9169423e-27 4.4052914e-21 3.3781141e-39
24645585 7.3812208e+16 2.9930075e+09 1940847.2 5.9021758e-27 4.3921048e-21 3.3662823e-39
24670247 7.3886021e+16 2.9930054e+09 1941002.8 5.8874462e-27 4.3789576e-21 3.3544912e-39
24694933 7.3959907e+16 2.9930033e+09 1941158.7 5.8727533e-27 4.3658498e-21 3.3427408e-39
24719644 7.4033866e+16 2.9930012e+09 1941314.7 5.8580971e-27 4.3527812e-21 3.3310308e-39
24744380 7.41079e+16 2.9929991e+09 1941471 5.8434774e-27 4.3397517e-21 3.3193612e-39
24769140 7.4182008e+16 2.992997e+09 1941627.4 5.8288942e-27 4.3267613e-21 3.3077319e-39
24793925 7.425619e+16 2.992995e+09 1941784 5.8143475e-27 4.3138097e-21 3.2961426e-39
24818735 7.4330446e+16 2.9929929e+09 1941940.7 5.799837e-27 4.3008969e-21 3.2845933e-39
24843570 7.4404777e+16 2.9929908e+09 1942097.7 5.7853627e-27 4.2880227e-21 3.2730837e-39
24868430 7.4479182e+16 2.9929887e+09 1942254.8 5.7709246e-27 4.2751871e-21 3.2616139e-39
24893315 7.4553661e+16 2.9929866e+09 1942412.1 5.7565225e-27 4.2623899e-21 3.2501836e-39
24918224 7.4628214e+16 2.9929845e+09 1942569.6 5.7421563e-27 4.249631e-21 3.2387927e-39
24943158 7.4702843e+16 2.9929824e+09 1942727.3 5.727826e-27 4.2369104e-21 3.2274411e-39
24968118 7.4777546e+16 2.9929803e+09 1942885.2 5.7135315e-27 4.2242277e-21 3.2161287e-39
24993102 7.4852323e+16 2.9929782e+09 1943043.2 5.6992726e-27 4.2115831e-21 3.2048553e-39
25018111 7.4927175e+16 2.9929761e+09 1943201.4 5.6850493e-27 4.1989763e-21 3.1936207e-39
25043146 7.5002103e+16 2.992974e+09 1943359.8 5.6708616e-27 4.1864072e-21 3.1824249e-39
25068205 7.5077105e+16 2.9929719e+09 1943518.4 5.6567092e-27 4.1738758e-21 3.1712678e-39
25093290 7.5152182e+16 2.9929698e+09 1943677.2 5.6425921e-27 4.1613818e-21 3.1601491e-39
25118399 7.5227334e+16 2.9929677e+09 1943836.1 5.6285103e-27 4.1489253e-21 3.1490688e-39
25143534 7.5302561e+16 2.9929656e+09 1943995.3 5.6144636e-27 4.1365061e-21 3.1380267e-39
25168694 7.5377864e+16 2.9929635e+09 1944154.6 5.600452e-27 4.124124e-21 3.1270227e-39
25193879 7.5453242e+16 2.9929614e+09 1944314.1 5.5864753e-27 4.111779e-21 3.1160567e-39
25219089 7.5528695e+16 2.9929593e+09 1944473.7 5.5725335e-27 4.099471e-21 3.1051285e-39
25244324 7.5604224e+16 2.9929572e+09 1944633.6 5.5586265e-27 4.0871997e-21 3.0942381e-39
25269585 7.5679828e+16 2.9929551e+09 1944793.6 5.5447542e-27 4.0749653e-21 3.0833852e-39
25294871 7.5755508e+16 2.992953e+09 1944953.8 5.5309166e-27 4.0627674e-21 3.0725698e-39
25320182 7.5831263e+16 2.9929509e+09 1945114.2 5.5171134e-27 4.0506061e-21 3.0617918e-39
25345519 7.5907094e+16 2.9929488e+09 1945274.8 5.5033448e-27 4.0384811e-21 3.051051e-39
25370881 7.5983002e+16 2.9929467e+09 1945435.6 5.4896104e-27 4.0263925e-21 3.0403472e-39
25396268 7.6058985e+16 2.9929446e+09 1945596.5 5.4759104e-27 4.01434e-21 3.0296804e-39
25421681 7.6135044e+16 2.9929425e+09 1945757.6 5.4622445e-27 4.0023237e-21 3.0190505e-39
25447119 7.6211179e+16 2.9929404e+09 1945919 5.4486128e-27 3.9903433e-21 3.0084572e-39
25472583 7.628739e+16 2.9929382e+09 1946080.4 5.4350151e-27 3.9783987e-21 2.9979006e-39
25498072 7.6363677e+16 2.9929361e+09 1946242.1 5.4214513e-27 3.9664899e-21 2.9873804e-39
25523587 7.6440041e+16 2.992934e+09 1946404 5.4079213e-27 3.9546168e-21 2.9768965e-39
25549127 7.6516481e+16 2.9929319e+09 1946566 5.3944251e-27 3.9427792e-21 2.9664489e-39
25574693 7.6592997e+16 2.9929298e+09 1946728.2 5.3809626e-27 3.930977e-21 2.9560374e-39
25600284 7.666959e+16 2.9929277e+09 1946890.6 5.3675337e-27 3.9192102e-21 2.9456618e-39
25625901 7.674626e+16 2.9929256e+09 1947053.2 5.3541384e-27 3.9074786e-21 2.9353221e-39
25651543 7.6823006e+16 2.9929235e+09 1947215.9 5.3407764e-27 3.895782e-21 2.9250181e-39
25677212 7.6899829e+16 2.9929214e+09 1947378.8 5.3274478e-27 3.8841206e-21 2.9147498e-39
25702905 7.6976729e+16 2.9929193e+09 1947542 5.3141524e-27 3.872494e-21 2.9045169e-39
25728625 7.7053706e+16 2.9929172e+09 1947705.2 5.3008903e-27 3.8609022e-21 2.8943194e-39
25754370 7.7130759e+16 2.9929151e+09 1947868.7 5.2876612e-27 3.8493451e-21 2.8841571e-39
25780142 7.720789e+16 2.992913e+09 1948032.4 5.2744652e-27 3.8378226e-21 2.87403e-39
25805938 7.7285098e+16 2.9929109e+09 1948196.2 5.261302e-27 3.8263346e-21 2.8639379e-39
25831761 7.7362383e+16 2.9929087e+09 1948360.2 5.2481718e-27 3.814881e-21 2.8538806e-39
25857610 7.7439746e+16 2.9929066e+09 1948524.4 5.2350743e-27 3.8034617e-21 2.8438582e-39
25883484 7.7517185e+16 2.9929045e+09 1948688.8 5.2220094e-27 3.7920766e-21 2.8338704e-39
25909384 7.7594703e+16 2.9929024e+09 1948853.4 5.2089772e-27 3.7807255e-21 2.8239171e-39
25935311 7.7672297e+16 2.9929003e+09 1949018.1 5.1959775e-27 3.7694084e-21 2.8139983e-39
25961263 7.774997e+16 2.9928982e+09 1949183 5.1830103e-27 3.7581252e-21 2.8041138e-39
25987241 7.782772e+16 2.9928961e+09 1949348.1 5.1700754e-27 3.7468758e-21 2.7942634e-39
26013245 7.7905547e+16 2.992894e+09 1949513.4 5.1571728e-27 3.73566e-21 2.7844472e-39
26039275 7.7983453e+16 2.9928919e+09 1949678.9 5.1443024e-27 3.7244779e-21 2.7746649e-39
26065332 7.8061436e+16 2.9928897e+09 1949844.5 5.1314641e-27 3.7133292e-21 2.7649164e-39
26091414 7.8139498e+16 2.9928876e+09 1950010.3 5.1186579e-27 3.7022138e-21 2.7552017e-39
26117522 7.8217637e+16 2.9928855e+09 1950176.3 5.1058836e-27 3.6911318e-21 2.7455206e-39
26143657 7.8295855e+16 2.9928834e+09 1950342.5 5.0931412e-27 3.6800829e-21 2.7358729e-39
26169817 7.8374151e+16 2.9928813e+09 1950508.9 5.0804306e-27 3.669067e-21 2.7262587e-39
26196004 7.8452525e+16 2.9928792e+09 1950675.4 5.0677517e-27 3.6580842e-21 2.7166778e-39
26222217 7.8530977e+16 2.9928771e+09 1950842.1 5.0551045e-27 3.6471342e-21 2.70713e-39
26248457 7.8609508e+16 2.992875e+09 1951009 5.0424888e-27 3.636217e-21 2.6976152e-39
26274722 7.8688118e+16 2.9928728e+09 1951176.1 5.0299046e-27 3.6253325e-21 2.6881334e-39
26301014 7.8766806e+16 2.9928707e+09 1951343.4 5.0173518e-27 3.6144806e-21 2.6786844e-39
26327332 7.8845573e+16 2.9928686e+09 1951510.8 5.0048303e-27 3.6036611e-21 2.6692682e-39
26353677 7.8924418e+16 2.9928665e+09 1951678.5 4.9923401e-27 3.5928741e-21 2.6598845e-39
26380048 7.9003343e+16 2.9928644e+09 1951846.3 4.9798811e-27 3.5821193e-21 2.6505333e-39
26406445 7.9082346e+16 2.9928623e+09 1952014.2 4.9674531e-27 3.5713967e-21 2.6412146e-39
26432868 7.9161428e+16 2.9928601e+09 1952182.4 4.9550562e-27 3.5607063e-21 2.631928e-39
26459319 7.924059e+16 2.992858e+09 1952350.7 4.9426902e-27 3.5500478e-21 2.6226737e-39
26485795 7.931983e+16 2.9928559e+09 1952519.3 4.9303551e-27 3.5394212e-21 2.6134514e-39
26512298 7.939915e+16 2.9928538e+09 1952688 4.9180507e-27 3.5288264e-21 2.604261e-39
26538828 7.9478549e+16 2.9928517e+09 1952856.9 4.9057771e-27 3.5182634e-21 2.5951025e-39
26565384 7.9558028e+16 2.9928495e+09 1953025.9 4.8935341e-27 3.507732e-21 2.5859757e-39
26591967 7.9637586e+16 2.9928474e+09 1953195.2 4.8813216e-27 3.4972321e-21 2.5768806e-39
26618576 7.9717224e+16 2.9928453e+09 1953364.6 4.8691396e-27 3.4867636e-21 2.5678169e-39
26645212 7.9796941e+16 2.9928432e+09 1953534.2 4.8569881e-27 3.4763264e-21 2.5587847e-39
26671874 7.9876738e+16 2.9928411e+09 1953704 4.8448668e-27 3.4659205e-21 2.5497837e-39
26698564 7.9956615e+16 2.9928389e+09 1953873.9 4.8327758e-27 3.4555458e-21 2.540814e-39
26725280 8.0036571e+16 2.9928368e+09 1954044.1 4.820715e-27 3.4452021e-21 2.5318753e-39
26752022 8.0116608e+16 2.9928347e+09 1954214.4 4.8086842e-27 3.4348894e-21 2.5229676e-39
26778792 8.0196724e+16 2.9928326e+09 1954384.9 4.7966835e-27 3.4246075e-21 2.5140908e-39
26805588 8.0276921e+16 2.9928305e+09 1954555.6 4.7847128e-27 3.4143564e-21 2.5052448e-39
26832411 8.0357198e+16 2.9928283e+09 1954726.4 4.7727719e-27 3.404136e-21 2.4964294e-39
26859261 8.0437555e+16 2.9928262e+09 1954897.5 4.7608608e-27 3.3939462e-21 2.4876446e-39
26886138 8.0517993e+16 2.9928241e+09 1955068.7 4.7489795e-27 3.3837869e-21 2.4788903e-39
26913042 8.0598511e+16 2.992822e+09 1955240.1 4.7371278e-27 3.373658e-21 2.4701663e-39
26939972 8.0679109e+16 2.9928198e+09 1955411.6 4.7253056e-27 3.3635594e-21 2.4614725e-39
26966930 8.0759788e+16 2.9928177e+09 1955583.4 4.713513e-27 3.3534911e-21 2.4528089e-39
26993914 8.0840548e+16 2.9928156e+09 1955755.3 4.7017498e-27 3.3434529e-21 2.4441754e-39
27020926 8.0921389e+16 2.9928135e+09 1955927.5 4.690016e-27 3.3334447e-21 2.4355718e-39
27047964 8.100231e+16 2.9928113e+09 1956099.7 4.6783114e-27 3.3234665e-21 2.4269981e-39
27075030 8.1083312e+16 2.9928092e+09 1956272.2 4.6666361e-27 3.3135182e-21 2.4184541e-39
27102123 8.1164396e+16 2.9928071e+09 1956444.9 4.6549899e-27 3.3035997e-21 2.4099397e-39
27129242 8.124556e+16 2.992805e+09 1956617.7 4.6433728e-27 3.2937108e-21 2.4014549e-39
27156389 8.1326806e+16 2.9928028e+09 1956790.7 4.6317846e-27 3.2838515e-21 2.3929995e-39
27183564 8.1408132e+16 2.9928007e+09 1956963.9 4.6202254e-27 3.2740218e-21 2.3845734e-39
27210765 8.1489541e+16 2.9927986e+09 1957137.3 4.608695e-27 3.2642215e-21 2.3761766e-39
27237993 8.157103e+16 2.9927965e+09 1957310.8 4.5971934e-27 3.2544505e-21 2.367809e-39
27265249 8.1652601e+16 2.9927943e+09 1957484.5 4.5857205e-27 3.2447087e-21 2.3594704e-39
27292532 8.1734254e+16 2.9927922e+09 1957658.5 4.5742762e-27 3.2349962e-21 2.3511607e-39
27319843 8.1815988e+16 2.9927901e+09 1957832.5 4.5628605e-27 3.2253127e-21 2.3428798e-39
27347180 8.1897804e+16 2.9927879e+09 1958006.8 4.5514733e-27 3.2156581e-21 2.3346277e-39
27374545 8.1979702e+16 2.9927858e+09 1958181.2 4.5401145e-27 3.2060325e-21 2.3264043e-39
27401938 8.2061681e+16 2.9927837e+09 1958355.9 4.528784e-27 3.1964357e-21 2.3182094e-39
27429358 8.2143743e+16 2.9927815e+09 1958530.7 4.5174819e-27 3.1868676e-21 2.310043e-39
27456805 8.2225887e+16 2.9927794e+09 1958705.7 4.5062079e-27 3.1773282e-21 2.3019049e-39
27484280 8.2308113e+16 2.9927773e+09 1958880.8 4.4949621e-27 3.1678173e-21 2.2937951e-39
27511782 8.2390421e+16 2.9927752e+09 1959056.1 4.4837443e-27 3.1583349e-21 2.2857134e-39
27539312 8.2472811e+16 2.992773e+09 1959231.7 4.4725545e-27 3.1488809e-21 2.2776598e-39
27566869 8.2555284e+16 2.9927709e+09 1959407.4 4.4613927e-27 3.1394551e-21 2.2696342e-39
27594454 8.2637839e+16 2.9927688e+09 1959583.2 4.4502587e-27 3.1300576e-21 2.2616364e-39
27622066 8.2720477e+16 2.9927666e+09 1959759.3 4.4391525e-27 3.1206882e-21 2.2536665e-39
27649707 8.2803198e+16 2.9927645e+09 1959935.5 4.428074e-27 3.1113469e-21 2.2457242e-39
27677374 8.2886001e+16 2.9927624e+09 1960111.9 4.4170231e-27 3.1020335e-21 2.2378095e-39
27705070 8.2968887e+16 2.9927602e+09 1960288.5 4.4059999e-27 3.092748e-21 2.2299223e-39
27732793 8.3051856e+16 2.9927581e+09 1960465.3 4.3950041e-27 3.0834903e-21 2.2220625e-39
27760544 8.3134908e+16 2.992756e+09 1960642.2 4.3840358e-27 3.0742603e-21 2.2142301e-39
27788323 8.3218043e+16 2.9927538e+09 1960819.3 4.3730949e-27 3.065058e-21 2.2064248e-39
27816129 8.3301261e+16 2.9927517e+09 1960996.7 4.3621812e-27 3.0558831e-21 2.1986467e-39
27843964 8.3384562e+16 2.9927495e+09 1961174.1 4.3512948e-27 3.0467358e-21 2.1908956e-39
27871826 8.3467946e+16 2.9927474e+09 1961351.8 4.3404356e-27 3.0376158e-21 2.1831715e-39
27899716 8.3551414e+16 2.9927453e+09 1961529.6 4.3296035e-27 3.0285232e-21 2.1754742e-39
27927634 8.3634966e+16 2.9927431e+09 1961707.6 4.3187984e-27 3.0194577e-21 2.1678036e-39
27955580 8.3718601e+16 2.992741e+09 1961885.8 4.3080203e-27 3.0104194e-21 2.1601597e-39
27983554 8.3802319e+16 2.9927389e+09 1962064.2 4.297269e-27 3.0014081e-21 2.1525424e-39
28011556 8.3886122e+16 2.9927367e+09 1962242.8 4.2865446e-27 2.9924238e-21 2.1449516e-39
28039585 8.3970008e+16 2.9927346e+09 1962421.5 4.275847e-27 2.9834664e-21 2.1373872e-39
28067643 8.4053978e+16 2.9927325e+09 1962600.4 4.2651761e-27 2.9745359e-21 2.1298491e-39
28095729 8.4138032e+16 2.9927303e+09 1962779.5 4.2545318e-27 2.965632e-21 2.1223372e-39
28123844 8.422217e+16 2.9927282e+09 1962958.8 4.243914e-27 2.9567548e-21 2.1148514e-39
28151986 8.4306392e+16 2.992726e+09 1963138.2 4.2333228e-27 2.9479042e-21 2.1073917e-39
28180156 8.4390698e+16 2.9927239e+09 1963317.8 4.2227579e-27 2.9390801e-21 2.0999579e-39
28208355 8.4475089e+16 2.9927218e+09 1963497.6 4.2122195e-27 2.9302823e-21 2.09255e-39
28236582 8.4559564e+16 2.9927196e+09 1963677.6 4.2017074e-27 2.921511e-21 2.0851678e-39
28264837 8.4644124e+16 2.9927175e+09 1963857.7 4.1912214e-27 2.9127658e-21 2.0778113e-39
28293120 8.4728768e+16 2.9927153e+09 1964038.1 4.1807617e-27 2.9040469e-21 2.0704804e-39
28321432 8.4813497e+16 2.9927132e+09 1964218.6 4.1703281e-27 2.895354e-21 2.063175e-39
28349772 8.489831e+16 2.992711e+09 1964399.3 4.1599205e-27 2.8866872e-21 2.0558951e-39
28378140 8.4983208e+16 2.9927089e+09 1964580.1 4.1495388e-27 2.8780463e-21 2.0486405e-39
28406537 8.5068192e+16 2.9927068e+09 1964761.2 4.1391831e-27 2.8694313e-21 2.0414111e-39
28434962 8.515326e+16 2.9927046e+09 1964942.4 4.1288532e-27 2.8608421e-21 2.0342069e-39
28463416 8.5238413e+16 2.9927025e+09 1965123.8 4.1185491e-27 2.8522785e-21 2.0270277e-39
28491898 8.5323652e+16 2.9927003e+09 1965305.4 4.1082707e-27 2.8437407e-21 2.0198736e-39
28520408 8.5408975e+16 2.9926982e+09 1965487.2 4.098018e-27 2.8352283e-21 2.0127443e-39
28548948 8.5494384e+16 2.992696e+09 1965669.1 4.0877909e-27 2.8267415e-21 2.0056399e-39
28577515 8.5579879e+16 2.9926939e+09 1965851.2 4.0775893e-27 2.81828e-21 1.9985602e-39
28606112 8.5665458e+16 2.9926918e+09 1966033.5 4.0674131e-27 2.8098439e-21 1.9915051e-39
28634736 8.5751124e+16 2.9926896e+09 1966216 4.0572623e-27 2.8014331e-21 1.9844747e-39
28663390 8.5836875e+16 2.9926875e+09 1966398.6 4.0471369e-27 2.7930474e-21 1.9774687e-39
28692072 8.5922712e+16 2.9926853e+09 1966581.4 4.0370367e-27 2.7846868e-21 1.9704871e-39
28720783 8.6008635e+16 2.9926832e+09 1966764.4 4.0269618e-27 2.7763512e-21 1.9635298e-39
28749523 8.6094643e+16 2.992681e+09 1966947.6 4.016912e-27 2.7680406e-21 1.9565967e-39
28778291 8.6180738e+16 2.9926789e+09 1967131 4.0068872e-27 2.7597549e-21 1.9496878e-39
28807088 8.6266919e+16 2.9926767e+09 1967314.5 3.9968875e-27 2.751494e-21 1.942803e-39
28835914 8.6353186e+16 2.9926746e+09 1967498.2 3.9869128e-27 2.7432578e-21 1.9359421e-39
28864769 8.6439539e+16 2.9926724e+09 1967682.1 3.9769629e-27 2.7350462e-21 1.9291051e-39
28893653 8.6525978e+16 2.9926703e+09 1967866.2 3.9670379e-27 2.7268592e-21 1.922292e-39
28922565 8.6612504e+16 2.9926681e+09 1968050.4 3.9571376e-27 2.7186968e-21 1.9155026e-39
28951507 8.6699117e+16 2.992666e+09 1968234.8 3.947262e-27 2.7105588e-21 1.9087368e-39
28980478 8.6785816e+16 2.9926638e+09 1968419.4 3.9374111e-27 2.7024451e-21 1.9019947e-39
29009477 8.6872602e+16 2.9926617e+09 1968604.2 3.9275848e-27 2.6943557e-21 1.895276e-39
29038506 8.6959474e+16 2.9926595e+09 1968789.2 3.917783e-27 2.6862905e-21 1.8885807e-39
29067563 8.7046434e+16 2.9926574e+09 1968974.3 3.9080057e-27 2.6782495e-21 1.8819088e-39
29096650 8.713348e+16 2.9926552e+09 1969159.6 3.8982527e-27 2.6702326e-21 1.8752601e-39
29125766 8.7220614e+16 2.9926531e+09 1969345.1 3.8885241e-27 2.6622396e-21 1.8686346e-39
29154911 8.7307834e+16 2.9926509e+09 1969530.7 3.8788198e-27 2.6542706e-21 1.8620322e-39
29184085 8.7395142e+16 2.9926488e+09 1969716.6 3.8691397e-27 2.6463254e-21 1.8554529e-39
29213288 8.7482537e+16 2.9926466e+09 1969902.6 3.8594837e-27 2.638404e-21 1.8488964e-39
29242520 8.757002e+16 2.9926445e+09 1970088.8 3.8498519e-27 2.6305063e-21 1.8423628e-39
29271782 8.765759e+16 2.9926423e+09 1970275.2 3.8402441e-27 2.6226323e-21 1.835852e-39
29301073 8.7745247e+16 2.9926402e+09 1970461.7 3.8306602e-27 2.6147818e-21 1.8293639e-39
29330394 8.7832993e+16 2.992638e+09 1970648.4 3.8211003e-27 2.6069549e-21 1.8228984e-39
29359743 8.7920826e+16 2.9926358e+09 1970835.3 3.8115643e-27 2.5991513e-21 1.8164555e-39
29389122 8.8008746e+16 2.9926337e+09 1971022.4 3.802052e-27 2.5913711e-21 1.8100351e-39
29418531 8.8096755e+16 2.9926315e+09 1971209.7 3.7925635e-27 2.5836142e-21 1.803637e-39
29447969 8.8184852e+16 2.9926294e+09 1971397.1 3.7830986e-27 2.5758806e-21 1.7972612e-39
29477436 8.8273037e+16 2.9926272e+09 1971584.7 3.7736574e-27 2.56817e-21 1.7909077e-39
29506933 8.836131e+16 2.9926251e+09 1971772.5 3.7642398e-27 2.5604826e-21 1.7845764e-39
29536459 8.8449671e+16 2.9926229e+09 1971960.5 3.7548456e-27 2.5528182e-21 1.7782671e-39
29566015 8.8538121e+16 2.9926208e+09 1972148.6 3.7454749e-27 2.5451767e-21 1.7719799e-39
29595601 8.8626659e+16 2.9926186e+09 1972336.9 3.7361276e-27 2.5375581e-21 1.7657146e-39
29625216 8.8715286e+16 2.9926164e+09 1972525.4 3.7268036e-27 2.5299623e-21 1.7594712e-39
29654860 8.8804001e+16 2.9926143e+09 1972714.1 3.7175028e-27 2.5223892e-21 1.7532495e-39
29684535 8.8892805e+16 2.9926121e+09 1972903 3.7082253e-27 2.5148388e-21 1.7470496e-39
29714239 8.8981698e+16 2.99261e+09 1973092 3.698971e-27 2.507311e-21 1.7408712e-39
29743973 8.9070679e+16 2.9926078e+09 1973281.2 3.6897397e-27 2.4998057e-21 1.7347145e-39
29773736 8.915975e+16 2.9926056e+09 1973470.6 3.6805315e-27 2.4923229e-21 1.7285793e-39
29803530 8.924891e+16 2.9926035e+09 1973660.1 3.6713462e-27 2.4848625e-21 1.7224654e-39
29833353 8.9338159e+16 2.9926013e+09 1973849.9 3.6621839e-27 2.4774244e-21 1.7163729e-39
29863206 8.9427497e+16 2.9925992e+09 1974039.8 3.6530444e-27 2.4700086e-21 1.7103017e-39
29893089 8.9516924e+16 2.992597e+09 1974229.9 3.6439278e-27 2.462615e-21 1.7042517e-39
29923001 8.9606441e+16 2.9925948e+09 1974420.1 3.6348339e-27 2.4552435e-21 1.6982228e-39
29952944 8.9696048e+16 2.9925927e+09 1974610.6 3.6257627e-27 2.4478941e-21 1.6922149e-39
29982917 8.9785744e+16 2.9925905e+09 1974801.2 3.6167141e-27 2.4405667e-21 1.6862281e-39
30012920 8.987553e+16 2.9925884e+09 1974992 3.6076881e-27 2.4332612e-21 1.6802621e-39
30042952 8.9965405e+16 2.9925862e+09 1975182.9 3.5986847e-27 2.4259776e-21 1.674317e-39
30073015 9.005537e+16 2.992584e+09 1975374.1 3.5897037e-27 2.4187158e-21 1.6683926e-39
30103108 9.0145426e+16 2.9925819e+09 1975565.4 3.5807451e-27 2.4114757e-21 1.6624889e-39
30133231 9.0235571e+16 2.9925797e+09 1975756.9 3.5718089e-27 2.4042573e-21 1.6566059e-39
30163384 9.0325807e+16 2.9925775e+09 1975948.6 3.5628949e-27 2.3970605e-21 1.6507434e-39
30193567 9.0416133e+16 2.9925754e+09 1976140.4 3.5540033e-27 2.3898853e-21 1.6449013e-39
30223781 9.0506549e+16 2.9925732e+09 1976332.5 3.5451338e-27 2.3827315e-21 1.6390797e-39
30254024 9.0597055e+16 2.992571e+09 1976524.7 3.5362864e-27 2.3755992e-21 1.6332785e-39
30284298 9.0687652e+16 2.9925689e+09 1976717.1 3.5274612e-27 2.3684882e-21 1.6274975e-39
30314603 9.077834e+16 2.9925667e+09 1976909.6 3.5186579e-27 2.3613984e-21 1.6217367e-39
30344937 9.0869118e+16 2.9925645e+09 1977102.3 3.5098767e-27 2.3543299e-21 1.615996e-39
30375302 9.0959987e+16 2.9925624e+09 1977295.3 3.5011173e-27 2.3472826e-21 1.6102754e-39
30405698 9.1050947e+16 2.9925602e+09 1977488.3 3.4923798e-27 2.3402564e-21 1.6045748e-39
30436123 9.1141998e+16 2.992558e+09 1977681.6 3.4836641e-27 2.3332511e-21 1.5988941e-39
30466580 9.123314e+16 2.9925559e+09 1977875 3.4749702e-27 2.3262669e-21 1.5932332e-39
30497066 9.1324374e+16 2.9925537e+09 1978068.7 3.4662979e-27 2.3193036e-21 1.5875922e-39
30527584 9.1415698e+16 2.9925515e+09 1978262.5 3.4576473e-27 2.3123611e-21 1.5819709e-39
30558131 9.1507114e+16 2.9925494e+09 1978456.4 3.4490183e-27 2.3054394e-21 1.5763692e-39
30588710 9.1598621e+16 2.9925472e+09 1978650.6 3.4404108e-27 2.2985384e-21 1.5707871e-39
30619318 9.1690219e+16 2.992545e+09 1978844.9 3.4318248e-27 2.291658e-21 1.5652245e-39
30649958 9.178191e+16 2.9925428e+09 1979039.4 3.4232603e-27 2.2847983e-21 1.5596814e-39
30680628 9.1873691e+16 2.9925407e+09 1979234 3.4147171e-27 2.2779591e-21 1.5541577e-39
30711329 9.1965565e+16 2.9925385e+09 1979428.9 3.4061952e-27 2.2711404e-21 1.5486532e-39
30742061 9.2057531e+16 2.9925363e+09 1979623.9 3.3976946e-27 2.264342e-21 1.5431681e-39
30772823 9.2149588e+16 2.9925342e+09 1979819.1 3.3892152e-27 2.2575641e-21 1.5377021e-39
30803616 9.2241738e+16 2.992532e+09 1980014.5 3.3807569e-27 2.2508064e-21 1.5322552e-39
30834440 9.233398e+16 2.9925298e+09 1980210 3.3723198e-27 2.2440689e-21 1.5268274e-39
30865295 9.2426314e+16 2.9925276e+09 1980405.8 3.3639038e-27 2.2373516e-21 1.5214185e-39
30896181 9.251874e+16 2.9925255e+09 1980601.7 3.3555087e-27 2.2306545e-21 1.5160286e-39
30927097 9.2611259e+16 2.9925233e+09 1980797.8 3.3471346e-27 2.2239773e-21 1.5106576e-39
30958045 9.270387e+16 2.9925211e+09 1980994 3.3387814e-27 2.2173202e-21 1.5053053e-39
30989023 9.2796574e+16 2.9925189e+09 1981190.4 3.330449e-27 2.210683e-21 1.4999717e-39
31020033 9.288937e+16 2.9925168e+09 1981387 3.3221374e-27 2.2040656e-21 1.4946569e-39
31051074 9.298226e+16 2.9925146e+09 1981583.8 3.3138466e-27 2.1974681e-21 1.4893606e-39
31082145 9.3075242e+16 2.9925124e+09 1981780.8 3.3055764e-27 2.1908903e-21 1.4840828e-39
31113248 9.3168317e+16 2.9925102e+09 1981977.9 3.2973269e-27 2.1843322e-21 1.4788236e-39
31144382 9.3261486e+16 2.9925081e+09 1982175.2 3.289098e-27 2.1777937e-21 1.4735827e-39
31175547 9.3354747e+16 2.9925059e+09 1982372.7 3.2808897e-27 2.1712748e-21 1.4683602e-39
31206743 9.3448102e+16 2.9925037e+09 1982570.4 3.2727018e-27 2.1647754e-21 1.4631559e-39
31237970 9.354155e+16 2.9925015e+09 1982768.2 3.2645343e-27 2.1582955e-21 1.4579699e-39
31269229 9.3635091e+16 2.9924994e+09 1982966.2 3.2563872e-27 2.1518349e-21 1.452802e-39
31300519 9.3728727e+16 2.9924972e+09 1983164.4 3.2482605e-27 2.1453937e-21 1.4476522e-39
31331840 9.3822455e+16 2.992495e+09 1983362.8 3.240154e-27 2.1389718e-21 1.4425205e-39
31363193 9.3916278e+16 2.9924928e+09 1983561.3 3.2320678e-27 2.1325691e-21 1.4374067e-39
31394577 9.4010194e+16 2.9924906e+09 1983760 3.2240017e-27 2.1261856e-21 1.4323108e-39
31425992 9.4104204e+16 2.9924885e+09 1983958.9 3.2159558e-27 2.1198212e-21 1.4272328e-39
31457439 9.4198308e+16 2.9924863e+09 1984158 3.20793e-27 2.1134758e-21 1.4221725e-39
31488917 9.4292507e+16 2.9924841e+09 1984357.2 3.1999242e-27 2.1071495e-21 1.41713e-39
31520427 9.4386799e+16 2.9924819e+09 1984556.6 3.1919383e-27 2.100842e-21 1.4121051e-39
31551968 9.4481186e+16 2.9924797e+09 1984756.2 3.1839724e-27 2.0945535e-21 1.4070978e-39
31583541 9.4575667e+16 2.9924776e+09 1984956 3.1760264e-27 2.0882837e-21 1.4021081e-39
31615146 9.4670243e+16 2.9924754e+09 1985155.9 3.1681002e-27 2.0820328e-21 1.3971359e-39
31646782 9.4764913e+16 2.9924732e+09 1985356 3.1601938e-27 2.0758005e-21 1.392181e-39
31678449 9.4859678e+16 2.992471e+09 1985556.3 3.1523071e-27 2.0695869e-21 1.3872435e-39
31710149 9.4954538e+16 2.9924688e+09 1985756.8 3.1444401e-27 2.0633919e-21 1.3823234e-39
31741880 9.5049492e+16 2.9924666e+09 1985957.4 3.1365928e-27 2.0572155e-21 1.3774204e-39
31773643 9.5144542e+16 2.9924645e+09 1986158.3 3.128765e-27 2.0510575e-21 1.3725346e-39
31805438 9.5239686e+16 2.9924623e+09 1986359.2 3.1209568e-27 2.044918e-21 1.367666e-39
31837264 9.5334926e+16 2.9924601e+09 1986560.4 3.113168e-27 2.0387968e-21 1.3628144e-39
31869123 9.5430261e+16 2.9924579e+09 1986761.8 3.1053987e-27 2.032694e-21 1.3579798e-39
31901013 9.5525691e+16 2.9924557e+09 1986963.3 3.0976487e-27 2.0266094e-21 1.3531622e-39
31932935 9.5621217e+16 2.9924535e+09 1987165 3.0899182e-27 2.0205431e-21 1.3483615e-39
31964889 9.5716838e+16 2.9924514e+09 1987366.8 3.0822069e-27 2.0144949e-21 1.3435775e-39
31996875 9.5812555e+16 2.9924492e+09 1987568.9 3.0745148e-27 2.0084648e-21 1.3388104e-39
32028893 9.5908367e+16 2.992447e+09 1987771.1 3.0668419e-27 2.0024528e-21 1.3340599e-39
32060943 9.6004276e+16 2.9924448e+09 1987973.5 3.0591882e-27 1.9964587e-21 1.3293261e-39
32093026 9.610028e+16 2.9924426e+09 1988176.1 3.0515536e-27 1.9904826e-21 1.3246089e-39
32125140 9.619638e+16 2.9924404e+09 1988378.8 3.0439381e-27 1.9845244e-21 1.3199083e-39
32157286 9.6292577e+16 2.9924382e+09 1988581.7 3.0363415e-27 1.978584e-21 1.3152241e-39
32189465 9.6388869e+16 2.992436e+09 1988784.8 3.0287639e-27 1.9726614e-21 1.3105564e-39
32221676 9.6485258e+16 2.9924338e+09 1988988.1 3.0212053e-27 1.9667566e-21 1.305905e-39
32253919 9.6581743e+16 2.9924317e+09 1989191.5 3.0136654e-27 1.9608694e-21 1.3012699e-39
32286194 9.6678325e+16 2.9924295e+09 1989395.1 3.0061444e-27 1.9549998e-21 1.2966511e-39
32318502 9.6775003e+16 2.9924273e+09 1989598.9 2.9986422e-27 1.9491478e-21 1.2920485e-39
32350842 9.6871778e+16 2.9924251e+09 1989802.9 2.9911587e-27 1.9433133e-21 1.287462e-39
32383214 9.696865e+16 2.9924229e+09 1990007 2.9836939e-27 1.9374963e-21 1.2828916e-39
32415619 9.7065619e+16 2.9924207e+09 1990211.4 2.9762477e-27 1.9316967e-21 1.2783373e-39
32448056 9.7162685e+16 2.9924185e+09 1990415.9 2.9688201e-27 1.9259145e-21 1.2737989e-39
32480526 9.7259847e+16 2.9924163e+09 1990620.5 2.961411e-27 1.9201496e-21 1.2692764e-39
32513028 9.7357107e+16 2.9924141e+09 1990825.4 2.9540204e-27 1.9144019e-21 1.2647698e-39
32545563 9.7454464e+16 2.9924119e+09 1991030.4 2.9466482e-27 1.9086714e-21 1.2602791e-39
32578130 9.7551919e+16 2.9924097e+09 1991235.6 2.9392945e-27 1.9029581e-21 1.255804e-39
32610729 9.7649471e+16 2.9924075e+09 1991440.9 2.9319591e-27 1.8972619e-21 1.2513447e-39
32643362 9.774712e+16 2.9924054e+09 1991646.5 2.924642e-27 1.8915827e-21 1.246901e-39
32676027 9.7844867e+16 2.9924032e+09 1991852.2 2.9173432e-27 1.8859205e-21 1.242473e-39
32708725 9.7942712e+16 2.992401e+09 1992058.1 2.9100626e-27 1.8802753e-21 1.2380604e-39
32741455 9.8040655e+16 2.9923988e+09 1992264.1 2.9028001e-27 1.874647e-21 1.2336634e-39
32774218 9.8138695e+16 2.9923966e+09 1992470.4 2.8955558e-27 1.8690355e-21 1.2292818e-39
32807014 9.8236834e+16 2.9923944e+09 1992676.8 2.8883296e-27 1.8634409e-21 1.2249155e-39
32839843 9.8335071e+16 2.9923922e+09 1992883.4 2.8811214e-27 1.8578629e-21 1.2205646e-39
32872705 9.8433406e+16 2.99239e+09 1993090.1 2.8739311e-27 1.8523017e-21 1.216229e-39
32905600 9.8531839e+16 2.9923878e+09 1993297.1 2.8667589e-27 1.8467571e-21 1.2119086e-39
32938527 9.8630371e+16 2.9923856e+09 1993504.2 2.8596045e-27 1.8412291e-21 1.2076033e-39
32971488 9.8729002e+16 2.9923834e+09 1993711.5 2.852468e-27 1.8357177e-21 1.2033132e-39
33004481 9.8827731e+16 2.9923812e+09 1993918.9 2.8453493e-27 1.8302228e-21 1.1990381e-39
33037507 9.8926558e+16 2.992379e+09 1994126.6 2.8382483e-27 1.8247443e-21 1.1947781e-39
33070567 9.9025485e+16 2.9923768e+09 1994334.4 2.8311651e-27 1.8192822e-21 1.190533e-39
33103659 9.912451e+16 2.9923746e+09 1994542.4 2.8240996e-27 1.8138364e-21 1.1863028e-39
33136785 9.9223635e+16 2.9923724e+09 1994750.5 2.8170516e-27 1.808407e-21 1.1820875e-39
33169944 9.9322859e+16 2.9923702e+09 1994958.8 2.8100213e-27 1.8029938e-21 1.177887e-39
33203136 9.9422181e+16 2.992368e+09 1995167.3 2.8030085e-27 1.7975968e-21 1.1737012e-39
33236361 9.9521604e+16 2.9923658e+09 1995376 2.7960133e-27 1.792216e-21 1.1695301e-39
33269620 9.9621125e+16 2.9923636e+09 1995584.9 2.7890354e-27 1.7868513e-21 1.1653737e-39
33302912 9.9720746e+16 2.9923614e+09 1995793.9 2.782075e-27 1.7815026e-21 1.1612319e-39
33336237 9.9820467e+16 2.9923592e+09 1996003.1 2.775132e-27 1.77617e-21 1.1571046e-39
33369595 9.9920288e+16 2.992357e+09 1996212.5 2.7682063e-27 1.7708533e-21 1.1529919e-39
33402987 1.0002021e+17 2.9923548e+09 1996422 2.7612979e-27 1.7655525e-21 1.1488935e-39
33436412 1.0012023e+17 2.9923526e+09 1996631.8 2.7544067e-27 1.7602676e-21 1.1448096e-39
33469871 1.0022035e+17 2.9923504e+09 1996841.7 2.7475327e-27 1.7549985e-21 1.1407401e-39
33503363 1.0032057e+17 2.9923482e+09 1997051.7 2.7406759e-27 1.7497452e-21 1.1366848e-39
33536889 1.0042089e+17 2.992346e+09 1997262 2.7338362e-27 1.7445076e-21 1.1326438e-39
33570448 1.0052131e+17 2.9923438e+09 1997472.4 2.7270135e-27 1.7392857e-21 1.128617e-39
33604041 1.0062183e+17 2.9923416e+09 1997683 2.7202079e-27 1.7340794e-21 1.1246043e-39
33637667 1.0072245e+17 2.9923394e+09 1997893.8 2.7134193e-27 1.7288887e-21 1.1206058e-39
33671327 1.0082318e+17 2.9923371e+09 1998104.7 2.7066476e-27 1.7237135e-21 1.1166213e-39
33705021 1.00924e+17 2.9923349e+09 1998315.8 2.6998928e-27 1.7185538e-21 1.1126508e-39
33738749 1.0102492e+17 2.9923327e+09 1998527.1 2.6931548e-27 1.7134096e-21 1.1086943e-39
33772510 1.0112595e+17 2.9923305e+09 1998738.6 2.6864337e-27 1.7082808e-21 1.1047516e-39
33806305 1.0122707e+17 2.9923283e+09 1998950.2 2.6797294e-27 1.7031673e-21 1.1008229e-39
33840134 1.013283e+17 2.9923261e+09 1999162 2.6730417e-27 1.6980691e-21 1.0969079e-39
33873997 1.0142963e+17 2.9923239e+09 1999374 2.6663708e-27 1.6929862e-21 1.0930068e-39
33907893 1.0153106e+17 2.9923217e+09 1999586.2 2.6597165e-27 1.6879185e-21 1.0891193e-39
33941824 1.0163259e+17 2.9923195e+09 1999798.5 2.6530789e-27 1.682866e-21 1.0852455e-39
33975788 1.0173422e+17 2.9923173e+09 2000011 2.6464578e-27 1.6778286e-21 1.0813853e-39
34009787 1.0183596e+17 2.9923151e+09 2000223.7 2.6398532e-27 1.6728063e-21 1.0775387e-39
34043819 1.0193779e+17 2.9923129e+09 2000436.5 2.6332651e-27 1.667799e-21 1.0737057e-39
34077886 1.0203973e+17 2.9923106e+09 2000649.6 2.6266934e-27 1.6628067e-21 1.0698861e-39
34111986 1.0214177e+17 2.9923084e+09 2000862.8 2.6201382e-27 1.6578294e-21 1.0660799e-39
34146121 1.0224391e+17 2.9923062e+09 2001076.1 2.6135993e-27 1.6528669e-21 1.0622872e-39
34180290 1.0234616e+17 2.992304e+09 2001289.7 2.6070767e-27 1.6479193e-21 1.0585077e-39
34214493 1.024485e+17 2.9923018e+09 2001503.4 2.6005704e-27 1.6429865e-21 1.0547416e-39
34248731 1.0255095e+17 2.9922996e+09 2001717.3 2.5940803e-27 1.6380685e-21 1.0509888e-39
34283002 1.026535e+17 2.9922974e+09 2001931.4 2.5876064e-27 1.6331652e-21 1.0472491e-39
34317308 1.0275615e+17 2.9922952e+09 2002145.6 2.5811487e-27 1.6282766e-21 1.0435226e-39
34351648 1.0285891e+17 2.9922929e+09 2002360 2.5747071e-27 1.6234026e-21 1.0398092e-39
34386023 1.0296177e+17 2.9922907e+09 2002574.6 2.5682816e-27 1.6185432e-21 1.0361088e-39
34420432 1.0306473e+17 2.9922885e+09 2002789.4 2.5618721e-27 1.6136983e-21 1.0324215e-39
34454875 1.031678e+17 2.9922863e+09 2003004.3 2.5554786e-27 1.608868e-21 1.0287472e-39
34489353 1.0327096e+17 2.9922841e+09 2003219.4 2.5491011e-27 1.6040521e-21 1.0250858e-39
34523866 1.0337424e+17 2.9922819e+09 2003434.7 2.5427395e-27 1.5992506e-21 1.0214373e-39
34558413 1.0347761e+17 2.9922797e+09 2003650.2 2.5363937e-27 1.5944635e-21 1.0178016e-39
34592994 1.0358109e+17 2.9922774e+09 2003865.8 2.5300638e-27 1.5896907e-21 1.0141787e-39
34627610 1.0368467e+17 2.9922752e+09 2004081.6 2.5237497e-27 1.5849322e-21 1.0105686e-39
34662261 1.0378835e+17 2.992273e+09 2004297.6 2.5174514e-27 1.580188e-21 1.0069712e-39
34696947 1.0389214e+17 2.9922708e+09 2004513.7 2.5111688e-27 1.5754579e-21 1.0033865e-39
34731667 1.0399603e+17 2.9922686e+09 2004730.1 2.5049018e-27 1.570742e-21 9.9981433e-40
34766422 1.0410003e+17 2.9922664e+09 2004946.6 2.4986505e-27 1.5660403e-21 9.9625478e-40
34801211 1.0420413e+17 2.9922641e+09 2005163.2 2.4924148e-27 1.5613526e-21 9.9270776e-40
34836036 1.0430833e+17 2.9922619e+09 2005380.1 2.4861946e-27 1.5566789e-21 9.8917324e-40
34870895 1.0441264e+17 2.9922597e+09 2005597.1 2.47999e-27 1.5520192e-21 9.8565116e-40
34905790 1.0451705e+17 2.9922575e+09 2005814.3 2.4738009e-27 1.5473735e-21 9.8214148e-40
34940719 1.0462157e+17 2.9922553e+09 2006031.6 2.4676272e-27 1.5427417e-21 9.7864416e-40
34975683 1.0472619e+17 2.992253e+09 2006249.2 2.4614689e-27 1.5381237e-21 9.7515916e-40
35010682 1.0483092e+17 2.9922508e+09 2006466.9 2.455326e-27 1.5335196e-21 9.7168644e-40
35045716 1.0493575e+17 2.9922486e+09 2006684.8 2.4491984e-27 1.5289292e-21 9.6822595e-40
35080785 1.0504069e+17 2.9922464e+09 2006902.8 2.4430861e-27 1.5243526e-21 9.6477764e-40
35115890 1.0514573e+17 2.9922441e+09 2007121.1 2.436989e-27 1.5197897e-21 9.6134149e-40
35151029 1.0525087e+17 2.9922419e+09 2007339.5 2.4309072e-27 1.5152405e-21 9.5791744e-40
35186204 1.0535612e+17 2.9922397e+09 2007558 2.4248406e-27 1.5107048e-21 9.5450545e-40
35221413 1.0546148e+17 2.9922375e+09 2007776.8 2.418789e-27 1.5061828e-21 9.5110549e-40
35256658 1.0556694e+17 2.9922353e+09 2007995.7 2.4127526e-27 1.5016743e-21 9.477175e-40
35291939 1.0567251e+17 2.992233e+09 2008214.8 2.4067313e-27 1.4971792e-21 9.4434145e-40
35327254 1.0577818e+17 2.9922308e+09 2008434.1 2.400725e-27 1.4926977e-21 9.409773e-40
35362605 1.0588396e+17 2.9922286e+09 2008653.5 2.3947337e-27 1.4882295e-21 9.37625e-40
35397992 1.0598984e+17 2.9922264e+09 2008873.1 2.3887573e-27 1.4837747e-21 9.3428452e-40
35433413 1.0609583e+17 2.9922241e+09 2009092.9 2.3827958e-27 1.4793333e-21 9.3095581e-40
35468870 1.0620193e+17 2.9922219e+09 2009312.9 2.3768492e-27 1.4749051e-21 9.2763883e-40
35504363 1.0630813e+17 2.9922197e+09 2009533 2.3709175e-27 1.4704902e-21 9.2433354e-40
35539891 1.0641444e+17 2.9922174e+09 2009753.3 2.3650006e-27 1.4660886e-21 9.2103991e-40
35575455 1.0652085e+17 2.9922152e+09 2009973.8 2.3590984e-27 1.4617001e-21 9.1775788e-40
35611054 1.0662737e+17 2.992213e+09 2010194.4 2.353211e-27 1.4573247e-21 9.1448742e-40
35646689 1.06734e+17 2.9922108e+09 2010415.3 2.3473382e-27 1.4529624e-21 9.112285e-40
35682360 1.0684073e+17 2.9922085e+09 2010636.3 2.3414801e-27 1.4486132e-21 9.0798106e-40
35718066 1.0694758e+17 2.9922063e+09 2010857.4 2.3356367e-27 1.444277e-21 9.0474507e-40
35753808 1.0705452e+17 2.9922041e+09 2011078.8 2.3298078e-27 1.4399538e-21 9.0152049e-40
35789586 1.0716158e+17 2.9922019e+09 2011300.3 2.3239934e-27 1.4356435e-21 8.9830728e-40
35825400 1.0726874e+17 2.9921996e+09 2011522 2.3181936e-27 1.4313462e-21 8.951054e-40
35861249 1.0737601e+17 2.9921974e+09 2011743.8 2.3124082e-27 1.4270616e-21 8.9191481e-40
35897135 1.0748338e+17 2.9921952e+09 2011965.9 2.3066373e-27 1.42279e-21 8.8873548e-40
35933056 1.0759087e+17 2.9921929e+09 2012188.1 2.3008808e-27 1.4185311e-21 8.8556736e-40
35969013 1.0769846e+17 2.9921907e+09 2012410.5 2.2951386e-27 1.4142849e-21 8.8241041e-40
36005006 1.0780616e+17 2.9921885e+09 2012633 2.2894108e-27 1.4100515e-21 8.7926459e-40
36041035 1.0791396e+17 2.9921862e+09 2012855.7 2.2836973e-27 1.4058307e-21 8.7612987e-40
36077101 1.0802188e+17 2.992184e+09 2013078.6 2.277998e-27 1.4016226e-21 8.7300621e-40
36113202 1.081299e+17 2.9921818e+09 2013301.7 2.272313e-27 1.3974271e-21 8.6989357e-40
36149339 1.0823803e+17 2.9921795e+09 2013524.9 2.2666421e-27 1.3932441e-21 8.6679191e-40
36185513 1.0834627e+17 2.9921773e+09 2013748.3 2.2609854e-27 1.3890736e-21 8.6370119e-40
36221723 1.0845461e+17 2.9921751e+09 2013971.9 2.2553428e-27 1.3849157e-21 8.6062138e-40
36257969 1.0856307e+17 2.9921728e+09 2014195.7 2.2497143e-27 1.3807701e-21 8.5755243e-40
36294251 1.0867163e+17 2.9921706e+09 2014419.6 2.2440999e-27 1.376637e-21 8.5449431e-40
36330570 1.087803e+17 2.9921684e+09 2014643.7 2.2384994e-27 1.3725163e-21 8.5144698e-40
36366925 1.0888908e+17 2.9921661e+09 2014868 2.232913e-27 1.3684079e-21 8.4841041e-40
36403316 1.0899797e+17 2.9921639e+09 2015092.4 2.2273404e-27 1.3643118e-21 8.4538455e-40
36439744 1.0910697e+17 2.9921616e+09 2015317.1 2.2217818e-27 1.3602279e-21 8.4236937e-40
36476209 1.0921608e+17 2.9921594e+09 2015541.9 2.2162371e-27 1.3561563e-21 8.3936483e-40
36512709 1.0932529e+17 2.9921572e+09 2015766.8 2.2107062e-27 1.3520968e-21 8.363709e-40
36549247 1.0943462e+17 2.9921549e+09 2015992 2.205189e-27 1.3480496e-21 8.3338753e-40
36585820 1.0954405e+17 2.9921527e+09 2016217.3 2.1996857e-27 1.3440144e-21 8.304147e-40
36622431 1.096536e+17 2.9921505e+09 2016442.8 2.1941961e-27 1.3399913e-21 8.2745235e-40
36659078 1.0976325e+17 2.9921482e+09 2016668.4 2.1887202e-27 1.3359803e-21 8.2450047e-40
36695762 1.0987301e+17 2.992146e+09 2016894.2 2.183258e-27 1.3319812e-21 8.2155901e-40
36732482 1.0998289e+17 2.9921437e+09 2017120.2 2.1778094e-27 1.3279941e-21 8.1862793e-40
36769239 1.1009287e+17 2.9921415e+09 2017346.4 2.1723743e-27 1.324019e-21 8.157072e-40
36806033 1.1020296e+17 2.9921393e+09 2017572.8 2.1669529e-27 1.3200558e-21 8.1279679e-40
36842864 1.1031317e+17 2.992137e+09 2017799.3 2.161545e-27 1.3161044e-21 8.0989665e-40
36879732 1.1042348e+17 2.9921348e+09 2018026 2.1561506e-27 1.3121648e-21 8.0700675e-40
36916636 1.105339e+17 2.9921325e+09 2018252.8 2.1507696e-27 1.3082371e-21 8.0412706e-40
36953578 1.1064444e+17 2.9921303e+09 2018479.8 2.1454021e-27 1.3043211e-21 8.0125753e-40
36990556 1.1075508e+17 2.992128e+09 2018707.1 2.1400479e-27 1.3004168e-21 7.9839814e-40
37027572 1.1086584e+17 2.9921258e+09 2018934.4 2.1347072e-27 1.2965242e-21 7.9554885e-40
37064624 1.109767e+17 2.9921236e+09 2019162 2.1293797e-27 1.2926433e-21 7.9270963e-40
37101714 1.1108768e+17 2.9921213e+09 2019389.7 2.1240656e-27 1.288774e-21 7.8988043e-40
37138841 1.1119877e+17 2.9921191e+09 2019617.6 2.1187647e-27 1.2849162e-21 7.8706123e-40
37176005 1.1130996e+17 2.9921168e+09 2019845.7 2.113477e-27 1.28107e-21 7.8425198e-40
37213206 1.1142127e+17 2.9921146e+09 2020073.9 2.1082026e-27 1.2772354e-21 7.8145266e-40
37250444 1.115327e+17 2.9921123e+09 2020302.3 2.1029413e-27 1.2734122e-21 7.7866323e-40
37287720 1.1164423e+17 2.9921101e+09 2020530.9 2.0976931e-27 1.2696004e-21 7.7588366e-40
37325033 1.1175587e+17 2.9921078e+09 2020759.6 2.092458e-27 1.2658001e-21 7.731139e-40
37362383 1.1186763e+17 2.9921056e+09 2020988.6 2.087236e-27 1.2620111e-21 7.7035393e-40
37399770 1.119795e+17 2.9921034e+09 2021217.7 2.0820271e-27 1.2582335e-21 7.6760372e-40
37437195 1.1209148e+17 2.9921011e+09 2021446.9 2.0768311e-27 1.2544672e-21 7.6486322e-40
37474658 1.1220357e+17 2.9920989e+09 2021676.4 2.0716481e-27 1.2507121e-21 7.6213241e-40
37512158 1.1231577e+17 2.9920966e+09 2021906 2.066478e-27 1.2469683e-21 7.5941125e-40
37549695 1.1242809e+17 2.9920944e+09 2022135.8 2.0613209e-27 1.2432357e-21 7.566997e-40
37587270 1.1254051e+17 2.9920921e+09 2022365.7 2.0561766e-27 1.2395143e-21 7.5399774e-40
37624883 1.1265305e+17 2.9920899e+09 2022595.8 2.0510451e-27 1.235804e-21 7.5130533e-40
37662533 1.1276571e+17 2.9920876e+09 2022826.1 2.0459264e-27 1.2321048e-21 7.4862244e-40
37700221 1.1287847e+17 2.9920854e+09 2023056.6 2.0408206e-27 1.2284167e-21 7.4594903e-40
37737947 1.1299135e+17 2.9920831e+09 2023287.3 2.0357274e-27 1.2247397e-21 7.4328507e-40
37775710 1.1310434e+17 2.9920809e+09 2023518.1 2.030647e-27 1.2210736e-21 7.4063053e-40
37813512 1.1321745e+17 2.9920786e+09 2023749.1 2.0255793e-27 1.2174185e-21 7.3798537e-40
37851351 1.1333067e+17 2.9920764e+09 2023980.2 2.0205242e-27 1.2137744e-21 7.3534957e-40
37889228 1.13444e+17 2.9920741e+09 2024211.6 2.0154817e-27 1.2101411e-21 7.3272308e-40
37927142 1.1355744e+17 2.9920718e+09 2024443.1 2.0104518e-27 1.2065188e-21 7.3010588e-40
37965095 1.13671e+17 2.9920696e+09 2024674.7 2.0054344e-27 1.2029073e-21 7.2749794e-40
38003086 1.1378467e+17 2.9920673e+09 2024906.6 2.0004296e-27 1.1993066e-21 7.2489922e-40
38041115 1.1389845e+17 2.9920651e+09 2025138.6 1.9954373e-27 1.1957166e-21 7.2230969e-40
38079182 1.1401235e+17 2.9920628e+09 2025370.8 1.9904574e-27 1.1921374e-21 7.1972931e-40
38117286 1.1412636e+17 2.9920606e+09 2025603.1 1.9854899e-27 1.188569e-21 7.1715807e-40
38155430 1.1424049e+17 2.9920583e+09 2025835.7 1.9805349e-27 1.1850112e-21 7.1459591e-40
38193611 1.1435473e+17 2.9920561e+09 2026068.4 1.9755922e-27 1.1814641e-21 7.1204282e-40
38231830 1.1446909e+17 2.9920538e+09 2026301.2 1.9706619e-27 1.1779275e-21 7.0949876e-40
38270088 1.1458355e+17 2.9920516e+09 2026534.3 1.9657438e-27 1.1744016e-21 7.069637e-40
38308384 1.1469814e+17 2.9920493e+09 2026767.5 1.960838e-27 1.1708862e-21 7.0443761e-40
38346718 1.1481284e+17 2.992047e+09 2027000.9 1.9559445e-27 1.1673814e-21 7.0192045e-40
38385091 1.1492765e+17 2.9920448e+09 2027234.5 1.9510632e-27 1.163887e-21 6.994122e-40
38423502 1.1504258e+17 2.9920425e+09 2027468.2 1.9461941e-27 1.1604031e-21 6.9691282e-40
38461951 1.1515762e+17 2.9920403e+09 2027702.1 1.9413371e-27 1.1569296e-21 6.9442229e-40
38500439 1.1527278e+17 2.992038e+09 2027936.2 1.9364922e-27 1.1534665e-21 6.9194057e-40
38538966 1.1538805e+17 2.9920357e+09 2028170.4 1.9316594e-27 1.1500138e-21 6.8946763e-40
38577531 1.1550344e+17 2.9920335e+09 2028404.8 1.9268387e-27 1.1465715e-21 6.8700344e-40
38616135 1.1561894e+17 2.9920312e+09 2028639.4 1.92203e-27 1.1431394e-21 6.8454797e-40
38654777 1.1573456e+17 2.992029e+09 2028874.2 1.9172334e-27 1.1397176e-21 6.8210119e-40
38693458 1.1585029e+17 2.9920267e+09 2029109.1 1.9124487e-27 1.136306e-21 6.7966307e-40
38732178 1.1596614e+17 2.9920244e+09 2029344.2 1.9076759e-27 1.1329047e-21 6.7723358e-40
38770936 1.1608211e+17 2.9920222e+09 2029579.5 1.902915e-27 1.1295135e-21 6.7481269e-40
38809733 1.1619819e+17 2.9920199e+09 2029814.9 1.8981661e-27 1.1261325e-21 6.7240036e-40
38848569 1.1631439e+17 2.9920177e+09 2030050.6 1.8934289e-27 1.1227616e-21 6.6999658e-40
38887444 1.1643071e+17 2.9920154e+09 2030286.3 1.8887036e-27 1.1194008e-21 6.6760131e-40
38926358 1.1654714e+17 2.9920131e+09 2030522.3 1.8839901e-27 1.1160501e-21 6.6521451e-40
38965311 1.1666368e+17 2.9920109e+09 2030758.4 1.8792884e-27 1.1127094e-21 6.6283617e-40
39004302 1.1678035e+17 2.9920086e+09 2030994.7 1.8745984e-27 1.1093786e-21 6.6046624e-40
39043333 1.1689713e+17 2.9920063e+09 2031231.2 1.8699201e-27 1.1060579e-21 6.5810471e-40
39082403 1.1701402e+17 2.9920041e+09 2031467.9 1.8652534e-27 1.1027471e-21 6.5575153e-40
39121512 1.1713104e+17 2.9920018e+09 2031704.7 1.8605985e-27 1.0994462e-21 6.5340669e-40
39160660 1.1724817e+17 2.9919995e+09 2031941.7 1.8559551e-27 1.0961552e-21 6.5107016e-40
39199847 1.1736542e+17 2.9919973e+09 2032178.8 1.8513233e-27 1.092874e-21 6.487419e-40
39239074 1.1748278e+17 2.991995e+09 2032416.1 1.8467031e-27 1.0896027e-21 6.4642188e-40
39278339 1.1760027e+17 2.9919927e+09 2032653.6 1.8420944e-27 1.0863412e-21 6.4411008e-40
39317644 1.1771787e+17 2.9919905e+09 2032891.3 1.8374972e-27 1.0830894e-21 6.4180646e-40
39356989 1.1783558e+17 2.9919882e+09 2033129.2 1.8329115e-27 1.0798473e-21 6.3951101e-40
39396372 1.1795342e+17 2.9919859e+09 2033367.2 1.8283372e-27 1.076615e-21 6.3722369e-40
39435796 1.1807137e+17 2.9919837e+09 2033605.4 1.8237744e-27 1.0733923e-21 6.3494446e-40
39475258 1.1818944e+17 2.9919814e+09 2033843.7 1.8192229e-27 1.0701793e-21 6.3267332e-40
39514760 1.1830763e+17 2.9919791e+09 2034082.2 1.8146828e-27 1.0669759e-21 6.3041021e-40
39554302 1.1842594e+17 2.9919769e+09 2034320.9 1.810154e-27 1.0637821e-21 6.2815513e-40
39593883 1.1854437e+17 2.9919746e+09 2034559.8 1.8056365e-27 1.0605978e-21 6.2590803e-40
39633504 1.1866291e+17 2.9919723e+09 2034798.8 1.8011303e-27 1.0574231e-21 6.236689e-40
39673164 1.1878157e+17 2.9919701e+09 2035038.1 1.7966354e-27 1.0542579e-21 6.214377e-40
39712864 1.1890036e+17 2.9919678e+09 2035277.4 1.7921516e-27 1.0511021e-21 6.192144e-40
39752604 1.1901926e+17 2.9919655e+09 2035517 1.7876791e-27 1.0479558e-21 6.1699899e-40
39792384 1.1913828e+17 2.9919632e+09 2035756.7 1.7832177e-27 1.044819e-21 6.1479142e-40
39832203 1.1925741e+17 2.991961e+09 2035996.6 1.7787674e-27 1.0416915e-21 6.1259167e-40
39872062 1.1937667e+17 2.9919587e+09 2036236.7 1.7743283e-27 1.0385733e-21 6.1039973e-40
39911962 1.1949605e+17 2.9919564e+09 2036476.9 1.7699002e-27 1.0354645e-21 6.0821555e-40
39951901 1.1961554e+17 2.9919541e+09 2036717.3 1.7654832e-27 1.032365e-21 6.0603911e-40
39991880 1.1973516e+17 2.9919519e+09 2036957.9 1.7610772e-27 1.0292748e-21 6.0387038e-40
40031899 1.198549e+17 2.9919496e+09 2037198.6 1.7566822e-27 1.0261939e-21 6.0170935e-40
40071958 1.1997475e+17 2.9919473e+09 2037439.6 1.7522982e-27 1.0231221e-21 5.9955597e-40
40112057 1.2009472e+17 2.991945e+09 2037680.6 1.7479251e-27 1.0200596e-21 5.9741023e-40
40152197 1.2021482e+17 2.9919428e+09 2037921.9 1.7435629e-27 1.0170062e-21 5.9527209e-40
40192376 1.2033503e+17 2.9919405e+09 2038163.3 1.7392116e-27 1.013962e-21 5.9314153e-40
40232596 1.2045537e+17 2.9919382e+09 2038404.9 1.7348712e-27 1.0109268e-21 5.9101853e-40
40272856 1.2057582e+17 2.9919359e+09 2038646.7 1.7305416e-27 1.0079008e-21 5.8890305e-40
40313156 1.206964e+17 2.9919337e+09 2038888.7 1.7262228e-27 1.0048838e-21 5.8679507e-40
40353497 1.208171e+17 2.9919314e+09 2039130.8 1.7219148e-27 1.0018759e-21 5.8469457e-40
40393878 1.2093791e+17 2.9919291e+09 2039373.1 1.7176175e-27 9.9887693e-22 5.8260152e-40
40434299 1.2105885e+17 2.9919268e+09 2039615.5 1.713331e-27 9.9588696e-22 5.8051589e-40
40474761 1.2117991e+17 2.9919245e+09 2039858.1 1.7090551e-27 9.9290594e-22 5.7843765e-40
40515263 1.2130109e+17 2.9919223e+09 2040100.9 1.7047899e-27 9.8993384e-22 5.7636678e-40
40555806 1.2142239e+17 2.99192e+09 2040343.9 1.7005354e-27 9.8697064e-22 5.7430326e-40
40596389 1.2154381e+17 2.9919177e+09 2040587 1.6962915e-27 9.8401631e-22 5.7224706e-40
40637014 1.2166536e+17 2.9919154e+09 2040830.3 1.6920582e-27 9.8107082e-22 5.7019815e-40
40677678 1.2178702e+17 2.9919131e+09 2041073.8 1.6878354e-27 9.7813415e-22 5.6815651e-40
40718384 1.2190881e+17 2.9919109e+09 2041317.5 1.6836232e-27 9.7520628e-22 5.6612211e-40
40759130 1.2203072e+17 2.9919086e+09 2041561.3 1.6794215e-27 9.7228716e-22 5.6409493e-40
40799917 1.2215275e+17 2.9919063e+09 2041805.3 1.6752303e-27 9.6937678e-22 5.6207493e-40
40840744 1.222749e+17 2.991904e+09 2042049.4 1.6710495e-27 9.6647512e-22 5.6006211e-40
40881613 1.2239718e+17 2.9919017e+09 2042293.8 1.6668792e-27 9.6358214e-22 5.5805642e-40
40922523 1.2251957e+17 2.9918994e+09 2042538.3 1.6627193e-27 9.6069782e-22 5.5605785e-40
40963473 1.2264209e+17 2.9918972e+09 2042782.9 1.6585698e-27 9.5782213e-22 5.5406638e-40
41004464 1.2276474e+17 2.9918949e+09 2043027.8 1.6544306e-27 9.5495505e-22 5.5208196e-40
41045497 1.228875e+17 2.9918926e+09 2043272.8 1.6503017e-27 9.5209656e-22 5.5010459e-40
41086570 1.2301039e+17 2.9918903e+09 2043518 1.6461832e-27 9.4924662e-22 5.4813424e-40
41127685 1.231334e+17 2.991888e+09 2043763.3 1.6420749e-27 9.4640521e-22 5.4617088e-40
41168841 1.2325653e+17 2.9918857e+09 2044008.9 1.6379769e-27 9.435723e-22 5.4421448e-40
41210038 1.2337979e+17 2.9918834e+09 2044254.6 1.6338891e-27 9.4074788e-22 5.4226503e-40
41251276 1.2350317e+17 2.9918812e+09 2044500.4 1.6298115e-27 9.3793191e-22 5.403225e-40
41292555 1.2362667e+17 2.9918789e+09 2044746.5 1.6257441e-27 9.3512437e-22 5.3838686e-40
41333876 1.237503e+17 2.9918766e+09 2044992.7 1.6216869e-27 9.3232524e-22 5.3645809e-40
41375238 1.2387405e+17 2.9918743e+09 2045239 1.6176397e-27 9.2953448e-22 5.3453617e-40
41416642 1.2399792e+17 2.991872e+09 2045485.6 1.6136027e-27 9.2675208e-22 5.3262107e-40
41458086 1.2412192e+17 2.9918697e+09 2045732.3 1.6095758e-27 9.23978e-22 5.3071277e-40
41499573 1.2424604e+17 2.9918674e+09 2045979.2 1.6055588e-27 9.2121223e-22 5.2881125e-40
41541101 1.2437029e+17 2.9918651e+09 2046226.2 1.601552e-27 9.1845474e-22 5.2691647e-40
41582670 1.2449466e+17 2.9918628e+09 2046473.5 1.5975551e-27 9.157055e-22 5.2502842e-40
41624281 1.2461915e+17 2.9918606e+09 2046720.9 1.5935682e-27 9.1296449e-22 5.2314708e-40
41665934 1.2474377e+17 2.9918583e+09 2046968.4 1.5895912e-27 9.1023169e-22 5.2127241e-40
41707629 1.2486852e+17 2.991856e+09 2047216.2 1.5856242e-27 9.0750707e-22 5.1940441e-40
41749365 1.2499339e+17 2.9918537e+09 2047464.1 1.581667e-27 9.047906e-22 5.1754303e-40
41791143 1.2511838e+17 2.9918514e+09 2047712.2 1.5777198e-27 9.0208226e-22 5.1568826e-40
41832962 1.252435e+17 2.9918491e+09 2047960.4 1.5737824e-27 8.9938203e-22 5.1384009e-40
41874824 1.2536874e+17 2.9918468e+09 2048208.8 1.5698548e-27 8.9668989e-22 5.1199847e-40
41916727 1.2549411e+17 2.9918445e+09 2048457.4 1.565937e-27 8.940058e-22 5.101634e-40
41958673 1.256196e+17 2.9918422e+09 2048706.2 1.562029e-27 8.9132975e-22 5.0833484e-40
42000660 1.2574522e+17 2.9918399e+09 2048955.1 1.5581308e-27 8.886617e-22 5.0651278e-40
42042689 1.2587097e+17 2.9918376e+09 2049204.2 1.5542422e-27 8.8600165e-22 5.0469718e-40
42084761 1.2599684e+17 2.9918353e+09 2049453.5 1.5503634e-27 8.8334955e-22 5.0288804e-40
42126874 1.2612284e+17 2.991833e+09 2049702.9 1.5464943e-27 8.807054e-22 5.0108533e-40
42169030 1.2624896e+17 2.9918307e+09 2049952.5 1.5426348e-27 8.7806916e-22 4.9928902e-40
42211228 1.2637521e+17 2.9918284e+09 2050202.3 1.538785e-27 8.7544081e-22 4.9749909e-40
42253468 1.2650158e+17 2.9918261e+09 2050452.2 1.5349447e-27 8.7282033e-22 4.9571552e-40
42295751 1.2662808e+17 2.9918238e+09 2050702.4 1.5311141e-27 8.7020769e-22 4.9393828e-40
42338075 1.2675471e+17 2.9918215e+09 2050952.6 1.527293e-27 8.6760287e-22 4.9216736e-40
42380442 1.2688147e+17 2.9918192e+09 2051203.1 1.5234814e-27 8.6500585e-22 4.9040274e-40
42422852 1.2700835e+17 2.9918169e+09 2051453.7 1.5196794e-27 8.624166e-22 4.8864438e-40
42465304 1.2713536e+17 2.9918146e+09 2051704.5 1.5158868e-27 8.5983511e-22 4.8689227e-40
42507798 1.2726249e+17 2.9918123e+09 2051955.5 1.5121037e-27 8.5726134e-22 4.8514639e-40
42550335 1.2738976e+17 2.99181e+09 2052206.6 1.5083301e-27 8.5469528e-22 4.8340671e-40
42592915 1.2751714e+17 2.9918077e+09 2052457.9 1.5045658e-27 8.5213689e-22 4.8167321e-40
42635537 1.2764466e+17 2.9918054e+09 2052709.4 1.500811e-27 8.4958617e-22 4.7994588e-40
42678201 1.2777231e+17 2.9918031e+09 2052961.1 1.4970655e-27 8.4704308e-22 4.7822468e-40
42720909 1.2790008e+17 2.9918008e+09 2053212.9 1.4933294e-27 8.445076e-22 4.765096e-40
42763659 1.2802798e+17 2.9917985e+09 2053464.9 1.4896026e-27 8.4197971e-22 4.7480062e-40
42806452 1.2815601e+17 2.9917962e+09 2053717 1.4858851e-27 8.3945939e-22 4.7309771e-40
42849288 1.2828416e+17 2.9917939e+09 2053969.4 1.4821769e-27 8.3694662e-22 4.7140086e-40
42892167 1.2841245e+17 2.9917916e+09 2054221.9 1.4784779e-27 8.3444136e-22 4.6971004e-40
42935088 1.2854086e+17 2.9917893e+09 2054474.5 1.4747882e-27 8.3194361e-22 4.6802523e-40
42978053 1.286694e+17 2.991787e+09 2054727.4 1.4711076e-27 8.2945333e-22 4.6634641e-40
43021060 1.2879807e+17 2.9917847e+09 2054980.4 1.4674363e-27 8.269705e-22 4.6467355e-40
43064111 1.2892687e+17 2.9917824e+09 2055233.5 1.4637741e-27 8.2449511e-22 4.6300665e-40
43107204 1.2905579e+17 2.9917801e+09 2055486.9 1.4601211e-27 8.2202713e-22 4.6134567e-40
43150341 1.2918485e+17 2.9917778e+09 2055740.4 1.4564771e-27 8.1956653e-22 4.596906e-40
43193521 1.2931404e+17 2.9917755e+09 2055994.1 1.4528423e-27 8.171133e-22 4.5804141e-40
43236744 1.2944335e+17 2.9917732e+09 2056247.9 1.4492166e-27 8.1466741e-22 4.5639809e-40
43280011 1.2957279e+17 2.9917709e+09 2056502 1.4455998e-27 8.1222885e-22 4.5476061e-40
43323321 1.2970237e+17 2.9917686e+09 2056756.2 1.4419922e-27 8.0979758e-22 4.5312896e-40
43366674 1.2983207e+17 2.9917663e+09 2057010.5 1.4383935e-27 8.073736e-22 4.5150311e-40
43410070 1.299619e+17 2.991764e+09 2057265.1 1.4348038e-27 8.0495686e-22 4.4988304e-40
43453510 1.3009186e+17 2.9917616e+09 2057519.8 1.431223e-27 8.0254736e-22 4.4826873e-40
43496993 1.3022195e+17 2.9917593e+09 2057774.6 1.4276512e-27 8.0014508e-22 4.4666017e-40
43540520 1.3035218e+17 2.991757e+09 2058029.7 1.4240883e-27 7.9774998e-22 4.4505732e-40
43584091 1.3048253e+17 2.9917547e+09 2058284.9 1.4205343e-27 7.9536206e-22 4.4346018e-40
43627705 1.3061301e+17 2.9917524e+09 2058540.3 1.4169892e-27 7.9298128e-22 4.4186872e-40
43671362 1.3074362e+17 2.9917501e+09 2058795.8 1.4134529e-27 7.9060763e-22 4.4028292e-40
43715064 1.3087437e+17 2.9917478e+09 2059051.5 1.4099255e-27 7.8824108e-22 4.3870277e-40
43758809 1.3100524e+17 2.9917455e+09 2059307.4 1.4064068e-27 7.8588162e-22 4.3712823e-40
43802598 1.3113625e+17 2.9917432e+09 2059563.5 1.4028969e-27 7.8352922e-22 4.355593e-40
43846431 1.3126738e+17 2.9917408e+09 2059819.7 1.3993958e-27 7.8118387e-22 4.3399595e-40
43890307 1.3139865e+17 2.9917385e+09 2060076.1 1.3959034e-27 7.7884553e-22 4.3243816e-40
43934228 1.3153005e+17 2.9917362e+09 2060332.7 1.3924198e-27 7.7651419e-22 4.3088591e-40
43978192 1.3166158e+17 2.9917339e+09 2060589.4 1.3889448e-27 7.7418983e-22 4.2933919e-40
44022201 1.3179324e+17 2.9917316e+09 2060846.3 1.3854785e-27 7.7187243e-22 4.2779797e-40
44066253 1.3192503e+17 2.9917293e+09 2061103.4 1.3820209e-27 7.6956196e-22 4.2626224e-40
44110350 1.3205696e+17 2.991727e+09 2061360.6 1.3785719e-27 7.6725842e-22 4.2473197e-40
44154490 1.3218902e+17 2.9917246e+09 2061618.1 1.3751315e-27 7.6496176e-22 4.2320715e-40
44198675 1.323212e+17 2.9917223e+09 2061875.6 1.3716996e-27 7.6267198e-22 4.2168776e-40
44242904 1.3245353e+17 2.99172e+09 2062133.4 1.3682764e-27 7.6038906e-22 4.2017377e-40
44287178 1.3258598e+17 2.9917177e+09 2062391.3 1.3648617e-27 7.5811297e-22 4.1866518e-40
44331495 1.3271857e+17 2.9917154e+09 2062649.4 1.3614555e-27 7.5584369e-22 4.1716195e-40
44375857 1.3285128e+17 2.9917131e+09 2062907.7 1.3580578e-27 7.5358121e-22 4.1566407e-40
44420264 1.3298414e+17 2.9917107e+09 2063166.1 1.3546686e-27 7.5132549e-22 4.1417153e-40
44464715 1.3311712e+17 2.9917084e+09 2063424.7 1.3512878e-27 7.4907653e-22 4.126843e-40
44509210 1.3325024e+17 2.9917061e+09 2063683.5 1.3479155e-27 7.468343e-22 4.1120236e-40
44553750 1.3338349e+17 2.9917038e+09 2063942.4 1.3445516e-27 7.4459879e-22 4.097257e-40
44598334 1.3351687e+17 2.9917015e+09 2064201.5 1.3411961e-27 7.4236996e-22 4.082543e-40
44642963 1.3365039e+17 2.9916991e+09 2064460.8 1.337849e-27 7.4014781e-22 4.0678814e-40
44687637 1.3378404e+17 2.9916968e+09 2064720.3 1.3345102e-27 7.3793231e-22 4.053272e-40
44732356 1.3391782e+17 2.9916945e+09 2064979.9 1.3311797e-27 7.3572344e-22 4.0387146e-40
44777119 1.3405174e+17 2.9916922e+09 2065239.7 1.3278576e-27 7.3352118e-22 4.024209e-40
44821927 1.3418579e+17 2.9916899e+09 2065499.6 1.3245438e-27 7.3132551e-22 4.0097551e-40
44866780 1.3431998e+17 2.9916875e+09 2065759.7 1.3212382e-27 7.2913642e-22 3.9953527e-40
44911677 1.344543e+17 2.9916852e+09 2066020 1.3179409e-27 7.2695388e-22 3.9810015e-40
44956620 1.3458875e+17 2.9916829e+09 2066280.5 1.3146518e-27 7.2477787e-22 3.9667015e-40
45001608 1.3472334e+17 2.9916806e+09 2066541.1 1.3113709e-27 7.2260838e-22 3.9524524e-40
45046640 1.3485806e+17 2.9916782e+09 2066801.9 1.3080982e-27 7.2044538e-22 3.9382541e-40
45091718 1.3499292e+17 2.9916759e+09 2067062.9 1.3048337e-27 7.1828885e-22 3.9241063e-40
45136841 1.3512791e+17 2.9916736e+09 2067324 1.3015773e-27 7.1613878e-22 3.9100089e-40
45182009 1.3526304e+17 2.9916713e+09 2067585.3 1.298329e-27 7.1399515e-22 3.8959618e-40
45227222 1.3539831e+17 2.9916689e+09 2067846.8 1.2950889e-27 7.1185793e-22 3.8819647e-40
45272481 1.355337e+17 2.9916666e+09 2068108.5 1.2918568e-27 7.0972711e-22 3.8680174e-40
45317784 1.3566924e+17 2.9916643e+09 2068370.3 1.2886328e-27 7.0760267e-22 3.8541199e-40
45363133 1.3580491e+17 2.991662e+09 2068632.3 1.2854168e-27 7.0548458e-22 3.8402718e-40
45408528 1.3594071e+17 2.9916596e+09 2068894.4 1.2822089e-27 7.0337284e-22 3.8264731e-40
45453968 1.3607665e+17 2.9916573e+09 2069156.7 1.279009e-27 7.0126742e-22 3.8127236e-40
45499453 1.3621273e+17 2.991655e+09 2069419.2 1.2758171e-27 6.991683e-22 3.799023e-40
45544984 1.3634894e+17 2.9916526e+09 2069681.9 1.2726331e-27 6.9707546e-22 3.7853713e-40
45590561 1.3648529e+17 2.9916503e+09 2069944.7 1.2694571e-27 6.9498889e-22 3.7717682e-40
45636183 1.3662178e+17 2.991648e+09 2070207.7 1.266289e-27 6.9290857e-22 3.7582136e-40
45681850 1.367584e+17 2.9916457e+09 2070470.9 1.2631288e-27 6.9083447e-22 3.7447073e-40
45727564 1.3689516e+17 2.9916433e+09 2070734.2 1.2599765e-27 6.8876658e-22 3.7312491e-40
45773323 1.3703205e+17 2.991641e+09 2070997.7 1.256832e-27 6.8670488e-22 3.7178389e-40
45819128 1.3716908e+17 2.9916387e+09 2071261.4 1.2536955e-27 6.8464935e-22 3.7044765e-40
45864979 1.3730625e+17 2.9916363e+09 2071525.2 1.2505667e-27 6.8259998e-22 3.6911617e-40
45910875 1.3744356e+17 2.991634e+09 2071789.2 1.2474457e-27 6.8055674e-22 3.6778944e-40
45956818 1.37581e+17 2.9916317e+09 2072053.4 1.2443326e-27 6.7851961e-22 3.6646744e-40
46002807 1.3771858e+17 2.9916293e+09 2072317.8 1.2412272e-27 6.7648858e-22 3.6515015e-40
46048841 1.378563e+17 2.991627e+09 2072582.3 1.2381295e-27 6.7446364e-22 3.6383756e-40
46094922 1.3799416e+17 2.9916247e+09 2072847 1.2350396e-27 6.7244475e-22 3.6252964e-40
46141049 1.3813215e+17 2.9916223e+09 2073111.8 1.2319574e-27 6.7043191e-22 3.6122639e-40
46187222 1.3827028e+17 2.99162e+09 2073376.9 1.2288829e-27 6.6842509e-22 3.5992778e-40
46233441 1.3840855e+17 2.9916177e+09 2073642.1 1.2258161e-27 6.6642428e-22 3.5863381e-40
46279707 1.3854696e+17 2.9916153e+09 2073907.4 1.2227569e-27 6.6442946e-22 3.5734445e-40
46326018 1.3868551e+17 2.991613e+09 2074172.9 1.2197053e-27 6.6244061e-22 3.5605968e-40
46372376 1.388242e+17 2.9916106e+09 2074438.6 1.2166614e-27 6.6045771e-22 3.547795e-40
46418781 1.3896302e+17 2.9916083e+09 2074704.5 1.2136251e-27 6.5848075e-22 3.5350388e-40
46465232 1.3910198e+17 2.991606e+09 2074970.6 1.2105963e-27 6.5650971e-22 3.5223281e-40
46511729 1.3924108e+17 2.9916036e+09 2075236.8 1.2075751e-27 6.5454456e-22 3.5096627e-40
46558273 1.3938033e+17 2.9916013e+09 2075503.1 1.2045614e-27 6.525853e-22 3.4970425e-40
46604864 1.3951971e+17 2.991599e+09 2075769.7 1.2015553e-27 6.5063191e-22 3.4844673e-40
46651501 1.3965923e+17 2.9915966e+09 2076036.4 1.1985566e-27 6.4868436e-22 3.471937e-40
46698185 1.3979889e+17 2.9915943e+09 2076303.3 1.1955655e-27 6.4674264e-22 3.4594513e-40
46744915 1.3993868e+17 2.9915919e+09 2076570.3 1.1925818e-27 6.4480673e-22 3.4470102e-40
46791693 1.4007862e+17 2.9915896e+09 2076837.5 1.1896056e-27 6.4287662e-22 3.4346135e-40
46838517 1.402187e+17 2.9915873e+09 2077104.9 1.1866367e-27 6.4095228e-22 3.422261e-40
46885388 1.4035892e+17 2.9915849e+09 2077372.5 1.1836753e-27 6.3903371e-22 3.4099525e-40
46932306 1.4049928e+17 2.9915826e+09 2077640.2 1.1807213e-27 6.3712088e-22 3.397688e-40
46979271 1.4063978e+17 2.9915802e+09 2077908.1 1.1777747e-27 6.3521377e-22 3.3854672e-40
47026282 1.4078042e+17 2.9915779e+09 2078176.2 1.1748354e-27 6.3331237e-22 3.37329e-40
47073341 1.409212e+17 2.9915755e+09 2078444.4 1.1719034e-27 6.3141667e-22 3.3611563e-40
47120447 1.4106212e+17 2.9915732e+09 2078712.8 1.1689788e-27 6.2952663e-22 3.3490658e-40
47167601 1.4120318e+17 2.9915709e+09 2078981.4 1.1660614e-27 6.2764226e-22 3.3370185e-40
47214801 1.4134438e+17 2.9915685e+09 2079250.1 1.1631514e-27 6.2576353e-22 3.3250142e-40
47262049 1.4148573e+17 2.9915662e+09 2079519 1.1602486e-27 6.2389042e-22 3.3130527e-40
47309343 1.4162722e+17 2.9915638e+09 2079788.1 1.157353e-27 6.2202292e-22 3.3011339e-40
47356686 1.4176884e+17 2.9915615e+09 2080057.3 1.1544647e-27 6.20161e-22 3.2892576e-40
47404075 1.4191061e+17 2.9915591e+09 2080326.7 1.1515836e-27 6.1830466e-22 3.2774237e-40
47451512 1.4205252e+17 2.9915568e+09 2080596.3 1.1487097e-27 6.1645388e-22 3.265632e-40
47498997 1.4219457e+17 2.9915544e+09 2080866.1 1.1458429e-27 6.1460864e-22 3.2538825e-40
47546529 1.4233677e+17 2.9915521e+09 2081136 1.1429833e-27 6.1276892e-22 3.2421748e-40
47594108 1.4247911e+17 2.9915497e+09 2081406.1 1.1401308e-27 6.1093471e-22 3.230509e-40
47641735 1.4262158e+17 2.9915474e+09 2081676.3 1.1372855e-27 6.0910599e-22 3.2188847e-40
47689410 1.4276421e+17 2.991545e+09 2081946.7 1.1344472e-27 6.0728274e-22 3.207302e-40
47737133 1.4290697e+17 2.9915427e+09 2082217.3 1.1316161e-27 6.0546495e-22 3.1957606e-40
47784903 1.4304988e+17 2.9915403e+09 2082488.1 1.128792e-27 6.036526e-22 3.1842605e-40
47832721 1.4319293e+17 2.991538e+09 2082759 1.1259749e-27 6.0184567e-22 3.1728013e-40
47880587 1.4333612e+17 2.9915356e+09 2083030.1 1.1231649e-27 6.0004416e-22 3.1613831e-40
47928501 1.4347946e+17 2.9915333e+09 2083301.4 1.1203619e-27 5.9824804e-22 3.1500057e-40
47976463 1.4362294e+17 2.9915309e+09 2083572.8 1.1175659e-27 5.9645729e-22 3.1386688e-40
48024473 1.4376656e+17 2.9915286e+09 2083844.4 1.1147769e-27 5.9467191e-22 3.1273725e-40
48072531 1.4391033e+17 2.9915262e+09 2084116.2 1.1119948e-27 5.9289186e-22 3.1161165e-40
48120637 1.4405424e+17 2.9915239e+09 2084388.1 1.1092197e-27 5.9111715e-22 3.1049006e-40
48168791 1.4419829e+17 2.9915215e+09 2084660.2 1.1064515e-27 5.8934775e-22 3.0937249e-40
48216993 1.4434249e+17 2.9915192e+09 2084932.5 1.1036902e-27 5.8758365e-22 3.082589e-40
48265244 1.4448683e+17 2.9915168e+09 2085204.9 1.1009358e-27 5.8582482e-22 3.0714929e-40
48313543 1.4463132e+17 2.9915145e+09 2085477.6 1.0981882e-27 5.8407126e-22 3.0604364e-40
48361890 1.4477595e+17 2.9915121e+09 2085750.3 1.0954476e-27 5.8232295e-22 3.0494194e-40
48410285 1.4492072e+17 2.9915097e+09 2086023.3 1.0927137e-27 5.8057988e-22 3.0384418e-40
48458729 1.4506565e+17 2.9915074e+09 2086296.4 1.0899867e-27 5.7884202e-22 3.0275033e-40
48507222 1.4521071e+17 2.991505e+09 2086569.7 1.0872665e-27 5.7710936e-22 3.016604e-40
48555763 1.4535592e+17 2.9915027e+09 2086843.1 1.0845531e-27 5.7538189e-22 3.0057435e-40
48604353 1.4550128e+17 2.9915003e+09 2087116.8 1.0818464e-27 5.7365959e-22 2.9949219e-40
48652991 1.4564678e+17 2.991498e+09 2087390.6 1.0791466e-27 5.7194244e-22 2.9841389e-40
48701678 1.4579243e+17 2.9914956e+09 2087664.5 1.0764534e-27 5.7023044e-22 2.9733944e-40
48750413 1.4593822e+17 2.9914932e+09 2087938.6 1.073767e-27 5.6852356e-22 2.9626883e-40
48799198 1.4608416e+17 2.9914909e+09 2088212.9 1.0710872e-27 5.6682179e-22 2.9520205e-40
48848031 1.4623024e+17 2.9914885e+09 2088487.4 1.0684142e-27 5.6512511e-22 2.9413908e-40
48896913 1.4637647e+17 2.9914862e+09 2088762 1.0657478e-27 5.6343352e-22 2.930799e-40
48945844 1.4652285e+17 2.9914838e+09 2089036.8 1.0630881e-27 5.6174698e-22 2.9202451e-40
48994824 1.4666937e+17 2.9914814e+09 2089311.8 1.060435e-27 5.600655e-22 2.9097289e-40
49043853 1.4681604e+17 2.9914791e+09 2089586.9 1.0577886e-27 5.5838904e-22 2.8992503e-40
49092931 1.4696286e+17 2.9914767e+09 2089862.2 1.0551487e-27 5.5671761e-22 2.8888091e-40
49142058 1.4710982e+17 2.9914744e+09 2090137.7 1.0525155e-27 5.5505118e-22 2.8784052e-40
49191235 1.4725693e+17 2.991472e+09 2090413.4 1.0498888e-27 5.5338973e-22 2.8680385e-40
49240460 1.4740419e+17 2.9914696e+09 2090689.2 1.0472687e-27 5.5173327e-22 2.8577089e-40
49289735 1.4755159e+17 2.9914673e+09 2090965.1 1.0446551e-27 5.5008175e-22 2.8474161e-40
49339059 1.4769914e+17 2.9914649e+09 2091241.3 1.042048e-27 5.4843519e-22 2.8371602e-40
49388433 1.4784684e+17 2.9914625e+09 2091517.6 1.0394474e-27 5.4679355e-22 2.8269409e-40
49437856 1.4799469e+17 2.9914602e+09 2091794.1 1.0368533e-27 5.4515682e-22 2.8167581e-40
49487328 1.4814268e+17 2.9914578e+09 2092070.7 1.0342657e-27 5.43525e-22 2.8066117e-40
49536850 1.4829082e+17 2.9914554e+09 2092347.5 1.0316846e-27 5.4189806e-22 2.7965016e-40
49586421 1.4843912e+17 2.9914531e+09 2092624.5 1.0291099e-27 5.4027598e-22 2.7864276e-40
49636043 1.4858755e+17 2.9914507e+09 2092901.7 1.0265416e-27 5.3865877e-22 2.7763897e-40
49685713 1.4873614e+17 2.9914483e+09 2093179 1.0239797e-27 5.3704639e-22 2.7663876e-40
49735434 1.4888488e+17 2.991446e+09 2093456.5 1.0214243e-27 5.3543885e-22 2.7564213e-40
49785204 1.4903376e+17 2.9914436e+09 2093734.2 1.0188752e-27 5.3383611e-22 2.7464906e-40
49835024 1.491828e+17 2.9914412e+09 2094012 1.0163324e-27 5.3223817e-22 2.7365954e-40
49884894 1.4933198e+17 2.9914389e+09 2094290 1.013796e-27 5.3064501e-22 2.7267356e-40
49934814 1.4948131e+17 2.9914365e+09 2094568.1 1.011266e-27 5.2905663e-22 2.716911e-40
49984783 1.4963079e+17 2.9914341e+09 2094846.5 1.0087422e-27 5.27473e-22 2.7071216e-40
50034803 1.4978042e+17 2.9914318e+09 2095125 1.0062248e-27 5.258941e-22 2.6973672e-40
50084873 1.499302e+17 2.9914294e+09 2095403.6 1.0037136e-27 5.2431994e-22 2.6876476e-40
50134993 1.5008013e+17 2.991427e+09 2095682.5 1.0012087e-27 5.2275048e-22 2.6779628e-40
50185163 1.5023021e+17 2.9914246e+09 2095961.5 9.9871006e-28 5.2118573e-22 2.6683127e-40
50235383 1.5038044e+17 2.9914223e+09 2096240.6 9.9621765e-28 5.1962566e-22 2.658697e-40
50285654 1.5053082e+17 2.9914199e+09 2096520 9.9373145e-28 5.1807025e-22 2.6491157e-40
50335975 1.5068136e+17 2.9914175e+09 2096799.5 9.9125147e-28 5.1651951e-22 2.6395687e-40
50386346 1.5083204e+17 2.9914152e+09 2097079.1 9.8877767e-28 5.149734e-22 2.6300559e-40
50436767 1.5098287e+17 2.9914128e+09 2097359 9.8631004e-28 5.1343193e-22 2.6205771e-40
50487240 1.5113385e+17 2.9914104e+09 2097639 9.8384858e-28 5.1189506e-22 2.6111321e-40
50537762 1.5128499e+17 2.991408e+09 2097919.2 9.8139325e-28 5.103628e-22 2.601721e-40
50588335 1.5143627e+17 2.9914057e+09 2098199.5 9.7894406e-28 5.0883513e-22 2.5923435e-40
50638959 1.5158771e+17 2.9914033e+09 2098480 9.7650097e-28 5.0731203e-22 2.5829996e-40
50689634 1.5173929e+17 2.9914009e+09 2098760.7 9.7406399e-28 5.0579348e-22 2.5736891e-40
50740359 1.5189103e+17 2.9913985e+09 2099041.6 9.7163308e-28 5.0427948e-22 2.5644119e-40
50791135 1.5204293e+17 2.9913962e+09 2099322.6 9.6920824e-28 5.0277002e-22 2.5551678e-40
50841961 1.5219497e+17 2.9913938e+09 2099603.8 9.6678946e-28 5.0126507e-22 2.5459569e-40
50892839 1.5234716e+17 2.9913914e+09 2099885.1 9.6437671e-28 4.9976463e-22 2.5367789e-40
50943767 1.5249951e+17 2.991389e+09 2100166.6 9.6196998e-28 4.9826868e-22 2.5276338e-40
50994747 1.5265201e+17 2.9913866e+09 2100448.3 9.5956926e-28 4.967772e-22 2.5185213e-40
51045778 1.5280466e+17 2.9913843e+09 2100730.2 9.5717452e-28 4.9529019e-22 2.5094415e-40
51096859 1.5295747e+17 2.9913819e+09 2101012.2 9.5478577e-28 4.9380764e-22 2.5003942e-40
51147992 1.5311042e+17 2.9913795e+09 2101294.4 9.5240298e-28 4.9232952e-22 2.4913792e-40
51199176 1.5326353e+17 2.9913771e+09 2101576.8 9.5002613e-28 4.9085582e-22 2.4823965e-40
51250411 1.534168e+17 2.9913747e+09 2101859.3 9.4765521e-28 4.8938654e-22 2.473446e-40
51301697 1.5357021e+17 2.9913724e+09 2102142 9.4529022e-28 4.8792165e-22 2.4645274e-40
51353035 1.5372378e+17 2.99137e+09 2102424.8 9.4293112e-28 4.8646115e-22 2.4556408e-40
51404424 1.5387751e+17 2.9913676e+09 2102707.9 9.4057791e-28 4.8500502e-22 2.446786e-40
51455865 1.5403139e+17 2.9913652e+09 2102991.1 9.3823058e-28 4.8355325e-22 2.4379629e-40
51507357 1.5418542e+17 2.9913628e+09 2103274.4 9.358891e-28 4.8210583e-22 2.4291714e-40
51558900 1.543396e+17 2.9913604e+09 2103558 9.3355346e-28 4.8066273e-22 2.4204113e-40
51610495 1.5449394e+17 2.9913581e+09 2103841.7 9.3122366e-28 4.7922396e-22 2.4116826e-40
51662142 1.5464844e+17 2.9913557e+09 2104125.5 9.2889967e-28 4.7778949e-22 2.4029851e-40
51713840 1.5480308e+17 2.9913533e+09 2104409.6 9.2658148e-28 4.7635932e-22 2.3943188e-40
51765591 1.5495789e+17 2.9913509e+09 2104693.8 9.2426907e-28 4.7493343e-22 2.3856835e-40
51817393 1.5511285e+17 2.9913485e+09 2104978.2 9.2196243e-28 4.7351181e-22 2.3770791e-40
51869246 1.5526796e+17 2.9913461e+09 2105262.7 9.1966156e-28 4.7209444e-22 2.3685055e-40
51921152 1.5542323e+17 2.9913437e+09 2105547.4 9.1736642e-28 4.7068132e-22 2.3599626e-40
51973110 1.5557865e+17 2.9913414e+09 2105832.3 9.1507701e-28 4.6927242e-22 2.3514503e-40
52025119 1.5573423e+17 2.991339e+09 2106117.3 9.1279332e-28 4.6786774e-22 2.3429685e-40
52077181 1.5588996e+17 2.9913366e+09 2106402.5 9.1051532e-28 4.6646727e-22 2.334517e-40
52129295 1.5604585e+17 2.9913342e+09 2106687.9 9.0824301e-28 4.6507099e-22 2.3260958e-40
52181461 1.562019e+17 2.9913318e+09 2106973.5 9.0597637e-28 4.6367889e-22 2.3177048e-40
52233679 1.563581e+17 2.9913294e+09 2107259.2 9.0371539e-28 4.6229095e-22 2.3093438e-40
52285950 1.5651446e+17 2.991327e+09 2107545.1 9.0146005e-28 4.6090717e-22 2.3010127e-40
52338272 1.5667097e+17 2.9913246e+09 2107831.1 8.9921033e-28 4.5952754e-22 2.2927115e-40
52390647 1.5682764e+17 2.9913222e+09 2108117.3 8.9696624e-28 4.5815203e-22 2.28444e-40
52443075 1.5698447e+17 2.9913198e+09 2108403.7 8.9472774e-28 4.5678064e-22 2.2761981e-40
52495555 1.5714146e+17 2.9913175e+09 2108690.3 8.9249483e-28 4.5541335e-22 2.2679858e-40
52548087 1.572986e+17 2.9913151e+09 2108977 8.9026749e-28 4.5405016e-22 2.2598028e-40
52600673 1.574559e+17 2.9913127e+09 2109263.9 8.8804571e-28 4.5269105e-22 2.2516492e-40
52653310 1.5761335e+17 2.9913103e+09 2109550.9 8.8582947e-28 4.51336e-22 2.2435248e-40
52706001 1.5777097e+17 2.9913079e+09 2109838.1 8.8361877e-28 4.4998502e-22 2.2354294e-40
52758744 1.5792874e+17 2.9913055e+09 2110125.5 8.8141358e-28 4.4863807e-22 2.2273631e-40
52811540 1.5808667e+17 2.9913031e+09 2110413.1 8.792139e-28 4.4729516e-22 2.2193257e-40
52864388 1.5824475e+17 2.9913007e+09 2110700.8 8.7701971e-28 4.4595627e-22 2.211317e-40
52917290 1.58403e+17 2.9912983e+09 2110988.7 8.7483099e-28 4.4462138e-22 2.2033371e-40
52970245 1.585614e+17 2.9912959e+09 2111276.8 8.7264773e-28 4.4329049e-22 2.1953857e-40
53023252 1.5871996e+17 2.9912935e+09 2111565 8.7046993e-28 4.4196359e-22 2.1874628e-40
53076313 1.5887868e+17 2.9912911e+09 2111853.4 8.6829755e-28 4.4064066e-22 2.1795684e-40
53129427 1.5903756e+17 2.9912887e+09 2112142 8.661306e-28 4.3932168e-22 2.1717022e-40
53182594 1.591966e+17 2.9912863e+09 2112430.7 8.6396906e-28 4.3800666e-22 2.1638641e-40
53235814 1.5935579e+17 2.9912839e+09 2112719.6 8.6181291e-28 4.3669557e-22 2.1560542e-40
53289087 1.5951515e+17 2.9912815e+09 2113008.6 8.5966214e-28 4.3538841e-22 2.1482723e-40
53342414 1.5967466e+17 2.9912791e+09 2113297.9 8.5751674e-28 4.3408515e-22 2.1405182e-40
53395794 1.5983434e+17 2.9912767e+09 2113587.3 8.553767e-28 4.327858e-22 2.1327919e-40
53449227 1.5999417e+17 2.9912743e+09 2113876.8 8.5324199e-28 4.3149034e-22 2.1250933e-40
53502714 1.6015417e+17 2.9912719e+09 2114166.6 8.5111261e-28 4.3019876e-22 2.1174223e-40
53556255 1.6031432e+17 2.9912695e+09 2114456.5 8.4898855e-28 4.2891104e-22 2.1097788e-40
53609849 1.6047464e+17 2.9912671e+09 2114746.6 8.4686979e-28 4.2762718e-22 2.1021627e-40
53663497 1.6063511e+17 2.9912647e+09 2115036.8 8.4475631e-28 4.2634716e-22 2.0945739e-40
53717198 1.6079575e+17 2.9912623e+09 2115327.2 8.4264811e-28 4.2507097e-22 2.0870123e-40
53770953 1.6095654e+17 2.9912599e+09 2115617.8 8.4054517e-28 4.2379861e-22 2.0794777e-40
53824762 1.611175e+17 2.9912575e+09 2115908.5 8.3844748e-28 4.2253005e-22 2.0719702e-40
53878625 1.6127862e+17 2.9912551e+09 2116199.4 8.3635503e-28 4.2126529e-22 2.0644896e-40
53932542 1.6143989e+17 2.9912527e+09 2116490.5 8.3426779e-28 4.2000431e-22 2.0570359e-40
53986512 1.6160133e+17 2.9912503e+09 2116781.7 8.3218577e-28 4.1874711e-22 2.0496088e-40
54040537 1.6176294e+17 2.9912479e+09 2117073.1 8.3010894e-28 4.1749367e-22 2.0422084e-40
54094616 1.619247e+17 2.9912455e+09 2117364.7 8.2803729e-28 4.1624398e-22 2.0348344e-40
54148749 1.6208662e+17 2.9912431e+09 2117656.5 8.2597082e-28 4.1499804e-22 2.027487e-40
54202936 1.6224871e+17 2.9912407e+09 2117948.4 8.239095e-28 4.1375582e-22 2.0201658e-40
54257177 1.6241096e+17 2.9912383e+09 2118240.4 8.2185332e-28 4.1251732e-22 2.012871e-40
54311472 1.6257337e+17 2.9912359e+09 2118532.7 8.1980228e-28 4.1128253e-22 2.0056022e-40
54365822 1.6273594e+17 2.9912335e+09 2118825.1 8.1775636e-28 4.1005144e-22 1.9983596e-40
54420227 1.6289868e+17 2.991231e+09 2119117.7 8.1571554e-28 4.0882403e-22 1.9911429e-40
54474685 1.6306158e+17 2.9912286e+09 2119410.4 8.1367981e-28 4.076003e-22 1.9839521e-40
54529199 1.6322464e+17 2.9912262e+09 2119703.3 8.1164917e-28 4.0638022e-22 1.976787e-40
54583766 1.6338786e+17 2.9912238e+09 2119996.4 8.0962359e-28 4.051638e-22 1.9696477e-40
54638389 1.6355125e+17 2.9912214e+09 2120289.7 8.0760307e-28 4.0395102e-22 1.962534e-40
54693066 1.637148e+17 2.991219e+09 2120583.1 8.0558759e-28 4.0274188e-22 1.9554458e-40
54747798 1.6387852e+17 2.9912166e+09 2120876.7 8.0357714e-28 4.0153635e-22 1.948383e-40
54802584 1.640424e+17 2.9912142e+09 2121170.4 8.0157171e-28 4.0033443e-22 1.9413455e-40
54857426 1.6420644e+17 2.9912118e+09 2121464.3 7.9957128e-28 3.991361e-22 1.9343333e-40
54912322 1.6437065e+17 2.9912093e+09 2121758.4 7.9757584e-28 3.9794137e-22 1.9273462e-40
54967273 1.6453502e+17 2.9912069e+09 2122052.7 7.9558539e-28 3.9675021e-22 1.9203842e-40
55022279 1.6469955e+17 2.9912045e+09 2122347.1 7.935999e-28 3.9556261e-22 1.9134471e-40
55077341 1.6486425e+17 2.9912021e+09 2122641.7 7.9161937e-28 3.9437858e-22 1.906535e-40
55132457 1.6502911e+17 2.9911997e+09 2122936.4 7.8964378e-28 3.9319808e-22 1.8996476e-40
55187629 1.6519414e+17 2.9911973e+09 2123231.4 7.8767312e-28 3.9202112e-22 1.892785e-40
55242855 1.6535934e+17 2.9911949e+09 2123526.4 7.8570737e-28 3.9084768e-22 1.8859469e-40
55298137 1.655247e+17 2.9911924e+09 2123821.7 7.8374654e-28 3.8967775e-22 1.8791334e-40
55353475 1.6569022e+17 2.99119e+09 2124117.1 7.817906e-28 3.8851133e-22 1.8723443e-40
55408868 1.6585591e+17 2.9911876e+09 2124412.7 7.7983953e-28 3.873484e-22 1.8655796e-40
55464316 1.6602177e+17 2.9911852e+09 2124708.5 7.7789334e-28 3.8618895e-22 1.8588392e-40
55519819 1.6618779e+17 2.9911828e+09 2125004.4 7.7595201e-28 3.8503297e-22 1.852123e-40
55575379 1.6635398e+17 2.9911804e+09 2125300.5 7.7401552e-28 3.8388045e-22 1.8454308e-40
55630993 1.6652033e+17 2.9911779e+09 2125596.8 7.7208386e-28 3.8273138e-22 1.8387627e-40
55686664 1.6668685e+17 2.9911755e+09 2125893.2 7.7015702e-28 3.8158574e-22 1.8321185e-40
55742390 1.6685354e+17 2.9911731e+09 2126189.8 7.6823499e-28 3.8044354e-22 1.8254981e-40
55798172 1.6702039e+17 2.9911707e+09 2126486.5 7.6631776e-28 3.7930476e-22 1.8189015e-40
55854010 1.6718741e+17 2.9911683e+09 2126783.5 7.6440532e-28 3.7816939e-22 1.8123285e-40
55909904 1.673546e+17 2.9911658e+09 2127080.6 7.6249764e-28 3.7703741e-22 1.8057792e-40
55965853 1.6752195e+17 2.9911634e+09 2127377.8 7.6059473e-28 3.7590882e-22 1.7992534e-40
56021859 1.6768948e+17 2.991161e+09 2127675.2 7.5869656e-28 3.7478362e-22 1.7927509e-40
56077921 1.6785717e+17 2.9911586e+09 2127972.8 7.5680314e-28 3.7366177e-22 1.7862718e-40
56134038 1.6802502e+17 2.9911562e+09 2128270.6 7.5491444e-28 3.7254329e-22 1.779816e-40
56190212 1.6819305e+17 2.9911537e+09 2128568.5 7.5303045e-28 3.7142816e-22 1.7733834e-40
56246442 1.6836124e+17 2.9911513e+09 2128866.6 7.5115116e-28 3.7031636e-22 1.7669738e-40
56302729 1.685296e+17 2.9911489e+09 2129164.9 7.4927656e-28 3.6920789e-22 1.7605872e-40
56359072 1.6869813e+17 2.9911465e+09 2129463.3 7.4740665e-28 3.6810274e-22 1.7542236e-40
56415471 1.6886683e+17 2.991144e+09 2129761.9 7.4554139e-28 3.670009e-22 1.7478828e-40
56471926 1.690357e+17 2.9911416e+09 2130060.7 7.436808e-28 3.6590235e-22 1.7415648e-40
56528438 1.6920473e+17 2.9911392e+09 2130359.6 7.4182484e-28 3.648071e-22 1.7352694e-40
56585007 1.6937394e+17 2.9911368e+09 2130658.7 7.3997352e-28 3.6371512e-22 1.7289967e-40
56641632 1.6954331e+17 2.9911343e+09 2130958 7.3812682e-28 3.6262641e-22 1.7227465e-40
56698314 1.6971285e+17 2.9911319e+09 2131257.4 7.3628473e-28 3.6154096e-22 1.7165187e-40
56755053 1.6988257e+17 2.9911295e+09 2131557 7.3444723e-28 3.6045876e-22 1.7103132e-40
56811848 1.7005245e+17 2.991127e+09 2131856.8 7.3261432e-28 3.593798e-22 1.7041301e-40
56868701 1.702225e+17 2.9911246e+09 2132156.7 7.3078599e-28 3.5830407e-22 1.6979692e-40
56925610 1.7039273e+17 2.9911222e+09 2132456.8 7.2896222e-28 3.5723156e-22 1.6918303e-40
56982576 1.7056312e+17 2.9911198e+09 2132757.1 7.2714299e-28 3.5616225e-22 1.6857136e-40
57039599 1.7073368e+17 2.9911173e+09 2133057.5 7.2532831e-28 3.5509615e-22 1.6796188e-40
57096680 1.7090441e+17 2.9911149e+09 2133358.1 7.2351816e-28 3.5403324e-22 1.6735458e-40
57153817 1.7107532e+17 2.9911125e+09 2133658.9 7.2171253e-28 3.5297352e-22 1.6674947e-40
57211011 1.7124639e+17 2.99111e+09 2133959.8 7.199114e-28 3.5191696e-22 1.6614653e-40
57268263 1.7141764e+17 2.9911076e+09 2134260.9 7.1811476e-28 3.5086357e-22 1.6554576e-40
57325572 1.7158906e+17 2.9911052e+09 2134562.2 7.1632261e-28 3.4981333e-22 1.6494715e-40
57382939 1.7176065e+17 2.9911027e+09 2134863.7 7.1453494e-28 3.4876623e-22 1.6435068e-40
57440363 1.7193241e+17 2.9911003e+09 2135165.3 7.1275172e-28 3.4772227e-22 1.6375636e-40
57497844 1.7210434e+17 2.9910979e+09 2135467 7.1097296e-28 3.4668143e-22 1.6316417e-40
57555383 1.7227644e+17 2.9910954e+09 2135769 7.0919863e-28 3.4564371e-22 1.6257411e-40
57612979 1.7244872e+17 2.991093e+09 2136071.1 7.0742873e-28 3.446091e-22 1.6198617e-40
57670633 1.7262117e+17 2.9910906e+09 2136373.3 7.0566325e-28 3.4357758e-22 1.6140034e-40
57728345 1.7279379e+17 2.9910881e+09 2136675.8 7.0390217e-28 3.4254915e-22 1.6081661e-40
57786115 1.7296659e+17 2.9910857e+09 2136978.4 7.0214549e-28 3.4152379e-22 1.6023499e-40
57843942 1.7313955e+17 2.9910833e+09 2137281.2 7.003932e-28 3.4050151e-22 1.5965545e-40
57901827 1.7331269e+17 2.9910808e+09 2137584.1 6.9864527e-28 3.3948229e-22 1.5907799e-40
57959770 1.73486e+17 2.9910784e+09 2137887.2 6.9690171e-28 3.3846612e-22 1.5850261e-40
58017772 1.7365949e+17 2.9910759e+09 2138190.5 6.951625e-28 3.3745299e-22 1.579293e-40
58075831 1.7383315e+17 2.9910735e+09 2138493.9 6.9342763e-28 3.3644289e-22 1.5735804e-40
58133948 1.7400698e+17 2.9910711e+09 2138797.5 6.9169709e-28 3.3543581e-22 1.5678884e-40
58192124 1.7418099e+17 2.9910686e+09 2139101.3 6.8997087e-28 3.3443176e-22 1.5622168e-40
58250357 1.7435517e+17 2.9910662e+09 2139405.3 6.8824896e-28 3.334307e-22 1.5565656e-40
58308649 1.7452953e+17 2.9910637e+09 2139709.4 6.8653134e-28 3.3243264e-22 1.5509348e-40
58367000 1.7470406e+17 2.9910613e+09 2140013.6 6.8481801e-28 3.3143757e-22 1.5453241e-40
58425408 1.7487876e+17 2.9910589e+09 2140318.1 6.8310896e-28 3.3044548e-22 1.5397336e-40
58483875 1.7505364e+17 2.9910564e+09 2140622.7 6.8140417e-28 3.2945636e-22 1.5341632e-40
58542401 1.7522869e+17 2.991054e+09 2140927.5 6.7970364e-28 3.284702e-22 1.5286129e-40
58600985 1.7540392e+17 2.9910515e+09 2141232.4 6.7800735e-28 3.2748699e-22 1.5230824e-40
58659628 1.7557932e+17 2.9910491e+09 2141537.5 6.7631529e-28 3.2650672e-22 1.5175719e-40
58718330 1.757549e+17 2.9910466e+09 2141842.8 6.7462746e-28 3.2552939e-22 1.5120812e-40
58777090 1.7593066e+17 2.9910442e+09 2142148.2 6.7294384e-28 3.2455499e-22 1.5066101e-40
58835909 1.7610659e+17 2.9910418e+09 2142453.8 6.7126442e-28 3.235835e-22 1.5011588e-40
58894787 1.762827e+17 2.9910393e+09 2142759.6 6.6958919e-28 3.2261491e-22 1.4957271e-40
58953724 1.7645898e+17 2.9910369e+09 2143065.6 6.6791814e-28 3.2164923e-22 1.4903148e-40
59012720 1.7663544e+17 2.9910344e+09 2143371.7 6.6625126e-28 3.2068644e-22 1.4849221e-40
59071775 1.7681207e+17 2.991032e+09 2143678 6.6458854e-28 3.1972653e-22 1.4795487e-40
59130889 1.7698888e+17 2.9910295e+09 2143984.4 6.6292998e-28 3.1876949e-22 1.4741946e-40
59190062 1.7716587e+17 2.9910271e+09 2144291 6.6127555e-28 3.1781532e-22 1.4688598e-40
59249295 1.7734304e+17 2.9910246e+09 2144597.8 6.5962525e-28 3.1686401e-22 1.4635442e-40
59308587 1.7752038e+17 2.9910222e+09 2144904.7 6.5797907e-28 3.1591554e-22 1.4582476e-40
59367938 1.776979e+17 2.9910197e+09 2145211.8 6.5633699e-28 3.1496991e-22 1.4529702e-40
59427348 1.778756e+17 2.9910173e+09 2145519.1 6.5469902e-28 3.1402711e-22 1.4477116e-40
59486818 1.7805348e+17 2.9910148e+09 2145826.6 6.5306513e-28 3.1308714e-22 1.442472e-40
59546348 1.7823153e+17 2.9910124e+09 2146134.2 6.5143532e-28 3.1214997e-22 1.4372513e-40
59605937 1.7840976e+17 2.9910099e+09 2146442 6.4980958e-28 3.1121562e-22 1.4320493e-40
59665585 1.7858817e+17 2.9910075e+09 2146749.9 6.4818789e-28 3.1028406e-22 1.426866e-40
59725294 1.7876676e+17 2.991005e+09 2147058 6.4657025e-28 3.0935528e-22 1.4217014e-40
59785062 1.7894553e+17 2.9910026e+09 2147366.3 6.4495665e-28 3.0842929e-22 1.4165553e-40
59844890 1.7912447e+17 2.9910001e+09 2147674.7 6.4334708e-28 3.0750607e-22 1.4114277e-40
59904778 1.793036e+17 2.9909977e+09 2147983.3 6.4174152e-28 3.0658561e-22 1.4063186e-40
59964725 1.794829e+17 2.9909952e+09 2148292.1 6.4013997e-28 3.0566791e-22 1.4012279e-40
60024733 1.7966238e+17 2.9909928e+09 2148601.1 6.3854242e-28 3.0475296e-22 1.3961554e-40
60084801 1.7984205e+17 2.9909903e+09 2148910.2 6.3694885e-28 3.0384074e-22 1.3911012e-40
60144929 1.8002189e+17 2.9909879e+09 2149219.5 6.3535926e-28 3.0293126e-22 1.3860652e-40
60205117 1.8020191e+17 2.9909854e+09 2149528.9 6.3377364e-28 3.020245e-22 1.3810473e-40
60265365 1.8038211e+17 2.9909829e+09 2149838.5 6.3219197e-28 3.0112045e-22 1.3760474e-40
60325674 1.8056249e+17 2.9909805e+09 2150148.3 6.3061425e-28 3.002191e-22 1.3710656e-40
60386043 1.8074306e+17 2.990978e+09 2150458.2 6.2904047e-28 2.9932046e-22 1.3661016e-40
60446472 1.809238e+17 2.9909756e+09 2150768.4 6.2747062e-28 2.9842451e-22 1.3611555e-40
60506962 1.8110472e+17 2.9909731e+09 2151078.6 6.2590469e-28 2.9753123e-22 1.3562272e-40
60567513 1.8128583e+17 2.9909707e+09 2151389.1 6.2434266e-28 2.9664064e-22 1.3513166e-40
60628124 1.8146711e+17 2.9909682e+09 2151699.7 6.2278453e-28 2.957527e-22 1.3464237e-40
60688795 1.8164858e+17 2.9909657e+09 2152010.5 6.2123029e-28 2.9486743e-22 1.3415484e-40
60749528 1.8183023e+17 2.9909633e+09 2152321.4 6.1967993e-28 2.939848e-22 1.3366907e-40
60810321 1.8201206e+17 2.9909608e+09 2152632.5 6.1813343e-28 2.9310482e-22 1.3318504e-40
60871175 1.8219407e+17 2.9909584e+09 2152943.8 6.165908e-28 2.9222747e-22 1.3270275e-40
60932090 1.8237627e+17 2.9909559e+09 2153255.3 6.1505202e-28 2.9135275e-22 1.322222e-40
60993066 1.8255864e+17 2.9909534e+09 2153566.9 6.1351707e-28 2.9048064e-22 1.3174338e-40
61054103 1.827412e+17 2.990951e+09 2153878.7 6.1198596e-28 2.8961115e-22 1.3126628e-40
61115201 1.8292394e+17 2.9909485e+09 2154190.6 6.1045867e-28 2.8874426e-22 1.3079089e-40
61176360 1.8310687e+17 2.990946e+09 2154502.7 6.0893519e-28 2.8787996e-22 1.3031722e-40
61237580 1.8328997e+17 2.9909436e+09 2154815 6.0741551e-28 2.8701825e-22 1.2984525e-40
61298862 1.8347326e+17 2.9909411e+09 2155127.4 6.0589963e-28 2.8615912e-22 1.2937498e-40
61360205 1.8365674e+17 2.9909387e+09 2155440 6.0438752e-28 2.8530257e-22 1.2890641e-40
61421609 1.8384039e+17 2.9909362e+09 2155752.8 6.028792e-28 2.8444857e-22 1.2843952e-40
61483075 1.8402423e+17 2.9909337e+09 2156065.8 6.0137463e-28 2.8359713e-22 1.2797431e-40
61544603 1.8420826e+17 2.9909313e+09 2156378.9 5.9987382e-28 2.8274824e-22 1.2751077e-40
61606192 1.8439246e+17 2.9909288e+09 2156692.2 5.9837676e-28 2.819019e-22 1.270489e-40
61667842 1.8457686e+17 2.9909263e+09 2157005.6 5.9688343e-28 2.8105808e-22 1.265887e-40
61729554 1.8476143e+17 2.9909239e+09 2157319.2 5.9539383e-28 2.8021679e-22 1.2613015e-40
61791328 1.849462e+17 2.9909214e+09 2157633 5.9390794e-28 2.7937802e-22 1.2567325e-40
61853164 1.8513114e+17 2.9909189e+09 2157946.9 5.9242577e-28 2.7854176e-22 1.25218e-40
61915062 1.8531627e+17 2.9909165e+09 2158261.1 5.9094729e-28 2.77708e-22 1.2476438e-40
61977022 1.8550159e+17 2.990914e+09 2158575.3 5.8947251e-28 2.7687674e-22 1.243124e-40
62039043 1.8568709e+17 2.9909115e+09 2158889.8 5.880014e-28 2.7604797e-22 1.2386205e-40
62101127 1.8587278e+17 2.990909e+09 2159204.4 5.8653397e-28 2.7522168e-22 1.2341331e-40
62163273 1.8605865e+17 2.9909066e+09 2159519.2 5.8507019e-28 2.7439786e-22 1.2296619e-40
62225481 1.8624471e+17 2.9909041e+09 2159834.1 5.8361007e-28 2.7357651e-22 1.2252069e-40
62287752 1.8643095e+17 2.9909016e+09 2160149.2 5.821536e-28 2.7275761e-22 1.2207678e-40
62350084 1.8661739e+17 2.9908992e+09 2160464.5 5.8070076e-28 2.7194117e-22 1.2163448e-40
62412479 1.86804e+17 2.9908967e+09 2160779.9 5.7925154e-28 2.7112717e-22 1.2119376e-40
62474937 1.8699081e+17 2.9908942e+09 2161095.6 5.7780594e-28 2.7031561e-22 1.2075464e-40
62537457 1.871778e+17 2.9908917e+09 2161411.3 5.7636395e-28 2.6950647e-22 1.2031709e-40
62600040 1.8736498e+17 2.9908893e+09 2161727.3 5.7492556e-28 2.6869976e-22 1.1988112e-40
62662685 1.8755234e+17 2.9908868e+09 2162043.4 5.7349076e-28 2.6789547e-22 1.1944672e-40
62725393 1.8773989e+17 2.9908843e+09 2162359.7 5.7205954e-28 2.6709358e-22 1.1901389e-40
62788163 1.8792763e+17 2.9908818e+09 2162676.1 5.7063189e-28 2.6629409e-22 1.1858261e-40
62850997 1.8811556e+17 2.9908794e+09 2162992.7 5.692078e-28 2.6549699e-22 1.1815289e-40
62913893 1.8830368e+17 2.9908769e+09 2163309.5 5.6778727e-28 2.6470228e-22 1.1772471e-40
62976853 1.8849198e+17 2.9908744e+09 2163626.4 5.6637028e-28 2.6390995e-22 1.1729808e-40
63039875 1.8868047e+17 2.9908719e+09 2163943.6 5.6495683e-28 2.6311999e-22 1.1687298e-40
63102960 1.8886915e+17 2.9908694e+09 2164260.8 5.635469e-28 2.623324e-22 1.1644941e-40
63166109 1.8905802e+17 2.990867e+09 2164578.3 5.621405e-28 2.6154716e-22 1.1602737e-40
63229321 1.8924708e+17 2.9908645e+09 2164895.9 5.607376e-28 2.6076428e-22 1.1560685e-40
63292596 1.8943633e+17 2.990862e+09 2165213.7 5.5933821e-28 2.5998373e-22 1.1518784e-40
63355934 1.8962576e+17 2.9908595e+09 2165531.6 5.5794231e-28 2.5920553e-22 1.1477035e-40
63419336 1.8981539e+17 2.9908571e+09 2165849.7 5.5654989e-28 2.5842965e-22 1.1435436e-40
63482801 1.900052e+17 2.9908546e+09 2166168 5.5516094e-28 2.5765609e-22 1.1393986e-40
63546330 1.9019521e+17 2.9908521e+09 2166486.4 5.5377547e-28 2.5688485e-22 1.1352686e-40
63609922 1.903854e+17 2.9908496e+09 2166805 5.5239345e-28 2.5611592e-22 1.1311535e-40
63673578 1.9057579e+17 2.9908471e+09 2167123.8 5.5101488e-28 2.5534929e-22 1.1270532e-40
63737298 1.9076636e+17 2.9908446e+09 2167442.8 5.4963975e-28 2.5458496e-22 1.1229676e-40
63801081 1.9095713e+17 2.9908422e+09 2167761.9 5.4826805e-28 2.5382291e-22 1.1188968e-40
63864929 1.9114809e+17 2.9908397e+09 2168081.1 5.4689977e-28 2.5306315e-22 1.1148407e-40
63928840 1.9133924e+17 2.9908372e+09 2168400.6 5.4553491e-28 2.5230566e-22 1.1107991e-40
63992815 1.9153058e+17 2.9908347e+09 2168720.2 5.4417346e-28 2.5155043e-22 1.1067721e-40
64056854 1.9172211e+17 2.9908322e+09 2169040 5.428154e-28 2.5079747e-22 1.1027597e-40
64120957 1.9191383e+17 2.9908297e+09 2169359.9 5.4146073e-28 2.5004676e-22 1.0987617e-40
64185125 1.9210574e+17 2.9908272e+09 2169680 5.4010945e-28 2.492983e-22 1.0947781e-40
64249356 1.9229785e+17 2.9908248e+09 2170000.3 5.3876153e-28 2.4855208e-22 1.0908088e-40
64313652 1.9249015e+17 2.9908223e+09 2170320.7 5.3741698e-28 2.4780809e-22 1.0868539e-40
64378013 1.9268264e+17 2.9908198e+09 2170641.3 5.3607579e-28 2.4706633e-22 1.0829132e-40
64442437 1.9287532e+17 2.9908173e+09 2170962.1 5.3473794e-28 2.4632679e-22 1.0789867e-40
64506926 1.9306819e+17 2.9908148e+09 2171283 5.3340343e-28 2.4558946e-22 1.0750744e-40
64571480 1.9326126e+17 2.9908123e+09 2171604.1 5.3207225e-28 2.4485434e-22 1.0711761e-40
64636099 1.9345452e+17 2.9908098e+09 2171925.4 5.307444e-28 2.4412142e-22 1.0672919e-40
64700782 1.9364798e+17 2.9908073e+09 2172246.8 5.2941986e-28 2.433907e-22 1.0634218e-40
64765529 1.9384163e+17 2.9908048e+09 2172568.5 5.2809862e-28 2.4266216e-22 1.0595655e-40
64830342 1.9403547e+17 2.9908024e+09 2172890.2 5.2678068e-28 2.419358e-22 1.0557232e-40
64895219 1.942295e+17 2.9907999e+09 2173212.2 5.2546603e-28 2.4121162e-22 1.0518947e-40
64960161 1.9442373e+17 2.9907974e+09 2173534.3 5.2415466e-28 2.404896e-22 1.04808e-40
65025169 1.9461816e+17 2.9907949e+09 2173856.5 5.2284656e-28 2.3976975e-22 1.044279e-40
65090241 1.9481277e+17 2.9907924e+09 2174179 5.2154173e-28 2.3905205e-22 1.0404918e-40
65155379 1.9500759e+17 2.9907899e+09 2174501.6 5.2024015e-28 2.383365e-22 1.0367182e-40
65220581 1.9520259e+17 2.9907874e+09 2174824.3 5.1894183e-28 2.3762309e-22 1.0329582e-40
65285849 1.953978e+17 2.9907849e+09 2175147.3 5.1764674e-28 2.3691181e-22 1.0292118e-40
65351183 1.955932e+17 2.9907824e+09 2175470.4 5.1635488e-28 2.3620267e-22 1.0254789e-40
65416581 1.9578879e+17 2.9907799e+09 2175793.7 5.1506625e-28 2.3549565e-22 1.0217594e-40
65482045 1.9598458e+17 2.9907774e+09 2176117.1 5.1378084e-28 2.3479074e-22 1.0180534e-40
65547575 1.9618056e+17 2.9907749e+09 2176440.7 5.1249863e-28 2.3408794e-22 1.0143607e-40
65613170 1.9637674e+17 2.9907724e+09 2176764.5 5.1121962e-28 2.3338725e-22 1.0106813e-40
65678831 1.9657312e+17 2.9907699e+09 2177088.4 5.099438e-28 2.3268866e-22 1.0070152e-40
65744558 1.9676969e+17 2.9907674e+09 2177412.5 5.0867117e-28 2.3199215e-22 1.0033623e-40
65810350 1.9696646e+17 2.9907649e+09 2177736.8 5.0740172e-28 2.3129773e-22 9.9972257e-41
65876208 1.9716343e+17 2.9907624e+09 2178061.2 5.0613543e-28 2.3060539e-22 9.9609598e-41
65942133 1.9736059e+17 2.9907599e+09 2178385.8 5.048723e-28 2.2991513e-22 9.9248246e-41
66008123 1.9755795e+17 2.9907574e+09 2178710.6 5.0361233e-28 2.2922692e-22 9.8888197e-41
66074179 1.9775551e+17 2.9907549e+09 2179035.5 5.023555e-28 2.2854078e-22 9.8529447e-41
66140301 1.9795327e+17 2.9907524e+09 2179360.6 5.011018e-28 2.278567e-22 9.817199e-41
66206490 1.9815122e+17 2.9907499e+09 2179685.9 4.9985124e-28 2.2717466e-22 9.7815822e-41
66272744 1.9834937e+17 2.9907474e+09 2180011.3 4.9860379e-28 2.2649466e-22 9.7460939e-41
66339065 1.9854772e+17 2.9907449e+09 2180336.9 4.9735946e-28 2.2581669e-22 9.7107336e-41
66405453 1.9874627e+17 2.9907424e+09 2180662.7 4.9611823e-28 2.2514076e-22 9.6755009e-41
66471906 1.9894501e+17 2.9907399e+09 2180988.6 4.9488011e-28 2.2446685e-22 9.6403952e-41
66538427 1.9914396e+17 2.9907374e+09 2181314.7 4.9364507e-28 2.2379496e-22 9.6054161e-41
66605014 1.993431e+17 2.9907349e+09 2181641 4.9241311e-28 2.2312507e-22 9.5705632e-41
66671667 1.9954245e+17 2.9907324e+09 2181967.4 4.9118423e-28 2.224572e-22 9.535836e-41
66738387 1.9974199e+17 2.9907299e+09 2182294 4.8995841e-28 2.2179132e-22 9.5012341e-41
66805175 1.9994173e+17 2.9907274e+09 2182620.7 4.8873566e-28 2.2112744e-22 9.466757e-41
66872028 2.0014167e+17 2.9907249e+09 2182947.7 4.8751595e-28 2.2046554e-22 9.4324042e-41
66938949 2.0034181e+17 2.9907224e+09 2183274.8 4.8629929e-28 2.1980562e-22 9.3981754e-41
67005937 2.0054216e+17 2.9907199e+09 2183602 4.8508567e-28 2.1914768e-22 9.3640701e-41
67072992 2.007427e+17 2.9907174e+09 2183929.5 4.8387508e-28 2.1849171e-22 9.3300878e-41
67140114 2.0094344e+17 2.9907149e+09 2184257.1 4.826675e-28 2.178377e-22 9.2962281e-41
67207303 2.0114438e+17 2.9907123e+09 2184584.8 4.8146294e-28 2.1718565e-22 9.2624906e-41
67274559 2.0134553e+17 2.9907098e+09 2184912.7 4.8026139e-28 2.1653556e-22 9.2288748e-41
67341883 2.0154687e+17 2.9907073e+09 2185240.8 4.7906283e-28 2.158874e-22 9.1953803e-41
67409274 2.0174842e+17 2.9907048e+09 2185569.1 4.7786727e-28 2.1524119e-22 9.1620066e-41
67476732 2.0195017e+17 2.9907023e+09 2185897.5 4.7667469e-28 2.1459691e-22 9.1287534e-41
67544258 2.0215212e+17 2.9906998e+09 2186226.1 4.7548508e-28 2.1395456e-22 9.0956201e-41
67611852 2.0235427e+17 2.9906973e+09 2186554.9 4.7429845e-28 2.1331414e-22 9.0626064e-41
67679513 2.0255663e+17 2.9906948e+09 2186883.8 4.7311477e-28 2.1267563e-22 9.0297119e-41
67747242 2.0275918e+17 2.9906923e+09 2187212.9 4.7193405e-28 2.1203903e-22 8.996936e-41
67815039 2.0296194e+17 2.9906897e+09 2187542.2 4.7075628e-28 2.1140434e-22 8.9642784e-41
67882903 2.031649e+17 2.9906872e+09 2187871.6 4.6958144e-28 2.1077154e-22 8.9317387e-41
67950836 2.0336807e+17 2.9906847e+09 2188201.2 4.6840954e-28 2.1014065e-22 8.8993164e-41
68018836 2.0357144e+17 2.9906822e+09 2188530.9 4.6724056e-28 2.0951164e-22 8.8670111e-41
68086905 2.0377501e+17 2.9906797e+09 2188860.9 4.660745e-28 2.0888451e-22 8.8348224e-41
68155042 2.0397878e+17 2.9906772e+09 2189190.9 4.6491135e-28 2.0825926e-22 8.8027499e-41
68223247 2.0418276e+17 2.9906747e+09 2189521.2 4.6375111e-28 2.0763588e-22 8.7707932e-41
68291520 2.0438694e+17 2.9906721e+09 2189851.6 4.6259375e-28 2.0701437e-22 8.7389517e-41
68359861 2.0459133e+17 2.9906696e+09 2190182.2 4.6143929e-28 2.0639471e-22 8.7072253e-41
68428271 2.0479592e+17 2.9906671e+09 2190513 4.6028771e-28 2.0577692e-22 8.6756133e-41
68496749 2.0500072e+17 2.9906646e+09 2190843.9 4.59139e-28 2.0516097e-22 8.6441154e-41
68565296 2.0520572e+17 2.9906621e+09 2191175 4.5799316e-28 2.0454686e-22 8.6127313e-41
68633912 2.0541092e+17 2.9906595e+09 2191506.2 4.5685018e-28 2.039346e-22 8.5814604e-41
68702596 2.0561634e+17 2.990657e+09 2191837.6 4.5571005e-28 2.0332416e-22 8.5503024e-41
68771349 2.0582195e+17 2.9906545e+09 2192169.2 4.5457276e-28 2.0271556e-22 8.5192569e-41
68840171 2.0602777e+17 2.990652e+09 2192501 4.5343832e-28 2.0210877e-22 8.4883235e-41
68909061 2.062338e+17 2.9906495e+09 2192832.9 4.523067e-28 2.015038e-22 8.4575017e-41
68978021 2.0644004e+17 2.9906469e+09 2193165 4.5117791e-28 2.0090065e-22 8.4267912e-41
69047049 2.0664648e+17 2.9906444e+09 2193497.2 4.5005194e-28 2.002993e-22 8.3961916e-41
69116147 2.0685312e+17 2.9906419e+09 2193829.7 4.4892877e-28 1.9969974e-22 8.3657025e-41
69185314 2.0705998e+17 2.9906394e+09 2194162.2 4.4780841e-28 1.9910199e-22 8.3353235e-41
69254550 2.0726704e+17 2.9906368e+09 2194495 4.4669085e-28 1.9850602e-22 8.3050541e-41
69323855 2.074743e+17 2.9906343e+09 2194827.9 4.4557607e-28 1.9791183e-22 8.2748941e-41
69393230 2.0768178e+17 2.9906318e+09 2195161 4.4446408e-28 1.9731943e-22 8.2448429e-41
69462674 2.0788946e+17 2.9906293e+09 2195494.3 4.4335486e-28 1.967288e-22 8.2149003e-41
69532187 2.0809735e+17 2.9906267e+09 2195827.7 4.4224841e-28 1.9613993e-22 8.1850658e-41
69601771 2.0830544e+17 2.9906242e+09 2196161.3 4.4114472e-28 1.9555283e-22 8.155339e-41
69671423 2.0851375e+17 2.9906217e+09 2196495 4.4004378e-28 1.9496749e-22 8.1257196e-41
69741146 2.0872226e+17 2.9906192e+09 2196828.9 4.389456e-28 1.9438389e-22 8.0962071e-41
69810938 2.0893099e+17 2.9906166e+09 2197163 4.3785015e-28 1.9380205e-22 8.0668012e-41
69880800 2.0913992e+17 2.9906141e+09 2197497.2 4.3675744e-28 1.9322195e-22 8.0375016e-41
69950733 2.0934906e+17 2.9906116e+09 2197831.7 4.3566745e-28 1.9264358e-22 8.0083077e-41
70020735 2.0955841e+17 2.9906091e+09 2198166.2 4.3458019e-28 1.9206694e-22 7.9792193e-41
70090807 2.0976796e+17 2.9906065e+09 2198501 4.3349564e-28 1.9149203e-22 7.9502359e-41
70160949 2.0997773e+17 2.990604e+09 2198835.9 4.3241379e-28 1.9091884e-22 7.9213572e-41
70231162 2.1018771e+17 2.9906015e+09 2199171 4.3133464e-28 1.9034737e-22 7.8925829e-41
70301444 2.103979e+17 2.9905989e+09 2199506.2 4.3025819e-28 1.8977761e-22 7.8639124e-41
70371797 2.106083e+17 2.9905964e+09 2199841.6 4.2918443e-28 1.8920955e-22 7.8353456e-41
70442221 2.108189e+17 2.9905939e+09 2200177.2 4.2811334e-28 1.8864319e-22 7.8068819e-41
70512715 2.1102972e+17 2.9905913e+09 2200513 4.2704493e-28 1.8807853e-22 7.778521e-41
70583279 2.1124075e+17 2.9905888e+09 2200848.9 4.2597918e-28 1.8751556e-22 7.7502626e-41
70653915 2.1145199e+17 2.9905863e+09 2201184.9 4.2491609e-28 1.8695427e-22 7.7221063e-41
70724621 2.1166345e+17 2.9905837e+09 2201521.2 4.2385566e-28 1.8639467e-22 7.6940517e-41
70795397 2.1187511e+17 2.9905812e+09 2201857.6 4.2279787e-28 1.8583674e-22 7.6660984e-41
70866245 2.1208698e+17 2.9905787e+09 2202194.2 4.2174272e-28 1.8528048e-22 7.6382462e-41
70937163 2.1229907e+17 2.9905761e+09 2202530.9 4.2069021e-28 1.8472588e-22 7.6104945e-41
71008152 2.1251137e+17 2.9905736e+09 2202867.8 4.1964032e-28 1.8417294e-22 7.5828431e-41
71079213 2.1272388e+17 2.9905711e+09 2203204.9 4.1859305e-28 1.8362166e-22 7.5552917e-41
71150344 2.1293661e+17 2.9905685e+09 2203542.1 4.175484e-28 1.8307203e-22 7.5278397e-41
71221547 2.1314954e+17 2.990566e+09 2203879.5 4.1650635e-28 1.8252405e-22 7.500487e-41
71292821 2.1336269e+17 2.9905634e+09 2204217.1 4.1546691e-28 1.819777e-22 7.4732331e-41
71364166 2.1357605e+17 2.9905609e+09 2204554.9 4.1443005e-28 1.8143299e-22 7.4460777e-41
71435583 2.1378963e+17 2.9905584e+09 2204892.8 4.1339579e-28 1.8088991e-22 7.4190204e-41
71507071 2.1400342e+17 2.9905558e+09 2205230.8 4.1236411e-28 1.8034846e-22 7.3920609e-41
71578631 2.1421742e+17 2.9905533e+09 2205569.1 4.11335e-28 1.7980863e-22 7.3651988e-41
71650262 2.1443164e+17 2.9905507e+09 2205907.5 4.1030846e-28 1.7927041e-22 7.3384338e-41
71721965 2.1464607e+17 2.9905482e+09 2206246 4.0928448e-28 1.7873381e-22 7.3117655e-41
71793740 2.1486072e+17 2.9905457e+09 2206584.8 4.0826305e-28 1.7819881e-22 7.2851936e-41
71865587 2.1507558e+17 2.9905431e+09 2206923.7 4.0724418e-28 1.7766541e-22 7.2587177e-41
71937505 2.1529066e+17 2.9905406e+09 2207262.8 4.0622785e-28 1.7713361e-22 7.2323375e-41
72009496 2.1550595e+17 2.990538e+09 2207602 4.0521405e-28 1.766034e-22 7.2060526e-41
72081559 2.1572145e+17 2.9905355e+09 2207941.4 4.0420279e-28 1.7607477e-22 7.1798628e-41
72153693 2.1593717e+17 2.9905329e+09 2208281 4.0319405e-28 1.7554773e-22 7.1537676e-41
72225900 2.1615311e+17 2.9905304e+09 2208620.7 4.0218782e-28 1.7502227e-22 7.1277667e-41
72298179 2.1636926e+17 2.9905278e+09 2208960.6 4.0118411e-28 1.7449838e-22 7.1018598e-41
72370531 2.1658563e+17 2.9905253e+09 2209300.7 4.001829e-28 1.7397606e-22 7.0760466e-41
72442955 2.1680222e+17 2.9905228e+09 2209640.9 3.9918419e-28 1.734553e-22 7.0503267e-41
72515451 2.1701902e+17 2.9905202e+09 2209981.3 3.9818798e-28 1.729361e-22 7.0246997e-41
72588020 2.1723604e+17 2.9905177e+09 2210321.9 3.9719425e-28 1.7241846e-22 6.9991654e-41
72660662 2.1745328e+17 2.9905151e+09 2210662.6 3.96203e-28 1.7190236e-22 6.9737234e-41
72733376 2.1767073e+17 2.9905126e+09 2211003.5 3.9521422e-28 1.7138781e-22 6.9483733e-41
72806163 2.178884e+17 2.99051e+09 2211344.6 3.9422791e-28 1.708748e-22 6.9231149e-41
72879023 2.1810629e+17 2.9905075e+09 2211685.8 3.9324406e-28 1.7036332e-22 6.8979479e-41
72951956 2.1832439e+17 2.9905049e+09 2212027.2 3.9226267e-28 1.6985338e-22 6.8728718e-41
73024962 2.1854272e+17 2.9905024e+09 2212368.8 3.9128373e-28 1.6934496e-22 6.8478864e-41
73098041 2.1876126e+17 2.9904998e+09 2212710.5 3.9030723e-28 1.6883807e-22 6.8229913e-41
73171193 2.1898002e+17 2.9904973e+09 2213052.4 3.8933316e-28 1.6833269e-22 6.7981862e-41
73244418 2.19199e+17 2.9904947e+09 2213394.5 3.8836153e-28 1.6782882e-22 6.7734708e-41
73317717 2.194182e+17 2.9904922e+09 2213736.7 3.8739233e-28 1.6732646e-22 6.7488448e-41
73391089 2.1963762e+17 2.9904896e+09 2214079.1 3.8642554e-28 1.6682561e-22 6.7243078e-41
73464534 2.1985726e+17 2.9904871e+09 2214421.6 3.8546116e-28 1.6632626e-22 6.6998596e-41
73538053 2.2007711e+17 2.9904845e+09 2214764.4 3.8449919e-28 1.658284e-22 6.6754998e-41
73611646 2.2029719e+17 2.9904819e+09 2215107.3 3.8353962e-28 1.6533203e-22 6.651228e-41
73685312 2.2051749e+17 2.9904794e+09 2215450.3 3.8258245e-28 1.6483714e-22 6.627044e-41
73759051 2.2073801e+17 2.9904768e+09 2215793.5 3.8162767e-28 1.6434374e-22 6.6029475e-41
73832865 2.2095874e+17 2.9904743e+09 2216136.9 3.8067526e-28 1.6385181e-22 6.5789381e-41
73906753 2.211797e+17 2.9904717e+09 2216480.5 3.7972524e-28 1.6336136e-22 6.5550156e-41
73980714 2.2140088e+17 2.9904692e+09 2216824.2 3.7877758e-28 1.6287238e-22 6.5311796e-41
74054750 2.2162228e+17 2.9904666e+09 2217168.1 3.7783229e-28 1.6238485e-22 6.5074298e-41
74128859 2.2184391e+17 2.990464e+09 2217512.2 3.7688936e-28 1.6189879e-22 6.4837658e-41
74203043 2.2206575e+17 2.9904615e+09 2217856.4 3.7594879e-28 1.6141418e-22 6.4601875e-41
74277301 2.2228782e+17 2.9904589e+09 2218200.8 3.7501056e-28 1.6093103e-22 6.4366945e-41
74351633 2.225101e+17 2.9904564e+09 2218545.3 3.7407467e-28 1.6044932e-22 6.4132864e-41
74426040 2.2273261e+17 2.9904538e+09 2218890.1 3.7314112e-28 1.5996905e-22 6.389963e-41
74500521 2.2295535e+17 2.9904513e+09 2219235 3.7220989e-28 1.5949022e-22 6.366724e-41
74575077 2.231783e+17 2.9904487e+09 2219580 3.71281e-28 1.5901282e-22 6.343569e-41
74649707 2.2340148e+17 2.9904461e+09 2219925.2 3.7035441e-28 1.5853685e-22 6.3204978e-41
74724413 2.2362488e+17 2.9904436e+09 2220270.6 3.6943015e-28 1.5806231e-22 6.2975101e-41
74799192 2.2384851e+17 2.990441e+09 2220616.2 3.6850819e-28 1.5758919e-22 6.2746055e-41
74874047 2.2407235e+17 2.9904384e+09 2220961.9 3.6758852e-28 1.5711748e-22 6.2517837e-41
74948977 2.2429643e+17 2.9904359e+09 2221307.8 3.6667116e-28 1.5664718e-22 6.2290446e-41
75023981 2.2452072e+17 2.9904333e+09 2221653.8 3.6575608e-28 1.561783e-22 6.2063877e-41
75099061 2.2474524e+17 2.9904307e+09 2222000.1 3.6484329e-28 1.5571081e-22 6.1838128e-41
75174216 2.2496999e+17 2.9904282e+09 2222346.4 3.6393278e-28 1.5524473e-22 6.1613195e-41
75249446 2.2519496e+17 2.9904256e+09 2222693 3.6302453e-28 1.5478004e-22 6.1389077e-41
75324751 2.2542015e+17 2.9904231e+09 2223039.7 3.6211856e-28 1.5431674e-22 6.1165769e-41
75400132 2.2564557e+17 2.9904205e+09 2223386.6 3.6121484e-28 1.5385483e-22 6.0943269e-41
75475588 2.2587122e+17 2.9904179e+09 2223733.6 3.6031338e-28 1.533943e-22 6.0721574e-41
75551120 2.2609709e+17 2.9904153e+09 2224080.9 3.5941418e-28 1.5293515e-22 6.0500682e-41
75626727 2.2632319e+17 2.9904128e+09 2224428.2 3.5851721e-28 1.5247737e-22 6.0280589e-41
75702410 2.2654951e+17 2.9904102e+09 2224775.8 3.5762248e-28 1.5202097e-22 6.0061292e-41
75778168 2.2677606e+17 2.9904076e+09 2225123.5 3.5672999e-28 1.5156593e-22 5.9842789e-41
75854003 2.2700284e+17 2.9904051e+09 2225471.4 3.5583972e-28 1.5111225e-22 5.9625077e-41
75929913 2.2722984e+17 2.9904025e+09 2225819.4 3.5495168e-28 1.5065993e-22 5.9408152e-41
76005900 2.2745707e+17 2.9903999e+09 2226167.7 3.5406585e-28 1.5020896e-22 5.9192012e-41
76081962 2.2768453e+17 2.9903974e+09 2226516 3.5318223e-28 1.4975935e-22 5.8976655e-41
76158101 2.2791221e+17 2.9903948e+09 2226864.6 3.5230082e-28 1.4931108e-22 5.8762077e-41
76234315 2.2814012e+17 2.9903922e+09 2227213.3 3.5142161e-28 1.4886415e-22 5.8548276e-41
76310606 2.2836826e+17 2.9903896e+09 2227562.2 3.5054459e-28 1.4841856e-22 5.8335249e-41
76386974 2.2859663e+17 2.9903871e+09 2227911.2 3.4966976e-28 1.479743e-22 5.8122992e-41
76463418 2.2882523e+17 2.9903845e+09 2228260.4 3.4879711e-28 1.4753137e-22 5.7911504e-41
76539938 2.2905405e+17 2.9903819e+09 2228609.8 3.4792664e-28 1.4708977e-22 5.7700781e-41
76616535 2.2928311e+17 2.9903793e+09 2228959.4 3.4705834e-28 1.4664949e-22 5.7490821e-41
76693208 2.2951239e+17 2.9903768e+09 2229309.1 3.4619221e-28 1.4621053e-22 5.7281621e-41
76769959 2.297419e+17 2.9903742e+09 2229659 3.4532825e-28 1.4577289e-22 5.7073179e-41
76846786 2.2997165e+17 2.9903716e+09 2230009 3.4446643e-28 1.4533655e-22 5.6865491e-41
76923690 2.3020162e+17 2.990369e+09 2230359.2 3.4360677e-28 1.4490152e-22 5.6658554e-41
77000671 2.3043182e+17 2.9903665e+09 2230709.6 3.4274926e-28 1.4446779e-22 5.6452367e-41
77077729 2.3066225e+17 2.9903639e+09 2231060.1 3.4189388e-28 1.4403536e-22 5.6246927e-41
77154864 2.3089291e+17 2.9903613e+09 2231410.8 3.4104064e-28 1.4360422e-22 5.604223e-41
77232077 2.3112381e+17 2.9903587e+09 2231761.7 3.4018953e-28 1.4317437e-22 5.5838274e-41
77309366 2.3135493e+17 2.9903561e+09 2232112.8 3.3934054e-28 1.4274582e-22 5.5635056e-41
77386733 2.3158628e+17 2.9903536e+09 2232464 3.3849367e-28 1.4231854e-22 5.5432574e-41
77464178 2.3181787e+17 2.990351e+09 2232815.3 3.3764892e-28 1.4189254e-22 5.5230826e-41
77541700 2.3204969e+17 2.9903484e+09 2233166.9 3.3680627e-28 1.4146782e-22 5.5029808e-41
77619299 2.3228174e+17 2.9903458e+09 2233518.6 3.3596572e-28 1.4104437e-22 5.4829517e-41
77696976 2.3251402e+17 2.9903432e+09 2233870.5 3.3512728e-28 1.4062218e-22 5.4629952e-41
77774731 2.3274653e+17 2.9903407e+09 2234222.5 3.3429092e-28 1.4020127e-22 5.443111e-41
77852564 2.3297928e+17 2.9903381e+09 2234574.7 3.3345666e-28 1.3978161e-22 5.4232987e-41
77930475 2.3321226e+17 2.9903355e+09 2234927.1 3.3262447e-28 1.393632e-22 5.4035582e-41
78008464 2.3344547e+17 2.9903329e+09 2235279.6 3.3179436e-28 1.3894605e-22 5.3838892e-41
78086530 2.3367892e+17 2.9903303e+09 2235632.3 3.3096633e-28 1.3853015e-22 5.3642914e-41
78164675 2.339126e+17 2.9903277e+09 2235985.2 3.3014036e-28 1.3811549e-22 5.3447645e-41
78242898 2.3414651e+17 2.9903252e+09 2236338.2 3.2931645e-28 1.3770207e-22 5.3253084e-41
78321200 2.3438066e+17 2.9903226e+09 2236691.4 3.284946e-28 1.372899e-22 5.3059228e-41
78399579 2.3461504e+17 2.99032e+09 2237044.8 3.2767479e-28 1.3687895e-22 5.2866073e-41
78478037 2.3484965e+17 2.9903174e+09 2237398.3 3.2685704e-28 1.3646923e-22 5.2673618e-41
78556574 2.350845e+17 2.9903148e+09 2237752.1 3.2604132e-28 1.3606075e-22 5.2481861e-41
78635189 2.3531959e+17 2.9903122e+09 2238105.9 3.2522764e-28 1.3565348e-22 5.2290797e-41
78713883 2.3555491e+17 2.9903096e+09 2238460 3.24416e-28 1.3524743e-22 5.2100426e-41
78792656 2.3579046e+17 2.990307e+09 2238814.2 3.2360637e-28 1.348426e-22 5.1910744e-41
78871508 2.3602625e+17 2.9903044e+09 2239168.5 3.2279877e-28 1.3443898e-22 5.1721749e-41
78950438 2.3626228e+17 2.9903019e+09 2239523.1 3.2199318e-28 1.3403657e-22 5.1533439e-41
79029448 2.3649854e+17 2.9902993e+09 2239877.8 3.2118961e-28 1.3363536e-22 5.1345811e-41
79108536 2.3673504e+17 2.9902967e+09 2240232.6 3.2038804e-28 1.3323536e-22 5.1158863e-41
79187704 2.3697177e+17 2.9902941e+09 2240587.7 3.1958847e-28 1.3283655e-22 5.0972591e-41
79266951 2.3720874e+17 2.9902915e+09 2240942.9 3.1879089e-28 1.3243893e-22 5.0786995e-41
79346277 2.3744595e+17 2.9902889e+09 2241298.2 3.1799531e-28 1.3204251e-22 5.0602071e-41
79425683 2.376834e+17 2.9902863e+09 2241653.8 3.1720171e-28 1.3164727e-22 5.0417817e-41
79505168 2.3792108e+17 2.9902837e+09 2242009.5 3.1641009e-28 1.3125322e-22 5.023423e-41
79584733 2.38159e+17 2.9902811e+09 2242365.3 3.1562045e-28 1.3086034e-22 5.0051308e-41
79664377 2.3839716e+17 2.9902785e+09 2242721.4 3.1483277e-28 1.3046864e-22 4.986905e-41
79744101 2.3863556e+17 2.9902759e+09 2243077.6 3.1404707e-28 1.3007811e-22 4.9687451e-41
79823905 2.388742e+17 2.9902733e+09 2243433.9 3.1326332e-28 1.2968876e-22 4.950651e-41
79903789 2.3911307e+17 2.9902707e+09 2243790.5 3.1248153e-28 1.2930056e-22 4.9326225e-41
79983753 2.3935218e+17 2.9902681e+09 2244147.2 3.1170169e-28 1.2891353e-22 4.9146594e-41
80063796 2.3959153e+17 2.9902655e+09 2244504 3.109238e-28 1.2852766e-22 4.8967613e-41
80143920 2.3983113e+17 2.9902629e+09 2244861 3.1014785e-28 1.2814294e-22 4.878928e-41
80224124 2.4007096e+17 2.9902603e+09 2245218.2 3.0937383e-28 1.2775938e-22 4.8611594e-41
80304409 2.4031103e+17 2.9902577e+09 2245575.6 3.0860175e-28 1.2737696e-22 4.8434552e-41
80384773 2.4055134e+17 2.9902551e+09 2245933.1 3.0783159e-28 1.2699569e-22 4.8258151e-41
80465218 2.4079189e+17 2.9902525e+09 2246290.8 3.0706336e-28 1.2661556e-22 4.8082389e-41
80545744 2.4103268e+17 2.9902499e+09 2246648.7 3.0629704e-28 1.2623656e-22 4.7907265e-41
80626350 2.4127372e+17 2.9902473e+09 2247006.7 3.0553264e-28 1.258587e-22 4.7732775e-41
80707037 2.4151499e+17 2.9902447e+09 2247364.9 3.0477014e-28 1.2548198e-22 4.7558917e-41
80787805 2.417565e+17 2.9902421e+09 2247723.3 3.0400955e-28 1.2510637e-22 4.7385689e-41
80868653 2.4199826e+17 2.9902395e+09 2248081.8 3.0325085e-28 1.247319e-22 4.721309e-41
80949582 2.4224026e+17 2.9902369e+09 2248440.5 3.0249405e-28 1.2435854e-22 4.7041115e-41
81030593 2.424825e+17 2.9902343e+09 2248799.4 3.0173914e-28 1.2398631e-22 4.6869764e-41
81111684 2.4272498e+17 2.9902317e+09 2249158.4 3.0098611e-28 1.2361518e-22 4.6699034e-41
81192857 2.4296771e+17 2.9902291e+09 2249517.6 3.0023496e-28 1.2324517e-22 4.6528923e-41
81274111 2.4321067e+17 2.9902265e+09 2249876.9 2.9948568e-28 1.2287626e-22 4.6359429e-41
81355446 2.4345388e+17 2.9902239e+09 2250236.5 2.9873827e-28 1.2250846e-22 4.6190549e-41
81436863 2.4369734e+17 2.9902213e+09 2250596.2 2.9799273e-28 1.2214176e-22 4.6022281e-41
81518361 2.4394104e+17 2.9902187e+09 2250956 2.9724905e-28 1.2177616e-22 4.5854623e-41
81599940 2.4418498e+17 2.9902161e+09 2251316 2.9650723e-28 1.2141165e-22 4.5687572e-41
81681602 2.4442916e+17 2.9902135e+09 2251676.2 2.9576726e-28 1.2104824e-22 4.5521127e-41
81763345 2.4467359e+17 2.9902109e+09 2252036.6 2.9502913e-28 1.2068591e-22 4.5355286e-41
81845170 2.4491826e+17 2.9902082e+09 2252397.1 2.9429285e-28 1.2032466e-22 4.5190046e-41
81927076 2.4516318e+17 2.9902056e+09 2252757.8 2.935584e-28 1.199645e-22 4.5025405e-41
82009065 2.4540835e+17 2.990203e+09 2253118.7 2.9282579e-28 1.1960542e-22 4.486136e-41
82091136 2.4565375e+17 2.9902004e+09 2253479.7 2.92095e-28 1.1924741e-22 4.4697911e-41
82173289 2.4589941e+17 2.9901978e+09 2253840.9 2.9136604e-28 1.1889047e-22 4.4535054e-41
82255524 2.4614531e+17 2.9901952e+09 2254202.2 2.906389e-28 1.185346e-22 4.4372787e-41
82337841 2.4639145e+17 2.9901926e+09 2254563.8 2.8991357e-28 1.1817979e-22 4.4211109e-41
82420241 2.4663784e+17 2.99019e+09 2254925.4 2.8919005e-28 1.1782605e-22 4.4050017e-41
82502724 2.4688448e+17 2.9901874e+09 2255287.3 2.8846834e-28 1.1747337e-22 4.3889509e-41
82585289 2.4713137e+17 2.9901847e+09 2255649.3 2.8774843e-28 1.1712174e-22 4.3729583e-41
82667936 2.473785e+17 2.9901821e+09 2256011.5 2.8703032e-28 1.1677116e-22 4.3570237e-41
82750666 2.4762588e+17 2.9901795e+09 2256373.9 2.8631399e-28 1.1642163e-22 4.3411468e-41
82833479 2.478735e+17 2.9901769e+09 2256736.4 2.8559946e-28 1.1607315e-22 4.3253276e-41
82916375 2.4812138e+17 2.9901743e+09 2257099.1 2.8488671e-28 1.1572572e-22 4.3095657e-41
82999354 2.483695e+17 2.9901717e+09 2257461.9 2.8417574e-28 1.1537932e-22 4.2938609e-41
83082416 2.4861787e+17 2.990169e+09 2257825 2.8346654e-28 1.1503396e-22 4.2782131e-41
83165561 2.4886648e+17 2.9901664e+09 2258188.1 2.8275911e-28 1.1468963e-22 4.2626221e-41
83248790 2.4911535e+17 2.9901638e+09 2258551.5 2.8205345e-28 1.1434634e-22 4.2470876e-41
83332101 2.4936447e+17 2.9901612e+09 2258915 2.8134955e-28 1.1400407e-22 4.2316094e-41
83415496 2.4961383e+17 2.9901586e+09 2259278.7 2.806474e-28 1.1366283e-22 4.2161874e-41
83498975 2.4986344e+17 2.9901559e+09 2259642.6 2.7994701e-28 1.133226e-22 4.2008213e-41
83582537 2.5011331e+17 2.9901533e+09 2260006.6 2.7924836e-28 1.129834e-22 4.1855109e-41
83666182 2.5036342e+17 2.9901507e+09 2260370.8 2.7855146e-28 1.1264521e-22 4.170256e-41
83749912 2.5061379e+17 2.9901481e+09 2260735.1 2.778563e-28 1.1230804e-22 4.1550565e-41
83833725 2.508644e+17 2.9901455e+09 2261099.6 2.7716287e-28 1.1197187e-22 4.1399121e-41
83917622 2.5111526e+17 2.9901428e+09 2261464.3 2.7647118e-28 1.1163671e-22 4.1248227e-41
84001603 2.5136638e+17 2.9901402e+09 2261829.2 2.7578121e-28 1.1130255e-22 4.1097879e-41
84085668 2.5161774e+17 2.9901376e+09 2262194.2 2.7509296e-28 1.1096939e-22 4.0948078e-41
84169817 2.5186936e+17 2.990135e+09 2262559.4 2.7440643e-28 1.1063723e-22 4.0798819e-41
84254051 2.5212123e+17 2.9901323e+09 2262924.7 2.7372161e-28 1.1030607e-22 4.0650102e-41
84338368 2.5237335e+17 2.9901297e+09 2263290.2 2.730385e-28 1.0997589e-22 4.0501924e-41
84422771 2.5262573e+17 2.9901271e+09 2263655.9 2.723571e-28 1.0964671e-22 4.0354284e-41
84507257 2.5287835e+17 2.9901245e+09 2264021.8 2.716774e-28 1.0931851e-22 4.020718e-41
84591828 2.5313123e+17 2.9901218e+09 2264387.8 2.7099939e-28 1.0899129e-22 4.0060609e-41
84676484 2.5338436e+17 2.9901192e+09 2264754 2.7032308e-28 1.0866505e-22 3.991457e-41
84761225 2.5363775e+17 2.9901166e+09 2265120.3 2.6964845e-28 1.0833979e-22 3.9769061e-41
84846050 2.5389138e+17 2.990114e+09 2265486.9 2.6897551e-28 1.080155e-22 3.9624079e-41
84930960 2.5414528e+17 2.9901113e+09 2265853.5 2.6830424e-28 1.0769218e-22 3.9479624e-41
85015956 2.5439942e+17 2.9901087e+09 2266220.4 2.6763465e-28 1.0736983e-22 3.9335693e-41
85101036 2.5465382e+17 2.9901061e+09 2266587.4 2.6696674e-28 1.0704844e-22 3.9192283e-41
85186201 2.5490847e+17 2.9901034e+09 2266954.6 2.6630049e-28 1.0672802e-22 3.9049395e-41
85271452 2.5516338e+17 2.9901008e+09 2267321.9 2.656359e-28 1.0640856e-22 3.8907024e-41
85356788 2.5541855e+17 2.9900982e+09 2267689.5 2.6497297e-28 1.0609005e-22 3.8765171e-41
85442210 2.5567396e+17 2.9900955e+09 2268057.1 2.6431169e-28 1.0577249e-22 3.8623832e-41
85527717 2.5592964e+17 2.9900929e+09 2268425 2.6365207e-28 1.0545589e-22 3.8483006e-41
85613309 2.5618557e+17 2.9900903e+09 2268793 2.6299409e-28 1.0514023e-22 3.8342691e-41
85698987 2.5644175e+17 2.9900876e+09 2269161.2 2.6233775e-28 1.0482552e-22 3.8202885e-41
85784751 2.566982e+17 2.990085e+09 2269529.5 2.6168306e-28 1.0451175e-22 3.8063586e-41
85870601 2.5695489e+17 2.9900824e+09 2269898.1 2.6102999e-28 1.0419892e-22 3.7924793e-41
85956537 2.5721185e+17 2.9900797e+09 2270266.7 2.6037856e-28 1.0388703e-22 3.7786504e-41
86042559 2.5746906e+17 2.9900771e+09 2270635.6 2.5972875e-28 1.0357607e-22 3.7648716e-41
86128666 2.5772653e+17 2.9900745e+09 2271004.6 2.5908056e-28 1.0326604e-22 3.7511429e-41
86214860 2.5798426e+17 2.9900718e+09 2271373.8 2.5843399e-28 1.0295694e-22 3.7374639e-41
86301141 2.5824224e+17 2.9900692e+09 2271743.1 2.5778903e-28 1.0264876e-22 3.7238347e-41
86387507 2.5850048e+17 2.9900666e+09 2272112.6 2.5714569e-28 1.0234151e-22 3.7102548e-41
86473960 2.5875898e+17 2.9900639e+09 2272482.3 2.5650395e-28 1.0203517e-22 3.6967243e-41
86560500 2.5901774e+17 2.9900613e+09 2272852.2 2.5586381e-28 1.0172976e-22 3.6832429e-41
86647126 2.5927676e+17 2.9900586e+09 2273222.2 2.5522527e-28 1.0142525e-22 3.6698104e-41
86733839 2.5953604e+17 2.990056e+09 2273592.4 2.5458832e-28 1.0112166e-22 3.6564267e-41
86820639 2.5979557e+17 2.9900534e+09 2273962.7 2.5395296e-28 1.0081898e-22 3.6430915e-41
86907526 2.6005537e+17 2.9900507e+09 2274333.2 2.5331919e-28 1.005172e-22 3.6298048e-41
86994499 2.6031542e+17 2.9900481e+09 2274703.9 2.5268699e-28 1.0021633e-22 3.6165663e-41
87081560 2.6057574e+17 2.9900454e+09 2275074.8 2.5205638e-28 9.9916356e-23 3.6033758e-41
87168707 2.6083631e+17 2.9900428e+09 2275445.8 2.5142734e-28 9.9617281e-23 3.5902333e-41
87255942 2.6109715e+17 2.9900401e+09 2275817 2.5079987e-28 9.9319101e-23 3.5771384e-41
87343265 2.6135825e+17 2.9900375e+09 2276188.3 2.5017397e-28 9.9021814e-23 3.5640911e-41
87430674 2.6161961e+17 2.9900349e+09 2276559.8 2.4954963e-28 9.8725416e-23 3.5510911e-41
87518172 2.6188123e+17 2.9900322e+09 2276931.5 2.4892684e-28 9.8429906e-23 3.5381383e-41
87605756 2.6214311e+17 2.9900296e+09 2277303.4 2.4830561e-28 9.8135281e-23 3.5252326e-41
87693429 2.6240525e+17 2.9900269e+09 2277675.4 2.4768593e-28 9.7841537e-23 3.5123737e-41
87781189 2.6266766e+17 2.9900243e+09 2278047.6 2.470678e-28 9.7548673e-23 3.4995615e-41
87869037 2.6293032e+17 2.9900216e+09 2278419.9 2.4645121e-28 9.7256685e-23 3.4867958e-41
87956973 2.6319325e+17 2.990019e+09 2278792.4 2.4583616e-28 9.6965571e-23 3.4740765e-41
88044997 2.6345645e+17 2.9900163e+09 2279165.1 2.4522264e-28 9.6675329e-23 3.4614033e-41
88133109 2.637199e+17 2.9900137e+09 2279537.9 2.4461066e-28 9.6385955e-23 3.4487762e-41
88221309 2.6398362e+17 2.990011e+09 2279911 2.440002e-28 9.6097448e-23 3.4361949e-41
88309598 2.6424761e+17 2.9900084e+09 2280284.1 2.4339126e-28 9.5809804e-23 3.4236593e-41
88397974 2.6451185e+17 2.9900057e+09 2280657.5 2.4278385e-28 9.5523021e-23 3.4111692e-41
88486440 2.6477637e+17 2.9900031e+09 2281031 2.4217795e-28 9.5237097e-23 3.3987244e-41
88574994 2.6504114e+17 2.9900004e+09 2281404.7 2.4157356e-28 9.4952028e-23 3.3863249e-41
88663636 2.6530618e+17 2.9899978e+09 2281778.5 2.4097068e-28 9.4667813e-23 3.3739704e-41
88752367 2.6557149e+17 2.9899951e+09 2282152.6 2.4036931e-28 9.4384449e-23 3.3616607e-41
88841187 2.6583706e+17 2.9899925e+09 2282526.7 2.3976944e-28 9.4101932e-23 3.3493958e-41
88930096 2.661029e+17 2.9899898e+09 2282901.1 2.3917106e-28 9.3820262e-23 3.3371754e-41
89019094 2.66369e+17 2.9899872e+09 2283275.6 2.3857418e-28 9.3539434e-23 3.3249993e-41
89108181 2.6663537e+17 2.9899845e+09 2283650.3 2.3797878e-28 9.3259447e-23 3.3128675e-41
89197357 2.6690201e+17 2.9899819e+09 2284025.1 2.3738488e-28 9.2980298e-23 3.3007798e-41
89286623 2.6716891e+17 2.9899792e+09 2284400.1 2.3679245e-28 9.2701985e-23 3.2887359e-41
89375978 2.6743608e+17 2.9899765e+09 2284775.3 2.362015e-28 9.2424505e-23 3.2767358e-41
89465422 2.6770351e+17 2.9899739e+09 2285150.7 2.3561203e-28 9.2147855e-23 3.2647793e-41
89554956 2.6797122e+17 2.9899712e+09 2285526.2 2.3502403e-28 9.1872034e-23 3.2528662e-41
89644579 2.6823919e+17 2.9899686e+09 2285901.9 2.344375e-28 9.1597038e-23 3.2409964e-41
89734292 2.6850743e+17 2.9899659e+09 2286277.7 2.3385243e-28 9.1322865e-23 3.2291697e-41
89824095 2.6877593e+17 2.9899632e+09 2286653.7 2.3326882e-28 9.1049513e-23 3.217386e-41
89913988 2.6904471e+17 2.9899606e+09 2287029.9 2.3268667e-28 9.0776979e-23 3.205645e-41
90003970 2.6931375e+17 2.9899579e+09 2287406.3 2.3210597e-28 9.0505261e-23 3.1939467e-41
90094043 2.6958307e+17 2.9899553e+09 2287782.8 2.3152672e-28 9.0234356e-23 3.1822909e-41
90184206 2.6985265e+17 2.9899526e+09 2288159.5 2.3094891e-28 8.9964262e-23 3.1706775e-41
90274459 2.701225e+17 2.9899499e+09 2288536.3 2.3037255e-28 8.9694977e-23 3.1591062e-41
90364803 2.7039263e+17 2.9899473e+09 2288913.3 2.2979762e-28 8.9426497e-23 3.147577e-41
90455236 2.7066302e+17 2.9899446e+09 2289290.5 2.2922413e-28 8.9158822e-23 3.1360896e-41
90545761 2.7093368e+17 2.989942e+09 2289667.9 2.2865207e-28 8.8891947e-23 3.124644e-41
90636376 2.7120462e+17 2.9899393e+09 2290045.4 2.2808144e-28 8.8625872e-23 3.11324e-41
90727082 2.7147582e+17 2.9899366e+09 2290423.1 2.2751223e-28 8.8360592e-23 3.1018774e-41
90817878 2.717473e+17 2.989934e+09 2290800.9 2.2694445e-28 8.8096107e-23 3.090556e-41
90908766 2.7201904e+17 2.9899313e+09 2291178.9 2.2637808e-28 8.7832414e-23 3.0792758e-41
90999744 2.7229106e+17 2.9899286e+09 2291557.1 2.2581312e-28 8.756951e-23 3.0680366e-41
91090813 2.7256335e+17 2.989926e+09 2291935.5 2.2524957e-28 8.7307392e-23 3.0568383e-41
91181974 2.7283592e+17 2.9899233e+09 2292314 2.2468743e-28 8.704606e-23 3.0456806e-41
91273226 2.7310875e+17 2.9899206e+09 2292692.7 2.241267e-28 8.6785509e-23 3.0345635e-41
91364569 2.7338186e+17 2.989918e+09 2293071.5 2.2356736e-28 8.6525739e-23 3.0234867e-41
91456003 2.7365524e+17 2.9899153e+09 2293450.5 2.2300942e-28 8.6266746e-23 3.0124502e-41
91547530 2.739289e+17 2.9899126e+09 2293829.7 2.2245287e-28 8.6008528e-23 3.0014538e-41
91639147 2.7420283e+17 2.98991e+09 2294209.1 2.2189771e-28 8.5751084e-23 2.9904974e-41
91730857 2.7447703e+17 2.9899073e+09 2294588.6 2.2134393e-28 8.5494409e-23 2.9795808e-41
91822658 2.7475151e+17 2.9899046e+09 2294968.3 2.2079154e-28 8.5238504e-23 2.9687039e-41
91914551 2.7502626e+17 2.9899019e+09 2295348.1 2.2024053e-28 8.4983364e-23 2.9578664e-41
92006536 2.7530129e+17 2.9898993e+09 2295728.2 2.1969089e-28 8.4728988e-23 2.9470684e-41
92098613 2.7557659e+17 2.9898966e+09 2296108.3 2.1914262e-28 8.4475373e-23 2.9363096e-41
92190782 2.7585216e+17 2.9898939e+09 2296488.7 2.1859572e-28 8.4222517e-23 2.9255899e-41
92283044 2.7612802e+17 2.9898912e+09 2296869.2 2.1805019e-28 8.3970419e-23 2.9149092e-41
92375398 2.7640414e+17 2.9898886e+09 2297249.9 2.1750601e-28 8.3719074e-23 2.9042673e-41
92467844 2.7668055e+17 2.9898859e+09 2297630.8 2.169632e-28 8.3468483e-23 2.893664e-41
92560383 2.7695723e+17 2.9898832e+09 2298011.8 2.1642174e-28 8.3218641e-23 2.8830993e-41
92653014 2.7723419e+17 2.9898805e+09 2298393 2.1588163e-28 8.2969547e-23 2.872573e-41
92745738 2.7751142e+17 2.9898779e+09 2298774.3 2.1534287e-28 8.2721199e-23 2.862085e-41
92838555 2.7778893e+17 2.9898752e+09 2299155.8 2.1480545e-28 8.2473594e-23 2.8516351e-41
92931465 2.7806672e+17 2.9898725e+09 2299537.5 2.1426938e-28 8.2226731e-23 2.8412232e-41
93024468 2.7834479e+17 2.9898698e+09 2299919.4 2.1373464e-28 8.1980606e-23 2.8308491e-41
93117564 2.7862313e+17 2.9898672e+09 2300301.4 2.1320124e-28 8.1735218e-23 2.8205127e-41
93210753 2.7890175e+17 2.9898645e+09 2300683.6 2.1266916e-28 8.1490564e-23 2.8102139e-41
93304036 2.7918066e+17 2.9898618e+09 2301066 2.1213842e-28 8.1246643e-23 2.7999525e-41
93397411 2.7945984e+17 2.9898591e+09 2301448.5 2.11609e-28 8.1003452e-23 2.7897285e-41
93490881 2.797393e+17 2.9898564e+09 2301831.2 2.110809e-28 8.0760989e-23 2.7795416e-41
93584443 2.8001904e+17 2.9898538e+09 2302214 2.1055412e-28 8.0519252e-23 2.7693917e-41
93678100 2.8029906e+17 2.9898511e+09 2302597.1 2.1002866e-28 8.0278238e-23 2.7592787e-41
93771850 2.8057935e+17 2.9898484e+09 2302980.2 2.095045e-28 8.0037946e-23 2.7492025e-41
93865694 2.8085993e+17 2.9898457e+09 2303363.6 2.0898166e-28 7.9798372e-23 2.739163e-41
93959632 2.8114079e+17 2.989843e+09 2303747.1 2.0846012e-28 7.9559516e-23 2.7291599e-41
94053664 2.8142193e+17 2.9898403e+09 2304130.8 2.0793988e-28 7.9321375e-23 2.7191932e-41
94147790 2.8170336e+17 2.9898377e+09 2304514.7 2.0742094e-28 7.9083947e-23 2.7092628e-41
94242010 2.8198506e+17 2.989835e+09 2304898.7 2.0690329e-28 7.884723e-23 2.6993684e-41
94336325 2.8226704e+17 2.9898323e+09 2305282.9 2.0638693e-28 7.8611221e-23 2.68951e-41
94430734 2.8254931e+17 2.9898296e+09 2305667.3 2.0587187e-28 7.8375918e-23 2.6796875e-41
94525237 2.8283186e+17 2.9898269e+09 2306051.8 2.0535809e-28 7.814132e-23 2.6699007e-41
94619835 2.8311469e+17 2.9898242e+09 2306436.5 2.0484559e-28 7.7907424e-23 2.6601494e-41
94714528 2.8339781e+17 2.9898215e+09 2306821.3 2.0433437e-28 7.7674229e-23 2.6504337e-41
94809316 2.8368121e+17 2.9898188e+09 2307206.4 2.0382443e-28 7.7441731e-23 2.6407532e-41
94904198 2.8396489e+17 2.9898162e+09 2307591.6 2.0331576e-28 7.7209929e-23 2.631108e-41
94999175 2.8424885e+17 2.9898135e+09 2307976.9 2.0280836e-28 7.6978821e-23 2.6214978e-41
95094248 2.845331e+17 2.9898108e+09 2308362.5 2.0230222e-28 7.6748405e-23 2.6119226e-41
95189416 2.8481763e+17 2.9898081e+09 2308748.2 2.0179735e-28 7.6518678e-23 2.6023822e-41
95284678 2.8510245e+17 2.9898054e+09 2309134 2.0129374e-28 7.6289639e-23 2.5928765e-41
95380037 2.8538755e+17 2.9898027e+09 2309520 2.0079138e-28 7.6061286e-23 2.5834053e-41
95475490 2.8567294e+17 2.9898e+09 2309906.2 2.0029028e-28 7.5833616e-23 2.5739686e-41
95571039 2.8595861e+17 2.9897973e+09 2310292.6 1.9979043e-28 7.5606628e-23 2.5645663e-41
95666684 2.8624457e+17 2.9897946e+09 2310679.1 1.9929183e-28 7.5380319e-23 2.5551981e-41
95762425 2.8653082e+17 2.9897919e+09 2311065.8 1.9879447e-28 7.5154687e-23 2.545864e-41
95858261 2.8681735e+17 2.9897892e+09 2311452.7 1.9829835e-28 7.4929731e-23 2.5365638e-41
95954193 2.8710417e+17 2.9897865e+09 2311839.7 1.9780347e-28 7.4705449e-23 2.5272975e-41
96050222 2.8739127e+17 2.9897838e+09 2312226.9 1.9730983e-28 7.4481837e-23 2.5180649e-41
96146346 2.8767866e+17 2.9897811e+09 2312614.3 1.9681741e-28 7.4258895e-23 2.5088658e-41
96242567 2.8796634e+17 2.9897785e+09 2313001.8 1.9632623e-28 7.403662e-23 2.4997002e-41
96338884 2.8825431e+17 2.9897758e+09 2313389.5 1.9583627e-28 7.3815011e-23 2.490568e-41
96435297 2.8854256e+17 2.9897731e+09 2313777.4 1.9534754e-28 7.3594065e-23 2.481469e-41
96531807 2.888311e+17 2.9897704e+09 2314165.5 1.9486002e-28 7.337378e-23 2.472403e-41
96628413 2.8911993e+17 2.9897677e+09 2314553.7 1.9437372e-28 7.3154155e-23 2.4633701e-41
96725117 2.8940905e+17 2.989765e+09 2314942 1.9388864e-28 7.2935187e-23 2.45437e-41
96821916 2.8969846e+17 2.9897623e+09 2315330.6 1.9340476e-28 7.2716874e-23 2.4454026e-41
96918813 2.8998816e+17 2.9897596e+09 2315719.3 1.929221e-28 7.2499215e-23 2.4364679e-41
97015807 2.9027815e+17 2.9897569e+09 2316108.1 1.9244063e-28 7.2282208e-23 2.4275657e-41
97112898 2.9056843e+17 2.9897542e+09 2316497.2 1.9196037e-28 7.206585e-23 2.4186959e-41
97210086 2.90859e+17 2.9897515e+09 2316886.4 1.9148131e-28 7.185014e-23 2.4098583e-41
97307371 2.9114985e+17 2.9897487e+09 2317275.8 1.9100344e-28 7.1635075e-23 2.4010529e-41
97404754 2.91441e+17 2.989746e+09 2317665.3 1.9052677e-28 7.1420654e-23 2.3922795e-41
97502234 2.9173245e+17 2.9897433e+09 2318055 1.9005128e-28 7.1206875e-23 2.383538e-41
97599812 2.9202418e+17 2.9897406e+09 2318444.9 1.8957699e-28 7.0993736e-23 2.3748284e-41
97697487 2.923162e+17 2.9897379e+09 2318834.9 1.8910387e-28 7.0781235e-23 2.3661504e-41
97795261 2.9260852e+17 2.9897352e+09 2319225.1 1.8863194e-28 7.056937e-23 2.357504e-41
97893132 2.9290113e+17 2.9897325e+09 2319615.5 1.8816118e-28 7.0358139e-23 2.3488891e-41
97991101 2.9319403e+17 2.9897298e+09 2320006.1 1.876916e-28 7.014754e-23 2.3403055e-41
98089168 2.9348722e+17 2.9897271e+09 2320396.8 1.8722319e-28 6.9937572e-23 2.3317531e-41
98187333 2.9378071e+17 2.9897244e+09 2320787.6 1.8675595e-28 6.9728232e-23 2.3232319e-41
98285596 2.9407449e+17 2.9897217e+09 2321178.7 1.8628988e-28 6.9519519e-23 2.3147417e-41
98383958 2.9436856e+17 2.989719e+09 2321569.9 1.8582497e-28 6.931143e-23 2.3062823e-41
98482419 2.9466293e+17 2.9897163e+09 2321961.3 1.8536122e-28 6.9103965e-23 2.2978538e-41
98580977 2.949576e+17 2.9897136e+09 2322352.8 1.8489862e-28 6.889712e-23 2.2894559e-41
98679635 2.9525255e+17 2.9897108e+09 2322744.5 1.8443718e-28 6.8690895e-23 2.2810886e-41
98778391 2.9554781e+17 2.9897081e+09 2323136.4 1.839769e-28 6.8485287e-23 2.2727517e-41
98877246 2.9584335e+17 2.9897054e+09 2323528.5 1.8351776e-28 6.8280294e-23 2.2644452e-41
98976200 2.961392e+17 2.9897027e+09 2323920.7 1.8305977e-28 6.8075915e-23 2.2561689e-41
99075253 2.9643534e+17 2.9897e+09 2324313.1 1.8260292e-28 6.7872148e-23 2.2479227e-41
99174405 2.9673177e+17 2.9896973e+09 2324705.6 1.8214721e-28 6.766899e-23 2.2397066e-41
99273657 2.970285e+17 2.9896946e+09 2325098.3 1.8169263e-28 6.7466441e-23 2.2315203e-41
99373008 2.9732553e+17 2.9896919e+09 2325491.2 1.812392e-28 6.7264498e-23 2.2233638e-41
99472458 2.9762286e+17 2.9896891e+09 2325884.3 1.8078689e-28 6.7063159e-23 2.2152371e-41
99572008 2.9792048e+17 2.9896864e+09 2326277.5 1.8033571e-28 6.6862423e-23 2.2071399e-41
99671657 2.982184e+17 2.9896837e+09 2326670.9 1.7988566e-28 6.6662288e-23 2.1990721e-41
99771406 2.9851662e+17 2.989681e+09 2327064.5 1.7943673e-28 6.6462752e-23 2.1910338e-41
99871255 2.9881514e+17 2.9896783e+09 2327458.2 1.7898893e-28 6.6263814e-23 2.1830247e-41
99971204 2.9911395e+17 2.9896756e+09 2327852.1 1.7854223e-28 6.6065471e-23 2.1750447e-41
1.0007125e+08 2.9941307e+17 2.9896728e+09 2328246.1 1.7809666e-28 6.5867721e-23 2.1670938e-41
1.001714e+08 2.9971248e+17 2.9896701e+09 2328640.3 1.776522e-28 6.5670564e-23 2.1591718e-41
1.0027165e+08 3.0001219e+17 2.9896674e+09 2329034.7 1.7720884e-28 6.5473996e-23 2.1512787e-41
1.00372e+08 3.003122e+17 2.9896647e+09 2329429.3 1.7676659e-28 6.5278017e-23 2.1434143e-41
1.0047245e+08 3.0061252e+17 2.989662e+09 2329824 1.7632545e-28 6.5082625e-23 2.1355786e-41
1.00573e+08 3.0091313e+17 2.9896592e+09 2330218.9 1.7588541e-28 6.4887817e-23 2.1277713e-41
1.0067365e+08 3.0121404e+17 2.9896565e+09 2330614 1.7544646e-28 6.4693593e-23 2.1199925e-41
1.0077441e+08 3.0151525e+17 2.9896538e+09 2331009.2 1.7500861e-28 6.4499949e-23 2.112242e-41
1.0087526e+08 3.0181677e+17 2.9896511e+09 2331404.6 1.7457185e-28 6.4306886e-23 2.1045197e-41
1.0097621e+08 3.0211859e+17 2.9896483e+09 2331800.2 1.7413619e-28 6.41144e-23 2.0968256e-41
1.0107727e+08 3.0242071e+17 2.9896456e+09 2332195.9 1.7370161e-28 6.3922491e-23 2.0891594e-41
1.0117842e+08 3.0272313e+17 2.9896429e+09 2332591.8 1.7326811e-28 6.3731156e-23 2.0815212e-41
1.0127968e+08 3.0302585e+17 2.9896402e+09 2332987.9 1.728357e-28 6.3540394e-23 2.0739107e-41
1.0138104e+08 3.0332888e+17 2.9896374e+09 2333384.1 1.7240436e-28 6.3350203e-23 2.066328e-41
1.014825e+08 3.036322e+17 2.9896347e+09 2333780.5 1.7197411e-28 6.3160581e-23 2.0587729e-41
1.0158406e+08 3.0393584e+17 2.989632e+09 2334177.1 1.7154492e-28 6.2971526e-23 2.0512453e-41
1.0168572e+08 3.0423977e+17 2.9896293e+09 2334573.8 1.7111681e-28 6.2783038e-23 2.0437451e-41
1.0178749e+08 3.0454401e+17 2.9896265e+09 2334970.7 1.7068976e-28 6.2595114e-23 2.0362722e-41
1.0188936e+08 3.0484856e+17 2.9896238e+09 2335367.8 1.7026379e-28 6.2407752e-23 2.0288265e-41
1.0199132e+08 3.051534e+17 2.9896211e+09 2335765 1.6983887e-28 6.2220951e-23 2.021408e-41
1.020934e+08 3.0545856e+17 2.9896183e+09 2336162.4 1.6941501e-28 6.2034709e-23 2.0140164e-41
1.0219557e+08 3.0576402e+17 2.9896156e+09 2336560 1.6899222e-28 6.1849025e-23 2.0066518e-41
1.0229784e+08 3.0606978e+17 2.9896129e+09 2336957.8 1.6857048e-28 6.1663896e-23 1.999314e-41
1.0240022e+08 3.0637585e+17 2.9896102e+09 2337355.7 1.6814979e-28 6.1479322e-23 1.9920029e-41
1.025027e+08 3.0668223e+17 2.9896074e+09 2337753.7 1.6773015e-28 6.12953e-23 1.9847184e-41
1.0260528e+08 3.0698891e+17 2.9896047e+09 2338152 1.6731155e-28 6.1111829e-23 1.9774605e-41
1.0270797e+08 3.072959e+17 2.989602e+09 2338550.4 1.66894e-28 6.0928907e-23 1.970229e-41
1.0281076e+08 3.0760319e+17 2.9895992e+09 2338949 1.664775e-28 6.0746533e-23 1.9630238e-41
1.0291365e+08 3.079108e+17 2.9895965e+09 2339347.7 1.6606203e-28 6.0564704e-23 1.9558449e-41
1.0301664e+08 3.0821871e+17 2.9895938e+09 2339746.6 1.656476e-28 6.038342e-23 1.9486921e-41
1.0311974e+08 3.0852693e+17 2.989591e+09 2340145.7 1.6523421e-28 6.0202679e-23 1.9415654e-41
1.0322294e+08 3.0883545e+17 2.9895883e+09 2340545 1.6482184e-28 6.0022478e-23 1.9344646e-41
1.0332625e+08 3.0914429e+17 2.9895855e+09 2340944.4 1.6441051e-28 5.9842817e-23 1.9273897e-41
1.0342965e+08 3.0945343e+17 2.9895828e+09 2341344 1.640002e-28 5.9663693e-23 1.9203405e-41
1.0353316e+08 3.0976289e+17 2.9895801e+09 2341743.7 1.6359092e-28 5.9485106e-23 1.9133171e-41
1.0363678e+08 3.1007265e+17 2.9895773e+09 2342143.7 1.6318265e-28 5.9307054e-23 1.9063192e-41
1.0374049e+08 3.1038272e+17 2.9895746e+09 2342543.7 1.6277541e-28 5.9129534e-23 1.8993468e-41
1.0384432e+08 3.106931e+17 2.9895719e+09 2342944 1.6236918e-28 5.8952546e-23 1.8923998e-41
1.0394824e+08 3.110038e+17 2.9895691e+09 2343344.4 1.6196397e-28 5.8776087e-23 1.8854781e-41
1.0405227e+08 3.113148e+17 2.9895664e+09 2343745 1.6155977e-28 5.8600157e-23 1.8785816e-41
1.0415641e+08 3.1162612e+17 2.9895636e+09 2344145.8 1.6115657e-28 5.8424753e-23 1.8717103e-41
1.0426064e+08 3.1193774e+17 2.9895609e+09 2344546.7 1.6075439e-28 5.8249874e-23 1.8648639e-41
1.0436499e+08 3.1224968e+17 2.9895581e+09 2344947.8 1.603532e-28 5.8075519e-23 1.8580425e-41
1.0446943e+08 3.1256193e+17 2.9895554e+09 2345349.1 1.5995302e-28 5.7901686e-23 1.851246e-41
1.0457398e+08 3.1287449e+17 2.9895527e+09 2345750.5 1.5955384e-28 5.7728373e-23 1.8444742e-41
1.0467864e+08 3.1318737e+17 2.9895499e+09 2346152.1 1.5915565e-28 5.7555578e-23 1.8377271e-41
1.047834e+08 3.1350055e+17 2.9895472e+09 2346553.8 1.5875845e-28 5.7383301e-23 1.8310046e-41
1.0488827e+08 3.1381405e+17 2.9895444e+09 2346955.8 1.5836225e-28 5.721154e-23 1.8243066e-41
1.0499324e+08 3.1412787e+17 2.9895417e+09 2347357.9 1.5796704e-28 5.7040293e-23 1.8176329e-41
1.0509831e+08 3.14442e+17 2.9895389e+09 2347760.2 1.5757281e-28 5.6869558e-23 1.8109836e-41
1.0520349e+08 3.1475644e+17 2.9895362e+09 2348162.6 1.5717957e-28 5.6699334e-23 1.8043585e-41
1.0530878e+08 3.1507119e+17 2.9895334e+09 2348565.2 1.567873e-28 5.652962e-23 1.7977576e-41
1.0541417e+08 3.1538627e+17 2.9895307e+09 2348968 1.5639602e-28 5.6360414e-23 1.7911807e-41
1.0551967e+08 3.1570165e+17 2.9895279e+09 2349370.9 1.5600571e-28 5.6191715e-23 1.7846277e-41
1.0562527e+08 3.1601735e+17 2.9895252e+09 2349774 1.5561638e-28 5.602352e-23 1.7780987e-41
1.0573098e+08 3.1633337e+17 2.9895224e+09 2350177.3 1.5522802e-28 5.5855829e-23 1.7715934e-41
1.0583679e+08 3.166497e+17 2.9895197e+09 2350580.7 1.5484063e-28 5.568864e-23 1.7651118e-41
1.0594271e+08 3.1696635e+17 2.9895169e+09 2350984.3 1.544542e-28 5.5521951e-23 1.7586539e-41
1.0604874e+08 3.1728332e+17 2.9895142e+09 2351388.1 1.5406874e-28 5.5355761e-23 1.7522195e-41
1.0615487e+08 3.176006e+17 2.9895114e+09 2351792.1 1.5368424e-28 5.5190069e-23 1.7458085e-41
1.0626111e+08 3.179182e+17 2.9895087e+09 2352196.2 1.533007e-28 5.5024872e-23 1.7394209e-41
1.0636745e+08 3.1823612e+17 2.9895059e+09 2352600.5 1.5291812e-28 5.486017e-23 1.7330566e-41
1.064739e+08 3.1855436e+17 2.9895032e+09 2353004.9 1.525365e-28 5.4695961e-23 1.7267154e-41
1.0658046e+08 3.1887291e+17 2.9895004e+09 2353409.5 1.5215582e-28 5.4532244e-23 1.7203974e-41
1.0668713e+08 3.1919179e+17 2.9894977e+09 2353814.3 1.517761e-28 5.4369017e-23 1.7141024e-41
1.067939e+08 3.1951098e+17 2.9894949e+09 2354219.3 1.5139732e-28 5.4206278e-23 1.7078303e-41
1.0690077e+08 3.1983049e+17 2.9894922e+09 2354624.4 1.5101949e-28 5.4044026e-23 1.7015811e-41
1.0700776e+08 3.2015032e+17 2.9894894e+09 2355029.7 1.506426e-28 5.388226e-23 1.6953547e-41
1.0711485e+08 3.2047047e+17 2.9894866e+09 2355435.1 1.5026665e-28 5.3720978e-23 1.689151e-41
1.0722205e+08 3.2079094e+17 2.9894839e+09 2355840.8 1.4989164e-28 5.3560179e-23 1.6829698e-41
1.0732936e+08 3.2111173e+17 2.9894811e+09 2356246.6 1.4951756e-28 5.3399862e-23 1.6768112e-41
1.0743677e+08 3.2143284e+17 2.9894784e+09 2356652.5 1.4914442e-28 5.3240024e-23 1.6706751e-41
1.0754429e+08 3.2175427e+17 2.9894756e+09 2357058.6 1.4877221e-28 5.3080664e-23 1.6645613e-41
1.0765192e+08 3.2207603e+17 2.9894728e+09 2357464.9 1.4840093e-28 5.2921782e-23 1.6584698e-41
1.0775966e+08 3.2239811e+17 2.9894701e+09 2357871.4 1.4803058e-28 5.2763375e-23 1.6524005e-41
1.078675e+08 3.227205e+17 2.9894673e+09 2358278 1.4766115e-28 5.2605442e-23 1.6463533e-41
1.0797546e+08 3.2304322e+17 2.9894646e+09 2358684.8 1.4729264e-28 5.2447982e-23 1.6403282e-41
1.0808352e+08 3.2336627e+17 2.9894618e+09 2359091.8 1.4692505e-28 5.2290994e-23 1.634325e-41
1.0819168e+08 3.2368963e+17 2.989459e+09 2359499 1.4655838e-28 5.2134475e-23 1.6283438e-41
1.0829996e+08 3.2401332e+17 2.9894563e+09 2359906.3 1.4619263e-28 5.1978425e-23 1.6223843e-41
1.0840835e+08 3.2433734e+17 2.9894535e+09 2360313.7 1.4582778e-28 5.1822842e-23 1.6164465e-41
1.0851684e+08 3.2466167e+17 2.9894507e+09 2360721.4 1.4546385e-28 5.1667724e-23 1.6105304e-41
1.0862544e+08 3.2498634e+17 2.989448e+09 2361129.2 1.4510083e-28 5.1513071e-23 1.6046359e-41
1.0873415e+08 3.2531132e+17 2.9894452e+09 2361537.2 1.4473871e-28 5.1358881e-23 1.5987628e-41
1.0884297e+08 3.2563663e+17 2.9894424e+09 2361945.3 1.4437749e-28 5.1205153e-23 1.5929112e-41
1.089519e+08 3.2596227e+17 2.9894397e+09 2362353.6 1.4401718e-28 5.1051884e-23 1.5870809e-41
1.0906094e+08 3.2628823e+17 2.9894369e+09 2362762.1 1.4365777e-28 5.0899074e-23 1.5812718e-41
1.0917009e+08 3.2661452e+17 2.9894341e+09 2363170.7 1.4329925e-28 5.0746722e-23 1.5754839e-41
1.0927934e+08 3.2694113e+17 2.9894314e+09 2363579.6 1.4294163e-28 5.0594826e-23 1.5697171e-41
1.0938871e+08 3.2726808e+17 2.9894286e+09 2363988.5 1.425849e-28 5.0443384e-23 1.5639714e-41
1.0949819e+08 3.2759534e+17 2.9894258e+09 2364397.7 1.4222906e-28 5.0292396e-23 1.5582466e-41
1.0960777e+08 3.2792294e+17 2.9894231e+09 2364807 1.4187411e-28 5.0141859e-23 1.5525427e-41
1.0971746e+08 3.2825086e+17 2.9894203e+09 2365216.5 1.4152004e-28 4.9991774e-23 1.5468595e-41
1.0982727e+08 3.2857911e+17 2.9894175e+09 2365626.2 1.4116686e-28 4.9842137e-23 1.5411971e-41
1.0993718e+08 3.2890769e+17 2.9894148e+09 2366036 1.4081456e-28 4.9692949e-23 1.5355554e-41
1.1004721e+08 3.292366e+17 2.989412e+09 2366446 1.4046314e-28 4.9544206e-23 1.5299342e-41
1.1015734e+08 3.2956584e+17 2.9894092e+09 2366856.2 1.401126e-28 4.939591e-23 1.5243335e-41
1.1026759e+08 3.298954e+17 2.9894064e+09 2367266.5 1.3976293e-28 4.9248057e-23 1.5187532e-41
1.1037794e+08 3.302253e+17 2.9894037e+09 2367677 1.3941413e-28 4.9100646e-23 1.5131933e-41
1.1048841e+08 3.3055552e+17 2.9894009e+09 2368087.7 1.390662e-28 4.8953677e-23 1.5076536e-41
1.1059898e+08 3.3088608e+17 2.9893981e+09 2368498.5 1.3871914e-28 4.8807148e-23 1.5021342e-41
1.1070967e+08 3.3121696e+17 2.9893953e+09 2368909.5 1.3837295e-28 4.8661057e-23 1.4966349e-41
1.1082047e+08 3.3154818e+17 2.9893926e+09 2369320.7 1.3802762e-28 4.8515404e-23 1.4911556e-41
1.1093137e+08 3.3187973e+17 2.9893898e+09 2369732 1.3768316e-28 4.8370187e-23 1.4856963e-41
1.1104239e+08 3.3221161e+17 2.989387e+09 2370143.5 1.3733955e-28 4.8225404e-23 1.480257e-41
1.1115352e+08 3.3254382e+17 2.9893842e+09 2370555.2 1.369968e-28 4.8081055e-23 1.4748374e-41
1.1126476e+08 3.3287636e+17 2.9893814e+09 2370967 1.3665491e-28 4.7937137e-23 1.4694377e-41
1.1137612e+08 3.3320924e+17 2.9893787e+09 2371379 1.3631387e-28 4.7793651e-23 1.4640576e-41
1.1148758e+08 3.3354245e+17 2.9893759e+09 2371791.2 1.3597368e-28 4.7650594e-23 1.4586971e-41
1.1159916e+08 3.3387599e+17 2.9893731e+09 2372203.6 1.3563434e-28 4.7507965e-23 1.4533562e-41
1.1171085e+08 3.3420987e+17 2.9893703e+09 2372616.1 1.3529585e-28 4.7365763e-23 1.4480348e-41
1.1182265e+08 3.3454408e+17 2.9893675e+09 2373028.8 1.349582e-28 4.7223987e-23 1.4427328e-41
1.1193456e+08 3.3487862e+17 2.9893648e+09 2373441.6 1.3462139e-28 4.7082636e-23 1.4374501e-41
1.1204658e+08 3.352135e+17 2.989362e+09 2373854.7 1.3428543e-28 4.6941707e-23 1.4321867e-41
1.1215872e+08 3.3554871e+17 2.9893592e+09 2374267.8 1.339503e-28 4.68012e-23 1.4269425e-41
1.1227096e+08 3.3588426e+17 2.9893564e+09 2374681.2 1.3361601e-28 4.6661114e-23 1.4217174e-41
1.1238332e+08 3.3622015e+17 2.9893536e+09 2375094.7 1.3328255e-28 4.6521447e-23 1.4165114e-41
1.124958e+08 3.3655637e+17 2.9893508e+09 2375508.4 1.3294993e-28 4.6382198e-23 1.4113244e-41
1.1260838e+08 3.3689292e+17 2.989348e+09 2375922.3 1.3261813e-28 4.6243366e-23 1.4061562e-41
1.1272108e+08 3.3722982e+17 2.9893453e+09 2376336.3 1.3228717e-28 4.6104949e-23 1.401007e-41
1.1283389e+08 3.3756705e+17 2.9893425e+09 2376750.5 1.3195703e-28 4.5966947e-23 1.3958765e-41
1.1294681e+08 3.3790461e+17 2.9893397e+09 2377164.9 1.3162771e-28 4.5829358e-23 1.3907648e-41
1.1305985e+08 3.3824252e+17 2.9893369e+09 2377579.4 1.3129922e-28 4.5692181e-23 1.3856716e-41
1.13173e+08 3.3858076e+17 2.9893341e+09 2377994.1 1.3097154e-28 4.5555414e-23 1.3805971e-41
1.1328626e+08 3.3891934e+17 2.9893313e+09 2378409 1.3064469e-28 4.5419057e-23 1.3755411e-41
1.1339964e+08 3.3925826e+17 2.9893285e+09 2378824.1 1.3031865e-28 4.5283107e-23 1.3705035e-41
1.1351313e+08 3.3959752e+17 2.9893257e+09 2379239.3 1.2999342e-28 4.5147565e-23 1.3654843e-41
1.1362673e+08 3.3993712e+17 2.9893229e+09 2379654.6 1.29669e-28 4.5012429e-23 1.3604834e-41
1.1374045e+08 3.4027705e+17 2.9893202e+09 2380070.2 1.293454e-28 4.4877697e-23 1.3555008e-41
1.1385428e+08 3.4061733e+17 2.9893174e+09 2380485.9 1.290226e-28 4.4743368e-23 1.3505363e-41
1.1396822e+08 3.4095795e+17 2.9893146e+09 2380901.8 1.2870061e-28 4.4609441e-23 1.34559e-41
1.1408228e+08 3.4129891e+17 2.9893118e+09 2381317.8 1.2837942e-28 4.4475916e-23 1.3406617e-41
1.1419646e+08 3.4164021e+17 2.989309e+09 2381734.1 1.2805903e-28 4.4342789e-23 1.3357514e-41
1.1431074e+08 3.4198185e+17 2.9893062e+09 2382150.5 1.2773944e-28 4.4210062e-23 1.330859e-41
1.1442515e+08 3.4232383e+17 2.9893034e+09 2382567 1.2742065e-28 4.4077731e-23 1.3259844e-41
1.1453966e+08 3.4266615e+17 2.9893006e+09 2382983.7 1.2710266e-28 4.3945797e-23 1.3211277e-41
1.1465429e+08 3.4300882e+17 2.9892978e+09 2383400.6 1.2678545e-28 4.3814258e-23 1.3162886e-41
1.1476904e+08 3.4335183e+17 2.989295e+09 2383817.7 1.2646904e-28 4.3683112e-23 1.3114672e-41
1.148839e+08 3.4369518e+17 2.9892922e+09 2384234.9 1.2615342e-28 4.3552359e-23 1.3066635e-41
1.1499887e+08 3.4403887e+17 2.9892894e+09 2384652.3 1.2583859e-28 4.3421998e-23 1.3018772e-41
1.1511396e+08 3.4438291e+17 2.9892866e+09 2385069.9 1.2552454e-28 4.3292026e-23 1.2971084e-41
1.1522917e+08 3.447273e+17 2.9892838e+09 2385487.6 1.2521128e-28 4.3162444e-23 1.292357e-41
1.1534449e+08 3.4507202e+17 2.989281e+09 2385905.6 1.248988e-28 4.3033249e-23 1.287623e-41
1.1545993e+08 3.4541709e+17 2.9892782e+09 2386323.6 1.245871e-28 4.2904442e-23 1.2829062e-41
1.1557548e+08 3.4576251e+17 2.9892754e+09 2386741.9 1.2427618e-28 4.2776019e-23 1.2782066e-41
1.1569115e+08 3.4610827e+17 2.9892726e+09 2387160.3 1.2396603e-28 4.2647981e-23 1.2735242e-41
1.1580693e+08 3.4645438e+17 2.9892698e+09 2387578.9 1.2365665e-28 4.2520327e-23 1.2688589e-41
1.1592283e+08 3.4680084e+17 2.989267e+09 2387997.6 1.2334805e-28 4.2393054e-23 1.2642106e-41
1.1603885e+08 3.4714764e+17 2.9892642e+09 2388416.5 1.2304022e-28 4.2266163e-23 1.2595792e-41
1.1615498e+08 3.4749479e+17 2.9892614e+09 2388835.6 1.2273316e-28 4.2139651e-23 1.2549648e-41
1.1627122e+08 3.4784228e+17 2.9892586e+09 2389254.9 1.2242686e-28 4.2013518e-23 1.2503672e-41
1.1638759e+08 3.4819012e+17 2.9892558e+09 2389674.3 1.2212133e-28 4.1887763e-23 1.2457864e-41
1.1650407e+08 3.4853831e+17 2.989253e+09 2390093.9 1.2181656e-28 4.1762384e-23 1.2412223e-41
1.1662067e+08 3.4888685e+17 2.9892502e+09 2390513.7 1.2151255e-28 4.163738e-23 1.2366749e-41
1.1673738e+08 3.4923574e+17 2.9892474e+09 2390933.6 1.212093e-28 4.151275e-23 1.232144e-41
1.1685421e+08 3.4958497e+17 2.9892446e+09 2391353.7 1.2090681e-28 4.1388494e-23 1.2276298e-41
1.1697116e+08 3.4993456e+17 2.9892417e+09 2391774 1.2060507e-28 4.1264609e-23 1.2231319e-41
1.1708822e+08 3.5028449e+17 2.9892389e+09 2392194.4 1.2030408e-28 4.1141095e-23 1.2186505e-41
1.172054e+08 3.5063478e+17 2.9892361e+09 2392615 1.2000385e-28 4.1017951e-23 1.2141855e-41
1.173227e+08 3.5098541e+17 2.9892333e+09 2393035.8 1.1970436e-28 4.0895176e-23 1.2097367e-41
1.1744012e+08 3.513364e+17 2.9892305e+09 2393456.7 1.1940562e-28 4.0772768e-23 1.2053042e-41
1.1755765e+08 3.5168773e+17 2.9892277e+09 2393877.8 1.1910763e-28 4.0650726e-23 1.2008879e-41
1.1767531e+08 3.5203942e+17 2.9892249e+09 2394299.1 1.1881038e-28 4.052905e-23 1.1964877e-41
1.1779308e+08 3.5239146e+17 2.9892221e+09 2394720.6 1.1851388e-28 4.0407738e-23 1.1921036e-41
1.1791096e+08 3.5274385e+17 2.9892193e+09 2395142.2 1.1821811e-28 4.0286789e-23 1.1877354e-41
1.1802897e+08 3.530966e+17 2.9892164e+09 2395564 1.1792308e-28 4.0166202e-23 1.1833833e-41
1.1814709e+08 3.5344969e+17 2.9892136e+09 2395985.9 1.1762879e-28 4.0045976e-23 1.179047e-41
1.1826533e+08 3.5380314e+17 2.9892108e+09 2396408.1 1.1733523e-28 3.992611e-23 1.1747265e-41
1.1838369e+08 3.5415695e+17 2.989208e+09 2396830.4 1.170424e-28 3.9806602e-23 1.1704218e-41
1.1850217e+08 3.545111e+17 2.9892052e+09 2397252.8 1.1675031e-28 3.9687453e-23 1.1661328e-41
1.1862077e+08 3.5486561e+17 2.9892024e+09 2397675.5 1.1645894e-28 3.956866e-23 1.1618595e-41
1.1873949e+08 3.5522048e+17 2.9891995e+09 2398098.3 1.161683e-28 3.9450222e-23 1.1576018e-41
1.1885832e+08 3.555757e+17 2.9891967e+09 2398521.2 1.1587839e-28 3.9332139e-23 1.1533596e-41
1.1897727e+08 3.5593128e+17 2.9891939e+09 2398944.4 1.155892e-28 3.921441e-23 1.1491329e-41
1.1909635e+08 3.5628721e+17 2.9891911e+09 2399367.7 1.1530073e-28 3.9097033e-23 1.1449217e-41
1.1921554e+08 3.5664349e+17 2.9891883e+09 2399791.1 1.1501299e-28 3.8980007e-23 1.1407258e-41
1.1933485e+08 3.5700014e+17 2.9891855e+09 2400214.8 1.1472595e-28 3.8863332e-23 1.1365452e-41
1.1945428e+08 3.5735714e+17 2.9891826e+09 2400638.6 1.1443964e-28 3.8747006e-23 1.1323799e-41
1.1957383e+08 3.5771449e+17 2.9891798e+09 2401062.6 1.1415404e-28 3.8631028e-23 1.1282299e-41
1.196935e+08 3.5807221e+17 2.989177e+09 2401486.7 1.1386916e-28 3.8515397e-23 1.1240949e-41
1.1981329e+08 3.5843028e+17 2.9891742e+09 2401911.1 1.1358498e-28 3.8400112e-23 1.1199751e-41
1.199332e+08 3.5878871e+17 2.9891713e+09 2402335.5 1.1330151e-28 3.8285173e-23 1.1158703e-41
1.2005323e+08 3.591475e+17 2.9891685e+09 2402760.2 1.1301876e-28 3.8170577e-23 1.1117805e-41
1.2017338e+08 3.5950665e+17 2.9891657e+09 2403185 1.127367e-28 3.8056325e-23 1.1077057e-41
1.2029365e+08 3.5986615e+17 2.9891629e+09 2403610 1.1245535e-28 3.7942414e-23 1.1036457e-41
1.2041404e+08 3.6022602e+17 2.98916e+09 2404035.2 1.1217471e-28 3.7828844e-23 1.0996005e-41
1.2053455e+08 3.6058625e+17 2.9891572e+09 2404460.5 1.1189476e-28 3.7715615e-23 1.0955701e-41
1.2065518e+08 3.6094683e+17 2.9891544e+09 2404886 1.1161551e-28 3.7602724e-23 1.0915545e-41
1.2077593e+08 3.6130778e+17 2.9891516e+09 2405311.7 1.1133696e-28 3.7490171e-23 1.0875535e-41
1.2089681e+08 3.6166909e+17 2.9891487e+09 2405737.6 1.110591e-28 3.7377955e-23 1.0835671e-41
1.210178e+08 3.6203076e+17 2.9891459e+09 2406163.6 1.1078194e-28 3.7266075e-23 1.0795953e-41
1.2113891e+08 3.6239279e+17 2.9891431e+09 2406589.7 1.1050547e-28 3.715453e-23 1.0756379e-41
1.2126015e+08 3.6275518e+17 2.9891402e+09 2407016.1 1.1022969e-28 3.7043319e-23 1.0716951e-41
1.2138151e+08 3.6311794e+17 2.9891374e+09 2407442.6 1.099546e-28 3.693244e-23 1.0677666e-41
1.2150299e+08 3.6348105e+17 2.9891346e+09 2407869.3 1.0968019e-28 3.6821894e-23 1.0638525e-41
1.2162459e+08 3.6384453e+17 2.9891318e+09 2408296.2 1.0940647e-28 3.6711678e-23 1.0599527e-41
1.2174631e+08 3.6420838e+17 2.9891289e+09 2408723.2 1.0913343e-28 3.6601792e-23 1.0560671e-41
1.2186816e+08 3.6457259e+17 2.9891261e+09 2409150.4 1.0886107e-28 3.6492236e-23 1.0521957e-41
1.2199012e+08 3.6493716e+17 2.9891233e+09 2409577.7 1.085894e-28 3.6383007e-23 1.0483385e-41
1.2211221e+08 3.653021e+17 2.9891204e+09 2410005.3 1.083184e-28 3.6274105e-23 1.0444953e-41
1.2223442e+08 3.656674e+17 2.9891176e+09 2410433 1.0804807e-28 3.6165529e-23 1.0406662e-41
1.2235675e+08 3.6603307e+17 2.9891148e+09 2410860.9 1.0777843e-28 3.6057278e-23 1.0368511e-41
1.2247921e+08 3.663991e+17 2.9891119e+09 2411288.9 1.0750945e-28 3.5949351e-23 1.0330499e-41
1.2260179e+08 3.667655e+17 2.9891091e+09 2411717.1 1.0724115e-28 3.5841747e-23 1.0292625e-41
1.2272449e+08 3.6713226e+17 2.9891062e+09 2412145.5 1.0697351e-28 3.5734465e-23 1.0254891e-41
1.2284731e+08 3.674994e+17 2.9891034e+09 2412574 1.0670655e-28 3.5627505e-23 1.0217294e-41
1.2297026e+08 3.678669e+17 2.9891006e+09 2413002.8 1.0644025e-28 3.5520864e-23 1.0179834e-41
1.2309333e+08 3.6823476e+17 2.9890977e+09 2413431.6 1.0617461e-28 3.5414543e-23 1.0142512e-41
1.2321652e+08 3.68603e+17 2.9890949e+09 2413860.7 1.0590964e-28 3.530854e-23 1.0105325e-41
1.2333983e+08 3.689716e+17 2.9890921e+09 2414289.9 1.0564533e-28 3.5202854e-23 1.0068275e-41
1.2346327e+08 3.6934057e+17 2.9890892e+09 2414719.3 1.0538167e-28 3.5097485e-23 1.0031359e-41
1.2358684e+08 3.6970991e+17 2.9890864e+09 2415148.9 1.0511868e-28 3.4992431e-23 9.9945792e-42
1.2371052e+08 3.7007962e+17 2.9890835e+09 2415578.6 1.0485634e-28 3.4887691e-23 9.9579333e-42
1.2383433e+08 3.704497e+17 2.9890807e+09 2416008.5 1.0459466e-28 3.4783265e-23 9.9214212e-42
1.2395827e+08 3.7082015e+17 2.9890778e+09 2416438.6 1.0433363e-28 3.4679152e-23 9.8850426e-42
1.2408233e+08 3.7119097e+17 2.989075e+09 2416868.8 1.0407325e-28 3.457535e-23 9.8487969e-42
1.2420651e+08 3.7156216e+17 2.9890722e+09 2417299.2 1.0381352e-28 3.4471859e-23 9.8126836e-42
1.2433082e+08 3.7193373e+17 2.9890693e+09 2417729.8 1.0355444e-28 3.4368677e-23 9.7767022e-42
1.2445525e+08 3.7230566e+17 2.9890665e+09 2418160.6 1.0329601e-28 3.4265805e-23 9.7408523e-42
1.245798e+08 3.7267796e+17 2.9890636e+09 2418591.5 1.0303822e-28 3.416324e-23 9.7051334e-42
1.2470448e+08 3.7305064e+17 2.9890608e+09 2419022.6 1.0278108e-28 3.4060983e-23 9.6695451e-42
1.2482929e+08 3.7342369e+17 2.9890579e+09 2419453.8 1.0252457e-28 3.3959031e-23 9.6340867e-42
1.2495422e+08 3.7379712e+17 2.9890551e+09 2419885.3 1.0226871e-28 3.3857385e-23 9.5987579e-42
1.2507927e+08 3.7417091e+17 2.9890522e+09 2420316.9 1.0201348e-28 3.3756043e-23 9.5635583e-42
1.2520446e+08 3.7454509e+17 2.9890494e+09 2420748.6 1.017589e-28 3.3655004e-23 9.5284872e-42
1.2532976e+08 3.7491963e+17 2.9890465e+09 2421180.6 1.0150494e-28 3.3554268e-23 9.4935443e-42
1.2545519e+08 3.7529455e+17 2.9890437e+09 2421612.7 1.0125162e-28 3.3453833e-23 9.4587291e-42
1.2558075e+08 3.7566984e+17 2.9890408e+09 2422045 1.0099894e-28 3.3353699e-23 9.4240411e-42
1.2570643e+08 3.7604551e+17 2.989038e+09 2422477.4 1.0074688e-28 3.3253864e-23 9.3894799e-42
1.2583224e+08 3.7642156e+17 2.9890351e+09 2422910 1.0049545e-28 3.3154329e-23 9.3550449e-42
1.2595817e+08 3.7679798e+17 2.9890323e+09 2423342.8 1.0024465e-28 3.3055091e-23 9.3207359e-42
1.2608423e+08 3.7717478e+17 2.9890294e+09 2423775.8 9.999448e-29 3.2956151e-23 9.2865522e-42
1.2621042e+08 3.7755195e+17 2.9890266e+09 2424208.9 9.9744931e-29 3.2857506e-23 9.2524934e-42
1.2633673e+08 3.7792951e+17 2.9890237e+09 2424642.2 9.9496004e-29 3.2759157e-23 9.2185591e-42
1.2646317e+08 3.7830744e+17 2.9890209e+09 2425075.6 9.9247699e-29 3.2661102e-23 9.1847488e-42
1.2658974e+08 3.7868574e+17 2.989018e+09 2425509.3 9.9000013e-29 3.2563341e-23 9.1510621e-42
1.2671643e+08 3.7906443e+17 2.9890152e+09 2425943.1 9.8752946e-29 3.2465872e-23 9.1174985e-42
1.2684325e+08 3.7944349e+17 2.9890123e+09 2426377 9.8506495e-29 3.2368695e-23 9.0840575e-42
1.269702e+08 3.7982294e+17 2.9890094e+09 2426811.2 9.8260659e-29 3.2271809e-23 9.0507388e-42
1.2709727e+08 3.8020276e+17 2.9890066e+09 2427245.5 9.8015437e-29 3.2175213e-23 9.0175419e-42
1.2722447e+08 3.8058296e+17 2.9890037e+09 2427680 9.7770826e-29 3.2078906e-23 8.9844663e-42
1.273518e+08 3.8096355e+17 2.9890009e+09 2428114.6 9.7526826e-29 3.1982888e-23 8.9515116e-42
1.2747925e+08 3.8134451e+17 2.988998e+09 2428549.4 9.7283435e-29 3.1887156e-23 8.9186774e-42
1.2760683e+08 3.8172585e+17 2.9889951e+09 2428984.4 9.7040652e-29 3.1791712e-23 8.8859632e-42
1.2773454e+08 3.8210758e+17 2.9889923e+09 2429419.6 9.6798474e-29 3.1696553e-23 8.8533685e-42
1.2786238e+08 3.8248969e+17 2.9889894e+09 2429854.9 9.65569e-29 3.1601678e-23 8.820893e-42
1.2799035e+08 3.8287218e+17 2.9889866e+09 2430290.4 9.631593e-29 3.1507088e-23 8.7885362e-42
1.2811844e+08 3.8325505e+17 2.9889837e+09 2430726.1 9.6075561e-29 3.1412781e-23 8.7562977e-42
1.2824667e+08 3.836383e+17 2.9889808e+09 2431161.9 9.5835792e-29 3.1318756e-23 8.724177e-42
1.2837502e+08 3.8402194e+17 2.988978e+09 2431597.9 9.5596621e-29 3.1225013e-23 8.6921738e-42
1.285035e+08 3.8440596e+17 2.9889751e+09 2432034.1 9.5358047e-29 3.113155e-23 8.6602875e-42
1.286321e+08 3.8479037e+17 2.9889722e+09 2432470.4 9.5120068e-29 3.1038367e-23 8.6285178e-42
1.2876084e+08 3.8517516e+17 2.9889694e+09 2432907 9.4882684e-29 3.0945463e-23 8.5968643e-42
1.2888971e+08 3.8556034e+17 2.9889665e+09 2433343.6 9.4645892e-29 3.0852837e-23 8.5653264e-42
1.290187e+08 3.859459e+17 2.9889636e+09 2433780.5 9.440969e-29 3.0760489e-23 8.5339039e-42
1.2914782e+08 3.8633184e+17 2.9889608e+09 2434217.5 9.4174079e-29 3.0668416e-23 8.5025962e-42
1.2927708e+08 3.8671817e+17 2.9889579e+09 2434654.7 9.3939055e-29 3.057662e-23 8.471403e-42
1.2940646e+08 3.8710489e+17 2.988955e+09 2435092.1 9.3704617e-29 3.0485098e-23 8.4403239e-42
1.2953597e+08 3.87492e+17 2.9889522e+09 2435529.6 9.3470765e-29 3.039385e-23 8.4093583e-42
1.2966561e+08 3.8787949e+17 2.9889493e+09 2435967.3 9.3237497e-29 3.0302875e-23 8.378506e-42
1.2979538e+08 3.8826737e+17 2.9889464e+09 2436405.2 9.300481e-29 3.0212172e-23 8.3477665e-42
1.2992529e+08 3.8865564e+17 2.9889436e+09 2436843.3 9.2772704e-29 3.0121741e-23 8.3171394e-42
1.3005532e+08 3.8904429e+17 2.9889407e+09 2437281.5 9.2541178e-29 3.0031581e-23 8.2866242e-42
1.3018548e+08 3.8943334e+17 2.9889378e+09 2437719.9 9.2310229e-29 2.994169e-23 8.2562207e-42
1.3031577e+08 3.8982277e+17 2.9889349e+09 2438158.4 9.2079857e-29 2.9852069e-23 8.2259282e-42
1.3044619e+08 3.9021259e+17 2.9889321e+09 2438597.1 9.185006e-29 2.9762716e-23 8.1957466e-42
1.3057674e+08 3.906028e+17 2.9889292e+09 2439036 9.1620836e-29 2.967363e-23 8.1656753e-42
1.3070743e+08 3.9099341e+17 2.9889263e+09 2439475.1 9.1392184e-29 2.9584811e-23 8.135714e-42
1.3083824e+08 3.913844e+17 2.9889234e+09 2439914.3 9.1164103e-29 2.9496258e-23 8.1058622e-42
1.3096919e+08 3.9177578e+17 2.9889206e+09 2440353.7 9.0936591e-29 2.940797e-23 8.0761196e-42
1.3110026e+08 3.9216756e+17 2.9889177e+09 2440793.3 9.0709646e-29 2.9319946e-23 8.0464857e-42
1.3123147e+08 3.9255973e+17 2.9889148e+09 2441233.1 9.0483269e-29 2.9232186e-23 8.0169603e-42
1.3136281e+08 3.9295229e+17 2.9889119e+09 2441673 9.0257456e-29 2.9144688e-23 7.9875427e-42
1.3149428e+08 3.9334524e+17 2.9889091e+09 2442113.1 9.0032206e-29 2.9057452e-23 7.9582328e-42
1.3162588e+08 3.9373859e+17 2.9889062e+09 2442553.3 8.9807519e-29 2.8970477e-23 7.92903e-42
1.3175761e+08 3.9413232e+17 2.9889033e+09 2442993.7 8.9583393e-29 2.8883763e-23 7.8999341e-42
1.3188948e+08 3.9452646e+17 2.9889004e+09 2443434.3 8.9359825e-29 2.8797308e-23 7.8709445e-42
1.3202147e+08 3.9492098e+17 2.9888975e+09 2443875.1 8.9136816e-29 2.8711112e-23 7.842061e-42
1.321536e+08 3.953159e+17 2.9888947e+09 2444316 8.8914364e-29 2.8625174e-23 7.813283e-42
1.3228587e+08 3.9571122e+17 2.9888918e+09 2444757.1 8.8692466e-29 2.8539493e-23 7.7846104e-42
1.3241826e+08 3.9610693e+17 2.9888889e+09 2445198.4 8.8471122e-29 2.8454069e-23 7.7560426e-42
1.3255079e+08 3.9650304e+17 2.988886e+09 2445639.9 8.8250331e-29 2.83689e-23 7.7275793e-42
1.3268345e+08 3.9689954e+17 2.9888831e+09 2446081.5 8.8030091e-29 2.8283987e-23 7.69922e-42
1.3281624e+08 3.9729644e+17 2.9888802e+09 2446523.3 8.78104e-29 2.8199327e-23 7.6709645e-42
1.3294916e+08 3.9769374e+17 2.9888774e+09 2446965.2 8.7591258e-29 2.8114921e-23 7.6428124e-42
1.3308222e+08 3.9809143e+17 2.9888745e+09 2447407.3 8.7372662e-29 2.8030768e-23 7.6147632e-42
1.3321541e+08 3.9848952e+17 2.9888716e+09 2447849.6 8.7154612e-29 2.7946866e-23 7.5868166e-42
1.3334874e+08 3.9888801e+17 2.9888687e+09 2448292.1 8.6937106e-29 2.7863216e-23 7.5589722e-42
1.3348219e+08 3.992869e+17 2.9888658e+09 2448734.7 8.6720143e-29 2.7779816e-23 7.5312297e-42
1.3361578e+08 3.9968619e+17 2.9888629e+09 2449177.6 8.6503722e-29 2.7696665e-23 7.5035887e-42
1.3374951e+08 4.0008587e+17 2.98886e+09 2449620.5 8.628784e-29 2.7613764e-23 7.4760487e-42
1.3388337e+08 4.0048596e+17 2.9888571e+09 2450063.7 8.6072498e-29 2.753111e-23 7.4486095e-42
1.3401736e+08 4.0088644e+17 2.9888542e+09 2450507 8.5857693e-29 2.7448704e-23 7.4212707e-42
1.3415149e+08 4.0128733e+17 2.9888514e+09 2450950.5 8.5643423e-29 2.7366545e-23 7.3940318e-42
1.3428575e+08 4.0168862e+17 2.9888485e+09 2451394.1 8.5429689e-29 2.7284632e-23 7.3668926e-42
1.3442015e+08 4.0209031e+17 2.9888456e+09 2451838 8.5216488e-29 2.7202964e-23 7.3398527e-42
1.3455468e+08 4.024924e+17 2.9888427e+09 2452282 8.5003819e-29 2.712154e-23 7.3129117e-42
1.3468934e+08 4.0289489e+17 2.9888398e+09 2452726.1 8.4791681e-29 2.704036e-23 7.2860693e-42
1.3482414e+08 4.0329778e+17 2.9888369e+09 2453170.5 8.4580072e-29 2.6959423e-23 7.259325e-42
1.3495908e+08 4.0370108e+17 2.988834e+09 2453615 8.4368991e-29 2.6878728e-23 7.2326786e-42
1.3509415e+08 4.0410478e+17 2.9888311e+09 2454059.7 8.4158437e-29 2.6798275e-23 7.2061297e-42
1.3522935e+08 4.0450889e+17 2.9888282e+09 2454504.5 8.3948409e-29 2.6718062e-23 7.1796779e-42
1.3536469e+08 4.049134e+17 2.9888253e+09 2454949.6 8.3738905e-29 2.663809e-23 7.1533229e-42
1.3550017e+08 4.0531831e+17 2.9888224e+09 2455394.7 8.3529923e-29 2.6558357e-23 7.1270643e-42
1.3563578e+08 4.0572363e+17 2.9888195e+09 2455840.1 8.3321463e-29 2.6478863e-23 7.1009017e-42
1.3577153e+08 4.0612935e+17 2.9888166e+09 2456285.6 8.3113524e-29 2.6399606e-23 7.0748349e-42
1.3590741e+08 4.0653548e+17 2.9888137e+09 2456731.3 8.2906103e-29 2.6320587e-23 7.0488635e-42
1.3604343e+08 4.0694202e+17 2.9888108e+09 2457177.2 8.26992e-29 2.6241805e-23 7.0229871e-42
1.3617958e+08 4.0734896e+17 2.9888079e+09 2457623.3 8.2492813e-29 2.6163258e-23 6.9972053e-42
1.3631587e+08 4.0775631e+17 2.988805e+09 2458069.5 8.2286941e-29 2.6084946e-23 6.9715179e-42
1.364523e+08 4.0816406e+17 2.9888021e+09 2458515.9 8.2081583e-29 2.6006869e-23 6.9459245e-42
1.3658887e+08 4.0857223e+17 2.9887992e+09 2458962.4 8.1876738e-29 2.5929026e-23 6.9204247e-42
1.3672557e+08 4.089808e+17 2.9887963e+09 2459409.1 8.1672404e-29 2.5851415e-23 6.8950182e-42
1.3686241e+08 4.0938978e+17 2.9887934e+09 2459856 8.146858e-29 2.5774037e-23 6.8697047e-42
1.3699938e+08 4.0979917e+17 2.9887905e+09 2460303.1 8.1265264e-29 2.569689e-23 6.8444838e-42
1.3713649e+08 4.1020897e+17 2.9887876e+09 2460750.4 8.1062456e-29 2.5619975e-23 6.8193552e-42
1.3727374e+08 4.1061918e+17 2.9887847e+09 2461197.8 8.0860154e-29 2.5543289e-23 6.7943185e-42
1.3741113e+08 4.110298e+17 2.9887818e+09 2461645.3 8.0658357e-29 2.5466833e-23 6.7693735e-42
1.3754865e+08 4.1144083e+17 2.9887789e+09 2462093.1 8.0457063e-29 2.5390606e-23 6.7445198e-42
1.3768631e+08 4.1185227e+17 2.988776e+09 2462541 8.0256272e-29 2.5314607e-23 6.719757e-42
1.3782411e+08 4.1226412e+17 2.9887731e+09 2462989.1 8.0055982e-29 2.5238836e-23 6.6950848e-42
1.3796205e+08 4.1267639e+17 2.9887702e+09 2463437.4 7.9856192e-29 2.5163291e-23 6.6705029e-42
1.3810013e+08 4.1308906e+17 2.9887673e+09 2463885.8 7.96569e-29 2.5087973e-23 6.6460109e-42
1.3823834e+08 4.1350215e+17 2.9887644e+09 2464334.4 7.9458106e-29 2.5012879e-23 6.6216086e-42
1.3837669e+08 4.1391565e+17 2.9887614e+09 2464783.2 7.9259808e-29 2.4938011e-23 6.5972956e-42
1.3851518e+08 4.1432957e+17 2.9887585e+09 2465232.1 7.9062004e-29 2.4863367e-23 6.5730716e-42
1.3865381e+08 4.147439e+17 2.9887556e+09 2465681.2 7.8864695e-29 2.4788946e-23 6.5489362e-42
1.3879258e+08 4.1515864e+17 2.9887527e+09 2466130.5 7.8667878e-29 2.4714748e-23 6.5248892e-42
1.3893149e+08 4.155738e+17 2.9887498e+09 2466580 7.8471551e-29 2.4640772e-23 6.5009301e-42
1.3907053e+08 4.1598937e+17 2.9887469e+09 2467029.6 7.8275715e-29 2.4567018e-23 6.4770588e-42
1.3920972e+08 4.1640536e+17 2.988744e+09 2467479.4 7.8080368e-29 2.4493484e-23 6.4532748e-42
1.3934904e+08 4.1682177e+17 2.9887411e+09 2467929.4 7.7885508e-29 2.442017e-23 6.4295779e-42
1.3948851e+08 4.1723859e+17 2.9887381e+09 2468379.5 7.7691135e-29 2.4347076e-23 6.4059677e-42
1.3962811e+08 4.1765583e+17 2.9887352e+09 2468829.8 7.7497246e-29 2.4274201e-23 6.3824439e-42
1.3976786e+08 4.1807349e+17 2.9887323e+09 2469280.3 7.7303842e-29 2.4201544e-23 6.3590062e-42
1.3990774e+08 4.1849156e+17 2.9887294e+09 2469731 7.711092e-29 2.4129104e-23 6.3356543e-42
1.4004776e+08 4.1891005e+17 2.9887265e+09 2470181.8 7.6918479e-29 2.4056881e-23 6.3123879e-42
1.4018792e+08 4.1932896e+17 2.9887236e+09 2470632.8 7.6726519e-29 2.3984874e-23 6.2892067e-42
1.4032823e+08 4.1974829e+17 2.9887206e+09 2471084 7.6535038e-29 2.3913083e-23 6.2661103e-42
1.4046867e+08 4.2016804e+17 2.9887177e+09 2471535.3 7.6344035e-29 2.3841507e-23 6.2430984e-42
1.4060926e+08 4.2058821e+17 2.9887148e+09 2471986.8 7.6153508e-29 2.3770144e-23 6.2201708e-42
1.4074998e+08 4.2100879e+17 2.9887119e+09 2472438.5 7.5963457e-29 2.3698996e-23 6.1973271e-42
1.4089085e+08 4.214298e+17 2.988709e+09 2472890.3 7.577388e-29 2.362806e-23 6.174567e-42
1.4103186e+08 4.2185123e+17 2.988706e+09 2473342.4 7.5584777e-29 2.3557337e-23 6.1518903e-42
1.41173e+08 4.2227308e+17 2.9887031e+09 2473794.5 7.5396145e-29 2.3486826e-23 6.1292965e-42
1.4131429e+08 4.2269536e+17 2.9887002e+09 2474246.9 7.5207984e-29 2.3416525e-23 6.1067855e-42
1.4145573e+08 4.2311805e+17 2.9886973e+09 2474699.4 7.5020292e-29 2.3346435e-23 6.0843569e-42
1.415973e+08 4.2354117e+17 2.9886943e+09 2475152.1 7.4833069e-29 2.3276555e-23 6.0620104e-42
1.4173901e+08 4.2396471e+17 2.9886914e+09 2475605 7.4646314e-29 2.3206884e-23 6.0397457e-42
1.4188087e+08 4.2438868e+17 2.9886885e+09 2476058.1 7.4460024e-29 2.3137421e-23 6.0175625e-42
1.4202287e+08 4.2481307e+17 2.9886856e+09 2476511.3 7.4274199e-29 2.3068167e-23 5.9954605e-42
1.4216501e+08 4.2523788e+17 2.9886826e+09 2476964.7 7.4088838e-29 2.299912e-23 5.9734394e-42
1.4230729e+08 4.2566312e+17 2.9886797e+09 2477418.2 7.390394e-29 2.2930279e-23 5.951499e-42
1.4244972e+08 4.2608878e+17 2.9886768e+09 2477872 7.3719503e-29 2.2861644e-23 5.9296389e-42
1.4259228e+08 4.2651487e+17 2.9886739e+09 2478325.9 7.3535526e-29 2.2793215e-23 5.9078588e-42
1.4273499e+08 4.2694138e+17 2.9886709e+09 2478779.9 7.3352008e-29 2.2724991e-23 5.8861584e-42
1.4287785e+08 4.2736832e+17 2.988668e+09 2479234.2 7.3168949e-29 2.2656971e-23 5.8645376e-42
1.4302084e+08 4.2779569e+17 2.9886651e+09 2479688.6 7.2986346e-29 2.2589154e-23 5.8429958e-42
1.4316398e+08 4.2822349e+17 2.9886621e+09 2480143.2 7.2804199e-29 2.2521541e-23 5.821533e-42
1.4330727e+08 4.2865171e+17 2.9886592e+09 2480598 7.2622507e-29 2.245413e-23 5.8001487e-42
1.4345069e+08 4.2908036e+17 2.9886563e+09 2481052.9 7.2441268e-29 2.238692e-23 5.7788428e-42
1.4359426e+08 4.2950944e+17 2.9886533e+09 2481508 7.2260481e-29 2.2319912e-23 5.7576148e-42
1.4373797e+08 4.2993895e+17 2.9886504e+09 2481963.3 7.2080145e-29 2.2253105e-23 5.7364646e-42
1.4388183e+08 4.3036889e+17 2.9886475e+09 2482418.7 7.190026e-29 2.2186497e-23 5.7153918e-42
1.4402583e+08 4.3079926e+17 2.9886445e+09 2482874.3 7.1720823e-29 2.2120089e-23 5.6943962e-42
1.4416998e+08 4.3123006e+17 2.9886416e+09 2483330.1 7.1541835e-29 2.2053879e-23 5.6734775e-42
1.4431427e+08 4.3166129e+17 2.9886387e+09 2483786.1 7.1363292e-29 2.1987868e-23 5.6526353e-42
1.444587e+08 4.3209295e+17 2.9886357e+09 2484242.2 7.1185196e-29 2.1922054e-23 5.6318695e-42
1.4460328e+08 4.3252504e+17 2.9886328e+09 2484698.5 7.1007544e-29 2.1856437e-23 5.6111798e-42
1.44748e+08 4.3295757e+17 2.9886299e+09 2485155 7.0830335e-29 2.1791017e-23 5.5905658e-42
1.4489287e+08 4.3339053e+17 2.9886269e+09 2485611.6 7.0653569e-29 2.1725793e-23 5.5700273e-42
1.4503789e+08 4.3382392e+17 2.988624e+09 2486068.4 7.0477244e-29 2.1660763e-23 5.549564e-42
1.4518304e+08 4.3425774e+17 2.988621e+09 2486525.4 7.0301358e-29 2.1595929e-23 5.5291756e-42
1.4532835e+08 4.34692e+17 2.9886181e+09 2486982.6 7.0125912e-29 2.1531288e-23 5.5088619e-42
1.454738e+08 4.3512669e+17 2.9886152e+09 2487439.9 6.9950904e-29 2.1466841e-23 5.4886226e-42
1.4561939e+08 4.3556182e+17 2.9886122e+09 2487897.4 6.9776332e-29 2.1402587e-23 5.4684575e-42
1.4576513e+08 4.3599738e+17 2.9886093e+09 2488355.1 6.9602196e-29 2.1338525e-23 5.4483661e-42
1.4591102e+08 4.3643338e+17 2.9886063e+09 2488812.9 6.9428495e-29 2.1274655e-23 5.4283484e-42
1.4605705e+08 4.3686981e+17 2.9886034e+09 2489270.9 6.9255227e-29 2.1210976e-23 5.408404e-42
1.4620323e+08 4.3730668e+17 2.9886004e+09 2489729.1 6.9082391e-29 2.1147488e-23 5.3885326e-42
1.4634955e+08 4.3774399e+17 2.9885975e+09 2490187.4 6.8909987e-29 2.108419e-23 5.368734e-42
1.4649603e+08 4.3818173e+17 2.9885946e+09 2490646 6.8738013e-29 2.1021081e-23 5.3490079e-42
1.4664264e+08 4.3861991e+17 2.9885916e+09 2491104.7 6.8566468e-29 2.0958161e-23 5.3293541e-42
1.4678941e+08 4.3905853e+17 2.9885887e+09 2491563.5 6.8395352e-29 2.0895429e-23 5.3097723e-42
1.4693632e+08 4.3949759e+17 2.9885857e+09 2492022.6 6.8224662e-29 2.0832886e-23 5.2902622e-42
1.4708338e+08 4.3993709e+17 2.9885828e+09 2492481.8 6.8054398e-29 2.0770529e-23 5.2708235e-42
1.4723059e+08 4.4037703e+17 2.9885798e+09 2492941.2 6.788456e-29 2.0708359e-23 5.251456e-42
1.4737794e+08 4.408174e+17 2.9885769e+09 2493400.7 6.7715145e-29 2.0646375e-23 5.2321595e-42
1.4752544e+08 4.4125822e+17 2.9885739e+09 2493860.5 6.7546153e-29 2.0584577e-23 5.2129337e-42
1.4767309e+08 4.4169948e+17 2.988571e+09 2494320.4 6.7377582e-29 2.0522964e-23 5.1937783e-42
1.4782088e+08 4.4214118e+17 2.988568e+09 2494780.5 6.7209433e-29 2.0461535e-23 5.1746931e-42
1.4796883e+08 4.4258332e+17 2.9885651e+09 2495240.7 6.7041703e-29 2.040029e-23 5.1556777e-42
1.4811692e+08 4.430259e+17 2.9885621e+09 2495701.1 6.6874391e-29 2.0339228e-23 5.1367321e-42
1.4826516e+08 4.4346893e+17 2.9885592e+09 2496161.7 6.6707498e-29 2.0278349e-23 5.1178558e-42
1.4841355e+08 4.439124e+17 2.9885562e+09 2496622.5 6.654102e-29 2.0217652e-23 5.0990487e-42
1.4856209e+08 4.4435631e+17 2.9885533e+09 2497083.4 6.6374958e-29 2.0157137e-23 5.0803105e-42
1.4871077e+08 4.4480067e+17 2.9885503e+09 2497544.5 6.6209311e-29 2.0096803e-23 5.0616409e-42
1.4885961e+08 4.4524547e+17 2.9885473e+09 2498005.8 6.6044077e-29 2.003665e-23 5.0430397e-42
1.4900859e+08 4.4569071e+17 2.9885444e+09 2498467.2 6.5879255e-29 1.9976677e-23 5.0245067e-42
1.4915772e+08 4.461364e+17 2.9885414e+09 2498928.8 6.5714845e-29 1.9916883e-23 5.0060415e-42
1.4930701e+08 4.4658254e+17 2.9885385e+09 2499390.6 6.5550845e-29 1.9857268e-23 4.987644e-42
1.4945644e+08 4.4702912e+17 2.9885355e+09 2499852.6 6.5387254e-29 1.9797832e-23 4.969314e-42
1.4960602e+08 4.4747615e+17 2.9885326e+09 2500314.7 6.5224072e-29 1.9738573e-23 4.951051e-42
1.4975575e+08 4.4792363e+17 2.9885296e+09 2500777 6.5061296e-29 1.9679492e-23 4.932855e-42
1.4990563e+08 4.4837155e+17 2.9885266e+09 2501239.5 6.4898927e-29 1.9620588e-23 4.9147256e-42
1.5005566e+08 4.4881992e+17 2.9885237e+09 2501702.1 6.4736963e-29 1.956186e-23 4.8966627e-42
1.5020584e+08 4.4926874e+17 2.9885207e+09 2502165 6.4575404e-29 1.9503308e-23 4.878666e-42
1.5035618e+08 4.4971801e+17 2.9885178e+09 2502628 6.4414247e-29 1.9444931e-23 4.8607351e-42
1.5050666e+08 4.5016773e+17 2.9885148e+09 2503091.1 6.4253493e-29 1.9386729e-23 4.84287e-42
1.5065729e+08 4.506179e+17 2.9885118e+09 2503554.5 6.409314e-29 1.9328701e-23 4.8250704e-42
1.5080807e+08 4.5106851e+17 2.9885089e+09 2504018 6.3933187e-29 1.9270847e-23 4.8073359e-42
1.5095901e+08 4.5151958e+17 2.9885059e+09 2504481.6 6.3773634e-29 1.9213166e-23 4.7896665e-42
1.5111009e+08 4.519711e+17 2.9885029e+09 2504945.5 6.3614478e-29 1.9155657e-23 4.7720618e-42
1.5126133e+08 4.5242307e+17 2.9885e+09 2505409.5 6.345572e-29 1.9098321e-23 4.7545216e-42
1.5141272e+08 4.528755e+17 2.988497e+09 2505873.7 6.3297358e-29 1.9041157e-23 4.7370456e-42
1.5156426e+08 4.5332837e+17 2.988494e+09 2506338.1 6.3139391e-29 1.8984163e-23 4.7196337e-42
1.5171595e+08 4.537817e+17 2.9884911e+09 2506802.6 6.2981818e-29 1.892734e-23 4.7022857e-42
1.5186779e+08 4.5423548e+17 2.9884881e+09 2507267.3 6.2824639e-29 1.8870687e-23 4.6850011e-42
1.5201979e+08 4.5468972e+17 2.9884851e+09 2507732.2 6.2667852e-29 1.8814204e-23 4.66778e-42
1.5217193e+08 4.5514441e+17 2.9884822e+09 2508197.3 6.2511456e-29 1.875789e-23 4.6506219e-42
1.5232423e+08 4.5559955e+17 2.9884792e+09 2508662.5 6.235545e-29 1.8701744e-23 4.6335267e-42
1.5247669e+08 4.5605515e+17 2.9884762e+09 2509127.9 6.2199834e-29 1.8645767e-23 4.6164941e-42
1.5262929e+08 4.5651121e+17 2.9884733e+09 2509593.5 6.2044606e-29 1.8589956e-23 4.599524e-42
1.5278205e+08 4.5696772e+17 2.9884703e+09 2510059.2 6.1889766e-29 1.8534314e-23 4.5826161e-42
1.5293496e+08 4.5742469e+17 2.9884673e+09 2510525.1 6.1735312e-29 1.8478837e-23 4.5657701e-42
1.5308802e+08 4.5788211e+17 2.9884643e+09 2510991.2 6.1581243e-29 1.8423527e-23 4.5489859e-42
1.5324124e+08 4.5833999e+17 2.9884614e+09 2511457.5 6.1427559e-29 1.8368382e-23 4.5322632e-42
1.5339461e+08 4.5879833e+17 2.9884584e+09 2511923.9 6.1274258e-29 1.8313402e-23 4.5156017e-42
1.5354813e+08 4.5925713e+17 2.9884554e+09 2512390.5 6.112134e-29 1.8258587e-23 4.4990013e-42
1.5370181e+08 4.5971639e+17 2.9884524e+09 2512857.3 6.0968804e-29 1.8203936e-23 4.4824618e-42
1.5385564e+08 4.601761e+17 2.9884495e+09 2513324.3 6.0816648e-29 1.8149448e-23 4.4659829e-42
1.5400962e+08 4.6063628e+17 2.9884465e+09 2513791.4 6.0664872e-29 1.8095124e-23 4.4495644e-42
1.5416376e+08 4.6109692e+17 2.9884435e+09 2514258.7 6.0513475e-29 1.8040962e-23 4.4332061e-42
1.5431806e+08 4.6155801e+17 2.9884405e+09 2514726.2 6.0362456e-29 1.7986962e-23 4.4169077e-42
1.544725e+08 4.6201957e+17 2.9884375e+09 2515193.8 6.0211813e-29 1.7933124e-23 4.400669e-42
1.5462711e+08 4.6248159e+17 2.9884346e+09 2515661.6 6.0061547e-29 1.7879447e-23 4.3844899e-42
1.5478186e+08 4.6294407e+17 2.9884316e+09 2516129.6 5.9911655e-29 1.7825931e-23 4.3683701e-42
1.5493678e+08 4.6340702e+17 2.9884286e+09 2516597.7 5.9762138e-29 1.7772575e-23 4.3523094e-42
1.5509184e+08 4.6387042e+17 2.9884256e+09 2517066.1 5.9612994e-29 1.7719378e-23 4.3363075e-42
1.5524707e+08 4.6433429e+17 2.9884226e+09 2517534.6 5.9464222e-29 1.7666341e-23 4.3203643e-42
1.5540244e+08 4.6479863e+17 2.9884197e+09 2518003.2 5.9315821e-29 1.7613463e-23 4.3044795e-42
1.5555798e+08 4.6526343e+17 2.9884167e+09 2518472.1 5.916779e-29 1.7560743e-23 4.288653e-42
1.5571367e+08 4.6572869e+17 2.9884137e+09 2518941.1 5.9020129e-29 1.7508181e-23 4.2728845e-42
1.5586951e+08 4.6619442e+17 2.9884107e+09 2519410.3 5.8872837e-29 1.7455776e-23 4.2571737e-42
1.5602551e+08 4.6666061e+17 2.9884077e+09 2519879.7 5.8725912e-29 1.7403527e-23 4.2415206e-42
1.5618167e+08 4.6712727e+17 2.9884047e+09 2520349.2 5.8579354e-29 1.7351436e-23 4.2259249e-42
1.5633798e+08 4.675944e+17 2.9884018e+09 2520818.9 5.8433161e-29 1.72995e-23 4.2103863e-42
1.5649445e+08 4.68062e+17 2.9883988e+09 2521288.8 5.8287334e-29 1.7247719e-23 4.1949047e-42
1.5665108e+08 4.6853006e+17 2.9883958e+09 2521758.8 5.814187e-29 1.7196094e-23 4.1794798e-42
1.5680786e+08 4.6899859e+17 2.9883928e+09 2522229.1 5.7996769e-29 1.7144623e-23 4.1641115e-42
1.569648e+08 4.6946759e+17 2.9883898e+09 2522699.5 5.7852031e-29 1.7093307e-23 4.1487995e-42
1.571219e+08 4.6993705e+17 2.9883868e+09 2523170 5.7707653e-29 1.7042143e-23 4.1335437e-42
1.5727915e+08 4.7040699e+17 2.9883838e+09 2523640.8 5.7563636e-29 1.6991133e-23 4.1183438e-42
1.5743656e+08 4.708774e+17 2.9883808e+09 2524111.7 5.7419979e-29 1.6940276e-23 4.1031996e-42
1.5759413e+08 4.7134828e+17 2.9883778e+09 2524582.8 5.727668e-29 1.6889571e-23 4.088111e-42
1.5775186e+08 4.7181962e+17 2.9883748e+09 2525054.1 5.7133738e-29 1.6839017e-23 4.0730776e-42
1.5790975e+08 4.7229144e+17 2.9883718e+09 2525525.5 5.6991153e-29 1.6788615e-23 4.0580994e-42
1.5806779e+08 4.7276374e+17 2.9883689e+09 2525997.1 5.6848924e-29 1.6738364e-23 4.0431761e-42
1.5822599e+08 4.732365e+17 2.9883659e+09 2526468.9 5.670705e-29 1.6688264e-23 4.0283075e-42
1.5838435e+08 4.7370974e+17 2.9883629e+09 2526940.8 5.6565531e-29 1.6638313e-23 4.0134934e-42
1.5854287e+08 4.7418345e+17 2.9883599e+09 2527413 5.6424364e-29 1.6588511e-23 3.9987337e-42
1.5870154e+08 4.7465763e+17 2.9883569e+09 2527885.3 5.6283549e-29 1.6538859e-23 3.984028e-42
1.5886038e+08 4.7513229e+17 2.9883539e+09 2528357.7 5.6143086e-29 1.6489356e-23 3.9693763e-42
1.5901937e+08 4.7560742e+17 2.9883509e+09 2528830.4 5.6002974e-29 1.644e-23 3.9547783e-42
1.5917853e+08 4.7608303e+17 2.9883479e+09 2529303.2 5.5863211e-29 1.6390793e-23 3.9402339e-42
1.5933784e+08 4.7655911e+17 2.9883449e+09 2529776.2 5.5723797e-29 1.6341732e-23 3.9257427e-42
1.5949731e+08 4.7703567e+17 2.9883419e+09 2530249.3 5.5584731e-29 1.6292819e-23 3.9113047e-42
1.5965695e+08 4.775127e+17 2.9883389e+09 2530722.7 5.5446012e-29 1.6244051e-23 3.8969197e-42
1.5981674e+08 4.7799022e+17 2.9883359e+09 2531196.2 5.5307639e-29 1.619543e-23 3.8825874e-42
1.5997669e+08 4.7846821e+17 2.9883329e+09 2531669.9 5.5169612e-29 1.6146955e-23 3.8683076e-42
1.601368e+08 4.7894667e+17 2.9883299e+09 2532143.7 5.5031929e-29 1.6098624e-23 3.8540802e-42
1.6029707e+08 4.7942562e+17 2.9883269e+09 2532617.7 5.4894589e-29 1.6050438e-23 3.839905e-42
1.6045751e+08 4.7990505e+17 2.9883239e+09 2533091.9 5.4757593e-29 1.6002397e-23 3.8257818e-42
1.606181e+08 4.8038495e+17 2.9883209e+09 2533566.3 5.4620938e-29 1.5954499e-23 3.8117104e-42
1.6077885e+08 4.8086534e+17 2.9883179e+09 2534040.8 5.4484624e-29 1.5906744e-23 3.7976905e-42
1.6093977e+08 4.813462e+17 2.9883149e+09 2534515.6 5.4348651e-29 1.5859133e-23 3.7837221e-42
1.6110085e+08 4.8182755e+17 2.9883119e+09 2534990.5 5.4213016e-29 1.5811664e-23 3.7698049e-42
1.6126208e+08 4.8230938e+17 2.9883088e+09 2535465.5 5.4077721e-29 1.5764337e-23 3.7559387e-42
1.6142348e+08 4.8279169e+17 2.9883058e+09 2535940.8 5.3942763e-29 1.5717152e-23 3.7421234e-42
1.6158504e+08 4.8327448e+17 2.9883028e+09 2536416.2 5.3808141e-29 1.5670108e-23 3.7283588e-42
1.6174676e+08 4.8375775e+17 2.9882998e+09 2536891.8 5.3673856e-29 1.5623204e-23 3.7146447e-42
1.6190865e+08 4.8424151e+17 2.9882968e+09 2537367.5 5.3539906e-29 1.5576441e-23 3.7009808e-42
1.6207069e+08 4.8472575e+17 2.9882938e+09 2537843.4 5.340629e-29 1.5529819e-23 3.6873671e-42
1.622329e+08 4.8521048e+17 2.9882908e+09 2538319.5 5.3273008e-29 1.5483335e-23 3.6738032e-42
1.6239527e+08 4.8569569e+17 2.9882878e+09 2538795.8 5.3140058e-29 1.5436991e-23 3.6602892e-42
1.6255781e+08 4.8618138e+17 2.9882848e+09 2539272.3 5.300744e-29 1.5390786e-23 3.6468247e-42
1.627205e+08 4.8666756e+17 2.9882818e+09 2539748.9 5.2875153e-29 1.5344718e-23 3.6334096e-42
1.6288336e+08 4.8715423e+17 2.9882787e+09 2540225.7 5.2743196e-29 1.5298789e-23 3.6200437e-42
1.6304638e+08 4.8764139e+17 2.9882757e+09 2540702.6 5.2611568e-29 1.5252997e-23 3.6067268e-42
1.6320957e+08 4.8812903e+17 2.9882727e+09 2541179.8 5.2480269e-29 1.5207343e-23 3.5934587e-42
1.6337292e+08 4.8861716e+17 2.9882697e+09 2541657.1 5.2349298e-29 1.5161825e-23 3.5802394e-42
1.6353643e+08 4.8910577e+17 2.9882667e+09 2542134.6 5.2218653e-29 1.5116443e-23 3.5670685e-42
1.637001e+08 4.8959488e+17 2.9882637e+09 2542612.3 5.2088335e-29 1.5071197e-23 3.5539459e-42
1.6386394e+08 4.9008447e+17 2.9882606e+09 2543090.1 5.1958341e-29 1.5026086e-23 3.5408715e-42
1.6402795e+08 4.9057456e+17 2.9882576e+09 2543568.1 5.1828673e-29 1.4981111e-23 3.527845e-42
1.6419211e+08 4.9106513e+17 2.9882546e+09 2544046.3 5.1699327e-29 1.493627e-23 3.5148663e-42
1.6435644e+08 4.915562e+17 2.9882516e+09 2544524.6 5.1570305e-29 1.4891563e-23 3.5019352e-42
1.6452094e+08 4.9204775e+17 2.9882486e+09 2545003.2 5.1441604e-29 1.484699e-23 3.4890516e-42
1.646856e+08 4.925398e+17 2.9882456e+09 2545481.9 5.1313225e-29 1.4802551e-23 3.4762152e-42
1.6485043e+08 4.9303234e+17 2.9882425e+09 2545960.7 5.1185166e-29 1.4758244e-23 3.4634259e-42
1.6501542e+08 4.9352537e+17 2.9882395e+09 2546439.8 5.1057427e-29 1.4714071e-23 3.4506835e-42
1.6518057e+08 4.940189e+17 2.9882365e+09 2546919 5.0930006e-29 1.4670029e-23 3.4379878e-42
1.653459e+08 4.9451292e+17 2.9882335e+09 2547398.4 5.0802904e-29 1.4626119e-23 3.4253388e-42
1.6551138e+08 4.9500743e+17 2.9882304e+09 2547878 5.0676118e-29 1.4582341e-23 3.4127361e-42
1.6567703e+08 4.9550244e+17 2.9882274e+09 2548357.7 5.0549649e-29 1.4538694e-23 3.4001797e-42
1.6584285e+08 4.9599794e+17 2.9882244e+09 2548837.6 5.0423496e-29 1.4495177e-23 3.3876693e-42
1.6600884e+08 4.9649394e+17 2.9882214e+09 2549317.7 5.0297658e-29 1.445179e-23 3.3752049e-42
1.6617499e+08 4.9699043e+17 2.9882183e+09 2549798 5.0172133e-29 1.4408534e-23 3.3627861e-42
1.663413e+08 4.9748742e+17 2.9882153e+09 2550278.4 5.0046922e-29 1.4365407e-23 3.350413e-42
1.6650779e+08 4.9798491e+17 2.9882123e+09 2550759 4.9922023e-29 1.4322409e-23 3.3380852e-42
1.6667444e+08 4.984829e+17 2.9882093e+09 2551239.8 4.9797436e-29 1.427954e-23 3.3258027e-42
1.6684125e+08 4.9898138e+17 2.9882062e+09 2551720.7 4.967316e-29 1.4236799e-23 3.3135652e-42
1.6700824e+08 4.9948036e+17 2.9882032e+09 2552201.9 4.9549195e-29 1.4194186e-23 3.3013726e-42
1.6717539e+08 4.9997984e+17 2.9882002e+09 2552683.2 4.9425538e-29 1.41517e-23 3.2892247e-42
1.6734271e+08 5.0047982e+17 2.9881971e+09 2553164.6 4.930219e-29 1.4109342e-23 3.2771215e-42
1.6751019e+08 5.009803e+17 2.9881941e+09 2553646.3 4.917915e-29 1.406711e-23 3.2650626e-42
1.6767784e+08 5.0148128e+17 2.9881911e+09 2554128.1 4.9056417e-29 1.4025005e-23 3.253048e-42
1.6784567e+08 5.0198276e+17 2.988188e+09 2554610.1 4.893399e-29 1.3983026e-23 3.2410775e-42
1.6801365e+08 5.0248475e+17 2.988185e+09 2555092.3 4.8811869e-29 1.3941173e-23 3.2291508e-42
1.6818181e+08 5.0298723e+17 2.988182e+09 2555574.6 4.8690053e-29 1.3899445e-23 3.217268e-42
1.6835014e+08 5.0349022e+17 2.9881789e+09 2556057.2 4.856854e-29 1.3857841e-23 3.2054287e-42
1.6851863e+08 5.0399371e+17 2.9881759e+09 2556539.8 4.8447331e-29 1.3816363e-23 3.1936329e-42
1.6868729e+08 5.044977e+17 2.9881729e+09 2557022.7 4.8326424e-29 1.3775008e-23 3.1818804e-42
1.6885613e+08 5.050022e+17 2.9881698e+09 2557505.8 4.8205819e-29 1.3733777e-23 3.170171e-42
1.6902513e+08 5.055072e+17 2.9881668e+09 2557989 4.8085515e-29 1.369267e-23 3.1585046e-42
1.691943e+08 5.0601271e+17 2.9881638e+09 2558472.4 4.7965512e-29 1.3651686e-23 3.146881e-42
1.6936363e+08 5.0651872e+17 2.9881607e+09 2558955.9 4.7845807e-29 1.3610824e-23 3.1353e-42
1.6953314e+08 5.0702524e+17 2.9881577e+09 2559439.6 4.7726402e-29 1.3570085e-23 3.1237616e-42
1.6970282e+08 5.0753226e+17 2.9881546e+09 2559923.6 4.7607294e-29 1.3529467e-23 3.1122654e-42
1.6987267e+08 5.080398e+17 2.9881516e+09 2560407.6 4.7488484e-29 1.3488971e-23 3.1008115e-42
1.7004269e+08 5.0854784e+17 2.9881486e+09 2560891.9 4.736997e-29 1.3448597e-23 3.0893996e-42
1.7021288e+08 5.0905638e+17 2.9881455e+09 2561376.3 4.7251752e-29 1.3408343e-23 3.0780296e-42
1.7038323e+08 5.0956544e+17 2.9881425e+09 2561860.9 4.7133829e-29 1.336821e-23 3.0667013e-42
1.7055376e+08 5.1007501e+17 2.9881394e+09 2562345.7 4.7016201e-29 1.3328196e-23 3.0554146e-42
1.7072446e+08 5.1058508e+17 2.9881364e+09 2562830.7 4.6898866e-29 1.3288303e-23 3.0441693e-42
1.7089533e+08 5.1109567e+17 2.9881333e+09 2563315.8 4.6781823e-29 1.3248529e-23 3.0329653e-42
1.7106638e+08 5.1160676e+17 2.9881303e+09 2563801.1 4.6665073e-29 1.3208874e-23 3.0218024e-42
1.7123759e+08 5.1211837e+17 2.9881273e+09 2564286.6 4.6548614e-29 1.3169338e-23 3.0106805e-42
1.7140897e+08 5.1263049e+17 2.9881242e+09 2564772.2 4.6432446e-29 1.312992e-23 2.9995994e-42
1.7158053e+08 5.1314312e+17 2.9881212e+09 2565258 4.6316568e-29 1.309062e-23 2.9885589e-42
1.7175226e+08 5.1365626e+17 2.9881181e+09 2565744 4.6200979e-29 1.3051438e-23 2.977559e-42
1.7192416e+08 5.1416992e+17 2.9881151e+09 2566230.2 4.6085678e-29 1.3012373e-23 2.9665994e-42
1.7209623e+08 5.1468409e+17 2.988112e+09 2566716.5 4.5970665e-29 1.2973425e-23 2.9556801e-42
1.7226847e+08 5.1519877e+17 2.988109e+09 2567203.1 4.5855939e-29 1.2934593e-23 2.9448009e-42
1.7244089e+08 5.1571397e+17 2.9881059e+09 2567689.8 4.57415e-29 1.2895878e-23 2.9339616e-42
1.7261348e+08 5.1622968e+17 2.9881029e+09 2568176.6 4.5627346e-29 1.2857279e-23 2.9231621e-42
1.7278624e+08 5.1674591e+17 2.9880998e+09 2568663.7 4.5513477e-29 1.2818795e-23 2.9124022e-42
1.7295917e+08 5.1726266e+17 2.9880968e+09 2569150.9 4.5399892e-29 1.2780426e-23 2.9016818e-42
1.7313228e+08 5.1777992e+17 2.9880937e+09 2569638.3 4.5286591e-29 1.2742173e-23 2.8910007e-42
1.7330556e+08 5.182977e+17 2.9880907e+09 2570125.8 4.5173572e-29 1.2704033e-23 2.8803589e-42
1.7347902e+08 5.18816e+17 2.9880876e+09 2570613.6 4.5060835e-29 1.2666008e-23 2.8697561e-42
1.7365264e+08 5.1933482e+17 2.9880845e+09 2571101.5 4.494838e-29 1.2628097e-23 2.8591923e-42
1.7382645e+08 5.1985415e+17 2.9880815e+09 2571589.6 4.4836205e-29 1.2590299e-23 2.8486672e-42
1.7400042e+08 5.20374e+17 2.9880784e+09 2572077.8 4.4724311e-29 1.2552614e-23 2.8381808e-42
1.7417457e+08 5.2089438e+17 2.9880754e+09 2572566.3 4.4612695e-29 1.2515042e-23 2.8277329e-42
1.743489e+08 5.2141527e+17 2.9880723e+09 2573054.9 4.4501359e-29 1.2477583e-23 2.8173233e-42
1.745234e+08 5.2193669e+17 2.9880693e+09 2573543.7 4.43903e-29 1.2440236e-23 2.8069519e-42
1.7469807e+08 5.2245863e+17 2.9880662e+09 2574032.6 4.4279518e-29 1.2403e-23 2.7966186e-42
1.7487292e+08 5.2298108e+17 2.9880631e+09 2574521.7 4.4169012e-29 1.2365876e-23 2.7863233e-42
1.7504794e+08 5.2350406e+17 2.9880601e+09 2575011 4.4058783e-29 1.2328863e-23 2.7760657e-42
1.7522314e+08 5.2402757e+17 2.988057e+09 2575500.5 4.3948828e-29 1.2291961e-23 2.7658458e-42
1.7539851e+08 5.245516e+17 2.988054e+09 2575990.2 4.3839148e-29 1.2255169e-23 2.7556634e-42
1.7557406e+08 5.2507615e+17 2.9880509e+09 2576480 4.3729742e-29 1.2218488e-23 2.7455184e-42
1.7574979e+08 5.2560122e+17 2.9880478e+09 2576970 4.3620609e-29 1.2181916e-23 2.7354106e-42
1.7592569e+08 5.2612683e+17 2.9880448e+09 2577460.2 4.3511748e-29 1.2145453e-23 2.72534e-42
1.7610177e+08 5.2665295e+17 2.9880417e+09 2577950.6 4.3403158e-29 1.21091e-23 2.7153063e-42
1.7627802e+08 5.2717961e+17 2.9880386e+09 2578441.1 4.329484e-29 1.2072856e-23 2.7053095e-42
1.7645445e+08 5.2770678e+17 2.9880356e+09 2578931.8 4.3186792e-29 1.203672e-23 2.6953493e-42
1.7663106e+08 5.2823449e+17 2.9880325e+09 2579422.7 4.3079014e-29 1.2000692e-23 2.6854258e-42
1.7680784e+08 5.2876273e+17 2.9880294e+09 2579913.7 4.2971504e-29 1.1964772e-23 2.6755386e-42
1.769848e+08 5.2929149e+17 2.9880264e+09 2580404.9 4.2864263e-29 1.192896e-23 2.6656878e-42
1.7716194e+08 5.2982078e+17 2.9880233e+09 2580896.3 4.275729e-29 1.1893255e-23 2.6558731e-42
1.7733925e+08 5.303506e+17 2.9880202e+09 2581387.9 4.2650583e-29 1.1857657e-23 2.6460945e-42
1.7751675e+08 5.3088095e+17 2.9880172e+09 2581879.7 4.2544143e-29 1.1822165e-23 2.6363518e-42
1.7769442e+08 5.3141183e+17 2.9880141e+09 2582371.6 4.2437969e-29 1.1786779e-23 2.6266449e-42
1.7787226e+08 5.3194324e+17 2.988011e+09 2582863.7 4.2332059e-29 1.17515e-23 2.6169736e-42
1.7805029e+08 5.3247519e+17 2.9880079e+09 2583356 4.2226414e-29 1.1716326e-23 2.6073378e-42
1.7822849e+08 5.3300766e+17 2.9880049e+09 2583848.4 4.2121033e-29 1.1681257e-23 2.5977374e-42
1.7840688e+08 5.3354067e+17 2.9880018e+09 2584341 4.2015914e-29 1.1646293e-23 2.5881722e-42
1.7858544e+08 5.3407421e+17 2.9879987e+09 2584833.8 4.1911058e-29 1.1611434e-23 2.5786422e-42
1.7876418e+08 5.3460829e+17 2.9879957e+09 2585326.8 4.1806463e-29 1.1576679e-23 2.5691471e-42
1.789431e+08 5.3514289e+17 2.9879926e+09 2585820 4.170213e-29 1.1542029e-23 2.559687e-42
1.7912219e+08 5.3567804e+17 2.9879895e+09 2586313.3 4.1598056e-29 1.1507482e-23 2.5502615e-42
1.7930147e+08 5.3621371e+17 2.9879864e+09 2586806.8 4.1494243e-29 1.1473038e-23 2.5408707e-42
1.7948093e+08 5.3674993e+17 2.9879833e+09 2587300.4 4.1390689e-29 1.1438697e-23 2.5315144e-42
1.7966056e+08 5.3728668e+17 2.9879803e+09 2587794.3 4.1287393e-29 1.140446e-23 2.5221924e-42
1.7984038e+08 5.3782397e+17 2.9879772e+09 2588288.3 4.1184355e-29 1.1370325e-23 2.5129047e-42
1.8002038e+08 5.3836179e+17 2.9879741e+09 2588782.5 4.1081574e-29 1.1336291e-23 2.503651e-42
1.8020055e+08 5.3890015e+17 2.987971e+09 2589276.9 4.0979049e-29 1.130236e-23 2.4944314e-42
1.8038091e+08 5.3943905e+17 2.987968e+09 2589771.4 4.0876781e-29 1.1268531e-23 2.4852456e-42
1.8056144e+08 5.3997849e+17 2.9879649e+09 2590266.2 4.0774767e-29 1.1234802e-23 2.4760936e-42
1.8074216e+08 5.4051847e+17 2.9879618e+09 2590761 4.0673008e-29 1.1201175e-23 2.4669751e-42
1.8092306e+08 5.4105899e+17 2.9879587e+09 2591256.1 4.0571504e-29 1.1167648e-23 2.4578902e-42
1.8110414e+08 5.4160005e+17 2.9879556e+09 2591751.4 4.0470252e-29 1.1134222e-23 2.4488386e-42
1.812854e+08 5.4214165e+17 2.9879525e+09 2592246.8 4.0369253e-29 1.1100895e-23 2.4398202e-42
1.8146684e+08 5.4268379e+17 2.9879495e+09 2592742.4 4.0268506e-29 1.1067669e-23 2.430835e-42
1.8164847e+08 5.4322647e+17 2.9879464e+09 2593238.2 4.0168011e-29 1.1034541e-23 2.4218828e-42
1.8183027e+08 5.437697e+17 2.9879433e+09 2593734.1 4.0067767e-29 1.1001513e-23 2.4129634e-42
1.8201226e+08 5.4431347e+17 2.9879402e+09 2594230.2 3.9967772e-29 1.0968584e-23 2.4040769e-42
1.8219443e+08 5.4485778e+17 2.9879371e+09 2594726.5 3.9868027e-29 1.0935754e-23 2.3952229e-42
1.8237679e+08 5.4540264e+17 2.987934e+09 2595223 3.9768531e-29 1.0903021e-23 2.3864015e-42
1.8255932e+08 5.4594804e+17 2.9879309e+09 2595719.6 3.9669284e-29 1.0870387e-23 2.3776125e-42
1.8274204e+08 5.4649399e+17 2.9879278e+09 2596216.5 3.9570284e-29 1.083785e-23 2.3688557e-42
1.8292494e+08 5.4704048e+17 2.9879248e+09 2596713.5 3.9471531e-29 1.0805411e-23 2.3601312e-42
1.8310802e+08 5.4758752e+17 2.9879217e+09 2597210.6 3.9373025e-29 1.0773069e-23 2.3514386e-42
1.8329129e+08 5.4813511e+17 2.9879186e+09 2597708 3.9274764e-29 1.0740824e-23 2.342778e-42
1.8347474e+08 5.4868325e+17 2.9879155e+09 2598205.5 3.9176749e-29 1.0708675e-23 2.3341493e-42
1.8365837e+08 5.4923193e+17 2.9879124e+09 2598703.2 3.9078978e-29 1.0676622e-23 2.3255522e-42
1.8384219e+08 5.4978116e+17 2.9879093e+09 2599201.1 3.8981451e-29 1.0644666e-23 2.3169867e-42
1.8402619e+08 5.5033094e+17 2.9879062e+09 2599699.1 3.8884168e-29 1.0612805e-23 2.3084526e-42
1.8421038e+08 5.5088127e+17 2.9879031e+09 2600197.4 3.8787127e-29 1.0581039e-23 2.2999499e-42
1.8439475e+08 5.5143216e+17 2.9879e+09 2600695.8 3.8690329e-29 1.0549368e-23 2.2914785e-42
1.8457931e+08 5.5198359e+17 2.9878969e+09 2601194.3 3.8593772e-29 1.0517793e-23 2.2830381e-42
1.8476405e+08 5.5253557e+17 2.9878938e+09 2601693.1 3.8497456e-29 1.0486311e-23 2.2746288e-42
1.8494897e+08 5.5308811e+17 2.9878907e+09 2602192 3.8401381e-29 1.0454924e-23 2.2662503e-42
1.8513408e+08 5.5364119e+17 2.9878876e+09 2602691.1 3.8305545e-29 1.0423631e-23 2.2579027e-42
1.8531938e+08 5.5419484e+17 2.9878845e+09 2603190.4 3.8209949e-29 1.0392432e-23 2.2495857e-42
1.8550486e+08 5.5474903e+17 2.9878814e+09 2603689.8 3.8114591e-29 1.0361326e-23 2.2412992e-42
1.8569052e+08 5.5530378e+17 2.9878783e+09 2604189.5 3.8019471e-29 1.0330313e-23 2.2330432e-42
1.8587637e+08 5.5585908e+17 2.9878752e+09 2604689.3 3.7924588e-29 1.0299393e-23 2.2248175e-42
1.8606241e+08 5.5641494e+17 2.9878721e+09 2605189.3 3.7829942e-29 1.0268565e-23 2.2166221e-42
1.8624864e+08 5.5697136e+17 2.987869e+09 2605689.4 3.7735533e-29 1.023783e-23 2.2084567e-42
1.8643505e+08 5.5752833e+17 2.9878659e+09 2606189.7 3.7641359e-29 1.0207187e-23 2.2003214e-42
1.8662165e+08 5.5808586e+17 2.9878628e+09 2606690.2 3.754742e-29 1.0176635e-23 2.1922159e-42
1.8680843e+08 5.5864394e+17 2.9878597e+09 2607190.9 3.7453715e-29 1.0146175e-23 2.1841403e-42
1.869954e+08 5.5920259e+17 2.9878566e+09 2607691.8 3.7360245e-29 1.0115806e-23 2.1760943e-42
1.8718256e+08 5.5976179e+17 2.9878535e+09 2608192.8 3.7267007e-29 1.0085528e-23 2.1680778e-42
1.8736991e+08 5.6032155e+17 2.9878504e+09 2608694 3.7174002e-29 1.005534e-23 2.1600908e-42
1.8755744e+08 5.6088187e+17 2.9878473e+09 2609195.4 3.708123e-29 1.0025243e-23 2.1521332e-42
1.8774516e+08 5.6144275e+17 2.9878442e+09 2609697 3.6988689e-29 9.9952364e-24 2.1442048e-42
1.8793307e+08 5.620042e+17 2.9878411e+09 2610198.7 3.6896379e-29 9.9653193e-24 2.1363055e-42
1.8812117e+08 5.625662e+17 2.987838e+09 2610700.6 3.6804299e-29 9.9354917e-24 2.1284352e-42
1.8830945e+08 5.6312877e+17 2.9878349e+09 2611202.7 3.6712449e-29 9.9057533e-24 2.1205939e-42
1.8849793e+08 5.636919e+17 2.9878318e+09 2611705 3.6620828e-29 9.876104e-24 2.1127814e-42
1.8868659e+08 5.6425559e+17 2.9878286e+09 2612207.4 3.6529436e-29 9.8465435e-24 2.1049976e-42
1.8887544e+08 5.6481984e+17 2.9878255e+09 2612710 3.6438272e-29 9.8170714e-24 2.0972424e-42
1.8906448e+08 5.6538466e+17 2.9878224e+09 2613212.8 3.6347336e-29 9.7876875e-24 2.0895156e-42
1.8925371e+08 5.6595005e+17 2.9878193e+09 2613715.8 3.6256626e-29 9.7583916e-24 2.0818173e-42
1.8944313e+08 5.66516e+17 2.9878162e+09 2614218.9 3.6166143e-29 9.7291834e-24 2.0741473e-42
1.8963274e+08 5.6708251e+17 2.9878131e+09 2614722.2 3.6075885e-29 9.7000626e-24 2.0665054e-42
1.8982254e+08 5.676496e+17 2.98781e+09 2615225.7 3.5985853e-29 9.6710289e-24 2.0588917e-42
1.9001252e+08 5.6821725e+17 2.9878068e+09 2615729.4 3.5896046e-29 9.6420822e-24 2.0513059e-42
1.902027e+08 5.6878546e+17 2.9878037e+09 2616233.2 3.5806463e-29 9.6132221e-24 2.0437479e-42
1.9039307e+08 5.6935425e+17 2.9878006e+09 2616737.3 3.5717103e-29 9.5844484e-24 2.0362178e-42
1.9058363e+08 5.699236e+17 2.9877975e+09 2617241.5 3.5627966e-29 9.5557608e-24 2.0287153e-42
1.9077438e+08 5.7049353e+17 2.9877944e+09 2617745.8 3.5539052e-29 9.5271591e-24 2.0212404e-42
1.9096532e+08 5.7106402e+17 2.9877913e+09 2618250.4 3.5450359e-29 9.498643e-24 2.013793e-42
1.9115646e+08 5.7163508e+17 2.9877881e+09 2618755.1 3.5361888e-29 9.4702122e-24 2.0063729e-42
1.9134778e+08 5.7220672e+17 2.987785e+09 2619260 3.5273638e-29 9.4418666e-24 1.9989801e-42
1.915393e+08 5.7277893e+17 2.9877819e+09 2619765.1 3.5185608e-29 9.4136058e-24 1.9916145e-42
1.91731e+08 5.7335171e+17 2.9877788e+09 2620270.3 3.5097798e-29 9.3854295e-24 1.984276e-42
1.919229e+08 5.7392506e+17 2.9877757e+09 2620775.8 3.5010207e-29 9.3573377e-24 1.9769644e-42
1.9211499e+08 5.7449898e+17 2.9877725e+09 2621281.4 3.4922834e-29 9.3293299e-24 1.9696797e-42
1.9230728e+08 5.7507348e+17 2.9877694e+09 2621787.2 3.483568e-29 9.3014059e-24 1.9624217e-42
1.9249975e+08 5.7564855e+17 2.9877663e+09 2622293.1 3.4748743e-29 9.2735655e-24 1.9551905e-42
1.9269242e+08 5.762242e+17 2.9877632e+09 2622799.2 3.4662023e-29 9.2458085e-24 1.9479858e-42
1.9288528e+08 5.7680043e+17 2.98776e+09 2623305.6 3.4575519e-29 9.2181345e-24 1.9408076e-42
1.9307834e+08 5.7737723e+17 2.9877569e+09 2623812 3.4489231e-29 9.1905434e-24 1.9336558e-42
1.9327158e+08 5.7795461e+17 2.9877538e+09 2624318.7 3.4403159e-29 9.1630348e-24 1.9265302e-42
1.9346503e+08 5.7853256e+17 2.9877507e+09 2624825.5 3.4317301e-29 9.1356086e-24 1.9194309e-42
1.9365866e+08 5.7911109e+17 2.9877475e+09 2625332.6 3.4231658e-29 9.1082645e-24 1.9123576e-42
1.9385249e+08 5.796902e+17 2.9877444e+09 2625839.8 3.4146228e-29 9.0810022e-24 1.9053104e-42
1.9404651e+08 5.8026989e+17 2.9877413e+09 2626347.1 3.4061012e-29 9.0538215e-24 1.898289e-42
1.9424073e+08 5.8085016e+17 2.9877381e+09 2626854.7 3.3976008e-29 9.0267222e-24 1.8912935e-42
1.9443514e+08 5.8143101e+17 2.987735e+09 2627362.4 3.3891216e-29 8.999704e-24 1.8843236e-42
1.9462975e+08 5.8201244e+17 2.9877319e+09 2627870.3 3.3806636e-29 8.9727667e-24 1.8773794e-42
1.9482455e+08 5.8259446e+17 2.9877287e+09 2628378.4 3.3722268e-29 8.94591e-24 1.8704607e-42
1.9501954e+08 5.8317705e+17 2.9877256e+09 2628886.6 3.3638109e-29 8.9191337e-24 1.8635675e-42
1.9521473e+08 5.8376023e+17 2.9877225e+09 2629395 3.3554161e-29 8.8924375e-24 1.8566996e-42
1.9541012e+08 5.8434399e+17 2.9877193e+09 2629903.6 3.3470422e-29 8.8658213e-24 1.8498569e-42
1.956057e+08 5.8492833e+17 2.9877162e+09 2630412.4 3.3386892e-29 8.8392847e-24 1.8430394e-42
1.9580148e+08 5.8551326e+17 2.9877131e+09 2630921.4 3.3303571e-29 8.8128275e-24 1.8362469e-42
1.9599745e+08 5.8609877e+17 2.9877099e+09 2631430.5 3.3220457e-29 8.7864495e-24 1.8294794e-42
1.9619362e+08 5.8668487e+17 2.9877068e+09 2631939.8 3.3137551e-29 8.7601505e-24 1.8227368e-42
1.9638999e+08 5.8727156e+17 2.9877037e+09 2632449.3 3.3054852e-29 8.7339302e-24 1.816019e-42
1.9658655e+08 5.8785883e+17 2.9877005e+09 2632959 3.2972359e-29 8.7077884e-24 1.8093259e-42
1.9678331e+08 5.8844669e+17 2.9876974e+09 2633468.8 3.2890073e-29 8.6817248e-24 1.8026573e-42
1.9698027e+08 5.8903514e+17 2.9876942e+09 2633978.8 3.2807991e-29 8.6557393e-24 1.7960133e-42
1.9717742e+08 5.8962417e+17 2.9876911e+09 2634489 3.2726114e-29 8.6298315e-24 1.7893937e-42
1.9737477e+08 5.9021379e+17 2.987688e+09 2634999.4 3.2644442e-29 8.6040012e-24 1.7827985e-42
1.9757232e+08 5.9080401e+17 2.9876848e+09 2635509.9 3.2562974e-29 8.5782483e-24 1.7762275e-42
1.9777007e+08 5.9139481e+17 2.9876817e+09 2636020.6 3.2481708e-29 8.5525725e-24 1.7696806e-42
1.9796801e+08 5.9198621e+17 2.9876785e+09 2636531.5 3.2400646e-29 8.5269735e-24 1.7631579e-42
1.9816615e+08 5.9257819e+17 2.9876754e+09 2637042.6 3.2319786e-29 8.5014512e-24 1.7566591e-42
1.983645e+08 5.9317077e+17 2.9876722e+09 2637553.9 3.2239128e-29 8.4760052e-24 1.7501842e-42
1.9856304e+08 5.9376394e+17 2.9876691e+09 2638065.3 3.2158671e-29 8.4506354e-24 1.7437331e-42
1.9876177e+08 5.9435771e+17 2.9876659e+09 2638576.9 3.2078415e-29 8.4253415e-24 1.7373057e-42
1.9896071e+08 5.9495206e+17 2.9876628e+09 2639088.7 3.1998359e-29 8.4001234e-24 1.730902e-42
1.9915985e+08 5.9554702e+17 2.9876597e+09 2639600.6 3.1918503e-29 8.3749807e-24 1.7245218e-42
1.9935918e+08 5.9614256e+17 2.9876565e+09 2640112.8 3.1838846e-29 8.3499133e-24 1.718165e-42
1.9955872e+08 5.9673871e+17 2.9876534e+09 2640625.1 3.1759388e-29 8.3249209e-24 1.7118316e-42
1.9975845e+08 5.9733544e+17 2.9876502e+09 2641137.6 3.1680128e-29 8.3000033e-24 1.7055216e-42
1.9995839e+08 5.9793278e+17 2.9876471e+09 2641650.3 3.1601066e-29 8.2751603e-24 1.6992347e-42
2.0015852e+08 5.9853071e+17 2.9876439e+09 2642163.1 3.1522201e-29 8.2503917e-24 1.6929709e-42
2.0035886e+08 5.9912924e+17 2.9876408e+09 2642676.1 3.1443534e-29 8.2256972e-24 1.6867302e-42
2.0055939e+08 5.9972837e+17 2.9876376e+09 2643189.3 3.1365062e-29 8.2010766e-24 1.6805124e-42
2.0076013e+08 6.003281e+17 2.9876344e+09 2643702.7 3.1286786e-29 8.1765297e-24 1.6743175e-42
2.0096107e+08 6.0092843e+17 2.9876313e+09 2644216.2 3.1208706e-29 8.1520563e-24 1.6681453e-42
2.0116221e+08 6.0152936e+17 2.9876281e+09 2644730 3.1130821e-29 8.1276562e-24 1.6619959e-42
2.0136355e+08 6.0213089e+17 2.987625e+09 2645243.9 3.105313e-29 8.103329e-24 1.655869e-42
2.0156509e+08 6.0273302e+17 2.9876218e+09 2645758 3.0975633e-29 8.0790747e-24 1.6497647e-42
2.0176683e+08 6.0333575e+17 2.9876187e+09 2646272.2 3.0898329e-29 8.054893e-24 1.6436829e-42
2.0196878e+08 6.0393909e+17 2.9876155e+09 2646786.7 3.0821218e-29 8.0307837e-24 1.6376234e-42
2.0217092e+08 6.0454303e+17 2.9876124e+09 2647301.3 3.07443e-29 8.0067465e-24 1.6315861e-42
2.0237327e+08 6.0514757e+17 2.9876092e+09 2647816.1 3.0667573e-29 7.9827813e-24 1.6255711e-42
2.0257583e+08 6.0575272e+17 2.987606e+09 2648331 3.0591038e-29 7.9588878e-24 1.6195782e-42
2.0277858e+08 6.0635847e+17 2.9876029e+09 2648846.2 3.0514694e-29 7.9350658e-24 1.6136074e-42
2.0298154e+08 6.0696483e+17 2.9875997e+09 2649361.5 3.0438541e-29 7.9113152e-24 1.6076585e-42
2.031847e+08 6.0757179e+17 2.9875966e+09 2649877 3.0362577e-29 7.8876356e-24 1.6017315e-42
2.0338807e+08 6.0817936e+17 2.9875934e+09 2650392.7 3.0286804e-29 7.8640269e-24 1.5958262e-42
2.0359163e+08 6.0878754e+17 2.9875902e+09 2650908.5 3.0211219e-29 7.8404888e-24 1.5899427e-42
2.0379541e+08 6.0939633e+17 2.9875871e+09 2651424.6 3.0135823e-29 7.8170213e-24 1.5840808e-42
2.0399938e+08 6.1000573e+17 2.9875839e+09 2651940.8 3.0060615e-29 7.7936239e-24 1.5782405e-42
2.0420356e+08 6.1061573e+17 2.9875807e+09 2652457.2 2.9985595e-29 7.7702966e-24 1.5724217e-42
2.0440795e+08 6.1122635e+17 2.9875776e+09 2652973.7 2.9910762e-29 7.7470391e-24 1.5666243e-42
2.0461254e+08 6.1183758e+17 2.9875744e+09 2653490.5 2.9836115e-29 7.7238513e-24 1.5608482e-42
2.0481733e+08 6.1244941e+17 2.9875712e+09 2654007.4 2.9761655e-29 7.7007328e-24 1.5550933e-42
2.0502233e+08 6.1306186e+17 2.9875681e+09 2654524.5 2.9687381e-29 7.6776835e-24 1.5493596e-42
2.0522753e+08 6.1367492e+17 2.9875649e+09 2655041.8 2.9613293e-29 7.6547033e-24 1.543647e-42
2.0543294e+08 6.142886e+17 2.9875617e+09 2655559.2 2.9539389e-29 7.6317918e-24 1.5379554e-42
2.0563856e+08 6.1490289e+17 2.9875586e+09 2656076.9 2.9465669e-29 7.6089489e-24 1.5322847e-42
2.0584438e+08 6.1551779e+17 2.9875554e+09 2656594.7 2.9392134e-29 7.5861743e-24 1.5266349e-42
2.0605041e+08 6.1613331e+17 2.9875522e+09 2657112.6 2.9318782e-29 7.563468e-24 1.5210058e-42
2.0625664e+08 6.1674944e+17 2.9875491e+09 2657630.8 2.9245613e-29 7.5408296e-24 1.5153975e-42
2.0646308e+08 6.1736619e+17 2.9875459e+09 2658149.1 2.9172627e-29 7.5182589e-24 1.5098098e-42
2.0666973e+08 6.1798356e+17 2.9875427e+09 2658667.7 2.9099823e-29 7.4957558e-24 1.5042427e-42
2.0687658e+08 6.1860154e+17 2.9875395e+09 2659186.4 2.90272e-29 7.4733201e-24 1.498696e-42
2.0708364e+08 6.1922014e+17 2.9875364e+09 2659705.2 2.8954759e-29 7.4509515e-24 1.4931697e-42
2.0729091e+08 6.1983936e+17 2.9875332e+09 2660224.3 2.8882499e-29 7.4286499e-24 1.4876638e-42
2.0749839e+08 6.204592e+17 2.98753e+09 2660743.5 2.8810418e-29 7.406415e-24 1.4821781e-42
2.0770607e+08 6.2107966e+17 2.9875268e+09 2661262.9 2.8738518e-29 7.3842467e-24 1.4767126e-42
2.0791396e+08 6.2170074e+17 2.9875237e+09 2661782.5 2.8666798e-29 7.3621447e-24 1.4712672e-42
2.0812206e+08 6.2232244e+17 2.9875205e+09 2662302.3 2.8595256e-29 7.3401089e-24 1.4658418e-42
2.0833037e+08 6.2294476e+17 2.9875173e+09 2662822.2 2.8523893e-29 7.3181391e-24 1.4604364e-42
2.0853888e+08 6.2356771e+17 2.9875141e+09 2663342.3 2.8452707e-29 7.296235e-24 1.4550508e-42
2.0874761e+08 6.2419128e+17 2.9875109e+09 2663862.6 2.83817e-29 7.2743964e-24 1.4496851e-42
2.0895654e+08 6.2481547e+17 2.9875078e+09 2664383.1 2.831087e-29 7.2526233e-24 1.4443391e-42
2.0916568e+08 6.2544028e+17 2.9875046e+09 2664903.7 2.8240216e-29 7.2309153e-24 1.4390128e-42
2.0937503e+08 6.2606572e+17 2.9875014e+09 2665424.6 2.8169739e-29 7.2092723e-24 1.4337061e-42
2.095846e+08 6.2669179e+17 2.9874982e+09 2665945.6 2.8099438e-29 7.187694e-24 1.4284189e-42
2.0979437e+08 6.2731848e+17 2.987495e+09 2666466.7 2.8029312e-29 7.1661804e-24 1.4231511e-42
2.1000435e+08 6.279458e+17 2.9874918e+09 2666988.1 2.7959361e-29 7.1447311e-24 1.4179027e-42
2.1021454e+08 6.2857374e+17 2.9874887e+09 2667509.6 2.7889585e-29 7.1233461e-24 1.4126737e-42
2.1042494e+08 6.2920232e+17 2.9874855e+09 2668031.4 2.7819983e-29 7.102025e-24 1.4074638e-42
2.1063556e+08 6.2983152e+17 2.9874823e+09 2668553.3 2.7750554e-29 7.0807678e-24 1.4022732e-42
2.1084638e+08 6.3046135e+17 2.9874791e+09 2669075.3 2.7681299e-29 7.0595742e-24 1.3971016e-42
2.1105741e+08 6.3109181e+17 2.9874759e+09 2669597.6 2.7612217e-29 7.0384441e-24 1.3919491e-42
2.1126866e+08 6.3172291e+17 2.9874727e+09 2670120 2.7543307e-29 7.0173772e-24 1.3868155e-42
2.1148012e+08 6.3235463e+17 2.9874695e+09 2670642.6 2.7474569e-29 6.9963733e-24 1.3817008e-42
2.1169179e+08 6.3298698e+17 2.9874663e+09 2671165.4 2.7406002e-29 6.9754323e-24 1.3766049e-42
2.1190367e+08 6.3361997e+17 2.9874631e+09 2671688.4 2.7337607e-29 6.954554e-24 1.3715278e-42
2.1211576e+08 6.3425359e+17 2.98746e+09 2672211.5 2.7269383e-29 6.9337382e-24 1.3664693e-42
2.1232806e+08 6.3488784e+17 2.9874568e+09 2672734.8 2.7201328e-29 6.9129847e-24 1.3614295e-42
2.1254058e+08 6.3552273e+17 2.9874536e+09 2673258.3 2.7133444e-29 6.8922933e-24 1.3564082e-42
2.1275331e+08 6.3615825e+17 2.9874504e+09 2673782 2.7065729e-29 6.8716638e-24 1.3514054e-42
2.1296626e+08 6.3679441e+17 2.9874472e+09 2674305.9 2.6998183e-29 6.8510961e-24 1.346421e-42
2.1317941e+08 6.3743121e+17 2.987444e+09 2674829.9 2.6930805e-29 6.83059e-24 1.3414549e-42
2.1339278e+08 6.3806864e+17 2.9874408e+09 2675354.1 2.6863596e-29 6.8101452e-24 1.3365071e-42
2.1360637e+08 6.3870671e+17 2.9874376e+09 2675878.5 2.6796554e-29 6.7897616e-24 1.3315775e-42
2.1382016e+08 6.3934541e+17 2.9874344e+09 2676403.1 2.672968e-29 6.769439e-24 1.326666e-42
2.1403418e+08 6.3998476e+17 2.9874312e+09 2676927.8 2.6662972e-29 6.7491773e-24 1.3217726e-42
2.142484e+08 6.4062474e+17 2.987428e+09 2677452.7 2.6596431e-29 6.7289762e-24 1.3168973e-42
2.1446284e+08 6.4126537e+17 2.9874248e+09 2677977.8 2.6530056e-29 6.7088356e-24 1.3120398e-42
2.146775e+08 6.4190663e+17 2.9874216e+09 2678503.1 2.6463847e-29 6.6887553e-24 1.3072002e-42
2.1489237e+08 6.4254854e+17 2.9874184e+09 2679028.6 2.6397803e-29 6.668735e-24 1.3023785e-42
2.1510745e+08 6.4319109e+17 2.9874152e+09 2679554.2 2.6331924e-29 6.6487747e-24 1.2975745e-42
2.1532275e+08 6.4383428e+17 2.987412e+09 2680080 2.6266209e-29 6.6288742e-24 1.2927881e-42
2.1553827e+08 6.4447811e+17 2.9874088e+09 2680606 2.6200658e-29 6.6090332e-24 1.2880194e-42
2.15754e+08 6.4512259e+17 2.9874056e+09 2681132.2 2.6135271e-29 6.5892515e-24 1.2832682e-42
2.1596995e+08 6.4576772e+17 2.9874024e+09 2681658.6 2.6070047e-29 6.5695291e-24 1.2785345e-42
2.1618611e+08 6.4641348e+17 2.9873992e+09 2682185.1 2.6004986e-29 6.5498658e-24 1.2738183e-42
2.1640249e+08 6.470599e+17 2.987396e+09 2682711.8 2.5940087e-29 6.5302613e-24 1.2691193e-42
2.1661909e+08 6.4770696e+17 2.9873928e+09 2683238.7 2.587535e-29 6.5107154e-24 1.2644377e-42
2.168359e+08 6.4835466e+17 2.9873896e+09 2683765.8 2.5810775e-29 6.4912281e-24 1.2597733e-42
2.1705293e+08 6.4900302e+17 2.9873864e+09 2684293 2.5746361e-29 6.4717991e-24 1.2551261e-42
2.1727018e+08 6.4965202e+17 2.9873832e+09 2684820.4 2.5682107e-29 6.4524282e-24 1.2504959e-42
2.1748764e+08 6.5030167e+17 2.9873799e+09 2685348 2.5618014e-29 6.4331154e-24 1.2458829e-42
2.1770533e+08 6.5095197e+17 2.9873767e+09 2685875.8 2.5554081e-29 6.4138603e-24 1.2412867e-42
2.1792323e+08 6.5160293e+17 2.9873735e+09 2686403.8 2.5490308e-29 6.3946629e-24 1.2367075e-42
2.1814135e+08 6.5225453e+17 2.9873703e+09 2686931.9 2.5426693e-29 6.3755229e-24 1.2321452e-42
2.1835968e+08 6.5290678e+17 2.9873671e+09 2687460.2 2.5363237e-29 6.3564403e-24 1.2275996e-42
2.1857824e+08 6.5355969e+17 2.9873639e+09 2687988.7 2.529994e-29 6.3374147e-24 1.2230708e-42
2.1879701e+08 6.5421325e+17 2.9873607e+09 2688517.4 2.5236801e-29 6.3184461e-24 1.2185587e-42
2.1901601e+08 6.5486746e+17 2.9873575e+09 2689046.3 2.5173819e-29 6.2995343e-24 1.2140631e-42
2.1923522e+08 6.5552233e+17 2.9873542e+09 2689575.3 2.5110994e-29 6.280679e-24 1.2095841e-42
2.1945465e+08 6.5617785e+17 2.987351e+09 2690104.5 2.5048327e-29 6.2618802e-24 1.2051216e-42
2.1967431e+08 6.5683403e+17 2.9873478e+09 2690633.9 2.4985815e-29 6.2431377e-24 1.2006755e-42
2.1989418e+08 6.5749087e+17 2.9873446e+09 2691163.5 2.492346e-29 6.2244513e-24 1.1962458e-42
2.2011427e+08 6.5814836e+17 2.9873414e+09 2691693.2 2.486126e-29 6.2058208e-24 1.1918323e-42
2.2033458e+08 6.588065e+17 2.9873382e+09 2692223.1 2.4799216e-29 6.1872461e-24 1.1874352e-42
2.2055512e+08 6.5946531e+17 2.9873349e+09 2692753.2 2.4737326e-29 6.1687269e-24 1.1830542e-42
2.2077587e+08 6.6012478e+17 2.9873317e+09 2693283.5 2.4675591e-29 6.1502632e-24 1.1786893e-42
2.2099684e+08 6.607849e+17 2.9873285e+09 2693814 2.4614009e-29 6.1318548e-24 1.1743405e-42
2.2121804e+08 6.6144569e+17 2.9873253e+09 2694344.6 2.4552582e-29 6.1135015e-24 1.1700077e-42
2.2143946e+08 6.6210713e+17 2.9873221e+09 2694875.5 2.4491308e-29 6.0952031e-24 1.1656908e-42
2.216611e+08 6.6276924e+17 2.9873188e+09 2695406.5 2.4430186e-29 6.0769595e-24 1.1613899e-42
2.2188296e+08 6.6343201e+17 2.9873156e+09 2695937.6 2.4369218e-29 6.0587704e-24 1.1571047e-42
2.2210504e+08 6.6409544e+17 2.9873124e+09 2696469 2.4308401e-29 6.0406359e-24 1.1528354e-42
2.2232735e+08 6.6475954e+17 2.9873092e+09 2697000.5 2.4247736e-29 6.0225556e-24 1.1485818e-42
2.2254987e+08 6.654243e+17 2.9873059e+09 2697532.3 2.4187223e-29 6.0045294e-24 1.1443438e-42
2.2277262e+08 6.6608972e+17 2.9873027e+09 2698064.2 2.4126861e-29 5.9865571e-24 1.1401214e-42
2.229956e+08 6.6675581e+17 2.9872995e+09 2698596.2 2.4066649e-29 5.9686387e-24 1.1359145e-42
2.2321879e+08 6.6742256e+17 2.9872963e+09 2699128.5 2.4006587e-29 5.9507739e-24 1.1317232e-42
2.2344221e+08 6.6808999e+17 2.987293e+09 2699660.9 2.3946676e-29 5.9329626e-24 1.1275473e-42
2.2366586e+08 6.6875808e+17 2.9872898e+09 2700193.5 2.3886914e-29 5.9152046e-24 1.1233867e-42
2.2388973e+08 6.6942684e+17 2.9872866e+09 2700726.3 2.3827301e-29 5.8974997e-24 1.1192415e-42
2.2411382e+08 6.7009626e+17 2.9872833e+09 2701259.3 2.3767837e-29 5.8798478e-24 1.1151115e-42
2.2433813e+08 6.7076636e+17 2.9872801e+09 2701792.5 2.3708521e-29 5.8622488e-24 1.1109967e-42
2.2456268e+08 6.7143713e+17 2.9872769e+09 2702325.8 2.3649353e-29 5.8447024e-24 1.1068971e-42
2.2478744e+08 6.7210856e+17 2.9872737e+09 2702859.3 2.3590333e-29 5.8272086e-24 1.1028126e-42
2.2501243e+08 6.7278067e+17 2.9872704e+09 2703393 2.353146e-29 5.8097671e-24 1.0987431e-42
2.2523765e+08 6.7345345e+17 2.9872672e+09 2703926.9 2.3472734e-29 5.7923779e-24 1.0946886e-42
2.2546309e+08 6.741269e+17 2.987264e+09 2704460.9 2.3414155e-29 5.7750406e-24 1.090649e-42
2.2568876e+08 6.7480103e+17 2.9872607e+09 2704995.1 2.3355722e-29 5.7577553e-24 1.0866243e-42
2.2591465e+08 6.7547583e+17 2.9872575e+09 2705529.6 2.3297435e-29 5.7405217e-24 1.0826144e-42
2.2614077e+08 6.7615131e+17 2.9872542e+09 2706064.1 2.3239293e-29 5.7233397e-24 1.0786193e-42
2.2636711e+08 6.7682746e+17 2.987251e+09 2706598.9 2.3181296e-29 5.7062091e-24 1.0746388e-42
2.2659369e+08 6.7750429e+17 2.9872478e+09 2707133.9 2.3123444e-29 5.6891298e-24 1.0706731e-42
2.2682048e+08 6.7818179e+17 2.9872445e+09 2707669 2.3065737e-29 5.6721016e-24 1.0667219e-42
2.2704751e+08 6.7885997e+17 2.9872413e+09 2708204.3 2.3008173e-29 5.6551244e-24 1.0627853e-42
2.2727476e+08 6.7953883e+17 2.987238e+09 2708739.8 2.2950753e-29 5.638198e-24 1.0588632e-42
2.2750224e+08 6.8021837e+17 2.9872348e+09 2709275.4 2.2893476e-29 5.6213223e-24 1.0549555e-42
2.2772995e+08 6.8089859e+17 2.9872316e+09 2709811.3 2.2836343e-29 5.6044971e-24 1.0510622e-42
2.2795789e+08 6.8157949e+17 2.9872283e+09 2710347.3 2.2779352e-29 5.5877222e-24 1.0471832e-42
2.2818605e+08 6.8226107e+17 2.9872251e+09 2710883.5 2.2722503e-29 5.5709976e-24 1.0433185e-42
2.2841445e+08 6.8294333e+17 2.9872218e+09 2711419.9 2.2665796e-29 5.554323e-24 1.0394681e-42
2.2864307e+08 6.8362627e+17 2.9872186e+09 2711956.5 2.260923e-29 5.5376983e-24 1.0356318e-42
2.2887192e+08 6.843099e+17 2.9872153e+09 2712493.2 2.2552806e-29 5.5211234e-24 1.0318097e-42
2.29101e+08 6.8499421e+17 2.9872121e+09 2713030.1 2.2496522e-29 5.5045981e-24 1.0280016e-42
2.2933031e+08 6.856792e+17 2.9872089e+09 2713567.2 2.2440379e-29 5.4881222e-24 1.0242076e-42
2.2955984e+08 6.8636488e+17 2.9872056e+09 2714104.5 2.2384377e-29 5.4716957e-24 1.0204275e-42
2.2978961e+08 6.8705125e+17 2.9872024e+09 2714642 2.2328513e-29 5.4553183e-24 1.0166613e-42
2.3001961e+08 6.877383e+17 2.9871991e+09 2715179.6 2.227279e-29 5.43899e-24 1.012909e-42
2.3024984e+08 6.8842604e+17 2.9871959e+09 2715717.5 2.2217205e-29 5.4227105e-24 1.0091705e-42
2.304803e+08 6.8911446e+17 2.9871926e+09 2716255.5 2.2161759e-29 5.4064797e-24 1.0054458e-42
2.3071099e+08 6.8980358e+17 2.9871894e+09 2716793.6 2.2106451e-29 5.3902976e-24 1.0017348e-42
2.3094191e+08 6.9049338e+17 2.9871861e+09 2717332 2.2051282e-29 5.3741639e-24 9.9803751e-43
2.3117306e+08 6.9118387e+17 2.9871829e+09 2717870.6 2.199625e-29 5.3580784e-24 9.943538e-43
2.3140444e+08 6.9187506e+17 2.9871796e+09 2718409.3 2.1941355e-29 5.3420411e-24 9.9068365e-43
2.3163606e+08 6.9256693e+17 2.9871763e+09 2718948.2 2.1886598e-29 5.3260518e-24 9.8702702e-43
2.3186791e+08 6.932595e+17 2.9871731e+09 2719487.3 2.1831977e-29 5.3101104e-24 9.8338386e-43
2.3209998e+08 6.9395276e+17 2.9871698e+09 2720026.5 2.1777492e-29 5.2942167e-24 9.7975411e-43
2.323323e+08 6.9464671e+17 2.9871666e+09 2720566 2.1723144e-29 5.2783705e-24 9.7613772e-43
2.3256484e+08 6.9534136e+17 2.9871633e+09 2721105.6 2.1668931e-29 5.2625718e-24 9.7253466e-43
2.3279762e+08 6.960367e+17 2.9871601e+09 2721645.4 2.1614853e-29 5.2468204e-24 9.6894487e-43
2.3303062e+08 6.9673274e+17 2.9871568e+09 2722185.4 2.1560911e-29 5.2311161e-24 9.6536829e-43
2.3326387e+08 6.9742947e+17 2.9871536e+09 2722725.6 2.1507102e-29 5.2154589e-24 9.6180489e-43
2.3349734e+08 6.981269e+17 2.9871503e+09 2723265.9 2.1453429e-29 5.1998485e-24 9.5825461e-43
2.3373105e+08 6.9882503e+17 2.987147e+09 2723806.4 2.1399889e-29 5.1842848e-24 9.547174e-43
2.33965e+08 6.9952385e+17 2.9871438e+09 2724347.1 2.1346483e-29 5.1687677e-24 9.5119323e-43
2.3419918e+08 7.0022338e+17 2.9871405e+09 2724888 2.129321e-29 5.153297e-24 9.4768203e-43
2.3443359e+08 7.009236e+17 2.9871372e+09 2725429.1 2.124007e-29 5.1378727e-24 9.4418376e-43
2.3466824e+08 7.0162452e+17 2.987134e+09 2725970.3 2.1187062e-29 5.1224945e-24 9.4069838e-43
2.3490312e+08 7.0232615e+17 2.9871307e+09 2726511.8 2.1134187e-29 5.1071624e-24 9.3722584e-43
2.3513824e+08 7.0302847e+17 2.9871275e+09 2727053.4 2.1081444e-29 5.0918761e-24 9.3376608e-43
2.3537359e+08 7.037315e+17 2.9871242e+09 2727595.2 2.1028832e-29 5.0766356e-24 9.3031907e-43
2.3560918e+08 7.0443523e+17 2.9871209e+09 2728137.1 2.0976352e-29 5.0614407e-24 9.2688475e-43
2.35845e+08 7.0513967e+17 2.9871177e+09 2728679.3 2.0924003e-29 5.0462913e-24 9.2346309e-43
2.3608106e+08 7.0584481e+17 2.9871144e+09 2729221.6 2.0871784e-29 5.0311872e-24 9.2005402e-43
2.3631736e+08 7.0655065e+17 2.9871111e+09 2729764.1 2.0819696e-29 5.0161284e-24 9.1665752e-43
2.3655389e+08 7.072572e+17 2.9871079e+09 2730306.8 2.0767738e-29 5.0011146e-24 9.1327352e-43
2.3679066e+08 7.0796446e+17 2.9871046e+09 2730849.7 2.0715909e-29 4.9861458e-24 9.0990199e-43
2.3702767e+08 7.0867243e+17 2.9871013e+09 2731392.7 2.066421e-29 4.9712217e-24 9.0654287e-43
2.3726491e+08 7.093811e+17 2.987098e+09 2731936 2.061264e-29 4.9563424e-24 9.0319613e-43
2.3750239e+08 7.1009048e+17 2.9870948e+09 2732479.4 2.0561198e-29 4.9415075e-24 8.9986172e-43
2.3774011e+08 7.1080057e+17 2.9870915e+09 2733023 2.0509885e-29 4.9267171e-24 8.9653959e-43
2.3797807e+08 7.1151137e+17 2.9870882e+09 2733566.7 2.04587e-29 4.911971e-24 8.9322969e-43
2.3821627e+08 7.1222288e+17 2.987085e+09 2734110.7 2.0407642e-29 4.8972689e-24 8.8993199e-43
2.384547e+08 7.129351e+17 2.9870817e+09 2734654.8 2.0356712e-29 4.8826109e-24 8.8664644e-43
2.3869337e+08 7.1364804e+17 2.9870784e+09 2735199.2 2.030591e-29 4.8679968e-24 8.8337298e-43
2.3893228e+08 7.1436169e+17 2.9870751e+09 2735743.7 2.0255234e-29 4.8534264e-24 8.8011159e-43
2.3917144e+08 7.1507605e+17 2.9870718e+09 2736288.3 2.0204684e-29 4.8388996e-24 8.7686221e-43
2.3941083e+08 7.1579112e+17 2.9870686e+09 2736833.2 2.015426e-29 4.8244163e-24 8.736248e-43
2.3965046e+08 7.1650692e+17 2.9870653e+09 2737378.2 2.0103963e-29 4.8099763e-24 8.7039932e-43
2.3989033e+08 7.1722342e+17 2.987062e+09 2737923.5 2.0053791e-29 4.7955796e-24 8.6718572e-43
2.4013044e+08 7.1794065e+17 2.9870587e+09 2738468.9 2.0003744e-29 4.781226e-24 8.6398396e-43
2.4037079e+08 7.1865859e+17 2.9870555e+09 2739014.4 1.9953822e-29 4.7669153e-24 8.6079399e-43
2.4061138e+08 7.1937725e+17 2.9870522e+09 2739560.2 1.9904025e-29 4.7526475e-24 8.5761577e-43
2.4085221e+08 7.2009662e+17 2.9870489e+09 2740106.2 1.9854351e-29 4.7384223e-24 8.5444927e-43
2.4109328e+08 7.2081672e+17 2.9870456e+09 2740652.3 1.9804802e-29 4.7242398e-24 8.5129442e-43
2.413346e+08 7.2153754e+17 2.9870423e+09 2741198.6 1.9755377e-29 4.7100996e-24 8.481512e-43
2.4157615e+08 7.2225907e+17 2.987039e+09 2741745.1 1.9706075e-29 4.6960019e-24 8.4501956e-43
2.4181795e+08 7.2298133e+17 2.9870358e+09 2742291.7 1.9656896e-29 4.6819463e-24 8.4189946e-43
2.4205999e+08 7.2370431e+17 2.9870325e+09 2742838.6 1.9607839e-29 4.6679328e-24 8.3879086e-43
2.4230227e+08 7.2442802e+17 2.9870292e+09 2743385.6 1.9558905e-29 4.6539612e-24 8.356937e-43
2.425448e+08 7.2515245e+17 2.9870259e+09 2743932.8 1.9510093e-29 4.6400314e-24 8.3260796e-43
2.4278756e+08 7.258776e+17 2.9870226e+09 2744480.2 1.9461403e-29 4.6261434e-24 8.2953358e-43
2.4303057e+08 7.2660348e+17 2.9870193e+09 2745027.8 1.9412835e-29 4.6122969e-24 8.2647053e-43
2.4327383e+08 7.2733008e+17 2.987016e+09 2745575.6 1.9364388e-29 4.5984918e-24 8.2341877e-43
2.4351732e+08 7.2805741e+17 2.9870127e+09 2746123.5 1.9316061e-29 4.5847281e-24 8.2037825e-43
2.4376107e+08 7.2878547e+17 2.9870094e+09 2746671.6 1.9267856e-29 4.5710056e-24 8.1734893e-43
2.4400505e+08 7.2951425e+17 2.9870062e+09 2747219.9 1.921977e-29 4.5573241e-24 8.1433078e-43
2.4424928e+08 7.3024377e+17 2.9870029e+09 2747768.4 1.9171805e-29 4.5436836e-24 8.1132374e-43
2.4449375e+08 7.3097401e+17 2.9869996e+09 2748317.1 1.9123959e-29 4.5300839e-24 8.0832779e-43
2.4473847e+08 7.3170498e+17 2.9869963e+09 2748865.9 1.9076232e-29 4.516525e-24 8.0534287e-43
2.4498344e+08 7.3243669e+17 2.986993e+09 2749414.9 1.9028625e-29 4.5030066e-24 8.0236895e-43
2.4522864e+08 7.3316913e+17 2.9869897e+09 2749964.1 1.8981137e-29 4.4895287e-24 7.9940599e-43
2.454741e+08 7.339023e+17 2.9869864e+09 2750513.5 1.8933767e-29 4.4760911e-24 7.9645394e-43
2.457198e+08 7.346362e+17 2.9869831e+09 2751063.1 1.8886515e-29 4.4626937e-24 7.9351278e-43
2.4596574e+08 7.3537083e+17 2.9869798e+09 2751612.8 1.8839381e-29 4.4493365e-24 7.9058245e-43
2.4621194e+08 7.3610621e+17 2.9869765e+09 2752162.8 1.8792365e-29 4.4360192e-24 7.8766292e-43
2.4645837e+08 7.3684231e+17 2.9869732e+09 2752712.9 1.8745466e-29 4.4227418e-24 7.8475414e-43
2.4670506e+08 7.3757915e+17 2.9869699e+09 2753263.2 1.8698685e-29 4.4095041e-24 7.8185609e-43
2.4695199e+08 7.3831673e+17 2.9869666e+09 2753813.7 1.865202e-29 4.396306e-24 7.7896871e-43
2.4719917e+08 7.3905505e+17 2.9869633e+09 2754364.3 1.8605471e-29 4.3831475e-24 7.7609197e-43
2.474466e+08 7.397941e+17 2.98696e+09 2754915.2 1.8559039e-29 4.3700283e-24 7.7322584e-43
2.4769427e+08 7.405339e+17 2.9869567e+09 2755466.2 1.8512722e-29 4.3569484e-24 7.7037026e-43
2.479422e+08 7.4127443e+17 2.9869534e+09 2756017.4 1.8466521e-29 4.3439077e-24 7.6752521e-43
2.4819037e+08 7.4201571e+17 2.9869501e+09 2756568.8 1.8420436e-29 4.3309059e-24 7.6469064e-43
2.4843879e+08 7.4275772e+17 2.9869468e+09 2757120.3 1.8374465e-29 4.3179431e-24 7.6186652e-43
2.4868745e+08 7.4350048e+17 2.9869435e+09 2757672.1 1.8328609e-29 4.3050191e-24 7.5905281e-43
2.4893637e+08 7.4424398e+17 2.9869402e+09 2758224 1.8282868e-29 4.2921338e-24 7.5624946e-43
2.4918554e+08 7.4498822e+17 2.9869369e+09 2758776.1 1.823724e-29 4.2792871e-24 7.5345645e-43
2.4943495e+08 7.4573321e+17 2.9869336e+09 2759328.4 1.8191727e-29 4.2664788e-24 7.5067372e-43
2.4968462e+08 7.4647895e+17 2.9869303e+09 2759880.9 1.8146327e-29 4.2537088e-24 7.4790126e-43
2.4993453e+08 7.4722543e+17 2.9869269e+09 2760433.6 1.810104e-29 4.2409771e-24 7.4513901e-43
2.501847e+08 7.4797265e+17 2.9869236e+09 2760986.4 1.8055867e-29 4.2282835e-24 7.4238694e-43
2.5043511e+08 7.4872062e+17 2.9869203e+09 2761539.4 1.8010806e-29 4.2156278e-24 7.3964501e-43
2.5068578e+08 7.4946934e+17 2.986917e+09 2762092.6 1.7965858e-29 4.2030101e-24 7.3691319e-43
2.509367e+08 7.5021881e+17 2.9869137e+09 2762646 1.7921022e-29 4.1904301e-24 7.3419143e-43
2.5118787e+08 7.5096903e+17 2.9869104e+09 2763199.6 1.7876297e-29 4.1778877e-24 7.3147971e-43
2.5143929e+08 7.5172e+17 2.9869071e+09 2763753.3 1.7831685e-29 4.165383e-24 7.2877798e-43
2.5169096e+08 7.5247172e+17 2.9869038e+09 2764307.3 1.7787183e-29 4.1529156e-24 7.2608621e-43
2.5194288e+08 7.5322419e+17 2.9869004e+09 2764861.4 1.7742793e-29 4.1404855e-24 7.2340435e-43
2.5219506e+08 7.5397742e+17 2.9868971e+09 2765415.7 1.7698514e-29 4.1280927e-24 7.2073239e-43
2.5244748e+08 7.5473139e+17 2.9868938e+09 2765970.2 1.7654345e-29 4.115737e-24 7.1807027e-43
2.5270017e+08 7.5548613e+17 2.9868905e+09 2766524.8 1.7610286e-29 4.1034182e-24 7.1541796e-43
2.529531e+08 7.5624161e+17 2.9868872e+09 2767079.7 1.7566337e-29 4.0911363e-24 7.1277543e-43
2.5320629e+08 7.5699785e+17 2.9868839e+09 2767634.7 1.7522498e-29 4.0788912e-24 7.1014263e-43
2.5345973e+08 7.5775485e+17 2.9868805e+09 2768189.9 1.7478768e-29 4.0666827e-24 7.0751954e-43
2.5371342e+08 7.5851261e+17 2.9868772e+09 2768745.3 1.7435148e-29 4.0545107e-24 7.0490612e-43
2.5396737e+08 7.5927112e+17 2.9868739e+09 2769300.9 1.7391636e-29 4.0423752e-24 7.0230233e-43
2.5422157e+08 7.6003039e+17 2.9868706e+09 2769856.6 1.7348233e-29 4.0302761e-24 6.9970814e-43
2.5447603e+08 7.6079042e+17 2.9868673e+09 2770412.5 1.7304938e-29 4.0182131e-24 6.9712352e-43
2.5473074e+08 7.6155121e+17 2.9868639e+09 2770968.7 1.7261751e-29 4.0061862e-24 6.9454841e-43
2.5498571e+08 7.6231276e+17 2.9868606e+09 2771525 1.7218672e-29 3.9941954e-24 6.919828e-43
2.5524093e+08 7.6307507e+17 2.9868573e+09 2772081.4 1.7175701e-29 3.9822404e-24 6.8942665e-43
2.5549641e+08 7.6383815e+17 2.986854e+09 2772638.1 1.7132837e-29 3.9703212e-24 6.8687992e-43
2.5575214e+08 7.6460199e+17 2.9868506e+09 2773195 1.709008e-29 3.9584377e-24 6.8434257e-43
2.5600813e+08 7.6536659e+17 2.9868473e+09 2773752 1.7047429e-29 3.9465897e-24 6.8181458e-43
2.5626438e+08 7.6613196e+17 2.986844e+09 2774309.2 1.7004885e-29 3.9347772e-24 6.7929591e-43
2.5652088e+08 7.6689809e+17 2.9868406e+09 2774866.6 1.6962447e-29 3.9230001e-24 6.7678652e-43
2.5677764e+08 7.6766499e+17 2.9868373e+09 2775424.2 1.6920115e-29 3.9112582e-24 6.7428638e-43
2.5703465e+08 7.6843265e+17 2.986834e+09 2775981.9 1.6877889e-29 3.8995515e-24 6.7179546e-43
2.5729193e+08 7.6920108e+17 2.9868307e+09 2776539.9 1.6835768e-29 3.8878798e-24 6.6931372e-43
2.5754946e+08 7.6997029e+17 2.9868273e+09 2777098 1.6793752e-29 3.8762431e-24 6.6684113e-43
2.5780725e+08 7.7074026e+17 2.986824e+09 2777656.3 1.6751841e-29 3.8646411e-24 6.6437766e-43
2.5806529e+08 7.71511e+17 2.9868207e+09 2778214.8 1.6710034e-29 3.8530739e-24 6.6192326e-43
2.583236e+08 7.7228251e+17 2.9868173e+09 2778773.5 1.6668332e-29 3.8415414e-24 6.5947791e-43
2.5858216e+08 7.7305479e+17 2.986814e+09 2779332.3 1.6626734e-29 3.8300433e-24 6.5704158e-43
2.5884098e+08 7.7382784e+17 2.9868107e+09 2779891.4 1.658524e-29 3.8185797e-24 6.5461423e-43
2.5910007e+08 7.7460167e+17 2.9868073e+09 2780450.6 1.6543849e-29 3.8071503e-24 6.5219583e-43
2.5935941e+08 7.7537627e+17 2.986804e+09 2781010 1.6502562e-29 3.7957552e-24 6.4978634e-43
2.5961901e+08 7.7615165e+17 2.9868007e+09 2781569.6 1.6461378e-29 3.7843942e-24 6.4738574e-43
2.5987887e+08 7.769278e+17 2.9867973e+09 2782129.3 1.6420296e-29 3.7730672e-24 6.4499399e-43
2.6013899e+08 7.7770473e+17 2.986794e+09 2782689.3 1.6379317e-29 3.7617741e-24 6.4261105e-43
2.6039937e+08 7.7848243e+17 2.9867906e+09 2783249.4 1.633844e-29 3.7505148e-24 6.402369e-43
2.6066001e+08 7.7926092e+17 2.9867873e+09 2783809.8 1.6297666e-29 3.7392892e-24 6.378715e-43
2.6092091e+08 7.8004018e+17 2.986784e+09 2784370.3 1.6256993e-29 3.7280972e-24 6.3551482e-43
2.6118208e+08 7.8082022e+17 2.9867806e+09 2784930.9 1.6216421e-29 3.7169387e-24 6.3316683e-43
2.614435e+08 7.8160104e+17 2.9867773e+09 2785491.8 1.6175951e-29 3.7058136e-24 6.308275e-43
2.6170519e+08 7.8238264e+17 2.9867739e+09 2786052.9 1.6135582e-29 3.6947218e-24 6.2849679e-43
2.6196714e+08 7.8316502e+17 2.9867706e+09 2786614.1 1.6095313e-29 3.6836632e-24 6.2617468e-43
2.6222935e+08 7.8394819e+17 2.9867672e+09 2787175.5 1.6055145e-29 3.6726377e-24 6.2386113e-43
2.6249183e+08 7.8473213e+17 2.9867639e+09 2787737.1 1.6015078e-29 3.6616452e-24 6.215561e-43
2.6275456e+08 7.8551687e+17 2.9867606e+09 2788298.9 1.597511e-29 3.6506856e-24 6.1925958e-43
2.6301756e+08 7.8630238e+17 2.9867572e+09 2788860.8 1.5935242e-29 3.6397588e-24 6.1697152e-43
2.6328082e+08 7.8708869e+17 2.9867539e+09 2789423 1.5895473e-29 3.6288647e-24 6.146919e-43
2.6354435e+08 7.8787577e+17 2.9867505e+09 2789985.3 1.5855804e-29 3.6180032e-24 6.1242069e-43
2.6380814e+08 7.8866365e+17 2.9867472e+09 2790547.8 1.5816234e-29 3.6071742e-24 6.1015785e-43
2.640722e+08 7.8945231e+17 2.9867438e+09 2791110.5 1.5776762e-29 3.5963776e-24 6.0790335e-43
2.6433651e+08 7.9024177e+17 2.9867405e+09 2791673.4 1.5737389e-29 3.5856134e-24 6.0565717e-43
2.646011e+08 7.9103201e+17 2.9867371e+09 2792236.5 1.5698115e-29 3.5748814e-24 6.0341926e-43
2.6486595e+08 7.9182304e+17 2.9867338e+09 2792799.7 1.5658938e-29 3.5641815e-24 6.0118961e-43
2.6513106e+08 7.9261486e+17 2.9867304e+09 2793363.2 1.5619859e-29 3.5535136e-24 5.9896818e-43
2.6539644e+08 7.9340748e+17 2.9867271e+09 2793926.8 1.5580878e-29 3.5428776e-24 5.9675494e-43
2.6566208e+08 7.9420089e+17 2.9867237e+09 2794490.6 1.5541993e-29 3.5322735e-24 5.9454987e-43
2.6592799e+08 7.9499509e+17 2.9867203e+09 2795054.6 1.5503206e-29 3.5217011e-24 5.9235292e-43
2.6619417e+08 7.9579008e+17 2.986717e+09 2795618.7 1.5464516e-29 3.5111604e-24 5.9016408e-43
2.6646061e+08 7.9658587e+17 2.9867136e+09 2796183.1 1.5425922e-29 3.5006512e-24 5.879833e-43
2.6672732e+08 7.9738246e+17 2.9867103e+09 2796747.6 1.5387425e-29 3.4901735e-24 5.8581057e-43
2.669943e+08 7.9817984e+17 2.9867069e+09 2797312.3 1.5349024e-29 3.4797271e-24 5.8364585e-43
2.6726154e+08 7.9897802e+17 2.9867036e+09 2797877.2 1.5310718e-29 3.4693121e-24 5.8148911e-43
2.6752906e+08 7.99777e+17 2.9867002e+09 2798442.3 1.5272508e-29 3.4589281e-24 5.7934033e-43
2.6779683e+08 8.0057677e+17 2.9866968e+09 2799007.6 1.5234394e-29 3.4485753e-24 5.7719947e-43
2.6806488e+08 8.0137735e+17 2.9866935e+09 2799573 1.5196374e-29 3.4382534e-24 5.750665e-43
2.683332e+08 8.0217873e+17 2.9866901e+09 2800138.6 1.515845e-29 3.4279625e-24 5.729414e-43
2.6860178e+08 8.0298091e+17 2.9866868e+09 2800704.5 1.512062e-29 3.4177023e-24 5.7082414e-43
2.6887064e+08 8.0378389e+17 2.9866834e+09 2801270.5 1.5082884e-29 3.4074729e-24 5.6871469e-43
2.6913976e+08 8.0458767e+17 2.98668e+09 2801836.6 1.5045243e-29 3.397274e-24 5.6661301e-43
2.6940915e+08 8.0539226e+17 2.9866767e+09 2802403 1.5007696e-29 3.3871057e-24 5.6451909e-43
2.6967881e+08 8.0619765e+17 2.9866733e+09 2802969.6 1.4970242e-29 3.3769679e-24 5.6243288e-43
2.6994874e+08 8.0700385e+17 2.9866699e+09 2803536.3 1.4932882e-29 3.3668604e-24 5.6035437e-43
2.7021895e+08 8.0781085e+17 2.9866666e+09 2804103.2 1.4895615e-29 3.3567831e-24 5.5828353e-43
2.7048942e+08 8.0861866e+17 2.9866632e+09 2804670.3 1.4858441e-29 3.346736e-24 5.5622032e-43
2.7076016e+08 8.0942728e+17 2.9866598e+09 2805237.6 1.482136e-29 3.3367189e-24 5.5416473e-43
2.7103118e+08 8.1023671e+17 2.9866565e+09 2805805.1 1.4784371e-29 3.3267319e-24 5.5211671e-43
2.7130246e+08 8.1104695e+17 2.9866531e+09 2806372.7 1.4747475e-29 3.3167747e-24 5.5007625e-43
2.7157402e+08 8.1185799e+17 2.9866497e+09 2806940.6 1.471067e-29 3.3068474e-24 5.4804331e-43
2.7184585e+08 8.1266985e+17 2.9866463e+09 2807508.6 1.4673958e-29 3.2969497e-24 5.4601787e-43
2.7211795e+08 8.1348252e+17 2.986643e+09 2808076.8 1.4637337e-29 3.2870817e-24 5.439999e-43
2.7239032e+08 8.14296e+17 2.9866396e+09 2808645.2 1.4600808e-29 3.2772432e-24 5.4198937e-43
2.7266297e+08 8.151103e+17 2.9866362e+09 2809213.8 1.4564369e-29 3.2674342e-24 5.3998626e-43
2.7293589e+08 8.1592541e+17 2.9866329e+09 2809782.5 1.4528022e-29 3.2576545e-24 5.3799054e-43
2.7320908e+08 8.1674134e+17 2.9866295e+09 2810351.5 1.4491766e-29 3.2479041e-24 5.3600218e-43
2.7348255e+08 8.1755808e+17 2.9866261e+09 2810920.6 1.4455599e-29 3.2381829e-24 5.3402115e-43
2.7375629e+08 8.1837564e+17 2.9866227e+09 2811489.9 1.4419524e-29 3.2284908e-24 5.3204743e-43
2.740303e+08 8.1919401e+17 2.9866193e+09 2812059.4 1.4383538e-29 3.2188277e-24 5.3008098e-43
2.7430459e+08 8.2001321e+17 2.986616e+09 2812629.1 1.4347642e-29 3.2091935e-24 5.2812179e-43
2.7457915e+08 8.2083322e+17 2.9866126e+09 2813198.9 1.4311835e-29 3.1995881e-24 5.2616983e-43
2.7485399e+08 8.2165405e+17 2.9866092e+09 2813769 1.4276118e-29 3.1900115e-24 5.2422507e-43
2.751291e+08 8.2247571e+17 2.9866058e+09 2814339.2 1.424049e-29 3.1804636e-24 5.2228748e-43
2.7540449e+08 8.2329818e+17 2.9866024e+09 2814909.6 1.4204951e-29 3.1709442e-24 5.2035704e-43
2.7568015e+08 8.2412148e+17 2.9865991e+09 2815480.2 1.4169501e-29 3.1614534e-24 5.1843372e-43
2.7595609e+08 8.249456e+17 2.9865957e+09 2816051 1.4134139e-29 3.1519909e-24 5.1651749e-43
2.7623231e+08 8.2577055e+17 2.9865923e+09 2816622 1.4098866e-29 3.1425568e-24 5.1460833e-43
2.765088e+08 8.2659632e+17 2.9865889e+09 2817193.1 1.406368e-29 3.1331509e-24 5.1270621e-43
2.7678557e+08 8.2742291e+17 2.9865855e+09 2817764.5 1.4028582e-29 3.1237731e-24 5.1081111e-43
2.7706262e+08 8.2825034e+17 2.9865821e+09 2818336 1.3993572e-29 3.1144235e-24 5.08923e-43
2.7733994e+08 8.2907859e+17 2.9865788e+09 2818907.7 1.3958649e-29 3.1051018e-24 5.0704186e-43
2.7761754e+08 8.2990767e+17 2.9865754e+09 2819479.6 1.3923814e-29 3.095808e-24 5.0516765e-43
2.7789542e+08 8.3073757e+17 2.986572e+09 2820051.7 1.3889065e-29 3.086542e-24 5.0330036e-43
2.7817358e+08 8.3156831e+17 2.9865686e+09 2820623.9 1.3854403e-29 3.0773038e-24 5.0143995e-43
2.7845201e+08 8.3239988e+17 2.9865652e+09 2821196.4 1.3819827e-29 3.0680932e-24 4.9958641e-43
2.7873073e+08 8.3323228e+17 2.9865618e+09 2821769 1.3785338e-29 3.0589102e-24 4.9773971e-43
2.7900972e+08 8.3406551e+17 2.9865584e+09 2822341.8 1.3750935e-29 3.0497546e-24 4.9589982e-43
2.79289e+08 8.3489958e+17 2.986555e+09 2822914.8 1.3716618e-29 3.0406265e-24 4.9406672e-43
2.7956855e+08 8.3573448e+17 2.9865516e+09 2823488 1.3682386e-29 3.0315257e-24 4.9224038e-43
2.7984838e+08 8.3657021e+17 2.9865482e+09 2824061.3 1.364824e-29 3.0224521e-24 4.9042077e-43
2.8012849e+08 8.3740678e+17 2.9865449e+09 2824634.9 1.3614179e-29 3.0134057e-24 4.8860788e-43
2.8040889e+08 8.3824419e+17 2.9865415e+09 2825208.6 1.3580203e-29 3.0043864e-24 4.8680168e-43
2.8068956e+08 8.3908243e+17 2.9865381e+09 2825782.6 1.3546312e-29 2.9953941e-24 4.8500214e-43
2.8097052e+08 8.3992151e+17 2.9865347e+09 2826356.7 1.3512505e-29 2.9864286e-24 4.8320924e-43
2.8125175e+08 8.4076144e+17 2.9865313e+09 2826930.9 1.3478783e-29 2.9774901e-24 4.8142295e-43
2.8153327e+08 8.416022e+17 2.9865279e+09 2827505.4 1.3445145e-29 2.9685782e-24 4.7964326e-43
2.8181507e+08 8.424438e+17 2.9865245e+09 2828080.1 1.3411591e-29 2.9596931e-24 4.7787013e-43
2.8209715e+08 8.4328624e+17 2.9865211e+09 2828654.9 1.337812e-29 2.9508345e-24 4.7610354e-43
2.8237951e+08 8.4412953e+17 2.9865177e+09 2829230 1.3344734e-29 2.9420025e-24 4.7434347e-43
2.8266216e+08 8.4497366e+17 2.9865143e+09 2829805.2 1.331143e-29 2.9331968e-24 4.7258989e-43
2.8294509e+08 8.4581863e+17 2.9865109e+09 2830380.6 1.327821e-29 2.9244176e-24 4.7084279e-43
2.832283e+08 8.4666445e+17 2.9865075e+09 2830956.2 1.3245072e-29 2.9156646e-24 4.6910213e-43
2.835118e+08 8.4751112e+17 2.9865041e+09 2831531.9 1.3212017e-29 2.9069378e-24 4.6736789e-43
2.8379558e+08 8.4835863e+17 2.9865007e+09 2832107.9 1.3179045e-29 2.8982372e-24 4.6564005e-43
2.8407965e+08 8.4920699e+17 2.9864973e+09 2832684 1.3146155e-29 2.8895626e-24 4.6391858e-43
2.8436399e+08 8.5005619e+17 2.9864938e+09 2833260.4 1.3113347e-29 2.8809139e-24 4.6220347e-43
2.8464863e+08 8.5090625e+17 2.9864904e+09 2833836.9 1.3080621e-29 2.8722911e-24 4.6049468e-43
2.8493355e+08 8.5175716e+17 2.986487e+09 2834413.6 1.3047976e-29 2.8636942e-24 4.587922e-43
2.8521875e+08 8.5260891e+17 2.9864836e+09 2834990.4 1.3015414e-29 2.855123e-24 4.57096e-43
2.8550424e+08 8.5346152e+17 2.9864802e+09 2835567.5 1.2982932e-29 2.8465774e-24 4.5540606e-43
2.8579001e+08 8.5431498e+17 2.9864768e+09 2836144.8 1.2950531e-29 2.8380574e-24 4.5372236e-43
2.8607608e+08 8.551693e+17 2.9864734e+09 2836722.2 1.2918211e-29 2.8295629e-24 4.5204486e-43
2.8636242e+08 8.5602447e+17 2.98647e+09 2837299.8 1.2885972e-29 2.8210938e-24 4.5037356e-43
2.8664906e+08 8.5688049e+17 2.9864666e+09 2837877.6 1.2853814e-29 2.8126501e-24 4.4870842e-43
2.8693598e+08 8.5773737e+17 2.9864632e+09 2838455.6 1.2821735e-29 2.8042317e-24 4.4704943e-43
2.8722319e+08 8.5859511e+17 2.9864598e+09 2839033.8 1.2789737e-29 2.7958384e-24 4.4539656e-43
2.8751068e+08 8.594537e+17 2.9864563e+09 2839612.2 1.2757819e-29 2.7874703e-24 4.4374979e-43
2.8779847e+08 8.6031316e+17 2.9864529e+09 2840190.7 1.272598e-29 2.7791272e-24 4.421091e-43
2.8808654e+08 8.6117347e+17 2.9864495e+09 2840769.4 1.269422e-29 2.7708091e-24 4.4047446e-43
2.883749e+08 8.6203465e+17 2.9864461e+09 2841348.4 1.266254e-29 2.7625159e-24 4.3884585e-43
2.8866355e+08 8.6289668e+17 2.9864427e+09 2841927.5 1.2630939e-29 2.7542475e-24 4.3722325e-43
2.8895249e+08 8.6375958e+17 2.9864393e+09 2842506.8 1.2599417e-29 2.7460039e-24 4.3560664e-43
2.8924171e+08 8.6462334e+17 2.9864358e+09 2843086.2 1.2567974e-29 2.7377849e-24 4.3399599e-43
2.8953123e+08 8.6548796e+17 2.9864324e+09 2843665.9 1.2536609e-29 2.7295906e-24 4.3239129e-43
2.8982104e+08 8.6635345e+17 2.986429e+09 2844245.7 1.2505322e-29 2.7214207e-24 4.3079251e-43
2.9011113e+08 8.672198e+17 2.9864256e+09 2844825.8 1.2474113e-29 2.7132753e-24 4.2919963e-43
2.9040152e+08 8.6808702e+17 2.9864222e+09 2845406 1.2442982e-29 2.7051543e-24 4.2761263e-43
2.906922e+08 8.6895511e+17 2.9864187e+09 2845986.4 1.2411929e-29 2.6970576e-24 4.2603148e-43
2.9098317e+08 8.6982406e+17 2.9864153e+09 2846567 1.2380954e-29 2.6889852e-24 4.2445617e-43
2.9127443e+08 8.7069389e+17 2.9864119e+09 2847147.8 1.2350055e-29 2.6809369e-24 4.2288667e-43
2.9156598e+08 8.7156458e+17 2.9864085e+09 2847728.7 1.2319234e-29 2.6729127e-24 4.2132297e-43
2.9185782e+08 8.7243615e+17 2.986405e+09 2848309.9 1.228849e-29 2.6649125e-24 4.1976503e-43
2.9214996e+08 8.7330858e+17 2.9864016e+09 2848891.2 1.2257822e-29 2.6569362e-24 4.1821285e-43
2.9244239e+08 8.7418189e+17 2.9863982e+09 2849472.7 1.2227231e-29 2.6489839e-24 4.1666639e-43
2.9273511e+08 8.7505607e+17 2.9863948e+09 2850054.4 1.2196717e-29 2.6410553e-24 4.1512564e-43
2.9302812e+08 8.7593113e+17 2.9863913e+09 2850636.3 1.2166278e-29 2.6331505e-24 4.1359058e-43
2.9332143e+08 8.7680706e+17 2.9863879e+09 2851218.4 1.2135916e-29 2.6252693e-24 4.1206118e-43
2.9361503e+08 8.7768387e+17 2.9863845e+09 2851800.7 1.2105629e-29 2.6174117e-24 4.1053743e-43
2.9390893e+08 8.7856155e+17 2.986381e+09 2852383.1 1.2075418e-29 2.6095776e-24 4.090193e-43
2.9420312e+08 8.7944011e+17 2.9863776e+09 2852965.7 1.2045282e-29 2.601767e-24 4.0750677e-43
2.944976e+08 8.8031955e+17 2.9863742e+09 2853548.6 1.2015221e-29 2.5939798e-24 4.0599983e-43
2.9479238e+08 8.8119987e+17 2.9863707e+09 2854131.6 1.1985236e-29 2.5862158e-24 4.0449844e-43
2.9508745e+08 8.8208107e+17 2.9863673e+09 2854714.8 1.1955325e-29 2.5784751e-24 4.030026e-43
2.9538282e+08 8.8296315e+17 2.9863639e+09 2855298.1 1.1925489e-29 2.5707576e-24 4.0151228e-43
2.9567849e+08 8.8384612e+17 2.9863604e+09 2855881.7 1.1895727e-29 2.5630632e-24 4.0002746e-43
2.9597445e+08 8.8472996e+17 2.986357e+09 2856465.4 1.186604e-29 2.5553918e-24 3.9854812e-43
2.962707e+08 8.8561469e+17 2.9863536e+09 2857049.4 1.1836427e-29 2.5477433e-24 3.9707424e-43
2.9656726e+08 8.8650031e+17 2.9863501e+09 2857633.5 1.1806887e-29 2.5401178e-24 3.956058e-43
2.9686411e+08 8.8738681e+17 2.9863467e+09 2858217.8 1.1777422e-29 2.5325151e-24 3.9414278e-43
2.9716126e+08 8.8827419e+17 2.9863433e+09 2858802.3 1.174803e-29 2.5249351e-24 3.9268516e-43
2.974587e+08 8.8916247e+17 2.9863398e+09 2859387 1.1718711e-29 2.5173778e-24 3.9123292e-43
2.9775645e+08 8.9005163e+17 2.9863364e+09 2859971.9 1.1689465e-29 2.5098432e-24 3.8978605e-43
2.9805449e+08 8.9094168e+17 2.9863329e+09 2860556.9 1.1660293e-29 2.5023311e-24 3.8834451e-43
2.9835283e+08 8.9183262e+17 2.9863295e+09 2861142.2 1.1631193e-29 2.4948414e-24 3.8690829e-43
2.9865147e+08 8.9272446e+17 2.986326e+09 2861727.6 1.1602166e-29 2.4873742e-24 3.8547737e-43
2.989504e+08 8.9361718e+17 2.9863226e+09 2862313.2 1.1573211e-29 2.4799294e-24 3.8405174e-43
2.9924964e+08 8.945108e+17 2.9863192e+09 2862899 1.1544328e-29 2.4725068e-24 3.8263137e-43
2.9954918e+08 8.9540531e+17 2.9863157e+09 2863485 1.1515518e-29 2.4651065e-24 3.8121624e-43
2.9984901e+08 8.9630071e+17 2.9863123e+09 2864071.2 1.148678e-29 2.4577283e-24 3.7980633e-43
3.0014915e+08 8.9719701e+17 2.9863088e+09 2864657.5 1.1458113e-29 2.4503721e-24 3.7840163e-43
3.0044959e+08 8.9809421e+17 2.9863054e+09 2865244.1 1.1429518e-29 2.443038e-24 3.7700211e-43
3.0075032e+08 8.9899231e+17 2.9863019e+09 2865830.8 1.1400994e-29 2.4357259e-24 3.7560776e-43
3.0105136e+08 8.998913e+17 2.9862985e+09 2866417.7 1.1372541e-29 2.4284356e-24 3.7421856e-43
3.013527e+08 9.0079119e+17 2.986295e+09 2867004.8 1.1344159e-29 2.4211672e-24 3.7283449e-43
3.0165434e+08 9.0169198e+17 2.9862916e+09 2867592.1 1.1315848e-29 2.4139205e-24 3.7145552e-43
3.0195629e+08 9.0259367e+17 2.9862881e+09 2868179.6 1.1287608e-29 2.4066955e-24 3.7008165e-43
3.0225853e+08 9.0349627e+17 2.9862847e+09 2868767.3 1.1259439e-29 2.3994921e-24 3.6871284e-43
3.0256108e+08 9.0439976e+17 2.9862812e+09 2869355.1 1.1231339e-29 2.3923103e-24 3.6734909e-43
3.0286393e+08 9.0530416e+17 2.9862778e+09 2869943.2 1.120331e-29 2.38515e-24 3.6599038e-43
3.0316709e+08 9.0620947e+17 2.9862743e+09 2870531.4 1.1175351e-29 2.3780111e-24 3.6463668e-43
3.0347055e+08 9.0711568e+17 2.9862709e+09 2871119.8 1.1147461e-29 2.3708936e-24 3.6328798e-43
3.0377431e+08 9.0802279e+17 2.9862674e+09 2871708.4 1.1119641e-29 2.3637974e-24 3.6194425e-43
3.0407837e+08 9.0893081e+17 2.9862639e+09 2872297.2 1.1091891e-29 2.3567224e-24 3.6060549e-43
3.0438274e+08 9.0983974e+17 2.9862605e+09 2872886.2 1.1064209e-29 2.3496686e-24 3.5927167e-43
3.0468742e+08 9.1074958e+17 2.986257e+09 2873475.3 1.1036597e-29 2.342636e-24 3.5794277e-43
3.049924e+08 9.1166033e+17 2.9862536e+09 2874064.7 1.1009054e-29 2.3356243e-24 3.5661878e-43
3.0529769e+08 9.1257199e+17 2.9862501e+09 2874654.2 1.0981579e-29 2.3286337e-24 3.5529968e-43
3.0560328e+08 9.1348457e+17 2.9862466e+09 2875243.9 1.0954173e-29 2.321664e-24 3.5398545e-43
3.0590917e+08 9.1439805e+17 2.9862432e+09 2875833.8 1.0926836e-29 2.3147151e-24 3.5267607e-43
3.0621538e+08 9.1531245e+17 2.9862397e+09 2876423.9 1.0899566e-29 2.307787e-24 3.5137152e-43
3.0652189e+08 9.1622776e+17 2.9862363e+09 2877014.2 1.0872365e-29 2.3008797e-24 3.5007179e-43
3.068287e+08 9.1714399e+17 2.9862328e+09 2877604.7 1.0845232e-29 2.2939931e-24 3.4877686e-43
3.0713583e+08 9.1806113e+17 2.9862293e+09 2878195.3 1.0818166e-29 2.287127e-24 3.4748671e-43
3.0744326e+08 9.1897919e+17 2.9862259e+09 2878786.2 1.0791168e-29 2.2802815e-24 3.4620132e-43
3.07751e+08 9.1989817e+17 2.9862224e+09 2879377.2 1.0764237e-29 2.2734565e-24 3.4492068e-43
3.0805905e+08 9.2081807e+17 2.9862189e+09 2879968.4 1.0737373e-29 2.266652e-24 3.4364477e-43
3.083674e+08 9.2173889e+17 2.9862155e+09 2880559.8 1.0710577e-29 2.2598678e-24 3.4237357e-43
3.0867607e+08 9.2266063e+17 2.986212e+09 2881151.4 1.0683847e-29 2.2531039e-24 3.4110706e-43
3.0898504e+08 9.2358329e+17 2.9862085e+09 2881743.2 1.0657184e-29 2.2463602e-24 3.3984523e-43
3.0929432e+08 9.2450687e+17 2.9862051e+09 2882335.2 1.0630588e-29 2.2396367e-24 3.3858805e-43
3.0960392e+08 9.2543138e+17 2.9862016e+09 2882927.3 1.0604058e-29 2.2329334e-24 3.3733552e-43
3.0991382e+08 9.2635681e+17 2.9861981e+09 2883519.7 1.0577594e-29 2.2262501e-24 3.3608762e-43
3.1022403e+08 9.2728317e+17 2.9861946e+09 2884112.2 1.0551196e-29 2.2195868e-24 3.3484432e-43
3.1053456e+08 9.2821045e+17 2.9861912e+09 2884704.9 1.0524864e-29 2.2129435e-24 3.3360561e-43
3.1084539e+08 9.2913866e+17 2.9861877e+09 2885297.8 1.0498598e-29 2.2063201e-24 3.3237147e-43
3.1115653e+08 9.300678e+17 2.9861842e+09 2885890.9 1.0472398e-29 2.1997164e-24 3.311419e-43
3.1146799e+08 9.3099787e+17 2.9861807e+09 2886484.2 1.0446262e-29 2.1931326e-24 3.2991686e-43
3.1177976e+08 9.3192887e+17 2.9861773e+09 2887077.7 1.0420192e-29 2.1865684e-24 3.2869634e-43
3.1209184e+08 9.3286079e+17 2.9861738e+09 2887671.3 1.0394187e-29 2.1800239e-24 3.2748034e-43
3.1240423e+08 9.3379366e+17 2.9861703e+09 2888265.2 1.0368247e-29 2.173499e-24 3.2626882e-43
3.1271694e+08 9.3472745e+17 2.9861668e+09 2888859.2 1.0342372e-29 2.1669936e-24 3.2506178e-43
3.1302996e+08 9.3566218e+17 2.9861633e+09 2889453.4 1.0316561e-29 2.1605077e-24 3.2385919e-43
3.1334329e+08 9.3659784e+17 2.9861599e+09 2890047.8 1.0290815e-29 2.1540412e-24 3.2266104e-43
3.1365694e+08 9.3753444e+17 2.9861564e+09 2890642.4 1.0265133e-29 2.147594e-24 3.2146732e-43
3.139709e+08 9.3847197e+17 2.9861529e+09 2891237.2 1.0239515e-29 2.1411662e-24 3.2027801e-43
3.1428517e+08 9.3941044e+17 2.9861494e+09 2891832.2 1.0213961e-29 2.1347576e-24 3.1909309e-43
3.1459976e+08 9.4034985e+17 2.9861459e+09 2892427.4 1.018847e-29 2.1283682e-24 3.1791254e-43
3.1491467e+08 9.412902e+17 2.9861425e+09 2893022.7 1.0163044e-29 2.1219979e-24 3.1673636e-43
3.1522989e+08 9.4223149e+17 2.986139e+09 2893618.2 1.0137681e-29 2.1156466e-24 3.1556451e-43
3.1554542e+08 9.4317372e+17 2.9861355e+09 2894214 1.0112381e-29 2.1093144e-24 3.14397e-43
3.1586127e+08 9.441169e+17 2.986132e+09 2894809.9 1.0087144e-29 2.1030011e-24 3.1323379e-43
3.1617744e+08 9.4506102e+17 2.9861285e+09 2895406 1.006197e-29 2.0967067e-24 3.1207489e-43
3.1649392e+08 9.4600608e+17 2.986125e+09 2896002.2 1.0036859e-29 2.0904312e-24 3.1092026e-43
3.1681072e+08 9.4695208e+17 2.9861215e+09 2896598.7 1.0011811e-29 2.0841744e-24 3.0976989e-43
3.1712784e+08 9.4789903e+17 2.986118e+09 2897195.4 9.986825e-30 2.0779364e-24 3.0862378e-43
3.1744528e+08 9.4884693e+17 2.9861146e+09 2897792.2 9.9619015e-30 2.0717171e-24 3.0748189e-43
3.1776303e+08 9.4979578e+17 2.9861111e+09 2898389.3 9.9370403e-30 2.0655163e-24 3.0634423e-43
3.180811e+08 9.5074558e+17 2.9861076e+09 2898986.5 9.9122411e-30 2.0593341e-24 3.0521076e-43
3.1839949e+08 9.5169632e+17 2.9861041e+09 2899583.9 9.8875038e-30 2.0531705e-24 3.0408148e-43
3.187182e+08 9.5264802e+17 2.9861006e+09 2900181.5 9.8628282e-30 2.0470252e-24 3.0295637e-43
3.1903723e+08 9.5360067e+17 2.9860971e+09 2900779.3 9.8382142e-30 2.0408984e-24 3.0183542e-43
3.1935657e+08 9.5455427e+17 2.9860936e+09 2901377.3 9.8136617e-30 2.0347899e-24 3.0071861e-43
3.1967624e+08 9.5550882e+17 2.9860901e+09 2901975.4 9.7891704e-30 2.0286997e-24 2.9960592e-43
3.1999623e+08 9.5646433e+17 2.9860866e+09 2902573.8 9.7647402e-30 2.0226277e-24 2.9849734e-43
3.2031653e+08 9.5742079e+17 2.9860831e+09 2903172.3 9.7403711e-30 2.0165739e-24 2.9739285e-43
3.2063716e+08 9.5837822e+17 2.9860796e+09 2903771.1 9.7160627e-30 2.0105382e-24 2.9629245e-43
3.2095811e+08 9.5933659e+17 2.9860761e+09 2904370 9.691815e-30 2.0045206e-24 2.951961e-43
3.2127938e+08 9.6029593e+17 2.9860726e+09 2904969.1 9.6676278e-30 1.9985209e-24 2.9410381e-43
3.2160097e+08 9.6125623e+17 2.9860691e+09 2905568.4 9.6435009e-30 1.9925393e-24 2.9301555e-43
3.2192289e+08 9.6221748e+17 2.9860656e+09 2906167.9 9.6194343e-30 1.9865755e-24 2.9193132e-43
3.2224512e+08 9.631797e+17 2.9860621e+09 2906767.6 9.5954277e-30 1.9806296e-24 2.9085108e-43
3.2256768e+08 9.6414288e+17 2.9860586e+09 2907367.4 9.5714811e-30 1.9747015e-24 2.8977484e-43
3.2289056e+08 9.6510702e+17 2.9860551e+09 2907967.5 9.5475942e-30 1.9687912e-24 2.8870257e-43
3.2321377e+08 9.6607213e+17 2.9860516e+09 2908567.7 9.5237669e-30 1.9628985e-24 2.8763426e-43
3.2353729e+08 9.670382e+17 2.9860481e+09 2909168.1 9.4999991e-30 1.9570235e-24 2.865699e-43
3.2386115e+08 9.6800524e+17 2.9860446e+09 2909768.8 9.4762906e-30 1.951166e-24 2.8550946e-43
3.2418532e+08 9.6897324e+17 2.9860411e+09 2910369.6 9.4526413e-30 1.9453261e-24 2.8445295e-43
3.2450982e+08 9.6994222e+17 2.9860376e+09 2910970.6 9.429051e-30 1.9395036e-24 2.8340034e-43
3.2483465e+08 9.7091216e+17 2.9860341e+09 2911571.7 9.4055195e-30 1.9336986e-24 2.8235161e-43
3.251598e+08 9.7188307e+17 2.9860305e+09 2912173.1 9.3820468e-30 1.927911e-24 2.8130676e-43
3.2548528e+08 9.7285496e+17 2.986027e+09 2912774.7 9.3586327e-30 1.9221407e-24 2.8026577e-43
3.2581108e+08 9.7382781e+17 2.9860235e+09 2913376.4 9.335277e-30 1.9163876e-24 2.7922863e-43
3.2613721e+08 9.7480164e+17 2.98602e+09 2913978.4 9.3119796e-30 1.9106518e-24 2.7819531e-43
3.2646366e+08 9.7577644e+17 2.9860165e+09 2914580.5 9.2887403e-30 1.9049332e-24 2.7716581e-43
3.2679045e+08 9.7675222e+17 2.986013e+09 2915182.8 9.265559e-30 1.8992316e-24 2.7614012e-43
3.2711755e+08 9.7772897e+17 2.9860095e+09 2915785.3 9.2424356e-30 1.8935471e-24 2.7511821e-43
3.2744499e+08 9.787067e+17 2.986006e+09 2916388 9.2193699e-30 1.8878797e-24 2.7410008e-43
3.2777276e+08 9.796854e+17 2.9860024e+09 2916990.9 9.1963617e-30 1.8822292e-24 2.7308571e-43
3.2810085e+08 9.8066509e+17 2.9859989e+09 2917594 9.173411e-30 1.8765956e-24 2.7207509e-43
3.2842927e+08 9.8164575e+17 2.9859954e+09 2918197.2 9.1505176e-30 1.8709789e-24 2.710682e-43
3.2875802e+08 9.826274e+17 2.9859919e+09 2918800.7 9.1276812e-30 1.865379e-24 2.7006503e-43
3.290871e+08 9.8361003e+17 2.9859884e+09 2919404.3 9.1049019e-30 1.8597958e-24 2.6906556e-43
3.2941651e+08 9.8459364e+17 2.9859849e+09 2920008.1 9.0821794e-30 1.8542294e-24 2.6806979e-43
3.2974625e+08 9.8557823e+17 2.9859813e+09 2920612.1 9.0595137e-30 1.8486796e-24 2.670777e-43
3.3007631e+08 9.8656381e+17 2.9859778e+09 2921216.4 9.0369044e-30 1.8431464e-24 2.6608927e-43
3.3040671e+08 9.8755037e+17 2.9859743e+09 2921820.8 9.0143517e-30 1.8376298e-24 2.6510449e-43
3.3073744e+08 9.8853792e+17 2.9859708e+09 2922425.3 8.9918552e-30 1.8321297e-24 2.6412335e-43
3.310685e+08 9.8952646e+17 2.9859672e+09 2923030.1 8.9694148e-30 1.8266461e-24 2.6314584e-43
3.313999e+08 9.9051599e+17 2.9859637e+09 2923635.1 8.9470305e-30 1.8211789e-24 2.6217193e-43
3.3173162e+08 9.915065e+17 2.9859602e+09 2924240.2 8.924702e-30 1.815728e-24 2.6120163e-43
3.3206368e+08 9.9249801e+17 2.9859567e+09 2924845.6 8.9024292e-30 1.8102935e-24 2.602349e-43
3.3239606e+08 9.9349051e+17 2.9859531e+09 2925451.1 8.880212e-30 1.8048752e-24 2.5927175e-43
3.3272879e+08 9.94484e+17 2.9859496e+09 2926056.8 8.8580503e-30 1.7994732e-24 2.5831216e-43
3.3306184e+08 9.9547848e+17 2.9859461e+09 2926662.7 8.8359438e-30 1.7940873e-24 2.5735612e-43
3.3339523e+08 9.9647396e+17 2.9859426e+09 2927268.8 8.8138926e-30 1.7887175e-24 2.564036e-43
3.3372895e+08 9.9747044e+17 2.985939e+09 2927875.1 8.7918964e-30 1.7833638e-24 2.5545461e-43
3.3406301e+08 9.9846791e+17 2.9859355e+09 2928481.6 8.769955e-30 1.7780262e-24 2.5450912e-43
3.343974e+08 9.9946637e+17 2.985932e+09 2929088.3 8.7480684e-30 1.7727045e-24 2.5356712e-43
3.3473212e+08 1.0004658e+18 2.9859284e+09 2929695.1 8.7262365e-30 1.7673987e-24 2.5262861e-43
3.3506718e+08 1.0014663e+18 2.9859249e+09 2930302.2 8.704459e-30 1.7621088e-24 2.5169356e-43
3.3540258e+08 1.0024678e+18 2.9859214e+09 2930909.4 8.6827359e-30 1.7568348e-24 2.5076196e-43
3.3573831e+08 1.0034702e+18 2.9859178e+09 2931516.8 8.661067e-30 1.7515765e-24 2.4983381e-43
3.3607438e+08 1.0044737e+18 2.9859143e+09 2932124.5 8.6394522e-30 1.746334e-24 2.4890909e-43
3.3641078e+08 1.0054782e+18 2.9859108e+09 2932732.3 8.6178913e-30 1.7411071e-24 2.4798778e-43
3.3674752e+08 1.0064837e+18 2.9859072e+09 2933340.3 8.5963842e-30 1.7358959e-24 2.4706988e-43
3.370846e+08 1.0074901e+18 2.9859037e+09 2933948.4 8.5749308e-30 1.7307004e-24 2.4615537e-43
3.3742201e+08 1.0084976e+18 2.9859001e+09 2934556.8 8.5535309e-30 1.7255203e-24 2.4524424e-43
3.3775977e+08 1.0095061e+18 2.9858966e+09 2935165.4 8.5321844e-30 1.7203558e-24 2.4433648e-43
3.3809786e+08 1.0105156e+18 2.9858931e+09 2935774.1 8.5108913e-30 1.7152067e-24 2.4343206e-43
3.3843629e+08 1.0115262e+18 2.9858895e+09 2936383.1 8.4896512e-30 1.710073e-24 2.42531e-43
3.3877506e+08 1.0125377e+18 2.985886e+09 2936992.2 8.4684642e-30 1.7049547e-24 2.4163326e-43
3.3911417e+08 1.0135502e+18 2.9858824e+09 2937601.5 8.44733e-30 1.6998517e-24 2.4073883e-43
3.3945361e+08 1.0145638e+18 2.9858789e+09 2938211.1 8.4262486e-30 1.694764e-24 2.3984772e-43
3.397934e+08 1.0155783e+18 2.9858754e+09 2938820.8 8.4052198e-30 1.6896915e-24 2.3895989e-43
3.4013353e+08 1.0165939e+18 2.9858718e+09 2939430.7 8.3842434e-30 1.6846342e-24 2.3807535e-43
3.40474e+08 1.0176105e+18 2.9858683e+09 2940040.7 8.3633195e-30 1.6795921e-24 2.3719407e-43
3.4081481e+08 1.0186281e+18 2.9858647e+09 2940651 8.3424477e-30 1.674565e-24 2.3631605e-43
3.4115596e+08 1.0196467e+18 2.9858612e+09 2941261.5 8.321628e-30 1.669553e-24 2.3544127e-43
3.4149745e+08 1.0206664e+18 2.9858576e+09 2941872.1 8.3008603e-30 1.664556e-24 2.3456973e-43
3.4183928e+08 1.0216871e+18 2.9858541e+09 2942483 8.2801444e-30 1.6595739e-24 2.3370141e-43
3.4218146e+08 1.0227087e+18 2.9858505e+09 2943094 8.2594802e-30 1.6546068e-24 2.328363e-43
3.4252397e+08 1.0237315e+18 2.985847e+09 2943705.2 8.2388676e-30 1.6496545e-24 2.3197438e-43
3.4286684e+08 1.0247552e+18 2.9858434e+09 2944316.7 8.2183064e-30 1.644717e-24 2.3111565e-43
3.4321004e+08 1.0257799e+18 2.9858399e+09 2944928.3 8.1977966e-30 1.6397943e-24 2.3026009e-43
3.4355359e+08 1.0268057e+18 2.9858363e+09 2945540.1 8.1773379e-30 1.6348864e-24 2.2940769e-43
3.4389748e+08 1.0278325e+18 2.9858328e+09 2946152.1 8.1569303e-30 1.6299931e-24 2.2855844e-43
3.4424172e+08 1.0288604e+18 2.9858292e+09 2946764.2 8.1365736e-30 1.6251145e-24 2.2771233e-43
3.445863e+08 1.0298892e+18 2.9858256e+09 2947376.6 8.1162677e-30 1.6202505e-24 2.2686935e-43
3.4493122e+08 1.0309191e+18 2.9858221e+09 2947989.2 8.0960125e-30 1.615401e-24 2.2602949e-43
3.452765e+08 1.03195e+18 2.9858185e+09 2948601.9 8.0758078e-30 1.6105661e-24 2.2519272e-43
3.4562211e+08 1.032982e+18 2.985815e+09 2949214.8 8.0556535e-30 1.6057456e-24 2.2435905e-43
3.4596808e+08 1.034015e+18 2.9858114e+09 2949828 8.0355496e-30 1.6009396e-24 2.2352846e-43
3.4631439e+08 1.035049e+18 2.9858079e+09 2950441.3 8.0154958e-30 1.5961479e-24 2.2270094e-43
3.4666104e+08 1.036084e+18 2.9858043e+09 2951054.8 7.9954921e-30 1.5913706e-24 2.2187648e-43
3.4700805e+08 1.0371201e+18 2.9858007e+09 2951668.5 7.9755383e-30 1.5866076e-24 2.2105506e-43
3.473554e+08 1.0381572e+18 2.9857972e+09 2952282.4 7.9556343e-30 1.5818588e-24 2.2023668e-43
3.4770309e+08 1.0391954e+18 2.9857936e+09 2952896.5 7.93578e-30 1.5771243e-24 2.1942133e-43
3.4805114e+08 1.0402346e+18 2.98579e+09 2953510.8 7.9159752e-30 1.5724039e-24 2.1860898e-43
3.4839954e+08 1.0412748e+18 2.9857865e+09 2954125.2 7.8962198e-30 1.5676977e-24 2.1779964e-43
3.4874828e+08 1.0423161e+18 2.9857829e+09 2954739.9 7.8765138e-30 1.5630055e-24 2.169933e-43
3.4909737e+08 1.0433584e+18 2.9857794e+09 2955354.7 7.8568569e-30 1.5583274e-24 2.1618993e-43
3.4944682e+08 1.0444018e+18 2.9857758e+09 2955969.8 7.8372491e-30 1.5536633e-24 2.1538953e-43
3.4979661e+08 1.0454462e+18 2.9857722e+09 2956585 7.8176902e-30 1.5490131e-24 2.1459209e-43
3.5014675e+08 1.0464916e+18 2.9857686e+09 2957200.4 7.7981801e-30 1.5443769e-24 2.1379759e-43
3.5049724e+08 1.0475381e+18 2.9857651e+09 2957816 7.7787187e-30 1.5397545e-24 2.1300603e-43
3.5084809e+08 1.0485856e+18 2.9857615e+09 2958431.8 7.7593059e-30 1.535146e-24 2.122174e-43
3.5119928e+08 1.0496342e+18 2.9857579e+09 2959047.8 7.7399416e-30 1.5305513e-24 2.1143168e-43
3.5155083e+08 1.0506839e+18 2.9857544e+09 2959664 7.7206255e-30 1.5259703e-24 2.1064887e-43
3.5190273e+08 1.0517345e+18 2.9857508e+09 2960280.4 7.7013577e-30 1.521403e-24 2.0986895e-43
3.5225498e+08 1.0527863e+18 2.9857472e+09 2960896.9 7.6821379e-30 1.5168494e-24 2.0909191e-43
3.5260758e+08 1.0538391e+18 2.9857436e+09 2961513.7 7.6629661e-30 1.5123095e-24 2.0831774e-43
3.5296054e+08 1.0548929e+18 2.9857401e+09 2962130.6 7.6438422e-30 1.5077831e-24 2.0754644e-43
3.5331385e+08 1.0559478e+18 2.9857365e+09 2962747.8 7.624766e-30 1.5032703e-24 2.0677799e-43
3.5366752e+08 1.0570037e+18 2.9857329e+09 2963365.1 7.6057374e-30 1.4987709e-24 2.0601237e-43
3.5402153e+08 1.0580607e+18 2.9857293e+09 2963982.6 7.5867563e-30 1.4942851e-24 2.0524959e-43
3.5437591e+08 1.0591188e+18 2.9857258e+09 2964600.3 7.5678225e-30 1.4898127e-24 2.0448963e-43
3.5473063e+08 1.0601779e+18 2.9857222e+09 2965218.2 7.548936e-30 1.4853536e-24 2.0373247e-43
3.5508572e+08 1.0612381e+18 2.9857186e+09 2965836.3 7.5300966e-30 1.4809079e-24 2.0297811e-43
3.5544116e+08 1.0622993e+18 2.985715e+09 2966454.6 7.5113043e-30 1.4764755e-24 2.0222655e-43
3.5579695e+08 1.0633616e+18 2.9857114e+09 2967073.1 7.4925589e-30 1.4720564e-24 2.0147776e-43
3.561531e+08 1.064425e+18 2.9857079e+09 2967691.8 7.4738602e-30 1.4676505e-24 2.0073173e-43
3.5650961e+08 1.0654894e+18 2.9857043e+09 2968310.6 7.4552082e-30 1.4632578e-24 1.9998847e-43
3.5686647e+08 1.0665549e+18 2.9857007e+09 2968929.7 7.4366027e-30 1.4588782e-24 1.9924795e-43
3.5722369e+08 1.0676215e+18 2.9856971e+09 2969548.9 7.4180437e-30 1.4545118e-24 1.9851017e-43
3.5758127e+08 1.0686891e+18 2.9856935e+09 2970168.4 7.399531e-30 1.4501584e-24 1.9777512e-43
3.5793921e+08 1.0697578e+18 2.9856899e+09 2970788 7.3810645e-30 1.445818e-24 1.9704278e-43
3.582975e+08 1.0708275e+18 2.9856864e+09 2971407.8 7.3626441e-30 1.4414907e-24 1.9631315e-43
3.5865615e+08 1.0718984e+18 2.9856828e+09 2972027.8 7.3442696e-30 1.4371763e-24 1.9558622e-43
3.5901517e+08 1.0729703e+18 2.9856792e+09 2972648 7.325941e-30 1.4328748e-24 1.9486198e-43
3.5937454e+08 1.0740432e+18 2.9856756e+09 2973268.4 7.3076582e-30 1.4285862e-24 1.9414041e-43
3.5973427e+08 1.0751173e+18 2.985672e+09 2973889 7.289421e-30 1.4243104e-24 1.9342151e-43
3.6009436e+08 1.0761924e+18 2.9856684e+09 2974509.8 7.2712293e-30 1.4200474e-24 1.9270527e-43
3.6045482e+08 1.0772686e+18 2.9856648e+09 2975130.7 7.253083e-30 1.4157972e-24 1.9199167e-43
3.6081563e+08 1.0783459e+18 2.9856612e+09 2975751.9 7.2349819e-30 1.4115596e-24 1.9128072e-43
3.6117681e+08 1.0794242e+18 2.9856576e+09 2976373.2 7.2169261e-30 1.4073348e-24 1.9057239e-43
3.6153834e+08 1.0805036e+18 2.985654e+09 2976994.8 7.1989153e-30 1.4031226e-24 1.8986668e-43
3.6190024e+08 1.0815841e+18 2.9856504e+09 2977616.5 7.1809495e-30 1.3989231e-24 1.8916358e-43
3.622625e+08 1.0826657e+18 2.9856468e+09 2978238.5 7.1630285e-30 1.3947361e-24 1.8846307e-43
3.6262512e+08 1.0837484e+18 2.9856432e+09 2978860.6 7.1451522e-30 1.3905616e-24 1.8776516e-43
3.6298811e+08 1.0848321e+18 2.9856396e+09 2979482.9 7.1273205e-30 1.3863996e-24 1.8706983e-43
3.6335146e+08 1.085917e+18 2.985636e+09 2980105.4 7.1095333e-30 1.3822501e-24 1.8637707e-43
3.6371518e+08 1.0870029e+18 2.9856324e+09 2980728.1 7.0917906e-30 1.378113e-24 1.8568687e-43
3.6407925e+08 1.0880899e+18 2.9856288e+09 2981351 7.0740921e-30 1.3739883e-24 1.8499922e-43
3.644437e+08 1.089178e+18 2.9856252e+09 2981974 7.0564377e-30 1.3698759e-24 1.8431411e-43
3.648085e+08 1.0902672e+18 2.9856216e+09 2982597.3 7.0388275e-30 1.3657759e-24 1.8363154e-43
3.6517368e+08 1.0913574e+18 2.985618e+09 2983220.8 7.0212612e-30 1.3616881e-24 1.8295149e-43
3.6553921e+08 1.0924488e+18 2.9856144e+09 2983844.4 7.0037387e-30 1.3576125e-24 1.8227395e-43
3.6590512e+08 1.0935412e+18 2.9856108e+09 2984468.3 6.9862599e-30 1.3535492e-24 1.8159892e-43
3.6627139e+08 1.0946348e+18 2.9856072e+09 2985092.3 6.9688248e-30 1.349498e-24 1.8092639e-43
3.6663803e+08 1.0957294e+18 2.9856036e+09 2985716.6 6.9514332e-30 1.3454589e-24 1.8025634e-43
3.6700503e+08 1.0968251e+18 2.9856e+09 2986341 6.934085e-30 1.3414319e-24 1.7958876e-43
3.673724e+08 1.097922e+18 2.9855964e+09 2986965.6 6.91678e-30 1.337417e-24 1.7892366e-43
3.6774014e+08 1.0990199e+18 2.9855928e+09 2987590.4 6.8995183e-30 1.3334141e-24 1.7826102e-43
3.6810825e+08 1.1001189e+18 2.9855892e+09 2988215.4 6.8822996e-30 1.3294232e-24 1.7760082e-43
3.6847673e+08 1.101219e+18 2.9855856e+09 2988840.6 6.865124e-30 1.3254442e-24 1.7694307e-43
3.6884557e+08 1.1023202e+18 2.985582e+09 2989466 6.8479911e-30 1.3214771e-24 1.7628774e-43
3.6921478e+08 1.1034226e+18 2.9855784e+09 2990091.6 6.8309011e-30 1.3175219e-24 1.7563485e-43
3.6958437e+08 1.104526e+18 2.9855748e+09 2990717.3 6.8138537e-30 1.3135785e-24 1.7498436e-43
3.6995432e+08 1.1056305e+18 2.9855711e+09 2991343.3 6.7968488e-30 1.309647e-24 1.7433628e-43
3.7032465e+08 1.1067361e+18 2.9855675e+09 2991969.5 6.7798864e-30 1.3057272e-24 1.736906e-43
3.7069534e+08 1.1078429e+18 2.9855639e+09 2992595.8 6.7629663e-30 1.3018191e-24 1.730473e-43
3.7106641e+08 1.1089507e+18 2.9855603e+09 2993222.3 6.7460884e-30 1.2979228e-24 1.7240638e-43
3.7143785e+08 1.1100597e+18 2.9855567e+09 2993849.1 6.7292526e-30 1.2940381e-24 1.7176784e-43
3.7180966e+08 1.1111697e+18 2.9855531e+09 2994476 6.7124589e-30 1.290165e-24 1.7113165e-43
3.7218184e+08 1.1122809e+18 2.9855494e+09 2995103.1 6.6957071e-30 1.2863035e-24 1.7049781e-43
3.7255439e+08 1.1133932e+18 2.9855458e+09 2995730.4 6.6789971e-30 1.2824536e-24 1.6986632e-43
3.7292732e+08 1.1145066e+18 2.9855422e+09 2996357.9 6.6623288e-30 1.2786152e-24 1.6923717e-43
3.7330062e+08 1.1156211e+18 2.9855386e+09 2996985.6 6.645702e-30 1.2747883e-24 1.6861034e-43
3.736743e+08 1.1167367e+18 2.985535e+09 2997613.5 6.6291168e-30 1.2709728e-24 1.6798583e-43
3.7404835e+08 1.1178534e+18 2.9855313e+09 2998241.6 6.612573e-30 1.2671688e-24 1.6736362e-43
3.7442277e+08 1.1189713e+18 2.9855277e+09 2998869.9 6.5960704e-30 1.2633762e-24 1.6674372e-43
3.7479757e+08 1.1200903e+18 2.9855241e+09 2999498.4 6.5796091e-30 1.2595949e-24 1.6612611e-43
3.7517274e+08 1.1212103e+18 2.9855205e+09 3000127 6.5631888e-30 1.2558249e-24 1.6551079e-43
3.7554829e+08 1.1223316e+18 2.9855168e+09 3000755.9 6.5468095e-30 1.2520662e-24 1.6489773e-43
3.7592422e+08 1.1234539e+18 2.9855132e+09 3001384.9 6.5304711e-30 1.2483187e-24 1.6428695e-43
3.7630052e+08 1.1245773e+18 2.9855096e+09 3002014.2 6.5141734e-30 1.2445825e-24 1.6367843e-43
3.766772e+08 1.1257019e+18 2.985506e+09 3002643.6 6.4979164e-30 1.2408575e-24 1.6307215e-43
3.7705425e+08 1.1268276e+18 2.9855023e+09 3003273.2 6.4817e-30 1.2371436e-24 1.6246812e-43
3.7743169e+08 1.1279545e+18 2.9854987e+09 3003903.1 6.4655241e-30 1.2334408e-24 1.6186632e-43
3.778095e+08 1.1290824e+18 2.9854951e+09 3004533.1 6.4493885e-30 1.2297491e-24 1.6126675e-43
3.7818769e+08 1.1302115e+18 2.9854914e+09 3005163.3 6.4332932e-30 1.2260684e-24 1.6066939e-43
3.7856626e+08 1.1313417e+18 2.9854878e+09 3005793.7 6.4172381e-30 1.2223988e-24 1.6007424e-43
3.789452e+08 1.132473e+18 2.9854842e+09 3006424.3 6.401223e-30 1.2187401e-24 1.594813e-43
3.7932453e+08 1.1336055e+18 2.9854805e+09 3007055.1 6.3852479e-30 1.2150924e-24 1.5889054e-43
3.7970424e+08 1.1347391e+18 2.9854769e+09 3007686 6.3693127e-30 1.2114557e-24 1.5830197e-43
3.8008432e+08 1.1358739e+18 2.9854733e+09 3008317.2 6.3534173e-30 1.2078298e-24 1.5771558e-43
3.8046479e+08 1.1370097e+18 2.9854696e+09 3008948.6 6.3375615e-30 1.2042147e-24 1.5713136e-43
3.8084564e+08 1.1381467e+18 2.985466e+09 3009580.2 6.3217453e-30 1.2006105e-24 1.5654929e-43
3.8122687e+08 1.1392849e+18 2.9854624e+09 3010211.9 6.3059685e-30 1.1970171e-24 1.5596938e-43
3.8160848e+08 1.1404242e+18 2.9854587e+09 3010843.9 6.2902311e-30 1.1934344e-24 1.5539161e-43
3.8199047e+08 1.1415646e+18 2.9854551e+09 3011476 6.274533e-30 1.1898624e-24 1.5481599e-43
3.8237285e+08 1.1427062e+18 2.9854514e+09 3012108.3 6.2588741e-30 1.1863012e-24 1.5424248e-43
3.827556e+08 1.1438489e+18 2.9854478e+09 3012740.9 6.2432543e-30 1.1827505e-24 1.536711e-43
3.8313875e+08 1.1449927e+18 2.9854442e+09 3013373.6 6.2276734e-30 1.1792106e-24 1.5310184e-43
3.8352227e+08 1.1461377e+18 2.9854405e+09 3014006.5 6.2121314e-30 1.1756812e-24 1.5253468e-43
3.8390618e+08 1.1472838e+18 2.9854369e+09 3014639.6 6.1966282e-30 1.1721624e-24 1.5196961e-43
3.8429047e+08 1.1484311e+18 2.9854332e+09 3015272.9 6.1811637e-30 1.1686541e-24 1.5140664e-43
3.8467515e+08 1.1495796e+18 2.9854296e+09 3015906.4 6.1657378e-30 1.1651563e-24 1.5084575e-43
3.8506021e+08 1.1507291e+18 2.9854259e+09 3016540.1 6.1503504e-30 1.161669e-24 1.5028693e-43
3.8544566e+08 1.1518799e+18 2.9854223e+09 3017174 6.1350014e-30 1.1581921e-24 1.4973018e-43
3.858315e+08 1.1530318e+18 2.9854186e+09 3017808.1 6.1196907e-30 1.1547256e-24 1.4917549e-43
3.8621772e+08 1.1541848e+18 2.985415e+09 3018442.3 6.1044182e-30 1.1512695e-24 1.4862285e-43
3.8660433e+08 1.155339e+18 2.9854113e+09 3019076.8 6.0891838e-30 1.1478238e-24 1.4807225e-43
3.8699132e+08 1.1564943e+18 2.9854077e+09 3019711.5 6.0739875e-30 1.1443883e-24 1.4752369e-43
3.873787e+08 1.1576508e+18 2.985404e+09 3020346.3 6.058829e-30 1.1409632e-24 1.4697716e-43
3.8776647e+08 1.1588085e+18 2.9854004e+09 3020981.4 6.0437084e-30 1.1375483e-24 1.4643265e-43
3.8815463e+08 1.1599673e+18 2.9853967e+09 3021616.6 6.0286256e-30 1.1341436e-24 1.4589016e-43
3.8854318e+08 1.1611272e+18 2.9853931e+09 3022252 6.0135803e-30 1.1307491e-24 1.4534967e-43
3.8893212e+08 1.1622884e+18 2.9853894e+09 3022887.7 5.9985727e-30 1.1273647e-24 1.4481118e-43
3.8932144e+08 1.1634506e+18 2.9853858e+09 3023523.5 5.9836024e-30 1.1239905e-24 1.4427468e-43
3.8971116e+08 1.1646141e+18 2.9853821e+09 3024159.5 5.9686696e-30 1.1206264e-24 1.4374017e-43
3.9010126e+08 1.1657787e+18 2.9853785e+09 3024795.7 5.953774e-30 1.1172724e-24 1.4320763e-43
3.9049176e+08 1.1669445e+18 2.9853748e+09 3025432.1 5.9389155e-30 1.1139284e-24 1.4267706e-43
3.9088265e+08 1.1681114e+18 2.9853712e+09 3026068.7 5.9240942e-30 1.1105944e-24 1.4214846e-43
3.9127392e+08 1.1692795e+18 2.9853675e+09 3026705.5 5.9093098e-30 1.1072704e-24 1.4162181e-43
3.9166559e+08 1.1704488e+18 2.9853638e+09 3027342.5 5.8945624e-30 1.1039563e-24 1.4109711e-43
3.9205766e+08 1.1716193e+18 2.9853602e+09 3027979.7 5.8798517e-30 1.1006522e-24 1.4057435e-43
3.9245011e+08 1.1727909e+18 2.9853565e+09 3028617.1 5.8651778e-30 1.0973579e-24 1.4005352e-43
3.9284296e+08 1.1739637e+18 2.9853528e+09 3029254.7 5.8505405e-30 1.0940735e-24 1.3953462e-43
3.932362e+08 1.1751376e+18 2.9853492e+09 3029892.4 5.8359397e-30 1.090799e-24 1.3901764e-43
3.9362984e+08 1.1763128e+18 2.9853455e+09 3030530.4 5.8213753e-30 1.0875342e-24 1.3850258e-43
3.9402386e+08 1.1774891e+18 2.9853419e+09 3031168.5 5.8068473e-30 1.0842792e-24 1.3798941e-43
3.9441829e+08 1.1786666e+18 2.9853382e+09 3031806.9 5.7923555e-30 1.081034e-24 1.3747815e-43
3.9481311e+08 1.1798453e+18 2.9853345e+09 3032445.4 5.7779e-30 1.0777984e-24 1.3696877e-43
3.9520832e+08 1.1810251e+18 2.9853309e+09 3033084.2 5.7634805e-30 1.0745726e-24 1.3646129e-43
3.9560393e+08 1.1822061e+18 2.9853272e+09 3033723.1 5.7490969e-30 1.0713564e-24 1.3595567e-43
3.9599994e+08 1.1833883e+18 2.9853235e+09 3034362.2 5.7347493e-30 1.0681498e-24 1.3545193e-43
3.9639634e+08 1.1845717e+18 2.9853198e+09 3035001.6 5.7204375e-30 1.0649529e-24 1.3495005e-43
3.9679314e+08 1.1857563e+18 2.9853162e+09 3035641.1 5.7061614e-30 1.0617655e-24 1.3445003e-43
3.9719033e+08 1.186942e+18 2.9853125e+09 3036280.8 5.6919209e-30 1.0585876e-24 1.3395186e-43
3.9758793e+08 1.188129e+18 2.9853088e+09 3036920.7 5.677716e-30 1.0554192e-24 1.3345553e-43
3.9798592e+08 1.1893171e+18 2.9853052e+09 3037560.8 5.6635465e-30 1.0522604e-24 1.3296104e-43
3.9838431e+08 1.1905064e+18 2.9853015e+09 3038201.1 5.6494124e-30 1.049111e-24 1.3246837e-43
3.987831e+08 1.1916969e+18 2.9852978e+09 3038841.6 5.6353135e-30 1.045971e-24 1.3197753e-43
3.9918229e+08 1.1928886e+18 2.9852941e+09 3039482.3 5.6212498e-30 1.0428404e-24 1.3148851e-43
3.9958188e+08 1.1940815e+18 2.9852905e+09 3040123.2 5.6072213e-30 1.0397192e-24 1.3100129e-43
3.9998186e+08 1.1952756e+18 2.9852868e+09 3040764.2 5.5932277e-30 1.0366073e-24 1.3051588e-43
4.0038225e+08 1.1964709e+18 2.9852831e+09 3041405.5 5.5792691e-30 1.0335047e-24 1.3003226e-43
4.0078304e+08 1.1976674e+18 2.9852794e+09 3042047 5.5653453e-30 1.0304115e-24 1.2955043e-43
4.0118423e+08 1.198865e+18 2.9852757e+09 3042688.6 5.5514562e-30 1.0273274e-24 1.2907039e-43
4.0158583e+08 1.2000639e+18 2.9852721e+09 3043330.5 5.5376018e-30 1.0242527e-24 1.2859212e-43
4.0198782e+08 1.2012639e+18 2.9852684e+09 3043972.6 5.523782e-30 1.0211871e-24 1.2811561e-43
4.0239022e+08 1.2024652e+18 2.9852647e+09 3044614.8 5.5099967e-30 1.0181307e-24 1.2764088e-43
4.0279302e+08 1.2036677e+18 2.985261e+09 3045257.2 5.4962458e-30 1.0150834e-24 1.2716789e-43
4.0319622e+08 1.2048713e+18 2.9852573e+09 3045899.9 5.4825292e-30 1.0120453e-24 1.2669666e-43
4.0359983e+08 1.2060762e+18 2.9852536e+09 3046542.7 5.4688468e-30 1.0090162e-24 1.2622717e-43
4.0400384e+08 1.2072823e+18 2.98525e+09 3047185.7 5.4551986e-30 1.0059962e-24 1.2575942e-43
4.0440826e+08 1.2084896e+18 2.9852463e+09 3047829 5.4415844e-30 1.0029853e-24 1.252934e-43
4.0481308e+08 1.2096981e+18 2.9852426e+09 3048472.4 5.4280042e-30 9.9998336e-25 1.248291e-43
4.052183e+08 1.2109078e+18 2.9852389e+09 3049116 5.4144579e-30 9.9699042e-25 1.2436653e-43
4.0562393e+08 1.2121187e+18 2.9852352e+09 3049759.8 5.4009454e-30 9.9400643e-25 1.2390566e-43
4.0602997e+08 1.2133308e+18 2.9852315e+09 3050403.8 5.3874667e-30 9.9103138e-25 1.234465e-43
4.0643642e+08 1.2145441e+18 2.9852278e+09 3051048 5.3740215e-30 9.8806522e-25 1.2298903e-43
4.0684327e+08 1.2157587e+18 2.9852241e+09 3051692.4 5.3606099e-30 9.8510795e-25 1.2253326e-43
4.0725053e+08 1.2169744e+18 2.9852204e+09 3052337 5.3472318e-30 9.8215953e-25 1.2207918e-43
4.0765819e+08 1.2181914e+18 2.9852167e+09 3052981.8 5.3338871e-30 9.7921993e-25 1.2162677e-43
4.0806627e+08 1.2194096e+18 2.9852131e+09 3053626.8 5.3205757e-30 9.7628914e-25 1.2117604e-43
4.0847475e+08 1.220629e+18 2.9852094e+09 3054272 5.3072975e-30 9.7336711e-25 1.2072698e-43
4.0888364e+08 1.2218496e+18 2.9852057e+09 3054917.3 5.2940524e-30 9.7045383e-25 1.2027958e-43
4.0929295e+08 1.2230715e+18 2.985202e+09 3055562.9 5.2808404e-30 9.6754927e-25 1.1983383e-43
4.0970266e+08 1.2242945e+18 2.9851983e+09 3056208.7 5.2676614e-30 9.646534e-25 1.1938973e-43
4.1011278e+08 1.2255188e+18 2.9851946e+09 3056854.6 5.2545153e-30 9.617662e-25 1.1894728e-43
4.1052331e+08 1.2267444e+18 2.9851909e+09 3057500.8 5.2414019e-30 9.5888765e-25 1.1850646e-43
4.1093425e+08 1.2279711e+18 2.9851872e+09 3058147.1 5.2283213e-30 9.560177e-25 1.1806728e-43
4.1134561e+08 1.2291991e+18 2.9851835e+09 3058793.7 5.2152734e-30 9.5315635e-25 1.1762972e-43
4.1175738e+08 1.2304283e+18 2.9851798e+09 3059440.4 5.202258e-30 9.5030356e-25 1.1719378e-43
4.1216955e+08 1.2316587e+18 2.9851761e+09 3060087.4 5.189275e-30 9.4745931e-25 1.1675945e-43
4.1258215e+08 1.2328904e+18 2.9851724e+09 3060734.5 5.1763245e-30 9.4462358e-25 1.1632673e-43
4.1299515e+08 1.2341233e+18 2.9851687e+09 3061381.8 5.1634063e-30 9.4179633e-25 1.1589561e-43
4.1340857e+08 1.2353574e+18 2.9851649e+09 3062029.4 5.1505204e-30 9.3897754e-25 1.1546608e-43
4.138224e+08 1.2365927e+18 2.9851612e+09 3062677.1 5.1376666e-30 9.3616719e-25 1.1503815e-43
4.1423665e+08 1.2378293e+18 2.9851575e+09 3063325 5.1248448e-30 9.3336525e-25 1.146118e-43
4.1465131e+08 1.2390672e+18 2.9851538e+09 3063973.1 5.1120551e-30 9.305717e-25 1.1418702e-43
4.1506639e+08 1.2403062e+18 2.9851501e+09 3064621.4 5.0992973e-30 9.2778651e-25 1.1376382e-43
4.1548188e+08 1.2415465e+18 2.9851464e+09 3065270 5.0865713e-30 9.2500966e-25 1.1334218e-43
4.1589779e+08 1.2427881e+18 2.9851427e+09 3065918.7 5.0738771e-30 9.2224111e-25 1.1292211e-43
4.1631411e+08 1.2440309e+18 2.985139e+09 3066567.6 5.0612146e-30 9.1948086e-25 1.1250358e-43
4.1673085e+08 1.2452749e+18 2.9851353e+09 3067216.7 5.0485837e-30 9.1672886e-25 1.1208661e-43
4.1714801e+08 1.2465202e+18 2.9851316e+09 3067866 5.0359843e-30 9.139851e-25 1.1167118e-43
4.1756559e+08 1.2477667e+18 2.9851279e+09 3068515.4 5.0234163e-30 9.1124956e-25 1.1125729e-43
4.1798358e+08 1.2490145e+18 2.9851241e+09 3069165.1 5.0108797e-30 9.085222e-25 1.1084493e-43
4.1840199e+08 1.2502635e+18 2.9851204e+09 3069815 4.9983744e-30 9.05803e-25 1.1043409e-43
4.1882083e+08 1.2515137e+18 2.9851167e+09 3070465.1 4.9859003e-30 9.0309195e-25 1.1002478e-43
4.1924008e+08 1.2527652e+18 2.985113e+09 3071115.4 4.9734573e-30 9.00389e-25 1.0961698e-43
4.1965975e+08 1.254018e+18 2.9851093e+09 3071765.8 4.9610454e-30 8.9769415e-25 1.0921069e-43
4.2007984e+08 1.255272e+18 2.9851056e+09 3072416.5 4.9486645e-30 8.9500737e-25 1.088059e-43
4.2050035e+08 1.2565273e+18 2.9851018e+09 3073067.4 4.9363144e-30 8.9232862e-25 1.0840261e-43
4.2092128e+08 1.2577838e+18 2.9850981e+09 3073718.4 4.9239952e-30 8.8965789e-25 1.0800082e-43
4.2134264e+08 1.2590416e+18 2.9850944e+09 3074369.7 4.9117067e-30 8.8699516e-25 1.0760051e-43
4.2176441e+08 1.2603007e+18 2.9850907e+09 3075021.2 4.8994489e-30 8.843404e-25 1.0720168e-43
4.2218661e+08 1.261561e+18 2.9850869e+09 3075672.8 4.8872217e-30 8.8169358e-25 1.0680432e-43
4.2260923e+08 1.2628225e+18 2.9850832e+09 3076324.7 4.875025e-30 8.7905468e-25 1.0640844e-43
4.2303228e+08 1.2640853e+18 2.9850795e+09 3076976.7 4.8628587e-30 8.7642369e-25 1.0601403e-43
4.2345575e+08 1.2653494e+18 2.9850758e+09 3077629 4.8507228e-30 8.7380056e-25 1.0562107e-43
4.2387964e+08 1.2666148e+18 2.985072e+09 3078281.4 4.8386172e-30 8.7118529e-25 1.0522957e-43
4.2430395e+08 1.2678814e+18 2.9850683e+09 3078934 4.8265418e-30 8.6857785e-25 1.0483951e-43
4.247287e+08 1.2691493e+18 2.9850646e+09 3079586.9 4.8144965e-30 8.6597821e-25 1.044509e-43
4.2515386e+08 1.2704184e+18 2.9850609e+09 3080239.9 4.8024813e-30 8.6338635e-25 1.0406373e-43
4.2557945e+08 1.2716888e+18 2.9850571e+09 3080893.1 4.7904961e-30 8.6080225e-25 1.0367799e-43
4.2600547e+08 1.2729605e+18 2.9850534e+09 3081546.5 4.7785408e-30 8.5822588e-25 1.0329368e-43
4.2643192e+08 1.2742335e+18 2.9850497e+09 3082200.2 4.7666153e-30 8.5565723e-25 1.0291079e-43
4.2685879e+08 1.2755077e+18 2.9850459e+09 3082854 4.7547196e-30 8.5309626e-25 1.0252932e-43
4.2728609e+08 1.2767832e+18 2.9850422e+09 3083508 4.7428536e-30 8.5054296e-25 1.0214926e-43
4.2771382e+08 1.27806e+18 2.9850385e+09 3084162.2 4.7310172e-30 8.479973e-25 1.0177061e-43
4.2814197e+08 1.2793381e+18 2.9850347e+09 3084816.6 4.7192103e-30 8.4545926e-25 1.0139335e-43
4.2857055e+08 1.2806174e+18 2.985031e+09 3085471.2 4.7074329e-30 8.4292881e-25 1.010175e-43
4.2899957e+08 1.281898e+18 2.9850273e+09 3086126 4.6956848e-30 8.4040594e-25 1.0064303e-43
4.2942901e+08 1.2831799e+18 2.9850235e+09 3086781 4.6839661e-30 8.3789062e-25 1.0026996e-43
4.2985888e+08 1.2844631e+18 2.9850198e+09 3087436.2 4.6722767e-30 8.3538283e-25 9.9898258e-44
4.3028919e+08 1.2857476e+18 2.985016e+09 3088091.6 4.6606164e-30 8.3288255e-25 9.9527936e-44
4.3071992e+08 1.2870333e+18 2.9850123e+09 3088747.2 4.6489852e-30 8.3038974e-25 9.9158984e-44
4.3115109e+08 1.2883204e+18 2.9850086e+09 3089403 4.6373831e-30 8.279044e-25 9.8791399e-44
4.3158268e+08 1.2896087e+18 2.9850048e+09 3090059 4.6258099e-30 8.254265e-25 9.8425174e-44
4.3201471e+08 1.2908983e+18 2.9850011e+09 3090715.2 4.6142656e-30 8.2295602e-25 9.8060304e-44
4.3244717e+08 1.2921892e+18 2.9849973e+09 3091371.6 4.6027501e-30 8.2049293e-25 9.7696785e-44
4.3288007e+08 1.2934814e+18 2.9849936e+09 3092028.2 4.5912633e-30 8.1803721e-25 9.7334611e-44
4.333134e+08 1.2947748e+18 2.9849898e+09 3092684.9 4.5798052e-30 8.1558884e-25 9.6973779e-44
4.3374716e+08 1.2960696e+18 2.9849861e+09 3093341.9 4.5683757e-30 8.131478e-25 9.6614281e-44
4.3418135e+08 1.2973657e+18 2.9849824e+09 3093999.1 4.5569747e-30 8.1071406e-25 9.6256115e-44
4.3461598e+08 1.2986631e+18 2.9849786e+09 3094656.5 4.5456022e-30 8.0828761e-25 9.5899274e-44
4.3505105e+08 1.2999617e+18 2.9849749e+09 3095314 4.534258e-30 8.0586843e-25 9.5543754e-44
4.3548655e+08 1.3012617e+18 2.9849711e+09 3095971.8 4.5229422e-30 8.0345648e-25 9.518955e-44
4.3592249e+08 1.3025629e+18 2.9849674e+09 3096629.7 4.5116546e-30 8.0105175e-25 9.4836657e-44
4.3635886e+08 1.3038655e+18 2.9849636e+09 3097287.9 4.5003952e-30 7.9865422e-25 9.448507e-44
4.3679568e+08 1.3051694e+18 2.9849599e+09 3097946.3 4.4891638e-30 7.9626387e-25 9.4134785e-44
4.3723292e+08 1.3064745e+18 2.9849561e+09 3098604.8 4.4779605e-30 7.9388067e-25 9.3785796e-44
4.3767061e+08 1.307781e+18 2.9849523e+09 3099263.6 4.4667852e-30 7.915046e-25 9.34381e-44
4.3810873e+08 1.3090888e+18 2.9849486e+09 3099922.5 4.4556377e-30 7.8913565e-25 9.309169e-44
4.385473e+08 1.3103979e+18 2.9849448e+09 3100581.7 4.4445181e-30 7.8677378e-25 9.2746563e-44
4.389863e+08 1.3117083e+18 2.9849411e+09 3101241 4.4334262e-30 7.8441899e-25 9.2402713e-44
4.3942574e+08 1.31302e+18 2.9849373e+09 3101900.6 4.422362e-30 7.8207124e-25 9.2060136e-44
4.3986562e+08 1.314333e+18 2.9849336e+09 3102560.3 4.4113254e-30 7.7973052e-25 9.1718828e-44
4.4030595e+08 1.3156473e+18 2.9849298e+09 3103220.3 4.4003164e-30 7.773968e-25 9.1378782e-44
4.4074671e+08 1.316963e+18 2.984926e+09 3103880.4 4.3893348e-30 7.7507007e-25 9.1039996e-44
4.4118791e+08 1.31828e+18 2.9849223e+09 3104540.8 4.3783807e-30 7.7275031e-25 9.0702464e-44
4.4162956e+08 1.3195982e+18 2.9849185e+09 3105201.3 4.3674538e-30 7.7043748e-25 9.0366181e-44
4.4207165e+08 1.3209178e+18 2.9849148e+09 3105862 4.3565543e-30 7.6813158e-25 9.0031143e-44
4.4251418e+08 1.3222388e+18 2.984911e+09 3106523 4.3456819e-30 7.6583259e-25 8.9697346e-44
4.4295715e+08 1.323561e+18 2.9849072e+09 3107184.1 4.3348367e-30 7.6354047e-25 8.9364784e-44
4.4340057e+08 1.3248846e+18 2.9849035e+09 3107845.4 4.3240186e-30 7.6125521e-25 8.9033453e-44
4.4384443e+08 1.3262094e+18 2.9848997e+09 3108507 4.3132274e-30 7.5897679e-25 8.8703349e-44
4.4428874e+08 1.3275356e+18 2.9848959e+09 3109168.7 4.3024632e-30 7.567052e-25 8.8374467e-44
4.4473349e+08 1.3288632e+18 2.9848922e+09 3109830.6 4.2917258e-30 7.544404e-25 8.8046803e-44
4.4517869e+08 1.330192e+18 2.9848884e+09 3110492.7 4.2810152e-30 7.5218238e-25 8.7720351e-44
4.4562433e+08 1.3315222e+18 2.9848846e+09 3111155.1 4.2703314e-30 7.4993112e-25 8.7395108e-44
4.4607042e+08 1.3328538e+18 2.9848809e+09 3111817.6 4.2596742e-30 7.4768659e-25 8.707107e-44
4.4651695e+08 1.3341866e+18 2.9848771e+09 3112480.3 4.2490437e-30 7.4544879e-25 8.674823e-44
4.4696394e+08 1.3355208e+18 2.9848733e+09 3113143.2 4.2384396e-30 7.4321768e-25 8.6426587e-44
4.4741137e+08 1.3368563e+18 2.9848695e+09 3113806.3 4.227862e-30 7.4099325e-25 8.6106134e-44
4.4785924e+08 1.3381932e+18 2.9848658e+09 3114469.6 4.2173108e-30 7.3877548e-25 8.5786867e-44
4.4830757e+08 1.3395314e+18 2.984862e+09 3115133.2 4.206786e-30 7.3656434e-25 8.5468782e-44
4.4875634e+08 1.3408709e+18 2.9848582e+09 3115796.9 4.1962874e-30 7.3435983e-25 8.5151875e-44
4.4920557e+08 1.3422118e+18 2.9848544e+09 3116460.8 4.185815e-30 7.3216191e-25 8.4836141e-44
4.4965524e+08 1.343554e+18 2.9848507e+09 3117124.9 4.1753688e-30 7.2997057e-25 8.4521577e-44
4.5010537e+08 1.3448975e+18 2.9848469e+09 3117789.2 4.1649486e-30 7.2778579e-25 8.4208177e-44
4.5055594e+08 1.3462424e+18 2.9848431e+09 3118453.7 4.1545544e-30 7.2560755e-25 8.3895937e-44
4.5100697e+08 1.3475887e+18 2.9848393e+09 3119118.4 4.1441862e-30 7.2343582e-25 8.3584853e-44
4.5145845e+08 1.3489363e+18 2.9848356e+09 3119783.3 4.1338438e-30 7.212706e-25 8.3274921e-44
4.5191038e+08 1.3502852e+18 2.9848318e+09 3120448.4 4.1235273e-30 7.1911186e-25 8.2966136e-44
4.5236276e+08 1.3516355e+18 2.984828e+09 3121113.7 4.1132364e-30 7.1695958e-25 8.2658495e-44
4.5281559e+08 1.3529871e+18 2.9848242e+09 3121779.2 4.1029713e-30 7.1481374e-25 8.2351993e-44
4.5326888e+08 1.3543401e+18 2.9848204e+09 3122444.9 4.0927318e-30 7.1267433e-25 8.2046626e-44
4.5372262e+08 1.3556945e+18 2.9848166e+09 3123110.8 4.0825179e-30 7.1054131e-25 8.1742389e-44
4.5417682e+08 1.3570501e+18 2.9848129e+09 3123776.9 4.0723294e-30 7.0841469e-25 8.1439279e-44
4.5463147e+08 1.3584072e+18 2.9848091e+09 3124443.2 4.0621664e-30 7.0629442e-25 8.1137291e-44
4.5508658e+08 1.3597656e+18 2.9848053e+09 3125109.7 4.0520287e-30 7.0418051e-25 8.0836421e-44
4.5554214e+08 1.3611254e+18 2.9848015e+09 3125776.4 4.0419163e-30 7.0207292e-25 8.0536665e-44
4.5599816e+08 1.3624865e+18 2.9847977e+09 3126443.3 4.0318292e-30 6.9997163e-25 8.023802e-44
4.5645464e+08 1.363849e+18 2.9847939e+09 3127110.4 4.0217672e-30 6.9787664e-25 7.994048e-44
4.5691157e+08 1.3652128e+18 2.9847901e+09 3127777.7 4.0117304e-30 6.9578792e-25 7.9644041e-44
4.5736896e+08 1.366578e+18 2.9847863e+09 3128445.2 4.0017186e-30 6.9370545e-25 7.9348701e-44
4.5782681e+08 1.3679446e+18 2.9847825e+09 3129112.9 3.9917318e-30 6.9162921e-25 7.9054453e-44
4.5828511e+08 1.3693126e+18 2.9847787e+09 3129780.8 3.9817699e-30 6.8955919e-25 7.8761296e-44
4.5874388e+08 1.3706819e+18 2.984775e+09 3130448.9 3.9718329e-30 6.8749536e-25 7.8469224e-44
4.592031e+08 1.3720526e+18 2.9847712e+09 3131117.2 3.9619206e-30 6.8543771e-25 7.8178233e-44
4.5966279e+08 1.3734246e+18 2.9847674e+09 3131785.7 3.9520331e-30 6.8338622e-25 7.788832e-44
4.6012293e+08 1.374798e+18 2.9847636e+09 3132454.4 3.9421703e-30 6.8134086e-25 7.7599481e-44
4.6058354e+08 1.3761728e+18 2.9847598e+09 3133123.3 3.9323321e-30 6.7930163e-25 7.7311711e-44
4.610446e+08 1.377549e+18 2.984756e+09 3133792.4 3.9225185e-30 6.7726851e-25 7.7025006e-44
4.6150613e+08 1.3789266e+18 2.9847522e+09 3134461.7 3.9127293e-30 6.7524147e-25 7.6739364e-44
4.6196812e+08 1.3803055e+18 2.9847484e+09 3135131.1 3.9029646e-30 6.7322049e-25 7.6454779e-44
4.6243058e+08 1.3816858e+18 2.9847446e+09 3135800.8 3.8932242e-30 6.7120557e-25 7.6171247e-44
4.6289349e+08 1.3830675e+18 2.9847408e+09 3136470.7 3.8835081e-30 6.6919667e-25 7.5888766e-44
4.6335687e+08 1.3844505e+18 2.984737e+09 3137140.8 3.8738163e-30 6.6719379e-25 7.5607331e-44
4.6382071e+08 1.385835e+18 2.9847332e+09 3137811.1 3.8641487e-30 6.651969e-25 7.5326938e-44
4.6428502e+08 1.3872208e+18 2.9847294e+09 3138481.6 3.8545052e-30 6.6320599e-25 7.5047583e-44
4.6474979e+08 1.388608e+18 2.9847255e+09 3139152.3 3.8448858e-30 6.6122104e-25 7.4769263e-44
4.6521503e+08 1.3899967e+18 2.9847217e+09 3139823.2 3.8352904e-30 6.5924203e-25 7.4491973e-44
4.6568074e+08 1.3913867e+18 2.9847179e+09 3140494.3 3.8257189e-30 6.5726894e-25 7.4215711e-44
4.6614691e+08 1.392778e+18 2.9847141e+09 3141165.5 3.8161713e-30 6.5530176e-25 7.3940471e-44
4.6661354e+08 1.3941708e+18 2.9847103e+09 3141837 3.8066476e-30 6.5334047e-25 7.3666251e-44
4.6708065e+08 1.395565e+18 2.9847065e+09 3142508.7 3.7971476e-30 6.5138504e-25 7.3393046e-44
4.6754822e+08 1.3969606e+18 2.9847027e+09 3143180.6 3.7876713e-30 6.4943547e-25 7.3120853e-44
4.6801626e+08 1.3983575e+18 2.9846989e+09 3143852.7 3.7782187e-30 6.4749174e-25 7.2849668e-44
4.6848477e+08 1.3997559e+18 2.9846951e+09 3144525 3.7687896e-30 6.4555382e-25 7.2579487e-44
4.6895375e+08 1.4011556e+18 2.9846913e+09 3145197.5 3.7593841e-30 6.436217e-25 7.2310307e-44
4.6942319e+08 1.4025568e+18 2.9846874e+09 3145870.2 3.7500021e-30 6.4169536e-25 7.2042123e-44
4.6989311e+08 1.4039593e+18 2.9846836e+09 3146543.1 3.7406435e-30 6.397748e-25 7.1774933e-44
4.703635e+08 1.4053633e+18 2.9846798e+09 3147216.2 3.7313082e-30 6.3785997e-25 7.1508732e-44
4.7083436e+08 1.4067687e+18 2.984676e+09 3147889.4 3.7219962e-30 6.3595088e-25 7.1243518e-44
4.7130569e+08 1.4081754e+18 2.9846722e+09 3148562.9 3.7127075e-30 6.3404751e-25 7.0979285e-44
4.7177749e+08 1.4095836e+18 2.9846684e+09 3149236.6 3.7034419e-30 6.3214983e-25 7.0716031e-44
4.7224977e+08 1.4109932e+18 2.9846645e+09 3149910.5 3.6941995e-30 6.3025783e-25 7.0453752e-44
4.7272251e+08 1.4124042e+18 2.9846607e+09 3150584.6 3.6849801e-30 6.2837149e-25 7.0192444e-44
4.7319573e+08 1.4138166e+18 2.9846569e+09 3151258.9 3.6757838e-30 6.264908e-25 6.9932104e-44
4.7366943e+08 1.4152304e+18 2.9846531e+09 3151933.4 3.6666104e-30 6.2461574e-25 6.9672729e-44
4.741436e+08 1.4166456e+18 2.9846493e+09 3152608.1 3.6574599e-30 6.2274629e-25 6.9414314e-44
4.7461824e+08 1.4180623e+18 2.9846454e+09 3153283 3.6483322e-30 6.2088244e-25 6.9156855e-44
4.7509336e+08 1.4194803e+18 2.9846416e+09 3153958.1 3.6392273e-30 6.1902416e-25 6.8900351e-44
4.7556896e+08 1.4208998e+18 2.9846378e+09 3154633.4 3.6301451e-30 6.1717145e-25 6.8644796e-44
4.7604503e+08 1.4223207e+18 2.984634e+09 3155308.9 3.6210856e-30 6.1532428e-25 6.8390189e-44
4.7652158e+08 1.423743e+18 2.9846301e+09 3155984.6 3.6120487e-30 6.1348264e-25 6.8136524e-44
4.769986e+08 1.4251668e+18 2.9846263e+09 3156660.5 3.6030344e-30 6.1164651e-25 6.7883798e-44
4.774761e+08 1.426592e+18 2.9846225e+09 3157336.6 3.5940426e-30 6.0981588e-25 6.7632009e-44
4.7795408e+08 1.4280185e+18 2.9846186e+09 3158012.9 3.5850732e-30 6.0799073e-25 6.7381152e-44
4.7843254e+08 1.4294466e+18 2.9846148e+09 3158689.4 3.5761261e-30 6.0617104e-25 6.7131224e-44
4.7891148e+08 1.430876e+18 2.984611e+09 3159366.1 3.5672014e-30 6.0435679e-25 6.6882222e-44
4.793909e+08 1.4323069e+18 2.9846071e+09 3160043 3.558299e-30 6.0254798e-25 6.6634142e-44
4.798708e+08 1.4337392e+18 2.9846033e+09 3160720.1 3.5494188e-30 6.0074458e-25 6.6386981e-44
4.8035118e+08 1.4351729e+18 2.9845995e+09 3161397.4 3.5405608e-30 5.9894658e-25 6.6140736e-44
4.8083204e+08 1.4366081e+18 2.9845956e+09 3162074.9 3.5317248e-30 5.9715395e-25 6.5895402e-44
4.8131338e+08 1.4380447e+18 2.9845918e+09 3162752.6 3.522911e-30 5.953667e-25 6.5650978e-44
4.817952e+08 1.4394828e+18 2.984588e+09 3163430.5 3.5141191e-30 5.9358479e-25 6.5407458e-44
4.822775e+08 1.4409222e+18 2.9845841e+09 3164108.6 3.5053491e-30 5.9180822e-25 6.5164841e-44
4.8276029e+08 1.4423632e+18 2.9845803e+09 3164786.9 3.4966011e-30 5.9003696e-25 6.4923122e-44
4.8324356e+08 1.4438055e+18 2.9845765e+09 3165465.4 3.4878748e-30 5.8827101e-25 6.4682299e-44
4.8372732e+08 1.4452493e+18 2.9845726e+09 3166144.1 3.4791704e-30 5.8651034e-25 6.4442367e-44
4.8421156e+08 1.4466946e+18 2.9845688e+09 3166823.1 3.4704877e-30 5.8475494e-25 6.4203325e-44
4.8469628e+08 1.4481413e+18 2.9845649e+09 3167502.2 3.4618266e-30 5.830048e-25 6.3965168e-44
4.851815e+08 1.4495894e+18 2.9845611e+09 3168181.5 3.4531872e-30 5.8125989e-25 6.3727893e-44
4.8566719e+08 1.451039e+18 2.9845572e+09 3168861 3.4445693e-30 5.7952021e-25 6.3491496e-44
4.8615337e+08 1.45249e+18 2.9845534e+09 3169540.7 3.4359729e-30 5.7778573e-25 6.3255976e-44
4.8664004e+08 1.4539425e+18 2.9845496e+09 3170220.6 3.427398e-30 5.7605644e-25 6.3021328e-44
4.871272e+08 1.4553965e+18 2.9845457e+09 3170900.8 3.4188444e-30 5.7433233e-25 6.2787549e-44
4.8761484e+08 1.4568519e+18 2.9845419e+09 3171581.1 3.4103123e-30 5.7261338e-25 6.2554636e-44
4.8810298e+08 1.4583087e+18 2.984538e+09 3172261.6 3.4018014e-30 5.7089958e-25 6.2322586e-44
4.885916e+08 1.459767e+18 2.9845342e+09 3172942.3 3.3933117e-30 5.691909e-25 6.2091395e-44
4.8908071e+08 1.4612268e+18 2.9845303e+09 3173623.3 3.3848433e-30 5.6748734e-25 6.1861061e-44
4.8957031e+08 1.462688e+18 2.9845265e+09 3174304.4 3.376396e-30 5.6578888e-25 6.163158e-44
4.900604e+08 1.4641507e+18 2.9845226e+09 3174985.7 3.3679697e-30 5.640955e-25 6.140295e-44
4.9055098e+08 1.4656149e+18 2.9845188e+09 3175667.3 3.3595645e-30 5.6240719e-25 6.1175166e-44
4.9104205e+08 1.4670805e+18 2.9845149e+09 3176349 3.3511803e-30 5.6072393e-25 6.0948226e-44
4.9153362e+08 1.4685476e+18 2.984511e+09 3177030.9 3.342817e-30 5.5904571e-25 6.0722126e-44
4.9202567e+08 1.4700161e+18 2.9845072e+09 3177713.1 3.3344745e-30 5.5737252e-25 6.0496864e-44
4.9251822e+08 1.4714861e+18 2.9845033e+09 3178395.4 3.3261529e-30 5.5570433e-25 6.0272437e-44
4.9301126e+08 1.4729576e+18 2.9844995e+09 3179078 3.3178521e-30 5.5404113e-25 6.0048841e-44
4.935048e+08 1.4744306e+18 2.9844956e+09 3179760.7 3.3095719e-30 5.5238292e-25 5.9826074e-44
4.9399883e+08 1.475905e+18 2.9844918e+09 3180443.7 3.3013125e-30 5.5072966e-25 5.9604131e-44
4.9449335e+08 1.4773809e+18 2.9844879e+09 3181126.8 3.2930736e-30 5.4908135e-25 5.9383011e-44
4.9498837e+08 1.4788583e+18 2.984484e+09 3181810.2 3.2848553e-30 5.4743798e-25 5.916271e-44
4.9548389e+08 1.4803371e+18 2.9844802e+09 3182493.7 3.2766575e-30 5.4579953e-25 5.8943225e-44
4.959799e+08 1.4818175e+18 2.9844763e+09 3183177.5 3.2684802e-30 5.4416598e-25 5.8724553e-44
4.9647641e+08 1.4832993e+18 2.9844724e+09 3183861.4 3.2603233e-30 5.4253732e-25 5.8506692e-44
4.9697342e+08 1.4847826e+18 2.9844686e+09 3184545.6 3.2521867e-30 5.4091353e-25 5.8289637e-44
4.9747092e+08 1.4862674e+18 2.9844647e+09 3185229.9 3.2440704e-30 5.392946e-25 5.8073386e-44
4.9796892e+08 1.4877536e+18 2.9844609e+09 3185914.5 3.2359744e-30 5.3768052e-25 5.7857937e-44
4.9846742e+08 1.4892414e+18 2.984457e+09 3186599.3 3.2278986e-30 5.3607127e-25 5.7643286e-44
4.9896642e+08 1.4907306e+18 2.9844531e+09 3187284.2 3.219843e-30 5.3446684e-25 5.742943e-44
4.9946592e+08 1.4922214e+18 2.9844492e+09 3187969.4 3.2118074e-30 5.3286721e-25 5.7216367e-44
4.9996592e+08 1.4937136e+18 2.9844454e+09 3188654.8 3.2037919e-30 5.3127237e-25 5.7004092e-44
5.0046642e+08 1.4952073e+18 2.9844415e+09 3189340.4 3.1957965e-30 5.296823e-25 5.6792604e-44
5.0096742e+08 1.4967025e+18 2.9844376e+09 3190026.1 3.1878209e-30 5.2809698e-25 5.65819e-44
5.0146892e+08 1.4981992e+18 2.9844338e+09 3190712.1 3.1798653e-30 5.2651642e-25 5.6371977e-44
5.0197092e+08 1.4996974e+18 2.9844299e+09 3191398.3 3.1719295e-30 5.2494058e-25 5.6162831e-44
5.0247343e+08 1.5011971e+18 2.984426e+09 3192084.7 3.1640136e-30 5.2336946e-25 5.595446e-44
5.0297644e+08 1.5026983e+18 2.9844221e+09 3192771.3 3.1561174e-30 5.2180305e-25 5.5746861e-44
5.0347996e+08 1.504201e+18 2.9844183e+09 3193458.1 3.1482408e-30 5.2024132e-25 5.5540031e-44
5.0398397e+08 1.5057052e+18 2.9844144e+09 3194145.1 3.140384e-30 5.1868427e-25 5.5333967e-44
5.044885e+08 1.5072109e+18 2.9844105e+09 3194832.3 3.1325468e-30 5.1713187e-25 5.5128667e-44
5.0499352e+08 1.5087181e+18 2.9844066e+09 3195519.7 3.1247291e-30 5.1558412e-25 5.4924128e-44
5.0549906e+08 1.5102268e+18 2.9844028e+09 3196207.3 3.1169309e-30 5.1404101e-25 5.4720346e-44
5.060051e+08 1.5117371e+18 2.9843989e+09 3196895.1 3.1091522e-30 5.1250251e-25 5.4517319e-44
5.0651164e+08 1.5132488e+18 2.984395e+09 3197583.1 3.1013929e-30 5.1096862e-25 5.4315045e-44
5.070187e+08 1.5147621e+18 2.9843911e+09 3198271.3 3.093653e-30 5.0943932e-25 5.411352e-44
5.0752626e+08 1.5162768e+18 2.9843872e+09 3198959.7 3.0859323e-30 5.079146e-25 5.3912742e-44
5.0803433e+08 1.5177931e+18 2.9843833e+09 3199648.3 3.078231e-30 5.0639444e-25 5.3712708e-44
5.0854291e+08 1.5193109e+18 2.9843795e+09 3200337.1 3.0705489e-30 5.0487883e-25 5.3513414e-44
5.09052e+08 1.5208302e+18 2.9843756e+09 3201026.2 3.0628859e-30 5.0336775e-25 5.331486e-44
5.0956159e+08 1.522351e+18 2.9843717e+09 3201715.4 3.0552421e-30 5.018612e-25 5.3117041e-44
5.100717e+08 1.5238734e+18 2.9843678e+09 3202404.8 3.0476173e-30 5.0035916e-25 5.2919955e-44
5.1058232e+08 1.5253973e+18 2.9843639e+09 3203094.5 3.0400116e-30 4.9886162e-25 5.2723599e-44
5.1109345e+08 1.5269227e+18 2.98436e+09 3203784.3 3.0324248e-30 4.9736855e-25 5.2527971e-44
5.1160509e+08 1.5284496e+18 2.9843561e+09 3204474.3 3.024857e-30 4.9587996e-25 5.2333067e-44
5.1211724e+08 1.529978e+18 2.9843522e+09 3205164.6 3.0173081e-30 4.9439582e-25 5.2138886e-44
5.1262991e+08 1.531508e+18 2.9843483e+09 3205855 3.009778e-30 4.9291612e-25 5.1945424e-44
5.1314309e+08 1.5330395e+18 2.9843445e+09 3206545.7 3.0022667e-30 4.9144085e-25 5.1752679e-44
5.1365679e+08 1.5345726e+18 2.9843406e+09 3207236.5 2.9947741e-30 4.8997e-25 5.1560649e-44
5.1417099e+08 1.5361071e+18 2.9843367e+09 3207927.6 2.9873003e-30 4.8850354e-25 5.136933e-44
5.1468572e+08 1.5376432e+18 2.9843328e+09 3208618.8 2.9798451e-30 4.8704148e-25 5.117872e-44
5.1520096e+08 1.5391809e+18 2.9843289e+09 3209310.3 2.9724085e-30 4.855838e-25 5.0988816e-44
5.1571671e+08 1.5407201e+18 2.984325e+09 3210002 2.9649905e-30 4.8413047e-25 5.0799615e-44
5.1623298e+08 1.5422608e+18 2.9843211e+09 3210693.8 2.9575909e-30 4.826815e-25 5.0611116e-44
5.1674977e+08 1.543803e+18 2.9843172e+09 3211385.9 2.9502099e-30 4.8123686e-25 5.0423316e-44
5.1726707e+08 1.5453468e+18 2.9843133e+09 3212078.2 2.9428472e-30 4.7979655e-25 5.0236211e-44
5.177849e+08 1.5468922e+18 2.9843094e+09 3212770.7 2.935503e-30 4.7836055e-25 5.00498e-44
5.1830324e+08 1.5484391e+18 2.9843055e+09 3213463.3 2.928177e-30 4.7692884e-25 4.9864079e-44
5.188221e+08 1.5499875e+18 2.9843016e+09 3214156.2 2.9208694e-30 4.7550143e-25 4.9679047e-44
5.1934148e+08 1.5515375e+18 2.9842977e+09 3214849.3 2.91358e-30 4.7407828e-25 4.94947e-44
5.1986138e+08 1.553089e+18 2.9842938e+09 3215542.6 2.9063088e-30 4.7265939e-25 4.9311037e-44
5.203818e+08 1.5546421e+18 2.9842899e+09 3216236.1 2.8990557e-30 4.7124475e-25 4.9128054e-44
5.2090274e+08 1.5561968e+18 2.984286e+09 3216929.8 2.8918207e-30 4.6983435e-25 4.8945749e-44
5.2142421e+08 1.557753e+18 2.984282e+09 3217623.7 2.8846038e-30 4.6842816e-25 4.8764119e-44
5.2194619e+08 1.5593107e+18 2.9842781e+09 3218317.8 2.8774049e-30 4.6702618e-25 4.8583163e-44
5.224687e+08 1.56087e+18 2.9842742e+09 3219012.2 2.8702239e-30 4.656284e-25 4.8402877e-44
5.2299173e+08 1.5624309e+18 2.9842703e+09 3219706.7 2.8630609e-30 4.6423481e-25 4.822326e-44
5.2351529e+08 1.5639933e+18 2.9842664e+09 3220401.4 2.8559158e-30 4.6284538e-25 4.8044308e-44
5.2403937e+08 1.5655573e+18 2.9842625e+09 3221096.3 2.8487885e-30 4.6146012e-25 4.7866019e-44
5.2456397e+08 1.5671229e+18 2.9842586e+09 3221791.5 2.8416789e-30 4.6007899e-25 4.7688391e-44
5.250891e+08 1.56869e+18 2.9842547e+09 3222486.8 2.8345872e-30 4.5870201e-25 4.7511421e-44
5.2561476e+08 1.5702587e+18 2.9842508e+09 3223182.3 2.8275131e-30 4.5732914e-25 4.7335108e-44
5.2614094e+08 1.571829e+18 2.9842468e+09 3223878.1 2.8204566e-30 4.5596039e-25 4.7159447e-44
5.2666765e+08 1.5734008e+18 2.9842429e+09 3224574 2.8134178e-30 4.5459573e-25 4.6984437e-44
5.2719488e+08 1.5749742e+18 2.984239e+09 3225270.2 2.8063966e-30 4.5323515e-25 4.6810077e-44
5.2772265e+08 1.5765492e+18 2.9842351e+09 3225966.5 2.7993928e-30 4.5187865e-25 4.6636362e-44
5.2825094e+08 1.5781257e+18 2.9842312e+09 3226663.1 2.7924066e-30 4.505262e-25 4.6463291e-44
5.2877976e+08 1.5797038e+18 2.9842273e+09 3227359.9 2.7854378e-30 4.4917781e-25 4.6290861e-44
5.2930911e+08 1.5812835e+18 2.9842233e+09 3228056.8 2.7784863e-30 4.4783345e-25 4.6119071e-44
5.2983899e+08 1.5828648e+18 2.9842194e+09 3228754 2.7715523e-30 4.4649311e-25 4.5947917e-44
5.3036941e+08 1.5844477e+18 2.9842155e+09 3229451.4 2.7646355e-30 4.4515679e-25 4.5777397e-44
5.3090035e+08 1.5860321e+18 2.9842116e+09 3230149 2.757736e-30 4.4382446e-25 4.560751e-44
5.3143182e+08 1.5876182e+18 2.9842076e+09 3230846.8 2.7508537e-30 4.4249613e-25 4.5438252e-44
5.3196383e+08 1.5892058e+18 2.9842037e+09 3231544.7 2.7439886e-30 4.4117177e-25 4.5269621e-44
5.3249637e+08 1.590795e+18 2.9841998e+09 3232242.9 2.7371406e-30 4.3985137e-25 4.5101615e-44
5.3302944e+08 1.5923858e+18 2.9841959e+09 3232941.3 2.7303097e-30 4.3853492e-25 4.4934232e-44
5.3356305e+08 1.5939782e+18 2.9841919e+09 3233639.9 2.7234958e-30 4.3722242e-25 4.476747e-44
5.3409719e+08 1.5955722e+18 2.984188e+09 3234338.8 2.716699e-30 4.3591384e-25 4.4601325e-44
5.3463186e+08 1.5971677e+18 2.9841841e+09 3235037.8 2.7099191e-30 4.3460918e-25 4.4435796e-44
5.3516708e+08 1.5987649e+18 2.9841801e+09 3235737 2.7031562e-30 4.3330842e-25 4.4270881e-44
5.3570282e+08 1.6003637e+18 2.9841762e+09 3236436.4 2.6964101e-30 4.3201156e-25 4.4106577e-44
5.3623911e+08 1.601964e+18 2.9841723e+09 3237136.1 2.6896808e-30 4.3071858e-25 4.3942882e-44
5.3677593e+08 1.603566e+18 2.9841683e+09 3237835.9 2.6829684e-30 4.2942947e-25 4.3779794e-44
5.3731328e+08 1.6051695e+18 2.9841644e+09 3238535.9 2.6762727e-30 4.2814422e-25 4.361731e-44
5.3785118e+08 1.6067747e+18 2.9841605e+09 3239236.2 2.6695937e-30 4.2686281e-25 4.3455428e-44
5.3838961e+08 1.6083815e+18 2.9841565e+09 3239936.6 2.6629314e-30 4.2558524e-25 4.3294146e-44
5.3892859e+08 1.6099899e+18 2.9841526e+09 3240637.3 2.6562857e-30 4.2431149e-25 4.3133462e-44
5.394681e+08 1.6115999e+18 2.9841487e+09 3241338.1 2.6496566e-30 4.2304156e-25 4.2973374e-44
5.4000815e+08 1.6132115e+18 2.9841447e+09 3242039.2 2.643044e-30 4.2177543e-25 4.2813879e-44
5.4054875e+08 1.6148247e+18 2.9841408e+09 3242740.5 2.6364479e-30 4.2051308e-25 4.2654975e-44
5.4108988e+08 1.6164395e+18 2.9841368e+09 3243442 2.6298683e-30 4.1925452e-25 4.2496661e-44
5.4163156e+08 1.6180559e+18 2.9841329e+09 3244143.6 2.6233051e-30 4.1799972e-25 4.2338933e-44
5.4217378e+08 1.619674e+18 2.984129e+09 3244845.5 2.6167583e-30 4.1674867e-25 4.2181789e-44
5.4271654e+08 1.6212937e+18 2.984125e+09 3245547.6 2.6102279e-30 4.1550138e-25 4.2025228e-44
5.4325985e+08 1.622915e+18 2.9841211e+09 3246249.9 2.6037137e-30 4.1425781e-25 4.1869248e-44
5.438037e+08 1.6245379e+18 2.9841171e+09 3246952.4 2.5972158e-30 4.1301797e-25 4.1713845e-44
5.4434809e+08 1.6261624e+18 2.9841132e+09 3247655.1 2.5907341e-30 4.1178183e-25 4.1559019e-44
5.4489303e+08 1.6277886e+18 2.9841092e+09 3248358 2.5842686e-30 4.105494e-25 4.1404767e-44
5.4543852e+08 1.6294164e+18 2.9841053e+09 3249061.2 2.5778192e-30 4.0932066e-25 4.1251086e-44
5.4598455e+08 1.6310458e+18 2.9841013e+09 3249764.5 2.5713859e-30 4.0809559e-25 4.1097975e-44
5.4653113e+08 1.6326768e+18 2.9840974e+09 3250468 2.5649687e-30 4.0687419e-25 4.0945431e-44
5.4707826e+08 1.6343095e+18 2.9840934e+09 3251171.8 2.5585675e-30 4.0565644e-25 4.0793453e-44
5.4762593e+08 1.6359438e+18 2.9840895e+09 3251875.7 2.5521822e-30 4.0444234e-25 4.0642038e-44
5.4817415e+08 1.6375798e+18 2.9840855e+09 3252579.8 2.5458129e-30 4.0323188e-25 4.0491185e-44
5.4872292e+08 1.6392173e+18 2.9840816e+09 3253284.2 2.5394595e-30 4.0202504e-25 4.0340891e-44
5.4927224e+08 1.6408566e+18 2.9840776e+09 3253988.8 2.5331219e-30 4.008218e-25 4.0191154e-44
5.4982211e+08 1.6424974e+18 2.9840737e+09 3254693.5 2.5268002e-30 3.9962218e-25 4.0041971e-44
5.5037254e+08 1.6441399e+18 2.9840697e+09 3255398.5 2.5204942e-30 3.9842614e-25 3.9893342e-44
5.5092351e+08 1.6457841e+18 2.9840658e+09 3256103.7 2.514204e-30 3.9723368e-25 3.9745264e-44
5.5147503e+08 1.6474298e+18 2.9840618e+09 3256809.1 2.5079295e-30 3.9604479e-25 3.9597735e-44
5.5202711e+08 1.6490773e+18 2.9840578e+09 3257514.6 2.5016706e-30 3.9485945e-25 3.9450753e-44
5.5257974e+08 1.6507263e+18 2.9840539e+09 3258220.4 2.4954274e-30 3.9367767e-25 3.9304315e-44
5.5313292e+08 1.6523771e+18 2.9840499e+09 3258926.4 2.4891997e-30 3.9249942e-25 3.9158421e-44
5.5368666e+08 1.6540294e+18 2.984046e+09 3259632.6 2.4829876e-30 3.913247e-25 3.9013067e-44
5.5424095e+08 1.6556835e+18 2.984042e+09 3260339.1 2.476791e-30 3.901535e-25 3.8868252e-44
5.5479579e+08 1.6573392e+18 2.984038e+09 3261045.7 2.4706098e-30 3.889858e-25 3.8723974e-44
5.5535119e+08 1.6589965e+18 2.9840341e+09 3261752.5 2.4644441e-30 3.8782159e-25 3.858023e-44
5.5590715e+08 1.6606555e+18 2.9840301e+09 3262459.5 2.4582937e-30 3.8666087e-25 3.843702e-44
5.5646367e+08 1.6623162e+18 2.9840261e+09 3263166.8 2.4521587e-30 3.8550363e-25 3.8294341e-44
5.5702074e+08 1.6639785e+18 2.9840222e+09 3263874.2 2.4460391e-30 3.8434984e-25 3.815219e-44
5.5757837e+08 1.6656424e+18 2.9840182e+09 3264581.9 2.4399346e-30 3.8319952e-25 3.8010566e-44
5.5813656e+08 1.6673081e+18 2.9840142e+09 3265289.7 2.4338455e-30 3.8205263e-25 3.7869468e-44
5.586953e+08 1.6689754e+18 2.9840103e+09 3265997.8 2.4277715e-30 3.8090918e-25 3.7728892e-44
5.5925461e+08 1.6706444e+18 2.9840063e+09 3266706.1 2.4217127e-30 3.7976914e-25 3.7588838e-44
5.5981447e+08 1.672315e+18 2.9840023e+09 3267414.5 2.415669e-30 3.7863253e-25 3.7449303e-44
5.603749e+08 1.6739873e+18 2.9839984e+09 3268123.2 2.4096403e-30 3.7749931e-25 3.7310285e-44
5.6093589e+08 1.6756613e+18 2.9839944e+09 3268832.1 2.4036268e-30 3.7636948e-25 3.7171783e-44
5.6149744e+08 1.677337e+18 2.9839904e+09 3269541.2 2.3976282e-30 3.7524304e-25 3.7033794e-44
5.6205955e+08 1.6790143e+18 2.9839864e+09 3270250.5 2.3916446e-30 3.7411997e-25 3.6896317e-44
5.6262223e+08 1.6806933e+18 2.9839825e+09 3270960 2.3856759e-30 3.7300026e-25 3.6759349e-44
5.6318546e+08 1.682374e+18 2.9839785e+09 3271669.7 2.3797222e-30 3.718839e-25 3.6622889e-44
5.6374927e+08 1.6840564e+18 2.9839745e+09 3272379.7 2.3737833e-30 3.7077088e-25 3.6486935e-44
5.6431363e+08 1.6857405e+18 2.9839705e+09 3273089.8 2.3678592e-30 3.6966119e-25 3.6351485e-44
5.6487857e+08 1.6874262e+18 2.9839665e+09 3273800.1 2.3619499e-30 3.6855482e-25 3.6216537e-44
5.6544406e+08 1.6891136e+18 2.9839626e+09 3274510.7 2.3560553e-30 3.6745177e-25 3.608209e-44
5.6601013e+08 1.6908027e+18 2.9839586e+09 3275221.4 2.3501755e-30 3.6635202e-25 3.5948141e-44
5.6657676e+08 1.6924935e+18 2.9839546e+09 3275932.4 2.3443103e-30 3.6525556e-25 3.5814688e-44
5.6714396e+08 1.694186e+18 2.9839506e+09 3276643.5 2.3384598e-30 3.6416238e-25 3.5681731e-44
5.6771172e+08 1.6958802e+18 2.9839466e+09 3277354.9 2.3326238e-30 3.6307247e-25 3.5549266e-44
5.6828006e+08 1.6975761e+18 2.9839426e+09 3278066.5 2.3268024e-30 3.6198582e-25 3.5417293e-44
5.6884896e+08 1.6992737e+18 2.9839387e+09 3278778.3 2.3209956e-30 3.6090243e-25 3.5285808e-44
5.6941843e+08 1.7009729e+18 2.9839347e+09 3279490.3 2.3152033e-30 3.5982228e-25 3.5154812e-44
5.6998848e+08 1.7026739e+18 2.9839307e+09 3280202.5 2.3094254e-30 3.5874536e-25 3.5024301e-44
5.7055909e+08 1.7043766e+18 2.9839267e+09 3280914.9 2.3036619e-30 3.5767166e-25 3.4894273e-44
5.7113028e+08 1.706081e+18 2.9839227e+09 3281627.5 2.2979128e-30 3.5660118e-25 3.4764728e-44
5.7170204e+08 1.7077871e+18 2.9839187e+09 3282340.3 2.2921781e-30 3.5553391e-25 3.4635664e-44
5.7227437e+08 1.7094948e+18 2.9839147e+09 3283053.3 2.2864576e-30 3.5446982e-25 3.4507077e-44
5.7284727e+08 1.7112043e+18 2.9839107e+09 3283766.6 2.2807515e-30 3.5340892e-25 3.4378968e-44
5.7342075e+08 1.7129155e+18 2.9839067e+09 3284480 2.2750595e-30 3.523512e-25 3.4251334e-44
5.739948e+08 1.7146285e+18 2.9839027e+09 3285193.7 2.2693818e-30 3.5129664e-25 3.4124172e-44
5.7456942e+08 1.7163431e+18 2.9838987e+09 3285907.5 2.2637183e-30 3.5024524e-25 3.3997483e-44
5.7514463e+08 1.7180594e+18 2.9838948e+09 3286621.6 2.2580689e-30 3.4919699e-25 3.3871263e-44
5.757204e+08 1.7197775e+18 2.9838908e+09 3287335.8 2.2524336e-30 3.4815187e-25 3.3745511e-44
5.7629676e+08 1.7214973e+18 2.9838868e+09 3288050.3 2.2468123e-30 3.4710988e-25 3.3620225e-44
5.7687369e+08 1.7232188e+18 2.9838828e+09 3288765 2.2412051e-30 3.4607101e-25 3.3495404e-44
5.774512e+08 1.724942e+18 2.9838788e+09 3289479.9 2.2356119e-30 3.4503525e-25 3.3371046e-44
5.7802928e+08 1.7266669e+18 2.9838748e+09 3290195 2.2300326e-30 3.4400259e-25 3.3247148e-44
5.7860795e+08 1.7283936e+18 2.9838708e+09 3290910.3 2.2244673e-30 3.4297302e-25 3.3123711e-44
5.791872e+08 1.730122e+18 2.9838668e+09 3291625.8 2.2189158e-30 3.4194653e-25 3.3000731e-44
5.7976702e+08 1.7318521e+18 2.9838627e+09 3292341.6 2.2133783e-30 3.4092312e-25 3.2878206e-44
5.8034743e+08 1.733584e+18 2.9838587e+09 3293057.5 2.2078545e-30 3.3990277e-25 3.2756137e-44
5.8092841e+08 1.7353175e+18 2.9838547e+09 3293773.6 2.2023445e-30 3.3888547e-25 3.263452e-44
5.8150998e+08 1.7370529e+18 2.9838507e+09 3294490 2.1968482e-30 3.3787121e-25 3.2513353e-44
5.8209213e+08 1.7387899e+18 2.9838467e+09 3295206.6 2.1913657e-30 3.3685999e-25 3.2392636e-44
5.8267487e+08 1.7405287e+18 2.9838427e+09 3295923.3 2.1858969e-30 3.358518e-25 3.2272367e-44
5.8325819e+08 1.7422692e+18 2.9838387e+09 3296640.3 2.1804417e-30 3.3484663e-25 3.2152544e-44
5.8384209e+08 1.7440115e+18 2.9838347e+09 3297357.5 2.1750001e-30 3.3384446e-25 3.2033165e-44
5.8442658e+08 1.7457555e+18 2.9838307e+09 3298074.9 2.1695721e-30 3.3284529e-25 3.1914229e-44
5.8501165e+08 1.7475013e+18 2.9838267e+09 3298792.5 2.1641577e-30 3.3184912e-25 3.1795733e-44
5.8559731e+08 1.7492488e+18 2.9838227e+09 3299510.3 2.1587567e-30 3.3085592e-25 3.1677678e-44
5.8618355e+08 1.750998e+18 2.9838186e+09 3300228.3 2.1533693e-30 3.298657e-25 3.156006e-44
5.8677038e+08 1.752749e+18 2.9838146e+09 3300946.5 2.1479952e-30 3.2887844e-25 3.1442878e-44
5.873578e+08 1.7545018e+18 2.9838106e+09 3301664.9 2.1426346e-30 3.2789414e-25 3.132613e-44
5.8794581e+08 1.7562563e+18 2.9838066e+09 3302383.6 2.1372874e-30 3.2691278e-25 3.1209816e-44
5.885344e+08 1.7580125e+18 2.9838026e+09 3303102.4 2.1319535e-30 3.2593436e-25 3.1093933e-44
5.8912359e+08 1.7597705e+18 2.9837986e+09 3303821.5 2.126633e-30 3.2495887e-25 3.0978479e-44
5.8971336e+08 1.7615303e+18 2.9837945e+09 3304540.7 2.1213257e-30 3.239863e-25 3.0863454e-44
5.9030373e+08 1.7632918e+18 2.9837905e+09 3305260.2 2.1160316e-30 3.2301664e-25 3.0748855e-44
5.9089469e+08 1.7650551e+18 2.9837865e+09 3305979.9 2.1107508e-30 3.2204988e-25 3.0634682e-44
5.9148623e+08 1.7668202e+18 2.9837825e+09 3306699.8 2.1054831e-30 3.2108601e-25 3.0520931e-44
5.9207838e+08 1.768587e+18 2.9837785e+09 3307419.9 2.1002286e-30 3.2012503e-25 3.0407603e-44
5.9267111e+08 1.7703556e+18 2.9837744e+09 3308140.2 2.0949872e-30 3.1916693e-25 3.0294695e-44
5.9326444e+08 1.7721259e+18 2.9837704e+09 3308860.7 2.0897589e-30 3.1821169e-25 3.0182205e-44
5.9385836e+08 1.7738981e+18 2.9837664e+09 3309581.4 2.0845436e-30 3.1725931e-25 3.0070133e-44
5.9445288e+08 1.775672e+18 2.9837624e+09 3310302.4 2.0793414e-30 3.1630978e-25 2.9958476e-44
5.9504799e+08 1.7774476e+18 2.9837583e+09 3311023.5 2.0741521e-30 3.153631e-25 2.9847234e-44
5.9564369e+08 1.7792251e+18 2.9837543e+09 3311744.9 2.0689758e-30 3.1441925e-25 2.9736404e-44
5.9624e+08 1.7810043e+18 2.9837503e+09 3312466.4 2.0638124e-30 3.1347822e-25 2.9625985e-44
5.968369e+08 1.7827853e+18 2.9837462e+09 3313188.2 2.0586619e-30 3.1254001e-25 2.9515975e-44
5.974344e+08 1.7845681e+18 2.9837422e+09 3313910.2 2.0535242e-30 3.1160461e-25 2.9406373e-44
5.980325e+08 1.7863527e+18 2.9837382e+09 3314632.4 2.0483994e-30 3.10672e-25 2.9297178e-44
5.9863119e+08 1.788139e+18 2.9837341e+09 3315354.7 2.0432873e-30 3.0974219e-25 2.9188388e-44
5.9923049e+08 1.7899272e+18 2.9837301e+09 3316077.4 2.038188e-30 3.0881516e-25 2.9080002e-44
5.9983038e+08 1.7917171e+18 2.9837261e+09 3316800.2 2.0331015e-30 3.0789091e-25 2.8972017e-44
6.0043088e+08 1.7935088e+18 2.983722e+09 3317523.2 2.0280276e-30 3.0696942e-25 2.8864433e-44
6.0103198e+08 1.7953023e+18 2.983718e+09 3318246.4 2.0229664e-30 3.0605069e-25 2.8757247e-44
6.0163368e+08 1.7970976e+18 2.983714e+09 3318969.9 2.0179178e-30 3.0513471e-25 2.865046e-44
6.0223598e+08 1.7988947e+18 2.9837099e+09 3319693.5 2.0128818e-30 3.0422147e-25 2.8544068e-44
6.0283889e+08 1.8006936e+18 2.9837059e+09 3320417.4 2.0078584e-30 3.0331097e-25 2.8438071e-44
6.0344239e+08 1.8024943e+18 2.9837018e+09 3321141.4 2.0028475e-30 3.0240319e-25 2.8332467e-44
6.0404651e+08 1.8042968e+18 2.9836978e+09 3321865.7 1.9978492e-30 3.0149812e-25 2.8227255e-44
6.0465123e+08 1.8061011e+18 2.9836938e+09 3322590.2 1.9928633e-30 3.0059577e-25 2.8122433e-44
6.0525655e+08 1.8079072e+18 2.9836897e+09 3323314.9 1.9878898e-30 2.9969611e-25 2.8017999e-44
6.0586248e+08 1.8097151e+18 2.9836857e+09 3324039.8 1.9829288e-30 2.9879915e-25 2.7913954e-44
6.0646902e+08 1.8115248e+18 2.9836816e+09 3324764.9 1.9779801e-30 2.9790488e-25 2.7810293e-44
6.0707616e+08 1.8133363e+18 2.9836776e+09 3325490.2 1.9730438e-30 2.9701328e-25 2.7707018e-44
6.0768391e+08 1.8151497e+18 2.9836735e+09 3326215.8 1.9681198e-30 2.9612435e-25 2.7604125e-44
6.0829227e+08 1.8169648e+18 2.9836695e+09 3326941.5 1.9632081e-30 2.9523807e-25 2.7501614e-44
6.0890124e+08 1.8187818e+18 2.9836654e+09 3327667.5 1.9583087e-30 2.9435446e-25 2.7399484e-44
6.0951082e+08 1.8206006e+18 2.9836614e+09 3328393.6 1.9534215e-30 2.9347348e-25 2.7297732e-44
6.1012101e+08 1.8224212e+18 2.9836573e+09 3329120 1.9485464e-30 2.9259515e-25 2.7196357e-44
6.1073181e+08 1.8242436e+18 2.9836533e+09 3329846.6 1.9436836e-30 2.9171944e-25 2.7095359e-44
6.1134323e+08 1.8260678e+18 2.9836492e+09 3330573.4 1.9388329e-30 2.9084635e-25 2.6994735e-44
6.1195525e+08 1.8278939e+18 2.9836452e+09 3331300.4 1.9339942e-30 2.8997588e-25 2.6894484e-44
6.1256789e+08 1.8297218e+18 2.9836411e+09 3332027.6 1.9291677e-30 2.8910801e-25 2.6794605e-44
6.1318114e+08 1.8315515e+18 2.9836371e+09 3332755 1.9243532e-30 2.8824274e-25 2.6695097e-44
6.1379501e+08 1.8333831e+18 2.983633e+09 3333482.7 1.9195507e-30 2.8738006e-25 2.6595958e-44
6.1440949e+08 1.8352165e+18 2.9836289e+09 3334210.5 1.9147603e-30 2.8651996e-25 2.6497186e-44
6.1502458e+08 1.8370517e+18 2.9836249e+09 3334938.6 1.9099817e-30 2.8566243e-25 2.6398781e-44
6.1564029e+08 1.8388887e+18 2.9836208e+09 3335666.8 1.9052151e-30 2.8480747e-25 2.6300741e-44
6.1625662e+08 1.8407276e+18 2.9836168e+09 3336395.3 1.9004604e-30 2.8395507e-25 2.6203064e-44
6.1687357e+08 1.8425683e+18 2.9836127e+09 3337124 1.8957175e-30 2.8310522e-25 2.610575e-44
6.1749113e+08 1.8444109e+18 2.9836086e+09 3337852.9 1.8909865e-30 2.8225792e-25 2.6008797e-44
6.1810931e+08 1.8462553e+18 2.9836046e+09 3338582 1.8862673e-30 2.8141315e-25 2.5912203e-44
6.1872811e+08 1.8481016e+18 2.9836005e+09 3339311.3 1.8815599e-30 2.8057091e-25 2.5815968e-44
6.1934753e+08 1.8499497e+18 2.9835965e+09 3340040.8 1.8768642e-30 2.7973119e-25 2.5720089e-44
6.1996757e+08 1.8517996e+18 2.9835924e+09 3340770.5 1.8721803e-30 2.7889398e-25 2.5624567e-44
6.2058823e+08 1.8536514e+18 2.9835883e+09 3341500.5 1.867508e-30 2.7805928e-25 2.5529398e-44
6.2120951e+08 1.8555051e+18 2.9835843e+09 3342230.6 1.8628474e-30 2.7722708e-25 2.5434583e-44
6.2183142e+08 1.8573606e+18 2.9835802e+09 3342961 1.8581984e-30 2.7639737e-25 2.5340119e-44
6.2245395e+08 1.8592179e+18 2.9835761e+09 3343691.6 1.853561e-30 2.7557014e-25 2.5246006e-44
6.230771e+08 1.8610772e+18 2.983572e+09 3344422.4 1.8489352e-30 2.7474539e-25 2.5152242e-44
6.2370087e+08 1.8629382e+18 2.983568e+09 3345153.4 1.8443209e-30 2.739231e-25 2.5058825e-44
6.2432527e+08 1.8648012e+18 2.9835639e+09 3345884.6 1.8397182e-30 2.7310328e-25 2.4965755e-44
6.249503e+08 1.866666e+18 2.9835598e+09 3346616 1.8351269e-30 2.7228591e-25 2.4873031e-44
6.2557595e+08 1.8685326e+18 2.9835557e+09 3347347.6 1.8305471e-30 2.7147099e-25 2.478065e-44
6.2620222e+08 1.8704012e+18 2.9835517e+09 3348079.5 1.8259788e-30 2.7065851e-25 2.4688612e-44
6.2682913e+08 1.8722716e+18 2.9835476e+09 3348811.5 1.8214218e-30 2.6984845e-25 2.4596916e-44
6.2745666e+08 1.8741438e+18 2.9835435e+09 3349543.8 1.8168762e-30 2.6904083e-25 2.4505559e-44
6.2808482e+08 1.876018e+18 2.9835394e+09 3350276.2 1.8123419e-30 2.6823561e-25 2.4414542e-44
6.2871361e+08 1.877894e+18 2.9835354e+09 3351008.9 1.807819e-30 2.6743281e-25 2.4323862e-44
6.2934303e+08 1.8797719e+18 2.9835313e+09 3351741.8 1.8033074e-30 2.6663242e-25 2.4233519e-44
6.2997308e+08 1.8816517e+18 2.9835272e+09 3352474.9 1.798807e-30 2.6583441e-25 2.414351e-44
6.3060376e+08 1.8835333e+18 2.9835231e+09 3353208.2 1.7943178e-30 2.650388e-25 2.4053836e-44
6.3123507e+08 1.8854169e+18 2.983519e+09 3353941.8 1.7898399e-30 2.6424557e-25 2.3964494e-44
6.3186702e+08 1.8873023e+18 2.983515e+09 3354675.5 1.7853731e-30 2.6345471e-25 2.3875484e-44
6.3249959e+08 1.8891896e+18 2.9835109e+09 3355409.4 1.7809174e-30 2.6266622e-25 2.3786804e-44
6.331328e+08 1.8910788e+18 2.9835068e+09 3356143.6 1.7764729e-30 2.6188009e-25 2.3698453e-44
6.3376665e+08 1.8929698e+18 2.9835027e+09 3356878 1.7720395e-30 2.6109631e-25 2.3610429e-44
6.3440113e+08 1.8948628e+18 2.9834986e+09 3357612.6 1.7676171e-30 2.6031488e-25 2.3522733e-44
6.3503624e+08 1.8967577e+18 2.9834945e+09 3358347.3 1.7632058e-30 2.5953578e-25 2.3435361e-44
6.3567199e+08 1.8986544e+18 2.9834904e+09 3359082.3 1.7588055e-30 2.5875902e-25 2.3348314e-44
6.3630838e+08 1.9005531e+18 2.9834863e+09 3359817.6 1.7544162e-30 2.5798458e-25 2.3261589e-44
6.369454e+08 1.9024536e+18 2.9834822e+09 3360553 1.7500378e-30 2.5721246e-25 2.3175187e-44
6.3758306e+08 1.9043561e+18 2.9834782e+09 3361288.6 1.7456704e-30 2.5644265e-25 2.3089105e-44
6.3822136e+08 1.9062605e+18 2.9834741e+09 3362024.5 1.7413138e-30 2.5567515e-25 2.3003342e-44
6.388603e+08 1.9081667e+18 2.98347e+09 3362760.5 1.7369681e-30 2.5490994e-25 2.2917897e-44
6.3949988e+08 1.9100749e+18 2.9834659e+09 3363496.8 1.7326333e-30 2.5414703e-25 2.283277e-44
6.401401e+08 1.911985e+18 2.9834618e+09 3364233.3 1.7283093e-30 2.5338639e-25 2.2747958e-44
6.4078097e+08 1.9138969e+18 2.9834577e+09 3364970 1.7239961e-30 2.5262804e-25 2.2663461e-44
6.4142247e+08 1.9158108e+18 2.9834536e+09 3365706.9 1.7196936e-30 2.5187195e-25 2.2579277e-44
6.4206461e+08 1.9177267e+18 2.9834495e+09 3366444 1.7154019e-30 2.5111812e-25 2.2495406e-44
6.427074e+08 1.9196444e+18 2.9834454e+09 3367181.4 1.7111209e-30 2.5036655e-25 2.2411846e-44
6.4335083e+08 1.921564e+18 2.9834413e+09 3367918.9 1.7068505e-30 2.4961724e-25 2.2328595e-44
6.4399491e+08 1.9234856e+18 2.9834372e+09 3368656.7 1.7025909e-30 2.4887016e-25 2.2245654e-44
6.4463963e+08 1.9254091e+18 2.9834331e+09 3369394.6 1.6983418e-30 2.4812532e-25 2.2163021e-44
6.45285e+08 1.9273345e+18 2.983429e+09 3370132.8 1.6941034e-30 2.4738271e-25 2.2080694e-44
6.4593101e+08 1.9292618e+18 2.9834249e+09 3370871.2 1.6898755e-30 2.4664232e-25 2.1998672e-44
6.4657767e+08 1.9311911e+18 2.9834208e+09 3371609.8 1.6856582e-30 2.4590415e-25 2.1916955e-44
6.4722498e+08 1.9331223e+18 2.9834167e+09 3372348.6 1.6814514e-30 2.4516819e-25 2.1835541e-44
6.4787294e+08 1.9350554e+18 2.9834125e+09 3373087.6 1.6772552e-30 2.4443442e-25 2.1754429e-44
6.4852154e+08 1.9369904e+18 2.9834084e+09 3373826.9 1.6730694e-30 2.4370286e-25 2.1673618e-44
6.4917079e+08 1.9389274e+18 2.9834043e+09 3374566.3 1.668894e-30 2.4297349e-25 2.1593107e-44
6.498207e+08 1.9408664e+18 2.9834002e+09 3375306 1.664729e-30 2.4224629e-25 2.1512894e-44
6.5047125e+08 1.9428072e+18 2.9833961e+09 3376045.9 1.6605745e-30 2.4152128e-25 2.1432979e-44
6.5112246e+08 1.94475e+18 2.983392e+09 3376785.9 1.6564303e-30 2.4079843e-25 2.1353361e-44
6.5177432e+08 1.9466948e+18 2.9833879e+09 3377526.2 1.6522965e-30 2.4007775e-25 2.1274038e-44
6.5242683e+08 1.9486415e+18 2.9833838e+09 3378266.8 1.6481729e-30 2.3935923e-25 2.1195009e-44
6.5308e+08 1.9505901e+18 2.9833796e+09 3379007.5 1.6440597e-30 2.3864285e-25 2.1116274e-44
6.5373381e+08 1.9525407e+18 2.9833755e+09 3379748.4 1.6399567e-30 2.3792862e-25 2.1037831e-44
6.5438829e+08 1.9544933e+18 2.9833714e+09 3380489.6 1.635864e-30 2.3721653e-25 2.0959678e-44
6.5504342e+08 1.9564477e+18 2.9833673e+09 3381230.9 1.6317815e-30 2.3650657e-25 2.0881816e-44
6.556992e+08 1.9584042e+18 2.9833632e+09 3381972.5 1.6277092e-30 2.3579873e-25 2.0804243e-44
6.5635564e+08 1.9603626e+18 2.9833591e+09 3382714.3 1.623647e-30 2.3509301e-25 2.0726957e-44
6.5701274e+08 1.962323e+18 2.9833549e+09 3383456.3 1.619595e-30 2.3438941e-25 2.0649959e-44
6.576705e+08 1.9642853e+18 2.9833508e+09 3384198.5 1.6155531e-30 2.3368791e-25 2.0573246e-44
6.5832892e+08 1.9662496e+18 2.9833467e+09 3384940.9 1.6115213e-30 2.3298851e-25 2.0496817e-44
6.5898799e+08 1.9682158e+18 2.9833426e+09 3385683.6 1.6074995e-30 2.322912e-25 2.0420672e-44
6.5964773e+08 1.970184e+18 2.9833384e+09 3386426.4 1.6034878e-30 2.3159598e-25 2.034481e-44
6.6030812e+08 1.9721542e+18 2.9833343e+09 3387169.5 1.5994861e-30 2.3090284e-25 2.0269229e-44
6.6096918e+08 1.9741264e+18 2.9833302e+09 3387912.7 1.5954943e-30 2.3021178e-25 2.0193929e-44
6.616309e+08 1.9761005e+18 2.9833261e+09 3388656.2 1.5915126e-30 2.2952278e-25 2.0118908e-44
6.6229328e+08 1.9780766e+18 2.9833219e+09 3389399.9 1.5875407e-30 2.2883585e-25 2.0044165e-44
6.6295632e+08 1.9800547e+18 2.9833178e+09 3390143.8 1.5835788e-30 2.2815097e-25 1.99697e-44
6.6362003e+08 1.9820347e+18 2.9833137e+09 3390888 1.5796268e-30 2.2746814e-25 1.9895511e-44
6.6428441e+08 1.9840168e+18 2.9833095e+09 3391632.3 1.5756846e-30 2.2678736e-25 1.9821598e-44
6.6494945e+08 1.9860008e+18 2.9833054e+09 3392376.9 1.5717523e-30 2.2610861e-25 1.9747958e-44
6.6561515e+08 1.9879868e+18 2.9833013e+09 3393121.6 1.5678298e-30 2.2543189e-25 1.9674592e-44
6.6628152e+08 1.9899748e+18 2.9832971e+09 3393866.6 1.563917e-30 2.247572e-25 1.9601498e-44
6.6694856e+08 1.9919647e+18 2.983293e+09 3394611.8 1.5600141e-30 2.2408453e-25 1.9528676e-44
6.6761627e+08 1.9939567e+18 2.9832889e+09 3395357.2 1.5561209e-30 2.2341388e-25 1.9456123e-44
6.6828464e+08 1.9959507e+18 2.9832847e+09 3396102.8 1.5522374e-30 2.2274522e-25 1.938384e-44
6.6895369e+08 1.9979466e+18 2.9832806e+09 3396848.7 1.5483636e-30 2.2207858e-25 1.9311825e-44
6.696234e+08 1.9999446e+18 2.9832765e+09 3397594.7 1.5444994e-30 2.2141392e-25 1.9240078e-44
6.7029379e+08 2.0019445e+18 2.9832723e+09 3398341 1.5406449e-30 2.2075126e-25 1.9168596e-44
6.7096484e+08 2.0039465e+18 2.9832682e+09 3399087.4 1.5368e-30 2.2009058e-25 1.909738e-44
6.7163657e+08 2.0059504e+18 2.983264e+09 3399834.1 1.5329647e-30 2.1943187e-25 1.9026428e-44
6.7230897e+08 2.0079564e+18 2.9832599e+09 3400581 1.529139e-30 2.1877514e-25 1.895574e-44
6.7298205e+08 2.0099643e+18 2.9832557e+09 3401328.1 1.5253229e-30 2.1812037e-25 1.8885313e-44
6.736558e+08 2.0119743e+18 2.9832516e+09 3402075.5 1.5215162e-30 2.1746757e-25 1.8815148e-44
6.7433022e+08 2.0139862e+18 2.9832475e+09 3402823 1.5177191e-30 2.1681671e-25 1.8745244e-44
6.7500532e+08 2.0160002e+18 2.9832433e+09 3403570.7 1.5139314e-30 2.1616781e-25 1.8675599e-44
6.7568109e+08 2.0180162e+18 2.9832392e+09 3404318.7 1.5101532e-30 2.1552084e-25 1.8606212e-44
6.7635754e+08 2.0200342e+18 2.983235e+09 3405066.9 1.5063844e-30 2.1487582e-25 1.8537083e-44
6.7703467e+08 2.0220543e+18 2.9832309e+09 3405815.3 1.502625e-30 2.1423272e-25 1.846821e-44
6.7771248e+08 2.0240763e+18 2.9832267e+09 3406563.9 1.498875e-30 2.1359155e-25 1.8399593e-44
6.7839097e+08 2.0261004e+18 2.9832226e+09 3407312.7 1.4951344e-30 2.129523e-25 1.833123e-44
6.7907013e+08 2.0281265e+18 2.9832184e+09 3408061.8 1.4914031e-30 2.1231496e-25 1.8263122e-44
6.7974998e+08 2.0301546e+18 2.9832143e+09 3408811 1.4876811e-30 2.1167952e-25 1.8195266e-44
6.804305e+08 2.0321848e+18 2.9832101e+09 3409560.5 1.4839684e-30 2.1104599e-25 1.8127662e-44
6.8111171e+08 2.034217e+18 2.9832059e+09 3410310.1 1.4802649e-30 2.1041436e-25 1.8060308e-44
6.817936e+08 2.0362512e+18 2.9832018e+09 3411060 1.4765707e-30 2.0978462e-25 1.7993205e-44
6.8247617e+08 2.0382874e+18 2.9831976e+09 3411810.1 1.4728858e-30 2.0915676e-25 1.7926351e-44
6.8315943e+08 2.0403257e+18 2.9831935e+09 3412560.5 1.46921e-30 2.0853078e-25 1.7859745e-44
6.8384337e+08 2.0423661e+18 2.9831893e+09 3413311 1.4655434e-30 2.0790667e-25 1.7793386e-44
6.8452799e+08 2.0444084e+18 2.9831851e+09 3414061.7 1.4618859e-30 2.0728444e-25 1.7727273e-44
6.852133e+08 2.0464528e+18 2.983181e+09 3414812.7 1.4582376e-30 2.0666406e-25 1.7661406e-44
6.858993e+08 2.0484993e+18 2.9831768e+09 3415563.9 1.4545984e-30 2.0604554e-25 1.7595783e-44
6.8658598e+08 2.0505478e+18 2.9831727e+09 3416315.3 1.4509682e-30 2.0542887e-25 1.7530403e-44
6.8727336e+08 2.0525983e+18 2.9831685e+09 3417066.9 1.4473471e-30 2.0481405e-25 1.7465267e-44
6.8796142e+08 2.0546509e+18 2.9831643e+09 3417818.7 1.4437351e-30 2.0420107e-25 1.7400372e-44
6.8865016e+08 2.0567056e+18 2.9831602e+09 3418570.7 1.4401321e-30 2.0358992e-25 1.7335718e-44
6.893396e+08 2.0587623e+18 2.983156e+09 3419323 1.436538e-30 2.029806e-25 1.7271303e-44
6.9002973e+08 2.0608211e+18 2.9831518e+09 3420075.5 1.432953e-30 2.0237311e-25 1.7207128e-44
6.9072055e+08 2.0628819e+18 2.9831477e+09 3420828.1 1.4293768e-30 2.0176743e-25 1.7143191e-44
6.9141206e+08 2.0649448e+18 2.9831435e+09 3421581 1.4258096e-30 2.0116357e-25 1.7079492e-44
6.9210427e+08 2.0670097e+18 2.9831393e+09 3422334.1 1.4222513e-30 2.0056151e-25 1.7016029e-44
6.9279717e+08 2.0690767e+18 2.9831351e+09 3423087.5 1.4187019e-30 1.9996126e-25 1.6952801e-44
6.9349076e+08 2.0711458e+18 2.983131e+09 3423841 1.4151614e-30 1.993628e-25 1.6889808e-44
6.9418504e+08 2.0732169e+18 2.9831268e+09 3424594.7 1.4116297e-30 1.9876613e-25 1.6827049e-44
6.9488002e+08 2.0752901e+18 2.9831226e+09 3425348.7 1.4081067e-30 1.9817125e-25 1.6764522e-44
6.955757e+08 2.0773654e+18 2.9831185e+09 3426102.9 1.4045926e-30 1.9757815e-25 1.6702228e-44
6.9627207e+08 2.0794428e+18 2.9831143e+09 3426857.3 1.4010873e-30 1.9698683e-25 1.6640165e-44
6.9696915e+08 2.0815222e+18 2.9831101e+09 3427611.9 1.3975907e-30 1.9639727e-25 1.6578333e-44
6.9766691e+08 2.0836038e+18 2.9831059e+09 3428366.7 1.3941028e-30 1.9580948e-25 1.651673e-44
6.9836538e+08 2.0856874e+18 2.9831017e+09 3429121.8 1.3906236e-30 1.9522345e-25 1.6455355e-44
6.9906455e+08 2.0877731e+18 2.9830976e+09 3429877 1.3871532e-30 1.9463917e-25 1.6394208e-44
6.9976442e+08 2.0898608e+18 2.9830934e+09 3430632.5 1.3836913e-30 1.9405664e-25 1.6333289e-44
7.0046499e+08 2.0919507e+18 2.9830892e+09 3431388.2 1.3802382e-30 1.9347586e-25 1.6272595e-44
7.0116626e+08 2.0940426e+18 2.983085e+09 3432144.1 1.3767936e-30 1.9289681e-25 1.6212127e-44
7.0186823e+08 2.0961367e+18 2.9830808e+09 3432900.2 1.3733576e-30 1.923195e-25 1.6151883e-44
7.025709e+08 2.0982328e+18 2.9830766e+09 3433656.5 1.3699302e-30 1.9174391e-25 1.6091862e-44
7.0327428e+08 2.1003311e+18 2.9830725e+09 3434413.1 1.3665114e-30 1.9117005e-25 1.6032065e-44
7.0397836e+08 2.1024314e+18 2.9830683e+09 3435169.8 1.3631011e-30 1.905979e-25 1.5972489e-44
7.0468315e+08 2.1045338e+18 2.9830641e+09 3435926.8 1.3596993e-30 1.9002747e-25 1.5913135e-44
7.0538865e+08 2.1066384e+18 2.9830599e+09 3436684 1.356306e-30 1.8945874e-25 1.5854001e-44
7.0609485e+08 2.108745e+18 2.9830557e+09 3437441.4 1.3529211e-30 1.8889172e-25 1.5795086e-44
7.0680176e+08 2.1108537e+18 2.9830515e+09 3438199 1.3495447e-30 1.8832639e-25 1.573639e-44
7.0750937e+08 2.1129646e+18 2.9830473e+09 3438956.9 1.3461768e-30 1.8776275e-25 1.5677912e-44
7.082177e+08 2.1150776e+18 2.9830431e+09 3439714.9 1.3428172e-30 1.8720081e-25 1.5619651e-44
7.0892673e+08 2.1171926e+18 2.9830389e+09 3440473.2 1.339466e-30 1.8664054e-25 1.5561606e-44
7.0963647e+08 2.1193098e+18 2.9830347e+09 3441231.7 1.3361232e-30 1.8608195e-25 1.5503777e-44
7.1034693e+08 2.1214291e+18 2.9830305e+09 3441990.4 1.3327887e-30 1.8552503e-25 1.5446162e-44
7.1105809e+08 2.1235506e+18 2.9830263e+09 3442749.3 1.3294626e-30 1.8496978e-25 1.5388762e-44
7.1176997e+08 2.1256741e+18 2.9830221e+09 3443508.4 1.3261447e-30 1.8441619e-25 1.5331574e-44
7.1248256e+08 2.1277998e+18 2.9830179e+09 3444267.8 1.3228352e-30 1.8386426e-25 1.5274599e-44
7.1319587e+08 2.1299276e+18 2.9830137e+09 3445027.4 1.3195339e-30 1.8331398e-25 1.5217835e-44
7.1390988e+08 2.1320575e+18 2.9830095e+09 3445787.1 1.3162408e-30 1.8276535e-25 1.5161281e-44
7.1462462e+08 2.1341896e+18 2.9830053e+09 3446547.1 1.3129559e-30 1.8221836e-25 1.5104938e-44
7.1534007e+08 2.1363238e+18 2.9830011e+09 3447307.4 1.3096793e-30 1.81673e-25 1.5048804e-44
7.1605623e+08 2.1384601e+18 2.9829969e+09 3448067.8 1.3064108e-30 1.8112928e-25 1.4992878e-44
7.1677312e+08 2.1405985e+18 2.9829927e+09 3448828.4 1.3031505e-30 1.8058718e-25 1.493716e-44
7.1749072e+08 2.1427391e+18 2.9829885e+09 3449589.3 1.2998983e-30 1.8004671e-25 1.4881649e-44
7.1820904e+08 2.1448819e+18 2.9829843e+09 3450350.4 1.2966542e-30 1.7950786e-25 1.4826343e-44
7.1892808e+08 2.1470268e+18 2.9829801e+09 3451111.7 1.2934183e-30 1.7897062e-25 1.4771243e-44
7.1964783e+08 2.1491738e+18 2.9829759e+09 3451873.2 1.2901904e-30 1.7843498e-25 1.4716348e-44
7.2036831e+08 2.151323e+18 2.9829717e+09 3452634.9 1.2869705e-30 1.7790095e-25 1.4661656e-44
7.2108952e+08 2.1534743e+18 2.9829675e+09 3453396.8 1.2837587e-30 1.7736852e-25 1.4607168e-44
7.2181144e+08 2.1556278e+18 2.9829633e+09 3454159 1.2805549e-30 1.7683768e-25 1.4552881e-44
7.2253409e+08 2.1577834e+18 2.982959e+09 3454921.4 1.2773592e-30 1.7630843e-25 1.4498796e-44
7.2325746e+08 2.1599412e+18 2.9829548e+09 3455684 1.2741713e-30 1.7578076e-25 1.4444912e-44
7.2398155e+08 2.1621011e+18 2.9829506e+09 3456446.8 1.2709915e-30 1.7525468e-25 1.4391228e-44
7.2470637e+08 2.1642632e+18 2.9829464e+09 3457209.8 1.2678195e-30 1.7473017e-25 1.4337743e-44
7.2543192e+08 2.1664275e+18 2.9829422e+09 3457973 1.2646555e-30 1.7420722e-25 1.4284457e-44
7.2615819e+08 2.1685939e+18 2.982938e+09 3458736.5 1.2614994e-30 1.7368585e-25 1.4231369e-44
7.2688519e+08 2.1707625e+18 2.9829338e+09 3459500.2 1.2583512e-30 1.7316603e-25 1.4178478e-44
7.2761291e+08 2.1729333e+18 2.9829295e+09 3460264.1 1.2552108e-30 1.7264777e-25 1.4125783e-44
7.2834137e+08 2.1751062e+18 2.9829253e+09 3461028.2 1.2520783e-30 1.7213106e-25 1.4073283e-44
7.2907056e+08 2.1772813e+18 2.9829211e+09 3461792.5 1.2489535e-30 1.7161589e-25 1.4020979e-44
7.2980047e+08 2.1794586e+18 2.9829169e+09 3462557 1.2458366e-30 1.7110227e-25 1.3968869e-44
7.3053112e+08 2.181638e+18 2.9829126e+09 3463321.8 1.2427275e-30 1.7059019e-25 1.3916952e-44
7.312625e+08 2.1838197e+18 2.9829084e+09 3464086.8 1.2396261e-30 1.7007964e-25 1.3865228e-44
7.3199461e+08 2.1860035e+18 2.9829042e+09 3464852 1.2365324e-30 1.6957061e-25 1.3813696e-44
7.3272745e+08 2.1881895e+18 2.9829e+09 3465617.4 1.2334465e-30 1.6906311e-25 1.3762355e-44
7.3346103e+08 2.1903777e+18 2.9828957e+09 3466383 1.2303683e-30 1.6855713e-25 1.3711205e-44
7.3419534e+08 2.1925681e+18 2.9828915e+09 3467148.8 1.2272977e-30 1.6805266e-25 1.3660245e-44
7.3493039e+08 2.1947606e+18 2.9828873e+09 3467914.9 1.2242348e-30 1.6754971e-25 1.3609474e-44
7.3566617e+08 2.1969554e+18 2.982883e+09 3468681.2 1.2211796e-30 1.6704826e-25 1.3558891e-44
7.3640269e+08 2.1991524e+18 2.9828788e+09 3469447.7 1.218132e-30 1.6654831e-25 1.3508496e-44
7.3713995e+08 2.2013515e+18 2.9828746e+09 3470214.4 1.215092e-30 1.6604985e-25 1.3458289e-44
7.3787795e+08 2.2035529e+18 2.9828704e+09 3470981.3 1.2120595e-30 1.6555289e-25 1.3408267e-44
7.3861669e+08 2.2057564e+18 2.9828661e+09 3471748.5 1.2090347e-30 1.6505741e-25 1.3358432e-44
7.3935616e+08 2.2079622e+18 2.9828619e+09 3472515.8 1.2060174e-30 1.6456342e-25 1.3308781e-44
7.4009638e+08 2.2101701e+18 2.9828576e+09 3473283.4 1.2030076e-30 1.6407091e-25 1.3259315e-44
7.4083733e+08 2.2123803e+18 2.9828534e+09 3474051.2 1.2000053e-30 1.6357987e-25 1.3210033e-44
7.4157903e+08 2.2145927e+18 2.9828492e+09 3474819.2 1.1970106e-30 1.630903e-25 1.3160933e-44
7.4232148e+08 2.2168073e+18 2.9828449e+09 3475587.5 1.1940233e-30 1.6260219e-25 1.3112016e-44
7.4306466e+08 2.2190241e+18 2.9828407e+09 3476355.9 1.1910434e-30 1.6211555e-25 1.306328e-44
7.4380859e+08 2.2212431e+18 2.9828364e+09 3477124.6 1.188071e-30 1.6163036e-25 1.3014725e-44
7.4455327e+08 2.2234644e+18 2.9828322e+09 3477893.5 1.185106e-30 1.6114662e-25 1.2966351e-44
7.4529869e+08 2.2256878e+18 2.982828e+09 3478662.6 1.1821485e-30 1.6066434e-25 1.2918156e-44
7.4604485e+08 2.2279135e+18 2.9828237e+09 3479431.9 1.1791983e-30 1.6018349e-25 1.287014e-44
7.4679177e+08 2.2301414e+18 2.9828195e+09 3480201.4 1.1762554e-30 1.5970409e-25 1.2822303e-44
7.4753943e+08 2.2323716e+18 2.9828152e+09 3480971.2 1.1733199e-30 1.5922612e-25 1.2774643e-44
7.4828784e+08 2.2346039e+18 2.982811e+09 3481741.2 1.1703917e-30 1.5874958e-25 1.272716e-44
7.49037e+08 2.2368385e+18 2.9828067e+09 3482511.3 1.1674709e-30 1.5827446e-25 1.2679853e-44
7.4978691e+08 2.2390754e+18 2.9828025e+09 3483281.8 1.1645573e-30 1.5780077e-25 1.2632722e-44
7.5053757e+08 2.2413144e+18 2.9827982e+09 3484052.4 1.161651e-30 1.573285e-25 1.2585766e-44
7.5128899e+08 2.2435558e+18 2.982794e+09 3484823.2 1.1587519e-30 1.5685764e-25 1.2538984e-44
7.5204115e+08 2.2457993e+18 2.9827897e+09 3485594.3 1.1558601e-30 1.5638819e-25 1.2492376e-44
7.5279407e+08 2.2480451e+18 2.9827855e+09 3486365.6 1.1529755e-30 1.5592014e-25 1.2445941e-44
7.5354774e+08 2.2502932e+18 2.9827812e+09 3487137.1 1.1500981e-30 1.554535e-25 1.2399678e-44
7.5430217e+08 2.2525435e+18 2.982777e+09 3487908.8 1.1472279e-30 1.5498825e-25 1.2353587e-44
7.5505736e+08 2.254796e+18 2.9827727e+09 3488680.7 1.1443648e-30 1.5452439e-25 1.2307668e-44
7.558133e+08 2.2570508e+18 2.9827685e+09 3489452.9 1.1415089e-30 1.5406192e-25 1.2261918e-44
7.5656999e+08 2.2593078e+18 2.9827642e+09 3490225.3 1.1386601e-30 1.5360084e-25 1.2216339e-44
7.5732745e+08 2.2615672e+18 2.9827599e+09 3490997.9 1.1358185e-30 1.5314114e-25 1.2170929e-44
7.5808566e+08 2.2638287e+18 2.9827557e+09 3491770.7 1.1329839e-30 1.5268281e-25 1.2125687e-44
7.5884463e+08 2.2660925e+18 2.9827514e+09 3492543.7 1.1301564e-30 1.5222585e-25 1.2080614e-44
7.5960436e+08 2.2683586e+18 2.9827472e+09 3493316.9 1.1273359e-30 1.5177026e-25 1.2035708e-44
7.6036486e+08 2.270627e+18 2.9827429e+09 3494090.4 1.1245225e-30 1.5131604e-25 1.1990968e-44
7.6112611e+08 2.2728976e+18 2.9827386e+09 3494864.1 1.1217161e-30 1.5086317e-25 1.1946395e-44
7.6188813e+08 2.2751705e+18 2.9827344e+09 3495638 1.1189167e-30 1.5041166e-25 1.1901987e-44
7.6265091e+08 2.2774457e+18 2.9827301e+09 3496412.1 1.1161243e-30 1.499615e-25 1.1857744e-44
7.6341445e+08 2.2797231e+18 2.9827258e+09 3497186.5 1.1133389e-30 1.4951269e-25 1.1813666e-44
7.6417876e+08 2.2820029e+18 2.9827216e+09 3497961 1.1105604e-30 1.4906523e-25 1.1769751e-44
7.6494384e+08 2.2842849e+18 2.9827173e+09 3498735.8 1.1077888e-30 1.486191e-25 1.1725999e-44
7.6570968e+08 2.2865692e+18 2.982713e+09 3499510.8 1.1050242e-30 1.481743e-25 1.168241e-44
7.6647628e+08 2.2888557e+18 2.9827087e+09 3500286 1.1022665e-30 1.4773084e-25 1.1638982e-44
7.6724366e+08 2.2911446e+18 2.9827045e+09 3501061.4 1.0995156e-30 1.4728871e-25 1.1595716e-44
7.680118e+08 2.2934357e+18 2.9827002e+09 3501837.1 1.0967716e-30 1.4684789e-25 1.155261e-44
7.6878071e+08 2.2957292e+18 2.9826959e+09 3502613 1.0940345e-30 1.464084e-25 1.1509665e-44
7.695504e+08 2.2980249e+18 2.9826917e+09 3503389 1.0913042e-30 1.4597022e-25 1.1466879e-44
7.7032085e+08 2.3003229e+18 2.9826874e+09 3504165.4 1.0885807e-30 1.4553336e-25 1.1424252e-44
7.7109207e+08 2.3026232e+18 2.9826831e+09 3504941.9 1.085864e-30 1.450978e-25 1.1381783e-44
7.7186407e+08 2.3049259e+18 2.9826788e+09 3505718.6 1.0831541e-30 1.4466354e-25 1.1339471e-44
7.7263684e+08 2.3072308e+18 2.9826745e+09 3506495.6 1.0804509e-30 1.4423059e-25 1.1297317e-44
7.7341039e+08 2.309538e+18 2.9826703e+09 3507272.8 1.0777545e-30 1.4379893e-25 1.125532e-44
7.7418471e+08 2.3118476e+18 2.982666e+09 3508050.2 1.0750648e-30 1.4336856e-25 1.1213478e-44
7.749598e+08 2.3141594e+18 2.9826617e+09 3508827.8 1.0723819e-30 1.4293948e-25 1.1171792e-44
7.7573567e+08 2.3164736e+18 2.9826574e+09 3509605.7 1.0697056e-30 1.4251169e-25 1.1130261e-44
7.7651232e+08 2.31879e+18 2.9826531e+09 3510383.7 1.067036e-30 1.4208517e-25 1.1088883e-44
7.7728974e+08 2.3211088e+18 2.9826488e+09 3511162 1.0643731e-30 1.4165994e-25 1.104766e-44
7.7806795e+08 2.3234299e+18 2.9826446e+09 3511940.5 1.0617168e-30 1.4123597e-25 1.1006589e-44
7.7884693e+08 2.3257534e+18 2.9826403e+09 3512719.2 1.0590671e-30 1.4081327e-25 1.0965672e-44
7.7962669e+08 2.3280791e+18 2.982636e+09 3513498.2 1.0564241e-30 1.4039184e-25 1.0924906e-44
7.8040724e+08 2.3304072e+18 2.9826317e+09 3514277.3 1.0537877e-30 1.3997167e-25 1.0884291e-44
7.8118856e+08 2.3327376e+18 2.9826274e+09 3515056.7 1.0511578e-30 1.3955276e-25 1.0843827e-44
7.8197067e+08 2.3350703e+18 2.9826231e+09 3515836.3 1.0485345e-30 1.391351e-25 1.0803514e-44
7.8275356e+08 2.3374054e+18 2.9826188e+09 3516616.1 1.0459177e-30 1.3871869e-25 1.076335e-44
7.8353724e+08 2.3397428e+18 2.9826145e+09 3517396.2 1.0433075e-30 1.3830353e-25 1.0723335e-44
7.843217e+08 2.3420826e+18 2.9826102e+09 3518176.4 1.0407038e-30 1.3788961e-25 1.0683469e-44
7.8510695e+08 2.3444246e+18 2.9826059e+09 3518956.9 1.0381066e-30 1.3747693e-25 1.0643751e-44
7.8589298e+08 2.3467691e+18 2.9826016e+09 3519737.6 1.0355159e-30 1.3706548e-25 1.0604181e-44
7.866798e+08 2.3491158e+18 2.9825974e+09 3520518.5 1.0329316e-30 1.3665527e-25 1.0564757e-44
7.874674e+08 2.3514649e+18 2.9825931e+09 3521299.7 1.0303538e-30 1.3624628e-25 1.052548e-44
7.882558e+08 2.3538164e+18 2.9825888e+09 3522081 1.0277824e-30 1.3583852e-25 1.0486349e-44
7.8904499e+08 2.3561702e+18 2.9825845e+09 3522862.6 1.0252174e-30 1.3543198e-25 1.0447363e-44
7.8983496e+08 2.3585264e+18 2.9825802e+09 3523644.4 1.0226589e-30 1.3502665e-25 1.0408522e-44
7.9062573e+08 2.3608849e+18 2.9825759e+09 3524426.4 1.0201067e-30 1.3462254e-25 1.0369825e-44
7.9141729e+08 2.3632458e+18 2.9825715e+09 3525208.7 1.0175609e-30 1.3421964e-25 1.0331272e-44
7.9220964e+08 2.3656091e+18 2.9825672e+09 3525991.1 1.0150214e-30 1.3381794e-25 1.0292862e-44
7.9300279e+08 2.3679747e+18 2.9825629e+09 3526773.8 1.0124883e-30 1.3341744e-25 1.0254595e-44
7.9379673e+08 2.3703426e+18 2.9825586e+09 3527556.7 1.0099615e-30 1.3301815e-25 1.0216469e-44
7.9459146e+08 2.372713e+18 2.9825543e+09 3528339.8 1.007441e-30 1.3262005e-25 1.0178486e-44
7.9538699e+08 2.3750857e+18 2.98255e+09 3529123.2 1.0049268e-30 1.3222314e-25 1.0140643e-44
7.9618332e+08 2.3774608e+18 2.9825457e+09 3529906.7 1.0024189e-30 1.3182742e-25 1.0102941e-44
7.9698044e+08 2.3798382e+18 2.9825414e+09 3530690.5 9.9991721e-31 1.3143288e-25 1.0065379e-44
7.9777837e+08 2.3822181e+18 2.9825371e+09 3531474.5 9.9742178e-31 1.3103952e-25 1.0027957e-44
7.9857709e+08 2.3846003e+18 2.9825328e+09 3532258.7 9.9493259e-31 1.3064734e-25 9.9906731e-45
7.9937661e+08 2.3869849e+18 2.9825285e+09 3533043.2 9.924496e-31 1.3025634e-25 9.953528e-45
8.0017693e+08 2.3893719e+18 2.9825241e+09 3533827.8 9.8997281e-31 1.298665e-25 9.9165209e-45
8.0097806e+08 2.3917613e+18 2.9825198e+09 3534612.7 9.875022e-31 1.2947783e-25 9.8796513e-45
8.0177998e+08 2.394153e+18 2.9825155e+09 3535397.8 9.8503776e-31 1.2909033e-25 9.8429186e-45
8.0258271e+08 2.3965472e+18 2.9825112e+09 3536183.1 9.8257947e-31 1.2870398e-25 9.8063223e-45
8.0338625e+08 2.3989437e+18 2.9825069e+09 3536968.7 9.8012731e-31 1.2831879e-25 9.769862e-45
8.0419058e+08 2.4013427e+18 2.9825026e+09 3537754.5 9.7768128e-31 1.2793476e-25 9.7335371e-45
8.0499573e+08 2.403744e+18 2.9824982e+09 3538540.4 9.7524135e-31 1.2755187e-25 9.697347e-45
8.0580168e+08 2.4061477e+18 2.9824939e+09 3539326.7 9.728075e-31 1.2717013e-25 9.6612914e-45
8.0660843e+08 2.4085539e+18 2.9824896e+09 3540113.1 9.7037973e-31 1.2678953e-25 9.6253697e-45
8.07416e+08 2.4109625e+18 2.9824853e+09 3540899.7 9.6795802e-31 1.2641007e-25 9.5895815e-45
8.0822437e+08 2.4133734e+18 2.982481e+09 3541686.6 9.6554236e-31 1.2603175e-25 9.5539261e-45
8.0903356e+08 2.4157868e+18 2.9824766e+09 3542473.7 9.6313272e-31 1.2565456e-25 9.5184032e-45
8.0984355e+08 2.4182026e+18 2.9824723e+09 3543261 9.6072909e-31 1.2527849e-25 9.4830122e-45
8.1065435e+08 2.4206208e+18 2.982468e+09 3544048.6 9.5833147e-31 1.2490356e-25 9.4477527e-45
8.1146597e+08 2.4230414e+18 2.9824636e+09 3544836.3 9.5593983e-31 1.2452974e-25 9.4126242e-45
8.122784e+08 2.4254644e+18 2.9824593e+09 3545624.3 9.5355415e-31 1.2415705e-25 9.3776261e-45
8.1309164e+08 2.4278899e+18 2.982455e+09 3546412.5 9.5117443e-31 1.2378546e-25 9.342758e-45
8.139057e+08 2.4303178e+18 2.9824507e+09 3547200.9 9.4880065e-31 1.23415e-25 9.3080194e-45
8.1472057e+08 2.4327481e+18 2.9824463e+09 3547989.5 9.464328e-31 1.2304564e-25 9.2734099e-45
8.1553626e+08 2.4351809e+18 2.982442e+09 3548778.4 9.4407085e-31 1.2267738e-25 9.2389289e-45
8.1635277e+08 2.437616e+18 2.9824377e+09 3549567.5 9.4171479e-31 1.2231023e-25 9.2045759e-45
8.1717009e+08 2.4400537e+18 2.9824333e+09 3550356.8 9.3936462e-31 1.2194418e-25 9.1703506e-45
8.1798823e+08 2.4424937e+18 2.982429e+09 3551146.3 9.3702031e-31 1.2157922e-25 9.1362524e-45
8.1880719e+08 2.4449362e+18 2.9824246e+09 3551936.1 9.3468186e-31 1.2121535e-25 9.1022809e-45
8.1962698e+08 2.4473811e+18 2.9824203e+09 3552726.1 9.3234923e-31 1.2085258e-25 9.0684355e-45
8.2044758e+08 2.4498285e+18 2.982416e+09 3553516.2 9.3002243e-31 1.2049089e-25 9.0347158e-45
8.21269e+08 2.4522783e+18 2.9824116e+09 3554306.7 9.2770144e-31 1.2013028e-25 9.0011215e-45
8.2209125e+08 2.4547306e+18 2.9824073e+09 3555097.3 9.2538624e-31 1.1977075e-25 8.9676518e-45
8.2291432e+08 2.4571854e+18 2.9824029e+09 3555888.2 9.2307682e-31 1.194123e-25 8.9343066e-45
8.2373821e+08 2.4596425e+18 2.9823986e+09 3556679.2 9.2077316e-31 1.1905492e-25 8.9010851e-45
8.2456293e+08 2.4621022e+18 2.9823943e+09 3557470.5 9.1847525e-31 1.1869861e-25 8.8679871e-45
8.2538848e+08 2.4645643e+18 2.9823899e+09 3558262.1 9.1618307e-31 1.1834336e-25 8.835012e-45
8.2621485e+08 2.4670289e+18 2.9823856e+09 3559053.8 9.1389662e-31 1.1798918e-25 8.8021594e-45
8.2704205e+08 2.4694959e+18 2.9823812e+09 3559845.8 9.1161587e-31 1.1763606e-25 8.7694289e-45
8.2787008e+08 2.4719654e+18 2.9823769e+09 3560638 9.0934081e-31 1.17284e-25 8.7368199e-45
8.2869894e+08 2.4744373e+18 2.9823725e+09 3561430.4 9.0707143e-31 1.1693299e-25 8.704332e-45
8.2952862e+08 2.4769118e+18 2.9823682e+09 3562223 9.0480771e-31 1.1658303e-25 8.6719649e-45
8.3035914e+08 2.4793887e+18 2.9823638e+09 3563015.9 9.0254965e-31 1.1623412e-25 8.6397179e-45
8.3119049e+08 2.4818681e+18 2.9823595e+09 3563808.9 9.0029722e-31 1.1588625e-25 8.6075908e-45
8.3202268e+08 2.4843499e+18 2.9823551e+09 3564602.3 8.9805041e-31 1.1553942e-25 8.575583e-45
8.3285569e+08 2.4868343e+18 2.9823508e+09 3565395.8 8.958092e-31 1.1519363e-25 8.5436941e-45
8.3368954e+08 2.4893211e+18 2.9823464e+09 3566189.5 8.9357359e-31 1.1484888e-25 8.5119236e-45
8.3452423e+08 2.4918105e+18 2.982342e+09 3566983.5 8.9134356e-31 1.1450516e-25 8.4802712e-45
8.3535975e+08 2.4943023e+18 2.9823377e+09 3567777.7 8.891191e-31 1.1416246e-25 8.4487363e-45
8.3619611e+08 2.4967966e+18 2.9823333e+09 3568572.1 8.8690018e-31 1.138208e-25 8.4173186e-45
8.370333e+08 2.4992934e+18 2.982329e+09 3569366.7 8.8468681e-31 1.1348015e-25 8.3860176e-45
8.3787134e+08 2.5017927e+18 2.9823246e+09 3570161.6 8.8247895e-31 1.1314052e-25 8.3548329e-45
8.3871021e+08 2.5042944e+18 2.9823203e+09 3570956.7 8.8027661e-31 1.1280192e-25 8.323764e-45
8.3954992e+08 2.5067987e+18 2.9823159e+09 3571752 8.7807977e-31 1.1246432e-25 8.2928105e-45
8.4039048e+08 2.5093055e+18 2.9823115e+09 3572547.5 8.758884e-31 1.1212773e-25 8.261972e-45
8.4123187e+08 2.5118148e+18 2.9823072e+09 3573343.2 8.7370251e-31 1.1179216e-25 8.2312481e-45
8.4207411e+08 2.5143267e+18 2.9823028e+09 3574139.2 8.7152207e-31 1.1145758e-25 8.2006383e-45
8.4291719e+08 2.516841e+18 2.9822984e+09 3574935.4 8.6934707e-31 1.1112401e-25 8.1701423e-45
8.4376112e+08 2.5193578e+18 2.9822941e+09 3575731.8 8.671775e-31 1.1079144e-25 8.1397595e-45
8.4460589e+08 2.5218772e+18 2.9822897e+09 3576528.5 8.6501335e-31 1.1045986e-25 8.1094896e-45
8.4545151e+08 2.5243991e+18 2.9822853e+09 3577325.3 8.6285459e-31 1.1012927e-25 8.0793321e-45
8.4629798e+08 2.5269235e+18 2.982281e+09 3578122.4 8.6070122e-31 1.0979968e-25 8.0492867e-45
8.4714529e+08 2.5294504e+18 2.9822766e+09 3578919.7 8.5855323e-31 1.0947107e-25 8.0193529e-45
8.4799345e+08 2.5319798e+18 2.9822722e+09 3579717.3 8.564106e-31 1.0914344e-25 7.9895303e-45
8.4884246e+08 2.5345118e+18 2.9822678e+09 3580515 8.5427331e-31 1.0881679e-25 7.9598185e-45
8.4969232e+08 2.5370463e+18 2.9822635e+09 3581313 8.5214136e-31 1.0849112e-25 7.930217e-45
8.5054303e+08 2.5395834e+18 2.9822591e+09 3582111.2 8.5001473e-31 1.0816643e-25 7.9007256e-45
8.513946e+08 2.542123e+18 2.9822547e+09 3582909.6 8.4789341e-31 1.0784271e-25 7.8713437e-45
8.5224701e+08 2.5446651e+18 2.9822503e+09 3583708.3 8.4577738e-31 1.0751995e-25 7.8420709e-45
8.5310028e+08 2.5472097e+18 2.9822459e+09 3584507.1 8.4366663e-31 1.0719817e-25 7.8129069e-45
8.5395441e+08 2.549757e+18 2.9822416e+09 3585306.2 8.4156115e-31 1.0687734e-25 7.7838513e-45
8.5480939e+08 2.5523067e+18 2.9822372e+09 3586105.6 8.3946092e-31 1.0655748e-25 7.7549036e-45
8.5566522e+08 2.554859e+18 2.9822328e+09 3586905.1 8.3736594e-31 1.0623857e-25 7.7260634e-45
8.5652192e+08 2.5574139e+18 2.9822284e+09 3587704.9 8.3527618e-31 1.0592062e-25 7.6973304e-45
8.5737947e+08 2.5599713e+18 2.982224e+09 3588504.9 8.3319164e-31 1.0560362e-25 7.6687041e-45
8.5823788e+08 2.5625313e+18 2.9822197e+09 3589305.1 8.311123e-31 1.0528757e-25 7.6401842e-45
8.5909715e+08 2.5650938e+18 2.9822153e+09 3590105.5 8.2903815e-31 1.0497246e-25 7.6117702e-45
8.5995728e+08 2.5676589e+18 2.9822109e+09 3590906.2 8.2696917e-31 1.046583e-25 7.5834618e-45
8.6081827e+08 2.5702265e+18 2.9822065e+09 3591707.1 8.2490536e-31 1.0434508e-25 7.5552586e-45
8.6168012e+08 2.5727968e+18 2.9822021e+09 3592508.2 8.228467e-31 1.0403279e-25 7.5271602e-45
8.6254284e+08 2.5753696e+18 2.9821977e+09 3593309.5 8.2079318e-31 1.0372144e-25 7.4991661e-45
8.6340642e+08 2.5779449e+18 2.9821933e+09 3594111.1 8.1874478e-31 1.0341102e-25 7.4712761e-45
8.6427087e+08 2.5805229e+18 2.9821889e+09 3594912.8 8.167015e-31 1.0310153e-25 7.4434897e-45
8.6513618e+08 2.5831034e+18 2.9821845e+09 3595714.8 8.1466331e-31 1.0279297e-25 7.4158065e-45
8.6600236e+08 2.5856865e+18 2.9821801e+09 3596517.1 8.1263021e-31 1.0248533e-25 7.3882261e-45
8.668694e+08 2.5882722e+18 2.9821757e+09 3597319.5 8.1060219e-31 1.0217861e-25 7.3607483e-45
8.6773732e+08 2.5908605e+18 2.9821713e+09 3598122.2 8.0857922e-31 1.0187281e-25 7.3333725e-45
8.686061e+08 2.5934513e+18 2.982167e+09 3598925.1 8.0656131e-31 1.0156792e-25 7.3060984e-45
8.6947575e+08 2.5960448e+18 2.9821626e+09 3599728.2 8.0454843e-31 1.0126395e-25 7.2789257e-45
8.7034628e+08 2.5986408e+18 2.9821582e+09 3600531.6 8.0254057e-31 1.0096089e-25 7.2518539e-45
8.7121767e+08 2.6012395e+18 2.9821538e+09 3601335.1 8.0053773e-31 1.0065873e-25 7.2248827e-45
8.7208994e+08 2.6038407e+18 2.9821494e+09 3602138.9 7.9853988e-31 1.0035748e-25 7.1980118e-45
8.7296308e+08 2.6064445e+18 2.982145e+09 3602943 7.9654702e-31 1.0005713e-25 7.1712406e-45
8.738371e+08 2.609051e+18 2.9821405e+09 3603747.2 7.9455913e-31 9.9757674e-26 7.1445689e-45
8.7471199e+08 2.61166e+18 2.9821361e+09 3604551.7 7.925762e-31 9.9459118e-26 7.1179964e-45
8.7558776e+08 2.6142717e+18 2.9821317e+09 3605356.4 7.9059822e-31 9.9161456e-26 7.0915225e-45
8.7646441e+08 2.616886e+18 2.9821273e+09 3606161.3 7.8862518e-31 9.8864685e-26 7.065147e-45
8.7734193e+08 2.6195029e+18 2.9821229e+09 3606966.4 7.8665706e-31 9.8568802e-26 7.0388696e-45
8.7822033e+08 2.6221224e+18 2.9821185e+09 3607771.8 7.8469386e-31 9.8273805e-26 7.0126897e-45
8.7909961e+08 2.6247445e+18 2.9821141e+09 3608577.4 7.8273555e-31 9.797969e-26 6.9866071e-45
8.7997978e+08 2.6273692e+18 2.9821097e+09 3609383.2 7.8078213e-31 9.7686456e-26 6.9606215e-45
8.8086082e+08 2.6299966e+18 2.9821053e+09 3610189.3 7.7883359e-31 9.7394099e-26 6.9347324e-45
8.8174275e+08 2.6326266e+18 2.9821009e+09 3610995.5 7.7688991e-31 9.7102618e-26 6.9089395e-45
8.8262556e+08 2.6352592e+18 2.9820965e+09 3611802 7.7495107e-31 9.6812009e-26 6.8832424e-45
8.8350925e+08 2.6378945e+18 2.982092e+09 3612608.7 7.7301708e-31 9.6522269e-26 6.8576408e-45
8.8439383e+08 2.6405324e+18 2.9820876e+09 3613415.7 7.7108792e-31 9.6233397e-26 6.8321343e-45
8.8527929e+08 2.6431729e+18 2.9820832e+09 3614222.9 7.6916357e-31 9.5945389e-26 6.8067226e-45
8.8616564e+08 2.6458161e+18 2.9820788e+09 3615030.2 7.6724402e-31 9.5658243e-26 6.7814053e-45
8.8705288e+08 2.6484619e+18 2.9820744e+09 3615837.9 7.6532926e-31 9.5371957e-26 6.7561821e-45
8.8794101e+08 2.6511104e+18 2.98207e+09 3616645.7 7.6341928e-31 9.5086527e-26 6.7310526e-45
8.8883003e+08 2.6537615e+18 2.9820655e+09 3617453.8 7.6151406e-31 9.4801952e-26 6.7060165e-45
8.8971993e+08 2.6564152e+18 2.9820611e+09 3618262.1 7.5961361e-31 9.4518228e-26 6.6810735e-45
8.9061073e+08 2.6590716e+18 2.9820567e+09 3619070.6 7.5771789e-31 9.4235354e-26 6.6562231e-45
8.9150242e+08 2.6617307e+18 2.9820523e+09 3619879.3 7.5582691e-31 9.3953326e-26 6.631465e-45
8.9239501e+08 2.6643925e+18 2.9820478e+09 3620688.3 7.5394064e-31 9.3672142e-26 6.606799e-45
8.9328848e+08 2.6670568e+18 2.9820434e+09 3621497.5 7.5205908e-31 9.33918e-26 6.5822245e-45
8.9418286e+08 2.6697239e+18 2.982039e+09 3622306.9 7.5018222e-31 9.3112297e-26 6.5577415e-45
8.9507812e+08 2.6723936e+18 2.9820346e+09 3623116.6 7.4831004e-31 9.283363e-26 6.5333493e-45
8.9597429e+08 2.675066e+18 2.9820301e+09 3623926.4 7.4644254e-31 9.2555798e-26 6.5090479e-45
8.9687135e+08 2.6777411e+18 2.9820257e+09 3624736.5 7.4457969e-31 9.2278797e-26 6.4848367e-45
8.9776931e+08 2.6804188e+18 2.9820213e+09 3625546.8 7.4272149e-31 9.2002625e-26 6.4607155e-45
8.9866817e+08 2.6830992e+18 2.9820168e+09 3626357.4 7.4086793e-31 9.1727279e-26 6.4366839e-45
8.9956793e+08 2.6857823e+18 2.9820124e+09 3627168.2 7.39019e-31 9.1452758e-26 6.4127416e-45
9.0046859e+08 2.6884681e+18 2.982008e+09 3627979.2 7.3717468e-31 9.1179058e-26 6.3888883e-45
9.0137015e+08 2.6911566e+18 2.9820035e+09 3628790.4 7.3533497e-31 9.0906177e-26 6.3651236e-45
9.0227262e+08 2.6938478e+18 2.9819991e+09 3629601.8 7.3349984e-31 9.0634113e-26 6.3414473e-45
9.0317599e+08 2.6965416e+18 2.9819947e+09 3630413.5 7.3166929e-31 9.0362864e-26 6.3178589e-45
9.0408026e+08 2.6992381e+18 2.9819902e+09 3631225.4 7.2984332e-31 9.0092426e-26 6.2943582e-45
9.0498544e+08 2.7019374e+18 2.9819858e+09 3632037.5 7.280219e-31 8.9822797e-26 6.2709448e-45
9.0589153e+08 2.7046393e+18 2.9819813e+09 3632849.9 7.2620502e-31 8.9553976e-26 6.2476184e-45
9.0679853e+08 2.707344e+18 2.9819769e+09 3633662.5 7.2439268e-31 8.9285959e-26 6.2243787e-45
9.0770643e+08 2.7100513e+18 2.9819724e+09 3634475.3 7.2258487e-31 8.9018744e-26 6.2012253e-45
9.0861524e+08 2.7127613e+18 2.981968e+09 3635288.3 7.2078156e-31 8.8752329e-26 6.178158e-45
9.0952496e+08 2.7154741e+18 2.9819636e+09 3636101.6 7.1898276e-31 8.8486711e-26 6.1551764e-45
9.1043559e+08 2.7181896e+18 2.9819591e+09 3636915.1 7.1718844e-31 8.8221888e-26 6.1322803e-45
9.1134714e+08 2.7209078e+18 2.9819547e+09 3637728.8 7.153986e-31 8.7957858e-26 6.1094692e-45
9.122596e+08 2.7236287e+18 2.9819502e+09 3638542.7 7.1361323e-31 8.7694618e-26 6.0867428e-45
9.1317297e+08 2.7263523e+18 2.9819458e+09 3639356.9 7.1183231e-31 8.7432166e-26 6.064101e-45
9.1408725e+08 2.7290787e+18 2.9819413e+09 3640171.3 7.1005584e-31 8.7170499e-26 6.0415432e-45
9.1500246e+08 2.7318077e+18 2.9819369e+09 3640985.9 7.0828381e-31 8.6909616e-26 6.0190693e-45
9.1591858e+08 2.7345395e+18 2.9819324e+09 3641800.7 7.0651619e-31 8.6649513e-26 5.9966789e-45
9.1683561e+08 2.7372741e+18 2.981928e+09 3642615.8 7.0475299e-31 8.6390189e-26 5.9743718e-45
9.1775357e+08 2.7400114e+18 2.9819235e+09 3643431.1 7.0299418e-31 8.6131641e-26 5.9521475e-45
9.1867244e+08 2.7427514e+18 2.9819191e+09 3644246.6 7.0123977e-31 8.5873867e-26 5.9300058e-45
9.1959223e+08 2.7454941e+18 2.9819146e+09 3645062.4 6.9948973e-31 8.5616864e-26 5.9079464e-45
9.2051295e+08 2.7482396e+18 2.9819101e+09 3645878.3 6.9774406e-31 8.536063e-26 5.885969e-45
9.2143459e+08 2.7509879e+18 2.9819057e+09 3646694.5 6.9600275e-31 8.5105163e-26 5.8640732e-45
9.2235715e+08 2.7537388e+18 2.9819012e+09 3647511 6.9426578e-31 8.4850461e-26 5.8422588e-45
9.2328063e+08 2.7564926e+18 2.9818968e+09 3648327.6 6.9253315e-31 8.4596521e-26 5.8205255e-45
9.2420504e+08 2.7592491e+18 2.9818923e+09 3649144.5 6.9080484e-31 8.4343342e-26 5.798873e-45
9.2513037e+08 2.7620083e+18 2.9818878e+09 3649961.6 6.8908085e-31 8.4090919e-26 5.7773009e-45
9.2605664e+08 2.7647703e+18 2.9818834e+09 3650779 6.8736116e-31 8.3839253e-26 5.755809e-45
9.2698383e+08 2.7675351e+18 2.9818789e+09 3651596.5 6.8564576e-31 8.3588339e-26 5.734397e-45
9.2791194e+08 2.7703026e+18 2.9818744e+09 3652414.3 6.8393464e-31 8.3338177e-26 5.7130645e-45
9.2884099e+08 2.7730729e+18 2.98187e+09 3653232.3 6.8222779e-31 8.3088763e-26 5.6918114e-45
9.2977097e+08 2.775846e+18 2.9818655e+09 3654050.6 6.805252e-31 8.2840096e-26 5.6706372e-45
9.3070188e+08 2.7786219e+18 2.981861e+09 3654869.1 6.7882686e-31 8.2592173e-26 5.6495417e-45
9.3163372e+08 2.7814005e+18 2.9818566e+09 3655687.8 6.7713276e-31 8.2344992e-26 5.6285246e-45
9.3256649e+08 2.7841819e+18 2.9818521e+09 3656506.7 6.7544289e-31 8.209855e-26 5.6075856e-45
9.335002e+08 2.7869661e+18 2.9818476e+09 3657325.8 6.7375723e-31 8.1852847e-26 5.5867245e-45
9.3443485e+08 2.789753e+18 2.9818432e+09 3658145.2 6.7207578e-31 8.1607878e-26 5.5659409e-45
9.3537043e+08 2.7925428e+18 2.9818387e+09 3658964.8 6.7039853e-31 8.1363643e-26 5.5452345e-45
9.3630694e+08 2.7953353e+18 2.9818342e+09 3659784.7 6.6872546e-31 8.1120139e-26 5.524605e-45
9.372444e+08 2.7981307e+18 2.9818297e+09 3660604.7 6.6705657e-31 8.0877363e-26 5.5040523e-45
9.3818279e+08 2.8009288e+18 2.9818253e+09 3661425 6.6539184e-31 8.0635314e-26 5.4835759e-45
9.3912213e+08 2.8037297e+18 2.9818208e+09 3662245.5 6.6373127e-31 8.039399e-26 5.4631757e-45
9.400624e+08 2.8065335e+18 2.9818163e+09 3663066.3 6.6207484e-31 8.0153388e-26 5.4428512e-45
9.4100362e+08 2.80934e+18 2.9818118e+09 3663887.3 6.6042254e-31 7.9913506e-26 5.4226023e-45
9.4194578e+08 2.8121493e+18 2.9818073e+09 3664708.5 6.5877437e-31 7.9674342e-26 5.4024286e-45
9.4288888e+08 2.8149615e+18 2.9818028e+09 3665529.9 6.5713031e-31 7.9435893e-26 5.38233e-45
9.4383292e+08 2.8177764e+18 2.9817984e+09 3666351.6 6.5549036e-31 7.9198158e-26 5.362306e-45
9.4477792e+08 2.8205942e+18 2.9817939e+09 3667173.4 6.5385449e-31 7.8961135e-26 5.3423565e-45
9.4572386e+08 2.8234148e+18 2.9817894e+09 3667995.6 6.5222271e-31 7.8724821e-26 5.3224811e-45
9.4667074e+08 2.8262382e+18 2.9817849e+09 3668817.9 6.5059501e-31 7.8489215e-26 5.3026795e-45
9.4761858e+08 2.8290645e+18 2.9817804e+09 3669640.5 6.4897136e-31 7.8254313e-26 5.2829516e-45
9.4856736e+08 2.8318935e+18 2.9817759e+09 3670463.3 6.4735177e-31 7.8020115e-26 5.263297e-45
9.4951709e+08 2.8347254e+18 2.9817714e+09 3671286.3 6.4573622e-31 7.7786618e-26 5.2437154e-45
9.5046778e+08 2.8375601e+18 2.981767e+09 3672109.6 6.441247e-31 7.7553819e-26 5.2242067e-45
9.5141942e+08 2.8403977e+18 2.9817625e+09 3672933 6.425172e-31 7.7321717e-26 5.2047704e-45
9.5237201e+08 2.8432381e+18 2.981758e+09 3673756.7 6.4091371e-31 7.709031e-26 5.1854064e-45
9.5332555e+08 2.8460813e+18 2.9817535e+09 3674580.7 6.3931423e-31 7.6859595e-26 5.1661143e-45
9.5428005e+08 2.8489274e+18 2.981749e+09 3675404.9 6.3771874e-31 7.6629571e-26 5.146894e-45
9.552355e+08 2.8517764e+18 2.9817445e+09 3676229.2 6.3612722e-31 7.6400235e-26 5.1277451e-45
9.5619192e+08 2.8546281e+18 2.98174e+09 3677053.9 6.3453969e-31 7.6171586e-26 5.1086673e-45
9.5714929e+08 2.8574828e+18 2.9817355e+09 3677878.7 6.3295611e-31 7.5943621e-26 5.0896605e-45
9.5810762e+08 2.8603402e+18 2.981731e+09 3678703.8 6.3137648e-31 7.5716338e-26 5.0707243e-45
9.590669e+08 2.8632006e+18 2.9817265e+09 3679529.1 6.298008e-31 7.5489735e-26 5.0518586e-45
9.6002715e+08 2.8660638e+18 2.981722e+09 3680354.7 6.2822905e-31 7.5263811e-26 5.0330629e-45
9.6098836e+08 2.8689298e+18 2.9817175e+09 3681180.4 6.2666122e-31 7.5038563e-26 5.0143371e-45
9.6195054e+08 2.8717988e+18 2.981713e+09 3682006.4 6.2509731e-31 7.4813989e-26 4.9956809e-45
9.6291367e+08 2.8746706e+18 2.9817085e+09 3682832.6 6.2353729e-31 7.4590087e-26 4.977094e-45
9.6387778e+08 2.8775452e+18 2.981704e+09 3683659.1 6.2198117e-31 7.4366855e-26 4.9585763e-45
9.6484284e+08 2.8804228e+18 2.9816995e+09 3684485.8 6.2042894e-31 7.4144291e-26 4.9401273e-45
9.6580888e+08 2.8833032e+18 2.981695e+09 3685312.7 6.1888058e-31 7.3922394e-26 4.921747e-45
9.6677588e+08 2.8861865e+18 2.9816904e+09 3686139.8 6.1733608e-31 7.370116e-26 4.9034349e-45
9.6774385e+08 2.8890727e+18 2.9816859e+09 3686967.2 6.1579543e-31 7.3480589e-26 4.885191e-45
9.6871279e+08 2.8919618e+18 2.9816814e+09 3687794.8 6.1425864e-31 7.3260678e-26 4.8670148e-45
9.696827e+08 2.8948537e+18 2.9816769e+09 3688622.6 6.1272567e-31 7.3041425e-26 4.8489062e-45
9.7065358e+08 2.8977486e+18 2.9816724e+09 3689450.7 6.1119654e-31 7.2822828e-26 4.8308649e-45
9.7162543e+08 2.9006463e+18 2.9816679e+09 3690279 6.0967121e-31 7.2604885e-26 4.8128907e-45
9.7259826e+08 2.903547e+18 2.9816634e+09 3691107.5 6.081497e-31 7.2387595e-26 4.7949833e-45
9.7357206e+08 2.9064505e+18 2.9816589e+09 3691936.2 6.0663198e-31 7.2170955e-26 4.7771424e-45
9.7454684e+08 2.909357e+18 2.9816543e+09 3692765.2 6.0511805e-31 7.1954963e-26 4.7593679e-45
9.7552259e+08 2.9122663e+18 2.9816498e+09 3693594.4 6.036079e-31 7.1739618e-26 4.7416595e-45
9.7649932e+08 2.9151786e+18 2.9816453e+09 3694423.8 6.0210152e-31 7.1524917e-26 4.7240168e-45
9.7747703e+08 2.9180938e+18 2.9816408e+09 3695253.5 6.0059889e-31 7.1310859e-26 4.7064398e-45
9.7845571e+08 2.9210119e+18 2.9816363e+09 3696083.4 5.9910002e-31 7.1097442e-26 4.6889281e-45
9.7943538e+08 2.9239329e+18 2.9816317e+09 3696913.5 5.9760489e-31 7.0884663e-26 4.6714815e-45
9.8041603e+08 2.9268568e+18 2.9816272e+09 3697743.8 5.9611349e-31 7.0672521e-26 4.6540997e-45
9.8139766e+08 2.9297837e+18 2.9816227e+09 3698574.4 5.9462581e-31 7.0461014e-26 4.6367826e-45
9.8238028e+08 2.9327135e+18 2.9816182e+09 3699405.2 5.9314184e-31 7.025014e-26 4.6195298e-45
9.8336387e+08 2.9356462e+18 2.9816136e+09 3700236.3 5.9166158e-31 7.0039897e-26 4.6023411e-45
9.8434846e+08 2.9385818e+18 2.9816091e+09 3701067.5 5.9018501e-31 6.9830283e-26 4.5852164e-45
9.8533403e+08 2.9415204e+18 2.9816046e+09 3701899 5.8871212e-31 6.9621297e-26 4.5681553e-45
9.8632058e+08 2.9444619e+18 2.9816e+09 3702730.8 5.8724291e-31 6.9412936e-26 4.5511576e-45
9.8730813e+08 2.9474064e+18 2.9815955e+09 3703562.7 5.8577737e-31 6.9205199e-26 4.5342232e-45
9.8829666e+08 2.9503538e+18 2.981591e+09 3704394.9 5.8431549e-31 6.8998083e-26 4.5173516e-45
9.8928618e+08 2.9533041e+18 2.9815865e+09 3705227.3 5.8285725e-31 6.8791587e-26 4.5005428e-45
9.902767e+08 2.9562574e+18 2.9815819e+09 3706060 5.8140265e-31 6.858571e-26 4.4837965e-45
9.912682e+08 2.9592137e+18 2.9815774e+09 3706892.8 5.7995169e-31 6.8380448e-26 4.4671125e-45
9.922607e+08 2.9621729e+18 2.9815728e+09 3707725.9 5.7850434e-31 6.8175801e-26 4.4504904e-45
9.932542e+08 2.9651351e+18 2.9815683e+09 3708559.3 5.7706061e-31 6.7971766e-26 4.4339302e-45
9.9424868e+08 2.9681002e+18 2.9815638e+09 3709392.9 5.7562048e-31 6.7768342e-26 4.4174315e-45
9.9524417e+08 2.9710683e+18 2.9815592e+09 3710226.6 5.7418394e-31 6.7565527e-26 4.4009941e-45
9.9624065e+08 2.9740394e+18 2.9815547e+09 3711060.7 5.7275099e-31 6.7363319e-26 4.3846179e-45
9.9723813e+08 2.9770134e+18 2.9815501e+09 3711894.9 5.7132161e-31 6.7161716e-26 4.3683025e-45
9.9823661e+08 2.9799904e+18 2.9815456e+09 3712729.4 5.698958e-31 6.6960716e-26 4.3520478e-45
9.9923609e+08 2.9829704e+18 2.9815411e+09 3713564.1 5.6847355e-31 6.6760318e-26 4.3358535e-45
1.0002366e+09 2.9859534e+18 2.9815365e+09 3714399.1 5.6705485e-31 6.656052e-26 4.3197194e-45
1.001238e+09 2.9889394e+18 2.981532e+09 3715234.3 5.6563969e-31 6.6361319e-26 4.3036453e-45
1.0022405e+09 2.9919283e+18 2.9815274e+09 3716069.7 5.6422807e-31 6.6162715e-26 4.2876309e-45
1.003244e+09 2.9949202e+18 2.9815229e+09 3716905.3 5.6281996e-31 6.5964705e-26 4.2716761e-45
1.0042485e+09 2.9979152e+18 2.9815183e+09 3717741.2 5.6141537e-31 6.5767288e-26 4.2557806e-45
1.005254e+09 3.0009131e+18 2.9815138e+09 3718577.3 5.6001428e-31 6.5570462e-26 4.2399442e-45
1.0062605e+09 3.003914e+18 2.9815092e+09 3719413.6 5.5861669e-31 6.5374225e-26 4.2241667e-45
1.007268e+09 3.0069179e+18 2.9815047e+09 3720250.2 5.5722259e-31 6.5178575e-26 4.2084478e-45
1.0082766e+09 3.0099248e+18 2.9815001e+09 3721087 5.5583197e-31 6.498351e-26 4.1927874e-45
1.0092861e+09 3.0129347e+18 2.9814956e+09 3721924 5.5444482e-31 6.478903e-26 4.1771851e-45
1.0102966e+09 3.0159477e+18 2.981491e+09 3722761.3 5.5306113e-31 6.4595131e-26 4.1616409e-45
1.0113082e+09 3.0189636e+18 2.9814865e+09 3723598.8 5.5168089e-31 6.4401813e-26 4.1461545e-45
1.0123208e+09 3.0219826e+18 2.9814819e+09 3724436.5 5.503041e-31 6.4209073e-26 4.1307257e-45
1.0133343e+09 3.0250046e+18 2.9814773e+09 3725274.4 5.4893074e-31 6.401691e-26 4.1153542e-45
1.0143489e+09 3.0280296e+18 2.9814728e+09 3726112.6 5.4756081e-31 6.3825323e-26 4.1000398e-45
1.0153646e+09 3.0310576e+18 2.9814682e+09 3726951 5.461943e-31 6.3634308e-26 4.0847824e-45
1.0163812e+09 3.0340887e+18 2.9814637e+09 3727789.7 5.448312e-31 6.3443866e-26 4.0695817e-45
1.0173988e+09 3.0371227e+18 2.9814591e+09 3728628.5 5.4347151e-31 6.3253993e-26 4.0544376e-45
1.0184175e+09 3.0401599e+18 2.9814545e+09 3729467.6 5.421152e-31 6.3064689e-26 4.0393497e-45
1.0194372e+09 3.0432e+18 2.98145e+09 3730307 5.4076228e-31 6.2875951e-26 4.0243179e-45
1.0204579e+09 3.0462432e+18 2.9814454e+09 3731146.5 5.3941274e-31 6.2687778e-26 4.009342e-45
1.0214796e+09 3.0492895e+18 2.9814408e+09 3731986.3 5.3806656e-31 6.2500168e-26 3.9944218e-45
1.0225024e+09 3.0523388e+18 2.9814363e+09 3732826.4 5.3672375e-31 6.231312e-26 3.9795571e-45
1.0235262e+09 3.0553911e+18 2.9814317e+09 3733666.6 5.3538428e-31 6.2126631e-26 3.9647476e-45
1.024551e+09 3.0584465e+18 2.9814271e+09 3734507.1 5.3404816e-31 6.1940701e-26 3.9499932e-45
1.0255768e+09 3.0615049e+18 2.9814225e+09 3735347.9 5.3271537e-31 6.1755327e-26 3.9352937e-45
1.0266037e+09 3.0645664e+18 2.981418e+09 3736188.8 5.3138591e-31 6.1570508e-26 3.9206488e-45
1.0276316e+09 3.067631e+18 2.9814134e+09 3737030 5.3005977e-31 6.1386242e-26 3.9060583e-45
1.0286605e+09 3.0706986e+18 2.9814088e+09 3737871.4 5.2873693e-31 6.1202528e-26 3.8915221e-45
1.0296904e+09 3.0737693e+18 2.9814042e+09 3738713.1 5.274174e-31 6.1019363e-26 3.87704e-45
1.0307214e+09 3.0768431e+18 2.9813997e+09 3739555 5.2610116e-31 6.0836746e-26 3.8626117e-45
1.0317534e+09 3.07992e+18 2.9813951e+09 3740397.1 5.2478821e-31 6.0654677e-26 3.848237e-45
1.0327865e+09 3.0829999e+18 2.9813905e+09 3741239.4 5.2347853e-31 6.0473152e-26 3.8339158e-45
1.0338206e+09 3.0860829e+18 2.9813859e+09 3742082 5.2217212e-31 6.029217e-26 3.8196478e-45
1.0348557e+09 3.089169e+18 2.9813814e+09 3742924.8 5.2086897e-31 6.011173e-26 3.8054329e-45
1.0358918e+09 3.0922581e+18 2.9813768e+09 3743767.9 5.1956907e-31 5.993183e-26 3.7912708e-45
1.036929e+09 3.0953504e+18 2.9813722e+09 3744611.1 5.1827242e-31 5.9752468e-26 3.7771614e-45
1.0379673e+09 3.0984457e+18 2.9813676e+09 3745454.6 5.16979e-31 5.9573643e-26 3.7631044e-45
1.0390065e+09 3.1015442e+18 2.981363e+09 3746298.4 5.1568882e-31 5.9395354e-26 3.7490998e-45
1.0400468e+09 3.1046457e+18 2.9813584e+09 3747142.4 5.1440185e-31 5.9217598e-26 3.7351471e-45
1.0410882e+09 3.1077504e+18 2.9813538e+09 3747986.6 5.1311809e-31 5.9040374e-26 3.7212464e-45
1.0421306e+09 3.1108581e+18 2.9813493e+09 3748831 5.1183753e-31 5.886368e-26 3.7073973e-45
1.043174e+09 3.113969e+18 2.9813447e+09 3749675.7 5.1056018e-31 5.8687515e-26 3.6935998e-45
1.0442185e+09 3.1170829e+18 2.9813401e+09 3750520.6 5.0928601e-31 5.8511878e-26 3.6798535e-45
1.045264e+09 3.1202e+18 2.9813355e+09 3751365.7 5.0801502e-31 5.8336766e-26 3.6661584e-45
1.0463106e+09 3.1233202e+18 2.9813309e+09 3752211.1 5.067472e-31 5.8162178e-26 3.6525142e-45
1.0473582e+09 3.1264435e+18 2.9813263e+09 3753056.7 5.0548254e-31 5.7988112e-26 3.6389207e-45
1.0484069e+09 3.12957e+18 2.9813217e+09 3753902.5 5.0422105e-31 5.7814568e-26 3.6253777e-45
1.0494566e+09 3.1326996e+18 2.9813171e+09 3754748.6 5.029627e-31 5.7641543e-26 3.6118851e-45
1.0505074e+09 3.1358323e+18 2.9813125e+09 3755594.9 5.0170749e-31 5.7469036e-26 3.5984427e-45
1.0515593e+09 3.1389681e+18 2.9813079e+09 3756441.4 5.0045541e-31 5.7297045e-26 3.5850503e-45
1.0526121e+09 3.1421071e+18 2.9813033e+09 3757288.2 4.9920646e-31 5.7125569e-26 3.5717076e-45
1.0536661e+09 3.1452492e+18 2.9812987e+09 3758135.2 4.9796062e-31 5.6954606e-26 3.5584146e-45
1.0547211e+09 3.1483944e+18 2.9812941e+09 3758982.4 4.967179e-31 5.6784155e-26 3.545171e-45
1.0557771e+09 3.1515428e+18 2.9812895e+09 3759829.8 4.9547827e-31 5.6614214e-26 3.5319766e-45
1.0568342e+09 3.1546944e+18 2.9812849e+09 3760677.5 4.9424174e-31 5.6444781e-26 3.5188313e-45
1.0578924e+09 3.157849e+18 2.9812803e+09 3761525.5 4.9300829e-31 5.6275856e-26 3.5057349e-45
1.0589516e+09 3.1610069e+18 2.9812757e+09 3762373.6 4.9177793e-31 5.6107436e-26 3.4926872e-45
1.0600119e+09 3.1641679e+18 2.9812711e+09 3763222 4.9055063e-31 5.593952e-26 3.479688e-45
1.0610733e+09 3.1673321e+18 2.9812665e+09 3764070.7 4.893264e-31 5.5772107e-26 3.4667371e-45
1.0621357e+09 3.1704994e+18 2.9812619e+09 3764919.5 4.8810522e-31 5.5605195e-26 3.4538344e-45
1.0631991e+09 3.1736699e+18 2.9812573e+09 3765768.6 4.8688709e-31 5.5438782e-26 3.4409797e-45
1.0642637e+09 3.1768436e+18 2.9812526e+09 3766617.9 4.85672e-31 5.5272868e-26 3.4281728e-45
1.0653293e+09 3.1800204e+18 2.981248e+09 3767467.5 4.8445994e-31 5.5107449e-26 3.4154135e-45
1.066396e+09 3.1832004e+18 2.9812434e+09 3768317.3 4.832509e-31 5.4942526e-26 3.4027016e-45
1.0674637e+09 3.1863836e+18 2.9812388e+09 3769167.3 4.8204489e-31 5.4778097e-26 3.390037e-45
1.0685325e+09 3.18957e+18 2.9812342e+09 3770017.6 4.8084188e-31 5.461416e-26 3.3774195e-45
1.0696024e+09 3.1927596e+18 2.9812296e+09 3770868.1 4.7964188e-31 5.4450713e-26 3.3648489e-45
1.0706734e+09 3.1959524e+18 2.9812249e+09 3771718.8 4.7844487e-31 5.4287756e-26 3.3523251e-45
1.0717454e+09 3.1991483e+18 2.9812203e+09 3772569.8 4.7725085e-31 5.4125286e-26 3.3398478e-45
1.0728185e+09 3.2023475e+18 2.9812157e+09 3773421 4.760598e-31 5.3963302e-26 3.327417e-45
1.0738927e+09 3.2055498e+18 2.9812111e+09 3774272.4 4.7487173e-31 5.3801804e-26 3.3150323e-45
1.0749679e+09 3.2087553e+18 2.9812065e+09 3775124 4.7368663e-31 5.3640788e-26 3.3026938e-45
1.0760442e+09 3.2119641e+18 2.9812018e+09 3775975.9 4.7250448e-31 5.3480255e-26 3.2904011e-45
1.0771216e+09 3.2151761e+18 2.9811972e+09 3776828.1 4.7132529e-31 5.3320202e-26 3.2781541e-45
1.0782001e+09 3.2183912e+18 2.9811926e+09 3777680.4 4.7014903e-31 5.3160628e-26 3.2659526e-45
1.0792797e+09 3.2216096e+18 2.981188e+09 3778533 4.6897571e-31 5.3001531e-26 3.2537965e-45
1.0803603e+09 3.2248312e+18 2.9811833e+09 3779385.9 4.6780532e-31 5.2842911e-26 3.2416857e-45
1.0814421e+09 3.2280561e+18 2.9811787e+09 3780238.9 4.6663785e-31 5.2684766e-26 3.2296198e-45
1.0825249e+09 3.2312841e+18 2.9811741e+09 3781092.2 4.654733e-31 5.2527093e-26 3.2175989e-45
1.0836088e+09 3.2345154e+18 2.9811694e+09 3781945.8 4.6431165e-31 5.2369893e-26 3.2056226e-45
1.0846938e+09 3.2377499e+18 2.9811648e+09 3782799.5 4.631529e-31 5.2213163e-26 3.1936909e-45
1.0857798e+09 3.2409877e+18 2.9811602e+09 3783653.5 4.6199704e-31 5.2056902e-26 3.1818036e-45
1.086867e+09 3.2442287e+18 2.9811556e+09 3784507.8 4.6084406e-31 5.1901109e-26 3.1699604e-45
1.0879552e+09 3.2474729e+18 2.9811509e+09 3785362.3 4.5969396e-31 5.1745782e-26 3.1581613e-45
1.0890446e+09 3.2507204e+18 2.9811463e+09 3786217 4.5854674e-31 5.159092e-26 3.1464061e-45
1.090135e+09 3.2539711e+18 2.9811416e+09 3787071.9 4.5740237e-31 5.1436522e-26 3.1346946e-45
1.0912265e+09 3.2572251e+18 2.981137e+09 3787927.1 4.5626087e-31 5.1282585e-26 3.1230266e-45
1.0923191e+09 3.2604823e+18 2.9811324e+09 3788782.5 4.5512221e-31 5.1129109e-26 3.1114021e-45
1.0934128e+09 3.2637428e+18 2.9811277e+09 3789638.1 4.5398639e-31 5.0976093e-26 3.0998207e-45
1.0945076e+09 3.2670065e+18 2.9811231e+09 3790494 4.5285341e-31 5.0823534e-26 3.0882825e-45
1.0956035e+09 3.2702735e+18 2.9811184e+09 3791350.1 4.5172325e-31 5.0671433e-26 3.0767871e-45
1.0967005e+09 3.2735438e+18 2.9811138e+09 3792206.5 4.5059592e-31 5.0519786e-26 3.0653345e-45
1.0977986e+09 3.2768173e+18 2.9811091e+09 3793063.1 4.494714e-31 5.0368593e-26 3.0539245e-45
1.0988978e+09 3.2800942e+18 2.9811045e+09 3793919.9 4.4834968e-31 5.0217853e-26 3.0425569e-45
1.0999981e+09 3.2833742e+18 2.9810999e+09 3794776.9 4.4723077e-31 5.0067564e-26 3.0312316e-45
1.1010995e+09 3.2866576e+18 2.9810952e+09 3795634.2 4.4611464e-31 4.9917724e-26 3.0199484e-45
1.102202e+09 3.2899443e+18 2.9810906e+09 3796491.7 4.450013e-31 4.9768333e-26 3.0087072e-45
1.1033056e+09 3.2932342e+18 2.9810859e+09 3797349.5 4.4389074e-31 4.9619389e-26 2.9975078e-45
1.1044103e+09 3.2965275e+18 2.9810813e+09 3798207.5 4.4278296e-31 4.9470891e-26 2.98635e-45
1.1055161e+09 3.299824e+18 2.9810766e+09 3799065.7 4.4167793e-31 4.9322838e-26 2.9752337e-45
1.106623e+09 3.3031238e+18 2.9810719e+09 3799924.2 4.4057567e-31 4.9175227e-26 2.9641588e-45
1.1077311e+09 3.3064269e+18 2.9810673e+09 3800782.9 4.3947615e-31 4.9028058e-26 2.9531251e-45
1.1088402e+09 3.3097334e+18 2.9810626e+09 3801641.8 4.3837938e-31 4.888133e-26 2.9421324e-45
1.1099505e+09 3.3130431e+18 2.981058e+09 3802501 4.3728535e-31 4.8735041e-26 2.9311806e-45
1.1110618e+09 3.3163561e+18 2.9810533e+09 3803360.4 4.3619405e-31 4.858919e-26 2.9202695e-45
1.1121743e+09 3.3196725e+18 2.9810487e+09 3804220 4.3510547e-31 4.8443775e-26 2.909399e-45
1.1132879e+09 3.3229922e+18 2.981044e+09 3805079.9 4.340196e-31 4.8298795e-26 2.8985689e-45
1.1144026e+09 3.3263152e+18 2.9810393e+09 3805940 4.3293645e-31 4.8154249e-26 2.8877791e-45
1.1155184e+09 3.3296415e+18 2.9810347e+09 3806800.4 4.31856e-31 4.8010136e-26 2.8770294e-45
1.1166354e+09 3.3329711e+18 2.98103e+09 3807660.9 4.3077825e-31 4.7866454e-26 2.8663197e-45
1.1177534e+09 3.3363041e+18 2.9810253e+09 3808521.8 4.2970318e-31 4.7723203e-26 2.8556498e-45
1.1188726e+09 3.3396404e+18 2.9810207e+09 3809382.8 4.286308e-31 4.7580379e-26 2.8450197e-45
1.1199929e+09 3.34298e+18 2.981016e+09 3810244.1 4.275611e-31 4.7437984e-26 2.834429e-45
1.1211143e+09 3.346323e+18 2.9810113e+09 3811105.6 4.2649406e-31 4.7296014e-26 2.8238778e-45
1.1222369e+09 3.3496693e+18 2.9810067e+09 3811967.4 4.2542969e-31 4.715447e-26 2.8133657e-45
1.1233606e+09 3.353019e+18 2.981002e+09 3812829.4 4.2436798e-31 4.7013349e-26 2.8028928e-45
1.1244854e+09 3.356372e+18 2.9809973e+09 3813691.6 4.2330891e-31 4.687265e-26 2.7924589e-45
1.1256113e+09 3.3597284e+18 2.9809927e+09 3814554.1 4.2225249e-31 4.6732373e-26 2.7820637e-45
1.1267383e+09 3.3630881e+18 2.980988e+09 3815416.8 4.211987e-31 4.6592515e-26 2.7717072e-45
1.1278665e+09 3.3664512e+18 2.9809833e+09 3816279.7 4.2014754e-31 4.6453076e-26 2.7613892e-45
1.1289958e+09 3.3698177e+18 2.9809786e+09 3817142.9 4.1909901e-31 4.6314054e-26 2.7511096e-45
1.1301263e+09 3.3731875e+18 2.980974e+09 3818006.3 4.1805309e-31 4.6175448e-26 2.7408683e-45
1.1312578e+09 3.3765607e+18 2.9809693e+09 3818870 4.1700979e-31 4.6037257e-26 2.730665e-45
1.1323905e+09 3.3799372e+18 2.9809646e+09 3819733.8 4.1596908e-31 4.589948e-26 2.7204997e-45
1.1335244e+09 3.3833172e+18 2.9809599e+09 3820598 4.1493098e-31 4.5762115e-26 2.7103722e-45
1.1346594e+09 3.3867005e+18 2.9809552e+09 3821462.3 4.1389546e-31 4.5625161e-26 2.7002823e-45
1.1357955e+09 3.3900872e+18 2.9809506e+09 3822326.9 4.1286253e-31 4.5488617e-26 2.69023e-45
1.1369327e+09 3.3934773e+18 2.9809459e+09 3823191.7 4.1183218e-31 4.5352482e-26 2.6802151e-45
1.1380711e+09 3.3968707e+18 2.9809412e+09 3824056.8 4.108044e-31 4.5216754e-26 2.6702374e-45
1.1392106e+09 3.4002676e+18 2.9809365e+09 3824922.1 4.0977918e-31 4.5081432e-26 2.6602968e-45
1.1403513e+09 3.4036679e+18 2.9809318e+09 3825787.7 4.0875652e-31 4.4946515e-26 2.6503932e-45
1.1414931e+09 3.4070716e+18 2.9809271e+09 3826653.4 4.0773642e-31 4.4812002e-26 2.6405264e-45
1.1426361e+09 3.4104786e+18 2.9809224e+09 3827519.4 4.0671886e-31 4.4677892e-26 2.6306964e-45
1.1437802e+09 3.4138891e+18 2.9809178e+09 3828385.7 4.0570384e-31 4.4544183e-26 2.6209029e-45
1.1449254e+09 3.417303e+18 2.9809131e+09 3829252.2 4.0469135e-31 4.4410874e-26 2.6111458e-45
1.1460718e+09 3.4207203e+18 2.9809084e+09 3830118.9 4.0368139e-31 4.4277964e-26 2.601425e-45
1.1472194e+09 3.424141e+18 2.9809037e+09 3830985.9 4.0267395e-31 4.4145452e-26 2.5917404e-45
1.1483681e+09 3.4275652e+18 2.980899e+09 3831853.1 4.0166903e-31 4.4013337e-26 2.5820918e-45
1.1495179e+09 3.4309927e+18 2.9808943e+09 3832720.5 4.0066661e-31 4.3881617e-26 2.5724791e-45
1.1506689e+09 3.4344237e+18 2.9808896e+09 3833588.2 3.9966669e-31 4.3750291e-26 2.5629022e-45
1.151821e+09 3.4378581e+18 2.9808849e+09 3834456.1 3.9866927e-31 4.3619358e-26 2.5533608e-45
1.1529743e+09 3.441296e+18 2.9808802e+09 3835324.2 3.9767434e-31 4.3488817e-26 2.543855e-45
1.1541288e+09 3.4447373e+18 2.9808755e+09 3836192.6 3.9668189e-31 4.3358667e-26 2.5343845e-45
1.1552844e+09 3.448182e+18 2.9808708e+09 3837061.2 3.9569192e-31 4.3228906e-26 2.5249492e-45
1.1564412e+09 3.4516302e+18 2.9808661e+09 3837930.1 3.9470442e-31 4.3099534e-26 2.5155491e-45
1.1575991e+09 3.4550818e+18 2.9808614e+09 3838799.2 3.9371938e-31 4.2970548e-26 2.5061839e-45
1.1587582e+09 3.4585369e+18 2.9808567e+09 3839668.5 3.927368e-31 4.2841949e-26 2.4968535e-45
1.1599184e+09 3.4619955e+18 2.980852e+09 3840538.1 3.9175668e-31 4.2713735e-26 2.4875579e-45
1.1610799e+09 3.4654575e+18 2.9808473e+09 3841407.9 3.9077899e-31 4.2585904e-26 2.4782968e-45
1.1622424e+09 3.4689229e+18 2.9808426e+09 3842277.9 3.8980375e-31 4.2458456e-26 2.4690702e-45
1.1634062e+09 3.4723918e+18 2.9808379e+09 3843148.2 3.8883095e-31 4.233139e-26 2.4598779e-45
1.1645711e+09 3.4758642e+18 2.9808331e+09 3844018.7 3.8786057e-31 4.2204703e-26 2.4507197e-45
1.1657372e+09 3.4793401e+18 2.9808284e+09 3844889.5 3.8689261e-31 4.2078396e-26 2.4415957e-45
1.1669044e+09 3.4828194e+18 2.9808237e+09 3845760.5 3.8592707e-31 4.1952467e-26 2.4325056e-45
1.1680728e+09 3.4863023e+18 2.980819e+09 3846631.7 3.8496394e-31 4.1826915e-26 2.4234493e-45
1.1692424e+09 3.4897886e+18 2.9808143e+09 3847503.2 3.8400321e-31 4.1701738e-26 2.4144267e-45
1.1704131e+09 3.4932783e+18 2.9808096e+09 3848374.9 3.8304488e-31 4.1576936e-26 2.4054376e-45
1.171585e+09 3.4967716e+18 2.9808049e+09 3849246.8 3.8208894e-31 4.1452508e-26 2.396482e-45
1.1727581e+09 3.5002684e+18 2.9808001e+09 3850119 3.8113539e-31 4.1328452e-26 2.3875597e-45
1.1739324e+09 3.5037687e+18 2.9807954e+09 3850991.4 3.8018421e-31 4.1204767e-26 2.3786706e-45
1.1751079e+09 3.5072724e+18 2.9807907e+09 3851864.1 3.7923541e-31 4.1081453e-26 2.3698146e-45
1.1762845e+09 3.5107797e+18 2.980786e+09 3852737 3.7828898e-31 4.0958507e-26 2.3609915e-45
1.1774623e+09 3.5142905e+18 2.9807813e+09 3853610.1 3.7734491e-31 4.083593e-26 2.3522012e-45
1.1786413e+09 3.5178048e+18 2.9807765e+09 3854483.5 3.764032e-31 4.0713719e-26 2.3434436e-45
1.1798214e+09 3.5213226e+18 2.9807718e+09 3855357.1 3.7546384e-31 4.0591874e-26 2.3347186e-45
1.1810028e+09 3.5248439e+18 2.9807671e+09 3856231 3.7452682e-31 4.0470394e-26 2.3260261e-45
1.1821853e+09 3.5283687e+18 2.9807624e+09 3857105 3.7359214e-31 4.0349277e-26 2.3173659e-45
1.183369e+09 3.5318971e+18 2.9807576e+09 3857979.4 3.7265979e-31 4.0228523e-26 2.3087379e-45
1.1845539e+09 3.535429e+18 2.9807529e+09 3858853.9 3.7172977e-31 4.010813e-26 2.300142e-45
1.18574e+09 3.5389644e+18 2.9807482e+09 3859728.7 3.7080206e-31 3.9988098e-26 2.2915781e-45
1.1869273e+09 3.5425034e+18 2.9807434e+09 3860603.8 3.6987668e-31 3.9868425e-26 2.2830461e-45
1.1881158e+09 3.5460459e+18 2.9807387e+09 3861479.1 3.689536e-31 3.974911e-26 2.2745457e-45
1.1893054e+09 3.549592e+18 2.980734e+09 3862354.6 3.6803283e-31 3.9630152e-26 2.266077e-45
1.1904962e+09 3.5531415e+18 2.9807292e+09 3863230.3 3.6711436e-31 3.951155e-26 2.2576398e-45
1.1916883e+09 3.5566947e+18 2.9807245e+09 3864106.3 3.6619817e-31 3.9393302e-26 2.249234e-45
1.1928815e+09 3.5602514e+18 2.9807198e+09 3864982.6 3.6528428e-31 3.9275409e-26 2.2408595e-45
1.1940759e+09 3.5638116e+18 2.980715e+09 3865859.1 3.6437266e-31 3.9157869e-26 2.2325161e-45
1.1952716e+09 3.5673754e+18 2.9807103e+09 3866735.8 3.6346332e-31 3.9040681e-26 2.2242038e-45
1.1964684e+09 3.5709428e+18 2.9807055e+09 3867612.7 3.6255625e-31 3.8923843e-26 2.2159224e-45
1.1976664e+09 3.5745138e+18 2.9807008e+09 3868489.9 3.6165145e-31 3.8807355e-26 2.2076717e-45
1.1988656e+09 3.5780883e+18 2.9806961e+09 3869367.3 3.607489e-31 3.8691215e-26 2.1994518e-45
1.200066e+09 3.5816664e+18 2.9806913e+09 3870245 3.598486e-31 3.8575423e-26 2.1912625e-45
1.2012677e+09 3.585248e+18 2.9806866e+09 3871122.9 3.5895055e-31 3.8459978e-26 2.1831036e-45
1.2024705e+09 3.5888333e+18 2.9806818e+09 3872001.1 3.5805474e-31 3.8344878e-26 2.1749751e-45
1.2036745e+09 3.5924221e+18 2.9806771e+09 3872879.4 3.5716117e-31 3.8230123e-26 2.1668768e-45
1.2048798e+09 3.5960145e+18 2.9806723e+09 3873758.1 3.5626983e-31 3.8115711e-26 2.1588087e-45
1.2060862e+09 3.5996105e+18 2.9806676e+09 3874636.9 3.5538071e-31 3.8001641e-26 2.1507705e-45
1.2072939e+09 3.6032102e+18 2.9806628e+09 3875516 3.5449381e-31 3.7887913e-26 2.1427623e-45
1.2085027e+09 3.6068134e+18 2.9806581e+09 3876395.4 3.5360913e-31 3.7774525e-26 2.1347839e-45
1.2097128e+09 3.6104202e+18 2.9806533e+09 3877275 3.5272665e-31 3.7661477e-26 2.1268351e-45
1.2109241e+09 3.6140306e+18 2.9806486e+09 3878154.8 3.5184637e-31 3.7548767e-26 2.1189159e-45
1.2121366e+09 3.6176446e+18 2.9806438e+09 3879034.9 3.5096829e-31 3.7436394e-26 2.1110262e-45
1.2133503e+09 3.6212623e+18 2.9806391e+09 3879915.2 3.500924e-31 3.7324357e-26 2.1031658e-45
1.2145652e+09 3.6248835e+18 2.9806343e+09 3880795.7 3.492187e-31 3.7212656e-26 2.0953347e-45
1.2157814e+09 3.6285084e+18 2.9806296e+09 3881676.5 3.4834718e-31 3.7101289e-26 2.0875327e-45
1.2169987e+09 3.6321369e+18 2.9806248e+09 3882557.5 3.4747784e-31 3.6990256e-26 2.0797597e-45
1.2182173e+09 3.6357691e+18 2.98062e+09 3883438.8 3.4661066e-31 3.6879554e-26 2.0720157e-45
1.2194371e+09 3.6394048e+18 2.9806153e+09 3884320.3 3.4574565e-31 3.6769184e-26 2.0643004e-45
1.2206581e+09 3.6430442e+18 2.9806105e+09 3885202 3.4488279e-31 3.6659145e-26 2.0566139e-45
1.2218804e+09 3.6466873e+18 2.9806057e+09 3886084 3.4402209e-31 3.6549435e-26 2.0489559e-45
1.2231039e+09 3.650334e+18 2.980601e+09 3886966.2 3.4316354e-31 3.6440053e-26 2.0413265e-45
1.2243286e+09 3.6539843e+18 2.9805962e+09 3887848.7 3.4230713e-31 3.6330998e-26 2.0337254e-45
1.2255545e+09 3.6576383e+18 2.9805915e+09 3888731.4 3.4145286e-31 3.622227e-26 2.0261526e-45
1.2267816e+09 3.6612959e+18 2.9805867e+09 3889614.3 3.4060072e-31 3.6113867e-26 2.018608e-45
1.22801e+09 3.6649572e+18 2.9805819e+09 3890497.5 3.397507e-31 3.6005789e-26 2.0110915e-45
1.2292396e+09 3.6686222e+18 2.9805771e+09 3891380.9 3.3890281e-31 3.5898034e-26 2.0036029e-45
1.2304705e+09 3.6722908e+18 2.9805724e+09 3892264.6 3.3805703e-31 3.5790601e-26 1.9961422e-45
1.2317025e+09 3.6759631e+18 2.9805676e+09 3893148.5 3.3721337e-31 3.568349e-26 1.9887092e-45
1.2329359e+09 3.6796391e+18 2.9805628e+09 3894032.6 3.3637181e-31 3.55767e-26 1.9813039e-45
1.2341704e+09 3.6833187e+18 2.9805581e+09 3894917 3.3553235e-31 3.5470229e-26 1.9739262e-45
1.2354062e+09 3.687002e+18 2.9805533e+09 3895801.6 3.3469498e-31 3.5364077e-26 1.9665759e-45
1.2366432e+09 3.690689e+18 2.9805485e+09 3896686.5 3.3385971e-31 3.5258243e-26 1.9592529e-45
1.2378815e+09 3.6943797e+18 2.9805437e+09 3897571.6 3.3302652e-31 3.5152725e-26 1.9519572e-45
1.239121e+09 3.6980741e+18 2.9805389e+09 3898456.9 3.3219541e-31 3.5047523e-26 1.9446887e-45
1.2403617e+09 3.7017722e+18 2.9805342e+09 3899342.5 3.3136637e-31 3.4942636e-26 1.9374471e-45
1.2416037e+09 3.7054739e+18 2.9805294e+09 3900228.3 3.305394e-31 3.4838063e-26 1.9302326e-45
1.2428469e+09 3.7091794e+18 2.9805246e+09 3901114.4 3.2971449e-31 3.4733803e-26 1.9230448e-45
1.2440914e+09 3.7128886e+18 2.9805198e+09 3902000.7 3.2889165e-31 3.4629855e-26 1.9158838e-45
1.2453371e+09 3.7166015e+18 2.980515e+09 3902887.2 3.2807086e-31 3.4526218e-26 1.9087495e-45
1.2465841e+09 3.7203181e+18 2.9805102e+09 3903774 3.2725211e-31 3.4422891e-26 1.9016417e-45
1.2478323e+09 3.7240384e+18 2.9805055e+09 3904661.1 3.2643541e-31 3.4319873e-26 1.8945603e-45
1.2490817e+09 3.7277624e+18 2.9805007e+09 3905548.3 3.2562075e-31 3.4217164e-26 1.8875053e-45
1.2503325e+09 3.7314902e+18 2.9804959e+09 3906435.8 3.2480812e-31 3.4114762e-26 1.8804766e-45
1.2515844e+09 3.7352217e+18 2.9804911e+09 3907323.6 3.2399752e-31 3.4012666e-26 1.873474e-45
1.2528377e+09 3.7389569e+18 2.9804863e+09 3908211.6 3.2318894e-31 3.3910876e-26 1.8664974e-45
1.2540921e+09 3.7426959e+18 2.9804815e+09 3909099.8 3.2238238e-31 3.3809391e-26 1.8595468e-45
1.2553479e+09 3.7464386e+18 2.9804767e+09 3909988.3 3.2157783e-31 3.370821e-26 1.8526221e-45
1.2566049e+09 3.750185e+18 2.9804719e+09 3910877 3.2077529e-31 3.3607331e-26 1.8457231e-45
1.2578631e+09 3.7539352e+18 2.9804671e+09 3911766 3.1997476e-31 3.3506754e-26 1.8388498e-45
1.2591226e+09 3.7576891e+18 2.9804623e+09 3912655.2 3.1917622e-31 3.3406478e-26 1.8320021e-45
1.2603834e+09 3.7614468e+18 2.9804575e+09 3913544.6 3.1837967e-31 3.3306503e-26 1.8251798e-45
1.2616454e+09 3.7652083e+18 2.9804527e+09 3914434.3 3.1758511e-31 3.3206826e-26 1.818383e-45
1.2629087e+09 3.7689735e+18 2.9804479e+09 3915324.2 3.1679254e-31 3.3107448e-26 1.8116114e-45
1.2641733e+09 3.7727424e+18 2.9804431e+09 3916214.4 3.1600194e-31 3.3008367e-26 1.804865e-45
1.2654391e+09 3.7765152e+18 2.9804383e+09 3917104.8 3.1521331e-31 3.2909583e-26 1.7981438e-45
1.2667062e+09 3.7802917e+18 2.9804335e+09 3917995.4 3.1442666e-31 3.2811094e-26 1.7914475e-45
1.2679746e+09 3.784072e+18 2.9804287e+09 3918886.3 3.1364197e-31 3.27129e-26 1.7847762e-45
1.2692442e+09 3.7878561e+18 2.9804239e+09 3919777.5 3.1285923e-31 3.2615001e-26 1.7781296e-45
1.2705152e+09 3.7916439e+18 2.9804191e+09 3920668.8 3.1207845e-31 3.2517394e-26 1.7715078e-45
1.2717873e+09 3.7954356e+18 2.9804143e+09 3921560.5 3.1129962e-31 3.2420079e-26 1.7649107e-45
1.2730608e+09 3.799231e+18 2.9804095e+09 3922452.3 3.1052273e-31 3.2323055e-26 1.7583381e-45
1.2743355e+09 3.8030302e+18 2.9804047e+09 3923344.4 3.0974778e-31 3.2226322e-26 1.7517899e-45
1.2756115e+09 3.8068333e+18 2.9803998e+09 3924236.8 3.0897476e-31 3.2129878e-26 1.7452662e-45
1.2768888e+09 3.8106401e+18 2.980395e+09 3925129.3 3.0820367e-31 3.2033723e-26 1.7387666e-45
1.2781674e+09 3.8144507e+18 2.9803902e+09 3926022.2 3.0743451e-31 3.1937856e-26 1.7322913e-45
1.2794473e+09 3.8182652e+18 2.9803854e+09 3926915.2 3.0666727e-31 3.1842275e-26 1.7258401e-45
1.2807284e+09 3.8220834e+18 2.9803806e+09 3927808.5 3.0590194e-31 3.1746981e-26 1.7194129e-45
1.2820108e+09 3.8259055e+18 2.9803758e+09 3928702.1 3.0513852e-31 3.1651972e-26 1.7130096e-45
1.2832945e+09 3.8297314e+18 2.980371e+09 3929595.9 3.0437701e-31 3.1557247e-26 1.7066301e-45
1.2845795e+09 3.8335612e+18 2.9803661e+09 3930489.9 3.0361739e-31 3.1462806e-26 1.7002743e-45
1.2858658e+09 3.8373947e+18 2.9803613e+09 3931384.2 3.0285968e-31 3.1368647e-26 1.6939422e-45
1.2871533e+09 3.8412321e+18 2.9803565e+09 3932278.7 3.0210385e-31 3.127477e-26 1.6876337e-45
1.2884422e+09 3.8450734e+18 2.9803517e+09 3933173.5 3.0134991e-31 3.1181174e-26 1.6813487e-45
1.2897323e+09 3.8489184e+18 2.9803468e+09 3934068.5 3.0059785e-31 3.1087858e-26 1.675087e-45
1.2910237e+09 3.8527673e+18 2.980342e+09 3934963.8 2.9984767e-31 3.0994822e-26 1.6688486e-45
1.2923165e+09 3.8566201e+18 2.9803372e+09 3935859.3 2.9909936e-31 3.0902064e-26 1.6626335e-45
1.2936105e+09 3.8604767e+18 2.9803324e+09 3936755 2.9835292e-31 3.0809583e-26 1.6564415e-45
1.2949058e+09 3.8643372e+18 2.9803275e+09 3937651 2.9760834e-31 3.071738e-26 1.6502725e-45
1.2962024e+09 3.8682015e+18 2.9803227e+09 3938547.2 2.9686562e-31 3.0625452e-26 1.6441264e-45
1.2975003e+09 3.8720697e+18 2.9803179e+09 3939443.7 2.9612475e-31 3.0533799e-26 1.6380033e-45
1.2987995e+09 3.8759418e+18 2.980313e+09 3940340.4 2.9538573e-31 3.0442421e-26 1.6319029e-45
1.3001001e+09 3.8798178e+18 2.9803082e+09 3941237.3 2.9464856e-31 3.0351316e-26 1.6258252e-45
1.3014019e+09 3.8836976e+18 2.9803034e+09 3942134.5 2.9391323e-31 3.0260484e-26 1.6197702e-45
1.302705e+09 3.8875813e+18 2.9802985e+09 3943031.9 2.9317973e-31 3.0169923e-26 1.6137377e-45
1.3040094e+09 3.8914689e+18 2.9802937e+09 3943929.6 2.9244806e-31 3.0079634e-26 1.6077276e-45
1.3053152e+09 3.8953603e+18 2.9802889e+09 3944827.5 2.9171822e-31 2.9989615e-26 1.6017399e-45
1.3066222e+09 3.8992557e+18 2.980284e+09 3945725.7 2.9099019e-31 2.9899865e-26 1.5957745e-45
1.3079306e+09 3.9031549e+18 2.9802792e+09 3946624.1 2.9026399e-31 2.9810384e-26 1.5898312e-45
1.3092402e+09 3.9070581e+18 2.9802743e+09 3947522.8 2.895396e-31 2.9721171e-26 1.5839101e-45
1.3105512e+09 3.9109652e+18 2.9802695e+09 3948421.7 2.8881701e-31 2.9632224e-26 1.5780111e-45
1.3118635e+09 3.9148761e+18 2.9802646e+09 3949320.8 2.8809623e-31 2.9543544e-26 1.5721339e-45
1.3131771e+09 3.918791e+18 2.9802598e+09 3950220.2 2.8737725e-31 2.945513e-26 1.5662787e-45
1.314492e+09 3.9227098e+18 2.980255e+09 3951119.8 2.8666006e-31 2.9366979e-26 1.5604452e-45
1.3158082e+09 3.9266325e+18 2.9802501e+09 3952019.7 2.8594467e-31 2.9279093e-26 1.5546335e-45
1.3171258e+09 3.9305591e+18 2.9802453e+09 3952919.8 2.8523105e-31 2.919147e-26 1.5488433e-45
1.3184446e+09 3.9344897e+18 2.9802404e+09 3953820.2 2.8451922e-31 2.9104109e-26 1.5430748e-45
1.3197648e+09 3.9384242e+18 2.9802356e+09 3954720.8 2.8380917e-31 2.9017009e-26 1.5373276e-45
1.3210863e+09 3.9423626e+18 2.9802307e+09 3955621.6 2.8310088e-31 2.893017e-26 1.5316019e-45
1.3224092e+09 3.946305e+18 2.9802259e+09 3956522.7 2.8239437e-31 2.8843591e-26 1.5258975e-45
1.3237333e+09 3.9502513e+18 2.980221e+09 3957424 2.8168962e-31 2.8757271e-26 1.5202143e-45
1.3250588e+09 3.9542015e+18 2.9802161e+09 3958325.6 2.8098662e-31 2.867121e-26 1.5145523e-45
1.3263857e+09 3.9581557e+18 2.9802113e+09 3959227.4 2.8028538e-31 2.8585406e-26 1.5089113e-45
1.3277138e+09 3.9621139e+18 2.9802064e+09 3960129.5 2.7958589e-31 2.8499859e-26 1.5032913e-45
1.3290433e+09 3.966076e+18 2.9802016e+09 3961031.8 2.7888815e-31 2.8414567e-26 1.4976923e-45
1.3303741e+09 3.9700421e+18 2.9801967e+09 3961934.3 2.7819215e-31 2.8329531e-26 1.4921141e-45
1.3317062e+09 3.9740121e+18 2.9801919e+09 3962837.1 2.7749788e-31 2.824475e-26 1.4865566e-45
1.3330397e+09 3.9779861e+18 2.980187e+09 3963740.2 2.7680535e-31 2.8160222e-26 1.4810198e-45
1.3343745e+09 3.9819641e+18 2.9801821e+09 3964643.5 2.7611455e-31 2.8075948e-26 1.4755036e-45
1.3357107e+09 3.9859461e+18 2.9801773e+09 3965547 2.7542547e-31 2.7991925e-26 1.470008e-45
1.3370481e+09 3.989932e+18 2.9801724e+09 3966450.8 2.7473811e-31 2.7908154e-26 1.4645328e-45
1.338387e+09 3.993922e+18 2.9801675e+09 3967354.8 2.7405246e-31 2.7824634e-26 1.459078e-45
1.3397271e+09 3.9979159e+18 2.9801627e+09 3968259 2.7336853e-31 2.7741363e-26 1.4536435e-45
1.3410686e+09 4.0019138e+18 2.9801578e+09 3969163.6 2.726863e-31 2.7658342e-26 1.4482292e-45
1.3424115e+09 4.0059157e+18 2.9801529e+09 3970068.3 2.7200578e-31 2.7575569e-26 1.4428351e-45
1.3437557e+09 4.0099216e+18 2.980148e+09 3970973.3 2.7132695e-31 2.7493044e-26 1.437461e-45
1.3451012e+09 4.0139315e+18 2.9801432e+09 3971878.5 2.7064982e-31 2.7410766e-26 1.4321069e-45
1.3464481e+09 4.0179455e+18 2.9801383e+09 3972784 2.6997437e-31 2.7328735e-26 1.4267728e-45
1.3477964e+09 4.0219634e+18 2.9801334e+09 3973689.8 2.6930062e-31 2.7246948e-26 1.4214585e-45
1.349146e+09 4.0259854e+18 2.9801286e+09 3974595.7 2.6862854e-31 2.7165407e-26 1.416164e-45
1.3504969e+09 4.0300114e+18 2.9801237e+09 3975502 2.6795815e-31 2.7084109e-26 1.4108892e-45
1.3518492e+09 4.0340414e+18 2.9801188e+09 3976408.4 2.6728942e-31 2.7003055e-26 1.405634e-45
1.3532029e+09 4.0380754e+18 2.9801139e+09 3977315.1 2.6662236e-31 2.6922244e-26 1.4003984e-45
1.3545579e+09 4.0421135e+18 2.980109e+09 3978222.1 2.6595697e-31 2.6841674e-26 1.3951823e-45
1.3559142e+09 4.0461556e+18 2.9801042e+09 3979129.3 2.6529324e-31 2.6761345e-26 1.3899856e-45
1.357272e+09 4.0502018e+18 2.9800993e+09 3980036.7 2.6463117e-31 2.6681257e-26 1.3848082e-45
1.358631e+09 4.054252e+18 2.9800944e+09 3980944.4 2.6397075e-31 2.6601409e-26 1.3796501e-45
1.3599915e+09 4.0583062e+18 2.9800895e+09 3981852.4 2.6331197e-31 2.6521799e-26 1.3745112e-45
1.3613533e+09 4.0623645e+18 2.9800846e+09 3982760.5 2.6265484e-31 2.6442428e-26 1.3693914e-45
1.3627165e+09 4.0664269e+18 2.9800797e+09 3983669 2.6199935e-31 2.6363294e-26 1.3642907e-45
1.364081e+09 4.0704933e+18 2.9800748e+09 3984577.6 2.613455e-31 2.6284397e-26 1.3592089e-45
1.3654469e+09 4.0745638e+18 2.9800699e+09 3985486.6 2.6069328e-31 2.6205736e-26 1.3541461e-45
1.3668142e+09 4.0786384e+18 2.9800651e+09 3986395.7 2.6004268e-31 2.6127311e-26 1.3491021e-45
1.3681828e+09 4.082717e+18 2.9800602e+09 3987305.1 2.5939371e-31 2.604912e-26 1.3440769e-45
1.3695528e+09 4.0867997e+18 2.9800553e+09 3988214.8 2.5874636e-31 2.5971164e-26 1.3390704e-45
1.3709242e+09 4.0908865e+18 2.9800504e+09 3989124.7 2.5810063e-31 2.589344e-26 1.3340825e-45
1.372297e+09 4.0949774e+18 2.9800455e+09 3990034.8 2.574565e-31 2.581595e-26 1.3291132e-45
1.3736711e+09 4.0990724e+18 2.9800406e+09 3990945.2 2.5681399e-31 2.5738691e-26 1.3241624e-45
1.3750466e+09 4.1031715e+18 2.9800357e+09 3991855.8 2.5617307e-31 2.5661663e-26 1.31923e-45
1.3764235e+09 4.1072746e+18 2.9800308e+09 3992766.7 2.5553376e-31 2.5584866e-26 1.314316e-45
1.3778018e+09 4.1113819e+18 2.9800259e+09 3993677.9 2.5489604e-31 2.5508299e-26 1.3094202e-45
1.3791814e+09 4.1154933e+18 2.980021e+09 3994589.2 2.5425991e-31 2.5431961e-26 1.3045427e-45
1.3805624e+09 4.1196088e+18 2.9800161e+09 3995500.9 2.5362537e-31 2.5355851e-26 1.2996833e-45
1.3819448e+09 4.1237284e+18 2.9800112e+09 3996412.7 2.5299242e-31 2.5279969e-26 1.2948421e-45
1.3833286e+09 4.1278521e+18 2.9800063e+09 3997324.8 2.5236104e-31 2.5204315e-26 1.2900188e-45
1.3847138e+09 4.13198e+18 2.9800014e+09 3998237.2 2.5173124e-31 2.5128886e-26 1.2852135e-45
1.3861004e+09 4.136112e+18 2.9799965e+09 3999149.8 2.5110301e-31 2.5053684e-26 1.2804261e-45
1.3874884e+09 4.1402481e+18 2.9799916e+09 4000062.6 2.5047635e-31 2.4978706e-26 1.2756565e-45
1.3888777e+09 4.1443883e+18 2.9799866e+09 4000975.7 2.4985126e-31 2.4903953e-26 1.2709046e-45
1.3902684e+09 4.1485327e+18 2.9799817e+09 4001889.1 2.4922772e-31 2.4829424e-26 1.2661705e-45
1.3916606e+09 4.1526812e+18 2.9799768e+09 4002802.7 2.4860574e-31 2.4755117e-26 1.2614539e-45
1.3930541e+09 4.1568339e+18 2.9799719e+09 4003716.5 2.4798531e-31 2.4681033e-26 1.2567549e-45
1.394449e+09 4.1609907e+18 2.979967e+09 4004630.6 2.4736643e-31 2.4607171e-26 1.2520734e-45
1.3958453e+09 4.1651517e+18 2.9799621e+09 4005544.9 2.467491e-31 2.453353e-26 1.2474094e-45
1.3972431e+09 4.1693169e+18 2.9799572e+09 4006459.5 2.461333e-31 2.4460109e-26 1.2427627e-45
1.3986422e+09 4.1734862e+18 2.9799522e+09 4007374.3 2.4551904e-31 2.4386908e-26 1.2381332e-45
1.4000427e+09 4.1776597e+18 2.9799473e+09 4008289.4 2.4490632e-31 2.4313926e-26 1.2335211e-45
1.4014446e+09 4.1818374e+18 2.9799424e+09 4009204.7 2.4429512e-31 2.4241162e-26 1.228926e-45
1.402848e+09 4.1860192e+18 2.9799375e+09 4010120.3 2.4368545e-31 2.4168616e-26 1.2243481e-45
1.4042527e+09 4.1902052e+18 2.9799326e+09 4011036.1 2.430773e-31 2.4096288e-26 1.2197873e-45
1.4056588e+09 4.1943954e+18 2.9799276e+09 4011952.1 2.4247067e-31 2.4024175e-26 1.2152434e-45
1.4070664e+09 4.1985898e+18 2.9799227e+09 4012868.4 2.4186555e-31 2.3952279e-26 1.2107164e-45
1.4084753e+09 4.2027884e+18 2.9799178e+09 4013785 2.4126195e-31 2.3880598e-26 1.2062063e-45
1.4098857e+09 4.2069912e+18 2.9799129e+09 4014701.8 2.4065985e-31 2.3809131e-26 1.2017129e-45
1.4112975e+09 4.2111982e+18 2.9799079e+09 4015618.8 2.4005925e-31 2.3737878e-26 1.1972363e-45
1.4127107e+09 4.2154094e+18 2.979903e+09 4016536.1 2.3946015e-31 2.3666838e-26 1.1927763e-45
1.4141253e+09 4.2196248e+18 2.9798981e+09 4017453.7 2.3886254e-31 2.3596011e-26 1.188333e-45
1.4155413e+09 4.2238444e+18 2.9798931e+09 4018371.4 2.3826643e-31 2.3525396e-26 1.1839062e-45
1.4169588e+09 4.2280683e+18 2.9798882e+09 4019289.5 2.3767181e-31 2.3454993e-26 1.1794958e-45
1.4183777e+09 4.2322963e+18 2.9798833e+09 4020207.8 2.3707866e-31 2.33848e-26 1.1751019e-45
1.4197979e+09 4.2365286e+18 2.9798783e+09 4021126.3 2.36487e-31 2.3314817e-26 1.1707243e-45
1.4212197e+09 4.2407652e+18 2.9798734e+09 4022045.1 2.3589682e-31 2.3245043e-26 1.1663631e-45
1.4226428e+09 4.2450059e+18 2.9798685e+09 4022964.1 2.3530811e-31 2.3175479e-26 1.162018e-45
1.4240674e+09 4.2492509e+18 2.9798635e+09 4023883.4 2.3472087e-31 2.3106122e-26 1.1576892e-45
1.4254933e+09 4.2535002e+18 2.9798586e+09 4024802.9 2.3413509e-31 2.3036973e-26 1.1533764e-45
1.4269208e+09 4.2577537e+18 2.9798536e+09 4025722.6 2.3355077e-31 2.2968031e-26 1.1490797e-45
1.4283496e+09 4.2620114e+18 2.9798487e+09 4026642.7 2.3296792e-31 2.2899295e-26 1.144799e-45
1.4297799e+09 4.2662734e+18 2.9798438e+09 4027562.9 2.3238651e-31 2.2830766e-26 1.1405343e-45
1.4312116e+09 4.2705397e+18 2.9798388e+09 4028483.4 2.3180656e-31 2.2762441e-26 1.1362854e-45
1.4326447e+09 4.2748103e+18 2.9798339e+09 4029404.2 2.3122806e-31 2.269432e-26 1.1320523e-45
1.4340793e+09 4.2790851e+18 2.9798289e+09 4030325.2 2.30651e-31 2.2626404e-26 1.127835e-45
1.4355153e+09 4.2833641e+18 2.979824e+09 4031246.4 2.3007538e-31 2.2558691e-26 1.1236334e-45
1.4369528e+09 4.2876475e+18 2.979819e+09 4032167.9 2.295012e-31 2.249118e-26 1.1194474e-45
1.4383917e+09 4.2919352e+18 2.9798141e+09 4033089.7 2.2892845e-31 2.2423871e-26 1.115277e-45
1.439832e+09 4.2962271e+18 2.9798091e+09 4034011.7 2.2835712e-31 2.2356764e-26 1.1111221e-45
1.4412738e+09 4.3005233e+18 2.9798042e+09 4034933.9 2.2778723e-31 2.2289858e-26 1.1069827e-45
1.442717e+09 4.3048238e+18 2.9797992e+09 4035856.4 2.2721876e-31 2.2223152e-26 1.1028587e-45
1.4441617e+09 4.3091287e+18 2.9797943e+09 4036779.2 2.266517e-31 2.2156646e-26 1.0987501e-45
1.4456078e+09 4.3134378e+18 2.9797893e+09 4037702.2 2.2608606e-31 2.2090338e-26 1.0946568e-45
1.4470554e+09 4.3177512e+18 2.9797843e+09 4038625.4 2.2552184e-31 2.2024229e-26 1.0905786e-45
1.4485044e+09 4.322069e+18 2.9797794e+09 4039548.9 2.2495902e-31 2.1958318e-26 1.0865157e-45
1.4499549e+09 4.3263911e+18 2.9797744e+09 4040472.6 2.243976e-31 2.1892605e-26 1.0824679e-45
1.4514068e+09 4.3307174e+18 2.9797695e+09 4041396.6 2.2383759e-31 2.1827087e-26 1.0784352e-45
1.4528601e+09 4.3350482e+18 2.9797645e+09 4042320.8 2.2327897e-31 2.1761766e-26 1.0744175e-45
1.454315e+09 4.3393832e+18 2.9797595e+09 4043245.3 2.2272175e-31 2.1696641e-26 1.0704147e-45
1.4557713e+09 4.3437226e+18 2.9797546e+09 4044170.1 2.2216592e-31 2.163171e-26 1.0664268e-45
1.457229e+09 4.3480663e+18 2.9797496e+09 4045095 2.2161147e-31 2.1566974e-26 1.0624538e-45
1.4586882e+09 4.3524144e+18 2.9797446e+09 4046020.3 2.2105841e-31 2.1502431e-26 1.0584956e-45
1.4601489e+09 4.3567668e+18 2.9797397e+09 4046945.7 2.2050673e-31 2.1438082e-26 1.0545521e-45
1.461611e+09 4.3611236e+18 2.9797347e+09 4047871.5 2.1995643e-31 2.1373925e-26 1.0506233e-45
1.4630746e+09 4.3654847e+18 2.9797297e+09 4048797.4 2.194075e-31 2.130996e-26 1.0467091e-45
1.4645397e+09 4.3698502e+18 2.9797248e+09 4049723.7 2.1885994e-31 2.1246186e-26 1.0428095e-45
1.4660062e+09 4.37422e+18 2.9797198e+09 4050650.1 2.1831375e-31 2.1182604e-26 1.0389244e-45
1.4674742e+09 4.3785942e+18 2.9797148e+09 4051576.9 2.1776891e-31 2.1119212e-26 1.0350537e-45
1.4689437e+09 4.3829728e+18 2.9797098e+09 4052503.8 2.1722544e-31 2.1056009e-26 1.0311975e-45
1.4704146e+09 4.3873558e+18 2.9797049e+09 4053431 2.1668333e-31 2.0992996e-26 1.0273556e-45
1.471887e+09 4.3917432e+18 2.9796999e+09 4054358.5 2.1614257e-31 2.0930171e-26 1.0235281e-45
1.4733609e+09 4.3961349e+18 2.9796949e+09 4055286.2 2.1560315e-31 2.0867534e-26 1.0197147e-45
1.4748363e+09 4.400531e+18 2.9796899e+09 4056214.2 2.1506509e-31 2.0805085e-26 1.0159156e-45
1.4763131e+09 4.4049316e+18 2.979685e+09 4057142.4 2.1452837e-31 2.0742822e-26 1.0121306e-45
1.4777914e+09 4.4093365e+18 2.97968e+09 4058070.9 2.1399298e-31 2.0680746e-26 1.0083597e-45
1.4792712e+09 4.4137458e+18 2.979675e+09 4058999.6 2.1345893e-31 2.0618856e-26 1.0046029e-45
1.4807525e+09 4.4181596e+18 2.97967e+09 4059928.6 2.1292622e-31 2.0557151e-26 1.00086e-45
1.4822353e+09 4.4225777e+18 2.979665e+09 4060857.8 2.1239483e-31 2.049563e-26 9.971311e-46
1.4837195e+09 4.4270003e+18 2.97966e+09 4061787.2 2.1186477e-31 2.0434294e-26 9.9341606e-46
1.4852053e+09 4.4314273e+18 2.979655e+09 4062717 2.1133604e-31 2.0373141e-26 9.8971484e-46
1.4866925e+09 4.4358588e+18 2.9796501e+09 4063646.9 2.1080862e-31 2.0312171e-26 9.860274e-46
1.4881812e+09 4.4402946e+18 2.9796451e+09 4064577.1 2.1028252e-31 2.0251384e-26 9.8235369e-46
1.4896714e+09 4.4447349e+18 2.9796401e+09 4065507.6 2.0975773e-31 2.0190779e-26 9.7869366e-46
1.4911631e+09 4.4491796e+18 2.9796351e+09 4066438.3 2.0923426e-31 2.0130355e-26 9.7504725e-46
1.4926563e+09 4.4536288e+18 2.9796301e+09 4067369.3 2.0871208e-31 2.0070112e-26 9.7141442e-46
1.494151e+09 4.4580825e+18 2.9796251e+09 4068300.5 2.0819121e-31 2.0010049e-26 9.6779512e-46
1.4956472e+09 4.4625405e+18 2.9796201e+09 4069232 2.0767165e-31 1.9950166e-26 9.6418929e-46
1.4971449e+09 4.4670031e+18 2.9796151e+09 4070163.7 2.0715337e-31 1.9890462e-26 9.6059688e-46
1.4986441e+09 4.4714701e+18 2.9796101e+09 4071095.6 2.066364e-31 1.9830936e-26 9.5701785e-46
1.5001448e+09 4.4759415e+18 2.9796051e+09 4072027.9 2.0612071e-31 1.9771589e-26 9.5345214e-46
1.501647e+09 4.4804175e+18 2.9796001e+09 4072960.3 2.0560631e-31 1.971242e-26 9.4989971e-46
1.5031507e+09 4.4848979e+18 2.9795951e+09 4073893 2.0509319e-31 1.9653428e-26 9.463605e-46
1.5046559e+09 4.4893828e+18 2.9795901e+09 4074826 2.0458135e-31 1.9594612e-26 9.4283447e-46
1.5061626e+09 4.4938722e+18 2.9795851e+09 4075759.2 2.0407079e-31 1.9535972e-26 9.3932157e-46
1.5076708e+09 4.4983661e+18 2.9795801e+09 4076692.7 2.0356151e-31 1.9477508e-26 9.3582174e-46
1.5091805e+09 4.5028644e+18 2.9795751e+09 4077626.4 2.0305349e-31 1.9419218e-26 9.3233495e-46
1.5106918e+09 4.5073673e+18 2.9795701e+09 4078560.4 2.0254675e-31 1.9361103e-26 9.2886114e-46
1.5122045e+09 4.5118747e+18 2.9795651e+09 4079494.6 2.0204126e-31 1.9303162e-26 9.2540026e-46
1.5137188e+09 4.5163865e+18 2.97956e+09 4080429.1 2.0153704e-31 1.9245395e-26 9.2195227e-46
1.5152346e+09 4.5209029e+18 2.979555e+09 4081363.8 2.0103408e-31 1.91878e-26 9.1851711e-46
1.5167519e+09 4.5254238e+18 2.97955e+09 4082298.8 2.0053237e-31 1.9130378e-26 9.1509475e-46
1.5182707e+09 4.5299492e+18 2.979545e+09 4083234 2.0003192e-31 1.9073127e-26 9.1168512e-46
1.5197911e+09 4.5344792e+18 2.97954e+09 4084169.5 1.9953271e-31 1.9016048e-26 9.0828819e-46
1.521313e+09 4.5390137e+18 2.979535e+09 4085105.2 1.9903475e-31 1.895914e-26 9.0490391e-46
1.5228364e+09 4.5435527e+18 2.97953e+09 4086041.2 1.9853804e-31 1.8902402e-26 9.0153223e-46
1.5243613e+09 4.5480962e+18 2.9795249e+09 4086977.4 1.9804256e-31 1.8845834e-26 8.981731e-46
1.5258877e+09 4.5526443e+18 2.9795199e+09 4087913.9 1.9754832e-31 1.8789435e-26 8.9482648e-46
1.5274157e+09 4.557197e+18 2.9795149e+09 4088850.6 1.9705531e-31 1.8733205e-26 8.9149232e-46
1.5289452e+09 4.5617542e+18 2.9795099e+09 4089787.6 1.9656353e-31 1.8677143e-26 8.8817057e-46
1.5304763e+09 4.5663159e+18 2.9795049e+09 4090724.8 1.9607298e-31 1.8621249e-26 8.8486119e-46
1.5320088e+09 4.5708822e+18 2.9794998e+09 4091662.3 1.9558365e-31 1.8565522e-26 8.8156413e-46
1.5335429e+09 4.5754531e+18 2.9794948e+09 4092600 1.9509555e-31 1.8509962e-26 8.7827935e-46
1.5350786e+09 4.5800286e+18 2.9794898e+09 4093538 1.9460866e-31 1.8454568e-26 8.750068e-46
1.5366158e+09 4.5846086e+18 2.9794847e+09 4094476.2 1.9412299e-31 1.839934e-26 8.7174643e-46
1.5381545e+09 4.5891932e+18 2.9794797e+09 4095414.7 1.9363853e-31 1.8344278e-26 8.684982e-46
1.5396948e+09 4.5937824e+18 2.9794747e+09 4096353.5 1.9315528e-31 1.828938e-26 8.6526207e-46
1.5412366e+09 4.5983762e+18 2.9794697e+09 4097292.5 1.9267324e-31 1.8234646e-26 8.6203799e-46
1.5427799e+09 4.6029746e+18 2.9794646e+09 4098231.7 1.921924e-31 1.8180077e-26 8.5882591e-46
1.5443248e+09 4.6075775e+18 2.9794596e+09 4099171.2 1.9171275e-31 1.812567e-26 8.5562579e-46
1.5458713e+09 4.6121851e+18 2.9794546e+09 4100110.9 1.9123431e-31 1.8071426e-26 8.5243758e-46
1.5474193e+09 4.6167973e+18 2.9794495e+09 4101050.9 1.9075706e-31 1.8017345e-26 8.4926125e-46
1.5489688e+09 4.6214141e+18 2.9794445e+09 4101991.2 1.90281e-31 1.7963426e-26 8.4609674e-46
1.5505199e+09 4.6260355e+18 2.9794394e+09 4102931.7 1.8980613e-31 1.7909668e-26 8.4294401e-46
1.5520726e+09 4.6306616e+18 2.9794344e+09 4103872.4 1.8933244e-31 1.785607e-26 8.3980303e-46
1.5536268e+09 4.6352922e+18 2.9794294e+09 4104813.5 1.8885994e-31 1.7802634e-26 8.3667374e-46
1.5551825e+09 4.6399275e+18 2.9794243e+09 4105754.7 1.8838861e-31 1.7749357e-26 8.335561e-46
1.5567399e+09 4.6445674e+18 2.9794193e+09 4106696.2 1.8791847e-31 1.7696239e-26 8.3045007e-46
1.5582988e+09 4.649212e+18 2.9794142e+09 4107638 1.8744949e-31 1.7643281e-26 8.273556e-46
1.5598592e+09 4.6538612e+18 2.9794092e+09 4108580 1.8698169e-31 1.7590481e-26 8.2427266e-46
1.5614212e+09 4.6585151e+18 2.9794041e+09 4109522.3 1.8651505e-31 1.7537839e-26 8.212012e-46
1.5629848e+09 4.6631736e+18 2.9793991e+09 4110464.8 1.8604958e-31 1.7485355e-26 8.1814117e-46
1.5645499e+09 4.6678368e+18 2.979394e+09 4111407.6 1.8558526e-31 1.7433027e-26 8.1509254e-46
1.5661166e+09 4.6725046e+18 2.979389e+09 4112350.6 1.8512211e-31 1.7380857e-26 8.1205526e-46
1.5676849e+09 4.6771771e+18 2.9793839e+09 4113293.9 1.8466012e-31 1.7328842e-26 8.0902928e-46
1.5692547e+09 4.6818543e+18 2.9793789e+09 4114237.4 1.8419927e-31 1.7276983e-26 8.0601458e-46
1.5708262e+09 4.6865361e+18 2.9793738e+09 4115181.2 1.8373958e-31 1.7225279e-26 8.030111e-46
1.5723992e+09 4.6912227e+18 2.9793688e+09 4116125.2 1.8328103e-31 1.717373e-26 8.000188e-46
1.5739737e+09 4.6959139e+18 2.9793637e+09 4117069.5 1.8282363e-31 1.7122336e-26 7.9703765e-46
1.5755499e+09 4.7006098e+18 2.9793587e+09 4118014 1.8236737e-31 1.7071095e-26 7.940676e-46
1.5771276e+09 4.7053104e+18 2.9793536e+09 4118958.8 1.8191225e-31 1.7020007e-26 7.911086e-46
1.5787069e+09 4.7100157e+18 2.9793485e+09 4119903.9 1.8145826e-31 1.6969073e-26 7.8816063e-46
1.5802878e+09 4.7147257e+18 2.9793435e+09 4120849.2 1.8100541e-31 1.691829e-26 7.8522363e-46
1.5818703e+09 4.7194405e+18 2.9793384e+09 4121794.7 1.8055369e-31 1.686766e-26 7.8229757e-46
1.5834543e+09 4.7241599e+18 2.9793333e+09 4122740.5 1.8010309e-31 1.6817181e-26 7.793824e-46
1.58504e+09 4.7288841e+18 2.9793283e+09 4123686.6 1.7965362e-31 1.6766854e-26 7.7647809e-46
1.5866272e+09 4.733613e+18 2.9793232e+09 4124632.9 1.7920527e-31 1.6716677e-26 7.735846e-46
1.588216e+09 4.7383466e+18 2.9793181e+09 4125579.5 1.7875804e-31 1.666665e-26 7.7070187e-46
1.5898064e+09 4.7430849e+18 2.9793131e+09 4126526.3 1.7831193e-31 1.6616773e-26 7.6782989e-46
1.5913984e+09 4.747828e+18 2.979308e+09 4127473.4 1.7786692e-31 1.6567045e-26 7.6496859e-46
1.592992e+09 4.7525758e+18 2.9793029e+09 4128420.7 1.7742303e-31 1.6517466e-26 7.6211796e-46
1.5945872e+09 4.7573284e+18 2.9792979e+09 4129368.3 1.7698025e-31 1.6468035e-26 7.5927793e-46
1.596184e+09 4.7620857e+18 2.9792928e+09 4130316.1 1.7653857e-31 1.6418752e-26 7.5644848e-46
1.5977824e+09 4.7668478e+18 2.9792877e+09 4131264.2 1.76098e-31 1.6369617e-26 7.5362957e-46
1.5993824e+09 4.7716147e+18 2.9792826e+09 4132212.5 1.7565852e-31 1.6320629e-26 7.5082116e-46
1.600984e+09 4.7763863e+18 2.9792776e+09 4133161.1 1.7522014e-31 1.6271787e-26 7.480232e-46
1.6025872e+09 4.7811627e+18 2.9792725e+09 4134110 1.7478286e-31 1.6223092e-26 7.4523566e-46
1.604192e+09 4.7859438e+18 2.9792674e+09 4135059.1 1.7434667e-31 1.6174542e-26 7.4245851e-46
1.6057984e+09 4.7907298e+18 2.9792623e+09 4136008.4 1.7391156e-31 1.6126138e-26 7.3969169e-46
1.6074065e+09 4.7955205e+18 2.9792572e+09 4136958 1.7347754e-31 1.6077878e-26 7.3693518e-46
1.6090161e+09 4.800316e+18 2.9792522e+09 4137907.9 1.7304461e-31 1.6029763e-26 7.3418893e-46
1.6106274e+09 4.8051163e+18 2.9792471e+09 4138858 1.7261275e-31 1.5981792e-26 7.3145291e-46
1.6122402e+09 4.8099215e+18 2.979242e+09 4139808.4 1.7218197e-31 1.5933964e-26 7.2872708e-46
1.6138547e+09 4.8147314e+18 2.9792369e+09 4140759 1.7175227e-31 1.588628e-26 7.2601139e-46
1.6154708e+09 4.8195461e+18 2.9792318e+09 4141709.9 1.7132364e-31 1.5838738e-26 7.2330583e-46
1.6170885e+09 4.8243657e+18 2.9792267e+09 4142661 1.7089608e-31 1.5791339e-26 7.2061033e-46
1.6187078e+09 4.82919e+18 2.9792216e+09 4143612.4 1.7046958e-31 1.5744081e-26 7.1792488e-46
1.6203288e+09 4.8340192e+18 2.9792165e+09 4144564.1 1.7004416e-31 1.5696965e-26 7.1524942e-46
1.6219514e+09 4.8388532e+18 2.9792114e+09 4145516 1.6961979e-31 1.564999e-26 7.1258393e-46
1.6235756e+09 4.8436921e+18 2.9792064e+09 4146468.1 1.6919648e-31 1.5603155e-26 7.0992836e-46
1.6252014e+09 4.8485358e+18 2.9792013e+09 4147420.5 1.6877423e-31 1.5556461e-26 7.0728268e-46
1.6268289e+09 4.8533843e+18 2.9791962e+09 4148373.2 1.6835303e-31 1.5509906e-26 7.0464686e-46
1.628458e+09 4.8582377e+18 2.9791911e+09 4149326.1 1.6793288e-31 1.5463491e-26 7.0202085e-46
1.6300887e+09 4.8630959e+18 2.979186e+09 4150279.3 1.6751378e-31 1.5417214e-26 6.9940462e-46
1.6317211e+09 4.867959e+18 2.9791809e+09 4151232.7 1.6709573e-31 1.5371076e-26 6.9679814e-46
1.633355e+09 4.872827e+18 2.9791758e+09 4152186.4 1.6667872e-31 1.5325077e-26 6.9420135e-46
1.6349907e+09 4.8776998e+18 2.9791707e+09 4153140.3 1.6626275e-31 1.5279214e-26 6.9161425e-46
1.6366279e+09 4.8825775e+18 2.9791656e+09 4154094.5 1.6584782e-31 1.5233489e-26 6.8903677e-46
1.6382669e+09 4.8874601e+18 2.9791604e+09 4155048.9 1.6543393e-31 1.5187901e-26 6.8646889e-46
1.6399074e+09 4.8923476e+18 2.9791553e+09 4156003.6 1.6502107e-31 1.514245e-26 6.8391058e-46
1.6415496e+09 4.8972399e+18 2.9791502e+09 4156958.6 1.6460923e-31 1.5097134e-26 6.8136179e-46
1.6431934e+09 4.9021371e+18 2.9791451e+09 4157913.8 1.6419843e-31 1.5051954e-26 6.788225e-46
1.6448389e+09 4.9070393e+18 2.97914e+09 4158869.2 1.6378865e-31 1.5006909e-26 6.7629266e-46
1.6464861e+09 4.9119463e+18 2.9791349e+09 4159825 1.6337989e-31 1.4961999e-26 6.7377225e-46
1.6481348e+09 4.9168583e+18 2.9791298e+09 4160780.9 1.6297216e-31 1.4917224e-26 6.7126122e-46
1.6497853e+09 4.9217751e+18 2.9791247e+09 4161737.2 1.6256544e-31 1.4872582e-26 6.6875954e-46
1.6514374e+09 4.9266969e+18 2.9791196e+09 4162693.6 1.6215974e-31 1.4828074e-26 6.6626717e-46
1.6530911e+09 4.9316236e+18 2.9791144e+09 4163650.4 1.6175505e-31 1.4783699e-26 6.6378409e-46
1.6547465e+09 4.9365552e+18 2.9791093e+09 4164607.4 1.6135136e-31 1.4739457e-26 6.6131026e-46
1.6564036e+09 4.9414918e+18 2.9791042e+09 4165564.6 1.6094869e-31 1.4695348e-26 6.5884564e-46
1.6580623e+09 4.9464333e+18 2.9790991e+09 4166522.1 1.6054702e-31 1.465137e-26 6.563902e-46
1.6597227e+09 4.9513797e+18 2.979094e+09 4167479.9 1.6014636e-31 1.4607524e-26 6.539439e-46
1.6613847e+09 4.9563311e+18 2.9790889e+09 4168437.9 1.5974669e-31 1.4563809e-26 6.5150672e-46
1.6630484e+09 4.9612874e+18 2.9790837e+09 4169396.2 1.5934802e-31 1.4520226e-26 6.4907861e-46
1.6647138e+09 4.9662487e+18 2.9790786e+09 4170354.7 1.5895035e-31 1.4476772e-26 6.4665954e-46
1.6663808e+09 4.9712149e+18 2.9790735e+09 4171313.5 1.5855367e-31 1.4433449e-26 6.4424949e-46
1.6680495e+09 4.9761862e+18 2.9790684e+09 4172272.5 1.5815797e-31 1.4390255e-26 6.418484e-46
1.6697199e+09 4.9811623e+18 2.9790632e+09 4173231.8 1.5776327e-31 1.434719e-26 6.3945626e-46
1.671392e+09 4.9861435e+18 2.9790581e+09 4174191.4 1.5736955e-31 1.4304255e-26 6.3707303e-46
1.6730657e+09 4.9911297e+18 2.979053e+09 4175151.2 1.5697681e-31 1.4261448e-26 6.3469868e-46
1.6747411e+09 4.9961208e+18 2.9790478e+09 4176111.2 1.5658506e-31 1.4218768e-26 6.3233317e-46
1.6764182e+09 5.0011169e+18 2.9790427e+09 4177071.6 1.5619428e-31 1.4176217e-26 6.2997647e-46
1.678097e+09 5.006118e+18 2.9790376e+09 4178032.1 1.5580448e-31 1.4133793e-26 6.2762854e-46
1.6797774e+09 5.0111241e+18 2.9790324e+09 4178993 1.5541565e-31 1.4091496e-26 6.2528936e-46
1.6814595e+09 5.0161353e+18 2.9790273e+09 4179954.1 1.5502779e-31 1.4049326e-26 6.2295889e-46
1.6831434e+09 5.0211514e+18 2.9790222e+09 4180915.4 1.5464089e-31 1.4007282e-26 6.206371e-46
1.6848289e+09 5.0261725e+18 2.979017e+09 4181877 1.5425497e-31 1.3965363e-26 6.1832396e-46
1.6865161e+09 5.0311987e+18 2.9790119e+09 4182838.9 1.5387e-31 1.392357e-26 6.1601943e-46
1.6882049e+09 5.0362299e+18 2.9790067e+09 4183801 1.53486e-31 1.3881902e-26 6.1372349e-46
1.6898955e+09 5.0412662e+18 2.9790016e+09 4184763.4 1.5310296e-31 1.3840359e-26 6.114361e-46
1.6915878e+09 5.0463074e+18 2.9789964e+09 4185726 1.5272087e-31 1.379894e-26 6.0915723e-46
1.6932817e+09 5.0513537e+18 2.9789913e+09 4186688.9 1.5233973e-31 1.3757646e-26 6.0688684e-46
1.6949774e+09 5.0564051e+18 2.9789862e+09 4187652 1.5195955e-31 1.3716474e-26 6.0462491e-46
1.6966748e+09 5.0614615e+18 2.978981e+09 4188615.4 1.5158031e-31 1.3675426e-26 6.023714e-46
1.6983738e+09 5.0665229e+18 2.9789759e+09 4189579.1 1.5120202e-31 1.3634501e-26 6.0012629e-46
1.7000746e+09 5.0715895e+18 2.9789707e+09 4190543 1.5082468e-31 1.3593698e-26 5.9788954e-46
1.701777e+09 5.0766611e+18 2.9789656e+09 4191507.1 1.5044828e-31 1.3553018e-26 5.9566112e-46
1.7034812e+09 5.0817377e+18 2.9789604e+09 4192471.6 1.5007281e-31 1.3512459e-26 5.93441e-46
1.7051871e+09 5.0868195e+18 2.9789553e+09 4193436.2 1.4969829e-31 1.3472021e-26 5.9122915e-46
1.7068947e+09 5.0919063e+18 2.9789501e+09 4194401.2 1.493247e-31 1.3431705e-26 5.8902554e-46
1.708604e+09 5.0969982e+18 2.9789449e+09 4195366.4 1.4895204e-31 1.3391509e-26 5.8683013e-46
1.710315e+09 5.1020952e+18 2.9789398e+09 4196331.8 1.4858031e-31 1.3351433e-26 5.846429e-46
1.7120277e+09 5.1071973e+18 2.9789346e+09 4197297.5 1.482095e-31 1.3311478e-26 5.8246382e-46
1.7137421e+09 5.1123045e+18 2.9789295e+09 4198263.5 1.4783963e-31 1.3271642e-26 5.8029285e-46
1.7154583e+09 5.1174168e+18 2.9789243e+09 4199229.7 1.4747068e-31 1.3231925e-26 5.7812997e-46
1.7171762e+09 5.1225342e+18 2.9789191e+09 4200196.2 1.4710264e-31 1.3192327e-26 5.7597515e-46
1.7188958e+09 5.1276567e+18 2.978914e+09 4201163 1.4673553e-31 1.3152847e-26 5.7382835e-46
1.7206171e+09 5.1327844e+18 2.9789088e+09 4202130 1.4636933e-31 1.3113486e-26 5.7168954e-46
1.7223401e+09 5.1379172e+18 2.9789036e+09 4203097.2 1.4600405e-31 1.3074243e-26 5.6955871e-46
1.7240649e+09 5.1430551e+18 2.9788985e+09 4204064.7 1.4563967e-31 1.3035116e-26 5.6743581e-46
1.7257914e+09 5.1481981e+18 2.9788933e+09 4205032.5 1.4527621e-31 1.2996107e-26 5.6532081e-46
1.7275196e+09 5.1533463e+18 2.9788881e+09 4206000.5 1.4491366e-31 1.2957215e-26 5.632137e-46
1.7292496e+09 5.1584997e+18 2.978883e+09 4206968.8 1.44552e-31 1.2918439e-26 5.6111443e-46
1.7309812e+09 5.1636582e+18 2.9788778e+09 4207937.4 1.4419126e-31 1.287978e-26 5.5902298e-46
1.7327147e+09 5.1688218e+18 2.9788726e+09 4208906.2 1.4383141e-31 1.2841236e-26 5.5693933e-46
1.7344498e+09 5.1739907e+18 2.9788675e+09 4209875.2 1.4347246e-31 1.2802807e-26 5.5486343e-46
1.7361867e+09 5.1791647e+18 2.9788623e+09 4210844.5 1.431144e-31 1.2764493e-26 5.5279526e-46
1.7379254e+09 5.1843438e+18 2.9788571e+09 4211814.1 1.4275724e-31 1.2726294e-26 5.507348e-46
1.7396657e+09 5.1895282e+18 2.9788519e+09 4212783.9 1.4240097e-31 1.2688209e-26 5.4868201e-46
1.7414079e+09 5.1947177e+18 2.9788467e+09 4213754 1.4204559e-31 1.2650238e-26 5.4663687e-46
1.7431517e+09 5.1999124e+18 2.9788416e+09 4214724.4 1.416911e-31 1.2612381e-26 5.4459935e-46
1.7448974e+09 5.2051123e+18 2.9788364e+09 4215695 1.4133749e-31 1.2574638e-26 5.4256942e-46
1.7466447e+09 5.2103174e+18 2.9788312e+09 4216665.9 1.4098476e-31 1.2537007e-26 5.4054704e-46
1.7483938e+09 5.2155278e+18 2.978826e+09 4217637 1.4063292e-31 1.2499488e-26 5.385322e-46
1.7501447e+09 5.2207433e+18 2.9788208e+09 4218608.4 1.4028195e-31 1.2462082e-26 5.3652487e-46
1.7518973e+09 5.225964e+18 2.9788156e+09 4219580 1.3993186e-31 1.2424788e-26 5.3452501e-46
1.7536517e+09 5.23119e+18 2.9788105e+09 4220551.9 1.3958264e-31 1.2387606e-26 5.325326e-46
1.7554078e+09 5.2364212e+18 2.9788053e+09 4221524.1 1.3923429e-31 1.2350535e-26 5.3054761e-46
1.7571657e+09 5.2416576e+18 2.9788001e+09 4222496.5 1.3888682e-31 1.2313575e-26 5.2857002e-46
1.7589254e+09 5.2468993e+18 2.9787949e+09 4223469.2 1.3854021e-31 1.2276725e-26 5.2659979e-46
1.7606868e+09 5.2521462e+18 2.9787897e+09 4224442.1 1.3819446e-31 1.2239986e-26 5.246369e-46
1.76245e+09 5.2573983e+18 2.9787845e+09 4225415.3 1.3784958e-31 1.2203356e-26 5.2268132e-46
1.7642149e+09 5.2626557e+18 2.9787793e+09 4226388.8 1.3750556e-31 1.2166836e-26 5.2073303e-46
1.7659816e+09 5.2679184e+18 2.9787741e+09 4227362.5 1.3716239e-31 1.2130426e-26 5.18792e-46
1.7677501e+09 5.2731863e+18 2.9787689e+09 4228336.4 1.3682009e-31 1.2094125e-26 5.1685819e-46
1.7695204e+09 5.2784595e+18 2.9787637e+09 4229310.7 1.3647863e-31 1.2057932e-26 5.1493159e-46
1.7712924e+09 5.2837379e+18 2.9787585e+09 4230285.2 1.3613803e-31 1.2021847e-26 5.1301216e-46
1.7730662e+09 5.2890217e+18 2.9787533e+09 4231259.9 1.3579828e-31 1.1985871e-26 5.1109988e-46
1.7748418e+09 5.2943107e+18 2.9787481e+09 4232234.9 1.3545938e-31 1.1950002e-26 5.0919473e-46
1.7766192e+09 5.299605e+18 2.9787429e+09 4233210.2 1.3512132e-31 1.191424e-26 5.0729667e-46
1.7783983e+09 5.3049046e+18 2.9787377e+09 4234185.7 1.3478411e-31 1.1878586e-26 5.0540569e-46
1.7801792e+09 5.3102095e+18 2.9787325e+09 4235161.5 1.3444774e-31 1.1843038e-26 5.0352175e-46
1.7819619e+09 5.3155197e+18 2.9787273e+09 4236137.5 1.3411221e-31 1.1807596e-26 5.0164482e-46
1.7837464e+09 5.3208352e+18 2.9787221e+09 4237113.8 1.3377751e-31 1.1772261e-26 4.9977489e-46
1.7855327e+09 5.3261561e+18 2.9787169e+09 4238090.4 1.3344365e-31 1.1737031e-26 4.9791192e-46
1.7873208e+09 5.3314822e+18 2.9787116e+09 4239067.2 1.3311063e-31 1.1701907e-26 4.9605589e-46
1.7891106e+09 5.3368137e+18 2.9787064e+09 4240044.3 1.3277843e-31 1.1666888e-26 4.9420678e-46
1.7909023e+09 5.3421505e+18 2.9787012e+09 4241021.7 1.3244707e-31 1.1631974e-26 4.9236455e-46
1.7926957e+09 5.3474927e+18 2.978696e+09 4241999.3 1.3211653e-31 1.1597164e-26 4.9052919e-46
1.794491e+09 5.3528402e+18 2.9786908e+09 4242977.1 1.3178681e-31 1.1562459e-26 4.8870066e-46
1.796288e+09 5.358193e+18 2.9786856e+09 4243955.3 1.3145792e-31 1.1527857e-26 4.8687894e-46
1.7980869e+09 5.3635512e+18 2.9786803e+09 4244933.6 1.3112985e-31 1.1493359e-26 4.8506402e-46
1.7998875e+09 5.3689147e+18 2.9786751e+09 4245912.3 1.308026e-31 1.1458964e-26 4.8325585e-46
1.80169e+09 5.3742837e+18 2.9786699e+09 4246891.2 1.3047616e-31 1.1424672e-26 4.8145441e-46
1.8034942e+09 5.3796579e+18 2.9786647e+09 4247870.3 1.3015054e-31 1.1390482e-26 4.7965969e-46
1.8053003e+09 5.3850376e+18 2.9786595e+09 4248849.8 1.2982574e-31 1.1356395e-26 4.7787165e-46
1.8071082e+09 5.3904226e+18 2.9786542e+09 4249829.5 1.2950174e-31 1.132241e-26 4.7609028e-46
1.8089179e+09 5.3958131e+18 2.978649e+09 4250809.4 1.2917855e-31 1.1288527e-26 4.7431554e-46
1.8107294e+09 5.4012089e+18 2.9786438e+09 4251789.6 1.2885617e-31 1.1254745e-26 4.7254741e-46
1.8125427e+09 5.4066101e+18 2.9786386e+09 4252770.1 1.2853459e-31 1.1221064e-26 4.7078587e-46
1.8143578e+09 5.4120167e+18 2.9786333e+09 4253750.8 1.2821381e-31 1.1187484e-26 4.6903088e-46
1.8161747e+09 5.4174287e+18 2.9786281e+09 4254731.8 1.2789384e-31 1.1154005e-26 4.6728244e-46
1.8179935e+09 5.4228461e+18 2.9786229e+09 4255713 1.2757466e-31 1.1120625e-26 4.6554051e-46
1.8198141e+09 5.428269e+18 2.9786176e+09 4256694.5 1.2725629e-31 1.1087346e-26 4.6380507e-46
1.8216365e+09 5.4336973e+18 2.9786124e+09 4257676.3 1.269387e-31 1.1054166e-26 4.620761e-46
1.8234607e+09 5.4391309e+18 2.9786072e+09 4258658.3 1.2662191e-31 1.1021085e-26 4.6035356e-46
1.8252868e+09 5.4445701e+18 2.9786019e+09 4259640.6 1.2630591e-31 1.0988104e-26 4.5863744e-46
1.8271147e+09 5.4500147e+18 2.9785967e+09 4260623.2 1.2599069e-31 1.0955221e-26 4.5692772e-46
1.8289444e+09 5.4554647e+18 2.9785914e+09 4261606 1.2567627e-31 1.0922436e-26 4.5522436e-46
1.830776e+09 5.4609201e+18 2.9785862e+09 4262589 1.2536263e-31 1.088975e-26 4.5352735e-46
1.8326094e+09 5.466381e+18 2.978581e+09 4263572.4 1.2504977e-31 1.0857162e-26 4.5183666e-46
1.8344446e+09 5.4718474e+18 2.9785757e+09 4264556 1.2473769e-31 1.0824671e-26 4.5015227e-46
1.8362817e+09 5.4773193e+18 2.9785705e+09 4265539.8 1.2442639e-31 1.0792277e-26 4.4847416e-46
1.8381206e+09 5.4827966e+18 2.9785652e+09 4266523.9 1.2411587e-31 1.075998e-26 4.468023e-46
1.8399613e+09 5.4882794e+18 2.97856e+09 4267508.3 1.2380612e-31 1.072778e-26 4.4513666e-46
1.8418039e+09 5.4937677e+18 2.9785547e+09 4268492.9 1.2349714e-31 1.0695676e-26 4.4347723e-46
1.8436484e+09 5.4992614e+18 2.9785495e+09 4269477.8 1.2318894e-31 1.0663668e-26 4.4182398e-46
1.8454947e+09 5.5047607e+18 2.9785442e+09 4270463 1.2288151e-31 1.0631756e-26 4.4017689e-46
1.8473428e+09 5.5102655e+18 2.978539e+09 4271448.4 1.2257484e-31 1.059994e-26 4.3853594e-46
1.8491928e+09 5.5157757e+18 2.9785337e+09 4272434.1 1.2226894e-31 1.0568219e-26 4.369011e-46
1.8510446e+09 5.5212915e+18 2.9785285e+09 4273420.1 1.219638e-31 1.0536593e-26 4.3527235e-46
1.8528983e+09 5.5268128e+18 2.9785232e+09 4274406.3 1.2165942e-31 1.0505061e-26 4.3364967e-46
1.8547539e+09 5.5323396e+18 2.9785179e+09 4275392.7 1.2135581e-31 1.0473624e-26 4.3203303e-46
1.8566113e+09 5.5378719e+18 2.9785127e+09 4276379.5 1.2105295e-31 1.0442281e-26 4.3042242e-46
1.8584706e+09 5.5434098e+18 2.9785074e+09 4277366.4 1.2075084e-31 1.0411031e-26 4.288178e-46
1.8603317e+09 5.5489532e+18 2.9785022e+09 4278353.7 1.2044949e-31 1.0379875e-26 4.2721917e-46
1.8621947e+09 5.5545022e+18 2.9784969e+09 4279341.2 1.201489e-31 1.0348813e-26 4.2562649e-46
1.8640596e+09 5.5600567e+18 2.9784916e+09 4280329 1.1984905e-31 1.0317843e-26 4.2403974e-46
1.8659263e+09 5.5656167e+18 2.9784864e+09 4281317 1.1954995e-31 1.0286966e-26 4.2245891e-46
1.8677949e+09 5.5711824e+18 2.9784811e+09 4282305.3 1.192516e-31 1.0256181e-26 4.2088396e-46
1.8696654e+09 5.5767535e+18 2.9784758e+09 4283293.9 1.1895399e-31 1.0225489e-26 4.1931488e-46
1.8715377e+09 5.5823303e+18 2.9784706e+09 4284282.7 1.1865712e-31 1.0194888e-26 4.1775165e-46
1.873412e+09 5.5879126e+18 2.9784653e+09 4285271.8 1.18361e-31 1.0164379e-26 4.1619424e-46
1.8752881e+09 5.5935005e+18 2.97846e+09 4286261.2 1.1806561e-31 1.0133962e-26 4.1464264e-46
1.8771661e+09 5.599094e+18 2.9784548e+09 4287250.8 1.1777097e-31 1.0103635e-26 4.1309681e-46
1.8790459e+09 5.6046931e+18 2.9784495e+09 4288240.6 1.1747705e-31 1.0073399e-26 4.1155674e-46
1.8809277e+09 5.6102978e+18 2.9784442e+09 4289230.8 1.1718387e-31 1.0043254e-26 4.1002241e-46
1.8828113e+09 5.6159081e+18 2.9784389e+09 4290221.2 1.1689143e-31 1.0013198e-26 4.084938e-46
1.8846968e+09 5.621524e+18 2.9784337e+09 4291211.8 1.1659971e-31 9.9832332e-27 4.0697088e-46
1.8865842e+09 5.6271456e+18 2.9784284e+09 4292202.8 1.1630872e-31 9.9533576e-27 4.0545364e-46
1.8884735e+09 5.6327727e+18 2.9784231e+09 4293193.9 1.1601845e-31 9.9235714e-27 4.0394205e-46
1.8903647e+09 5.6384055e+18 2.9784178e+09 4294185.4 1.1572891e-31 9.8938744e-27 4.0243609e-46
1.8922578e+09 5.6440439e+18 2.9784125e+09 4295177.1 1.154401e-31 9.8642662e-27 4.0093574e-46
1.8941528e+09 5.6496879e+18 2.9784073e+09 4296169.1 1.15152e-31 9.8347467e-27 3.9944098e-46
1.8960497e+09 5.6553376e+18 2.978402e+09 4297161.3 1.1486463e-31 9.8053154e-27 3.9795179e-46
1.8979485e+09 5.6609929e+18 2.9783967e+09 4298153.8 1.1457797e-31 9.7759723e-27 3.9646815e-46
1.8998492e+09 5.6666539e+18 2.9783914e+09 4299146.6 1.1429202e-31 9.746717e-27 3.9499003e-46
1.9017517e+09 5.6723206e+18 2.9783861e+09 4300139.6 1.1400679e-31 9.7175492e-27 3.9351742e-46
1.9036562e+09 5.6779929e+18 2.9783808e+09 4301132.9 1.1372227e-31 9.6884687e-27 3.920503e-46
1.9055626e+09 5.6836709e+18 2.9783755e+09 4302126.5 1.1343846e-31 9.6594753e-27 3.9058865e-46
1.907471e+09 5.6893546e+18 2.9783702e+09 4303120.3 1.1315536e-31 9.6305686e-27 3.8913244e-46
1.9093812e+09 5.6950439e+18 2.9783649e+09 4304114.3 1.1287297e-31 9.6017484e-27 3.8768166e-46
1.9112933e+09 5.700739e+18 2.9783596e+09 4305108.7 1.1259128e-31 9.5730145e-27 3.8623628e-46
1.9132074e+09 5.7064397e+18 2.9783543e+09 4306103.3 1.1231029e-31 9.5443665e-27 3.8479628e-46
1.9151233e+09 5.7121462e+18 2.978349e+09 4307098.2 1.1203001e-31 9.5158043e-27 3.8336165e-46
1.9170412e+09 5.7178583e+18 2.9783437e+09 4308093.3 1.1175042e-31 9.4873276e-27 3.8193237e-46
1.918961e+09 5.7235762e+18 2.9783384e+09 4309088.7 1.1147153e-31 9.4589361e-27 3.8050841e-46
1.9208828e+09 5.7292997e+18 2.9783331e+09 4310084.4 1.1119334e-31 9.4306296e-27 3.7908976e-46
1.9228064e+09 5.735029e+18 2.9783278e+09 4311080.3 1.1091584e-31 9.4024078e-27 3.7767639e-46
1.924732e+09 5.7407641e+18 2.9783225e+09 4312076.5 1.1063904e-31 9.3742704e-27 3.7626829e-46
1.9266595e+09 5.7465048e+18 2.9783172e+09 4313072.9 1.1036292e-31 9.3462172e-27 3.7486544e-46
1.928589e+09 5.7522513e+18 2.9783119e+09 4314069.6 1.100875e-31 9.318248e-27 3.7346781e-46
1.9305204e+09 5.7580036e+18 2.9783066e+09 4315066.6 1.0981276e-31 9.2903625e-27 3.7207539e-46
1.9324537e+09 5.7637616e+18 2.9783013e+09 4316063.9 1.0953871e-31 9.2625605e-27 3.7068816e-46
1.9343889e+09 5.7695254e+18 2.978296e+09 4317061.4 1.0926534e-31 9.2348416e-27 3.6930609e-46
1.9363261e+09 5.7752949e+18 2.9782907e+09 4318059.1 1.0899265e-31 9.2072057e-27 3.6792918e-46
1.9382653e+09 5.7810702e+18 2.9782854e+09 4319057.2 1.0872065e-31 9.1796526e-27 3.6655739e-46
1.9402063e+09 5.7868512e+18 2.9782801e+09 4320055.5 1.0844932e-31 9.1521818e-27 3.6519072e-46
1.9421493e+09 5.7926381e+18 2.9782747e+09 4321054 1.0817867e-31 9.1247933e-27 3.6382914e-46
1.9440943e+09 5.7984307e+18 2.9782694e+09 4322052.9 1.079087e-31 9.0974868e-27 3.6247263e-46
1.9460412e+09 5.8042292e+18 2.9782641e+09 4323051.9 1.076394e-31 9.0702619e-27 3.6112118e-46
1.9479901e+09 5.8100334e+18 2.9782588e+09 4324051.3 1.0737077e-31 9.0431186e-27 3.5977476e-46
1.9499409e+09 5.8158434e+18 2.9782535e+09 4325050.9 1.0710281e-31 9.0160564e-27 3.5843336e-46
1.9518937e+09 5.8216593e+18 2.9782482e+09 4326050.8 1.0683552e-31 8.9890753e-27 3.5709696e-46
1.9538484e+09 5.8274809e+18 2.9782428e+09 4327051 1.065689e-31 8.9621749e-27 3.5576553e-46
1.9558051e+09 5.8333084e+18 2.9782375e+09 4328051.4 1.0630294e-31 8.935355e-27 3.5443907e-46
1.9577637e+09 5.8391417e+18 2.9782322e+09 4329052 1.0603765e-31 8.9086154e-27 3.5311755e-46
1.9597243e+09 5.8449809e+18 2.9782269e+09 4330053 1.0577302e-31 8.8819558e-27 3.5180095e-46
1.9616869e+09 5.8508258e+18 2.9782215e+09 4331054.2 1.0550905e-31 8.855376e-27 3.5048926e-46
1.9636514e+09 5.8566767e+18 2.9782162e+09 4332055.7 1.0524574e-31 8.8288757e-27 3.4918246e-46
1.9656179e+09 5.8625333e+18 2.9782109e+09 4333057.4 1.0498308e-31 8.8024547e-27 3.4788052e-46
1.9675864e+09 5.8683959e+18 2.9782055e+09 4334059.4 1.0472108e-31 8.7761128e-27 3.4658344e-46
1.9695569e+09 5.8742643e+18 2.9782002e+09 4335061.7 1.0445974e-31 8.7498498e-27 3.4529119e-46
1.9715293e+09 5.8801385e+18 2.9781949e+09 4336064.2 1.0419905e-31 8.7236653e-27 3.4400375e-46
1.9735037e+09 5.8860187e+18 2.9781895e+09 4337067 1.03939e-31 8.6975592e-27 3.4272112e-46
1.9754801e+09 5.8919047e+18 2.9781842e+09 4338070.1 1.0367961e-31 8.6715312e-27 3.4144326e-46
1.9774584e+09 5.8977966e+18 2.9781789e+09 4339073.4 1.0342086e-31 8.6455811e-27 3.4017016e-46
1.9794387e+09 5.9036944e+18 2.9781735e+09 4340077 1.0316276e-31 8.6197087e-27 3.3890181e-46
1.9814211e+09 5.9095981e+18 2.9781682e+09 4341080.8 1.0290531e-31 8.5939137e-27 3.3763818e-46
1.9834054e+09 5.9155077e+18 2.9781628e+09 4342085 1.0264849e-31 8.5681959e-27 3.3637926e-46
1.9853917e+09 5.9214232e+18 2.9781575e+09 4343089.4 1.0239232e-31 8.5425551e-27 3.3512503e-46
1.98738e+09 5.9273446e+18 2.9781521e+09 4344094 1.0213679e-31 8.516991e-27 3.3387548e-46
1.9893702e+09 5.933272e+18 2.9781468e+09 4345098.9 1.0188189e-31 8.4915034e-27 3.3263058e-46
1.9913625e+09 5.9392052e+18 2.9781415e+09 4346104.1 1.0162763e-31 8.4660921e-27 3.3139032e-46
1.9933568e+09 5.9451444e+18 2.9781361e+09 4347109.6 1.0137401e-31 8.4407568e-27 3.3015468e-46
1.995353e+09 5.9510896e+18 2.9781308e+09 4348115.3 1.0112102e-31 8.4154973e-27 3.2892364e-46
1.9973513e+09 5.9570407e+18 2.9781254e+09 4349121.3 1.0086865e-31 8.3903135e-27 3.276972e-46
1.9993516e+09 5.9629977e+18 2.9781201e+09 4350127.5 1.0061692e-31 8.365205e-27 3.2647532e-46
2.0013538e+09 5.9689607e+18 2.9781147e+09 4351134 1.0036582e-31 8.3401716e-27 3.2525799e-46
2.0033581e+09 5.9749297e+18 2.9781093e+09 4352140.8 1.0011534e-31 8.3152132e-27 3.2404521e-46
2.0053644e+09 5.9809046e+18 2.978104e+09 4353147.9 9.9865493e-32 8.2903294e-27 3.2283694e-46
2.0073727e+09 5.9868855e+18 2.9780986e+09 4354155.2 9.9616266e-32 8.2655202e-27 3.2163317e-46
2.009383e+09 5.9928724e+18 2.9780933e+09 4355162.8 9.936766e-32 8.2407851e-27 3.2043389e-46
2.0113953e+09 5.9988653e+18 2.9780879e+09 4356170.6 9.9119675e-32 8.2161241e-27 3.1923908e-46
2.0134096e+09 6.0048641e+18 2.9780826e+09 4357178.7 9.8872309e-32 8.1915369e-27 3.1804872e-46
2.015426e+09 6.010869e+18 2.9780772e+09 4358187.1 9.862556e-32 8.1670233e-27 3.1686279e-46
2.0174444e+09 6.0168799e+18 2.9780718e+09 4359195.7 9.8379427e-32 8.1425831e-27 3.1568129e-46
2.0194648e+09 6.0228967e+18 2.9780665e+09 4360204.7 9.8133909e-32 8.1182159e-27 3.1450418e-46
2.0214872e+09 6.0289196e+18 2.9780611e+09 4361213.8 9.7889002e-32 8.0939217e-27 3.1333147e-46
2.0235116e+09 6.0349486e+18 2.9780557e+09 4362223.3 9.7644708e-32 8.0697002e-27 3.1216312e-46
2.0255381e+09 6.0409835e+18 2.9780504e+09 4363233 9.7401022e-32 8.0455512e-27 3.1099913e-46
2.0275666e+09 6.0470245e+18 2.978045e+09 4364243 9.7157945e-32 8.0214745e-27 3.0983947e-46
2.0295971e+09 6.0530715e+18 2.9780396e+09 4365253.2 9.6915475e-32 7.9974698e-27 3.0868414e-46
2.0316297e+09 6.0591246e+18 2.9780343e+09 4366263.7 9.667361e-32 7.973537e-27 3.0753311e-46
2.0336643e+09 6.0651837e+18 2.9780289e+09 4367274.5 9.6432348e-32 7.9496758e-27 3.0638637e-46
2.0357009e+09 6.0712489e+18 2.9780235e+09 4368285.5 9.6191688e-32 7.925886e-27 3.052439e-46
2.0377396e+09 6.0773201e+18 2.9780181e+09 4369296.8 9.5951629e-32 7.9021673e-27 3.0410569e-46
2.0397804e+09 6.0833975e+18 2.9780127e+09 4370308.4 9.5712169e-32 7.8785197e-27 3.0297173e-46
2.0418231e+09 6.0894809e+18 2.9780074e+09 4371320.3 9.5473307e-32 7.8549428e-27 3.0184198e-46
2.0438679e+09 6.0955703e+18 2.978002e+09 4372332.4 9.5235041e-32 7.8314365e-27 3.0071645e-46
2.0459148e+09 6.1016659e+18 2.9779966e+09 4373344.8 9.4997369e-32 7.8080006e-27 2.9959511e-46
2.0479637e+09 6.1077676e+18 2.9779912e+09 4374357.4 9.4760291e-32 7.7846347e-27 2.9847795e-46
2.0500147e+09 6.1138753e+18 2.9779858e+09 4375370.3 9.4523804e-32 7.7613388e-27 2.9736496e-46
2.0520677e+09 6.1199892e+18 2.9779805e+09 4376383.5 9.4287907e-32 7.7381127e-27 2.9625611e-46
2.0541228e+09 6.1261092e+18 2.9779751e+09 4377396.9 9.40526e-32 7.714956e-27 2.9515139e-46
2.0561799e+09 6.1322353e+18 2.9779697e+09 4378410.7 9.3817879e-32 7.6918686e-27 2.9405079e-46
2.0582391e+09 6.1383676e+18 2.9779643e+09 4379424.6 9.3583744e-32 7.6688503e-27 2.9295429e-46
2.0603004e+09 6.1445059e+18 2.9779589e+09 4380438.9 9.3350193e-32 7.6459009e-27 2.9186188e-46
2.0623637e+09 6.1506504e+18 2.9779535e+09 4381453.4 9.3117226e-32 7.6230202e-27 2.9077354e-46
2.0644291e+09 6.1568011e+18 2.9779481e+09 4382468.2 9.288484e-32 7.600208e-27 2.8968926e-46
2.0664966e+09 6.1629579e+18 2.9779427e+09 4383483.2 9.2653033e-32 7.577464e-27 2.8860901e-46
2.0685661e+09 6.1691208e+18 2.9779373e+09 4384498.6 9.2421805e-32 7.5547881e-27 2.8753279e-46
2.0706377e+09 6.17529e+18 2.9779319e+09 4385514.2 9.2191155e-32 7.5321801e-27 2.8646058e-46
2.0727114e+09 6.1814652e+18 2.9779265e+09 4386530 9.1961079e-32 7.5096397e-27 2.8539237e-46
2.0747872e+09 6.1876467e+18 2.9779211e+09 4387546.1 9.1731578e-32 7.4871667e-27 2.8432814e-46
2.076865e+09 6.1938344e+18 2.9779157e+09 4388562.5 9.150265e-32 7.4647611e-27 2.8326787e-46
2.0789449e+09 6.2000282e+18 2.9779103e+09 4389579.2 9.1274293e-32 7.4424224e-27 2.8221156e-46
2.0810269e+09 6.2062282e+18 2.9779049e+09 4390596.1 9.1046506e-32 7.4201507e-27 2.8115918e-46
2.083111e+09 6.2124345e+18 2.9778995e+09 4391613.3 9.0819288e-32 7.3979455e-27 2.8011072e-46
2.0851972e+09 6.2186469e+18 2.9778941e+09 4392630.8 9.0592636e-32 7.3758069e-27 2.7906617e-46
2.0872855e+09 6.2248655e+18 2.9778887e+09 4393648.5 9.036655e-32 7.3537345e-27 2.7802551e-46
2.0893759e+09 6.2310904e+18 2.9778833e+09 4394666.5 9.0141029e-32 7.3317281e-27 2.7698874e-46
2.0914683e+09 6.2373215e+18 2.9778779e+09 4395684.8 8.991607e-32 7.3097876e-27 2.7595582e-46
2.0935629e+09 6.2435588e+18 2.9778725e+09 4396703.3 8.9691673e-32 7.2879127e-27 2.7492676e-46
2.0956595e+09 6.2498024e+18 2.9778671e+09 4397722.1 8.9467835e-32 7.2661034e-27 2.7390153e-46
2.0977583e+09 6.2560522e+18 2.9778617e+09 4398741.2 8.9244557e-32 7.2443593e-27 2.7288012e-46
2.0998591e+09 6.2623082e+18 2.9778562e+09 4399760.6 8.9021835e-32 7.2226802e-27 2.7186251e-46
2.1019621e+09 6.2685705e+18 2.9778508e+09 4400780.2 8.8799669e-32 7.2010661e-27 2.708487e-46
2.1040671e+09 6.2748391e+18 2.9778454e+09 4401800.1 8.8578058e-32 7.1795166e-27 2.6983867e-46
2.1061743e+09 6.2811139e+18 2.97784e+09 4402820.2 8.8357e-32 7.1580316e-27 2.688324e-46
2.1082836e+09 6.2873951e+18 2.9778346e+09 4403840.6 8.8136493e-32 7.1366109e-27 2.6782988e-46
2.110395e+09 6.2936825e+18 2.9778291e+09 4404861.3 8.7916537e-32 7.1152543e-27 2.668311e-46
2.1125085e+09 6.2999761e+18 2.9778237e+09 4405882.3 8.769713e-32 7.0939616e-27 2.6583604e-46
2.1146241e+09 6.3062761e+18 2.9778183e+09 4406903.5 8.747827e-32 7.0727327e-27 2.6484469e-46
2.1167419e+09 6.3125824e+18 2.9778129e+09 4407925 8.7259957e-32 7.0515673e-27 2.6385703e-46
2.1188618e+09 6.318895e+18 2.9778075e+09 4408946.8 8.7042188e-32 7.0304652e-27 2.6287306e-46
2.1209838e+09 6.3252139e+18 2.977802e+09 4409968.8 8.6824963e-32 7.0094263e-27 2.6189275e-46
2.1231079e+09 6.3315391e+18 2.9777966e+09 4410991.1 8.660828e-32 6.9884503e-27 2.6091609e-46
2.1252341e+09 6.3378706e+18 2.9777912e+09 4412013.7 8.6392137e-32 6.9675371e-27 2.5994307e-46
2.1273625e+09 6.3442085e+18 2.9777857e+09 4413036.5 8.6176534e-32 6.9466865e-27 2.5897369e-46
2.129493e+09 6.3505527e+18 2.9777803e+09 4414059.6 8.5961469e-32 6.9258983e-27 2.5800791e-46
2.1316257e+09 6.3569032e+18 2.9777749e+09 4415083 8.5746941e-32 6.9051723e-27 2.5704573e-46
2.1337605e+09 6.3632602e+18 2.9777694e+09 4416106.6 8.5532948e-32 6.8845083e-27 2.5608714e-46
2.1358974e+09 6.3696234e+18 2.977764e+09 4417130.6 8.531949e-32 6.8639062e-27 2.5513212e-46
2.1380364e+09 6.375993e+18 2.9777586e+09 4418154.8 8.5106564e-32 6.8433657e-27 2.5418066e-46
2.1401776e+09 6.382369e+18 2.9777531e+09 4419179.2 8.4894169e-32 6.8228867e-27 2.5323275e-46
2.142321e+09 6.3887514e+18 2.9777477e+09 4420203.9 8.4682305e-32 6.802469e-27 2.5228837e-46
2.1444665e+09 6.3951401e+18 2.9777422e+09 4421228.9 8.4470969e-32 6.7821124e-27 2.5134751e-46
2.1466141e+09 6.4015353e+18 2.9777368e+09 4422254.2 8.426016e-32 6.7618167e-27 2.5041015e-46
2.1487639e+09 6.4079368e+18 2.9777313e+09 4423279.7 8.4049878e-32 6.7415817e-27 2.4947629e-46
2.1509159e+09 6.4143448e+18 2.9777259e+09 4424305.6 8.384012e-32 6.7214073e-27 2.4854591e-46
2.15307e+09 6.4207591e+18 2.9777205e+09 4425331.6 8.3630886e-32 6.7012933e-27 2.47619e-46
2.1552263e+09 6.4271799e+18 2.977715e+09 4426358 8.3422174e-32 6.6812395e-27 2.4669554e-46
2.1573847e+09 6.433607e+18 2.9777096e+09 4427384.6 8.3213983e-32 6.6612457e-27 2.4577552e-46
2.1595453e+09 6.4400407e+18 2.9777041e+09 4428411.5 8.3006312e-32 6.6413117e-27 2.4485893e-46
2.161708e+09 6.4464807e+18 2.9776987e+09 4429438.7 8.2799159e-32 6.6214373e-27 2.4394576e-46
2.163873e+09 6.4529272e+18 2.9776932e+09 4430466.1 8.2592523e-32 6.6016225e-27 2.4303599e-46
2.16604e+09 6.4593801e+18 2.9776877e+09 4431493.8 8.2386402e-32 6.5818669e-27 2.4212961e-46
2.1682093e+09 6.4658395e+18 2.9776823e+09 4432521.8 8.2180796e-32 6.5621705e-27 2.4122661e-46
2.1703807e+09 6.4723053e+18 2.9776768e+09 4433550 8.1975703e-32 6.542533e-27 2.4032698e-46
2.1725543e+09 6.4787776e+18 2.9776714e+09 4434578.5 8.1771122e-32 6.5229543e-27 2.394307e-46
2.1747301e+09 6.4852564e+18 2.9776659e+09 4435607.3 8.1567051e-32 6.5034342e-27 2.3853776e-46
2.1769081e+09 6.4917417e+18 2.9776605e+09 4436636.3 8.136349e-32 6.4839725e-27 2.3764815e-46
2.1790883e+09 6.4982334e+18 2.977655e+09 4437665.7 8.1160437e-32 6.464569e-27 2.3676185e-46
2.1812706e+09 6.5047316e+18 2.9776495e+09 4438695.3 8.095789e-32 6.4452236e-27 2.3587886e-46
2.1834551e+09 6.5112364e+18 2.9776441e+09 4439725.1 8.0755849e-32 6.4259361e-27 2.3499915e-46
2.1856418e+09 6.5177476e+18 2.9776386e+09 4440755.3 8.0554312e-32 6.4067063e-27 2.3412273e-46
2.1878307e+09 6.5242653e+18 2.9776331e+09 4441785.7 8.0353278e-32 6.3875341e-27 2.3324957e-46
2.1900218e+09 6.5307896e+18 2.9776277e+09 4442816.3 8.0152746e-32 6.3684192e-27 2.3237967e-46
2.1922151e+09 6.5373204e+18 2.9776222e+09 4443847.3 7.9952714e-32 6.3493615e-27 2.3151301e-46
2.1944106e+09 6.5438577e+18 2.9776167e+09 4444878.5 7.9753182e-32 6.3303609e-27 2.3064958e-46
2.1966083e+09 6.5504016e+18 2.9776112e+09 4445910 7.9554147e-32 6.3114172e-27 2.2978937e-46
2.1988081e+09 6.556952e+18 2.9776058e+09 4446941.8 7.935561e-32 6.2925301e-27 2.2893236e-46
2.2010102e+09 6.5635089e+18 2.9776003e+09 4447973.8 7.9157567e-32 6.2736995e-27 2.2807855e-46
2.2032145e+09 6.5700724e+18 2.9775948e+09 4449006.1 7.8960019e-32 6.2549253e-27 2.2722792e-46
2.205421e+09 6.5766425e+18 2.9775893e+09 4450038.7 7.8762964e-32 6.2362073e-27 2.2638046e-46
2.2076297e+09 6.5832192e+18 2.9775839e+09 4451071.5 7.8566401e-32 6.2175453e-27 2.2553616e-46
2.2098407e+09 6.5898024e+18 2.9775784e+09 4452104.7 7.8370328e-32 6.1989392e-27 2.2469501e-46
2.2120538e+09 6.5963922e+18 2.9775729e+09 4453138.1 7.8174744e-32 6.1803887e-27 2.2385699e-46
2.2142692e+09 6.6029886e+18 2.9775674e+09 4454171.7 7.7979649e-32 6.1618938e-27 2.2302209e-46
2.2164867e+09 6.6095916e+18 2.9775619e+09 4455205.7 7.7785041e-32 6.1434542e-27 2.2219031e-46
2.2187065e+09 6.6162012e+18 2.9775564e+09 4456239.9 7.7590918e-32 6.1250698e-27 2.2136163e-46
2.2209286e+09 6.6228174e+18 2.977551e+09 4457274.3 7.7397279e-32 6.1067403e-27 2.2053603e-46
2.2231528e+09 6.6294402e+18 2.9775455e+09 4458309.1 7.7204124e-32 6.0884658e-27 2.1971352e-46
2.2253793e+09 6.6360696e+18 2.97754e+09 4459344.1 7.7011451e-32 6.0702459e-27 2.1889407e-46
2.227608e+09 6.6427057e+18 2.9775345e+09 4460379.4 7.6819259e-32 6.0520806e-27 2.1807767e-46
2.2298389e+09 6.6493484e+18 2.977529e+09 4461415 7.6627546e-32 6.0339696e-27 2.1726432e-46
2.2320721e+09 6.6559977e+18 2.9775235e+09 4462450.8 7.6436312e-32 6.0159129e-27 2.1645399e-46
2.2343075e+09 6.6626537e+18 2.977518e+09 4463486.9 7.6245555e-32 5.9979101e-27 2.1564669e-46
2.2365452e+09 6.6693164e+18 2.9775125e+09 4464523.3 7.6055275e-32 5.9799613e-27 2.148424e-46
2.2387851e+09 6.6759857e+18 2.977507e+09 4465560 7.5865469e-32 5.9620661e-27 2.1404111e-46
2.2410272e+09 6.6826617e+18 2.9775015e+09 4466596.9 7.5676136e-32 5.9442245e-27 2.132428e-46
2.2432716e+09 6.6893444e+18 2.977496e+09 4467634.1 7.5487277e-32 5.9264363e-27 2.1244747e-46
2.2455182e+09 6.6960337e+18 2.9774905e+09 4468671.6 7.5298888e-32 5.9087014e-27 2.116551e-46
2.2477671e+09 6.7027297e+18 2.977485e+09 4469709.3 7.511097e-32 5.8910195e-27 2.1086568e-46
2.2500183e+09 6.7094325e+18 2.9774795e+09 4470747.3 7.4923521e-32 5.8733905e-27 2.1007921e-46
2.2522717e+09 6.7161419e+18 2.977474e+09 4471785.6 7.4736539e-32 5.8558143e-27 2.0929567e-46
2.2545273e+09 6.722858e+18 2.9774685e+09 4472824.2 7.4550024e-32 5.8382907e-27 2.0851505e-46
2.2567852e+09 6.7295809e+18 2.977463e+09 4473863 7.4363975e-32 5.8208195e-27 2.0773734e-46
2.2590454e+09 6.7363105e+18 2.9774575e+09 4474902.1 7.417839e-32 5.8034006e-27 2.0696253e-46
2.2613078e+09 6.7430468e+18 2.977452e+09 4475941.5 7.3993268e-32 5.7860339e-27 2.0619061e-46
2.2635725e+09 6.7497898e+18 2.9774464e+09 4476981.2 7.3808608e-32 5.7687191e-27 2.0542156e-46
2.2658395e+09 6.7565396e+18 2.9774409e+09 4478021.1 7.3624409e-32 5.7514561e-27 2.0465538e-46
2.2681088e+09 6.7632962e+18 2.9774354e+09 4479061.3 7.344067e-32 5.7342448e-27 2.0389206e-46
2.2703803e+09 6.7700595e+18 2.9774299e+09 4480101.8 7.3257389e-32 5.717085e-27 2.0313158e-46
2.2726541e+09 6.7768295e+18 2.9774244e+09 4481142.5 7.3074565e-32 5.6999765e-27 2.0237394e-46
2.2749301e+09 6.7836063e+18 2.9774189e+09 4482183.5 7.2892198e-32 5.6829193e-27 2.0161912e-46
2.2772085e+09 6.79039e+18 2.9774133e+09 4483224.8 7.2710286e-32 5.6659131e-27 2.0086711e-46
2.2794891e+09 6.7971803e+18 2.9774078e+09 4484266.4 7.2528828e-32 5.6489577e-27 2.0011791e-46
2.281772e+09 6.8039775e+18 2.9774023e+09 4485308.3 7.2347823e-32 5.6320532e-27 1.993715e-46
2.2840572e+09 6.8107815e+18 2.9773968e+09 4486350.4 7.2167269e-32 5.6151992e-27 1.9862787e-46
2.2863447e+09 6.8175923e+18 2.9773912e+09 4487392.8 7.1987166e-32 5.5983956e-27 1.9788702e-46
2.2886345e+09 6.8244099e+18 2.9773857e+09 4488435.4 7.1807513e-32 5.5816424e-27 1.9714892e-46
2.2909266e+09 6.8312343e+18 2.9773802e+09 4489478.4 7.1628308e-32 5.5649393e-27 1.9641358e-46
2.293221e+09 6.8380655e+18 2.9773747e+09 4490521.6 7.144955e-32 5.5482861e-27 1.9568098e-46
2.2955177e+09 6.8449036e+18 2.9773691e+09 4491565 7.1271238e-32 5.5316828e-27 1.9495111e-46
2.2978166e+09 6.8517485e+18 2.9773636e+09 4492608.8 7.1093371e-32 5.5151292e-27 1.9422396e-46
2.3001179e+09 6.8586002e+18 2.9773581e+09 4493652.8 7.0915948e-32 5.4986251e-27 1.9349952e-46
2.3024215e+09 6.8654588e+18 2.9773525e+09 4494697.1 7.0738968e-32 5.4821705e-27 1.9277778e-46
2.3047274e+09 6.8723243e+18 2.977347e+09 4495741.7 7.056243e-32 5.465765e-27 1.9205873e-46
2.3070356e+09 6.8791966e+18 2.9773415e+09 4496786.6 7.0386332e-32 5.4494087e-27 1.9134236e-46
2.3093461e+09 6.8860758e+18 2.9773359e+09 4497831.7 7.0210674e-32 5.4331013e-27 1.9062867e-46
2.3116589e+09 6.8929619e+18 2.9773304e+09 4498877.1 7.0035454e-32 5.4168427e-27 1.8991763e-46
2.3139741e+09 6.8998549e+18 2.9773248e+09 4499922.8 6.9860671e-32 5.4006327e-27 1.8920924e-46
2.3162916e+09 6.9067547e+18 2.9773193e+09 4500968.7 6.9686325e-32 5.3844713e-27 1.8850349e-46
2.3186114e+09 6.9136615e+18 2.9773138e+09 4502015 6.9512413e-32 5.3683583e-27 1.8780038e-46
2.3209335e+09 6.9205751e+18 2.9773082e+09 4503061.5 6.9338936e-32 5.3522934e-27 1.8709988e-46
2.3232579e+09 6.9274957e+18 2.9773027e+09 4504108.2 6.9165891e-32 5.3362766e-27 1.86402e-46
2.3255847e+09 6.9344232e+18 2.9772971e+09 4505155.3 6.8993279e-32 5.3203078e-27 1.8570672e-46
2.3279138e+09 6.9413576e+18 2.9772916e+09 4506202.6 6.8821097e-32 5.3043868e-27 1.8501403e-46
2.3302452e+09 6.948299e+18 2.977286e+09 4507250.2 6.8649345e-32 5.2885134e-27 1.8432392e-46
2.332579e+09 6.9552473e+18 2.9772805e+09 4508298.1 6.8478021e-32 5.2726875e-27 1.8363639e-46
2.3349151e+09 6.9622025e+18 2.9772749e+09 4509346.2 6.8307126e-32 5.2569089e-27 1.8295141e-46
2.3372535e+09 6.9691647e+18 2.9772694e+09 4510394.6 6.8136656e-32 5.2411776e-27 1.82269e-46
2.3395943e+09 6.9761339e+18 2.9772638e+09 4511443.3 6.7966612e-32 5.2254934e-27 1.8158912e-46
2.3419375e+09 6.98311e+18 2.9772582e+09 4512492.3 6.7796993e-32 5.2098561e-27 1.8091178e-46
2.3442829e+09 6.9900931e+18 2.9772527e+09 4513541.5 6.7627796e-32 5.1942656e-27 1.8023697e-46
2.3466308e+09 6.9970832e+18 2.9772471e+09 4514591.1 6.7459022e-32 5.1787217e-27 1.7956467e-46
2.348981e+09 7.0040803e+18 2.9772416e+09 4515640.9 6.7290669e-32 5.1632244e-27 1.7889487e-46
2.3513335e+09 7.0110844e+18 2.977236e+09 4516690.9 6.7122737e-32 5.1477734e-27 1.7822757e-46
2.3536884e+09 7.0180955e+18 2.9772304e+09 4517741.3 6.6955223e-32 5.1323687e-27 1.7756277e-46
2.3560457e+09 7.0251136e+18 2.9772249e+09 4518791.9 6.6788127e-32 5.1170101e-27 1.7690043e-46
2.3584053e+09 7.0321387e+18 2.9772193e+09 4519842.8 6.6621449e-32 5.1016974e-27 1.7624057e-46
2.3607673e+09 7.0391708e+18 2.9772137e+09 4520894 6.6455186e-32 5.0864306e-27 1.7558317e-46
2.3631316e+09 7.04621e+18 2.9772082e+09 4521945.4 6.6289339e-32 5.0712095e-27 1.7492822e-46
2.3654983e+09 7.0532562e+18 2.9772026e+09 4522997.2 6.6123905e-32 5.0560339e-27 1.7427571e-46
2.3678674e+09 7.0603095e+18 2.977197e+09 4524049.2 6.5958884e-32 5.0409037e-27 1.7362563e-46
2.3702389e+09 7.0673698e+18 2.9771914e+09 4525101.4 6.5794275e-32 5.0258188e-27 1.7297798e-46
2.3726127e+09 7.0744371e+18 2.9771859e+09 4526154 6.5630077e-32 5.0107791e-27 1.7233274e-46
2.3749889e+09 7.0815116e+18 2.9771803e+09 4527206.8 6.5466288e-32 4.9957843e-27 1.7168991e-46
2.3773675e+09 7.0885931e+18 2.9771747e+09 4528259.9 6.5302908e-32 4.9808344e-27 1.7104947e-46
2.3797485e+09 7.0956817e+18 2.9771691e+09 4529313.3 6.5139936e-32 4.9659293e-27 1.7041142e-46
2.3821319e+09 7.1027774e+18 2.9771636e+09 4530366.9 6.4977371e-32 4.9510688e-27 1.6977575e-46
2.3845176e+09 7.1098801e+18 2.977158e+09 4531420.9 6.4815211e-32 4.9362527e-27 1.6914245e-46
2.3869058e+09 7.11699e+18 2.9771524e+09 4532475.1 6.4653457e-32 4.921481e-27 1.6851151e-46
2.3892963e+09 7.124107e+18 2.9771468e+09 4533529.6 6.4492105e-32 4.9067535e-27 1.6788292e-46
2.3916892e+09 7.1312311e+18 2.9771412e+09 4534584.3 6.4331157e-32 4.8920701e-27 1.6725667e-46
2.3940846e+09 7.1383623e+18 2.9771356e+09 4535639.4 6.417061e-32 4.8774306e-27 1.6663276e-46
2.3964823e+09 7.1455007e+18 2.9771301e+09 4536694.7 6.4010464e-32 4.8628349e-27 1.6601118e-46
2.3988824e+09 7.1526462e+18 2.9771245e+09 4537750.3 6.3850717e-32 4.8482829e-27 1.6539191e-46
2.401285e+09 7.1597989e+18 2.9771189e+09 4538806.1 6.3691369e-32 4.8337744e-27 1.6477495e-46
2.4036899e+09 7.1669587e+18 2.9771133e+09 4539862.3 6.3532419e-32 4.8193094e-27 1.6416029e-46
2.4060973e+09 7.1741256e+18 2.9771077e+09 4540918.7 6.3373866e-32 4.8048876e-27 1.6354793e-46
2.408507e+09 7.1812997e+18 2.9771021e+09 4541975.4 6.3215708e-32 4.790509e-27 1.6293784e-46
2.4109192e+09 7.188481e+18 2.9770965e+09 4543032.4 6.3057945e-32 4.7761735e-27 1.6233003e-46
2.4133338e+09 7.1956695e+18 2.9770909e+09 4544089.6 6.2900575e-32 4.7618808e-27 1.6172449e-46
2.4157508e+09 7.2028652e+18 2.9770853e+09 4545147.1 6.2743599e-32 4.7476309e-27 1.611212e-46
2.4181702e+09 7.2100681e+18 2.9770797e+09 4546204.9 6.2587014e-32 4.7334237e-27 1.6052016e-46
2.4205921e+09 7.2172781e+18 2.9770741e+09 4547263 6.243082e-32 4.719259e-27 1.5992137e-46
2.4230164e+09 7.2244954e+18 2.9770685e+09 4548321.4 6.2275015e-32 4.7051366e-27 1.593248e-46
2.4254431e+09 7.2317199e+18 2.9770629e+09 4549380 6.21196e-32 4.6910566e-27 1.5873046e-46
2.4278722e+09 7.2389516e+18 2.9770573e+09 4550438.9 6.1964572e-32 4.6770186e-27 1.5813834e-46
2.4303038e+09 7.2461906e+18 2.9770517e+09 4551498.1 6.1809931e-32 4.6630227e-27 1.5754842e-46
2.4327378e+09 7.2534368e+18 2.9770461e+09 4552557.6 6.1655677e-32 4.6490686e-27 1.5696071e-46
2.4351743e+09 7.2606902e+18 2.9770405e+09 4553617.3 6.1501807e-32 4.6351564e-27 1.5637518e-46
2.4376132e+09 7.2679509e+18 2.9770349e+09 4554677.3 6.1348321e-32 4.6212857e-27 1.5579184e-46
2.4400545e+09 7.2752188e+18 2.9770292e+09 4555737.6 6.1195218e-32 4.6074566e-27 1.5521067e-46
2.4424983e+09 7.2824941e+18 2.9770236e+09 4556798.2 6.1042497e-32 4.5936688e-27 1.5463167e-46
2.4449445e+09 7.2897765e+18 2.977018e+09 4557859 6.0890158e-32 4.5799223e-27 1.5405482e-46
2.4473932e+09 7.2970663e+18 2.9770124e+09 4558920.2 6.0738198e-32 4.566217e-27 1.5348013e-46
2.4498444e+09 7.3043634e+18 2.9770068e+09 4559981.6 6.0586618e-32 4.5525526e-27 1.5290758e-46
2.452298e+09 7.3116678e+18 2.9770012e+09 4561043.3 6.0435416e-32 4.5389292e-27 1.5233717e-46
2.454754e+09 7.3189794e+18 2.9769956e+09 4562105.2 6.0284592e-32 4.5253465e-27 1.5176888e-46
2.4572125e+09 7.3262984e+18 2.9769899e+09 4563167.5 6.0134144e-32 4.5118044e-27 1.5120271e-46
2.4596735e+09 7.3336247e+18 2.9769843e+09 4564230 5.9984071e-32 4.4983029e-27 1.5063865e-46
2.4621369e+09 7.3409583e+18 2.9769787e+09 4565292.8 5.9834373e-32 4.4848418e-27 1.5007669e-46
2.4646028e+09 7.3482993e+18 2.9769731e+09 4566355.8 5.9685048e-32 4.471421e-27 1.4951683e-46
2.4670712e+09 7.3556476e+18 2.9769674e+09 4567419.2 5.9536097e-32 4.4580404e-27 1.4895906e-46
2.4695421e+09 7.3630032e+18 2.9769618e+09 4568482.8 5.9387516e-32 4.4446997e-27 1.4840336e-46
2.4720154e+09 7.3703662e+18 2.9769562e+09 4569546.7 5.9239307e-32 4.4313991e-27 1.4784974e-46
2.4744912e+09 7.3777366e+18 2.9769505e+09 4570610.9 5.9091468e-32 4.4181382e-27 1.4729818e-46
2.4769695e+09 7.3851143e+18 2.9769449e+09 4571675.4 5.8943997e-32 4.404917e-27 1.4674868e-46
2.4794503e+09 7.3924995e+18 2.9769393e+09 4572740.1 5.8796894e-32 4.3917353e-27 1.4620123e-46
2.4819335e+09 7.399892e+18 2.9769336e+09 4573805.1 5.8650159e-32 4.3785931e-27 1.4565582e-46
2.4844193e+09 7.4072918e+18 2.976928e+09 4574870.4 5.850379e-32 4.3654903e-27 1.4511244e-46
2.4869075e+09 7.4146991e+18 2.9769224e+09 4575936 5.8357786e-32 4.3524266e-27 1.4457108e-46
2.4893982e+09 7.4221138e+18 2.9769167e+09 4577001.9 5.8212146e-32 4.3394021e-27 1.4403175e-46
2.4918914e+09 7.4295359e+18 2.9769111e+09 4578068 5.806687e-32 4.3264165e-27 1.4349443e-46
2.4943872e+09 7.4369655e+18 2.9769055e+09 4579134.4 5.7921957e-32 4.3134698e-27 1.4295911e-46
2.4968854e+09 7.4444024e+18 2.9768998e+09 4580201.1 5.7777405e-32 4.3005618e-27 1.4242578e-46
2.4993861e+09 7.4518469e+18 2.9768942e+09 4581268.1 5.7633214e-32 4.2876925e-27 1.4189445e-46
2.5018893e+09 7.4592987e+18 2.9768885e+09 4582335.4 5.7489383e-32 4.2748616e-27 1.4136509e-46
2.5043951e+09 7.466758e+18 2.9768829e+09 4583402.9 5.734591e-32 4.2620692e-27 1.4083771e-46
2.5069033e+09 7.4742248e+18 2.9768772e+09 4584470.7 5.7202796e-32 4.2493151e-27 1.403123e-46
2.5094141e+09 7.481699e+18 2.9768716e+09 4585538.8 5.7060039e-32 4.2365991e-27 1.3978884e-46
2.5119274e+09 7.4891807e+18 2.9768659e+09 4586607.1 5.6917638e-32 4.2239212e-27 1.3926734e-46
2.5144432e+09 7.4966699e+18 2.9768603e+09 4587675.8 5.6775593e-32 4.2112812e-27 1.3874778e-46
2.5169615e+09 7.5041665e+18 2.9768546e+09 4588744.7 5.6633902e-32 4.198679e-27 1.3823015e-46
2.5194823e+09 7.5116707e+18 2.976849e+09 4589813.9 5.6492564e-32 4.1861146e-27 1.3771446e-46
2.5220057e+09 7.5191824e+18 2.9768433e+09 4590883.4 5.635158e-32 4.1735877e-27 1.3720069e-46
2.5245316e+09 7.5267015e+18 2.9768377e+09 4591953.2 5.6210947e-32 4.1610983e-27 1.3668884e-46
2.52706e+09 7.5342282e+18 2.976832e+09 4593023.2 5.6070665e-32 4.1486464e-27 1.3617889e-46
2.5295909e+09 7.5417625e+18 2.9768263e+09 4594093.5 5.5930733e-32 4.1362316e-27 1.3567085e-46
2.5321244e+09 7.5493042e+18 2.9768207e+09 4595164.1 5.5791151e-32 4.1238541e-27 1.351647e-46
2.5346605e+09 7.5568535e+18 2.976815e+09 4596235 5.5651917e-32 4.1115135e-27 1.3466043e-46
2.537199e+09 7.5644104e+18 2.9768093e+09 4597306.2 5.551303e-32 4.0992099e-27 1.3415805e-46
2.5397401e+09 7.5719748e+18 2.9768037e+09 4598377.6 5.537449e-32 4.0869432e-27 1.3365754e-46
2.5422838e+09 7.5795468e+18 2.976798e+09 4599449.3 5.5236296e-32 4.0747131e-27 1.331589e-46
2.54483e+09 7.5871263e+18 2.9767923e+09 4600521.3 5.5098446e-32 4.0625196e-27 1.3266211e-46
2.5473788e+09 7.5947135e+18 2.9767867e+09 4601593.6 5.4960941e-32 4.0503627e-27 1.3216718e-46
2.5499301e+09 7.6023082e+18 2.976781e+09 4602666.2 5.4823779e-32 4.0382421e-27 1.3167409e-46
2.5524839e+09 7.6099105e+18 2.9767753e+09 4603739 5.4686959e-32 4.0261577e-27 1.3118285e-46
2.5550404e+09 7.6175204e+18 2.9767697e+09 4604812.2 5.455048e-32 4.0141096e-27 1.3069343e-46
2.5575994e+09 7.6251379e+18 2.976764e+09 4605885.6 5.4414342e-32 4.0020975e-27 1.3020584e-46
2.5601609e+09 7.632763e+18 2.9767583e+09 4606959.2 5.4278544e-32 3.9901213e-27 1.2972007e-46
2.562725e+09 7.6403958e+18 2.9767526e+09 4608033.2 5.4143085e-32 3.978181e-27 1.292361e-46
2.5652917e+09 7.6480362e+18 2.9767469e+09 4609107.4 5.4007964e-32 3.9662764e-27 1.2875395e-46
2.567861e+09 7.6556842e+18 2.9767413e+09 4610182 5.387318e-32 3.9544074e-27 1.2827359e-46
2.5704328e+09 7.6633399e+18 2.9767356e+09 4611256.8 5.3738732e-32 3.942574e-27 1.2779502e-46
2.5730072e+09 7.6710033e+18 2.9767299e+09 4612331.9 5.360462e-32 3.930776e-27 1.2731823e-46
2.5755842e+09 7.6786743e+18 2.9767242e+09 4613407.2 5.3470843e-32 3.9190132e-27 1.2684323e-46
2.5781638e+09 7.6863529e+18 2.9767185e+09 4614482.9 5.3337399e-32 3.9072857e-27 1.2636999e-46
2.5807459e+09 7.6940393e+18 2.9767128e+09 4615558.8 5.3204289e-32 3.8955933e-27 1.2589852e-46
2.5833307e+09 7.7017333e+18 2.9767072e+09 4616635 5.307151e-32 3.8839358e-27 1.2542881e-46
2.585918e+09 7.7094351e+18 2.9767015e+09 4617711.5 5.2939063e-32 3.8723133e-27 1.2496085e-46
2.588508e+09 7.7171445e+18 2.9766958e+09 4618788.3 5.2806947e-32 3.8607255e-27 1.2449463e-46
2.5911005e+09 7.7248616e+18 2.9766901e+09 4619865.3 5.267516e-32 3.8491724e-27 1.2403015e-46
2.5936956e+09 7.7325865e+18 2.9766844e+09 4620942.6 5.2543702e-32 3.8376539e-27 1.235674e-46
2.5962933e+09 7.7403191e+18 2.9766787e+09 4622020.3 5.2412573e-32 3.8261699e-27 1.2310638e-46
2.5988936e+09 7.7480594e+18 2.976673e+09 4623098.2 5.228177e-32 3.8147202e-27 1.2264708e-46
2.6014966e+09 7.7558075e+18 2.9766673e+09 4624176.3 5.2151294e-32 3.8033048e-27 1.2218949e-46
2.6041021e+09 7.7635633e+18 2.9766616e+09 4625254.8 5.2021144e-32 3.7919235e-27 1.2173361e-46
2.6067102e+09 7.7713268e+18 2.9766559e+09 4626333.5 5.1891318e-32 3.7805763e-27 1.2127943e-46
2.609321e+09 7.7790982e+18 2.9766502e+09 4627412.5 5.1761817e-32 3.7692631e-27 1.2082694e-46
2.6119344e+09 7.7868773e+18 2.9766445e+09 4628491.8 5.1632638e-32 3.7579837e-27 1.2037614e-46
2.6145504e+09 7.7946641e+18 2.9766388e+09 4629571.4 5.1503782e-32 3.7467381e-27 1.1992701e-46
2.617169e+09 7.8024588e+18 2.9766331e+09 4630651.3 5.1375248e-32 3.7355261e-27 1.1947957e-46
2.6197902e+09 7.8102613e+18 2.9766274e+09 4631731.4 5.1247034e-32 3.7243477e-27 1.1903379e-46
2.6224141e+09 7.8180715e+18 2.9766217e+09 4632811.9 5.111914e-32 3.7132027e-27 1.1858967e-46
2.6250406e+09 7.8258896e+18 2.976616e+09 4633892.6 5.0991566e-32 3.7020911e-27 1.1814721e-46
2.6276697e+09 7.8337155e+18 2.9766102e+09 4634973.6 5.086431e-32 3.6910127e-27 1.177064e-46
2.6303014e+09 7.8415492e+18 2.9766045e+09 4636054.8 5.0737371e-32 3.6799675e-27 1.1726724e-46
2.6329358e+09 7.8493908e+18 2.9765988e+09 4637136.4 5.0610749e-32 3.6689554e-27 1.1682971e-46
2.6355729e+09 7.8572401e+18 2.9765931e+09 4638218.2 5.0484443e-32 3.6579762e-27 1.1639381e-46
2.6382125e+09 7.8650974e+18 2.9765874e+09 4639300.4 5.0358453e-32 3.6470298e-27 1.1595954e-46
2.6408549e+09 7.8729625e+18 2.9765817e+09 4640382.8 5.0232777e-32 3.6361162e-27 1.1552689e-46
2.6434998e+09 7.8808354e+18 2.9765759e+09 4641465.4 5.0107414e-32 3.6252353e-27 1.1509585e-46
2.6461474e+09 7.8887163e+18 2.9765702e+09 4642548.4 4.9982365e-32 3.6143869e-27 1.1466642e-46
2.6487977e+09 7.896605e+18 2.9765645e+09 4643631.7 4.9857627e-32 3.603571e-27 1.1423859e-46
2.6514506e+09 7.9045016e+18 2.9765588e+09 4644715.2 4.9733201e-32 3.5927875e-27 1.1381235e-46
2.6541062e+09 7.9124061e+18 2.976553e+09 4645799 4.9609085e-32 3.5820362e-27 1.1338771e-46
2.6567645e+09 7.9203185e+18 2.9765473e+09 4646883.1 4.9485279e-32 3.5713171e-27 1.1296465e-46
2.6594254e+09 7.9282388e+18 2.9765416e+09 4647967.5 4.9361782e-32 3.5606301e-27 1.1254316e-46
2.662089e+09 7.9361671e+18 2.9765359e+09 4649052.1 4.9238593e-32 3.5499751e-27 1.1212325e-46
2.6647552e+09 7.9441032e+18 2.9765301e+09 4650137.1 4.9115712e-32 3.5393519e-27 1.117049e-46
2.6674241e+09 7.9520473e+18 2.9765244e+09 4651222.3 4.8993137e-32 3.5287606e-27 1.1128811e-46
2.6700957e+09 7.9599994e+18 2.9765187e+09 4652307.8 4.8870868e-32 3.5182009e-27 1.1087288e-46
2.67277e+09 7.9679594e+18 2.9765129e+09 4653393.6 4.8748905e-32 3.5076729e-27 1.104592e-46
2.6754469e+09 7.9759273e+18 2.9765072e+09 4654479.7 4.8627245e-32 3.4971763e-27 1.1004706e-46
2.6781265e+09 7.9839033e+18 2.9765015e+09 4655566 4.850589e-32 3.4867112e-27 1.0963645e-46
2.6808088e+09 7.9918872e+18 2.9764957e+09 4656652.7 4.8384837e-32 3.4762774e-27 1.0922738e-46
2.6834938e+09 7.9998791e+18 2.97649e+09 4657739.6 4.8264086e-32 3.4658748e-27 1.0881983e-46
2.6861815e+09 8.0078789e+18 2.9764842e+09 4658826.8 4.8143637e-32 3.4555033e-27 1.084138e-46
2.6888719e+09 8.0158868e+18 2.9764785e+09 4659914.3 4.8023488e-32 3.4451629e-27 1.0800929e-46
2.691565e+09 8.0239027e+18 2.9764728e+09 4661002.1 4.7903639e-32 3.4348534e-27 1.0760628e-46
2.6942608e+09 8.0319266e+18 2.976467e+09 4662090.1 4.7784089e-32 3.4245747e-27 1.0720478e-46
2.6969592e+09 8.0399585e+18 2.9764613e+09 4663178.5 4.7664838e-32 3.4143269e-27 1.0680477e-46
2.6996604e+09 8.0479985e+18 2.9764555e+09 4664267.1 4.7545884e-32 3.4041097e-27 1.0640626e-46
2.7023643e+09 8.0560465e+18 2.9764498e+09 4665356 4.7427227e-32 3.393923e-27 1.0600923e-46
2.7050709e+09 8.0641025e+18 2.976444e+09 4666445.2 4.7308866e-32 3.3837669e-27 1.0561368e-46
2.7077802e+09 8.0721666e+18 2.9764383e+09 4667534.7 4.71908e-32 3.3736411e-27 1.0521961e-46
2.7104922e+09 8.0802388e+18 2.9764325e+09 4668624.4 4.7073029e-32 3.3635457e-27 1.0482701e-46
2.713207e+09 8.0883191e+18 2.9764267e+09 4669714.5 4.6955553e-32 3.3534804e-27 1.0443587e-46
2.7159244e+09 8.0964074e+18 2.976421e+09 4670804.8 4.6838369e-32 3.3434453e-27 1.0404619e-46
2.7186446e+09 8.1045038e+18 2.9764152e+09 4671895.4 4.6721477e-32 3.3334402e-27 1.0365796e-46
2.7213675e+09 8.1126083e+18 2.9764095e+09 4672986.3 4.6604878e-32 3.3234651e-27 1.0327118e-46
2.7240932e+09 8.1207209e+18 2.9764037e+09 4674077.5 4.6488569e-32 3.3135198e-27 1.0288585e-46
2.7268215e+09 8.1288416e+18 2.9763979e+09 4675169 4.6372551e-32 3.3036042e-27 1.0250195e-46
2.7295526e+09 8.1369705e+18 2.9763922e+09 4676260.7 4.6256822e-32 3.2937184e-27 1.0211948e-46
2.7322865e+09 8.1451074e+18 2.9763864e+09 4677352.7 4.6141382e-32 3.2838621e-27 1.0173844e-46
2.735023e+09 8.1532525e+18 2.9763807e+09 4678445.1 4.602623e-32 3.2740353e-27 1.0135882e-46
2.7377624e+09 8.1614058e+18 2.9763749e+09 4679537.7 4.5911366e-32 3.2642379e-27 1.0098061e-46
2.7405044e+09 8.1695672e+18 2.9763691e+09 4680630.6 4.5796788e-32 3.2544699e-27 1.0060382e-46
2.7432492e+09 8.1777368e+18 2.9763633e+09 4681723.7 4.5682496e-32 3.2447311e-27 1.0022843e-46
2.7459968e+09 8.1859145e+18 2.9763576e+09 4682817.2 4.5568489e-32 3.2350214e-27 9.9854438e-47
2.7487471e+09 8.1941004e+18 2.9763518e+09 4683910.9 4.5454767e-32 3.2253408e-27 9.9481843e-47
2.7515002e+09 8.2022945e+18 2.976346e+09 4685004.9 4.5341329e-32 3.2156891e-27 9.9110638e-47
2.754256e+09 8.2104968e+18 2.9763402e+09 4686099.2 4.5228174e-32 3.2060663e-27 9.8740817e-47
2.7570146e+09 8.2187073e+18 2.9763345e+09 4687193.8 4.5115301e-32 3.1964724e-27 9.8372375e-47
2.7597759e+09 8.226926e+18 2.9763287e+09 4688288.7 4.500271e-32 3.1869071e-27 9.8005307e-47
2.7625401e+09 8.2351529e+18 2.9763229e+09 4689383.9 4.4890399e-32 3.1773705e-27 9.7639608e-47
2.7653069e+09 8.2433881e+18 2.9763171e+09 4690479.3 4.4778369e-32 3.1678624e-27 9.7275273e-47
2.7680766e+09 8.2516315e+18 2.9763113e+09 4691575.1 4.4666619e-32 3.1583827e-27 9.6912296e-47
2.770849e+09 8.2598831e+18 2.9763056e+09 4692671.1 4.4555148e-32 3.1489314e-27 9.6550674e-47
2.7736243e+09 8.268143e+18 2.9762998e+09 4693767.4 4.4443954e-32 3.1395084e-27 9.61904e-47
2.7764023e+09 8.2764111e+18 2.976294e+09 4694864 4.4333039e-32 3.1301136e-27 9.5831469e-47
2.779183e+09 8.2846875e+18 2.9762882e+09 4695960.9 4.42224e-32 3.120747e-27 9.5473877e-47
2.7819666e+09 8.2929722e+18 2.9762824e+09 4697058 4.4112037e-32 3.1114083e-27 9.5117619e-47
2.7847529e+09 8.3012652e+18 2.9762766e+09 4698155.5 4.400195e-32 3.1020976e-27 9.4762689e-47
2.7875421e+09 8.3095665e+18 2.9762708e+09 4699253.2 4.3892137e-32 3.0928148e-27 9.4409083e-47
2.790334e+09 8.317876e+18 2.976265e+09 4700351.2 4.3782598e-32 3.0835597e-27 9.4056796e-47
2.7931288e+09 8.3261939e+18 2.9762592e+09 4701449.5 4.3673333e-32 3.0743324e-27 9.3705822e-47
2.7959263e+09 8.3345201e+18 2.9762534e+09 4702548.1 4.3564341e-32 3.0651326e-27 9.3356158e-47
2.7987266e+09 8.3428546e+18 2.9762476e+09 4703647 4.345562e-32 3.0559604e-27 9.3007797e-47
2.8015298e+09 8.3511975e+18 2.9762418e+09 4704746.1 4.3347171e-32 3.0468156e-27 9.2660736e-47
2.8043357e+09 8.3595487e+18 2.976236e+09 4705845.6 4.3238992e-32 3.0376982e-27 9.2314969e-47
2.8071445e+09 8.3679082e+18 2.9762302e+09 4706945.3 4.3131084e-32 3.0286081e-27 9.1970491e-47
2.8099561e+09 8.3762761e+18 2.9762244e+09 4708045.3 4.3023444e-32 3.0195452e-27 9.1627299e-47
2.8127705e+09 8.3846524e+18 2.9762186e+09 4709145.6 4.2916074e-32 3.0105094e-27 9.1285386e-47
2.8155877e+09 8.3930371e+18 2.9762128e+09 4710246.2 4.2808971e-32 3.0015006e-27 9.0944748e-47
2.8184077e+09 8.4014301e+18 2.976207e+09 4711347.1 4.2702136e-32 2.9925188e-27 9.0605381e-47
2.8212306e+09 8.4098315e+18 2.9762012e+09 4712448.2 4.2595567e-32 2.9835639e-27 9.026728e-47
2.8240563e+09 8.4182414e+18 2.9761954e+09 4713549.7 4.2489264e-32 2.9746358e-27 8.9930439e-47
2.8268848e+09 8.4266596e+18 2.9761896e+09 4714651.4 4.2383226e-32 2.9657344e-27 8.9594855e-47
2.8297162e+09 8.4350863e+18 2.9761838e+09 4715753.4 4.2277453e-32 2.9568596e-27 8.9260522e-47
2.8325504e+09 8.4435213e+18 2.976178e+09 4716855.8 4.2171945e-32 2.9480114e-27 8.8927436e-47
2.8353874e+09 8.4519649e+18 2.9761721e+09 4717958.3 4.2066699e-32 2.9391897e-27 8.8595592e-47
2.8382273e+09 8.4604168e+18 2.9761663e+09 4719061.2 4.1961716e-32 2.9303943e-27 8.8264986e-47
2.84107e+09 8.4688772e+18 2.9761605e+09 4720164.4 4.1856995e-32 2.9216253e-27 8.7935613e-47
2.8439156e+09 8.4773461e+18 2.9761547e+09 4721267.9 4.1752535e-32 2.9128826e-27 8.7607469e-47
2.846764e+09 8.4858235e+18 2.9761489e+09 4722371.6 4.1648336e-32 2.904166e-27 8.7280548e-47
2.8496153e+09 8.4943093e+18 2.976143e+09 4723475.6 4.1544397e-32 2.8954755e-27 8.6954846e-47
2.8524694e+09 8.5028036e+18 2.9761372e+09 4724579.9 4.1440718e-32 2.8868109e-27 8.663036e-47
2.8553264e+09 8.5113064e+18 2.9761314e+09 4725684.5 4.1337297e-32 2.8781724e-27 8.6307083e-47
2.8581863e+09 8.5198177e+18 2.9761256e+09 4726789.4 4.1234134e-32 2.8695596e-27 8.5985012e-47
2.861049e+09 8.5283375e+18 2.9761197e+09 4727894.6 4.1131229e-32 2.8609727e-27 8.5664143e-47
2.8639146e+09 8.5368659e+18 2.9761139e+09 4729000.1 4.1028581e-32 2.8524114e-27 8.534447e-47
2.866783e+09 8.5454027e+18 2.9761081e+09 4730105.8 4.0926189e-32 2.8438758e-27 8.5025989e-47
2.8696544e+09 8.5539481e+18 2.9761022e+09 4731211.8 4.0824052e-32 2.8353657e-27 8.4708696e-47
2.8725286e+09 8.5625021e+18 2.9760964e+09 4732318.2 4.072217e-32 2.826881e-27 8.4392587e-47
2.8754057e+09 8.5710646e+18 2.9760906e+09 4733424.8 4.0620543e-32 2.8184218e-27 8.4077657e-47
2.8782856e+09 8.5796357e+18 2.9760847e+09 4734531.7 4.0519169e-32 2.8099879e-27 8.3763901e-47
2.8811685e+09 8.5882153e+18 2.9760789e+09 4735638.9 4.0418048e-32 2.8015792e-27 8.3451315e-47
2.8840543e+09 8.5968035e+18 2.976073e+09 4736746.3 4.0317179e-32 2.7931957e-27 8.3139895e-47
2.8869429e+09 8.6054003e+18 2.9760672e+09 4737854.1 4.0216562e-32 2.7848372e-27 8.2829637e-47
2.8898344e+09 8.6140057e+18 2.9760614e+09 4738962.2 4.0116197e-32 2.7765038e-27 8.2520536e-47
2.8927289e+09 8.6226197e+18 2.9760555e+09 4740070.5 4.0016081e-32 2.7681953e-27 8.2212588e-47
2.8956262e+09 8.6312423e+18 2.9760497e+09 4741179.1 3.9916216e-32 2.7599117e-27 8.1905788e-47
2.8985264e+09 8.6398736e+18 2.9760438e+09 4742288 3.98166e-32 2.7516529e-27 8.1600133e-47
2.9014296e+09 8.6485135e+18 2.976038e+09 4743397.2 3.9717232e-32 2.7434188e-27 8.1295617e-47
2.9043356e+09 8.657162e+18 2.9760321e+09 4744506.7 3.9618113e-32 2.7352093e-27 8.0992237e-47
2.9072446e+09 8.6658191e+18 2.9760263e+09 4745616.5 3.9519241e-32 2.7270244e-27 8.0689989e-47
2.9101565e+09 8.6744849e+18 2.9760204e+09 4746726.6 3.9420615e-32 2.718864e-27 8.0388869e-47
2.9130712e+09 8.6831594e+18 2.9760146e+09 4747836.9 3.9322236e-32 2.710728e-27 8.0088871e-47
2.915989e+09 8.6918426e+18 2.9760087e+09 4748947.6 3.9224102e-32 2.7026164e-27 7.9789992e-47
2.9189096e+09 8.7005344e+18 2.9760029e+09 4750058.5 3.9126213e-32 2.694529e-27 7.9492228e-47
2.9218332e+09 8.709235e+18 2.975997e+09 4751169.7 3.9028568e-32 2.6864658e-27 7.9195575e-47
2.9247597e+09 8.7179442e+18 2.9759911e+09 4752281.2 3.8931168e-32 2.6784268e-27 7.8900028e-47
2.9276891e+09 8.7266621e+18 2.9759853e+09 4753393 3.883401e-32 2.6704118e-27 7.8605583e-47
2.9306214e+09 8.7353888e+18 2.9759794e+09 4754505.1 3.8737094e-32 2.6624208e-27 7.8312237e-47
2.9335567e+09 8.7441242e+18 2.9759735e+09 4755617.5 3.8640421e-32 2.6544537e-27 7.8019985e-47
2.936495e+09 8.7528683e+18 2.9759677e+09 4756730.1 3.8543989e-32 2.6465105e-27 7.7728823e-47
2.9394362e+09 8.7616212e+18 2.9759618e+09 4757843.1 3.8447797e-32 2.638591e-27 7.7438746e-47
2.9423803e+09 8.7703828e+18 2.9759559e+09 4758956.3 3.8351845e-32 2.6306952e-27 7.7149752e-47
2.9453274e+09 8.7791532e+18 2.9759501e+09 4760069.9 3.8256133e-32 2.6228231e-27 7.6861836e-47
2.9482774e+09 8.7879323e+18 2.9759442e+09 4761183.7 3.816066e-32 2.6149745e-27 7.6574993e-47
2.9512304e+09 8.7967203e+18 2.9759383e+09 4762297.8 3.8065425e-32 2.6071494e-27 7.6289221e-47
2.9541863e+09 8.805517e+18 2.9759325e+09 4763412.2 3.7970428e-32 2.5993477e-27 7.6004514e-47
2.9571453e+09 8.8143225e+18 2.9759266e+09 4764526.9 3.7875668e-32 2.5915694e-27 7.5720869e-47
2.9601071e+09 8.8231368e+18 2.9759207e+09 4765641.8 3.7781144e-32 2.5838143e-27 7.5438283e-47
2.963072e+09 8.83196e+18 2.9759148e+09 4766757.1 3.7686856e-32 2.5760825e-27 7.515675e-47
2.9660398e+09 8.8407919e+18 2.975909e+09 4767872.7 3.7592804e-32 2.5683738e-27 7.4876267e-47
2.9690106e+09 8.8496327e+18 2.9759031e+09 4768988.5 3.7498986e-32 2.5606881e-27 7.4596831e-47
2.9719843e+09 8.8584824e+18 2.9758972e+09 4770104.6 3.7405402e-32 2.5530255e-27 7.4318437e-47
2.9749611e+09 8.8673408e+18 2.9758913e+09 4771221.1 3.7312052e-32 2.5453858e-27 7.4041081e-47
2.9779408e+09 8.8762082e+18 2.9758854e+09 4772337.8 3.7218935e-32 2.5377689e-27 7.376476e-47
2.9809235e+09 8.8850844e+18 2.9758795e+09 4773454.8 3.712605e-32 2.5301749e-27 7.3489469e-47
2.9839092e+09 8.8939695e+18 2.9758736e+09 4774572.1 3.7033397e-32 2.5226035e-27 7.3215205e-47
2.9868979e+09 8.9028634e+18 2.9758678e+09 4775689.7 3.6940976e-32 2.5150549e-27 7.2941965e-47
2.9898896e+09 8.9117663e+18 2.9758619e+09 4776807.5 3.6848784e-32 2.5075288e-27 7.2669743e-47
2.9928843e+09 8.9206781e+18 2.975856e+09 4777925.7 3.6756824e-32 2.5000252e-27 7.2398537e-47
2.995882e+09 8.9295988e+18 2.9758501e+09 4779044.1 3.6665092e-32 2.4925441e-27 7.2128342e-47
2.9988827e+09 8.9385284e+18 2.9758442e+09 4780162.9 3.6573589e-32 2.4850854e-27 7.1859156e-47
3.0018864e+09 8.9474669e+18 2.9758383e+09 4781281.9 3.6482315e-32 2.477649e-27 7.1590973e-47
3.0048931e+09 8.9564143e+18 2.9758324e+09 4782401.2 3.6391269e-32 2.4702348e-27 7.1323791e-47
3.0079028e+09 8.9653708e+18 2.9758265e+09 4783520.8 3.630045e-32 2.4628429e-27 7.1057605e-47
3.0109155e+09 8.9743361e+18 2.9758206e+09 4784640.7 3.6209857e-32 2.455473e-27 7.0792412e-47
3.0139313e+09 8.9833105e+18 2.9758147e+09 4785760.9 3.6119491e-32 2.4481253e-27 7.0528209e-47
3.01695e+09 8.9922938e+18 2.9758088e+09 4786881.4 3.602935e-32 2.4407995e-27 7.026499e-47
3.0199718e+09 9.0012861e+18 2.9758029e+09 4788002.2 3.5939434e-32 2.4334956e-27 7.0002754e-47
3.0229967e+09 9.0102874e+18 2.975797e+09 4789123.3 3.5849742e-32 2.4262136e-27 6.9741496e-47
3.0260245e+09 9.0192976e+18 2.9757911e+09 4790244.6 3.5760274e-32 2.4189534e-27 6.9481212e-47
3.0290554e+09 9.0283169e+18 2.9757852e+09 4791366.3 3.567103e-32 2.4117149e-27 6.92219e-47
3.0320893e+09 9.0373453e+18 2.9757793e+09 4792488.2 3.5582008e-32 2.404498e-27 6.8963554e-47
3.0351263e+09 9.0463826e+18 2.9757733e+09 4793610.4 3.5493209e-32 2.3973028e-27 6.8706172e-47
3.0381663e+09 9.055429e+18 2.9757674e+09 4794732.9 3.5404631e-32 2.3901291e-27 6.8449751e-47
3.0412094e+09 9.0644844e+18 2.9757615e+09 4795855.7 3.5316274e-32 2.3829768e-27 6.8194285e-47
3.0442555e+09 9.0735489e+18 2.9757556e+09 4796978.8 3.5228137e-32 2.375846e-27 6.7939773e-47
3.0473046e+09 9.0826225e+18 2.9757497e+09 4798102.2 3.5140221e-32 2.3687365e-27 6.768621e-47
3.0503568e+09 9.0917051e+18 2.9757438e+09 4799225.9 3.5052524e-32 2.3616483e-27 6.7433593e-47
3.0534121e+09 9.1007968e+18 2.9757378e+09 4800349.9 3.4965046e-32 2.3545813e-27 6.7181918e-47
3.0564704e+09 9.1098976e+18 2.9757319e+09 4801474.1 3.4877786e-32 2.3475354e-27 6.6931182e-47
3.0595318e+09 9.1190075e+18 2.975726e+09 4802598.7 3.4790744e-32 2.3405106e-27 6.6681381e-47
3.0625963e+09 9.1281265e+18 2.9757201e+09 4803723.6 3.4703919e-32 2.3335069e-27 6.6432512e-47
3.0656638e+09 9.1372546e+18 2.9757141e+09 4804848.7 3.4617311e-32 2.3265241e-27 6.6184572e-47
3.0687345e+09 9.1463919e+18 2.9757082e+09 4805974.1 3.4530919e-32 2.3195622e-27 6.5937556e-47
3.0718081e+09 9.1555383e+18 2.9757023e+09 4807099.8 3.4444742e-32 2.3126211e-27 6.5691462e-47
3.0748849e+09 9.1646938e+18 2.9756964e+09 4808225.9 3.4358781e-32 2.3057008e-27 6.5446285e-47
3.0779648e+09 9.1738585e+18 2.9756904e+09 4809352.2 3.4273034e-32 2.2988012e-27 6.5202024e-47
3.0810477e+09 9.1830323e+18 2.9756845e+09 4810478.8 3.4187501e-32 2.2919223e-27 6.4958673e-47
3.0841337e+09 9.1922154e+18 2.9756786e+09 4811605.6 3.4102182e-32 2.2850639e-27 6.471623e-47
3.0872228e+09 9.2014076e+18 2.9756726e+09 4812732.8 3.4017075e-32 2.2782261e-27 6.4474692e-47
3.090315e+09 9.210609e+18 2.9756667e+09 4813860.3 3.3932181e-32 2.2714088e-27 6.4234054e-47
3.0934103e+09 9.2198196e+18 2.9756608e+09 4814988.1 3.3847499e-32 2.2646118e-27 6.3994315e-47
3.0965088e+09 9.2290394e+18 2.9756548e+09 4816116.1 3.3763028e-32 2.2578352e-27 6.3755469e-47
3.0996103e+09 9.2382685e+18 2.9756489e+09 4817244.5 3.3678768e-32 2.2510788e-27 6.3517515e-47
3.1027149e+09 9.2475067e+18 2.9756429e+09 4818373.1 3.3594718e-32 2.2443427e-27 6.3280448e-47
3.1058226e+09 9.2567542e+18 2.975637e+09 4819502 3.3510878e-32 2.2376267e-27 6.3044265e-47
3.1089335e+09 9.266011e+18 2.975631e+09 4820631.3 3.3427247e-32 2.2309309e-27 6.2808964e-47
3.1120474e+09 9.275277e+18 2.9756251e+09 4821760.8 3.3343825e-32 2.224255e-27 6.257454e-47
3.1151645e+09 9.2845523e+18 2.9756191e+09 4822890.6 3.3260611e-32 2.2175992e-27 6.2340991e-47
3.1182847e+09 9.2938368e+18 2.9756132e+09 4824020.7 3.3177605e-32 2.2109632e-27 6.2108313e-47
3.1214081e+09 9.3031307e+18 2.9756072e+09 4825151.1 3.3094806e-32 2.2043471e-27 6.1876502e-47
3.1245345e+09 9.3124338e+18 2.9756013e+09 4826281.8 3.3012213e-32 2.1977509e-27 6.1645557e-47
3.1276641e+09 9.3217462e+18 2.9755953e+09 4827412.8 3.2929827e-32 2.1911743e-27 6.1415473e-47
3.1307969e+09 9.331068e+18 2.9755894e+09 4828544 3.2847646e-32 2.1846175e-27 6.1186248e-47
3.1339327e+09 9.3403991e+18 2.9755834e+09 4829675.6 3.2765671e-32 2.1780802e-27 6.0957877e-47
3.1370718e+09 9.3497395e+18 2.9755775e+09 4830807.5 3.26839e-32 2.1715625e-27 6.0730359e-47
3.1402139e+09 9.3590892e+18 2.9755715e+09 4831939.6 3.2602333e-32 2.1650644e-27 6.0503689e-47
3.1433592e+09 9.3684483e+18 2.9755655e+09 4833072.1 3.2520969e-32 2.1585856e-27 6.0277865e-47
3.1465077e+09 9.3778167e+18 2.9755596e+09 4834204.8 3.2439809e-32 2.1521263e-27 6.0052883e-47
3.1496593e+09 9.3871945e+18 2.9755536e+09 4835337.8 3.2358851e-32 2.1456863e-27 5.9828741e-47
3.1528141e+09 9.3965817e+18 2.9755476e+09 4836471.2 3.2278095e-32 2.1392656e-27 5.9605434e-47
3.155972e+09 9.4059783e+18 2.9755417e+09 4837604.8 3.2197541e-32 2.132864e-27 5.9382961e-47
3.1591331e+09 9.4153843e+18 2.9755357e+09 4838738.7 3.2117188e-32 2.1264817e-27 5.9161317e-47
