# Mfl=0.01Msun, vmin=0.03c, vmax=0.3c, power-law-index=0.5
# time [s], rsh [cm], vsh [cm/s], Deltav_2 [cm/s], rho_ISM [g/cm3], rhofl_2 [g/cm3], int_rhosq_1dr [g^2/cm^5]
3159258.1 2.8421979e+16 8.6487522e+09 3.4794781e+08 1e-23 7.6828386e-21 9.1862418e-35
3162544.4 2.8450401e+16 8.6844672e+09 3.1194199e+08 1e-23 7.6600837e-21 2.0620683e-34
3165820.4 2.8478851e+16 8.682758e+09 3.1328997e+08 1e-23 7.637456e-21 3.084946e-34
3169100.3 2.850733e+16 8.681946e+09 3.1377958e+08 1e-23 7.6148623e-21 4.1146542e-34
3172383.8 2.8535837e+16 8.6813151e+09 3.1408654e+08 1e-23 7.5923367e-21 5.1481549e-34
3175670.9 2.8564373e+16 8.6807443e+09 3.1433286e+08 1e-23 7.5698782e-21 6.184838e-34
3178961.4 2.8592938e+16 8.680199e+09 3.1455342e+08 1e-23 7.5474864e-21 7.2245041e-34
3182255.4 2.862153e+16 8.6796661e+09 3.1476129e+08 1e-23 7.5251611e-21 8.2670715e-34
3185553 2.8650152e+16 8.6791398e+09 3.149623e+08 1e-23 7.502902e-21 9.3125029e-34
3188854 2.8678802e+16 8.6786173e+09 3.1515933e+08 1e-23 7.480709e-21 1.036078e-33
3192158.6 2.8707481e+16 8.6780969e+09 3.1535399e+08 1e-23 7.4585817e-21 1.1411896e-33
3195466.6 2.8736188e+16 8.6775778e+09 3.1554719e+08 1e-23 7.4365202e-21 1.2465847e-33
3198778.1 2.8764925e+16 8.6770594e+09 3.157395e+08 1e-23 7.414524e-21 1.3522635e-33
3202093.2 2.879369e+16 8.6765413e+09 3.1593129e+08 1e-23 7.3925931e-21 1.4582261e-33
3205411.8 2.8822483e+16 8.6760232e+09 3.161228e+08 1e-23 7.3707273e-21 1.5644729e-33
3208733.8 2.8851306e+16 8.6755051e+09 3.1631421e+08 1e-23 7.3489263e-21 1.6710045e-33
3212059.5 2.8880157e+16 8.6749867e+09 3.1650562e+08 1e-23 7.32719e-21 1.7778212e-33
3215388.6 2.8909037e+16 8.674468e+09 3.1669712e+08 1e-23 7.3055181e-21 1.8849237e-33
3218721.2 2.8937946e+16 8.673949e+09 3.1688878e+08 1e-23 7.2839105e-21 1.9923126e-33
3222057.4 2.8966884e+16 8.6734296e+09 3.1708065e+08 1e-23 7.262367e-21 2.0999885e-33
3225397.2 2.8995851e+16 8.6729097e+09 3.1727276e+08 1e-23 7.2408874e-21 2.207952e-33
3228740.4 2.9024847e+16 8.6723893e+09 3.1746514e+08 1e-23 7.2194715e-21 2.3162037e-33
3232087.2 2.9053872e+16 8.6718685e+09 3.1765781e+08 1e-23 7.1981191e-21 2.4247444e-33
3235437.6 2.9082926e+16 8.6713471e+09 3.1785079e+08 1e-23 7.17683e-21 2.5335746e-33
3238791.5 2.9112009e+16 8.6708252e+09 3.1804409e+08 1e-23 7.1556041e-21 2.6426951e-33
3242149 2.9141121e+16 8.6703028e+09 3.1823773e+08 1e-23 7.1344411e-21 2.7521064e-33
3245510 2.9170262e+16 8.6697798e+09 3.1843172e+08 1e-23 7.1133409e-21 2.8618094e-33
3248874.6 2.9199432e+16 8.6692562e+09 3.1862605e+08 1e-23 7.0923033e-21 2.9718047e-33
3252242.7 2.9228631e+16 8.6687321e+09 3.1882075e+08 1e-23 7.071328e-21 3.082093e-33
3255614.5 2.925786e+16 8.6682074e+09 3.1901581e+08 1e-23 7.050415e-21 3.1926749e-33
3258989.8 2.9287118e+16 8.6676821e+09 3.1921124e+08 1e-23 7.029564e-21 3.3035513e-33
3262368.7 2.9316405e+16 8.6671562e+09 3.1940704e+08 1e-23 7.0087748e-21 3.4147227e-33
3265751.1 2.9345721e+16 8.6666298e+09 3.1960322e+08 1e-23 6.9880473e-21 3.5261899e-33
3269137.2 2.9375067e+16 8.6661027e+09 3.1979978e+08 1e-23 6.9673812e-21 3.6379537e-33
3272526.9 2.9404442e+16 8.6655751e+09 3.1999673e+08 1e-23 6.9467765e-21 3.7500146e-33
3275920.1 2.9433847e+16 8.6650469e+09 3.2019406e+08 1e-23 6.9262328e-21 3.8623735e-33
3279316.9 2.946328e+16 8.664518e+09 3.2039178e+08 1e-23 6.9057501e-21 3.975031e-33
3282717.4 2.9492744e+16 8.6639886e+09 3.2058989e+08 1e-23 6.8853281e-21 4.0879879e-33
3286121.5 2.9522237e+16 8.6634586e+09 3.2078838e+08 1e-23 6.8649667e-21 4.2012449e-33
3289529.1 2.9551759e+16 8.6629279e+09 3.2098728e+08 1e-23 6.8446657e-21 4.3148027e-33
3292940.4 2.9581311e+16 8.6623967e+09 3.2118656e+08 1e-23 6.8244248e-21 4.4286621e-33
3296355.3 2.9610892e+16 8.6618648e+09 3.2138624e+08 1e-23 6.804244e-21 4.5428237e-33
3299773.9 2.9640503e+16 8.6613323e+09 3.2158632e+08 1e-23 6.7841231e-21 4.6572883e-33
3303196 2.9670143e+16 8.6607992e+09 3.217868e+08 1e-23 6.7640618e-21 4.7720566e-33
3306621.8 2.9699813e+16 8.6602655e+09 3.2198768e+08 1e-23 6.74406e-21 4.8871294e-33
3310051.3 2.9729513e+16 8.6597312e+09 3.2218895e+08 1e-23 6.7241176e-21 5.0025074e-33
3313484.3 2.9759243e+16 8.6591963e+09 3.2239063e+08 1e-23 6.7042342e-21 5.1181913e-33
3316921.1 2.9789002e+16 8.6586607e+09 3.2259271e+08 1e-23 6.6844099e-21 5.2341819e-33
3320361.4 2.9818791e+16 8.6581246e+09 3.2279519e+08 1e-23 6.6646443e-21 5.35048e-33
3323805.5 2.984861e+16 8.6575878e+09 3.2299808e+08 1e-23 6.6449373e-21 5.4670862e-33
3327253.1 2.9878458e+16 8.6570504e+09 3.2320137e+08 1e-23 6.6252888e-21 5.5840013e-33
3330704.5 2.9908337e+16 8.6565123e+09 3.2340507e+08 1e-23 6.6056986e-21 5.701226e-33
3334159.5 2.9938245e+16 8.6559737e+09 3.2360917e+08 1e-23 6.5861664e-21 5.8187612e-33
3337618.2 2.9968183e+16 8.6554344e+09 3.2381368e+08 1e-23 6.5666922e-21 5.9366076e-33
3341080.5 2.9998152e+16 8.6548944e+09 3.2401859e+08 1e-23 6.5472757e-21 6.0547658e-33
3344546.6 3.002815e+16 8.6543539e+09 3.2422392e+08 1e-23 6.5279168e-21 6.1732368e-33
3348016.3 3.0058178e+16 8.6538127e+09 3.2442965e+08 1e-23 6.5086153e-21 6.2920212e-33
3351489.7 3.0088236e+16 8.6532709e+09 3.246358e+08 1e-23 6.4893711e-21 6.4111197e-33
3354966.8 3.0118324e+16 8.6527285e+09 3.2484235e+08 1e-23 6.4701839e-21 6.5305332e-33
3358447.6 3.0148443e+16 8.6521854e+09 3.2504931e+08 1e-23 6.4510536e-21 6.6502625e-33
3361932.1 3.0178591e+16 8.6516417e+09 3.2525669e+08 1e-23 6.4319801e-21 6.7703082e-33
3365420.2 3.020877e+16 8.6510974e+09 3.2546448e+08 1e-23 6.4129631e-21 6.8906712e-33
3368912.1 3.0238978e+16 8.6505524e+09 3.2567268e+08 1e-23 6.3940025e-21 7.0113522e-33
3372407.8 3.0269217e+16 8.6500068e+09 3.2588129e+08 1e-23 6.3750982e-21 7.1323519e-33
3375907.1 3.0299487e+16 8.6494605e+09 3.2609032e+08 1e-23 6.3562498e-21 7.2536713e-33
3379410.1 3.0329786e+16 8.6489137e+09 3.2629976e+08 1e-23 6.3374574e-21 7.375311e-33
3382916.9 3.0360116e+16 8.6483661e+09 3.2650961e+08 1e-23 6.3187208e-21 7.4972718e-33
3386427.4 3.0390476e+16 8.647818e+09 3.2671988e+08 1e-23 6.3000396e-21 7.6195545e-33
3389941.7 3.0420866e+16 8.6472692e+09 3.2693057e+08 1e-23 6.2814139e-21 7.7421599e-33
3393459.6 3.0451287e+16 8.6467197e+09 3.2714167e+08 1e-23 6.2628434e-21 7.8650888e-33
3396981.3 3.0481739e+16 8.6461696e+09 3.273532e+08 1e-23 6.244328e-21 7.9883419e-33
3400506.8 3.051222e+16 8.6456189e+09 3.2756513e+08 1e-23 6.2258675e-21 8.11192e-33
3404036 3.0542733e+16 8.6450675e+09 3.2777749e+08 1e-23 6.2074617e-21 8.235824e-33
3407569 3.0573275e+16 8.6445154e+09 3.2799026e+08 1e-23 6.1891105e-21 8.3600546e-33
3411105.7 3.0603849e+16 8.6439628e+09 3.2820346e+08 1e-23 6.1708137e-21 8.4846126e-33
3414646.2 3.0634452e+16 8.6434094e+09 3.2841707e+08 1e-23 6.1525712e-21 8.6094988e-33
3418190.4 3.0665087e+16 8.6428554e+09 3.2863111e+08 1e-23 6.1343828e-21 8.734714e-33
3421738.5 3.0695752e+16 8.6423008e+09 3.2884556e+08 1e-23 6.1162483e-21 8.860259e-33
3425290.3 3.0726448e+16 8.6417455e+09 3.2906044e+08 1e-23 6.0981676e-21 8.9861346e-33
3428845.9 3.0757174e+16 8.6411896e+09 3.2927574e+08 1e-23 6.0801405e-21 9.1123416e-33
3432405.2 3.0787931e+16 8.640633e+09 3.2949146e+08 1e-23 6.0621668e-21 9.2388809e-33
3435968.4 3.0818719e+16 8.6400758e+09 3.297076e+08 1e-23 6.0442465e-21 9.3657531e-33
3439535.3 3.0849538e+16 8.6395179e+09 3.2992417e+08 1e-23 6.0263793e-21 9.4929592e-33
3443106.1 3.0880388e+16 8.6389593e+09 3.3014116e+08 1e-23 6.0085651e-21 9.6204999e-33
3446680.6 3.0911268e+16 8.6384001e+09 3.3035858e+08 1e-23 5.9908036e-21 9.7483761e-33
3450259 3.0942179e+16 8.6378402e+09 3.3057642e+08 1e-23 5.9730949e-21 9.8765886e-33
3453841.2 3.0973121e+16 8.6372797e+09 3.3079468e+08 1e-23 5.9554387e-21 1.0005138e-32
3457427.1 3.1004094e+16 8.6367185e+09 3.3101338e+08 1e-23 5.9378348e-21 1.0134026e-32
3461016.9 3.1035099e+16 8.6361566e+09 3.312325e+08 1e-23 5.9202832e-21 1.0263252e-32
3464610.6 3.1066134e+16 8.6355941e+09 3.3145204e+08 1e-23 5.9027835e-21 1.0392817e-32
3468208 3.10972e+16 8.6350309e+09 3.3167202e+08 1e-23 5.8853358e-21 1.0522724e-32
3471809.3 3.1128297e+16 8.6344671e+09 3.3189242e+08 1e-23 5.8679398e-21 1.0652971e-32
3475414.4 3.1159425e+16 8.6339025e+09 3.3211325e+08 1e-23 5.8505954e-21 1.078356e-32
3479023.4 3.1190585e+16 8.6333374e+09 3.3233451e+08 1e-23 5.8333024e-21 1.0914492e-32
3482636.2 3.1221775e+16 8.6327715e+09 3.325562e+08 1e-23 5.8160607e-21 1.1045768e-32
3486252.8 3.1252997e+16 8.632205e+09 3.3277832e+08 1e-23 5.7988701e-21 1.1177389e-32
3489873.4 3.128425e+16 8.6316378e+09 3.3300087e+08 1e-23 5.7817305e-21 1.1309355e-32
3493497.7 3.1315534e+16 8.6310699e+09 3.3322385e+08 1e-23 5.7646417e-21 1.1441667e-32
3497126 3.134685e+16 8.6305014e+09 3.3344726e+08 1e-23 5.7476036e-21 1.1574326e-32
3500758.1 3.1378197e+16 8.6299322e+09 3.3367111e+08 1e-23 5.730616e-21 1.1707333e-32
3504394 3.1409575e+16 8.6293623e+09 3.3389538e+08 1e-23 5.7136788e-21 1.1840689e-32
3508033.9 3.1440984e+16 8.6287918e+09 3.341201e+08 1e-23 5.6967918e-21 1.1974394e-32
3511677.6 3.1472425e+16 8.6282206e+09 3.3434524e+08 1e-23 5.6799548e-21 1.210845e-32
3515325.2 3.1503898e+16 8.6276487e+09 3.3457082e+08 1e-23 5.6631678e-21 1.2242857e-32
3518976.7 3.1535402e+16 8.6270761e+09 3.3479684e+08 1e-23 5.6464306e-21 1.2377616e-32
3522632.1 3.1566937e+16 8.6265028e+09 3.3502329e+08 1e-23 5.629743e-21 1.2512728e-32
3526291.4 3.1598504e+16 8.6259289e+09 3.3525017e+08 1e-23 5.6131049e-21 1.2648195e-32
3529954.6 3.1630103e+16 8.6253542e+09 3.3547749e+08 1e-23 5.5965161e-21 1.2784015e-32
3533621.7 3.1661733e+16 8.6247789e+09 3.3570525e+08 1e-23 5.5799765e-21 1.2920192e-32
3537292.8 3.1693394e+16 8.624203e+09 3.3593345e+08 1e-23 5.5634859e-21 1.3056725e-32
3540967.7 3.1725088e+16 8.6236263e+09 3.3616208e+08 1e-23 5.5470442e-21 1.3193615e-32
3544646.5 3.1756813e+16 8.6230489e+09 3.3639116e+08 1e-23 5.5306513e-21 1.3330864e-32
3548329.3 3.178857e+16 8.6224709e+09 3.3662067e+08 1e-23 5.514307e-21 1.3468471e-32
3552016 3.1820358e+16 8.6218922e+09 3.3685062e+08 1e-23 5.4980111e-21 1.3606439e-32
3555706.7 3.1852179e+16 8.6213127e+09 3.3708101e+08 1e-23 5.4817636e-21 1.3744767e-32
3559401.3 3.1884031e+16 8.6207326e+09 3.3731184e+08 1e-23 5.4655642e-21 1.3883457e-32
3563099.8 3.1915915e+16 8.6201519e+09 3.3754311e+08 1e-23 5.4494129e-21 1.402251e-32
3566802.3 3.1947831e+16 8.6195704e+09 3.3777483e+08 1e-23 5.4333095e-21 1.4161926e-32
3570508.7 3.1979779e+16 8.6189882e+09 3.3800698e+08 1e-23 5.4172538e-21 1.4301706e-32
3574219.1 3.2011758e+16 8.6184053e+09 3.3823958e+08 1e-23 5.4012457e-21 1.4441852e-32
3577933.4 3.204377e+16 8.6178218e+09 3.3847263e+08 1e-23 5.385285e-21 1.4582364e-32
3581651.8 3.2075814e+16 8.6172375e+09 3.3870611e+08 1e-23 5.3693717e-21 1.4723243e-32
3585374 3.210789e+16 8.6166525e+09 3.3894004e+08 1e-23 5.3535056e-21 1.4864489e-32
3589100.3 3.2139998e+16 8.6160669e+09 3.3917442e+08 1e-23 5.3376865e-21 1.5006105e-32
3592830.5 3.2172138e+16 8.6154806e+09 3.3940924e+08 1e-23 5.3219143e-21 1.514809e-32
3596564.8 3.220431e+16 8.6148935e+09 3.396445e+08 1e-23 5.3061889e-21 1.5290446e-32
3600303 3.2236514e+16 8.6143058e+09 3.3988021e+08 1e-23 5.2905101e-21 1.5433174e-32
3604045.2 3.2268751e+16 8.6137173e+09 3.4011637e+08 1e-23 5.2748778e-21 1.5576273e-32
3607791.4 3.2301019e+16 8.6131282e+09 3.4035298e+08 1e-23 5.2592919e-21 1.5719747e-32
3611541.6 3.233332e+16 8.6125383e+09 3.4059003e+08 1e-23 5.2437521e-21 1.5863594e-32
3615295.8 3.2365654e+16 8.6119478e+09 3.4082753e+08 1e-23 5.2282584e-21 1.6007816e-32
3619054 3.2398019e+16 8.6113565e+09 3.4106548e+08 1e-23 5.2128107e-21 1.6152415e-32
3622816.3 3.2430417e+16 8.6107645e+09 3.4130388e+08 1e-23 5.1974088e-21 1.6297391e-32
3626582.6 3.2462848e+16 8.6101719e+09 3.4154273e+08 1e-23 5.1820525e-21 1.6442744e-32
3630352.8 3.2495311e+16 8.6095785e+09 3.4178203e+08 1e-23 5.1667417e-21 1.6588477e-32
3634127.2 3.2527806e+16 8.6089844e+09 3.4202178e+08 1e-23 5.1514764e-21 1.6734589e-32
3637905.5 3.2560334e+16 8.6083896e+09 3.4226198e+08 1e-23 5.1362563e-21 1.6881081e-32
3641687.9 3.2592894e+16 8.6077941e+09 3.4250264e+08 1e-23 5.1210813e-21 1.7027956e-32
3645474.4 3.2625487e+16 8.6071978e+09 3.4274375e+08 1e-23 5.1059513e-21 1.7175213e-32
3649264.8 3.2658112e+16 8.6066009e+09 3.4298531e+08 1e-23 5.0908662e-21 1.7322853e-32
3653059.4 3.2690771e+16 8.6060032e+09 3.4322732e+08 1e-23 5.0758258e-21 1.7470878e-32
3656858 3.2723461e+16 8.6054049e+09 3.4346979e+08 1e-23 5.06083e-21 1.7619288e-32
3660660.7 3.2756185e+16 8.6048058e+09 3.4371271e+08 1e-23 5.0458786e-21 1.7768084e-32
3664467.4 3.2788941e+16 8.604206e+09 3.4395609e+08 1e-23 5.0309716e-21 1.7917268e-32
3668278.2 3.282173e+16 8.6036055e+09 3.4419992e+08 1e-23 5.0161088e-21 1.806684e-32
3672093.1 3.2854552e+16 8.6030042e+09 3.4444421e+08 1e-23 5.00129e-21 1.82168e-32
3675912 3.2887406e+16 8.6024023e+09 3.4468895e+08 1e-23 4.9865152e-21 1.8367151e-32
3679735.1 3.2920294e+16 8.6017996e+09 3.4493415e+08 1e-23 4.9717842e-21 1.8517893e-32
3683562.2 3.2953214e+16 8.6011962e+09 3.4517982e+08 1e-23 4.9570968e-21 1.8669027e-32
3687393.5 3.2986167e+16 8.6005921e+09 3.4542593e+08 1e-23 4.942453e-21 1.8820554e-32
3691228.8 3.3019153e+16 8.5999872e+09 3.4567251e+08 1e-23 4.9278526e-21 1.8972475e-32
3695068.2 3.3052172e+16 8.5993816e+09 3.4591955e+08 1e-23 4.9132955e-21 1.912479e-32
3698911.8 3.3085225e+16 8.5987753e+09 3.4616704e+08 1e-23 4.8987815e-21 1.9277502e-32
3702759.5 3.311831e+16 8.5981683e+09 3.46415e+08 1e-23 4.8843106e-21 1.943061e-32
3706611.2 3.3151428e+16 8.5975606e+09 3.4666342e+08 1e-23 4.8698825e-21 1.9584116e-32
3710467.2 3.318458e+16 8.5969521e+09 3.469123e+08 1e-23 4.8554973e-21 1.9738021e-32
3714327.2 3.3217764e+16 8.5963428e+09 3.4716164e+08 1e-23 4.8411547e-21 1.9892325e-32
3718191.4 3.3250982e+16 8.5957329e+09 3.4741144e+08 1e-23 4.8268546e-21 2.004703e-32
3722059.7 3.3284233e+16 8.5951222e+09 3.4766171e+08 1e-23 4.8125969e-21 2.0202136e-32
3725932.1 3.3317517e+16 8.5945108e+09 3.4791244e+08 1e-23 4.7983815e-21 2.0357646e-32
3729808.7 3.3350835e+16 8.5938986e+09 3.4816364e+08 1e-23 4.7842082e-21 2.0513558e-32
3733689.5 3.3384186e+16 8.5932858e+09 3.4841529e+08 1e-23 4.7700769e-21 2.0669876e-32
3737574.4 3.341757e+16 8.5926721e+09 3.4866742e+08 1e-23 4.7559875e-21 2.0826599e-32
3741463.5 3.3450987e+16 8.5920578e+09 3.4892001e+08 1e-23 4.7419399e-21 2.0983728e-32
3745356.7 3.3484438e+16 8.5914427e+09 3.4917306e+08 1e-23 4.7279339e-21 2.1141266e-32
3749254.2 3.3517923e+16 8.5908268e+09 3.4942659e+08 1e-23 4.7139695e-21 2.1299211e-32
3753155.7 3.3551441e+16 8.5902102e+09 3.4968058e+08 1e-23 4.7000464e-21 2.1457567e-32
3757061.5 3.3584992e+16 8.5895929e+09 3.4993503e+08 1e-23 4.6861647e-21 2.1616332e-32
3760971.5 3.3618577e+16 8.5889748e+09 3.5018996e+08 1e-23 4.672324e-21 2.177551e-32
3764885.6 3.3652196e+16 8.588356e+09 3.5044536e+08 1e-23 4.6585245e-21 2.19351e-32
3768804 3.3685848e+16 8.5877365e+09 3.5070122e+08 1e-23 4.6447658e-21 2.2095103e-32
3772726.5 3.3719534e+16 8.5871161e+09 3.5095755e+08 1e-23 4.6310479e-21 2.2255521e-32
3776653.3 3.3753253e+16 8.5864951e+09 3.5121436e+08 1e-23 4.6173706e-21 2.2416355e-32
3780584.3 3.3787006e+16 8.5858733e+09 3.5147163e+08 1e-23 4.6037339e-21 2.2577605e-32
3784519.5 3.3820793e+16 8.5852507e+09 3.5172938e+08 1e-23 4.5901377e-21 2.2739273e-32
3788458.9 3.3854614e+16 8.5846274e+09 3.519876e+08 1e-23 4.5765817e-21 2.290136e-32
3792402.5 3.3888469e+16 8.5840034e+09 3.5224629e+08 1e-23 4.5630659e-21 2.3063866e-32
3796350.4 3.3922357e+16 8.5833786e+09 3.5250546e+08 1e-23 4.5495902e-21 2.3226793e-32
3800302.5 3.395628e+16 8.582753e+09 3.527651e+08 1e-23 4.5361545e-21 2.3390142e-32
3804258.8 3.3990236e+16 8.5821267e+09 3.5302521e+08 1e-23 4.5227585e-21 2.3553913e-32
3808219.4 3.4024226e+16 8.5814996e+09 3.532858e+08 1e-23 4.5094023e-21 2.3718109e-32
3812184.2 3.405825e+16 8.5808718e+09 3.5354686e+08 1e-23 4.4960857e-21 2.3882729e-32
3816153.3 3.4092309e+16 8.5802432e+09 3.538084e+08 1e-23 4.4828085e-21 2.4047775e-32
3820126.7 3.4126401e+16 8.5796138e+09 3.5407042e+08 1e-23 4.4695707e-21 2.4213247e-32
3824104.3 3.4160527e+16 8.5789837e+09 3.5433291e+08 1e-23 4.4563722e-21 2.4379148e-32
3828086.2 3.4194688e+16 8.5783529e+09 3.5459588e+08 1e-23 4.4432127e-21 2.4545478e-32
3832072.3 3.4228883e+16 8.5777212e+09 3.5485933e+08 1e-23 4.4300923e-21 2.4712238e-32
3836062.8 3.4263112e+16 8.5770888e+09 3.5512325e+08 1e-23 4.4170108e-21 2.4879429e-32
3840057.5 3.4297375e+16 8.5764557e+09 3.5538766e+08 1e-23 4.403968e-21 2.5047052e-32
3844056.5 3.4331672e+16 8.5758217e+09 3.5565254e+08 1e-23 4.3909639e-21 2.5215108e-32
3848059.8 3.4366004e+16 8.575187e+09 3.5591791e+08 1e-23 4.3779983e-21 2.5383599e-32
3852067.4 3.440037e+16 8.5745516e+09 3.5618375e+08 1e-23 4.3650712e-21 2.5552525e-32
3856079.3 3.443477e+16 8.5739153e+09 3.5645008e+08 1e-23 4.3521824e-21 2.5721887e-32
3860095.6 3.4469205e+16 8.5732783e+09 3.5671689e+08 1e-23 4.3393318e-21 2.5891687e-32
3864116.1 3.4503674e+16 8.5726406e+09 3.5698418e+08 1e-23 4.3265193e-21 2.6061926e-32
3868141 3.4538178e+16 8.572002e+09 3.5725196e+08 1e-23 4.3137448e-21 2.6232603e-32
3872170.1 3.4572716e+16 8.5713627e+09 3.5752021e+08 1e-23 4.3010081e-21 2.6403722e-32
3876203.7 3.4607289e+16 8.5707226e+09 3.5778896e+08 1e-23 4.2883092e-21 2.6575283e-32
3880241.5 3.4641896e+16 8.5700817e+09 3.5805818e+08 1e-23 4.2756479e-21 2.6747286e-32
3884283.7 3.4676538e+16 8.5694401e+09 3.5832789e+08 1e-23 4.2630242e-21 2.6919733e-32
3888330.2 3.4711214e+16 8.5687977e+09 3.5859809e+08 1e-23 4.2504379e-21 2.7092625e-32
3892381.1 3.4745926e+16 8.5681545e+09 3.5886877e+08 1e-23 4.2378889e-21 2.7265964e-32
3896436.4 3.4780671e+16 8.5675105e+09 3.5913994e+08 1e-23 4.225377e-21 2.7439749e-32
3900496 3.4815452e+16 8.5668657e+09 3.594116e+08 1e-23 4.2129023e-21 2.7613983e-32
3904559.9 3.4850268e+16 8.5662202e+09 3.5968374e+08 1e-23 4.2004645e-21 2.7788666e-32
3908628.3 3.4885118e+16 8.5655738e+09 3.5995638e+08 1e-23 4.1880637e-21 2.79638e-32
3912701 3.4920003e+16 8.5649267e+09 3.602295e+08 1e-23 4.1756995e-21 2.8139385e-32
3916778.1 3.4954923e+16 8.5642788e+09 3.6050311e+08 1e-23 4.163372e-21 2.8315423e-32
3920859.5 3.4989878e+16 8.5636301e+09 3.6077721e+08 1e-23 4.1510811e-21 2.8491915e-32
3924945.4 3.5024868e+16 8.5629807e+09 3.610518e+08 1e-23 4.1388266e-21 2.8668861e-32
3929035.7 3.5059893e+16 8.5623304e+09 3.6132688e+08 1e-23 4.1266084e-21 2.8846264e-32
3933130.3 3.5094953e+16 8.5616794e+09 3.6160246e+08 1e-23 4.1144264e-21 2.9024124e-32
3937229.4 3.5130047e+16 8.5610275e+09 3.6187853e+08 1e-23 4.1022805e-21 2.9202442e-32
3941332.9 3.5165178e+16 8.5603749e+09 3.6215509e+08 1e-23 4.0901706e-21 2.938122e-32
3945440.8 3.5200343e+16 8.5597215e+09 3.6243214e+08 1e-23 4.0780966e-21 2.9560458e-32
3949553.1 3.5235543e+16 8.5590672e+09 3.6270968e+08 1e-23 4.0660584e-21 2.9740158e-32
3953669.9 3.5270779e+16 8.5584122e+09 3.6298772e+08 1e-23 4.0540559e-21 2.992032e-32
3957791.1 3.5306049e+16 8.5577564e+09 3.6326626e+08 1e-23 4.042089e-21 3.0100946e-32
3961916.7 3.5341355e+16 8.5570998e+09 3.6354529e+08 1e-23 4.0301575e-21 3.0282038e-32
3966046.7 3.5376697e+16 8.5564424e+09 3.6382482e+08 1e-23 4.0182614e-21 3.0463595e-32
3970181.3 3.5412073e+16 8.5557842e+09 3.6410484e+08 1e-23 4.0064005e-21 3.064562e-32
3974320.2 3.5447486e+16 8.5551252e+09 3.6438536e+08 1e-23 3.9945748e-21 3.0828114e-32
3978463.6 3.5482933e+16 8.5544654e+09 3.6466638e+08 1e-23 3.9827841e-21 3.1011077e-32
3982611.5 3.5518416e+16 8.5538047e+09 3.649479e+08 1e-23 3.9710284e-21 3.1194511e-32
3986763.9 3.5553934e+16 8.5531433e+09 3.6522991e+08 1e-23 3.9593076e-21 3.1378416e-32
3990920.7 3.5589488e+16 8.5524811e+09 3.6551243e+08 1e-23 3.9476214e-21 3.1562795e-32
3995082 3.5625078e+16 8.5518181e+09 3.6579544e+08 1e-23 3.9359699e-21 3.1747648e-32
3999247.8 3.5660703e+16 8.5511542e+09 3.6607896e+08 1e-23 3.924353e-21 3.1932977e-32
4003418.1 3.5696364e+16 8.5504896e+09 3.6636297e+08 1e-23 3.9127704e-21 3.2118782e-32
4007592.8 3.573206e+16 8.5498241e+09 3.6664749e+08 1e-23 3.9012222e-21 3.2305065e-32
4011772.1 3.5767792e+16 8.5491578e+09 3.6693251e+08 1e-23 3.8897082e-21 3.2491826e-32
4015955.9 3.580356e+16 8.5484908e+09 3.6721803e+08 1e-23 3.8782284e-21 3.2679068e-32
4020144.2 3.5839363e+16 8.5478229e+09 3.6750406e+08 1e-23 3.8667825e-21 3.2866791e-32
4024337 3.5875203e+16 8.5471542e+09 3.6779059e+08 1e-23 3.8553706e-21 3.3054997e-32
4028534.3 3.5911078e+16 8.5464846e+09 3.6807762e+08 1e-23 3.8439925e-21 3.3243686e-32
4032736.2 3.5946989e+16 8.5458143e+09 3.6836516e+08 1e-23 3.8326482e-21 3.343286e-32
4036942.6 3.5982936e+16 8.5451431e+09 3.686532e+08 1e-23 3.8213374e-21 3.362252e-32
4041153.5 3.6018919e+16 8.5444712e+09 3.6894175e+08 1e-23 3.8100602e-21 3.3812667e-32
4045369 3.6054938e+16 8.5437984e+09 3.6923081e+08 1e-23 3.7988164e-21 3.4003302e-32
4049589 3.6090993e+16 8.5431247e+09 3.6952037e+08 1e-23 3.7876059e-21 3.4194427e-32
4053813.5 3.6127084e+16 8.5424503e+09 3.6981044e+08 1e-23 3.7764286e-21 3.4386043e-32
4058042.7 3.6163211e+16 8.541775e+09 3.7010102e+08 1e-23 3.7652845e-21 3.4578151e-32
4062276.3 3.6199374e+16 8.541099e+09 3.7039211e+08 1e-23 3.7541733e-21 3.4770752e-32
4066514.6 3.6235573e+16 8.540422e+09 3.7068371e+08 1e-23 3.7430952e-21 3.4963847e-32
4070757.4 3.6271809e+16 8.5397443e+09 3.7097581e+08 1e-23 3.7320498e-21 3.5157438e-32
4075004.8 3.6308081e+16 8.5390657e+09 3.7126843e+08 1e-23 3.7210372e-21 3.5351526e-32
4079256.8 3.6344389e+16 8.5383863e+09 3.7156156e+08 1e-23 3.7100572e-21 3.5546112e-32
4083513.4 3.6380733e+16 8.5377061e+09 3.718552e+08 1e-23 3.6991097e-21 3.5741198e-32
4087774.6 3.6417114e+16 8.537025e+09 3.7214935e+08 1e-23 3.6881947e-21 3.5936783e-32
4092040.4 3.6453531e+16 8.5363432e+09 3.7244402e+08 1e-23 3.6773121e-21 3.6132871e-32
4096310.8 3.6489985e+16 8.5356604e+09 3.727392e+08 1e-23 3.6664617e-21 3.6329461e-32
4100585.8 3.6526475e+16 8.5349769e+09 3.7303489e+08 1e-23 3.6556434e-21 3.6526556e-32
4104865.4 3.6563001e+16 8.5342925e+09 3.7333109e+08 1e-23 3.6448572e-21 3.6724156e-32
4109149.7 3.6599564e+16 8.5336072e+09 3.7362782e+08 1e-23 3.634103e-21 3.6922262e-32
4113438.5 3.6636164e+16 8.5329212e+09 3.7392505e+08 1e-23 3.6233806e-21 3.7120877e-32
4117732 3.66728e+16 8.5322343e+09 3.7422281e+08 1e-23 3.61269e-21 3.7320001e-32
4122030.2 3.6709473e+16 8.5315465e+09 3.7452107e+08 1e-23 3.6020311e-21 3.7519635e-32
4126333 3.6746182e+16 8.5308579e+09 3.7481986e+08 1e-23 3.5914038e-21 3.7719781e-32
4130640.4 3.6782928e+16 8.5301685e+09 3.7511917e+08 1e-23 3.5808079e-21 3.792044e-32
4134952.5 3.6819711e+16 8.5294782e+09 3.7541899e+08 1e-23 3.5702435e-21 3.8121613e-32
4139269.3 3.6856531e+16 8.5287871e+09 3.7571933e+08 1e-23 3.5597104e-21 3.8323301e-32
4143590.7 3.6893387e+16 8.5280951e+09 3.7602019e+08 1e-23 3.5492085e-21 3.8525506e-32
4147916.8 3.6930281e+16 8.5274023e+09 3.7632157e+08 1e-23 3.5387377e-21 3.872823e-32
4152247.6 3.6967211e+16 8.5267086e+09 3.7662347e+08 1e-23 3.5282979e-21 3.8931472e-32
4156583 3.7004178e+16 8.5260141e+09 3.769259e+08 1e-23 3.517889e-21 3.9135235e-32
4160923.2 3.7041183e+16 8.5253187e+09 3.7722884e+08 1e-23 3.5075111e-21 3.933952e-32
4165268 3.7078224e+16 8.5246225e+09 3.7753231e+08 1e-23 3.4971638e-21 3.9544327e-32
4169617.6 3.7115302e+16 8.5239255e+09 3.778363e+08 1e-23 3.4868472e-21 3.974966e-32
4173971.8 3.7152417e+16 8.5232275e+09 3.7814081e+08 1e-23 3.4765612e-21 3.9955517e-32
4178330.8 3.718957e+16 8.5225287e+09 3.7844585e+08 1e-23 3.4663057e-21 4.0161902e-32
4182694.5 3.7226759e+16 8.5218291e+09 3.7875141e+08 1e-23 3.4560806e-21 4.0368815e-32
4187062.9 3.7263986e+16 8.5211286e+09 3.7905749e+08 1e-23 3.4458857e-21 4.0576258e-32
4191436 3.730125e+16 8.5204273e+09 3.793641e+08 1e-23 3.4357211e-21 4.0784231e-32
4195813.9 3.7338551e+16 8.519725e+09 3.7967124e+08 1e-23 3.4255866e-21 4.0992737e-32
4200196.5 3.737589e+16 8.519022e+09 3.7997891e+08 1e-23 3.4154821e-21 4.1201776e-32
4204583.8 3.7413266e+16 8.518318e+09 3.802871e+08 1e-23 3.4054075e-21 4.141135e-32
4208975.9 3.7450679e+16 8.5176132e+09 3.8059582e+08 1e-23 3.3953628e-21 4.162146e-32
4213372.8 3.748813e+16 8.5169076e+09 3.8090507e+08 1e-23 3.3853479e-21 4.1832107e-32
4217774.4 3.7525618e+16 8.516201e+09 3.8121485e+08 1e-23 3.3753627e-21 4.2043293e-32
4222180.7 3.7563143e+16 8.5154936e+09 3.8152515e+08 1e-23 3.365407e-21 4.2255019e-32
4226591.9 3.7600706e+16 8.5147853e+09 3.8183599e+08 1e-23 3.3554808e-21 4.2467287e-32
4231007.8 3.7638307e+16 8.5140762e+09 3.8214736e+08 1e-23 3.345584e-21 4.2680097e-32
4235428.5 3.7675946e+16 8.5133662e+09 3.8245926e+08 1e-23 3.3357166e-21 4.2893451e-32
4239854.1 3.7713621e+16 8.5126553e+09 3.8277169e+08 1e-23 3.3258784e-21 4.3107351e-32
4244284.4 3.7751335e+16 8.5119436e+09 3.8308465e+08 1e-23 3.3160694e-21 4.3321797e-32
4248719.5 3.7789086e+16 8.5112309e+09 3.8339815e+08 1e-23 3.3062894e-21 4.3536792e-32
4253159.4 3.7826875e+16 8.5105174e+09 3.8371218e+08 1e-23 3.2965384e-21 4.3752335e-32
4257604.1 3.7864702e+16 8.5098031e+09 3.8402674e+08 1e-23 3.2868162e-21 4.396843e-32
4262053.6 3.7902567e+16 8.5090878e+09 3.8434184e+08 1e-23 3.2771229e-21 4.4185077e-32
4266508 3.794047e+16 8.5083717e+09 3.8465748e+08 1e-23 3.2674583e-21 4.4402277e-32
4270967.2 3.797841e+16 8.5076546e+09 3.8497365e+08 1e-23 3.2578224e-21 4.4620032e-32
4275431.2 3.8016389e+16 8.5069367e+09 3.8529036e+08 1e-23 3.248215e-21 4.4838343e-32
4279900.1 3.8054405e+16 8.506218e+09 3.856076e+08 1e-23 3.238636e-21 4.5057212e-32
4284373.8 3.8092459e+16 8.5054983e+09 3.8592538e+08 1e-23 3.2290855e-21 4.527664e-32
4288852.4 3.8130552e+16 8.5047778e+09 3.862437e+08 1e-23 3.2195632e-21 4.5496628e-32
4293335.8 3.8168682e+16 8.5040563e+09 3.8656256e+08 1e-23 3.2100691e-21 4.5717178e-32
4297824.1 3.8206851e+16 8.503334e+09 3.8688196e+08 1e-23 3.2006032e-21 4.593829e-32
4302317.2 3.8245058e+16 8.5026108e+09 3.8720189e+08 1e-23 3.1911653e-21 4.6159968e-32
4306815.3 3.8283303e+16 8.5018867e+09 3.8752237e+08 1e-23 3.1817554e-21 4.6382211e-32
4311318.2 3.8321586e+16 8.5011617e+09 3.8784339e+08 1e-23 3.1723734e-21 4.6605021e-32
4315826 3.8359908e+16 8.5004358e+09 3.8816495e+08 1e-23 3.1630191e-21 4.68284e-32
4320338.7 3.8398268e+16 8.499709e+09 3.8848705e+08 1e-23 3.1536926e-21 4.7052349e-32
4324856.3 3.8436666e+16 8.4989814e+09 3.888097e+08 1e-23 3.1443937e-21 4.727687e-32
4329378.8 3.8475103e+16 8.4982528e+09 3.8913289e+08 1e-23 3.1351223e-21 4.7501963e-32
4333906.2 3.8513578e+16 8.4975233e+09 3.8945662e+08 1e-23 3.1258784e-21 4.7727631e-32
4338438.5 3.8552091e+16 8.496793e+09 3.897809e+08 1e-23 3.116662e-21 4.7953874e-32
4342975.8 3.8590643e+16 8.4960617e+09 3.9010572e+08 1e-23 3.1074728e-21 4.8180695e-32
4347518 3.8629234e+16 8.4953296e+09 3.9043109e+08 1e-23 3.0983108e-21 4.8408094e-32
4352065.1 3.8667863e+16 8.4945965e+09 3.90757e+08 1e-23 3.089176e-21 4.8636073e-32
4356617.1 3.8706531e+16 8.4938625e+09 3.9108346e+08 1e-23 3.0800682e-21 4.8864633e-32
4361174.1 3.8745238e+16 8.4931277e+09 3.9141047e+08 1e-23 3.0709874e-21 4.9093776e-32
4365736.1 3.8783983e+16 8.4923919e+09 3.9173803e+08 1e-23 3.0619335e-21 4.9323503e-32
4370303 3.8822767e+16 8.4916552e+09 3.9206613e+08 1e-23 3.0529065e-21 4.9553816e-32
4374874.9 3.886159e+16 8.4909176e+09 3.9239479e+08 1e-23 3.0439062e-21 4.9784716e-32
4379451.7 3.8900451e+16 8.4901791e+09 3.9272399e+08 1e-23 3.0349325e-21 5.0016205e-32
4384033.5 3.8939352e+16 8.4894397e+09 3.9305374e+08 1e-23 3.0259854e-21 5.0248283e-32
4388620.3 3.8978291e+16 8.4886994e+09 3.9338405e+08 1e-23 3.0170649e-21 5.0480953e-32
4393212.1 3.9017269e+16 8.4879582e+09 3.937149e+08 1e-23 3.0081707e-21 5.0714216e-32
4397808.9 3.9056287e+16 8.487216e+09 3.9404631e+08 1e-23 2.9993029e-21 5.0948074e-32
4402410.7 3.9095343e+16 8.486473e+09 3.9437827e+08 1e-23 2.9904614e-21 5.1182527e-32
4407017.5 3.9134438e+16 8.485729e+09 3.9471078e+08 1e-23 2.9816461e-21 5.1417578e-32
4411629.3 3.9173573e+16 8.4849841e+09 3.9504385e+08 1e-23 2.9728569e-21 5.1653227e-32
4416246.1 3.9212746e+16 8.4842383e+09 3.9537747e+08 1e-23 2.9640937e-21 5.1889476e-32
4420867.9 3.9251959e+16 8.4834916e+09 3.9571165e+08 1e-23 2.9553565e-21 5.2126328e-32
4425494.8 3.9291211e+16 8.4827439e+09 3.9604638e+08 1e-23 2.9466452e-21 5.2363782e-32
4430126.7 3.9330502e+16 8.4819953e+09 3.9638167e+08 1e-23 2.9379596e-21 5.2601842e-32
4434763.6 3.9369833e+16 8.4812458e+09 3.9671751e+08 1e-23 2.9292998e-21 5.2840507e-32
4439405.6 3.9409203e+16 8.4804954e+09 3.9705391e+08 1e-23 2.9206657e-21 5.307978e-32
4444052.6 3.9448612e+16 8.4797441e+09 3.9739087e+08 1e-23 2.9120571e-21 5.3319663e-32
4448704.7 3.948806e+16 8.4789918e+09 3.9772839e+08 1e-23 2.903474e-21 5.3560156e-32
4453361.9 3.9527548e+16 8.4782386e+09 3.9806646e+08 1e-23 2.8949164e-21 5.3801261e-32
4458024.1 3.9567076e+16 8.4774845e+09 3.984051e+08 1e-23 2.8863841e-21 5.404298e-32
4462691.4 3.9606643e+16 8.4767294e+09 3.9874429e+08 1e-23 2.8778771e-21 5.4285314e-32
4467363.8 3.964625e+16 8.4759734e+09 3.9908405e+08 1e-23 2.8693952e-21 5.4528265e-32
4472041.3 3.9685896e+16 8.4752165e+09 3.9942437e+08 1e-23 2.8609385e-21 5.4771834e-32
4476723.9 3.9725582e+16 8.4744586e+09 3.9976525e+08 1e-23 2.8525069e-21 5.5016023e-32
4481411.6 3.9765307e+16 8.4736998e+09 4.0010669e+08 1e-23 2.8441002e-21 5.5260833e-32
4486104.4 3.9805073e+16 8.4729401e+09 4.0044869e+08 1e-23 2.8357184e-21 5.5506266e-32
4490802.3 3.9844878e+16 8.4721794e+09 4.0079126e+08 1e-23 2.8273615e-21 5.5752324e-32
4495505.3 3.9884723e+16 8.4714178e+09 4.0113439e+08 1e-23 2.8190293e-21 5.5999007e-32
4500213.5 3.9924607e+16 8.4706553e+09 4.0147809e+08 1e-23 2.8107218e-21 5.6246318e-32
4504926.8 3.9964532e+16 8.4698918e+09 4.0182235e+08 1e-23 2.8024389e-21 5.6494258e-32
4509645.2 4.0004497e+16 8.4691273e+09 4.0216718e+08 1e-23 2.7941805e-21 5.6742828e-32
4514368.7 4.0044501e+16 8.4683619e+09 4.0251257e+08 1e-23 2.7859466e-21 5.6992031e-32
4519097.5 4.0084546e+16 8.4675956e+09 4.0285853e+08 1e-23 2.7777371e-21 5.7241867e-32
4523831.3 4.012463e+16 8.4668283e+09 4.0320506e+08 1e-23 2.7695519e-21 5.7492338e-32
4528570.4 4.0164755e+16 8.4660601e+09 4.0355216e+08 1e-23 2.7613909e-21 5.7743447e-32
4533314.6 4.0204919e+16 8.465291e+09 4.0389982e+08 1e-23 2.7532541e-21 5.7995193e-32
4538064 4.0245124e+16 8.4645208e+09 4.0424806e+08 1e-23 2.7451414e-21 5.824758e-32
4542818.5 4.0285369e+16 8.4637498e+09 4.0459687e+08 1e-23 2.7370528e-21 5.8500608e-32
4547578.3 4.0325655e+16 8.4629777e+09 4.0494624e+08 1e-23 2.728988e-21 5.8754279e-32
4552343.2 4.0365981e+16 8.4622048e+09 4.0529619e+08 1e-23 2.7209472e-21 5.9008595e-32
4557113.4 4.0406346e+16 8.4614308e+09 4.0564671e+08 1e-23 2.7129302e-21 5.9263557e-32
4561888.7 4.0446753e+16 8.4606559e+09 4.059978e+08 1e-23 2.704937e-21 5.9519167e-32
4566669.3 4.04872e+16 8.4598801e+09 4.0634946e+08 1e-23 2.6969674e-21 5.9775427e-32
4571455.1 4.0527687e+16 8.4591033e+09 4.067017e+08 1e-23 2.6890214e-21 6.0032338e-32
4576246.1 4.0568214e+16 8.4583255e+09 4.0705451e+08 1e-23 2.681099e-21 6.0289901e-32
4581042.4 4.0608783e+16 8.4575468e+09 4.0740789e+08 1e-23 2.6732e-21 6.0548119e-32
4585843.9 4.0649391e+16 8.4567671e+09 4.0776185e+08 1e-23 2.6653244e-21 6.0806992e-32
4590650.6 4.0690041e+16 8.4559864e+09 4.0811639e+08 1e-23 2.6574721e-21 6.1066523e-32
4595462.6 4.0730731e+16 8.4552048e+09 4.084715e+08 1e-23 2.6496431e-21 6.1326714e-32
4600279.8 4.0771462e+16 8.4544222e+09 4.0882719e+08 1e-23 2.6418373e-21 6.1587565e-32
4605102.3 4.0812233e+16 8.4536387e+09 4.0918346e+08 1e-23 2.6340546e-21 6.1849078e-32
4609930.1 4.0853045e+16 8.4528542e+09 4.095403e+08 1e-23 2.6262949e-21 6.2111256e-32
4614763.1 4.0893898e+16 8.4520687e+09 4.0989773e+08 1e-23 2.6185583e-21 6.2374099e-32
4619601.5 4.0934792e+16 8.4512822e+09 4.1025573e+08 1e-23 2.6108445e-21 6.263761e-32
4624445.1 4.0975727e+16 8.4504947e+09 4.1061431e+08 1e-23 2.6031536e-21 6.2901789e-32
4629294 4.1016703e+16 8.4497063e+09 4.1097348e+08 1e-23 2.5954855e-21 6.316664e-32
4634148.2 4.1057719e+16 8.4489169e+09 4.1133322e+08 1e-23 2.58784e-21 6.3432162e-32
4639007.7 4.1098777e+16 8.4481266e+09 4.1169355e+08 1e-23 2.5802172e-21 6.3698359e-32
4643872.6 4.1139876e+16 8.4473352e+09 4.1205445e+08 1e-23 2.572617e-21 6.3965231e-32
4648742.7 4.1181016e+16 8.4465429e+09 4.1241594e+08 1e-23 2.5650393e-21 6.423278e-32
4653618.2 4.1222197e+16 8.4457496e+09 4.1277802e+08 1e-23 2.5574841e-21 6.4501009e-32
4658499 4.1263419e+16 8.4449553e+09 4.1314068e+08 1e-23 2.5499512e-21 6.4769918e-32
4663385.2 4.1304683e+16 8.4441601e+09 4.1350392e+08 1e-23 2.5424406e-21 6.5039509e-32
4668276.7 4.1345987e+16 8.4433638e+09 4.1386775e+08 1e-23 2.5349523e-21 6.5309785e-32
4673173.6 4.1387333e+16 8.4425666e+09 4.1423216e+08 1e-23 2.5274861e-21 6.5580746e-32
4678075.8 4.1428721e+16 8.4417683e+09 4.1459716e+08 1e-23 2.520042e-21 6.5852394e-32
4682983.4 4.1470149e+16 8.4409691e+09 4.1496275e+08 1e-23 2.51262e-21 6.6124732e-32
4687896.3 4.1511619e+16 8.4401689e+09 4.1532892e+08 1e-23 2.50522e-21 6.639776e-32
4692814.7 4.1553131e+16 8.4393677e+09 4.1569568e+08 1e-23 2.4978419e-21 6.6671481e-32
4697738.4 4.1594684e+16 8.4385656e+09 4.1606303e+08 1e-23 2.4904856e-21 6.6945896e-32
4702667.5 4.1636279e+16 8.4377624e+09 4.1643097e+08 1e-23 2.4831511e-21 6.7221007e-32
4707602 4.1677915e+16 8.4369582e+09 4.167995e+08 1e-23 2.4758384e-21 6.7496816e-32
4712542 4.1719593e+16 8.436153e+09 4.1716862e+08 1e-23 2.4685473e-21 6.7773324e-32
4717487.3 4.1761313e+16 8.4353469e+09 4.1753833e+08 1e-23 2.4612778e-21 6.8050533e-32
4722438 4.1803074e+16 8.4345397e+09 4.1790864e+08 1e-23 2.4540298e-21 6.8328445e-32
4727394.2 4.1844877e+16 8.4337316e+09 4.1827953e+08 1e-23 2.4468032e-21 6.8607062e-32
4732355.8 4.1886722e+16 8.4329224e+09 4.1865102e+08 1e-23 2.4395981e-21 6.8886385e-32
4737322.9 4.1928609e+16 8.4321122e+09 4.190231e+08 1e-23 2.4324143e-21 6.9166416e-32
4742295.4 4.1970537e+16 8.4313011e+09 4.1939577e+08 1e-23 2.4252518e-21 6.9447156e-32
4747273.3 4.2012508e+16 8.4304889e+09 4.1976904e+08 1e-23 2.4181105e-21 6.9728609e-32
4752256.7 4.205452e+16 8.4296757e+09 4.2014291e+08 1e-23 2.4109903e-21 7.0010775e-32
4757245.6 4.2096575e+16 8.4288615e+09 4.2051736e+08 1e-23 2.4038912e-21 7.0293655e-32
4762239.9 4.2138671e+16 8.4280463e+09 4.2089242e+08 1e-23 2.3968131e-21 7.0577253e-32
4767239.7 4.218081e+16 8.4272301e+09 4.2126807e+08 1e-23 2.389756e-21 7.0861569e-32
4772245 4.2222991e+16 8.4264129e+09 4.2164432e+08 1e-23 2.3827198e-21 7.1146606e-32
4777255.8 4.2265214e+16 8.4255947e+09 4.2202117e+08 1e-23 2.3757045e-21 7.1432365e-32
4782272.1 4.2307479e+16 8.4247754e+09 4.2239862e+08 1e-23 2.3687098e-21 7.1718848e-32
4787293.9 4.2349786e+16 8.4239552e+09 4.2277666e+08 1e-23 2.361736e-21 7.2006057e-32
4792321.2 4.2392136e+16 8.4231339e+09 4.2315531e+08 1e-23 2.3547827e-21 7.2293993e-32
4797354 4.2434528e+16 8.4223116e+09 4.2353456e+08 1e-23 2.3478501e-21 7.2582658e-32
4802392.4 4.2476963e+16 8.4214883e+09 4.239144e+08 1e-23 2.3409379e-21 7.2872055e-32
4807436.3 4.251944e+16 8.420664e+09 4.2429485e+08 1e-23 2.3340463e-21 7.3162185e-32
4812485.7 4.2561959e+16 8.4198386e+09 4.246759e+08 1e-23 2.327175e-21 7.345305e-32
4817540.6 4.2604521e+16 8.4190123e+09 4.2505756e+08 1e-23 2.3203241e-21 7.3744651e-32
4822601.1 4.2647126e+16 8.4181849e+09 4.2543981e+08 1e-23 2.3134935e-21 7.403699e-32
4827667.2 4.2689773e+16 8.4173565e+09 4.2582267e+08 1e-23 2.306683e-21 7.433007e-32
4832738.9 4.2732463e+16 8.416527e+09 4.2620614e+08 1e-23 2.2998928e-21 7.4623892e-32
4837816.1 4.2775195e+16 8.4156965e+09 4.2659021e+08 1e-23 2.2931227e-21 7.4918458e-32
4842898.9 4.281797e+16 8.414865e+09 4.2697488e+08 1e-23 2.2863726e-21 7.521377e-32
4847987.2 4.2860788e+16 8.4140325e+09 4.2736016e+08 1e-23 2.2796425e-21 7.5509829e-32
4853081.2 4.2903649e+16 8.4131989e+09 4.2774605e+08 1e-23 2.2729323e-21 7.5806638e-32
4858180.8 4.2946553e+16 8.4123643e+09 4.2813255e+08 1e-23 2.266242e-21 7.6104198e-32
4863285.9 4.2989499e+16 8.4115287e+09 4.2851965e+08 1e-23 2.2595714e-21 7.6402511e-32
4868396.7 4.3032489e+16 8.410692e+09 4.2890737e+08 1e-23 2.2529207e-21 7.670158e-32
4873513.1 4.3075521e+16 8.4098543e+09 4.2929569e+08 1e-23 2.2462896e-21 7.7001405e-32
4878635.1 4.3118597e+16 8.4090156e+09 4.2968462e+08 1e-23 2.2396782e-21 7.7301989e-32
4883762.8 4.3161715e+16 8.4081758e+09 4.3007416e+08 1e-23 2.2330863e-21 7.7603334e-32
4888896.1 4.3204877e+16 8.407335e+09 4.3046431e+08 1e-23 2.226514e-21 7.7905441e-32
4894035.1 4.3248082e+16 8.4064931e+09 4.3085508e+08 1e-23 2.2199611e-21 7.8208313e-32
4899179.7 4.329133e+16 8.4056502e+09 4.3124646e+08 1e-23 2.2134276e-21 7.8511951e-32
4904329.9 4.3334621e+16 8.4048063e+09 4.3163844e+08 1e-23 2.2069134e-21 7.8816357e-32
4909485.9 4.3377956e+16 8.4039613e+09 4.3203105e+08 1e-23 2.2004186e-21 7.9121534e-32
4914647.5 4.3421334e+16 8.4031152e+09 4.3242426e+08 1e-23 2.1939429e-21 7.9427482e-32
4919814.8 4.3464755e+16 8.4022681e+09 4.3281809e+08 1e-23 2.1874864e-21 7.9734205e-32
4924987.7 4.350822e+16 8.40142e+09 4.3321254e+08 1e-23 2.1810491e-21 8.0041703e-32
4930166.4 4.3551728e+16 8.4005708e+09 4.336076e+08 1e-23 2.1746308e-21 8.0349979e-32
4935350.8 4.359528e+16 8.3997205e+09 4.3400328e+08 1e-23 2.1682315e-21 8.0659035e-32
4940540.9 4.3638875e+16 8.3988692e+09 4.3439957e+08 1e-23 2.1618511e-21 8.0968873e-32
4945736.7 4.3682514e+16 8.3980169e+09 4.3479649e+08 1e-23 2.1554897e-21 8.1279494e-32
4950938.2 4.3726197e+16 8.3971634e+09 4.3519402e+08 1e-23 2.149147e-21 8.1590901e-32
4956145.5 4.3769923e+16 8.396309e+09 4.3559216e+08 1e-23 2.1428232e-21 8.1903095e-32
4961358.5 4.3813693e+16 8.3954534e+09 4.3599093e+08 1e-23 2.136518e-21 8.2216078e-32
4966577.2 4.3857507e+16 8.3945968e+09 4.3639032e+08 1e-23 2.1302316e-21 8.2529853e-32
4971801.7 4.3901364e+16 8.3937392e+09 4.3679033e+08 1e-23 2.1239637e-21 8.2844422e-32
4977031.9 4.3945265e+16 8.3928805e+09 4.3719095e+08 1e-23 2.1177144e-21 8.3159785e-32
4982268 4.3989211e+16 8.3920207e+09 4.375922e+08 1e-23 2.1114836e-21 8.3475946e-32
4987509.7 4.40332e+16 8.3911598e+09 4.3799408e+08 1e-23 2.1052712e-21 8.3792906e-32
4992757.3 4.4077233e+16 8.3902979e+09 4.3839657e+08 1e-23 2.0990772e-21 8.4110668e-32
4998010.7 4.412131e+16 8.3894349e+09 4.3879969e+08 1e-23 2.0929016e-21 8.4429233e-32
5003269.8 4.4165432e+16 8.3885709e+09 4.3920343e+08 1e-23 2.0867442e-21 8.4748602e-32
5008534.8 4.4209597e+16 8.3877058e+09 4.396078e+08 1e-23 2.0806051e-21 8.506878e-32
5013805.5 4.4253807e+16 8.3868396e+09 4.4001279e+08 1e-23 2.0744841e-21 8.5389766e-32
5019082.1 4.429806e+16 8.3859723e+09 4.4041841e+08 1e-23 2.0683813e-21 8.5711563e-32
5024364.5 4.4342359e+16 8.385104e+09 4.4082465e+08 1e-23 2.0622965e-21 8.6034174e-32
5029652.8 4.4386701e+16 8.3842345e+09 4.4123152e+08 1e-23 2.0562297e-21 8.63576e-32
5034946.8 4.4431088e+16 8.383364e+09 4.4163902e+08 1e-23 2.0501809e-21 8.6681844e-32
5040246.7 4.4475519e+16 8.3824925e+09 4.4204714e+08 1e-23 2.04415e-21 8.7006906e-32
5045552.5 4.4519994e+16 8.3816198e+09 4.424559e+08 1e-23 2.0381369e-21 8.733279e-32
5050864.1 4.4564514e+16 8.3807461e+09 4.4286528e+08 1e-23 2.0321417e-21 8.7659498e-32
5056181.6 4.4609079e+16 8.3798712e+09 4.4327529e+08 1e-23 2.0261641e-21 8.798703e-32
5061505 4.4653688e+16 8.3789953e+09 4.4368594e+08 1e-23 2.0202043e-21 8.8315391e-32
5066834.2 4.4698341e+16 8.3781183e+09 4.4409721e+08 1e-23 2.0142621e-21 8.864458e-32
5072169.3 4.474304e+16 8.3772403e+09 4.4450912e+08 1e-23 2.0083375e-21 8.8974602e-32
5077510.4 4.4787783e+16 8.3763611e+09 4.4492166e+08 1e-23 2.0024305e-21 8.9305456e-32
5082857.3 4.4832571e+16 8.3754808e+09 4.4533483e+08 1e-23 1.9965409e-21 8.9637147e-32
5088210.1 4.4877403e+16 8.3745995e+09 4.4574863e+08 1e-23 1.9906687e-21 8.9969676e-32
5093568.9 4.4922281e+16 8.373717e+09 4.4616307e+08 1e-23 1.984814e-21 9.0303044e-32
5098933.5 4.4967203e+16 8.3728335e+09 4.4657814e+08 1e-23 1.9789765e-21 9.0637254e-32
5104304.2 4.501217e+16 8.3719489e+09 4.4699385e+08 1e-23 1.9731564e-21 9.0972308e-32
5109680.7 4.5057182e+16 8.3710632e+09 4.4741019e+08 1e-23 1.9673534e-21 9.1308208e-32
5115063.2 4.5102239e+16 8.3701763e+09 4.4782717e+08 1e-23 1.9615677e-21 9.1644957e-32
5120451.6 4.5147342e+16 8.3692884e+09 4.4824478e+08 1e-23 1.955799e-21 9.1982556e-32
5125846 4.5192489e+16 8.3683994e+09 4.4866304e+08 1e-23 1.9500475e-21 9.2321007e-32
5131246.4 4.5237682e+16 8.3675093e+09 4.4908193e+08 1e-23 1.9443129e-21 9.2660313e-32
5136652.8 4.5282919e+16 8.366618e+09 4.4950146e+08 1e-23 1.9385953e-21 9.3000476e-32
5142065.1 4.5328202e+16 8.3657257e+09 4.4992163e+08 1e-23 1.9328947e-21 9.3341497e-32
5147483.4 4.537353e+16 8.3648323e+09 4.5034243e+08 1e-23 1.9272109e-21 9.3683379e-32
5152907.7 4.5418904e+16 8.3639377e+09 4.5076388e+08 1e-23 1.9215439e-21 9.4026124e-32
5158338.1 4.5464323e+16 8.3630421e+09 4.5118597e+08 1e-23 1.9158938e-21 9.4369735e-32
5163774.4 4.5509787e+16 8.3621453e+09 4.516087e+08 1e-23 1.9102603e-21 9.4714213e-32
5169216.8 4.5555297e+16 8.3612474e+09 4.5203208e+08 1e-23 1.9046435e-21 9.505956e-32
5174665.2 4.5600852e+16 8.3603484e+09 4.5245609e+08 1e-23 1.8990433e-21 9.5405779e-32
5180119.6 4.5646453e+16 8.3594483e+09 4.5288075e+08 1e-23 1.8934597e-21 9.5752872e-32
5185580 4.5692099e+16 8.3585471e+09 4.5330605e+08 1e-23 1.8878926e-21 9.6100841e-32
5191046.5 4.5737792e+16 8.3576448e+09 4.53732e+08 1e-23 1.882342e-21 9.6449688e-32
5196519.1 4.5783529e+16 8.3567413e+09 4.5415859e+08 1e-23 1.8768078e-21 9.6799415e-32
5201997.7 4.5829313e+16 8.3558368e+09 4.5458583e+08 1e-23 1.87129e-21 9.7150025e-32
5207482.5 4.5875142e+16 8.3549311e+09 4.5501371e+08 1e-23 1.8657886e-21 9.750152e-32
5212973.2 4.5921017e+16 8.3540242e+09 4.5544224e+08 1e-23 1.8603034e-21 9.7853902e-32
5218470.1 4.5966938e+16 8.3531163e+09 4.5587142e+08 1e-23 1.8548344e-21 9.8207172e-32
5223973.1 4.6012905e+16 8.3522073e+09 4.5630125e+08 1e-23 1.8493816e-21 9.8561335e-32
5229482.2 4.6058918e+16 8.3512971e+09 4.5673172e+08 1e-23 1.843945e-21 9.891639e-32
5234997.3 4.6104977e+16 8.3503857e+09 4.5716284e+08 1e-23 1.8385244e-21 9.9272342e-32
5240518.6 4.6151082e+16 8.3494733e+09 4.5759462e+08 1e-23 1.8331199e-21 9.9629191e-32
5246046.1 4.6197233e+16 8.3485597e+09 4.5802704e+08 1e-23 1.8277314e-21 9.9986941e-32
5251579.6 4.624343e+16 8.347645e+09 4.5846011e+08 1e-23 1.8223588e-21 1.0034559e-31
5257119.3 4.6289674e+16 8.3467292e+09 4.5889384e+08 1e-23 1.8170021e-21 1.0070515e-31
5262665.2 4.6335964e+16 8.3458122e+09 4.5932822e+08 1e-23 1.8116613e-21 1.0106561e-31
5268217.2 4.6382299e+16 8.3448941e+09 4.5976325e+08 1e-23 1.8063362e-21 1.0142699e-31
5273775.3 4.6428682e+16 8.3439749e+09 4.6019893e+08 1e-23 1.801027e-21 1.0178927e-31
5279339.7 4.647511e+16 8.3430545e+09 4.6063527e+08 1e-23 1.7957334e-21 1.0215247e-31
5284910.2 4.6521586e+16 8.342133e+09 4.6107226e+08 1e-23 1.7904555e-21 1.0251658e-31
5290486.9 4.6568107e+16 8.3412103e+09 4.615099e+08 1e-23 1.7851932e-21 1.0288162e-31
5296069.8 4.6614675e+16 8.3402865e+09 4.6194821e+08 1e-23 1.7799465e-21 1.0324757e-31
5301658.9 4.666129e+16 8.3393615e+09 4.6238716e+08 1e-23 1.7747153e-21 1.0361444e-31
5307254.2 4.6707951e+16 8.3384354e+09 4.6282678e+08 1e-23 1.7694996e-21 1.0398225e-31
5312855.7 4.6754659e+16 8.3375082e+09 4.6326705e+08 1e-23 1.7642993e-21 1.0435097e-31
5318463.5 4.6801414e+16 8.3365798e+09 4.6370798e+08 1e-23 1.7591144e-21 1.0472063e-31
5324077.4 4.6848215e+16 8.3356503e+09 4.6414957e+08 1e-23 1.7539449e-21 1.0509122e-31
5329697.7 4.6895063e+16 8.3347196e+09 4.6459181e+08 1e-23 1.7487906e-21 1.0546275e-31
5335324.1 4.6941959e+16 8.3337877e+09 4.6503472e+08 1e-23 1.7436516e-21 1.0583521e-31
5340956.9 4.6988901e+16 8.3328547e+09 4.6547829e+08 1e-23 1.7385278e-21 1.0620861e-31
5346595.9 4.7035889e+16 8.3319206e+09 4.6592251e+08 1e-23 1.7334191e-21 1.0658295e-31
5352241.1 4.7082925e+16 8.3309853e+09 4.663674e+08 1e-23 1.7283256e-21 1.0695824e-31
5357892.7 4.7130008e+16 8.3300488e+09 4.6681295e+08 1e-23 1.7232471e-21 1.0733447e-31
5363550.5 4.7177138e+16 8.3291112e+09 4.6725916e+08 1e-23 1.7181837e-21 1.0771165e-31
5369214.6 4.7224315e+16 8.3281724e+09 4.6770604e+08 1e-23 1.7131352e-21 1.0808978e-31
5374885 4.727154e+16 8.3272325e+09 4.6815358e+08 1e-23 1.7081017e-21 1.0846886e-31
5380561.8 4.7318811e+16 8.3262914e+09 4.6860178e+08 1e-23 1.7030831e-21 1.088489e-31
5386244.8 4.736613e+16 8.3253491e+09 4.6905065e+08 1e-23 1.6980793e-21 1.092299e-31
5391934.2 4.7413496e+16 8.3244057e+09 4.6950018e+08 1e-23 1.6930903e-21 1.0961186e-31
5397630 4.746091e+16 8.3234611e+09 4.6995038e+08 1e-23 1.6881161e-21 1.0999478e-31
5403332 4.7508371e+16 8.3225153e+09 4.7040125e+08 1e-23 1.6831566e-21 1.1037866e-31
5409040.4 4.7555879e+16 8.3215683e+09 4.7085278e+08 1e-23 1.6782118e-21 1.1076352e-31
5414755.2 4.7603435e+16 8.3206202e+09 4.7130498e+08 1e-23 1.6732816e-21 1.1114934e-31
5420476.3 4.7651038e+16 8.3196709e+09 4.7175785e+08 1e-23 1.6683659e-21 1.1153613e-31
5426203.9 4.7698689e+16 8.3187205e+09 4.7221139e+08 1e-23 1.6634649e-21 1.119239e-31
5431937.8 4.7746388e+16 8.3177688e+09 4.726656e+08 1e-23 1.6585783e-21 1.1231265e-31
5437678 4.7794134e+16 8.316816e+09 4.7312048e+08 1e-23 1.6537062e-21 1.1270237e-31
5443424.7 4.7841928e+16 8.315862e+09 4.7357602e+08 1e-23 1.6488484e-21 1.1309308e-31
5449177.8 4.788977e+16 8.3149069e+09 4.7403224e+08 1e-23 1.6440051e-21 1.1348477e-31
5454937.3 4.793766e+16 8.3139505e+09 4.7448913e+08 1e-23 1.6391761e-21 1.1387745e-31
5460703.3 4.7985598e+16 8.312993e+09 4.749467e+08 1e-23 1.6343614e-21 1.1427112e-31
5466475.6 4.8033583e+16 8.3120343e+09 4.7540493e+08 1e-23 1.6295609e-21 1.1466578e-31
5472254.4 4.8081617e+16 8.3110743e+09 4.7586384e+08 1e-23 1.6247746e-21 1.1506144e-31
5478039.7 4.8129699e+16 8.3101133e+09 4.7632342e+08 1e-23 1.6200024e-21 1.1545809e-31
5483831.4 4.8177828e+16 8.309151e+09 4.7678368e+08 1e-23 1.6152444e-21 1.1585574e-31
5489629.5 4.8226006e+16 8.3081875e+09 4.7724462e+08 1e-23 1.6105005e-21 1.1625439e-31
5495434.2 4.8274232e+16 8.3072229e+09 4.7770622e+08 1e-23 1.6057706e-21 1.1665405e-31
5501245.3 4.8322506e+16 8.306257e+09 4.7816851e+08 1e-23 1.6010547e-21 1.1705471e-31
5507062.9 4.8370829e+16 8.30529e+09 4.7863147e+08 1e-23 1.5963527e-21 1.1745638e-31
5512887 4.84192e+16 8.3043217e+09 4.7909511e+08 1e-23 1.5916646e-21 1.1785907e-31
5518717.6 4.8467619e+16 8.3033523e+09 4.7955943e+08 1e-23 1.5869904e-21 1.1826277e-31
5524554.7 4.8516087e+16 8.3023816e+09 4.8002442e+08 1e-23 1.5823301e-21 1.1866748e-31
5530398.3 4.8564603e+16 8.3014098e+09 4.804901e+08 1e-23 1.5776835e-21 1.1907322e-31
5536248.5 4.8613167e+16 8.3004368e+09 4.8095646e+08 1e-23 1.5730506e-21 1.1947997e-31
5542105.2 4.866178e+16 8.2994625e+09 4.8142349e+08 1e-23 1.5684315e-21 1.1988775e-31
5547968.5 4.8710442e+16 8.2984871e+09 4.8189121e+08 1e-23 1.563826e-21 1.2029656e-31
5553838.3 4.8759153e+16 8.2975105e+09 4.823596e+08 1e-23 1.5592342e-21 1.207064e-31
5559714.6 4.8807912e+16 8.2965326e+09 4.8282868e+08 1e-23 1.5546559e-21 1.2111727e-31
5565597.5 4.885672e+16 8.2955536e+09 4.8329845e+08 1e-23 1.5500912e-21 1.2152917e-31
5571487 4.8905576e+16 8.2945733e+09 4.8376889e+08 1e-23 1.5455399e-21 1.2194211e-31
5577383.1 4.8954482e+16 8.2935918e+09 4.8424002e+08 1e-23 1.5410022e-21 1.2235609e-31
5583285.8 4.9003436e+16 8.2926091e+09 4.8471184e+08 1e-23 1.5364778e-21 1.2277111e-31
5589195.1 4.905244e+16 8.2916252e+09 4.8518433e+08 1e-23 1.5319668e-21 1.2318718e-31
5595111 4.9101492e+16 8.2906401e+09 4.8565752e+08 1e-23 1.5274692e-21 1.236043e-31
5601033.5 4.9150594e+16 8.2896538e+09 4.8613139e+08 1e-23 1.5229849e-21 1.2402246e-31
5606962.7 4.9199744e+16 8.2886662e+09 4.8660594e+08 1e-23 1.5185138e-21 1.2444168e-31
5612898.5 4.9248944e+16 8.2876775e+09 4.8708119e+08 1e-23 1.514056e-21 1.2486195e-31
5618840.9 4.9298193e+16 8.2866875e+09 4.8755712e+08 1e-23 1.5096113e-21 1.2528328e-31
5624790 4.9347491e+16 8.2856963e+09 4.8803374e+08 1e-23 1.5051798e-21 1.2570568e-31
5630745.7 4.9396839e+16 8.2847038e+09 4.8851105e+08 1e-23 1.5007614e-21 1.2612913e-31
5636708.2 4.9446236e+16 8.2837102e+09 4.8898905e+08 1e-23 1.496356e-21 1.2655365e-31
5642677.2 4.9495682e+16 8.2827153e+09 4.8946773e+08 1e-23 1.4919637e-21 1.2697924e-31
5648653 4.9545178e+16 8.2817192e+09 4.8994711e+08 1e-23 1.4875844e-21 1.2740591e-31
5654635.5 4.9594723e+16 8.2807219e+09 4.9042718e+08 1e-23 1.483218e-21 1.2783364e-31
5660624.7 4.9644317e+16 8.2797233e+09 4.9090795e+08 1e-23 1.4788645e-21 1.2826245e-31
5666620.6 4.9693962e+16 8.2787235e+09 4.913894e+08 1e-23 1.474524e-21 1.2869234e-31
5672623.2 4.9743656e+16 8.2777225e+09 4.9187155e+08 1e-23 1.4701962e-21 1.2912332e-31
5678632.5 4.9793399e+16 8.2767202e+09 4.9235439e+08 1e-23 1.4658812e-21 1.2955538e-31
5684648.6 4.9843193e+16 8.2757167e+09 4.9283792e+08 1e-23 1.461579e-21 1.2998852e-31
5690671.4 4.9893036e+16 8.274712e+09 4.9332215e+08 1e-23 1.4572896e-21 1.3042276e-31
5696701 4.9942929e+16 8.273706e+09 4.9380707e+08 1e-23 1.4530128e-21 1.3085809e-31
5702737.3 4.9992872e+16 8.2726988e+09 4.9429269e+08 1e-23 1.4487486e-21 1.3129451e-31
5708780.5 5.0042865e+16 8.2716903e+09 4.9477901e+08 1e-23 1.4444971e-21 1.3173203e-31
5714830.4 5.0092908e+16 8.2706806e+09 4.9526602e+08 1e-23 1.4402581e-21 1.3217066e-31
5720887 5.0143001e+16 8.2696697e+09 4.9575373e+08 1e-23 1.4360317e-21 1.3261038e-31
5726950.5 5.0193144e+16 8.2686575e+09 4.9624214e+08 1e-23 1.4318178e-21 1.3305122e-31
5733020.8 5.0243337e+16 8.267644e+09 4.9673124e+08 1e-23 1.4276163e-21 1.3349316e-31
5739097.9 5.029358e+16 8.2666294e+09 4.9722105e+08 1e-23 1.4234272e-21 1.3393621e-31
5745181.8 5.0343874e+16 8.2656134e+09 4.9771155e+08 1e-23 1.4192506e-21 1.3438038e-31
5751272.6 5.0394218e+16 8.2645962e+09 4.9820276e+08 1e-23 1.4150863e-21 1.3482567e-31
5757370.2 5.0444612e+16 8.2635778e+09 4.9869466e+08 1e-23 1.4109342e-21 1.3527208e-31
5763474.7 5.0495056e+16 8.2625581e+09 4.9918727e+08 1e-23 1.4067945e-21 1.3571961e-31
5769586 5.0545551e+16 8.2615371e+09 4.9968058e+08 1e-23 1.402667e-21 1.3616827e-31
5775704.1 5.0596097e+16 8.2605149e+09 5.0017459e+08 1e-23 1.3985518e-21 1.3661805e-31
5781829.2 5.0646693e+16 8.2594915e+09 5.0066931e+08 1e-23 1.3944486e-21 1.3706897e-31
5787961.1 5.069734e+16 8.2584668e+09 5.0116472e+08 1e-23 1.3903577e-21 1.3752102e-31
5794100 5.0748037e+16 8.2574408e+09 5.0166085e+08 1e-23 1.3862788e-21 1.3797421e-31
5800245.7 5.0798785e+16 8.2564135e+09 5.0215767e+08 1e-23 1.3822119e-21 1.3842854e-31
5806398.4 5.0849584e+16 8.255385e+09 5.026552e+08 1e-23 1.3781571e-21 1.3888401e-31
5812557.9 5.0900434e+16 8.2543552e+09 5.0315344e+08 1e-23 1.3741143e-21 1.3934063e-31
5818724.4 5.0951334e+16 8.2533242e+09 5.0365238e+08 1e-23 1.3700834e-21 1.397984e-31
5824897.8 5.1002285e+16 8.2522919e+09 5.0415204e+08 1e-23 1.3660645e-21 1.4025731e-31
5831078.2 5.1053288e+16 8.2512583e+09 5.0465239e+08 1e-23 1.3620574e-21 1.4071739e-31
5837265.6 5.1104341e+16 8.2502234e+09 5.0515346e+08 1e-23 1.3580622e-21 1.4117862e-31
5843459.9 5.1155445e+16 8.2491873e+09 5.0565523e+08 1e-23 1.3540788e-21 1.4164101e-31
5849661.1 5.1206601e+16 8.2481499e+09 5.0615772e+08 1e-23 1.3501072e-21 1.4210456e-31
5855869.4 5.1257807e+16 8.2471112e+09 5.0666091e+08 1e-23 1.3461473e-21 1.4256928e-31
5862084.6 5.1309065e+16 8.2460713e+09 5.0716481e+08 1e-23 1.3421991e-21 1.4303516e-31
5868306.9 5.1360374e+16 8.2450301e+09 5.0766943e+08 1e-23 1.3382626e-21 1.4350222e-31
5874536.1 5.1411735e+16 8.2439876e+09 5.0817475e+08 1e-23 1.3343377e-21 1.4397046e-31
5880772.4 5.1463146e+16 8.2429438e+09 5.0868079e+08 1e-23 1.3304244e-21 1.4443987e-31
5887015.7 5.1514609e+16 8.2418987e+09 5.0918754e+08 1e-23 1.3265227e-21 1.4491046e-31
5893266 5.1566124e+16 8.2408523e+09 5.09695e+08 1e-23 1.3226325e-21 1.4538224e-31
5899523.4 5.161769e+16 8.2398047e+09 5.1020318e+08 1e-23 1.3187538e-21 1.458552e-31
5905787.8 5.1669308e+16 8.2387558e+09 5.1071207e+08 1e-23 1.3148866e-21 1.4632935e-31
5912059.3 5.1720977e+16 8.2377055e+09 5.1122167e+08 1e-23 1.3110309e-21 1.468047e-31
5918337.9 5.1772698e+16 8.236654e+09 5.1173199e+08 1e-23 1.3071865e-21 1.4728124e-31
5924623.5 5.1824471e+16 8.2356012e+09 5.1224303e+08 1e-23 1.3033535e-21 1.4775898e-31
5930916.3 5.1876295e+16 8.2345471e+09 5.1275478e+08 1e-23 1.2995318e-21 1.4823791e-31
5937216.1 5.1928172e+16 8.2334918e+09 5.1326725e+08 1e-23 1.2957214e-21 1.4871806e-31
5943523.1 5.19801e+16 8.2324351e+09 5.1378043e+08 1e-23 1.2919223e-21 1.4919941e-31
5949837.1 5.203208e+16 8.2313771e+09 5.1429434e+08 1e-23 1.2881344e-21 1.4968197e-31
5956158.3 5.2084112e+16 8.2303178e+09 5.1480896e+08 1e-23 1.2843577e-21 1.5016575e-31
5962486.6 5.2136196e+16 8.2292572e+09 5.153243e+08 1e-23 1.2805921e-21 1.5065074e-31
5968822.1 5.2188332e+16 8.2281954e+09 5.1584036e+08 1e-23 1.2768377e-21 1.5113695e-31
5975164.7 5.2240521e+16 8.2271322e+09 5.1635714e+08 1e-23 1.2730944e-21 1.5162438e-31
5981514.5 5.2292761e+16 8.2260677e+09 5.1687464e+08 1e-23 1.2693622e-21 1.5211304e-31
5987871.5 5.2345054e+16 8.2250019e+09 5.1739286e+08 1e-23 1.2656409e-21 1.5260293e-31
5994235.6 5.2397399e+16 8.2239348e+09 5.1791181e+08 1e-23 1.2619307e-21 1.5309405e-31
6000606.9 5.2449796e+16 8.2228664e+09 5.1843147e+08 1e-23 1.2582315e-21 1.535864e-31
6006985.5 5.2502246e+16 8.2217967e+09 5.1895186e+08 1e-23 1.2545432e-21 1.5407999e-31
6013371.2 5.2554748e+16 8.2207257e+09 5.1947297e+08 1e-23 1.2508657e-21 1.5457483e-31
6019764.1 5.2607303e+16 8.2196533e+09 5.1999481e+08 1e-23 1.2471992e-21 1.550709e-31
6026164.3 5.265991e+16 8.2185797e+09 5.2051737e+08 1e-23 1.2435435e-21 1.5556823e-31
6032571.8 5.271257e+16 8.2175047e+09 5.2104065e+08 1e-23 1.2398986e-21 1.560668e-31
6038986.4 5.2765283e+16 8.2164284e+09 5.2156467e+08 1e-23 1.2362644e-21 1.5656663e-31
6045408.3 5.2818048e+16 8.2153508e+09 5.220894e+08 1e-23 1.232641e-21 1.5706772e-31
6051837.5 5.2870866e+16 8.2142719e+09 5.2261487e+08 1e-23 1.2290283e-21 1.5757006e-31
6058274 5.2923737e+16 8.2131916e+09 5.2314106e+08 1e-23 1.2254263e-21 1.5807367e-31
6064717.8 5.2976661e+16 8.2121101e+09 5.2366797e+08 1e-23 1.221835e-21 1.5857854e-31
6071168.8 5.3029637e+16 8.2110272e+09 5.2419562e+08 1e-23 1.2182542e-21 1.5908468e-31
6077627.1 5.3082667e+16 8.209943e+09 5.2472399e+08 1e-23 1.214684e-21 1.595921e-31
6084092.8 5.313575e+16 8.2088574e+09 5.252531e+08 1e-23 1.2111244e-21 1.6010079e-31
6090565.8 5.3188886e+16 8.2077705e+09 5.2578293e+08 1e-23 1.2075753e-21 1.6061076e-31
6097046.1 5.3242074e+16 8.2066823e+09 5.263135e+08 1e-23 1.2040367e-21 1.6112201e-31
6103533.7 5.3295316e+16 8.2055928e+09 5.2684479e+08 1e-23 1.2005085e-21 1.6163454e-31
6110028.7 5.3348612e+16 8.2045019e+09 5.2737682e+08 1e-23 1.1969908e-21 1.6214837e-31
6116531.1 5.340196e+16 8.2034097e+09 5.2790958e+08 1e-23 1.1934835e-21 1.6266348e-31
6123040.8 5.3455362e+16 8.2023162e+09 5.2844307e+08 1e-23 1.1899865e-21 1.6317989e-31
6129557.9 5.3508818e+16 8.2012213e+09 5.2897729e+08 1e-23 1.1864999e-21 1.636976e-31
6136082.4 5.3562327e+16 8.2001251e+09 5.2951225e+08 1e-23 1.1830235e-21 1.6421661e-31
6142614.3 5.3615889e+16 8.1990275e+09 5.3004794e+08 1e-23 1.1795575e-21 1.6473692e-31
6149153.6 5.3669505e+16 8.1979286e+09 5.3058436e+08 1e-23 1.1761016e-21 1.6525855e-31
6155700.3 5.3723174e+16 8.1968284e+09 5.3112152e+08 1e-23 1.172656e-21 1.6578148e-31
6162254.5 5.3776897e+16 8.1957268e+09 5.3165942e+08 1e-23 1.1692206e-21 1.6630573e-31
6168816 5.3830674e+16 8.1946239e+09 5.3219805e+08 1e-23 1.1657953e-21 1.6683129e-31
6175385.1 5.3884505e+16 8.1935196e+09 5.3273742e+08 1e-23 1.1623802e-21 1.6735818e-31
6181961.5 5.393839e+16 8.192414e+09 5.3327753e+08 1e-23 1.1589751e-21 1.6788639e-31
6188545.5 5.3992328e+16 8.191307e+09 5.3381837e+08 1e-23 1.1555801e-21 1.6841592e-31
6195136.9 5.404632e+16 8.1901987e+09 5.3435995e+08 1e-23 1.1521951e-21 1.6894679e-31
6201735.8 5.4100367e+16 8.189089e+09 5.3490227e+08 1e-23 1.1488201e-21 1.6947899e-31
6208342.2 5.4154467e+16 8.187978e+09 5.3544533e+08 1e-23 1.1454551e-21 1.7001253e-31
6214956.1 5.4208621e+16 8.1868656e+09 5.3598913e+08 1e-23 1.1421001e-21 1.7054741e-31
6221577.5 5.426283e+16 8.1857518e+09 5.3653367e+08 1e-23 1.1387549e-21 1.7108364e-31
6228206.4 5.4317093e+16 8.1846367e+09 5.3707895e+08 1e-23 1.1354196e-21 1.7162121e-31
6234842.9 5.437141e+16 8.1835202e+09 5.3762497e+08 1e-23 1.1320942e-21 1.7216013e-31
6241486.9 5.4425781e+16 8.1824024e+09 5.3817174e+08 1e-23 1.1287786e-21 1.7270041e-31
6248138.5 5.4480207e+16 8.1812832e+09 5.3871924e+08 1e-23 1.1254729e-21 1.7324205e-31
6254797.6 5.4534687e+16 8.1801626e+09 5.3926749e+08 1e-23 1.1221768e-21 1.7378504e-31
6261464.3 5.4589222e+16 8.1790407e+09 5.3981648e+08 1e-23 1.1188905e-21 1.743294e-31
6268138.6 5.4643811e+16 8.1779174e+09 5.4036622e+08 1e-23 1.115614e-21 1.7487513e-31
6274820.5 5.4698455e+16 8.1767928e+09 5.409167e+08 1e-23 1.1123471e-21 1.7542223e-31
6281510 5.4753154e+16 8.1756667e+09 5.4146793e+08 1e-23 1.1090898e-21 1.7597071e-31
6288207 5.4807907e+16 8.1745393e+09 5.420199e+08 1e-23 1.1058422e-21 1.7652056e-31
6294911.7 5.4862715e+16 8.1734105e+09 5.4257262e+08 1e-23 1.1026041e-21 1.770718e-31
6301624.1 5.4917577e+16 8.1722804e+09 5.4312608e+08 1e-23 1.0993757e-21 1.7762442e-31
6308344.1 5.4972495e+16 8.1711489e+09 5.4368029e+08 1e-23 1.0961567e-21 1.7817843e-31
6315071.7 5.5027467e+16 8.1700159e+09 5.4423525e+08 1e-23 1.0929473e-21 1.7873383e-31
6321807 5.5082495e+16 8.1688817e+09 5.4479096e+08 1e-23 1.0897474e-21 1.7929062e-31
6328550 5.5137577e+16 8.167746e+09 5.4534741e+08 1e-23 1.0865569e-21 1.7984882e-31
6335300.6 5.5192715e+16 8.1666089e+09 5.4590462e+08 1e-23 1.0833758e-21 1.8040841e-31
6342059 5.5247908e+16 8.1654705e+09 5.4646257e+08 1e-23 1.0802042e-21 1.8096942e-31
6348825 5.5303156e+16 8.1643307e+09 5.4702127e+08 1e-23 1.0770419e-21 1.8153183e-31
6355598.7 5.5358459e+16 8.1631895e+09 5.4758073e+08 1e-23 1.0738889e-21 1.8209566e-31
6362380.2 5.5413817e+16 8.1620469e+09 5.4814093e+08 1e-23 1.0707453e-21 1.826609e-31
6369169.4 5.5469231e+16 8.1609029e+09 5.4870189e+08 1e-23 1.0676109e-21 1.8322756e-31
6375966.4 5.55247e+16 8.1597575e+09 5.492636e+08 1e-23 1.0644858e-21 1.8379565e-31
6382771.1 5.5580225e+16 8.1586107e+09 5.4982606e+08 1e-23 1.0613699e-21 1.8436517e-31
6389583.5 5.5635805e+16 8.1574626e+09 5.5038928e+08 1e-23 1.0582633e-21 1.8493611e-31
6396403.8 5.5691441e+16 8.156313e+09 5.5095324e+08 1e-23 1.0551658e-21 1.8550849e-31
6403231.8 5.5747132e+16 8.1551621e+09 5.5151797e+08 1e-23 1.0520774e-21 1.8608231e-31
6410067.6 5.5802879e+16 8.1540097e+09 5.5208344e+08 1e-23 1.0489982e-21 1.8665757e-31
6416911.2 5.5858682e+16 8.1528559e+09 5.5264968e+08 1e-23 1.0459281e-21 1.8723427e-31
6423762.6 5.5914541e+16 8.1517008e+09 5.5321666e+08 1e-23 1.042867e-21 1.8781243e-31
6430621.9 5.5970456e+16 8.1505442e+09 5.5378441e+08 1e-23 1.039815e-21 1.8839203e-31
6437489 5.6026426e+16 8.1493863e+09 5.5435291e+08 1e-23 1.036772e-21 1.8897309e-31
6444363.9 5.6082452e+16 8.1482269e+09 5.5492217e+08 1e-23 1.033738e-21 1.8955562e-31
6451246.7 5.6138535e+16 8.1470661e+09 5.5549218e+08 1e-23 1.0307129e-21 1.901396e-31
6458137.3 5.6194673e+16 8.1459039e+09 5.5606296e+08 1e-23 1.0276968e-21 1.9072505e-31
6465035.8 5.6250868e+16 8.1447403e+09 5.5663449e+08 1e-23 1.0246896e-21 1.9131198e-31
6471942.2 5.6307119e+16 8.1435753e+09 5.5720678e+08 1e-23 1.0216912e-21 1.9190037e-31
6478856.5 5.6363426e+16 8.1424089e+09 5.5777983e+08 1e-23 1.0187018e-21 1.9249025e-31
6485778.7 5.641979e+16 8.1412411e+09 5.5835364e+08 1e-23 1.0157211e-21 1.9308161e-31
6492708.9 5.6476209e+16 8.1400718e+09 5.5892821e+08 1e-23 1.0127493e-21 1.9367445e-31
6499646.9 5.6532686e+16 8.1389012e+09 5.5950355e+08 1e-23 1.0097862e-21 1.9426878e-31
6506592.9 5.6589218e+16 8.1377291e+09 5.6007964e+08 1e-23 1.0068319e-21 1.9486461e-31
6513546.8 5.6645807e+16 8.1365556e+09 5.606565e+08 1e-23 1.0038863e-21 1.9546193e-31
6520508.7 5.6702453e+16 8.1353806e+09 5.6123411e+08 1e-23 1.0009493e-21 1.9606076e-31
6527478.6 5.6759156e+16 8.1342043e+09 5.618125e+08 1e-23 9.9802112e-22 1.9666108e-31
6534456.4 5.6815915e+16 8.1330265e+09 5.6239164e+08 1e-23 9.9510154e-22 1.9726292e-31
6541442.2 5.6872731e+16 8.1318473e+09 5.6297155e+08 1e-23 9.9219058e-22 1.9786627e-31
6548436.1 5.6929603e+16 8.1306667e+09 5.6355222e+08 1e-23 9.8928821e-22 1.9847113e-31
6555437.9 5.6986533e+16 8.1294846e+09 5.6413366e+08 1e-23 9.8639441e-22 1.9907751e-31
6562447.8 5.704352e+16 8.1283011e+09 5.6471587e+08 1e-23 9.8350916e-22 1.9968542e-31
6569465.7 5.7100563e+16 8.1271162e+09 5.6529884e+08 1e-23 9.8063243e-22 2.0029485e-31
6576491.6 5.7157664e+16 8.1259298e+09 5.6588257e+08 1e-23 9.7776419e-22 2.0090581e-31
6583525.6 5.7214821e+16 8.1247421e+09 5.6646708e+08 1e-23 9.7490442e-22 2.0151831e-31
6590567.6 5.7272036e+16 8.1235528e+09 5.6705235e+08 1e-23 9.720531e-22 2.0213235e-31
6597617.7 5.7329308e+16 8.1223622e+09 5.6763839e+08 1e-23 9.6921019e-22 2.0274793e-31
6604675.9 5.7386638e+16 8.1211701e+09 5.6822519e+08 1e-23 9.6637568e-22 2.0336505e-31
6611742.2 5.7444024e+16 8.1199765e+09 5.6881277e+08 1e-23 9.6354954e-22 2.0398373e-31
6618816.7 5.7501468e+16 8.1187815e+09 5.6940112e+08 1e-23 9.6073174e-22 2.0460396e-31
6625899.2 5.755897e+16 8.1175851e+09 5.6999023e+08 1e-23 9.5792226e-22 2.0522575e-31
6632989.8 5.7616529e+16 8.1163872e+09 5.7058012e+08 1e-23 9.5512107e-22 2.058491e-31
6640088.6 5.7674145e+16 8.1151879e+09 5.7117077e+08 1e-23 9.5232816e-22 2.0647401e-31
6647195.6 5.7731819e+16 8.1139871e+09 5.717622e+08 1e-23 9.4954349e-22 2.071005e-31
6654310.7 5.7789551e+16 8.1127849e+09 5.723544e+08 1e-23 9.4676704e-22 2.0772856e-31
6661433.9 5.7847341e+16 8.1115812e+09 5.7294737e+08 1e-23 9.4399879e-22 2.0835819e-31
6668565.4 5.7905188e+16 8.1103761e+09 5.7354111e+08 1e-23 9.4123871e-22 2.0898941e-31
6675705 5.7963093e+16 8.1091695e+09 5.7413563e+08 1e-23 9.3848678e-22 2.0962221e-31
6682852.9 5.8021056e+16 8.1079615e+09 5.7473092e+08 1e-23 9.3574297e-22 2.1025661e-31
6690008.9 5.8079077e+16 8.106752e+09 5.7532698e+08 1e-23 9.3300726e-22 2.1089259e-31
6697173.2 5.8137156e+16 8.105541e+09 5.7592382e+08 1e-23 9.3027963e-22 2.1153018e-31
6704345.7 5.8195294e+16 8.1043286e+09 5.7652143e+08 1e-23 9.2756005e-22 2.1216936e-31
6711526.5 5.8253489e+16 8.1031147e+09 5.7711982e+08 1e-23 9.248485e-22 2.1281016e-31
6718715.5 5.8311742e+16 8.1018994e+09 5.7771899e+08 1e-23 9.2214495e-22 2.1345256e-31
6725912.8 5.8370054e+16 8.1006826e+09 5.7831893e+08 1e-23 9.1944939e-22 2.1409657e-31
6733118.4 5.8428424e+16 8.0994643e+09 5.7891965e+08 1e-23 9.1676178e-22 2.147422e-31
6740332.3 5.8486853e+16 8.0982446e+09 5.7952114e+08 1e-23 9.140821e-22 2.1538946e-31
6747554.4 5.8545339e+16 8.0970234e+09 5.8012341e+08 1e-23 9.1141034e-22 2.1603833e-31
6754784.9 5.8603885e+16 8.0958007e+09 5.8072646e+08 1e-23 9.0874646e-22 2.1668884e-31
6762023.7 5.8662489e+16 8.0945766e+09 5.8133029e+08 1e-23 9.0609044e-22 2.1734099e-31
6769270.8 5.8721151e+16 8.093351e+09 5.819349e+08 1e-23 9.0344226e-22 2.1799477e-31
6776526.3 5.8779872e+16 8.0921239e+09 5.8254029e+08 1e-23 9.008019e-22 2.1865019e-31
6783790.1 5.8838652e+16 8.0908953e+09 5.8314646e+08 1e-23 8.9816934e-22 2.1930726e-31
6791062.4 5.8897491e+16 8.0896653e+09 5.8375341e+08 1e-23 8.9554454e-22 2.1996598e-31
6798342.9 5.8956388e+16 8.0884338e+09 5.8436114e+08 1e-23 8.9292749e-22 2.2062635e-31
6805631.9 5.9015345e+16 8.0872007e+09 5.8496965e+08 1e-23 8.9031816e-22 2.2128839e-31
6812929.3 5.907436e+16 8.0859663e+09 5.8557894e+08 1e-23 8.8771654e-22 2.2195208e-31
6820235.1 5.9133434e+16 8.0847303e+09 5.8618902e+08 1e-23 8.8512259e-22 2.2261745e-31
6827549.3 5.9192568e+16 8.0834928e+09 5.8679987e+08 1e-23 8.825363e-22 2.2328448e-31
6834871.9 5.925176e+16 8.0822539e+09 5.8741151e+08 1e-23 8.7995765e-22 2.2395319e-31
6842203 5.9311012e+16 8.0810135e+09 5.8802394e+08 1e-23 8.773866e-22 2.2462358e-31
6849542.6 5.9370323e+16 8.0797715e+09 5.8863715e+08 1e-23 8.7482314e-22 2.2529565e-31
6856890.6 5.9429694e+16 8.0785281e+09 5.8925114e+08 1e-23 8.7226725e-22 2.2596941e-31
6864247.1 5.9489123e+16 8.0772832e+09 5.8986592e+08 1e-23 8.697189e-22 2.2664487e-31
6871612.1 5.9548612e+16 8.0760368e+09 5.9048148e+08 1e-23 8.6717807e-22 2.2732201e-31
6878985.6 5.9608161e+16 8.0747889e+09 5.9109783e+08 1e-23 8.6464473e-22 2.2800087e-31
6886367.6 5.9667769e+16 8.0735396e+09 5.9171496e+08 1e-23 8.6211888e-22 2.2868142e-31
6893758.1 5.9727437e+16 8.0722887e+09 5.9233289e+08 1e-23 8.5960048e-22 2.2936369e-31
6901157.2 5.9787164e+16 8.0710363e+09 5.9295159e+08 1e-23 8.5708951e-22 2.3004766e-31
6908564.8 5.9846951e+16 8.0697824e+09 5.9357109e+08 1e-23 8.5458595e-22 2.3073336e-31
6915981 5.9906798e+16 8.068527e+09 5.9419138e+08 1e-23 8.5208977e-22 2.3142078e-31
6923405.7 5.9966705e+16 8.0672701e+09 5.9481245e+08 1e-23 8.4960097e-22 2.3210992e-31
6930839.1 6.0026672e+16 8.0660117e+09 5.9543431e+08 1e-23 8.471195e-22 2.328008e-31
6938281 6.0086699e+16 8.0647518e+09 5.9605696e+08 1e-23 8.4464536e-22 2.3349341e-31
6945731.5 6.0146785e+16 8.0634904e+09 5.966804e+08 1e-23 8.4217852e-22 2.3418776e-31
6953190.7 6.0206932e+16 8.0622275e+09 5.9730463e+08 1e-23 8.3971896e-22 2.3488386e-31
6960658.5 6.0267139e+16 8.060963e+09 5.9792965e+08 1e-23 8.3726666e-22 2.355817e-31
6968134.9 6.0327406e+16 8.0596971e+09 5.9855547e+08 1e-23 8.3482159e-22 2.362813e-31
6975620 6.0387734e+16 8.0584296e+09 5.9918207e+08 1e-23 8.3238374e-22 2.3698265e-31
6983113.7 6.0448121e+16 8.0571607e+09 5.9980947e+08 1e-23 8.2995308e-22 2.3768577e-31
6990616.1 6.0508569e+16 8.0558902e+09 6.0043766e+08 1e-23 8.2752959e-22 2.3839065e-31
6998127.2 6.0569078e+16 8.0546181e+09 6.0106664e+08 1e-23 8.2511325e-22 2.390973e-31
7005647 6.0629647e+16 8.0533446e+09 6.0169641e+08 1e-23 8.2270404e-22 2.3980572e-31
7013175.5 6.0690277e+16 8.0520696e+09 6.0232698e+08 1e-23 8.2030194e-22 2.4051593e-31
7020712.7 6.0750967e+16 8.050793e+09 6.0295834e+08 1e-23 8.1790692e-22 2.4122792e-31
7028258.7 6.0811718e+16 8.0495149e+09 6.035905e+08 1e-23 8.1551898e-22 2.419417e-31
7035813.4 6.087253e+16 8.0482352e+09 6.0422345e+08 1e-23 8.1313807e-22 2.4265727e-31
7043376.9 6.0933402e+16 8.0469541e+09 6.0485719e+08 1e-23 8.1076419e-22 2.4337464e-31
7050949.1 6.0994336e+16 8.0456714e+09 6.0549173e+08 1e-23 8.0839732e-22 2.4409381e-31
7058530.1 6.105533e+16 8.0443872e+09 6.0612707e+08 1e-23 8.0603743e-22 2.4481478e-31
7066119.9 6.1116385e+16 8.0431014e+09 6.0676321e+08 1e-23 8.0368449e-22 2.4553757e-31
7073718.5 6.1177502e+16 8.0418142e+09 6.0740014e+08 1e-23 8.013385e-22 2.4626217e-31
7081325.9 6.1238679e+16 8.0405253e+09 6.0803787e+08 1e-23 7.9899944e-22 2.4698859e-31
7088942.2 6.1299918e+16 8.039235e+09 6.0867639e+08 1e-23 7.9666727e-22 2.4771684e-31
7096567.3 6.1361218e+16 8.0379431e+09 6.0931572e+08 1e-23 7.9434198e-22 2.4844692e-31
7104201.2 6.1422579e+16 8.0366497e+09 6.0995584e+08 1e-23 7.9202355e-22 2.4917883e-31
7111844 6.1484002e+16 8.0353547e+09 6.1059676e+08 1e-23 7.8971196e-22 2.4991257e-31
7119495.7 6.1545486e+16 8.0340582e+09 6.1123848e+08 1e-23 7.8740718e-22 2.5064816e-31
7127156.3 6.1607031e+16 8.0327601e+09 6.11881e+08 1e-23 7.8510921e-22 2.513856e-31
7134825.8 6.1668638e+16 8.0314605e+09 6.1252432e+08 1e-23 7.8281802e-22 2.5212489e-31
7142504.2 6.1730307e+16 8.0301594e+09 6.1316844e+08 1e-23 7.8053358e-22 2.5286604e-31
7150191.5 6.1792037e+16 8.0288567e+09 6.1381337e+08 1e-23 7.7825588e-22 2.5360905e-31
7157887.7 6.1853829e+16 8.0275524e+09 6.1445909e+08 1e-23 7.759849e-22 2.5435393e-31
7165592.9 6.1915683e+16 8.0262466e+09 6.1510562e+08 1e-23 7.7372062e-22 2.5510067e-31
7173307.1 6.1977599e+16 8.0249393e+09 6.1575294e+08 1e-23 7.7146301e-22 2.558493e-31
7181030.2 6.2039576e+16 8.0236304e+09 6.1640107e+08 1e-23 7.6921207e-22 2.565998e-31
7188762.3 6.2101616e+16 8.0223199e+09 6.1705001e+08 1e-23 7.6696776e-22 2.5735219e-31
7196503.4 6.2163717e+16 8.0210079e+09 6.1769974e+08 1e-23 7.6473008e-22 2.5810647e-31
7204253.5 6.2225881e+16 8.0196943e+09 6.1835028e+08 1e-23 7.6249899e-22 2.5886264e-31
7212012.6 6.2288107e+16 8.0183792e+09 6.1900163e+08 1e-23 7.6027449e-22 2.5962071e-31
7219780.8 6.2350395e+16 8.0170625e+09 6.1965378e+08 1e-23 7.5805654e-22 2.6038069e-31
7227558 6.2412745e+16 8.0157443e+09 6.2030673e+08 1e-23 7.5584513e-22 2.6114257e-31
7235344.3 6.2475158e+16 8.0144244e+09 6.2096049e+08 1e-23 7.5364025e-22 2.6190637e-31
7243139.6 6.2537633e+16 8.013103e+09 6.2161505e+08 1e-23 7.5144187e-22 2.6267209e-31
7250944 6.2600171e+16 8.0117801e+09 6.2227042e+08 1e-23 7.4924997e-22 2.6343973e-31
7258757.6 6.2662771e+16 8.0104556e+09 6.229266e+08 1e-23 7.4706454e-22 2.642093e-31
7266580.2 6.2725434e+16 8.0091295e+09 6.2358358e+08 1e-23 7.4488555e-22 2.649808e-31
7274411.9 6.2788159e+16 8.0078018e+09 6.2424137e+08 1e-23 7.4271299e-22 2.6575424e-31
7282252.8 6.2850948e+16 8.0064726e+09 6.2489997e+08 1e-23 7.4054684e-22 2.6652962e-31
7290102.8 6.2913798e+16 8.0051418e+09 6.2555938e+08 1e-23 7.3838707e-22 2.6730695e-31
7297962 6.2976712e+16 8.0038094e+09 6.2621959e+08 1e-23 7.3623367e-22 2.6808623e-31
7305830.3 6.3039689e+16 8.0024754e+09 6.2688062e+08 1e-23 7.3408662e-22 2.6886747e-31
7313707.9 6.3102729e+16 8.0011399e+09 6.2754245e+08 1e-23 7.319459e-22 2.6965068e-31
7321594.6 6.3165831e+16 7.9998027e+09 6.2820509e+08 1e-23 7.2981149e-22 2.7043585e-31
7329490.5 6.3228997e+16 7.998464e+09 6.2886854e+08 1e-23 7.2768338e-22 2.7122299e-31
7337395.6 6.3292226e+16 7.9971238e+09 6.295328e+08 1e-23 7.2556155e-22 2.7201211e-31
7345310 6.3355518e+16 7.9957819e+09 6.3019788e+08 1e-23 7.2344596e-22 2.7280321e-31
7353233.6 6.3418874e+16 7.9944384e+09 6.3086376e+08 1e-23 7.2133662e-22 2.735963e-31
7361166.5 6.3482293e+16 7.9930934e+09 6.3153045e+08 1e-23 7.192335e-22 2.7439138e-31
7369108.6 6.3545775e+16 7.9917467e+09 6.3219796e+08 1e-23 7.1713657e-22 2.7518846e-31
7377060.1 6.3609321e+16 7.9903985e+09 6.3286628e+08 1e-23 7.1504583e-22 2.7598754e-31
7385020.8 6.367293e+16 7.9890487e+09 6.3353541e+08 1e-23 7.1296126e-22 2.7678863e-31
7392990.8 6.3736603e+16 7.9876973e+09 6.3420535e+08 1e-23 7.1088283e-22 2.7759173e-31
7400970.2 6.380034e+16 7.9863443e+09 6.3487611e+08 1e-23 7.0881053e-22 2.7839685e-31
7408958.8 6.386414e+16 7.9849897e+09 6.3554767e+08 1e-23 7.0674433e-22 2.7920399e-31
7416956.9 6.3928004e+16 7.9836335e+09 6.3622006e+08 1e-23 7.0468423e-22 2.8001316e-31
7424964.2 6.3991932e+16 7.9822757e+09 6.3689326e+08 1e-23 7.026302e-22 2.8082436e-31
7432981 6.4055924e+16 7.9809163e+09 6.3756727e+08 1e-23 7.0058223e-22 2.816376e-31
7441007.1 6.411998e+16 7.9795553e+09 6.3824209e+08 1e-23 6.985403e-22 2.8245288e-31
7449042.7 6.41841e+16 7.9781927e+09 6.3891773e+08 1e-23 6.9650438e-22 2.8327021e-31
7457087.6 6.4248284e+16 7.9768285e+09 6.3959419e+08 1e-23 6.9447447e-22 2.8408959e-31
7465142 6.4312532e+16 7.9754627e+09 6.4027146e+08 1e-23 6.9245054e-22 2.8491103e-31
7473205.8 6.4376845e+16 7.9740952e+09 6.4094955e+08 1e-23 6.9043258e-22 2.8573454e-31
7481279 6.4441222e+16 7.9727262e+09 6.4162846e+08 1e-23 6.8842056e-22 2.8656011e-31
7489361.7 6.4505663e+16 7.9713556e+09 6.4230818e+08 1e-23 6.8641448e-22 2.8738776e-31
7497453.9 6.4570169e+16 7.9699833e+09 6.4298872e+08 1e-23 6.8441431e-22 2.8821749e-31
7505555.6 6.4634739e+16 7.9686094e+09 6.4367008e+08 1e-23 6.8242003e-22 2.890493e-31
7513666.8 6.4699374e+16 7.9672339e+09 6.4435225e+08 1e-23 6.8043164e-22 2.898832e-31
7521787.4 6.4764073e+16 7.9658568e+09 6.4503525e+08 1e-23 6.784491e-22 2.907192e-31
7529917.6 6.4828837e+16 7.9644781e+09 6.4571906e+08 1e-23 6.7647241e-22 2.915573e-31
7538057.4 6.4893666e+16 7.9630978e+09 6.4640369e+08 1e-23 6.7450155e-22 2.923975e-31
7546206.7 6.495856e+16 7.9617158e+09 6.4708914e+08 1e-23 6.7253649e-22 2.9323981e-31
7554365.6 6.5023518e+16 7.9603322e+09 6.4777541e+08 1e-23 6.7057723e-22 2.9408424e-31
7562534 6.5088542e+16 7.958947e+09 6.484625e+08 1e-23 6.6862374e-22 2.9493079e-31
7570712 6.515363e+16 7.9575602e+09 6.4915041e+08 1e-23 6.66676e-22 2.9577947e-31
7578899.7 6.5218784e+16 7.9561718e+09 6.4983914e+08 1e-23 6.6473401e-22 2.9663028e-31
7587096.9 6.5284003e+16 7.9547817e+09 6.5052869e+08 1e-23 6.6279774e-22 2.9748323e-31
7595303.8 6.5349287e+16 7.95339e+09 6.5121906e+08 1e-23 6.6086718e-22 2.9833832e-31
7603520.3 6.5414636e+16 7.9519966e+09 6.5191026e+08 1e-23 6.5894231e-22 2.9919556e-31
7611746.5 6.5480051e+16 7.9506016e+09 6.5260227e+08 1e-23 6.5702311e-22 3.0005495e-31
7619982.4 6.5545531e+16 7.949205e+09 6.5329511e+08 1e-23 6.5510957e-22 3.009165e-31
7628227.9 6.5611076e+16 7.9478068e+09 6.5398877e+08 1e-23 6.5320166e-22 3.0178022e-31
7636483.2 6.5676687e+16 7.9464069e+09 6.5468326e+08 1e-23 6.5129938e-22 3.0264611e-31
7644748.1 6.5742364e+16 7.9450054e+09 6.5537856e+08 1e-23 6.4940271e-22 3.0351417e-31
7653022.8 6.5808106e+16 7.9436022e+09 6.5607469e+08 1e-23 6.4751162e-22 3.0438441e-31
7661307.2 6.5873914e+16 7.9421974e+09 6.5677165e+08 1e-23 6.4562611e-22 3.0525684e-31
7669601.4 6.5939788e+16 7.9407909e+09 6.5746942e+08 1e-23 6.4374615e-22 3.0613146e-31
7677905.3 6.6005728e+16 7.9393829e+09 6.5816803e+08 1e-23 6.4187173e-22 3.0700828e-31
7686219 6.6071734e+16 7.9379731e+09 6.5886745e+08 1e-23 6.4000283e-22 3.0788731e-31
7694542.5 6.6137806e+16 7.9365617e+09 6.595677e+08 1e-23 6.3813945e-22 3.0876854e-31
7702875.9 6.6203943e+16 7.9351487e+09 6.6026878e+08 1e-23 6.3628155e-22 3.0965198e-31
7711219 6.6270147e+16 7.933734e+09 6.6097068e+08 1e-23 6.3442913e-22 3.1053765e-31
7719571.9 6.6336417e+16 7.9323177e+09 6.6167341e+08 1e-23 6.3258216e-22 3.1142554e-31
7727934.7 6.6402754e+16 7.9308997e+09 6.6237696e+08 1e-23 6.3074064e-22 3.1231566e-31
7736307.4 6.6469157e+16 7.9294801e+09 6.6308134e+08 1e-23 6.2890454e-22 3.1320802e-31
7744689.9 6.6535626e+16 7.9280588e+09 6.6378655e+08 1e-23 6.2707385e-22 3.1410262e-31
7753082.4 6.6602161e+16 7.9266358e+09 6.6449259e+08 1e-23 6.2524856e-22 3.1499947e-31
7761484.7 6.6668764e+16 7.9252112e+09 6.6519945e+08 1e-23 6.2342864e-22 3.1589857e-31
7769896.9 6.6735432e+16 7.9237849e+09 6.6590714e+08 1e-23 6.2161409e-22 3.1679994e-31
7778319.1 6.6802168e+16 7.922357e+09 6.6661565e+08 1e-23 6.1980488e-22 3.1770356e-31
7786751.2 6.686897e+16 7.9209274e+09 6.67325e+08 1e-23 6.18001e-22 3.1860946e-31
7795193.3 6.6935839e+16 7.9194962e+09 6.6803517e+08 1e-23 6.1620244e-22 3.1951763e-31
7803645.3 6.7002775e+16 7.9180632e+09 6.6874618e+08 1e-23 6.1440918e-22 3.2042809e-31
7812107.3 6.7069778e+16 7.9166286e+09 6.6945801e+08 1e-23 6.1262119e-22 3.2134084e-31
7820579.3 6.7136847e+16 7.9151924e+09 6.7017067e+08 1e-23 6.1083848e-22 3.2225587e-31
7829061.3 6.7203984e+16 7.9137545e+09 6.7088416e+08 1e-23 6.0906101e-22 3.2317321e-31
7837553.4 6.7271188e+16 7.9123149e+09 6.7159848e+08 1e-23 6.0728879e-22 3.2409285e-31
7846055.5 6.7338459e+16 7.9108736e+09 6.7231363e+08 1e-23 6.0552178e-22 3.2501481e-31
7854567.6 6.7405798e+16 7.9094306e+09 6.7302961e+08 1e-23 6.0375998e-22 3.2593908e-31
7863089.8 6.7473204e+16 7.907986e+09 6.7374642e+08 1e-23 6.0200337e-22 3.2686567e-31
7871622.1 6.7540677e+16 7.9065397e+09 6.7446406e+08 1e-23 6.0025193e-22 3.2779459e-31
7880164.5 6.7608217e+16 7.9050917e+09 6.7518254e+08 1e-23 5.9850565e-22 3.2872585e-31
7888717 6.7675826e+16 7.9036421e+09 6.7590184e+08 1e-23 5.9676451e-22 3.2965945e-31
7897279.6 6.7743501e+16 7.9021907e+09 6.7662198e+08 1e-23 5.9502851e-22 3.3059539e-31
7905852.3 6.7811245e+16 7.9007377e+09 6.7734295e+08 1e-23 5.9329761e-22 3.3153368e-31
7914435.2 6.7879056e+16 7.899283e+09 6.7806475e+08 1e-23 5.9157182e-22 3.3247434e-31
7923028.3 6.7946935e+16 7.8978266e+09 6.7878738e+08 1e-23 5.898511e-22 3.3341736e-31
7931631.6 6.8014882e+16 7.8963686e+09 6.7951085e+08 1e-23 5.8813546e-22 3.3436274e-31
7940245 6.8082897e+16 7.8949088e+09 6.8023514e+08 1e-23 5.8642487e-22 3.3531051e-31
7948868.6 6.815098e+16 7.8934473e+09 6.8096028e+08 1e-23 5.8471931e-22 3.3626065e-31
7957502.5 6.8219131e+16 7.8919842e+09 6.8168624e+08 1e-23 5.8301878e-22 3.3721319e-31
7966146.6 6.828735e+16 7.8905193e+09 6.8241304e+08 1e-23 5.8132326e-22 3.3816811e-31
7974801 6.8355637e+16 7.8890528e+09 6.8314068e+08 1e-23 5.7963273e-22 3.3912544e-31
7983465.6 6.8423993e+16 7.8875846e+09 6.8386914e+08 1e-23 5.7794718e-22 3.4008518e-31
7992140.5 6.8492417e+16 7.8861147e+09 6.8459845e+08 1e-23 5.762666e-22 3.4104732e-31
8000825.7 6.856091e+16 7.884643e+09 6.8532858e+08 1e-23 5.7459096e-22 3.4201189e-31
8009521.2 6.862947e+16 7.8831697e+09 6.8605956e+08 1e-23 5.7292025e-22 3.4297888e-31
8018227 6.86981e+16 7.8816947e+09 6.8679136e+08 1e-23 5.7125447e-22 3.439483e-31
8026943.2 6.8766798e+16 7.880218e+09 6.8752401e+08 1e-23 5.6959359e-22 3.4492015e-31
8035669.7 6.8835565e+16 7.8787395e+09 6.8825748e+08 1e-23 5.679376e-22 3.4589445e-31
8044406.5 6.89044e+16 7.8772594e+09 6.889918e+08 1e-23 5.6628649e-22 3.468712e-31
8053153.8 6.8973305e+16 7.8757775e+09 6.8972695e+08 1e-23 5.6464024e-22 3.478504e-31
8061911.4 6.9042278e+16 7.874294e+09 6.9046294e+08 1e-23 5.6299884e-22 3.4883207e-31
8070679.5 6.911132e+16 7.8728087e+09 6.9119976e+08 1e-23 5.6136227e-22 3.498162e-31
8079458 6.9180432e+16 7.8713218e+09 6.9193742e+08 1e-23 5.5973052e-22 3.5080281e-31
8088246.9 6.9249612e+16 7.8698331e+09 6.9267592e+08 1e-23 5.5810358e-22 3.5179189e-31
8097046.3 6.9318862e+16 7.8683427e+09 6.9341525e+08 1e-23 5.5648142e-22 3.5278346e-31
8105856.1 6.9388181e+16 7.8668506e+09 6.9415543e+08 1e-23 5.5486404e-22 3.5377753e-31
8114676.5 6.9457569e+16 7.8653567e+09 6.9489644e+08 1e-23 5.5325142e-22 3.5477409e-31
8123507.3 6.9527026e+16 7.8638612e+09 6.9563828e+08 1e-23 5.5164355e-22 3.5577316e-31
8132348.6 6.9596553e+16 7.8623639e+09 6.9638097e+08 1e-23 5.5004042e-22 3.5677474e-31
8141200.5 6.966615e+16 7.8608649e+09 6.9712449e+08 1e-23 5.48442e-22 3.5777884e-31
8150062.9 6.9735816e+16 7.8593642e+09 6.9786886e+08 1e-23 5.4684829e-22 3.5878546e-31
8158935.8 6.9805552e+16 7.8578618e+09 6.9861406e+08 1e-23 5.4525927e-22 3.5979462e-31
8167819.4 6.9875357e+16 7.8563576e+09 6.993601e+08 1e-23 5.4367493e-22 3.6080631e-31
8176713.5 6.9945233e+16 7.8548517e+09 7.0010698e+08 1e-23 5.4209525e-22 3.6182054e-31
8185618.2 7.0015178e+16 7.8533441e+09 7.008547e+08 1e-23 5.4052023e-22 3.6283733e-31
8194533.5 7.0085193e+16 7.8518348e+09 7.0160326e+08 1e-23 5.3894984e-22 3.6385667e-31
8203459.5 7.0155278e+16 7.8503237e+09 7.0235266e+08 1e-23 5.3738407e-22 3.6487857e-31
8212396.1 7.0225434e+16 7.8488109e+09 7.031029e+08 1e-23 5.3582291e-22 3.6590304e-31
8221343.4 7.0295659e+16 7.8472964e+09 7.0385397e+08 1e-23 5.3426635e-22 3.6693009e-31
8230301.3 7.0365955e+16 7.8457801e+09 7.0460589e+08 1e-23 5.3271436e-22 3.6795972e-31
8239270 7.0436321e+16 7.8442621e+09 7.0535865e+08 1e-23 5.3116695e-22 3.6899193e-31
8248249.3 7.0506757e+16 7.8427423e+09 7.0611225e+08 1e-23 5.2962409e-22 3.7002675e-31
8257239.4 7.0577264e+16 7.8412208e+09 7.068667e+08 1e-23 5.2808577e-22 3.7106416e-31
8266240.2 7.0647841e+16 7.8396976e+09 7.0762198e+08 1e-23 5.2655199e-22 3.7210419e-31
8275251.7 7.0718489e+16 7.8381726e+09 7.083781e+08 1e-23 5.2502271e-22 3.7314683e-31
8284274 7.0789207e+16 7.8366459e+09 7.0913507e+08 1e-23 5.2349794e-22 3.7419209e-31
8293307.1 7.0859997e+16 7.8351175e+09 7.0989288e+08 1e-23 5.2197765e-22 3.7523998e-31
8302351 7.0930857e+16 7.8335873e+09 7.1065153e+08 1e-23 5.2046184e-22 3.762905e-31
8311405.7 7.1001787e+16 7.8320553e+09 7.1141102e+08 1e-23 5.1895049e-22 3.7734366e-31
8320471.3 7.1072789e+16 7.8305216e+09 7.1217135e+08 1e-23 5.1744358e-22 3.7839948e-31
8329547.7 7.1143862e+16 7.8289862e+09 7.1293253e+08 1e-23 5.1594111e-22 3.7945794e-31
8338634.9 7.1215006e+16 7.827449e+09 7.1369454e+08 1e-23 5.1444307e-22 3.8051907e-31
8347733 7.1286221e+16 7.82591e+09 7.1445741e+08 1e-23 5.1294943e-22 3.8158287e-31
8356842 7.1357507e+16 7.8243693e+09 7.1522111e+08 1e-23 5.1146018e-22 3.8264934e-31
8365961.9 7.1428865e+16 7.8228269e+09 7.1598566e+08 1e-23 5.0997532e-22 3.837185e-31
8375092.7 7.1500293e+16 7.8212826e+09 7.1675105e+08 1e-23 5.0849483e-22 3.8479034e-31
8384234.5 7.1571794e+16 7.8197367e+09 7.1751728e+08 1e-23 5.070187e-22 3.8586488e-31
8393387.2 7.1643366e+16 7.8181889e+09 7.1828436e+08 1e-23 5.0554691e-22 3.8694212e-31
8402550.9 7.1715009e+16 7.8166394e+09 7.1905228e+08 1e-23 5.0407945e-22 3.8802207e-31
8411725.6 7.1786724e+16 7.8150882e+09 7.1982104e+08 1e-23 5.026163e-22 3.8910474e-31
8420911.2 7.1858511e+16 7.8135351e+09 7.2059065e+08 1e-23 5.0115747e-22 3.9019012e-31
8430107.9 7.1930369e+16 7.8119803e+09 7.213611e+08 1e-23 4.9970292e-22 3.9127824e-31
8439315.6 7.20023e+16 7.8104238e+09 7.221324e+08 1e-23 4.9825266e-22 3.923691e-31
8448534.3 7.2074302e+16 7.8088655e+09 7.2290454e+08 1e-23 4.9680666e-22 3.9346269e-31
8457764.1 7.2146376e+16 7.8073054e+09 7.2367753e+08 1e-23 4.9536492e-22 3.9455904e-31
8467005 7.2218523e+16 7.8057435e+09 7.2445136e+08 1e-23 4.9392741e-22 3.9565815e-31
8476257 7.2290741e+16 7.8041799e+09 7.2522603e+08 1e-23 4.9249414e-22 3.9676002e-31
8485520.1 7.2363032e+16 7.8026145e+09 7.2600155e+08 1e-23 4.9106509e-22 3.9786466e-31
8494794.3 7.2435395e+16 7.8010473e+09 7.2677792e+08 1e-23 4.8964023e-22 3.9897208e-31
8504079.6 7.250783e+16 7.7994783e+09 7.2755513e+08 1e-23 4.8821957e-22 4.0008228e-31
8513376.1 7.2580338e+16 7.7979076e+09 7.2833318e+08 1e-23 4.8680309e-22 4.0119528e-31
8522683.8 7.2652918e+16 7.7963351e+09 7.2911209e+08 1e-23 4.8539078e-22 4.0231107e-31
8532002.6 7.2725571e+16 7.7947608e+09 7.2989183e+08 1e-23 4.8398262e-22 4.0342968e-31
8541332.7 7.2798297e+16 7.7931847e+09 7.3067242e+08 1e-23 4.825786e-22 4.0455109e-31
8550674 7.2871095e+16 7.7916068e+09 7.3145386e+08 1e-23 4.8117872e-22 4.0567533e-31
8560026.5 7.2943966e+16 7.7900272e+09 7.3223615e+08 1e-23 4.7978295e-22 4.0680239e-31
8569390.2 7.301691e+16 7.7884457e+09 7.3301928e+08 1e-23 4.7839129e-22 4.0793229e-31
8578765.3 7.3089927e+16 7.7868625e+09 7.3380326e+08 1e-23 4.7700372e-22 4.0906504e-31
8588151.6 7.3163017e+16 7.7852775e+09 7.3458808e+08 1e-23 4.7562023e-22 4.1020063e-31
8597549.2 7.323618e+16 7.7836907e+09 7.3537375e+08 1e-23 4.7424081e-22 4.1133908e-31
8606958.1 7.3309416e+16 7.7821021e+09 7.3616026e+08 1e-23 4.7286545e-22 4.1248039e-31
8616378.4 7.3382726e+16 7.7805118e+09 7.3694763e+08 1e-23 4.7149413e-22 4.1362457e-31
8625810 7.3456108e+16 7.7789196e+09 7.3773584e+08 1e-23 4.7012685e-22 4.1477163e-31
8635253 7.3529565e+16 7.7773256e+09 7.3852489e+08 1e-23 4.6876359e-22 4.1592158e-31
8644707.3 7.3603094e+16 7.7757299e+09 7.393148e+08 1e-23 4.6740434e-22 4.1707442e-31
8654173.1 7.3676697e+16 7.7741323e+09 7.4010555e+08 1e-23 4.6604908e-22 4.1823016e-31
8663650.2 7.3750374e+16 7.7725329e+09 7.4089714e+08 1e-23 4.6469781e-22 4.193888e-31
8673138.8 7.3824124e+16 7.7709318e+09 7.4168959e+08 1e-23 4.6335052e-22 4.2055036e-31
8682638.8 7.3897948e+16 7.7693288e+09 7.4248288e+08 1e-23 4.6200719e-22 4.2171485e-31
8692150.3 7.3971846e+16 7.767724e+09 7.4327702e+08 1e-23 4.606678e-22 4.2288226e-31
8701673.3 7.4045818e+16 7.7661175e+09 7.4407201e+08 1e-23 4.5933236e-22 4.2405261e-31
8711207.8 7.4119864e+16 7.7645091e+09 7.4486784e+08 1e-23 4.5800084e-22 4.2522591e-31
8720753.8 7.4193984e+16 7.7628989e+09 7.4566452e+08 1e-23 4.5667324e-22 4.2640216e-31
8730311.3 7.4268178e+16 7.7612869e+09 7.4646205e+08 1e-23 4.5534955e-22 4.2758136e-31
8739880.3 7.4342446e+16 7.7596731e+09 7.4726043e+08 1e-23 4.5402974e-22 4.2876354e-31
8749460.9 7.4416788e+16 7.7580575e+09 7.4805965e+08 1e-23 4.5271382e-22 4.2994868e-31
8759053.1 7.4491205e+16 7.7564401e+09 7.4885973e+08 1e-23 4.5140176e-22 4.3113681e-31
8768656.9 7.4565696e+16 7.7548208e+09 7.4966065e+08 1e-23 4.5009357e-22 4.3232793e-31
8778272.3 7.4640262e+16 7.7531998e+09 7.5046242e+08 1e-23 4.4878922e-22 4.3352205e-31
8787899.4 7.4714902e+16 7.7515769e+09 7.5126503e+08 1e-23 4.474887e-22 4.3471917e-31
8797538 7.4789617e+16 7.7499522e+09 7.520685e+08 1e-23 4.4619201e-22 4.359193e-31
8807188.4 7.4864407e+16 7.7483257e+09 7.5287281e+08 1e-23 4.4489913e-22 4.3712246e-31
8816850.4 7.4939271e+16 7.7466974e+09 7.5367797e+08 1e-23 4.4361005e-22 4.3832864e-31
8826524.1 7.5014211e+16 7.7450672e+09 7.5448399e+08 1e-23 4.4232476e-22 4.3953785e-31
8836209.5 7.5089225e+16 7.7434353e+09 7.5529084e+08 1e-23 4.4104326e-22 4.4075011e-31
8845906.6 7.5164314e+16 7.7418015e+09 7.5609855e+08 1e-23 4.3976551e-22 4.4196542e-31
8855615.5 7.5239478e+16 7.7401658e+09 7.5690711e+08 1e-23 4.3849153e-22 4.4318379e-31
8865336.2 7.5314718e+16 7.7385284e+09 7.5771651e+08 1e-23 4.3722129e-22 4.4440522e-31
8875068.6 7.5390033e+16 7.7368891e+09 7.5852676e+08 1e-23 4.3595478e-22 4.4562973e-31
8884812.8 7.5465423e+16 7.735248e+09 7.5933787e+08 1e-23 4.34692e-22 4.4685732e-31
8894568.9 7.5540888e+16 7.7336051e+09 7.6014982e+08 1e-23 4.3343293e-22 4.48088e-31
8904336.8 7.5616429e+16 7.7319603e+09 7.6096261e+08 1e-23 4.3217756e-22 4.4932177e-31
8914116.5 7.5692045e+16 7.7303137e+09 7.6177626e+08 1e-23 4.3092588e-22 4.5055865e-31
8923908.1 7.5767737e+16 7.7286653e+09 7.6259076e+08 1e-23 4.2967787e-22 4.5179864e-31
8933711.5 7.5843505e+16 7.727015e+09 7.634061e+08 1e-23 4.2843354e-22 4.5304176e-31
8943526.9 7.5919349e+16 7.7253629e+09 7.642223e+08 1e-23 4.2719287e-22 4.54288e-31
8953354.2 7.5995268e+16 7.7237089e+09 7.6503934e+08 1e-23 4.2595584e-22 4.5553738e-31
8963193.4 7.6071263e+16 7.7220531e+09 7.6585723e+08 1e-23 4.2472244e-22 4.567899e-31
8973044.6 7.6147334e+16 7.7203955e+09 7.6667597e+08 1e-23 4.2349268e-22 4.5804558e-31
8982907.7 7.6223482e+16 7.718736e+09 7.6749556e+08 1e-23 4.2226652e-22 4.5930442e-31
8992782.9 7.6299705e+16 7.7170747e+09 7.68316e+08 1e-23 4.2104397e-22 4.6056642e-31
9002670 7.6376005e+16 7.7154115e+09 7.6913729e+08 1e-23 4.1982502e-22 4.6183161e-31
9012569.1 7.6452381e+16 7.7137465e+09 7.6995942e+08 1e-23 4.1860964e-22 4.6309997e-31
9022480.3 7.6528833e+16 7.7120797e+09 7.7078241e+08 1e-23 4.1739784e-22 4.6437153e-31
9032403.6 7.6605362e+16 7.710411e+09 7.7160624e+08 1e-23 4.161896e-22 4.6564629e-31
9042338.9 7.6681968e+16 7.7087404e+09 7.7243093e+08 1e-23 4.1498491e-22 4.6692426e-31
9052286.3 7.675865e+16 7.707068e+09 7.7325646e+08 1e-23 4.1378375e-22 4.6820545e-31
9062245.8 7.6835408e+16 7.7053937e+09 7.7408284e+08 1e-23 4.1258613e-22 4.6948986e-31
9072217.4 7.6912244e+16 7.7037176e+09 7.7491007e+08 1e-23 4.1139203e-22 4.707775e-31
9082201.2 7.6989156e+16 7.7020397e+09 7.7573815e+08 1e-23 4.1020144e-22 4.7206839e-31
9092197.2 7.7066145e+16 7.7003598e+09 7.7656708e+08 1e-23 4.0901434e-22 4.7336252e-31
9102205.3 7.7143211e+16 7.6986781e+09 7.7739685e+08 1e-23 4.0783074e-22 4.7465991e-31
9112225.6 7.7220354e+16 7.6969946e+09 7.7822748e+08 1e-23 4.0665061e-22 4.7596057e-31
9122258.1 7.7297575e+16 7.6953092e+09 7.7905895e+08 1e-23 4.0547394e-22 4.7726451e-31
9132302.9 7.7374872e+16 7.6936219e+09 7.7989127e+08 1e-23 4.0430074e-22 4.7857172e-31
9142359.9 7.7452247e+16 7.6919328e+09 7.8072445e+08 1e-23 4.0313098e-22 4.7988223e-31
9152429.2 7.7529699e+16 7.6902418e+09 7.8155847e+08 1e-23 4.0196466e-22 4.8119604e-31
9162510.8 7.7607229e+16 7.6885489e+09 7.8239334e+08 1e-23 4.0080177e-22 4.8251315e-31
9172604.6 7.7684836e+16 7.6868542e+09 7.8322905e+08 1e-23 3.9964229e-22 4.8383358e-31
9182710.8 7.7762521e+16 7.6851576e+09 7.8406562e+08 1e-23 3.9848622e-22 4.8515734e-31
9192829.4 7.7840284e+16 7.6834591e+09 7.8490304e+08 1e-23 3.9733354e-22 4.8648443e-31
9202960.3 7.7918124e+16 7.6817588e+09 7.857413e+08 1e-23 3.9618425e-22 4.8781486e-31
9213103.5 7.7996042e+16 7.6800566e+09 7.8658041e+08 1e-23 3.9503834e-22 4.8914864e-31
9223259.2 7.8074038e+16 7.6783525e+09 7.8742037e+08 1e-23 3.9389579e-22 4.9048578e-31
9233427.3 7.8152112e+16 7.6766466e+09 7.8826118e+08 1e-23 3.927566e-22 4.9182628e-31
9243607.8 7.8230264e+16 7.6749387e+09 7.8910284e+08 1e-23 3.9162076e-22 4.9317016e-31
9253800.7 7.8308495e+16 7.673229e+09 7.8994535e+08 1e-23 3.9048825e-22 4.9451743e-31
9264006.1 7.8386803e+16 7.6715174e+09 7.907887e+08 1e-23 3.8935907e-22 4.9586808e-31
9274224 7.846519e+16 7.669804e+09 7.916329e+08 1e-23 3.882332e-22 4.9722214e-31
9284454.4 7.8543655e+16 7.6680886e+09 7.9247795e+08 1e-23 3.8711064e-22 4.9857961e-31
9294697.4 7.8622199e+16 7.6663714e+09 7.9332385e+08 1e-23 3.8599138e-22 4.999405e-31
9304952.8 7.8700821e+16 7.6646523e+09 7.941706e+08 1e-23 3.8487541e-22 5.0130481e-31
9315220.8 7.8779522e+16 7.6629313e+09 7.9501819e+08 1e-23 3.8376271e-22 5.0267256e-31
9325501.4 7.8858301e+16 7.6612084e+09 7.9586664e+08 1e-23 3.8265328e-22 5.0404375e-31
9335794.6 7.893716e+16 7.6594836e+09 7.9671593e+08 1e-23 3.8154711e-22 5.054184e-31
9346100.4 7.9016097e+16 7.657757e+09 7.9756607e+08 1e-23 3.8044419e-22 5.0679651e-31
9356418.9 7.9095113e+16 7.6560284e+09 7.9841705e+08 1e-23 3.7934451e-22 5.0817809e-31
9366750 7.9174208e+16 7.654298e+09 7.9926888e+08 1e-23 3.7824806e-22 5.0956315e-31
9377093.7 7.9253382e+16 7.6525657e+09 8.0012157e+08 1e-23 3.7715482e-22 5.109517e-31
9387450.2 7.9332636e+16 7.6508315e+09 8.0097509e+08 1e-23 3.760648e-22 5.1234374e-31
9397819.3 7.9411968e+16 7.6490953e+09 8.0182947e+08 1e-23 3.7497798e-22 5.137393e-31
9408201.2 7.949138e+16 7.6473573e+09 8.0268469e+08 1e-23 3.7389435e-22 5.1513836e-31
9418595.8 7.9570871e+16 7.6456174e+09 8.0354076e+08 1e-23 3.728139e-22 5.1654095e-31
9429003.2 7.9650442e+16 7.6438756e+09 8.0439768e+08 1e-23 3.7173662e-22 5.1794708e-31
9439423.4 7.9730093e+16 7.6421319e+09 8.0525544e+08 1e-23 3.7066251e-22 5.1935674e-31
9449856.3 7.9809823e+16 7.6403863e+09 8.0611405e+08 1e-23 3.6959155e-22 5.2076996e-31
9460302.1 7.9889633e+16 7.6386388e+09 8.0697351e+08 1e-23 3.6852374e-22 5.2218673e-31
9470760.7 7.9969522e+16 7.6368894e+09 8.0783382e+08 1e-23 3.6745906e-22 5.2360708e-31
9481232.2 8.0049492e+16 7.6351381e+09 8.0869497e+08 1e-23 3.663975e-22 5.25031e-31
9491716.6 8.0129541e+16 7.6333848e+09 8.0955696e+08 1e-23 3.6533907e-22 5.2645851e-31
9502213.8 8.0209671e+16 7.6316297e+09 8.1041981e+08 1e-23 3.6428374e-22 5.2788962e-31
9512724 8.0289881e+16 7.6298727e+09 8.1128349e+08 1e-23 3.632315e-22 5.2932433e-31
9523247.1 8.037017e+16 7.6281137e+09 8.1214803e+08 1e-23 3.6218236e-22 5.3076265e-31
9533783.1 8.0450541e+16 7.6263529e+09 8.1301341e+08 1e-23 3.611363e-22 5.322046e-31
9544332.1 8.0530991e+16 7.6245901e+09 8.1387964e+08 1e-23 3.6009331e-22 5.3365018e-31
9554894.2 8.0611522e+16 7.6228254e+09 8.1474671e+08 1e-23 3.5905338e-22 5.3509941e-31
9565469.2 8.0692134e+16 7.6210589e+09 8.1561463e+08 1e-23 3.580165e-22 5.3655228e-31
9576057.2 8.0772826e+16 7.6192904e+09 8.1648339e+08 1e-23 3.5698267e-22 5.3800882e-31
9586658.3 8.0853599e+16 7.6175199e+09 8.17353e+08 1e-23 3.5595187e-22 5.3946902e-31
9597272.5 8.0934452e+16 7.6157476e+09 8.1822345e+08 1e-23 3.5492409e-22 5.4093291e-31
9607899.7 8.1015387e+16 7.6139733e+09 8.1909475e+08 1e-23 3.5389934e-22 5.4240048e-31
9618540.1 8.1096402e+16 7.6121972e+09 8.1996689e+08 1e-23 3.5287759e-22 5.4387175e-31
9629193.6 8.1177498e+16 7.6104191e+09 8.2083988e+08 1e-23 3.5185884e-22 5.4534673e-31
9639860.2 8.1258676e+16 7.608639e+09 8.2171371e+08 1e-23 3.5084307e-22 5.4682542e-31
9650540 8.1339935e+16 7.6068571e+09 8.2258839e+08 1e-23 3.498303e-22 5.4830784e-31
9661233 8.1421275e+16 7.6050732e+09 8.2346391e+08 1e-23 3.4882049e-22 5.49794e-31
9671939.1 8.1502696e+16 7.6032874e+09 8.2434027e+08 1e-23 3.4781365e-22 5.512839e-31
9682658.5 8.1584199e+16 7.6014997e+09 8.2521748e+08 1e-23 3.4680976e-22 5.5277755e-31
9693391.2 8.1665783e+16 7.5997101e+09 8.2609553e+08 1e-23 3.4580881e-22 5.5427497e-31
9704137.1 8.1747449e+16 7.5979185e+09 8.2697442e+08 1e-23 3.4481081e-22 5.5577616e-31
9714896.3 8.1829196e+16 7.596125e+09 8.2785416e+08 1e-23 3.4381573e-22 5.5728114e-31
9725668.8 8.1911025e+16 7.5943295e+09 8.2873474e+08 1e-23 3.4282358e-22 5.5878991e-31
9736454.6 8.1992936e+16 7.5925322e+09 8.2961617e+08 1e-23 3.4183433e-22 5.6030248e-31
9747253.7 8.2074929e+16 7.5907329e+09 8.3049843e+08 1e-23 3.4084799e-22 5.6181886e-31
9758066.3 8.2157004e+16 7.5889316e+09 8.3138154e+08 1e-23 3.3986454e-22 5.6333907e-31
9768892.2 8.2239161e+16 7.5871285e+09 8.3226549e+08 1e-23 3.3888398e-22 5.648631e-31
9779731.5 8.23214e+16 7.5853233e+09 8.3315029e+08 1e-23 3.3790629e-22 5.6639098e-31
9790584.2 8.2403722e+16 7.5835163e+09 8.3403592e+08 1e-23 3.3693147e-22 5.6792271e-31
9801450.3 8.2486125e+16 7.5817073e+09 8.349224e+08 1e-23 3.3595952e-22 5.694583e-31
9812330 8.2568611e+16 7.5798964e+09 8.3580972e+08 1e-23 3.3499041e-22 5.7099775e-31
9823223.1 8.265118e+16 7.5780835e+09 8.3669788e+08 1e-23 3.3402415e-22 5.7254109e-31
9834129.7 8.2733831e+16 7.5762687e+09 8.3758688e+08 1e-23 3.3306072e-22 5.7408832e-31
9845049.8 8.2816565e+16 7.5744519e+09 8.3847672e+08 1e-23 3.3210012e-22 5.7563945e-31
9855983.5 8.2899382e+16 7.5726332e+09 8.393674e+08 1e-23 3.3114234e-22 5.7719449e-31
9866930.7 8.2982281e+16 7.5708126e+09 8.4025892e+08 1e-23 3.3018736e-22 5.7875345e-31
9877891.5 8.3065263e+16 7.56899e+09 8.4115128e+08 1e-23 3.2923519e-22 5.8031634e-31
9888865.9 8.3148329e+16 7.5671654e+09 8.4204449e+08 1e-23 3.2828581e-22 5.8188317e-31
9899854 8.3231477e+16 7.5653389e+09 8.4293853e+08 1e-23 3.2733922e-22 5.8345395e-31
9910855.7 8.3314708e+16 7.5635105e+09 8.4383341e+08 1e-23 3.263954e-22 5.8502868e-31
9921871 8.3398023e+16 7.5616801e+09 8.4472913e+08 1e-23 3.2545435e-22 5.8660739e-31
9932900.1 8.3481421e+16 7.5598477e+09 8.4562569e+08 1e-23 3.2451607e-22 5.8819008e-31
9943942.8 8.3564903e+16 7.5580134e+09 8.4652309e+08 1e-23 3.2358053e-22 5.8977676e-31
9954999.3 8.3648467e+16 7.5561772e+09 8.4742133e+08 1e-23 3.2264774e-22 5.9136744e-31
9966069.5 8.3732116e+16 7.5543389e+09 8.483204e+08 1e-23 3.2171768e-22 5.9296213e-31
9977153.4 8.3815848e+16 7.5524988e+09 8.4922032e+08 1e-23 3.2079035e-22 5.9456084e-31
9988251.2 8.3899664e+16 7.5506566e+09 8.5012107e+08 1e-23 3.1986574e-22 5.9616358e-31
9999362.8 8.3983564e+16 7.5488125e+09 8.5102266e+08 1e-23 3.1894384e-22 5.9777036e-31
10010488 8.4067547e+16 7.5469665e+09 8.5192508e+08 1e-23 3.1802465e-22 5.9938119e-31
10021627 8.4151615e+16 7.5451184e+09 8.5282835e+08 1e-23 3.1710815e-22 6.0099609e-31
10032781 8.4235766e+16 7.5432685e+09 8.5373245e+08 1e-23 3.1619434e-22 6.0261505e-31
10043948 8.4320002e+16 7.5414165e+09 8.5463738e+08 1e-23 3.1528321e-22 6.042381e-31
10055128 8.4404322e+16 7.5395626e+09 8.5554316e+08 1e-23 3.1437475e-22 6.0586524e-31
10066323 8.4488726e+16 7.5377067e+09 8.5644977e+08 1e-23 3.1346895e-22 6.0749649e-31
10077532 8.4573215e+16 7.5358489e+09 8.5735721e+08 1e-23 3.1256581e-22 6.0913185e-31
10088755 8.4657788e+16 7.5339891e+09 8.5826549e+08 1e-23 3.1166532e-22 6.1077133e-31
10099992 8.4742446e+16 7.5321273e+09 8.591746e+08 1e-23 3.1076747e-22 6.1241494e-31
10111243 8.4827189e+16 7.5302635e+09 8.6008455e+08 1e-23 3.0987225e-22 6.140627e-31
10122507 8.4912016e+16 7.5283978e+09 8.6099534e+08 1e-23 3.0897965e-22 6.1571462e-31
10133786 8.4996928e+16 7.5265301e+09 8.6190695e+08 1e-23 3.0808968e-22 6.173707e-31
10145079 8.5081925e+16 7.5246604e+09 8.6281941e+08 1e-23 3.0720231e-22 6.1903096e-31
10156386 8.5167007e+16 7.5227888e+09 8.6373269e+08 1e-23 3.0631754e-22 6.2069541e-31
10167708 8.5252174e+16 7.5209151e+09 8.6464681e+08 1e-23 3.0543537e-22 6.2236405e-31
10179043 8.5337426e+16 7.5190395e+09 8.6556176e+08 1e-23 3.0455578e-22 6.2403691e-31
10190392 8.5422763e+16 7.517162e+09 8.6647755e+08 1e-23 3.0367877e-22 6.2571398e-31
10201756 8.5508186e+16 7.5152824e+09 8.6739416e+08 1e-23 3.0280434e-22 6.2739528e-31
10213134 8.5593694e+16 7.5134009e+09 8.6831161e+08 1e-23 3.0193246e-22 6.2908083e-31
10224526 8.5679288e+16 7.5115173e+09 8.6922989e+08 1e-23 3.0106315e-22 6.3077062e-31
10235933 8.5764967e+16 7.5096318e+09 8.70149e+08 1e-23 3.0019638e-22 6.3246468e-31
10247353 8.5850732e+16 7.5077443e+09 8.7106895e+08 1e-23 2.9933215e-22 6.3416301e-31
10258788 8.5936583e+16 7.5058549e+09 8.7198972e+08 1e-23 2.9847045e-22 6.3586562e-31
10270237 8.6022519e+16 7.5039634e+09 8.7291132e+08 1e-23 2.9761128e-22 6.3757253e-31
10281701 8.6108542e+16 7.5020699e+09 8.7383376e+08 1e-23 2.9675463e-22 6.3928375e-31
10293179 8.619465e+16 7.5001745e+09 8.7475702e+08 1e-23 2.9590048e-22 6.4099928e-31
10304671 8.6280845e+16 7.4982771e+09 8.7568111e+08 1e-23 2.9504885e-22 6.4271914e-31
10316178 8.6367126e+16 7.4963777e+09 8.7660604e+08 1e-23 2.941997e-22 6.4444334e-31
10327699 8.6453493e+16 7.4944763e+09 8.7753179e+08 1e-23 2.9335305e-22 6.4617189e-31
10339235 8.6539947e+16 7.4925729e+09 8.7845836e+08 1e-23 2.9250888e-22 6.479048e-31
10350785 8.6626487e+16 7.4906675e+09 8.7938577e+08 1e-23 2.9166718e-22 6.4964208e-31
10362350 8.6713113e+16 7.4887601e+09 8.8031401e+08 1e-23 2.9082794e-22 6.5138374e-31
10373929 8.6799826e+16 7.4868507e+09 8.8124307e+08 1e-23 2.8999117e-22 6.531298e-31
10385522 8.6886626e+16 7.4849393e+09 8.8217296e+08 1e-23 2.8915685e-22 6.5488027e-31
10397131 8.6973513e+16 7.483026e+09 8.8310367e+08 1e-23 2.8832497e-22 6.5663515e-31
10408753 8.7060486e+16 7.4811106e+09 8.8403521e+08 1e-23 2.8749553e-22 6.5839446e-31
10420391 8.7147547e+16 7.4791932e+09 8.8496758e+08 1e-23 2.8666853e-22 6.601582e-31
10432043 8.7234694e+16 7.4772738e+09 8.8590077e+08 1e-23 2.8584394e-22 6.619264e-31
10443709 8.7321929e+16 7.4753525e+09 8.8683479e+08 1e-23 2.8502177e-22 6.6369906e-31
10455391 8.7409251e+16 7.4734291e+09 8.8776963e+08 1e-23 2.8420201e-22 6.654762e-31
10467087 8.749666e+16 7.4715037e+09 8.8870529e+08 1e-23 2.8338465e-22 6.6725781e-31
10478797 8.7584157e+16 7.4695763e+09 8.8964178e+08 1e-23 2.8256968e-22 6.6904393e-31
10490523 8.7671741e+16 7.4676469e+09 8.9057909e+08 1e-23 2.8175711e-22 6.7083455e-31
10502263 8.7759413e+16 7.4657155e+09 8.9151723e+08 1e-23 2.8094691e-22 6.7262969e-31
10514018 8.7847172e+16 7.4637821e+09 8.9245619e+08 1e-23 2.8013909e-22 6.7442936e-31
10525788 8.7935019e+16 7.4618467e+09 8.9339597e+08 1e-23 2.7933363e-22 6.7623357e-31
10537572 8.8022954e+16 7.4599093e+09 8.9433657e+08 1e-23 2.7853053e-22 6.7804234e-31
10549372 8.8110977e+16 7.4579699e+09 8.9527799e+08 1e-23 2.7772979e-22 6.7985567e-31
10561186 8.8199088e+16 7.4560284e+09 8.9622024e+08 1e-23 2.7693139e-22 6.8167358e-31
10573015 8.8287287e+16 7.454085e+09 8.971633e+08 1e-23 2.7613533e-22 6.8349607e-31
10584860 8.8375574e+16 7.4521395e+09 8.9810719e+08 1e-23 2.753416e-22 6.8532317e-31
10596719 8.846395e+16 7.450192e+09 8.9905189e+08 1e-23 2.7455019e-22 6.8715488e-31
10608593 8.8552414e+16 7.4482425e+09 8.9999741e+08 1e-23 2.737611e-22 6.8899121e-31
10620482 8.8640966e+16 7.446291e+09 9.0094376e+08 1e-23 2.7297433e-22 6.9083218e-31
10632386 8.8729607e+16 7.4443375e+09 9.0189092e+08 1e-23 2.7218986e-22 6.9267779e-31
10644305 8.8818337e+16 7.4423819e+09 9.0283889e+08 1e-23 2.7140768e-22 6.9452806e-31
10656239 8.8907155e+16 7.4404244e+09 9.0378769e+08 1e-23 2.706278e-22 6.9638301e-31
10668188 8.8996062e+16 7.4384648e+09 9.047373e+08 1e-23 2.698502e-22 6.9824263e-31
10680153 8.9085059e+16 7.4365032e+09 9.0568773e+08 1e-23 2.6907488e-22 7.0010695e-31
10692132 8.9174144e+16 7.4345395e+09 9.0663898e+08 1e-23 2.6830182e-22 7.0197598e-31
10704127 8.9263318e+16 7.4325739e+09 9.0759104e+08 1e-23 2.6753103e-22 7.0384972e-31
10716136 8.9352581e+16 7.4306062e+09 9.0854391e+08 1e-23 2.667625e-22 7.057282e-31
10728161 8.9441934e+16 7.4286365e+09 9.094976e+08 1e-23 2.6599622e-22 7.0761142e-31
10740201 8.9531376e+16 7.4266648e+09 9.1045211e+08 1e-23 2.6523218e-22 7.0949939e-31
10752257 8.9620907e+16 7.424691e+09 9.1140742e+08 1e-23 2.6447038e-22 7.1139213e-31
10764327 8.9710528e+16 7.4227152e+09 9.1236355e+08 1e-23 2.6371081e-22 7.1328965e-31
10776413 8.9800238e+16 7.4207374e+09 9.133205e+08 1e-23 2.6295347e-22 7.1519196e-31
10788515 8.9890039e+16 7.4187576e+09 9.1427825e+08 1e-23 2.6219834e-22 7.1709907e-31
10800631 8.9979929e+16 7.4167757e+09 9.1523682e+08 1e-23 2.6144542e-22 7.19011e-31
10812763 9.0069909e+16 7.4147918e+09 9.161962e+08 1e-23 2.606947e-22 7.2092775e-31
10824910 9.0159979e+16 7.4128058e+09 9.1715639e+08 1e-23 2.5994619e-22 7.2284935e-31
10837073 9.0250138e+16 7.4108179e+09 9.1811739e+08 1e-23 2.5919986e-22 7.247758e-31
10849251 9.0340389e+16 7.4088279e+09 9.190792e+08 1e-23 2.5845572e-22 7.2670711e-31
10861445 9.0430729e+16 7.4068358e+09 9.2004182e+08 1e-23 2.5771376e-22 7.286433e-31
10873654 9.052116e+16 7.4048417e+09 9.2100525e+08 1e-23 2.5697397e-22 7.3058438e-31
10885879 9.0611681e+16 7.4028456e+09 9.2196948e+08 1e-23 2.5623634e-22 7.3253036e-31
10898119 9.0702293e+16 7.4008475e+09 9.2293453e+08 1e-23 2.5550087e-22 7.3448126e-31
10910374 9.0792995e+16 7.3988473e+09 9.2390038e+08 1e-23 2.5476756e-22 7.3643708e-31
10922646 9.0883788e+16 7.3968451e+09 9.2486703e+08 1e-23 2.5403639e-22 7.3839784e-31
10934933 9.0974672e+16 7.3948408e+09 9.258345e+08 1e-23 2.5330736e-22 7.4036356e-31
10947235 9.1065646e+16 7.3928345e+09 9.2680276e+08 1e-23 2.5258047e-22 7.4233424e-31
10959553 9.1156712e+16 7.3908261e+09 9.2777184e+08 1e-23 2.518557e-22 7.4430989e-31
10971887 9.1247869e+16 7.3888157e+09 9.2874172e+08 1e-23 2.5113306e-22 7.4629054e-31
10984236 9.1339117e+16 7.3868033e+09 9.297124e+08 1e-23 2.5041253e-22 7.4827619e-31
10996601 9.1430456e+16 7.3847888e+09 9.3068388e+08 1e-23 2.496941e-22 7.5026686e-31
11008982 9.1521886e+16 7.3827723e+09 9.3165617e+08 1e-23 2.4897778e-22 7.5226255e-31
11021379 9.1613408e+16 7.3807537e+09 9.3262926e+08 1e-23 2.4826356e-22 7.5426329e-31
11033792 9.1705021e+16 7.378733e+09 9.3360315e+08 1e-23 2.4755142e-22 7.5626907e-31
11046220 9.1796726e+16 7.3767104e+09 9.3457784e+08 1e-23 2.4684137e-22 7.5827993e-31
11058664 9.1888523e+16 7.3746856e+09 9.3555334e+08 1e-23 2.461334e-22 7.6029587e-31
11071124 9.1980412e+16 7.3726589e+09 9.3652963e+08 1e-23 2.454275e-22 7.6231689e-31
11083600 9.2072392e+16 7.37063e+09 9.3750672e+08 1e-23 2.4472366e-22 7.6434303e-31
11096092 9.2164465e+16 7.3685992e+09 9.3848462e+08 1e-23 2.4402189e-22 7.6637428e-31
11108599 9.2256629e+16 7.3665662e+09 9.3946331e+08 1e-23 2.4332216e-22 7.6841067e-31
11121123 9.2348886e+16 7.3645312e+09 9.4044279e+08 1e-23 2.4262448e-22 7.704522e-31
11133663 9.2441234e+16 7.3624942e+09 9.4142308e+08 1e-23 2.4192885e-22 7.7249888e-31
11146218 9.2533676e+16 7.3604551e+09 9.4240416e+08 1e-23 2.4123525e-22 7.7455074e-31
11158790 9.2626209e+16 7.3584139e+09 9.4338603e+08 1e-23 2.4054367e-22 7.7660779e-31
11171378 9.2718836e+16 7.3563707e+09 9.4436871e+08 1e-23 2.3985413e-22 7.7867003e-31
11183982 9.2811554e+16 7.3543255e+09 9.4535217e+08 1e-23 2.3916659e-22 7.8073748e-31
11196602 9.2904366e+16 7.3522781e+09 9.4633643e+08 1e-23 2.3848107e-22 7.8281016e-31
11209238 9.299727e+16 7.3502287e+09 9.4732149e+08 1e-23 2.3779756e-22 7.8488807e-31
11221890 9.3090268e+16 7.3481773e+09 9.4830733e+08 1e-23 2.3711604e-22 7.8697123e-31
11234559 9.3183358e+16 7.3461238e+09 9.4929397e+08 1e-23 2.3643652e-22 7.8905966e-31
11247243 9.3276541e+16 7.3440682e+09 9.502814e+08 1e-23 2.3575898e-22 7.9115337e-31
11259944 9.3369818e+16 7.3420106e+09 9.5126962e+08 1e-23 2.3508342e-22 7.9325236e-31
11272662 9.3463188e+16 7.3399509e+09 9.5225863e+08 1e-23 2.3440985e-22 7.9535667e-31
11285395 9.3556651e+16 7.3378891e+09 9.5324843e+08 1e-23 2.3373824e-22 7.9746629e-31
11298145 9.3650207e+16 7.3358253e+09 9.5423902e+08 1e-23 2.3306859e-22 7.9958124e-31
11310911 9.3743858e+16 7.3337594e+09 9.552304e+08 1e-23 2.324009e-22 8.0170153e-31
11323694 9.3837602e+16 7.3316914e+09 9.5622257e+08 1e-23 2.3173517e-22 8.0382719e-31
11336492 9.3931439e+16 7.3296214e+09 9.5721552e+08 1e-23 2.3107138e-22 8.0595822e-31
11349308 9.4025371e+16 7.3275493e+09 9.5820926e+08 1e-23 2.3040953e-22 8.0809463e-31
11362139 9.4119396e+16 7.3254751e+09 9.5920378e+08 1e-23 2.2974962e-22 8.1023645e-31
11374988 9.4213515e+16 7.3233989e+09 9.6019909e+08 1e-23 2.2909164e-22 8.1238368e-31
11387852 9.4307729e+16 7.3213206e+09 9.6119519e+08 1e-23 2.2843558e-22 8.1453633e-31
11400734 9.4402037e+16 7.3192402e+09 9.6219206e+08 1e-23 2.2778144e-22 8.1669443e-31
11413631 9.4496439e+16 7.3171578e+09 9.6318972e+08 1e-23 2.2712921e-22 8.1885798e-31
11426546 9.4590935e+16 7.3150732e+09 9.6418817e+08 1e-23 2.2647889e-22 8.21027e-31
11439477 9.4685526e+16 7.3129866e+09 9.6518739e+08 1e-23 2.2583047e-22 8.2320151e-31
11452424 9.4780212e+16 7.310898e+09 9.661874e+08 1e-23 2.2518395e-22 8.2538151e-31
11465389 9.4874992e+16 7.3088072e+09 9.6718818e+08 1e-23 2.2453931e-22 8.2756702e-31
11478370 9.4969867e+16 7.3067144e+09 9.6818975e+08 1e-23 2.2389656e-22 8.2975806e-31
11491367 9.5064837e+16 7.3046195e+09 9.6919209e+08 1e-23 2.2325569e-22 8.3195464e-31
11504382 9.5159901e+16 7.3025225e+09 9.7019521e+08 1e-23 2.2261669e-22 8.3415677e-31
11517413 9.5255061e+16 7.3004234e+09 9.7119911e+08 1e-23 2.2197956e-22 8.3636447e-31
11530460 9.5350316e+16 7.2983223e+09 9.7220379e+08 1e-23 2.2134429e-22 8.3857776e-31
11543525 9.5445667e+16 7.2962191e+09 9.7320924e+08 1e-23 2.2071088e-22 8.4079663e-31
11556607 9.5541112e+16 7.2941138e+09 9.7421547e+08 1e-23 2.2007932e-22 8.4302112e-31
11569705 9.5636653e+16 7.2920064e+09 9.7522247e+08 1e-23 2.1944961e-22 8.4525123e-31
11582820 9.573229e+16 7.2898969e+09 9.7623024e+08 1e-23 2.1882173e-22 8.4748699e-31
11595953 9.5828022e+16 7.2877854e+09 9.7723879e+08 1e-23 2.1819569e-22 8.4972839e-31
11609102 9.592385e+16 7.2856717e+09 9.7824811e+08 1e-23 2.1757148e-22 8.5197547e-31
11622268 9.6019774e+16 7.283556e+09 9.7925821e+08 1e-23 2.169491e-22 8.5422822e-31
11635451 9.6115794e+16 7.2814382e+09 9.8026907e+08 1e-23 2.1632853e-22 8.5648668e-31
11648651 9.621191e+16 7.2793183e+09 9.812807e+08 1e-23 2.1570978e-22 8.5875084e-31
11661868 9.6308122e+16 7.2771963e+09 9.8229311e+08 1e-23 2.1509283e-22 8.6102073e-31
11675102 9.640443e+16 7.2750723e+09 9.8330628e+08 1e-23 2.1447769e-22 8.6329636e-31
11688354 9.6500834e+16 7.2729461e+09 9.8432021e+08 1e-23 2.1386434e-22 8.6557775e-31
11701622 9.6597335e+16 7.2708179e+09 9.8533492e+08 1e-23 2.1325279e-22 8.6786491e-31
11714908 9.6693932e+16 7.2686876e+09 9.8635039e+08 1e-23 2.1264302e-22 8.7015785e-31
11728211 9.6790626e+16 7.2665551e+09 9.8736663e+08 1e-23 2.1203504e-22 8.7245659e-31
11741531 9.6887417e+16 7.2644206e+09 9.8838363e+08 1e-23 2.1142883e-22 8.7476114e-31
11754868 9.6984304e+16 7.262284e+09 9.894014e+08 1e-23 2.1082439e-22 8.7707153e-31
11768222 9.7081289e+16 7.2601453e+09 9.9041993e+08 1e-23 2.1022172e-22 8.7938776e-31
11781594 9.717837e+16 7.2580045e+09 9.9143922e+08 1e-23 2.096208e-22 8.8170985e-31
11794983 9.7275548e+16 7.2558617e+09 9.9245927e+08 1e-23 2.0902165e-22 8.8403781e-31
11808390 9.7372824e+16 7.2537167e+09 9.9348008e+08 1e-23 2.0842424e-22 8.8637166e-31
11821814 9.7470197e+16 7.2515696e+09 9.9450166e+08 1e-23 2.0782858e-22 8.8871141e-31
11835255 9.7567667e+16 7.2494205e+09 9.9552399e+08 1e-23 2.0723466e-22 8.9105709e-31
11848714 9.7665235e+16 7.2472692e+09 9.9654708e+08 1e-23 2.0664247e-22 8.934087e-31
11862190 9.77629e+16 7.2451158e+09 9.9757093e+08 1e-23 2.0605201e-22 8.9576626e-31
11875683 9.7860663e+16 7.2429604e+09 9.9859553e+08 1e-23 2.0546328e-22 8.9812978e-31
11889195 9.7958523e+16 7.2408028e+09 9.9962089e+08 1e-23 2.0487626e-22 9.0049928e-31
11902723 9.8056482e+16 7.2386432e+09 1.000647e+09 1e-23 2.0429096e-22 9.0287478e-31
11916269 9.8154538e+16 7.2364814e+09 1.0016739e+09 1e-23 2.0370737e-22 9.0525629e-31
11929833 9.8252693e+16 7.2343176e+09 1.0027015e+09 1e-23 2.0312549e-22 9.0764382e-31
11943415 9.8350946e+16 7.2321516e+09 1.0037299e+09 1e-23 2.025453e-22 9.1003739e-31
11957014 9.8449297e+16 7.2299835e+09 1.004759e+09 1e-23 2.0196681e-22 9.1243703e-31
11970631 9.8547746e+16 7.2278134e+09 1.0057889e+09 1e-23 2.0139e-22 9.1484273e-31
11984265 9.8646294e+16 7.2256411e+09 1.0068195e+09 1e-23 2.0081488e-22 9.1725452e-31
11997917 9.874494e+16 7.2234668e+09 1.0078509e+09 1e-23 2.0024144e-22 9.1967242e-31
12011587 9.8843685e+16 7.2212903e+09 1.008883e+09 1e-23 1.9966968e-22 9.2209643e-31
12025275 9.8942529e+16 7.2191117e+09 1.0099159e+09 1e-23 1.9909958e-22 9.2452658e-31
12038981 9.9041471e+16 7.216931e+09 1.0109495e+09 1e-23 1.9853115e-22 9.2696288e-31
12052704 9.9140513e+16 7.2147482e+09 1.0119839e+09 1e-23 1.9796438e-22 9.2940534e-31
12066446 9.9239653e+16 7.2125634e+09 1.013019e+09 1e-23 1.9739926e-22 9.3185399e-31
12080205 9.9338893e+16 7.2103764e+09 1.0140548e+09 1e-23 1.9683579e-22 9.3430883e-31
12093982 9.9438232e+16 7.2081872e+09 1.0150914e+09 1e-23 1.9627396e-22 9.3676988e-31
12107777 9.953767e+16 7.205996e+09 1.0161288e+09 1e-23 1.9571378e-22 9.3923717e-31
12121591 9.9637208e+16 7.2038027e+09 1.0171668e+09 1e-23 1.9515523e-22 9.417107e-31
12135422 9.9736845e+16 7.2016073e+09 1.0182057e+09 1e-23 1.9459831e-22 9.4419049e-31
12149271 9.9836582e+16 7.1994097e+09 1.0192452e+09 1e-23 1.9404302e-22 9.4667656e-31
12163138 9.9936418e+16 7.1972101e+09 1.0202855e+09 1e-23 1.9348935e-22 9.4916892e-31
12177024 1.0003635e+17 7.1950083e+09 1.0213265e+09 1e-23 1.9293729e-22 9.5166759e-31
12190927 1.0013639e+17 7.1928044e+09 1.0223683e+09 1e-23 1.9238685e-22 9.5417259e-31
12204849 1.0023653e+17 7.1905985e+09 1.0234108e+09 1e-23 1.9183801e-22 9.5668393e-31
12218789 1.0033676e+17 7.1883904e+09 1.0244541e+09 1e-23 1.9129077e-22 9.5920162e-31
12232747 1.004371e+17 7.1861801e+09 1.025498e+09 1e-23 1.9074513e-22 9.6172569e-31
12246724 1.0053754e+17 7.1839678e+09 1.0265427e+09 1e-23 1.9020108e-22 9.6425615e-31
12260718 1.0063808e+17 7.1817534e+09 1.0275882e+09 1e-23 1.8965862e-22 9.6679302e-31
12274731 1.0073871e+17 7.1795368e+09 1.0286343e+09 1e-23 1.8911774e-22 9.693363e-31
12288763 1.0083945e+17 7.1773181e+09 1.0296812e+09 1e-23 1.8857844e-22 9.7188603e-31
12302813 1.0094029e+17 7.1750973e+09 1.0307289e+09 1e-23 1.8804072e-22 9.7444222e-31
12316881 1.0104123e+17 7.1728744e+09 1.0317772e+09 1e-23 1.8750456e-22 9.7700487e-31
12330967 1.0114227e+17 7.1706494e+09 1.0328263e+09 1e-23 1.8696997e-22 9.7957402e-31
12345072 1.0124342e+17 7.1684223e+09 1.0338761e+09 1e-23 1.8643694e-22 9.8214967e-31
12359196 1.0134466e+17 7.166193e+09 1.0349267e+09 1e-23 1.8590546e-22 9.8473184e-31
12373338 1.01446e+17 7.1639616e+09 1.0359779e+09 1e-23 1.8537553e-22 9.8732055e-31
12387498 1.0154745e+17 7.1617281e+09 1.0370299e+09 1e-23 1.8484715e-22 9.8991582e-31
12401678 1.01649e+17 7.1594925e+09 1.0380826e+09 1e-23 1.8432031e-22 9.9251766e-31
12415875 1.0175065e+17 7.1572548e+09 1.039136e+09 1e-23 1.83795e-22 9.9512609e-31
12430092 1.018524e+17 7.1550149e+09 1.0401902e+09 1e-23 1.8327123e-22 9.9774113e-31
12444327 1.0195425e+17 7.152773e+09 1.041245e+09 1e-23 1.8274899e-22 1.0003628e-30
12458581 1.020562e+17 7.1505289e+09 1.0423006e+09 1e-23 1.8222827e-22 1.0029911e-30
12472853 1.0215826e+17 7.1482826e+09 1.0433569e+09 1e-23 1.8170907e-22 1.005626e-30
12487145 1.0226042e+17 7.1460343e+09 1.0444139e+09 1e-23 1.8119138e-22 1.0082677e-30
12501455 1.0236268e+17 7.1437838e+09 1.0454717e+09 1e-23 1.806752e-22 1.010916e-30
12515784 1.0246504e+17 7.1415312e+09 1.0465301e+09 1e-23 1.8016053e-22 1.013571e-30
12530131 1.0256751e+17 7.1392765e+09 1.0475893e+09 1e-23 1.7964736e-22 1.0162328e-30
12544498 1.0267007e+17 7.1370197e+09 1.0486491e+09 1e-23 1.7913568e-22 1.0189013e-30
12558884 1.0277274e+17 7.1347607e+09 1.0497097e+09 1e-23 1.786255e-22 1.0215765e-30
12573288 1.0287552e+17 7.1324996e+09 1.050771e+09 1e-23 1.781168e-22 1.0242586e-30
12587712 1.0297839e+17 7.1302364e+09 1.051833e+09 1e-23 1.7760959e-22 1.0269474e-30
12602154 1.0308137e+17 7.127971e+09 1.0528957e+09 1e-23 1.7710386e-22 1.029643e-30
12616616 1.0318445e+17 7.1257036e+09 1.0539591e+09 1e-23 1.765996e-22 1.0323455e-30
12631096 1.0328764e+17 7.123434e+09 1.0550232e+09 1e-23 1.7609681e-22 1.0350548e-30
12645596 1.0339092e+17 7.1211623e+09 1.0560881e+09 1e-23 1.7559549e-22 1.037771e-30
12660115 1.0349431e+17 7.1188884e+09 1.0571536e+09 1e-23 1.7509562e-22 1.040494e-30
12674653 1.0359781e+17 7.1166124e+09 1.0582198e+09 1e-23 1.7459722e-22 1.043224e-30
12689210 1.0370141e+17 7.1143343e+09 1.0592867e+09 1e-23 1.7410027e-22 1.0459609e-30
12703786 1.0380511e+17 7.1120541e+09 1.0603544e+09 1e-23 1.7360477e-22 1.0487047e-30
12718382 1.0390891e+17 7.1097717e+09 1.0614227e+09 1e-23 1.7311071e-22 1.0514555e-30
12732997 1.0401282e+17 7.1074872e+09 1.0624917e+09 1e-23 1.7261809e-22 1.0542132e-30
12747631 1.0411683e+17 7.1052006e+09 1.0635615e+09 1e-23 1.7212691e-22 1.0569779e-30
12762285 1.0422095e+17 7.1029118e+09 1.0646319e+09 1e-23 1.7163716e-22 1.0597496e-30
12776958 1.0432517e+17 7.1006209e+09 1.065703e+09 1e-23 1.7114883e-22 1.0625284e-30
12791650 1.044295e+17 7.0983279e+09 1.0667748e+09 1e-23 1.7066193e-22 1.0653142e-30
12806362 1.0453393e+17 7.0960327e+09 1.0678473e+09 1e-23 1.7017645e-22 1.068107e-30
12821093 1.0463846e+17 7.0937354e+09 1.0689205e+09 1e-23 1.6969239e-22 1.070907e-30
12835844 1.047431e+17 7.091436e+09 1.0699944e+09 1e-23 1.6920973e-22 1.073714e-30
12850615 1.0484784e+17 7.0891344e+09 1.071069e+09 1e-23 1.6872848e-22 1.0765282e-30
12865405 1.0495269e+17 7.0868307e+09 1.0721442e+09 1e-23 1.6824864e-22 1.0793494e-30
12880214 1.0505764e+17 7.0845249e+09 1.0732202e+09 1e-23 1.6777019e-22 1.0821779e-30
12895043 1.051627e+17 7.082217e+09 1.0742968e+09 1e-23 1.6729313e-22 1.0850135e-30
12909892 1.0526786e+17 7.0799069e+09 1.0753741e+09 1e-23 1.6681747e-22 1.0878562e-30
12924761 1.0537313e+17 7.0775946e+09 1.0764521e+09 1e-23 1.6634319e-22 1.0907062e-30
12939649 1.054785e+17 7.0752803e+09 1.0775308e+09 1e-23 1.6587029e-22 1.0935635e-30
12954557 1.0558398e+17 7.0729638e+09 1.0786102e+09 1e-23 1.6539877e-22 1.0964279e-30
12969485 1.0568957e+17 7.0706451e+09 1.0796902e+09 1e-23 1.6492863e-22 1.0992996e-30
12984432 1.0579526e+17 7.0683243e+09 1.0807709e+09 1e-23 1.6445985e-22 1.1021786e-30
12999400 1.0590105e+17 7.0660014e+09 1.0818523e+09 1e-23 1.6399244e-22 1.1050649e-30
13014387 1.0600695e+17 7.0636764e+09 1.0829344e+09 1e-23 1.6352639e-22 1.1079585e-30
13029395 1.0611296e+17 7.0613492e+09 1.0840172e+09 1e-23 1.630617e-22 1.1108595e-30
13044422 1.0621907e+17 7.0590199e+09 1.0851006e+09 1e-23 1.6259836e-22 1.1137678e-30
13059469 1.0632529e+17 7.0566884e+09 1.0861847e+09 1e-23 1.6213638e-22 1.1166835e-30
13074537 1.0643162e+17 7.0543548e+09 1.0872695e+09 1e-23 1.6167573e-22 1.1196066e-30
13089624 1.0653805e+17 7.0520191e+09 1.0883549e+09 1e-23 1.6121643e-22 1.1225371e-30
13104731 1.0664459e+17 7.0496812e+09 1.089441e+09 1e-23 1.6075847e-22 1.125475e-30
13119859 1.0675123e+17 7.0473412e+09 1.0905278e+09 1e-23 1.6030184e-22 1.1284203e-30
13135007 1.0685798e+17 7.044999e+09 1.0916153e+09 1e-23 1.5984654e-22 1.1313732e-30
13150175 1.0696484e+17 7.0426547e+09 1.0927034e+09 1e-23 1.5939257e-22 1.1343335e-30
13165363 1.0707181e+17 7.0403083e+09 1.0937922e+09 1e-23 1.5893991e-22 1.1373013e-30
13180571 1.0717888e+17 7.0379597e+09 1.0948816e+09 1e-23 1.5848858e-22 1.1402767e-30
13195800 1.0728606e+17 7.035609e+09 1.0959717e+09 1e-23 1.5803856e-22 1.1432596e-30
13211049 1.0739334e+17 7.0332561e+09 1.0970625e+09 1e-23 1.5758985e-22 1.1462501e-30
13226318 1.0750074e+17 7.0309011e+09 1.0981539e+09 1e-23 1.5714245e-22 1.1492481e-30
13241608 1.0760824e+17 7.028544e+09 1.099246e+09 1e-23 1.5669635e-22 1.1522538e-30
13256918 1.0771584e+17 7.0261847e+09 1.1003387e+09 1e-23 1.5625154e-22 1.1552671e-30
13272249 1.0782356e+17 7.0238232e+09 1.1014321e+09 1e-23 1.5580804e-22 1.158288e-30
13287600 1.0793138e+17 7.0214597e+09 1.1025261e+09 1e-23 1.5536582e-22 1.1613166e-30
13302971 1.0803932e+17 7.019094e+09 1.1036208e+09 1e-23 1.5492489e-22 1.1643528e-30
13318364 1.0814735e+17 7.0167261e+09 1.1047162e+09 1e-23 1.5448525e-22 1.1673968e-30
13333776 1.082555e+17 7.0143561e+09 1.1058122e+09 1e-23 1.5404688e-22 1.1704485e-30
13349210 1.0836376e+17 7.011984e+09 1.1069088e+09 1e-23 1.5360979e-22 1.1735079e-30
13364664 1.0847212e+17 7.0096097e+09 1.1080061e+09 1e-23 1.5317398e-22 1.1765751e-30
13380139 1.0858059e+17 7.0072332e+09 1.1091041e+09 1e-23 1.5273943e-22 1.1796501e-30
13395634 1.0868917e+17 7.0048547e+09 1.1102027e+09 1e-23 1.5230614e-22 1.1827329e-30
13411151 1.0879786e+17 7.0024739e+09 1.1113019e+09 1e-23 1.5187412e-22 1.1858235e-30
13426688 1.0890666e+17 7.0000911e+09 1.1124018e+09 1e-23 1.5144336e-22 1.1889219e-30
13442245 1.0901557e+17 6.9977061e+09 1.1135023e+09 1e-23 1.5101384e-22 1.1920282e-30
13457824 1.0912458e+17 6.9953189e+09 1.1146035e+09 1e-23 1.5058558e-22 1.1951424e-30
13473424 1.0923371e+17 6.9929296e+09 1.1157053e+09 1e-23 1.5015856e-22 1.1982645e-30
13489044 1.0934294e+17 6.9905382e+09 1.1168077e+09 1e-23 1.4973279e-22 1.2013945e-30
13504686 1.0945228e+17 6.9881446e+09 1.1179108e+09 1e-23 1.4930826e-22 1.2045325e-30
13520349 1.0956174e+17 6.9857489e+09 1.1190145e+09 1e-23 1.4888496e-22 1.2076784e-30
13536032 1.096713e+17 6.983351e+09 1.1201188e+09 1e-23 1.4846289e-22 1.2108323e-30
13551737 1.0978097e+17 6.980951e+09 1.1212238e+09 1e-23 1.4804205e-22 1.2139942e-30
13567463 1.0989075e+17 6.9785488e+09 1.1223294e+09 1e-23 1.4762243e-22 1.2171641e-30
13583210 1.1000064e+17 6.9761445e+09 1.1234356e+09 1e-23 1.4720404e-22 1.2203421e-30
13598978 1.1011064e+17 6.973738e+09 1.1245425e+09 1e-23 1.4678686e-22 1.2235281e-30
13614767 1.1022075e+17 6.9713294e+09 1.12565e+09 1e-23 1.463709e-22 1.2267222e-30
13630578 1.1033097e+17 6.9689186e+09 1.1267581e+09 1e-23 1.4595614e-22 1.2299244e-30
13646410 1.104413e+17 6.9665057e+09 1.1278668e+09 1e-23 1.4554259e-22 1.2331348e-30
13662263 1.1055175e+17 6.9640907e+09 1.1289762e+09 1e-23 1.4513025e-22 1.2363533e-30
13678137 1.106623e+17 6.9616735e+09 1.1300862e+09 1e-23 1.447191e-22 1.23958e-30
13694033 1.1077296e+17 6.9592541e+09 1.1311968e+09 1e-23 1.4430915e-22 1.2428148e-30
13709951 1.1088373e+17 6.9568326e+09 1.132308e+09 1e-23 1.4390039e-22 1.2460579e-30
13725889 1.1099462e+17 6.954409e+09 1.1334198e+09 1e-23 1.4349282e-22 1.2493092e-30
13741850 1.1110561e+17 6.9519832e+09 1.1345323e+09 1e-23 1.4308644e-22 1.2525688e-30
13757832 1.1121672e+17 6.9495553e+09 1.1356453e+09 1e-23 1.4268124e-22 1.2558366e-30
13773835 1.1132793e+17 6.9471252e+09 1.136759e+09 1e-23 1.4227721e-22 1.2591128e-30
13789860 1.1143926e+17 6.944693e+09 1.1378733e+09 1e-23 1.4187437e-22 1.2623972e-30
13805907 1.115507e+17 6.9422586e+09 1.1389882e+09 1e-23 1.4147269e-22 1.26569e-30
13821975 1.1166225e+17 6.939822e+09 1.1401037e+09 1e-23 1.4107218e-22 1.2689912e-30
13838065 1.1177391e+17 6.9373834e+09 1.1412198e+09 1e-23 1.4067283e-22 1.2723007e-30
13854177 1.1188569e+17 6.9349425e+09 1.1423365e+09 1e-23 1.4027465e-22 1.2756186e-30
13870311 1.1199757e+17 6.9324996e+09 1.1434538e+09 1e-23 1.3987762e-22 1.278945e-30
13886466 1.1210957e+17 6.9300545e+09 1.1445718e+09 1e-23 1.3948175e-22 1.2822798e-30
13902643 1.1222168e+17 6.9276072e+09 1.1456903e+09 1e-23 1.3908703e-22 1.2856231e-30
13918843 1.123339e+17 6.9251578e+09 1.1468094e+09 1e-23 1.3869345e-22 1.2889748e-30
13935064 1.1244624e+17 6.9227062e+09 1.1479291e+09 1e-23 1.3830102e-22 1.2923351e-30
13951307 1.1255868e+17 6.9202525e+09 1.1490494e+09 1e-23 1.3790973e-22 1.2957039e-30
13967572 1.1267124e+17 6.9177966e+09 1.1501704e+09 1e-23 1.3751958e-22 1.2990813e-30
13983859 1.1278391e+17 6.9153386e+09 1.1512919e+09 1e-23 1.3713056e-22 1.3024672e-30
14000168 1.128967e+17 6.9128785e+09 1.152414e+09 1e-23 1.3674267e-22 1.3058618e-30
14016500 1.1300959e+17 6.9104162e+09 1.1535367e+09 1e-23 1.3635591e-22 1.3092649e-30
14032853 1.131226e+17 6.9079517e+09 1.1546599e+09 1e-23 1.3597028e-22 1.3126767e-30
14049229 1.1323572e+17 6.9054851e+09 1.1557838e+09 1e-23 1.3558576e-22 1.3160972e-30
14065627 1.1334896e+17 6.9030163e+09 1.1569083e+09 1e-23 1.3520236e-22 1.3195264e-30
14082047 1.1346231e+17 6.9005454e+09 1.1580333e+09 1e-23 1.3482008e-22 1.3229642e-30
14098489 1.1357577e+17 6.8980724e+09 1.1591589e+09 1e-23 1.344389e-22 1.3264108e-30
14114954 1.1368935e+17 6.8955972e+09 1.1602851e+09 1e-23 1.3405884e-22 1.3298662e-30
14131442 1.1380304e+17 6.8931198e+09 1.1614119e+09 1e-23 1.3367987e-22 1.3333303e-30
14147951 1.1391684e+17 6.8906403e+09 1.1625393e+09 1e-23 1.3330201e-22 1.3368033e-30
14164483 1.1403076e+17 6.8881587e+09 1.1636672e+09 1e-23 1.3292525e-22 1.340285e-30
14181038 1.1414479e+17 6.8856749e+09 1.1647957e+09 1e-23 1.3254958e-22 1.3437757e-30
14197615 1.1425893e+17 6.883189e+09 1.1659248e+09 1e-23 1.32175e-22 1.3472751e-30
14214215 1.1437319e+17 6.8807009e+09 1.1670545e+09 1e-23 1.3180151e-22 1.3507835e-30
14230837 1.1448756e+17 6.8782106e+09 1.1681847e+09 1e-23 1.3142911e-22 1.3543008e-30
14247482 1.1460205e+17 6.8757182e+09 1.1693155e+09 1e-23 1.3105779e-22 1.357827e-30
14264150 1.1471665e+17 6.8732237e+09 1.1704468e+09 1e-23 1.3068754e-22 1.3613622e-30
14280840 1.1483137e+17 6.870727e+09 1.1715788e+09 1e-23 1.3031837e-22 1.3649063e-30
14297553 1.149462e+17 6.8682282e+09 1.1727113e+09 1e-23 1.2995028e-22 1.3684595e-30
14314289 1.1506115e+17 6.8657272e+09 1.1738443e+09 1e-23 1.2958325e-22 1.3720217e-30
14331048 1.1517621e+17 6.8632241e+09 1.174978e+09 1e-23 1.2921729e-22 1.3755929e-30
14347830 1.1529139e+17 6.8607188e+09 1.1761121e+09 1e-23 1.2885239e-22 1.3791733e-30
14364634 1.1540668e+17 6.8582114e+09 1.1772469e+09 1e-23 1.2848855e-22 1.3827627e-30
14381462 1.1552208e+17 6.8557018e+09 1.1783822e+09 1e-23 1.2812576e-22 1.3863612e-30
14398312 1.1563761e+17 6.8531901e+09 1.179518e+09 1e-23 1.2776403e-22 1.3899689e-30
14415186 1.1575324e+17 6.8506762e+09 1.1806544e+09 1e-23 1.2740336e-22 1.3935858e-30
14432082 1.15869e+17 6.8481602e+09 1.1817914e+09 1e-23 1.2704372e-22 1.3972118e-30
14449002 1.1598487e+17 6.845642e+09 1.1829289e+09 1e-23 1.2668514e-22 1.4008471e-30
14465945 1.1610085e+17 6.8431217e+09 1.1840669e+09 1e-23 1.2632759e-22 1.4044916e-30
14482911 1.1621695e+17 6.8405993e+09 1.1852055e+09 1e-23 1.2597108e-22 1.4081454e-30
14499900 1.1633317e+17 6.8380747e+09 1.1863447e+09 1e-23 1.256156e-22 1.4118085e-30
14516913 1.164495e+17 6.8355479e+09 1.1874844e+09 1e-23 1.2526116e-22 1.4154808e-30
14533949 1.1656595e+17 6.833019e+09 1.1886246e+09 1e-23 1.2490775e-22 1.4191625e-30
14551008 1.1668252e+17 6.830488e+09 1.1897654e+09 1e-23 1.2455536e-22 1.4228536e-30
14568091 1.167992e+17 6.8279548e+09 1.1909067e+09 1e-23 1.24204e-22 1.4265541e-30
14585197 1.16916e+17 6.8254195e+09 1.1920485e+09 1e-23 1.2385365e-22 1.4302639e-30
14602326 1.1703291e+17 6.822882e+09 1.1931909e+09 1e-23 1.2350432e-22 1.4339832e-30
14619479 1.1714995e+17 6.8203423e+09 1.1943338e+09 1e-23 1.2315601e-22 1.437712e-30
14636656 1.172671e+17 6.8178006e+09 1.1954773e+09 1e-23 1.228087e-22 1.4414502e-30
14653856 1.1738436e+17 6.8152567e+09 1.1966212e+09 1e-23 1.2246241e-22 1.4451979e-30
14671080 1.1750175e+17 6.8127106e+09 1.1977657e+09 1e-23 1.2211712e-22 1.4489552e-30
14688327 1.1761925e+17 6.8101624e+09 1.1989108e+09 1e-23 1.2177283e-22 1.452722e-30
14705598 1.1773687e+17 6.807612e+09 1.2000563e+09 1e-23 1.2142954e-22 1.4564984e-30
14722893 1.1785461e+17 6.8050595e+09 1.2012024e+09 1e-23 1.2108724e-22 1.4602844e-30
14740212 1.1797246e+17 6.8025049e+09 1.202349e+09 1e-23 1.2074594e-22 1.4640801e-30
14757554 1.1809043e+17 6.7999481e+09 1.2034961e+09 1e-23 1.2040563e-22 1.4678853e-30
14774921 1.1820852e+17 6.7973892e+09 1.2046438e+09 1e-23 1.2006631e-22 1.4717003e-30
14792311 1.1832673e+17 6.7948281e+09 1.2057919e+09 1e-23 1.1972797e-22 1.475525e-30
14809725 1.1844506e+17 6.7922649e+09 1.2069406e+09 1e-23 1.1939061e-22 1.4793594e-30
14827163 1.185635e+17 6.7896995e+09 1.2080898e+09 1e-23 1.1905423e-22 1.4832035e-30
14844626 1.1868207e+17 6.787132e+09 1.2092394e+09 1e-23 1.1871883e-22 1.4870574e-30
14862112 1.1880075e+17 6.7845623e+09 1.2103896e+09 1e-23 1.183844e-22 1.4909212e-30
14879622 1.1891955e+17 6.7819905e+09 1.2115404e+09 1e-23 1.1805094e-22 1.4947947e-30
14897157 1.1903847e+17 6.7794166e+09 1.2126916e+09 1e-23 1.1771844e-22 1.4986781e-30
14914716 1.1915751e+17 6.7768405e+09 1.2138433e+09 1e-23 1.1738691e-22 1.5025714e-30
14932299 1.1927667e+17 6.7742623e+09 1.2149955e+09 1e-23 1.1705635e-22 1.5064746e-30
14949906 1.1939594e+17 6.7716819e+09 1.2161482e+09 1e-23 1.1672674e-22 1.5103877e-30
14967538 1.1951534e+17 6.7690994e+09 1.2173014e+09 1e-23 1.1639808e-22 1.5143108e-30
14985194 1.1963485e+17 6.7665148e+09 1.2184552e+09 1e-23 1.1607038e-22 1.5182438e-30
15002874 1.1975449e+17 6.763928e+09 1.2196094e+09 1e-23 1.1574363e-22 1.5221869e-30
15020579 1.1987424e+17 6.7613391e+09 1.2207641e+09 1e-23 1.1541783e-22 1.52614e-30
15038308 1.1999412e+17 6.758748e+09 1.2219193e+09 1e-23 1.1509297e-22 1.5301031e-30
15056062 1.2011411e+17 6.7561548e+09 1.223075e+09 1e-23 1.1476905e-22 1.5340764e-30
15073841 1.2023423e+17 6.7535594e+09 1.2242311e+09 1e-23 1.1444608e-22 1.5380597e-30
15091644 1.2035446e+17 6.750962e+09 1.2253878e+09 1e-23 1.1412404e-22 1.5420532e-30
15109472 1.2047482e+17 6.7483623e+09 1.2265449e+09 1e-23 1.1380293e-22 1.5460569e-30
15127324 1.2059529e+17 6.7457606e+09 1.2277026e+09 1e-23 1.1348275e-22 1.5500707e-30
15145201 1.2071589e+17 6.7431567e+09 1.2288607e+09 1e-23 1.131635e-22 1.5540947e-30
15163103 1.208366e+17 6.7405506e+09 1.2300192e+09 1e-23 1.1284518e-22 1.558129e-30
15181030 1.2095744e+17 6.7379424e+09 1.2311783e+09 1e-23 1.1252778e-22 1.5621736e-30
15198982 1.210784e+17 6.7353321e+09 1.2323378e+09 1e-23 1.122113e-22 1.5662284e-30
15216958 1.2119947e+17 6.7327197e+09 1.2334979e+09 1e-23 1.1189573e-22 1.5702936e-30
15234960 1.2132067e+17 6.7301051e+09 1.2346583e+09 1e-23 1.1158108e-22 1.5743691e-30
15252987 1.2144199e+17 6.7274883e+09 1.2358193e+09 1e-23 1.1126734e-22 1.578455e-30
15271038 1.2156344e+17 6.7248695e+09 1.2369807e+09 1e-23 1.1095452e-22 1.5825513e-30
15289115 1.21685e+17 6.7222485e+09 1.2381426e+09 1e-23 1.1064259e-22 1.586658e-30
15307217 1.2180668e+17 6.7196254e+09 1.2393049e+09 1e-23 1.1033158e-22 1.5907752e-30
15325344 1.2192849e+17 6.7170001e+09 1.2404677e+09 1e-23 1.1002146e-22 1.5949029e-30
15343496 1.2205042e+17 6.7143727e+09 1.241631e+09 1e-23 1.0971224e-22 1.599041e-30
15361673 1.2217247e+17 6.7117431e+09 1.2427947e+09 1e-23 1.0940392e-22 1.6031897e-30
15379876 1.2229464e+17 6.7091115e+09 1.2439589e+09 1e-23 1.0909649e-22 1.607349e-30
15398104 1.2241694e+17 6.7064777e+09 1.2451235e+09 1e-23 1.0878995e-22 1.6115188e-30
15416358 1.2253935e+17 6.7038417e+09 1.2462886e+09 1e-23 1.084843e-22 1.6156993e-30
15434637 1.2266189e+17 6.7012037e+09 1.2474542e+09 1e-23 1.0817953e-22 1.6198904e-30
15452941 1.2278456e+17 6.6985635e+09 1.2486202e+09 1e-23 1.0787565e-22 1.6240922e-30
15471271 1.2290734e+17 6.6959211e+09 1.2497866e+09 1e-23 1.0757264e-22 1.6283047e-30
15489627 1.2303025e+17 6.6932767e+09 1.2509535e+09 1e-23 1.0727052e-22 1.6325279e-30
15508008 1.2315328e+17 6.6906301e+09 1.2521208e+09 1e-23 1.0696927e-22 1.6367618e-30
15526415 1.2327643e+17 6.6879814e+09 1.2532886e+09 1e-23 1.0666889e-22 1.6410066e-30
15544847 1.2339971e+17 6.6853305e+09 1.2544567e+09 1e-23 1.0636938e-22 1.6452621e-30
15563306 1.2352311e+17 6.6826775e+09 1.2556254e+09 1e-23 1.0607074e-22 1.6495285e-30
15581790 1.2364663e+17 6.6800224e+09 1.2567945e+09 1e-23 1.0577296e-22 1.6538058e-30
15600300 1.2377028e+17 6.6773652e+09 1.257964e+09 1e-23 1.0547605e-22 1.6580939e-30
15618835 1.2389405e+17 6.6747058e+09 1.2591339e+09 1e-23 1.0518e-22 1.662393e-30
15637397 1.2401794e+17 6.6720443e+09 1.2603043e+09 1e-23 1.048848e-22 1.666703e-30
15655985 1.2414196e+17 6.6693807e+09 1.261475e+09 1e-23 1.0459046e-22 1.671024e-30
15674599 1.242661e+17 6.6667149e+09 1.2626463e+09 1e-23 1.0429696e-22 1.675356e-30
15693238 1.2439037e+17 6.6640471e+09 1.2638179e+09 1e-23 1.0400432e-22 1.6796991e-30
15711904 1.2451476e+17 6.6613771e+09 1.26499e+09 1e-23 1.0371253e-22 1.6840532e-30
15730596 1.2463927e+17 6.6587049e+09 1.2661624e+09 1e-23 1.0342158e-22 1.6884184e-30
15749315 1.2476391e+17 6.6560307e+09 1.2673353e+09 1e-23 1.0313147e-22 1.6927947e-30
15768059 1.2488867e+17 6.6533543e+09 1.2685086e+09 1e-23 1.0284221e-22 1.6971822e-30
15786830 1.2501356e+17 6.6506758e+09 1.2696824e+09 1e-23 1.0255378e-22 1.7015808e-30
15805627 1.2513858e+17 6.6479952e+09 1.2708565e+09 1e-23 1.0226618e-22 1.7059906e-30
15824450 1.2526372e+17 6.6453125e+09 1.272031e+09 1e-23 1.0197942e-22 1.7104117e-30
15843300 1.2538898e+17 6.6426276e+09 1.273206e+09 1e-23 1.0169348e-22 1.7148441e-30
15862177 1.2551437e+17 6.6399406e+09 1.2743813e+09 1e-23 1.0140838e-22 1.7192877e-30
15881080 1.2563988e+17 6.6372515e+09 1.2755571e+09 1e-23 1.011241e-22 1.7237427e-30
15900009 1.2576552e+17 6.6345603e+09 1.2767332e+09 1e-23 1.0084064e-22 1.728209e-30
15918965 1.2589129e+17 6.6318669e+09 1.2779098e+09 1e-23 1.00558e-22 1.7326867e-30
15937948 1.2601718e+17 6.6291715e+09 1.2790867e+09 1e-23 1.0027618e-22 1.7371758e-30
15956958 1.261432e+17 6.6264739e+09 1.2802641e+09 1e-23 9.9995173e-23 1.7416764e-30
15975994 1.2626934e+17 6.6237742e+09 1.2814418e+09 1e-23 9.9714981e-23 1.7461884e-30
15995057 1.2639561e+17 6.6210724e+09 1.2826199e+09 1e-23 9.9435599e-23 1.7507119e-30
16014147 1.26522e+17 6.6183685e+09 1.2837984e+09 1e-23 9.9157025e-23 1.755247e-30
16033264 1.2664853e+17 6.6156624e+09 1.2849773e+09 1e-23 9.8879257e-23 1.7597936e-30
16052407 1.2677518e+17 6.6129543e+09 1.2861566e+09 1e-23 9.8602292e-23 1.7643518e-30
16071578 1.2690195e+17 6.610244e+09 1.2873363e+09 1e-23 9.8326129e-23 1.7689216e-30
16090776 1.2702885e+17 6.6075316e+09 1.2885163e+09 1e-23 9.8050764e-23 1.7735031e-30
16110001 1.2715588e+17 6.6048171e+09 1.2896967e+09 1e-23 9.7776195e-23 1.7780962e-30
16129253 1.2728304e+17 6.6021005e+09 1.2908775e+09 1e-23 9.7502421e-23 1.782701e-30
16148532 1.2741032e+17 6.5993817e+09 1.2920587e+09 1e-23 9.7229438e-23 1.7873176e-30
16167838 1.2753773e+17 6.5966609e+09 1.2932403e+09 1e-23 9.6957244e-23 1.791946e-30
16187172 1.2766527e+17 6.593938e+09 1.2944222e+09 1e-23 9.6685838e-23 1.7965862e-30
16206533 1.2779293e+17 6.5912129e+09 1.2956044e+09 1e-23 9.6415216e-23 1.8012381e-30
16225921 1.2792073e+17 6.5884857e+09 1.2967871e+09 1e-23 9.6145377e-23 1.805902e-30
16245337 1.2804865e+17 6.5857565e+09 1.2979701e+09 1e-23 9.5876318e-23 1.8105777e-30
16264780 1.281767e+17 6.5830251e+09 1.2991534e+09 1e-23 9.5608036e-23 1.8152654e-30
16284251 1.2830487e+17 6.5802916e+09 1.3003372e+09 1e-23 9.534053e-23 1.819965e-30
16303750 1.2843318e+17 6.577556e+09 1.3015212e+09 1e-23 9.5073798e-23 1.8246766e-30
16323276 1.2856161e+17 6.5748183e+09 1.3027057e+09 1e-23 9.4807836e-23 1.8294002e-30
16342829 1.2869017e+17 6.5720785e+09 1.3038905e+09 1e-23 9.4542643e-23 1.8341359e-30
16362411 1.2881886e+17 6.5693366e+09 1.3050756e+09 1e-23 9.4278217e-23 1.8388836e-30
16382020 1.2894768e+17 6.5665925e+09 1.3062611e+09 1e-23 9.4014555e-23 1.8436435e-30
16401657 1.2907663e+17 6.5638464e+09 1.3074469e+09 1e-23 9.3751655e-23 1.8484154e-30
16421321 1.2920571e+17 6.5610982e+09 1.308633e+09 1e-23 9.3489514e-23 1.8531996e-30
16441014 1.2933491e+17 6.5583479e+09 1.3098196e+09 1e-23 9.3228131e-23 1.857996e-30
16460735 1.2946425e+17 6.5555954e+09 1.3110064e+09 1e-23 9.2967504e-23 1.8628045e-30
16480483 1.2959371e+17 6.5528409e+09 1.3121936e+09 1e-23 9.2707629e-23 1.8676254e-30
16500260 1.297233e+17 6.5500843e+09 1.3133811e+09 1e-23 9.2448506e-23 1.8724586e-30
16520065 1.2985303e+17 6.5473256e+09 1.3145689e+09 1e-23 9.2190131e-23 1.877304e-30
16539898 1.2998288e+17 6.5445648e+09 1.3157571e+09 1e-23 9.1932502e-23 1.8821619e-30
16559759 1.3011286e+17 6.5418018e+09 1.3169456e+09 1e-23 9.1675618e-23 1.8870321e-30
16579649 1.3024298e+17 6.5390368e+09 1.3181344e+09 1e-23 9.1419475e-23 1.8919148e-30
16599566 1.3037322e+17 6.5362697e+09 1.3193236e+09 1e-23 9.1164073e-23 1.8968099e-30
16619512 1.3050359e+17 6.5335005e+09 1.3205131e+09 1e-23 9.0909408e-23 1.9017175e-30
16639487 1.306341e+17 6.5307292e+09 1.3217029e+09 1e-23 9.0655479e-23 1.9066376e-30
16659490 1.3076473e+17 6.5279558e+09 1.322893e+09 1e-23 9.0402284e-23 1.9115703e-30
16679521 1.3089549e+17 6.5251804e+09 1.3240834e+09 1e-23 9.0149819e-23 1.9165156e-30
16699581 1.3102639e+17 6.5224028e+09 1.3252741e+09 1e-23 8.9898084e-23 1.9214734e-30
16719670 1.3115742e+17 6.5196231e+09 1.3264651e+09 1e-23 8.9647076e-23 1.926444e-30
16739787 1.3128857e+17 6.5168414e+09 1.3276565e+09 1e-23 8.9396792e-23 1.9314272e-30
16759934 1.3141986e+17 6.5140575e+09 1.3288481e+09 1e-23 8.9147232e-23 1.9364231e-30
16780108 1.3155128e+17 6.5112716e+09 1.3300401e+09 1e-23 8.8898392e-23 1.9414318e-30
16800312 1.3168283e+17 6.5084836e+09 1.3312323e+09 1e-23 8.865027e-23 1.9464533e-30
16820544 1.3181452e+17 6.5056935e+09 1.3324249e+09 1e-23 8.8402865e-23 1.9514876e-30
16840806 1.3194633e+17 6.5029013e+09 1.3336177e+09 1e-23 8.8156173e-23 1.9565347e-30
16861096 1.3207828e+17 6.500107e+09 1.3348109e+09 1e-23 8.7910195e-23 1.9615947e-30
16881416 1.3221036e+17 6.4973107e+09 1.3360043e+09 1e-23 8.7664926e-23 1.9666676e-30
16901764 1.3234257e+17 6.4945122e+09 1.337198e+09 1e-23 8.7420365e-23 1.9717535e-30
16922142 1.3247491e+17 6.4917117e+09 1.338392e+09 1e-23 8.717651e-23 1.9768524e-30
16942548 1.3260738e+17 6.4889091e+09 1.3395863e+09 1e-23 8.6933359e-23 1.9819642e-30
16962984 1.3273999e+17 6.4861044e+09 1.3407809e+09 1e-23 8.669091e-23 1.9870892e-30
16983450 1.3287273e+17 6.4832977e+09 1.3419757e+09 1e-23 8.644916e-23 1.9922272e-30
17003944 1.330056e+17 6.4804888e+09 1.3431708e+09 1e-23 8.6208108e-23 1.9973783e-30
17024468 1.3313861e+17 6.4776779e+09 1.3443662e+09 1e-23 8.5967752e-23 2.0025426e-30
17045022 1.3327175e+17 6.4748649e+09 1.3455619e+09 1e-23 8.5728089e-23 2.00772e-30
17065605 1.3340502e+17 6.4720499e+09 1.3467578e+09 1e-23 8.5489118e-23 2.0129107e-30
17086217 1.3353842e+17 6.4692327e+09 1.347954e+09 1e-23 8.5250836e-23 2.0181146e-30
17106859 1.3367196e+17 6.4664135e+09 1.3491505e+09 1e-23 8.5013242e-23 2.0233318e-30
17127531 1.3380564e+17 6.4635922e+09 1.3503472e+09 1e-23 8.4776333e-23 2.0285624e-30
17148233 1.3393944e+17 6.4607688e+09 1.3515442e+09 1e-23 8.4540108e-23 2.0338063e-30
17168964 1.3407338e+17 6.4579434e+09 1.3527415e+09 1e-23 8.4304564e-23 2.0390636e-30
17189725 1.3420745e+17 6.4551159e+09 1.353939e+09 1e-23 8.40697e-23 2.0443343e-30
17210516 1.3434166e+17 6.4522864e+09 1.3551367e+09 1e-23 8.3835513e-23 2.0496185e-30
17231336 1.34476e+17 6.4494547e+09 1.3563347e+09 1e-23 8.3602001e-23 2.0549161e-30
17252187 1.3461048e+17 6.446621e+09 1.357533e+09 1e-23 8.3369163e-23 2.0602273e-30
17273068 1.3474509e+17 6.4437852e+09 1.3587315e+09 1e-23 8.3136997e-23 2.0655521e-30
17293979 1.3487983e+17 6.4409474e+09 1.3599302e+09 1e-23 8.29055e-23 2.0708905e-30
17314920 1.3501471e+17 6.4381075e+09 1.3611292e+09 1e-23 8.2674671e-23 2.0762424e-30
17335891 1.3514973e+17 6.4352656e+09 1.3623284e+09 1e-23 8.2444507e-23 2.0816081e-30
17356892 1.3528488e+17 6.4324215e+09 1.3635279e+09 1e-23 8.2215007e-23 2.0869875e-30
17377924 1.3542016e+17 6.4295755e+09 1.3647276e+09 1e-23 8.1986169e-23 2.0923806e-30
17398986 1.3555558e+17 6.4267273e+09 1.3659275e+09 1e-23 8.1757991e-23 2.0977875e-30
17420079 1.3569114e+17 6.4238771e+09 1.3671276e+09 1e-23 8.153047e-23 2.1032082e-30
17441202 1.3582683e+17 6.4210249e+09 1.368328e+09 1e-23 8.1303605e-23 2.1086428e-30
17462355 1.3596266e+17 6.4181706e+09 1.3695286e+09 1e-23 8.1077395e-23 2.1140912e-30
17483539 1.3609862e+17 6.4153142e+09 1.3707294e+09 1e-23 8.0851836e-23 2.1195536e-30
17504754 1.3623472e+17 6.4124558e+09 1.3719304e+09 1e-23 8.0626928e-23 2.1250299e-30
17525999 1.3637095e+17 6.4095953e+09 1.3731317e+09 1e-23 8.0402668e-23 2.1305202e-30
17547275 1.3650732e+17 6.4067328e+09 1.3743331e+09 1e-23 8.0179054e-23 2.1360246e-30
17568582 1.3664383e+17 6.4038682e+09 1.3755348e+09 1e-23 7.9956085e-23 2.141543e-30
17589920 1.3678048e+17 6.4010016e+09 1.3767367e+09 1e-23 7.9733758e-23 2.1470755e-30
17611288 1.3691726e+17 6.3981329e+09 1.3779388e+09 1e-23 7.9512072e-23 2.1526221e-30
17632688 1.3705417e+17 6.3952622e+09 1.3791411e+09 1e-23 7.9291025e-23 2.1581829e-30
17654118 1.3719123e+17 6.3923894e+09 1.3803435e+09 1e-23 7.9070614e-23 2.163758e-30
17675580 1.3732842e+17 6.3895146e+09 1.3815462e+09 1e-23 7.8850839e-23 2.1693472e-30
17697073 1.3746575e+17 6.3866377e+09 1.3827491e+09 1e-23 7.8631697e-23 2.1749508e-30
17718597 1.3760321e+17 6.3837588e+09 1.3839522e+09 1e-23 7.8413187e-23 2.1805687e-30
17740152 1.3774082e+17 6.3808779e+09 1.3851554e+09 1e-23 7.8195305e-23 2.1862009e-30
17761738 1.3787856e+17 6.3779949e+09 1.3863589e+09 1e-23 7.7978052e-23 2.1918476e-30
17783356 1.3801644e+17 6.3751098e+09 1.3875625e+09 1e-23 7.7761424e-23 2.1975087e-30
17805006 1.3815445e+17 6.3722228e+09 1.3887664e+09 1e-23 7.7545421e-23 2.2031842e-30
17826686 1.3829261e+17 6.3693337e+09 1.3899704e+09 1e-23 7.7330039e-23 2.2088743e-30
17848399 1.384309e+17 6.3664425e+09 1.3911745e+09 1e-23 7.7115278e-23 2.2145789e-30
17870142 1.3856933e+17 6.3635494e+09 1.3923789e+09 1e-23 7.6901135e-23 2.2202981e-30
17891918 1.387079e+17 6.3606542e+09 1.3935834e+09 1e-23 7.6687609e-23 2.2260319e-30
17913725 1.3884661e+17 6.3577569e+09 1.3947881e+09 1e-23 7.6474698e-23 2.2317804e-30
17935564 1.3898545e+17 6.3548576e+09 1.395993e+09 1e-23 7.62624e-23 2.2375435e-30
17957435 1.3912444e+17 6.3519563e+09 1.397198e+09 1e-23 7.6050714e-23 2.2433214e-30
17979337 1.3926356e+17 6.349053e+09 1.3984032e+09 1e-23 7.5839637e-23 2.2491141e-30
18001272 1.3940283e+17 6.3461477e+09 1.3996085e+09 1e-23 7.5629167e-23 2.2549216e-30
18023238 1.3954223e+17 6.3432403e+09 1.400814e+09 1e-23 7.5419304e-23 2.2607439e-30
18045237 1.3968177e+17 6.3403309e+09 1.4020197e+09 1e-23 7.5210044e-23 2.2665812e-30
18067268 1.3982145e+17 6.3374194e+09 1.4032255e+09 1e-23 7.5001387e-23 2.2724333e-30
18089331 1.3996128e+17 6.334506e+09 1.4044314e+09 1e-23 7.4793331e-23 2.2783005e-30
18111426 1.4010124e+17 6.3315905e+09 1.4056375e+09 1e-23 7.4585874e-23 2.2841826e-30
18133553 1.4024134e+17 6.328673e+09 1.4068438e+09 1e-23 7.4379013e-23 2.2900798e-30
18155713 1.4038158e+17 6.3257535e+09 1.4080502e+09 1e-23 7.4172748e-23 2.295992e-30
18177905 1.4052196e+17 6.3228319e+09 1.4092567e+09 1e-23 7.3967077e-23 2.3019194e-30
18200129 1.4066248e+17 6.3199084e+09 1.4104634e+09 1e-23 7.3761997e-23 2.307862e-30
18222386 1.4080314e+17 6.3169828e+09 1.4116702e+09 1e-23 7.3557508e-23 2.3138197e-30
18244676 1.4094395e+17 6.3140552e+09 1.4128771e+09 1e-23 7.3353607e-23 2.3197927e-30
18266998 1.4108489e+17 6.3111256e+09 1.4140841e+09 1e-23 7.3150293e-23 2.325781e-30
18289353 1.4122598e+17 6.308194e+09 1.4152913e+09 1e-23 7.2947564e-23 2.3317846e-30
18311741 1.413672e+17 6.3052604e+09 1.4164986e+09 1e-23 7.2745417e-23 2.3378035e-30
18334161 1.4150857e+17 6.3023248e+09 1.417706e+09 1e-23 7.2543853e-23 2.3438378e-30
18356615 1.4165008e+17 6.2993872e+09 1.4189136e+09 1e-23 7.2342868e-23 2.3498876e-30
18379101 1.4179173e+17 6.2964475e+09 1.4201212e+09 1e-23 7.2142462e-23 2.3559529e-30
18401620 1.4193352e+17 6.2935059e+09 1.421329e+09 1e-23 7.1942632e-23 2.3620337e-30
18424173 1.4207545e+17 6.2905622e+09 1.4225368e+09 1e-23 7.1743377e-23 2.36813e-30
18446758 1.4221753e+17 6.2876166e+09 1.4237448e+09 1e-23 7.1544694e-23 2.374242e-30
18469377 1.4235975e+17 6.284669e+09 1.4249529e+09 1e-23 7.1346584e-23 2.3803696e-30
18492029 1.4250211e+17 6.2817193e+09 1.426161e+09 1e-23 7.1149043e-23 2.3865128e-30
18514714 1.4264461e+17 6.2787677e+09 1.4273693e+09 1e-23 7.095207e-23 2.3926718e-30
18537433 1.4278725e+17 6.275814e+09 1.4285777e+09 1e-23 7.0755663e-23 2.3988466e-30
18560185 1.4293004e+17 6.2728584e+09 1.4297862e+09 1e-23 7.0559821e-23 2.4050371e-30
18582970 1.4307297e+17 6.2699008e+09 1.4309947e+09 1e-23 7.0364542e-23 2.4112435e-30
18605789 1.4321604e+17 6.2669411e+09 1.4322033e+09 1e-23 7.0169825e-23 2.4174658e-30
18628642 1.4335926e+17 6.2639795e+09 1.4334121e+09 1e-23 6.9975668e-23 2.423704e-30
18651528 1.4350262e+17 6.2610159e+09 1.4346209e+09 1e-23 6.9782068e-23 2.4299582e-30
18674448 1.4364612e+17 6.2580503e+09 1.4358297e+09 1e-23 6.9589025e-23 2.4362284e-30
18697402 1.4378977e+17 6.2550828e+09 1.4370387e+09 1e-23 6.9396537e-23 2.4425147e-30
18720389 1.4393356e+17 6.2521132e+09 1.4382477e+09 1e-23 6.9204603e-23 2.448817e-30
18743411 1.4407749e+17 6.2491417e+09 1.4394568e+09 1e-23 6.9013219e-23 2.4551355e-30
18766467 1.4422157e+17 6.2461681e+09 1.440666e+09 1e-23 6.8822386e-23 2.4614701e-30
18789556 1.4436579e+17 6.2431926e+09 1.4418752e+09 1e-23 6.8632102e-23 2.467821e-30
18812680 1.4451016e+17 6.2402151e+09 1.4430845e+09 1e-23 6.8442364e-23 2.4741881e-30
18835838 1.4465467e+17 6.2372357e+09 1.4442938e+09 1e-23 6.8253171e-23 2.4805716e-30
18859030 1.4479932e+17 6.2342542e+09 1.4455033e+09 1e-23 6.8064522e-23 2.4869713e-30
18882256 1.4494412e+17 6.2312708e+09 1.4467127e+09 1e-23 6.7876415e-23 2.4933875e-30
18905517 1.4508906e+17 6.2282854e+09 1.4479222e+09 1e-23 6.7688849e-23 2.4998201e-30
18928812 1.4523415e+17 6.2252981e+09 1.4491318e+09 1e-23 6.7501821e-23 2.5062692e-30
18952142 1.4537939e+17 6.2223087e+09 1.4503414e+09 1e-23 6.7315331e-23 2.5127348e-30
18975506 1.4552477e+17 6.2193174e+09 1.451551e+09 1e-23 6.7129376e-23 2.5192169e-30
18998905 1.4567029e+17 6.2163242e+09 1.4527607e+09 1e-23 6.6943955e-23 2.5257157e-30
19022338 1.4581596e+17 6.2133289e+09 1.4539704e+09 1e-23 6.6759067e-23 2.5322311e-30
19045807 1.4596178e+17 6.2103317e+09 1.4551802e+09 1e-23 6.657471e-23 2.5387631e-30
19069310 1.4610774e+17 6.2073326e+09 1.4563899e+09 1e-23 6.6390883e-23 2.545312e-30
19092848 1.4625385e+17 6.2043315e+09 1.4575997e+09 1e-23 6.6207583e-23 2.5518776e-30
19116421 1.464001e+17 6.2013284e+09 1.4588096e+09 1e-23 6.602481e-23 2.55846e-30
19140028 1.465465e+17 6.1983233e+09 1.4600194e+09 1e-23 6.5842561e-23 2.5650592e-30
19163671 1.4669305e+17 6.1953163e+09 1.4612293e+09 1e-23 6.5660836e-23 2.5716754e-30
19187349 1.4683974e+17 6.1923074e+09 1.4624392e+09 1e-23 6.5479633e-23 2.5783086e-30
19211063 1.4698658e+17 6.1892965e+09 1.4636491e+09 1e-23 6.529895e-23 2.5849587e-30
19234811 1.4713357e+17 6.1862836e+09 1.464859e+09 1e-23 6.5118785e-23 2.5916259e-30
19258595 1.472807e+17 6.1832688e+09 1.4660689e+09 1e-23 6.4939138e-23 2.5983101e-30
19282414 1.4742798e+17 6.1802521e+09 1.4672788e+09 1e-23 6.4760006e-23 2.6050115e-30
19306269 1.4757541e+17 6.1772334e+09 1.4684888e+09 1e-23 6.4581389e-23 2.61173e-30
19330159 1.4772298e+17 6.1742127e+09 1.4696987e+09 1e-23 6.4403284e-23 2.6184658e-30
19354085 1.4787071e+17 6.1711901e+09 1.4709086e+09 1e-23 6.422569e-23 2.6252188e-30
19378046 1.4801858e+17 6.1681656e+09 1.4721185e+09 1e-23 6.4048606e-23 2.6319891e-30
19402044 1.481666e+17 6.1651391e+09 1.4733284e+09 1e-23 6.3872031e-23 2.6387768e-30
19426077 1.4831476e+17 6.1621107e+09 1.4745383e+09 1e-23 6.3695961e-23 2.6455819e-30
19450145 1.4846308e+17 6.1590804e+09 1.4757482e+09 1e-23 6.3520398e-23 2.6524044e-30
19474250 1.4861154e+17 6.1560481e+09 1.476958e+09 1e-23 6.3345337e-23 2.6592444e-30
19498391 1.4876015e+17 6.1530139e+09 1.4781678e+09 1e-23 6.3170779e-23 2.666102e-30
19522568 1.4890891e+17 6.1499777e+09 1.4793776e+09 1e-23 6.2996722e-23 2.6729771e-30
19546781 1.4905782e+17 6.1469397e+09 1.4805874e+09 1e-23 6.2823164e-23 2.6798699e-30
19571030 1.4920688e+17 6.1438996e+09 1.4817972e+09 1e-23 6.2650104e-23 2.6867803e-30
19595315 1.4935609e+17 6.1408577e+09 1.4830069e+09 1e-23 6.2477541e-23 2.6937084e-30
19619637 1.4950544e+17 6.1378138e+09 1.4842165e+09 1e-23 6.2305472e-23 2.7006543e-30
19643995 1.4965495e+17 6.1347681e+09 1.4854262e+09 1e-23 6.2133897e-23 2.707618e-30
19668389 1.498046e+17 6.1317204e+09 1.4866358e+09 1e-23 6.1962814e-23 2.7145996e-30
19692820 1.4995441e+17 6.1286707e+09 1.4878453e+09 1e-23 6.1792222e-23 2.721599e-30
19717288 1.5010436e+17 6.1256192e+09 1.4890548e+09 1e-23 6.1622118e-23 2.7286164e-30
19741793 1.5025447e+17 6.1225657e+09 1.4902642e+09 1e-23 6.1452503e-23 2.7356518e-30
19766334 1.5040472e+17 6.1195103e+09 1.4914736e+09 1e-23 6.1283374e-23 2.7427053e-30
19790912 1.5055513e+17 6.1164531e+09 1.492683e+09 1e-23 6.111473e-23 2.7497768e-30
19815526 1.5070568e+17 6.1133939e+09 1.4938922e+09 1e-23 6.0946569e-23 2.7568665e-30
19840178 1.5085639e+17 6.1103327e+09 1.4951014e+09 1e-23 6.077889e-23 2.7639743e-30
19864867 1.5100724e+17 6.1072697e+09 1.4963106e+09 1e-23 6.0611692e-23 2.7711004e-30
19889593 1.5115825e+17 6.1042048e+09 1.4975196e+09 1e-23 6.0444973e-23 2.7782447e-30
19914356 1.5130941e+17 6.101138e+09 1.4987286e+09 1e-23 6.0278732e-23 2.7854074e-30
19939156 1.5146072e+17 6.0980692e+09 1.4999376e+09 1e-23 6.0112968e-23 2.7925885e-30
19963993 1.5161218e+17 6.0949986e+09 1.5011464e+09 1e-23 5.9947678e-23 2.7997879e-30
19988868 1.5176379e+17 6.0919261e+09 1.5023551e+09 1e-23 5.9782863e-23 2.8070059e-30
20013780 1.5191555e+17 6.0888516e+09 1.5035638e+09 1e-23 5.9618519e-23 2.8142423e-30
20038730 1.5206747e+17 6.0857753e+09 1.5047724e+09 1e-23 5.9454647e-23 2.8214973e-30
20063718 1.5221954e+17 6.0826971e+09 1.5059809e+09 1e-23 5.9291244e-23 2.828771e-30
20088743 1.5237176e+17 6.079617e+09 1.5071893e+09 1e-23 5.9128309e-23 2.8360633e-30
20113805 1.5252413e+17 6.076535e+09 1.5083976e+09 1e-23 5.8965841e-23 2.8433743e-30
20138906 1.5267665e+17 6.0734511e+09 1.5096058e+09 1e-23 5.8803838e-23 2.850704e-30
20164044 1.5282933e+17 6.0703653e+09 1.5108139e+09 1e-23 5.86423e-23 2.8580526e-30
20189220 1.5298216e+17 6.0672776e+09 1.5120219e+09 1e-23 5.8481224e-23 2.86542e-30
20214435 1.5313514e+17 6.0641881e+09 1.5132297e+09 1e-23 5.8320609e-23 2.8728064e-30
20239687 1.5328828e+17 6.0610967e+09 1.5144375e+09 1e-23 5.8160455e-23 2.8802117e-30
20264978 1.5344156e+17 6.0580034e+09 1.5156451e+09 1e-23 5.8000759e-23 2.8876359e-30
20290306 1.5359501e+17 6.0549082e+09 1.5168527e+09 1e-23 5.7841521e-23 2.8950793e-30
20315673 1.537486e+17 6.0518111e+09 1.5180601e+09 1e-23 5.7682738e-23 2.9025417e-30
20341079 1.5390235e+17 6.0487122e+09 1.5192674e+09 1e-23 5.752441e-23 2.9100233e-30
20366523 1.5405625e+17 6.0456114e+09 1.5204745e+09 1e-23 5.7366536e-23 2.9175242e-30
20392005 1.5421031e+17 6.0425088e+09 1.5216815e+09 1e-23 5.7209113e-23 2.9250442e-30
20417526 1.5436452e+17 6.0394042e+09 1.5228884e+09 1e-23 5.7052142e-23 2.9325836e-30
20443085 1.5451888e+17 6.0362978e+09 1.5240952e+09 1e-23 5.6895619e-23 2.9401423e-30
20468684 1.546734e+17 6.0331896e+09 1.5253018e+09 1e-23 5.6739545e-23 2.9477204e-30
20494321 1.5482808e+17 6.0300794e+09 1.5265082e+09 1e-23 5.6583917e-23 2.955318e-30
20519997 1.549829e+17 6.0269674e+09 1.5277145e+09 1e-23 5.6428735e-23 2.9629351e-30
20545712 1.5513789e+17 6.0238536e+09 1.5289207e+09 1e-23 5.6273997e-23 2.9705717e-30
20571466 1.5529302e+17 6.0207379e+09 1.5301267e+09 1e-23 5.6119702e-23 2.978228e-30
20597259 1.5544832e+17 6.0176204e+09 1.5313325e+09 1e-23 5.5965848e-23 2.9859039e-30
20623091 1.5560377e+17 6.0145009e+09 1.5325382e+09 1e-23 5.5812434e-23 2.9935995e-30
20648962 1.5575937e+17 6.0113797e+09 1.5337438e+09 1e-23 5.565946e-23 3.0013149e-30
20674873 1.5591513e+17 6.0082566e+09 1.5349491e+09 1e-23 5.5506923e-23 3.0090501e-30
20700823 1.5607104e+17 6.0051316e+09 1.5361543e+09 1e-23 5.5354823e-23 3.0168051e-30
20726813 1.5622712e+17 6.0020049e+09 1.5373593e+09 1e-23 5.5203158e-23 3.0245801e-30
20752842 1.5638334e+17 5.9988762e+09 1.5385642e+09 1e-23 5.5051926e-23 3.032375e-30
20778911 1.5653973e+17 5.9957457e+09 1.5397688e+09 1e-23 5.4901127e-23 3.04019e-30
20805019 1.5669627e+17 5.9926134e+09 1.5409733e+09 1e-23 5.475076e-23 3.048025e-30
20831167 1.5685296e+17 5.9894793e+09 1.5421776e+09 1e-23 5.4600823e-23 3.0558802e-30
20857355 1.5700981e+17 5.9863433e+09 1.5433817e+09 1e-23 5.4451314e-23 3.0637555e-30
20883583 1.5716682e+17 5.9832055e+09 1.5445856e+09 1e-23 5.4302233e-23 3.0716511e-30
20909851 1.5732399e+17 5.9800659e+09 1.5457893e+09 1e-23 5.4153578e-23 3.0795669e-30
20936159 1.5748132e+17 5.9769244e+09 1.5469928e+09 1e-23 5.4005349e-23 3.0875031e-30
20962508 1.576388e+17 5.9737811e+09 1.5481961e+09 1e-23 5.3857543e-23 3.0954597e-30
20988896 1.5779644e+17 5.970636e+09 1.5493993e+09 1e-23 5.3710159e-23 3.1034367e-30
21015325 1.5795423e+17 5.967489e+09 1.5506022e+09 1e-23 5.3563198e-23 3.1114342e-30
21041794 1.5811219e+17 5.9643403e+09 1.5518048e+09 1e-23 5.3416656e-23 3.1194522e-30
21068304 1.582703e+17 5.9611897e+09 1.5530073e+09 1e-23 5.3270533e-23 3.1274909e-30
21094854 1.5842857e+17 5.9580373e+09 1.5542096e+09 1e-23 5.3124828e-23 3.1355502e-30
21121444 1.58587e+17 5.9548831e+09 1.5554116e+09 1e-23 5.2979539e-23 3.1436302e-30
21148076 1.5874558e+17 5.9517271e+09 1.5566134e+09 1e-23 5.2834666e-23 3.151731e-30
21174748 1.5890433e+17 5.9485693e+09 1.557815e+09 1e-23 5.2690206e-23 3.1598526e-30
21201461 1.5906323e+17 5.9454096e+09 1.5590163e+09 1e-23 5.2546159e-23 3.1679951e-30
21228215 1.592223e+17 5.9422482e+09 1.5602174e+09 1e-23 5.2402524e-23 3.1761585e-30
21255010 1.5938152e+17 5.939085e+09 1.5614183e+09 1e-23 5.22593e-23 3.1843429e-30
21281846 1.595409e+17 5.9359199e+09 1.562619e+09 1e-23 5.2116484e-23 3.1925483e-30
21308723 1.5970044e+17 5.9327531e+09 1.5638193e+09 1e-23 5.1974077e-23 3.2007749e-30
21335642 1.5986014e+17 5.9295845e+09 1.5650195e+09 1e-23 5.1832076e-23 3.2090225e-30
21362601 1.6002e+17 5.9264141e+09 1.5662194e+09 1e-23 5.1690481e-23 3.2172914e-30
21389603 1.6018002e+17 5.9232418e+09 1.567419e+09 1e-23 5.1549291e-23 3.2255815e-30
21416645 1.603402e+17 5.9200678e+09 1.5686184e+09 1e-23 5.1408504e-23 3.233893e-30
21443729 1.6050054e+17 5.916892e+09 1.5698175e+09 1e-23 5.1268119e-23 3.2422258e-30
21470855 1.6066104e+17 5.9137145e+09 1.5710164e+09 1e-23 5.1128134e-23 3.25058e-30
21498023 1.608217e+17 5.9105351e+09 1.5722149e+09 1e-23 5.098855e-23 3.2589557e-30
21525232 1.6098253e+17 5.907354e+09 1.5734133e+09 1e-23 5.0849364e-23 3.267353e-30
21552483 1.6114351e+17 5.9041711e+09 1.5746113e+09 1e-23 5.0710576e-23 3.2757718e-30
21579776 1.6130465e+17 5.9009864e+09 1.5758091e+09 1e-23 5.0572184e-23 3.2842123e-30
21607112 1.6146596e+17 5.8977999e+09 1.5770065e+09 1e-23 5.0434187e-23 3.2926745e-30
21634489 1.6162742e+17 5.8946117e+09 1.5782037e+09 1e-23 5.0296583e-23 3.3011585e-30
21661909 1.6178905e+17 5.8914216e+09 1.5794006e+09 1e-23 5.0159373e-23 3.3096642e-30
21689370 1.6195084e+17 5.8882299e+09 1.5805973e+09 1e-23 5.0022554e-23 3.3181919e-30
21716874 1.6211279e+17 5.8850363e+09 1.5817936e+09 1e-23 4.9886126e-23 3.3267415e-30
21744421 1.622749e+17 5.881841e+09 1.5829896e+09 1e-23 4.9750088e-23 3.335313e-30
21772010 1.6243718e+17 5.878644e+09 1.5841853e+09 1e-23 4.9614437e-23 3.3439067e-30
21799642 1.6259961e+17 5.8754452e+09 1.5853807e+09 1e-23 4.9479174e-23 3.3525224e-30
21827316 1.6276221e+17 5.8722446e+09 1.5865759e+09 1e-23 4.9344296e-23 3.3611603e-30
21855034 1.6292498e+17 5.8690422e+09 1.5877707e+09 1e-23 4.9209804e-23 3.3698204e-30
21882794 1.630879e+17 5.8658382e+09 1.5889651e+09 1e-23 4.9075695e-23 3.3785028e-30
21910597 1.6325099e+17 5.8626323e+09 1.5901593e+09 1e-23 4.8941969e-23 3.3872076e-30
21938443 1.6341424e+17 5.8594248e+09 1.5913531e+09 1e-23 4.8808624e-23 3.3959347e-30
21966332 1.6357765e+17 5.8562154e+09 1.5925467e+09 1e-23 4.867566e-23 3.4046843e-30
21994264 1.6374123e+17 5.8530044e+09 1.5937399e+09 1e-23 4.8543075e-23 3.4134564e-30
22022240 1.6390497e+17 5.8497916e+09 1.5949327e+09 1e-23 4.8410868e-23 3.422251e-30
22050259 1.6406888e+17 5.846577e+09 1.5961252e+09 1e-23 4.8279038e-23 3.4310683e-30
22078321 1.6423295e+17 5.8433608e+09 1.5973174e+09 1e-23 4.8147584e-23 3.4399083e-30
22106427 1.6439718e+17 5.8401428e+09 1.5985093e+09 1e-23 4.8016505e-23 3.4487711e-30
22134576 1.6456158e+17 5.836923e+09 1.5997008e+09 1e-23 4.78858e-23 3.4576566e-30
22162770 1.6472614e+17 5.8337016e+09 1.6008919e+09 1e-23 4.7755467e-23 3.4665651e-30
22191007 1.6489087e+17 5.8304784e+09 1.6020827e+09 1e-23 4.7625506e-23 3.4754964e-30
22219287 1.6505576e+17 5.8272535e+09 1.6032731e+09 1e-23 4.7495916e-23 3.4844508e-30
22247612 1.6522081e+17 5.8240268e+09 1.6044632e+09 1e-23 4.7366695e-23 3.4934282e-30
22275981 1.6538603e+17 5.8207985e+09 1.6056529e+09 1e-23 4.7237842e-23 3.5024287e-30
22304394 1.6555142e+17 5.8175684e+09 1.6068423e+09 1e-23 4.7109356e-23 3.5114523e-30
22332851 1.6571697e+17 5.8143366e+09 1.6080313e+09 1e-23 4.6981237e-23 3.5204992e-30
22361353 1.6588269e+17 5.8111032e+09 1.6092199e+09 1e-23 4.6853483e-23 3.5295694e-30
22389898 1.6604857e+17 5.807868e+09 1.6104081e+09 1e-23 4.6726093e-23 3.538663e-30
22418489 1.6621462e+17 5.8046311e+09 1.611596e+09 1e-23 4.6599066e-23 3.5477799e-30
22447124 1.6638083e+17 5.8013924e+09 1.6127834e+09 1e-23 4.6472401e-23 3.5569204e-30
22475803 1.6654721e+17 5.7981521e+09 1.6139705e+09 1e-23 4.6346097e-23 3.5660843e-30
22504527 1.6671376e+17 5.7949101e+09 1.6151572e+09 1e-23 4.6220153e-23 3.5752719e-30
22533296 1.6688047e+17 5.7916664e+09 1.6163435e+09 1e-23 4.6094568e-23 3.5844831e-30
22562110 1.6704736e+17 5.788421e+09 1.6175294e+09 1e-23 4.596934e-23 3.5937181e-30
22590969 1.672144e+17 5.7851739e+09 1.6187149e+09 1e-23 4.5844469e-23 3.6029768e-30
22619873 1.6738162e+17 5.7819252e+09 1.6199e+09 1e-23 4.5719954e-23 3.6122594e-30
22648822 1.67549e+17 5.7786747e+09 1.6210847e+09 1e-23 4.5595793e-23 3.6215659e-30
22677816 1.6771655e+17 5.7754226e+09 1.6222689e+09 1e-23 4.5471986e-23 3.6308964e-30
22706856 1.6788426e+17 5.7721687e+09 1.6234528e+09 1e-23 4.5348531e-23 3.6402508e-30
22735941 1.6805215e+17 5.7689132e+09 1.6246362e+09 1e-23 4.5225428e-23 3.6496294e-30
22765072 1.682202e+17 5.765656e+09 1.6258193e+09 1e-23 4.5102676e-23 3.6590322e-30
22794248 1.6838842e+17 5.7623972e+09 1.6270019e+09 1e-23 4.4980273e-23 3.6684592e-30
22823470 1.6855681e+17 5.7591367e+09 1.628184e+09 1e-23 4.4858219e-23 3.6779104e-30
22852738 1.6872537e+17 5.7558745e+09 1.6293658e+09 1e-23 4.4736512e-23 3.687386e-30
22882051 1.6889409e+17 5.7526106e+09 1.630547e+09 1e-23 4.4615151e-23 3.6968861e-30
22911411 1.6906299e+17 5.7493451e+09 1.6317279e+09 1e-23 4.4494136e-23 3.7064106e-30
22940817 1.6923205e+17 5.7460779e+09 1.6329083e+09 1e-23 4.4373466e-23 3.7159596e-30
22970268 1.6940128e+17 5.742809e+09 1.6340883e+09 1e-23 4.4253138e-23 3.7255333e-30
22999766 1.6957068e+17 5.7395385e+09 1.6352678e+09 1e-23 4.4133154e-23 3.7351316e-30
23029311 1.6974025e+17 5.7362664e+09 1.6364469e+09 1e-23 4.401351e-23 3.7447546e-30
23058901 1.6990999e+17 5.7329926e+09 1.6376255e+09 1e-23 4.3894207e-23 3.7544025e-30
23088539 1.700799e+17 5.7297171e+09 1.6388036e+09 1e-23 4.3775244e-23 3.7640752e-30
23118222 1.7024998e+17 5.72644e+09 1.6399813e+09 1e-23 4.3656619e-23 3.7737729e-30
23147953 1.7042023e+17 5.7231613e+09 1.6411585e+09 1e-23 4.3538331e-23 3.7834955e-30
23177730 1.7059065e+17 5.7198809e+09 1.6423352e+09 1e-23 4.342038e-23 3.7932432e-30
23207554 1.7076124e+17 5.7165989e+09 1.6435115e+09 1e-23 4.3302765e-23 3.8030161e-30
23237425 1.70932e+17 5.7133152e+09 1.6446873e+09 1e-23 4.3185484e-23 3.8128141e-30
23267344 1.7110294e+17 5.71003e+09 1.6458626e+09 1e-23 4.3068536e-23 3.8226374e-30
23297309 1.7127404e+17 5.706743e+09 1.6470374e+09 1e-23 4.2951922e-23 3.832486e-30
23327322 1.7144531e+17 5.7034545e+09 1.6482117e+09 1e-23 4.2835638e-23 3.84236e-30
23357381 1.7161676e+17 5.7001643e+09 1.6493856e+09 1e-23 4.2719686e-23 3.8522595e-30
23387489 1.7178838e+17 5.6968725e+09 1.6505589e+09 1e-23 4.2604063e-23 3.8621845e-30
23417644 1.7196016e+17 5.6935791e+09 1.6517317e+09 1e-23 4.2488769e-23 3.872135e-30
23447846 1.7213212e+17 5.6902841e+09 1.6529041e+09 1e-23 4.2373802e-23 3.8821113e-30
23478096 1.7230426e+17 5.6869875e+09 1.6540759e+09 1e-23 4.2259163e-23 3.8921133e-30
23508394 1.7247656e+17 5.6836892e+09 1.6552472e+09 1e-23 4.2144849e-23 3.902141e-30
23538740 1.7264904e+17 5.6803894e+09 1.656418e+09 1e-23 4.203086e-23 3.9121946e-30
23569134 1.7282169e+17 5.6770879e+09 1.6575883e+09 1e-23 4.1917196e-23 3.9222742e-30
23599576 1.7299451e+17 5.6737848e+09 1.6587581e+09 1e-23 4.1803854e-23 3.9323797e-30
23630066 1.731675e+17 5.6704802e+09 1.6599273e+09 1e-23 4.1690834e-23 3.9425114e-30
23660605 1.7334067e+17 5.6671739e+09 1.661096e+09 1e-23 4.1578136e-23 3.9526691e-30
23691191 1.7351401e+17 5.663866e+09 1.6622642e+09 1e-23 4.1465757e-23 3.9628531e-30
23721827 1.7368752e+17 5.6605566e+09 1.6634318e+09 1e-23 4.1353698e-23 3.9730633e-30
23752510 1.7386121e+17 5.6572455e+09 1.6645989e+09 1e-23 4.1241958e-23 3.9832998e-30
23783243 1.7403507e+17 5.6539329e+09 1.6657655e+09 1e-23 4.1130534e-23 3.9935628e-30
23814024 1.7420911e+17 5.6506187e+09 1.6669315e+09 1e-23 4.1019428e-23 4.0038523e-30
23844854 1.7438332e+17 5.6473029e+09 1.6680969e+09 1e-23 4.0908637e-23 4.0141683e-30
23875733 1.745577e+17 5.6439855e+09 1.6692618e+09 1e-23 4.079816e-23 4.0245109e-30
23906661 1.7473226e+17 5.6406666e+09 1.6704262e+09 1e-23 4.0687997e-23 4.0348802e-30
23937639 1.7490699e+17 5.6373461e+09 1.6715899e+09 1e-23 4.0578147e-23 4.0452763e-30
23968665 1.750819e+17 5.634024e+09 1.6727532e+09 1e-23 4.0468609e-23 4.0556992e-30
23999741 1.7525698e+17 5.6307003e+09 1.6739158e+09 1e-23 4.0359383e-23 4.0661489e-30
24030866 1.7543224e+17 5.6273751e+09 1.6750779e+09 1e-23 4.0250466e-23 4.0766257e-30
24062041 1.7560767e+17 5.6240483e+09 1.6762394e+09 1e-23 4.0141858e-23 4.0871295e-30
24093265 1.7578328e+17 5.62072e+09 1.6774003e+09 1e-23 4.0033559e-23 4.0976604e-30
24124540 1.7595906e+17 5.6173901e+09 1.6785606e+09 1e-23 3.9925567e-23 4.1082185e-30
24155864 1.7613502e+17 5.6140587e+09 1.6797203e+09 1e-23 3.9817881e-23 4.1188039e-30
24187237 1.7631115e+17 5.6107257e+09 1.6808795e+09 1e-23 3.9710502e-23 4.1294165e-30
24218661 1.7648747e+17 5.6073911e+09 1.682038e+09 1e-23 3.9603427e-23 4.1400566e-30
24250135 1.7666395e+17 5.604055e+09 1.683196e+09 1e-23 3.9496655e-23 4.1507241e-30
24281660 1.7684062e+17 5.6007174e+09 1.6843534e+09 1e-23 3.9390187e-23 4.1614192e-30
24313234 1.7701746e+17 5.5973782e+09 1.6855101e+09 1e-23 3.9284021e-23 4.1721419e-30
24344860 1.7719447e+17 5.5940375e+09 1.6866662e+09 1e-23 3.9178156e-23 4.1828923e-30
24376535 1.7737167e+17 5.5906953e+09 1.6878218e+09 1e-23 3.9072592e-23 4.1936704e-30
24408261 1.7754904e+17 5.5873515e+09 1.6889767e+09 1e-23 3.8967327e-23 4.2044764e-30
24440038 1.7772659e+17 5.5840062e+09 1.690131e+09 1e-23 3.886236e-23 4.2153103e-30
24471866 1.7790432e+17 5.5806594e+09 1.6912846e+09 1e-23 3.8757691e-23 4.2261721e-30
24503745 1.7808222e+17 5.577311e+09 1.6924377e+09 1e-23 3.8653319e-23 4.237062e-30
24535675 1.782603e+17 5.5739612e+09 1.6935901e+09 1e-23 3.8549243e-23 4.24798e-30
24567655 1.7843856e+17 5.5706098e+09 1.6947418e+09 1e-23 3.8445462e-23 4.2589263e-30
24599688 1.78617e+17 5.5672569e+09 1.6958929e+09 1e-23 3.8341976e-23 4.2699008e-30
24631771 1.7879562e+17 5.5639025e+09 1.6970434e+09 1e-23 3.8238783e-23 4.2809036e-30
24663906 1.7897441e+17 5.5605466e+09 1.6981933e+09 1e-23 3.8135882e-23 4.2919349e-30
24696093 1.7915339e+17 5.5571892e+09 1.6993424e+09 1e-23 3.8033273e-23 4.3029947e-30
24728331 1.7933254e+17 5.5538303e+09 1.700491e+09 1e-23 3.7930955e-23 4.314083e-30
24760621 1.7951187e+17 5.5504699e+09 1.7016388e+09 1e-23 3.7828927e-23 4.3252e-30
24792962 1.7969139e+17 5.547108e+09 1.7027861e+09 1e-23 3.7727188e-23 4.3363457e-30
24825356 1.7987108e+17 5.5437446e+09 1.7039326e+09 1e-23 3.7625738e-23 4.3475202e-30
24857802 1.8005095e+17 5.5403797e+09 1.7050785e+09 1e-23 3.7524575e-23 4.3587236e-30
24890300 1.80231e+17 5.5370133e+09 1.7062237e+09 1e-23 3.7423699e-23 4.3699559e-30
24922850 1.8041123e+17 5.5336455e+09 1.7073682e+09 1e-23 3.7323108e-23 4.3812173e-30
24955453 1.8059164e+17 5.5302761e+09 1.708512e+09 1e-23 3.7222803e-23 4.3925077e-30
24988108 1.8077223e+17 5.5269053e+09 1.7096552e+09 1e-23 3.7122781e-23 4.4038274e-30
25020815 1.8095301e+17 5.523533e+09 1.7107977e+09 1e-23 3.7023043e-23 4.4151762e-30
25053576 1.8113396e+17 5.5201593e+09 1.7119394e+09 1e-23 3.6923588e-23 4.4265545e-30
25086389 1.8131509e+17 5.5167841e+09 1.7130805e+09 1e-23 3.6824414e-23 4.4379621e-30
25119255 1.8149641e+17 5.5134074e+09 1.7142209e+09 1e-23 3.6725521e-23 4.4493992e-30
25152174 1.816779e+17 5.5100292e+09 1.7153606e+09 1e-23 3.6626908e-23 4.4608659e-30
25185146 1.8185958e+17 5.5066496e+09 1.7164996e+09 1e-23 3.6528575e-23 4.4723622e-30
25218172 1.8204144e+17 5.5032685e+09 1.7176378e+09 1e-23 3.643052e-23 4.4838883e-30
25251250 1.8222348e+17 5.499886e+09 1.7187754e+09 1e-23 3.6332742e-23 4.4954441e-30
25284383 1.8240571e+17 5.4965021e+09 1.7199122e+09 1e-23 3.6235241e-23 4.5070299e-30
25317568 1.8258811e+17 5.4931166e+09 1.7210483e+09 1e-23 3.6138017e-23 4.5186455e-30
25350808 1.827707e+17 5.4897298e+09 1.7221837e+09 1e-23 3.6041067e-23 4.5302913e-30
25384101 1.8295347e+17 5.4863415e+09 1.7233183e+09 1e-23 3.5944392e-23 4.5419671e-30
25417448 1.8313643e+17 5.4829517e+09 1.7244522e+09 1e-23 3.5847991e-23 4.5536731e-30
25450849 1.8331956e+17 5.4795606e+09 1.7255854e+09 1e-23 3.5751862e-23 4.5654094e-30
25484304 1.8350288e+17 5.476168e+09 1.7267179e+09 1e-23 3.5656005e-23 4.577176e-30
25517814 1.8368638e+17 5.4727739e+09 1.7278496e+09 1e-23 3.556042e-23 4.5889731e-30
25551377 1.8387007e+17 5.4693785e+09 1.7289805e+09 1e-23 3.5465105e-23 4.6008007e-30
25584996 1.8405394e+17 5.4659816e+09 1.7301107e+09 1e-23 3.537006e-23 4.6126589e-30
25618668 1.8423799e+17 5.4625833e+09 1.7312401e+09 1e-23 3.5275284e-23 4.6245477e-30
25652395 1.8442223e+17 5.4591836e+09 1.7323688e+09 1e-23 3.5180775e-23 4.6364674e-30
25686177 1.8460665e+17 5.4557825e+09 1.7334967e+09 1e-23 3.5086535e-23 4.6484178e-30
25720014 1.8479126e+17 5.4523799e+09 1.7346239e+09 1e-23 3.499256e-23 4.6603992e-30
25753906 1.8497605e+17 5.448976e+09 1.7357502e+09 1e-23 3.4898852e-23 4.6724115e-30
25787853 1.8516103e+17 5.4455707e+09 1.7368758e+09 1e-23 3.4805408e-23 4.684455e-30
25821855 1.8534619e+17 5.4421639e+09 1.7380006e+09 1e-23 3.4712229e-23 4.6965296e-30
25855913 1.8553154e+17 5.4387558e+09 1.7391247e+09 1e-23 3.4619313e-23 4.7086354e-30
25890026 1.8571707e+17 5.4353462e+09 1.7402479e+09 1e-23 3.452666e-23 4.7207726e-30
25924194 1.8590278e+17 5.4319353e+09 1.7413704e+09 1e-23 3.4434268e-23 4.7329411e-30
25958418 1.8608869e+17 5.428523e+09 1.742492e+09 1e-23 3.4342138e-23 4.7451412e-30
25992698 1.8627478e+17 5.4251093e+09 1.7436129e+09 1e-23 3.4250269e-23 4.7573728e-30
26027033 1.8646105e+17 5.4216942e+09 1.7447329e+09 1e-23 3.4158659e-23 4.7696361e-30
26061425 1.8664751e+17 5.4182778e+09 1.7458522e+09 1e-23 3.4067308e-23 4.7819312e-30
26095873 1.8683416e+17 5.41486e+09 1.7469706e+09 1e-23 3.3976215e-23 4.794258e-30
26130377 1.8702099e+17 5.4114408e+09 1.7480883e+09 1e-23 3.3885379e-23 4.8066168e-30
26164937 1.8720801e+17 5.4080202e+09 1.7492051e+09 1e-23 3.37948e-23 4.8190076e-30
26199554 1.8739522e+17 5.4045983e+09 1.7503211e+09 1e-23 3.3704477e-23 4.8314304e-30
26234227 1.8758262e+17 5.401175e+09 1.7514362e+09 1e-23 3.361441e-23 4.8438854e-30
26268957 1.877702e+17 5.3977503e+09 1.7525506e+09 1e-23 3.3524596e-23 4.8563727e-30
26303744 1.8795797e+17 5.3943243e+09 1.7536641e+09 1e-23 3.3435037e-23 4.8688922e-30
26338588 1.8814593e+17 5.390897e+09 1.7547767e+09 1e-23 3.334573e-23 4.8814442e-30
26373488 1.8833407e+17 5.3874682e+09 1.7558886e+09 1e-23 3.3256675e-23 4.8940287e-30
26408446 1.8852241e+17 5.3840382e+09 1.7569995e+09 1e-23 3.3167873e-23 4.9066458e-30
26443461 1.8871093e+17 5.3806068e+09 1.7581097e+09 1e-23 3.307932e-23 4.9192956e-30
26478534 1.8889964e+17 5.3771741e+09 1.7592189e+09 1e-23 3.2991018e-23 4.9319781e-30
26513663 1.8908854e+17 5.37374e+09 1.7603274e+09 1e-23 3.2902965e-23 4.9446934e-30
26548851 1.8927763e+17 5.3703046e+09 1.7614349e+09 1e-23 3.2815161e-23 4.9574417e-30
26584096 1.8946691e+17 5.3668679e+09 1.7625416e+09 1e-23 3.2727605e-23 4.970223e-30
26619399 1.8965637e+17 5.3634298e+09 1.7636474e+09 1e-23 3.2640295e-23 4.9830375e-30
26654760 1.8984603e+17 5.3599905e+09 1.7647524e+09 1e-23 3.2553233e-23 4.9958851e-30
26690179 1.9003588e+17 5.3565498e+09 1.7658565e+09 1e-23 3.2466416e-23 5.008766e-30
26725657 1.9022591e+17 5.3531078e+09 1.7669597e+09 1e-23 3.2379843e-23 5.0216802e-30
26761192 1.9041614e+17 5.3496644e+09 1.768062e+09 1e-23 3.2293516e-23 5.034628e-30
26796786 1.9060655e+17 5.3462198e+09 1.7691634e+09 1e-23 3.2207431e-23 5.0476092e-30
26832439 1.9079716e+17 5.3427739e+09 1.770264e+09 1e-23 3.212159e-23 5.0606241e-30
26868150 1.9098796e+17 5.3393266e+09 1.7713636e+09 1e-23 3.2035991e-23 5.0736728e-30
26903920 1.9117895e+17 5.3358781e+09 1.7724624e+09 1e-23 3.1950633e-23 5.0867552e-30
26939749 1.9137013e+17 5.3324283e+09 1.7735602e+09 1e-23 3.1865516e-23 5.0998716e-30
26975637 1.915615e+17 5.3289771e+09 1.7746571e+09 1e-23 3.1780639e-23 5.1130219e-30
27011584 1.9175306e+17 5.3255247e+09 1.7757532e+09 1e-23 3.1696002e-23 5.1262063e-30
27047591 1.9194481e+17 5.322071e+09 1.7768483e+09 1e-23 3.1611603e-23 5.1394249e-30
27083656 1.9213675e+17 5.3186161e+09 1.7779425e+09 1e-23 3.1527442e-23 5.1526777e-30
27119782 1.9232889e+17 5.3151598e+09 1.7790357e+09 1e-23 3.1443519e-23 5.1659649e-30
27155967 1.9252122e+17 5.3117023e+09 1.7801281e+09 1e-23 3.1359832e-23 5.1792866e-30
27192212 1.9271374e+17 5.3082435e+09 1.7812195e+09 1e-23 3.1276381e-23 5.1926428e-30
27228516 1.9290646e+17 5.3047834e+09 1.78231e+09 1e-23 3.1193165e-23 5.2060336e-30
27264881 1.9309936e+17 5.3013221e+09 1.7833995e+09 1e-23 3.1110184e-23 5.2194591e-30
27301306 1.9329246e+17 5.2978595e+09 1.7844881e+09 1e-23 3.1027437e-23 5.2329194e-30
27337791 1.9348575e+17 5.2943956e+09 1.7855758e+09 1e-23 3.0944922e-23 5.2464146e-30
27374336 1.9367924e+17 5.2909305e+09 1.7866625e+09 1e-23 3.0862641e-23 5.2599448e-30
27410942 1.9387292e+17 5.2874641e+09 1.7877482e+09 1e-23 3.0780591e-23 5.2735101e-30
27447608 1.9406679e+17 5.2839965e+09 1.788833e+09 1e-23 3.0698773e-23 5.2871106e-30
27484336 1.9426086e+17 5.2805277e+09 1.7899168e+09 1e-23 3.0617185e-23 5.3007464e-30
27521124 1.9445512e+17 5.2770576e+09 1.7909997e+09 1e-23 3.0535826e-23 5.3144175e-30
27557973 1.9464957e+17 5.2735863e+09 1.7920816e+09 1e-23 3.0454697e-23 5.328124e-30
27594883 1.9484422e+17 5.2701137e+09 1.7931625e+09 1e-23 3.0373797e-23 5.3418662e-30
27631855 1.9503907e+17 5.2666399e+09 1.7942425e+09 1e-23 3.0293124e-23 5.3556439e-30
27668888 1.9523411e+17 5.2631649e+09 1.7953214e+09 1e-23 3.0212679e-23 5.3694574e-30
27705982 1.9542934e+17 5.2596886e+09 1.7963994e+09 1e-23 3.013246e-23 5.3833068e-30
27743138 1.9562477e+17 5.2562112e+09 1.7974764e+09 1e-23 3.0052467e-23 5.397192e-30
27780356 1.958204e+17 5.2527325e+09 1.7985524e+09 1e-23 2.9972699e-23 5.4111133e-30
27817636 1.9601622e+17 5.2492526e+09 1.7996274e+09 1e-23 2.9893156e-23 5.4250707e-30
27854977 1.9621223e+17 5.2457715e+09 1.8007014e+09 1e-23 2.9813836e-23 5.4390643e-30
27892381 1.9640844e+17 5.2422892e+09 1.8017744e+09 1e-23 2.973474e-23 5.4530943e-30
27929847 1.9660485e+17 5.2388057e+09 1.8028464e+09 1e-23 2.9655867e-23 5.4671606e-30
27967376 1.9680146e+17 5.235321e+09 1.8039174e+09 1e-23 2.9577215e-23 5.4812634e-30
28004967 1.9699826e+17 5.2318351e+09 1.8049873e+09 1e-23 2.9498785e-23 5.4954029e-30
28042621 1.9719526e+17 5.228348e+09 1.8060562e+09 1e-23 2.9420575e-23 5.509579e-30
28080337 1.9739245e+17 5.2248597e+09 1.8071242e+09 1e-23 2.9342586e-23 5.5237919e-30
28118117 1.9758985e+17 5.2213702e+09 1.808191e+09 1e-23 2.9264816e-23 5.5380418e-30
28155959 1.9778743e+17 5.2178796e+09 1.8092569e+09 1e-23 2.9187265e-23 5.5523286e-30
28193865 1.9798522e+17 5.2143878e+09 1.8103217e+09 1e-23 2.9109932e-23 5.5666524e-30
28231834 1.9818321e+17 5.2108948e+09 1.8113855e+09 1e-23 2.9032816e-23 5.5810135e-30
28269867 1.9838139e+17 5.2074006e+09 1.8124482e+09 1e-23 2.8955917e-23 5.5954119e-30
28307963 1.9857977e+17 5.2039052e+09 1.8135099e+09 1e-23 2.8879235e-23 5.6098476e-30
28346122 1.9877835e+17 5.2004087e+09 1.8145705e+09 1e-23 2.8802768e-23 5.6243208e-30
28384346 1.9897713e+17 5.1969111e+09 1.8156301e+09 1e-23 2.8726517e-23 5.6388316e-30
28422634 1.9917611e+17 5.1934123e+09 1.8166886e+09 1e-23 2.8650479e-23 5.6533801e-30
28460985 1.9937528e+17 5.1899123e+09 1.8177461e+09 1e-23 2.8574656e-23 5.6679663e-30
28499401 1.9957466e+17 5.1864112e+09 1.8188025e+09 1e-23 2.8499045e-23 5.6825905e-30
28537882 1.9977423e+17 5.1829089e+09 1.8198578e+09 1e-23 2.8423647e-23 5.6972526e-30
28576426 1.9997401e+17 5.1794055e+09 1.820912e+09 1e-23 2.8348461e-23 5.7119527e-30
28615036 2.0017398e+17 5.175901e+09 1.8219652e+09 1e-23 2.8273486e-23 5.7266911e-30
28653710 2.0037416e+17 5.1723953e+09 1.8230173e+09 1e-23 2.8198722e-23 5.7414678e-30
28692449 2.0057453e+17 5.1688885e+09 1.8240683e+09 1e-23 2.8124168e-23 5.7562828e-30
28731253 2.007751e+17 5.1653806e+09 1.8251182e+09 1e-23 2.8049824e-23 5.7711363e-30
28770123 2.0097588e+17 5.1618715e+09 1.826167e+09 1e-23 2.7975688e-23 5.7860284e-30
28809057 2.0117686e+17 5.1583614e+09 1.8272147e+09 1e-23 2.7901761e-23 5.8009592e-30
28848058 2.0137803e+17 5.1548501e+09 1.8282613e+09 1e-23 2.7828041e-23 5.8159288e-30
28887123 2.0157941e+17 5.1513377e+09 1.8293067e+09 1e-23 2.7754528e-23 5.8309372e-30
28926255 2.0178099e+17 5.1478242e+09 1.8303511e+09 1e-23 2.7681222e-23 5.8459847e-30
28965452 2.0198277e+17 5.1443095e+09 1.8313944e+09 1e-23 2.7608122e-23 5.8610713e-30
29004715 2.0218475e+17 5.1407938e+09 1.8324365e+09 1e-23 2.7535227e-23 5.876197e-30
29044045 2.0238694e+17 5.137277e+09 1.8334776e+09 1e-23 2.7462536e-23 5.8913621e-30
29083441 2.0258933e+17 5.1337591e+09 1.8345175e+09 1e-23 2.739005e-23 5.9065666e-30
29122903 2.0279191e+17 5.1302401e+09 1.8355562e+09 1e-23 2.7317767e-23 5.9218106e-30
29162432 2.0299471e+17 5.12672e+09 1.8365939e+09 1e-23 2.7245687e-23 5.9370942e-30
29202027 2.031977e+17 5.1231989e+09 1.8376304e+09 1e-23 2.717381e-23 5.9524176e-30
29241689 2.034009e+17 5.1196766e+09 1.8386657e+09 1e-23 2.7102134e-23 5.9677808e-30
29281419 2.036043e+17 5.1161533e+09 1.8396999e+09 1e-23 2.7030659e-23 5.9831839e-30
29321215 2.038079e+17 5.1126289e+09 1.840733e+09 1e-23 2.6959385e-23 5.9986271e-30
29361079 2.0401171e+17 5.1091035e+09 1.8417649e+09 1e-23 2.6888311e-23 6.0141104e-30
29401010 2.0421572e+17 5.1055769e+09 1.8427956e+09 1e-23 2.6817436e-23 6.029634e-30
29441008 2.0441994e+17 5.1020493e+09 1.8438252e+09 1e-23 2.674676e-23 6.0451979e-30
29481074 2.0462436e+17 5.0985207e+09 1.8448536e+09 1e-23 2.6676282e-23 6.0608023e-30
29521208 2.0482898e+17 5.094991e+09 1.8458808e+09 1e-23 2.6606002e-23 6.0764473e-30
29561411 2.0503381e+17 5.0914603e+09 1.8469069e+09 1e-23 2.6535919e-23 6.0921329e-30
29601681 2.0523885e+17 5.0879285e+09 1.8479318e+09 1e-23 2.6466033e-23 6.1078594e-30
29642019 2.0544409e+17 5.0843957e+09 1.8489555e+09 1e-23 2.6396343e-23 6.1236267e-30
29682426 2.0564953e+17 5.0808618e+09 1.849978e+09 1e-23 2.6326848e-23 6.1394351e-30
29722901 2.0585518e+17 5.0773269e+09 1.8509993e+09 1e-23 2.6257547e-23 6.1552846e-30
29763445 2.0606103e+17 5.073791e+09 1.8520195e+09 1e-23 2.6188442e-23 6.1711753e-30
29804058 2.062671e+17 5.070254e+09 1.8530384e+09 1e-23 2.6119529e-23 6.1871073e-30
29844740 2.0647336e+17 5.066716e+09 1.8540561e+09 1e-23 2.605081e-23 6.2030808e-30
29885491 2.0667984e+17 5.063177e+09 1.8550727e+09 1e-23 2.5982284e-23 6.2190959e-30
29926311 2.0688652e+17 5.059637e+09 1.856088e+09 1e-23 2.591395e-23 6.2351526e-30
29967201 2.070934e+17 5.056096e+09 1.8571021e+09 1e-23 2.5845807e-23 6.2512511e-30
30008160 2.073005e+17 5.052554e+09 1.858115e+09 1e-23 2.5777855e-23 6.2673915e-30
30049189 2.075078e+17 5.0490109e+09 1.8591266e+09 1e-23 2.5710093e-23 6.2835738e-30
30090287 2.077153e+17 5.0454669e+09 1.8601371e+09 1e-23 2.5642521e-23 6.2997983e-30
30131456 2.0792302e+17 5.0419219e+09 1.8611463e+09 1e-23 2.5575139e-23 6.316065e-30
30172695 2.0813094e+17 5.0383759e+09 1.8621543e+09 1e-23 2.5507945e-23 6.3323741e-30
30214004 2.0833907e+17 5.0348288e+09 1.863161e+09 1e-23 2.544094e-23 6.3487256e-30
30255383 2.0854741e+17 5.0312809e+09 1.8641665e+09 1e-23 2.5374122e-23 6.3651196e-30
30296834 2.0875596e+17 5.0277319e+09 1.8651707e+09 1e-23 2.5307491e-23 6.3815564e-30
30338355 2.0896472e+17 5.0241819e+09 1.8661737e+09 1e-23 2.5241047e-23 6.3980359e-30
30379946 2.0917368e+17 5.020631e+09 1.8671755e+09 1e-23 2.5174789e-23 6.4145583e-30
30421609 2.0938285e+17 5.0170791e+09 1.868176e+09 1e-23 2.5108716e-23 6.4311237e-30
30463343 2.0959224e+17 5.0135263e+09 1.8691752e+09 1e-23 2.5042828e-23 6.4477323e-30
30505149 2.0980183e+17 5.0099724e+09 1.8701732e+09 1e-23 2.4977125e-23 6.4643841e-30
30547025 2.1001163e+17 5.0064177e+09 1.8711699e+09 1e-23 2.4911605e-23 6.4810792e-30
30588974 2.1022164e+17 5.0028619e+09 1.8721653e+09 1e-23 2.4846269e-23 6.4978179e-30
30630994 2.1043186e+17 4.9993053e+09 1.8731594e+09 1e-23 2.4781116e-23 6.5146001e-30
30673086 2.106423e+17 4.9957476e+09 1.8741523e+09 1e-23 2.4716145e-23 6.531426e-30
30715251 2.1085294e+17 4.9921891e+09 1.8751438e+09 1e-23 2.4651356e-23 6.5482957e-30
30757487 2.1106379e+17 4.9886296e+09 1.8761341e+09 1e-23 2.4586748e-23 6.5652094e-30
30799796 2.1127485e+17 4.9850691e+09 1.8771231e+09 1e-23 2.452232e-23 6.5821672e-30
30842178 2.1148613e+17 4.9815078e+09 1.8781108e+09 1e-23 2.4458073e-23 6.5991691e-30
30884632 2.1169762e+17 4.9779455e+09 1.8790972e+09 1e-23 2.4394006e-23 6.6162153e-30
30927159 2.1190931e+17 4.9743823e+09 1.8800823e+09 1e-23 2.4330118e-23 6.6333059e-30
30969759 2.1212122e+17 4.9708181e+09 1.8810661e+09 1e-23 2.4266408e-23 6.650441e-30
31012432 2.1233334e+17 4.9672531e+09 1.8820485e+09 1e-23 2.4202877e-23 6.6676207e-30
31055179 2.1254568e+17 4.9636871e+09 1.8830297e+09 1e-23 2.4139523e-23 6.6848453e-30
31097999 2.1275822e+17 4.9601203e+09 1.8840095e+09 1e-23 2.4076346e-23 6.7021147e-30
31140893 2.1297098e+17 4.9565525e+09 1.884988e+09 1e-23 2.4013346e-23 6.7194291e-30
31183861 2.1318395e+17 4.9529839e+09 1.8859652e+09 1e-23 2.3950522e-23 6.7367886e-30
31226902 2.1339714e+17 4.9494143e+09 1.886941e+09 1e-23 2.3887874e-23 6.7541934e-30
31270018 2.1361053e+17 4.9458439e+09 1.8879156e+09 1e-23 2.38254e-23 6.7716435e-30
31313208 2.1382414e+17 4.9422725e+09 1.8888887e+09 1e-23 2.3763101e-23 6.7891391e-30
31356472 2.1403797e+17 4.9387003e+09 1.8898605e+09 1e-23 2.3700976e-23 6.8066803e-30
31399811 2.1425201e+17 4.9351272e+09 1.890831e+09 1e-23 2.3639025e-23 6.8242673e-30
31443225 2.1446626e+17 4.9315533e+09 1.8918001e+09 1e-23 2.3577247e-23 6.8419001e-30
31486713 2.1468072e+17 4.9279784e+09 1.8927679e+09 1e-23 2.3515641e-23 6.8595788e-30
31530277 2.148954e+17 4.9244027e+09 1.8937343e+09 1e-23 2.3454208e-23 6.8773036e-30
31573916 2.151103e+17 4.9208261e+09 1.8946993e+09 1e-23 2.3392946e-23 6.8950747e-30
31617630 2.1532541e+17 4.9172487e+09 1.895663e+09 1e-23 2.3331855e-23 6.9128921e-30
31661420 2.1554074e+17 4.9136704e+09 1.8966253e+09 1e-23 2.3270935e-23 6.9307559e-30
31705285 2.1575628e+17 4.9100913e+09 1.8975862e+09 1e-23 2.3210184e-23 6.9486663e-30
31749227 2.1597203e+17 4.9065113e+09 1.8985458e+09 1e-23 2.3149604e-23 6.9666235e-30
31793244 2.1618801e+17 4.9029305e+09 1.8995039e+09 1e-23 2.3089192e-23 6.9846274e-30
31837338 2.1640419e+17 4.8993489e+09 1.9004607e+09 1e-23 2.3028949e-23 7.0026783e-30
31881508 2.166206e+17 4.8957664e+09 1.9014161e+09 1e-23 2.2968874e-23 7.0207763e-30
31925754 2.1683722e+17 4.892183e+09 1.9023701e+09 1e-23 2.2908967e-23 7.0389215e-30
31970077 2.1705406e+17 4.8885989e+09 1.9033226e+09 1e-23 2.2849227e-23 7.0571141e-30
32014478 2.1727111e+17 4.8850139e+09 1.9042738e+09 1e-23 2.2789653e-23 7.0753541e-30
32058955 2.1748838e+17 4.8814281e+09 1.9052236e+09 1e-23 2.2730246e-23 7.0936416e-30
32103509 2.1770587e+17 4.8778415e+09 1.906172e+09 1e-23 2.2671005e-23 7.1119769e-30
32148140 2.1792357e+17 4.8742541e+09 1.9071189e+09 1e-23 2.2611929e-23 7.13036e-30
32192850 2.181415e+17 4.8706659e+09 1.9080644e+09 1e-23 2.2553017e-23 7.1487911e-30
32237636 2.1835964e+17 4.8670769e+09 1.9090085e+09 1e-23 2.249427e-23 7.1672703e-30
32282501 2.18578e+17 4.8634871e+09 1.9099512e+09 1e-23 2.2435687e-23 7.1857977e-30
32327444 2.1879658e+17 4.8598965e+09 1.9108924e+09 1e-23 2.2377267e-23 7.2043735e-30
32372464 2.1901537e+17 4.8563051e+09 1.9118323e+09 1e-23 2.2319009e-23 7.2229977e-30
32417564 2.1923439e+17 4.8527129e+09 1.9127706e+09 1e-23 2.2260915e-23 7.2416706e-30
32462741 2.1945362e+17 4.8491199e+09 1.9137075e+09 1e-23 2.2202982e-23 7.2603921e-30
32507998 2.1967308e+17 4.8455262e+09 1.914643e+09 1e-23 2.2145211e-23 7.2791626e-30
32553333 2.1989275e+17 4.8419316e+09 1.9155771e+09 1e-23 2.20876e-23 7.297982e-30
32598747 2.2011264e+17 4.8383363e+09 1.9165096e+09 1e-23 2.2030151e-23 7.3168506e-30
32644241 2.2033276e+17 4.8347403e+09 1.9174407e+09 1e-23 2.1972861e-23 7.3357684e-30
32689813 2.2055309e+17 4.8311435e+09 1.9183704e+09 1e-23 2.1915731e-23 7.3547357e-30
32735466 2.2077364e+17 4.8275459e+09 1.9192986e+09 1e-23 2.185876e-23 7.3737524e-30
32781198 2.2099442e+17 4.8239476e+09 1.9202253e+09 1e-23 2.1801948e-23 7.3928188e-30
32827010 2.2121541e+17 4.8203485e+09 1.9211505e+09 1e-23 2.1745294e-23 7.411935e-30
32872902 2.2143662e+17 4.8167487e+09 1.9220743e+09 1e-23 2.1688797e-23 7.4311011e-30
32918874 2.2165806e+17 4.8131481e+09 1.9229966e+09 1e-23 2.1632458e-23 7.4503173e-30
32964927 2.2187972e+17 4.8095469e+09 1.9239174e+09 1e-23 2.1576276e-23 7.4695836e-30
33011060 2.221016e+17 4.8059448e+09 1.9248367e+09 1e-23 2.1520251e-23 7.4889003e-30
33057274 2.223237e+17 4.8023421e+09 1.9257545e+09 1e-23 2.1464381e-23 7.5082674e-30
33103569 2.2254602e+17 4.7987386e+09 1.9266708e+09 1e-23 2.1408667e-23 7.5276851e-30
33149945 2.2276857e+17 4.7951344e+09 1.9275856e+09 1e-23 2.1353108e-23 7.5471536e-30
33196402 2.2299134e+17 4.7915295e+09 1.928499e+09 1e-23 2.1297704e-23 7.5666729e-30
33242940 2.2321433e+17 4.7879239e+09 1.9294108e+09 1e-23 2.1242454e-23 7.5862432e-30
33289561 2.2343754e+17 4.7843175e+09 1.930321e+09 1e-23 2.1187357e-23 7.6058646e-30
33336263 2.2366098e+17 4.7807105e+09 1.9312298e+09 1e-23 2.1132414e-23 7.6255373e-30
33383047 2.2388464e+17 4.7771028e+09 1.9321371e+09 1e-23 2.1077624e-23 7.6452614e-30
33429913 2.2410853e+17 4.7734944e+09 1.9330428e+09 1e-23 2.1022986e-23 7.6650371e-30
33476862 2.2433264e+17 4.7698852e+09 1.933947e+09 1e-23 2.09685e-23 7.6848644e-30
33523893 2.2455697e+17 4.7662754e+09 1.9348496e+09 1e-23 2.0914166e-23 7.7047435e-30
33571006 2.2478153e+17 4.762665e+09 1.9357508e+09 1e-23 2.0859982e-23 7.7246746e-30
33618203 2.2500631e+17 4.7590538e+09 1.9366504e+09 1e-23 2.080595e-23 7.7446578e-30
33665483 2.2523131e+17 4.755442e+09 1.9375484e+09 1e-23 2.0752067e-23 7.7646933e-30
33712845 2.2545655e+17 4.7518295e+09 1.9384449e+09 1e-23 2.0698335e-23 7.7847811e-30
33760292 2.25682e+17 4.7482163e+09 1.9393398e+09 1e-23 2.0644752e-23 7.8049214e-30
33807822 2.2590768e+17 4.7446025e+09 1.9402332e+09 1e-23 2.0591318e-23 7.8251144e-30
33855435 2.2613359e+17 4.740988e+09 1.941125e+09 1e-23 2.0538032e-23 7.8453602e-30
33903133 2.2635973e+17 4.7373728e+09 1.9420153e+09 1e-23 2.0484894e-23 7.8656589e-30
33950914 2.2658608e+17 4.733757e+09 1.942904e+09 1e-23 2.0431904e-23 7.8860107e-30
33998780 2.2681267e+17 4.7301406e+09 1.9437911e+09 1e-23 2.0379062e-23 7.9064157e-30
34046731 2.2703948e+17 4.7265235e+09 1.9446767e+09 1e-23 2.0326366e-23 7.926874e-30
34094766 2.2726652e+17 4.7229058e+09 1.9455606e+09 1e-23 2.0273816e-23 7.9473859e-30
34142886 2.2749379e+17 4.7192875e+09 1.946443e+09 1e-23 2.0221413e-23 7.9679514e-30
34191091 2.2772128e+17 4.7156685e+09 1.9473238e+09 1e-23 2.0169155e-23 7.9885708e-30
34239382 2.27949e+17 4.7120489e+09 1.948203e+09 1e-23 2.0117042e-23 8.009244e-30
34287757 2.2817695e+17 4.7084287e+09 1.9490807e+09 1e-23 2.0065074e-23 8.0299713e-30
34336219 2.2840513e+17 4.7048079e+09 1.9499567e+09 1e-23 2.001325e-23 8.0507529e-30
34384766 2.2863354e+17 4.7011865e+09 1.9508311e+09 1e-23 1.996157e-23 8.0715888e-30
34433399 2.2886217e+17 4.6975644e+09 1.9517039e+09 1e-23 1.9910033e-23 8.0924793e-30
34482118 2.2909103e+17 4.6939418e+09 1.9525751e+09 1e-23 1.985864e-23 8.1134244e-30
34530924 2.2932012e+17 4.6903186e+09 1.9534447e+09 1e-23 1.9807389e-23 8.1344243e-30
34579816 2.2954944e+17 4.6866947e+09 1.9543127e+09 1e-23 1.9756281e-23 8.1554791e-30
34628795 2.2977899e+17 4.6830703e+09 1.955179e+09 1e-23 1.9705314e-23 8.1765891e-30
34677861 2.3000877e+17 4.6794453e+09 1.9560437e+09 1e-23 1.9654489e-23 8.1977543e-30
34727014 2.3023878e+17 4.6758197e+09 1.9569068e+09 1e-23 1.9603804e-23 8.2189749e-30
34776255 2.3046902e+17 4.6721936e+09 1.9577683e+09 1e-23 1.9553261e-23 8.240251e-30
34825582 2.3069949e+17 4.6685668e+09 1.9586281e+09 1e-23 1.9502857e-23 8.2615829e-30
34874998 2.3093019e+17 4.6649395e+09 1.9594863e+09 1e-23 1.9452594e-23 8.2829705e-30
34924501 2.3116112e+17 4.6613117e+09 1.9603429e+09 1e-23 1.9402469e-23 8.3044142e-30
34974093 2.3139228e+17 4.6576833e+09 1.9611978e+09 1e-23 1.9352484e-23 8.325914e-30
35023772 2.3162367e+17 4.6540543e+09 1.962051e+09 1e-23 1.9302637e-23 8.3474701e-30
35073540 2.3185529e+17 4.6504248e+09 1.9629026e+09 1e-23 1.9252929e-23 8.3690827e-30
35123397 2.3208715e+17 4.6467947e+09 1.9637525e+09 1e-23 1.9203358e-23 8.3907518e-30
35173343 2.3231924e+17 4.6431641e+09 1.9646008e+09 1e-23 1.9153925e-23 8.4124777e-30
35223378 2.3255156e+17 4.6395329e+09 1.9654474e+09 1e-23 1.9104629e-23 8.4342605e-30
35273501 2.3278411e+17 4.6359012e+09 1.9662923e+09 1e-23 1.9055469e-23 8.4561003e-30
35323715 2.3301689e+17 4.632269e+09 1.9671356e+09 1e-23 1.9006446e-23 8.4779973e-30
35374018 2.3324991e+17 4.6286363e+09 1.9679771e+09 1e-23 1.8957558e-23 8.4999517e-30
35424411 2.3348316e+17 4.625003e+09 1.968817e+09 1e-23 1.8908806e-23 8.5219636e-30
35474893 2.3371664e+17 4.6213693e+09 1.9696552e+09 1e-23 1.8860189e-23 8.5440332e-30
35525466 2.3395036e+17 4.617735e+09 1.9704918e+09 1e-23 1.8811707e-23 8.5661605e-30
35576130 2.3418431e+17 4.6141002e+09 1.9713266e+09 1e-23 1.8763359e-23 8.5883459e-30
35626884 2.3441849e+17 4.6104649e+09 1.9721597e+09 1e-23 1.8715144e-23 8.6105894e-30
35677729 2.3465291e+17 4.6068291e+09 1.9729911e+09 1e-23 1.8667064e-23 8.6328911e-30
35728665 2.3488756e+17 4.6031928e+09 1.9738209e+09 1e-23 1.8619116e-23 8.6552513e-30
35779692 2.3512245e+17 4.5995561e+09 1.9746489e+09 1e-23 1.8571301e-23 8.6776701e-30
35830810 2.3535757e+17 4.5959188e+09 1.9754752e+09 1e-23 1.8523619e-23 8.7001476e-30
35882020 2.3559293e+17 4.5922811e+09 1.9762998e+09 1e-23 1.8476068e-23 8.7226841e-30
35933322 2.3582852e+17 4.5886429e+09 1.9771227e+09 1e-23 1.8428649e-23 8.7452796e-30
35984716 2.3606435e+17 4.5850042e+09 1.9779438e+09 1e-23 1.8381362e-23 8.7679344e-30
36036202 2.3630042e+17 4.581365e+09 1.9787632e+09 1e-23 1.8334205e-23 8.7906485e-30
36087781 2.3653672e+17 4.5777254e+09 1.9795809e+09 1e-23 1.8287179e-23 8.8134222e-30
36139452 2.3677325e+17 4.5740853e+09 1.9803969e+09 1e-23 1.8240282e-23 8.8362556e-30
36191216 2.3701003e+17 4.5704448e+09 1.9812111e+09 1e-23 1.8193516e-23 8.8591488e-30
36243073 2.3724704e+17 4.5668038e+09 1.9820236e+09 1e-23 1.8146879e-23 8.8821021e-30
36295024 2.3748429e+17 4.5631624e+09 1.9828343e+09 1e-23 1.8100371e-23 8.9051156e-30
36347068 2.3772177e+17 4.5595205e+09 1.9836433e+09 1e-23 1.8053991e-23 8.9281894e-30
36399205 2.3795949e+17 4.5558782e+09 1.9844505e+09 1e-23 1.800774e-23 8.9513237e-30
36451436 2.3819745e+17 4.5522355e+09 1.985256e+09 1e-23 1.7961617e-23 8.9745187e-30
36503762 2.3843565e+17 4.5485923e+09 1.9860597e+09 1e-23 1.7915621e-23 8.9977745e-30
36556181 2.3867408e+17 4.5449487e+09 1.9868616e+09 1e-23 1.7869752e-23 9.0210914e-30
36608696 2.3891276e+17 4.5413047e+09 1.9876618e+09 1e-23 1.782401e-23 9.0444693e-30
36661304 2.3915167e+17 4.5376603e+09 1.9884602e+09 1e-23 1.7778394e-23 9.0679087e-30
36714008 2.3939082e+17 4.5340154e+09 1.9892568e+09 1e-23 1.7732905e-23 9.0914095e-30
36766807 2.3963021e+17 4.5303702e+09 1.9900517e+09 1e-23 1.7687541e-23 9.1149719e-30
36819701 2.3986984e+17 4.5267246e+09 1.9908448e+09 1e-23 1.7642303e-23 9.1385962e-30
36872691 2.4010971e+17 4.5230785e+09 1.9916361e+09 1e-23 1.7597189e-23 9.1622825e-30
36925776 2.4034982e+17 4.5194321e+09 1.9924255e+09 1e-23 1.75522e-23 9.1860309e-30
36978958 2.4059017e+17 4.5157853e+09 1.9932132e+09 1e-23 1.7507336e-23 9.2098417e-30
37032235 2.4083076e+17 4.512138e+09 1.9939992e+09 1e-23 1.7462595e-23 9.2337149e-30
37085609 2.4107159e+17 4.5084905e+09 1.9947833e+09 1e-23 1.7417978e-23 9.2576508e-30
37139080 2.4131267e+17 4.5048425e+09 1.9955656e+09 1e-23 1.7373484e-23 9.2816495e-30
37192647 2.4155398e+17 4.5011942e+09 1.996346e+09 1e-23 1.7329113e-23 9.3057112e-30
37246312 2.4179553e+17 4.4975455e+09 1.9971247e+09 1e-23 1.7284864e-23 9.3298361e-30
37300073 2.4203733e+17 4.4938964e+09 1.9979016e+09 1e-23 1.7240737e-23 9.3540243e-30
37353933 2.4227936e+17 4.490247e+09 1.9986766e+09 1e-23 1.7196733e-23 9.378276e-30
37407889 2.4252164e+17 4.4865972e+09 1.9994499e+09 1e-23 1.7152849e-23 9.4025914e-30
37461944 2.4276417e+17 4.4829471e+09 2.0002213e+09 1e-23 1.7109087e-23 9.4269706e-30
37516097 2.4300693e+17 4.4792966e+09 2.0009908e+09 1e-23 1.7065446e-23 9.4514138e-30
37570348 2.4324994e+17 4.4756458e+09 2.0017586e+09 1e-23 1.7021925e-23 9.4759213e-30
37624698 2.4349319e+17 4.4719947e+09 2.0025245e+09 1e-23 1.6978523e-23 9.500493e-30
37679146 2.4373668e+17 4.4683432e+09 2.0032885e+09 1e-23 1.6935242e-23 9.5251294e-30
37733694 2.4398042e+17 4.4646914e+09 2.0040507e+09 1e-23 1.689208e-23 9.5498304e-30
37788340 2.442244e+17 4.4610393e+09 2.0048111e+09 1e-23 1.6849037e-23 9.5745963e-30
37843086 2.4446862e+17 4.4573869e+09 2.0055696e+09 1e-23 1.6806113e-23 9.5994273e-30
37897932 2.4471309e+17 4.4537341e+09 2.0063262e+09 1e-23 1.6763307e-23 9.6243235e-30
37952878 2.449578e+17 4.4500811e+09 2.007081e+09 1e-23 1.6720619e-23 9.6492851e-30
38007923 2.4520276e+17 4.4464277e+09 2.007834e+09 1e-23 1.6678049e-23 9.6743122e-30
38063069 2.4544796e+17 4.442774e+09 2.008585e+09 1e-23 1.6635596e-23 9.6994052e-30
38118316 2.4569341e+17 4.4391201e+09 2.0093342e+09 1e-23 1.659326e-23 9.724564e-30
38173663 2.4593911e+17 4.4354658e+09 2.0100816e+09 1e-23 1.6551041e-23 9.749789e-30
38229112 2.4618504e+17 4.4318113e+09 2.010827e+09 1e-23 1.6508938e-23 9.7750803e-30
38284661 2.4643123e+17 4.4281565e+09 2.0115706e+09 1e-23 1.6466951e-23 9.800438e-30
38340312 2.4667766e+17 4.4245014e+09 2.0123123e+09 1e-23 1.6425079e-23 9.8258624e-30
38396065 2.4692434e+17 4.420846e+09 2.0130521e+09 1e-23 1.6383323e-23 9.8513537e-30
38451919 2.4717126e+17 4.4171904e+09 2.01379e+09 1e-23 1.6341682e-23 9.8769119e-30
38507876 2.4741843e+17 4.4135345e+09 2.014526e+09 1e-23 1.6300156e-23 9.9025373e-30
38563935 2.4766585e+17 4.4098783e+09 2.0152601e+09 1e-23 1.6258744e-23 9.9282301e-30
38620097 2.4791352e+17 4.4062219e+09 2.0159923e+09 1e-23 1.6217446e-23 9.9539904e-30
38676361 2.4816143e+17 4.4025653e+09 2.0167226e+09 1e-23 1.6176262e-23 9.9798185e-30
38732728 2.4840959e+17 4.3989084e+09 2.017451e+09 1e-23 1.6135191e-23 1.0005714e-29
38789199 2.48658e+17 4.3952512e+09 2.0181775e+09 1e-23 1.6094233e-23 1.0031678e-29
38845773 2.4890666e+17 4.3915938e+09 2.0189021e+09 1e-23 1.6053388e-23 1.0057711e-29
38902451 2.4915557e+17 4.3879362e+09 2.0196248e+09 1e-23 1.6012655e-23 1.0083812e-29
38959233 2.4940472e+17 4.3842784e+09 2.0203455e+09 1e-23 1.5972034e-23 1.0109981e-29
39016119 2.4965413e+17 4.3806203e+09 2.0210643e+09 1e-23 1.5931525e-23 1.0136219e-29
39073110 2.4990378e+17 4.376962e+09 2.0217812e+09 1e-23 1.5891128e-23 1.0162527e-29
39130205 2.5015369e+17 4.3733035e+09 2.0224961e+09 1e-23 1.5850841e-23 1.0188903e-29
39187405 2.5040384e+17 4.3696448e+09 2.0232091e+09 1e-23 1.5810666e-23 1.0215349e-29
39244711 2.5065424e+17 4.3659859e+09 2.0239202e+09 1e-23 1.57706e-23 1.0241865e-29
39302121 2.509049e+17 4.3623268e+09 2.0246293e+09 1e-23 1.5730645e-23 1.026845e-29
39359638 2.511558e+17 4.3586674e+09 2.0253365e+09 1e-23 1.56908e-23 1.0295105e-29
39417260 2.5140696e+17 4.3550079e+09 2.0260417e+09 1e-23 1.5651064e-23 1.032183e-29
39474988 2.5165837e+17 4.3513482e+09 2.026745e+09 1e-23 1.5611438e-23 1.0348626e-29
39532823 2.5191002e+17 4.3476884e+09 2.0274463e+09 1e-23 1.557192e-23 1.0375492e-29
39590764 2.5216193e+17 4.3440283e+09 2.0281456e+09 1e-23 1.5532511e-23 1.0402429e-29
39648812 2.524141e+17 4.3403681e+09 2.028843e+09 1e-23 1.5493211e-23 1.0429437e-29
39706967 2.5266651e+17 4.3367077e+09 2.0295385e+09 1e-23 1.5454018e-23 1.0456516e-29
39765229 2.5291918e+17 4.3330471e+09 2.0302319e+09 1e-23 1.5414933e-23 1.0483666e-29
39823599 2.531721e+17 4.3293864e+09 2.0309234e+09 1e-23 1.5375955e-23 1.0510888e-29
39882077 2.5342527e+17 4.3257255e+09 2.0316129e+09 1e-23 1.5337085e-23 1.0538181e-29
39940662 2.5367869e+17 4.3220645e+09 2.0323004e+09 1e-23 1.5298321e-23 1.0565546e-29
39999356 2.5393237e+17 4.3184033e+09 2.0329859e+09 1e-23 1.5259663e-23 1.0592983e-29
40058158 2.541863e+17 4.314742e+09 2.0336695e+09 1e-23 1.5221112e-23 1.0620493e-29
40117069 2.5444049e+17 4.3110806e+09 2.034351e+09 1e-23 1.5182666e-23 1.0648075e-29
40176090 2.5469493e+17 4.307419e+09 2.0350306e+09 1e-23 1.5144326e-23 1.0675729e-29
40235219 2.5494963e+17 4.3037573e+09 2.0357081e+09 1e-23 1.5106091e-23 1.0703457e-29
40294458 2.5520457e+17 4.3000954e+09 2.0363837e+09 1e-23 1.5067962e-23 1.0731257e-29
40353806 2.5545978e+17 4.2964335e+09 2.0370572e+09 1e-23 1.5029936e-23 1.0759131e-29
40413265 2.5571524e+17 4.2927714e+09 2.0377288e+09 1e-23 1.4992016e-23 1.0787078e-29
40472834 2.5597095e+17 4.2891092e+09 2.0383983e+09 1e-23 1.4954199e-23 1.0815099e-29
40532513 2.5622693e+17 4.285447e+09 2.0390658e+09 1e-23 1.4916485e-23 1.0843193e-29
40592303 2.5648315e+17 4.2817846e+09 2.0397313e+09 1e-23 1.4878876e-23 1.0871362e-29
40652204 2.5673964e+17 4.2781221e+09 2.0403948e+09 1e-23 1.4841369e-23 1.0899605e-29
40712216 2.5699638e+17 4.2744595e+09 2.0410563e+09 1e-23 1.4803965e-23 1.0927922e-29
40772340 2.5725337e+17 4.2707969e+09 2.0417157e+09 1e-23 1.4766664e-23 1.0956314e-29
40832575 2.5751062e+17 4.2671341e+09 2.0423731e+09 1e-23 1.4729465e-23 1.0984781e-29
40892923 2.5776814e+17 4.2634713e+09 2.0430284e+09 1e-23 1.4692368e-23 1.1013322e-29
40953383 2.580259e+17 4.2598084e+09 2.0436817e+09 1e-23 1.4655373e-23 1.1041939e-29
41013955 2.5828393e+17 4.2561454e+09 2.044333e+09 1e-23 1.4618479e-23 1.1070632e-29
41074640 2.5854221e+17 4.2524824e+09 2.0449822e+09 1e-23 1.4581686e-23 1.10994e-29
41135438 2.5880076e+17 4.2488193e+09 2.0456294e+09 1e-23 1.4544994e-23 1.1128244e-29
41196349 2.5905956e+17 4.2451562e+09 2.0462745e+09 1e-23 1.4508403e-23 1.1157164e-29
41257374 2.5931862e+17 4.241493e+09 2.0469176e+09 1e-23 1.4471912e-23 1.118616e-29
41318512 2.5957793e+17 4.2378297e+09 2.0475586e+09 1e-23 1.443552e-23 1.1215232e-29
41379765 2.5983751e+17 4.2341665e+09 2.0481976e+09 1e-23 1.4399229e-23 1.1244382e-29
41441132 2.6009735e+17 4.2305031e+09 2.0488345e+09 1e-23 1.4363037e-23 1.1273608e-29
41502613 2.6035745e+17 4.2268398e+09 2.0494693e+09 1e-23 1.4326943e-23 1.1302911e-29
41564209 2.606178e+17 4.2231764e+09 2.050102e+09 1e-23 1.4290949e-23 1.1332292e-29
41625921 2.6087842e+17 4.219513e+09 2.0507327e+09 1e-23 1.4255053e-23 1.136175e-29
41687747 2.611393e+17 4.2158496e+09 2.0513613e+09 1e-23 1.4219256e-23 1.1391285e-29
41749689 2.6140044e+17 4.2121862e+09 2.0519878e+09 1e-23 1.4183556e-23 1.1420899e-29
41811748 2.6166184e+17 4.2085227e+09 2.0526123e+09 1e-23 1.4147954e-23 1.1450591e-29
41873922 2.619235e+17 4.2048593e+09 2.0532346e+09 1e-23 1.4112449e-23 1.1480361e-29
41936213 2.6218543e+17 4.2011958e+09 2.0538549e+09 1e-23 1.4077042e-23 1.151021e-29
41998620 2.6244761e+17 4.1975324e+09 2.054473e+09 1e-23 1.4041731e-23 1.1540137e-29
42061144 2.6271006e+17 4.1938689e+09 2.0550891e+09 1e-23 1.4006517e-23 1.1570144e-29
42123786 2.6297277e+17 4.1902055e+09 2.055703e+09 1e-23 1.39714e-23 1.1600229e-29
42186545 2.6323574e+17 4.1865421e+09 2.0563149e+09 1e-23 1.3936378e-23 1.1630394e-29
42249421 2.6349898e+17 4.1828787e+09 2.0569246e+09 1e-23 1.3901452e-23 1.1660639e-29
42312416 2.6376248e+17 4.1792154e+09 2.0575323e+09 1e-23 1.3866622e-23 1.1690963e-29
42375529 2.6402624e+17 4.175552e+09 2.0581378e+09 1e-23 1.3831887e-23 1.1721368e-29
42438760 2.6429027e+17 4.1718888e+09 2.0587412e+09 1e-23 1.3797246e-23 1.1751853e-29
42502110 2.6455456e+17 4.1682255e+09 2.0593425e+09 1e-23 1.3762701e-23 1.1782418e-29
42565580 2.6481911e+17 4.1645623e+09 2.0599417e+09 1e-23 1.372825e-23 1.1813064e-29
42629169 2.6508393e+17 4.1608992e+09 2.0605387e+09 1e-23 1.3693892e-23 1.1843791e-29
42692877 2.6534901e+17 4.1572361e+09 2.0611336e+09 1e-23 1.3659629e-23 1.1874599e-29
42756705 2.6561436e+17 4.153573e+09 2.0617264e+09 1e-23 1.362546e-23 1.1905489e-29
42820653 2.6587998e+17 4.1499101e+09 2.0623171e+09 1e-23 1.3591383e-23 1.193646e-29
42884722 2.6614586e+17 4.1462472e+09 2.0629056e+09 1e-23 1.35574e-23 1.1967512e-29
42948912 2.66412e+17 4.1425843e+09 2.0634919e+09 1e-23 1.352351e-23 1.1998647e-29
43013222 2.6667841e+17 4.1389216e+09 2.0640761e+09 1e-23 1.3489712e-23 1.2029864e-29
43077654 2.6694509e+17 4.1352589e+09 2.0646582e+09 1e-23 1.3456006e-23 1.2061164e-29
43142208 2.6721204e+17 4.1315963e+09 2.0652381e+09 1e-23 1.3422392e-23 1.2092546e-29
43206883 2.6747925e+17 4.1279338e+09 2.0658159e+09 1e-23 1.338887e-23 1.2124011e-29
43271680 2.6774673e+17 4.1242714e+09 2.0663915e+09 1e-23 1.335544e-23 1.215556e-29
43336600 2.6801448e+17 4.1206091e+09 2.066965e+09 1e-23 1.3322101e-23 1.2187191e-29
43401643 2.6828249e+17 4.1169469e+09 2.0675363e+09 1e-23 1.3288852e-23 1.2218907e-29
43466808 2.6855077e+17 4.1132849e+09 2.0681054e+09 1e-23 1.3255695e-23 1.2250706e-29
43532097 2.6881932e+17 4.1096229e+09 2.0686723e+09 1e-23 1.3222628e-23 1.2282589e-29
43597509 2.6908814e+17 4.1059611e+09 2.0692371e+09 1e-23 1.3189651e-23 1.2314556e-29
43663045 2.6935723e+17 4.1022993e+09 2.0697997e+09 1e-23 1.3156764e-23 1.2346608e-29
43728705 2.6962659e+17 4.0986377e+09 2.0703602e+09 1e-23 1.3123966e-23 1.2378745e-29
43794489 2.6989622e+17 4.0949763e+09 2.0709184e+09 1e-23 1.3091258e-23 1.2410967e-29
43860398 2.7016611e+17 4.091315e+09 2.0714745e+09 1e-23 1.305864e-23 1.2443273e-29
43926432 2.7043628e+17 4.0876538e+09 2.0720283e+09 1e-23 1.302611e-23 1.2475666e-29
43992592 2.7070671e+17 4.0839927e+09 2.07258e+09 1e-23 1.2993669e-23 1.2508144e-29
44058877 2.7097742e+17 4.0803319e+09 2.0731295e+09 1e-23 1.2961316e-23 1.2540707e-29
44125287 2.712484e+17 4.0766711e+09 2.0736768e+09 1e-23 1.2929051e-23 1.2573357e-29
44191824 2.7151965e+17 4.0730106e+09 2.0742219e+09 1e-23 1.2896874e-23 1.2606094e-29
44258487 2.7179117e+17 4.0693502e+09 2.0747648e+09 1e-23 1.2864785e-23 1.2638916e-29
44325277 2.7206296e+17 4.0656899e+09 2.0753055e+09 1e-23 1.2832783e-23 1.2671826e-29
44392194 2.7233502e+17 4.0620299e+09 2.075844e+09 1e-23 1.2800869e-23 1.2704823e-29
44459238 2.7260736e+17 4.05837e+09 2.0763802e+09 1e-23 1.2769041e-23 1.2737907e-29
44526409 2.7287996e+17 4.0547103e+09 2.0769143e+09 1e-23 1.27373e-23 1.2771078e-29
44593709 2.7315284e+17 4.0510508e+09 2.0774461e+09 1e-23 1.2705646e-23 1.2804338e-29
44661137 2.73426e+17 4.0473915e+09 2.0779758e+09 1e-23 1.2674077e-23 1.2837685e-29
44728693 2.7369942e+17 4.0437323e+09 2.0785031e+09 1e-23 1.2642595e-23 1.2871121e-29
44796377 2.7397312e+17 4.0400734e+09 2.0790283e+09 1e-23 1.2611198e-23 1.2904645e-29
44864191 2.7424709e+17 4.0364147e+09 2.0795513e+09 1e-23 1.2579886e-23 1.2938258e-29
44932135 2.7452134e+17 4.0327562e+09 2.080072e+09 1e-23 1.254866e-23 1.2971959e-29
45000207 2.7479586e+17 4.0290979e+09 2.0805904e+09 1e-23 1.2517519e-23 1.300575e-29
45068410 2.7507066e+17 4.0254399e+09 2.0811067e+09 1e-23 1.2486462e-23 1.3039631e-29
45136743 2.7534573e+17 4.021782e+09 2.0816207e+09 1e-23 1.245549e-23 1.3073601e-29
45205207 2.7562107e+17 4.0181244e+09 2.0821324e+09 1e-23 1.2424602e-23 1.3107661e-29
45273801 2.758967e+17 4.0144671e+09 2.0826419e+09 1e-23 1.2393798e-23 1.3141811e-29
45342527 2.7617259e+17 4.0108099e+09 2.0831492e+09 1e-23 1.2363078e-23 1.3176052e-29
45411384 2.7644876e+17 4.007153e+09 2.0836542e+09 1e-23 1.2332441e-23 1.3210383e-29
45480373 2.7672521e+17 4.0034964e+09 2.084157e+09 1e-23 1.2301888e-23 1.3244806e-29
45549494 2.7700194e+17 3.99984e+09 2.0846574e+09 1e-23 1.2271418e-23 1.3279319e-29
45618747 2.7727894e+17 3.9961839e+09 2.0851557e+09 1e-23 1.224103e-23 1.3313924e-29
45688133 2.7755622e+17 3.992528e+09 2.0856517e+09 1e-23 1.2210725e-23 1.3348621e-29
45757652 2.7783378e+17 3.9888724e+09 2.0861454e+09 1e-23 1.2180502e-23 1.3383409e-29
45827304 2.7811161e+17 3.9852171e+09 2.0866368e+09 1e-23 1.2150362e-23 1.341829e-29
45897090 2.7838972e+17 3.981562e+09 2.087126e+09 1e-23 1.2120303e-23 1.3453263e-29
45967010 2.7866811e+17 3.9779072e+09 2.0876129e+09 1e-23 1.2090326e-23 1.3488329e-29
46037064 2.7894678e+17 3.9742527e+09 2.0880975e+09 1e-23 1.206043e-23 1.3523487e-29
46107252 2.7922573e+17 3.9705985e+09 2.0885798e+09 1e-23 1.2030616e-23 1.3558739e-29
46177575 2.7950495e+17 3.9669446e+09 2.0890599e+09 1e-23 1.2000882e-23 1.3594084e-29
46248034 2.7978446e+17 3.963291e+09 2.0895376e+09 1e-23 1.1971229e-23 1.3629523e-29
46318628 2.8006424e+17 3.9596377e+09 2.0900131e+09 1e-23 1.1941657e-23 1.3665056e-29
46389358 2.8034431e+17 3.9559847e+09 2.0904863e+09 1e-23 1.1912165e-23 1.3700683e-29
46460224 2.8062465e+17 3.952332e+09 2.0909572e+09 1e-23 1.1882753e-23 1.3736404e-29
46531226 2.8090527e+17 3.9486797e+09 2.0914258e+09 1e-23 1.185342e-23 1.3772221e-29
46602365 2.8118618e+17 3.9450276e+09 2.0918921e+09 1e-23 1.1824167e-23 1.3808132e-29
46673641 2.8146737e+17 3.9413759e+09 2.0923561e+09 1e-23 1.1794994e-23 1.3844138e-29
46745054 2.8174883e+17 3.9377245e+09 2.0928178e+09 1e-23 1.17659e-23 1.388024e-29
46816606 2.8203058e+17 3.9340734e+09 2.0932772e+09 1e-23 1.1736884e-23 1.3916437e-29
46888295 2.8231261e+17 3.9304227e+09 2.0937343e+09 1e-23 1.1707947e-23 1.3952731e-29
46960122 2.8259493e+17 3.9267723e+09 2.094189e+09 1e-23 1.1679089e-23 1.3989121e-29
47032089 2.8287752e+17 3.9231223e+09 2.0946415e+09 1e-23 1.1650309e-23 1.4025607e-29
47104194 2.831604e+17 3.9194727e+09 2.0950916e+09 1e-23 1.1621607e-23 1.406219e-29
47176438 2.8344356e+17 3.9158233e+09 2.0955394e+09 1e-23 1.1592982e-23 1.409887e-29
47248822 2.83727e+17 3.9121744e+09 2.0959849e+09 1e-23 1.1564435e-23 1.4135648e-29
47321347 2.8401073e+17 3.9085258e+09 2.0964281e+09 1e-23 1.1535966e-23 1.4172523e-29
47394011 2.8429474e+17 3.9048776e+09 2.0968689e+09 1e-23 1.1507574e-23 1.4209496e-29
47466816 2.8457903e+17 3.9012298e+09 2.0973074e+09 1e-23 1.1479258e-23 1.4246567e-29
47539762 2.8486361e+17 3.8975823e+09 2.0977436e+09 1e-23 1.1451019e-23 1.4283736e-29
47612849 2.8514848e+17 3.8939353e+09 2.0981775e+09 1e-23 1.1422857e-23 1.4321004e-29
47686078 2.8543363e+17 3.8902886e+09 2.098609e+09 1e-23 1.1394771e-23 1.4358371e-29
47759449 2.8571906e+17 3.8866423e+09 2.0990381e+09 1e-23 1.1366761e-23 1.4395838e-29
47832962 2.8600478e+17 3.8829964e+09 2.0994649e+09 1e-23 1.1338827e-23 1.4433403e-29
47906618 2.8629078e+17 3.879351e+09 2.0998894e+09 1e-23 1.1310968e-23 1.4471069e-29
47980416 2.8657707e+17 3.8757059e+09 2.1003115e+09 1e-23 1.1283185e-23 1.4508834e-29
48054358 2.8686365e+17 3.8720613e+09 2.1007313e+09 1e-23 1.1255477e-23 1.4546699e-29
48128444 2.8715051e+17 3.868417e+09 2.1011487e+09 1e-23 1.1227843e-23 1.4584666e-29
48202673 2.8743766e+17 3.8647732e+09 2.1015638e+09 1e-23 1.1200285e-23 1.4622733e-29
48277047 2.877251e+17 3.8611298e+09 2.1019765e+09 1e-23 1.1172801e-23 1.4660901e-29
48351565 2.8801283e+17 3.8574869e+09 2.1023868e+09 1e-23 1.1145392e-23 1.469917e-29
48426229 2.8830084e+17 3.8538444e+09 2.1027948e+09 1e-23 1.1118056e-23 1.4737541e-29
48501037 2.8858914e+17 3.8502023e+09 2.1032004e+09 1e-23 1.1090795e-23 1.4776014e-29
48575992 2.8887773e+17 3.8465607e+09 2.1036036e+09 1e-23 1.1063607e-23 1.4814589e-29
48651092 2.8916661e+17 3.8429195e+09 2.1040045e+09 1e-23 1.1036492e-23 1.4853267e-29
48726338 2.8945577e+17 3.8392788e+09 2.104403e+09 1e-23 1.1009451e-23 1.4892047e-29
48801732 2.8974523e+17 3.8356385e+09 2.1047991e+09 1e-23 1.0982483e-23 1.4930931e-29
48877272 2.9003498e+17 3.8319987e+09 2.1051929e+09 1e-23 1.0955588e-23 1.4969918e-29
48952960 2.9032501e+17 3.8283594e+09 2.1055842e+09 1e-23 1.0928766e-23 1.5009008e-29
49028795 2.9061534e+17 3.8247205e+09 2.1059732e+09 1e-23 1.0902016e-23 1.5048202e-29
49104778 2.9090595e+17 3.8210821e+09 2.1063598e+09 1e-23 1.0875338e-23 1.5087501e-29
49180910 2.9119686e+17 3.8174442e+09 2.106744e+09 1e-23 1.0848732e-23 1.5126904e-29
49257191 2.9148805e+17 3.8138068e+09 2.1071258e+09 1e-23 1.0822198e-23 1.5166412e-29
49333621 2.9177954e+17 3.8101699e+09 2.1075052e+09 1e-23 1.0795736e-23 1.5206024e-29
49410200 2.9207132e+17 3.8065335e+09 2.1078823e+09 1e-23 1.0769345e-23 1.5245742e-29
49486929 2.9236339e+17 3.8028975e+09 2.1082569e+09 1e-23 1.0743025e-23 1.5285566e-29
49563808 2.9265576e+17 3.7992621e+09 2.1086291e+09 1e-23 1.0716777e-23 1.5325495e-29
49640837 2.9294841e+17 3.7956272e+09 2.108999e+09 1e-23 1.0690599e-23 1.5365531e-29
49718018 2.9324136e+17 3.7919928e+09 2.1093664e+09 1e-23 1.0664492e-23 1.5405673e-29
49795350 2.935346e+17 3.7883589e+09 2.1097314e+09 1e-23 1.0638455e-23 1.5445922e-29
49872833 2.9382814e+17 3.7847256e+09 2.110094e+09 1e-23 1.0612488e-23 1.5486278e-29
49950468 2.9412196e+17 3.7810927e+09 2.1104542e+09 1e-23 1.0586592e-23 1.5526741e-29
50028256 2.9441609e+17 3.7774605e+09 2.110812e+09 1e-23 1.0560765e-23 1.5567312e-29
50106196 2.947105e+17 3.7738287e+09 2.1111673e+09 1e-23 1.0535008e-23 1.5607991e-29
50184289 2.9500521e+17 3.7701975e+09 2.1115203e+09 1e-23 1.050932e-23 1.5648778e-29
50262536 2.9530022e+17 3.7665668e+09 2.1118708e+09 1e-23 1.0483702e-23 1.5689674e-29
50340936 2.9559552e+17 3.7629367e+09 2.1122189e+09 1e-23 1.0458153e-23 1.5730678e-29
50419491 2.9589111e+17 3.7593071e+09 2.1125646e+09 1e-23 1.0432672e-23 1.5771792e-29
50498200 2.96187e+17 3.7556781e+09 2.1129078e+09 1e-23 1.040726e-23 1.5813015e-29
50577063 2.9648319e+17 3.7520497e+09 2.1132486e+09 1e-23 1.0381917e-23 1.5854347e-29
50656082 2.9677968e+17 3.7484218e+09 2.113587e+09 1e-23 1.0356642e-23 1.589579e-29
50735257 2.9707645e+17 3.7447945e+09 2.113923e+09 1e-23 1.0331435e-23 1.5937343e-29
50814587 2.9737353e+17 3.7411678e+09 2.1142565e+09 1e-23 1.0306295e-23 1.5979007e-29
50894074 2.976709e+17 3.7375416e+09 2.1145876e+09 1e-23 1.0281224e-23 1.6020781e-29
50973718 2.9796858e+17 3.7339161e+09 2.1149162e+09 1e-23 1.025622e-23 1.6062667e-29
51053518 2.9826654e+17 3.7302911e+09 2.1152424e+09 1e-23 1.0231283e-23 1.6104664e-29
51133476 2.9856481e+17 3.7266668e+09 2.1155661e+09 1e-23 1.0206413e-23 1.6146774e-29
51213592 2.9886338e+17 3.723043e+09 2.1158874e+09 1e-23 1.0181611e-23 1.6188995e-29
51293866 2.9916224e+17 3.7194198e+09 2.1162063e+09 1e-23 1.0156875e-23 1.6231329e-29
51374299 2.994614e+17 3.7157973e+09 2.1165227e+09 1e-23 1.0132205e-23 1.6273775e-29
51454890 2.9976086e+17 3.7121753e+09 2.1168366e+09 1e-23 1.0107602e-23 1.6316335e-29
51535641 3.0006062e+17 3.708554e+09 2.1171481e+09 1e-23 1.0083065e-23 1.6359008e-29
51616551 3.0036068e+17 3.7049333e+09 2.1174571e+09 1e-23 1.0058594e-23 1.6401794e-29
51697622 3.0066104e+17 3.7013133e+09 2.1177637e+09 1e-23 1.0034189e-23 1.6444695e-29
51778852 3.0096171e+17 3.6976938e+09 2.1180678e+09 1e-23 1.000985e-23 1.648771e-29
51860244 3.0126267e+17 3.694075e+09 2.1183695e+09 1e-23 9.9855758e-24 1.6530839e-29
51941797 3.0156393e+17 3.6904569e+09 2.1186686e+09 1e-23 9.9613669e-24 1.6574084e-29
52023512 3.0186549e+17 3.6868393e+09 2.1189654e+09 1e-23 9.9372231e-24 1.6617443e-29
52105388 3.0216736e+17 3.6832225e+09 2.1192596e+09 1e-23 9.9131442e-24 1.6660919e-29
52187427 3.0246953e+17 3.6796063e+09 2.1195514e+09 1e-23 9.88913e-24 1.670451e-29
52269629 3.02772e+17 3.6759907e+09 2.1198407e+09 1e-23 9.8651803e-24 1.6748217e-29
52351993 3.0307477e+17 3.6723758e+09 2.1201275e+09 1e-23 9.8412949e-24 1.6792041e-29
52434522 3.0337784e+17 3.6687616e+09 2.1204118e+09 1e-23 9.8174736e-24 1.6835982e-29
52517214 3.0368122e+17 3.6651481e+09 2.1206937e+09 1e-23 9.7937163e-24 1.688004e-29
52600070 3.039849e+17 3.6615352e+09 2.120973e+09 1e-23 9.7700228e-24 1.6924215e-29
52683091 3.0428889e+17 3.657923e+09 2.1212499e+09 1e-23 9.7463929e-24 1.6968508e-29
52766278 3.0459318e+17 3.6543115e+09 2.1215243e+09 1e-23 9.7228264e-24 1.7012919e-29
52849629 3.0489777e+17 3.6507007e+09 2.1217962e+09 1e-23 9.6993232e-24 1.7057449e-29
52933147 3.0520267e+17 3.6470906e+09 2.1220657e+09 1e-23 9.675883e-24 1.7102098e-29
53016831 3.0550787e+17 3.6434812e+09 2.1223326e+09 1e-23 9.6525057e-24 1.7146865e-29
53100681 3.0581338e+17 3.6398725e+09 2.122597e+09 1e-23 9.6291911e-24 1.7191752e-29
53184699 3.0611919e+17 3.6362645e+09 2.122859e+09 1e-23 9.605939e-24 1.7236759e-29
53268884 3.0642531e+17 3.6326572e+09 2.1231184e+09 1e-23 9.5827493e-24 1.7281886e-29
53353237 3.0673174e+17 3.6290506e+09 2.1233753e+09 1e-23 9.5596218e-24 1.7327133e-29
53437758 3.0703847e+17 3.6254447e+09 2.1236298e+09 1e-23 9.5365563e-24 1.7372501e-29
53522448 3.0734551e+17 3.6218396e+09 2.1238817e+09 1e-23 9.5135526e-24 1.741799e-29
53607307 3.0765285e+17 3.6182352e+09 2.1241311e+09 1e-23 9.4906105e-24 1.7463601e-29
53692335 3.079605e+17 3.6146316e+09 2.1243781e+09 1e-23 9.46773e-24 1.7509333e-29
53777534 3.0826846e+17 3.6110286e+09 2.1246225e+09 1e-23 9.4449107e-24 1.7555187e-29
53862902 3.0857673e+17 3.6074265e+09 2.1248644e+09 1e-23 9.4221526e-24 1.7601164e-29
53948442 3.0888531e+17 3.603825e+09 2.1251038e+09 1e-23 9.3994555e-24 1.7647264e-29
54034152 3.0919419e+17 3.6002244e+09 2.1253406e+09 1e-23 9.3768191e-24 1.7693486e-29
54120034 3.0950339e+17 3.5966244e+09 2.125575e+09 1e-23 9.3542433e-24 1.7739832e-29
54206088 3.0981289e+17 3.5930253e+09 2.1258068e+09 1e-23 9.331728e-24 1.7786302e-29
54292314 3.1012271e+17 3.5894269e+09 2.1260362e+09 1e-23 9.309273e-24 1.7832896e-29
54378713 3.1043283e+17 3.5858293e+09 2.1262629e+09 1e-23 9.2868781e-24 1.7879614e-29
54465285 3.1074326e+17 3.5822324e+09 2.1264872e+09 1e-23 9.2645431e-24 1.7926457e-29
54552031 3.11054e+17 3.5786364e+09 2.126709e+09 1e-23 9.2422679e-24 1.7973425e-29
54638951 3.1136506e+17 3.5750411e+09 2.1269282e+09 1e-23 9.2200523e-24 1.8020519e-29
54726045 3.1167642e+17 3.5714466e+09 2.1271449e+09 1e-23 9.1978962e-24 1.8067738e-29
54813314 3.119881e+17 3.5678529e+09 2.127359e+09 1e-23 9.1757993e-24 1.8115084e-29
54900758 3.1230009e+17 3.56426e+09 2.1275707e+09 1e-23 9.1537614e-24 1.8162556e-29
54988378 3.1261239e+17 3.5606679e+09 2.1277797e+09 1e-23 9.1317826e-24 1.8210155e-29
55076174 3.12925e+17 3.5570766e+09 2.1279863e+09 1e-23 9.1098625e-24 1.8257881e-29
55164146 3.1323793e+17 3.5534861e+09 2.1281903e+09 1e-23 9.088001e-24 1.8305735e-29
55252296 3.1355116e+17 3.5498965e+09 2.1283918e+09 1e-23 9.0661979e-24 1.8353717e-29
55340623 3.1386471e+17 3.5463076e+09 2.1285907e+09 1e-23 9.0444531e-24 1.8401826e-29
55429127 3.1417858e+17 3.5427196e+09 2.1287871e+09 1e-23 9.0227664e-24 1.8450065e-29
55517810 3.1449276e+17 3.5391324e+09 2.128981e+09 1e-23 9.0011377e-24 1.8498432e-29
55606672 3.1480725e+17 3.5355461e+09 2.1291723e+09 1e-23 8.9795667e-24 1.8546929e-29
55695712 3.1512206e+17 3.5319605e+09 2.129361e+09 1e-23 8.9580534e-24 1.8595556e-29
55784932 3.1543718e+17 3.5283759e+09 2.1295473e+09 1e-23 8.9365975e-24 1.8644312e-29
55874333 3.1575262e+17 3.524792e+09 2.1297309e+09 1e-23 8.9151989e-24 1.8693199e-29
55963913 3.1606837e+17 3.521209e+09 2.129912e+09 1e-23 8.8938574e-24 1.8742217e-29
56053674 3.1638444e+17 3.5176269e+09 2.1300906e+09 1e-23 8.8725729e-24 1.8791365e-29
56143617 3.1670082e+17 3.5140456e+09 2.1302666e+09 1e-23 8.8513452e-24 1.8840646e-29
56233741 3.1701752e+17 3.5104652e+09 2.13044e+09 1e-23 8.8301742e-24 1.8890058e-29
56324048 3.1733454e+17 3.5068857e+09 2.1306109e+09 1e-23 8.8090597e-24 1.8939602e-29
56414537 3.1765188e+17 3.503307e+09 2.1307792e+09 1e-23 8.7880015e-24 1.8989279e-29
56505209 3.1796953e+17 3.4997292e+09 2.130945e+09 1e-23 8.7669995e-24 1.9039088e-29
56596064 3.182875e+17 3.4961523e+09 2.1311082e+09 1e-23 8.7460535e-24 1.9089031e-29
56687103 3.1860578e+17 3.4925763e+09 2.1312688e+09 1e-23 8.7251633e-24 1.9139108e-29
56778327 3.1892439e+17 3.4890012e+09 2.1314268e+09 1e-23 8.7043289e-24 1.9189319e-29
56869736 3.1924331e+17 3.4854269e+09 2.1315823e+09 1e-23 8.68355e-24 1.9239664e-29
56961329 3.1956256e+17 3.4818536e+09 2.1317353e+09 1e-23 8.6628265e-24 1.9290143e-29
57053109 3.1988212e+17 3.4782811e+09 2.1318856e+09 1e-23 8.6421582e-24 1.9340758e-29
57145074 3.20202e+17 3.4747096e+09 2.1320334e+09 1e-23 8.621545e-24 1.9391509e-29
57237227 3.205222e+17 3.471139e+09 2.1321786e+09 1e-23 8.6009867e-24 1.9442395e-29
57329566 3.2084273e+17 3.4675693e+09 2.1323213e+09 1e-23 8.5804832e-24 1.9493418e-29
57422092 3.2116357e+17 3.4640005e+09 2.1324613e+09 1e-23 8.5600344e-24 1.9544577e-29
57514807 3.2148473e+17 3.4604326e+09 2.1325988e+09 1e-23 8.5396399e-24 1.9595873e-29
57607710 3.2180622e+17 3.4568657e+09 2.1327337e+09 1e-23 8.5192998e-24 1.9647307e-29
57700802 3.2212802e+17 3.4532997e+09 2.132866e+09 1e-23 8.4990139e-24 1.9698878e-29
57794083 3.2245015e+17 3.4497347e+09 2.1329958e+09 1e-23 8.4787819e-24 1.9750588e-29
57887554 3.227726e+17 3.4461705e+09 2.1331229e+09 1e-23 8.4586038e-24 1.9802436e-29
57981216 3.2309537e+17 3.4426074e+09 2.1332475e+09 1e-23 8.4384795e-24 1.9854423e-29
58075067 3.2341847e+17 3.4390451e+09 2.1333695e+09 1e-23 8.4184086e-24 1.9906549e-29
58169111 3.2374189e+17 3.4354839e+09 2.1334889e+09 1e-23 8.3983912e-24 1.9958815e-29
58263345 3.2406563e+17 3.4319236e+09 2.1336057e+09 1e-23 8.378427e-24 2.0011221e-29
58357772 3.243897e+17 3.4283642e+09 2.1337199e+09 1e-23 8.3585159e-24 2.0063767e-29
58452392 3.2471409e+17 3.4248059e+09 2.1338316e+09 1e-23 8.3386578e-24 2.0116455e-29
58547204 3.250388e+17 3.4212484e+09 2.1339406e+09 1e-23 8.3188524e-24 2.0169283e-29
58642210 3.2536384e+17 3.417692e+09 2.1340471e+09 1e-23 8.2990998e-24 2.0222253e-29
58737410 3.256892e+17 3.4141366e+09 2.1341509e+09 1e-23 8.2793996e-24 2.0275365e-29
58832804 3.2601489e+17 3.4105821e+09 2.1342522e+09 1e-23 8.2597518e-24 2.032862e-29
58928393 3.2634091e+17 3.4070286e+09 2.1343508e+09 1e-23 8.2401562e-24 2.0382017e-29
59024178 3.2666725e+17 3.4034762e+09 2.1344469e+09 1e-23 8.2206127e-24 2.0435557e-29
59120158 3.2699391e+17 3.3999247e+09 2.1345403e+09 1e-23 8.2011211e-24 2.0489241e-29
59216335 3.2732091e+17 3.3963742e+09 2.1346312e+09 1e-23 8.1816812e-24 2.0543069e-29
59312709 3.2764823e+17 3.3928247e+09 2.1347195e+09 1e-23 8.162293e-24 2.0597042e-29
59409280 3.2797588e+17 3.3892763e+09 2.1348051e+09 1e-23 8.1429563e-24 2.0651159e-29
59506048 3.2830385e+17 3.3857288e+09 2.1348882e+09 1e-23 8.1236709e-24 2.0705421e-29
59603015 3.2863216e+17 3.3821824e+09 2.1349686e+09 1e-23 8.1044368e-24 2.0759829e-29
59700181 3.2896079e+17 3.378637e+09 2.1350464e+09 1e-23 8.0852536e-24 2.0814383e-29
59797546 3.2928975e+17 3.3750926e+09 2.1351217e+09 1e-23 8.0661214e-24 2.0869083e-29
59895111 3.2961904e+17 3.3715493e+09 2.1351943e+09 1e-23 8.04704e-24 2.092393e-29
59992876 3.2994866e+17 3.368007e+09 2.1352643e+09 1e-23 8.0280092e-24 2.0978924e-29
60090841 3.3027861e+17 3.3644657e+09 2.1353317e+09 1e-23 8.0090288e-24 2.1034066e-29
60189008 3.3060889e+17 3.3609255e+09 2.1353965e+09 1e-23 7.9900988e-24 2.1089356e-29
60287376 3.309395e+17 3.3573863e+09 2.1354586e+09 1e-23 7.971219e-24 2.1144794e-29
60385947 3.3127043e+17 3.3538482e+09 2.1355182e+09 1e-23 7.9523893e-24 2.1200381e-29
60484720 3.3160171e+17 3.3503111e+09 2.1355751e+09 1e-23 7.9336095e-24 2.1256118e-29
60583696 3.3193331e+17 3.3467751e+09 2.1356295e+09 1e-23 7.9148794e-24 2.1312003e-29
60682876 3.3226524e+17 3.3432402e+09 2.1356812e+09 1e-23 7.896199e-24 2.1368039e-29
60782261 3.3259751e+17 3.3397063e+09 2.1357303e+09 1e-23 7.8775681e-24 2.1424226e-29
60881849 3.329301e+17 3.3361735e+09 2.1357767e+09 1e-23 7.8589866e-24 2.1480563e-29
60981643 3.3326303e+17 3.3326418e+09 2.1358206e+09 1e-23 7.8404543e-24 2.1537052e-29
61081643 3.335963e+17 3.3291112e+09 2.1358618e+09 1e-23 7.821971e-24 2.1593692e-29
61181849 3.3392989e+17 3.3255816e+09 2.1359004e+09 1e-23 7.8035368e-24 2.1650485e-29
61282261 3.3426382e+17 3.3220532e+09 2.1359364e+09 1e-23 7.7851513e-24 2.170743e-29
61382881 3.3459809e+17 3.3185258e+09 2.1359697e+09 1e-23 7.7668145e-24 2.1764528e-29
61483708 3.3493268e+17 3.3149995e+09 2.1360005e+09 1e-23 7.7485262e-24 2.182178e-29
61584744 3.3526762e+17 3.3114744e+09 2.1360286e+09 1e-23 7.7302864e-24 2.1879185e-29
61685988 3.3560288e+17 3.3079503e+09 2.1360541e+09 1e-23 7.7120948e-24 2.1936745e-29
61787442 3.3593849e+17 3.3044274e+09 2.1360769e+09 1e-23 7.6939513e-24 2.1994459e-29
61889105 3.3627443e+17 3.3009056e+09 2.1360971e+09 1e-23 7.6758559e-24 2.2052328e-29
61990978 3.366107e+17 3.2973849e+09 2.1361147e+09 1e-23 7.6578083e-24 2.2110353e-29
62093062 3.3694731e+17 3.2938653e+09 2.1361297e+09 1e-23 7.6398084e-24 2.2168534e-29
62195358 3.3728426e+17 3.2903469e+09 2.136142e+09 1e-23 7.6218562e-24 2.2226872e-29
62297865 3.3762154e+17 3.2868295e+09 2.1361517e+09 1e-23 7.6039513e-24 2.2285366e-29
62400584 3.3795916e+17 3.2833134e+09 2.1361588e+09 1e-23 7.5860939e-24 2.2344017e-29
62503517 3.3829712e+17 3.2797983e+09 2.1361632e+09 1e-23 7.5682836e-24 2.2402827e-29
62606662 3.3863542e+17 3.2762844e+09 2.136165e+09 1e-23 7.5505204e-24 2.2461794e-29
62710022 3.3897406e+17 3.2727717e+09 2.1361641e+09 1e-23 7.5328041e-24 2.252092e-29
62813596 3.3931303e+17 3.2692601e+09 2.1361607e+09 1e-23 7.5151346e-24 2.2580205e-29
62917385 3.3965234e+17 3.2657497e+09 2.1361545e+09 1e-23 7.4975118e-24 2.2639649e-29
63021389 3.39992e+17 3.2622404e+09 2.1361458e+09 1e-23 7.4799355e-24 2.2699254e-29
63125610 3.4033199e+17 3.2587323e+09 2.1361344e+09 1e-23 7.4624057e-24 2.2759019e-29
63230047 3.4067232e+17 3.2552254e+09 2.1361204e+09 1e-23 7.4449221e-24 2.2818944e-29
63334701 3.4101299e+17 3.2517196e+09 2.1361037e+09 1e-23 7.4274846e-24 2.2879031e-29
63439572 3.41354e+17 3.248215e+09 2.1360844e+09 1e-23 7.4100932e-24 2.293928e-29
63544662 3.4169536e+17 3.2447116e+09 2.1360624e+09 1e-23 7.3927477e-24 2.299969e-29
63649970 3.4203705e+17 3.2412094e+09 2.1360378e+09 1e-23 7.375448e-24 2.3060263e-29
63755498 3.4237909e+17 3.2377084e+09 2.1360106e+09 1e-23 7.3581939e-24 2.3121e-29
63861245 3.4272147e+17 3.2342086e+09 2.1359807e+09 1e-23 7.3409853e-24 2.31819e-29
63967213 3.4306419e+17 3.2307099e+09 2.1359482e+09 1e-23 7.3238221e-24 2.3242963e-29
64073401 3.4340726e+17 3.2272125e+09 2.135913e+09 1e-23 7.3067041e-24 2.3304192e-29
64179811 3.4375066e+17 3.2237163e+09 2.1358752e+09 1e-23 7.2896313e-24 2.3365585e-29
64286443 3.4409441e+17 3.2202213e+09 2.1358347e+09 1e-23 7.2726034e-24 2.3427143e-29
64393297 3.4443851e+17 3.2167275e+09 2.1357916e+09 1e-23 7.2556205e-24 2.3488867e-29
64500375 3.4478295e+17 3.2132349e+09 2.1357458e+09 1e-23 7.2386823e-24 2.3550757e-29
64607676 3.4512773e+17 3.2097436e+09 2.1356974e+09 1e-23 7.2217887e-24 2.3612815e-29
64715201 3.4547286e+17 3.2062534e+09 2.1356464e+09 1e-23 7.2049397e-24 2.3675039e-29
64822950 3.4581833e+17 3.2027645e+09 2.1355927e+09 1e-23 7.188135e-24 2.3737431e-29
64930925 3.4616415e+17 3.1992769e+09 2.1355363e+09 1e-23 7.1713745e-24 2.3799991e-29
65039126 3.4651031e+17 3.1957905e+09 2.1354773e+09 1e-23 7.1546582e-24 2.3862719e-29
65147553 3.4685682e+17 3.1923053e+09 2.1354156e+09 1e-23 7.1379859e-24 2.3925617e-29
65256207 3.4720368e+17 3.1888214e+09 2.1353513e+09 1e-23 7.1213575e-24 2.3988684e-29
65365089 3.4755088e+17 3.1853387e+09 2.1352844e+09 1e-23 7.1047729e-24 2.4051921e-29
65474198 3.4789843e+17 3.1818573e+09 2.1352147e+09 1e-23 7.0882319e-24 2.4115328e-29
65583536 3.4824633e+17 3.1783771e+09 2.1351425e+09 1e-23 7.0717344e-24 2.4178907e-29
65693104 3.4859458e+17 3.1748982e+09 2.1350676e+09 1e-23 7.0552803e-24 2.4242657e-29
65802901 3.4894317e+17 3.1714206e+09 2.13499e+09 1e-23 7.0388695e-24 2.4306578e-29
65912928 3.4929212e+17 3.1679442e+09 2.1349098e+09 1e-23 7.0225018e-24 2.4370672e-29
66023186 3.4964141e+17 3.1644691e+09 2.1348269e+09 1e-23 7.0061772e-24 2.4434939e-29
66133676 3.4999105e+17 3.1609953e+09 2.1347413e+09 1e-23 6.9898955e-24 2.4499379e-29
66244398 3.5034104e+17 3.1575228e+09 2.1346532e+09 1e-23 6.9736566e-24 2.4563993e-29
66355352 3.5069138e+17 3.1540516e+09 2.1345623e+09 1e-23 6.9574604e-24 2.4628782e-29
66466540 3.5104207e+17 3.1505816e+09 2.1344688e+09 1e-23 6.9413067e-24 2.4693745e-29
66577961 3.5139312e+17 3.147113e+09 2.1343726e+09 1e-23 6.9251954e-24 2.4758883e-29
66689617 3.5174451e+17 3.1436456e+09 2.1342738e+09 1e-23 6.9091265e-24 2.4824197e-29
66801508 3.5209625e+17 3.1401796e+09 2.1341723e+09 1e-23 6.8930998e-24 2.4889687e-29
66913634 3.5244835e+17 3.1367148e+09 2.1340682e+09 1e-23 6.8771152e-24 2.4955354e-29
67025996 3.528008e+17 3.1332514e+09 2.1339614e+09 1e-23 6.8611725e-24 2.5021198e-29
67138595 3.531536e+17 3.1297893e+09 2.133852e+09 1e-23 6.8452717e-24 2.508722e-29
67251431 3.5350675e+17 3.1263285e+09 2.1337399e+09 1e-23 6.8294126e-24 2.515342e-29
67364505 3.5386026e+17 3.122869e+09 2.1336251e+09 1e-23 6.8135952e-24 2.5219799e-29
67477818 3.5421412e+17 3.1194109e+09 2.1335077e+09 1e-23 6.7978192e-24 2.5286357e-29
67591370 3.5456833e+17 3.115954e+09 2.1333876e+09 1e-23 6.7820846e-24 2.5353094e-29
67705161 3.549229e+17 3.1124986e+09 2.1332649e+09 1e-23 6.7663913e-24 2.5420012e-29
67819192 3.5527782e+17 3.1090444e+09 2.1331395e+09 1e-23 6.7507392e-24 2.548711e-29
67933465 3.556331e+17 3.1055916e+09 2.1330114e+09 1e-23 6.7351281e-24 2.555439e-29
68047978 3.5598874e+17 3.1021402e+09 2.1328807e+09 1e-23 6.7195579e-24 2.5621851e-29
68162734 3.5634472e+17 3.0986901e+09 2.1327473e+09 1e-23 6.7040285e-24 2.5689495e-29
68277733 3.5670107e+17 3.0952413e+09 2.1326112e+09 1e-23 6.6885398e-24 2.5757321e-29
68392975 3.5705777e+17 3.0917939e+09 2.1324725e+09 1e-23 6.6730917e-24 2.582533e-29
68508460 3.5741483e+17 3.0883479e+09 2.1323312e+09 1e-23 6.6576841e-24 2.5893524e-29
68624190 3.5777224e+17 3.0849032e+09 2.1321871e+09 1e-23 6.6423169e-24 2.5961901e-29
68740166 3.5813002e+17 3.0814599e+09 2.1320405e+09 1e-23 6.6269899e-24 2.6030463e-29
68856386 3.5848815e+17 3.078018e+09 2.1318911e+09 1e-23 6.611703e-24 2.6099211e-29
68972854 3.5884663e+17 3.0745775e+09 2.1317391e+09 1e-23 6.5964562e-24 2.6168144e-29
69089568 3.5920548e+17 3.0711383e+09 2.1315844e+09 1e-23 6.5812492e-24 2.6237263e-29
69206529 3.5956469e+17 3.0677005e+09 2.1314271e+09 1e-23 6.5660821e-24 2.630657e-29
69323739 3.5992425e+17 3.0642641e+09 2.1312671e+09 1e-23 6.5509547e-24 2.6376063e-29
69441198 3.6028417e+17 3.0608291e+09 2.1311044e+09 1e-23 6.5358668e-24 2.6445745e-29
69558906 3.6064446e+17 3.0573955e+09 2.1309391e+09 1e-23 6.5208184e-24 2.6515615e-29
69676864 3.610051e+17 3.0539633e+09 2.1307711e+09 1e-23 6.5058094e-24 2.6585674e-29
69795073 3.6136611e+17 3.0505325e+09 2.1306005e+09 1e-23 6.4908397e-24 2.6655922e-29
69913533 3.6172747e+17 3.0471032e+09 2.1304272e+09 1e-23 6.475909e-24 2.6726361e-29
70032245 3.620892e+17 3.0436752e+09 2.1302512e+09 1e-23 6.4610174e-24 2.6796989e-29
70151209 3.6245129e+17 3.0402486e+09 2.1300726e+09 1e-23 6.4461648e-24 2.6867809e-29
70270427 3.6281374e+17 3.0368235e+09 2.1298913e+09 1e-23 6.4313509e-24 2.6938821e-29
70389898 3.6317656e+17 3.0333998e+09 2.1297074e+09 1e-23 6.4165758e-24 2.7010024e-29
70509624 3.6353973e+17 3.0299775e+09 2.1295208e+09 1e-23 6.4018392e-24 2.708142e-29
70629605 3.6390327e+17 3.0265566e+09 2.1293315e+09 1e-23 6.3871412e-24 2.715301e-29
70749842 3.6426718e+17 3.0231372e+09 2.1291396e+09 1e-23 6.3724815e-24 2.7224793e-29
70870335 3.6463144e+17 3.0197192e+09 2.128945e+09 1e-23 6.3578601e-24 2.729677e-29
70991085 3.6499607e+17 3.0163027e+09 2.1287477e+09 1e-23 6.3432769e-24 2.7368942e-29
71112093 3.6536107e+17 3.0128876e+09 2.1285478e+09 1e-23 6.3287318e-24 2.744131e-29
71233359 3.6572643e+17 3.0094739e+09 2.1283452e+09 1e-23 6.3142246e-24 2.7513873e-29
71354884 3.6609216e+17 3.0060617e+09 2.12814e+09 1e-23 6.2997553e-24 2.7586633e-29
71476669 3.6645825e+17 3.002651e+09 2.1279321e+09 1e-23 6.2853237e-24 2.7659589e-29
71598713 3.6682471e+17 2.9992417e+09 2.1277215e+09 1e-23 6.2709298e-24 2.7732744e-29
71721019 3.6719153e+17 2.9958339e+09 2.1275083e+09 1e-23 6.2565734e-24 2.7806096e-29
71843587 3.6755872e+17 2.9924276e+09 2.1272924e+09 1e-23 6.2422545e-24 2.7879647e-29
71966416 3.6792628e+17 2.9890227e+09 2.1270738e+09 1e-23 6.2279729e-24 2.7953397e-29
72089509 3.6829421e+17 2.9856193e+09 2.1268526e+09 1e-23 6.2137285e-24 2.8027347e-29
72212865 3.686625e+17 2.9822174e+09 2.1266288e+09 1e-23 6.1995213e-24 2.8101498e-29
72336485 3.6903117e+17 2.9788169e+09 2.1264022e+09 1e-23 6.185351e-24 2.8175849e-29
72460370 3.694002e+17 2.975418e+09 2.1261731e+09 1e-23 6.1712177e-24 2.8250402e-29
72584521 3.697696e+17 2.9720205e+09 2.1259412e+09 1e-23 6.1571212e-24 2.8325156e-29
72708938 3.7013937e+17 2.9686246e+09 2.1257067e+09 1e-23 6.1430615e-24 2.8400113e-29
72833622 3.7050951e+17 2.9652301e+09 2.1254696e+09 1e-23 6.1290383e-24 2.8475274e-29
72958573 3.7088002e+17 2.9618372e+09 2.1252297e+09 1e-23 6.1150517e-24 2.8550638e-29
73083793 3.712509e+17 2.9584457e+09 2.1249873e+09 1e-23 6.1011015e-24 2.8626206e-29
73209281 3.7162215e+17 2.9550558e+09 2.1247421e+09 1e-23 6.0871876e-24 2.8701979e-29
73335039 3.7199377e+17 2.9516673e+09 2.1244944e+09 1e-23 6.0733099e-24 2.8777958e-29
73461068 3.7236576e+17 2.9482804e+09 2.1242439e+09 1e-23 6.0594683e-24 2.8854142e-29
73587367 3.7273813e+17 2.944895e+09 2.1239908e+09 1e-23 6.0456627e-24 2.8930533e-29
73713938 3.7311087e+17 2.9415111e+09 2.123735e+09 1e-23 6.031893e-24 2.9007132e-29
73840781 3.7348398e+17 2.9381288e+09 2.1234766e+09 1e-23 6.0181592e-24 2.9083938e-29
73967897 3.7385746e+17 2.934748e+09 2.1232156e+09 1e-23 6.004461e-24 2.9160952e-29
74095287 3.7423132e+17 2.9313687e+09 2.1229518e+09 1e-23 5.9907985e-24 2.9238175e-29
74222952 3.7460555e+17 2.9279909e+09 2.1226855e+09 1e-23 5.9771715e-24 2.9315608e-29
74350891 3.7498016e+17 2.9246147e+09 2.1224164e+09 1e-23 5.9635799e-24 2.9393251e-29
74479106 3.7535514e+17 2.9212401e+09 2.1221447e+09 1e-23 5.9500236e-24 2.9471104e-29
74607598 3.7573049e+17 2.917867e+09 2.1218704e+09 1e-23 5.9365025e-24 2.9549169e-29
74736367 3.7610622e+17 2.9144954e+09 2.1215934e+09 1e-23 5.9230166e-24 2.9627445e-29
74865414 3.7648233e+17 2.9111254e+09 2.1213138e+09 1e-23 5.9095656e-24 2.9705934e-29
74994739 3.7685881e+17 2.907757e+09 2.1210315e+09 1e-23 5.8961496e-24 2.9784636e-29
75124344 3.7723567e+17 2.9043901e+09 2.1207465e+09 1e-23 5.8827685e-24 2.9863551e-29
75254228 3.776129e+17 2.9010248e+09 2.1204589e+09 1e-23 5.8694221e-24 2.9942681e-29
75384394 3.7799052e+17 2.8976611e+09 2.1201687e+09 1e-23 5.8561103e-24 3.0022026e-29
75514840 3.7836851e+17 2.8942989e+09 2.1198758e+09 1e-23 5.842833e-24 3.0101586e-29
75645569 3.7874688e+17 2.8909383e+09 2.1195802e+09 1e-23 5.8295902e-24 3.0181362e-29
75776581 3.7912562e+17 2.8875793e+09 2.119282e+09 1e-23 5.8163818e-24 3.0261354e-29
75907876 3.7950475e+17 2.8842219e+09 2.1189812e+09 1e-23 5.8032076e-24 3.0341564e-29
76039456 3.7988425e+17 2.880866e+09 2.1186777e+09 1e-23 5.7900676e-24 3.0421992e-29
76171321 3.8026414e+17 2.8775118e+09 2.1183716e+09 1e-23 5.7769616e-24 3.0502638e-29
76303471 3.806444e+17 2.8741592e+09 2.1180628e+09 1e-23 5.7638896e-24 3.0583503e-29
76435908 3.8102505e+17 2.8708081e+09 2.1177514e+09 1e-23 5.7508515e-24 3.0664588e-29
76568632 3.8140607e+17 2.8674587e+09 2.1174373e+09 1e-23 5.7378472e-24 3.0745894e-29
76701644 3.8178748e+17 2.8641108e+09 2.1171206e+09 1e-23 5.7248765e-24 3.082742e-29
76834944 3.8216927e+17 2.8607646e+09 2.1168012e+09 1e-23 5.7119395e-24 3.0909168e-29
76968534 3.8255143e+17 2.85742e+09 2.1164792e+09 1e-23 5.699036e-24 3.0991138e-29
77102414 3.8293399e+17 2.854077e+09 2.1161546e+09 1e-23 5.6861659e-24 3.107333e-29
77236585 3.8331692e+17 2.8507356e+09 2.1158273e+09 1e-23 5.6733291e-24 3.1155746e-29
77371047 3.8370024e+17 2.8473958e+09 2.1154973e+09 1e-23 5.6605255e-24 3.1238386e-29
77505802 3.8408394e+17 2.8440577e+09 2.1151648e+09 1e-23 5.6477551e-24 3.1321251e-29
77640850 3.8446802e+17 2.8407212e+09 2.1148296e+09 1e-23 5.6350177e-24 3.1404341e-29
77776192 3.8485249e+17 2.8373863e+09 2.1144917e+09 1e-23 5.6223133e-24 3.1487658e-29
77911828 3.8523734e+17 2.8340531e+09 2.1141512e+09 1e-23 5.6096417e-24 3.15712e-29
78047760 3.8562258e+17 2.8307215e+09 2.1138081e+09 1e-23 5.5970029e-24 3.165497e-29
78183987 3.860082e+17 2.8273916e+09 2.1134624e+09 1e-23 5.5843968e-24 3.1738968e-29
78320512 3.8639421e+17 2.8240633e+09 2.113114e+09 1e-23 5.5718233e-24 3.1823194e-29
78457334 3.867806e+17 2.8207366e+09 2.1127629e+09 1e-23 5.5592823e-24 3.1907649e-29
78594454 3.8716738e+17 2.8174116e+09 2.1124093e+09 1e-23 5.5467737e-24 3.1992334e-29
78731874 3.8755455e+17 2.8140883e+09 2.112053e+09 1e-23 5.5342974e-24 3.207725e-29
78869593 3.8794211e+17 2.8107666e+09 2.1116941e+09 1e-23 5.5218534e-24 3.2162396e-29
79007613 3.8833005e+17 2.8074466e+09 2.1113325e+09 1e-23 5.5094414e-24 3.2247775e-29
79145935 3.8871838e+17 2.8041282e+09 2.1109683e+09 1e-23 5.4970616e-24 3.2333385e-29
79284558 3.891071e+17 2.8008116e+09 2.1106015e+09 1e-23 5.4847137e-24 3.2419229e-29
79423485 3.894962e+17 2.7974966e+09 2.1102321e+09 1e-23 5.4723977e-24 3.2505306e-29
79562715 3.898857e+17 2.7941833e+09 2.10986e+09 1e-23 5.4601135e-24 3.2591618e-29
79702250 3.9027559e+17 2.7908716e+09 2.1094853e+09 1e-23 5.447861e-24 3.2678165e-29
79842090 3.9066586e+17 2.7875617e+09 2.109108e+09 1e-23 5.4356401e-24 3.2764947e-29
79982236 3.9105653e+17 2.7842534e+09 2.108728e+09 1e-23 5.4234507e-24 3.2851965e-29
80122689 3.9144758e+17 2.7809468e+09 2.1083454e+09 1e-23 5.4112928e-24 3.2939221e-29
80263449 3.9183903e+17 2.7776419e+09 2.1079603e+09 1e-23 5.3991662e-24 3.3026714e-29
80404518 3.9223087e+17 2.7743387e+09 2.1075724e+09 1e-23 5.3870709e-24 3.3114446e-29
80545897 3.926231e+17 2.7710373e+09 2.107182e+09 1e-23 5.3750068e-24 3.3202417e-29
80687585 3.9301572e+17 2.7677375e+09 2.1067889e+09 1e-23 5.3629738e-24 3.3290627e-29
80829584 3.9340874e+17 2.7644394e+09 2.1063933e+09 1e-23 5.3509717e-24 3.3379077e-29
80971894 3.9380215e+17 2.7611431e+09 2.105995e+09 1e-23 5.3390006e-24 3.3467769e-29
81114517 3.9419595e+17 2.7578484e+09 2.1055941e+09 1e-23 5.3270604e-24 3.3556702e-29
81257453 3.9459015e+17 2.7545555e+09 2.1051905e+09 1e-23 5.3151509e-24 3.3645878e-29
81400703 3.9498474e+17 2.7512643e+09 2.1047844e+09 1e-23 5.3032721e-24 3.3735297e-29
81544268 3.9537972e+17 2.7479748e+09 2.1043756e+09 1e-23 5.2914238e-24 3.3824959e-29
81688148 3.957751e+17 2.744687e+09 2.1039643e+09 1e-23 5.2796061e-24 3.3914866e-29
81832345 3.9617088e+17 2.741401e+09 2.1035503e+09 1e-23 5.2678188e-24 3.4005018e-29
81976859 3.9656705e+17 2.7381167e+09 2.1031337e+09 1e-23 5.2560618e-24 3.4095416e-29
82121691 3.9696361e+17 2.7348342e+09 2.1027145e+09 1e-23 5.244335e-24 3.418606e-29
82266842 3.9736058e+17 2.7315534e+09 2.1022927e+09 1e-23 5.2326384e-24 3.4276952e-29
82412313 3.9775794e+17 2.7282743e+09 2.1018683e+09 1e-23 5.2209719e-24 3.4368091e-29
82558104 3.981557e+17 2.724997e+09 2.1014413e+09 1e-23 5.2093354e-24 3.4459479e-29
82704216 3.9855385e+17 2.7217214e+09 2.1010117e+09 1e-23 5.1977289e-24 3.4551117e-29
82850650 3.9895241e+17 2.7184476e+09 2.1005794e+09 1e-23 5.1861521e-24 3.4643004e-29
82997408 3.9935136e+17 2.7151755e+09 2.1001446e+09 1e-23 5.1746051e-24 3.4735142e-29
83144489 3.9975071e+17 2.7119052e+09 2.0997072e+09 1e-23 5.1630878e-24 3.4827531e-29
83291895 4.0015046e+17 2.7086367e+09 2.0992672e+09 1e-23 5.1516001e-24 3.4920173e-29
83439626 4.0055061e+17 2.7053699e+09 2.0988245e+09 1e-23 5.1401419e-24 3.5013067e-29
83587684 4.0095116e+17 2.7021049e+09 2.0983793e+09 1e-23 5.1287131e-24 3.5106215e-29
83736069 4.0135211e+17 2.6988417e+09 2.0979315e+09 1e-23 5.1173136e-24 3.5199618e-29
83884781 4.0175347e+17 2.6955803e+09 2.0974811e+09 1e-23 5.1059435e-24 3.5293275e-29
84033823 4.0215522e+17 2.6923206e+09 2.0970281e+09 1e-23 5.0946025e-24 3.5387188e-29
84183194 4.0255737e+17 2.6890627e+09 2.0965725e+09 1e-23 5.0832906e-24 3.5481357e-29
84332896 4.0295993e+17 2.6858066e+09 2.0961143e+09 1e-23 5.0720077e-24 3.5575783e-29
84482929 4.0336289e+17 2.6825523e+09 2.0956535e+09 1e-23 5.0607538e-24 3.5670468e-29
84633294 4.0376625e+17 2.6792998e+09 2.0951901e+09 1e-23 5.0495287e-24 3.576541e-29
84783993 4.0417002e+17 2.676049e+09 2.0947242e+09 1e-23 5.0383324e-24 3.5860613e-29
84935025 4.0457419e+17 2.6728001e+09 2.0942557e+09 1e-23 5.0271649e-24 3.5956075e-29
85086392 4.0497876e+17 2.669553e+09 2.0937845e+09 1e-23 5.0160259e-24 3.6051798e-29
85238095 4.0538374e+17 2.6663076e+09 2.0933108e+09 1e-23 5.0049156e-24 3.6147783e-29
85390134 4.0578913e+17 2.6630641e+09 2.0928346e+09 1e-23 4.9938336e-24 3.624403e-29
85542511 4.0619492e+17 2.6598224e+09 2.0923557e+09 1e-23 4.9827801e-24 3.6340539e-29
85695226 4.0660111e+17 2.6565825e+09 2.0918743e+09 1e-23 4.9717549e-24 3.6437313e-29
85848280 4.0700771e+17 2.6533444e+09 2.0913902e+09 1e-23 4.9607579e-24 3.6534351e-29
86001675 4.0741472e+17 2.6501082e+09 2.0909036e+09 1e-23 4.9497891e-24 3.6631655e-29
86155410 4.0782213e+17 2.6468737e+09 2.0904145e+09 1e-23 4.9388484e-24 3.6729224e-29
86309487 4.0822996e+17 2.6436411e+09 2.0899227e+09 1e-23 4.9279356e-24 3.682706e-29
86463906 4.0863819e+17 2.6404103e+09 2.0894284e+09 1e-23 4.9170508e-24 3.6925164e-29
86618669 4.0904682e+17 2.6371814e+09 2.0889316e+09 1e-23 4.9061939e-24 3.7023536e-29
86773777 4.0945587e+17 2.6339543e+09 2.0884321e+09 1e-23 4.8953647e-24 3.7122177e-29
86929230 4.0986533e+17 2.630729e+09 2.0879301e+09 1e-23 4.8845632e-24 3.7221088e-29
87085029 4.1027519e+17 2.6275056e+09 2.0874255e+09 1e-23 4.8737894e-24 3.7320269e-29
87241175 4.1068547e+17 2.624284e+09 2.0869184e+09 1e-23 4.8630431e-24 3.7419721e-29
87397670 4.1109615e+17 2.6210642e+09 2.0864087e+09 1e-23 4.8523242e-24 3.7519446e-29
87554513 4.1150725e+17 2.6178463e+09 2.0858964e+09 1e-23 4.8416328e-24 3.7619444e-29
87711706 4.1191876e+17 2.6146303e+09 2.0853816e+09 1e-23 4.8309687e-24 3.7719715e-29
87869250 4.1233068e+17 2.6114161e+09 2.0848642e+09 1e-23 4.8203318e-24 3.782026e-29
88027145 4.1274301e+17 2.6082038e+09 2.0843443e+09 1e-23 4.8097221e-24 3.7921081e-29
88185393 4.1315575e+17 2.6049933e+09 2.0838218e+09 1e-23 4.7991395e-24 3.8022178e-29
88343995 4.1356891e+17 2.6017847e+09 2.0832968e+09 1e-23 4.7885839e-24 3.8123551e-29
88502950 4.1398247e+17 2.598578e+09 2.0827692e+09 1e-23 4.7780553e-24 3.8225202e-29
88662262 4.1439646e+17 2.5953731e+09 2.082239e+09 1e-23 4.7675535e-24 3.8327131e-29
88821929 4.1481085e+17 2.5921701e+09 2.0817063e+09 1e-23 4.7570785e-24 3.842934e-29
88981954 4.1522566e+17 2.588969e+09 2.0811711e+09 1e-23 4.7466303e-24 3.8531828e-29
89142336 4.1564089e+17 2.5857698e+09 2.0806333e+09 1e-23 4.7362087e-24 3.8634597e-29
89303078 4.1605653e+17 2.5825724e+09 2.080093e+09 1e-23 4.7258137e-24 3.8737647e-29
89464179 4.1647259e+17 2.5793769e+09 2.0795502e+09 1e-23 4.7154452e-24 3.884098e-29
89625642 4.1688906e+17 2.5761834e+09 2.0790048e+09 1e-23 4.7051032e-24 3.8944595e-29
89787466 4.1730595e+17 2.5729917e+09 2.0784568e+09 1e-23 4.6947875e-24 3.9048495e-29
89949653 4.1772325e+17 2.5698019e+09 2.0779064e+09 1e-23 4.6844981e-24 3.9152679e-29
90112204 4.1814098e+17 2.566614e+09 2.0773534e+09 1e-23 4.6742349e-24 3.9257149e-29
90275119 4.1855912e+17 2.563428e+09 2.0767978e+09 1e-23 4.6639978e-24 3.9361905e-29
90438400 4.1897768e+17 2.5602439e+09 2.0762398e+09 1e-23 4.6537869e-24 3.9466948e-29
90602048 4.1939666e+17 2.5570617e+09 2.0756792e+09 1e-23 4.6436019e-24 3.9572279e-29
90766063 4.1981605e+17 2.5538814e+09 2.0751161e+09 1e-23 4.6334429e-24 3.9677899e-29
90930447 4.2023587e+17 2.5507031e+09 2.0745504e+09 1e-23 4.6233097e-24 3.9783808e-29
91095200 4.206561e+17 2.5475266e+09 2.0739823e+09 1e-23 4.6132023e-24 3.9890008e-29
91260323 4.2107676e+17 2.5443521e+09 2.0734116e+09 1e-23 4.6031207e-24 3.9996499e-29
91425818 4.2149784e+17 2.5411795e+09 2.0728384e+09 1e-23 4.5930647e-24 4.0103282e-29
91591685 4.2191933e+17 2.5380088e+09 2.0722627e+09 1e-23 4.5830342e-24 4.0210357e-29
91757925 4.2234125e+17 2.53484e+09 2.0716844e+09 1e-23 4.5730293e-24 4.0317727e-29
91924539 4.227636e+17 2.5316732e+09 2.0711037e+09 1e-23 4.5630498e-24 4.0425391e-29
92091529 4.2318636e+17 2.5285083e+09 2.0705204e+09 1e-23 4.5530957e-24 4.053335e-29
92258895 4.2360955e+17 2.5253453e+09 2.0699347e+09 1e-23 4.5431669e-24 4.0641606e-29
92426639 4.2403315e+17 2.5221843e+09 2.0693464e+09 1e-23 4.5332633e-24 4.0750158e-29
92594760 4.2445719e+17 2.5190252e+09 2.0687556e+09 1e-23 4.5233849e-24 4.0859009e-29
92763261 4.2488165e+17 2.515868e+09 2.0681623e+09 1e-23 4.5135316e-24 4.0968158e-29
92932141 4.2530653e+17 2.5127128e+09 2.0675665e+09 1e-23 4.5037033e-24 4.1077607e-29
93101403 4.2573183e+17 2.5095595e+09 2.0669682e+09 1e-23 4.4939e-24 4.1187356e-29
93271047 4.2615757e+17 2.5064082e+09 2.0663675e+09 1e-23 4.4841215e-24 4.1297406e-29
93441074 4.2658372e+17 2.5032589e+09 2.0657642e+09 1e-23 4.4743679e-24 4.1407759e-29
93611486 4.2701031e+17 2.5001115e+09 2.0651584e+09 1e-23 4.464639e-24 4.1518415e-29
93782282 4.2743732e+17 2.496966e+09 2.0645501e+09 1e-23 4.4549348e-24 4.1629374e-29
93953465 4.2786475e+17 2.4938226e+09 2.0639394e+09 1e-23 4.4452553e-24 4.1740638e-29
94125035 4.2829262e+17 2.490681e+09 2.0633261e+09 1e-23 4.4356003e-24 4.1852208e-29
94296993 4.2872091e+17 2.4875415e+09 2.0627104e+09 1e-23 4.4259697e-24 4.1964084e-29
94469340 4.2914963e+17 2.4844039e+09 2.0620922e+09 1e-23 4.4163636e-24 4.2076268e-29
94642077 4.2957878e+17 2.4812683e+09 2.0614715e+09 1e-23 4.4067818e-24 4.218876e-29
94815206 4.3000836e+17 2.4781347e+09 2.0608483e+09 1e-23 4.3972244e-24 4.230156e-29
94988727 4.3043837e+17 2.475003e+09 2.0602227e+09 1e-23 4.3876911e-24 4.2414671e-29
95162641 4.3086881e+17 2.4718733e+09 2.0595946e+09 1e-23 4.378182e-24 4.2528093e-29
95336950 4.3129968e+17 2.4687457e+09 2.058964e+09 1e-23 4.3686969e-24 4.2641826e-29
95511654 4.3173098e+17 2.46562e+09 2.0583309e+09 1e-23 4.3592359e-24 4.2755872e-29
95686754 4.3216271e+17 2.4624962e+09 2.0576954e+09 1e-23 4.3497989e-24 4.2870232e-29
95862252 4.3259487e+17 2.4593745e+09 2.0570574e+09 1e-23 4.3403857e-24 4.2984906e-29
96038149 4.3302746e+17 2.4562548e+09 2.0564169e+09 1e-23 4.3309964e-24 4.3099895e-29
96214444 4.3346049e+17 2.453137e+09 2.055774e+09 1e-23 4.3216308e-24 4.32152e-29
96391141 4.3389395e+17 2.4500213e+09 2.0551286e+09 1e-23 4.3122889e-24 4.3330822e-29
96568239 4.3432785e+17 2.4469076e+09 2.0544807e+09 1e-23 4.3029706e-24 4.3446763e-29
96745740 4.3476217e+17 2.4437958e+09 2.0538304e+09 1e-23 4.2936759e-24 4.3563022e-29
96923644 4.3519694e+17 2.4406861e+09 2.0531777e+09 1e-23 4.2844047e-24 4.3679601e-29
97101953 4.3563213e+17 2.4375784e+09 2.0525225e+09 1e-23 4.275157e-24 4.3796501e-29
97280668 4.3606777e+17 2.4344727e+09 2.0518648e+09 1e-23 4.2659326e-24 4.3913722e-29
97459790 4.3650383e+17 2.431369e+09 2.0512047e+09 1e-23 4.2567315e-24 4.4031266e-29
97639320 4.3694034e+17 2.4282673e+09 2.0505421e+09 1e-23 4.2475537e-24 4.4149134e-29
97819260 4.3737728e+17 2.4251677e+09 2.0498772e+09 1e-23 4.238399e-24 4.4267326e-29
97999609 4.3781465e+17 2.4220701e+09 2.0492097e+09 1e-23 4.2292675e-24 4.4385843e-29
98180369 4.3825247e+17 2.4189745e+09 2.0485399e+09 1e-23 4.220159e-24 4.4504686e-29
98361542 4.3869072e+17 2.4158809e+09 2.0478675e+09 1e-23 4.2110735e-24 4.4623857e-29
98543129 4.3912941e+17 2.4127893e+09 2.0471928e+09 1e-23 4.202011e-24 4.4743355e-29
98725129 4.3956854e+17 2.4096998e+09 2.0465156e+09 1e-23 4.1929713e-24 4.4863183e-29
98907546 4.4000811e+17 2.4066123e+09 2.045836e+09 1e-23 4.1839544e-24 4.498334e-29
99090379 4.4044812e+17 2.4035269e+09 2.045154e+09 1e-23 4.1749603e-24 4.5103829e-29
99273629 4.4088857e+17 2.4004435e+09 2.0444696e+09 1e-23 4.1659888e-24 4.5224649e-29
99457299 4.4132946e+17 2.3973621e+09 2.0437827e+09 1e-23 4.15704e-24 4.5345803e-29
99641389 4.4177078e+17 2.3942828e+09 2.0430934e+09 1e-23 4.1481137e-24 4.546729e-29
99825899 4.4221256e+17 2.3912055e+09 2.0424017e+09 1e-23 4.1392099e-24 4.5589111e-29
1.0001083e+08 4.4265477e+17 2.3881303e+09 2.0417076e+09 1e-23 4.1303286e-24 4.5711269e-29
1.0019619e+08 4.4309742e+17 2.3850572e+09 2.0410111e+09 1e-23 4.1214696e-24 4.5833762e-29
1.0038197e+08 4.4354052e+17 2.381986e+09 2.0403121e+09 1e-23 4.112633e-24 4.5956594e-29
1.0056818e+08 4.4398406e+17 2.378917e+09 2.0396108e+09 1e-23 4.1038186e-24 4.6079764e-29
1.0075481e+08 4.4442804e+17 2.37585e+09 2.0389071e+09 1e-23 4.0950264e-24 4.6203274e-29
1.0094187e+08 4.4487247e+17 2.3727851e+09 2.0382009e+09 1e-23 4.0862563e-24 4.6327124e-29
1.0112936e+08 4.4531735e+17 2.3697222e+09 2.0374924e+09 1e-23 4.0775083e-24 4.6451315e-29
1.0131728e+08 4.4576266e+17 2.3666614e+09 2.0367814e+09 1e-23 4.0687823e-24 4.6575849e-29
1.0150563e+08 4.4620843e+17 2.3636027e+09 2.0360681e+09 1e-23 4.0600783e-24 4.6700726e-29
1.0169441e+08 4.4665463e+17 2.360546e+09 2.0353523e+09 1e-23 4.0513961e-24 4.6825948e-29
1.0188363e+08 4.4710129e+17 2.3574914e+09 2.0346342e+09 1e-23 4.0427358e-24 4.6951515e-29
1.0207328e+08 4.4754839e+17 2.3544389e+09 2.0339137e+09 1e-23 4.0340973e-24 4.7077429e-29
1.0226337e+08 4.4799594e+17 2.3513885e+09 2.0331908e+09 1e-23 4.0254805e-24 4.7203689e-29
1.0245389e+08 4.4844393e+17 2.3483401e+09 2.0324655e+09 1e-23 4.0168853e-24 4.7330299e-29
1.0264485e+08 4.4889238e+17 2.3452939e+09 2.0317379e+09 1e-23 4.0083117e-24 4.7457257e-29
1.0283625e+08 4.4934127e+17 2.3422497e+09 2.0310079e+09 1e-23 3.9997597e-24 4.7584566e-29
1.030281e+08 4.4979061e+17 2.3392076e+09 2.0302755e+09 1e-23 3.9912292e-24 4.7712226e-29
1.0322038e+08 4.502404e+17 2.3361676e+09 2.0295407e+09 1e-23 3.98272e-24 4.7840238e-29
1.0341311e+08 4.5069064e+17 2.3331297e+09 2.0288035e+09 1e-23 3.9742323e-24 4.7968604e-29
1.0360628e+08 4.5114133e+17 2.3300939e+09 2.028064e+09 1e-23 3.9657658e-24 4.8097324e-29
1.0379989e+08 4.5159247e+17 2.3270602e+09 2.0273222e+09 1e-23 3.9573206e-24 4.82264e-29
1.0399395e+08 4.5204407e+17 2.3240285e+09 2.0265779e+09 1e-23 3.9488966e-24 4.8355832e-29
1.0418846e+08 4.5249611e+17 2.320999e+09 2.0258313e+09 1e-23 3.9404937e-24 4.8485621e-29
1.0438342e+08 4.5294861e+17 2.3179716e+09 2.0250824e+09 1e-23 3.9321119e-24 4.8615769e-29
1.0457883e+08 4.5340156e+17 2.3149463e+09 2.0243311e+09 1e-23 3.9237511e-24 4.8746276e-29
1.0477468e+08 4.5385496e+17 2.3119231e+09 2.0235774e+09 1e-23 3.9154112e-24 4.8877144e-29
1.0497099e+08 4.5430881e+17 2.308902e+09 2.0228214e+09 1e-23 3.9070923e-24 4.9008373e-29
1.0516776e+08 4.5476312e+17 2.3058831e+09 2.0220631e+09 1e-23 3.8987942e-24 4.9139965e-29
1.0536498e+08 4.5521788e+17 2.3028662e+09 2.0213024e+09 1e-23 3.8905169e-24 4.927192e-29
1.0556265e+08 4.556731e+17 2.2998515e+09 2.0205394e+09 1e-23 3.8822604e-24 4.940424e-29
1.0576078e+08 4.5612878e+17 2.2968389e+09 2.019774e+09 1e-23 3.8740245e-24 4.9536926e-29
1.0595937e+08 4.565849e+17 2.2938284e+09 2.0190063e+09 1e-23 3.8658093e-24 4.9669979e-29
1.0615842e+08 4.5704149e+17 2.29082e+09 2.0182363e+09 1e-23 3.8576146e-24 4.9803399e-29
1.0635793e+08 4.5749853e+17 2.2878138e+09 2.0174639e+09 1e-23 3.8494404e-24 4.9937188e-29
1.065579e+08 4.5795603e+17 2.2848097e+09 2.0166892e+09 1e-23 3.8412867e-24 5.0071347e-29
1.0675834e+08 4.5841399e+17 2.2818077e+09 2.0159122e+09 1e-23 3.8331534e-24 5.0205877e-29
1.0695924e+08 4.588724e+17 2.2788079e+09 2.0151329e+09 1e-23 3.8250404e-24 5.0340778e-29
1.071606e+08 4.5933127e+17 2.2758102e+09 2.0143513e+09 1e-23 3.8169477e-24 5.0476053e-29
1.0736244e+08 4.597906e+17 2.2728146e+09 2.0135673e+09 1e-23 3.8088752e-24 5.0611702e-29
1.0756474e+08 4.6025039e+17 2.2698212e+09 2.012781e+09 1e-23 3.800823e-24 5.0747727e-29
1.0776751e+08 4.6071064e+17 2.2668299e+09 2.0119925e+09 1e-23 3.7927908e-24 5.0884127e-29
1.0797075e+08 4.6117135e+17 2.2638407e+09 2.0112016e+09 1e-23 3.7847787e-24 5.1020905e-29
1.0817446e+08 4.6163253e+17 2.2608537e+09 2.0104084e+09 1e-23 3.7767867e-24 5.1158061e-29
1.0837864e+08 4.6209416e+17 2.2578689e+09 2.0096129e+09 1e-23 3.7688146e-24 5.1295597e-29
1.085833e+08 4.6255625e+17 2.2548862e+09 2.0088151e+09 1e-23 3.7608624e-24 5.1433514e-29
1.0878844e+08 4.6301881e+17 2.2519056e+09 2.008015e+09 1e-23 3.75293e-24 5.1571812e-29
1.0899405e+08 4.6348183e+17 2.2489273e+09 2.0072127e+09 1e-23 3.7450175e-24 5.1710493e-29
1.0920014e+08 4.6394531e+17 2.245951e+09 2.006408e+09 1e-23 3.7371247e-24 5.1849558e-29
1.0940671e+08 4.6440925e+17 2.242977e+09 2.0056011e+09 1e-23 3.7292516e-24 5.1989008e-29
1.0961376e+08 4.6487366e+17 2.240005e+09 2.0047918e+09 1e-23 3.7213982e-24 5.2128844e-29
1.0982129e+08 4.6533854e+17 2.2370353e+09 2.0039803e+09 1e-23 3.7135643e-24 5.2269068e-29
1.1002931e+08 4.6580388e+17 2.2340677e+09 2.0031665e+09 1e-23 3.70575e-24 5.2409679e-29
1.1023781e+08 4.6626968e+17 2.2311023e+09 2.0023505e+09 1e-23 3.6979551e-24 5.255068e-29
1.1044679e+08 4.6673595e+17 2.2281391e+09 2.0015321e+09 1e-23 3.6901797e-24 5.2692072e-29
1.1065627e+08 4.6720269e+17 2.225178e+09 2.0007115e+09 1e-23 3.6824236e-24 5.2833855e-29
1.1086623e+08 4.6766989e+17 2.2222191e+09 1.9998887e+09 1e-23 3.6746869e-24 5.2976032e-29
1.1107668e+08 4.6813756e+17 2.2192624e+09 1.9990635e+09 1e-23 3.6669695e-24 5.3118602e-29
1.1128762e+08 4.686057e+17 2.2163078e+09 1.9982361e+09 1e-23 3.6592712e-24 5.3261567e-29
1.1149906e+08 4.690743e+17 2.2133555e+09 1.9974065e+09 1e-23 3.6515922e-24 5.3404928e-29
1.1171099e+08 4.6954338e+17 2.2104053e+09 1.9965746e+09 1e-23 3.6439322e-24 5.3548687e-29
1.1192341e+08 4.7001292e+17 2.2074573e+09 1.9957405e+09 1e-23 3.6362913e-24 5.3692844e-29
1.1213633e+08 4.7048293e+17 2.2045115e+09 1.9949041e+09 1e-23 3.6286695e-24 5.3837401e-29
1.1234975e+08 4.7095341e+17 2.2015679e+09 1.9940654e+09 1e-23 3.6210665e-24 5.3982359e-29
1.1256367e+08 4.7142437e+17 2.1986265e+09 1.9932245e+09 1e-23 3.6134825e-24 5.4127719e-29
1.1277809e+08 4.7189579e+17 2.1956872e+09 1.9923814e+09 1e-23 3.6059174e-24 5.4273481e-29
1.1299301e+08 4.7236769e+17 2.1927502e+09 1.9915361e+09 1e-23 3.5983711e-24 5.4419648e-29
1.1320843e+08 4.7284006e+17 2.1898153e+09 1.9906885e+09 1e-23 3.5908435e-24 5.4566221e-29
1.1342435e+08 4.733129e+17 2.1868827e+09 1.9898387e+09 1e-23 3.5833346e-24 5.47132e-29
1.1364079e+08 4.7378621e+17 2.1839522e+09 1.9889866e+09 1e-23 3.5758444e-24 5.4860586e-29
1.1385773e+08 4.7426e+17 2.181024e+09 1.9881324e+09 1e-23 3.5683728e-24 5.5008382e-29
1.1407518e+08 4.7473426e+17 2.1780979e+09 1.9872759e+09 1e-23 3.5609198e-24 5.5156588e-29
1.1429313e+08 4.7520899e+17 2.1751741e+09 1.9864172e+09 1e-23 3.5534852e-24 5.5305205e-29
1.145116e+08 4.756842e+17 2.1722525e+09 1.9855563e+09 1e-23 3.5460691e-24 5.5454234e-29
1.1473059e+08 4.7615988e+17 2.169333e+09 1.9846932e+09 1e-23 3.5386715e-24 5.5603677e-29
1.1495008e+08 4.7663604e+17 2.1664158e+09 1.9838278e+09 1e-23 3.5312921e-24 5.5753535e-29
1.1517009e+08 4.7711268e+17 2.1635008e+09 1.9829603e+09 1e-23 3.5239311e-24 5.5903809e-29
1.1539062e+08 4.7758979e+17 2.160588e+09 1.9820906e+09 1e-23 3.5165884e-24 5.60545e-29
1.1561167e+08 4.7806738e+17 2.1576775e+09 1.9812186e+09 1e-23 3.5092638e-24 5.620561e-29
1.1583323e+08 4.7854545e+17 2.1547691e+09 1.9803445e+09 1e-23 3.5019574e-24 5.6357139e-29
1.1605532e+08 4.7902399e+17 2.151863e+09 1.9794682e+09 1e-23 3.4946691e-24 5.650909e-29
1.1627793e+08 4.7950302e+17 2.1489591e+09 1.9785897e+09 1e-23 3.4873989e-24 5.6661462e-29
1.1650106e+08 4.7998252e+17 2.1460574e+09 1.977709e+09 1e-23 3.4801467e-24 5.6814257e-29
1.1672472e+08 4.804625e+17 2.143158e+09 1.9768261e+09 1e-23 3.4729125e-24 5.6967477e-29
1.169489e+08 4.8094297e+17 2.1402608e+09 1.9759411e+09 1e-23 3.4656962e-24 5.7121123e-29
1.1717362e+08 4.8142391e+17 2.1373658e+09 1.9750539e+09 1e-23 3.4584977e-24 5.7275196e-29
1.1739886e+08 4.8190533e+17 2.134473e+09 1.9741645e+09 1e-23 3.4513171e-24 5.7429696e-29
1.1762463e+08 4.8238724e+17 2.1315825e+09 1.9732729e+09 1e-23 3.4441542e-24 5.7584627e-29
1.1785093e+08 4.8286963e+17 2.1286942e+09 1.9723792e+09 1e-23 3.4370091e-24 5.7739987e-29
1.1807777e+08 4.833525e+17 2.1258081e+09 1.9714833e+09 1e-23 3.4298816e-24 5.789578e-29
1.1830515e+08 4.8383585e+17 2.1229243e+09 1.9705853e+09 1e-23 3.4227718e-24 5.8052006e-29
1.1853306e+08 4.8431968e+17 2.1200428e+09 1.9696851e+09 1e-23 3.4156795e-24 5.8208666e-29
1.187615e+08 4.84804e+17 2.1171634e+09 1.9687827e+09 1e-23 3.4086048e-24 5.8365762e-29
1.1899049e+08 4.8528881e+17 2.1142863e+09 1.9678782e+09 1e-23 3.4015476e-24 5.8523295e-29
1.1922002e+08 4.857741e+17 2.1114115e+09 1.9669716e+09 1e-23 3.3945078e-24 5.8681266e-29
1.1945009e+08 4.8625987e+17 2.1085389e+09 1.9660628e+09 1e-23 3.3874854e-24 5.8839676e-29
1.1968071e+08 4.8674613e+17 2.1056686e+09 1.9651519e+09 1e-23 3.3804803e-24 5.8998527e-29
1.1991187e+08 4.8723288e+17 2.1028005e+09 1.9642388e+09 1e-23 3.3734926e-24 5.915782e-29
1.2014357e+08 4.8772011e+17 2.0999346e+09 1.9633236e+09 1e-23 3.3665221e-24 5.9317557e-29
1.2037583e+08 4.8820783e+17 2.097071e+09 1.9624063e+09 1e-23 3.3595688e-24 5.9477737e-29
1.2060863e+08 4.8869604e+17 2.0942097e+09 1.9614869e+09 1e-23 3.3526327e-24 5.9638364e-29
1.2084199e+08 4.8918473e+17 2.0913506e+09 1.9605653e+09 1e-23 3.3457137e-24 5.9799438e-29
1.210759e+08 4.8967392e+17 2.0884938e+09 1.9596416e+09 1e-23 3.3388117e-24 5.996096e-29
1.2131036e+08 4.9016359e+17 2.0856393e+09 1.9587158e+09 1e-23 3.3319268e-24 6.0122931e-29
1.2154538e+08 4.9065376e+17 2.082787e+09 1.9577879e+09 1e-23 3.3250589e-24 6.0285354e-29
1.2178095e+08 4.9114441e+17 2.079937e+09 1.9568579e+09 1e-23 3.3182078e-24 6.0448229e-29
1.2201709e+08 4.9163555e+17 2.0770892e+09 1.9559258e+09 1e-23 3.3113737e-24 6.0611557e-29
1.2225378e+08 4.9212719e+17 2.0742438e+09 1.9549915e+09 1e-23 3.3045564e-24 6.0775341e-29
1.2249104e+08 4.9261932e+17 2.0714005e+09 1.9540552e+09 1e-23 3.2977559e-24 6.093958e-29
1.2272886e+08 4.9311194e+17 2.0685596e+09 1.9531168e+09 1e-23 3.2909722e-24 6.1104277e-29
1.2296724e+08 4.9360505e+17 2.0657209e+09 1.9521763e+09 1e-23 3.2842052e-24 6.1269433e-29
1.2320619e+08 4.9409865e+17 2.0628845e+09 1.9512337e+09 1e-23 3.2774548e-24 6.1435049e-29
1.2344571e+08 4.9459275e+17 2.0600504e+09 1.950289e+09 1e-23 3.270721e-24 6.1601127e-29
1.236858e+08 4.9508734e+17 2.0572186e+09 1.9493423e+09 1e-23 3.2640039e-24 6.1767667e-29
1.2392646e+08 4.9558243e+17 2.054389e+09 1.9483935e+09 1e-23 3.2573032e-24 6.1934672e-29
1.2416769e+08 4.9607801e+17 2.0515617e+09 1.9474426e+09 1e-23 3.250619e-24 6.2102142e-29
1.2440949e+08 4.9657409e+17 2.0487367e+09 1.9464896e+09 1e-23 3.2439513e-24 6.2270079e-29
1.2465187e+08 4.9707067e+17 2.045914e+09 1.9455345e+09 1e-23 3.2372999e-24 6.2438484e-29
1.2489483e+08 4.9756774e+17 2.0430936e+09 1.9445774e+09 1e-23 3.230665e-24 6.2607359e-29
1.2513837e+08 4.980653e+17 2.0402755e+09 1.9436183e+09 1e-23 3.2240463e-24 6.2776705e-29
1.2538248e+08 4.9856337e+17 2.0374596e+09 1.9426571e+09 1e-23 3.2174438e-24 6.2946523e-29
1.2562718e+08 4.9906193e+17 2.0346461e+09 1.9416938e+09 1e-23 3.2108576e-24 6.3116814e-29
1.2587246e+08 4.9956099e+17 2.0318348e+09 1.9407285e+09 1e-23 3.2042876e-24 6.3287581e-29
1.2611833e+08 5.0006056e+17 2.0290258e+09 1.9397611e+09 1e-23 3.1977337e-24 6.3458824e-29
1.2636478e+08 5.0056062e+17 2.0262191e+09 1.9387917e+09 1e-23 3.1911959e-24 6.3630544e-29
1.2661183e+08 5.0106118e+17 2.0234148e+09 1.9378203e+09 1e-23 3.1846742e-24 6.3802744e-29
1.2685946e+08 5.0156224e+17 2.0206127e+09 1.9368468e+09 1e-23 3.1781684e-24 6.3975425e-29
1.2710768e+08 5.020638e+17 2.0178129e+09 1.9358713e+09 1e-23 3.1716786e-24 6.4148587e-29
1.273565e+08 5.0256586e+17 2.0150154e+09 1.9348938e+09 1e-23 3.1652047e-24 6.4322233e-29
1.2760591e+08 5.0306843e+17 2.0122202e+09 1.9339142e+09 1e-23 3.1587467e-24 6.4496364e-29
1.2785591e+08 5.035715e+17 2.0094274e+09 1.9329327e+09 1e-23 3.1523046e-24 6.467098e-29
1.2810652e+08 5.0407507e+17 2.0066368e+09 1.9319491e+09 1e-23 3.1458782e-24 6.4846084e-29
1.2835772e+08 5.0457914e+17 2.0038485e+09 1.9309635e+09 1e-23 3.1394676e-24 6.5021678e-29
1.2860953e+08 5.0508372e+17 2.0010626e+09 1.9299759e+09 1e-23 3.1330726e-24 6.5197761e-29
1.2886194e+08 5.0558881e+17 1.9982789e+09 1.9289863e+09 1e-23 3.1266934e-24 6.5374336e-29
1.2911495e+08 5.060944e+17 1.9954976e+09 1.9279947e+09 1e-23 3.1203298e-24 6.5551405e-29
1.2936857e+08 5.0660049e+17 1.9927186e+09 1.9270011e+09 1e-23 3.1139817e-24 6.5728968e-29
1.2962279e+08 5.0710709e+17 1.9899419e+09 1.9260055e+09 1e-23 3.1076492e-24 6.5907027e-29
1.2987763e+08 5.076142e+17 1.9871675e+09 1.9250079e+09 1e-23 3.1013322e-24 6.6085584e-29
1.3013307e+08 5.0812181e+17 1.9843954e+09 1.9240083e+09 1e-23 3.0950306e-24 6.626464e-29
1.3038913e+08 5.0862993e+17 1.9816257e+09 1.9230067e+09 1e-23 3.0887444e-24 6.6444196e-29
1.306458e+08 5.0913856e+17 1.9788582e+09 1.9220032e+09 1e-23 3.0824737e-24 6.6624254e-29
1.3090309e+08 5.096477e+17 1.9760931e+09 1.9209977e+09 1e-23 3.0762182e-24 6.6804816e-29
1.31161e+08 5.1015735e+17 1.9733303e+09 1.9199902e+09 1e-23 3.0699781e-24 6.6985882e-29
1.3141953e+08 5.1066751e+17 1.9705699e+09 1.9189808e+09 1e-23 3.0637532e-24 6.7167454e-29
1.3167867e+08 5.1117818e+17 1.9678117e+09 1.9179694e+09 1e-23 3.0575435e-24 6.7349534e-29
1.3193844e+08 5.1168935e+17 1.9650559e+09 1.916956e+09 1e-23 3.0513489e-24 6.7532124e-29
1.3219884e+08 5.1220104e+17 1.9623024e+09 1.9159406e+09 1e-23 3.0451696e-24 6.7715224e-29
1.3245986e+08 5.1271324e+17 1.9595513e+09 1.9149234e+09 1e-23 3.0390052e-24 6.7898836e-29
1.3272151e+08 5.1322596e+17 1.9568024e+09 1.9139041e+09 1e-23 3.032856e-24 6.8082962e-29
1.3298378e+08 5.1373918e+17 1.954056e+09 1.912883e+09 1e-23 3.0267217e-24 6.8267603e-29
1.3324669e+08 5.1425292e+17 1.9513118e+09 1.9118598e+09 1e-23 3.0206025e-24 6.845276e-29
1.3351024e+08 5.1476718e+17 1.94857e+09 1.9108348e+09 1e-23 3.0144981e-24 6.8638436e-29
1.3377441e+08 5.1528194e+17 1.9458305e+09 1.9098078e+09 1e-23 3.0084086e-24 6.8824631e-29
1.3403923e+08 5.1579722e+17 1.9430933e+09 1.9087789e+09 1e-23 3.002334e-24 6.9011348e-29
1.3430468e+08 5.1631302e+17 1.9403585e+09 1.907748e+09 1e-23 2.9962742e-24 6.9198587e-29
1.3457077e+08 5.1682933e+17 1.937626e+09 1.9067153e+09 1e-23 2.9902292e-24 6.938635e-29
1.348375e+08 5.1734616e+17 1.9348959e+09 1.9056806e+09 1e-23 2.9841988e-24 6.9574639e-29
1.3510488e+08 5.1786351e+17 1.9321681e+09 1.904644e+09 1e-23 2.9781832e-24 6.9763455e-29
1.353729e+08 5.1838137e+17 1.9294427e+09 1.9036055e+09 1e-23 2.9721823e-24 6.99528e-29
1.3564157e+08 5.1889976e+17 1.9267196e+09 1.9025651e+09 1e-23 2.9661959e-24 7.0142675e-29
1.3591089e+08 5.1941865e+17 1.9239988e+09 1.9015228e+09 1e-23 2.9602241e-24 7.0333083e-29
1.3618086e+08 5.1993807e+17 1.9212804e+09 1.9004786e+09 1e-23 2.9542669e-24 7.0524023e-29
1.3645148e+08 5.2045801e+17 1.9185644e+09 1.8994325e+09 1e-23 2.9483241e-24 7.0715499e-29
1.3672275e+08 5.2097847e+17 1.9158507e+09 1.8983845e+09 1e-23 2.9423958e-24 7.090751e-29
1.3699468e+08 5.2149945e+17 1.9131393e+09 1.8973346e+09 1e-23 2.9364819e-24 7.110006e-29
1.3726727e+08 5.2202095e+17 1.9104303e+09 1.8962828e+09 1e-23 2.9305824e-24 7.129315e-29
1.3754052e+08 5.2254297e+17 1.9077236e+09 1.8952292e+09 1e-23 2.9246973e-24 7.1486781e-29
1.3781443e+08 5.2306551e+17 1.9050193e+09 1.8941736e+09 1e-23 2.9188264e-24 7.1680954e-29
1.38089e+08 5.2358858e+17 1.9023174e+09 1.8931162e+09 1e-23 2.9129698e-24 7.1875672e-29
1.3836424e+08 5.2411217e+17 1.8996178e+09 1.892057e+09 1e-23 2.9071275e-24 7.2070936e-29
1.3864014e+08 5.2463628e+17 1.8969206e+09 1.8909959e+09 1e-23 2.9012993e-24 7.2266747e-29
1.3891671e+08 5.2516091e+17 1.8942257e+09 1.8899329e+09 1e-23 2.8954853e-24 7.2463108e-29
1.3919396e+08 5.2568608e+17 1.8915332e+09 1.888868e+09 1e-23 2.8896854e-24 7.2660019e-29
1.3947187e+08 5.2621176e+17 1.8888431e+09 1.8878013e+09 1e-23 2.8838996e-24 7.2857483e-29
1.3975046e+08 5.2673797e+17 1.8861553e+09 1.8867328e+09 1e-23 2.8781278e-24 7.30555e-29
1.4002973e+08 5.2726471e+17 1.8834699e+09 1.8856624e+09 1e-23 2.87237e-24 7.3254073e-29
1.4030967e+08 5.2779198e+17 1.8807868e+09 1.8845902e+09 1e-23 2.8666262e-24 7.3453203e-29
1.4059029e+08 5.2831977e+17 1.8781061e+09 1.8835161e+09 1e-23 2.8608963e-24 7.3652892e-29
1.408716e+08 5.2884809e+17 1.8754278e+09 1.8824402e+09 1e-23 2.8551803e-24 7.3853141e-29
1.4115359e+08 5.2937694e+17 1.8727518e+09 1.8813625e+09 1e-23 2.8494782e-24 7.4053952e-29
1.4143626e+08 5.2990631e+17 1.8700783e+09 1.880283e+09 1e-23 2.8437899e-24 7.4255327e-29
1.4171962e+08 5.3043622e+17 1.867407e+09 1.8792016e+09 1e-23 2.8381153e-24 7.4457268e-29
1.4200367e+08 5.3096665e+17 1.8647382e+09 1.8781185e+09 1e-23 2.8324545e-24 7.4659775e-29
1.4228841e+08 5.3149762e+17 1.8620717e+09 1.8770335e+09 1e-23 2.8268074e-24 7.4862851e-29
1.4257384e+08 5.3202912e+17 1.8594076e+09 1.8759467e+09 1e-23 2.821174e-24 7.5066497e-29
1.4285997e+08 5.3256115e+17 1.8567459e+09 1.8748581e+09 1e-23 2.8155542e-24 7.5270715e-29
1.431468e+08 5.3309371e+17 1.8540866e+09 1.8737677e+09 1e-23 2.809948e-24 7.5475507e-29
1.4343432e+08 5.336268e+17 1.8514296e+09 1.8726755e+09 1e-23 2.8043554e-24 7.5680874e-29
1.4372254e+08 5.3416043e+17 1.848775e+09 1.8715815e+09 1e-23 2.7987763e-24 7.5886818e-29
1.4401147e+08 5.3469459e+17 1.8461228e+09 1.8704857e+09 1e-23 2.7932107e-24 7.6093341e-29
1.443011e+08 5.3522928e+17 1.843473e+09 1.8693882e+09 1e-23 2.7876585e-24 7.6300444e-29
1.4459144e+08 5.3576451e+17 1.8408255e+09 1.8682888e+09 1e-23 2.7821198e-24 7.6508128e-29
1.4488248e+08 5.3630028e+17 1.8381804e+09 1.8671877e+09 1e-23 2.7765944e-24 7.6716397e-29
1.4517424e+08 5.3683658e+17 1.8355377e+09 1.8660849e+09 1e-23 2.7710824e-24 7.6925251e-29
1.4546671e+08 5.3737342e+17 1.8328974e+09 1.8649802e+09 1e-23 2.7655837e-24 7.7134693e-29
1.4575989e+08 5.3791079e+17 1.8302595e+09 1.8638738e+09 1e-23 2.7600983e-24 7.7344723e-29
1.4605379e+08 5.384487e+17 1.827624e+09 1.8627656e+09 1e-23 2.7546261e-24 7.7555343e-29
1.4634841e+08 5.3898715e+17 1.8249908e+09 1.8616557e+09 1e-23 2.7491672e-24 7.7766557e-29
1.4664374e+08 5.3952614e+17 1.8223601e+09 1.860544e+09 1e-23 2.7437214e-24 7.7978364e-29
1.469398e+08 5.4006566e+17 1.8197317e+09 1.8594306e+09 1e-23 2.7382887e-24 7.8190766e-29
1.4723659e+08 5.4060573e+17 1.8171057e+09 1.8583155e+09 1e-23 2.7328692e-24 7.8403767e-29
1.475341e+08 5.4114633e+17 1.8144821e+09 1.8571986e+09 1e-23 2.7274627e-24 7.8617366e-29
1.4783233e+08 5.4168748e+17 1.8118609e+09 1.8560799e+09 1e-23 2.7220692e-24 7.8831567e-29
1.481313e+08 5.4222917e+17 1.8092421e+09 1.8549596e+09 1e-23 2.7166888e-24 7.904637e-29
1.48431e+08 5.427714e+17 1.8066257e+09 1.8538375e+09 1e-23 2.7113213e-24 7.9261778e-29
1.4873143e+08 5.4331417e+17 1.8040117e+09 1.8527137e+09 1e-23 2.7059667e-24 7.9477792e-29
1.490326e+08 5.4385748e+17 1.8014e+09 1.8515881e+09 1e-23 2.7006251e-24 7.9694414e-29
1.4933451e+08 5.4440134e+17 1.7987908e+09 1.8504609e+09 1e-23 2.6952963e-24 7.9911646e-29
1.4963716e+08 5.4494574e+17 1.796184e+09 1.8493319e+09 1e-23 2.6899803e-24 8.012949e-29
1.4994055e+08 5.4549069e+17 1.7935795e+09 1.8482013e+09 1e-23 2.6846771e-24 8.0347947e-29
1.5024469e+08 5.4603618e+17 1.7909775e+09 1.8470689e+09 1e-23 2.6793867e-24 8.0567019e-29
1.5054957e+08 5.4658221e+17 1.7883778e+09 1.8459349e+09 1e-23 2.674109e-24 8.0786708e-29
1.508552e+08 5.471288e+17 1.7857806e+09 1.8447992e+09 1e-23 2.668844e-24 8.1007017e-29
1.5116158e+08 5.4767592e+17 1.7831858e+09 1.8436617e+09 1e-23 2.6635916e-24 8.1227945e-29
1.5146871e+08 5.482236e+17 1.7805933e+09 1.8425226e+09 1e-23 2.6583519e-24 8.1449496e-29
1.517766e+08 5.4877182e+17 1.7780033e+09 1.8413818e+09 1e-23 2.6531248e-24 8.1671672e-29
1.5208525e+08 5.493206e+17 1.7754157e+09 1.8402393e+09 1e-23 2.6479102e-24 8.1894473e-29
1.5239465e+08 5.4986992e+17 1.7728304e+09 1.8390952e+09 1e-23 2.6427081e-24 8.2117903e-29
1.5270481e+08 5.5041979e+17 1.7702476e+09 1.8379494e+09 1e-23 2.6375186e-24 8.2341962e-29
1.5301574e+08 5.5097021e+17 1.7676672e+09 1.8368019e+09 1e-23 2.6323415e-24 8.2566652e-29
1.5332744e+08 5.5152118e+17 1.7650892e+09 1.8356528e+09 1e-23 2.6271768e-24 8.2791977e-29
1.536399e+08 5.520727e+17 1.7625136e+09 1.834502e+09 1e-23 2.6220245e-24 8.3017936e-29
1.5395313e+08 5.5262477e+17 1.7599404e+09 1.8333496e+09 1e-23 2.6168846e-24 8.3244533e-29
1.5426713e+08 5.5317739e+17 1.7573696e+09 1.8321955e+09 1e-23 2.611757e-24 8.3471768e-29
1.545819e+08 5.5373057e+17 1.7548012e+09 1.8310398e+09 1e-23 2.6066418e-24 8.3699645e-29
1.5489746e+08 5.542843e+17 1.7522352e+09 1.8298824e+09 1e-23 2.6015387e-24 8.3928164e-29
1.5521379e+08 5.5483859e+17 1.7496717e+09 1.8287235e+09 1e-23 2.5964479e-24 8.4157329e-29
1.555309e+08 5.5539343e+17 1.7471105e+09 1.8275628e+09 1e-23 2.5913693e-24 8.4387139e-29
1.5584879e+08 5.5594882e+17 1.7445518e+09 1.8264006e+09 1e-23 2.5863029e-24 8.4617598e-29
1.5616747e+08 5.5650477e+17 1.7419955e+09 1.8252367e+09 1e-23 2.5812486e-24 8.4848708e-29
1.5648693e+08 5.5706127e+17 1.7394416e+09 1.8240713e+09 1e-23 2.5762064e-24 8.5080469e-29
1.5680718e+08 5.5761833e+17 1.7368901e+09 1.8229042e+09 1e-23 2.5711763e-24 8.5312885e-29
1.5712823e+08 5.5817595e+17 1.734341e+09 1.8217355e+09 1e-23 2.5661582e-24 8.5545957e-29
1.5745006e+08 5.5873413e+17 1.7317943e+09 1.8205652e+09 1e-23 2.5611521e-24 8.5779687e-29
1.577727e+08 5.5929286e+17 1.7292501e+09 1.8193933e+09 1e-23 2.556158e-24 8.6014077e-29
1.5809613e+08 5.5985216e+17 1.7267083e+09 1.8182198e+09 1e-23 2.5511758e-24 8.6249129e-29
1.5842036e+08 5.6041201e+17 1.7241688e+09 1.8170447e+09 1e-23 2.5462056e-24 8.6484844e-29
1.5874539e+08 5.6097242e+17 1.7216319e+09 1.8158681e+09 1e-23 2.5412472e-24 8.6721226e-29
1.5907123e+08 5.6153339e+17 1.7190973e+09 1.8146898e+09 1e-23 2.5363007e-24 8.6958275e-29
1.5939787e+08 5.6209493e+17 1.7165651e+09 1.81351e+09 1e-23 2.531366e-24 8.7195993e-29
1.5972533e+08 5.6265702e+17 1.7140354e+09 1.8123286e+09 1e-23 2.5264431e-24 8.7434384e-29
1.6005359e+08 5.6321968e+17 1.7115081e+09 1.8111456e+09 1e-23 2.5215319e-24 8.7673448e-29
1.6038267e+08 5.637829e+17 1.7089832e+09 1.8099611e+09 1e-23 2.5166325e-24 8.7913188e-29
1.6071256e+08 5.6434668e+17 1.7064607e+09 1.808775e+09 1e-23 2.5117447e-24 8.8153605e-29
1.6104328e+08 5.6491103e+17 1.7039407e+09 1.8075874e+09 1e-23 2.5068687e-24 8.8394702e-29
1.6137481e+08 5.6547594e+17 1.7014231e+09 1.8063982e+09 1e-23 2.5020042e-24 8.863648e-29
1.6170716e+08 5.6604141e+17 1.6989079e+09 1.8052074e+09 1e-23 2.4971514e-24 8.8878942e-29
1.6204034e+08 5.6660745e+17 1.6963951e+09 1.8040152e+09 1e-23 2.4923101e-24 8.9122089e-29
1.6237435e+08 5.6717406e+17 1.6938848e+09 1.8028213e+09 1e-23 2.4874804e-24 8.9365925e-29
1.6270919e+08 5.6774124e+17 1.6913768e+09 1.801626e+09 1e-23 2.4826622e-24 8.9610449e-29
1.6304485e+08 5.6830898e+17 1.6888713e+09 1.8004291e+09 1e-23 2.4778554e-24 8.9855666e-29
1.6338136e+08 5.6887729e+17 1.6863683e+09 1.7992307e+09 1e-23 2.4730601e-24 9.0101576e-29
1.6371869e+08 5.6944616e+17 1.6838676e+09 1.7980308e+09 1e-23 2.4682763e-24 9.0348182e-29
1.6405687e+08 5.7001561e+17 1.6813694e+09 1.7968294e+09 1e-23 2.4635038e-24 9.0595485e-29
1.6439589e+08 5.7058563e+17 1.6788736e+09 1.7956264e+09 1e-23 2.4587427e-24 9.0843488e-29
1.6473575e+08 5.7115621e+17 1.6763803e+09 1.7944219e+09 1e-23 2.4539929e-24 9.1092194e-29
1.6507646e+08 5.7172737e+17 1.6738894e+09 1.793216e+09 1e-23 2.4492544e-24 9.1341603e-29
1.6541802e+08 5.7229909e+17 1.6714009e+09 1.7920085e+09 1e-23 2.4445272e-24 9.1591718e-29
1.6576042e+08 5.7287139e+17 1.6689148e+09 1.7907996e+09 1e-23 2.4398112e-24 9.1842541e-29
1.6610368e+08 5.7344427e+17 1.6664312e+09 1.7895891e+09 1e-23 2.4351065e-24 9.2094075e-29
1.664478e+08 5.7401771e+17 1.66395e+09 1.7883772e+09 1e-23 2.4304129e-24 9.234632e-29
1.6679277e+08 5.7459173e+17 1.6614712e+09 1.7871638e+09 1e-23 2.4257305e-24 9.259928e-29
1.671386e+08 5.7516632e+17 1.6589949e+09 1.7859489e+09 1e-23 2.4210591e-24 9.2852957e-29
1.674853e+08 5.7574149e+17 1.656521e+09 1.7847326e+09 1e-23 2.4163989e-24 9.3107352e-29
1.6783286e+08 5.7631723e+17 1.6540495e+09 1.7835147e+09 1e-23 2.4117498e-24 9.3362468e-29
1.6818129e+08 5.7689354e+17 1.6515805e+09 1.7822955e+09 1e-23 2.4071117e-24 9.3618306e-29
1.6853059e+08 5.7747044e+17 1.6491139e+09 1.7810747e+09 1e-23 2.4024846e-24 9.387487e-29
1.6888076e+08 5.7804791e+17 1.6466497e+09 1.7798525e+09 1e-23 2.3978685e-24 9.413216e-29
1.692318e+08 5.7862596e+17 1.644188e+09 1.7786289e+09 1e-23 2.3932633e-24 9.439018e-29
1.6958372e+08 5.7920458e+17 1.6417287e+09 1.7774038e+09 1e-23 2.3886691e-24 9.4648931e-29
1.6993653e+08 5.7978379e+17 1.6392719e+09 1.7761773e+09 1e-23 2.3840857e-24 9.4908416e-29
1.7029021e+08 5.8036357e+17 1.6368174e+09 1.7749493e+09 1e-23 2.3795132e-24 9.5168636e-29
1.7064478e+08 5.8094393e+17 1.6343655e+09 1.7737199e+09 1e-23 2.3749516e-24 9.5429594e-29
1.7100023e+08 5.8152488e+17 1.6319159e+09 1.7724891e+09 1e-23 2.3704007e-24 9.5691292e-29
1.7135658e+08 5.821064e+17 1.6294688e+09 1.7712568e+09 1e-23 2.3658606e-24 9.5953732e-29
1.7171381e+08 5.8268851e+17 1.6270241e+09 1.7700232e+09 1e-23 2.3613313e-24 9.6216917e-29
1.7207195e+08 5.832712e+17 1.6245819e+09 1.7687881e+09 1e-23 2.3568127e-24 9.6480848e-29
1.7243097e+08 5.8385447e+17 1.6221421e+09 1.7675516e+09 1e-23 2.3523048e-24 9.6745528e-29
1.727909e+08 5.8443832e+17 1.6197048e+09 1.7663137e+09 1e-23 2.3478076e-24 9.7010959e-29
1.7315173e+08 5.8502276e+17 1.6172699e+09 1.7650744e+09 1e-23 2.343321e-24 9.7277144e-29
1.7351347e+08 5.8560778e+17 1.6148374e+09 1.7638337e+09 1e-23 2.338845e-24 9.7544083e-29
1.7387611e+08 5.8619339e+17 1.6124074e+09 1.7625917e+09 1e-23 2.3343796e-24 9.7811781e-29
1.7423966e+08 5.8677959e+17 1.6099798e+09 1.7613482e+09 1e-23 2.3299247e-24 9.8080238e-29
1.7460413e+08 5.8736636e+17 1.6075546e+09 1.7601034e+09 1e-23 2.3254804e-24 9.8349457e-29
1.749695e+08 5.8795373e+17 1.6051319e+09 1.7588571e+09 1e-23 2.3210466e-24 9.8619441e-29
1.753358e+08 5.8854168e+17 1.6027116e+09 1.7576095e+09 1e-23 2.3166232e-24 9.8890191e-29
1.7570302e+08 5.8913023e+17 1.6002938e+09 1.7563606e+09 1e-23 2.3122103e-24 9.916171e-29
1.7607116e+08 5.8971936e+17 1.5978784e+09 1.7551102e+09 1e-23 2.3078078e-24 9.9434001e-29
1.7644022e+08 5.9030908e+17 1.5954655e+09 1.7538586e+09 1e-23 2.3034157e-24 9.9707065e-29
1.7681021e+08 5.9089939e+17 1.593055e+09 1.7526055e+09 1e-23 2.299034e-24 9.9980904e-29
1.7718113e+08 5.9149028e+17 1.590647e+09 1.7513511e+09 1e-23 2.2946626e-24 1.0025552e-28
1.7755299e+08 5.9208177e+17 1.5882413e+09 1.7500954e+09 1e-23 2.2903015e-24 1.0053092e-28
1.7792578e+08 5.9267386e+17 1.5858382e+09 1.7488383e+09 1e-23 2.2859507e-24 1.008071e-28
1.7829951e+08 5.9326653e+17 1.5834375e+09 1.7475799e+09 1e-23 2.2816102e-24 1.0108407e-28
1.7867418e+08 5.938598e+17 1.5810392e+09 1.7463201e+09 1e-23 2.2772798e-24 1.0136182e-28
1.7904979e+08 5.9445366e+17 1.5786433e+09 1.7450591e+09 1e-23 2.2729597e-24 1.0164036e-28
1.7942635e+08 5.9504811e+17 1.57625e+09 1.7437967e+09 1e-23 2.2686498e-24 1.0191969e-28
1.7980386e+08 5.9564316e+17 1.573859e+09 1.7425329e+09 1e-23 2.26435e-24 1.0219982e-28
1.8018232e+08 5.962388e+17 1.5714705e+09 1.7412679e+09 1e-23 2.2600603e-24 1.0248075e-28
1.8056174e+08 5.9683504e+17 1.5690845e+09 1.7400016e+09 1e-23 2.2557807e-24 1.0276247e-28
1.8094211e+08 5.9743188e+17 1.5667009e+09 1.7387339e+09 1e-23 2.2515112e-24 1.03045e-28
1.8132344e+08 5.9802931e+17 1.5643197e+09 1.737465e+09 1e-23 2.2472518e-24 1.0332833e-28
1.8170573e+08 5.9862734e+17 1.561941e+09 1.7361947e+09 1e-23 2.2430023e-24 1.0361246e-28
1.8208899e+08 5.9922596e+17 1.5595647e+09 1.7349232e+09 1e-23 2.2387629e-24 1.0389741e-28
1.8247322e+08 5.9982519e+17 1.5571909e+09 1.7336504e+09 1e-23 2.2345334e-24 1.0418316e-28
1.8285841e+08 6.0042502e+17 1.5548195e+09 1.7323763e+09 1e-23 2.2303138e-24 1.0446973e-28
1.8324458e+08 6.0102544e+17 1.5524506e+09 1.7311009e+09 1e-23 2.2261042e-24 1.0475711e-28
1.8363173e+08 6.0162647e+17 1.5500841e+09 1.7298242e+09 1e-23 2.2219044e-24 1.0504531e-28
1.8401986e+08 6.0222809e+17 1.5477201e+09 1.7285463e+09 1e-23 2.2177145e-24 1.0533433e-28
1.8440896e+08 6.0283032e+17 1.5453585e+09 1.7272671e+09 1e-23 2.2135345e-24 1.0562418e-28
1.8479905e+08 6.0343315e+17 1.5429994e+09 1.7259867e+09 1e-23 2.2093642e-24 1.0591485e-28
1.8519013e+08 6.0403658e+17 1.5406427e+09 1.724705e+09 1e-23 2.2052038e-24 1.0620635e-28
1.855822e+08 6.0464062e+17 1.5382884e+09 1.723422e+09 1e-23 2.2010531e-24 1.0649867e-28
1.8597526e+08 6.0524526e+17 1.5359366e+09 1.7221378e+09 1e-23 2.1969121e-24 1.0679184e-28
1.8636932e+08 6.0585051e+17 1.5335873e+09 1.7208524e+09 1e-23 2.1927809e-24 1.0708583e-28
1.8676437e+08 6.0645636e+17 1.5312404e+09 1.7195657e+09 1e-23 2.1886593e-24 1.0738066e-28
1.8716043e+08 6.0706281e+17 1.5288959e+09 1.7182778e+09 1e-23 2.1845474e-24 1.0767634e-28
1.8755749e+08 6.0766988e+17 1.5265539e+09 1.7169887e+09 1e-23 2.1804451e-24 1.0797285e-28
1.8795555e+08 6.0827755e+17 1.5242144e+09 1.7156983e+09 1e-23 2.1763524e-24 1.0827022e-28
1.8835463e+08 6.0888582e+17 1.5218773e+09 1.7144068e+09 1e-23 2.1722693e-24 1.0856843e-28
1.8875472e+08 6.0949471e+17 1.5195426e+09 1.713114e+09 1e-23 2.1681958e-24 1.0886748e-28
1.8915582e+08 6.101042e+17 1.5172104e+09 1.71182e+09 1e-23 2.1641318e-24 1.091674e-28
1.8955794e+08 6.1071431e+17 1.5148806e+09 1.7105248e+09 1e-23 2.1600773e-24 1.0946816e-28
1.8996109e+08 6.1132502e+17 1.5125533e+09 1.7092284e+09 1e-23 2.1560323e-24 1.0976979e-28
1.9036525e+08 6.1193635e+17 1.5102284e+09 1.7079308e+09 1e-23 2.1519967e-24 1.1007227e-28
1.9077045e+08 6.1254828e+17 1.507906e+09 1.706632e+09 1e-23 2.1479706e-24 1.1037562e-28
1.9117667e+08 6.1316083e+17 1.5055861e+09 1.705332e+09 1e-23 2.1439539e-24 1.1067983e-28
1.9158393e+08 6.1377399e+17 1.5032685e+09 1.7040309e+09 1e-23 2.1399466e-24 1.1098492e-28
1.9199222e+08 6.1438777e+17 1.5009535e+09 1.7027285e+09 1e-23 2.1359486e-24 1.1129087e-28
1.9240155e+08 6.1500215e+17 1.4986409e+09 1.701425e+09 1e-23 2.13196e-24 1.1159769e-28
1.9281193e+08 6.1561716e+17 1.4963307e+09 1.7001204e+09 1e-23 2.1279807e-24 1.1190539e-28
1.9322335e+08 6.1623277e+17 1.494023e+09 1.6988146e+09 1e-23 2.1240106e-24 1.1221397e-28
1.9363581e+08 6.1684901e+17 1.4917177e+09 1.6975076e+09 1e-23 2.1200499e-24 1.1252343e-28
1.9404933e+08 6.1746586e+17 1.4894149e+09 1.6961994e+09 1e-23 2.1160984e-24 1.1283377e-28
1.944639e+08 6.1808332e+17 1.4871145e+09 1.6948901e+09 1e-23 2.112156e-24 1.13145e-28
1.9487952e+08 6.187014e+17 1.4848166e+09 1.6935797e+09 1e-23 2.1082229e-24 1.1345712e-28
1.9529621e+08 6.1932011e+17 1.4825211e+09 1.6922681e+09 1e-23 2.104299e-24 1.1377013e-28
1.9571396e+08 6.1993943e+17 1.4802281e+09 1.6909554e+09 1e-23 2.1003842e-24 1.1408403e-28
1.9613277e+08 6.2055937e+17 1.4779375e+09 1.6896416e+09 1e-23 2.0964785e-24 1.1439883e-28
1.9655265e+08 6.2117993e+17 1.4756493e+09 1.6883266e+09 1e-23 2.0925819e-24 1.1471453e-28
1.969736e+08 6.2180111e+17 1.4733637e+09 1.6870105e+09 1e-23 2.0886944e-24 1.1503113e-28
1.9739563e+08 6.2242291e+17 1.4710804e+09 1.6856933e+09 1e-23 2.084816e-24 1.1534864e-28
1.9781874e+08 6.2304533e+17 1.4687996e+09 1.684375e+09 1e-23 2.0809465e-24 1.1566705e-28
1.9824293e+08 6.2366837e+17 1.4665213e+09 1.6830556e+09 1e-23 2.0770861e-24 1.1598638e-28
1.986682e+08 6.2429204e+17 1.4642454e+09 1.6817351e+09 1e-23 2.0732347e-24 1.1630661e-28
1.9909455e+08 6.2491633e+17 1.461972e+09 1.6804134e+09 1e-23 2.0693922e-24 1.1662776e-28
1.99522e+08 6.2554125e+17 1.459701e+09 1.6790907e+09 1e-23 2.0655586e-24 1.1694983e-28
1.9995054e+08 6.2616679e+17 1.4574324e+09 1.6777669e+09 1e-23 2.061734e-24 1.1727283e-28
2.0038018e+08 6.2679296e+17 1.4551663e+09 1.676442e+09 1e-23 2.0579182e-24 1.1759674e-28
2.0081092e+08 6.2741975e+17 1.4529027e+09 1.6751161e+09 1e-23 2.0541113e-24 1.1792158e-28
2.0124275e+08 6.2804717e+17 1.4506415e+09 1.673789e+09 1e-23 2.0503132e-24 1.1824735e-28
2.016757e+08 6.2867522e+17 1.4483827e+09 1.6724609e+09 1e-23 2.046524e-24 1.1857405e-28
2.0210975e+08 6.2930389e+17 1.4461264e+09 1.6711317e+09 1e-23 2.0427436e-24 1.1890169e-28
2.0254492e+08 6.299332e+17 1.4438726e+09 1.6698015e+09 1e-23 2.0389719e-24 1.1923027e-28
2.029812e+08 6.3056313e+17 1.4416212e+09 1.6684702e+09 1e-23 2.035209e-24 1.1955978e-28
2.034186e+08 6.3119369e+17 1.4393722e+09 1.6671379e+09 1e-23 2.0314548e-24 1.1989024e-28
2.0385712e+08 6.3182489e+17 1.4371257e+09 1.6658045e+09 1e-23 2.0277093e-24 1.2022164e-28
2.0429676e+08 6.3245671e+17 1.4348816e+09 1.66447e+09 1e-23 2.0239725e-24 1.20554e-28
2.0473753e+08 6.3308917e+17 1.43264e+09 1.6631346e+09 1e-23 2.0202444e-24 1.208873e-28
2.0517944e+08 6.3372226e+17 1.4304008e+09 1.6617981e+09 1e-23 2.0165249e-24 1.2122156e-28
2.0562248e+08 6.3435598e+17 1.4281641e+09 1.6604605e+09 1e-23 2.012814e-24 1.2155677e-28
2.0606665e+08 6.3499034e+17 1.4259298e+09 1.659122e+09 1e-23 2.0091117e-24 1.2189295e-28
2.0651197e+08 6.3562533e+17 1.4236979e+09 1.6577824e+09 1e-23 2.0054179e-24 1.2223009e-28
2.0695843e+08 6.3626095e+17 1.4214686e+09 1.6564418e+09 1e-23 2.0017328e-24 1.2256819e-28
2.0740604e+08 6.3689721e+17 1.4192416e+09 1.6551002e+09 1e-23 1.9980561e-24 1.2290727e-28
2.078548e+08 6.3753411e+17 1.4170171e+09 1.6537576e+09 1e-23 1.994388e-24 1.2324731e-28
2.0830471e+08 6.3817165e+17 1.414795e+09 1.652414e+09 1e-23 1.9907283e-24 1.2358833e-28
2.0875578e+08 6.3880982e+17 1.4125754e+09 1.6510694e+09 1e-23 1.9870771e-24 1.2393033e-28
2.0920801e+08 6.3944863e+17 1.4103583e+09 1.6497238e+09 1e-23 1.9834343e-24 1.2427331e-28
2.096614e+08 6.4008808e+17 1.4081435e+09 1.6483772e+09 1e-23 1.9798e-24 1.2461727e-28
2.1011597e+08 6.4072816e+17 1.4059313e+09 1.6470297e+09 1e-23 1.9761741e-24 1.2496221e-28
2.105717e+08 6.4136889e+17 1.4037214e+09 1.6456811e+09 1e-23 1.9725565e-24 1.2530815e-28
2.110286e+08 6.4201026e+17 1.401514e+09 1.6443316e+09 1e-23 1.9689473e-24 1.2565508e-28
2.1148669e+08 6.4265227e+17 1.3993091e+09 1.6429812e+09 1e-23 1.9653464e-24 1.26003e-28
2.1194595e+08 6.4329492e+17 1.3971066e+09 1.6416297e+09 1e-23 1.9617538e-24 1.2635192e-28
2.124064e+08 6.4393822e+17 1.3949065e+09 1.6402773e+09 1e-23 1.9581695e-24 1.2670184e-28
2.1286803e+08 6.4458216e+17 1.3927089e+09 1.638924e+09 1e-23 1.9545935e-24 1.2705277e-28
2.1333086e+08 6.4522674e+17 1.3905137e+09 1.6375697e+09 1e-23 1.9510257e-24 1.274047e-28
2.1379488e+08 6.4587197e+17 1.388321e+09 1.6362144e+09 1e-23 1.9474661e-24 1.2775764e-28
2.142601e+08 6.4651784e+17 1.3861307e+09 1.6348582e+09 1e-23 1.9439148e-24 1.281116e-28
2.1472652e+08 6.4716435e+17 1.3839428e+09 1.6335011e+09 1e-23 1.9403716e-24 1.2846657e-28
2.1519414e+08 6.4781152e+17 1.3817574e+09 1.6321431e+09 1e-23 1.9368366e-24 1.2882256e-28
2.1566297e+08 6.4845933e+17 1.3795744e+09 1.6307841e+09 1e-23 1.9333097e-24 1.2917957e-28
2.1613302e+08 6.4910779e+17 1.3773939e+09 1.6294242e+09 1e-23 1.9297909e-24 1.2953761e-28
2.1660427e+08 6.497569e+17 1.3752158e+09 1.6280634e+09 1e-23 1.9262803e-24 1.2989668e-28
2.1707675e+08 6.5040665e+17 1.3730402e+09 1.6267017e+09 1e-23 1.9227777e-24 1.3025678e-28
2.1755045e+08 6.5105706e+17 1.3708669e+09 1.625339e+09 1e-23 1.9192832e-24 1.3061791e-28
2.1802537e+08 6.5170812e+17 1.3686962e+09 1.6239755e+09 1e-23 1.9157967e-24 1.3098008e-28
2.1850153e+08 6.5235983e+17 1.3665278e+09 1.6226111e+09 1e-23 1.9123182e-24 1.3134328e-28
2.1897891e+08 6.5301219e+17 1.3643619e+09 1.6212457e+09 1e-23 1.9088477e-24 1.3170754e-28
2.1945753e+08 6.536652e+17 1.3621985e+09 1.6198795e+09 1e-23 1.9053852e-24 1.3207284e-28
2.1993739e+08 6.5431886e+17 1.3600374e+09 1.6185124e+09 1e-23 1.9019307e-24 1.3243919e-28
2.204185e+08 6.5497318e+17 1.3578789e+09 1.6171444e+09 1e-23 1.8984841e-24 1.3280659e-28
2.2090085e+08 6.5562816e+17 1.3557227e+09 1.6157756e+09 1e-23 1.8950454e-24 1.3317505e-28
2.2138445e+08 6.5628378e+17 1.353569e+09 1.6144059e+09 1e-23 1.8916145e-24 1.3354457e-28
2.218693e+08 6.5694007e+17 1.3514177e+09 1.6130353e+09 1e-23 1.8881916e-24 1.3391515e-28
2.2235541e+08 6.5759701e+17 1.3492689e+09 1.6116638e+09 1e-23 1.8847765e-24 1.3428679e-28
2.2284279e+08 6.582546e+17 1.3471225e+09 1.6102915e+09 1e-23 1.8813692e-24 1.3465951e-28
2.2333142e+08 6.5891286e+17 1.3449785e+09 1.6089184e+09 1e-23 1.8779698e-24 1.3503329e-28
2.2382133e+08 6.5957177e+17 1.342837e+09 1.6075444e+09 1e-23 1.8745781e-24 1.3540816e-28
2.2431251e+08 6.6023134e+17 1.3406979e+09 1.6061695e+09 1e-23 1.8711942e-24 1.357841e-28
2.2480496e+08 6.6089158e+17 1.3385612e+09 1.6047938e+09 1e-23 1.8678181e-24 1.3616112e-28
2.2529869e+08 6.6155247e+17 1.336427e+09 1.6034173e+09 1e-23 1.8644497e-24 1.3653923e-28
2.2579371e+08 6.6221402e+17 1.3342952e+09 1.60204e+09 1e-23 1.861089e-24 1.3691842e-28
2.2629001e+08 6.6287623e+17 1.3321658e+09 1.6006618e+09 1e-23 1.857736e-24 1.3729871e-28
2.267876e+08 6.6353911e+17 1.3300389e+09 1.5992828e+09 1e-23 1.8543907e-24 1.3768009e-28
2.2728649e+08 6.6420265e+17 1.3279144e+09 1.597903e+09 1e-23 1.851053e-24 1.3806257e-28
2.2778668e+08 6.6486685e+17 1.3257923e+09 1.5965224e+09 1e-23 1.847723e-24 1.3844615e-28
2.2828816e+08 6.6553172e+17 1.3236726e+09 1.595141e+09 1e-23 1.8444005e-24 1.3883084e-28
2.2879095e+08 6.6619725e+17 1.3215554e+09 1.5937588e+09 1e-23 1.8410857e-24 1.3921663e-28
2.2929505e+08 6.6686345e+17 1.3194406e+09 1.5923758e+09 1e-23 1.8377785e-24 1.3960354e-28
2.2980047e+08 6.6753031e+17 1.3173283e+09 1.590992e+09 1e-23 1.8344787e-24 1.3999156e-28
2.303072e+08 6.6819784e+17 1.3152183e+09 1.5896074e+09 1e-23 1.8311866e-24 1.4038069e-28
2.3081525e+08 6.6886604e+17 1.3131108e+09 1.588222e+09 1e-23 1.8279019e-24 1.4077095e-28
2.3132462e+08 6.695349e+17 1.3110058e+09 1.5868359e+09 1e-23 1.8246248e-24 1.4116233e-28
2.3183533e+08 6.7020444e+17 1.3089031e+09 1.5854489e+09 1e-23 1.8213551e-24 1.4155485e-28
2.3234736e+08 6.7087464e+17 1.3068029e+09 1.5840613e+09 1e-23 1.8180929e-24 1.4194849e-28
2.3286073e+08 6.7154552e+17 1.3047051e+09 1.5826728e+09 1e-23 1.8148381e-24 1.4234326e-28
2.3337544e+08 6.7221706e+17 1.3026097e+09 1.5812836e+09 1e-23 1.8115907e-24 1.4273918e-28
2.338915e+08 6.7288928e+17 1.3005168e+09 1.5798936e+09 1e-23 1.8083508e-24 1.4313624e-28
2.344089e+08 6.7356217e+17 1.2984263e+09 1.5785029e+09 1e-23 1.8051182e-24 1.4353444e-28
2.3492765e+08 6.7423573e+17 1.2963382e+09 1.5771115e+09 1e-23 1.801893e-24 1.4393379e-28
2.3544776e+08 6.7490997e+17 1.2942525e+09 1.5757193e+09 1e-23 1.7986751e-24 1.4433429e-28
2.3596923e+08 6.7558488e+17 1.2921692e+09 1.5743263e+09 1e-23 1.7954646e-24 1.4473595e-28
2.3649206e+08 6.7626046e+17 1.2900884e+09 1.5729327e+09 1e-23 1.7922613e-24 1.4513876e-28
2.3701626e+08 6.7693672e+17 1.28801e+09 1.5715383e+09 1e-23 1.7890654e-24 1.4554274e-28
2.3754182e+08 6.7761366e+17 1.285934e+09 1.5701432e+09 1e-23 1.7858767e-24 1.4594789e-28
2.3806877e+08 6.7829127e+17 1.2838605e+09 1.5687474e+09 1e-23 1.7826953e-24 1.463542e-28
2.3859709e+08 6.7896957e+17 1.2817893e+09 1.5673508e+09 1e-23 1.7795211e-24 1.4676169e-28
2.3912679e+08 6.7964854e+17 1.2797206e+09 1.5659536e+09 1e-23 1.7763542e-24 1.4717035e-28
2.3965788e+08 6.8032818e+17 1.2776543e+09 1.5645556e+09 1e-23 1.7731944e-24 1.4758019e-28
2.4019037e+08 6.8100851e+17 1.2755904e+09 1.563157e+09 1e-23 1.7700418e-24 1.4799121e-28
2.4072424e+08 6.8168952e+17 1.2735289e+09 1.5617576e+09 1e-23 1.7668963e-24 1.4840343e-28
2.4125952e+08 6.8237121e+17 1.2714698e+09 1.5603576e+09 1e-23 1.763758e-24 1.4881683e-28
2.417962e+08 6.8305358e+17 1.2694132e+09 1.5589569e+09 1e-23 1.7606269e-24 1.4923143e-28
2.4233428e+08 6.8373663e+17 1.267359e+09 1.5575555e+09 1e-23 1.7575028e-24 1.4964722e-28
2.4287378e+08 6.8442037e+17 1.2653072e+09 1.5561534e+09 1e-23 1.7543858e-24 1.5006422e-28
2.4341469e+08 6.8510479e+17 1.2632578e+09 1.5547507e+09 1e-23 1.7512759e-24 1.5048242e-28
2.4395703e+08 6.857899e+17 1.2612108e+09 1.5533473e+09 1e-23 1.748173e-24 1.5090183e-28
2.4450078e+08 6.8647569e+17 1.2591662e+09 1.5519432e+09 1e-23 1.7450772e-24 1.5132245e-28
2.4504596e+08 6.8716216e+17 1.2571241e+09 1.5505385e+09 1e-23 1.7419884e-24 1.5174429e-28
2.4559258e+08 6.8784932e+17 1.2550843e+09 1.5491331e+09 1e-23 1.7389066e-24 1.5216734e-28
2.4614063e+08 6.8853717e+17 1.253047e+09 1.5477271e+09 1e-23 1.7358317e-24 1.5259162e-28
2.4669012e+08 6.8922571e+17 1.2510121e+09 1.5463204e+09 1e-23 1.7327639e-24 1.5301713e-28
2.4724105e+08 6.8991494e+17 1.2489795e+09 1.5449131e+09 1e-23 1.7297029e-24 1.5344386e-28
2.4779344e+08 6.9060485e+17 1.2469494e+09 1.5435052e+09 1e-23 1.7266489e-24 1.5387184e-28
2.4834727e+08 6.9129546e+17 1.2449217e+09 1.5420966e+09 1e-23 1.7236018e-24 1.5430104e-28
2.4890256e+08 6.9198675e+17 1.2428964e+09 1.5406874e+09 1e-23 1.7205616e-24 1.5473149e-28
2.4945932e+08 6.9267874e+17 1.2408736e+09 1.5392776e+09 1e-23 1.7175283e-24 1.5516319e-28
2.5001754e+08 6.9337142e+17 1.2388531e+09 1.5378672e+09 1e-23 1.7145018e-24 1.5559613e-28
2.5057722e+08 6.9406479e+17 1.236835e+09 1.5364561e+09 1e-23 1.7114822e-24 1.5603033e-28
2.5113839e+08 6.9475885e+17 1.2348194e+09 1.5350445e+09 1e-23 1.7084694e-24 1.5646579e-28
2.5170103e+08 6.9545361e+17 1.2328061e+09 1.5336322e+09 1e-23 1.7054633e-24 1.569025e-28
2.5226515e+08 6.9614907e+17 1.2307952e+09 1.5322194e+09 1e-23 1.7024641e-24 1.5734048e-28
2.5283076e+08 6.9684522e+17 1.2287868e+09 1.5308059e+09 1e-23 1.6994716e-24 1.5777973e-28
2.5339786e+08 6.9754206e+17 1.2267807e+09 1.5293919e+09 1e-23 1.6964859e-24 1.5822024e-28
2.5396645e+08 6.982396e+17 1.2247771e+09 1.5279773e+09 1e-23 1.693507e-24 1.5866204e-28
2.5453655e+08 6.9893784e+17 1.2227758e+09 1.5265621e+09 1e-23 1.6905347e-24 1.5910511e-28
2.5510815e+08 6.9963678e+17 1.220777e+09 1.5251464e+09 1e-23 1.6875692e-24 1.5954947e-28
2.5568126e+08 7.0033642e+17 1.2187805e+09 1.52373e+09 1e-23 1.6846103e-24 1.5999511e-28
2.5625588e+08 7.0103675e+17 1.2167864e+09 1.5223131e+09 1e-23 1.6816581e-24 1.6044205e-28
2.5683201e+08 7.0173779e+17 1.2147948e+09 1.5208957e+09 1e-23 1.6787125e-24 1.6089028e-28
2.5740967e+08 7.0243953e+17 1.2128055e+09 1.5194776e+09 1e-23 1.6757736e-24 1.6133981e-28
2.5798886e+08 7.0314197e+17 1.2108187e+09 1.5180591e+09 1e-23 1.6728413e-24 1.6179064e-28
2.5856958e+08 7.0384511e+17 1.2088342e+09 1.51664e+09 1e-23 1.6699156e-24 1.6224278e-28
2.5915183e+08 7.0454895e+17 1.2068521e+09 1.5152203e+09 1e-23 1.6669965e-24 1.6269623e-28
2.5973562e+08 7.052535e+17 1.2048724e+09 1.5138001e+09 1e-23 1.6640839e-24 1.6315099e-28
2.6032095e+08 7.0595876e+17 1.2028951e+09 1.5123794e+09 1e-23 1.6611779e-24 1.6360707e-28
2.6090783e+08 7.0666472e+17 1.2009202e+09 1.5109581e+09 1e-23 1.6582784e-24 1.6406448e-28
2.6149627e+08 7.0737138e+17 1.1989477e+09 1.5095363e+09 1e-23 1.6553855e-24 1.6452321e-28
2.6208626e+08 7.0807875e+17 1.1969776e+09 1.508114e+09 1e-23 1.652499e-24 1.6498327e-28
2.6267782e+08 7.0878683e+17 1.1950099e+09 1.5066912e+09 1e-23 1.649619e-24 1.6544467e-28
2.6327094e+08 7.0949562e+17 1.1930446e+09 1.5052679e+09 1e-23 1.6467455e-24 1.6590741e-28
2.6386564e+08 7.1020511e+17 1.1910816e+09 1.5038441e+09 1e-23 1.6438785e-24 1.6637148e-28
2.644619e+08 7.1091532e+17 1.189121e+09 1.5024197e+09 1e-23 1.6410178e-24 1.6683691e-28
2.6505975e+08 7.1162623e+17 1.1871629e+09 1.5009949e+09 1e-23 1.6381636e-24 1.6730369e-28
2.6565919e+08 7.1233786e+17 1.1852071e+09 1.4995696e+09 1e-23 1.6353158e-24 1.6777182e-28
2.6626021e+08 7.130502e+17 1.1832537e+09 1.4981437e+09 1e-23 1.6324744e-24 1.6824131e-28
2.6686283e+08 7.1376325e+17 1.1813026e+09 1.4967174e+09 1e-23 1.6296394e-24 1.6871216e-28
2.6746705e+08 7.1447701e+17 1.179354e+09 1.4952907e+09 1e-23 1.6268107e-24 1.6918438e-28
2.6807287e+08 7.1519149e+17 1.1774077e+09 1.4938634e+09 1e-23 1.6239883e-24 1.6965797e-28
2.686803e+08 7.1590668e+17 1.1754639e+09 1.4924357e+09 1e-23 1.6211723e-24 1.7013293e-28
2.6928934e+08 7.1662259e+17 1.1735224e+09 1.4910075e+09 1e-23 1.6183625e-24 1.7060928e-28
2.699e+08 7.1733921e+17 1.1715833e+09 1.4895789e+09 1e-23 1.6155591e-24 1.7108701e-28
2.7051228e+08 7.1805655e+17 1.1696465e+09 1.4881498e+09 1e-23 1.6127619e-24 1.7156613e-28
2.7112619e+08 7.187746e+17 1.1677122e+09 1.4867202e+09 1e-23 1.609971e-24 1.7204664e-28
2.7174173e+08 7.1949338e+17 1.1657802e+09 1.4852902e+09 1e-23 1.6071863e-24 1.7252854e-28
2.7235891e+08 7.2021287e+17 1.1638506e+09 1.4838597e+09 1e-23 1.6044078e-24 1.7301185e-28
2.7297773e+08 7.2093308e+17 1.1619233e+09 1.4824289e+09 1e-23 1.6016356e-24 1.7349656e-28
2.7359819e+08 7.2165402e+17 1.1599985e+09 1.4809975e+09 1e-23 1.5988696e-24 1.7398268e-28
2.7422031e+08 7.2237567e+17 1.158076e+09 1.4795658e+09 1e-23 1.5961097e-24 1.7447022e-28
2.7484408e+08 7.2309805e+17 1.1561559e+09 1.4781336e+09 1e-23 1.593356e-24 1.7495917e-28
2.7546951e+08 7.2382115e+17 1.1542381e+09 1.476701e+09 1e-23 1.5906084e-24 1.7544954e-28
2.7609661e+08 7.2454497e+17 1.1523228e+09 1.475268e+09 1e-23 1.587867e-24 1.7594134e-28
2.7672538e+08 7.2526951e+17 1.1504098e+09 1.4738346e+09 1e-23 1.5851317e-24 1.7643457e-28
2.7735583e+08 7.2599478e+17 1.1484991e+09 1.4724007e+09 1e-23 1.5824025e-24 1.7692924e-28
2.7798795e+08 7.2672078e+17 1.1465909e+09 1.4709665e+09 1e-23 1.5796794e-24 1.7742534e-28
2.7862176e+08 7.274475e+17 1.144685e+09 1.4695319e+09 1e-23 1.5769623e-24 1.7792289e-28
2.7925726e+08 7.2817494e+17 1.1427814e+09 1.4680968e+09 1e-23 1.5742513e-24 1.7842189e-28
2.7989446e+08 7.2890312e+17 1.1408802e+09 1.4666614e+09 1e-23 1.5715464e-24 1.7892233e-28
2.8053335e+08 7.2963202e+17 1.1389814e+09 1.4652256e+09 1e-23 1.5688474e-24 1.7942424e-28
2.8117395e+08 7.3036165e+17 1.137085e+09 1.4637894e+09 1e-23 1.5661545e-24 1.799276e-28
2.8181626e+08 7.3109202e+17 1.1351909e+09 1.4623529e+09 1e-23 1.5634676e-24 1.8043244e-28
2.8246029e+08 7.3182311e+17 1.1332992e+09 1.4609159e+09 1e-23 1.5607866e-24 1.8093874e-28
2.8310603e+08 7.3255493e+17 1.1314098e+09 1.4594786e+09 1e-23 1.5581116e-24 1.8144651e-28
2.837535e+08 7.3328749e+17 1.1295228e+09 1.458041e+09 1e-23 1.5554426e-24 1.8195577e-28
2.8440271e+08 7.3402077e+17 1.1276382e+09 1.456603e+09 1e-23 1.5527795e-24 1.824665e-28
2.8505364e+08 7.3475479e+17 1.1257559e+09 1.4551646e+09 1e-23 1.5501223e-24 1.8297873e-28
2.8570632e+08 7.3548955e+17 1.123876e+09 1.4537259e+09 1e-23 1.547471e-24 1.8349245e-28
2.8636074e+08 7.3622504e+17 1.1219984e+09 1.4522868e+09 1e-23 1.5448256e-24 1.8400766e-28
2.8701691e+08 7.3696126e+17 1.1201232e+09 1.4508474e+09 1e-23 1.5421861e-24 1.8452438e-28
2.8767484e+08 7.3769823e+17 1.1182503e+09 1.4494076e+09 1e-23 1.5395525e-24 1.850426e-28
2.8833453e+08 7.3843592e+17 1.1163798e+09 1.4479676e+09 1e-23 1.5369247e-24 1.8556234e-28
2.8899599e+08 7.3917436e+17 1.1145116e+09 1.4465271e+09 1e-23 1.5343027e-24 1.8608359e-28
2.8965922e+08 7.3991353e+17 1.1126458e+09 1.4450864e+09 1e-23 1.5316865e-24 1.8660635e-28
2.9032422e+08 7.4065345e+17 1.1107824e+09 1.4436454e+09 1e-23 1.5290762e-24 1.8713065e-28
2.90991e+08 7.413941e+17 1.1089213e+09 1.442204e+09 1e-23 1.5264716e-24 1.8765647e-28
2.9165958e+08 7.4213549e+17 1.1070625e+09 1.4407623e+09 1e-23 1.5238728e-24 1.8818382e-28
2.9232994e+08 7.4287763e+17 1.1052061e+09 1.4393203e+09 1e-23 1.5212797e-24 1.8871272e-28
2.930021e+08 7.4362051e+17 1.103352e+09 1.4378781e+09 1e-23 1.5186924e-24 1.8924315e-28
2.9367607e+08 7.4436413e+17 1.1015002e+09 1.4364355e+09 1e-23 1.5161108e-24 1.8977514e-28
2.9435184e+08 7.4510849e+17 1.0996509e+09 1.4349926e+09 1e-23 1.513535e-24 1.9030867e-28
2.9502943e+08 7.458536e+17 1.0978038e+09 1.4335495e+09 1e-23 1.5109648e-24 1.9084377e-28
2.9570883e+08 7.4659945e+17 1.0959591e+09 1.432106e+09 1e-23 1.5084003e-24 1.9138042e-28
2.9639006e+08 7.4734605e+17 1.0941167e+09 1.4306623e+09 1e-23 1.5058415e-24 1.9191864e-28
2.9707312e+08 7.480934e+17 1.0922767e+09 1.4292183e+09 1e-23 1.5032884e-24 1.9245844e-28
2.9775802e+08 7.4884149e+17 1.090439e+09 1.427774e+09 1e-23 1.5007409e-24 1.929998e-28
2.9844475e+08 7.4959033e+17 1.0886036e+09 1.4263295e+09 1e-23 1.498199e-24 1.9354275e-28
2.9913333e+08 7.5033993e+17 1.0867706e+09 1.4248847e+09 1e-23 1.4956628e-24 1.9408729e-28
2.9982376e+08 7.5109027e+17 1.0849399e+09 1.4234396e+09 1e-23 1.4931321e-24 1.9463342e-28
3.0051605e+08 7.5184136e+17 1.0831116e+09 1.4219943e+09 1e-23 1.490607e-24 1.9518114e-28
3.012102e+08 7.525932e+17 1.0812856e+09 1.4205488e+09 1e-23 1.4880875e-24 1.9573046e-28
3.0190621e+08 7.5334579e+17 1.0794619e+09 1.419103e+09 1e-23 1.4855736e-24 1.9628138e-28
3.026041e+08 7.5409914e+17 1.0776405e+09 1.4176569e+09 1e-23 1.4830652e-24 1.9683392e-28
3.0330387e+08 7.5485323e+17 1.0758215e+09 1.4162106e+09 1e-23 1.4805623e-24 1.9738807e-28
3.0400553e+08 7.5560809e+17 1.0740048e+09 1.4147641e+09 1e-23 1.478065e-24 1.9794384e-28
3.0470907e+08 7.563637e+17 1.0721904e+09 1.4133174e+09 1e-23 1.4755731e-24 1.9850124e-28
3.0541451e+08 7.5712006e+17 1.0703783e+09 1.4118704e+09 1e-23 1.4730868e-24 1.9906026e-28
3.0612184e+08 7.5787718e+17 1.0685686e+09 1.4104232e+09 1e-23 1.4706059e-24 1.9962092e-28
3.0683109e+08 7.5863506e+17 1.0667612e+09 1.4089758e+09 1e-23 1.4681305e-24 2.0018322e-28
3.0754225e+08 7.5939369e+17 1.0649561e+09 1.4075282e+09 1e-23 1.4656605e-24 2.0074716e-28
3.0825532e+08 7.6015309e+17 1.0631533e+09 1.4060804e+09 1e-23 1.4631959e-24 2.0131276e-28
3.0897032e+08 7.6091324e+17 1.0613529e+09 1.4046324e+09 1e-23 1.4607368e-24 2.0188e-28
3.0968725e+08 7.6167415e+17 1.0595548e+09 1.4031842e+09 1e-23 1.4582831e-24 2.0244891e-28
3.1040611e+08 7.6243583e+17 1.057759e+09 1.4017358e+09 1e-23 1.4558348e-24 2.0301948e-28
3.1112691e+08 7.6319826e+17 1.0559655e+09 1.4002872e+09 1e-23 1.4533919e-24 2.0359172e-28
3.1184966e+08 7.6396146e+17 1.0541743e+09 1.3988384e+09 1e-23 1.4509543e-24 2.0416564e-28
3.1257436e+08 7.6472542e+17 1.0523854e+09 1.3973894e+09 1e-23 1.4485221e-24 2.0474124e-28
3.1330102e+08 7.6549015e+17 1.0505989e+09 1.3959403e+09 1e-23 1.4460952e-24 2.0531852e-28
3.1402965e+08 7.6625564e+17 1.0488146e+09 1.394491e+09 1e-23 1.4436737e-24 2.0589749e-28
3.1476024e+08 7.6702189e+17 1.0470327e+09 1.3930415e+09 1e-23 1.4412575e-24 2.0647815e-28
3.1549281e+08 7.6778892e+17 1.0452531e+09 1.3915918e+09 1e-23 1.4388465e-24 2.0706052e-28
3.1622735e+08 7.685567e+17 1.0434758e+09 1.390142e+09 1e-23 1.4364409e-24 2.0764459e-28
3.1696389e+08 7.6932526e+17 1.0417008e+09 1.3886921e+09 1e-23 1.4340405e-24 2.0823038e-28
3.1770242e+08 7.7009459e+17 1.0399281e+09 1.387242e+09 1e-23 1.4316454e-24 2.0881787e-28
3.1844294e+08 7.7086468e+17 1.0381577e+09 1.3857917e+09 1e-23 1.4292555e-24 2.094071e-28
3.1918548e+08 7.7163555e+17 1.0363896e+09 1.3843413e+09 1e-23 1.4268709e-24 2.0999804e-28
3.1993002e+08 7.7240718e+17 1.0346238e+09 1.3828908e+09 1e-23 1.4244915e-24 2.1059072e-28
3.2067658e+08 7.7317959e+17 1.0328603e+09 1.3814401e+09 1e-23 1.4221173e-24 2.1118514e-28
3.2142516e+08 7.7395277e+17 1.0310992e+09 1.3799893e+09 1e-23 1.4197483e-24 2.1178129e-28
3.2217577e+08 7.7472672e+17 1.0293403e+09 1.3785384e+09 1e-23 1.4173845e-24 2.123792e-28
3.2292841e+08 7.7550145e+17 1.0275837e+09 1.3770873e+09 1e-23 1.4150259e-24 2.1297886e-28
3.2368309e+08 7.7627695e+17 1.0258294e+09 1.3756362e+09 1e-23 1.4126724e-24 2.1358027e-28
3.2443983e+08 7.7705323e+17 1.0240774e+09 1.3741849e+09 1e-23 1.410324e-24 2.1418346e-28
3.2519861e+08 7.7783028e+17 1.0223277e+09 1.3727335e+09 1e-23 1.4079808e-24 2.147884e-28
3.2595945e+08 7.7860811e+17 1.0205803e+09 1.371282e+09 1e-23 1.4056427e-24 2.1539513e-28
3.2672236e+08 7.7938672e+17 1.0188351e+09 1.3698304e+09 1e-23 1.4033097e-24 2.1600363e-28
3.2748734e+08 7.801661e+17 1.0170923e+09 1.3683787e+09 1e-23 1.4009818e-24 2.1661392e-28
3.2825439e+08 7.8094627e+17 1.0153518e+09 1.3669269e+09 1e-23 1.398659e-24 2.17226e-28
3.2902353e+08 7.8172722e+17 1.0136135e+09 1.3654751e+09 1e-23 1.3963413e-24 2.1783988e-28
3.2979476e+08 7.8250894e+17 1.0118775e+09 1.3640231e+09 1e-23 1.3940286e-24 2.1845556e-28
3.3056808e+08 7.8329145e+17 1.0101439e+09 1.3625711e+09 1e-23 1.3917209e-24 2.1907304e-28
3.3134351e+08 7.8407474e+17 1.0084125e+09 1.3611189e+09 1e-23 1.3894183e-24 2.1969234e-28
3.3212104e+08 7.8485882e+17 1.0066833e+09 1.3596668e+09 1e-23 1.3871207e-24 2.2031346e-28
3.3290069e+08 7.8564368e+17 1.0049565e+09 1.3582145e+09 1e-23 1.3848281e-24 2.209364e-28
3.3368246e+08 7.8642932e+17 1.0032319e+09 1.3567622e+09 1e-23 1.3825405e-24 2.2156117e-28
3.3446636e+08 7.8721575e+17 1.0015097e+09 1.3553098e+09 1e-23 1.3802579e-24 2.2218777e-28
3.3525238e+08 7.8800297e+17 9.9978966e+08 1.3538574e+09 1e-23 1.3779802e-24 2.2281622e-28
3.3604055e+08 7.8879097e+17 9.9807193e+08 1.3524049e+09 1e-23 1.3757075e-24 2.2344651e-28
3.3683087e+08 7.8957976e+17 9.9635648e+08 1.3509524e+09 1e-23 1.3734398e-24 2.2407865e-28
3.3762333e+08 7.9036934e+17 9.946433e+08 1.3494998e+09 1e-23 1.371177e-24 2.2471265e-28
3.3841796e+08 7.9115971e+17 9.9293239e+08 1.3480472e+09 1e-23 1.368919e-24 2.2534852e-28
3.3921475e+08 7.9195087e+17 9.9122376e+08 1.3465946e+09 1e-23 1.366666e-24 2.2598625e-28
3.4001371e+08 7.9274282e+17 9.8951739e+08 1.3451419e+09 1e-23 1.3644179e-24 2.2662586e-28
3.4081486e+08 7.9353556e+17 9.878133e+08 1.3436892e+09 1e-23 1.3621747e-24 2.2726734e-28
3.4161818e+08 7.943291e+17 9.8611147e+08 1.3422365e+09 1e-23 1.3599364e-24 2.2791072e-28
3.424237e+08 7.9512343e+17 9.844119e+08 1.3407837e+09 1e-23 1.3577029e-24 2.2855599e-28
3.4323141e+08 7.9591855e+17 9.827146e+08 1.339331e+09 1e-23 1.3554742e-24 2.2920315e-28
3.4404133e+08 7.9671447e+17 9.8101956e+08 1.3378782e+09 1e-23 1.3532504e-24 2.2985222e-28
3.4485346e+08 7.9751118e+17 9.7932679e+08 1.3364254e+09 1e-23 1.3510314e-24 2.3050319e-28
3.4566781e+08 7.9830869e+17 9.7763627e+08 1.3349726e+09 1e-23 1.3488172e-24 2.3115608e-28
3.4648438e+08 7.99107e+17 9.7594802e+08 1.3335199e+09 1e-23 1.3466079e-24 2.318109e-28
3.4730318e+08 7.9990611e+17 9.7426202e+08 1.3320671e+09 1e-23 1.3444033e-24 2.3246764e-28
3.4812421e+08 8.0070602e+17 9.7257827e+08 1.3306143e+09 1e-23 1.3422034e-24 2.3312631e-28
3.489475e+08 8.0150672e+17 9.7089679e+08 1.3291616e+09 1e-23 1.3400084e-24 2.3378692e-28
3.4977303e+08 8.0230823e+17 9.6921755e+08 1.3277089e+09 1e-23 1.3378181e-24 2.3444948e-28
3.5060082e+08 8.0311054e+17 9.6754057e+08 1.3262562e+09 1e-23 1.3356325e-24 2.3511398e-28
3.5143087e+08 8.0391365e+17 9.6586584e+08 1.3248035e+09 1e-23 1.3334517e-24 2.3578045e-28
3.522632e+08 8.0471756e+17 9.6419336e+08 1.3233508e+09 1e-23 1.3312755e-24 2.3644887e-28
3.530978e+08 8.0552228e+17 9.6252313e+08 1.3218982e+09 1e-23 1.3291041e-24 2.3711927e-28
3.5393468e+08 8.063278e+17 9.6085514e+08 1.3204456e+09 1e-23 1.3269374e-24 2.3779164e-28
3.5477386e+08 8.0713413e+17 9.591894e+08 1.3189931e+09 1e-23 1.3247753e-24 2.3846599e-28
3.5561534e+08 8.0794126e+17 9.575259e+08 1.3175406e+09 1e-23 1.322618e-24 2.3914232e-28
3.5645912e+08 8.087492e+17 9.5586465e+08 1.3160882e+09 1e-23 1.3204652e-24 2.3982065e-28
3.5730521e+08 8.0955795e+17 9.5420564e+08 1.3146358e+09 1e-23 1.3183172e-24 2.4050098e-28
3.5815362e+08 8.1036751e+17 9.5254886e+08 1.3131834e+09 1e-23 1.3161737e-24 2.4118332e-28
3.5900435e+08 8.1117788e+17 9.5089433e+08 1.3117312e+09 1e-23 1.3140349e-24 2.4186766e-28
3.5985742e+08 8.1198906e+17 9.4924203e+08 1.310279e+09 1e-23 1.3119007e-24 2.4255402e-28
3.6071283e+08 8.1280105e+17 9.4759197e+08 1.3088268e+09 1e-23 1.3097711e-24 2.4324241e-28
3.6157059e+08 8.1361385e+17 9.4594415e+08 1.3073748e+09 1e-23 1.3076461e-24 2.4393282e-28
3.6243069e+08 8.1442746e+17 9.4429855e+08 1.3059228e+09 1e-23 1.3055257e-24 2.4462528e-28
3.6329316e+08 8.1524189e+17 9.4265519e+08 1.3044709e+09 1e-23 1.3034098e-24 2.4531977e-28
3.64158e+08 8.1605713e+17 9.4101406e+08 1.3030191e+09 1e-23 1.3012985e-24 2.4601631e-28
3.6502521e+08 8.1687319e+17 9.3937516e+08 1.3015673e+09 1e-23 1.2991917e-24 2.4671491e-28
3.658948e+08 8.1769006e+17 9.3773848e+08 1.3001157e+09 1e-23 1.2970895e-24 2.4741557e-28
3.6676678e+08 8.1850775e+17 9.3610403e+08 1.2986642e+09 1e-23 1.2949918e-24 2.4811829e-28
3.6764116e+08 8.1932626e+17 9.3447181e+08 1.2972127e+09 1e-23 1.2928986e-24 2.4882309e-28
3.6851794e+08 8.2014559e+17 9.3284181e+08 1.2957614e+09 1e-23 1.2908099e-24 2.4952997e-28
3.6939713e+08 8.2096573e+17 9.3121403e+08 1.2943102e+09 1e-23 1.2887257e-24 2.5023894e-28
3.7027874e+08 8.217867e+17 9.2958847e+08 1.2928591e+09 1e-23 1.2866459e-24 2.5095e-28
3.7116277e+08 8.2260848e+17 9.2796513e+08 1.2914081e+09 1e-23 1.2845707e-24 2.5166316e-28
3.7204923e+08 8.2343109e+17 9.26344e+08 1.2899572e+09 1e-23 1.2824998e-24 2.5237842e-28
3.7293814e+08 8.2425452e+17 9.247251e+08 1.2885064e+09 1e-23 1.2804335e-24 2.530958e-28
3.7382949e+08 8.2507878e+17 9.2310841e+08 1.2870558e+09 1e-23 1.2783715e-24 2.538153e-28
3.7472329e+08 8.2590386e+17 9.2149393e+08 1.2856053e+09 1e-23 1.276314e-24 2.5453692e-28
3.7561956e+08 8.2672976e+17 9.1988166e+08 1.284155e+09 1e-23 1.2742609e-24 2.5526067e-28
3.7651829e+08 8.2755649e+17 9.182716e+08 1.2827047e+09 1e-23 1.2722122e-24 2.5598656e-28
3.7741951e+08 8.2838405e+17 9.1666375e+08 1.2812547e+09 1e-23 1.2701679e-24 2.567146e-28
3.783232e+08 8.2921243e+17 9.1505811e+08 1.2798047e+09 1e-23 1.268128e-24 2.5744479e-28
3.7922939e+08 8.3004164e+17 9.1345467e+08 1.2783549e+09 1e-23 1.2660924e-24 2.5817714e-28
3.8013807e+08 8.3087168e+17 9.1185344e+08 1.2769053e+09 1e-23 1.2640612e-24 2.5891165e-28
3.8104926e+08 8.3170256e+17 9.1025441e+08 1.2754559e+09 1e-23 1.2620344e-24 2.5964833e-28
3.8196296e+08 8.3253426e+17 9.0865759e+08 1.2740066e+09 1e-23 1.2600118e-24 2.6038719e-28
3.8287919e+08 8.3336679e+17 9.0706296e+08 1.2725574e+09 1e-23 1.2579936e-24 2.6112824e-28
3.8379794e+08 8.3420016e+17 9.0547053e+08 1.2711085e+09 1e-23 1.2559798e-24 2.6187148e-28
3.8471923e+08 8.3503436e+17 9.038803e+08 1.2696597e+09 1e-23 1.2539702e-24 2.6261691e-28
3.8564306e+08 8.3586939e+17 9.0229226e+08 1.268211e+09 1e-23 1.2519649e-24 2.6336455e-28
3.8656945e+08 8.3670526e+17 9.0070642e+08 1.2667626e+09 1e-23 1.2499639e-24 2.6411441e-28
3.8749839e+08 8.3754197e+17 8.9912277e+08 1.2653144e+09 1e-23 1.2479672e-24 2.6486648e-28
3.884299e+08 8.3837951e+17 8.9754131e+08 1.2638663e+09 1e-23 1.2459747e-24 2.6562078e-28
3.8936398e+08 8.3921789e+17 8.9596205e+08 1.2624184e+09 1e-23 1.2439865e-24 2.6637731e-28
3.9030065e+08 8.4005711e+17 8.9438497e+08 1.2609708e+09 1e-23 1.2420026e-24 2.6713608e-28
3.9123991e+08 8.4089717e+17 8.9281007e+08 1.2595233e+09 1e-23 1.2400228e-24 2.6789709e-28
3.9218176e+08 8.4173806e+17 8.9123736e+08 1.258076e+09 1e-23 1.2380473e-24 2.6866036e-28
3.9312622e+08 8.425798e+17 8.8966684e+08 1.2566289e+09 1e-23 1.236076e-24 2.6942589e-28
3.940733e+08 8.4342238e+17 8.8809849e+08 1.2551821e+09 1e-23 1.2341089e-24 2.7019368e-28
3.9502299e+08 8.442658e+17 8.8653233e+08 1.2537355e+09 1e-23 1.232146e-24 2.7096375e-28
3.9597531e+08 8.4511007e+17 8.8496835e+08 1.252289e+09 1e-23 1.2301873e-24 2.717361e-28
3.9693028e+08 8.4595518e+17 8.8340654e+08 1.2508428e+09 1e-23 1.2282327e-24 2.7251074e-28
3.9788788e+08 8.4680113e+17 8.8184691e+08 1.2493969e+09 1e-23 1.2262823e-24 2.7328768e-28
3.9884814e+08 8.4764793e+17 8.8028946e+08 1.2479511e+09 1e-23 1.224336e-24 2.7406691e-28
3.9981106e+08 8.4849558e+17 8.7873417e+08 1.2465056e+09 1e-23 1.2223939e-24 2.7484846e-28
4.0077665e+08 8.4934408e+17 8.7718106e+08 1.2450603e+09 1e-23 1.2204559e-24 2.7563232e-28
4.0174491e+08 8.5019342e+17 8.7563012e+08 1.2436153e+09 1e-23 1.2185221e-24 2.764185e-28
4.0271586e+08 8.5104362e+17 8.7408135e+08 1.2421705e+09 1e-23 1.2165923e-24 2.7720702e-28
4.0368951e+08 8.5189466e+17 8.7253474e+08 1.240726e+09 1e-23 1.2146667e-24 2.7799787e-28
4.0466585e+08 8.5274655e+17 8.709903e+08 1.2392817e+09 1e-23 1.2127451e-24 2.7879107e-28
4.0564491e+08 8.535993e+17 8.6944802e+08 1.2378377e+09 1e-23 1.2108276e-24 2.7958662e-28
4.0662668e+08 8.544529e+17 8.6790791e+08 1.2363939e+09 1e-23 1.2089142e-24 2.8038453e-28
4.0761117e+08 8.5530735e+17 8.6636996e+08 1.2349504e+09 1e-23 1.2070048e-24 2.8118481e-28
4.0859841e+08 8.5616266e+17 8.6483416e+08 1.2335071e+09 1e-23 1.2050995e-24 2.8198746e-28
4.0958838e+08 8.5701882e+17 8.6330052e+08 1.2320641e+09 1e-23 1.2031982e-24 2.8279249e-28
4.105811e+08 8.5787584e+17 8.6176904e+08 1.2306214e+09 1e-23 1.201301e-24 2.8359992e-28
4.1157658e+08 8.5873372e+17 8.6023971e+08 1.229179e+09 1e-23 1.1994078e-24 2.8440973e-28
4.1257483e+08 8.5959245e+17 8.5871254e+08 1.2277369e+09 1e-23 1.1975185e-24 2.8522196e-28
4.1357586e+08 8.6045204e+17 8.5718752e+08 1.226295e+09 1e-23 1.1956333e-24 2.8603659e-28
4.1457967e+08 8.613125e+17 8.5566464e+08 1.2248534e+09 1e-23 1.1937521e-24 2.8685364e-28
4.1558627e+08 8.6217381e+17 8.5414392e+08 1.2234121e+09 1e-23 1.1918748e-24 2.8767312e-28
4.1659567e+08 8.6303598e+17 8.5262534e+08 1.2219711e+09 1e-23 1.1900016e-24 2.8849503e-28
4.1760788e+08 8.6389902e+17 8.5110891e+08 1.2205304e+09 1e-23 1.1881323e-24 2.8931938e-28
4.1862291e+08 8.6476292e+17 8.4959462e+08 1.2190901e+09 1e-23 1.1862669e-24 2.9014618e-28
4.1964076e+08 8.6562768e+17 8.4808247e+08 1.21765e+09 1e-23 1.1844055e-24 2.9097543e-28
4.2066145e+08 8.6649331e+17 8.4657246e+08 1.2162102e+09 1e-23 1.182548e-24 2.9180715e-28
4.2168498e+08 8.673598e+17 8.4506459e+08 1.2147707e+09 1e-23 1.1806944e-24 2.9264135e-28
4.2271136e+08 8.6822716e+17 8.4355886e+08 1.2133316e+09 1e-23 1.1788448e-24 2.9347801e-28
4.2374061e+08 8.6909539e+17 8.4205526e+08 1.2118927e+09 1e-23 1.176999e-24 2.9431717e-28
4.2477272e+08 8.6996448e+17 8.405538e+08 1.2104542e+09 1e-23 1.1751572e-24 2.9515882e-28
4.2580771e+08 8.7083445e+17 8.3905447e+08 1.2090161e+09 1e-23 1.1733192e-24 2.9600297e-28
4.2684558e+08 8.7170528e+17 8.3755727e+08 1.2075782e+09 1e-23 1.1714851e-24 2.9684964e-28
4.2788635e+08 8.7257699e+17 8.360622e+08 1.2061407e+09 1e-23 1.1696549e-24 2.9769882e-28
4.2893003e+08 8.7344956e+17 8.3456925e+08 1.2047035e+09 1e-23 1.1678285e-24 2.9855052e-28
4.2997662e+08 8.7432301e+17 8.3307844e+08 1.2032667e+09 1e-23 1.166006e-24 2.9940476e-28
4.3102612e+08 8.7519734e+17 8.3158974e+08 1.2018302e+09 1e-23 1.1641873e-24 3.0026154e-28
4.3207856e+08 8.7607253e+17 8.3010317e+08 1.200394e+09 1e-23 1.1623724e-24 3.0112087e-28
4.3313394e+08 8.7694861e+17 8.2861872e+08 1.1989582e+09 1e-23 1.1605614e-24 3.0198275e-28
4.3419227e+08 8.7782556e+17 8.2713639e+08 1.1975228e+09 1e-23 1.1587541e-24 3.028472e-28
4.3525355e+08 8.7870338e+17 8.2565618e+08 1.1960877e+09 1e-23 1.1569507e-24 3.0371422e-28
4.363178e+08 8.7958208e+17 8.2417809e+08 1.194653e+09 1e-23 1.1551511e-24 3.0458383e-28
4.3738502e+08 8.8046167e+17 8.2270211e+08 1.1932186e+09 1e-23 1.1533552e-24 3.0545602e-28
4.3845523e+08 8.8134213e+17 8.2122824e+08 1.1917846e+09 1e-23 1.1515631e-24 3.063308e-28
4.3952843e+08 8.8222347e+17 8.1975648e+08 1.190351e+09 1e-23 1.1497748e-24 3.0720819e-28
4.4060463e+08 8.8310569e+17 8.1828683e+08 1.1889177e+09 1e-23 1.1479902e-24 3.080882e-28
4.4168384e+08 8.839888e+17 8.1681929e+08 1.1874849e+09 1e-23 1.1462094e-24 3.0897082e-28
4.4276608e+08 8.8487279e+17 8.1535386e+08 1.1860524e+09 1e-23 1.1444323e-24 3.0985608e-28
4.4385134e+08 8.8575766e+17 8.1389053e+08 1.1846203e+09 1e-23 1.142659e-24 3.1074397e-28
4.4493964e+08 8.8664342e+17 8.1242931e+08 1.1831886e+09 1e-23 1.1408893e-24 3.116345e-28
4.4603099e+08 8.8753006e+17 8.1097018e+08 1.1817572e+09 1e-23 1.1391234e-24 3.1252769e-28
4.4712539e+08 8.8841759e+17 8.0951316e+08 1.1803263e+09 1e-23 1.1373612e-24 3.1342354e-28
4.4822286e+08 8.8930601e+17 8.0805823e+08 1.1788958e+09 1e-23 1.1356026e-24 3.1432206e-28
4.4932341e+08 8.9019532e+17 8.0660541e+08 1.1774656e+09 1e-23 1.1338478e-24 3.1522326e-28
4.5042704e+08 8.9108551e+17 8.0515467e+08 1.1760359e+09 1e-23 1.1320966e-24 3.1612715e-28
4.5153377e+08 8.919766e+17 8.0370603e+08 1.1746066e+09 1e-23 1.1303491e-24 3.1703373e-28
4.526436e+08 8.9286857e+17 8.0225948e+08 1.1731777e+09 1e-23 1.1286052e-24 3.1794301e-28
4.5375654e+08 8.9376144e+17 8.0081502e+08 1.1717492e+09 1e-23 1.126865e-24 3.18855e-28
4.5487261e+08 8.946552e+17 7.9937265e+08 1.1703211e+09 1e-23 1.1251284e-24 3.1976972e-28
4.559918e+08 8.9554986e+17 7.9793237e+08 1.1688935e+09 1e-23 1.1233955e-24 3.2068716e-28
4.5711414e+08 8.9644541e+17 7.9649417e+08 1.1674663e+09 1e-23 1.1216661e-24 3.2160734e-28
4.5823963e+08 8.9734185e+17 7.9505805e+08 1.1660395e+09 1e-23 1.1199404e-24 3.2253026e-28
4.5936828e+08 8.982392e+17 7.9362401e+08 1.1646131e+09 1e-23 1.1182183e-24 3.2345594e-28
4.605001e+08 8.9913743e+17 7.9219206e+08 1.1631872e+09 1e-23 1.1164998e-24 3.2438438e-28
4.616351e+08 9.0003657e+17 7.9076218e+08 1.1617617e+09 1e-23 1.1147849e-24 3.2531559e-28
4.6277329e+08 9.0093661e+17 7.8933438e+08 1.1603366e+09 1e-23 1.1130735e-24 3.2624958e-28
4.6391467e+08 9.0183755e+17 7.8790866e+08 1.158912e+09 1e-23 1.1113657e-24 3.2718636e-28
4.6505927e+08 9.0273938e+17 7.86485e+08 1.1574879e+09 1e-23 1.1096615e-24 3.2812594e-28
4.6620709e+08 9.0364212e+17 7.8506342e+08 1.1560642e+09 1e-23 1.1079608e-24 3.2906832e-28
4.6735813e+08 9.0454576e+17 7.8364391e+08 1.1546409e+09 1e-23 1.1062637e-24 3.3001351e-28
4.6851241e+08 9.0545031e+17 7.8222647e+08 1.1532181e+09 1e-23 1.1045701e-24 3.3096153e-28
4.6966994e+08 9.0635576e+17 7.8081109e+08 1.1517958e+09 1e-23 1.10288e-24 3.3191238e-28
4.7083073e+08 9.0726212e+17 7.7939778e+08 1.1503739e+09 1e-23 1.1011934e-24 3.3286607e-28
4.7199478e+08 9.0816938e+17 7.7798653e+08 1.1489525e+09 1e-23 1.0995104e-24 3.3382261e-28
4.7316212e+08 9.0907755e+17 7.7657735e+08 1.1475316e+09 1e-23 1.0978308e-24 3.3478201e-28
4.7433274e+08 9.0998663e+17 7.7517022e+08 1.1461111e+09 1e-23 1.0961548e-24 3.3574427e-28
4.7550666e+08 9.1089661e+17 7.7376515e+08 1.1446911e+09 1e-23 1.0944822e-24 3.3670941e-28
4.7668388e+08 9.1180751e+17 7.7236213e+08 1.1432716e+09 1e-23 1.0928131e-24 3.3767744e-28
4.7786443e+08 9.1271932e+17 7.7096118e+08 1.1418526e+09 1e-23 1.0911475e-24 3.3864836e-28
4.790483e+08 9.1363204e+17 7.6956227e+08 1.1404341e+09 1e-23 1.0894853e-24 3.3962218e-28
4.8023551e+08 9.1454567e+17 7.6816541e+08 1.1390161e+09 1e-23 1.0878266e-24 3.4059891e-28
4.8142607e+08 9.1546021e+17 7.6677061e+08 1.1375985e+09 1e-23 1.0861713e-24 3.4157857e-28
4.8261998e+08 9.1637567e+17 7.6537785e+08 1.1361815e+09 1e-23 1.0845195e-24 3.4256115e-28
4.8381727e+08 9.1729205e+17 7.6398714e+08 1.1347649e+09 1e-23 1.082871e-24 3.4354668e-28
4.8501793e+08 9.1820934e+17 7.6259847e+08 1.1333488e+09 1e-23 1.081226e-24 3.4453515e-28
4.8622199e+08 9.1912755e+17 7.6121184e+08 1.1319333e+09 1e-23 1.0795844e-24 3.4552658e-28
4.8742944e+08 9.2004668e+17 7.5982726e+08 1.1305183e+09 1e-23 1.0779462e-24 3.4652098e-28
4.886403e+08 9.2096672e+17 7.5844471e+08 1.1291037e+09 1e-23 1.0763114e-24 3.4751835e-28
4.8985459e+08 9.2188769e+17 7.5706421e+08 1.1276897e+09 1e-23 1.07468e-24 3.4851871e-28
4.910723e+08 9.2280958e+17 7.5568573e+08 1.1262762e+09 1e-23 1.073052e-24 3.4952206e-28
4.9229345e+08 9.2373239e+17 7.5430929e+08 1.1248632e+09 1e-23 1.0714273e-24 3.5052841e-28
4.9351806e+08 9.2465612e+17 7.5293489e+08 1.1234508e+09 1e-23 1.069806e-24 3.5153778e-28
4.9474613e+08 9.2558078e+17 7.5156251e+08 1.1220389e+09 1e-23 1.068188e-24 3.5255017e-28
4.9597767e+08 9.2650636e+17 7.5019216e+08 1.1206275e+09 1e-23 1.0665734e-24 3.535656e-28
4.972127e+08 9.2743286e+17 7.4882384e+08 1.1192166e+09 1e-23 1.0649621e-24 3.5458406e-28
4.9845122e+08 9.283603e+17 7.4745755e+08 1.1178063e+09 1e-23 1.0633542e-24 3.5560558e-28
4.9969324e+08 9.2928866e+17 7.4609328e+08 1.1163965e+09 1e-23 1.0617495e-24 3.5663015e-28
5.0093878e+08 9.3021795e+17 7.4473103e+08 1.1149873e+09 1e-23 1.0601482e-24 3.576578e-28
5.0218785e+08 9.3114816e+17 7.433708e+08 1.1135786e+09 1e-23 1.0585502e-24 3.5868852e-28
5.0344045e+08 9.3207931e+17 7.4201258e+08 1.1121704e+09 1e-23 1.0569554e-24 3.5972234e-28
5.046966e+08 9.3301139e+17 7.4065639e+08 1.1107628e+09 1e-23 1.055364e-24 3.6075925e-28
5.0595631e+08 9.339444e+17 7.3930221e+08 1.1093558e+09 1e-23 1.0537759e-24 3.6179927e-28
5.0721959e+08 9.3487835e+17 7.3795004e+08 1.1079493e+09 1e-23 1.052191e-24 3.6284241e-28
5.0848644e+08 9.3581323e+17 7.3659988e+08 1.1065433e+09 1e-23 1.0506093e-24 3.6388868e-28
5.0975689e+08 9.3674904e+17 7.3525174e+08 1.105138e+09 1e-23 1.049031e-24 3.6493808e-28
5.1103095e+08 9.3768579e+17 7.339056e+08 1.1037332e+09 1e-23 1.0474559e-24 3.6599063e-28
5.1230861e+08 9.3862347e+17 7.3256146e+08 1.102329e+09 1e-23 1.045884e-24 3.6704634e-28
5.135899e+08 9.395621e+17 7.3121933e+08 1.1009253e+09 1e-23 1.0443153e-24 3.6810522e-28
5.1487483e+08 9.4050166e+17 7.2987921e+08 1.0995222e+09 1e-23 1.0427499e-24 3.6916727e-28
5.161634e+08 9.4144216e+17 7.2854108e+08 1.0981197e+09 1e-23 1.0411877e-24 3.7023251e-28
5.1745563e+08 9.423836e+17 7.2720495e+08 1.0967178e+09 1e-23 1.0396287e-24 3.7130094e-28
5.1875153e+08 9.4332599e+17 7.2587082e+08 1.0953164e+09 1e-23 1.038073e-24 3.7237259e-28
5.200511e+08 9.4426931e+17 7.2453869e+08 1.0939157e+09 1e-23 1.0365204e-24 3.7344745e-28
5.2135437e+08 9.4521358e+17 7.2320855e+08 1.0925155e+09 1e-23 1.034971e-24 3.7452553e-28
5.2266135e+08 9.461588e+17 7.218804e+08 1.091116e+09 1e-23 1.0334247e-24 3.7560685e-28
5.2397203e+08 9.4710495e+17 7.2055424e+08 1.089717e+09 1e-23 1.0318817e-24 3.7669142e-28
5.2528644e+08 9.4805206e+17 7.1923006e+08 1.0883186e+09 1e-23 1.0303418e-24 3.7777925e-28
5.2660459e+08 9.4900011e+17 7.1790788e+08 1.0869208e+09 1e-23 1.0288051e-24 3.7887034e-28
5.2792649e+08 9.4994911e+17 7.1658768e+08 1.0855237e+09 1e-23 1.0272715e-24 3.7996471e-28
5.2925215e+08 9.5089906e+17 7.1526946e+08 1.0841271e+09 1e-23 1.0257411e-24 3.8106237e-28
5.3058157e+08 9.5184996e+17 7.1395323e+08 1.0827311e+09 1e-23 1.0242138e-24 3.8216333e-28
5.3191479e+08 9.5280181e+17 7.1263897e+08 1.0813358e+09 1e-23 1.0226896e-24 3.8326759e-28
5.3325179e+08 9.5375461e+17 7.1132669e+08 1.0799411e+09 1e-23 1.0211685e-24 3.8437518e-28
5.345926e+08 9.5470837e+17 7.1001639e+08 1.078547e+09 1e-23 1.0196506e-24 3.8548609e-28
5.3593723e+08 9.5566307e+17 7.0870806e+08 1.0771535e+09 1e-23 1.0181357e-24 3.8660034e-28
5.3728569e+08 9.5661874e+17 7.074017e+08 1.0757606e+09 1e-23 1.016624e-24 3.8771794e-28
5.3863799e+08 9.5757536e+17 7.0609731e+08 1.0743684e+09 1e-23 1.0151153e-24 3.888389e-28
5.3999414e+08 9.5853293e+17 7.0479489e+08 1.0729768e+09 1e-23 1.0136098e-24 3.8996323e-28
5.4135416e+08 9.5949146e+17 7.0349444e+08 1.0715858e+09 1e-23 1.0121073e-24 3.9109095e-28
5.4271805e+08 9.6045096e+17 7.0219596e+08 1.0701955e+09 1e-23 1.0106078e-24 3.9222205e-28
5.4408583e+08 9.6141141e+17 7.0089943e+08 1.0688058e+09 1e-23 1.0091115e-24 3.9335656e-28
5.4545751e+08 9.6237282e+17 6.9960487e+08 1.0674167e+09 1e-23 1.0076182e-24 3.9449448e-28
5.4683311e+08 9.6333519e+17 6.9831227e+08 1.0660283e+09 1e-23 1.0061279e-24 3.9563582e-28
5.4821263e+08 9.6429853e+17 6.9702162e+08 1.0646405e+09 1e-23 1.0046407e-24 3.967806e-28
5.4959608e+08 9.6526282e+17 6.9573294e+08 1.0632534e+09 1e-23 1.0031565e-24 3.9792883e-28
5.5098349e+08 9.6622809e+17 6.944462e+08 1.0618669e+09 1e-23 1.0016753e-24 3.9908051e-28
5.5237485e+08 9.6719432e+17 6.9316142e+08 1.0604811e+09 1e-23 1.0001971e-24 4.0023565e-28
5.5377019e+08 9.6816151e+17 6.9187859e+08 1.059096e+09 1e-23 9.9872197e-25 4.0139428e-28
5.5516951e+08 9.6912967e+17 6.9059771e+08 1.0577115e+09 1e-23 9.9724983e-25 4.0255639e-28
5.5657283e+08 9.700988e+17 6.8931877e+08 1.0563276e+09 1e-23 9.9578068e-25 4.03722e-28
5.5798016e+08 9.710689e+17 6.8804178e+08 1.0549445e+09 1e-23 9.9431452e-25 4.0489112e-28
5.5939151e+08 9.7203997e+17 6.8676673e+08 1.053562e+09 1e-23 9.9285134e-25 4.0606377e-28
5.608069e+08 9.7301201e+17 6.8549363e+08 1.0521802e+09 1e-23 9.9139114e-25 4.0723994e-28
5.6222633e+08 9.7398502e+17 6.8422246e+08 1.050799e+09 1e-23 9.899339e-25 4.0841966e-28
5.6364982e+08 9.7495901e+17 6.8295323e+08 1.0494185e+09 1e-23 9.8847962e-25 4.0960294e-28
5.6507739e+08 9.7593396e+17 6.8168594e+08 1.0480387e+09 1e-23 9.870283e-25 4.1078978e-28
5.6650904e+08 9.769099e+17 6.8042058e+08 1.0466596e+09 1e-23 9.8557992e-25 4.1198019e-28
5.6794478e+08 9.7788681e+17 6.7915716e+08 1.0452812e+09 1e-23 9.8413448e-25 4.131742e-28
5.6938463e+08 9.788647e+17 6.7789566e+08 1.0439034e+09 1e-23 9.8269198e-25 4.143718e-28
5.7082861e+08 9.7984356e+17 6.7663609e+08 1.0425264e+09 1e-23 9.812524e-25 4.1557302e-28
5.7227672e+08 9.808234e+17 6.7537845e+08 1.04115e+09 1e-23 9.7981573e-25 4.1677786e-28
5.7372898e+08 9.8180423e+17 6.7412274e+08 1.0397744e+09 1e-23 9.7838198e-25 4.1798633e-28
5.7518539e+08 9.8278603e+17 6.7286895e+08 1.0383994e+09 1e-23 9.7695114e-25 4.1919844e-28
5.7664598e+08 9.8376882e+17 6.7161708e+08 1.0370251e+09 1e-23 9.7552319e-25 4.2041421e-28
5.7811076e+08 9.8475259e+17 6.7036713e+08 1.0356515e+09 1e-23 9.7409813e-25 4.2163365e-28
5.7957974e+08 9.8573734e+17 6.691191e+08 1.0342787e+09 1e-23 9.7267596e-25 4.2285677e-28
5.8105292e+08 9.8672308e+17 6.6787298e+08 1.0329065e+09 1e-23 9.7125666e-25 4.2408358e-28
5.8253033e+08 9.877098e+17 6.6662878e+08 1.0315351e+09 1e-23 9.6984024e-25 4.2531409e-28
5.8401198e+08 9.8869751e+17 6.6538649e+08 1.0301644e+09 1e-23 9.6842668e-25 4.2654831e-28
5.8549788e+08 9.8968621e+17 6.6414611e+08 1.0287943e+09 1e-23 9.6701597e-25 4.2778626e-28
5.8698805e+08 9.9067589e+17 6.6290764e+08 1.027425e+09 1e-23 9.6560812e-25 4.2902795e-28
5.8848249e+08 9.9166657e+17 6.6167107e+08 1.0260565e+09 1e-23 9.642031e-25 4.3027338e-28
5.8998122e+08 9.9265824e+17 6.6043642e+08 1.0246886e+09 1e-23 9.6280093e-25 4.3152258e-28
5.9148425e+08 9.9365089e+17 6.5920366e+08 1.0233215e+09 1e-23 9.6140159e-25 4.3277555e-28
5.929916e+08 9.9464454e+17 6.579728e+08 1.0219551e+09 1e-23 9.6000506e-25 4.340323e-28
5.9450328e+08 9.9563919e+17 6.5674385e+08 1.0205894e+09 1e-23 9.5861136e-25 4.3529285e-28
5.960193e+08 9.9663483e+17 6.5551679e+08 1.0192245e+09 1e-23 9.5722046e-25 4.365572e-28
5.9753968e+08 9.9763146e+17 6.5429163e+08 1.0178603e+09 1e-23 9.5583237e-25 4.3782538e-28
5.9906444e+08 9.9862909e+17 6.5306836e+08 1.0164968e+09 1e-23 9.5444708e-25 4.3909739e-28
6.0059357e+08 9.9962772e+17 6.5184698e+08 1.0151341e+09 1e-23 9.5306457e-25 4.4037324e-28
6.021271e+08 1.0006274e+18 6.506275e+08 1.0137721e+09 1e-23 9.5168485e-25 4.4165295e-28
6.0366504e+08 1.001628e+18 6.494099e+08 1.0124109e+09 1e-23 9.5030791e-25 4.4293653e-28
6.0520741e+08 1.0026296e+18 6.4819418e+08 1.0110504e+09 1e-23 9.4893374e-25 4.4422399e-28
6.0675421e+08 1.0036322e+18 6.4698036e+08 1.0096907e+09 1e-23 9.4756233e-25 4.4551534e-28
6.0830547e+08 1.0046359e+18 6.4576841e+08 1.0083317e+09 1e-23 9.4619368e-25 4.4681059e-28
6.0986119e+08 1.0056405e+18 6.4455835e+08 1.0069735e+09 1e-23 9.4482777e-25 4.4810977e-28
6.1142139e+08 1.0066461e+18 6.4335016e+08 1.0056161e+09 1e-23 9.4346462e-25 4.4941287e-28
6.1298609e+08 1.0076528e+18 6.4214386e+08 1.0042594e+09 1e-23 9.421042e-25 4.5071991e-28
6.1455529e+08 1.0086604e+18 6.4093942e+08 1.0029034e+09 1e-23 9.4074651e-25 4.5203091e-28
6.1612901e+08 1.0096691e+18 6.3973686e+08 1.0015482e+09 1e-23 9.3939155e-25 4.5334588e-28
6.1770727e+08 1.0106788e+18 6.3853618e+08 1.0001938e+09 1e-23 9.3803931e-25 4.5466482e-28
6.1929007e+08 1.0116895e+18 6.3733736e+08 9.9884021e+08 1e-23 9.3668978e-25 4.5598775e-28
6.2087744e+08 1.0127011e+18 6.3614041e+08 9.9748735e+08 1e-23 9.3534295e-25 4.5731469e-28
6.2246939e+08 1.0137138e+18 6.3494532e+08 9.9613526e+08 1e-23 9.3399883e-25 4.5864565e-28
6.2406592e+08 1.0147276e+18 6.337521e+08 9.9478396e+08 1e-23 9.3265739e-25 4.5998063e-28
6.2566707e+08 1.0157423e+18 6.3256075e+08 9.9343343e+08 1e-23 9.3131865e-25 4.6131966e-28
6.2727283e+08 1.016758e+18 6.3137125e+08 9.9208368e+08 1e-23 9.2998259e-25 4.6266274e-28
6.2888323e+08 1.0177748e+18 6.3018361e+08 9.9073472e+08 1e-23 9.286492e-25 4.6400989e-28
6.3049827e+08 1.0187926e+18 6.2899783e+08 9.8938654e+08 1e-23 9.2731847e-25 4.6536112e-28
6.3211798e+08 1.0198114e+18 6.278139e+08 9.8803916e+08 1e-23 9.2599041e-25 4.6671645e-28
6.3374236e+08 1.0208312e+18 6.2663183e+08 9.8669257e+08 1e-23 9.2466501e-25 4.6807587e-28
6.3537144e+08 1.021852e+18 6.254516e+08 9.8534677e+08 1e-23 9.2334225e-25 4.6943942e-28
6.3700522e+08 1.0228738e+18 6.2427323e+08 9.8400176e+08 1e-23 9.2202214e-25 4.708071e-28
6.3864373e+08 1.0238967e+18 6.230967e+08 9.8265756e+08 1e-23 9.2070467e-25 4.7217893e-28
6.4028696e+08 1.0249206e+18 6.2192202e+08 9.8131415e+08 1e-23 9.1938982e-25 4.7355491e-28
6.4193495e+08 1.0259455e+18 6.2074918e+08 9.7997155e+08 1e-23 9.180776e-25 4.7493507e-28
6.4358771e+08 1.0269715e+18 6.1957818e+08 9.7862976e+08 1e-23 9.16768e-25 4.763194e-28
6.4524524e+08 1.0279985e+18 6.1840903e+08 9.7728877e+08 1e-23 9.1546101e-25 4.7770794e-28
6.4690757e+08 1.0290265e+18 6.1724171e+08 9.7594859e+08 1e-23 9.1415663e-25 4.7910069e-28
6.485747e+08 1.0300555e+18 6.1607622e+08 9.7460922e+08 1e-23 9.1285484e-25 4.8049766e-28
6.5024667e+08 1.0310855e+18 6.1491257e+08 9.7327067e+08 1e-23 9.1155565e-25 4.8189886e-28
6.5192347e+08 1.0321166e+18 6.1375076e+08 9.7193294e+08 1e-23 9.1025905e-25 4.8330432e-28
6.5360512e+08 1.0331487e+18 6.1259077e+08 9.7059602e+08 1e-23 9.0896503e-25 4.8471404e-28
6.5529164e+08 1.0341819e+18 6.1143261e+08 9.6925993e+08 1e-23 9.0767359e-25 4.8612804e-28
6.5698305e+08 1.0352161e+18 6.1027628e+08 9.6792466e+08 1e-23 9.0638471e-25 4.8754634e-28
6.5867936e+08 1.0362513e+18 6.0912177e+08 9.6659021e+08 1e-23 9.050984e-25 4.8896893e-28
6.6038058e+08 1.0372875e+18 6.0796909e+08 9.6525659e+08 1e-23 9.0381465e-25 4.9039584e-28
6.6208673e+08 1.0383248e+18 6.0681823e+08 9.6392381e+08 1e-23 9.0253345e-25 4.9182709e-28
6.6379783e+08 1.0393631e+18 6.0566918e+08 9.6259185e+08 1e-23 9.0125479e-25 4.9326268e-28
6.6551389e+08 1.0404025e+18 6.0452195e+08 9.6126073e+08 1e-23 8.9997868e-25 4.9470263e-28
6.6723492e+08 1.0414429e+18 6.0337654e+08 9.5993045e+08 1e-23 8.987051e-25 4.9614695e-28
6.6896095e+08 1.0424844e+18 6.0223294e+08 9.58601e+08 1e-23 8.9743404e-25 4.9759566e-28
6.7069198e+08 1.0435268e+18 6.0109116e+08 9.572724e+08 1e-23 8.9616551e-25 4.9904877e-28
6.7242803e+08 1.0445704e+18 5.9995118e+08 9.5594464e+08 1e-23 8.948995e-25 5.0050629e-28
6.7416912e+08 1.0456149e+18 5.9881301e+08 9.5461772e+08 1e-23 8.9363599e-25 5.0196824e-28
6.7591527e+08 1.0466606e+18 5.9767665e+08 9.5329165e+08 1e-23 8.9237499e-25 5.0343464e-28
6.7766648e+08 1.0477072e+18 5.9654209e+08 9.5196643e+08 1e-23 8.9111649e-25 5.0490549e-28
6.7942279e+08 1.0487549e+18 5.9540933e+08 9.5064206e+08 1e-23 8.8986048e-25 5.0638081e-28
6.8118419e+08 1.0498037e+18 5.9427837e+08 9.4931855e+08 1e-23 8.8860696e-25 5.0786061e-28
6.8295071e+08 1.0508535e+18 5.9314921e+08 9.4799589e+08 1e-23 8.8735592e-25 5.0934491e-28
6.8472236e+08 1.0519043e+18 5.9202185e+08 9.4667409e+08 1e-23 8.8610736e-25 5.1083373e-28
6.8649916e+08 1.0529562e+18 5.9089628e+08 9.4535315e+08 1e-23 8.8486126e-25 5.1232707e-28
6.8828112e+08 1.0540092e+18 5.897725e+08 9.4403308e+08 1e-23 8.8361763e-25 5.1382496e-28
6.9006827e+08 1.0550632e+18 5.8865052e+08 9.4271386e+08 1e-23 8.8237646e-25 5.153274e-28
6.9186061e+08 1.0561183e+18 5.8753032e+08 9.4139552e+08 1e-23 8.8113773e-25 5.1683441e-28
6.9365816e+08 1.0571744e+18 5.8641191e+08 9.4007804e+08 1e-23 8.7990146e-25 5.18346e-28
6.9546095e+08 1.0582316e+18 5.8529528e+08 9.3876143e+08 1e-23 8.7866763e-25 5.198622e-28
6.9726898e+08 1.0592898e+18 5.8418044e+08 9.374457e+08 1e-23 8.7743623e-25 5.21383e-28
6.9908227e+08 1.0603491e+18 5.8306738e+08 9.3613083e+08 1e-23 8.7620726e-25 5.2290844e-28
7.0090084e+08 1.0614094e+18 5.819561e+08 9.3481685e+08 1e-23 8.7498072e-25 5.2443852e-28
7.0272471e+08 1.0624708e+18 5.808466e+08 9.3350375e+08 1e-23 8.7375659e-25 5.2597325e-28
7.0455388e+08 1.0635333e+18 5.7973887e+08 9.3219152e+08 1e-23 8.7253488e-25 5.2751266e-28
7.0638839e+08 1.0645968e+18 5.7863291e+08 9.3088018e+08 1e-23 8.7131558e-25 5.2905676e-28
7.0822824e+08 1.0656614e+18 5.7752873e+08 9.2956972e+08 1e-23 8.7009867e-25 5.3060555e-28
7.1007344e+08 1.0667271e+18 5.7642631e+08 9.2826015e+08 1e-23 8.6888416e-25 5.3215907e-28
7.1192403e+08 1.0677938e+18 5.7532567e+08 9.2695147e+08 1e-23 8.6767205e-25 5.3371731e-28
7.1378001e+08 1.0688616e+18 5.7422679e+08 9.2564367e+08 1e-23 8.6646231e-25 5.352803e-28
7.1564141e+08 1.0699305e+18 5.7312967e+08 9.2433678e+08 1e-23 8.6525496e-25 5.3684806e-28
7.1750823e+08 1.0710004e+18 5.7203432e+08 9.2303077e+08 1e-23 8.6404998e-25 5.3842059e-28
7.1938049e+08 1.0720714e+18 5.7094072e+08 9.2172566e+08 1e-23 8.6284737e-25 5.3999791e-28
7.2125822e+08 1.0731435e+18 5.6984889e+08 9.2042145e+08 1e-23 8.6164712e-25 5.4158004e-28
7.2314143e+08 1.0742166e+18 5.6875881e+08 9.1911814e+08 1e-23 8.6044923e-25 5.4316699e-28
7.2503013e+08 1.0752908e+18 5.6767048e+08 9.1781574e+08 1e-23 8.5925369e-25 5.4475877e-28
7.2692435e+08 1.0763661e+18 5.6658391e+08 9.1651423e+08 1e-23 8.580605e-25 5.4635541e-28
7.288241e+08 1.0774425e+18 5.6549909e+08 9.1521364e+08 1e-23 8.5686965e-25 5.4795692e-28
7.3072939e+08 1.0785199e+18 5.6441602e+08 9.1391395e+08 1e-23 8.5568114e-25 5.4956332e-28
7.3264025e+08 1.0795985e+18 5.6333469e+08 9.1261517e+08 1e-23 8.5449495e-25 5.5117461e-28
7.3455669e+08 1.0806781e+18 5.6225511e+08 9.1131731e+08 1e-23 8.5331109e-25 5.5279081e-28
7.3647873e+08 1.0817587e+18 5.6117727e+08 9.1002035e+08 1e-23 8.5212955e-25 5.5441195e-28
7.3840639e+08 1.0828405e+18 5.6010118e+08 9.0872432e+08 1e-23 8.5095032e-25 5.5603803e-28
7.4033969e+08 1.0839233e+18 5.5902682e+08 9.074292e+08 1e-23 8.497734e-25 5.5766907e-28
7.4227864e+08 1.0850073e+18 5.579542e+08 9.06135e+08 1e-23 8.4859879e-25 5.5930509e-28
7.4422325e+08 1.0860923e+18 5.5688332e+08 9.0484172e+08 1e-23 8.4742647e-25 5.6094611e-28
7.4617356e+08 1.0871784e+18 5.5581416e+08 9.0354936e+08 1e-23 8.4625645e-25 5.6259213e-28
7.4812957e+08 1.0882655e+18 5.5474675e+08 9.0225793e+08 1e-23 8.4508871e-25 5.6424317e-28
7.500913e+08 1.0893538e+18 5.5368106e+08 9.0096743e+08 1e-23 8.4392326e-25 5.6589926e-28
7.5205878e+08 1.0904432e+18 5.5261709e+08 8.9967785e+08 1e-23 8.4276008e-25 5.675604e-28
7.5403201e+08 1.0915336e+18 5.5155486e+08 8.9838921e+08 1e-23 8.4159917e-25 5.6922662e-28
7.5601102e+08 1.0926251e+18 5.5049434e+08 8.971015e+08 1e-23 8.4044054e-25 5.7089792e-28
7.5799583e+08 1.0937178e+18 5.4943555e+08 8.9581472e+08 1e-23 8.3928416e-25 5.7257433e-28
7.5998645e+08 1.0948115e+18 5.4837848e+08 8.9452888e+08 1e-23 8.3813003e-25 5.7425586e-28
7.619829e+08 1.0959063e+18 5.4732313e+08 8.9324397e+08 1e-23 8.3697816e-25 5.7594253e-28
7.6398521e+08 1.0970022e+18 5.462695e+08 8.9196001e+08 1e-23 8.3582854e-25 5.7763435e-28
7.6599338e+08 1.0980992e+18 5.4521757e+08 8.9067698e+08 1e-23 8.3468115e-25 5.7933134e-28
7.6800743e+08 1.0991973e+18 5.4416736e+08 8.893949e+08 1e-23 8.33536e-25 5.8103352e-28
7.700274e+08 1.1002965e+18 5.4311887e+08 8.8811377e+08 1e-23 8.3239308e-25 5.827409e-28
7.7205328e+08 1.1013968e+18 5.4207208e+08 8.8683358e+08 1e-23 8.3125238e-25 5.844535e-28
7.7408511e+08 1.1024982e+18 5.4102699e+08 8.8555433e+08 1e-23 8.3011391e-25 5.8617133e-28
7.761229e+08 1.1036007e+18 5.3998361e+08 8.8427604e+08 1e-23 8.2897765e-25 5.8789442e-28
7.7816666e+08 1.1047043e+18 5.3894194e+08 8.829987e+08 1e-23 8.2784359e-25 5.8962277e-28
7.8021643e+08 1.105809e+18 5.3790196e+08 8.8172232e+08 1e-23 8.2671175e-25 5.9135641e-28
7.8227221e+08 1.1069148e+18 5.3686369e+08 8.8044689e+08 1e-23 8.255821e-25 5.9309536e-28
7.8433403e+08 1.1080217e+18 5.3582711e+08 8.7917241e+08 1e-23 8.2445465e-25 5.9483962e-28
7.864019e+08 1.1091297e+18 5.3479223e+08 8.778989e+08 1e-23 8.2332938e-25 5.9658922e-28
7.8847584e+08 1.1102389e+18 5.3375903e+08 8.7662634e+08 1e-23 8.222063e-25 5.9834417e-28
7.9055588e+08 1.1113491e+18 5.3272754e+08 8.7535475e+08 1e-23 8.210854e-25 6.001045e-28
7.9264203e+08 1.1124605e+18 5.3169773e+08 8.7408412e+08 1e-23 8.1996667e-25 6.0187021e-28
7.9473431e+08 1.1135729e+18 5.306696e+08 8.7281446e+08 1e-23 8.1885012e-25 6.0364132e-28
7.9683274e+08 1.1146865e+18 5.2964317e+08 8.7154576e+08 1e-23 8.1773572e-25 6.0541786e-28
7.9893734e+08 1.1158012e+18 5.2861842e+08 8.7027803e+08 1e-23 8.1662349e-25 6.0719984e-28
8.0104813e+08 1.116917e+18 5.2759534e+08 8.6901128e+08 1e-23 8.1551341e-25 6.0898727e-28
8.0316512e+08 1.1180339e+18 5.2657395e+08 8.6774549e+08 1e-23 8.1440548e-25 6.1078018e-28
8.0528834e+08 1.1191519e+18 5.2555424e+08 8.6648068e+08 1e-23 8.1329969e-25 6.1257857e-28
8.0741781e+08 1.1202711e+18 5.245362e+08 8.6521684e+08 1e-23 8.1219605e-25 6.1438248e-28
8.0955355e+08 1.1213914e+18 5.2351984e+08 8.6395398e+08 1e-23 8.1109454e-25 6.1619191e-28
8.1169557e+08 1.1225127e+18 5.2250515e+08 8.626921e+08 1e-23 8.0999515e-25 6.1800688e-28
8.138439e+08 1.1236353e+18 5.2149213e+08 8.614312e+08 1e-23 8.088979e-25 6.1982742e-28
8.1599856e+08 1.1247589e+18 5.2048077e+08 8.6017128e+08 1e-23 8.0780276e-25 6.2165353e-28
8.1815956e+08 1.1258836e+18 5.1947109e+08 8.5891234e+08 1e-23 8.0670974e-25 6.2348524e-28
8.2032692e+08 1.1270095e+18 5.1846307e+08 8.5765439e+08 1e-23 8.0561883e-25 6.2532257e-28
8.2250067e+08 1.1281365e+18 5.1745671e+08 8.5639743e+08 1e-23 8.0453002e-25 6.2716553e-28
8.2468083e+08 1.1292647e+18 5.1645201e+08 8.5514145e+08 1e-23 8.0344331e-25 6.2901413e-28
8.2686741e+08 1.1303939e+18 5.1544897e+08 8.5388646e+08 1e-23 8.023587e-25 6.3086841e-28
8.2906044e+08 1.1315243e+18 5.1444759e+08 8.5263247e+08 1e-23 8.0127619e-25 6.3272837e-28
8.3125993e+08 1.1326559e+18 5.1344786e+08 8.5137946e+08 1e-23 8.0019575e-25 6.3459404e-28
8.3346591e+08 1.1337885e+18 5.1244978e+08 8.5012745e+08 1e-23 7.991174e-25 6.3646543e-28
8.356784e+08 1.1349223e+18 5.1145336e+08 8.4887644e+08 1e-23 7.9804113e-25 6.3834256e-28
8.3789741e+08 1.1360572e+18 5.1045858e+08 8.4762642e+08 1e-23 7.9696692e-25 6.4022544e-28
8.4012298e+08 1.1371933e+18 5.0946546e+08 8.4637741e+08 1e-23 7.9589479e-25 6.4211411e-28
8.4235511e+08 1.1383305e+18 5.0847397e+08 8.4512939e+08 1e-23 7.9482471e-25 6.4400857e-28
8.4459383e+08 1.1394688e+18 5.0748414e+08 8.4388237e+08 1e-23 7.937567e-25 6.4590885e-28
8.4683915e+08 1.1406083e+18 5.0649594e+08 8.4263636e+08 1e-23 7.9269074e-25 6.4781495e-28
8.4909111e+08 1.1417489e+18 5.0550938e+08 8.4139135e+08 1e-23 7.9162682e-25 6.4972691e-28
8.5134972e+08 1.1428906e+18 5.0452446e+08 8.4014735e+08 1e-23 7.9056495e-25 6.5164474e-28
8.5361501e+08 1.1440335e+18 5.0354117e+08 8.3890436e+08 1e-23 7.8950512e-25 6.5356846e-28
8.5588698e+08 1.1451776e+18 5.0255952e+08 8.3766238e+08 1e-23 7.8844732e-25 6.5549809e-28
8.5816567e+08 1.1463227e+18 5.015795e+08 8.364214e+08 1e-23 7.8739156e-25 6.5743364e-28
8.604511e+08 1.1474691e+18 5.0060111e+08 8.3518144e+08 1e-23 7.8633781e-25 6.5937514e-28
8.6274328e+08 1.1486165e+18 4.9962435e+08 8.339425e+08 1e-23 7.8528609e-25 6.613226e-28
8.6504224e+08 1.1497651e+18 4.9864922e+08 8.3270456e+08 1e-23 7.8423638e-25 6.6327604e-28
8.67348e+08 1.1509149e+18 4.976757e+08 8.3146765e+08 1e-23 7.8318869e-25 6.6523549e-28
8.6966058e+08 1.1520658e+18 4.9670382e+08 8.3023175e+08 1e-23 7.82143e-25 6.6720095e-28
8.7198e+08 1.1532179e+18 4.9573355e+08 8.2899687e+08 1e-23 7.8109932e-25 6.6917246e-28
8.7430629e+08 1.1543711e+18 4.947649e+08 8.2776301e+08 1e-23 7.8005763e-25 6.7115003e-28
8.7663946e+08 1.1555255e+18 4.9379786e+08 8.2653018e+08 1e-23 7.7901793e-25 6.7313368e-28
8.7897954e+08 1.156681e+18 4.9283244e+08 8.2529836e+08 1e-23 7.7798022e-25 6.7512342e-28
8.8132655e+08 1.1578377e+18 4.9186864e+08 8.2406758e+08 1e-23 7.769445e-25 6.7711928e-28
8.836805e+08 1.1589955e+18 4.9090644e+08 8.2283782e+08 1e-23 7.7591076e-25 6.7912129e-28
8.8604143e+08 1.1601545e+18 4.8994585e+08 8.2160908e+08 1e-23 7.7487899e-25 6.8112944e-28
8.8840936e+08 1.1613147e+18 4.8898687e+08 8.2038138e+08 1e-23 7.7384919e-25 6.8314378e-28
8.907843e+08 1.162476e+18 4.880295e+08 8.191547e+08 1e-23 7.7282136e-25 6.8516431e-28
8.9316628e+08 1.1636385e+18 4.8707372e+08 8.1792906e+08 1e-23 7.7179549e-25 6.8719106e-28
8.9555532e+08 1.1648021e+18 4.8611955e+08 8.1670445e+08 1e-23 7.7077157e-25 6.8922404e-28
8.9795144e+08 1.1659669e+18 4.8516698e+08 8.1548088e+08 1e-23 7.6974961e-25 6.9126328e-28
9.0035467e+08 1.1671329e+18 4.8421601e+08 8.1425834e+08 1e-23 7.687296e-25 6.933088e-28
9.0276502e+08 1.1683e+18 4.8326663e+08 8.1303684e+08 1e-23 7.6771153e-25 6.9536061e-28
9.0518253e+08 1.1694683e+18 4.8231884e+08 8.1181637e+08 1e-23 7.666954e-25 6.9741873e-28
9.0760721e+08 1.1706378e+18 4.8137265e+08 8.1059695e+08 1e-23 7.656812e-25 6.994832e-28
9.1003908e+08 1.1718084e+18 4.8042804e+08 8.0937857e+08 1e-23 7.6466894e-25 7.0155402e-28
9.1247817e+08 1.1729802e+18 4.7948502e+08 8.0816123e+08 1e-23 7.636586e-25 7.0363122e-28
9.1492451e+08 1.1741532e+18 4.7854359e+08 8.0694493e+08 1e-23 7.6265018e-25 7.0571481e-28
9.173781e+08 1.1753274e+18 4.7760374e+08 8.0572968e+08 1e-23 7.6164368e-25 7.0780482e-28
9.1983899e+08 1.1765027e+18 4.7666548e+08 8.0451547e+08 1e-23 7.6063909e-25 7.0990127e-28
9.2230718e+08 1.1776792e+18 4.7572879e+08 8.0330232e+08 1e-23 7.5963642e-25 7.1200418e-28
9.2478271e+08 1.1788569e+18 4.7479369e+08 8.0209021e+08 1e-23 7.5863564e-25 7.1411357e-28
9.2726559e+08 1.1800357e+18 4.7386015e+08 8.0087915e+08 1e-23 7.5763677e-25 7.1622946e-28
9.2975585e+08 1.1812158e+18 4.729282e+08 7.9966914e+08 1e-23 7.5663979e-25 7.1835187e-28
9.3225352e+08 1.182397e+18 4.7199781e+08 7.9846018e+08 1e-23 7.5564471e-25 7.2048082e-28
9.3475861e+08 1.1835794e+18 4.71069e+08 7.9725228e+08 1e-23 7.5465151e-25 7.2261634e-28
9.3727115e+08 1.1847629e+18 4.7014175e+08 7.9604543e+08 1e-23 7.5366019e-25 7.2475844e-28
9.3979116e+08 1.1859477e+18 4.6921607e+08 7.9483964e+08 1e-23 7.5267075e-25 7.2690714e-28
9.4231867e+08 1.1871337e+18 4.6829196e+08 7.9363491e+08 1e-23 7.5168319e-25 7.2906247e-28
9.448537e+08 1.1883208e+18 4.6736941e+08 7.9243123e+08 1e-23 7.506975e-25 7.3122444e-28
9.4739627e+08 1.1895091e+18 4.6644842e+08 7.9122862e+08 1e-23 7.4971367e-25 7.3339309e-28
9.4994641e+08 1.1906986e+18 4.6552898e+08 7.9002706e+08 1e-23 7.487317e-25 7.3556842e-28
9.5250414e+08 1.1918893e+18 4.6461111e+08 7.8882657e+08 1e-23 7.477516e-25 7.3775047e-28
9.5506949e+08 1.1930812e+18 4.6369479e+08 7.8762714e+08 1e-23 7.4677334e-25 7.3993925e-28
9.5764248e+08 1.1942743e+18 4.6278002e+08 7.8642878e+08 1e-23 7.4579694e-25 7.4213478e-28
9.6022313e+08 1.1954686e+18 4.6186681e+08 7.8523148e+08 1e-23 7.4482238e-25 7.4433709e-28
9.6281147e+08 1.196664e+18 4.6095514e+08 7.8403525e+08 1e-23 7.4384966e-25 7.4654619e-28
9.6540752e+08 1.1978607e+18 4.6004502e+08 7.8284008e+08 1e-23 7.4287877e-25 7.4876212e-28
9.6801131e+08 1.1990586e+18 4.5913645e+08 7.8164599e+08 1e-23 7.4190972e-25 7.5098488e-28
9.7062287e+08 1.2002576e+18 4.5822942e+08 7.8045296e+08 1e-23 7.409425e-25 7.5321451e-28
9.732422e+08 1.2014579e+18 4.5732393e+08 7.7926101e+08 1e-23 7.399771e-25 7.5545103e-28
9.7586935e+08 1.2026593e+18 4.5641998e+08 7.7807013e+08 1e-23 7.3901353e-25 7.5769445e-28
9.7850434e+08 1.203862e+18 4.5551757e+08 7.7688032e+08 1e-23 7.3805177e-25 7.599448e-28
9.8114718e+08 1.2050659e+18 4.546167e+08 7.7569159e+08 1e-23 7.3709182e-25 7.622021e-28
9.8379791e+08 1.2062709e+18 4.5371736e+08 7.7450393e+08 1e-23 7.3613367e-25 7.6446637e-28
9.8645655e+08 1.2074772e+18 4.5281955e+08 7.7331735e+08 1e-23 7.3517734e-25 7.6673764e-28
9.8912312e+08 1.2086847e+18 4.5192328e+08 7.7213185e+08 1e-23 7.342228e-25 7.6901593e-28
9.9179766e+08 1.2098934e+18 4.5102853e+08 7.7094742e+08 1e-23 7.3327006e-25 7.7130126e-28
9.9448018e+08 1.2111032e+18 4.501353e+08 7.6976408e+08 1e-23 7.323191e-25 7.7359366e-28
9.9717071e+08 1.2123143e+18 4.4924361e+08 7.6858182e+08 1e-23 7.3136994e-25 7.7589314e-28
9.9986928e+08 1.2135267e+18 4.4835343e+08 7.6740064e+08 1e-23 7.3042256e-25 7.7819973e-28
1.0025759e+09 1.2147402e+18 4.4746478e+08 7.6622054e+08 1e-23 7.2947696e-25 7.8051345e-28
1.0052906e+09 1.2159549e+18 4.4657764e+08 7.6504153e+08 1e-23 7.2853314e-25 7.8283432e-28
1.0080135e+09 1.2171709e+18 4.4569202e+08 7.638636e+08 1e-23 7.2759108e-25 7.8516238e-28
1.0107444e+09 1.2183881e+18 4.4480792e+08 7.6268676e+08 1e-23 7.266508e-25 7.8749763e-28
1.0134836e+09 1.2196064e+18 4.4392533e+08 7.6151101e+08 1e-23 7.2571228e-25 7.8984011e-28
1.0162309e+09 1.2208261e+18 4.4304425e+08 7.6033635e+08 1e-23 7.2477551e-25 7.9218983e-28
1.0189864e+09 1.2220469e+18 4.4216468e+08 7.5916277e+08 1e-23 7.2384051e-25 7.9454682e-28
1.0217502e+09 1.2232689e+18 4.4128661e+08 7.5799029e+08 1e-23 7.2290725e-25 7.9691111e-28
1.0245223e+09 1.2244922e+18 4.4041006e+08 7.5681889e+08 1e-23 7.2197575e-25 7.9928272e-28
1.0273026e+09 1.2257167e+18 4.39535e+08 7.5564859e+08 1e-23 7.2104598e-25 8.0166166e-28
1.0300913e+09 1.2269424e+18 4.3866145e+08 7.5447939e+08 1e-23 7.2011796e-25 8.0404797e-28
1.0328883e+09 1.2281693e+18 4.377894e+08 7.5331128e+08 1e-23 7.1919167e-25 8.0644166e-28
1.0356937e+09 1.2293975e+18 4.3691885e+08 7.5214426e+08 1e-23 7.1826712e-25 8.0884277e-28
1.0385075e+09 1.2306269e+18 4.3604979e+08 7.5097834e+08 1e-23 7.1734429e-25 8.1125131e-28
1.0413297e+09 1.2318575e+18 4.3518222e+08 7.4981351e+08 1e-23 7.1642319e-25 8.1366731e-28
1.0441603e+09 1.2330894e+18 4.3431615e+08 7.4864979e+08 1e-23 7.1550381e-25 8.160908e-28
1.0469995e+09 1.2343225e+18 4.3345157e+08 7.4748716e+08 1e-23 7.1458615e-25 8.1852179e-28
1.0498472e+09 1.2355568e+18 4.3258848e+08 7.4632564e+08 1e-23 7.136702e-25 8.2096031e-28
1.0527034e+09 1.2367924e+18 4.3172687e+08 7.4516521e+08 1e-23 7.1275595e-25 8.2340639e-28
1.0555681e+09 1.2380292e+18 4.3086675e+08 7.4400589e+08 1e-23 7.1184342e-25 8.2586004e-28
1.0584415e+09 1.2392672e+18 4.3000811e+08 7.4284767e+08 1e-23 7.1093258e-25 8.283213e-28
1.0613234e+09 1.2405065e+18 4.2915095e+08 7.4169056e+08 1e-23 7.1002344e-25 8.3079019e-28
1.064214e+09 1.241747e+18 4.2829527e+08 7.4053455e+08 1e-23 7.09116e-25 8.3326673e-28
1.0671133e+09 1.2429887e+18 4.2744107e+08 7.3937964e+08 1e-23 7.0821024e-25 8.3575095e-28
1.0700213e+09 1.2442317e+18 4.2658834e+08 7.3822584e+08 1e-23 7.0730618e-25 8.3824287e-28
1.072938e+09 1.2454759e+18 4.2573709e+08 7.3707315e+08 1e-23 7.0640379e-25 8.4074252e-28
1.0758634e+09 1.2467214e+18 4.248873e+08 7.3592157e+08 1e-23 7.0550308e-25 8.4324992e-28
1.0787977e+09 1.2479681e+18 4.2403899e+08 7.347711e+08 1e-23 7.0460405e-25 8.4576509e-28
1.0817407e+09 1.2492161e+18 4.2319214e+08 7.3362173e+08 1e-23 7.0370669e-25 8.4828807e-28
1.0846926e+09 1.2504653e+18 4.2234676e+08 7.3247348e+08 1e-23 7.02811e-25 8.5081888e-28
1.0876534e+09 1.2517158e+18 4.2150285e+08 7.3132634e+08 1e-23 7.0191697e-25 8.5335753e-28
1.090623e+09 1.2529675e+18 4.2066039e+08 7.3018031e+08 1e-23 7.010246e-25 8.5590406e-28
1.0936016e+09 1.2542205e+18 4.198194e+08 7.290354e+08 1e-23 7.0013389e-25 8.584585e-28
1.0965891e+09 1.2554747e+18 4.1897986e+08 7.278916e+08 1e-23 6.9924483e-25 8.6102086e-28
1.0995856e+09 1.2567302e+18 4.1814178e+08 7.2674892e+08 1e-23 6.9835742e-25 8.6359118e-28
1.1025911e+09 1.2579869e+18 4.1730515e+08 7.2560735e+08 1e-23 6.9747165e-25 8.6616948e-28
1.1056057e+09 1.2592449e+18 4.1646998e+08 7.244669e+08 1e-23 6.9658753e-25 8.6875578e-28
1.1086293e+09 1.2605041e+18 4.1563626e+08 7.2332756e+08 1e-23 6.9570504e-25 8.7135011e-28
1.111662e+09 1.2617646e+18 4.1480398e+08 7.2218935e+08 1e-23 6.9482419e-25 8.739525e-28
1.1147038e+09 1.2630264e+18 4.1397315e+08 7.2105225e+08 1e-23 6.9394497e-25 8.7656297e-28
1.1177548e+09 1.2642894e+18 4.1314377e+08 7.1991627e+08 1e-23 6.9306738e-25 8.7918154e-28
1.120815e+09 1.2655537e+18 4.1231583e+08 7.1878142e+08 1e-23 6.9219141e-25 8.8180826e-28
1.1238844e+09 1.2668193e+18 4.1148933e+08 7.1764768e+08 1e-23 6.9131706e-25 8.8444313e-28
1.126963e+09 1.2680861e+18 4.1066427e+08 7.1651507e+08 1e-23 6.9044432e-25 8.8708619e-28
1.1300509e+09 1.2693542e+18 4.0984065e+08 7.1538358e+08 1e-23 6.895732e-25 8.8973746e-28
1.1331481e+09 1.2706235e+18 4.0901847e+08 7.1425322e+08 1e-23 6.8870369e-25 8.9239698e-28
1.1362546e+09 1.2718941e+18 4.0819771e+08 7.1312398e+08 1e-23 6.8783578e-25 8.9506476e-28
1.1393705e+09 1.273166e+18 4.0737839e+08 7.1199586e+08 1e-23 6.8696948e-25 8.9774083e-28
1.1424957e+09 1.2744392e+18 4.065605e+08 7.1086887e+08 1e-23 6.8610477e-25 9.0042522e-28
1.1456304e+09 1.2757136e+18 4.0574404e+08 7.0974301e+08 1e-23 6.8524166e-25 9.0311796e-28
1.1487746e+09 1.2769893e+18 4.04929e+08 7.0861828e+08 1e-23 6.8438014e-25 9.0581907e-28
1.1519282e+09 1.2782663e+18 4.0411539e+08 7.0749467e+08 1e-23 6.8352021e-25 9.0852858e-28
1.1550913e+09 1.2795446e+18 4.0330319e+08 7.0637219e+08 1e-23 6.8266186e-25 9.1124652e-28
1.158264e+09 1.2808241e+18 4.0249242e+08 7.0525085e+08 1e-23 6.8180509e-25 9.1397292e-28
1.1614462e+09 1.282105e+18 4.0168307e+08 7.0413063e+08 1e-23 6.809499e-25 9.1670779e-28
1.164638e+09 1.2833871e+18 4.0087514e+08 7.0301154e+08 1e-23 6.8009628e-25 9.1945118e-28
1.1678395e+09 1.2846705e+18 4.0006862e+08 7.0189359e+08 1e-23 6.7924424e-25 9.222031e-28
1.1710506e+09 1.2859551e+18 3.9926351e+08 7.0077677e+08 1e-23 6.7839376e-25 9.2496358e-28
1.1742714e+09 1.2872411e+18 3.9845981e+08 6.9966108e+08 1e-23 6.7754484e-25 9.2773266e-28
1.177502e+09 1.2885283e+18 3.9765753e+08 6.9854652e+08 1e-23 6.7669749e-25 9.3051036e-28
1.1807423e+09 1.2898169e+18 3.9685665e+08 6.974331e+08 1e-23 6.7585169e-25 9.332967e-28
1.1839923e+09 1.2911067e+18 3.9605717e+08 6.9632082e+08 1e-23 6.7500744e-25 9.3609172e-28
1.1872522e+09 1.2923978e+18 3.952591e+08 6.9520967e+08 1e-23 6.7416474e-25 9.3889545e-28
1.190522e+09 1.2936902e+18 3.9446243e+08 6.9409966e+08 1e-23 6.7332359e-25 9.417079e-28
1.1938016e+09 1.2949839e+18 3.9366717e+08 6.9299078e+08 1e-23 6.7248398e-25 9.4452912e-28
1.1970912e+09 1.2962789e+18 3.9287329e+08 6.9188304e+08 1e-23 6.7164591e-25 9.4735912e-28
1.2003906e+09 1.2975751e+18 3.9208082e+08 6.9077644e+08 1e-23 6.7080938e-25 9.5019794e-28
1.2037001e+09 1.2988727e+18 3.9128974e+08 6.8967098e+08 1e-23 6.6997438e-25 9.530456e-28
1.2070196e+09 1.3001716e+18 3.9050005e+08 6.8856666e+08 1e-23 6.691409e-25 9.5590214e-28
1.2103491e+09 1.3014718e+18 3.8971175e+08 6.8746348e+08 1e-23 6.6830896e-25 9.5876757e-28
1.2136886e+09 1.3027732e+18 3.8892484e+08 6.8636144e+08 1e-23 6.6747853e-25 9.6164194e-28
1.2170383e+09 1.304076e+18 3.8813932e+08 6.8526054e+08 1e-23 6.6664963e-25 9.6452527e-28
1.2203981e+09 1.3053801e+18 3.8735519e+08 6.8416078e+08 1e-23 6.6582224e-25 9.6741759e-28
1.2237681e+09 1.3066855e+18 3.8657243e+08 6.8306217e+08 1e-23 6.6499636e-25 9.7031892e-28
1.2271483e+09 1.3079921e+18 3.8579106e+08 6.819647e+08 1e-23 6.6417199e-25 9.732293e-28
1.2305387e+09 1.3093001e+18 3.8501107e+08 6.8086837e+08 1e-23 6.6334913e-25 9.7614876e-28
1.2339394e+09 1.3106094e+18 3.8423245e+08 6.7977318e+08 1e-23 6.6252777e-25 9.7907732e-28
1.2373504e+09 1.31192e+18 3.8345521e+08 6.7867915e+08 1e-23 6.6170791e-25 9.8201502e-28
1.2407717e+09 1.313232e+18 3.8267934e+08 6.7758625e+08 1e-23 6.6088954e-25 9.8496188e-28
1.2442034e+09 1.3145452e+18 3.8190485e+08 6.7649451e+08 1e-23 6.6007267e-25 9.8791793e-28
1.2476454e+09 1.3158597e+18 3.8113172e+08 6.7540391e+08 1e-23 6.5925728e-25 9.9088321e-28
1.251098e+09 1.3171756e+18 3.8035997e+08 6.7431445e+08 1e-23 6.5844338e-25 9.9385774e-28
1.2545609e+09 1.3184928e+18 3.7958958e+08 6.7322615e+08 1e-23 6.5763097e-25 9.9684155e-28
1.2580344e+09 1.3198113e+18 3.7882055e+08 6.7213899e+08 1e-23 6.5682003e-25 9.9983468e-28
1.2615184e+09 1.3211311e+18 3.7805289e+08 6.7105298e+08 1e-23 6.5601057e-25 1.0028371e-27
1.265013e+09 1.3224522e+18 3.7728659e+08 6.6996812e+08 1e-23 6.5520258e-25 1.005849e-27
1.2685181e+09 1.3237747e+18 3.7652165e+08 6.6888441e+08 1e-23 6.5439606e-25 1.0088702e-27
1.2720339e+09 1.3250984e+18 3.7575806e+08 6.6780185e+08 1e-23 6.5359101e-25 1.0119009e-27
1.2755604e+09 1.3264235e+18 3.7499583e+08 6.6672044e+08 1e-23 6.5278742e-25 1.0149411e-27
1.2790976e+09 1.32775e+18 3.7423496e+08 6.6564018e+08 1e-23 6.5198529e-25 1.0179907e-27
1.2826455e+09 1.3290777e+18 3.7347543e+08 6.6456107e+08 1e-23 6.5118462e-25 1.0210499e-27
1.2862041e+09 1.3304068e+18 3.7271726e+08 6.6348311e+08 1e-23 6.503854e-25 1.0241186e-27
1.2897736e+09 1.3317372e+18 3.7196043e+08 6.6240631e+08 1e-23 6.4958763e-25 1.0271969e-27
1.2933539e+09 1.3330689e+18 3.7120495e+08 6.6133066e+08 1e-23 6.4879131e-25 1.0302848e-27
1.2969451e+09 1.334402e+18 3.7045081e+08 6.6025616e+08 1e-23 6.4799643e-25 1.0333824e-27
1.3005472e+09 1.3357364e+18 3.6969802e+08 6.5918282e+08 1e-23 6.47203e-25 1.0364897e-27
1.3041603e+09 1.3370721e+18 3.6894656e+08 6.5811063e+08 1e-23 6.46411e-25 1.0396067e-27
1.3077843e+09 1.3384092e+18 3.6819645e+08 6.570396e+08 1e-23 6.4562043e-25 1.0427334e-27
1.3114194e+09 1.3397476e+18 3.6744767e+08 6.5596972e+08 1e-23 6.448313e-25 1.0458699e-27
1.3150654e+09 1.3410874e+18 3.6670022e+08 6.54901e+08 1e-23 6.4404359e-25 1.0490162e-27
1.3187226e+09 1.3424285e+18 3.6595411e+08 6.5383343e+08 1e-23 6.4325731e-25 1.0521723e-27
1.3223909e+09 1.3437709e+18 3.6520934e+08 6.5276702e+08 1e-23 6.4247245e-25 1.0553384e-27
1.3260704e+09 1.3451147e+18 3.6446589e+08 6.5170177e+08 1e-23 6.4168901e-25 1.0585143e-27
1.329761e+09 1.3464598e+18 3.6372376e+08 6.5063767e+08 1e-23 6.4090699e-25 1.0617001e-27
1.3334629e+09 1.3478062e+18 3.6298297e+08 6.4957474e+08 1e-23 6.4012638e-25 1.0648959e-27
1.337176e+09 1.349154e+18 3.622435e+08 6.4851296e+08 1e-23 6.3934717e-25 1.0681018e-27
1.3409005e+09 1.3505032e+18 3.6150535e+08 6.4745234e+08 1e-23 6.3856938e-25 1.0713176e-27
1.3446363e+09 1.3518537e+18 3.6076852e+08 6.4639287e+08 1e-23 6.3779299e-25 1.0745435e-27
1.3483834e+09 1.3532055e+18 3.6003301e+08 6.4533457e+08 1e-23 6.3701799e-25 1.0777795e-27
1.352142e+09 1.3545587e+18 3.5929882e+08 6.4427743e+08 1e-23 6.362444e-25 1.0810257e-27
1.355912e+09 1.3559133e+18 3.5856594e+08 6.4322144e+08 1e-23 6.354722e-25 1.084282e-27
1.3596935e+09 1.3572692e+18 3.5783437e+08 6.4216662e+08 1e-23 6.3470139e-25 1.0875485e-27
1.3634865e+09 1.3586265e+18 3.5710412e+08 6.4111296e+08 1e-23 6.3393197e-25 1.0908252e-27
1.367291e+09 1.3599851e+18 3.5637517e+08 6.4006046e+08 1e-23 6.3316393e-25 1.0941122e-27
1.3711072e+09 1.3613451e+18 3.5564753e+08 6.3900912e+08 1e-23 6.3239728e-25 1.0974095e-27
1.374935e+09 1.3627064e+18 3.549212e+08 6.3795894e+08 1e-23 6.31632e-25 1.1007171e-27
1.3787744e+09 1.3640692e+18 3.5419617e+08 6.3690992e+08 1e-23 6.308681e-25 1.1040351e-27
1.3826256e+09 1.3654332e+18 3.5347245e+08 6.3586207e+08 1e-23 6.3010557e-25 1.1073635e-27
1.3864885e+09 1.3667987e+18 3.5275002e+08 6.3481538e+08 1e-23 6.2934442e-25 1.1107023e-27
1.3903632e+09 1.3681655e+18 3.520289e+08 6.3376985e+08 1e-23 6.2858463e-25 1.1140515e-27
1.3942497e+09 1.3695336e+18 3.5130907e+08 6.3272549e+08 1e-23 6.278262e-25 1.1174113e-27
1.3981481e+09 1.3709032e+18 3.5059053e+08 6.3168229e+08 1e-23 6.2706914e-25 1.1207816e-27
1.4020584e+09 1.3722741e+18 3.4987329e+08 6.3064025e+08 1e-23 6.2631343e-25 1.1241625e-27
1.4059806e+09 1.3736463e+18 3.4915734e+08 6.2959938e+08 1e-23 6.2555908e-25 1.1275539e-27
1.4099148e+09 1.37502e+18 3.4844268e+08 6.2855967e+08 1e-23 6.2480608e-25 1.130956e-27
1.4138609e+09 1.376395e+18 3.4772931e+08 6.2752113e+08 1e-23 6.2405443e-25 1.1343688e-27
1.4178192e+09 1.3777714e+18 3.4701722e+08 6.2648375e+08 1e-23 6.2330413e-25 1.1377922e-27
1.4217895e+09 1.3791492e+18 3.4630641e+08 6.2544754e+08 1e-23 6.2255517e-25 1.1412265e-27
1.425772e+09 1.3805283e+18 3.4559689e+08 6.2441249e+08 1e-23 6.2180755e-25 1.1446714e-27
1.4297666e+09 1.3819088e+18 3.4488865e+08 6.2337861e+08 1e-23 6.2106127e-25 1.1481272e-27
1.4337734e+09 1.3832908e+18 3.4418169e+08 6.223459e+08 1e-23 6.2031632e-25 1.1515938e-27
1.4377925e+09 1.384674e+18 3.43476e+08 6.2131435e+08 1e-23 6.1957271e-25 1.1550714e-27
1.4418238e+09 1.3860587e+18 3.4277159e+08 6.2028397e+08 1e-23 6.1883042e-25 1.1585598e-27
1.4458675e+09 1.3874448e+18 3.4206846e+08 6.1925475e+08 1e-23 6.1808946e-25 1.1620591e-27
1.4499236e+09 1.3888322e+18 3.4136659e+08 6.1822671e+08 1e-23 6.1734982e-25 1.1655695e-27
1.453992e+09 1.3902211e+18 3.4066599e+08 6.1719983e+08 1e-23 6.166115e-25 1.1690909e-27
1.4580729e+09 1.3916113e+18 3.3996666e+08 6.1617412e+08 1e-23 6.158745e-25 1.1726233e-27
1.4621663e+09 1.3930029e+18 3.392686e+08 6.1514957e+08 1e-23 6.1513882e-25 1.1761668e-27
1.4662722e+09 1.3943959e+18 3.385718e+08 6.141262e+08 1e-23 6.1440445e-25 1.1797215e-27
1.4703906e+09 1.3957903e+18 3.3787627e+08 6.1310399e+08 1e-23 6.1367138e-25 1.1832873e-27
1.4745217e+09 1.3971861e+18 3.3718199e+08 6.1208295e+08 1e-23 6.1293962e-25 1.1868643e-27
1.4786654e+09 1.3985833e+18 3.3648897e+08 6.1106308e+08 1e-23 6.1220917e-25 1.1904526e-27
1.4828218e+09 1.3999818e+18 3.3579721e+08 6.1004438e+08 1e-23 6.1148001e-25 1.1940521e-27
1.486991e+09 1.4013818e+18 3.3510671e+08 6.0902685e+08 1e-23 6.1075215e-25 1.197663e-27
1.4911729e+09 1.4027832e+18 3.3441746e+08 6.0801048e+08 1e-23 6.1002559e-25 1.2012852e-27
1.4953676e+09 1.404186e+18 3.3372946e+08 6.0699529e+08 1e-23 6.0930032e-25 1.2049187e-27
1.4995751e+09 1.4055902e+18 3.3304271e+08 6.0598126e+08 1e-23 6.0857634e-25 1.2085637e-27
1.5037956e+09 1.4069958e+18 3.3235721e+08 6.0496841e+08 1e-23 6.0785364e-25 1.2122202e-27
1.5080289e+09 1.4084028e+18 3.3167295e+08 6.0395673e+08 1e-23 6.0713223e-25 1.2158881e-27
1.5122753e+09 1.4098112e+18 3.3098994e+08 6.0294621e+08 1e-23 6.064121e-25 1.2195676e-27
1.5165347e+09 1.411221e+18 3.3030818e+08 6.0193687e+08 1e-23 6.0569324e-25 1.2232587e-27
1.5208071e+09 1.4126322e+18 3.2962765e+08 6.0092869e+08 1e-23 6.0497567e-25 1.2269613e-27
1.5250927e+09 1.4140448e+18 3.2894836e+08 5.9992169e+08 1e-23 6.0425936e-25 1.2306756e-27
1.5293913e+09 1.4154589e+18 3.2827031e+08 5.9891586e+08 1e-23 6.0354432e-25 1.2344016e-27
1.5337032e+09 1.4168743e+18 3.275935e+08 5.979112e+08 1e-23 6.0283056e-25 1.2381393e-27
1.5380283e+09 1.4182912e+18 3.2691792e+08 5.9690771e+08 1e-23 6.0211805e-25 1.2418888e-27
1.5423667e+09 1.4197095e+18 3.2624357e+08 5.9590539e+08 1e-23 6.0140681e-25 1.2456501e-27
1.5467184e+09 1.4211292e+18 3.2557045e+08 5.9490424e+08 1e-23 6.0069682e-25 1.2494232e-27
1.5510834e+09 1.4225503e+18 3.2489856e+08 5.9390426e+08 1e-23 5.9998809e-25 1.2532082e-27
1.5554619e+09 1.4239729e+18 3.242279e+08 5.9290546e+08 1e-23 5.9928062e-25 1.2570051e-27
1.5598537e+09 1.4253969e+18 3.2355846e+08 5.9190782e+08 1e-23 5.985744e-25 1.2608139e-27
1.5642591e+09 1.4268223e+18 3.2289024e+08 5.9091136e+08 1e-23 5.9786942e-25 1.2646348e-27
1.568678e+09 1.4282491e+18 3.2222325e+08 5.8991607e+08 1e-23 5.9716569e-25 1.2684677e-27
1.5731105e+09 1.4296773e+18 3.2155747e+08 5.8892195e+08 1e-23 5.964632e-25 1.2723126e-27
1.5775566e+09 1.431107e+18 3.2089292e+08 5.8792901e+08 1e-23 5.9576195e-25 1.2761697e-27
1.5820164e+09 1.4325381e+18 3.2022958e+08 5.8693723e+08 1e-23 5.9506194e-25 1.2800389e-27
1.5864899e+09 1.4339706e+18 3.1956745e+08 5.8594663e+08 1e-23 5.9436316e-25 1.2839203e-27
1.5909771e+09 1.4354046e+18 3.1890654e+08 5.849572e+08 1e-23 5.9366562e-25 1.2878139e-27
1.5954781e+09 1.43684e+18 3.1824684e+08 5.8396894e+08 1e-23 5.929693e-25 1.2917198e-27
1.599993e+09 1.4382769e+18 3.1758835e+08 5.8298185e+08 1e-23 5.9227422e-25 1.295638e-27
1.6045217e+09 1.4397151e+18 3.1676833e+08 5.8215866e+08 1e-23 0 1.2995685e-27
1.6090667e+09 1.4411549e+18 3.159501e+08 5.8133607e+08 1e-23 0 1.3035136e-27
1.6136281e+09 1.442596e+18 3.1513365e+08 5.8051278e+08 1e-23 0 1.3074731e-27
1.6182058e+09 1.4440386e+18 3.1431898e+08 5.7968879e+08 1e-23 0 1.3114473e-27
1.6228e+09 1.4454826e+18 3.1350607e+08 5.7886412e+08 1e-23 0 1.3154362e-27
1.6274107e+09 1.4469281e+18 3.1269494e+08 5.7803878e+08 1e-23 0 1.3194397e-27
1.6320379e+09 1.4483751e+18 3.1188558e+08 5.7721276e+08 1e-23 0 1.3234581e-27
1.6366819e+09 1.4498234e+18 3.1107799e+08 5.7638609e+08 1e-23 0 1.3274912e-27
1.6413425e+09 1.4512733e+18 3.1027216e+08 5.7555877e+08 1e-23 0 1.3315393e-27
1.6460199e+09 1.4527245e+18 3.0946809e+08 5.7473081e+08 1e-23 0 1.3356023e-27
1.6507142e+09 1.4541773e+18 3.0866579e+08 5.7390221e+08 1e-23 0 1.3396803e-27
1.6554254e+09 1.4556314e+18 3.0786524e+08 5.7307299e+08 1e-23 0 1.3437734e-27
1.6601535e+09 1.4570871e+18 3.0706645e+08 5.7224315e+08 1e-23 0 1.3478816e-27
1.6648987e+09 1.4585441e+18 3.0626941e+08 5.7141271e+08 1e-23 0 1.352005e-27
1.669661e+09 1.4600027e+18 3.0547413e+08 5.7058166e+08 1e-23 0 1.3561436e-27
1.6744405e+09 1.4614627e+18 3.046806e+08 5.6975002e+08 1e-23 0 1.3602976e-27
1.6792372e+09 1.4629242e+18 3.0388881e+08 5.689178e+08 1e-23 0 1.3644669e-27
1.6840512e+09 1.4643871e+18 3.0309877e+08 5.68085e+08 1e-23 0 1.3686516e-27
1.6888826e+09 1.4658515e+18 3.0231047e+08 5.6725163e+08 1e-23 0 1.3728518e-27
1.6937314e+09 1.4673173e+18 3.0152391e+08 5.6641771e+08 1e-23 0 1.3770676e-27
1.6985977e+09 1.4687846e+18 3.0073909e+08 5.6558324e+08 1e-23 0 1.381299e-27
1.7034816e+09 1.4702534e+18 2.9995601e+08 5.6474822e+08 1e-23 0 1.385546e-27
1.7083832e+09 1.4717237e+18 2.9917466e+08 5.6391267e+08 1e-23 0 1.3898088e-27
1.7133025e+09 1.4731954e+18 2.9839505e+08 5.6307659e+08 1e-23 0 1.3940873e-27
1.7182395e+09 1.4746686e+18 2.9761716e+08 5.6223999e+08 1e-23 0 1.3983817e-27
1.7231945e+09 1.4761433e+18 2.96841e+08 5.6140289e+08 1e-23 0 1.402692e-27
1.7281673e+09 1.4776194e+18 2.9606657e+08 5.6056528e+08 1e-23 0 1.4070183e-27
1.7331581e+09 1.479097e+18 2.9529386e+08 5.5972718e+08 1e-23 0 1.4113607e-27
1.738167e+09 1.4805761e+18 2.9452287e+08 5.588886e+08 1e-23 0 1.4157191e-27
1.7431941e+09 1.4820567e+18 2.937536e+08 5.5804953e+08 1e-23 0 1.4200937e-27
1.7482393e+09 1.4835388e+18 2.9298604e+08 5.5721e+08 1e-23 0 1.4244846e-27
1.7533028e+09 1.4850223e+18 2.922202e+08 5.5637001e+08 1e-23 0 1.4288917e-27
1.7583847e+09 1.4865073e+18 2.9145607e+08 5.5552956e+08 1e-23 0 1.4333152e-27
1.763485e+09 1.4879938e+18 2.9069365e+08 5.5468867e+08 1e-23 0 1.4377551e-27
1.7686037e+09 1.4894818e+18 2.8993293e+08 5.5384734e+08 1e-23 0 1.4422115e-27
1.7737411e+09 1.4909713e+18 2.8917392e+08 5.5300559e+08 1e-23 0 1.4466845e-27
1.778897e+09 1.4924623e+18 2.8841661e+08 5.5216341e+08 1e-23 0 1.4511741e-27
1.7840717e+09 1.4939547e+18 2.87661e+08 5.5132082e+08 1e-23 0 1.4556803e-27
1.7892652e+09 1.4954487e+18 2.8690709e+08 5.5047782e+08 1e-23 0 1.4602033e-27
1.7944775e+09 1.4969441e+18 2.8615488e+08 5.4963443e+08 1e-23 0 1.4647431e-27
1.7997087e+09 1.4984411e+18 2.8540435e+08 5.4879065e+08 1e-23 0 1.4692998e-27
1.804959e+09 1.4999395e+18 2.8465552e+08 5.4794648e+08 1e-23 0 1.4738735e-27
1.8102283e+09 1.5014395e+18 2.8390838e+08 5.4710195e+08 1e-23 0 1.4784641e-27
1.8155167e+09 1.5029409e+18 2.8316292e+08 5.4625705e+08 1e-23 0 1.4830718e-27
1.8208244e+09 1.5044438e+18 2.8241914e+08 5.4541179e+08 1e-23 0 1.4876967e-27
1.8261514e+09 1.5059483e+18 2.8167705e+08 5.4456618e+08 1e-23 0 1.4923388e-27
1.8314978e+09 1.5074542e+18 2.8093663e+08 5.4372023e+08 1e-23 0 1.4969982e-27
1.8368636e+09 1.5089617e+18 2.8019789e+08 5.4287394e+08 1e-23 0 1.5016749e-27
1.8422489e+09 1.5104707e+18 2.7946083e+08 5.4202733e+08 1e-23 0 1.506369e-27
1.8476539e+09 1.5119811e+18 2.7872543e+08 5.411804e+08 1e-23 0 1.5110807e-27
1.8530785e+09 1.5134931e+18 2.7799171e+08 5.4033316e+08 1e-23 0 1.5158098e-27
1.8585229e+09 1.5150066e+18 2.7725965e+08 5.3948562e+08 1e-23 0 1.5205566e-27
1.8639871e+09 1.5165216e+18 2.7652926e+08 5.3863778e+08 1e-23 0 1.5253211e-27
1.8694712e+09 1.5180381e+18 2.7580053e+08 5.3778965e+08 1e-23 0 1.5301034e-27
1.8749753e+09 1.5195562e+18 2.7507346e+08 5.3694125e+08 1e-23 0 1.5349035e-27
1.8804995e+09 1.5210757e+18 2.7434804e+08 5.3609257e+08 1e-23 0 1.5397214e-27
1.8860439e+09 1.5225968e+18 2.7362428e+08 5.3524362e+08 1e-23 0 1.5445574e-27
1.8916084e+09 1.5241194e+18 2.7290217e+08 5.3439442e+08 1e-23 0 1.5494114e-27
1.8971933e+09 1.5256435e+18 2.7218172e+08 5.3354498e+08 1e-23 0 1.5542835e-27
1.9027985e+09 1.5271692e+18 2.7146291e+08 5.3269529e+08 1e-23 0 1.5591738e-27
1.9084242e+09 1.5286963e+18 2.7074574e+08 5.3184536e+08 1e-23 0 1.5640824e-27
1.9140705e+09 1.530225e+18 2.7003022e+08 5.3099521e+08 1e-23 0 1.5690093e-27
1.9197373e+09 1.5317552e+18 2.6931634e+08 5.3014484e+08 1e-23 0 1.5739545e-27
1.9254249e+09 1.533287e+18 2.6860409e+08 5.2929426e+08 1e-23 0 1.5789183e-27
1.9311332e+09 1.5348203e+18 2.6789348e+08 5.2844347e+08 1e-23 0 1.5839006e-27
1.9368625e+09 1.5363551e+18 2.6718451e+08 5.2759249e+08 1e-23 0 1.5889015e-27
1.9426126e+09 1.5378915e+18 2.6647716e+08 5.2674132e+08 1e-23 0 1.5939212e-27
1.9483838e+09 1.5394294e+18 2.6577145e+08 5.2588997e+08 1e-23 0 1.5989595e-27
1.9541761e+09 1.5409688e+18 2.6506735e+08 5.2503845e+08 1e-23 0 1.6040168e-27
1.9599896e+09 1.5425098e+18 2.6436489e+08 5.2418675e+08 1e-23 0 1.6090929e-27
1.9658244e+09 1.5440523e+18 2.6366404e+08 5.233349e+08 1e-23 0 1.614188e-27
1.9716805e+09 1.5455963e+18 2.6296481e+08 5.224829e+08 1e-23 0 1.6193022e-27
1.9775581e+09 1.5471419e+18 2.6226719e+08 5.2163075e+08 1e-23 0 1.6244355e-27
1.9834572e+09 1.5486891e+18 2.6157119e+08 5.2077846e+08 1e-23 0 1.629588e-27
1.9893779e+09 1.5502377e+18 2.608768e+08 5.1992605e+08 1e-23 0 1.6347599e-27
1.9953203e+09 1.551788e+18 2.6018402e+08 5.1907351e+08 1e-23 0 1.6399511e-27
2.0012845e+09 1.5533398e+18 2.5949284e+08 5.1822086e+08 1e-23 0 1.6451617e-27
2.0072706e+09 1.5548931e+18 2.5880327e+08 5.173681e+08 1e-23 0 1.6503918e-27
2.0132786e+09 1.556448e+18 2.581153e+08 5.1651524e+08 1e-23 0 1.6556416e-27
2.0193087e+09 1.5580044e+18 2.5742893e+08 5.1566228e+08 1e-23 0 1.660911e-27
2.0253608e+09 1.5595625e+18 2.5674415e+08 5.1480924e+08 1e-23 0 1.6662001e-27
2.0314352e+09 1.561122e+18 2.5606096e+08 5.1395612e+08 1e-23 0 1.6715091e-27
2.0375319e+09 1.5626831e+18 2.5537937e+08 5.1310293e+08 1e-23 0 1.676838e-27
2.043651e+09 1.5642458e+18 2.5469937e+08 5.1224967e+08 1e-23 0 1.6821869e-27
2.0497925e+09 1.5658101e+18 2.5402095e+08 5.1139636e+08 1e-23 0 1.6875558e-27
2.0559566e+09 1.5673759e+18 2.5334411e+08 5.1054299e+08 1e-23 0 1.6929449e-27
2.0621433e+09 1.5689433e+18 2.5266886e+08 5.0968959e+08 1e-23 0 1.6983542e-27
2.0683528e+09 1.5705122e+18 2.5199518e+08 5.0883614e+08 1e-23 0 1.7037838e-27
2.0745851e+09 1.5720827e+18 2.5132308e+08 5.0798267e+08 1e-23 0 1.7092337e-27
2.0808404e+09 1.5736548e+18 2.5065256e+08 5.0712917e+08 1e-23 0 1.7147042e-27
2.0871186e+09 1.5752284e+18 2.499836e+08 5.0627566e+08 1e-23 0 1.7201951e-27
2.0934199e+09 1.5768037e+18 2.4931621e+08 5.0542214e+08 1e-23 0 1.7257067e-27
2.0997444e+09 1.5783805e+18 2.4865039e+08 5.0456861e+08 1e-23 0 1.731239e-27
2.1060922e+09 1.5799589e+18 2.4798613e+08 5.037151e+08 1e-23 0 1.7367921e-27
2.1124634e+09 1.5815388e+18 2.4732343e+08 5.0286159e+08 1e-23 0 1.7423661e-27
2.118858e+09 1.5831204e+18 2.4666229e+08 5.0200811e+08 1e-23 0 1.7479609e-27
2.1252762e+09 1.5847035e+18 2.4600271e+08 5.0115465e+08 1e-23 0 1.7535769e-27
2.131718e+09 1.5862882e+18 2.4534468e+08 5.0030122e+08 1e-23 0 1.7592139e-27
2.1381835e+09 1.5878745e+18 2.446882e+08 4.9944784e+08 1e-23 0 1.7648721e-27
2.1446729e+09 1.5894623e+18 2.4403327e+08 4.985945e+08 1e-23 0 1.7705517e-27
2.1511862e+09 1.5910518e+18 2.4337988e+08 4.9774121e+08 1e-23 0 1.7762525e-27
2.1577235e+09 1.5926429e+18 2.4272804e+08 4.9688799e+08 1e-23 0 1.7819749e-27
2.164285e+09 1.5942355e+18 2.4207774e+08 4.9603483e+08 1e-23 0 1.7877187e-27
2.1708706e+09 1.5958297e+18 2.4142897e+08 4.9518174e+08 1e-23 0 1.7934842e-27
2.1774805e+09 1.5974256e+18 2.4078174e+08 4.9432874e+08 1e-23 0 1.7992714e-27
2.1841149e+09 1.599023e+18 2.4013605e+08 4.9347582e+08 1e-23 0 1.8050803e-27
2.1907737e+09 1.600622e+18 2.3949188e+08 4.92623e+08 1e-23 0 1.8109112e-27
2.1974571e+09 1.6022226e+18 2.3884924e+08 4.9177027e+08 1e-23 0 1.816764e-27
2.2041652e+09 1.6038249e+18 2.3820813e+08 4.9091766e+08 1e-23 0 1.8226388e-27
2.2108981e+09 1.6054287e+18 2.3756854e+08 4.9006515e+08 1e-23 0 1.8285358e-27
2.2176558e+09 1.6070341e+18 2.3693047e+08 4.8921277e+08 1e-23 0 1.834455e-27
2.2244385e+09 1.6086411e+18 2.3629392e+08 4.8836051e+08 1e-23 0 1.8403965e-27
2.2312463e+09 1.6102498e+18 2.3565888e+08 4.8750839e+08 1e-23 0 1.8463604e-27
2.2380793e+09 1.61186e+18 2.3502535e+08 4.8665641e+08 1e-23 0 1.8523468e-27
2.2449375e+09 1.6134719e+18 2.3439334e+08 4.8580457e+08 1e-23 0 1.8583558e-27
2.2518211e+09 1.6150854e+18 2.3376283e+08 4.8495289e+08 1e-23 0 1.8643874e-27
2.2587302e+09 1.6167005e+18 2.3313383e+08 4.8410136e+08 1e-23 0 1.8704418e-27
2.2656649e+09 1.6183172e+18 2.3250633e+08 4.8325e+08 1e-23 0 1.876519e-27
2.2726252e+09 1.6199355e+18 2.3188033e+08 4.8239881e+08 1e-23 0 1.8826192e-27
2.2796113e+09 1.6215554e+18 2.3125582e+08 4.815478e+08 1e-23 0 1.8887423e-27
2.2866232e+09 1.623177e+18 2.3063281e+08 4.8069698e+08 1e-23 0 1.8948886e-27
2.2936612e+09 1.6248001e+18 2.300113e+08 4.7984634e+08 1e-23 0 1.9010581e-27
2.3007252e+09 1.6264249e+18 2.2939127e+08 4.789959e+08 1e-23 0 1.9072509e-27
2.3078153e+09 1.6280514e+18 2.2877273e+08 4.7814567e+08 1e-23 0 1.9134671e-27
2.3149318e+09 1.6296794e+18 2.2815567e+08 4.7729565e+08 1e-23 0 1.9197067e-27
2.3220746e+09 1.6313091e+18 2.2754009e+08 4.7644584e+08 1e-23 0 1.92597e-27
2.329244e+09 1.6329404e+18 2.26926e+08 4.7559625e+08 1e-23 0 1.9322569e-27
2.3364399e+09 1.6345733e+18 2.2631338e+08 4.7474689e+08 1e-23 0 1.9385675e-27
2.3436625e+09 1.6362079e+18 2.2570223e+08 4.7389777e+08 1e-23 0 1.944902e-27
2.3509119e+09 1.6378441e+18 2.2509256e+08 4.7304889e+08 1e-23 0 1.9512605e-27
2.3581882e+09 1.639482e+18 2.2448435e+08 4.7220025e+08 1e-23 0 1.957643e-27
2.3654915e+09 1.6411215e+18 2.2387761e+08 4.7135187e+08 1e-23 0 1.9640496e-27
2.372822e+09 1.6427626e+18 2.2327234e+08 4.7050375e+08 1e-23 0 1.9704805e-27
2.3801796e+09 1.6444053e+18 2.2266852e+08 4.6965589e+08 1e-23 0 1.9769357e-27
2.3875646e+09 1.6460497e+18 2.2206617e+08 4.688083e+08 1e-23 0 1.9834153e-27
2.3949771e+09 1.6476958e+18 2.2146527e+08 4.6796099e+08 1e-23 0 1.9899194e-27
2.402417e+09 1.6493435e+18 2.2086582e+08 4.6711396e+08 1e-23 0 1.9964482e-27
2.4098847e+09 1.6509928e+18 2.2026782e+08 4.6626722e+08 1e-23 0 2.0030016e-27
2.41738e+09 1.6526438e+18 2.1967128e+08 4.6542078e+08 1e-23 0 2.0095799e-27
2.4249033e+09 1.6542965e+18 2.1907617e+08 4.6457464e+08 1e-23 0 2.0161831e-27
2.4324545e+09 1.6559508e+18 2.1848251e+08 4.637288e+08 1e-23 0 2.0228113e-27
2.4400339e+09 1.6576067e+18 2.178903e+08 4.6288328e+08 1e-23 0 2.0294646e-27
2.4476414e+09 1.6592643e+18 2.1729951e+08 4.6203807e+08 1e-23 0 2.0361431e-27
2.4552772e+09 1.6609236e+18 2.1671017e+08 4.6119319e+08 1e-23 0 2.0428469e-27
2.4629415e+09 1.6625845e+18 2.1612226e+08 4.6034864e+08 1e-23 0 2.0495761e-27
2.4706343e+09 1.6642471e+18 2.1553577e+08 4.5950442e+08 1e-23 0 2.0563308e-27
2.4783557e+09 1.6659113e+18 2.1495072e+08 4.5866055e+08 1e-23 0 2.0631112e-27
2.4861059e+09 1.6675773e+18 2.1436709e+08 4.5781702e+08 1e-23 0 2.0699172e-27
2.493885e+09 1.6692448e+18 2.1378488e+08 4.5697385e+08 1e-23 0 2.076749e-27
2.5016931e+09 1.6709141e+18 2.1320409e+08 4.5613103e+08 1e-23 0 2.0836068e-27
2.5095302e+09 1.672585e+18 2.1262472e+08 4.5528858e+08 1e-23 0 2.0904906e-27
2.5173966e+09 1.6742576e+18 2.1204676e+08 4.544465e+08 1e-23 0 2.0974004e-27
2.5252923e+09 1.6759318e+18 2.1147022e+08 4.536048e+08 1e-23 0 2.1043365e-27
2.5332174e+09 1.6776078e+18 2.1089508e+08 4.5276347e+08 1e-23 0 2.111299e-27
2.5411721e+09 1.6792854e+18 2.1032135e+08 4.5192253e+08 1e-23 0 2.1182878e-27
2.5491565e+09 1.6809647e+18 2.0974903e+08 4.5108199e+08 1e-23 0 2.1253032e-27
2.5571707e+09 1.6826456e+18 2.091781e+08 4.5024184e+08 1e-23 0 2.1323452e-27
2.5652148e+09 1.6843283e+18 2.0860858e+08 4.494021e+08 1e-23 0 2.139414e-27
2.5732889e+09 1.6860126e+18 2.0804045e+08 4.4856276e+08 1e-23 0 2.1465096e-27
2.5813931e+09 1.6876986e+18 2.0747372e+08 4.4772384e+08 1e-23 0 2.1536321e-27
2.5895277e+09 1.6893863e+18 2.0690838e+08 4.4688534e+08 1e-23 0 2.1607817e-27
2.5976926e+09 1.6910757e+18 2.0634442e+08 4.4604726e+08 1e-23 0 2.1679585e-27
2.605888e+09 1.6927668e+18 2.0578186e+08 4.4520961e+08 1e-23 0 2.1751625e-27
2.614114e+09 1.6944595e+18 2.0522067e+08 4.443724e+08 1e-23 0 2.182394e-27
2.6223708e+09 1.696154e+18 2.0466087e+08 4.4353563e+08 1e-23 0 2.1896529e-27
2.6306584e+09 1.6978501e+18 2.0410245e+08 4.426993e+08 1e-23 0 2.1969394e-27
2.638977e+09 1.699548e+18 2.035454e+08 4.4186343e+08 1e-23 0 2.2042536e-27
2.6473267e+09 1.7012475e+18 2.0298972e+08 4.4102801e+08 1e-23 0 2.2115957e-27
2.6557077e+09 1.7029488e+18 2.0243542e+08 4.4019306e+08 1e-23 0 2.2189657e-27
2.66412e+09 1.7046517e+18 2.0188248e+08 4.3935857e+08 1e-23 0 2.2263637e-27
2.6725638e+09 1.7063564e+18 2.0133091e+08 4.3852456e+08 1e-23 0 2.2337898e-27
2.6810392e+09 1.7080627e+18 2.007807e+08 4.3769102e+08 1e-23 0 2.2412442e-27
2.6895463e+09 1.7097708e+18 2.0023185e+08 4.3685797e+08 1e-23 0 2.248727e-27
2.6980852e+09 1.7114806e+18 1.9968436e+08 4.360254e+08 1e-23 0 2.2562383e-27
2.7066561e+09 1.7131921e+18 1.9913823e+08 4.3519332e+08 1e-23 0 2.2637781e-27
2.7152592e+09 1.7149053e+18 1.9859345e+08 4.3436175e+08 1e-23 0 2.2713467e-27
2.7238944e+09 1.7166202e+18 1.9805001e+08 4.3353067e+08 1e-23 0 2.2789441e-27
2.732562e+09 1.7183368e+18 1.9750793e+08 4.3270011e+08 1e-23 0 2.2865704e-27
2.7412621e+09 1.7200551e+18 1.9696719e+08 4.3187006e+08 1e-23 0 2.2942258e-27
2.7499948e+09 1.7217752e+18 1.9642779e+08 4.3104052e+08 1e-23 0 2.3019103e-27
2.7587603e+09 1.7234969e+18 1.9588973e+08 4.3021151e+08 1e-23 0 2.3096242e-27
2.7675586e+09 1.7252204e+18 1.9535301e+08 4.2938302e+08 1e-23 0 2.3173674e-27
2.7763899e+09 1.7269457e+18 1.9481762e+08 4.2855507e+08 1e-23 0 2.3251401e-27
2.7852543e+09 1.7286726e+18 1.9428357e+08 4.2772766e+08 1e-23 0 2.3329425e-27
2.794152e+09 1.7304013e+18 1.9375084e+08 4.2690079e+08 1e-23 0 2.3407746e-27
2.803083e+09 1.7321317e+18 1.9321944e+08 4.2607446e+08 1e-23 0 2.3486365e-27
2.8120476e+09 1.7338638e+18 1.9268937e+08 4.2524869e+08 1e-23 0 2.3565285e-27
2.8210458e+09 1.7355977e+18 1.9216062e+08 4.2442347e+08 1e-23 0 2.3644505e-27
2.8300779e+09 1.7373333e+18 1.9163318e+08 4.2359882e+08 1e-23 0 2.3724028e-27
2.8391438e+09 1.7390706e+18 1.9110707e+08 4.2277473e+08 1e-23 0 2.3803854e-27
2.8482438e+09 1.7408097e+18 1.9058226e+08 4.2195121e+08 1e-23 0 2.3883985e-27
2.8573779e+09 1.7425505e+18 1.9005877e+08 4.2112827e+08 1e-23 0 2.3964422e-27
2.8665464e+09 1.744293e+18 1.8953659e+08 4.2030591e+08 1e-23 0 2.4045165e-27
2.8757494e+09 1.7460373e+18 1.8901571e+08 4.1948413e+08 1e-23 0 2.4126217e-27
2.8849869e+09 1.7477834e+18 1.8849614e+08 4.1866294e+08 1e-23 0 2.4207578e-27
2.8942591e+09 1.7495312e+18 1.8797787e+08 4.1784235e+08 1e-23 0 2.428925e-27
2.9035662e+09 1.7512807e+18 1.874609e+08 4.1702235e+08 1e-23 0 2.4371234e-27
2.9129084e+09 1.753032e+18 1.8694522e+08 4.1620296e+08 1e-23 0 2.4453531e-27
2.9222856e+09 1.754785e+18 1.8643083e+08 4.1538417e+08 1e-23 0 2.4536142e-27
2.9316981e+09 1.7565398e+18 1.8591774e+08 4.14566e+08 1e-23 0 2.4619069e-27
2.9411461e+09 1.7582963e+18 1.8540594e+08 4.1374845e+08 1e-23 0 2.4702312e-27
2.9506296e+09 1.7600546e+18 1.8489542e+08 4.1293151e+08 1e-23 0 2.4785874e-27
2.9601488e+09 1.7618147e+18 1.8438618e+08 4.121152e+08 1e-23 0 2.4869756e-27
2.9697038e+09 1.7635765e+18 1.8387823e+08 4.1129952e+08 1e-23 0 2.4953957e-27
2.9792948e+09 1.7653401e+18 1.8337155e+08 4.1048447e+08 1e-23 0 2.5038481e-27
2.9889219e+09 1.7671054e+18 1.8286615e+08 4.0967007e+08 1e-23 0 2.5123328e-27
2.9985853e+09 1.7688725e+18 1.8236202e+08 4.088563e+08 1e-23 0 2.52085e-27
3.0082851e+09 1.7706414e+18 1.8185917e+08 4.0804318e+08 1e-23 0 2.5293997e-27
3.0180214e+09 1.772412e+18 1.8135758e+08 4.0723072e+08 1e-23 0 2.5379821e-27
3.0277944e+09 1.7741844e+18 1.8085725e+08 4.0641891e+08 1e-23 0 2.5465974e-27
3.0376043e+09 1.7759586e+18 1.8035819e+08 4.0560776e+08 1e-23 0 2.5552456e-27
3.0474511e+09 1.7777346e+18 1.7986039e+08 4.0479727e+08 1e-23 0 2.5639269e-27
3.0573351e+09 1.7795123e+18 1.7936385e+08 4.0398745e+08 1e-23 0 2.5726414e-27
3.0672563e+09 1.7812918e+18 1.7886856e+08 4.031783e+08 1e-23 0 2.5813893e-27
3.077215e+09 1.7830731e+18 1.7837453e+08 4.0236983e+08 1e-23 0 2.5901707e-27
3.0872112e+09 1.7848562e+18 1.7788174e+08 4.0156205e+08 1e-23 0 2.5989857e-27
3.0972452e+09 1.786641e+18 1.7739021e+08 4.0075494e+08 1e-23 0 2.6078345e-27
3.107317e+09 1.7884277e+18 1.7689991e+08 3.9994852e+08 1e-23 0 2.6167171e-27
3.1174268e+09 1.7902161e+18 1.7641087e+08 3.991428e+08 1e-23 0 2.6256338e-27
3.1275748e+09 1.7920063e+18 1.7592306e+08 3.9833777e+08 1e-23 0 2.6345846e-27
3.1377611e+09 1.7937983e+18 1.7543648e+08 3.9753345e+08 1e-23 0 2.6435697e-27
3.1479859e+09 1.7955921e+18 1.7495115e+08 3.9672983e+08 1e-23 0 2.6525893e-27
3.1582493e+09 1.7973877e+18 1.7446704e+08 3.9592692e+08 1e-23 0 2.6616434e-27
