# Mfl=0.007Msun, vmin=0.1c, vmax=0.4c, power-law-index=0.5
# time [s], rsh [cm], vsh [cm/s], Deltav_2 [cm/s], rho_ISM [g/cm3], rhofl_2 [g/cm3], int_rhosq_1dr [g^2/cm^5]
3159756.8 3.7895972e+16 8.6556831e+09 3.3399169e+09 5e-22 6.8065148e-21 1.8018137e-30
3164135 3.7933868e+16 9.553778e+09 2.4395411e+09 5e-22 6.7874267e-21 5.4574869e-30
3168105.5 3.7971802e+16 9.4728929e+09 2.5158079e+09 5e-22 6.7697118e-21 7.8813383e-30
3172114 3.8009773e+16 9.4476888e+09 2.5379603e+09 5e-22 6.7511617e-21 1.0409387e-29
3176137.2 3.8047783e+16 9.4352525e+09 2.5472214e+09 5e-22 6.7327323e-21 1.2972065e-29
3180169.7 3.8085831e+16 9.4272198e+09 2.5520433e+09 5e-22 6.7143736e-21 1.5553223e-29
3184209.7 3.8123917e+16 9.4210988e+09 2.5549384e+09 5e-22 6.6960739e-21 1.8147278e-29
3188256.4 3.8162041e+16 9.4159388e+09 2.5568646e+09 5e-22 6.677829e-21 2.0751806e-29
3192309.3 3.8200203e+16 9.4113136e+09 2.5582511e+09 5e-22 6.6596369e-21 2.3365596e-29
3196368.2 3.8238403e+16 9.407009e+09 2.5593137e+09 5e-22 6.6414968e-21 2.5987979e-29
3200433.1 3.8276641e+16 9.4029078e+09 2.5601703e+09 5e-22 6.623408e-21 2.8618559e-29
3204503.8 3.8314918e+16 9.3989416e+09 2.56089e+09 5e-22 6.60537e-21 3.1257093e-29
3208580.4 3.8353233e+16 9.3950683e+09 2.5615152e+09 5e-22 6.5873824e-21 3.3903422e-29
3212662.6 3.8391586e+16 9.3912607e+09 2.5620733e+09 5e-22 6.5694452e-21 3.6557442e-29
3216750.6 3.8429978e+16 9.3875007e+09 2.5625826e+09 5e-22 6.5515579e-21 3.9219084e-29
3220844.4 3.8468408e+16 9.3837759e+09 2.5630555e+09 5e-22 6.5337204e-21 4.1888304e-29
3224943.8 3.8506876e+16 9.3800775e+09 2.563501e+09 5e-22 6.5159326e-21 4.456507e-29
3229049 3.8545383e+16 9.3763991e+09 2.5639255e+09 5e-22 6.4981942e-21 4.7249366e-29
3233159.9 3.8583928e+16 9.3727361e+09 2.5643335e+09 5e-22 6.4805051e-21 4.994118e-29
3237276.5 3.8622512e+16 9.369085e+09 2.5647288e+09 5e-22 6.4628652e-21 5.2640509e-29
3241398.9 3.8661135e+16 9.365443e+09 2.565114e+09 5e-22 6.4452742e-21 5.5347353e-29
3245526.9 3.8699796e+16 9.3618083e+09 2.5654912e+09 5e-22 6.4277321e-21 5.8061716e-29
3249660.7 3.8738496e+16 9.358179e+09 2.5658619e+09 5e-22 6.4102386e-21 6.0783605e-29
3253800.3 3.8777234e+16 9.3545541e+09 2.5662275e+09 5e-22 6.3927937e-21 6.3513028e-29
3257945.5 3.8816011e+16 9.3509323e+09 2.5665891e+09 5e-22 6.3753972e-21 6.6249996e-29
3262096.6 3.8854827e+16 9.347313e+09 2.5669474e+09 5e-22 6.358049e-21 6.8994521e-29
3266253.4 3.8893682e+16 9.3436954e+09 2.5673032e+09 5e-22 6.3407489e-21 7.1746615e-29
3270415.9 3.8932576e+16 9.340079e+09 2.5676569e+09 5e-22 6.3234968e-21 7.4506292e-29
3274584.2 3.8971509e+16 9.3364633e+09 2.5680091e+09 5e-22 6.3062925e-21 7.7273567e-29
3278758.4 3.901048e+16 9.332848e+09 2.5683601e+09 5e-22 6.2891359e-21 8.0048455e-29
3282938.3 3.9049491e+16 9.3292327e+09 2.5687102e+09 5e-22 6.2720269e-21 8.2830972e-29
3287124 3.908854e+16 9.3256172e+09 2.5690598e+09 5e-22 6.2549654e-21 8.5621134e-29
3291315.5 3.9127629e+16 9.3220012e+09 2.5694091e+09 5e-22 6.2379511e-21 8.8418958e-29
3295512.9 3.9166756e+16 9.3183846e+09 2.5697581e+09 5e-22 6.2209841e-21 9.122446e-29
3299716 3.9205923e+16 9.3147671e+09 2.5701072e+09 5e-22 6.204064e-21 9.4037658e-29
3303925 3.9245129e+16 9.3111487e+09 2.5704565e+09 5e-22 6.1871909e-21 9.6858569e-29
3308139.9 3.9284374e+16 9.3075291e+09 2.570806e+09 5e-22 6.1703646e-21 9.9687212e-29
3312360.6 3.9323658e+16 9.3039084e+09 2.571156e+09 5e-22 6.1535849e-21 1.025236e-28
3316587.2 3.9362982e+16 9.3002863e+09 2.5715064e+09 5e-22 6.1368518e-21 1.0536776e-28
3320819.6 3.9402345e+16 9.2966629e+09 2.5718573e+09 5e-22 6.120165e-21 1.0821971e-28
3325058 3.9441747e+16 9.293038e+09 2.572209e+09 5e-22 6.1035245e-21 1.1107945e-28
3329302.2 3.9481189e+16 9.2894116e+09 2.5725613e+09 5e-22 6.0869301e-21 1.1394702e-28
3333552.3 3.952067e+16 9.2857837e+09 2.5729143e+09 5e-22 6.0703817e-21 1.1682244e-28
3337808.3 3.9560191e+16 9.2821541e+09 2.5732682e+09 5e-22 6.0538791e-21 1.1970571e-28
3342070.3 3.9599751e+16 9.2785228e+09 2.5736229e+09 5e-22 6.0374224e-21 1.2259686e-28
3346338.2 3.9639351e+16 9.2748899e+09 2.5739785e+09 5e-22 6.0210112e-21 1.2549591e-28
3350612 3.967899e+16 9.2712552e+09 2.574335e+09 5e-22 6.0046455e-21 1.2840287e-28
3354891.8 3.9718669e+16 9.2676187e+09 2.5746925e+09 5e-22 5.9883252e-21 1.3131778e-28
3359177.6 3.9758388e+16 9.2639804e+09 2.5750509e+09 5e-22 5.9720501e-21 1.3424064e-28
3363469.3 3.9798146e+16 9.2603403e+09 2.5754103e+09 5e-22 5.9558202e-21 1.3717147e-28
3367767 3.9837944e+16 9.2566983e+09 2.5757708e+09 5e-22 5.9396352e-21 1.401103e-28
3372070.7 3.9877782e+16 9.2530544e+09 2.5761323e+09 5e-22 5.923495e-21 1.4305715e-28
3376380.4 3.991766e+16 9.2494087e+09 2.5764948e+09 5e-22 5.9073996e-21 1.4601203e-28
3380696.1 3.9957578e+16 9.245761e+09 2.5768584e+09 5e-22 5.8913488e-21 1.4897496e-28
3385017.8 3.9997535e+16 9.2421114e+09 2.5772231e+09 5e-22 5.8753425e-21 1.5194597e-28
3389345.5 4.0037533e+16 9.2384599e+09 2.5775889e+09 5e-22 5.8593806e-21 1.5492507e-28
3393679.3 4.007757e+16 9.2348064e+09 2.5779558e+09 5e-22 5.8434629e-21 1.5791229e-28
3398019.2 4.0117648e+16 9.231151e+09 2.5783239e+09 5e-22 5.8275893e-21 1.6090763e-28
3402365.1 4.0157766e+16 9.2274935e+09 2.578693e+09 5e-22 5.8117597e-21 1.6391114e-28
3406717 4.0197923e+16 9.2238341e+09 2.5790633e+09 5e-22 5.7959739e-21 1.6692282e-28
3411075.1 4.0238121e+16 9.2201727e+09 2.5794348e+09 5e-22 5.7802319e-21 1.6994269e-28
3415439.2 4.0278359e+16 9.2165092e+09 2.5798074e+09 5e-22 5.7645336e-21 1.7297078e-28
3419809.5 4.0318638e+16 9.2128438e+09 2.5801811e+09 5e-22 5.7488787e-21 1.760071e-28
3424185.8 4.0358956e+16 9.2091763e+09 2.580556e+09 5e-22 5.7332672e-21 1.7905168e-28
3428568.3 4.0399315e+16 9.2055067e+09 2.5809321e+09 5e-22 5.717699e-21 1.8210454e-28
3432956.9 4.0439715e+16 9.2018352e+09 2.5813093e+09 5e-22 5.7021739e-21 1.8516569e-28
3437351.6 4.0480154e+16 9.1981616e+09 2.5816877e+09 5e-22 5.6866918e-21 1.8823516e-28
3441752.5 4.0520635e+16 9.1944859e+09 2.5820673e+09 5e-22 5.6712527e-21 1.9131297e-28
3446159.6 4.0561155e+16 9.1908082e+09 2.5824481e+09 5e-22 5.6558563e-21 1.9439914e-28
3450572.8 4.0601716e+16 9.1871284e+09 2.5828301e+09 5e-22 5.6405025e-21 1.9749369e-28
3454992.2 4.0642318e+16 9.1834466e+09 2.5832132e+09 5e-22 5.6251914e-21 2.0059664e-28
3459417.8 4.068296e+16 9.1797627e+09 2.5835976e+09 5e-22 5.6099226e-21 2.0370801e-28
3463849.6 4.0723643e+16 9.1760767e+09 2.5839831e+09 5e-22 5.5946961e-21 2.0682782e-28
3468287.7 4.0764367e+16 9.1723886e+09 2.5843698e+09 5e-22 5.5795119e-21 2.099561e-28
3472731.9 4.0805131e+16 9.1686985e+09 2.5847577e+09 5e-22 5.5643697e-21 2.1309286e-28
3477182.4 4.0845937e+16 9.1650062e+09 2.5851468e+09 5e-22 5.5492695e-21 2.1623813e-28
3481639.1 4.0886782e+16 9.1613119e+09 2.5855371e+09 5e-22 5.5342111e-21 2.1939193e-28
3486102.1 4.0927669e+16 9.1576155e+09 2.5859286e+09 5e-22 5.5191944e-21 2.2255427e-28
3490571.4 4.0968597e+16 9.153917e+09 2.5863213e+09 5e-22 5.5042193e-21 2.2572519e-28
3495046.9 4.1009566e+16 9.1502164e+09 2.5867152e+09 5e-22 5.4892857e-21 2.2890469e-28
3499528.7 4.1050575e+16 9.1465136e+09 2.5871103e+09 5e-22 5.4743935e-21 2.3209281e-28
3504016.8 4.1091626e+16 9.1428088e+09 2.5875065e+09 5e-22 5.4595425e-21 2.3528957e-28
3508511.2 4.1132717e+16 9.1391019e+09 2.587904e+09 5e-22 5.4447327e-21 2.3849498e-28
3513012 4.117385e+16 9.1353929e+09 2.5883026e+09 5e-22 5.429964e-21 2.4170907e-28
3517519 4.1215024e+16 9.1316817e+09 2.5887025e+09 5e-22 5.4152361e-21 2.4493185e-28
3522032.4 4.1256239e+16 9.1279685e+09 2.5891036e+09 5e-22 5.400549e-21 2.4816336e-28
3526552.2 4.1297495e+16 9.1242531e+09 2.5895058e+09 5e-22 5.3859026e-21 2.5140362e-28
3531078.3 4.1338793e+16 9.1205356e+09 2.5899092e+09 5e-22 5.3712968e-21 2.5465263e-28
3535610.8 4.1380131e+16 9.116816e+09 2.5903139e+09 5e-22 5.3567315e-21 2.5791044e-28
3540149.7 4.1421512e+16 9.1130943e+09 2.5907197e+09 5e-22 5.3422065e-21 2.6117705e-28
3544695 4.1462933e+16 9.1093705e+09 2.5911267e+09 5e-22 5.3277217e-21 2.644525e-28
3549246.7 4.1504396e+16 9.1056445e+09 2.5915349e+09 5e-22 5.3132771e-21 2.6773679e-28
3553804.8 4.15459e+16 9.1019164e+09 2.5919443e+09 5e-22 5.2988725e-21 2.7102997e-28
3558369.3 4.1587446e+16 9.0981862e+09 2.5923549e+09 5e-22 5.2845078e-21 2.7433204e-28
3562940.2 4.1629034e+16 9.0944539e+09 2.5927666e+09 5e-22 5.2701828e-21 2.7764303e-28
3567517.6 4.1670663e+16 9.0907194e+09 2.5931796e+09 5e-22 5.2558976e-21 2.8096296e-28
3572101.5 4.1712333e+16 9.0869828e+09 2.5935937e+09 5e-22 5.2416519e-21 2.8429186e-28
3576691.9 4.1754046e+16 9.0832441e+09 2.594009e+09 5e-22 5.2274457e-21 2.8762975e-28
3581288.7 4.17958e+16 9.0795032e+09 2.5944255e+09 5e-22 5.2132788e-21 2.9097664e-28
3585892 4.1837596e+16 9.0757602e+09 2.5948432e+09 5e-22 5.1991512e-21 2.9433257e-28
3590501.8 4.1879433e+16 9.0720151e+09 2.5952621e+09 5e-22 5.1850627e-21 2.9769755e-28
3595118.1 4.1921313e+16 9.0682678e+09 2.5956821e+09 5e-22 5.1710132e-21 3.0107161e-28
3599741 4.1963234e+16 9.0645184e+09 2.5961033e+09 5e-22 5.1570026e-21 3.0445477e-28
3604370.4 4.2005197e+16 9.0607669e+09 2.5965257e+09 5e-22 5.1430309e-21 3.0784705e-28
3609006.3 4.2047202e+16 9.0570132e+09 2.5969493e+09 5e-22 5.1290978e-21 3.1124848e-28
3613648.8 4.208925e+16 9.0532574e+09 2.597374e+09 5e-22 5.1152033e-21 3.1465908e-28
3618297.9 4.2131339e+16 9.0494994e+09 2.5977999e+09 5e-22 5.1013473e-21 3.1807887e-28
3622953.6 4.217347e+16 9.0457393e+09 2.598227e+09 5e-22 5.0875297e-21 3.2150788e-28
3627615.8 4.2215644e+16 9.0419771e+09 2.5986552e+09 5e-22 5.0737504e-21 3.2494612e-28
3632284.7 4.2257859e+16 9.0382127e+09 2.5990846e+09 5e-22 5.0600092e-21 3.2839363e-28
3636960.1 4.2300117e+16 9.0344462e+09 2.5995152e+09 5e-22 5.046306e-21 3.3185042e-28
3641642.2 4.2342417e+16 9.0306775e+09 2.5999469e+09 5e-22 5.0326408e-21 3.3531652e-28
3646330.9 4.238476e+16 9.0269067e+09 2.6003798e+09 5e-22 5.0190135e-21 3.3879195e-28
3651026.3 4.2427144e+16 9.0231337e+09 2.6008138e+09 5e-22 5.0054239e-21 3.4227674e-28
3655728.4 4.2469572e+16 9.0193586e+09 2.601249e+09 5e-22 4.9918719e-21 3.457709e-28
3660437.1 4.2512041e+16 9.0155814e+09 2.6016854e+09 5e-22 4.9783575e-21 3.4927447e-28
3665152.5 4.2554553e+16 9.011802e+09 2.6021229e+09 5e-22 4.9648804e-21 3.5278746e-28
3669874.6 4.2597108e+16 9.0080204e+09 2.6025615e+09 5e-22 4.9514407e-21 3.563099e-28
3674603.4 4.2639705e+16 9.0042367e+09 2.6030013e+09 5e-22 4.9380383e-21 3.5984182e-28
3679338.9 4.2682345e+16 9.0004509e+09 2.6034423e+09 5e-22 4.9246729e-21 3.6338323e-28
3684081.1 4.2725027e+16 8.9966629e+09 2.6038844e+09 5e-22 4.9113445e-21 3.6693416e-28
3688830.1 4.2767752e+16 8.9928727e+09 2.6043276e+09 5e-22 4.8980531e-21 3.7049464e-28
3693585.9 4.281052e+16 8.9890804e+09 2.604772e+09 5e-22 4.8847984e-21 3.7406469e-28
3698348.4 4.285333e+16 8.985286e+09 2.6052175e+09 5e-22 4.8715804e-21 3.7764432e-28
3703117.6 4.2896184e+16 8.9814894e+09 2.6056642e+09 5e-22 4.8583991e-21 3.8123358e-28
3707893.7 4.293908e+16 8.9776906e+09 2.6061119e+09 5e-22 4.8452542e-21 3.8483248e-28
3712676.6 4.2982019e+16 8.9738897e+09 2.6065609e+09 5e-22 4.8321457e-21 3.8844104e-28
3717466.2 4.3025001e+16 8.9700867e+09 2.6070109e+09 5e-22 4.8190736e-21 3.9205929e-28
3722262.7 4.3068026e+16 8.9662815e+09 2.6074621e+09 5e-22 4.8060376e-21 3.9568726e-28
3727066.1 4.3111094e+16 8.9624741e+09 2.6079144e+09 5e-22 4.7930377e-21 3.9932497e-28
3731876.2 4.3154205e+16 8.9586646e+09 2.6083678e+09 5e-22 4.7800738e-21 4.0297244e-28
3736693.3 4.3197359e+16 8.9548529e+09 2.6088224e+09 5e-22 4.7671458e-21 4.0662969e-28
3741517.2 4.3240557e+16 8.951039e+09 2.609278e+09 5e-22 4.7542536e-21 4.1029676e-28
3746348 4.3283797e+16 8.9472231e+09 2.6097348e+09 5e-22 4.741397e-21 4.1397367e-28
3751185.7 4.3327081e+16 8.9434049e+09 2.6101927e+09 5e-22 4.7285761e-21 4.1766043e-28
3756030.2 4.3370408e+16 8.9395846e+09 2.6106517e+09 5e-22 4.7157907e-21 4.2135709e-28
3760881.7 4.3413778e+16 8.9357622e+09 2.6111119e+09 5e-22 4.7030406e-21 4.2506365e-28
3765740.2 4.3457192e+16 8.9319375e+09 2.6115731e+09 5e-22 4.6903259e-21 4.2878016e-28
3770605.5 4.3500649e+16 8.9281108e+09 2.6120354e+09 5e-22 4.6776463e-21 4.3250662e-28
3775477.9 4.354415e+16 8.9242818e+09 2.6124989e+09 5e-22 4.6650019e-21 4.3624307e-28
3780357.2 4.3587694e+16 8.9204507e+09 2.6129634e+09 5e-22 4.6523924e-21 4.3998953e-28
3785243.4 4.3631282e+16 8.9166175e+09 2.6134291e+09 5e-22 4.6398179e-21 4.4374603e-28
3790136.7 4.3674913e+16 8.9127821e+09 2.6138958e+09 5e-22 4.6272781e-21 4.4751259e-28
3795036.9 4.3718588e+16 8.9089445e+09 2.6143637e+09 5e-22 4.6147731e-21 4.5128924e-28
3799944.2 4.3762307e+16 8.9051048e+09 2.6148326e+09 5e-22 4.6023027e-21 4.5507601e-28
3804858.5 4.3806069e+16 8.9012629e+09 2.6153027e+09 5e-22 4.5898668e-21 4.5887291e-28
3809779.8 4.3849875e+16 8.8974189e+09 2.6157738e+09 5e-22 4.5774653e-21 4.6267997e-28
3814708.2 4.3893725e+16 8.8935727e+09 2.616246e+09 5e-22 4.5650982e-21 4.6649723e-28
3819643.7 4.3937619e+16 8.8897243e+09 2.6167193e+09 5e-22 4.5527652e-21 4.703247e-28
3824586.2 4.3981556e+16 8.8858738e+09 2.6171937e+09 5e-22 4.5404664e-21 4.7416241e-28
3829535.8 4.4025538e+16 8.8820211e+09 2.6176691e+09 5e-22 4.5282017e-21 4.7801039e-28
3834492.5 4.4069563e+16 8.8781663e+09 2.6181456e+09 5e-22 4.5159709e-21 4.8186866e-28
3839456.3 4.4113633e+16 8.8743093e+09 2.6186233e+09 5e-22 4.5037739e-21 4.8573725e-28
3844427.2 4.4157746e+16 8.8704501e+09 2.6191019e+09 5e-22 4.4916107e-21 4.8961618e-28
3849405.3 4.4201904e+16 8.8665888e+09 2.6195817e+09 5e-22 4.4794812e-21 4.9350549e-28
3854390.5 4.4246106e+16 8.8627253e+09 2.6200625e+09 5e-22 4.4673852e-21 4.9740519e-28
3859382.9 4.4290352e+16 8.8588597e+09 2.6205444e+09 5e-22 4.4553227e-21 5.0131532e-28
3864382.5 4.4334643e+16 8.8549919e+09 2.6210273e+09 5e-22 4.4432936e-21 5.0523589e-28
3869389.2 4.4378977e+16 8.8511219e+09 2.6215114e+09 5e-22 4.4312978e-21 5.0916695e-28
3874403.1 4.4423356e+16 8.8472498e+09 2.6219964e+09 5e-22 4.4193351e-21 5.131085e-28
3879424.3 4.446778e+16 8.8433755e+09 2.6224826e+09 5e-22 4.4074056e-21 5.1706058e-28
3884452.7 4.4512247e+16 8.839499e+09 2.6229697e+09 5e-22 4.3955091e-21 5.2102322e-28
3889488.3 4.455676e+16 8.8356204e+09 2.623458e+09 5e-22 4.3836455e-21 5.2499644e-28
3894531.1 4.4601316e+16 8.8317396e+09 2.6239472e+09 5e-22 4.3718147e-21 5.2898027e-28
3899581.2 4.4645918e+16 8.8278567e+09 2.6244376e+09 5e-22 4.3600167e-21 5.3297474e-28
3904638.6 4.4690564e+16 8.8239716e+09 2.6249289e+09 5e-22 4.3482513e-21 5.3697987e-28
3909703.3 4.4735254e+16 8.8200843e+09 2.6254214e+09 5e-22 4.3365185e-21 5.4099569e-28
3914775.3 4.4779989e+16 8.8161949e+09 2.6259148e+09 5e-22 4.3248181e-21 5.4502222e-28
3919854.6 4.4824769e+16 8.8123033e+09 2.6264093e+09 5e-22 4.3131501e-21 5.490595e-28
3924941.2 4.4869594e+16 8.8084096e+09 2.6269048e+09 5e-22 4.3015144e-21 5.5310755e-28
3930035.1 4.4914464e+16 8.8045137e+09 2.6274014e+09 5e-22 4.2899108e-21 5.571664e-28
3935136.4 4.4959378e+16 8.8006156e+09 2.627899e+09 5e-22 4.2783394e-21 5.6123607e-28
3940245.1 4.5004338e+16 8.7967154e+09 2.6283976e+09 5e-22 4.2668e-21 5.6531659e-28
3945361.1 4.5049342e+16 8.792813e+09 2.6288972e+09 5e-22 4.2552925e-21 5.69408e-28
3950484.6 4.5094391e+16 8.7889084e+09 2.6293979e+09 5e-22 4.2438169e-21 5.7351031e-28
3955615.4 4.5139486e+16 8.7850017e+09 2.6298996e+09 5e-22 4.232373e-21 5.7762356e-28
3960753.6 4.5184625e+16 8.7810929e+09 2.6304023e+09 5e-22 4.2209607e-21 5.8174777e-28
3965899.3 4.522981e+16 8.7771818e+09 2.630906e+09 5e-22 4.2095801e-21 5.8588297e-28
3971052.4 4.527504e+16 8.7732686e+09 2.6314107e+09 5e-22 4.1982309e-21 5.9002918e-28
3976213 4.5320315e+16 8.7693533e+09 2.6319164e+09 5e-22 4.1869131e-21 5.9418645e-28
3981381 4.5365635e+16 8.7654357e+09 2.6324232e+09 5e-22 4.1756266e-21 5.9835479e-28
3986556.5 4.5411001e+16 8.7615161e+09 2.6329309e+09 5e-22 4.1643713e-21 6.0253423e-28
3991739.5 4.5456412e+16 8.7575942e+09 2.6334397e+09 5e-22 4.1531472e-21 6.067248e-28
3996930 4.5501868e+16 8.7536702e+09 2.6339494e+09 5e-22 4.1419541e-21 6.1092652e-28
4002128.1 4.554737e+16 8.7497441e+09 2.6344602e+09 5e-22 4.130792e-21 6.1513944e-28
4007333.6 4.5592917e+16 8.7458158e+09 2.6349719e+09 5e-22 4.1196607e-21 6.1936357e-28
4012546.8 4.563851e+16 8.7418853e+09 2.6354846e+09 5e-22 4.1085602e-21 6.2359894e-28
4017767.4 4.5684149e+16 8.7379526e+09 2.6359984e+09 5e-22 4.0974905e-21 6.2784558e-28
4022995.7 4.5729833e+16 8.7340178e+09 2.6365131e+09 5e-22 4.0864513e-21 6.3210353e-28
4028231.5 4.5775563e+16 8.7300809e+09 2.6370287e+09 5e-22 4.0754427e-21 6.363728e-28
4033474.9 4.5821338e+16 8.7261418e+09 2.6375454e+09 5e-22 4.0644645e-21 6.4065343e-28
4038726 4.586716e+16 8.7222005e+09 2.6380631e+09 5e-22 4.0535167e-21 6.4494545e-28
4043984.6 4.5913027e+16 8.718257e+09 2.6385817e+09 5e-22 4.0425992e-21 6.4924888e-28
4049251 4.595894e+16 8.7143114e+09 2.6391013e+09 5e-22 4.0317118e-21 6.5356375e-28
4054524.9 4.6004899e+16 8.7103637e+09 2.6396218e+09 5e-22 4.0208546e-21 6.578901e-28
4059806.5 4.6050904e+16 8.7064138e+09 2.6401434e+09 5e-22 4.0100274e-21 6.6222795e-28
4065095.9 4.6096954e+16 8.7024617e+09 2.6406659e+09 5e-22 3.9992301e-21 6.6657733e-28
4070392.9 4.6143051e+16 8.6985075e+09 2.6411893e+09 5e-22 3.9884627e-21 6.7093827e-28
4075697.6 4.6189194e+16 8.6945511e+09 2.6417138e+09 5e-22 3.9777251e-21 6.753108e-28
4081010 4.6235384e+16 8.6905925e+09 2.6422391e+09 5e-22 3.9670171e-21 6.7969494e-28
4086330.2 4.6281619e+16 8.6866318e+09 2.6427655e+09 5e-22 3.9563388e-21 6.8409074e-28
4091658.1 4.6327901e+16 8.682669e+09 2.6432928e+09 5e-22 3.94569e-21 6.8849821e-28
4096993.7 4.6374229e+16 8.678704e+09 2.643821e+09 5e-22 3.9350706e-21 6.9291739e-28
4102337.2 4.6420603e+16 8.6747368e+09 2.6443502e+09 5e-22 3.9244806e-21 6.9734831e-28
4107688.4 4.6467023e+16 8.6707675e+09 2.6448803e+09 5e-22 3.9139199e-21 7.01791e-28
4113047.5 4.651349e+16 8.666796e+09 2.6454114e+09 5e-22 3.9033884e-21 7.0624548e-28
4118414.3 4.6560004e+16 8.6628224e+09 2.6459434e+09 5e-22 3.8928859e-21 7.1071178e-28
4123789 4.6606564e+16 8.6588466e+09 2.6464763e+09 5e-22 3.8824126e-21 7.1518995e-28
4129171.6 4.665317e+16 8.6548686e+09 2.6470102e+09 5e-22 3.8719681e-21 7.1968e-28
4134562 4.6699824e+16 8.6508885e+09 2.647545e+09 5e-22 3.8615526e-21 7.2418196e-28
4139960.2 4.6746523e+16 8.6469063e+09 2.6480807e+09 5e-22 3.8511659e-21 7.2869588e-28
4145366.4 4.679327e+16 8.6429219e+09 2.6486174e+09 5e-22 3.8408078e-21 7.3322177e-28
4150780.4 4.6840063e+16 8.6389353e+09 2.649155e+09 5e-22 3.8304784e-21 7.3775967e-28
4156202.4 4.6886903e+16 8.6349466e+09 2.6496934e+09 5e-22 3.8201776e-21 7.423096e-28
4161632.3 4.693379e+16 8.6309557e+09 2.6502329e+09 5e-22 3.8099052e-21 7.468716e-28
4167070.2 4.6980724e+16 8.6269627e+09 2.6507732e+09 5e-22 3.7996612e-21 7.5144571e-28
4172516 4.7027705e+16 8.6229676e+09 2.6513144e+09 5e-22 3.7894455e-21 7.5603194e-28
4177969.7 4.7074732e+16 8.6189702e+09 2.6518566e+09 5e-22 3.7792581e-21 7.6063033e-28
4183431.5 4.7121807e+16 8.6149708e+09 2.6523996e+09 5e-22 3.7690989e-21 7.6524092e-28
4188901.3 4.7168929e+16 8.6109692e+09 2.6529436e+09 5e-22 3.7589677e-21 7.6986372e-28
4194379 4.7216098e+16 8.6069654e+09 2.6534884e+09 5e-22 3.7488645e-21 7.7449878e-28
4199864.8 4.7263314e+16 8.6029595e+09 2.6540341e+09 5e-22 3.7387892e-21 7.7914612e-28
4205358.7 4.7310577e+16 8.5989514e+09 2.6545808e+09 5e-22 3.7287418e-21 7.8380578e-28
4210860.6 4.7357888e+16 8.5949412e+09 2.6551283e+09 5e-22 3.7187221e-21 7.8847779e-28
4216370.5 4.7405246e+16 8.5909288e+09 2.6556767e+09 5e-22 3.7087302e-21 7.9316217e-28
4221888.6 4.7452651e+16 8.5869143e+09 2.656226e+09 5e-22 3.6987658e-21 7.9785897e-28
4227414.8 4.7500104e+16 8.5828977e+09 2.6567762e+09 5e-22 3.688829e-21 8.025682e-28
4232949 4.7547604e+16 8.5788789e+09 2.6573273e+09 5e-22 3.6789197e-21 8.0728991e-28
4238491.4 4.7595151e+16 8.5748579e+09 2.6578792e+09 5e-22 3.6690377e-21 8.1202412e-28
4244042 4.7642747e+16 8.5708348e+09 2.658432e+09 5e-22 3.6591831e-21 8.1677087e-28
4249600.7 4.7690389e+16 8.5668096e+09 2.6589857e+09 5e-22 3.6493557e-21 8.2153018e-28
4255167.6 4.773808e+16 8.5627822e+09 2.6595403e+09 5e-22 3.6395554e-21 8.263021e-28
4260742.6 4.7785818e+16 8.5587527e+09 2.6600957e+09 5e-22 3.6297822e-21 8.3108664e-28
4266325.9 4.7833604e+16 8.554721e+09 2.660652e+09 5e-22 3.620036e-21 8.3588386e-28
4271917.4 4.7881437e+16 8.5506872e+09 2.6612091e+09 5e-22 3.6103168e-21 8.4069376e-28
4277517.1 4.7929319e+16 8.5466512e+09 2.6617671e+09 5e-22 3.6006244e-21 8.455164e-28
4283125.1 4.7977248e+16 8.5426132e+09 2.6623259e+09 5e-22 3.5909587e-21 8.5035179e-28
4288741.3 4.8025225e+16 8.5385729e+09 2.6628856e+09 5e-22 3.5813198e-21 8.5519998e-28
4294365.8 4.807325e+16 8.5345305e+09 2.6634462e+09 5e-22 3.5717075e-21 8.60061e-28
4299998.6 4.8121324e+16 8.530486e+09 2.6640076e+09 5e-22 3.5621218e-21 8.6493487e-28
4305639.7 4.8169445e+16 8.5264394e+09 2.6645698e+09 5e-22 3.5525626e-21 8.6982163e-28
4311289.1 4.8217614e+16 8.5223906e+09 2.6651329e+09 5e-22 3.5430297e-21 8.7472132e-28
4316946.9 4.8265832e+16 8.5183397e+09 2.6656968e+09 5e-22 3.5335232e-21 8.7963396e-28
4322613 4.8314098e+16 8.5142866e+09 2.6662615e+09 5e-22 3.524043e-21 8.845596e-28
4328287.5 4.8362412e+16 8.5102314e+09 2.666827e+09 5e-22 3.5145889e-21 8.8949825e-28
4333970.3 4.8410774e+16 8.5061741e+09 2.6673934e+09 5e-22 3.505161e-21 8.9444996e-28
4339661.6 4.8459185e+16 8.5021146e+09 2.6679606e+09 5e-22 3.4957591e-21 8.9941476e-28
4345361.2 4.8507644e+16 8.498053e+09 2.6685287e+09 5e-22 3.4863831e-21 9.0439268e-28
4351069.3 4.8556152e+16 8.4939892e+09 2.6690975e+09 5e-22 3.4770331e-21 9.0938376e-28
4356785.8 4.8604708e+16 8.4899234e+09 2.6696672e+09 5e-22 3.4677089e-21 9.1438803e-28
4362510.8 4.8653313e+16 8.4858554e+09 2.6702377e+09 5e-22 3.4584104e-21 9.1940552e-28
4368244.3 4.8701966e+16 8.4817852e+09 2.670809e+09 5e-22 3.4491377e-21 9.2443626e-28
4373986.2 4.8750668e+16 8.4777129e+09 2.671381e+09 5e-22 3.4398905e-21 9.294803e-28
4379736.7 4.8799419e+16 8.4736386e+09 2.6719539e+09 5e-22 3.4306689e-21 9.3453766e-28
4385495.7 4.8848218e+16 8.469562e+09 2.6725276e+09 5e-22 3.4214727e-21 9.3960837e-28
4391263.2 4.8897066e+16 8.4654834e+09 2.6731021e+09 5e-22 3.412302e-21 9.4469248e-28
4397039.2 4.8945964e+16 8.4614026e+09 2.6736774e+09 5e-22 3.4031565e-21 9.4979002e-28
4402823.8 4.8994909e+16 8.4573197e+09 2.6742534e+09 5e-22 3.3940364e-21 9.5490101e-28
4408617 4.9043904e+16 8.4532346e+09 2.6748303e+09 5e-22 3.3849414e-21 9.600255e-28
4414418.8 4.9092948e+16 8.4491475e+09 2.6754079e+09 5e-22 3.3758715e-21 9.6516351e-28
4420229.2 4.9142041e+16 8.4450582e+09 2.6759864e+09 5e-22 3.3668266e-21 9.7031509e-28
4426048.2 4.9191183e+16 8.4409668e+09 2.6765656e+09 5e-22 3.3578068e-21 9.7548027e-28
4431875.9 4.9240374e+16 8.4368732e+09 2.6771455e+09 5e-22 3.3488118e-21 9.8065908e-28
4437712.3 4.9289615e+16 8.4327776e+09 2.6777263e+09 5e-22 3.3398417e-21 9.8585155e-28
4443557.3 4.9338904e+16 8.4286798e+09 2.6783078e+09 5e-22 3.3308964e-21 9.9105773e-28
4449410.9 4.9388243e+16 8.4245799e+09 2.67889e+09 5e-22 3.3219757e-21 9.9627764e-28
4455273.3 4.9437632e+16 8.4204779e+09 2.6794731e+09 5e-22 3.3130797e-21 1.0015113e-27
4461144.5 4.9487069e+16 8.4163738e+09 2.6800569e+09 5e-22 3.3042082e-21 1.0067588e-27
4467024.3 4.9536556e+16 8.4122675e+09 2.6806414e+09 5e-22 3.2953612e-21 1.0120202e-27
4472912.9 4.9586093e+16 8.4081591e+09 2.6812267e+09 5e-22 3.2865387e-21 1.0172954e-27
4478810.3 4.9635679e+16 8.4040486e+09 2.6818128e+09 5e-22 3.2777405e-21 1.0225845e-27
4484716.5 4.9685315e+16 8.399936e+09 2.6823996e+09 5e-22 3.2689666e-21 1.0278876e-27
4490631.4 4.9735e+16 8.3958213e+09 2.6829871e+09 5e-22 3.2602169e-21 1.0332046e-27
4496555.2 4.9784735e+16 8.3917045e+09 2.6835754e+09 5e-22 3.2514914e-21 1.0385357e-27
4502487.8 4.983452e+16 8.3875855e+09 2.6841644e+09 5e-22 3.2427899e-21 1.0438808e-27
4508429.3 4.9884354e+16 8.3834645e+09 2.6847541e+09 5e-22 3.2341125e-21 1.04924e-27
4514379.6 4.9934239e+16 8.3793413e+09 2.6853446e+09 5e-22 3.225459e-21 1.0546134e-27
4520338.8 4.9984173e+16 8.3752161e+09 2.6859358e+09 5e-22 3.2168294e-21 1.0600009e-27
4526306.9 5.0034157e+16 8.3710887e+09 2.6865278e+09 5e-22 3.2082236e-21 1.0654026e-27
4532283.9 5.0084191e+16 8.3669592e+09 2.6871204e+09 5e-22 3.1996416e-21 1.0708186e-27
4538269.9 5.0134275e+16 8.3628276e+09 2.6877138e+09 5e-22 3.1910832e-21 1.0762488e-27
4544264.8 5.018441e+16 8.3586939e+09 2.6883078e+09 5e-22 3.1825485e-21 1.0816933e-27
4550268.7 5.0234594e+16 8.3545581e+09 2.6889026e+09 5e-22 3.1740373e-21 1.0871522e-27
4556281.5 5.0284829e+16 8.3504201e+09 2.6894981e+09 5e-22 3.1655497e-21 1.0926254e-27
4562303.3 5.0335113e+16 8.3462801e+09 2.6900943e+09 5e-22 3.1570854e-21 1.0981131e-27
4568334.2 5.0385449e+16 8.342138e+09 2.6906912e+09 5e-22 3.1486445e-21 1.1036152e-27
4574374 5.0435834e+16 8.3379938e+09 2.6912888e+09 5e-22 3.1402269e-21 1.1091318e-27
4580423 5.048627e+16 8.3338475e+09 2.6918871e+09 5e-22 3.1318325e-21 1.1146629e-27
4586480.9 5.0536756e+16 8.329699e+09 2.6924861e+09 5e-22 3.1234613e-21 1.1202086e-27
4592548 5.0587293e+16 8.3255485e+09 2.6930858e+09 5e-22 3.1151131e-21 1.1257689e-27
4598624.1 5.063788e+16 8.3213959e+09 2.6936861e+09 5e-22 3.1067881e-21 1.1313439e-27
4604709.4 5.0688518e+16 8.3172412e+09 2.6942872e+09 5e-22 3.0984859e-21 1.1369335e-27
4610803.8 5.0739207e+16 8.3130844e+09 2.6948889e+09 5e-22 3.0902067e-21 1.1425379e-27
4616907.3 5.0789946e+16 8.3089255e+09 2.6954913e+09 5e-22 3.0819503e-21 1.148157e-27
4623020 5.0840736e+16 8.3047645e+09 2.6960943e+09 5e-22 3.0737167e-21 1.1537908e-27
4629141.9 5.0891576e+16 8.3006014e+09 2.696698e+09 5e-22 3.0655058e-21 1.1594395e-27
4635273 5.0942468e+16 8.2964363e+09 2.6973024e+09 5e-22 3.0573176e-21 1.1651031e-27
4641413.3 5.099341e+16 8.292269e+09 2.6979075e+09 5e-22 3.049152e-21 1.1707816e-27
4647562.8 5.1044404e+16 8.2880996e+09 2.6985132e+09 5e-22 3.0410088e-21 1.176475e-27
4653721.5 5.1095448e+16 8.2839282e+09 2.6991196e+09 5e-22 3.0328882e-21 1.1821834e-27
4659889.5 5.1146544e+16 8.2797547e+09 2.6997266e+09 5e-22 3.0247899e-21 1.1879068e-27
4666066.9 5.119769e+16 8.2755791e+09 2.7003342e+09 5e-22 3.016714e-21 1.1936453e-27
4672253.4 5.1248888e+16 8.2714014e+09 2.7009425e+09 5e-22 3.0086603e-21 1.1993989e-27
4678449.4 5.1300137e+16 8.2672216e+09 2.7015515e+09 5e-22 3.0006289e-21 1.2051676e-27
4684654.6 5.1351437e+16 8.2630398e+09 2.7021611e+09 5e-22 2.9926196e-21 1.2109515e-27
4690869.2 5.1402788e+16 8.2588558e+09 2.7027713e+09 5e-22 2.9846324e-21 1.2167505e-27
4697093.2 5.1454191e+16 8.2546698e+09 2.7033821e+09 5e-22 2.9766672e-21 1.2225649e-27
4703326.5 5.1505645e+16 8.2504817e+09 2.7039936e+09 5e-22 2.968724e-21 1.2283945e-27
4709569.2 5.1557151e+16 8.2462916e+09 2.7046057e+09 5e-22 2.9608027e-21 1.2342395e-27
4715821.4 5.1608708e+16 8.2420993e+09 2.7052184e+09 5e-22 2.9529033e-21 1.2400998e-27
4722083 5.1660317e+16 8.237905e+09 2.7058317e+09 5e-22 2.9450256e-21 1.2459755e-27
4728354.1 5.1711977e+16 8.2337086e+09 2.7064457e+09 5e-22 2.9371697e-21 1.2518667e-27
4734634.6 5.1763689e+16 8.2295102e+09 2.7070603e+09 5e-22 2.9293354e-21 1.2577733e-27
4740924.6 5.1815453e+16 8.2253097e+09 2.7076754e+09 5e-22 2.9215227e-21 1.2636955e-27
4747224.1 5.1867268e+16 8.2211071e+09 2.7082912e+09 5e-22 2.9137315e-21 1.2696333e-27
4753533.1 5.1919136e+16 8.2169024e+09 2.7089075e+09 5e-22 2.9059619e-21 1.2755866e-27
4759851.7 5.1971055e+16 8.2126957e+09 2.7095245e+09 5e-22 2.8982136e-21 1.2815556e-27
4766179.9 5.2023026e+16 8.2084869e+09 2.7101421e+09 5e-22 2.8904867e-21 1.2875403e-27
4772517.6 5.2075049e+16 8.204276e+09 2.7107602e+09 5e-22 2.8827811e-21 1.2935407e-27
4778864.9 5.2127124e+16 8.2000631e+09 2.7113789e+09 5e-22 2.8750968e-21 1.2995569e-27
4785221.8 5.2179251e+16 8.1958481e+09 2.7119982e+09 5e-22 2.8674336e-21 1.3055889e-27
4791588.3 5.223143e+16 8.1916311e+09 2.7126181e+09 5e-22 2.8597916e-21 1.3116367e-27
4797964.5 5.2283662e+16 8.187412e+09 2.7132386e+09 5e-22 2.8521706e-21 1.3177004e-27
4804350.4 5.2335945e+16 8.1831908e+09 2.7138596e+09 5e-22 2.8445707e-21 1.32378e-27
4810745.9 5.2388281e+16 8.1789676e+09 2.7144812e+09 5e-22 2.8369917e-21 1.3298756e-27
4817151.2 5.244067e+16 8.1747424e+09 2.7151034e+09 5e-22 2.8294335e-21 1.3359873e-27
4823566.1 5.249311e+16 8.1705151e+09 2.7157261e+09 5e-22 2.8218963e-21 1.3421149e-27
4829990.8 5.2545603e+16 8.1662857e+09 2.7163494e+09 5e-22 2.8143797e-21 1.3482587e-27
4836425.3 5.2598149e+16 8.1620543e+09 2.7169733e+09 5e-22 2.8068839e-21 1.3544186e-27
4842869.5 5.2650747e+16 8.1578208e+09 2.7175976e+09 5e-22 2.7994088e-21 1.3605946e-27
4849323.5 5.2703398e+16 8.1535853e+09 2.7182226e+09 5e-22 2.7919542e-21 1.3667869e-27
4855787.4 5.2756101e+16 8.1493478e+09 2.7188481e+09 5e-22 2.7845202e-21 1.3729954e-27
4862261 5.2808857e+16 8.1451082e+09 2.7194741e+09 5e-22 2.7771067e-21 1.3792203e-27
4868744.5 5.2861666e+16 8.1408665e+09 2.7201006e+09 5e-22 2.7697136e-21 1.3854614e-27
4875237.9 5.2914528e+16 8.1366228e+09 2.7207277e+09 5e-22 2.7623409e-21 1.391719e-27
4881741.2 5.2967442e+16 8.1323771e+09 2.7213553e+09 5e-22 2.7549885e-21 1.397993e-27
4888254.3 5.302041e+16 8.1281293e+09 2.7219835e+09 5e-22 2.7476564e-21 1.4042834e-27
4894777.4 5.307343e+16 8.1238795e+09 2.7226121e+09 5e-22 2.7403444e-21 1.4105904e-27
4901310.4 5.3126504e+16 8.1196277e+09 2.7232413e+09 5e-22 2.7330526e-21 1.4169139e-27
4907853.4 5.317963e+16 8.1153738e+09 2.723871e+09 5e-22 2.7257809e-21 1.423254e-27
4914406.3 5.323281e+16 8.1111179e+09 2.7245012e+09 5e-22 2.7185292e-21 1.4296107e-27
4920969.3 5.3286043e+16 8.10686e+09 2.7251319e+09 5e-22 2.7112975e-21 1.4359841e-27
4927542.2 5.3339329e+16 8.1026001e+09 2.7257631e+09 5e-22 2.7040858e-21 1.4423742e-27
4934125.2 5.3392668e+16 8.0983381e+09 2.7263948e+09 5e-22 2.6968939e-21 1.4487811e-27
4940718.3 5.3446061e+16 8.0940741e+09 2.7270271e+09 5e-22 2.6897218e-21 1.4552048e-27
4947321.4 5.3499507e+16 8.089808e+09 2.7276598e+09 5e-22 2.6825694e-21 1.4616454e-27
4953934.6 5.3553006e+16 8.08554e+09 2.7282929e+09 5e-22 2.6754368e-21 1.4681028e-27
4960557.9 5.3606559e+16 8.0812699e+09 2.7289266e+09 5e-22 2.6683238e-21 1.4745772e-27
4967191.3 5.3660166e+16 8.0769978e+09 2.7295608e+09 5e-22 2.6612304e-21 1.4810686e-27
4973834.9 5.3713826e+16 8.0727237e+09 2.7301954e+09 5e-22 2.6541565e-21 1.487577e-27
4980488.6 5.376754e+16 8.0684475e+09 2.7308305e+09 5e-22 2.6471021e-21 1.4941024e-27
4987152.6 5.3821307e+16 8.0641694e+09 2.7314661e+09 5e-22 2.6400671e-21 1.500645e-27
4993826.7 5.3875129e+16 8.0598892e+09 2.7321021e+09 5e-22 2.6330516e-21 1.5072047e-27
5000511 5.3929004e+16 8.0556071e+09 2.7327386e+09 5e-22 2.6260553e-21 1.5137816e-27
5007205.6 5.3982933e+16 8.0513229e+09 2.7333756e+09 5e-22 2.6190783e-21 1.5203758e-27
5013910.5 5.4036916e+16 8.0470367e+09 2.734013e+09 5e-22 2.6121205e-21 1.5269872e-27
5020625.6 5.4090953e+16 8.0427485e+09 2.7346509e+09 5e-22 2.6051819e-21 1.533616e-27
5027351 5.4145044e+16 8.0384583e+09 2.7352892e+09 5e-22 2.5982623e-21 1.5402622e-27
5034086.8 5.4199189e+16 8.0341661e+09 2.735928e+09 5e-22 2.5913619e-21 1.5469257e-27
5040832.9 5.4253388e+16 8.0298719e+09 2.7365672e+09 5e-22 2.5844804e-21 1.5536068e-27
5047589.3 5.4307641e+16 8.0255757e+09 2.7372068e+09 5e-22 2.5776178e-21 1.5603053e-27
5054356.2 5.4361949e+16 8.0212775e+09 2.7378469e+09 5e-22 2.5707742e-21 1.5670215e-27
5061133.4 5.4416311e+16 8.0169773e+09 2.7384874e+09 5e-22 2.5639494e-21 1.5737552e-27
5067921 5.4470727e+16 8.0126751e+09 2.7391283e+09 5e-22 2.5571434e-21 1.5805065e-27
5074719.1 5.4525198e+16 8.0083709e+09 2.7397696e+09 5e-22 2.5503561e-21 1.5872756e-27
5081527.6 5.4579723e+16 8.0040647e+09 2.7404114e+09 5e-22 2.5435875e-21 1.5940624e-27
5088346.6 5.4634303e+16 7.9997565e+09 2.7410536e+09 5e-22 2.5368376e-21 1.6008669e-27
5095176.1 5.4688937e+16 7.9954464e+09 2.7416962e+09 5e-22 2.5301062e-21 1.6076893e-27
5102016.1 5.4743626e+16 7.9911342e+09 2.7423392e+09 5e-22 2.5233933e-21 1.6145296e-27
5108866.7 5.479837e+16 7.9868201e+09 2.7429826e+09 5e-22 2.5166989e-21 1.6213878e-27
5115727.8 5.4853168e+16 7.982504e+09 2.7436263e+09 5e-22 2.510023e-21 1.628264e-27
5122599.4 5.4908021e+16 7.9781859e+09 2.7442705e+09 5e-22 2.5033654e-21 1.6351581e-27
5129481.7 5.4962929e+16 7.9738658e+09 2.7449151e+09 5e-22 2.4967261e-21 1.6420704e-27
5136374.6 5.5017892e+16 7.9695438e+09 2.7455601e+09 5e-22 2.4901051e-21 1.6490007e-27
5143278.1 5.507291e+16 7.9652198e+09 2.7462054e+09 5e-22 2.4835024e-21 1.6559492e-27
5150192.3 5.5127983e+16 7.9608938e+09 2.7468511e+09 5e-22 2.4769178e-21 1.6629159e-27
5157117.1 5.5183111e+16 7.9565658e+09 2.7474972e+09 5e-22 2.4703513e-21 1.6699008e-27
5164052.7 5.5238294e+16 7.9522359e+09 2.7481437e+09 5e-22 2.4638029e-21 1.676904e-27
5170998.9 5.5293532e+16 7.947904e+09 2.7487906e+09 5e-22 2.4572725e-21 1.6839256e-27
5177955.9 5.5348826e+16 7.9435701e+09 2.7494378e+09 5e-22 2.45076e-21 1.6909655e-27
5184923.7 5.5404175e+16 7.9392343e+09 2.7500853e+09 5e-22 2.4442655e-21 1.6980239e-27
5191902.2 5.5459579e+16 7.9348965e+09 2.7507332e+09 5e-22 2.4377889e-21 1.7051008e-27
5198891.5 5.5515038e+16 7.9305568e+09 2.7513815e+09 5e-22 2.43133e-21 1.7121962e-27
5205891.7 5.5570553e+16 7.9262151e+09 2.7520301e+09 5e-22 2.424889e-21 1.7193102e-27
5212902.7 5.5626124e+16 7.9218714e+09 2.7526791e+09 5e-22 2.4184656e-21 1.7264428e-27
5219924.5 5.568175e+16 7.9175258e+09 2.7533284e+09 5e-22 2.4120599e-21 1.733594e-27
5226957.2 5.5737432e+16 7.9131782e+09 2.753978e+09 5e-22 2.4056719e-21 1.740764e-27
5234000.8 5.5793169e+16 7.9088287e+09 2.754628e+09 5e-22 2.3993014e-21 1.7479528e-27
5241055.4 5.5848962e+16 7.9044772e+09 2.7552783e+09 5e-22 2.3929484e-21 1.7551604e-27
5248120.9 5.5904811e+16 7.9001238e+09 2.7559289e+09 5e-22 2.3866129e-21 1.7623868e-27
5255197.3 5.5960716e+16 7.8957685e+09 2.7565799e+09 5e-22 2.3802949e-21 1.7696322e-27
5262284.7 5.6016677e+16 7.8914112e+09 2.7572311e+09 5e-22 2.3739942e-21 1.7768965e-27
5269383.2 5.6072694e+16 7.8870519e+09 2.7578827e+09 5e-22 2.3677108e-21 1.7841798e-27
5276492.6 5.6128766e+16 7.8826907e+09 2.7585346e+09 5e-22 2.3614447e-21 1.7914822e-27
5283613.1 5.6184895e+16 7.8783276e+09 2.7591867e+09 5e-22 2.3551959e-21 1.7988037e-27
5290744.7 5.624108e+16 7.8739626e+09 2.7598392e+09 5e-22 2.3489642e-21 1.8061444e-27
5297887.4 5.6297321e+16 7.8695956e+09 2.760492e+09 5e-22 2.3427496e-21 1.8135042e-27
5305041.2 5.6353618e+16 7.8652267e+09 2.7611451e+09 5e-22 2.3365522e-21 1.8208833e-27
5312206.1 5.6409972e+16 7.8608559e+09 2.7617984e+09 5e-22 2.3303718e-21 1.8282818e-27
5319382.1 5.6466382e+16 7.8564831e+09 2.7624521e+09 5e-22 2.3242083e-21 1.8356996e-27
5326569.4 5.6522848e+16 7.8521084e+09 2.763106e+09 5e-22 2.3180619e-21 1.8431368e-27
5333767.8 5.6579371e+16 7.8477318e+09 2.7637602e+09 5e-22 2.3119323e-21 1.8505934e-27
5340977.4 5.6635951e+16 7.8433533e+09 2.7644147e+09 5e-22 2.3058196e-21 1.8580696e-27
5348198.3 5.6692587e+16 7.8389728e+09 2.7650694e+09 5e-22 2.2997236e-21 1.8655653e-27
5355430.5 5.6749279e+16 7.8345905e+09 2.7657244e+09 5e-22 2.2936445e-21 1.8730807e-27
5362673.9 5.6806028e+16 7.8302062e+09 2.7663797e+09 5e-22 2.287582e-21 1.8806156e-27
5369928.6 5.6862834e+16 7.82582e+09 2.7670352e+09 5e-22 2.2815362e-21 1.8881704e-27
5377194.7 5.6919697e+16 7.8214319e+09 2.767691e+09 5e-22 2.275507e-21 1.8957448e-27
5384472.1 5.6976617e+16 7.8170419e+09 2.768347e+09 5e-22 2.2694944e-21 1.9033391e-27
5391760.9 5.7033594e+16 7.81265e+09 2.7690033e+09 5e-22 2.2634983e-21 1.9109532e-27
5399061 5.7090627e+16 7.8082562e+09 2.7696598e+09 5e-22 2.2575187e-21 1.9185873e-27
5406372.6 5.7147718e+16 7.8038605e+09 2.7703165e+09 5e-22 2.2515555e-21 1.9262413e-27
5413695.6 5.7204866e+16 7.7994629e+09 2.7709735e+09 5e-22 2.2456087e-21 1.9339153e-27
5421030.1 5.726207e+16 7.7950634e+09 2.7716307e+09 5e-22 2.2396783e-21 1.9416094e-27
5428376 5.7319332e+16 7.7906621e+09 2.7722881e+09 5e-22 2.2337641e-21 1.9493236e-27
5435733.4 5.7376652e+16 7.7862588e+09 2.7729458e+09 5e-22 2.2278662e-21 1.957058e-27
5443102.4 5.7434028e+16 7.7818536e+09 2.7736036e+09 5e-22 2.2219845e-21 1.9648127e-27
5450482.9 5.7491462e+16 7.7774465e+09 2.7742617e+09 5e-22 2.216119e-21 1.9725876e-27
5457875 5.7548954e+16 7.7730376e+09 2.77492e+09 5e-22 2.2102695e-21 1.9803828e-27
5465278.6 5.7606503e+16 7.7686268e+09 2.7755785e+09 5e-22 2.2044362e-21 1.9881984e-27
5472693.9 5.7664109e+16 7.7642141e+09 2.7762371e+09 5e-22 2.1986188e-21 1.9960344e-27
5480120.8 5.7721774e+16 7.7597995e+09 2.776896e+09 5e-22 2.1928175e-21 2.003891e-27
5487559.4 5.7779495e+16 7.7553831e+09 2.7775551e+09 5e-22 2.1870321e-21 2.011768e-27
5495009.6 5.7837275e+16 7.7509647e+09 2.7782143e+09 5e-22 2.1812625e-21 2.0196657e-27
5502471.6 5.7895112e+16 7.7465445e+09 2.7788737e+09 5e-22 2.1755088e-21 2.027584e-27
5509945.2 5.7953007e+16 7.7421225e+09 2.7795333e+09 5e-22 2.169771e-21 2.035523e-27
5517430.7 5.801096e+16 7.7376985e+09 2.7801931e+09 5e-22 2.1640488e-21 2.0434828e-27
5524927.8 5.8068971e+16 7.7332727e+09 2.7808531e+09 5e-22 2.1583424e-21 2.0514633e-27
5532436.8 5.812704e+16 7.7288451e+09 2.7815132e+09 5e-22 2.1526517e-21 2.0594648e-27
5539957.6 5.8185167e+16 7.7244156e+09 2.7821735e+09 5e-22 2.1469766e-21 2.0674871e-27
5547490.2 5.8243352e+16 7.7199842e+09 2.7828339e+09 5e-22 2.1413171e-21 2.0755304e-27
5555034.7 5.8301596e+16 7.715551e+09 2.7834945e+09 5e-22 2.1356731e-21 2.0835948e-27
5562591.1 5.8359897e+16 7.7111159e+09 2.7841552e+09 5e-22 2.1300446e-21 2.0916802e-27
5570159.4 5.8418257e+16 7.706679e+09 2.7848161e+09 5e-22 2.1244316e-21 2.0997867e-27
5577739.6 5.8476675e+16 7.7022402e+09 2.7854771e+09 5e-22 2.1188339e-21 2.1079145e-27
5585331.8 5.8535152e+16 7.6977996e+09 2.7861383e+09 5e-22 2.1132517e-21 2.1160634e-27
5592935.9 5.8593687e+16 7.6933571e+09 2.7867996e+09 5e-22 2.1076847e-21 2.1242337e-27
5600552.1 5.8652281e+16 7.6889128e+09 2.787461e+09 5e-22 2.1021331e-21 2.1324253e-27
5608180.2 5.8710933e+16 7.6844667e+09 2.7881225e+09 5e-22 2.0965967e-21 2.1406384e-27
5615820.4 5.8769644e+16 7.6800187e+09 2.7887842e+09 5e-22 2.0910755e-21 2.1488728e-27
5623472.7 5.8828414e+16 7.6755689e+09 2.7894459e+09 5e-22 2.0855694e-21 2.1571289e-27
5631137.1 5.8887242e+16 7.6711173e+09 2.7901078e+09 5e-22 2.0800785e-21 2.1654064e-27
5638813.6 5.8946129e+16 7.6666638e+09 2.7907698e+09 5e-22 2.0746026e-21 2.1737056e-27
5646502.2 5.9005076e+16 7.6622085e+09 2.7914319e+09 5e-22 2.0691417e-21 2.1820265e-27
5654203 5.9064081e+16 7.6577514e+09 2.7920941e+09 5e-22 2.0636959e-21 2.1903692e-27
5661916 5.9123145e+16 7.6532925e+09 2.7927563e+09 5e-22 2.058265e-21 2.1987336e-27
5669641.2 5.9182268e+16 7.6488318e+09 2.7934187e+09 5e-22 2.052849e-21 2.2071199e-27
5677378.6 5.924145e+16 7.6443692e+09 2.7940812e+09 5e-22 2.0474478e-21 2.2155281e-27
5685128.3 5.9300692e+16 7.6399049e+09 2.7947437e+09 5e-22 2.0420615e-21 2.2239583e-27
5692890.2 5.9359992e+16 7.6354387e+09 2.7954063e+09 5e-22 2.0366899e-21 2.2324105e-27
5700664.5 5.9419352e+16 7.6309707e+09 2.796069e+09 5e-22 2.0313331e-21 2.2408847e-27
5708451.1 5.9478772e+16 7.6265009e+09 2.7967317e+09 5e-22 2.025991e-21 2.2493811e-27
5716250.1 5.953825e+16 7.6220293e+09 2.7973945e+09 5e-22 2.0206635e-21 2.2578997e-27
5724061.4 5.9597789e+16 7.6175559e+09 2.7980574e+09 5e-22 2.0153507e-21 2.2664406e-27
5731885.2 5.9657386e+16 7.6130808e+09 2.7987203e+09 5e-22 2.0100524e-21 2.2750038e-27
5739721.3 5.9717044e+16 7.6086038e+09 2.7993833e+09 5e-22 2.0047687e-21 2.2835893e-27
5747569.9 5.9776761e+16 7.604125e+09 2.8000463e+09 5e-22 1.9994994e-21 2.2921973e-27
5755431 5.9836538e+16 7.5996445e+09 2.8007093e+09 5e-22 1.9942446e-21 2.3008277e-27
5763304.6 5.9896374e+16 7.5951621e+09 2.8013724e+09 5e-22 1.9890043e-21 2.3094807e-27
5771190.8 5.9956271e+16 7.590678e+09 2.8020356e+09 5e-22 1.9837782e-21 2.3181563e-27
5779089.4 6.0016227e+16 7.5861921e+09 2.8026987e+09 5e-22 1.9785666e-21 2.3268546e-27
5787000.7 6.0076243e+16 7.5817044e+09 2.8033619e+09 5e-22 1.9733692e-21 2.3355756e-27
5794924.5 6.0136319e+16 7.5772149e+09 2.8040251e+09 5e-22 1.9681861e-21 2.3443193e-27
5802861 6.0196456e+16 7.5727237e+09 2.8046883e+09 5e-22 1.9630171e-21 2.3530859e-27
5810810.1 6.0256652e+16 7.5682307e+09 2.8053515e+09 5e-22 1.9578624e-21 2.3618754e-27
5818771.9 6.0316909e+16 7.5637359e+09 2.8060147e+09 5e-22 1.9527218e-21 2.3706878e-27
5826746.4 6.0377226e+16 7.5592394e+09 2.806678e+09 5e-22 1.9475953e-21 2.3795233e-27
5834733.6 6.0437603e+16 7.5547411e+09 2.8073412e+09 5e-22 1.9424828e-21 2.3883818e-27
5842733.5 6.049804e+16 7.5502411e+09 2.8080044e+09 5e-22 1.9373844e-21 2.3972635e-27
5850746.3 6.0558538e+16 7.5457393e+09 2.8086676e+09 5e-22 1.9322999e-21 2.4061684e-27
5858771.8 6.0619097e+16 7.5412357e+09 2.8093308e+09 5e-22 1.9272294e-21 2.4150965e-27
5866810.1 6.0679716e+16 7.5367304e+09 2.809994e+09 5e-22 1.9221727e-21 2.4240479e-27
5874861.3 6.0740396e+16 7.5322233e+09 2.8106571e+09 5e-22 1.91713e-21 2.4330227e-27
5882925.4 6.0801136e+16 7.5277145e+09 2.8113202e+09 5e-22 1.912101e-21 2.442021e-27
5891002.4 6.0861937e+16 7.523204e+09 2.8119833e+09 5e-22 1.9070858e-21 2.4510427e-27
5899092.3 6.0922799e+16 7.5186917e+09 2.8126464e+09 5e-22 1.9020844e-21 2.460088e-27
5907195.1 6.0983722e+16 7.5141777e+09 2.8133094e+09 5e-22 1.8970967e-21 2.469157e-27
5915311 6.1044706e+16 7.5096619e+09 2.8139723e+09 5e-22 1.8921227e-21 2.4782496e-27
5923439.8 6.1105751e+16 7.5051445e+09 2.8146352e+09 5e-22 1.8871622e-21 2.4873659e-27
5931581.6 6.1166856e+16 7.5006252e+09 2.8152981e+09 5e-22 1.8822154e-21 2.4965061e-27
5939736.5 6.1228023e+16 7.4961043e+09 2.8159609e+09 5e-22 1.8772821e-21 2.5056701e-27
5947904.5 6.1289251e+16 7.4915816e+09 2.8166236e+09 5e-22 1.8723624e-21 2.514858e-27
5956085.6 6.135054e+16 7.4870573e+09 2.8172862e+09 5e-22 1.8674561e-21 2.52407e-27
5964279.8 6.1411891e+16 7.4825312e+09 2.8179488e+09 5e-22 1.8625633e-21 2.533306e-27
5972487.2 6.1473303e+16 7.4780034e+09 2.8186113e+09 5e-22 1.8576839e-21 2.5425661e-27
5980707.7 6.1534776e+16 7.4734738e+09 2.8192737e+09 5e-22 1.8528178e-21 2.5518503e-27
5988941.5 6.1596311e+16 7.4689426e+09 2.8199361e+09 5e-22 1.8479651e-21 2.5611589e-27
5997188.5 6.1657907e+16 7.4644097e+09 2.8205983e+09 5e-22 1.8431256e-21 2.5704917e-27
6005448.7 6.1719565e+16 7.4598751e+09 2.8212604e+09 5e-22 1.8382995e-21 2.5798489e-27
6013722.3 6.1781285e+16 7.4553387e+09 2.8219225e+09 5e-22 1.8334865e-21 2.5892305e-27
6022009.1 6.1843066e+16 7.4508007e+09 2.8225844e+09 5e-22 1.8286867e-21 2.5986366e-27
6030309.3 6.1904909e+16 7.446261e+09 2.8232462e+09 5e-22 1.8239001e-21 2.6080673e-27
6038622.9 6.1966814e+16 7.4417196e+09 2.8239079e+09 5e-22 1.8191265e-21 2.6175226e-27
6046949.8 6.2028781e+16 7.4371765e+09 2.8245695e+09 5e-22 1.8143661e-21 2.6270026e-27
6055290.2 6.209081e+16 7.4326317e+09 2.825231e+09 5e-22 1.8096187e-21 2.6365073e-27
6063644 6.21529e+16 7.4280852e+09 2.8258923e+09 5e-22 1.8048842e-21 2.6460369e-27
6072011.3 6.2215053e+16 7.4235371e+09 2.8265535e+09 5e-22 1.8001628e-21 2.6555913e-27
6080392.1 6.2277268e+16 7.4189873e+09 2.8272146e+09 5e-22 1.7954542e-21 2.6651707e-27
6088786.4 6.2339546e+16 7.4144358e+09 2.8278755e+09 5e-22 1.7907586e-21 2.674775e-27
6097194.2 6.2401885e+16 7.4098827e+09 2.8285363e+09 5e-22 1.7860758e-21 2.6844045e-27
6105615.7 6.2464287e+16 7.4053278e+09 2.8291969e+09 5e-22 1.7814058e-21 2.6940591e-27
6114050.7 6.2526751e+16 7.4007714e+09 2.8298574e+09 5e-22 1.7767486e-21 2.7037389e-27
6122499.4 6.2589278e+16 7.3962132e+09 2.8305177e+09 5e-22 1.7721042e-21 2.7134439e-27
6130961.7 6.2651867e+16 7.3916534e+09 2.8311778e+09 5e-22 1.7674725e-21 2.7231743e-27
6139437.8 6.2714519e+16 7.387092e+09 2.8318378e+09 5e-22 1.7628534e-21 2.7329301e-27
6147927.5 6.2777234e+16 7.3825289e+09 2.8324976e+09 5e-22 1.758247e-21 2.7427114e-27
6156431 6.2840011e+16 7.3779641e+09 2.8331572e+09 5e-22 1.7536532e-21 2.7525182e-27
6164948.2 6.2902851e+16 7.3733977e+09 2.8338166e+09 5e-22 1.749072e-21 2.7623506e-27
6173479.3 6.2965754e+16 7.3688297e+09 2.8344759e+09 5e-22 1.7445033e-21 2.7722086e-27
6182024.2 6.302872e+16 7.36426e+09 2.8351349e+09 5e-22 1.7399471e-21 2.7820924e-27
6190582.9 6.3091748e+16 7.3596887e+09 2.8357938e+09 5e-22 1.7354034e-21 2.792002e-27
6199155.5 6.315484e+16 7.3551158e+09 2.8364525e+09 5e-22 1.7308721e-21 2.8019375e-27
6207742 6.3217995e+16 7.3505412e+09 2.8371109e+09 5e-22 1.7263532e-21 2.8118989e-27
6216342.5 6.3281213e+16 7.345965e+09 2.8377691e+09 5e-22 1.7218467e-21 2.8218863e-27
6224956.9 6.3344494e+16 7.3413872e+09 2.8384272e+09 5e-22 1.7173525e-21 2.8318998e-27
6233585.3 6.3407839e+16 7.3368078e+09 2.839085e+09 5e-22 1.7128705e-21 2.8419394e-27
6242227.8 6.3471246e+16 7.3322268e+09 2.8397425e+09 5e-22 1.7084009e-21 2.8520052e-27
6250884.2 6.3534718e+16 7.3276441e+09 2.8403999e+09 5e-22 1.7039435e-21 2.8620973e-27
6259554.8 6.3598252e+16 7.3230598e+09 2.841057e+09 5e-22 1.6994982e-21 2.8722157e-27
6268239.4 6.3661851e+16 7.318474e+09 2.8417139e+09 5e-22 1.6950652e-21 2.8823606e-27
6276938.2 6.3725512e+16 7.3138865e+09 2.8423705e+09 5e-22 1.6906442e-21 2.8925319e-27
6285651.2 6.3789238e+16 7.3092974e+09 2.8430269e+09 5e-22 1.6862353e-21 2.9027298e-27
6294378.3 6.3853027e+16 7.3047068e+09 2.843683e+09 5e-22 1.6818385e-21 2.9129543e-27
6303119.7 6.391688e+16 7.3001145e+09 2.8443389e+09 5e-22 1.6774537e-21 2.9232055e-27
6311875.3 6.3980797e+16 7.2955206e+09 2.8449945e+09 5e-22 1.673081e-21 2.9334834e-27
6320645.1 6.4044778e+16 7.2909252e+09 2.8456498e+09 5e-22 1.6687201e-21 2.9437882e-27
6329429.3 6.4108823e+16 7.2863282e+09 2.8463049e+09 5e-22 1.6643712e-21 2.9541199e-27
6338227.8 6.4172932e+16 7.2817296e+09 2.8469597e+09 5e-22 1.6600342e-21 2.9644785e-27
6347040.7 6.4237104e+16 7.2771294e+09 2.8476142e+09 5e-22 1.655709e-21 2.9748642e-27
6355867.9 6.4301342e+16 7.2725277e+09 2.8482684e+09 5e-22 1.6513956e-21 2.985277e-27
6364709.6 6.4365643e+16 7.2679244e+09 2.8489223e+09 5e-22 1.6470941e-21 2.995717e-27
6373565.8 6.4430009e+16 7.2633195e+09 2.849576e+09 5e-22 1.6428043e-21 3.0061842e-27
6382436.4 6.4494439e+16 7.258713e+09 2.8502293e+09 5e-22 1.6385262e-21 3.0166787e-27
6391321.5 6.4558933e+16 7.254105e+09 2.8508823e+09 5e-22 1.6342598e-21 3.0272007e-27
6400221.1 6.4623492e+16 7.2494955e+09 2.851535e+09 5e-22 1.6300051e-21 3.0377501e-27
6409135.3 6.4688115e+16 7.2448843e+09 2.8521875e+09 5e-22 1.625762e-21 3.048327e-27
6418064.1 6.4752804e+16 7.2402717e+09 2.8528395e+09 5e-22 1.6215305e-21 3.0589316e-27
6427007.5 6.4817556e+16 7.2356575e+09 2.8534913e+09 5e-22 1.6173106e-21 3.0695638e-27
6435965.6 6.4882374e+16 7.2310417e+09 2.8541427e+09 5e-22 1.6131022e-21 3.0802238e-27
6444938.4 6.4947256e+16 7.2264244e+09 2.8547938e+09 5e-22 1.6089052e-21 3.0909116e-27
6453925.8 6.5012204e+16 7.2218056e+09 2.8554446e+09 5e-22 1.6047198e-21 3.1016273e-27
6462928 6.5077216e+16 7.2171853e+09 2.856095e+09 5e-22 1.6005458e-21 3.1123709e-27
6471945 6.5142293e+16 7.2125634e+09 2.8567451e+09 5e-22 1.5963832e-21 3.1231427e-27
6480976.8 6.5207435e+16 7.20794e+09 2.8573948e+09 5e-22 1.5922319e-21 3.1339425e-27
6490023.4 6.5272643e+16 7.203315e+09 2.8580441e+09 5e-22 1.588092e-21 3.1447705e-27
6499084.9 6.5337915e+16 7.1986886e+09 2.8586931e+09 5e-22 1.5839635e-21 3.1556268e-27
6508161.2 6.5403253e+16 7.1940606e+09 2.8593418e+09 5e-22 1.5798461e-21 3.1665114e-27
6517252.5 6.5468657e+16 7.1894311e+09 2.85999e+09 5e-22 1.5757401e-21 3.1774245e-27
6526358.8 6.5534125e+16 7.1848001e+09 2.8606379e+09 5e-22 1.5716452e-21 3.188366e-27
6535480 6.5599659e+16 7.1801677e+09 2.8612854e+09 5e-22 1.5675615e-21 3.1993361e-27
6544616.2 6.5665259e+16 7.1755337e+09 2.8619325e+09 5e-22 1.563489e-21 3.2103348e-27
6553767.5 6.5730924e+16 7.1708982e+09 2.8625792e+09 5e-22 1.5594276e-21 3.2213623e-27
6562933.8 6.5796655e+16 7.1662612e+09 2.8632256e+09 5e-22 1.5553773e-21 3.2324185e-27
6572115.3 6.5862452e+16 7.1616227e+09 2.8638715e+09 5e-22 1.551338e-21 3.2435036e-27
6581311.9 6.5928314e+16 7.1569828e+09 2.864517e+09 5e-22 1.5473098e-21 3.2546176e-27
6590523.6 6.5994243e+16 7.1523413e+09 2.8651621e+09 5e-22 1.5432926e-21 3.2657606e-27
6599750.5 6.6060237e+16 7.1476984e+09 2.8658068e+09 5e-22 1.5392863e-21 3.2769327e-27
6608992.7 6.6126297e+16 7.143054e+09 2.8664511e+09 5e-22 1.535291e-21 3.288134e-27
6618250.1 6.6192423e+16 7.1384082e+09 2.8670949e+09 5e-22 1.5313065e-21 3.2993645e-27
6627522.9 6.6258616e+16 7.1337608e+09 2.8677384e+09 5e-22 1.527333e-21 3.3106244e-27
6636810.9 6.6324874e+16 7.129112e+09 2.8683813e+09 5e-22 1.5233703e-21 3.3219136e-27
6646114.3 6.6391199e+16 7.1244618e+09 2.8690239e+09 5e-22 1.5194184e-21 3.3332323e-27
6655433 6.645759e+16 7.11981e+09 2.869666e+09 5e-22 1.5154773e-21 3.3445805e-27
6664767.2 6.6524048e+16 7.1151569e+09 2.8703076e+09 5e-22 1.5115469e-21 3.3559584e-27
6674116.8 6.6590572e+16 7.1105022e+09 2.8709488e+09 5e-22 1.5076273e-21 3.367366e-27
6683481.9 6.6657163e+16 7.1058462e+09 2.8715896e+09 5e-22 1.5037184e-21 3.3788034e-27
6692862.6 6.672382e+16 7.1011887e+09 2.8722299e+09 5e-22 1.4998201e-21 3.3902706e-27
6702258.7 6.6790544e+16 7.0965297e+09 2.8728697e+09 5e-22 1.4959325e-21 3.4017677e-27
6711670.4 6.6857334e+16 7.0918693e+09 2.873509e+09 5e-22 1.4920554e-21 3.4132949e-27
6721097.7 6.6924192e+16 7.0872075e+09 2.8741479e+09 5e-22 1.488189e-21 3.4248522e-27
6730540.7 6.6991116e+16 7.0825443e+09 2.8747862e+09 5e-22 1.4843331e-21 3.4364396e-27
6739999.3 6.7058107e+16 7.0778796e+09 2.8754241e+09 5e-22 1.4804877e-21 3.4480573e-27
6749473.6 6.7125165e+16 7.0732135e+09 2.8760615e+09 5e-22 1.4766528e-21 3.4597053e-27
6758963.7 6.719229e+16 7.068546e+09 2.8766984e+09 5e-22 1.4728283e-21 3.4713837e-27
6768469.5 6.7259482e+16 7.0638771e+09 2.8773348e+09 5e-22 1.4690143e-21 3.4830926e-27
6777991.1 6.7326742e+16 7.0592067e+09 2.8779707e+09 5e-22 1.4652107e-21 3.4948321e-27
6787528.6 6.7394069e+16 7.054535e+09 2.878606e+09 5e-22 1.4614174e-21 3.5066023e-27
6797081.9 6.7461463e+16 7.0498619e+09 2.8792409e+09 5e-22 1.4576345e-21 3.5184031e-27
6806651 6.7528924e+16 7.0451873e+09 2.8798752e+09 5e-22 1.4538619e-21 3.5302348e-27
6816236.2 6.7596453e+16 7.0405114e+09 2.880509e+09 5e-22 1.4500996e-21 3.5420974e-27
6825837.2 6.766405e+16 7.0358341e+09 2.8811423e+09 5e-22 1.4463476e-21 3.5539909e-27
6835454.3 6.7731714e+16 7.0311554e+09 2.8817751e+09 5e-22 1.4426058e-21 3.5659155e-27
6845087.4 6.7799445e+16 7.0264753e+09 2.8824072e+09 5e-22 1.4388742e-21 3.5778712e-27
6854736.5 6.7867245e+16 7.0217938e+09 2.8830389e+09 5e-22 1.4351527e-21 3.5898582e-27
6864401.7 6.7935112e+16 7.017111e+09 2.88367e+09 5e-22 1.4314414e-21 3.6018764e-27
6874083.1 6.8003047e+16 7.0124267e+09 2.8843005e+09 5e-22 1.4277402e-21 3.613926e-27
6883780.6 6.807105e+16 7.0077412e+09 2.8849305e+09 5e-22 1.4240491e-21 3.6260071e-27
6893494.3 6.8139121e+16 7.0030542e+09 2.8855599e+09 5e-22 1.4203681e-21 3.6381198e-27
6903224.2 6.820726e+16 6.9983659e+09 2.8861888e+09 5e-22 1.416697e-21 3.650264e-27
6912970.4 6.8275468e+16 6.9936762e+09 2.886817e+09 5e-22 1.413036e-21 3.66244e-27
6922732.8 6.8343743e+16 6.9889852e+09 2.8874447e+09 5e-22 1.409385e-21 3.6746478e-27
6932511.6 6.8412087e+16 6.9842928e+09 2.8880718e+09 5e-22 1.4057439e-21 3.6868874e-27
6942306.8 6.8480499e+16 6.9795991e+09 2.8886983e+09 5e-22 1.4021127e-21 3.699159e-27
6952118.3 6.8548979e+16 6.9749041e+09 2.8893242e+09 5e-22 1.3984915e-21 3.7114627e-27
6961946.2 6.8617528e+16 6.9702077e+09 2.8899495e+09 5e-22 1.39488e-21 3.7237984e-27
6971790.6 6.8686146e+16 6.96551e+09 2.8905742e+09 5e-22 1.3912785e-21 3.7361664e-27
6981651.5 6.8754832e+16 6.9608109e+09 2.8911983e+09 5e-22 1.3876867e-21 3.7485667e-27
6991528.9 6.8823587e+16 6.9561106e+09 2.8918218e+09 5e-22 1.3841047e-21 3.7609994e-27
7001422.9 6.889241e+16 6.9514089e+09 2.8924447e+09 5e-22 1.3805325e-21 3.7734646e-27
7011333.5 6.8961303e+16 6.9467059e+09 2.8930669e+09 5e-22 1.37697e-21 3.7859623e-27
7021260.7 6.9030264e+16 6.9420016e+09 2.8936885e+09 5e-22 1.3734172e-21 3.7984926e-27
7031204.5 6.9099294e+16 6.9372959e+09 2.8943094e+09 5e-22 1.369874e-21 3.8110557e-27
7041165.1 6.9168394e+16 6.932589e+09 2.8949298e+09 5e-22 1.3663406e-21 3.8236515e-27
7051142.4 6.9237562e+16 6.9278808e+09 2.8955494e+09 5e-22 1.3628167e-21 3.8362803e-27
7061136.4 6.93068e+16 6.9231712e+09 2.8961685e+09 5e-22 1.3593024e-21 3.8489421e-27
7071147.3 6.9376106e+16 6.9184604e+09 2.8967868e+09 5e-22 1.3557977e-21 3.8616369e-27
7081174.9 6.9445483e+16 6.9137483e+09 2.8974045e+09 5e-22 1.3523026e-21 3.8743649e-27
7091219.5 6.9514928e+16 6.9090349e+09 2.8980216e+09 5e-22 1.3488169e-21 3.8871261e-27
7101280.9 6.9584443e+16 6.9043202e+09 2.898638e+09 5e-22 1.3453408e-21 3.8999207e-27
7111359.3 6.9654027e+16 6.8996043e+09 2.8992537e+09 5e-22 1.341874e-21 3.9127486e-27
7121454.7 6.9723681e+16 6.894887e+09 2.8998687e+09 5e-22 1.3384168e-21 3.9256101e-27
7131567.1 6.9793405e+16 6.8901686e+09 2.900483e+09 5e-22 1.3349689e-21 3.9385052e-27
7141696.5 6.9863199e+16 6.8854488e+09 2.9010966e+09 5e-22 1.3315304e-21 3.951434e-27
7151843 6.9933062e+16 6.8807278e+09 2.9017096e+09 5e-22 1.3281013e-21 3.9643965e-27
7162006.6 7.0002995e+16 6.8760055e+09 2.9023218e+09 5e-22 1.3246815e-21 3.9773929e-27
7172187.4 7.0072998e+16 6.871282e+09 2.9029334e+09 5e-22 1.321271e-21 3.9904232e-27
7182385.3 7.0143071e+16 6.8665572e+09 2.9035442e+09 5e-22 1.3178698e-21 4.0034876e-27
7192600.5 7.0213214e+16 6.8618312e+09 2.9041543e+09 5e-22 1.3144779e-21 4.0165861e-27
7202832.9 7.0283427e+16 6.8571039e+09 2.9047637e+09 5e-22 1.3110951e-21 4.0297189e-27
7213082.6 7.035371e+16 6.8523754e+09 2.9053724e+09 5e-22 1.3077216e-21 4.0428859e-27
7223349.7 7.0424064e+16 6.8476457e+09 2.9059803e+09 5e-22 1.3043573e-21 4.0560874e-27
7233634.1 7.0494488e+16 6.8429148e+09 2.9065875e+09 5e-22 1.3010021e-21 4.0693233e-27
7243935.9 7.0564983e+16 6.8381826e+09 2.907194e+09 5e-22 1.297656e-21 4.0825938e-27
7254255.2 7.0635548e+16 6.8334492e+09 2.9077997e+09 5e-22 1.294319e-21 4.095899e-27
7264591.9 7.0706183e+16 6.8287146e+09 2.9084046e+09 5e-22 1.2909911e-21 4.1092389e-27
7274946.2 7.0776889e+16 6.8239788e+09 2.9090088e+09 5e-22 1.2876722e-21 4.1226137e-27
7285318 7.0847666e+16 6.8192418e+09 2.9096123e+09 5e-22 1.2843624e-21 4.1360235e-27
7295707.3 7.0918514e+16 6.8145035e+09 2.910215e+09 5e-22 1.2810615e-21 4.1494683e-27
7306114.3 7.0989433e+16 6.8097641e+09 2.9108169e+09 5e-22 1.2777697e-21 4.1629482e-27
7316539 7.1060422e+16 6.8050235e+09 2.911418e+09 5e-22 1.2744868e-21 4.1764633e-27
7326981.3 7.1131482e+16 6.8002817e+09 2.9120183e+09 5e-22 1.2712128e-21 4.1900138e-27
7337441.4 7.1202614e+16 6.7955387e+09 2.9126179e+09 5e-22 1.2679477e-21 4.2035996e-27
7347919.3 7.1273816e+16 6.7907945e+09 2.9132167e+09 5e-22 1.2646914e-21 4.217221e-27
7358414.9 7.134509e+16 6.7860492e+09 2.9138147e+09 5e-22 1.2614441e-21 4.2308779e-27
7368928.4 7.1416435e+16 6.7813027e+09 2.9144118e+09 5e-22 1.2582055e-21 4.2445706e-27
7379459.8 7.1487852e+16 6.776555e+09 2.9150082e+09 5e-22 1.2549758e-21 4.258299e-27
7390009.1 7.155934e+16 6.7718061e+09 2.9156038e+09 5e-22 1.2517548e-21 4.2720633e-27
7400576.3 7.1630899e+16 6.7670561e+09 2.9161985e+09 5e-22 1.2485426e-21 4.2858636e-27
7411161.6 7.170253e+16 6.7623049e+09 2.9167924e+09 5e-22 1.2453391e-21 4.2996999e-27
7421764.8 7.1774232e+16 6.7575526e+09 2.9173855e+09 5e-22 1.2421443e-21 4.3135725e-27
7432386.2 7.1846007e+16 6.7527992e+09 2.9179778e+09 5e-22 1.2389582e-21 4.3274812e-27
7443025.6 7.1917853e+16 6.7480446e+09 2.9185692e+09 5e-22 1.2357807e-21 4.3414263e-27
7453683.2 7.1989771e+16 6.7432888e+09 2.9191598e+09 5e-22 1.2326119e-21 4.3554079e-27
7464359 7.206176e+16 6.7385319e+09 2.9197496e+09 5e-22 1.2294516e-21 4.369426e-27
7475052.9 7.2133822e+16 6.7337739e+09 2.9203384e+09 5e-22 1.2263e-21 4.3834808e-27
7485765.2 7.2205956e+16 6.7290148e+09 2.9209265e+09 5e-22 1.2231569e-21 4.3975723e-27
7496495.7 7.2278162e+16 6.7242546e+09 2.9215136e+09 5e-22 1.2200224e-21 4.4117006e-27
7507244.6 7.235044e+16 6.7194932e+09 2.9220999e+09 5e-22 1.2168963e-21 4.4258658e-27
7518011.8 7.242279e+16 6.7147307e+09 2.9226854e+09 5e-22 1.2137788e-21 4.4400681e-27
7528797.5 7.2495213e+16 6.7099671e+09 2.9232699e+09 5e-22 1.2106697e-21 4.4543075e-27
7539601.6 7.2567708e+16 6.7052025e+09 2.9238536e+09 5e-22 1.207569e-21 4.4685842e-27
7550424.2 7.2640276e+16 6.7004367e+09 2.9244364e+09 5e-22 1.2044768e-21 4.4828981e-27
7561265.3 7.2712916e+16 6.6956698e+09 2.9250183e+09 5e-22 1.201393e-21 4.4972495e-27
7572125 7.2785629e+16 6.6909018e+09 2.9255993e+09 5e-22 1.1983175e-21 4.5116384e-27
7583003.3 7.2858415e+16 6.6861328e+09 2.9261794e+09 5e-22 1.1952504e-21 4.5260649e-27
7593900.3 7.2931273e+16 6.6813626e+09 2.9267586e+09 5e-22 1.1921916e-21 4.5405292e-27
7604815.9 7.3004205e+16 6.6765914e+09 2.9273368e+09 5e-22 1.1891411e-21 4.5550312e-27
7615750.3 7.3077209e+16 6.6718191e+09 2.9279142e+09 5e-22 1.1860989e-21 4.5695712e-27
7626703.4 7.3150286e+16 6.6670458e+09 2.9284906e+09 5e-22 1.1830649e-21 4.5841492e-27
7637675.3 7.3223436e+16 6.6622714e+09 2.9290661e+09 5e-22 1.1800392e-21 4.5987653e-27
7648666.1 7.329666e+16 6.6574959e+09 2.9296407e+09 5e-22 1.1770216e-21 4.6134197e-27
7659675.7 7.3369956e+16 6.6527194e+09 2.9302143e+09 5e-22 1.1740123e-21 4.6281123e-27
7670704.3 7.3443326e+16 6.6479418e+09 2.930787e+09 5e-22 1.1710111e-21 4.6428434e-27
7681751.8 7.351677e+16 6.6431632e+09 2.9313588e+09 5e-22 1.1680181e-21 4.657613e-27
7692818.3 7.3590287e+16 6.6383835e+09 2.9319296e+09 5e-22 1.1650332e-21 4.6724212e-27
7703903.9 7.3663877e+16 6.6336028e+09 2.9324994e+09 5e-22 1.1620563e-21 4.6872682e-27
7715008.5 7.3737541e+16 6.6288211e+09 2.9330683e+09 5e-22 1.1590876e-21 4.702154e-27
7726132.3 7.3811278e+16 6.6240384e+09 2.9336362e+09 5e-22 1.1561269e-21 4.7170787e-27
7737275.3 7.388509e+16 6.6192546e+09 2.9342031e+09 5e-22 1.1531742e-21 4.7320424e-27
7748437.4 7.3958975e+16 6.6144698e+09 2.934769e+09 5e-22 1.1502295e-21 4.7470453e-27
7759618.8 7.4032934e+16 6.609684e+09 2.935334e+09 5e-22 1.1472928e-21 4.7620875e-27
7770819.5 7.4106966e+16 6.6048972e+09 2.935898e+09 5e-22 1.1443641e-21 4.7771689e-27
7782039.5 7.4181073e+16 6.6001094e+09 2.936461e+09 5e-22 1.1414433e-21 4.7922899e-27
7793278.9 7.4255255e+16 6.5953205e+09 2.937023e+09 5e-22 1.1385305e-21 4.8074503e-27
7804537.6 7.432951e+16 6.5905307e+09 2.9375839e+09 5e-22 1.1356255e-21 4.8226505e-27
7815815.9 7.4403839e+16 6.5857399e+09 2.9381439e+09 5e-22 1.1327284e-21 4.8378904e-27
7827113.6 7.4478243e+16 6.5809481e+09 2.9387029e+09 5e-22 1.1298391e-21 4.8531701e-27
7838430.8 7.4552721e+16 6.5761554e+09 2.9392608e+09 5e-22 1.1269577e-21 4.8684899e-27
7849767.7 7.4627274e+16 6.5713616e+09 2.9398177e+09 5e-22 1.1240841e-21 4.8838497e-27
7861124.1 7.4701901e+16 6.5665669e+09 2.9403736e+09 5e-22 1.1212183e-21 4.8992497e-27
7872500.2 7.4776603e+16 6.5617712e+09 2.9409285e+09 5e-22 1.1183602e-21 4.91469e-27
7883896 7.485138e+16 6.5569746e+09 2.9414823e+09 5e-22 1.1155099e-21 4.9301707e-27
7895311.5 7.4926231e+16 6.552177e+09 2.942035e+09 5e-22 1.1126673e-21 4.9456919e-27
7906746.8 7.5001157e+16 6.5473784e+09 2.9425867e+09 5e-22 1.1098324e-21 4.9612537e-27
7918202 7.5076159e+16 6.5425789e+09 2.9431374e+09 5e-22 1.1070052e-21 4.9768563e-27
7929677 7.5151235e+16 6.5377784e+09 2.943687e+09 5e-22 1.1041856e-21 4.9924997e-27
7941171.9 7.5226386e+16 6.5329771e+09 2.9442355e+09 5e-22 1.1013737e-21 5.008184e-27
7952686.8 7.5301612e+16 6.5281747e+09 2.944783e+09 5e-22 1.0985694e-21 5.0239093e-27
7964221.7 7.5376914e+16 6.5233715e+09 2.9453294e+09 5e-22 1.0957726e-21 5.0396758e-27
7975776.6 7.5452291e+16 6.5185673e+09 2.9458747e+09 5e-22 1.0929835e-21 5.0554836e-27
7987351.5 7.5527743e+16 6.5137622e+09 2.9464189e+09 5e-22 1.0902019e-21 5.0713327e-27
7998946.6 7.5603271e+16 6.5089562e+09 2.9469621e+09 5e-22 1.0874278e-21 5.0872233e-27
8010561.9 7.5678874e+16 6.5041493e+09 2.9475041e+09 5e-22 1.0846613e-21 5.1031555e-27
8022197.4 7.5754553e+16 6.4993414e+09 2.948045e+09 5e-22 1.0819022e-21 5.1191295e-27
8033853.1 7.5830308e+16 6.4945327e+09 2.9485849e+09 5e-22 1.0791506e-21 5.1351452e-27
8045529.1 7.5906138e+16 6.4897231e+09 2.9491236e+09 5e-22 1.0764065e-21 5.1512028e-27
8057225.5 7.5982044e+16 6.4849125e+09 2.9496612e+09 5e-22 1.0736697e-21 5.1673025e-27
8068942.2 7.6058026e+16 6.4801011e+09 2.9501977e+09 5e-22 1.0709404e-21 5.1834443e-27
8080679.4 7.6134084e+16 6.4752888e+09 2.950733e+09 5e-22 1.0682185e-21 5.1996284e-27
8092437 7.6210218e+16 6.4704757e+09 2.9512673e+09 5e-22 1.0655039e-21 5.2158549e-27
8104215.2 7.6286429e+16 6.4656616e+09 2.9518004e+09 5e-22 1.0627967e-21 5.2321238e-27
8116013.9 7.6362715e+16 6.4608467e+09 2.9523323e+09 5e-22 1.0600968e-21 5.2484353e-27
8127833.2 7.6439078e+16 6.4560309e+09 2.9528631e+09 5e-22 1.0574042e-21 5.2647896e-27
8139673.1 7.6515517e+16 6.4512143e+09 2.9533928e+09 5e-22 1.0547189e-21 5.2811866e-27
8151533.8 7.6592032e+16 6.4463968e+09 2.9539213e+09 5e-22 1.0520408e-21 5.2976266e-27
8163415.2 7.6668624e+16 6.4415785e+09 2.9544486e+09 5e-22 1.04937e-21 5.3141096e-27
8175317.3 7.6745293e+16 6.4367593e+09 2.9549748e+09 5e-22 1.0467064e-21 5.3306358e-27
8187240.3 7.6822038e+16 6.4319393e+09 2.9554998e+09 5e-22 1.04405e-21 5.3472053e-27
8199184.1 7.689886e+16 6.4271184e+09 2.9560236e+09 5e-22 1.0414008e-21 5.3638182e-27
8211148.9 7.6975759e+16 6.4222968e+09 2.9565462e+09 5e-22 1.0387588e-21 5.3804745e-27
8223134.6 7.7052735e+16 6.4174743e+09 2.9570676e+09 5e-22 1.0361239e-21 5.3971745e-27
8235141.3 7.7129788e+16 6.4126509e+09 2.9575879e+09 5e-22 1.0334961e-21 5.4139183e-27
8247169 7.7206917e+16 6.4078268e+09 2.958107e+09 5e-22 1.0308754e-21 5.4307058e-27
8259217.9 7.7284124e+16 6.4030018e+09 2.9586248e+09 5e-22 1.0282619e-21 5.4475374e-27
8271287.9 7.7361408e+16 6.3981761e+09 2.9591415e+09 5e-22 1.0256553e-21 5.464413e-27
8283379 7.743877e+16 6.3933495e+09 2.9596569e+09 5e-22 1.0230559e-21 5.4813329e-27
8295491.4 7.7516209e+16 6.3885222e+09 2.9601711e+09 5e-22 1.0204634e-21 5.4982971e-27
8307625.1 7.7593725e+16 6.383694e+09 2.9606841e+09 5e-22 1.017878e-21 5.5153057e-27
8319780.1 7.7671319e+16 6.3788651e+09 2.9611959e+09 5e-22 1.0152995e-21 5.5323588e-27
8331956.4 7.774899e+16 6.3740354e+09 2.9617064e+09 5e-22 1.012728e-21 5.5494567e-27
8344154.2 7.7826739e+16 6.3692049e+09 2.9622157e+09 5e-22 1.0101634e-21 5.5665993e-27
8356373.4 7.7904566e+16 6.3643737e+09 2.9627237e+09 5e-22 1.0076058e-21 5.5837868e-27
8368614.1 7.798247e+16 6.3595416e+09 2.9632305e+09 5e-22 1.0050551e-21 5.6010194e-27
8380876.4 7.8060453e+16 6.3547088e+09 2.9637361e+09 5e-22 1.0025113e-21 5.6182971e-27
8393160.3 7.8138513e+16 6.3498753e+09 2.9642404e+09 5e-22 9.9997434e-22 5.6356201e-27
8405465.8 7.8216652e+16 6.345041e+09 2.9647434e+09 5e-22 9.9744424e-22 5.6529885e-27
8417793 7.8294868e+16 6.340206e+09 2.9652452e+09 5e-22 9.9492097e-22 5.6704024e-27
8430142 7.8373163e+16 6.3353702e+09 2.9657457e+09 5e-22 9.9240452e-22 5.687862e-27
8442512.7 7.8451536e+16 6.3305337e+09 2.9662449e+09 5e-22 9.8989486e-22 5.7053673e-27
8454905.3 7.8529988e+16 6.3256964e+09 2.9667428e+09 5e-22 9.8739197e-22 5.7229185e-27
8467319.7 7.8608518e+16 6.3208585e+09 2.9672394e+09 5e-22 9.8489585e-22 5.7405156e-27
8479756.1 7.8687126e+16 6.3160198e+09 2.9677348e+09 5e-22 9.8240646e-22 5.7581589e-27
8492214.4 7.8765813e+16 6.3111804e+09 2.9682288e+09 5e-22 9.7992379e-22 5.7758485e-27
8504694.8 7.8844579e+16 6.3063403e+09 2.9687215e+09 5e-22 9.7744782e-22 5.7935844e-27
8517197.2 7.8923424e+16 6.3014994e+09 2.969213e+09 5e-22 9.7497853e-22 5.8113668e-27
8529721.8 7.9002347e+16 6.2966579e+09 2.9697031e+09 5e-22 9.7251591e-22 5.8291958e-27
8542268.5 7.908135e+16 6.2918157e+09 2.9701919e+09 5e-22 9.7005993e-22 5.8470715e-27
8554837.4 7.9160431e+16 6.2869728e+09 2.9706793e+09 5e-22 9.6761058e-22 5.8649941e-27
8567428.6 7.9239591e+16 6.2821292e+09 2.9711655e+09 5e-22 9.6516783e-22 5.8829637e-27
8580042.1 7.9318831e+16 6.2772849e+09 2.9716503e+09 5e-22 9.6273168e-22 5.9009804e-27
8592677.9 7.939815e+16 6.2724399e+09 2.9721337e+09 5e-22 9.603021e-22 5.9190444e-27
8605336.2 7.9477548e+16 6.2675943e+09 2.9726159e+09 5e-22 9.5787907e-22 5.9371557e-27
8618016.9 7.9557025e+16 6.262748e+09 2.9730966e+09 5e-22 9.5546258e-22 5.9553145e-27
8630720.1 7.9636583e+16 6.257901e+09 2.9735761e+09 5e-22 9.530526e-22 5.9735209e-27
8643445.9 7.9716219e+16 6.2530534e+09 2.9740541e+09 5e-22 9.5064913e-22 5.991775e-27
8656194.2 7.9795935e+16 6.2482052e+09 2.9745308e+09 5e-22 9.4825213e-22 6.010077e-27
8668965.2 7.9875731e+16 6.2433563e+09 2.9750061e+09 5e-22 9.458616e-22 6.0284271e-27
8681759 7.9955607e+16 6.2385067e+09 2.9754801e+09 5e-22 9.4347751e-22 6.0468252e-27
8694575.4 8.0035563e+16 6.2336565e+09 2.9759526e+09 5e-22 9.4109985e-22 6.0652716e-27
8707414.7 8.0115598e+16 6.2288057e+09 2.9764238e+09 5e-22 9.387286e-22 6.0837664e-27
8720276.8 8.0195714e+16 6.2239543e+09 2.9768936e+09 5e-22 9.3636375e-22 6.1023097e-27
8733161.8 8.0275909e+16 6.2191022e+09 2.977362e+09 5e-22 9.3400526e-22 6.1209016e-27
8746069.8 8.0356185e+16 6.2142495e+09 2.977829e+09 5e-22 9.3165313e-22 6.1395423e-27
8759000.7 8.0436542e+16 6.2093963e+09 2.9782946e+09 5e-22 9.2930734e-22 6.1582319e-27
8771954.7 8.0516978e+16 6.2045424e+09 2.9787588e+09 5e-22 9.2696788e-22 6.1769705e-27
8784931.8 8.0597495e+16 6.1996879e+09 2.9792216e+09 5e-22 9.2463471e-22 6.1957583e-27
8797932.1 8.0678093e+16 6.1948328e+09 2.9796829e+09 5e-22 9.2230784e-22 6.2145954e-27
8810955.5 8.0758771e+16 6.1899771e+09 2.9801428e+09 5e-22 9.1998723e-22 6.2334819e-27
8824002.2 8.0839529e+16 6.1851209e+09 2.9806013e+09 5e-22 9.1767287e-22 6.2524179e-27
8837072.2 8.0920369e+16 6.180264e+09 2.9810584e+09 5e-22 9.1536475e-22 6.2714037e-27
8850165.6 8.1001289e+16 6.1754066e+09 2.981514e+09 5e-22 9.1306284e-22 6.2904392e-27
8863282.3 8.1082291e+16 6.1705487e+09 2.9819682e+09 5e-22 9.1076713e-22 6.3095247e-27
8876422.5 8.1163373e+16 6.1656901e+09 2.9824209e+09 5e-22 9.0847761e-22 6.3286603e-27
8889586.3 8.1244536e+16 6.160831e+09 2.9828721e+09 5e-22 9.0619425e-22 6.3478462e-27
8902773.5 8.1325781e+16 6.1559714e+09 2.983322e+09 5e-22 9.0391704e-22 6.3670823e-27
8915984.4 8.1407107e+16 6.1511112e+09 2.9837703e+09 5e-22 9.0164595e-22 6.386369e-27
8929218.9 8.1488514e+16 6.1462504e+09 2.9842172e+09 5e-22 8.9938099e-22 6.4057063e-27
8942477.2 8.1570002e+16 6.1413891e+09 2.9846626e+09 5e-22 8.9712212e-22 6.4250943e-27
8955759.2 8.1651572e+16 6.1365273e+09 2.9851065e+09 5e-22 8.9486933e-22 6.4445332e-27
8969065 8.1733224e+16 6.131665e+09 2.9855489e+09 5e-22 8.9262261e-22 6.4640232e-27
8982394.7 8.1814957e+16 6.1268021e+09 2.9859898e+09 5e-22 8.9038193e-22 6.4835643e-27
8995748.3 8.1896772e+16 6.1219388e+09 2.9864293e+09 5e-22 8.8814728e-22 6.5031567e-27
9009125.9 8.1978669e+16 6.1170749e+09 2.9868672e+09 5e-22 8.8591864e-22 6.5228005e-27
9022527.5 8.2060647e+16 6.1122105e+09 2.9873037e+09 5e-22 8.83696e-22 6.542496e-27
9035953.2 8.2142708e+16 6.1073456e+09 2.9877386e+09 5e-22 8.8147934e-22 6.5622431e-27
9049403.1 8.2224851e+16 6.1024802e+09 2.988172e+09 5e-22 8.7926865e-22 6.5820421e-27
9062877.1 8.2307076e+16 6.0976143e+09 2.9886039e+09 5e-22 8.770639e-22 6.6018931e-27
9076375.3 8.2389383e+16 6.0927479e+09 2.9890343e+09 5e-22 8.7486508e-22 6.6217962e-27
9089897.8 8.2471772e+16 6.0878811e+09 2.9894631e+09 5e-22 8.7267218e-22 6.6417516e-27
9103444.7 8.2554244e+16 6.0830138e+09 2.9898904e+09 5e-22 8.7048517e-22 6.6617594e-27
9117016 8.2636798e+16 6.078146e+09 2.9903162e+09 5e-22 8.6830404e-22 6.6818197e-27
9130611.7 8.2719435e+16 6.0732777e+09 2.9907404e+09 5e-22 8.6612878e-22 6.7019327e-27
9144231.9 8.2802154e+16 6.068409e+09 2.9911631e+09 5e-22 8.6395937e-22 6.7220986e-27
9157876.7 8.2884956e+16 6.0635399e+09 2.9915842e+09 5e-22 8.6179579e-22 6.7423174e-27
9171546.1 8.2967841e+16 6.0586702e+09 2.9920037e+09 5e-22 8.5963802e-22 6.7625893e-27
9185240.2 8.3050809e+16 6.0538002e+09 2.9924217e+09 5e-22 8.5748606e-22 6.7829145e-27
9198959 8.313386e+16 6.0489297e+09 2.9928381e+09 5e-22 8.5533988e-22 6.8032931e-27
9212702.5 8.3216994e+16 6.0440588e+09 2.993253e+09 5e-22 8.5319947e-22 6.8237252e-27
9226470.9 8.3300211e+16 6.0391874e+09 2.9936662e+09 5e-22 8.5106481e-22 6.844211e-27
9240264.2 8.3383511e+16 6.0343157e+09 2.9940779e+09 5e-22 8.4893589e-22 6.8647506e-27
9254082.4 8.3466895e+16 6.0294435e+09 2.994488e+09 5e-22 8.4681268e-22 6.8853442e-27
9267925.7 8.3550362e+16 6.0245709e+09 2.9948965e+09 5e-22 8.4469519e-22 6.9059919e-27
9281793.9 8.3633912e+16 6.0196979e+09 2.9953034e+09 5e-22 8.4258338e-22 6.9266938e-27
9295687.3 8.3717546e+16 6.0148245e+09 2.9957087e+09 5e-22 8.4047724e-22 6.9474502e-27
9309605.8 8.3801263e+16 6.0099507e+09 2.9961124e+09 5e-22 8.3837676e-22 6.9682611e-27
9323549.6 8.3885065e+16 6.0050765e+09 2.9965145e+09 5e-22 8.3628192e-22 6.9891267e-27
9337518.6 8.396895e+16 6.0002019e+09 2.9969149e+09 5e-22 8.3419271e-22 7.0100471e-27
9351513 8.4052919e+16 5.9953269e+09 2.9973137e+09 5e-22 8.3210911e-22 7.0310226e-27
9365532.7 8.4136972e+16 5.9904516e+09 2.9977109e+09 5e-22 8.300311e-22 7.0520531e-27
9379577.9 8.4221109e+16 5.9855759e+09 2.9981065e+09 5e-22 8.2795867e-22 7.073139e-27
9393648.6 8.430533e+16 5.9806999e+09 2.9985004e+09 5e-22 8.2589181e-22 7.0942803e-27
9407744.8 8.4389635e+16 5.9758235e+09 2.9988927e+09 5e-22 8.238305e-22 7.1154771e-27
9421866.6 8.4474025e+16 5.9709467e+09 2.9992833e+09 5e-22 8.2177471e-22 7.1367297e-27
9436014.1 8.4558499e+16 5.9660696e+09 2.9996723e+09 5e-22 8.1972445e-22 7.1580382e-27
9450187.4 8.4643057e+16 5.9611921e+09 3.0000596e+09 5e-22 8.1767969e-22 7.1794027e-27
9464386.4 8.47277e+16 5.9563144e+09 3.0004453e+09 5e-22 8.1564041e-22 7.2008233e-27
9478611.3 8.4812428e+16 5.9514362e+09 3.0008293e+09 5e-22 8.1360661e-22 7.2223003e-27
9492862 8.489724e+16 5.9465578e+09 3.0012116e+09 5e-22 8.1157827e-22 7.2438338e-27
9507138.7 8.4982138e+16 5.941679e+09 3.0015923e+09 5e-22 8.0955536e-22 7.2654239e-27
9521441.4 8.506712e+16 5.9368e+09 3.0019712e+09 5e-22 8.0753789e-22 7.2870707e-27
9535770.2 8.5152187e+16 5.9319206e+09 3.0023485e+09 5e-22 8.0552582e-22 7.3087745e-27
9550125.1 8.5237339e+16 5.9270409e+09 3.0027241e+09 5e-22 8.0351915e-22 7.3305354e-27
9564506.2 8.5322576e+16 5.9221609e+09 3.003098e+09 5e-22 8.0151787e-22 7.3523536e-27
9578913.5 8.5407899e+16 5.9172807e+09 3.0034701e+09 5e-22 7.9952195e-22 7.3742291e-27
9593347.2 8.5493307e+16 5.9124001e+09 3.0038406e+09 5e-22 7.9753138e-22 7.3961622e-27
9607807.2 8.55788e+16 5.9075193e+09 3.0042094e+09 5e-22 7.9554615e-22 7.4181529e-27
9622293.6 8.5664379e+16 5.9026381e+09 3.0045764e+09 5e-22 7.9356624e-22 7.4402016e-27
9636806.5 8.5750043e+16 5.8977568e+09 3.0049418e+09 5e-22 7.9159164e-22 7.4623082e-27
9651345.9 8.5835793e+16 5.8928751e+09 3.0053054e+09 5e-22 7.8962234e-22 7.484473e-27
9665912 8.5921629e+16 5.8879932e+09 3.0056672e+09 5e-22 7.8765831e-22 7.5066961e-27
9680504.7 8.6007551e+16 5.883111e+09 3.0060274e+09 5e-22 7.8569955e-22 7.5289777e-27
9695124 8.6093558e+16 5.8782286e+09 3.0063858e+09 5e-22 7.8374603e-22 7.5513179e-27
9709770.2 8.6179652e+16 5.873346e+09 3.0067424e+09 5e-22 7.8179775e-22 7.5737169e-27
9724443.2 8.6265832e+16 5.8684631e+09 3.0070973e+09 5e-22 7.7985469e-22 7.5961749e-27
9739143.1 8.6352097e+16 5.8635799e+09 3.0074505e+09 5e-22 7.7791684e-22 7.618692e-27
9753870 8.6438449e+16 5.8586966e+09 3.0078018e+09 5e-22 7.7598418e-22 7.6412683e-27
9768623.9 8.6524888e+16 5.853813e+09 3.0081515e+09 5e-22 7.7405669e-22 7.6639041e-27
9783404.8 8.6611413e+16 5.8489292e+09 3.0084993e+09 5e-22 7.7213437e-22 7.6865995e-27
9798212.9 8.6698024e+16 5.8440452e+09 3.0088454e+09 5e-22 7.702172e-22 7.7093546e-27
9813048.2 8.6784722e+16 5.839161e+09 3.0091897e+09 5e-22 7.6830516e-22 7.7321696e-27
9827910.7 8.6871507e+16 5.8342766e+09 3.0095322e+09 5e-22 7.6639824e-22 7.7550446e-27
9842800.5 8.6958378e+16 5.8293921e+09 3.0098729e+09 5e-22 7.6449643e-22 7.7779799e-27
9857717.8 8.7045337e+16 5.8245073e+09 3.0102119e+09 5e-22 7.6259971e-22 7.8009756e-27
9872662.4 8.7132382e+16 5.8196223e+09 3.010549e+09 5e-22 7.6070806e-22 7.8240318e-27
9887634.6 8.7219515e+16 5.8147372e+09 3.0108844e+09 5e-22 7.5882148e-22 7.8471488e-27
9902634.3 8.7306734e+16 5.8098519e+09 3.0112179e+09 5e-22 7.5693995e-22 7.8703266e-27
9917661.7 8.7394041e+16 5.8049664e+09 3.0115496e+09 5e-22 7.5506346e-22 7.8935655e-27
9932716.8 8.7481435e+16 5.8000808e+09 3.0118795e+09 5e-22 7.5319198e-22 7.9168656e-27
9947799.6 8.7568916e+16 5.795195e+09 3.0122076e+09 5e-22 7.5132552e-22 7.940227e-27
9962910.2 8.7656485e+16 5.790309e+09 3.0125338e+09 5e-22 7.4946405e-22 7.96365e-27
9978048.6 8.7744142e+16 5.7854229e+09 3.0128583e+09 5e-22 7.4760756e-22 7.9871346e-27
9993215.1 8.7831886e+16 5.7805367e+09 3.0131808e+09 5e-22 7.4575603e-22 8.0106812e-27
10008409 8.7919718e+16 5.7756504e+09 3.0135016e+09 5e-22 7.4390946e-22 8.0342897e-27
10023632 8.8007637e+16 5.7707639e+09 3.0138205e+09 5e-22 7.4206783e-22 8.0579605e-27
10038883 8.8095645e+16 5.7658773e+09 3.0141376e+09 5e-22 7.4023112e-22 8.0816936e-27
10054161 8.8183741e+16 5.7609906e+09 3.0144528e+09 5e-22 7.3839933e-22 8.1054893e-27
10069468 8.8271924e+16 5.7561038e+09 3.0147661e+09 5e-22 7.3657243e-22 8.1293477e-27
10084804 8.8360196e+16 5.7512168e+09 3.0150776e+09 5e-22 7.3475042e-22 8.1532689e-27
10100167 8.8448557e+16 5.7463298e+09 3.0153872e+09 5e-22 7.3293328e-22 8.1772532e-27
10115560 8.8537005e+16 5.7414427e+09 3.0156949e+09 5e-22 7.31121e-22 8.2013006e-27
10130980 8.8625542e+16 5.7365555e+09 3.0160008e+09 5e-22 7.2931356e-22 8.2254115e-27
10146430 8.8714168e+16 5.7316682e+09 3.0163048e+09 5e-22 7.2751095e-22 8.2495859e-27
10161908 8.8802882e+16 5.7267808e+09 3.0166068e+09 5e-22 7.2571316e-22 8.273824e-27
10177414 8.8891685e+16 5.7218934e+09 3.016907e+09 5e-22 7.2392017e-22 8.298126e-27
10192949 8.8980576e+16 5.7170059e+09 3.0172053e+09 5e-22 7.2213198e-22 8.3224921e-27
10208514 8.9069557e+16 5.7121183e+09 3.0175018e+09 5e-22 7.2034856e-22 8.3469224e-27
10224107 8.9158627e+16 5.7072307e+09 3.0177962e+09 5e-22 7.1856991e-22 8.3714171e-27
10239729 8.9247785e+16 5.702343e+09 3.0180888e+09 5e-22 7.1679601e-22 8.3959764e-27
10255380 8.9337033e+16 5.6974553e+09 3.0183795e+09 5e-22 7.1502684e-22 8.4206005e-27
10271060 8.942637e+16 5.6925676e+09 3.0186683e+09 5e-22 7.132624e-22 8.4452895e-27
10286769 8.9515796e+16 5.6876798e+09 3.0189551e+09 5e-22 7.1150268e-22 8.4700436e-27
10302508 8.9605312e+16 5.682792e+09 3.01924e+09 5e-22 7.0974765e-22 8.4948629e-27
10318276 8.9694917e+16 5.6779042e+09 3.019523e+09 5e-22 7.0799731e-22 8.5197478e-27
10334073 8.9784612e+16 5.6730164e+09 3.019804e+09 5e-22 7.0625164e-22 8.5446982e-27
10349900 8.9874397e+16 5.6681285e+09 3.0200831e+09 5e-22 7.0451063e-22 8.5697145e-27
10365756 8.9964271e+16 5.6632407e+09 3.0203602e+09 5e-22 7.0277427e-22 8.5947967e-27
10381641 9.0054236e+16 5.6583528e+09 3.0206354e+09 5e-22 7.0104255e-22 8.6199451e-27
10397557 9.014429e+16 5.653465e+09 3.0209087e+09 5e-22 6.9931545e-22 8.6451599e-27
10413502 9.0234434e+16 5.6485772e+09 3.0211799e+09 5e-22 6.9759295e-22 8.6704412e-27
10429476 9.0324669e+16 5.6436894e+09 3.0214492e+09 5e-22 6.9587505e-22 8.6957891e-27
10445481 9.0414993e+16 5.6388016e+09 3.0217166e+09 5e-22 6.9416174e-22 8.721204e-27
10461515 9.0505408e+16 5.6339138e+09 3.021982e+09 5e-22 6.9245299e-22 8.7466859e-27
10477580 9.0595914e+16 5.6290261e+09 3.0222453e+09 5e-22 6.9074881e-22 8.7722351e-27
10493674 9.068651e+16 5.6241385e+09 3.0225068e+09 5e-22 6.8904917e-22 8.7978517e-27
10509799 9.0777196e+16 5.6192508e+09 3.0227662e+09 5e-22 6.8735406e-22 8.8235358e-27
10525953 9.0867973e+16 5.6143633e+09 3.0230236e+09 5e-22 6.8566347e-22 8.8492878e-27
10542138 9.0958841e+16 5.6094758e+09 3.023279e+09 5e-22 6.8397739e-22 8.8751077e-27
10558353 9.10498e+16 5.6045883e+09 3.0235325e+09 5e-22 6.8229581e-22 8.9009958e-27
10574599 9.114085e+16 5.599701e+09 3.0237839e+09 5e-22 6.8061871e-22 8.9269523e-27
10590875 9.1231991e+16 5.5948137e+09 3.0240333e+09 5e-22 6.7894608e-22 8.9529772e-27
10607181 9.1323223e+16 5.5899264e+09 3.0242807e+09 5e-22 6.7727791e-22 8.9790709e-27
10623519 9.1414546e+16 5.5850393e+09 3.0245261e+09 5e-22 6.7561419e-22 9.0052334e-27
10639886 9.1505961e+16 5.5801523e+09 3.0247695e+09 5e-22 6.739549e-22 9.031465e-27
10656285 9.1597467e+16 5.5752653e+09 3.0250108e+09 5e-22 6.7230003e-22 9.0577659e-27
10672714 9.1689064e+16 5.5703785e+09 3.0252501e+09 5e-22 6.7064957e-22 9.0841362e-27
10689174 9.1780753e+16 5.5654918e+09 3.0254874e+09 5e-22 6.6900351e-22 9.1105762e-27
10705665 9.1872534e+16 5.5606052e+09 3.0257226e+09 5e-22 6.6736184e-22 9.137086e-27
10722187 9.1964406e+16 5.5557187e+09 3.0259558e+09 5e-22 6.6572453e-22 9.1636658e-27
10738740 9.2056371e+16 5.5508323e+09 3.0261869e+09 5e-22 6.6409159e-22 9.1903158e-27
10755325 9.2148427e+16 5.5459461e+09 3.026416e+09 5e-22 6.62463e-22 9.2170362e-27
10771940 9.2240576e+16 5.54106e+09 3.026643e+09 5e-22 6.6083874e-22 9.2438272e-27
10788587 9.2332816e+16 5.5361741e+09 3.0268679e+09 5e-22 6.5921881e-22 9.270689e-27
10805265 9.2425149e+16 5.5312883e+09 3.0270908e+09 5e-22 6.5760319e-22 9.2976217e-27
10821974 9.2517574e+16 5.5264027e+09 3.0273116e+09 5e-22 6.5599188e-22 9.3246256e-27
10838715 9.2610092e+16 5.5215172e+09 3.0275304e+09 5e-22 6.5438485e-22 9.3517008e-27
10855488 9.2702702e+16 5.5166319e+09 3.027747e+09 5e-22 6.527821e-22 9.3788476e-27
10872292 9.2795404e+16 5.5117468e+09 3.0279616e+09 5e-22 6.5118362e-22 9.4060661e-27
10889128 9.28882e+16 5.5068618e+09 3.0281741e+09 5e-22 6.4958939e-22 9.4333565e-27
10905996 9.2981088e+16 5.501977e+09 3.0283845e+09 5e-22 6.479994e-22 9.4607191e-27
10922895 9.3074069e+16 5.4970925e+09 3.0285928e+09 5e-22 6.4641364e-22 9.4881539e-27
10939827 9.3167143e+16 5.4922081e+09 3.028799e+09 5e-22 6.448321e-22 9.5156613e-27
10956790 9.326031e+16 5.4873239e+09 3.029003e+09 5e-22 6.4325477e-22 9.5432414e-27
10973786 9.3353571e+16 5.4824399e+09 3.029205e+09 5e-22 6.4168164e-22 9.5708944e-27
10990814 9.3446924e+16 5.4775562e+09 3.0294049e+09 5e-22 6.4011269e-22 9.5986205e-27
11007874 9.3540371e+16 5.4726726e+09 3.0296026e+09 5e-22 6.3854791e-22 9.6264199e-27
11024966 9.3633912e+16 5.4677893e+09 3.0297982e+09 5e-22 6.3698729e-22 9.6542928e-27
11042091 9.3727545e+16 5.4629062e+09 3.0299917e+09 5e-22 6.3543082e-22 9.6822394e-27
11059248 9.3821273e+16 5.4580234e+09 3.0301831e+09 5e-22 6.3387849e-22 9.7102599e-27
11076437 9.3915094e+16 5.4531408e+09 3.0303723e+09 5e-22 6.3233029e-22 9.7383545e-27
11093660 9.4009009e+16 5.4482584e+09 3.0305594e+09 5e-22 6.307862e-22 9.7665234e-27
11110914 9.4103018e+16 5.4433763e+09 3.0307443e+09 5e-22 6.2924621e-22 9.7947668e-27
11128202 9.4197121e+16 5.4384945e+09 3.0309271e+09 5e-22 6.2771032e-22 9.8230849e-27
11145523 9.4291319e+16 5.4336129e+09 3.0311077e+09 5e-22 6.2617851e-22 9.8514779e-27
11162876 9.438561e+16 5.4287316e+09 3.0312862e+09 5e-22 6.2465077e-22 9.8799459e-27
11180262 9.4479995e+16 5.4238505e+09 3.0314625e+09 5e-22 6.2312709e-22 9.9084893e-27
11197682 9.4574475e+16 5.4189698e+09 3.0316366e+09 5e-22 6.2160745e-22 9.9371083e-27
11215134 9.466905e+16 5.4140893e+09 3.0318086e+09 5e-22 6.2009185e-22 9.9658029e-27
11232620 9.4763719e+16 5.4092092e+09 3.0319784e+09 5e-22 6.1858028e-22 9.9945734e-27
11250139 9.4858483e+16 5.4043293e+09 3.032146e+09 5e-22 6.1707272e-22 1.002342e-26
11267691 9.4953341e+16 5.3994497e+09 3.0323115e+09 5e-22 6.1556917e-22 1.0052343e-26
11285277 9.5048295e+16 5.3945705e+09 3.0324747e+09 5e-22 6.1406961e-22 1.0081343e-26
11302896 9.5143343e+16 5.3896915e+09 3.0326358e+09 5e-22 6.1257403e-22 1.0110419e-26
11320549 9.5238486e+16 5.3848129e+09 3.0327947e+09 5e-22 6.1108241e-22 1.0139572e-26
11338235 9.5333725e+16 5.3799346e+09 3.0329513e+09 5e-22 6.0959476e-22 1.0168803e-26
11355956 9.5429058e+16 5.3750567e+09 3.0331058e+09 5e-22 6.0811106e-22 1.019811e-26
11373710 9.5524487e+16 5.3701791e+09 3.0332581e+09 5e-22 6.0663129e-22 1.0227496e-26
11391498 9.5620012e+16 5.3653018e+09 3.0334081e+09 5e-22 6.0515545e-22 1.0256959e-26
11409319 9.5715632e+16 5.3604249e+09 3.0335559e+09 5e-22 6.0368353e-22 1.02865e-26
11427175 9.5811348e+16 5.3555483e+09 3.0337015e+09 5e-22 6.0221551e-22 1.031612e-26
11445066 9.5907159e+16 5.3506721e+09 3.0338449e+09 5e-22 6.0075139e-22 1.0345817e-26
11462990 9.6003066e+16 5.3457963e+09 3.0339861e+09 5e-22 5.9929115e-22 1.0375594e-26
11480948 9.6099069e+16 5.3409209e+09 3.034125e+09 5e-22 5.9783478e-22 1.0405449e-26
11498941 9.6195168e+16 5.3360458e+09 3.0342617e+09 5e-22 5.9638227e-22 1.0435384e-26
11516969 9.6291363e+16 5.3311711e+09 3.0343962e+09 5e-22 5.9493362e-22 1.0465397e-26
11535031 9.6387655e+16 5.3262968e+09 3.0345284e+09 5e-22 5.934888e-22 1.049549e-26
11553127 9.6484042e+16 5.3214229e+09 3.0346583e+09 5e-22 5.9204782e-22 1.0525663e-26
11571259 9.6580526e+16 5.3165494e+09 3.034786e+09 5e-22 5.9061066e-22 1.0555916e-26
11589425 9.6677107e+16 5.3116763e+09 3.0349115e+09 5e-22 5.891773e-22 1.0586249e-26
11607626 9.6773784e+16 5.3068037e+09 3.0350347e+09 5e-22 5.8774775e-22 1.0616662e-26
11625861 9.6870558e+16 5.3019314e+09 3.0351556e+09 5e-22 5.8632198e-22 1.0647156e-26
11644132 9.6967428e+16 5.2970596e+09 3.0352742e+09 5e-22 5.8489999e-22 1.0677731e-26
11662438 9.7064396e+16 5.2921882e+09 3.0353906e+09 5e-22 5.8348177e-22 1.0708386e-26
11680779 9.716146e+16 5.2873173e+09 3.0355047e+09 5e-22 5.8206731e-22 1.0739123e-26
11699155 9.7258622e+16 5.2824468e+09 3.0356165e+09 5e-22 5.8065659e-22 1.0769942e-26
11717567 9.735588e+16 5.2775767e+09 3.0357261e+09 5e-22 5.7924961e-22 1.0800842e-26
11736014 9.7453236e+16 5.2727071e+09 3.0358333e+09 5e-22 5.7784635e-22 1.0831824e-26
11754497 9.7550689e+16 5.267838e+09 3.0359383e+09 5e-22 5.7644681e-22 1.0862888e-26
11773015 9.764824e+16 5.2629693e+09 3.036041e+09 5e-22 5.7505098e-22 1.0894034e-26
11791569 9.7745888e+16 5.2581011e+09 3.0361413e+09 5e-22 5.7365884e-22 1.0925263e-26
11810158 9.7843634e+16 5.2532334e+09 3.0362394e+09 5e-22 5.7227039e-22 1.0956575e-26
11828784 9.7941478e+16 5.2483662e+09 3.0363352e+09 5e-22 5.7088561e-22 1.098797e-26
11847445 9.8039419e+16 5.2434994e+09 3.0364286e+09 5e-22 5.695045e-22 1.1019448e-26
11866142 9.8137459e+16 5.2386332e+09 3.0365197e+09 5e-22 5.6812704e-22 1.105101e-26
11884876 9.8235596e+16 5.2337674e+09 3.0366085e+09 5e-22 5.6675323e-22 1.1082655e-26
11903645 9.8333832e+16 5.2289022e+09 3.036695e+09 5e-22 5.6538305e-22 1.1114384e-26
11922451 9.8432166e+16 5.2240375e+09 3.0367792e+09 5e-22 5.640165e-22 1.1146197e-26
11941293 9.8530598e+16 5.2191733e+09 3.036861e+09 5e-22 5.6265356e-22 1.1178095e-26
11960172 9.8629128e+16 5.2143096e+09 3.0369405e+09 5e-22 5.6129423e-22 1.1210078e-26
11979087 9.8727758e+16 5.2094464e+09 3.0370176e+09 5e-22 5.5993849e-22 1.1242145e-26
11998039 9.8826485e+16 5.2045838e+09 3.0370925e+09 5e-22 5.5858634e-22 1.1274297e-26
12017027 9.8925312e+16 5.1997218e+09 3.0371649e+09 5e-22 5.5723776e-22 1.1306535e-26
12036052 9.9024237e+16 5.1948602e+09 3.037235e+09 5e-22 5.5589275e-22 1.1338858e-26
12055114 9.9123261e+16 5.1899993e+09 3.0373028e+09 5e-22 5.5455129e-22 1.1371266e-26
12074213 9.9222385e+16 5.1851389e+09 3.0373682e+09 5e-22 5.5321338e-22 1.1403761e-26
12093349 9.9321607e+16 5.180279e+09 3.0374312e+09 5e-22 5.5187901e-22 1.1436342e-26
12112522 9.9420929e+16 5.1754198e+09 3.0374919e+09 5e-22 5.5054816e-22 1.146901e-26
12131732 9.952035e+16 5.1705611e+09 3.0375502e+09 5e-22 5.4922083e-22 1.1501764e-26
12150980 9.961987e+16 5.165703e+09 3.0376062e+09 5e-22 5.47897e-22 1.1534606e-26
12170265 9.971949e+16 5.1608455e+09 3.0376597e+09 5e-22 5.4657668e-22 1.1567534e-26
12189587 9.9819209e+16 5.1559885e+09 3.0377109e+09 5e-22 5.4525984e-22 1.160055e-26
12208947 9.9919028e+16 5.1511322e+09 3.0377597e+09 5e-22 5.4394648e-22 1.1633653e-26
12228344 1.0001895e+17 5.1462765e+09 3.0378061e+09 5e-22 5.4263658e-22 1.1666845e-26
12247779 1.0011897e+17 5.1414214e+09 3.0378501e+09 5e-22 5.4133015e-22 1.1700124e-26
12267252 1.0021909e+17 5.1365669e+09 3.0378917e+09 5e-22 5.4002716e-22 1.1733492e-26
12286763 1.003193e+17 5.131713e+09 3.037931e+09 5e-22 5.3872762e-22 1.1766948e-26
12306312 1.0041962e+17 5.1268598e+09 3.0379678e+09 5e-22 5.3743151e-22 1.1800494e-26
12325899 1.0052004e+17 5.1220072e+09 3.0380022e+09 5e-22 5.3613882e-22 1.1834128e-26
12345524 1.0062056e+17 5.1171553e+09 3.0380342e+09 5e-22 5.3484953e-22 1.1867852e-26
12365188 1.0072118e+17 5.112304e+09 3.0380638e+09 5e-22 5.3356366e-22 1.1901665e-26
12384889 1.0082191e+17 5.1074533e+09 3.038091e+09 5e-22 5.3228117e-22 1.1935569e-26
12404630 1.0092273e+17 5.1026033e+09 3.0381157e+09 5e-22 5.3100207e-22 1.1969562e-26
12424408 1.0102365e+17 5.097754e+09 3.0381381e+09 5e-22 5.2972634e-22 1.2003645e-26
12444226 1.0112467e+17 5.0929053e+09 3.038158e+09 5e-22 5.2845398e-22 1.203782e-26
12464082 1.012258e+17 5.0880573e+09 3.0381754e+09 5e-22 5.2718498e-22 1.2072085e-26
12483976 1.0132702e+17 5.08321e+09 3.0381905e+09 5e-22 5.2591932e-22 1.2106441e-26
12503910 1.0142835e+17 5.0783634e+09 3.0382031e+09 5e-22 5.2465699e-22 1.2140888e-26
12523883 1.0152978e+17 5.0735175e+09 3.0382133e+09 5e-22 5.23398e-22 1.2175427e-26
12543894 1.0163131e+17 5.0686723e+09 3.038221e+09 5e-22 5.2214233e-22 1.2210057e-26
12563945 1.0173294e+17 5.0638277e+09 3.0382262e+09 5e-22 5.2088996e-22 1.224478e-26
12584035 1.0183467e+17 5.0589839e+09 3.0382291e+09 5e-22 5.196409e-22 1.2279595e-26
12604165 1.0193651e+17 5.0541408e+09 3.0382294e+09 5e-22 5.1839513e-22 1.2314503e-26
12624334 1.0203844e+17 5.0492985e+09 3.0382273e+09 5e-22 5.1715264e-22 1.2349503e-26
12644542 1.0214048e+17 5.0444568e+09 3.0382227e+09 5e-22 5.1591342e-22 1.2384597e-26
12664790 1.0224262e+17 5.0396159e+09 3.0382157e+09 5e-22 5.1467747e-22 1.2419784e-26
12685078 1.0234487e+17 5.0347758e+09 3.0382062e+09 5e-22 5.1344478e-22 1.2455064e-26
12705406 1.0244721e+17 5.0299363e+09 3.0381943e+09 5e-22 5.1221533e-22 1.2490438e-26
12725773 1.0254966e+17 5.0250977e+09 3.0381798e+09 5e-22 5.1098912e-22 1.2525906e-26
12746181 1.0265221e+17 5.0202598e+09 3.0381629e+09 5e-22 5.0976614e-22 1.2561469e-26
12766628 1.0275486e+17 5.0154226e+09 3.0381435e+09 5e-22 5.0854638e-22 1.2597126e-26
12787116 1.0285761e+17 5.0105862e+09 3.0381216e+09 5e-22 5.0732983e-22 1.2632878e-26
12807644 1.0296047e+17 5.0057506e+09 3.0380972e+09 5e-22 5.0611649e-22 1.2668726e-26
12828212 1.0306343e+17 5.0009158e+09 3.0380703e+09 5e-22 5.0490634e-22 1.2704668e-26
12848821 1.031665e+17 4.9960818e+09 3.0380409e+09 5e-22 5.0369937e-22 1.2740706e-26
12869471 1.0326966e+17 4.9912485e+09 3.0380091e+09 5e-22 5.0249558e-22 1.277684e-26
12890161 1.0337293e+17 4.9864161e+09 3.0379747e+09 5e-22 5.0129495e-22 1.2813071e-26
12910892 1.0347631e+17 4.9815844e+09 3.0379378e+09 5e-22 5.0009749e-22 1.2849397e-26
12931664 1.0357978e+17 4.9767536e+09 3.0378984e+09 5e-22 4.9890318e-22 1.2885821e-26
12952476 1.0368336e+17 4.9719236e+09 3.0378565e+09 5e-22 4.97712e-22 1.2922341e-26
12973330 1.0378704e+17 4.9670944e+09 3.0378121e+09 5e-22 4.9652396e-22 1.2958959e-26
12994225 1.0389083e+17 4.962266e+09 3.0377651e+09 5e-22 4.9533905e-22 1.2995674e-26
13015161 1.0399472e+17 4.9574385e+09 3.0377156e+09 5e-22 4.9415725e-22 1.3032486e-26
13036139 1.0409872e+17 4.9526117e+09 3.0376637e+09 5e-22 4.9297855e-22 1.3069397e-26
13057158 1.0420282e+17 4.9477859e+09 3.0376091e+09 5e-22 4.9180296e-22 1.3106406e-26
13078218 1.0430702e+17 4.9429609e+09 3.0375521e+09 5e-22 4.9063046e-22 1.3143514e-26
13099320 1.0441133e+17 4.9381367e+09 3.0374925e+09 5e-22 4.8946103e-22 1.318072e-26
13120464 1.0451574e+17 4.9333134e+09 3.0374303e+09 5e-22 4.8829468e-22 1.3218026e-26
13141650 1.0462025e+17 4.928491e+09 3.0373657e+09 5e-22 4.871314e-22 1.3255431e-26
13162878 1.0472487e+17 4.9236695e+09 3.0372984e+09 5e-22 4.8597117e-22 1.3292935e-26
13184147 1.048296e+17 4.9188488e+09 3.0372287e+09 5e-22 4.8481399e-22 1.333054e-26
13205459 1.0493443e+17 4.914029e+09 3.0371563e+09 5e-22 4.8365985e-22 1.3368244e-26
13226813 1.0503936e+17 4.9092101e+09 3.0370815e+09 5e-22 4.8250874e-22 1.3406049e-26
13248210 1.051444e+17 4.9043921e+09 3.037004e+09 5e-22 4.8136066e-22 1.3443955e-26
13269648 1.0524955e+17 4.899575e+09 3.036924e+09 5e-22 4.8021559e-22 1.3481962e-26
13291130 1.053548e+17 4.8947588e+09 3.0368415e+09 5e-22 4.7907352e-22 1.352007e-26
13312654 1.0546015e+17 4.8899435e+09 3.0367563e+09 5e-22 4.7793445e-22 1.355828e-26
13334220 1.0556561e+17 4.8851291e+09 3.0366686e+09 5e-22 4.7679838e-22 1.3596591e-26
13355830 1.0567118e+17 4.8803157e+09 3.0365784e+09 5e-22 4.7566528e-22 1.3635005e-26
13377483 1.0577685e+17 4.8755032e+09 3.0364855e+09 5e-22 4.7453516e-22 1.3673521e-26
13399178 1.0588262e+17 4.8706916e+09 3.0363901e+09 5e-22 4.7340801e-22 1.3712139e-26
13420917 1.0598851e+17 4.865881e+09 3.0362921e+09 5e-22 4.7228381e-22 1.3750861e-26
13442699 1.060945e+17 4.8610713e+09 3.0361915e+09 5e-22 4.7116256e-22 1.3789686e-26
13464524 1.0620059e+17 4.8562626e+09 3.0360883e+09 5e-22 4.7004425e-22 1.3828614e-26
13486393 1.0630679e+17 4.8514548e+09 3.0359825e+09 5e-22 4.6892887e-22 1.3867646e-26
13508305 1.064131e+17 4.846648e+09 3.0358741e+09 5e-22 4.6781642e-22 1.3906782e-26
13530261 1.0651951e+17 4.8418422e+09 3.0357631e+09 5e-22 4.6670689e-22 1.3946023e-26
13552261 1.0662603e+17 4.8370373e+09 3.0356496e+09 5e-22 4.6560027e-22 1.3985368e-26
13574305 1.0673266e+17 4.8322334e+09 3.0355334e+09 5e-22 4.6449654e-22 1.4024819e-26
13596392 1.0683939e+17 4.8274305e+09 3.0354146e+09 5e-22 4.6339571e-22 1.4064374e-26
13618524 1.0694623e+17 4.8226286e+09 3.0352932e+09 5e-22 4.6229777e-22 1.4104035e-26
13640700 1.0705317e+17 4.8178277e+09 3.0351692e+09 5e-22 4.612027e-22 1.4143802e-26
13662920 1.0716023e+17 4.8130278e+09 3.0350425e+09 5e-22 4.601105e-22 1.4183675e-26
13685185 1.0726739e+17 4.808229e+09 3.0349133e+09 5e-22 4.5902116e-22 1.4223654e-26
13707494 1.0737465e+17 4.8034311e+09 3.0347814e+09 5e-22 4.5793468e-22 1.426374e-26
13729848 1.0748203e+17 4.7986342e+09 3.0346469e+09 5e-22 4.5685104e-22 1.4303933e-26
13752246 1.0758951e+17 4.7938384e+09 3.0345098e+09 5e-22 4.5577024e-22 1.4344233e-26
13774690 1.076971e+17 4.7890436e+09 3.0343701e+09 5e-22 4.5469228e-22 1.4384641e-26
13797178 1.078048e+17 4.7842499e+09 3.0342277e+09 5e-22 4.5361713e-22 1.4425157e-26
13819711 1.079126e+17 4.7794572e+09 3.0340826e+09 5e-22 4.525448e-22 1.4465781e-26
13842289 1.0802052e+17 4.7746656e+09 3.033935e+09 5e-22 4.5147527e-22 1.4506513e-26
13864913 1.0812854e+17 4.769875e+09 3.0337847e+09 5e-22 4.5040855e-22 1.4547354e-26
13887582 1.0823666e+17 4.7650854e+09 3.0336317e+09 5e-22 4.4934461e-22 1.4588304e-26
13910297 1.083449e+17 4.760297e+09 3.0334761e+09 5e-22 4.4828346e-22 1.4629363e-26
13933057 1.0845325e+17 4.7555096e+09 3.0333179e+09 5e-22 4.4722509e-22 1.4670533e-26
13955863 1.085617e+17 4.7507233e+09 3.033157e+09 5e-22 4.4616949e-22 1.4711812e-26
13978714 1.0867026e+17 4.745938e+09 3.0329935e+09 5e-22 4.4511664e-22 1.4753201e-26
14001612 1.0877893e+17 4.7411539e+09 3.0328272e+09 5e-22 4.4406655e-22 1.4794701e-26
14024555 1.0888771e+17 4.7363709e+09 3.0326584e+09 5e-22 4.4301921e-22 1.4836311e-26
14047545 1.089966e+17 4.7315889e+09 3.0324868e+09 5e-22 4.4197461e-22 1.4878033e-26
14070581 1.0910559e+17 4.7268081e+09 3.0323126e+09 5e-22 4.4093273e-22 1.4919867e-26
14093663 1.092147e+17 4.7220284e+09 3.0321358e+09 5e-22 4.3989358e-22 1.4961812e-26
14116792 1.0932391e+17 4.7172498e+09 3.0319562e+09 5e-22 4.3885715e-22 1.5003869e-26
14139967 1.0943324e+17 4.7124723e+09 3.031774e+09 5e-22 4.3782343e-22 1.5046038e-26
14163189 1.0954267e+17 4.707696e+09 3.0315891e+09 5e-22 4.367924e-22 1.5088321e-26
14186458 1.0965221e+17 4.7029208e+09 3.0314016e+09 5e-22 4.3576407e-22 1.5130716e-26
14209774 1.0976187e+17 4.6981467e+09 3.0312113e+09 5e-22 4.3473843e-22 1.5173225e-26
14233137 1.0987163e+17 4.6933738e+09 3.0310184e+09 5e-22 4.3371547e-22 1.5215847e-26
14256547 1.099815e+17 4.688602e+09 3.0308227e+09 5e-22 4.3269518e-22 1.5258583e-26
14280004 1.1009148e+17 4.6838314e+09 3.0306244e+09 5e-22 4.3167755e-22 1.5301433e-26
14303509 1.1020157e+17 4.679062e+09 3.0304234e+09 5e-22 4.3066258e-22 1.5344398e-26
14327061 1.1031178e+17 4.6742937e+09 3.0302197e+09 5e-22 4.2965026e-22 1.5387478e-26
14350660 1.1042209e+17 4.6695266e+09 3.0300133e+09 5e-22 4.2864058e-22 1.5430673e-26
14374308 1.1053251e+17 4.6647607e+09 3.0298042e+09 5e-22 4.2763354e-22 1.5473984e-26
14398003 1.1064304e+17 4.6599959e+09 3.0295924e+09 5e-22 4.2662913e-22 1.5517411e-26
14421746 1.1075368e+17 4.6552324e+09 3.0293779e+09 5e-22 4.2562734e-22 1.5560953e-26
14445537 1.1086444e+17 4.6504701e+09 3.0291607e+09 5e-22 4.2462816e-22 1.5604612e-26
14469377 1.109753e+17 4.6457089e+09 3.0289407e+09 5e-22 4.2363159e-22 1.5648388e-26
14493264 1.1108628e+17 4.640949e+09 3.0287181e+09 5e-22 4.2263762e-22 1.5692281e-26
14517201 1.1119736e+17 4.6361903e+09 3.0284928e+09 5e-22 4.2164624e-22 1.5736292e-26
14541185 1.1130856e+17 4.6314328e+09 3.0282647e+09 5e-22 4.2065745e-22 1.578042e-26
14565218 1.1141987e+17 4.6266765e+09 3.0280339e+09 5e-22 4.1967124e-22 1.5824666e-26
14589300 1.1153129e+17 4.6219215e+09 3.0278004e+09 5e-22 4.1868759e-22 1.5869031e-26
14613431 1.1164282e+17 4.6171677e+09 3.0275641e+09 5e-22 4.1770651e-22 1.5913514e-26
14637611 1.1175446e+17 4.6124151e+09 3.0273252e+09 5e-22 4.1672799e-22 1.5958117e-26
14661840 1.1186622e+17 4.6076638e+09 3.0270835e+09 5e-22 4.1575202e-22 1.6002839e-26
14686119 1.1197808e+17 4.6029138e+09 3.0268391e+09 5e-22 4.147786e-22 1.604768e-26
14710446 1.1209006e+17 4.598165e+09 3.0265919e+09 5e-22 4.1380771e-22 1.6092642e-26
14734823 1.1220215e+17 4.5934175e+09 3.026342e+09 5e-22 4.1283935e-22 1.6137724e-26
14759250 1.1231436e+17 4.5886712e+09 3.0260894e+09 5e-22 4.1187351e-22 1.6182927e-26
14783727 1.1242667e+17 4.5839262e+09 3.025834e+09 5e-22 4.1091018e-22 1.6228251e-26
14808253 1.125391e+17 4.5791825e+09 3.0255759e+09 5e-22 4.0994937e-22 1.6273696e-26
14832829 1.1265164e+17 4.5744401e+09 3.025315e+09 5e-22 4.0899106e-22 1.6319263e-26
14857456 1.1276429e+17 4.569699e+09 3.0250514e+09 5e-22 4.0803524e-22 1.6364952e-26
14882132 1.1287705e+17 4.5649592e+09 3.024785e+09 5e-22 4.0708191e-22 1.6410763e-26
14906859 1.1298993e+17 4.5602207e+09 3.0245159e+09 5e-22 4.0613107e-22 1.6456697e-26
14931636 1.1310292e+17 4.5554835e+09 3.024244e+09 5e-22 4.051827e-22 1.6502754e-26
14956464 1.1321602e+17 4.5507476e+09 3.0239694e+09 5e-22 4.0423679e-22 1.6548935e-26
14981343 1.1332924e+17 4.546013e+09 3.023692e+09 5e-22 4.0329335e-22 1.6595239e-26
15006272 1.1344257e+17 4.5412798e+09 3.0234119e+09 5e-22 4.0235236e-22 1.6641667e-26
15031252 1.1355601e+17 4.5365478e+09 3.023129e+09 5e-22 4.0141382e-22 1.668822e-26
15056284 1.1366956e+17 4.5318173e+09 3.0228433e+09 5e-22 4.0047772e-22 1.6734898e-26
15081366 1.1378323e+17 4.527088e+09 3.0225549e+09 5e-22 3.9954406e-22 1.6781701e-26
15106500 1.1389702e+17 4.5223602e+09 3.0222636e+09 5e-22 3.9861282e-22 1.6828629e-26
15131685 1.1401091e+17 4.5176336e+09 3.0219697e+09 5e-22 3.9768401e-22 1.6875683e-26
15156922 1.1412493e+17 4.5129085e+09 3.0216729e+09 5e-22 3.9675761e-22 1.6922863e-26
15182211 1.1423905e+17 4.5081847e+09 3.0213734e+09 5e-22 3.9583362e-22 1.6970169e-26
15207551 1.1435329e+17 4.5034622e+09 3.0210711e+09 5e-22 3.9491202e-22 1.7017603e-26
15232943 1.1446764e+17 4.4987412e+09 3.020766e+09 5e-22 3.9399283e-22 1.7065163e-26
15258388 1.1458211e+17 4.4940215e+09 3.0204581e+09 5e-22 3.9307602e-22 1.7112852e-26
15283884 1.1469669e+17 4.4893032e+09 3.0201474e+09 5e-22 3.921616e-22 1.7160668e-26
15309433 1.1481139e+17 4.4845863e+09 3.019834e+09 5e-22 3.9124955e-22 1.7208612e-26
15335035 1.149262e+17 4.4798708e+09 3.0195178e+09 5e-22 3.9033986e-22 1.7256685e-26
15360689 1.1504113e+17 4.4751567e+09 3.0191987e+09 5e-22 3.8943254e-22 1.7304887e-26
15386395 1.1515617e+17 4.470444e+09 3.0188769e+09 5e-22 3.8852758e-22 1.7353218e-26
15412155 1.1527132e+17 4.4657328e+09 3.0185523e+09 5e-22 3.8762497e-22 1.7401679e-26
15437967 1.153866e+17 4.4610229e+09 3.0182249e+09 5e-22 3.867247e-22 1.745027e-26
15463833 1.1550198e+17 4.4563145e+09 3.0178947e+09 5e-22 3.8582676e-22 1.7498992e-26
15489751 1.1561748e+17 4.4516075e+09 3.0175617e+09 5e-22 3.8493116e-22 1.7547844e-26
15515723 1.157331e+17 4.446902e+09 3.0172259e+09 5e-22 3.8403788e-22 1.7596827e-26
15541749 1.1584883e+17 4.4421978e+09 3.0168873e+09 5e-22 3.8314692e-22 1.7645942e-26
15567828 1.1596468e+17 4.4374952e+09 3.0165459e+09 5e-22 3.8225827e-22 1.7695189e-26
15593961 1.1608065e+17 4.432794e+09 3.0162017e+09 5e-22 3.8137192e-22 1.7744567e-26
15620148 1.1619673e+17 4.4280942e+09 3.0158547e+09 5e-22 3.8048788e-22 1.7794079e-26
15646389 1.1631293e+17 4.4233959e+09 3.0155048e+09 5e-22 3.7960612e-22 1.7843723e-26
15672683 1.1642924e+17 4.4186991e+09 3.0151522e+09 5e-22 3.7872666e-22 1.7893501e-26
15699033 1.1654567e+17 4.4140037e+09 3.0147967e+09 5e-22 3.7784947e-22 1.7943412e-26
15725436 1.1666221e+17 4.4093099e+09 3.0144384e+09 5e-22 3.7697455e-22 1.7993458e-26
15751894 1.1677888e+17 4.4046175e+09 3.0140774e+09 5e-22 3.7610191e-22 1.8043637e-26
15778407 1.1689565e+17 4.3999266e+09 3.0137134e+09 5e-22 3.7523152e-22 1.8093952e-26
15804975 1.1701255e+17 4.3952372e+09 3.0133467e+09 5e-22 3.7436339e-22 1.8144402e-26
15831598 1.1712956e+17 4.3905493e+09 3.0129771e+09 5e-22 3.7349751e-22 1.8194987e-26
15858275 1.1724669e+17 4.3858629e+09 3.0126047e+09 5e-22 3.7263388e-22 1.8245708e-26
15885008 1.1736394e+17 4.3811781e+09 3.0122295e+09 5e-22 3.7177247e-22 1.8296566e-26
15911796 1.174813e+17 4.3764947e+09 3.0118515e+09 5e-22 3.709133e-22 1.834756e-26
15938640 1.1759878e+17 4.3718129e+09 3.0114706e+09 5e-22 3.7005636e-22 1.8398691e-26
15965539 1.1771638e+17 4.3671326e+09 3.0110869e+09 5e-22 3.6920163e-22 1.844996e-26
15992494 1.178341e+17 4.3624538e+09 3.0107004e+09 5e-22 3.6834912e-22 1.8501366e-26
16019505 1.1795193e+17 4.3577766e+09 3.010311e+09 5e-22 3.6749881e-22 1.8552911e-26
16046572 1.1806989e+17 4.3531009e+09 3.0099188e+09 5e-22 3.666507e-22 1.8604594e-26
16073695 1.1818796e+17 4.3484268e+09 3.0095238e+09 5e-22 3.6580479e-22 1.8656417e-26
16100875 1.1830614e+17 4.3437542e+09 3.0091259e+09 5e-22 3.6496107e-22 1.8708378e-26
16128111 1.1842445e+17 4.3390832e+09 3.0087252e+09 5e-22 3.6411953e-22 1.8760479e-26
16155403 1.1854287e+17 4.3344137e+09 3.0083216e+09 5e-22 3.6328016e-22 1.8812721e-26
16182753 1.1866142e+17 4.3297458e+09 3.0079152e+09 5e-22 3.6244297e-22 1.8865103e-26
16210159 1.1878008e+17 4.3250795e+09 3.0075059e+09 5e-22 3.6160794e-22 1.8917625e-26
16237622 1.1889886e+17 4.3204148e+09 3.0070938e+09 5e-22 3.6077507e-22 1.8970289e-26
16265142 1.1901776e+17 4.3157517e+09 3.0066789e+09 5e-22 3.5994435e-22 1.9023095e-26
16292720 1.1913677e+17 4.3110902e+09 3.0062611e+09 5e-22 3.5911578e-22 1.9076043e-26
16320355 1.1925591e+17 4.3064302e+09 3.0058404e+09 5e-22 3.5828936e-22 1.9129133e-26
16348047 1.1937517e+17 4.3017719e+09 3.0054169e+09 5e-22 3.5746506e-22 1.9182366e-26
16375797 1.1949454e+17 4.2971151e+09 3.0049906e+09 5e-22 3.566429e-22 1.9235743e-26
16403605 1.1961404e+17 4.29246e+09 3.0045613e+09 5e-22 3.5582286e-22 1.9289263e-26
16431471 1.1973365e+17 4.2878065e+09 3.0041293e+09 5e-22 3.5500494e-22 1.9342927e-26
16459396 1.1985338e+17 4.2831547e+09 3.0036943e+09 5e-22 3.5418913e-22 1.9396735e-26
16487378 1.1997324e+17 4.2785044e+09 3.0032565e+09 5e-22 3.5337543e-22 1.9450689e-26
16515419 1.2009321e+17 4.2738558e+09 3.0028159e+09 5e-22 3.5256383e-22 1.9504787e-26
16543519 1.202133e+17 4.2692089e+09 3.0023724e+09 5e-22 3.5175432e-22 1.9559032e-26
16571677 1.2033352e+17 4.2645635e+09 3.001926e+09 5e-22 3.5094691e-22 1.9613422e-26
16599894 1.2045385e+17 4.2599199e+09 3.0014767e+09 5e-22 3.5014157e-22 1.9667959e-26
16628170 1.2057431e+17 4.2552779e+09 3.0010246e+09 5e-22 3.4933832e-22 1.9722643e-26
16656505 1.2069488e+17 4.2506375e+09 3.0005697e+09 5e-22 3.4853714e-22 1.9777474e-26
16684900 1.2081557e+17 4.2459988e+09 3.0001118e+09 5e-22 3.4773802e-22 1.9832452e-26
16713354 1.2093639e+17 4.2413618e+09 2.9996511e+09 5e-22 3.4694097e-22 1.9887579e-26
16741867 1.2105733e+17 4.2367265e+09 2.9991875e+09 5e-22 3.4614597e-22 1.9942854e-26
16770441 1.2117838e+17 4.2320929e+09 2.998721e+09 5e-22 3.4535302e-22 1.9998278e-26
16799074 1.2129956e+17 4.2274609e+09 2.9982517e+09 5e-22 3.4456212e-22 2.0053852e-26
16827767 1.2142086e+17 4.2228306e+09 2.9977795e+09 5e-22 3.4377325e-22 2.0109575e-26
16856520 1.2154228e+17 4.2182021e+09 2.9973044e+09 5e-22 3.4298642e-22 2.0165449e-26
16885334 1.2166382e+17 4.2135752e+09 2.9968264e+09 5e-22 3.4220162e-22 2.0221473e-26
16914208 1.2178549e+17 4.20895e+09 2.9963456e+09 5e-22 3.4141884e-22 2.0277648e-26
16943143 1.2190727e+17 4.2043266e+09 2.9958619e+09 5e-22 3.4063807e-22 2.0333974e-26
16972139 1.2202918e+17 4.1997049e+09 2.9953753e+09 5e-22 3.3985932e-22 2.0390452e-26
17001196 1.2215121e+17 4.1950849e+09 2.9948858e+09 5e-22 3.3908257e-22 2.0447083e-26
17030313 1.2227336e+17 4.1904666e+09 2.9943934e+09 5e-22 3.3830782e-22 2.0503866e-26
17059492 1.2239564e+17 4.1858501e+09 2.9938981e+09 5e-22 3.3753507e-22 2.0560803e-26
17088733 1.2251803e+17 4.1812353e+09 2.9934e+09 5e-22 3.3676431e-22 2.0617893e-26
17118034 1.2264055e+17 4.1766222e+09 2.992899e+09 5e-22 3.3599553e-22 2.0675136e-26
17147398 1.2276319e+17 4.1720109e+09 2.9923951e+09 5e-22 3.3522873e-22 2.0732535e-26
17176823 1.2288595e+17 4.1674014e+09 2.9918883e+09 5e-22 3.3446391e-22 2.0790088e-26
17206311 1.2300884e+17 4.1627936e+09 2.9913786e+09 5e-22 3.3370105e-22 2.0847796e-26
17235861 1.2313185e+17 4.1581876e+09 2.990866e+09 5e-22 3.3294015e-22 2.090566e-26
17265472 1.2325498e+17 4.1535833e+09 2.9903505e+09 5e-22 3.3218121e-22 2.096368e-26
17295147 1.2337823e+17 4.1489809e+09 2.9898322e+09 5e-22 3.3142423e-22 2.1021857e-26
17324884 1.2350161e+17 4.1443802e+09 2.9893109e+09 5e-22 3.3066919e-22 2.1080191e-26
17354684 1.2362511e+17 4.1397813e+09 2.9887868e+09 5e-22 3.2991609e-22 2.1138682e-26
17384546 1.2374874e+17 4.1351841e+09 2.9882597e+09 5e-22 3.2916493e-22 2.1197331e-26
17414472 1.2387249e+17 4.1305888e+09 2.9877298e+09 5e-22 3.284157e-22 2.1256138e-26
17444461 1.2399636e+17 4.1259953e+09 2.9871969e+09 5e-22 3.2766839e-22 2.1315104e-26
17474514 1.2412036e+17 4.1214036e+09 2.9866612e+09 5e-22 3.2692301e-22 2.137423e-26
17504630 1.2424448e+17 4.1168137e+09 2.9861226e+09 5e-22 3.2617954e-22 2.1433515e-26
17534809 1.2436872e+17 4.1122256e+09 2.985581e+09 5e-22 3.2543798e-22 2.149296e-26
17565053 1.2449309e+17 4.1076394e+09 2.9850366e+09 5e-22 3.2469833e-22 2.1552565e-26
17595361 1.2461758e+17 4.1030549e+09 2.9844893e+09 5e-22 3.2396057e-22 2.1612332e-26
17625733 1.247422e+17 4.0984723e+09 2.983939e+09 5e-22 3.2322471e-22 2.1672259e-26
17656169 1.2486694e+17 4.0938916e+09 2.9833859e+09 5e-22 3.2249074e-22 2.1732349e-26
17686670 1.2499181e+17 4.0893127e+09 2.9828299e+09 5e-22 3.2175865e-22 2.1792601e-26
17717235 1.251168e+17 4.0847356e+09 2.9822709e+09 5e-22 3.2102844e-22 2.1853016e-26
17747866 1.2524192e+17 4.0801604e+09 2.9817091e+09 5e-22 3.2030011e-22 2.1913594e-26
17778561 1.2536716e+17 4.075587e+09 2.9811443e+09 5e-22 3.1957365e-22 2.1974336e-26
17809321 1.2549253e+17 4.0710155e+09 2.9805767e+09 5e-22 3.1884905e-22 2.2035242e-26
17840147 1.2561802e+17 4.0664459e+09 2.9800061e+09 5e-22 3.181263e-22 2.2096313e-26
17871039 1.2574364e+17 4.0618781e+09 2.9794326e+09 5e-22 3.1740542e-22 2.2157548e-26
17901996 1.2586938e+17 4.0573122e+09 2.9788563e+09 5e-22 3.1668638e-22 2.2218949e-26
17933018 1.2599525e+17 4.0527482e+09 2.978277e+09 5e-22 3.1596918e-22 2.2280516e-26
17964107 1.2612125e+17 4.0481861e+09 2.9776948e+09 5e-22 3.1525383e-22 2.234225e-26
17995262 1.2624737e+17 4.0436259e+09 2.9771097e+09 5e-22 3.145403e-22 2.240415e-26
18026484 1.2637362e+17 4.0390675e+09 2.9765217e+09 5e-22 3.1382861e-22 2.2466218e-26
18057771 1.2649999e+17 4.0345111e+09 2.9759307e+09 5e-22 3.1311874e-22 2.2528454e-26
18089126 1.2662649e+17 4.0299566e+09 2.9753369e+09 5e-22 3.1241069e-22 2.2590858e-26
18120547 1.2675312e+17 4.025404e+09 2.9747402e+09 5e-22 3.1170445e-22 2.265343e-26
18152036 1.2687987e+17 4.0208533e+09 2.9741405e+09 5e-22 3.1100002e-22 2.2716172e-26
18183591 1.2700675e+17 4.0163045e+09 2.9735379e+09 5e-22 3.102974e-22 2.2779084e-26
18215214 1.2713376e+17 4.0117577e+09 2.9729324e+09 5e-22 3.0959657e-22 2.2842166e-26
18246904 1.2726089e+17 4.0072128e+09 2.972324e+09 5e-22 3.0889754e-22 2.2905418e-26
18278662 1.2738815e+17 4.0026698e+09 2.9717127e+09 5e-22 3.082003e-22 2.2968842e-26
18310488 1.2751554e+17 3.9981288e+09 2.9710985e+09 5e-22 3.0750485e-22 2.3032438e-26
18342382 1.2764305e+17 3.9935897e+09 2.9704814e+09 5e-22 3.0681117e-22 2.3096205e-26
18374344 1.277707e+17 3.9890525e+09 2.9698613e+09 5e-22 3.0611927e-22 2.3160145e-26
18406374 1.2789847e+17 3.9845174e+09 2.9692383e+09 5e-22 3.0542914e-22 2.3224258e-26
18438473 1.2802637e+17 3.9799841e+09 2.9686124e+09 5e-22 3.0474077e-22 2.3288545e-26
18470640 1.2815439e+17 3.9754529e+09 2.9679836e+09 5e-22 3.0405417e-22 2.3353005e-26
18502877 1.2828255e+17 3.9709236e+09 2.9673519e+09 5e-22 3.0336932e-22 2.3417641e-26
18535182 1.2841083e+17 3.9663963e+09 2.9667173e+09 5e-22 3.0268622e-22 2.3482451e-26
18567557 1.2853924e+17 3.961871e+09 2.9660797e+09 5e-22 3.0200487e-22 2.3547437e-26
18600001 1.2866778e+17 3.9573476e+09 2.9654392e+09 5e-22 3.0132526e-22 2.3612598e-26
18632515 1.2879645e+17 3.9528263e+09 2.9647958e+09 5e-22 3.0064738e-22 2.3677937e-26
18665098 1.2892524e+17 3.9483069e+09 2.9641495e+09 5e-22 2.9997124e-22 2.3743452e-26
18697751 1.2905417e+17 3.9437896e+09 2.9635003e+09 5e-22 2.9929683e-22 2.3809144e-26
18730475 1.2918322e+17 3.9392742e+09 2.9628482e+09 5e-22 2.9862414e-22 2.3875015e-26
18763268 1.2931241e+17 3.9347609e+09 2.9621931e+09 5e-22 2.9795317e-22 2.3941064e-26
18796133 1.2944172e+17 3.9302496e+09 2.9615351e+09 5e-22 2.9728391e-22 2.4007292e-26
18829067 1.2957116e+17 3.9257403e+09 2.9608742e+09 5e-22 2.9661636e-22 2.40737e-26
18862073 1.2970073e+17 3.921233e+09 2.9602104e+09 5e-22 2.9595051e-22 2.4140287e-26
18895149 1.2983043e+17 3.9167277e+09 2.9595436e+09 5e-22 2.9528637e-22 2.4207055e-26
18928297 1.2996026e+17 3.9122245e+09 2.958874e+09 5e-22 2.9462392e-22 2.4274004e-26
18961516 1.3009022e+17 3.9077233e+09 2.9582014e+09 5e-22 2.9396316e-22 2.4341135e-26
18994807 1.3022031e+17 3.9032242e+09 2.9575259e+09 5e-22 2.9330408e-22 2.4408447e-26
19028169 1.3035053e+17 3.8987271e+09 2.9568475e+09 5e-22 2.9264669e-22 2.4475942e-26
19061603 1.3048088e+17 3.8942321e+09 2.9561661e+09 5e-22 2.9199097e-22 2.454362e-26
19095109 1.3061136e+17 3.8897391e+09 2.9554819e+09 5e-22 2.9133693e-22 2.4611482e-26
19128688 1.3074198e+17 3.8852482e+09 2.9547947e+09 5e-22 2.9068455e-22 2.4679527e-26
19162338 1.3087272e+17 3.8807593e+09 2.9541046e+09 5e-22 2.9003384e-22 2.4747757e-26
19196062 1.3100359e+17 3.8762725e+09 2.9534116e+09 5e-22 2.8938479e-22 2.4816172e-26
19229858 1.3113459e+17 3.8717878e+09 2.9527156e+09 5e-22 2.8873739e-22 2.4884773e-26
19263727 1.3126573e+17 3.8673052e+09 2.9520168e+09 5e-22 2.8809164e-22 2.495356e-26
19297670 1.3139699e+17 3.8628247e+09 2.951315e+09 5e-22 2.8744753e-22 2.5022534e-26
19331686 1.3152839e+17 3.8583462e+09 2.9506103e+09 5e-22 2.8680507e-22 2.5091694e-26
19365775 1.3165992e+17 3.8538699e+09 2.9499026e+09 5e-22 2.8616424e-22 2.5161043e-26
19399938 1.3179158e+17 3.8493956e+09 2.9491921e+09 5e-22 2.8552505e-22 2.5230579e-26
19434175 1.3192337e+17 3.8449235e+09 2.9484786e+09 5e-22 2.8488748e-22 2.5300304e-26
19468486 1.3205529e+17 3.8404534e+09 2.9477623e+09 5e-22 2.8425154e-22 2.5370219e-26
19502871 1.3218735e+17 3.8359855e+09 2.947043e+09 5e-22 2.8361721e-22 2.5440323e-26
19537331 1.3231954e+17 3.8315197e+09 2.9463207e+09 5e-22 2.829845e-22 2.5510618e-26
19571866 1.3245186e+17 3.827056e+09 2.9455956e+09 5e-22 2.823534e-22 2.5581104e-26
19606475 1.3258431e+17 3.8225945e+09 2.9448675e+09 5e-22 2.817239e-22 2.5651781e-26
19641159 1.3271689e+17 3.818135e+09 2.9441366e+09 5e-22 2.8109601e-22 2.572265e-26
19675919 1.3284961e+17 3.8136777e+09 2.9434027e+09 5e-22 2.8046971e-22 2.5793711e-26
19710754 1.3298246e+17 3.8092226e+09 2.9426659e+09 5e-22 2.7984501e-22 2.5864965e-26
19745665 1.3311544e+17 3.8047696e+09 2.9419261e+09 5e-22 2.792219e-22 2.5936413e-26
19780651 1.3324856e+17 3.8003187e+09 2.9411835e+09 5e-22 2.7860036e-22 2.6008055e-26
19815714 1.3338181e+17 3.7958701e+09 2.9404379e+09 5e-22 2.7798041e-22 2.6079892e-26
19850852 1.3351519e+17 3.7914235e+09 2.9396894e+09 5e-22 2.7736204e-22 2.6151924e-26
19886067 1.336487e+17 3.7869791e+09 2.938938e+09 5e-22 2.7674523e-22 2.6224152e-26
19921359 1.3378235e+17 3.7825369e+09 2.9381837e+09 5e-22 2.7613e-22 2.6296575e-26
19956727 1.3391613e+17 3.7780969e+09 2.9374265e+09 5e-22 2.7551632e-22 2.6369196e-26
19992173 1.3405005e+17 3.7736591e+09 2.9366663e+09 5e-22 2.7490421e-22 2.6442014e-26
20027695 1.341841e+17 3.7692234e+09 2.9359032e+09 5e-22 2.7429365e-22 2.651503e-26
20063295 1.3431828e+17 3.7647899e+09 2.9351373e+09 5e-22 2.7368464e-22 2.6588245e-26
20098973 1.344526e+17 3.7603586e+09 2.9343684e+09 5e-22 2.7307717e-22 2.6661659e-26
20134728 1.3458706e+17 3.7559295e+09 2.9335966e+09 5e-22 2.7247125e-22 2.6735272e-26
20170561 1.3472164e+17 3.7515026e+09 2.9328218e+09 5e-22 2.7186687e-22 2.6809086e-26
20206473 1.3485636e+17 3.7470779e+09 2.9320442e+09 5e-22 2.7126402e-22 2.68831e-26
20242462 1.3499122e+17 3.7426555e+09 2.9312637e+09 5e-22 2.706627e-22 2.6957315e-26
20278531 1.3512621e+17 3.7382352e+09 2.9304802e+09 5e-22 2.700629e-22 2.7031733e-26
20314678 1.3526134e+17 3.7338172e+09 2.9296938e+09 5e-22 2.6946462e-22 2.7106353e-26
20350904 1.353966e+17 3.7294013e+09 2.9289045e+09 5e-22 2.6886787e-22 2.7181175e-26
20387209 1.35532e+17 3.7249877e+09 2.9281123e+09 5e-22 2.6827262e-22 2.7256202e-26
20423593 1.3566753e+17 3.7205764e+09 2.9273172e+09 5e-22 2.6767889e-22 2.7331433e-26
20460058 1.358032e+17 3.7161672e+09 2.9265192e+09 5e-22 2.6708666e-22 2.7406868e-26
20496601 1.35939e+17 3.7117603e+09 2.9257183e+09 5e-22 2.6649593e-22 2.7482509e-26
20533225 1.3607494e+17 3.7073557e+09 2.9249145e+09 5e-22 2.659067e-22 2.7558355e-26
20569929 1.3621101e+17 3.7029533e+09 2.9241077e+09 5e-22 2.6531896e-22 2.7634408e-26
20606714 1.3634722e+17 3.6985532e+09 2.9232981e+09 5e-22 2.647327e-22 2.7710668e-26
20643579 1.3648357e+17 3.6941553e+09 2.9224855e+09 5e-22 2.6414794e-22 2.7787136e-26
20680525 1.3662005e+17 3.6897597e+09 2.92167e+09 5e-22 2.6356465e-22 2.7863812e-26
20717551 1.3675667e+17 3.6853663e+09 2.9208517e+09 5e-22 2.6298284e-22 2.7940697e-26
20754659 1.3689343e+17 3.6809752e+09 2.9200304e+09 5e-22 2.6240251e-22 2.8017791e-26
20791849 1.3703032e+17 3.6765864e+09 2.9192062e+09 5e-22 2.6182364e-22 2.8095095e-26
20829120 1.3716735e+17 3.6721999e+09 2.9183792e+09 5e-22 2.6124624e-22 2.8172609e-26
20866473 1.3730452e+17 3.6678157e+09 2.9175492e+09 5e-22 2.606703e-22 2.8250335e-26
20903908 1.3744183e+17 3.6634337e+09 2.9167163e+09 5e-22 2.6009581e-22 2.8328273e-26
20941425 1.3757927e+17 3.6590541e+09 2.9158805e+09 5e-22 2.5952278e-22 2.8406423e-26
20979025 1.3771685e+17 3.6546767e+09 2.9150418e+09 5e-22 2.589512e-22 2.8484785e-26
21016707 1.3785456e+17 3.6503016e+09 2.9142002e+09 5e-22 2.5838106e-22 2.8563362e-26
21054472 1.3799242e+17 3.6459289e+09 2.9133558e+09 5e-22 2.5781237e-22 2.8642152e-26
21092321 1.3813041e+17 3.6415584e+09 2.9125084e+09 5e-22 2.5724511e-22 2.8721158e-26
21130252 1.3826854e+17 3.6371903e+09 2.9116581e+09 5e-22 2.5667929e-22 2.8800379e-26
21168268 1.3840681e+17 3.6328245e+09 2.9108049e+09 5e-22 2.5611489e-22 2.8879815e-26
21206367 1.3854522e+17 3.628461e+09 2.9099489e+09 5e-22 2.5555192e-22 2.8959468e-26
21244549 1.3868376e+17 3.6240999e+09 2.9090899e+09 5e-22 2.5499038e-22 2.9039339e-26
21282817 1.3882245e+17 3.619741e+09 2.908228e+09 5e-22 2.5443025e-22 2.9119427e-26
21321168 1.3896127e+17 3.6153846e+09 2.9073633e+09 5e-22 2.5387154e-22 2.9199734e-26
21359604 1.3910023e+17 3.6110304e+09 2.9064957e+09 5e-22 2.5331423e-22 2.9280259e-26
21398125 1.3923933e+17 3.6066786e+09 2.9056251e+09 5e-22 2.5275834e-22 2.9361005e-26
21436731 1.3937857e+17 3.6023291e+09 2.9047517e+09 5e-22 2.5220384e-22 2.944197e-26
21475422 1.3951795e+17 3.597982e+09 2.9038754e+09 5e-22 2.5165075e-22 2.9523157e-26
21514199 1.3965747e+17 3.5936373e+09 2.9029962e+09 5e-22 2.5109905e-22 2.9604565e-26
21553061 1.3979712e+17 3.5892949e+09 2.9021141e+09 5e-22 2.5054874e-22 2.9686195e-26
21592010 1.3993692e+17 3.5849549e+09 2.9012292e+09 5e-22 2.4999983e-22 2.9768048e-26
21631044 1.4007686e+17 3.5806172e+09 2.9003413e+09 5e-22 2.4945229e-22 2.9850124e-26
21670165 1.4021693e+17 3.576282e+09 2.8994506e+09 5e-22 2.4890614e-22 2.9932425e-26
21709373 1.4035715e+17 3.5719491e+09 2.898557e+09 5e-22 2.4836136e-22 3.001495e-26
21748667 1.4049751e+17 3.5676185e+09 2.8976605e+09 5e-22 2.4781796e-22 3.00977e-26
21788048 1.4063801e+17 3.5632904e+09 2.8967611e+09 5e-22 2.4727592e-22 3.0180676e-26
21827517 1.4077864e+17 3.5589647e+09 2.8958588e+09 5e-22 2.4673525e-22 3.0263879e-26
21867073 1.4091942e+17 3.5546413e+09 2.8949537e+09 5e-22 2.4619595e-22 3.0347309e-26
21906717 1.4106034e+17 3.5503204e+09 2.8940457e+09 5e-22 2.45658e-22 3.0430967e-26
21946448 1.412014e+17 3.5460018e+09 2.8931348e+09 5e-22 2.4512141e-22 3.0514853e-26
21986268 1.413426e+17 3.5416857e+09 2.892221e+09 5e-22 2.4458616e-22 3.0598969e-26
22026177 1.4148395e+17 3.537372e+09 2.8913044e+09 5e-22 2.4405227e-22 3.0683314e-26
22066173 1.4162543e+17 3.5330607e+09 2.8903849e+09 5e-22 2.4351972e-22 3.076789e-26
22106259 1.4176706e+17 3.5287518e+09 2.8894625e+09 5e-22 2.4298851e-22 3.0852697e-26
22146434 1.4190882e+17 3.5244453e+09 2.8885373e+09 5e-22 2.4245864e-22 3.0937735e-26
22186698 1.4205073e+17 3.5201413e+09 2.8876092e+09 5e-22 2.419301e-22 3.1023006e-26
22227052 1.4219278e+17 3.5158397e+09 2.8866782e+09 5e-22 2.4140288e-22 3.110851e-26
22267495 1.4233498e+17 3.5115405e+09 2.8857444e+09 5e-22 2.40877e-22 3.1194248e-26
22308029 1.4247731e+17 3.5072437e+09 2.8848077e+09 5e-22 2.4035244e-22 3.128022e-26
22348653 1.4261979e+17 3.5029495e+09 2.8838681e+09 5e-22 2.3982919e-22 3.1366427e-26
22389367 1.4276241e+17 3.4986576e+09 2.8829257e+09 5e-22 2.3930727e-22 3.145287e-26
22430172 1.4290517e+17 3.4943682e+09 2.8819804e+09 5e-22 2.3878665e-22 3.153955e-26
22471068 1.4304807e+17 3.4900813e+09 2.8810322e+09 5e-22 2.3826734e-22 3.1626466e-26
22512055 1.4319112e+17 3.4857968e+09 2.8800812e+09 5e-22 2.3774934e-22 3.171362e-26
22553133 1.4333431e+17 3.4815148e+09 2.8791273e+09 5e-22 2.3723264e-22 3.1801012e-26
22594303 1.4347765e+17 3.4772352e+09 2.8781706e+09 5e-22 2.3671723e-22 3.1888644e-26
22635565 1.4362113e+17 3.4729582e+09 2.8772111e+09 5e-22 2.3620312e-22 3.1976515e-26
22676919 1.4376475e+17 3.4686836e+09 2.8762486e+09 5e-22 2.356903e-22 3.2064626e-26
22718366 1.4390851e+17 3.4644114e+09 2.8752834e+09 5e-22 2.3517877e-22 3.2152979e-26
22759905 1.4405242e+17 3.4601418e+09 2.8743152e+09 5e-22 2.3466852e-22 3.2241574e-26
22801537 1.4419647e+17 3.4558746e+09 2.8733443e+09 5e-22 2.3415955e-22 3.233041e-26
22843262 1.4434067e+17 3.45161e+09 2.8723705e+09 5e-22 2.3365186e-22 3.2419491e-26
22885080 1.4448501e+17 3.4473478e+09 2.8713938e+09 5e-22 2.3314545e-22 3.2508814e-26
22926992 1.446295e+17 3.4430881e+09 2.8704143e+09 5e-22 2.326403e-22 3.2598383e-26
22968998 1.4477412e+17 3.438831e+09 2.869432e+09 5e-22 2.3213642e-22 3.2688197e-26
23011098 1.449189e+17 3.4345763e+09 2.8684468e+09 5e-22 2.316338e-22 3.2778256e-26
23053292 1.4506382e+17 3.4303242e+09 2.8674588e+09 5e-22 2.3113245e-22 3.2868562e-26
23095580 1.4520888e+17 3.4260745e+09 2.8664679e+09 5e-22 2.3063235e-22 3.2959116e-26
23137964 1.4535409e+17 3.4218274e+09 2.8654742e+09 5e-22 2.301335e-22 3.3049917e-26
23180442 1.4549944e+17 3.4175828e+09 2.8644777e+09 5e-22 2.296359e-22 3.3140968e-26
23223016 1.4564494e+17 3.4133408e+09 2.8634784e+09 5e-22 2.2913955e-22 3.3232267e-26
23265686 1.4579059e+17 3.4091012e+09 2.8624762e+09 5e-22 2.2864445e-22 3.3323817e-26
23308451 1.4593638e+17 3.4048642e+09 2.8614712e+09 5e-22 2.2815058e-22 3.3415618e-26
23351312 1.4608232e+17 3.4006297e+09 2.8604634e+09 5e-22 2.2765795e-22 3.350767e-26
23394269 1.462284e+17 3.3963978e+09 2.8594527e+09 5e-22 2.2716655e-22 3.3599974e-26
23437323 1.4637463e+17 3.3921684e+09 2.8584392e+09 5e-22 2.2667638e-22 3.3692532e-26
23480474 1.46521e+17 3.3879416e+09 2.8574229e+09 5e-22 2.2618744e-22 3.3785343e-26
23523722 1.4666752e+17 3.3837173e+09 2.8564038e+09 5e-22 2.2569973e-22 3.3878409e-26
23567067 1.4681419e+17 3.3794956e+09 2.8553819e+09 5e-22 2.2521323e-22 3.3971729e-26
23610509 1.46961e+17 3.3752764e+09 2.8543571e+09 5e-22 2.2472795e-22 3.4065306e-26
23654050 1.4710796e+17 3.3710598e+09 2.8533296e+09 5e-22 2.2424388e-22 3.4159139e-26
23697688 1.4725507e+17 3.3668458e+09 2.8522992e+09 5e-22 2.2376102e-22 3.4253229e-26
23741425 1.4740233e+17 3.3626343e+09 2.851266e+09 5e-22 2.2327937e-22 3.4347578e-26
23785261 1.4754973e+17 3.3584254e+09 2.85023e+09 5e-22 2.2279893e-22 3.4442185e-26
23829195 1.4769728e+17 3.3542191e+09 2.8491912e+09 5e-22 2.2231968e-22 3.4537052e-26
23873228 1.4784498e+17 3.3500153e+09 2.8481496e+09 5e-22 2.2184164e-22 3.4632179e-26
23917361 1.4799282e+17 3.3458142e+09 2.8471052e+09 5e-22 2.2136478e-22 3.4727567e-26
23961593 1.4814081e+17 3.3416156e+09 2.846058e+09 5e-22 2.2088912e-22 3.4823217e-26
24005925 1.4828896e+17 3.3374197e+09 2.845008e+09 5e-22 2.2041465e-22 3.4919129e-26
24050357 1.4843724e+17 3.3332263e+09 2.8439552e+09 5e-22 2.1994136e-22 3.5015305e-26
24094890 1.4858568e+17 3.3290355e+09 2.8428996e+09 5e-22 2.1946925e-22 3.5111745e-26
24139523 1.4873427e+17 3.3248474e+09 2.8418412e+09 5e-22 2.1899832e-22 3.5208449e-26
24184257 1.48883e+17 3.3206618e+09 2.84078e+09 5e-22 2.1852856e-22 3.5305418e-26
24229093 1.4903188e+17 3.3164789e+09 2.8397161e+09 5e-22 2.1805998e-22 3.5402654e-26
24274029 1.4918092e+17 3.3122985e+09 2.8386493e+09 5e-22 2.1759257e-22 3.5500157e-26
24319068 1.493301e+17 3.3081208e+09 2.8375798e+09 5e-22 2.1712632e-22 3.5597928e-26
24364208 1.4947943e+17 3.3039457e+09 2.8365075e+09 5e-22 2.1666123e-22 3.5695967e-26
24409451 1.4962891e+17 3.2997733e+09 2.8354324e+09 5e-22 2.1619731e-22 3.5794276e-26
24454796 1.4977854e+17 3.2956034e+09 2.8343545e+09 5e-22 2.1573454e-22 3.5892854e-26
24500244 1.4992831e+17 3.2914362e+09 2.8332738e+09 5e-22 2.1527292e-22 3.5991704e-26
24545795 1.5007824e+17 3.2872717e+09 2.8321904e+09 5e-22 2.1481245e-22 3.6090824e-26
24591450 1.5022832e+17 3.2831097e+09 2.8311042e+09 5e-22 2.1435314e-22 3.6190218e-26
24637207 1.5037855e+17 3.2789504e+09 2.8300152e+09 5e-22 2.1389496e-22 3.6289884e-26
24683069 1.5052893e+17 3.2747938e+09 2.8289235e+09 5e-22 2.1343793e-22 3.6389824e-26
24729035 1.5067946e+17 3.2706398e+09 2.827829e+09 5e-22 2.1298203e-22 3.6490039e-26
24775106 1.5083014e+17 3.2664885e+09 2.8267317e+09 5e-22 2.1252727e-22 3.659053e-26
24821281 1.5098097e+17 3.2623398e+09 2.8256317e+09 5e-22 2.1207364e-22 3.6691297e-26
24867561 1.5113195e+17 3.2581938e+09 2.8245289e+09 5e-22 2.1162114e-22 3.679234e-26
24913946 1.5128308e+17 3.2540504e+09 2.8234234e+09 5e-22 2.1116977e-22 3.6893662e-26
24960436 1.5143436e+17 3.2499097e+09 2.8223151e+09 5e-22 2.1071952e-22 3.6995262e-26
25007033 1.515858e+17 3.2457717e+09 2.821204e+09 5e-22 2.1027039e-22 3.7097142e-26
25053735 1.5173738e+17 3.2416364e+09 2.8200902e+09 5e-22 2.0982238e-22 3.7199301e-26
25100544 1.5188912e+17 3.2375037e+09 2.8189737e+09 5e-22 2.0937548e-22 3.7301742e-26
25147460 1.5204101e+17 3.2333737e+09 2.8178544e+09 5e-22 2.0892969e-22 3.7404465e-26
25194482 1.5219305e+17 3.2292464e+09 2.8167324e+09 5e-22 2.0848501e-22 3.750747e-26
25241612 1.5234524e+17 3.2251218e+09 2.8156076e+09 5e-22 2.0804143e-22 3.7610759e-26
25288849 1.5249759e+17 3.2209999e+09 2.8144801e+09 5e-22 2.0759896e-22 3.7714332e-26
25336194 1.5265009e+17 3.2168807e+09 2.8133498e+09 5e-22 2.0715758e-22 3.781819e-26
25383646 1.5280274e+17 3.2127642e+09 2.8122169e+09 5e-22 2.0671731e-22 3.7922333e-26
25431208 1.5295554e+17 3.2086504e+09 2.8110811e+09 5e-22 2.0627812e-22 3.8026764e-26
25478877 1.5310849e+17 3.2045392e+09 2.8099427e+09 5e-22 2.0584003e-22 3.8131482e-26
25526656 1.532616e+17 3.2004308e+09 2.8088015e+09 5e-22 2.0540302e-22 3.8236488e-26
25574544 1.5341486e+17 3.1963251e+09 2.8076577e+09 5e-22 2.049671e-22 3.8341783e-26
25622541 1.5356828e+17 3.1922221e+09 2.806511e+09 5e-22 2.0453226e-22 3.8447369e-26
25670648 1.5372185e+17 3.1881219e+09 2.8053617e+09 5e-22 2.040985e-22 3.8553245e-26
25718865 1.5387557e+17 3.1840243e+09 2.8042097e+09 5e-22 2.0366581e-22 3.8659412e-26
25767193 1.5402945e+17 3.1799295e+09 2.8030549e+09 5e-22 2.032342e-22 3.8765872e-26
25815631 1.5418347e+17 3.1758374e+09 2.8018974e+09 5e-22 2.0280366e-22 3.8872626e-26
25864179 1.5433766e+17 3.1717481e+09 2.8007373e+09 5e-22 2.0237418e-22 3.8979673e-26
25912840 1.54492e+17 3.1676614e+09 2.7995744e+09 5e-22 2.0194577e-22 3.9087016e-26
25961611 1.5464649e+17 3.1635776e+09 2.7984088e+09 5e-22 2.0151842e-22 3.9194654e-26
26010495 1.5480113e+17 3.1594964e+09 2.7972405e+09 5e-22 2.0109213e-22 3.9302589e-26
26059490 1.5495594e+17 3.155418e+09 2.7960695e+09 5e-22 2.006669e-22 3.9410821e-26
26108598 1.5511089e+17 3.1513424e+09 2.7948958e+09 5e-22 2.0024272e-22 3.9519352e-26
26157819 1.55266e+17 3.1472695e+09 2.7937195e+09 5e-22 1.9981959e-22 3.9628182e-26
26207152 1.5542127e+17 3.1431993e+09 2.7925404e+09 5e-22 1.9939751e-22 3.9737312e-26
26256599 1.5557669e+17 3.1391319e+09 2.7913586e+09 5e-22 1.9897647e-22 3.9846742e-26
26306159 1.5573227e+17 3.1350673e+09 2.7901742e+09 5e-22 1.9855647e-22 3.9956475e-26
26355834 1.55888e+17 3.1310054e+09 2.7889871e+09 5e-22 1.9813752e-22 4.006651e-26
26405622 1.5604389e+17 3.1269463e+09 2.7877973e+09 5e-22 1.977196e-22 4.0176849e-26
26455525 1.5619993e+17 3.12289e+09 2.7866048e+09 5e-22 1.9730271e-22 4.0287492e-26
26505543 1.5635613e+17 3.1188364e+09 2.7854096e+09 5e-22 1.9688686e-22 4.039844e-26
26555676 1.5651249e+17 3.1147856e+09 2.7842118e+09 5e-22 1.9647203e-22 4.0509694e-26
26605924 1.56669e+17 3.1107376e+09 2.7830113e+09 5e-22 1.9605823e-22 4.0621256e-26
26656288 1.5682567e+17 3.1066924e+09 2.7818082e+09 5e-22 1.9564545e-22 4.0733125e-26
26706768 1.5698249e+17 3.10265e+09 2.7806023e+09 5e-22 1.9523369e-22 4.0845303e-26
26757364 1.5713948e+17 3.0986103e+09 2.7793939e+09 5e-22 1.9482295e-22 4.095779e-26
26808077 1.5729662e+17 3.0945735e+09 2.7781827e+09 5e-22 1.9441323e-22 4.1070588e-26
26858907 1.5745391e+17 3.0905394e+09 2.7769689e+09 5e-22 1.9400451e-22 4.1183698e-26
26909854 1.5761137e+17 3.0865082e+09 2.7757525e+09 5e-22 1.9359681e-22 4.1297119e-26
26960919 1.5776898e+17 3.0824797e+09 2.7745334e+09 5e-22 1.9319011e-22 4.1410854e-26
27012101 1.5792675e+17 3.078454e+09 2.7733116e+09 5e-22 1.9278441e-22 4.1524903e-26
27063402 1.5808467e+17 3.0744312e+09 2.7720872e+09 5e-22 1.9237972e-22 4.1639267e-26
27114821 1.5824276e+17 3.0704112e+09 2.7708602e+09 5e-22 1.9197603e-22 4.1753947e-26
27166359 1.58401e+17 3.0663939e+09 2.7696305e+09 5e-22 1.9157333e-22 4.1868943e-26
27218016 1.585594e+17 3.0623795e+09 2.7683982e+09 5e-22 1.9117162e-22 4.1984258e-26
27269792 1.5871796e+17 3.0583679e+09 2.7671633e+09 5e-22 1.9077091e-22 4.209989e-26
27321689 1.5887668e+17 3.0543592e+09 2.7659257e+09 5e-22 1.9037118e-22 4.2215843e-26
27373705 1.5903556e+17 3.0503532e+09 2.7646855e+09 5e-22 1.8997244e-22 4.2332115e-26
27425842 1.5919459e+17 3.0463501e+09 2.7634427e+09 5e-22 1.8957468e-22 4.2448709e-26
27478099 1.5935379e+17 3.0423498e+09 2.7621973e+09 5e-22 1.8917791e-22 4.2565626e-26
27530478 1.5951314e+17 3.0383524e+09 2.7609493e+09 5e-22 1.8878211e-22 4.2682865e-26
27582978 1.5967265e+17 3.0343577e+09 2.7596986e+09 5e-22 1.8838728e-22 4.2800429e-26
27635599 1.5983233e+17 3.030366e+09 2.7584453e+09 5e-22 1.8799343e-22 4.2918317e-26
27688343 1.5999216e+17 3.026377e+09 2.7571894e+09 5e-22 1.8760055e-22 4.3036532e-26
27741209 1.6015215e+17 3.0223909e+09 2.7559309e+09 5e-22 1.8720863e-22 4.3155074e-26
27794197 1.603123e+17 3.0184077e+09 2.7546699e+09 5e-22 1.8681768e-22 4.3273943e-26
27847309 1.6047261e+17 3.0144273e+09 2.7534062e+09 5e-22 1.8642769e-22 4.3393141e-26
27900544 1.6063309e+17 3.0104498e+09 2.7521399e+09 5e-22 1.8603866e-22 4.3512669e-26
27953902 1.6079372e+17 3.0064751e+09 2.750871e+09 5e-22 1.8565059e-22 4.3632528e-26
28007385 1.6095451e+17 3.0025033e+09 2.7495995e+09 5e-22 1.8526347e-22 4.3752718e-26
28060992 1.6111547e+17 2.9985343e+09 2.7483255e+09 5e-22 1.848773e-22 4.387324e-26
28114723 1.6127658e+17 2.9945682e+09 2.7470488e+09 5e-22 1.8449209e-22 4.3994097e-26
28168579 1.6143786e+17 2.990605e+09 2.7457696e+09 5e-22 1.8410782e-22 4.4115287e-26
28222561 1.615993e+17 2.9866447e+09 2.7444878e+09 5e-22 1.8372449e-22 4.4236814e-26
28276668 1.617609e+17 2.9826872e+09 2.7432035e+09 5e-22 1.8334211e-22 4.4358676e-26
28330902 1.6192266e+17 2.9787326e+09 2.7419165e+09 5e-22 1.8296066e-22 4.4480876e-26
28385261 1.6208458e+17 2.9747809e+09 2.740627e+09 5e-22 1.8258016e-22 4.4603414e-26
28439747 1.6224667e+17 2.970832e+09 2.739335e+09 5e-22 1.8220058e-22 4.4726292e-26
28494361 1.6240891e+17 2.9668861e+09 2.7380403e+09 5e-22 1.8182194e-22 4.484951e-26
28549101 1.6257132e+17 2.962943e+09 2.7367431e+09 5e-22 1.8144423e-22 4.4973069e-26
28603969 1.6273389e+17 2.9590028e+09 2.7354434e+09 5e-22 1.8106745e-22 4.509697e-26
28658965 1.6289663e+17 2.9550656e+09 2.7341411e+09 5e-22 1.8069159e-22 4.5221215e-26
28714090 1.6305952e+17 2.9511312e+09 2.7328363e+09 5e-22 1.8031665e-22 4.5345804e-26
28769343 1.6322258e+17 2.9471997e+09 2.7315289e+09 5e-22 1.7994263e-22 4.5470738e-26
28824726 1.6338581e+17 2.9432711e+09 2.7302189e+09 5e-22 1.7956953e-22 4.5596018e-26
28880237 1.6354919e+17 2.9393454e+09 2.7289065e+09 5e-22 1.7919735e-22 4.5721645e-26
28935879 1.6371274e+17 2.9354226e+09 2.7275915e+09 5e-22 1.7882607e-22 4.5847621e-26
28991650 1.6387645e+17 2.9315028e+09 2.726274e+09 5e-22 1.7845571e-22 4.5973946e-26
29047552 1.6404033e+17 2.9275858e+09 2.7249539e+09 5e-22 1.7808625e-22 4.6100621e-26
29103584 1.6420437e+17 2.9236718e+09 2.7236313e+09 5e-22 1.777177e-22 4.6227647e-26
29159748 1.6436857e+17 2.9197607e+09 2.7223062e+09 5e-22 1.7735005e-22 4.6355025e-26
29216043 1.6453294e+17 2.9158525e+09 2.7209786e+09 5e-22 1.769833e-22 4.6482757e-26
29272470 1.6469748e+17 2.9119472e+09 2.7196485e+09 5e-22 1.7661745e-22 4.6610843e-26
29329030 1.6486217e+17 2.9080448e+09 2.7183158e+09 5e-22 1.762525e-22 4.6739284e-26
29385721 1.6502704e+17 2.9041454e+09 2.7169807e+09 5e-22 1.7588844e-22 4.6868081e-26
29442546 1.6519206e+17 2.9002489e+09 2.715643e+09 5e-22 1.7552527e-22 4.6997236e-26
29499504 1.6535725e+17 2.8963553e+09 2.7143028e+09 5e-22 1.7516299e-22 4.7126749e-26
29556595 1.6552261e+17 2.8924647e+09 2.7129602e+09 5e-22 1.7480159e-22 4.7256621e-26
29613821 1.6568813e+17 2.888577e+09 2.711615e+09 5e-22 1.7444108e-22 4.7386854e-26
29671181 1.6585382e+17 2.8846923e+09 2.7102674e+09 5e-22 1.7408145e-22 4.7517448e-26
29728675 1.6601968e+17 2.8808105e+09 2.7089173e+09 5e-22 1.737227e-22 4.7648405e-26
29786305 1.661857e+17 2.8769316e+09 2.7075647e+09 5e-22 1.7336483e-22 4.7779725e-26
29844070 1.6635188e+17 2.8730557e+09 2.7062096e+09 5e-22 1.7300783e-22 4.791141e-26
29901970 1.6651823e+17 2.8691828e+09 2.704852e+09 5e-22 1.726517e-22 4.804346e-26
29960007 1.6668475e+17 2.8653127e+09 2.703492e+09 5e-22 1.7229644e-22 4.8175877e-26
30018180 1.6685144e+17 2.8614457e+09 2.7021295e+09 5e-22 1.7194205e-22 4.8308662e-26
30076491 1.6701829e+17 2.8575816e+09 2.7007645e+09 5e-22 1.7158853e-22 4.8441816e-26
30134938 1.6718531e+17 2.8537205e+09 2.6993971e+09 5e-22 1.7123587e-22 4.8575339e-26
30193523 1.6735249e+17 2.8498623e+09 2.6980272e+09 5e-22 1.7088406e-22 4.8709233e-26
30252246 1.6751984e+17 2.8460071e+09 2.6966549e+09 5e-22 1.7053312e-22 4.88435e-26
30311107 1.6768736e+17 2.8421549e+09 2.6952801e+09 5e-22 1.7018304e-22 4.8978139e-26
30370107 1.6785505e+17 2.8383056e+09 2.6939028e+09 5e-22 1.698338e-22 4.9113153e-26
30429247 1.6802291e+17 2.8344593e+09 2.6925231e+09 5e-22 1.6948542e-22 4.9248541e-26
30488525 1.6819093e+17 2.830616e+09 2.691141e+09 5e-22 1.6913789e-22 4.9384306e-26
30547944 1.6835912e+17 2.8267757e+09 2.6897565e+09 5e-22 1.6879121e-22 4.9520449e-26
30607502 1.6852748e+17 2.8229383e+09 2.6883695e+09 5e-22 1.6844537e-22 4.9656969e-26
30667202 1.6869601e+17 2.8191039e+09 2.6869801e+09 5e-22 1.6810037e-22 4.979387e-26
30727042 1.688647e+17 2.8152725e+09 2.6855882e+09 5e-22 1.6775622e-22 4.9931151e-26
30787024 1.6903357e+17 2.8114441e+09 2.684194e+09 5e-22 1.674129e-22 5.0068814e-26
30847147 1.692026e+17 2.8076187e+09 2.6827973e+09 5e-22 1.6707042e-22 5.0206859e-26
30907413 1.693718e+17 2.8037963e+09 2.6813982e+09 5e-22 1.6672877e-22 5.0345289e-26
30967821 1.6954118e+17 2.7999769e+09 2.6799967e+09 5e-22 1.6638796e-22 5.0484104e-26
31028372 1.6971072e+17 2.7961604e+09 2.6785928e+09 5e-22 1.6604797e-22 5.0623305e-26
31089066 1.6988043e+17 2.792347e+09 2.6771865e+09 5e-22 1.6570881e-22 5.0762893e-26
31149904 1.7005031e+17 2.7885366e+09 2.6757778e+09 5e-22 1.6537048e-22 5.0902869e-26
31210886 1.7022036e+17 2.7847291e+09 2.6743666e+09 5e-22 1.6503296e-22 5.1043235e-26
31272012 1.7039058e+17 2.7809247e+09 2.6729532e+09 5e-22 1.6469627e-22 5.1183992e-26
31333283 1.7056097e+17 2.7771233e+09 2.6715373e+09 5e-22 1.643604e-22 5.1325141e-26
31394700 1.7073153e+17 2.7733249e+09 2.670119e+09 5e-22 1.6402535e-22 5.1466682e-26
31456262 1.7090226e+17 2.7695295e+09 2.6686984e+09 5e-22 1.6369111e-22 5.1608618e-26
31517970 1.7107316e+17 2.7657371e+09 2.6672754e+09 5e-22 1.6335768e-22 5.1750948e-26
31579824 1.7124424e+17 2.7619477e+09 2.66585e+09 5e-22 1.6302506e-22 5.1893675e-26
31641825 1.7141548e+17 2.7581614e+09 2.6644222e+09 5e-22 1.6269325e-22 5.20368e-26
31703974 1.715869e+17 2.7543781e+09 2.6629921e+09 5e-22 1.6236224e-22 5.2180323e-26
31766270 1.7175848e+17 2.7505978e+09 2.6615596e+09 5e-22 1.6203204e-22 5.2324246e-26
31828714 1.7193024e+17 2.7468205e+09 2.6601248e+09 5e-22 1.6170264e-22 5.246857e-26
31891306 1.7210217e+17 2.7430463e+09 2.6586876e+09 5e-22 1.6137404e-22 5.2613296e-26
31954048 1.7227427e+17 2.739275e+09 2.6572481e+09 5e-22 1.6104624e-22 5.2758425e-26
32016938 1.7244655e+17 2.7355068e+09 2.6558062e+09 5e-22 1.6071923e-22 5.2903959e-26
32079978 1.7261899e+17 2.7317417e+09 2.654362e+09 5e-22 1.6039302e-22 5.3049898e-26
32143168 1.7279161e+17 2.7279796e+09 2.6529154e+09 5e-22 1.6006759e-22 5.3196244e-26
32206509 1.7296441e+17 2.7242205e+09 2.6514666e+09 5e-22 1.5974296e-22 5.3342998e-26
32270000 1.7313737e+17 2.7204645e+09 2.6500153e+09 5e-22 1.5941911e-22 5.3490161e-26
32333643 1.7331051e+17 2.7167115e+09 2.6485618e+09 5e-22 1.5909604e-22 5.3637734e-26
32397437 1.7348382e+17 2.7129615e+09 2.647106e+09 5e-22 1.5877376e-22 5.3785719e-26
32461383 1.736573e+17 2.7092146e+09 2.6456478e+09 5e-22 1.5845226e-22 5.3934117e-26
32525482 1.7383096e+17 2.7054708e+09 2.6441873e+09 5e-22 1.5813154e-22 5.4082928e-26
32589734 1.7400479e+17 2.70173e+09 2.6427245e+09 5e-22 1.578116e-22 5.4232155e-26
32654139 1.7417879e+17 2.6979922e+09 2.6412594e+09 5e-22 1.5749243e-22 5.4381798e-26
32718697 1.7435297e+17 2.6942575e+09 2.6397921e+09 5e-22 1.5717403e-22 5.4531858e-26
32783410 1.7452733e+17 2.6905259e+09 2.6383224e+09 5e-22 1.568564e-22 5.4682337e-26
32848277 1.7470185e+17 2.6867973e+09 2.6368504e+09 5e-22 1.5653954e-22 5.4833236e-26
32913300 1.7487656e+17 2.6830718e+09 2.6353761e+09 5e-22 1.5622345e-22 5.4984556e-26
32978478 1.7505143e+17 2.6793493e+09 2.6338996e+09 5e-22 1.5590812e-22 5.5136298e-26
33043811 1.7522648e+17 2.67563e+09 2.6324208e+09 5e-22 1.5559356e-22 5.5288464e-26
33109301 1.7540171e+17 2.6719136e+09 2.6309397e+09 5e-22 1.5527975e-22 5.5441055e-26
33174947 1.7557711e+17 2.6682004e+09 2.6294563e+09 5e-22 1.549667e-22 5.5594072e-26
33240751 1.7575269e+17 2.6644902e+09 2.6279707e+09 5e-22 1.5465441e-22 5.5747516e-26
33306712 1.7592844e+17 2.6607831e+09 2.6264828e+09 5e-22 1.5434288e-22 5.5901388e-26
33372831 1.7610437e+17 2.6570791e+09 2.6249927e+09 5e-22 1.5403209e-22 5.6055691e-26
33439108 1.7628047e+17 2.6533781e+09 2.6235003e+09 5e-22 1.5372206e-22 5.6210424e-26
33505545 1.7645675e+17 2.6496802e+09 2.6220056e+09 5e-22 1.5341278e-22 5.6365589e-26
33572140 1.7663321e+17 2.6459854e+09 2.6205087e+09 5e-22 1.5310424e-22 5.6521188e-26
33638895 1.7680984e+17 2.6422937e+09 2.6190096e+09 5e-22 1.5279644e-22 5.6677222e-26
33705811 1.7698665e+17 2.6386051e+09 2.6175082e+09 5e-22 1.5248939e-22 5.6833692e-26
33772887 1.7716364e+17 2.6349195e+09 2.6160046e+09 5e-22 1.5218308e-22 5.6990599e-26
33840123 1.7734081e+17 2.6312371e+09 2.6144988e+09 5e-22 1.5187751e-22 5.7147945e-26
33907522 1.7751815e+17 2.6275577e+09 2.6129907e+09 5e-22 1.5157267e-22 5.730573e-26
33975082 1.7769566e+17 2.6238814e+09 2.6114805e+09 5e-22 1.5126857e-22 5.7463957e-26
34042804 1.7787336e+17 2.6202082e+09 2.609968e+09 5e-22 1.5096521e-22 5.7622626e-26
34110689 1.7805123e+17 2.6165381e+09 2.6084533e+09 5e-22 1.5066257e-22 5.7781738e-26
34178738 1.7822928e+17 2.6128711e+09 2.6069364e+09 5e-22 1.5036066e-22 5.7941296e-26
34246950 1.7840751e+17 2.6092073e+09 2.6054173e+09 5e-22 1.5005948e-22 5.81013e-26
34315326 1.7858592e+17 2.6055465e+09 2.603896e+09 5e-22 1.4975903e-22 5.8261751e-26
34383867 1.7876451e+17 2.6018888e+09 2.6023725e+09 5e-22 1.494593e-22 5.8422651e-26
34452572 1.7894327e+17 2.5982342e+09 2.6008468e+09 5e-22 1.4916029e-22 5.8584001e-26
34521443 1.7912221e+17 2.5945827e+09 2.5993189e+09 5e-22 1.48862e-22 5.8745803e-26
34590480 1.7930134e+17 2.5909343e+09 2.5977889e+09 5e-22 1.4856442e-22 5.8908058e-26
34659684 1.7948064e+17 2.5872891e+09 2.5962566e+09 5e-22 1.4826757e-22 5.9070766e-26
34729054 1.7966012e+17 2.5836469e+09 2.5947223e+09 5e-22 1.4797142e-22 5.923393e-26
34798591 1.7983978e+17 2.5800079e+09 2.5931857e+09 5e-22 1.4767599e-22 5.9397551e-26
34868296 1.8001962e+17 2.576372e+09 2.591647e+09 5e-22 1.4738127e-22 5.956163e-26
34938170 1.8019964e+17 2.5727391e+09 2.5901061e+09 5e-22 1.4708726e-22 5.9726168e-26
35008212 1.8037984e+17 2.5691095e+09 2.5885631e+09 5e-22 1.4679395e-22 5.9891167e-26
35078423 1.8056022e+17 2.5654829e+09 2.5870179e+09 5e-22 1.4650135e-22 6.0056628e-26
35148803 1.8074078e+17 2.5618594e+09 2.5854706e+09 5e-22 1.4620945e-22 6.0222552e-26
35219354 1.8092152e+17 2.5582391e+09 2.5839211e+09 5e-22 1.4591826e-22 6.0388941e-26
35290075 1.8110244e+17 2.5546219e+09 2.5823695e+09 5e-22 1.4562776e-22 6.0555796e-26
35360967 1.8128354e+17 2.5510078e+09 2.5808158e+09 5e-22 1.4533796e-22 6.0723119e-26
35432031 1.8146483e+17 2.5473969e+09 2.5792599e+09 5e-22 1.4504885e-22 6.089091e-26
35503266 1.8164629e+17 2.5437891e+09 2.5777019e+09 5e-22 1.4476044e-22 6.1059172e-26
35574674 1.8182794e+17 2.5401844e+09 2.5761418e+09 5e-22 1.4447272e-22 6.1227905e-26
35646254 1.8200977e+17 2.5365828e+09 2.5745796e+09 5e-22 1.4418569e-22 6.1397111e-26
35718008 1.8219178e+17 2.5329844e+09 2.5730153e+09 5e-22 1.4389935e-22 6.1566791e-26
35789936 1.8237397e+17 2.5293891e+09 2.5714489e+09 5e-22 1.4361369e-22 6.1736948e-26
35862038 1.8255634e+17 2.525797e+09 2.5698804e+09 5e-22 1.4332872e-22 6.1907581e-26
35934315 1.827389e+17 2.522208e+09 2.5683098e+09 5e-22 1.4304443e-22 6.2078692e-26
36006767 1.8292164e+17 2.5186221e+09 2.5667371e+09 5e-22 1.4276082e-22 6.2250284e-26
36079394 1.8310456e+17 2.5150394e+09 2.5651623e+09 5e-22 1.424779e-22 6.2422356e-26
36152198 1.8328766e+17 2.5114598e+09 2.5635854e+09 5e-22 1.4219565e-22 6.2594912e-26
36225179 1.8347095e+17 2.5078834e+09 2.5620065e+09 5e-22 1.4191407e-22 6.2767951e-26
36298336 1.8365442e+17 2.5043101e+09 2.5604255e+09 5e-22 1.4163317e-22 6.2941476e-26
36371672 1.8383808e+17 2.5007399e+09 2.5588424e+09 5e-22 1.4135294e-22 6.3115488e-26
36445185 1.8402191e+17 2.4971729e+09 2.5572572e+09 5e-22 1.4107338e-22 6.3289988e-26
36518877 1.8420594e+17 2.4936091e+09 2.55567e+09 5e-22 1.4079449e-22 6.3464978e-26
36592749 1.8439014e+17 2.4900484e+09 2.5540808e+09 5e-22 1.4051627e-22 6.3640458e-26
36666799 1.8457453e+17 2.4864909e+09 2.5524895e+09 5e-22 1.4023871e-22 6.3816432e-26
36741030 1.8475911e+17 2.4829365e+09 2.5508961e+09 5e-22 1.3996182e-22 6.3992899e-26
36815442 1.8494387e+17 2.4793853e+09 2.5493008e+09 5e-22 1.3968559e-22 6.4169862e-26
36890035 1.8512881e+17 2.4758372e+09 2.5477033e+09 5e-22 1.3941002e-22 6.4347322e-26
36964809 1.8531394e+17 2.4722923e+09 2.5461039e+09 5e-22 1.391351e-22 6.452528e-26
37039765 1.8549925e+17 2.4687506e+09 2.5445024e+09 5e-22 1.3886085e-22 6.4703738e-26
37114904 1.8568475e+17 2.465212e+09 2.5428989e+09 5e-22 1.3858724e-22 6.4882698e-26
37190226 1.8587044e+17 2.4616766e+09 2.5412934e+09 5e-22 1.3831429e-22 6.506216e-26
37265732 1.8605631e+17 2.4581443e+09 2.5396859e+09 5e-22 1.38042e-22 6.5242126e-26
37341421 1.8624236e+17 2.4546152e+09 2.5380764e+09 5e-22 1.3777035e-22 6.5422598e-26
37417296 1.864286e+17 2.4510893e+09 2.5364649e+09 5e-22 1.3749935e-22 6.5603577e-26
37493355 1.8661503e+17 2.4475665e+09 2.5348514e+09 5e-22 1.3722899e-22 6.5785065e-26
37569600 1.8680165e+17 2.444047e+09 2.5332359e+09 5e-22 1.3695928e-22 6.5967062e-26
37646032 1.8698845e+17 2.4405306e+09 2.5316184e+09 5e-22 1.3669022e-22 6.6149572e-26
37722650 1.8717544e+17 2.4370173e+09 2.5299989e+09 5e-22 1.3642179e-22 6.6332594e-26
37799455 1.8736261e+17 2.4335073e+09 2.5283775e+09 5e-22 1.3615401e-22 6.6516131e-26
37876448 1.8754998e+17 2.4300004e+09 2.526754e+09 5e-22 1.3588686e-22 6.6700184e-26
37953629 1.8773753e+17 2.4264967e+09 2.5251286e+09 5e-22 1.3562035e-22 6.6884755e-26
38030998 1.8792526e+17 2.4229961e+09 2.5235013e+09 5e-22 1.3535447e-22 6.7069845e-26
38108557 1.8811319e+17 2.4194988e+09 2.521872e+09 5e-22 1.3508923e-22 6.7255456e-26
38186306 1.883013e+17 2.4160046e+09 2.5202407e+09 5e-22 1.3482462e-22 6.7441588e-26
38264245 1.884896e+17 2.4125136e+09 2.5186075e+09 5e-22 1.3456064e-22 6.7628245e-26
38342375 1.8867809e+17 2.4090258e+09 2.5169724e+09 5e-22 1.3429728e-22 6.7815426e-26
38420697 1.8886677e+17 2.4055412e+09 2.5153353e+09 5e-22 1.3403456e-22 6.8003134e-26
38499210 1.8905564e+17 2.4020598e+09 2.5136962e+09 5e-22 1.3377245e-22 6.8191371e-26
38577916 1.8924469e+17 2.3985815e+09 2.5120553e+09 5e-22 1.3351097e-22 6.8380137e-26
38656814 1.8943394e+17 2.3951065e+09 2.5104124e+09 5e-22 1.3325011e-22 6.8569435e-26
38735906 1.8962337e+17 2.3916346e+09 2.5087676e+09 5e-22 1.3298988e-22 6.8759266e-26
38815192 1.89813e+17 2.3881659e+09 2.5071209e+09 5e-22 1.3273026e-22 6.8949631e-26
38894673 1.9000281e+17 2.3847005e+09 2.5054723e+09 5e-22 1.3247125e-22 6.9140532e-26
38974349 1.9019281e+17 2.3812382e+09 2.5038218e+09 5e-22 1.3221287e-22 6.9331971e-26
39054220 1.90383e+17 2.3777791e+09 2.5021694e+09 5e-22 1.3195509e-22 6.9523949e-26
39134288 1.9057339e+17 2.3743232e+09 2.5005151e+09 5e-22 1.3169793e-22 6.9716468e-26
39214552 1.9076396e+17 2.3708704e+09 2.4988589e+09 5e-22 1.3144138e-22 6.990953e-26
39295014 1.9095473e+17 2.3674209e+09 2.4972008e+09 5e-22 1.3118543e-22 7.0103135e-26
39375673 1.9114568e+17 2.3639746e+09 2.4955408e+09 5e-22 1.309301e-22 7.0297286e-26
39456531 1.9133683e+17 2.3605315e+09 2.493879e+09 5e-22 1.3067537e-22 7.0491983e-26
39537587 1.9152816e+17 2.3570916e+09 2.4922153e+09 5e-22 1.3042124e-22 7.068723e-26
39618843 1.9171969e+17 2.3536549e+09 2.4905497e+09 5e-22 1.3016771e-22 7.0883027e-26
39700300 1.9191141e+17 2.3502214e+09 2.4888823e+09 5e-22 1.2991479e-22 7.1079376e-26
39781956 1.9210332e+17 2.3467911e+09 2.487213e+09 5e-22 1.2966247e-22 7.1276279e-26
39863814 1.9229542e+17 2.343364e+09 2.4855419e+09 5e-22 1.2941074e-22 7.1473736e-26
39945874 1.9248772e+17 2.3399401e+09 2.4838689e+09 5e-22 1.2915961e-22 7.1671751e-26
40028136 1.9268021e+17 2.3365194e+09 2.4821941e+09 5e-22 1.2890907e-22 7.1870324e-26
40110600 1.9287289e+17 2.3331019e+09 2.4805174e+09 5e-22 1.2865913e-22 7.2069457e-26
40193268 1.9306576e+17 2.3296876e+09 2.4788389e+09 5e-22 1.2840978e-22 7.2269152e-26
40276140 1.9325883e+17 2.3262766e+09 2.4771586e+09 5e-22 1.2816102e-22 7.246941e-26
40359217 1.9345209e+17 2.3228687e+09 2.4754765e+09 5e-22 1.2791285e-22 7.2670234e-26
40442498 1.9364554e+17 2.3194641e+09 2.4737926e+09 5e-22 1.2766526e-22 7.2871623e-26
40525985 1.9383918e+17 2.3160627e+09 2.4721069e+09 5e-22 1.2741826e-22 7.3073582e-26
40609679 1.9403302e+17 2.3126645e+09 2.4704193e+09 5e-22 1.2717185e-22 7.327611e-26
40693579 1.9422706e+17 2.3092695e+09 2.46873e+09 5e-22 1.2692601e-22 7.347921e-26
40777687 1.9442128e+17 2.3058777e+09 2.4670388e+09 5e-22 1.2668076e-22 7.3682884e-26
40862002 1.946157e+17 2.3024891e+09 2.4653459e+09 5e-22 1.2643609e-22 7.3887132e-26
40946526 1.9481032e+17 2.2991038e+09 2.4636512e+09 5e-22 1.2619199e-22 7.4091957e-26
41031259 1.9500513e+17 2.2957216e+09 2.4619547e+09 5e-22 1.2594847e-22 7.4297361e-26
41116202 1.9520013e+17 2.2923427e+09 2.4602565e+09 5e-22 1.2570553e-22 7.4503345e-26
41201355 1.9539534e+17 2.288967e+09 2.4585564e+09 5e-22 1.2546316e-22 7.4709911e-26
41286719 1.9559073e+17 2.2855946e+09 2.4568546e+09 5e-22 1.2522136e-22 7.491706e-26
41372295 1.9578632e+17 2.2822253e+09 2.4551511e+09 5e-22 1.2498013e-22 7.5124794e-26
41458082 1.9598211e+17 2.2788593e+09 2.4534458e+09 5e-22 1.2473947e-22 7.5333116e-26
41544082 1.9617809e+17 2.2754965e+09 2.4517387e+09 5e-22 1.2449938e-22 7.5542026e-26
41630296 1.9637427e+17 2.2721369e+09 2.45003e+09 5e-22 1.2425986e-22 7.5751526e-26
41716723 1.9657064e+17 2.2687806e+09 2.4483194e+09 5e-22 1.2402089e-22 7.5961619e-26
41803364 1.9676721e+17 2.2654275e+09 2.4466072e+09 5e-22 1.237825e-22 7.6172306e-26
41890221 1.9696398e+17 2.2620776e+09 2.4448932e+09 5e-22 1.2354466e-22 7.6383588e-26
41977293 1.9716094e+17 2.2587309e+09 2.4431775e+09 5e-22 1.2330738e-22 7.6595468e-26
42064581 1.973581e+17 2.2553874e+09 2.4414601e+09 5e-22 1.2307067e-22 7.6807947e-26
42152087 1.9755546e+17 2.2520472e+09 2.4397409e+09 5e-22 1.2283451e-22 7.7021027e-26
42239809 1.9775302e+17 2.2487102e+09 2.4380201e+09 5e-22 1.225989e-22 7.7234709e-26
42327750 1.9795077e+17 2.2453765e+09 2.4362976e+09 5e-22 1.2236385e-22 7.7448996e-26
42415909 1.9814872e+17 2.242046e+09 2.4345733e+09 5e-22 1.2212936e-22 7.7663889e-26
42504288 1.9834687e+17 2.2387187e+09 2.4328474e+09 5e-22 1.2189541e-22 7.787939e-26
42592886 1.9854522e+17 2.2353946e+09 2.4311198e+09 5e-22 1.2166202e-22 7.8095501e-26
42681705 1.9874376e+17 2.2320738e+09 2.4293905e+09 5e-22 1.2142917e-22 7.8312224e-26
42770745 1.9894251e+17 2.2287562e+09 2.4276595e+09 5e-22 1.2119687e-22 7.852956e-26
42860006 1.9914145e+17 2.2254419e+09 2.4259269e+09 5e-22 1.2096512e-22 7.8747511e-26
42949490 1.9934059e+17 2.2221308e+09 2.4241926e+09 5e-22 1.2073391e-22 7.8966079e-26
43039197 1.9953993e+17 2.2188229e+09 2.4224566e+09 5e-22 1.2050324e-22 7.9185266e-26
43129128 1.9973947e+17 2.2155182e+09 2.420719e+09 5e-22 1.2027312e-22 7.9405074e-26
43219283 1.9993921e+17 2.2122168e+09 2.4189798e+09 5e-22 1.2004353e-22 7.9625504e-26
43309662 2.0013915e+17 2.2089187e+09 2.4172389e+09 5e-22 1.1981449e-22 7.9846559e-26
43400267 2.0033929e+17 2.2056237e+09 2.4154963e+09 5e-22 1.1958598e-22 8.0068239e-26
43491098 2.0053963e+17 2.202332e+09 2.4137522e+09 5e-22 1.1935801e-22 8.0290548e-26
43582156 2.0074017e+17 2.1990436e+09 2.4120064e+09 5e-22 1.1913057e-22 8.0513486e-26
43673441 2.0094091e+17 2.1957584e+09 2.410259e+09 5e-22 1.1890367e-22 8.0737057e-26
43764955 2.0114185e+17 2.1924764e+09 2.4085099e+09 5e-22 1.186773e-22 8.096126e-26
43856697 2.0134299e+17 2.1891977e+09 2.4067593e+09 5e-22 1.1845146e-22 8.11861e-26
43948668 2.0154433e+17 2.1859222e+09 2.405007e+09 5e-22 1.1822615e-22 8.1411576e-26
44040869 2.0174588e+17 2.18265e+09 2.4032532e+09 5e-22 1.1800136e-22 8.1637692e-26
44133300 2.0194762e+17 2.179381e+09 2.4014977e+09 5e-22 1.1777711e-22 8.1864448e-26
44225963 2.0214957e+17 2.1761152e+09 2.3997407e+09 5e-22 1.1755337e-22 8.2091848e-26
44318858 2.0235172e+17 2.1728527e+09 2.3979821e+09 5e-22 1.1733016e-22 8.2319893e-26
44411985 2.0255407e+17 2.1695935e+09 2.3962219e+09 5e-22 1.1710748e-22 8.2548584e-26
44505345 2.0275663e+17 2.1663375e+09 2.3944601e+09 5e-22 1.1688531e-22 8.2777924e-26
44598940 2.0295938e+17 2.1630847e+09 2.3926967e+09 5e-22 1.1666367e-22 8.3007914e-26
44692768 2.0316234e+17 2.1598352e+09 2.3909318e+09 5e-22 1.1644254e-22 8.3238557e-26
44786832 2.0336551e+17 2.1565889e+09 2.3891654e+09 5e-22 1.1622193e-22 8.3469855e-26
44881132 2.0356887e+17 2.1533459e+09 2.3873973e+09 5e-22 1.1600184e-22 8.3701808e-26
44975668 2.0377244e+17 2.1501061e+09 2.3856278e+09 5e-22 1.1578226e-22 8.3934421e-26
45070441 2.0397621e+17 2.1468696e+09 2.3838567e+09 5e-22 1.1556319e-22 8.4167693e-26
45165452 2.0418019e+17 2.1436363e+09 2.382084e+09 5e-22 1.1534463e-22 8.4401627e-26
45260702 2.0438437e+17 2.1404063e+09 2.3803098e+09 5e-22 1.1512659e-22 8.4636226e-26
45356190 2.0458875e+17 2.1371795e+09 2.3785341e+09 5e-22 1.1490905e-22 8.487149e-26
45451919 2.0479334e+17 2.133956e+09 2.3767569e+09 5e-22 1.1469203e-22 8.5107423e-26
45547887 2.0499814e+17 2.1307357e+09 2.3749782e+09 5e-22 1.1447551e-22 8.5344026e-26
45644097 2.0520313e+17 2.1275187e+09 2.3731979e+09 5e-22 1.1425949e-22 8.55813e-26
45740549 2.0540834e+17 2.1243049e+09 2.3714162e+09 5e-22 1.1404398e-22 8.5819249e-26
45837244 2.0561374e+17 2.1210944e+09 2.3696329e+09 5e-22 1.1382897e-22 8.6057874e-26
45934181 2.0581936e+17 2.1178872e+09 2.3678482e+09 5e-22 1.1361446e-22 8.6297176e-26
46031363 2.0602518e+17 2.1146831e+09 2.366062e+09 5e-22 1.1340045e-22 8.6537159e-26
46128789 2.062312e+17 2.1114824e+09 2.3642743e+09 5e-22 1.1318694e-22 8.6777824e-26
46226460 2.0643743e+17 2.1082849e+09 2.3624851e+09 5e-22 1.1297393e-22 8.7019172e-26
46324377 2.0664387e+17 2.1050906e+09 2.3606944e+09 5e-22 1.1276141e-22 8.7261207e-26
46422541 2.0685052e+17 2.1018997e+09 2.3589023e+09 5e-22 1.1254939e-22 8.750393e-26
46520952 2.0705737e+17 2.0987119e+09 2.3571087e+09 5e-22 1.1233786e-22 8.7747342e-26
46619612 2.0726442e+17 2.0955274e+09 2.3553137e+09 5e-22 1.1212683e-22 8.7991447e-26
46718520 2.0747169e+17 2.0923462e+09 2.3535172e+09 5e-22 1.1191628e-22 8.8236246e-26
46817677 2.0767916e+17 2.0891682e+09 2.3517192e+09 5e-22 1.1170623e-22 8.8481742e-26
46917085 2.0788684e+17 2.0859935e+09 2.3499199e+09 5e-22 1.1149666e-22 8.8727935e-26
47016743 2.0809473e+17 2.0828221e+09 2.348119e+09 5e-22 1.1128758e-22 8.8974829e-26
47116653 2.0830282e+17 2.0796539e+09 2.3463168e+09 5e-22 1.1107899e-22 8.9222426e-26
47216815 2.0851112e+17 2.0764889e+09 2.3445131e+09 5e-22 1.1087088e-22 8.9470727e-26
47317231 2.0871963e+17 2.0733272e+09 2.3427081e+09 5e-22 1.1066326e-22 8.9719734e-26
47417899 2.0892835e+17 2.0701688e+09 2.3409016e+09 5e-22 1.1045612e-22 8.996945e-26
47518823 2.0913728e+17 2.0670136e+09 2.3390937e+09 5e-22 1.1024946e-22 9.0219877e-26
47620001 2.0934642e+17 2.0638617e+09 2.3372844e+09 5e-22 1.1004328e-22 9.0471017e-26
47721436 2.0955577e+17 2.0607131e+09 2.3354737e+09 5e-22 1.0983757e-22 9.0722872e-26
47823126 2.0976532e+17 2.0575677e+09 2.3336616e+09 5e-22 1.0963235e-22 9.0975444e-26
47925075 2.0997509e+17 2.0544255e+09 2.3318482e+09 5e-22 1.094276e-22 9.1228735e-26
48027281 2.1018506e+17 2.0512867e+09 2.3300333e+09 5e-22 1.0922333e-22 9.1482747e-26
48129746 2.1039525e+17 2.048151e+09 2.3282171e+09 5e-22 1.0901953e-22 9.1737483e-26
48232470 2.1060564e+17 2.0450187e+09 2.3263995e+09 5e-22 1.088162e-22 9.1992945e-26
48335455 2.1081625e+17 2.0418896e+09 2.3245806e+09 5e-22 1.0861334e-22 9.2249134e-26
48438701 2.1102706e+17 2.0387637e+09 2.3227603e+09 5e-22 1.0841096e-22 9.2506054e-26
48542208 2.1123809e+17 2.0356412e+09 2.3209386e+09 5e-22 1.0820904e-22 9.2763705e-26
48645978 2.1144933e+17 2.0325218e+09 2.3191156e+09 5e-22 1.0800759e-22 9.3022091e-26
48750011 2.1166078e+17 2.0294058e+09 2.3172913e+09 5e-22 1.0780661e-22 9.3281213e-26
48854308 2.1187244e+17 2.026293e+09 2.3154656e+09 5e-22 1.0760609e-22 9.3541074e-26
48958869 2.1208431e+17 2.0231834e+09 2.3136386e+09 5e-22 1.0740603e-22 9.3801676e-26
49063696 2.122964e+17 2.0200772e+09 2.3118103e+09 5e-22 1.0720644e-22 9.406302e-26
49168790 2.1250869e+17 2.0169741e+09 2.3099806e+09 5e-22 1.0700731e-22 9.432511e-26
49274150 2.127212e+17 2.0138744e+09 2.3081497e+09 5e-22 1.0680864e-22 9.4587948e-26
49379778 2.1293392e+17 2.0107779e+09 2.3063174e+09 5e-22 1.0661043e-22 9.4851535e-26
49485674 2.1314686e+17 2.0076846e+09 2.3044839e+09 5e-22 1.0641268e-22 9.5115874e-26
49591839 2.1336e+17 2.0045947e+09 2.302649e+09 5e-22 1.0621539e-22 9.5380967e-26
49698275 2.1357336e+17 2.001508e+09 2.3008129e+09 5e-22 1.0601855e-22 9.5646816e-26
49804981 2.1378694e+17 1.9984245e+09 2.2989754e+09 5e-22 1.0582217e-22 9.5913424e-26
49911959 2.1400072e+17 1.9953443e+09 2.2971367e+09 5e-22 1.0562624e-22 9.6180793e-26
50019209 2.1421472e+17 1.9922674e+09 2.2952967e+09 5e-22 1.0543076e-22 9.6448925e-26
50126732 2.1442894e+17 1.9891937e+09 2.2934555e+09 5e-22 1.0523573e-22 9.6717822e-26
50234529 2.1464337e+17 1.9861233e+09 2.291613e+09 5e-22 1.0504115e-22 9.6987487e-26
50342600 2.1485801e+17 1.9830562e+09 2.2897692e+09 5e-22 1.0484703e-22 9.7257922e-26
50450947 2.1507287e+17 1.9799923e+09 2.2879242e+09 5e-22 1.0465335e-22 9.7529129e-26
50559570 2.1528794e+17 1.9769316e+09 2.2860779e+09 5e-22 1.0446011e-22 9.780111e-26
50668470 2.1550323e+17 1.9738743e+09 2.2842304e+09 5e-22 1.0426732e-22 9.8073869e-26
50777648 2.1571873e+17 1.9708202e+09 2.2823816e+09 5e-22 1.0407498e-22 9.8347406e-26
50887105 2.1593445e+17 1.9677693e+09 2.2805317e+09 5e-22 1.0388308e-22 9.8621725e-26
50996840 2.1615039e+17 1.9647217e+09 2.2786805e+09 5e-22 1.0369162e-22 9.8896828e-26
51106856 2.1636654e+17 1.9616774e+09 2.276828e+09 5e-22 1.035006e-22 9.9172716e-26
51217153 2.165829e+17 1.9586364e+09 2.2749744e+09 5e-22 1.0331003e-22 9.9449393e-26
51327731 2.1679949e+17 1.9555986e+09 2.2731196e+09 5e-22 1.0311989e-22 9.9726861e-26
51438592 2.1701629e+17 1.952564e+09 2.2712635e+09 5e-22 1.0293018e-22 1.0000512e-25
51549736 2.172333e+17 1.9495328e+09 2.2694063e+09 5e-22 1.0274092e-22 1.0028418e-25
51661165 2.1745054e+17 1.9465047e+09 2.2675479e+09 5e-22 1.0255209e-22 1.0056403e-25
51772878 2.1766799e+17 1.94348e+09 2.2656883e+09 5e-22 1.0236369e-22 1.0084469e-25
51884877 2.1788565e+17 1.9404585e+09 2.2638275e+09 5e-22 1.0217573e-22 1.0112614e-25
51997163 2.1810354e+17 1.9374402e+09 2.2619656e+09 5e-22 1.019882e-22 1.0140841e-25
52109736 2.1832164e+17 1.9344253e+09 2.2601024e+09 5e-22 1.018011e-22 1.0169148e-25
52222597 2.1853996e+17 1.9314136e+09 2.2582381e+09 5e-22 1.0161443e-22 1.0197536e-25
52335747 2.187585e+17 1.9284051e+09 2.2563727e+09 5e-22 1.0142819e-22 1.0226005e-25
52449187 2.1897726e+17 1.9253999e+09 2.2545061e+09 5e-22 1.0124238e-22 1.0254555e-25
52562918 2.1919624e+17 1.922398e+09 2.2526384e+09 5e-22 1.0105699e-22 1.0283188e-25
52676941 2.1941544e+17 1.9193993e+09 2.2507695e+09 5e-22 1.0087203e-22 1.0311902e-25
52791255 2.1963485e+17 1.9164039e+09 2.2488995e+09 5e-22 1.0068749e-22 1.0340698e-25
52905863 2.1985449e+17 1.9134117e+09 2.2470283e+09 5e-22 1.0050337e-22 1.0369577e-25
53020765 2.2007434e+17 1.9104228e+09 2.2451561e+09 5e-22 1.0031968e-22 1.0398539e-25
53135962 2.2029442e+17 1.9074372e+09 2.2432827e+09 5e-22 1.0013641e-22 1.0427583e-25
53251454 2.2051471e+17 1.9044548e+09 2.2414082e+09 5e-22 9.9953561e-23 1.0456711e-25
53367243 2.2073523e+17 1.9014756e+09 2.2395326e+09 5e-22 9.9771129e-23 1.0485922e-25
53483329 2.2095596e+17 1.8984998e+09 2.2376559e+09 5e-22 9.9589115e-23 1.0515217e-25
53599714 2.2117692e+17 1.8955272e+09 2.2357781e+09 5e-22 9.9407517e-23 1.0544595e-25
53716397 2.2139809e+17 1.8925578e+09 2.2338993e+09 5e-22 9.9226336e-23 1.0574058e-25
53833381 2.2161949e+17 1.8895917e+09 2.2320193e+09 5e-22 9.9045569e-23 1.0603605e-25
53950665 2.2184111e+17 1.8866289e+09 2.2301383e+09 5e-22 9.8865216e-23 1.0633237e-25
54068251 2.2206295e+17 1.8836693e+09 2.2282561e+09 5e-22 9.8685276e-23 1.0662954e-25
54186140 2.2228501e+17 1.8807129e+09 2.226373e+09 5e-22 9.8505747e-23 1.0692756e-25
54304331 2.225073e+17 1.8777599e+09 2.2244887e+09 5e-22 9.8326628e-23 1.0722643e-25
54422828 2.2272981e+17 1.87481e+09 2.2226034e+09 5e-22 9.8147919e-23 1.0752617e-25
54541629 2.2295254e+17 1.8718635e+09 2.2207171e+09 5e-22 9.7969619e-23 1.0782676e-25
54660736 2.2317549e+17 1.8689202e+09 2.2188297e+09 5e-22 9.7791726e-23 1.0812821e-25
54780150 2.2339866e+17 1.8659801e+09 2.2169413e+09 5e-22 9.7614239e-23 1.0843053e-25
54899872 2.2362206e+17 1.8630433e+09 2.2150518e+09 5e-22 9.7437157e-23 1.0873371e-25
55019903 2.2384569e+17 1.8601098e+09 2.2131613e+09 5e-22 9.726048e-23 1.0903776e-25
55140243 2.2406953e+17 1.8571795e+09 2.2112698e+09 5e-22 9.7084206e-23 1.0934269e-25
55260893 2.242936e+17 1.8542524e+09 2.2093773e+09 5e-22 9.6908335e-23 1.0964849e-25
55381855 2.2451789e+17 1.8513287e+09 2.2074838e+09 5e-22 9.6732864e-23 1.0995517e-25
55503129 2.2474241e+17 1.8484081e+09 2.2055893e+09 5e-22 9.6557794e-23 1.1026273e-25
55624716 2.2496715e+17 1.8454908e+09 2.2036937e+09 5e-22 9.6383123e-23 1.1057117e-25
55746617 2.2519212e+17 1.8425768e+09 2.2017972e+09 5e-22 9.620885e-23 1.108805e-25
55868833 2.2541731e+17 1.839666e+09 2.1998997e+09 5e-22 9.6034974e-23 1.1119071e-25
55991364 2.2564273e+17 1.8367585e+09 2.1980012e+09 5e-22 9.5861494e-23 1.1150182e-25
56114213 2.2586837e+17 1.8338542e+09 2.1961017e+09 5e-22 9.568841e-23 1.1181382e-25
56237379 2.2609424e+17 1.8309532e+09 2.1942013e+09 5e-22 9.5515719e-23 1.1212671e-25
56360863 2.2632034e+17 1.8280554e+09 2.1922999e+09 5e-22 9.5343422e-23 1.1244051e-25
56484667 2.2654666e+17 1.8251609e+09 2.1903975e+09 5e-22 9.5171517e-23 1.127552e-25
56608791 2.267732e+17 1.8222696e+09 2.1884942e+09 5e-22 9.5000003e-23 1.130708e-25
56733237 2.2699998e+17 1.8193816e+09 2.1865899e+09 5e-22 9.4828879e-23 1.1338731e-25
56858004 2.2722698e+17 1.8164968e+09 2.1846847e+09 5e-22 9.4658145e-23 1.1370472e-25
56983095 2.274542e+17 1.8136153e+09 2.1827786e+09 5e-22 9.4487798e-23 1.1402305e-25
57108510 2.2768166e+17 1.810737e+09 2.1808715e+09 5e-22 9.4317839e-23 1.143423e-25
57234250 2.2790934e+17 1.8078619e+09 2.1789635e+09 5e-22 9.4148266e-23 1.1466246e-25
57360315 2.2813725e+17 1.8049901e+09 2.1770546e+09 5e-22 9.3979078e-23 1.1498354e-25
57486708 2.2836539e+17 1.8021216e+09 2.1751447e+09 5e-22 9.3810275e-23 1.1530554e-25
57613428 2.2859375e+17 1.7992563e+09 2.173234e+09 5e-22 9.3641854e-23 1.1562847e-25
57740477 2.2882235e+17 1.7963942e+09 2.1713224e+09 5e-22 9.3473817e-23 1.1595233e-25
57867856 2.2905117e+17 1.7935354e+09 2.1694098e+09 5e-22 9.330616e-23 1.1627712e-25
57995565 2.2928022e+17 1.7906798e+09 2.1674964e+09 5e-22 9.3138884e-23 1.1660285e-25
58123606 2.295095e+17 1.7878275e+09 2.1655821e+09 5e-22 9.2971987e-23 1.1692951e-25
58251979 2.2973901e+17 1.7849784e+09 2.1636669e+09 5e-22 9.2805469e-23 1.1725711e-25
58380686 2.2996875e+17 1.7821325e+09 2.1617508e+09 5e-22 9.2639328e-23 1.1758565e-25
58509728 2.3019872e+17 1.7792899e+09 2.1598339e+09 5e-22 9.2473564e-23 1.1791514e-25
58639104 2.3042892e+17 1.7764505e+09 2.157916e+09 5e-22 9.2308175e-23 1.1824558e-25
58768817 2.3065934e+17 1.7736144e+09 2.1559974e+09 5e-22 9.2143161e-23 1.1857697e-25
58898868 2.3089e+17 1.7707815e+09 2.1540779e+09 5e-22 9.1978521e-23 1.1890931e-25
59029257 2.3112089e+17 1.7679519e+09 2.1521575e+09 5e-22 9.1814253e-23 1.1924261e-25
59159985 2.3135201e+17 1.7651254e+09 2.1502363e+09 5e-22 9.1650358e-23 1.1957687e-25
59291053 2.3158337e+17 1.7623023e+09 2.1483143e+09 5e-22 9.1486833e-23 1.199121e-25
59422463 2.3181495e+17 1.7594823e+09 2.1463914e+09 5e-22 9.1323678e-23 1.2024829e-25
59554214 2.3204676e+17 1.7566656e+09 2.1444677e+09 5e-22 9.1160892e-23 1.2058544e-25
59686309 2.3227881e+17 1.7538521e+09 2.1425432e+09 5e-22 9.0998474e-23 1.2092357e-25
59818749 2.3251109e+17 1.7510419e+09 2.1406179e+09 5e-22 9.0836423e-23 1.2126267e-25
59951533 2.327436e+17 1.7482349e+09 2.1386918e+09 5e-22 9.0674739e-23 1.2160275e-25
60084664 2.3297634e+17 1.7454311e+09 2.1367649e+09 5e-22 9.051342e-23 1.2194381e-25
60218141 2.3320932e+17 1.7426306e+09 2.1348371e+09 5e-22 9.0352465e-23 1.2228585e-25
60351967 2.3344253e+17 1.7398333e+09 2.1329086e+09 5e-22 9.0191873e-23 1.2262888e-25
60486143 2.3367597e+17 1.7370392e+09 2.1309793e+09 5e-22 9.0031644e-23 1.229729e-25
60620668 2.3390965e+17 1.7342484e+09 2.1290493e+09 5e-22 8.9871777e-23 1.2331791e-25
60755545 2.3414356e+17 1.7314608e+09 2.1271184e+09 5e-22 8.9712271e-23 1.2366391e-25
60890774 2.343777e+17 1.7286764e+09 2.1251868e+09 5e-22 8.9553124e-23 1.2401092e-25
61026356 2.3461208e+17 1.7258952e+09 2.1232544e+09 5e-22 8.9394336e-23 1.2435892e-25
61162292 2.3484669e+17 1.7231173e+09 2.1213213e+09 5e-22 8.9235906e-23 1.2470793e-25
61298584 2.3508154e+17 1.7203426e+09 2.1193874e+09 5e-22 8.9077833e-23 1.2505794e-25
61435232 2.3531662e+17 1.7175712e+09 2.1174528e+09 5e-22 8.8920117e-23 1.2540896e-25
61572238 2.3555194e+17 1.7148029e+09 2.1155174e+09 5e-22 8.8762755e-23 1.25761e-25
61709602 2.3578749e+17 1.7120379e+09 2.1135813e+09 5e-22 8.8605748e-23 1.2611405e-25
61847325 2.3602328e+17 1.7092761e+09 2.1116445e+09 5e-22 8.8449095e-23 1.2646812e-25
61985409 2.362593e+17 1.7065175e+09 2.109707e+09 5e-22 8.8292794e-23 1.2682322e-25
62123854 2.3649556e+17 1.7037622e+09 2.1077687e+09 5e-22 8.8136845e-23 1.2717934e-25
62262662 2.3673205e+17 1.70101e+09 2.1058298e+09 5e-22 8.7981246e-23 1.2753648e-25
62401833 2.3696879e+17 1.6982611e+09 2.1038901e+09 5e-22 8.7825998e-23 1.2789466e-25
62541369 2.3720576e+17 1.6955154e+09 2.1019497e+09 5e-22 8.7671099e-23 1.2825387e-25
62681271 2.3744296e+17 1.692773e+09 2.1000086e+09 5e-22 8.7516548e-23 1.2861412e-25
62821540 2.376804e+17 1.6900337e+09 2.0980669e+09 5e-22 8.7362344e-23 1.2897541e-25
62962176 2.3791808e+17 1.6872977e+09 2.0961244e+09 5e-22 8.7208486e-23 1.2933775e-25
63103182 2.38156e+17 1.6845649e+09 2.0941813e+09 5e-22 8.7054975e-23 1.2970113e-25
63244557 2.3839416e+17 1.6818353e+09 2.0922375e+09 5e-22 8.6901807e-23 1.3006556e-25
63386303 2.3863255e+17 1.6791089e+09 2.0902931e+09 5e-22 8.6748984e-23 1.3043105e-25
63528422 2.3887119e+17 1.6763857e+09 2.088348e+09 5e-22 8.6596504e-23 1.3079759e-25
63670914 2.3911006e+17 1.6736658e+09 2.0864022e+09 5e-22 8.6444365e-23 1.3116519e-25
63813780 2.3934917e+17 1.670949e+09 2.0844558e+09 5e-22 8.6292568e-23 1.3153385e-25
63957021 2.3958852e+17 1.6682355e+09 2.0825087e+09 5e-22 8.6141112e-23 1.3190358e-25
64100639 2.398281e+17 1.6655252e+09 2.080561e+09 5e-22 8.5989995e-23 1.3227438e-25
64244635 2.4006793e+17 1.6628181e+09 2.0786127e+09 5e-22 8.5839216e-23 1.3264625e-25
64389009 2.40308e+17 1.6601142e+09 2.0766637e+09 5e-22 8.5688776e-23 1.330192e-25
64533763 2.4054831e+17 1.6574135e+09 2.0747142e+09 5e-22 8.5538672e-23 1.3339322e-25
64678898 2.4078886e+17 1.654716e+09 2.072764e+09 5e-22 8.5388904e-23 1.3376833e-25
64824414 2.4102965e+17 1.6520217e+09 2.0708132e+09 5e-22 8.5239472e-23 1.3414452e-25
64970314 2.4127068e+17 1.6493307e+09 2.0688618e+09 5e-22 8.5090374e-23 1.3452181e-25
65116598 2.4151195e+17 1.6466428e+09 2.0669098e+09 5e-22 8.494161e-23 1.3490018e-25
65263267 2.4175346e+17 1.6439581e+09 2.0649572e+09 5e-22 8.4793179e-23 1.3527965e-25
65410323 2.4199521e+17 1.6412767e+09 2.063004e+09 5e-22 8.4645079e-23 1.3566022e-25
65557766 2.4223721e+17 1.6385984e+09 2.0610502e+09 5e-22 8.4497311e-23 1.3604188e-25
65705598 2.4247944e+17 1.6359233e+09 2.0590959e+09 5e-22 8.4349873e-23 1.3642466e-25
65853820 2.4272192e+17 1.6332515e+09 2.057141e+09 5e-22 8.4202764e-23 1.3680854e-25
66002433 2.4296464e+17 1.6305828e+09 2.0551855e+09 5e-22 8.4055984e-23 1.3719353e-25
66151438 2.4320761e+17 1.6279174e+09 2.0532294e+09 5e-22 8.3909532e-23 1.3757964e-25
66300836 2.4345082e+17 1.6252551e+09 2.0512728e+09 5e-22 8.3763406e-23 1.3796687e-25
66450628 2.4369427e+17 1.622596e+09 2.0493157e+09 5e-22 8.3617607e-23 1.3835522e-25
66600816 2.4393796e+17 1.6199402e+09 2.047358e+09 5e-22 8.3472133e-23 1.387447e-25
66751400 2.441819e+17 1.6172875e+09 2.0453998e+09 5e-22 8.3326984e-23 1.391353e-25
66902383 2.4442608e+17 1.614638e+09 2.0434411e+09 5e-22 8.3182158e-23 1.3952704e-25
67053764 2.4467051e+17 1.6119917e+09 2.0414818e+09 5e-22 8.3037656e-23 1.3991991e-25
67205546 2.4491518e+17 1.6093486e+09 2.039522e+09 5e-22 8.2893475e-23 1.4031392e-25
67357728 2.4516009e+17 1.6067087e+09 2.0375617e+09 5e-22 8.2749616e-23 1.4070907e-25
67510314 2.4540525e+17 1.604072e+09 2.0356009e+09 5e-22 8.2606077e-23 1.4110537e-25
67663303 2.4565066e+17 1.6014384e+09 2.0336395e+09 5e-22 8.2462858e-23 1.4150281e-25
67816696 2.4589631e+17 1.5988081e+09 2.0316777e+09 5e-22 8.2319957e-23 1.4190141e-25
67970496 2.4614221e+17 1.5961809e+09 2.0297154e+09 5e-22 8.2177375e-23 1.4230117e-25
68124703 2.4638835e+17 1.5935569e+09 2.0277526e+09 5e-22 8.203511e-23 1.4270209e-25
68279318 2.4663474e+17 1.5909361e+09 2.0257893e+09 5e-22 8.1893161e-23 1.4310416e-25
68434343 2.4688137e+17 1.5883185e+09 2.0238256e+09 5e-22 8.1751529e-23 1.4350741e-25
68589779 2.4712825e+17 1.5857041e+09 2.0218613e+09 5e-22 8.1610211e-23 1.4391183e-25
68745627 2.4737538e+17 1.5830928e+09 2.0198967e+09 5e-22 8.1469207e-23 1.4431741e-25
68901888 2.4762276e+17 1.5804848e+09 2.0179315e+09 5e-22 8.1328517e-23 1.4472418e-25
69058563 2.4787038e+17 1.5778799e+09 2.0159659e+09 5e-22 8.1188139e-23 1.4513213e-25
69215654 2.4811825e+17 1.5752781e+09 2.0139998e+09 5e-22 8.1048072e-23 1.4554126e-25
69373161 2.4836637e+17 1.5726796e+09 2.0120333e+09 5e-22 8.0908317e-23 1.4595158e-25
69531087 2.4861473e+17 1.5700842e+09 2.0100664e+09 5e-22 8.0768872e-23 1.4636309e-25
69689432 2.4886335e+17 1.567492e+09 2.0080991e+09 5e-22 8.0629737e-23 1.467758e-25
69848197 2.4911221e+17 1.564903e+09 2.0061313e+09 5e-22 8.049091e-23 1.471897e-25
70007384 2.4936132e+17 1.5623172e+09 2.0041631e+09 5e-22 8.0352391e-23 1.4760481e-25
70166994 2.4961069e+17 1.5597345e+09 2.0021944e+09 5e-22 8.0214179e-23 1.4802113e-25
70327028 2.498603e+17 1.557155e+09 2.0002254e+09 5e-22 8.0076274e-23 1.4843865e-25
70487487 2.5011016e+17 1.5545786e+09 1.998256e+09 5e-22 7.9938674e-23 1.4885739e-25
70648373 2.5036027e+17 1.5520055e+09 1.9962861e+09 5e-22 7.9801379e-23 1.4927734e-25
70809688 2.5061063e+17 1.5494354e+09 1.9943159e+09 5e-22 7.9664388e-23 1.4969852e-25
70971431 2.5086124e+17 1.5468686e+09 1.9923453e+09 5e-22 7.95277e-23 1.5012091e-25
71133604 2.511121e+17 1.5443049e+09 1.9903743e+09 5e-22 7.9391315e-23 1.5054454e-25
71296210 2.5136321e+17 1.5417444e+09 1.9884029e+09 5e-22 7.9255232e-23 1.509694e-25
71459248 2.5161457e+17 1.539187e+09 1.9864311e+09 5e-22 7.911945e-23 1.5139549e-25
71622720 2.5186619e+17 1.5366328e+09 1.984459e+09 5e-22 7.8983968e-23 1.5182283e-25
71786628 2.5211806e+17 1.5340818e+09 1.9824865e+09 5e-22 7.8848785e-23 1.522514e-25
71950973 2.5237017e+17 1.5315339e+09 1.9805137e+09 5e-22 7.8713902e-23 1.5268123e-25
72115755 2.5262254e+17 1.5289892e+09 1.9785405e+09 5e-22 7.8579316e-23 1.531123e-25
72280977 2.5287517e+17 1.5264476e+09 1.976567e+09 5e-22 7.8445028e-23 1.5354463e-25
72446640 2.5312804e+17 1.5239092e+09 1.9745932e+09 5e-22 7.8311036e-23 1.5397822e-25
72612744 2.5338117e+17 1.5213739e+09 1.972619e+09 5e-22 7.8177341e-23 1.5441307e-25
72779292 2.5363455e+17 1.5188418e+09 1.9706444e+09 5e-22 7.804394e-23 1.5484918e-25
72946284 2.5388818e+17 1.5163128e+09 1.9686696e+09 5e-22 7.7910834e-23 1.5528656e-25
73113722 2.5414207e+17 1.513787e+09 1.9666944e+09 5e-22 7.7778021e-23 1.5572522e-25
73281607 2.5439622e+17 1.5112643e+09 1.964719e+09 5e-22 7.7645501e-23 1.5616516e-25
73449940 2.5465061e+17 1.5087448e+09 1.9627432e+09 5e-22 7.7513274e-23 1.5660637e-25
73618723 2.5490526e+17 1.5062284e+09 1.9607671e+09 5e-22 7.7381338e-23 1.5704887e-25
73787957 2.5516017e+17 1.5037151e+09 1.9587908e+09 5e-22 7.7249692e-23 1.5749266e-25
73957644 2.5541533e+17 1.501205e+09 1.9568141e+09 5e-22 7.7118337e-23 1.5793775e-25
74127784 2.5567074e+17 1.4986981e+09 1.9548371e+09 5e-22 7.6987271e-23 1.5838413e-25
74298379 2.5592641e+17 1.4961943e+09 1.9528599e+09 5e-22 7.6856493e-23 1.5883181e-25
74469431 2.5618234e+17 1.4936936e+09 1.9508824e+09 5e-22 7.6726003e-23 1.5928079e-25
74640940 2.5643852e+17 1.491196e+09 1.9489047e+09 5e-22 7.6595801e-23 1.5973108e-25
74812908 2.5669496e+17 1.4887016e+09 1.9469266e+09 5e-22 7.6465885e-23 1.6018269e-25
74985337 2.5695166e+17 1.4862103e+09 1.9449484e+09 5e-22 7.6336254e-23 1.6063561e-25
75158228 2.5720861e+17 1.4837222e+09 1.9429698e+09 5e-22 7.6206909e-23 1.6108986e-25
75331581 2.5746582e+17 1.4812372e+09 1.940991e+09 5e-22 7.6077848e-23 1.6154543e-25
75505399 2.5772328e+17 1.4787553e+09 1.939012e+09 5e-22 7.594907e-23 1.6200232e-25
75679683 2.5798101e+17 1.4762765e+09 1.9370328e+09 5e-22 7.5820576e-23 1.6246055e-25
75854434 2.5823899e+17 1.4738009e+09 1.9350533e+09 5e-22 7.5692363e-23 1.6292012e-25
76029654 2.5849723e+17 1.4713284e+09 1.9330736e+09 5e-22 7.5564432e-23 1.6338102e-25
76205344 2.5875572e+17 1.468859e+09 1.9310936e+09 5e-22 7.5436782e-23 1.6384328e-25
76381505 2.5901448e+17 1.4663928e+09 1.9291135e+09 5e-22 7.5309412e-23 1.6430688e-25
76558139 2.5927349e+17 1.4639296e+09 1.9271332e+09 5e-22 7.5182321e-23 1.6477183e-25
76735247 2.5953277e+17 1.4614696e+09 1.9251526e+09 5e-22 7.5055509e-23 1.6523814e-25
76912830 2.597923e+17 1.4590127e+09 1.9231718e+09 5e-22 7.4928975e-23 1.6570581e-25
77090890 2.6005209e+17 1.4565589e+09 1.9211909e+09 5e-22 7.4802718e-23 1.6617485e-25
77269429 2.6031214e+17 1.4541083e+09 1.9192098e+09 5e-22 7.4676738e-23 1.6664525e-25
77448447 2.6057246e+17 1.4516607e+09 1.9172285e+09 5e-22 7.4551034e-23 1.6711703e-25
77627947 2.6083303e+17 1.4492163e+09 1.915247e+09 5e-22 7.4425605e-23 1.6759019e-25
77807929 2.6109386e+17 1.446775e+09 1.9132653e+09 5e-22 7.4300451e-23 1.6806473e-25
77988395 2.6135495e+17 1.4443367e+09 1.9112835e+09 5e-22 7.4175571e-23 1.6854066e-25
78169347 2.6161631e+17 1.4419016e+09 1.9093015e+09 5e-22 7.4050963e-23 1.6901798e-25
78350785 2.6187793e+17 1.4394696e+09 1.9073194e+09 5e-22 7.3926629e-23 1.6949669e-25
78532712 2.621398e+17 1.4370408e+09 1.9053371e+09 5e-22 7.3802566e-23 1.699768e-25
78715128 2.6240194e+17 1.434615e+09 1.9033546e+09 5e-22 7.3678775e-23 1.7045831e-25
78898036 2.6266435e+17 1.4321923e+09 1.901372e+09 5e-22 7.3555254e-23 1.7094123e-25
79081436 2.6292701e+17 1.4297727e+09 1.8993893e+09 5e-22 7.3432002e-23 1.7142557e-25
79265330 2.6318994e+17 1.4273562e+09 1.8974065e+09 5e-22 7.330902e-23 1.7191131e-25
79449720 2.6345313e+17 1.4249428e+09 1.8954235e+09 5e-22 7.3186307e-23 1.7239848e-25
79634607 2.6371658e+17 1.4225325e+09 1.8934405e+09 5e-22 7.3063861e-23 1.7288708e-25
79819992 2.639803e+17 1.4201254e+09 1.8914573e+09 5e-22 7.2941683e-23 1.733771e-25
80005877 2.6424428e+17 1.4177213e+09 1.889474e+09 5e-22 7.2819771e-23 1.7386856e-25
80192264 2.6450852e+17 1.4153202e+09 1.8874906e+09 5e-22 7.2698125e-23 1.7436145e-25
80379153 2.6477303e+17 1.4129223e+09 1.8855071e+09 5e-22 7.2576745e-23 1.7485579e-25
80566547 2.650378e+17 1.4105275e+09 1.8835235e+09 5e-22 7.2455629e-23 1.7535157e-25
80754447 2.6530284e+17 1.4081358e+09 1.8815398e+09 5e-22 7.2334776e-23 1.758488e-25
80942854 2.6556814e+17 1.4057471e+09 1.879556e+09 5e-22 7.2214187e-23 1.7634749e-25
81131770 2.6583371e+17 1.4033615e+09 1.8775722e+09 5e-22 7.2093861e-23 1.7684764e-25
81321197 2.6609955e+17 1.4009791e+09 1.8755883e+09 5e-22 7.1973797e-23 1.7734925e-25
81511135 2.6636564e+17 1.3985997e+09 1.8736043e+09 5e-22 7.1853994e-23 1.7785233e-25
81701587 2.6663201e+17 1.3962233e+09 1.8716203e+09 5e-22 7.1734451e-23 1.7835689e-25
81892553 2.6689864e+17 1.3938501e+09 1.8696362e+09 5e-22 7.1615169e-23 1.7886292e-25
82084036 2.6716554e+17 1.3914799e+09 1.8676521e+09 5e-22 7.1496146e-23 1.7937043e-25
82276037 2.6743271e+17 1.3891128e+09 1.8656679e+09 5e-22 7.1377382e-23 1.7987943e-25
82468558 2.6770014e+17 1.3867488e+09 1.8636837e+09 5e-22 7.1258876e-23 1.8038992e-25
82661599 2.6796784e+17 1.3843879e+09 1.8616994e+09 5e-22 7.1140627e-23 1.8090191e-25
82855163 2.6823581e+17 1.38203e+09 1.8597152e+09 5e-22 7.1022636e-23 1.814154e-25
83049252 2.6850404e+17 1.3796752e+09 1.8577308e+09 5e-22 7.09049e-23 1.8193039e-25
83243866 2.6877255e+17 1.3773235e+09 1.8557465e+09 5e-22 7.078742e-23 1.8244689e-25
83439007 2.6904132e+17 1.3749748e+09 1.8537622e+09 5e-22 7.0670195e-23 1.8296491e-25
83634677 2.6931036e+17 1.3726292e+09 1.8517778e+09 5e-22 7.0553225e-23 1.8348444e-25
83830877 2.6957967e+17 1.3702866e+09 1.8497935e+09 5e-22 7.0436508e-23 1.840055e-25
84027610 2.6984925e+17 1.3679472e+09 1.8478091e+09 5e-22 7.0320044e-23 1.8452809e-25
84224875 2.701191e+17 1.3656107e+09 1.8458248e+09 5e-22 7.0203832e-23 1.850522e-25
84422676 2.7038922e+17 1.3632774e+09 1.8438405e+09 5e-22 7.0087873e-23 1.8557786e-25
84621014 2.7065961e+17 1.3609471e+09 1.8418562e+09 5e-22 6.9972164e-23 1.8610506e-25
84819890 2.7093027e+17 1.3586198e+09 1.8398719e+09 5e-22 6.9856707e-23 1.866338e-25
85019306 2.712012e+17 1.3562956e+09 1.8378876e+09 5e-22 6.9741499e-23 1.871641e-25
85219263 2.714724e+17 1.3539745e+09 1.8359034e+09 5e-22 6.962654e-23 1.8769595e-25
85419763 2.7174387e+17 1.3516564e+09 1.8339192e+09 5e-22 6.9511831e-23 1.8822936e-25
85620808 2.7201562e+17 1.3493413e+09 1.831935e+09 5e-22 6.9397369e-23 1.8876434e-25
85822400 2.7228763e+17 1.3470293e+09 1.8299509e+09 5e-22 6.9283155e-23 1.8930089e-25
86024539 2.7255992e+17 1.3447203e+09 1.8279669e+09 5e-22 6.9169188e-23 1.8983901e-25
86227228 2.7283248e+17 1.3424144e+09 1.8259829e+09 5e-22 6.9055467e-23 1.9037871e-25
86430468 2.7310531e+17 1.3401115e+09 1.823999e+09 5e-22 6.8941992e-23 1.9092e-25
86634261 2.7337842e+17 1.3378117e+09 1.8220151e+09 5e-22 6.8828762e-23 1.9146288e-25
86838609 2.736518e+17 1.3355149e+09 1.8200313e+09 5e-22 6.8715777e-23 1.9200735e-25
87043512 2.7392545e+17 1.3332211e+09 1.8180476e+09 5e-22 6.8603035e-23 1.9255343e-25
87248974 2.7419937e+17 1.3309304e+09 1.816064e+09 5e-22 6.8490537e-23 1.931011e-25
87454994 2.7447357e+17 1.3286427e+09 1.8140805e+09 5e-22 6.8378281e-23 1.9365039e-25
87661576 2.7474805e+17 1.326358e+09 1.812097e+09 5e-22 6.8266268e-23 1.9420129e-25
87868721 2.7502279e+17 1.3240764e+09 1.8101137e+09 5e-22 6.8154496e-23 1.9475381e-25
88076430 2.7529782e+17 1.3217978e+09 1.8081305e+09 5e-22 6.8042965e-23 1.9530795e-25
88284706 2.7557311e+17 1.3195222e+09 1.8061473e+09 5e-22 6.7931674e-23 1.9586373e-25
88493549 2.7584869e+17 1.3172496e+09 1.8041643e+09 5e-22 6.7820623e-23 1.9642113e-25
88702961 2.7612454e+17 1.3149801e+09 1.8021814e+09 5e-22 6.7709812e-23 1.9698018e-25
88912945 2.7640066e+17 1.3127136e+09 1.8001987e+09 5e-22 6.7599238e-23 1.9754087e-25
89123502 2.7667706e+17 1.3104501e+09 1.798216e+09 5e-22 6.7488903e-23 1.981032e-25
89334633 2.7695374e+17 1.3081896e+09 1.7962335e+09 5e-22 6.7378805e-23 1.986672e-25
89546341 2.7723069e+17 1.3059321e+09 1.7942512e+09 5e-22 6.7268944e-23 1.9923285e-25
89758626 2.7750792e+17 1.3036777e+09 1.7922689e+09 5e-22 6.715932e-23 1.9980016e-25
89971492 2.7778543e+17 1.3014263e+09 1.7902869e+09 5e-22 6.7049931e-23 2.0036915e-25
90184939 2.7806322e+17 1.2991778e+09 1.7883049e+09 5e-22 6.6940777e-23 2.0093981e-25
90398969 2.7834128e+17 1.2969324e+09 1.7863232e+09 5e-22 6.6831857e-23 2.0151215e-25
90613584 2.7861962e+17 1.29469e+09 1.7843416e+09 5e-22 6.6723172e-23 2.0208617e-25
90828786 2.7889824e+17 1.2924506e+09 1.7823601e+09 5e-22 6.6614719e-23 2.0266189e-25
91044576 2.7917714e+17 1.2902142e+09 1.7803789e+09 5e-22 6.65065e-23 2.0323929e-25
91260957 2.7945632e+17 1.2879808e+09 1.7783978e+09 5e-22 6.6398513e-23 2.038184e-25
91477929 2.7973577e+17 1.2857504e+09 1.7764169e+09 5e-22 6.6290758e-23 2.0439922e-25
91695495 2.8001551e+17 1.283523e+09 1.7744362e+09 5e-22 6.6183233e-23 2.0498174e-25
91913657 2.8029552e+17 1.2812985e+09 1.7724557e+09 5e-22 6.6075939e-23 2.0556598e-25
92132416 2.8057582e+17 1.2790771e+09 1.7704754e+09 5e-22 6.5968875e-23 2.0615195e-25
92351774 2.8085639e+17 1.2768587e+09 1.7684953e+09 5e-22 6.5862041e-23 2.0673964e-25
92571733 2.8113725e+17 1.2746433e+09 1.7665154e+09 5e-22 6.5755435e-23 2.0732906e-25
92792294 2.8141839e+17 1.2724308e+09 1.7645357e+09 5e-22 6.5649058e-23 2.0792021e-25
93013460 2.8169981e+17 1.2702213e+09 1.7625562e+09 5e-22 6.5542908e-23 2.0851311e-25
93235232 2.8198151e+17 1.2680149e+09 1.760577e+09 5e-22 6.5436986e-23 2.0910776e-25
93457613 2.8226349e+17 1.2658114e+09 1.7585979e+09 5e-22 6.533129e-23 2.0970416e-25
93680603 2.8254575e+17 1.2636109e+09 1.7566192e+09 5e-22 6.522582e-23 2.1030232e-25
93904205 2.828283e+17 1.2614133e+09 1.7546406e+09 5e-22 6.5120576e-23 2.1090225e-25
94128420 2.8311113e+17 1.2592188e+09 1.7526623e+09 5e-22 6.5015557e-23 2.1150394e-25
94353251 2.8339424e+17 1.2570272e+09 1.7506842e+09 5e-22 6.4910762e-23 2.121074e-25
94578699 2.8367763e+17 1.2548386e+09 1.7487064e+09 5e-22 6.4806191e-23 2.1271265e-25
94804766 2.8396131e+17 1.252653e+09 1.7467289e+09 5e-22 6.4701843e-23 2.1331969e-25
95031454 2.8424527e+17 1.2497415e+09 -1.2497415e+09 5e-22 0 2.1392851e-25
95258897 2.8452951e+17 1.2468348e+09 -1.2468348e+09 5e-22 0 2.1453953e-25
95487099 2.8481404e+17 1.2439329e+09 -1.2439329e+09 5e-22 0 2.1515275e-25
95716061 2.8509886e+17 1.2410359e+09 -1.2410359e+09 5e-22 0 2.1576818e-25
95945788 2.8538396e+17 1.2381437e+09 -1.2381437e+09 5e-22 0 2.1638583e-25
96176281 2.8566934e+17 1.2352563e+09 -1.2352563e+09 5e-22 0 2.1700571e-25
96407544 2.8595501e+17 1.2323738e+09 -1.2323738e+09 5e-22 0 2.1762783e-25
96639580 2.8624097e+17 1.229496e+09 -1.229496e+09 5e-22 0 2.182522e-25
96872392 2.8652721e+17 1.2266231e+09 -1.2266231e+09 5e-22 0 2.1887881e-25
97105982 2.8681373e+17 1.2237551e+09 -1.2237551e+09 5e-22 0 2.195077e-25
97340354 2.8710055e+17 1.2208918e+09 -1.2208918e+09 5e-22 0 2.2013885e-25
97575510 2.8738765e+17 1.2180334e+09 -1.2180334e+09 5e-22 0 2.2077229e-25
97811454 2.8767504e+17 1.2151798e+09 -1.2151798e+09 5e-22 0 2.2140801e-25
98048189 2.8796271e+17 1.2123311e+09 -1.2123311e+09 5e-22 0 2.2204604e-25
98285717 2.8825067e+17 1.2094871e+09 -1.2094871e+09 5e-22 0 2.2268637e-25
98524042 2.8853892e+17 1.206648e+09 -1.206648e+09 5e-22 0 2.2332902e-25
98763166 2.8882746e+17 1.2038138e+09 -1.2038138e+09 5e-22 0 2.2397399e-25
99003093 2.8911629e+17 1.2009843e+09 -1.2009843e+09 5e-22 0 2.246213e-25
99243826 2.8940541e+17 1.1981597e+09 -1.1981597e+09 5e-22 0 2.2527096e-25
99485367 2.8969481e+17 1.19534e+09 -1.19534e+09 5e-22 0 2.2592297e-25
99727721 2.8998451e+17 1.192525e+09 -1.192525e+09 5e-22 0 2.2657734e-25
99970889 2.9027449e+17 1.1897149e+09 -1.1897149e+09 5e-22 0 2.2723408e-25
1.0021488e+08 2.9056477e+17 1.1869097e+09 -1.1869097e+09 5e-22 0 2.278932e-25
1.0045968e+08 2.9085533e+17 1.1841092e+09 -1.1841092e+09 5e-22 0 2.2855471e-25
1.0070532e+08 2.9114619e+17 1.1813136e+09 -1.1813136e+09 5e-22 0 2.2921863e-25
1.0095178e+08 2.9143733e+17 1.1785229e+09 -1.1785229e+09 5e-22 0 2.2988495e-25
1.0119907e+08 2.9172877e+17 1.1757369e+09 -1.1757369e+09 5e-22 0 2.3055369e-25
1.0144719e+08 2.920205e+17 1.1729558e+09 -1.1729558e+09 5e-22 0 2.3122485e-25
1.0169615e+08 2.9231252e+17 1.1701795e+09 -1.1701795e+09 5e-22 0 2.3189846e-25
1.0194595e+08 2.9260483e+17 1.1674081e+09 -1.1674081e+09 5e-22 0 2.3257451e-25
1.021966e+08 2.9289744e+17 1.1646415e+09 -1.1646415e+09 5e-22 0 2.3325302e-25
1.0244809e+08 2.9319033e+17 1.1618797e+09 -1.1618797e+09 5e-22 0 2.3393399e-25
1.0270043e+08 2.9348352e+17 1.1591228e+09 -1.1591228e+09 5e-22 0 2.3461744e-25
1.0295363e+08 2.9377701e+17 1.1563707e+09 -1.1563707e+09 5e-22 0 2.3530337e-25
1.0320768e+08 2.9407078e+17 1.1536234e+09 -1.1536234e+09 5e-22 0 2.359918e-25
1.0346259e+08 2.9436486e+17 1.150881e+09 -1.150881e+09 5e-22 0 2.3668274e-25
1.0371836e+08 2.9465922e+17 1.1481434e+09 -1.1481434e+09 5e-22 0 2.3737618e-25
1.03975e+08 2.9495388e+17 1.1454106e+09 -1.1454106e+09 5e-22 0 2.3807216e-25
1.0423251e+08 2.9524883e+17 1.1426826e+09 -1.1426826e+09 5e-22 0 2.3877066e-25
1.0449089e+08 2.9554408e+17 1.1399595e+09 -1.1399595e+09 5e-22 0 2.3947171e-25
1.0475015e+08 2.9583963e+17 1.1372412e+09 -1.1372412e+09 5e-22 0 2.4017532e-25
1.0501029e+08 2.9613547e+17 1.1345278e+09 -1.1345278e+09 5e-22 0 2.4088148e-25
1.0527131e+08 2.964316e+17 1.1318191e+09 -1.1318191e+09 5e-22 0 2.4159023e-25
1.0553322e+08 2.9672803e+17 1.1291153e+09 -1.1291153e+09 5e-22 0 2.4230155e-25
1.0579601e+08 2.9702476e+17 1.1264163e+09 -1.1264163e+09 5e-22 0 2.4301547e-25
1.060597e+08 2.9732179e+17 1.1237222e+09 -1.1237222e+09 5e-22 0 2.43732e-25
1.0632429e+08 2.9761911e+17 1.1210328e+09 -1.1210328e+09 5e-22 0 2.4445113e-25
1.0658978e+08 2.9791673e+17 1.1183483e+09 -1.1183483e+09 5e-22 0 2.451729e-25
1.0685617e+08 2.9821464e+17 1.1156686e+09 -1.1156686e+09 5e-22 0 2.4589729e-25
1.0712346e+08 2.9851286e+17 1.1129938e+09 -1.1129938e+09 5e-22 0 2.4662434e-25
1.0739167e+08 2.9881137e+17 1.1103237e+09 -1.1103237e+09 5e-22 0 2.4735404e-25
1.0766079e+08 2.9911018e+17 1.1076585e+09 -1.1076585e+09 5e-22 0 2.480864e-25
1.0793083e+08 2.9940929e+17 1.1049981e+09 -1.1049981e+09 5e-22 0 2.4882144e-25
1.0820179e+08 2.997087e+17 1.1023425e+09 -1.1023425e+09 5e-22 0 2.4955917e-25
1.0847367e+08 3.0000841e+17 1.0996917e+09 -1.0996917e+09 5e-22 0 2.5029959e-25
1.0874648e+08 3.0030842e+17 1.0970458e+09 -1.0970458e+09 5e-22 0 2.5104272e-25
1.0902023e+08 3.0060873e+17 1.0944046e+09 -1.0944046e+09 5e-22 0 2.5178857e-25
1.092949e+08 3.0090934e+17 1.0917683e+09 -1.0917683e+09 5e-22 0 2.5253715e-25
1.0957052e+08 3.0121025e+17 1.0891368e+09 -1.0891368e+09 5e-22 0 2.5328847e-25
1.0984708e+08 3.0151146e+17 1.0865101e+09 -1.0865101e+09 5e-22 0 2.5404254e-25
1.1012458e+08 3.0181297e+17 1.0838882e+09 -1.0838882e+09 5e-22 0 2.5479937e-25
1.1040304e+08 3.0211478e+17 1.0812711e+09 -1.0812711e+09 5e-22 0 2.5555897e-25
1.1068244e+08 3.0241689e+17 1.0786588e+09 -1.0786588e+09 5e-22 0 2.5632136e-25
1.1096281e+08 3.0271931e+17 1.0760513e+09 -1.0760513e+09 5e-22 0 2.5708654e-25
1.1124413e+08 3.0302203e+17 1.0734486e+09 -1.0734486e+09 5e-22 0 2.5785452e-25
1.1152642e+08 3.0332505e+17 1.0708507e+09 -1.0708507e+09 5e-22 0 2.5862532e-25
1.1180968e+08 3.0362838e+17 1.0682576e+09 -1.0682576e+09 5e-22 0 2.5939895e-25
1.120939e+08 3.0393201e+17 1.0656693e+09 -1.0656693e+09 5e-22 0 2.6017541e-25
1.1237911e+08 3.0423594e+17 1.0630858e+09 -1.0630858e+09 5e-22 0 2.6095472e-25
1.1266529e+08 3.0454017e+17 1.0605071e+09 -1.0605071e+09 5e-22 0 2.6173689e-25
1.1295245e+08 3.0484471e+17 1.0579332e+09 -1.0579332e+09 5e-22 0 2.6252194e-25
1.1324061e+08 3.0514956e+17 1.0553641e+09 -1.0553641e+09 5e-22 0 2.6330986e-25
1.1352975e+08 3.0545471e+17 1.0527998e+09 -1.0527998e+09 5e-22 0 2.6410068e-25
1.1381988e+08 3.0576016e+17 1.0502402e+09 -1.0502402e+09 5e-22 0 2.648944e-25
1.1411102e+08 3.0606592e+17 1.0476855e+09 -1.0476855e+09 5e-22 0 2.6569104e-25
1.1440315e+08 3.0637199e+17 1.0451355e+09 -1.0451355e+09 5e-22 0 2.6649061e-25
1.1469629e+08 3.0667836e+17 1.0425903e+09 -1.0425903e+09 5e-22 0 2.6729312e-25
1.1499044e+08 3.0698504e+17 1.0400499e+09 -1.0400499e+09 5e-22 0 2.6809858e-25
1.1528561e+08 3.0729202e+17 1.0375143e+09 -1.0375143e+09 5e-22 0 2.68907e-25
1.1558179e+08 3.0759932e+17 1.0349834e+09 -1.0349834e+09 5e-22 0 2.6971839e-25
1.1587899e+08 3.0790692e+17 1.0324573e+09 -1.0324573e+09 5e-22 0 2.7053277e-25
1.1617722e+08 3.0821482e+17 1.029936e+09 -1.029936e+09 5e-22 0 2.7135015e-25
1.1647647e+08 3.0852304e+17 1.0274194e+09 -1.0274194e+09 5e-22 0 2.7217054e-25
1.1677676e+08 3.0883156e+17 1.0249077e+09 -1.0249077e+09 5e-22 0 2.7299394e-25
1.1707809e+08 3.0914039e+17 1.0224006e+09 -1.0224006e+09 5e-22 0 2.7382038e-25
1.1738046e+08 3.0944953e+17 1.0198984e+09 -1.0198984e+09 5e-22 0 2.7464986e-25
1.1768387e+08 3.0975898e+17 1.0174009e+09 -1.0174009e+09 5e-22 0 2.7548241e-25
1.1798833e+08 3.1006874e+17 1.0149081e+09 -1.0149081e+09 5e-22 0 2.7631801e-25
1.1829384e+08 3.1037881e+17 1.0124201e+09 -1.0124201e+09 5e-22 0 2.771567e-25
1.1860041e+08 3.1068919e+17 1.0099369e+09 -1.0099369e+09 5e-22 0 2.7799848e-25
1.1890805e+08 3.1099988e+17 1.0074584e+09 -1.0074584e+09 5e-22 0 2.7884337e-25
1.1921674e+08 3.1131088e+17 1.0049847e+09 -1.0049847e+09 5e-22 0 2.7969137e-25
1.1952651e+08 3.1162219e+17 1.0025157e+09 -1.0025157e+09 5e-22 0 2.8054251e-25
1.1983735e+08 3.1193381e+17 1.0000514e+09 -1.0000514e+09 5e-22 0 2.8139678e-25
1.2014927e+08 3.1224574e+17 9.9759189e+08 -9.9759189e+08 5e-22 0 2.8225421e-25
1.2046227e+08 3.1255799e+17 9.9513711e+08 -9.9513711e+08 5e-22 0 2.831148e-25
1.2077635e+08 3.1287055e+17 9.9268706e+08 -9.9268706e+08 5e-22 0 2.8397857e-25
1.2109153e+08 3.1318342e+17 9.9024175e+08 -9.9024175e+08 5e-22 0 2.8484553e-25
1.214078e+08 3.134966e+17 9.8780116e+08 -9.8780116e+08 5e-22 0 2.857157e-25
1.2172517e+08 3.138101e+17 9.853653e+08 -9.853653e+08 5e-22 0 2.8658908e-25
1.2204364e+08 3.1412391e+17 9.8293416e+08 -9.8293416e+08 5e-22 0 2.8746569e-25
1.2236322e+08 3.1443803e+17 9.8050774e+08 -9.8050774e+08 5e-22 0 2.8834554e-25
1.226839e+08 3.1475247e+17 9.7808604e+08 -9.7808604e+08 5e-22 0 2.8922864e-25
1.2300571e+08 3.1506722e+17 9.7566905e+08 -9.7566905e+08 5e-22 0 2.9011501e-25
1.2332863e+08 3.1538229e+17 9.7325678e+08 -9.7325678e+08 5e-22 0 2.9100466e-25
1.2365268e+08 3.1569767e+17 9.7084921e+08 -9.7084921e+08 5e-22 0 2.9189761e-25
1.2397786e+08 3.1601337e+17 9.6844635e+08 -9.6844635e+08 5e-22 0 2.9279386e-25
1.2430417e+08 3.1632938e+17 9.6604819e+08 -9.6604819e+08 5e-22 0 2.9369342e-25
1.2463161e+08 3.1664571e+17 9.6365473e+08 -9.6365473e+08 5e-22 0 2.9459632e-25
1.249602e+08 3.1696236e+17 9.6126597e+08 -9.6126597e+08 5e-22 0 2.9550256e-25
1.2528994e+08 3.1727932e+17 9.588819e+08 -9.588819e+08 5e-22 0 2.9641216e-25
1.2562082e+08 3.175966e+17 9.5650252e+08 -9.5650252e+08 5e-22 0 2.9732513e-25
1.2595286e+08 3.179142e+17 9.5412782e+08 -9.5412782e+08 5e-22 0 2.9824149e-25
1.2628606e+08 3.1823211e+17 9.5175782e+08 -9.5175782e+08 5e-22 0 2.9916124e-25
1.2662042e+08 3.1855034e+17 9.4939249e+08 -9.4939249e+08 5e-22 0 3.000844e-25
1.2695595e+08 3.1886889e+17 9.4703184e+08 -9.4703184e+08 5e-22 0 3.0101099e-25
1.2729266e+08 3.1918776e+17 9.4467586e+08 -9.4467586e+08 5e-22 0 3.0194101e-25
1.2763054e+08 3.1950695e+17 9.4232455e+08 -9.4232455e+08 5e-22 0 3.0287448e-25
1.279696e+08 3.1982646e+17 9.3997791e+08 -9.3997791e+08 5e-22 0 3.0381142e-25
1.2830985e+08 3.2014628e+17 9.3763594e+08 -9.3763594e+08 5e-22 0 3.0475184e-25
1.2865129e+08 3.2046643e+17 9.3529862e+08 -9.3529862e+08 5e-22 0 3.0569574e-25
1.2899392e+08 3.207869e+17 9.3296596e+08 -9.3296596e+08 5e-22 0 3.0664316e-25
1.2933776e+08 3.2110768e+17 9.3063796e+08 -9.3063796e+08 5e-22 0 3.0759409e-25
1.296828e+08 3.2142879e+17 9.2831461e+08 -9.2831461e+08 5e-22 0 3.0854855e-25
1.3002905e+08 3.2175022e+17 9.259959e+08 -9.259959e+08 5e-22 0 3.0950656e-25
1.3037651e+08 3.2207197e+17 9.2368184e+08 -9.2368184e+08 5e-22 0 3.1046814e-25
1.307252e+08 3.2239404e+17 9.2137241e+08 -9.2137241e+08 5e-22 0 3.1143328e-25
1.310751e+08 3.2271644e+17 9.1906762e+08 -9.1906762e+08 5e-22 0 3.1240202e-25
1.3142624e+08 3.2303915e+17 9.1676747e+08 -9.1676747e+08 5e-22 0 3.1337436e-25
1.3177861e+08 3.2336219e+17 9.1447194e+08 -9.1447194e+08 5e-22 0 3.1435031e-25
1.3213221e+08 3.2368555e+17 9.1218104e+08 -9.1218104e+08 5e-22 0 3.153299e-25
1.3248706e+08 3.2400924e+17 9.0989476e+08 -9.0989476e+08 5e-22 0 3.1631313e-25
1.3284315e+08 3.2433325e+17 9.076131e+08 -9.076131e+08 5e-22 0 3.1730002e-25
1.332005e+08 3.2465758e+17 9.0533605e+08 -9.0533605e+08 5e-22 0 3.1829059e-25
1.3355911e+08 3.2498224e+17 9.0306361e+08 -9.0306361e+08 5e-22 0 3.1928484e-25
1.3391897e+08 3.2530722e+17 9.0079578e+08 -9.0079578e+08 5e-22 0 3.202828e-25
1.3428011e+08 3.2563253e+17 8.9853255e+08 -8.9853255e+08 5e-22 0 3.2128448e-25
1.3464251e+08 3.2595816e+17 8.9627392e+08 -8.9627392e+08 5e-22 0 3.2228988e-25
1.3500619e+08 3.2628412e+17 8.9401988e+08 -8.9401988e+08 5e-22 0 3.2329904e-25
1.3537115e+08 3.266104e+17 8.9177044e+08 -8.9177044e+08 5e-22 0 3.2431195e-25
1.357374e+08 3.2693701e+17 8.8952558e+08 -8.8952558e+08 5e-22 0 3.2532865e-25
1.3610495e+08 3.2726395e+17 8.8728531e+08 -8.8728531e+08 5e-22 0 3.2634913e-25
1.3647378e+08 3.2759122e+17 8.8504961e+08 -8.8504961e+08 5e-22 0 3.2737342e-25
1.3684392e+08 3.2791881e+17 8.8281849e+08 -8.8281849e+08 5e-22 0 3.2840153e-25
1.3721537e+08 3.2824673e+17 8.8059194e+08 -8.8059194e+08 5e-22 0 3.2943348e-25
1.3758812e+08 3.2857497e+17 8.7836996e+08 -8.7836996e+08 5e-22 0 3.3046928e-25
1.379622e+08 3.2890355e+17 8.7615254e+08 -8.7615254e+08 5e-22 0 3.3150895e-25
1.3833759e+08 3.2923245e+17 8.7393968e+08 -8.7393968e+08 5e-22 0 3.3255249e-25
1.3871431e+08 3.2956168e+17 8.7173137e+08 -8.7173137e+08 5e-22 0 3.3359994e-25
1.3909237e+08 3.2989125e+17 8.6952762e+08 -8.6952762e+08 5e-22 0 3.3465129e-25
1.3947176e+08 3.3022114e+17 8.6732841e+08 -8.6732841e+08 5e-22 0 3.3570658e-25
1.3985249e+08 3.3055136e+17 8.6513374e+08 -8.6513374e+08 5e-22 0 3.367658e-25
1.4023457e+08 3.3088191e+17 8.6294361e+08 -8.6294361e+08 5e-22 0 3.3782899e-25
1.4061801e+08 3.3121279e+17 8.6075801e+08 -8.6075801e+08 5e-22 0 3.3889615e-25
1.410028e+08 3.31544e+17 8.5857695e+08 -8.5857695e+08 5e-22 0 3.399673e-25
1.4138896e+08 3.3187555e+17 8.5640041e+08 -8.5640041e+08 5e-22 0 3.4104245e-25
1.4177648e+08 3.3220742e+17 8.5422839e+08 -8.5422839e+08 5e-22 0 3.4212163e-25
1.4216538e+08 3.3253963e+17 8.5206088e+08 -8.5206088e+08 5e-22 0 3.4320484e-25
1.4255565e+08 3.3287217e+17 8.4989789e+08 -8.4989789e+08 5e-22 0 3.4429211e-25
1.4294732e+08 3.3320504e+17 8.4773941e+08 -8.4773941e+08 5e-22 0 3.4538344e-25
1.4334037e+08 3.3353825e+17 8.4558543e+08 -8.4558543e+08 5e-22 0 3.4647886e-25
1.4373481e+08 3.3387179e+17 8.4343594e+08 -8.4343594e+08 5e-22 0 3.4757839e-25
1.4413066e+08 3.3420566e+17 8.4129096e+08 -8.4129096e+08 5e-22 0 3.4868202e-25
1.4452791e+08 3.3453986e+17 8.3915046e+08 -8.3915046e+08 5e-22 0 3.497898e-25
1.4492658e+08 3.348744e+17 8.3701445e+08 -8.3701445e+08 5e-22 0 3.5090172e-25
1.4532666e+08 3.3520928e+17 8.3488292e+08 -8.3488292e+08 5e-22 0 3.520178e-25
1.4572817e+08 3.3554449e+17 8.3275586e+08 -8.3275586e+08 5e-22 0 3.5313807e-25
1.461311e+08 3.3588003e+17 8.3063328e+08 -8.3063328e+08 5e-22 0 3.5426254e-25
1.4653546e+08 3.3621591e+17 8.2851516e+08 -8.2851516e+08 5e-22 0 3.5539123e-25
1.4694127e+08 3.3655213e+17 8.2640151e+08 -8.2640151e+08 5e-22 0 3.5652414e-25
1.4734852e+08 3.3688868e+17 8.2429232e+08 -8.2429232e+08 5e-22 0 3.5766131e-25
1.4775722e+08 3.3722557e+17 8.2218758e+08 -8.2218758e+08 5e-22 0 3.5880274e-25
1.4816738e+08 3.3756279e+17 8.2008728e+08 -8.2008728e+08 5e-22 0 3.5994845e-25
1.48579e+08 3.3790036e+17 8.1799144e+08 -8.1799144e+08 5e-22 0 3.6109846e-25
1.4899208e+08 3.3823826e+17 8.1590003e+08 -8.1590003e+08 5e-22 0 3.6225279e-25
1.4940664e+08 3.3857649e+17 8.1381305e+08 -8.1381305e+08 5e-22 0 3.6341145e-25
1.4982268e+08 3.3891507e+17 8.1173051e+08 -8.1173051e+08 5e-22 0 3.6457446e-25
1.502402e+08 3.3925399e+17 8.0965239e+08 -8.0965239e+08 5e-22 0 3.6574183e-25
1.5065921e+08 3.3959324e+17 8.0757869e+08 -8.0757869e+08 5e-22 0 3.6691359e-25
1.5107972e+08 3.3993283e+17 8.0550941e+08 -8.0550941e+08 5e-22 0 3.6808976e-25
1.5150173e+08 3.4027277e+17 8.0344454e+08 -8.0344454e+08 5e-22 0 3.6927034e-25
1.5192524e+08 3.4061304e+17 8.0138407e+08 -8.0138407e+08 5e-22 0 3.7045536e-25
1.5235028e+08 3.4095365e+17 7.9932801e+08 -7.9932801e+08 5e-22 0 3.7164483e-25
1.5277683e+08 3.4129461e+17 7.9727634e+08 -7.9727634e+08 5e-22 0 3.7283877e-25
1.532049e+08 3.416359e+17 7.9522906e+08 -7.9522906e+08 5e-22 0 3.740372e-25
1.5363451e+08 3.4197754e+17 7.9318617e+08 -7.9318617e+08 5e-22 0 3.7524014e-25
1.5406565e+08 3.4231951e+17 7.9114766e+08 -7.9114766e+08 5e-22 0 3.7644761e-25
1.5449834e+08 3.4266183e+17 7.8911353e+08 -7.8911353e+08 5e-22 0 3.7765961e-25
1.5493258e+08 3.430045e+17 7.8708377e+08 -7.8708377e+08 5e-22 0 3.7887618e-25
1.5536837e+08 3.433475e+17 7.8505837e+08 -7.8505837e+08 5e-22 0 3.8009732e-25
1.5580572e+08 3.4369085e+17 7.8303734e+08 -7.8303734e+08 5e-22 0 3.8132306e-25
1.5624464e+08 3.4403454e+17 7.8102066e+08 -7.8102066e+08 5e-22 0 3.8255342e-25
1.5668513e+08 3.4437857e+17 7.7900834e+08 -7.7900834e+08 5e-22 0 3.8378841e-25
1.5712721e+08 3.4472295e+17 7.7700036e+08 -7.7700036e+08 5e-22 0 3.8502805e-25
1.5757087e+08 3.4506767e+17 7.7499672e+08 -7.7499672e+08 5e-22 0 3.8627235e-25
1.5801612e+08 3.4541274e+17 7.7299742e+08 -7.7299742e+08 5e-22 0 3.8752135e-25
1.5846297e+08 3.4575815e+17 7.7100245e+08 -7.7100245e+08 5e-22 0 3.8877505e-25
1.5891142e+08 3.4610391e+17 7.6901181e+08 -7.6901181e+08 5e-22 0 3.9003347e-25
1.5936148e+08 3.4645002e+17 7.6702549e+08 -7.6702549e+08 5e-22 0 3.9129664e-25
1.5981316e+08 3.4679647e+17 7.6504348e+08 -7.6504348e+08 5e-22 0 3.9256457e-25
1.6026646e+08 3.4714326e+17 7.6306579e+08 -7.6306579e+08 5e-22 0 3.9383728e-25
1.607214e+08 3.4749041e+17 7.610924e+08 -7.610924e+08 5e-22 0 3.9511479e-25
1.6117796e+08 3.478379e+17 7.5912331e+08 -7.5912331e+08 5e-22 0 3.9639712e-25
1.6163617e+08 3.4818573e+17 7.5715852e+08 -7.5715852e+08 5e-22 0 3.9768429e-25
1.6209603e+08 3.4853392e+17 7.5519801e+08 -7.5519801e+08 5e-22 0 3.9897631e-25
1.6255755e+08 3.4888245e+17 7.5324179e+08 -7.5324179e+08 5e-22 0 4.0027321e-25
1.6302072e+08 3.4923134e+17 7.5128985e+08 -7.5128985e+08 5e-22 0 4.01575e-25
1.6348556e+08 3.4958057e+17 7.4934218e+08 -7.4934218e+08 5e-22 0 4.0288171e-25
1.6395208e+08 3.4993015e+17 7.4739879e+08 -7.4739879e+08 5e-22 0 4.0419335e-25
1.6442028e+08 3.5028008e+17 7.4545965e+08 -7.4545965e+08 5e-22 0 4.0550995e-25
1.6489016e+08 3.5063036e+17 7.4352478e+08 -7.4352478e+08 5e-22 0 4.0683152e-25
1.6536174e+08 3.5098099e+17 7.4159415e+08 -7.4159415e+08 5e-22 0 4.0815808e-25
1.6583502e+08 3.5133197e+17 7.3966778e+08 -7.3966778e+08 5e-22 0 4.0948965e-25
1.6631001e+08 3.516833e+17 7.3774564e+08 -7.3774564e+08 5e-22 0 4.1082625e-25
1.6678671e+08 3.5203499e+17 7.3582775e+08 -7.3582775e+08 5e-22 0 4.121679e-25
1.6726513e+08 3.5238702e+17 7.3391408e+08 -7.3391408e+08 5e-22 0 4.1351463e-25
1.6774527e+08 3.5273941e+17 7.3200464e+08 -7.3200464e+08 5e-22 0 4.1486645e-25
1.6822715e+08 3.5309215e+17 7.3009942e+08 -7.3009942e+08 5e-22 0 4.1622338e-25
1.6871078e+08 3.5344524e+17 7.2819842e+08 -7.2819842e+08 5e-22 0 4.1758544e-25
1.6919615e+08 3.5379868e+17 7.2630162e+08 -7.2630162e+08 5e-22 0 4.1895265e-25
1.6968327e+08 3.5415248e+17 7.2440903e+08 -7.2440903e+08 5e-22 0 4.2032504e-25
1.7017215e+08 3.5450664e+17 7.2252064e+08 -7.2252064e+08 5e-22 0 4.2170262e-25
1.7066281e+08 3.5486114e+17 7.2063644e+08 -7.2063644e+08 5e-22 0 4.2308541e-25
1.7115523e+08 3.55216e+17 7.1875643e+08 -7.1875643e+08 5e-22 0 4.2447343e-25
1.7164944e+08 3.5557122e+17 7.168806e+08 -7.168806e+08 5e-22 0 4.2586671e-25
1.7214544e+08 3.5592679e+17 7.1500894e+08 -7.1500894e+08 5e-22 0 4.2726527e-25
1.7264323e+08 3.5628272e+17 7.1314146e+08 -7.1314146e+08 5e-22 0 4.2866912e-25
1.7314283e+08 3.56639e+17 7.1127814e+08 -7.1127814e+08 5e-22 0 4.3007829e-25
1.7364424e+08 3.5699564e+17 7.0941899e+08 -7.0941899e+08 5e-22 0 4.3149279e-25
1.7414746e+08 3.5735263e+17 7.0756399e+08 -7.0756399e+08 5e-22 0 4.3291266e-25
1.7465251e+08 3.5770999e+17 7.0571313e+08 -7.0571313e+08 5e-22 0 4.343379e-25
1.7515938e+08 3.580677e+17 7.0386642e+08 -7.0386642e+08 5e-22 0 4.3576855e-25
1.756681e+08 3.5842577e+17 7.0202385e+08 -7.0202385e+08 5e-22 0 4.3720462e-25
1.7617866e+08 3.5878419e+17 7.0018541e+08 -7.0018541e+08 5e-22 0 4.3864613e-25
1.7669107e+08 3.5914298e+17 6.9835109e+08 -6.9835109e+08 5e-22 0 4.4009311e-25
1.7720535e+08 3.5950212e+17 6.9652089e+08 -6.9652089e+08 5e-22 0 4.4154558e-25
1.7772148e+08 3.5986162e+17 6.9469481e+08 -6.9469481e+08 5e-22 0 4.4300356e-25
1.782395e+08 3.6022148e+17 6.9287284e+08 -6.9287284e+08 5e-22 0 4.4446706e-25
1.7875939e+08 3.605817e+17 6.9105498e+08 -6.9105498e+08 5e-22 0 4.4593612e-25
1.7928118e+08 3.6094229e+17 6.8924121e+08 -6.8924121e+08 5e-22 0 4.4741076e-25
1.7980486e+08 3.6130323e+17 6.8743153e+08 -6.8743153e+08 5e-22 0 4.4889099e-25
1.8033044e+08 3.6166453e+17 6.8562594e+08 -6.8562594e+08 5e-22 0 4.5037684e-25
1.8085794e+08 3.620262e+17 6.8382443e+08 -6.8382443e+08 5e-22 0 4.5186833e-25
1.8138735e+08 3.6238822e+17 6.8202699e+08 -6.8202699e+08 5e-22 0 4.5336548e-25
1.8191869e+08 3.6275061e+17 6.8023362e+08 -6.8023362e+08 5e-22 0 4.5486832e-25
1.8245197e+08 3.6311336e+17 6.7844432e+08 -6.7844432e+08 5e-22 0 4.5637686e-25
1.8298718e+08 3.6347647e+17 6.7665907e+08 -6.7665907e+08 5e-22 0 4.5789114e-25
1.8352434e+08 3.6383995e+17 6.7487788e+08 -6.7487788e+08 5e-22 0 4.5941117e-25
1.8406346e+08 3.6420379e+17 6.7310073e+08 -6.7310073e+08 5e-22 0 4.6093698e-25
1.8460455e+08 3.6456799e+17 6.7132762e+08 -6.7132762e+08 5e-22 0 4.6246858e-25
1.851476e+08 3.6493256e+17 6.6955855e+08 -6.6955855e+08 5e-22 0 4.6400601e-25
1.8569264e+08 3.6529749e+17 6.677935e+08 -6.677935e+08 5e-22 0 4.6554928e-25
1.8623966e+08 3.6566279e+17 6.6603248e+08 -6.6603248e+08 5e-22 0 4.6709842e-25
1.8678868e+08 3.6602845e+17 6.6427548e+08 -6.6427548e+08 5e-22 0 4.6865345e-25
1.873397e+08 3.6639448e+17 6.6252248e+08 -6.6252248e+08 5e-22 0 4.7021439e-25
1.8789272e+08 3.6676088e+17 6.6077349e+08 -6.6077349e+08 5e-22 0 4.7178127e-25
1.8844777e+08 3.6712764e+17 6.590285e+08 -6.590285e+08 5e-22 0 4.7335412e-25
1.8900485e+08 3.6749477e+17 6.572875e+08 -6.572875e+08 5e-22 0 4.7493294e-25
1.8956395e+08 3.6786226e+17 6.5555049e+08 -6.5555049e+08 5e-22 0 4.7651778e-25
1.901251e+08 3.6823012e+17 6.5381747e+08 -6.5381747e+08 5e-22 0 4.7810865e-25
1.906883e+08 3.6859835e+17 6.5208841e+08 -6.5208841e+08 5e-22 0 4.7970557e-25
1.9125356e+08 3.6896695e+17 6.5036333e+08 -6.5036333e+08 5e-22 0 4.8130857e-25
1.9182089e+08 3.6933592e+17 6.4864221e+08 -6.4864221e+08 5e-22 0 4.8291768e-25
1.9239029e+08 3.6970525e+17 6.4692505e+08 -6.4692505e+08 5e-22 0 4.8453291e-25
1.9296177e+08 3.7007496e+17 6.4521184e+08 -6.4521184e+08 5e-22 0 4.861543e-25
1.9353534e+08 3.7044503e+17 6.4350258e+08 -6.4350258e+08 5e-22 0 4.8778187e-25
1.9411101e+08 3.7081548e+17 6.4179725e+08 -6.4179725e+08 5e-22 0 4.8941563e-25
1.9468878e+08 3.711863e+17 6.4009586e+08 -6.4009586e+08 5e-22 0 4.9105562e-25
1.9526868e+08 3.7155748e+17 6.383984e+08 -6.383984e+08 5e-22 0 4.9270186e-25
1.9585069e+08 3.7192904e+17 6.3670486e+08 -6.3670486e+08 5e-22 0 4.9435438e-25
1.9643484e+08 3.7230097e+17 6.3501524e+08 -6.3501524e+08 5e-22 0 4.9601319e-25
1.9702112e+08 3.7267327e+17 6.3332953e+08 -6.3332953e+08 5e-22 0 4.9767833e-25
1.9760956e+08 3.7304594e+17 6.3164772e+08 -6.3164772e+08 5e-22 0 4.9934982e-25
1.9820015e+08 3.7341899e+17 6.2996981e+08 -6.2996981e+08 5e-22 0 5.0102769e-25
1.9879291e+08 3.7379241e+17 6.2829579e+08 -6.2829579e+08 5e-22 0 5.0271195e-25
1.9938784e+08 3.741662e+17 6.2662566e+08 -6.2662566e+08 5e-22 0 5.0440264e-25
1.9998495e+08 3.7454037e+17 6.249594e+08 -6.249594e+08 5e-22 0 5.0609978e-25
2.0058426e+08 3.7491491e+17 6.2329702e+08 -6.2329702e+08 5e-22 0 5.078034e-25
2.0118576e+08 3.7528982e+17 6.2163851e+08 -6.2163851e+08 5e-22 0 5.0951351e-25
2.0178947e+08 3.7566511e+17 6.1998386e+08 -6.1998386e+08 5e-22 0 5.1123016e-25
2.023954e+08 3.7604078e+17 6.1833307e+08 -6.1833307e+08 5e-22 0 5.1295336e-25
2.0300355e+08 3.7641682e+17 6.1668613e+08 -6.1668613e+08 5e-22 0 5.1468314e-25
2.0361393e+08 3.7679323e+17 6.1504303e+08 -6.1504303e+08 5e-22 0 5.1641952e-25
2.0422656e+08 3.7717003e+17 6.1340376e+08 -6.1340376e+08 5e-22 0 5.1816254e-25
2.0484144e+08 3.775472e+17 6.1176833e+08 -6.1176833e+08 5e-22 0 5.1991221e-25
2.0545859e+08 3.7792474e+17 6.1013673e+08 -6.1013673e+08 5e-22 0 5.2166857e-25
2.06078e+08 3.7830267e+17 6.0850894e+08 -6.0850894e+08 5e-22 0 5.2343163e-25
2.0669968e+08 3.7868097e+17 6.0688497e+08 -6.0688497e+08 5e-22 0 5.2520144e-25
2.0732366e+08 3.7905965e+17 6.052648e+08 -6.052648e+08 5e-22 0 5.26978e-25
2.0794993e+08 3.7943871e+17 6.0364844e+08 -6.0364844e+08 5e-22 0 5.2876136e-25
2.085785e+08 3.7981815e+17 6.0203587e+08 -6.0203587e+08 5e-22 0 5.3055154e-25
2.0920939e+08 3.8019797e+17 6.0042709e+08 -6.0042709e+08 5e-22 0 5.3234856e-25
2.0984261e+08 3.8057817e+17 5.9882209e+08 -5.9882209e+08 5e-22 0 5.3415245e-25
2.1047815e+08 3.8095874e+17 5.9722087e+08 -5.9722087e+08 5e-22 0 5.3596324e-25
2.1111604e+08 3.813397e+17 5.9562341e+08 -5.9562341e+08 5e-22 0 5.3778096e-25
2.1175627e+08 3.8172104e+17 5.9402973e+08 -5.9402973e+08 5e-22 0 5.3960563e-25
2.1239887e+08 3.8210276e+17 5.924398e+08 -5.924398e+08 5e-22 0 5.4143728e-25
2.1304383e+08 3.8248487e+17 5.9085362e+08 -5.9085362e+08 5e-22 0 5.4327594e-25
2.1369118e+08 3.8286735e+17 5.8927118e+08 -5.8927118e+08 5e-22 0 5.4512163e-25
2.1434091e+08 3.8325022e+17 5.8769249e+08 -5.8769249e+08 5e-22 0 5.4697439e-25
2.1499303e+08 3.8363347e+17 5.8611753e+08 -5.8611753e+08 5e-22 0 5.4883424e-25
2.1564757e+08 3.840171e+17 5.845463e+08 -5.845463e+08 5e-22 0 5.5070121e-25
2.1630452e+08 3.8440112e+17 5.8297879e+08 -5.8297879e+08 5e-22 0 5.5257533e-25
2.1696389e+08 3.8478552e+17 5.8141499e+08 -5.8141499e+08 5e-22 0 5.5445663e-25
2.176257e+08 3.8517031e+17 5.7985491e+08 -5.7985491e+08 5e-22 0 5.5634513e-25
2.1828995e+08 3.8555548e+17 5.7829852e+08 -5.7829852e+08 5e-22 0 5.5824087e-25
2.1895666e+08 3.8594103e+17 5.7674583e+08 -5.7674583e+08 5e-22 0 5.6014387e-25
2.1962583e+08 3.8632697e+17 5.7519683e+08 -5.7519683e+08 5e-22 0 5.6205416e-25
2.2029747e+08 3.867133e+17 5.7365152e+08 -5.7365152e+08 5e-22 0 5.6397176e-25
2.209716e+08 3.8710001e+17 5.7210988e+08 -5.7210988e+08 5e-22 0 5.6589672e-25
2.2164822e+08 3.8748711e+17 5.7057191e+08 -5.7057191e+08 5e-22 0 5.6782906e-25
2.2232734e+08 3.878746e+17 5.6903761e+08 -5.6903761e+08 5e-22 0 5.697688e-25
2.2300897e+08 3.8826248e+17 5.6750697e+08 -5.6750697e+08 5e-22 0 5.7171598e-25
2.2369312e+08 3.8865074e+17 5.6597998e+08 -5.6597998e+08 5e-22 0 5.7367062e-25
2.2437981e+08 3.8903939e+17 5.6445664e+08 -5.6445664e+08 5e-22 0 5.7563277e-25
2.2506904e+08 3.8942843e+17 5.6293694e+08 -5.6293694e+08 5e-22 0 5.7760243e-25
2.2576082e+08 3.8981786e+17 5.6142087e+08 -5.6142087e+08 5e-22 0 5.7957965e-25
2.2645516e+08 3.9020767e+17 5.5990843e+08 -5.5990843e+08 5e-22 0 5.8156446e-25
2.2715207e+08 3.9059788e+17 5.5839962e+08 -5.5839962e+08 5e-22 0 5.8355688e-25
2.2785157e+08 3.9098848e+17 5.5689441e+08 -5.5689441e+08 5e-22 0 5.8555695e-25
2.2855366e+08 3.9137947e+17 5.5539282e+08 -5.5539282e+08 5e-22 0 5.8756469e-25
2.2925835e+08 3.9177085e+17 5.5389483e+08 -5.5389483e+08 5e-22 0 5.8958014e-25
2.2996565e+08 3.9216262e+17 5.5240044e+08 -5.5240044e+08 5e-22 0 5.9160332e-25
2.3067557e+08 3.9255478e+17 5.5090963e+08 -5.5090963e+08 5e-22 0 5.9363428e-25
2.3138813e+08 3.9294734e+17 5.4942242e+08 -5.4942242e+08 5e-22 0 5.9567303e-25
2.3210333e+08 3.9334028e+17 5.4793877e+08 -5.4793877e+08 5e-22 0 5.977196e-25
2.3282118e+08 3.9373362e+17 5.4645871e+08 -5.4645871e+08 5e-22 0 5.9977404e-25
2.335417e+08 3.9412736e+17 5.449822e+08 -5.449822e+08 5e-22 0 6.0183637e-25
2.342649e+08 3.9452148e+17 5.4350926e+08 -5.4350926e+08 5e-22 0 6.0390663e-25
2.3499077e+08 3.9491601e+17 5.4203987e+08 -5.4203987e+08 5e-22 0 6.0598483e-25
2.3571935e+08 3.9531092e+17 5.4057402e+08 -5.4057402e+08 5e-22 0 6.0807102e-25
2.3645063e+08 3.9570623e+17 5.3911172e+08 -5.3911172e+08 5e-22 0 6.1016523e-25
2.3718462e+08 3.9610194e+17 5.3765295e+08 -5.3765295e+08 5e-22 0 6.1226749e-25
2.3792135e+08 3.9649804e+17 5.3619771e+08 -5.3619771e+08 5e-22 0 6.1437782e-25
2.3866081e+08 3.9689454e+17 5.3474599e+08 -5.3474599e+08 5e-22 0 6.1649627e-25
2.3940302e+08 3.9729143e+17 5.3329778e+08 -5.3329778e+08 5e-22 0 6.1862287e-25
2.4014799e+08 3.9768873e+17 5.3185309e+08 -5.3185309e+08 5e-22 0 6.2075764e-25
2.4089574e+08 3.9808641e+17 5.3041189e+08 -5.3041189e+08 5e-22 0 6.2290062e-25
2.4164626e+08 3.984845e+17 5.289742e+08 -5.289742e+08 5e-22 0 6.2505184e-25
2.4239957e+08 3.9888299e+17 5.2753999e+08 -5.2753999e+08 5e-22 0 6.2721134e-25
2.4315569e+08 3.9928187e+17 5.2610927e+08 -5.2610927e+08 5e-22 0 6.2937914e-25
2.4391463e+08 3.9968115e+17 5.2468203e+08 -5.2468203e+08 5e-22 0 6.3155528e-25
2.4467638e+08 4.0008083e+17 5.2325826e+08 -5.2325826e+08 5e-22 0 6.337398e-25
2.4544098e+08 4.0048091e+17 5.2183795e+08 -5.2183795e+08 5e-22 0 6.3593273e-25
2.4620842e+08 4.0088139e+17 5.204211e+08 -5.204211e+08 5e-22 0 6.3813409e-25
2.4697873e+08 4.0128227e+17 5.190077e+08 -5.190077e+08 5e-22 0 6.4034393e-25
2.477519e+08 4.0168356e+17 5.1759776e+08 -5.1759776e+08 5e-22 0 6.4256228e-25
2.4852795e+08 4.0208524e+17 5.1619125e+08 -5.1619125e+08 5e-22 0 6.4478916e-25
2.493069e+08 4.0248733e+17 5.1478817e+08 -5.1478817e+08 5e-22 0 6.4702462e-25
2.5008875e+08 4.0288981e+17 5.1338852e+08 -5.1338852e+08 5e-22 0 6.4926869e-25
2.5087351e+08 4.032927e+17 5.119923e+08 -5.119923e+08 5e-22 0 6.515214e-25
2.5166121e+08 4.03696e+17 5.1059949e+08 -5.1059949e+08 5e-22 0 6.5378279e-25
2.5245184e+08 4.0409969e+17 5.0921009e+08 -5.0921009e+08 5e-22 0 6.5605289e-25
2.5324542e+08 4.0450379e+17 5.0782409e+08 -5.0782409e+08 5e-22 0 6.5833174e-25
2.5404196e+08 4.0490829e+17 5.0644148e+08 -5.0644148e+08 5e-22 0 6.6061937e-25
2.5484148e+08 4.053132e+17 5.0506227e+08 -5.0506227e+08 5e-22 0 6.6291581e-25
2.5564398e+08 4.0571852e+17 5.0368644e+08 -5.0368644e+08 5e-22 0 6.652211e-25
2.5644948e+08 4.0612423e+17 5.0231399e+08 -5.0231399e+08 5e-22 0 6.6753528e-25
2.5725799e+08 4.0653036e+17 5.0094491e+08 -5.0094491e+08 5e-22 0 6.6985838e-25
2.5806951e+08 4.0693689e+17 4.9957919e+08 -4.9957919e+08 5e-22 0 6.7219044e-25
2.5888407e+08 4.0734383e+17 4.9821683e+08 -4.9821683e+08 5e-22 0 6.7453149e-25
2.5970168e+08 4.0775117e+17 4.9685783e+08 -4.9685783e+08 5e-22 0 6.7688156e-25
2.6052233e+08 4.0815892e+17 4.9550217e+08 -4.9550217e+08 5e-22 0 6.792407e-25
2.6134606e+08 4.0856708e+17 4.9414985e+08 -4.9414985e+08 5e-22 0 6.8160894e-25
2.6217287e+08 4.0897565e+17 4.9280086e+08 -4.9280086e+08 5e-22 0 6.8398631e-25
2.6300277e+08 4.0938462e+17 4.914552e+08 -4.914552e+08 5e-22 0 6.8637285e-25
2.6383578e+08 4.0979401e+17 4.9011286e+08 -4.9011286e+08 5e-22 0 6.8876861e-25
2.646719e+08 4.102038e+17 4.8877384e+08 -4.8877384e+08 5e-22 0 6.911736e-25
2.6551115e+08 4.1061401e+17 4.8743813e+08 -4.8743813e+08 5e-22 0 6.9358788e-25
2.6635354e+08 4.1102462e+17 4.8610571e+08 -4.8610571e+08 5e-22 0 6.9601148e-25
2.6719909e+08 4.1143564e+17 4.847766e+08 -4.847766e+08 5e-22 0 6.9844443e-25
2.680478e+08 4.1184708e+17 4.8345077e+08 -4.8345077e+08 5e-22 0 7.0088677e-25
2.6889969e+08 4.1225893e+17 4.8212823e+08 -4.8212823e+08 5e-22 0 7.0333854e-25
2.6975477e+08 4.1267119e+17 4.8080896e+08 -4.8080896e+08 5e-22 0 7.0579978e-25
2.7061306e+08 4.1308386e+17 4.7949296e+08 -4.7949296e+08 5e-22 0 7.0827053e-25
2.7147456e+08 4.1349694e+17 4.7818023e+08 -4.7818023e+08 5e-22 0 7.1075081e-25
2.7233929e+08 4.1391044e+17 4.7687076e+08 -4.7687076e+08 5e-22 0 7.1324068e-25
2.7320726e+08 4.1432435e+17 4.7556454e+08 -4.7556454e+08 5e-22 0 7.1574016e-25
2.7407849e+08 4.1473867e+17 4.7426156e+08 -4.7426156e+08 5e-22 0 7.182493e-25
2.7495298e+08 4.1515341e+17 4.7296183e+08 -4.7296183e+08 5e-22 0 7.2076814e-25
2.7583075e+08 4.1556856e+17 4.7166533e+08 -4.7166533e+08 5e-22 0 7.232967e-25
2.7671182e+08 4.1598413e+17 4.7037205e+08 -4.7037205e+08 5e-22 0 7.2583504e-25
2.7759619e+08 4.1640012e+17 4.69082e+08 -4.69082e+08 5e-22 0 7.2838319e-25
2.7848388e+08 4.1681652e+17 4.6779516e+08 -4.6779516e+08 5e-22 0 7.3094119e-25
2.7937491e+08 4.1723333e+17 4.6651153e+08 -4.6651153e+08 5e-22 0 7.3350907e-25
2.8026928e+08 4.1765057e+17 4.652311e+08 -4.652311e+08 5e-22 0 7.3608689e-25
2.81167e+08 4.1806822e+17 4.6395387e+08 -4.6395387e+08 5e-22 0 7.3867467e-25
2.820681e+08 4.1848629e+17 4.6267982e+08 -4.6267982e+08 5e-22 0 7.4127246e-25
2.8297258e+08 4.1890477e+17 4.6140896e+08 -4.6140896e+08 5e-22 0 7.4388029e-25
2.8388047e+08 4.1932368e+17 4.6014128e+08 -4.6014128e+08 5e-22 0 7.4649821e-25
2.8479176e+08 4.19743e+17 4.5887677e+08 -4.5887677e+08 5e-22 0 7.4912626e-25
2.8570648e+08 4.2016274e+17 4.5761542e+08 -4.5761542e+08 5e-22 0 7.5176447e-25
2.8662463e+08 4.2058291e+17 4.5635724e+08 -4.5635724e+08 5e-22 0 7.5441289e-25
2.8754624e+08 4.2100349e+17 4.551022e+08 -4.551022e+08 5e-22 0 7.5707156e-25
2.8847132e+08 4.2142449e+17 4.5385031e+08 -4.5385031e+08 5e-22 0 7.5974051e-25
2.8939987e+08 4.2184592e+17 4.5260156e+08 -4.5260156e+08 5e-22 0 7.624198e-25
2.9033192e+08 4.2226776e+17 4.5135595e+08 -4.5135595e+08 5e-22 0 7.6510945e-25
2.9126747e+08 4.2269003e+17 4.5011346e+08 -4.5011346e+08 5e-22 0 7.6780952e-25
2.9220655e+08 4.2311272e+17 4.4887409e+08 -4.4887409e+08 5e-22 0 7.7052004e-25
2.9314916e+08 4.2353583e+17 4.4763784e+08 -4.4763784e+08 5e-22 0 7.7324105e-25
2.9409531e+08 4.2395937e+17 4.464047e+08 -4.464047e+08 5e-22 0 7.7597259e-25
2.9504503e+08 4.2438333e+17 4.4517466e+08 -4.4517466e+08 5e-22 0 7.7871472e-25
2.9599833e+08 4.2480771e+17 4.4394772e+08 -4.4394772e+08 5e-22 0 7.8146746e-25
2.9695522e+08 4.2523252e+17 4.4272386e+08 -4.4272386e+08 5e-22 0 7.8423087e-25
2.9791571e+08 4.2565775e+17 4.4150309e+08 -4.4150309e+08 5e-22 0 7.8700498e-25
2.9887982e+08 4.2608341e+17 4.402854e+08 -4.402854e+08 5e-22 0 7.8978984e-25
2.9984756e+08 4.2650949e+17 4.3907078e+08 -4.3907078e+08 5e-22 0 7.9258548e-25
3.0081895e+08 4.26936e+17 4.3785923e+08 -4.3785923e+08 5e-22 0 7.9539196e-25
3.0179401e+08 4.2736294e+17 4.3665074e+08 -4.3665074e+08 5e-22 0 7.9820931e-25
3.0277274e+08 4.277903e+17 4.354453e+08 -4.354453e+08 5e-22 0 8.0103758e-25
3.0375516e+08 4.2821809e+17 4.342429e+08 -4.342429e+08 5e-22 0 8.0387682e-25
3.0474128e+08 4.2864631e+17 4.3304355e+08 -4.3304355e+08 5e-22 0 8.0672705e-25
3.0573113e+08 4.2907496e+17 4.3184724e+08 -4.3184724e+08 5e-22 0 8.0958834e-25
3.0672471e+08 4.2950403e+17 4.3065395e+08 -4.3065395e+08 5e-22 0 8.1246072e-25
3.0772204e+08 4.2993354e+17 4.2946368e+08 -4.2946368e+08 5e-22 0 8.1534424e-25
3.0872313e+08 4.3036347e+17 4.2827643e+08 -4.2827643e+08 5e-22 0 8.1823893e-25
3.0972801e+08 4.3079383e+17 4.2709219e+08 -4.2709219e+08 5e-22 0 8.2114486e-25
3.1073667e+08 4.3122463e+17 4.2591096e+08 -4.2591096e+08 5e-22 0 8.2406205e-25
3.1174915e+08 4.3165585e+17 4.2473272e+08 -4.2473272e+08 5e-22 0 8.2699056e-25
3.1276545e+08 4.3208751e+17 4.2355748e+08 -4.2355748e+08 5e-22 0 8.2993043e-25
3.1378559e+08 4.3251959e+17 4.2238522e+08 -4.2238522e+08 5e-22 0 8.328817e-25
3.1480958e+08 4.3295211e+17 4.2121594e+08 -4.2121594e+08 5e-22 0 8.3584442e-25
3.1583744e+08 4.3338507e+17 4.2004964e+08 -4.2004964e+08 5e-22 0 8.3881864e-25
3.1686919e+08 4.3381845e+17 4.188863e+08 -4.188863e+08 5e-22 0 8.418044e-25
3.1790484e+08 4.3425227e+17 4.1772592e+08 -4.1772592e+08 5e-22 0 8.4480175e-25
3.189444e+08 4.3468652e+17 4.165685e+08 -4.165685e+08 5e-22 0 8.4781073e-25
3.1998789e+08 4.3512121e+17 4.1541403e+08 -4.1541403e+08 5e-22 0 8.5083139e-25
3.2103533e+08 4.3555633e+17 4.142625e+08 -4.142625e+08 5e-22 0 8.5386378e-25
3.2208674e+08 4.3599189e+17 4.1311391e+08 -4.1311391e+08 5e-22 0 8.5690794e-25
3.2314211e+08 4.3642788e+17 4.1196825e+08 -4.1196825e+08 5e-22 0 8.5996392e-25
3.2420149e+08 4.3686431e+17 4.1082551e+08 -4.1082551e+08 5e-22 0 8.6303176e-25
3.2526487e+08 4.3730117e+17 4.0968569e+08 -4.0968569e+08 5e-22 0 8.6611152e-25
3.2633228e+08 4.3773847e+17 4.0854879e+08 -4.0854879e+08 5e-22 0 8.6920324e-25
3.2740372e+08 4.3817621e+17 4.0741479e+08 -4.0741479e+08 5e-22 0 8.7230697e-25
3.2847923e+08 4.3861439e+17 4.062837e+08 -4.062837e+08 5e-22 0 8.7542276e-25
3.295588e+08 4.39053e+17 4.0515549e+08 -4.0515549e+08 5e-22 0 8.7855065e-25
3.3064247e+08 4.3949205e+17 4.0403018e+08 -4.0403018e+08 5e-22 0 8.8169069e-25
3.3173024e+08 4.3993155e+17 4.0290775e+08 -4.0290775e+08 5e-22 0 8.8484293e-25
3.3282213e+08 4.4037148e+17 4.0178819e+08 -4.0178819e+08 5e-22 0 8.8800742e-25
3.3391816e+08 4.4081185e+17 4.0067151e+08 -4.0067151e+08 5e-22 0 8.9118421e-25
3.3501834e+08 4.4125266e+17 3.9955769e+08 -3.9955769e+08 5e-22 0 8.9437334e-25
3.361227e+08 4.4169391e+17 3.9844673e+08 -3.9844673e+08 5e-22 0 8.9757487e-25
3.3723123e+08 4.4213561e+17 3.9733862e+08 -3.9733862e+08 5e-22 0 9.0078885e-25
3.3834398e+08 4.4257774e+17 3.9623336e+08 -3.9623336e+08 5e-22 0 9.0401532e-25
3.3946094e+08 4.4302032e+17 3.9513093e+08 -3.9513093e+08 5e-22 0 9.0725433e-25
3.4058214e+08 4.4346334e+17 3.9403134e+08 -3.9403134e+08 5e-22 0 9.1050594e-25
3.4170759e+08 4.439068e+17 3.9293459e+08 -3.9293459e+08 5e-22 0 9.1377019e-25
3.4283731e+08 4.4435071e+17 3.9184065e+08 -3.9184065e+08 5e-22 0 9.1704714e-25
3.4397132e+08 4.4479506e+17 3.9074953e+08 -3.9074953e+08 5e-22 0 9.2033683e-25
3.4510963e+08 4.4523986e+17 3.8966122e+08 -3.8966122e+08 5e-22 0 9.2363931e-25
3.4625227e+08 4.456851e+17 3.8857571e+08 -3.8857571e+08 5e-22 0 9.2695465e-25
3.4739924e+08 4.4613078e+17 3.87493e+08 -3.87493e+08 5e-22 0 9.3028288e-25
3.4855056e+08 4.4657691e+17 3.8641309e+08 -3.8641309e+08 5e-22 0 9.3362406e-25
3.4970626e+08 4.4702349e+17 3.8533596e+08 -3.8533596e+08 5e-22 0 9.3697824e-25
3.5086635e+08 4.4747051e+17 3.8426161e+08 -3.8426161e+08 5e-22 0 9.4034547e-25
3.5203084e+08 4.4791798e+17 3.8319004e+08 -3.8319004e+08 5e-22 0 9.437258e-25
3.5319976e+08 4.483659e+17 3.8212124e+08 -3.8212124e+08 5e-22 0 9.4711929e-25
3.5437312e+08 4.4881427e+17 3.8105519e+08 -3.8105519e+08 5e-22 0 9.5052599e-25
3.5555094e+08 4.4926308e+17 3.7999191e+08 -3.7999191e+08 5e-22 0 9.5394595e-25
3.5673324e+08 4.4971234e+17 3.7893138e+08 -3.7893138e+08 5e-22 0 9.5737922e-25
3.5792003e+08 4.5016206e+17 3.7787359e+08 -3.7787359e+08 5e-22 0 9.6082586e-25
3.5911133e+08 4.5061222e+17 3.7681854e+08 -3.7681854e+08 5e-22 0 9.6428592e-25
3.6030717e+08 4.5106283e+17 3.7576622e+08 -3.7576622e+08 5e-22 0 9.6775945e-25
3.6150755e+08 4.5151389e+17 3.7471663e+08 -3.7471663e+08 5e-22 0 9.7124651e-25
3.627125e+08 4.5196541e+17 3.7366977e+08 -3.7366977e+08 5e-22 0 9.7474715e-25
3.6392203e+08 4.5241737e+17 3.7262562e+08 -3.7262562e+08 5e-22 0 9.7826142e-25
3.6513616e+08 4.5286979e+17 3.7158417e+08 -3.7158417e+08 5e-22 0 9.8178939e-25
3.6635492e+08 4.5332266e+17 3.7054544e+08 -3.7054544e+08 5e-22 0 9.8533109e-25
3.6757831e+08 4.5377598e+17 3.695094e+08 -3.695094e+08 5e-22 0 9.8888659e-25
3.6880636e+08 4.5422976e+17 3.6847605e+08 -3.6847605e+08 5e-22 0 9.9245595e-25
3.7003908e+08 4.5468399e+17 3.6744539e+08 -3.6744539e+08 5e-22 0 9.9603921e-25
3.712765e+08 4.5513867e+17 3.6641741e+08 -3.6641741e+08 5e-22 0 9.9963644e-25
3.7251863e+08 4.5559381e+17 3.653921e+08 -3.653921e+08 5e-22 0 1.0032477e-24
3.737655e+08 4.5604941e+17 3.6436946e+08 -3.6436946e+08 5e-22 0 1.006873e-24
3.7501711e+08 4.5650545e+17 3.6334949e+08 -3.6334949e+08 5e-22 0 1.0105124e-24
3.7627349e+08 4.5696196e+17 3.6233217e+08 -3.6233217e+08 5e-22 0 1.0141661e-24
3.7753466e+08 4.5741892e+17 3.613175e+08 -3.613175e+08 5e-22 0 1.017834e-24
3.7880063e+08 4.5787634e+17 3.6030548e+08 -3.6030548e+08 5e-22 0 1.0215161e-24
3.8007144e+08 4.5833422e+17 3.592961e+08 -3.592961e+08 5e-22 0 1.0252127e-24
3.8134708e+08 4.5879255e+17 3.5828935e+08 -3.5828935e+08 5e-22 0 1.0289236e-24
3.8262759e+08 4.5925134e+17 3.5728523e+08 -3.5728523e+08 5e-22 0 1.032649e-24
3.8391298e+08 4.597106e+17 3.5628374e+08 -3.5628374e+08 5e-22 0 1.036389e-24
3.8520327e+08 4.6017031e+17 3.5528486e+08 -3.5528486e+08 5e-22 0 1.0401435e-24
3.8649849e+08 4.6063048e+17 3.5428859e+08 -3.5428859e+08 5e-22 0 1.0439127e-24
3.8779864e+08 4.6109111e+17 3.5329492e+08 -3.5329492e+08 5e-22 0 1.0476966e-24
3.8910376e+08 4.615522e+17 3.5230386e+08 -3.5230386e+08 5e-22 0 1.0514952e-24
3.9041386e+08 4.6201375e+17 3.5131538e+08 -3.5131538e+08 5e-22 0 1.0553087e-24
3.9172895e+08 4.6247576e+17 3.503295e+08 -3.503295e+08 5e-22 0 1.059137e-24
3.9304907e+08 4.6293824e+17 3.493462e+08 -3.493462e+08 5e-22 0 1.0629803e-24
3.9437423e+08 4.6340118e+17 3.4836547e+08 -3.4836547e+08 5e-22 0 1.0668386e-24
3.9570444e+08 4.6386458e+17 3.4738732e+08 -3.4738732e+08 5e-22 0 1.0707119e-24
3.9703974e+08 4.6432844e+17 3.4641173e+08 -3.4641173e+08 5e-22 0 1.0746004e-24
3.9838013e+08 4.6479277e+17 3.454387e+08 -3.454387e+08 5e-22 0 1.078504e-24
3.9972565e+08 4.6525756e+17 3.4446822e+08 -3.4446822e+08 5e-22 0 1.0824229e-24
4.010763e+08 4.6572282e+17 3.4350029e+08 -3.4350029e+08 5e-22 0 1.086357e-24
4.0243212e+08 4.6618855e+17 3.425349e+08 -3.425349e+08 5e-22 0 1.0903065e-24
4.0379311e+08 4.6665473e+17 3.4157205e+08 -3.4157205e+08 5e-22 0 1.0942715e-24
4.0515931e+08 4.6712139e+17 3.4061173e+08 -3.4061173e+08 5e-22 0 1.0982519e-24
4.0653073e+08 4.6758851e+17 3.3965393e+08 -3.3965393e+08 5e-22 0 1.1022479e-24
4.0790739e+08 4.680561e+17 3.3869866e+08 -3.3869866e+08 5e-22 0 1.1062594e-24
4.0928932e+08 4.6852415e+17 3.377459e+08 -3.377459e+08 5e-22 0 1.1102867e-24
4.1067652e+08 4.6899268e+17 3.3679564e+08 -3.3679564e+08 5e-22 0 1.1143297e-24
4.1206904e+08 4.6946167e+17 3.3584789e+08 -3.3584789e+08 5e-22 0 1.1183884e-24
4.1346688e+08 4.6993113e+17 3.3490263e+08 -3.3490263e+08 5e-22 0 1.122463e-24
4.1487007e+08 4.7040106e+17 3.3395987e+08 -3.3395987e+08 5e-22 0 1.1265536e-24
4.1627862e+08 4.7087147e+17 3.3301959e+08 -3.3301959e+08 5e-22 0 1.1306601e-24
4.1769257e+08 4.7134234e+17 3.320818e+08 -3.320818e+08 5e-22 0 1.1347827e-24
4.1911192e+08 4.7181368e+17 3.3114647e+08 -3.3114647e+08 5e-22 0 1.1389213e-24
4.2053671e+08 4.7228549e+17 3.3021362e+08 -3.3021362e+08 5e-22 0 1.1430762e-24
4.2196695e+08 4.7275778e+17 3.2928323e+08 -3.2928323e+08 5e-22 0 1.1472473e-24
4.2340267e+08 4.7323054e+17 3.2835529e+08 -3.2835529e+08 5e-22 0 1.1514346e-24
4.2484389e+08 4.7370377e+17 3.2742981e+08 -3.2742981e+08 5e-22 0 1.1556384e-24
4.2629062e+08 4.7417747e+17 3.2650678e+08 -3.2650678e+08 5e-22 0 1.1598586e-24
4.2774289e+08 4.7465165e+17 3.2558618e+08 -3.2558618e+08 5e-22 0 1.1640953e-24
4.2920073e+08 4.751263e+17 3.2466802e+08 -3.2466802e+08 5e-22 0 1.1683485e-24
4.3066415e+08 4.7560143e+17 3.2375229e+08 -3.2375229e+08 5e-22 0 1.1726184e-24
4.3213318e+08 4.7607703e+17 3.2283899e+08 -3.2283899e+08 5e-22 0 1.1769049e-24
4.3360784e+08 4.765531e+17 3.219281e+08 -3.219281e+08 5e-22 0 1.1812083e-24
4.3508815e+08 4.7702966e+17 3.2101963e+08 -3.2101963e+08 5e-22 0 1.1855284e-24
4.3657413e+08 4.7750669e+17 3.2011357e+08 -3.2011357e+08 5e-22 0 1.1898655e-24
4.3806581e+08 4.7798419e+17 3.1920991e+08 -3.1920991e+08 5e-22 0 1.1942195e-24
4.3956321e+08 4.7846218e+17 3.1830864e+08 -3.1830864e+08 5e-22 0 1.1985906e-24
4.4106635e+08 4.7894064e+17 3.1740977e+08 -3.1740977e+08 5e-22 0 1.2029787e-24
4.4257525e+08 4.7941958e+17 3.1651328e+08 -3.1651328e+08 5e-22 0 1.207384e-24
4.4408994e+08 4.79899e+17 3.1561917e+08 -3.1561917e+08 5e-22 0 1.2118066e-24
4.4561044e+08 4.803789e+17 3.1472744e+08 -3.1472744e+08 5e-22 0 1.2162464e-24
4.4713677e+08 4.8085928e+17 3.1383807e+08 -3.1383807e+08 5e-22 0 1.2207037e-24
4.4866896e+08 4.8134014e+17 3.1295107e+08 -3.1295107e+08 5e-22 0 1.2251783e-24
4.5020703e+08 4.8182148e+17 3.1206643e+08 -3.1206643e+08 5e-22 0 1.2296705e-24
4.51751e+08 4.823033e+17 3.1118415e+08 -3.1118415e+08 5e-22 0 1.2341803e-24
4.533009e+08 4.827856e+17 3.1030421e+08 -3.1030421e+08 5e-22 0 1.2387077e-24
4.5485675e+08 4.8326839e+17 3.0942661e+08 -3.0942661e+08 5e-22 0 1.2432528e-24
4.5641857e+08 4.8375166e+17 3.0855135e+08 -3.0855135e+08 5e-22 0 1.2478157e-24
4.5798638e+08 4.8423541e+17 3.0767842e+08 -3.0767842e+08 5e-22 0 1.2523965e-24
4.5956022e+08 4.8471964e+17 3.0680781e+08 -3.0680781e+08 5e-22 0 1.2569952e-24
4.611401e+08 4.8520436e+17 3.0593953e+08 -3.0593953e+08 5e-22 0 1.2616119e-24
4.6272605e+08 4.8568957e+17 3.0507356e+08 -3.0507356e+08 5e-22 0 1.2662467e-24
4.6431809e+08 4.8617526e+17 3.0420991e+08 -3.0420991e+08 5e-22 0 1.2708997e-24
4.6591624e+08 4.8666143e+17 3.0334855e+08 -3.0334855e+08 5e-22 0 1.2755709e-24
4.6752054e+08 4.8714809e+17 3.024895e+08 -3.024895e+08 5e-22 0 1.2802603e-24
4.69131e+08 4.8763524e+17 3.0163274e+08 -3.0163274e+08 5e-22 0 1.2849682e-24
4.7074766e+08 4.8812288e+17 3.0077827e+08 -3.0077827e+08 5e-22 0 1.2896944e-24
4.7237052e+08 4.88611e+17 2.9992608e+08 -2.9992608e+08 5e-22 0 1.2944392e-24
4.7399963e+08 4.8909961e+17 2.9907617e+08 -2.9907617e+08 5e-22 0 1.2992026e-24
4.75635e+08 4.8958871e+17 2.9822853e+08 -2.9822853e+08 5e-22 0 1.3039846e-24
4.7727665e+08 4.900783e+17 2.9738316e+08 -2.9738316e+08 5e-22 0 1.3087854e-24
4.7892462e+08 4.9056838e+17 2.9654005e+08 -2.9654005e+08 5e-22 0 1.313605e-24
4.8057893e+08 4.9105895e+17 2.956992e+08 -2.956992e+08 5e-22 0 1.3184434e-24
4.822396e+08 4.9155e+17 2.948606e+08 -2.948606e+08 5e-22 0 1.3233008e-24
4.8390666e+08 4.9204155e+17 2.9402425e+08 -2.9402425e+08 5e-22 0 1.3281773e-24
4.8558013e+08 4.925336e+17 2.9319014e+08 -2.9319014e+08 5e-22 0 1.3330729e-24
4.8726004e+08 4.9302613e+17 2.9235826e+08 -2.9235826e+08 5e-22 0 1.3379876e-24
4.8894642e+08 4.9351916e+17 2.9152861e+08 -2.9152861e+08 5e-22 0 1.3429216e-24
4.9063929e+08 4.9401268e+17 2.9070119e+08 -2.9070119e+08 5e-22 0 1.347875e-24
4.9233867e+08 4.9450669e+17 2.8987598e+08 -2.8987598e+08 5e-22 0 1.3528478e-24
4.9404459e+08 4.9500119e+17 2.89053e+08 -2.89053e+08 5e-22 0 1.35784e-24
4.9575709e+08 4.954962e+17 2.8823222e+08 -2.8823222e+08 5e-22 0 1.3628519e-24
4.9747617e+08 4.9599169e+17 2.8741364e+08 -2.8741364e+08 5e-22 0 1.3678834e-24
4.9920188e+08 4.9648768e+17 2.8659727e+08 -2.8659727e+08 5e-22 0 1.3729346e-24
5.0093423e+08 4.9698417e+17 2.8578309e+08 -2.8578309e+08 5e-22 0 1.3780056e-24
5.0267326e+08 4.9748116e+17 2.8497109e+08 -2.8497109e+08 5e-22 0 1.3830965e-24
5.0441898e+08 4.9797864e+17 2.8416128e+08 -2.8416128e+08 5e-22 0 1.3882074e-24
5.0617144e+08 4.9847662e+17 2.8335365e+08 -2.8335365e+08 5e-22 0 1.3933384e-24
5.0793064e+08 4.9897509e+17 2.8254819e+08 -2.8254819e+08 5e-22 0 1.3984894e-24
5.0969662e+08 4.9947407e+17 2.817449e+08 -2.817449e+08 5e-22 0 1.4036607e-24
5.1146941e+08 4.9997354e+17 2.8094378e+08 -2.8094378e+08 5e-22 0 1.4088522e-24
5.1324903e+08 5.0047351e+17 2.8014481e+08 -2.8014481e+08 5e-22 0 1.4140641e-24
5.1503551e+08 5.0097399e+17 2.7934799e+08 -2.7934799e+08 5e-22 0 1.4192965e-24
5.1682888e+08 5.0147496e+17 2.7855332e+08 -2.7855332e+08 5e-22 0 1.4245494e-24
5.1862916e+08 5.0197644e+17 2.7776079e+08 -2.7776079e+08 5e-22 0 1.4298229e-24
5.2043639e+08 5.0247841e+17 2.769704e+08 -2.769704e+08 5e-22 0 1.4351171e-24
5.2225059e+08 5.0298089e+17 2.7618214e+08 -2.7618214e+08 5e-22 0 1.4404321e-24
5.2407178e+08 5.0348387e+17 2.7539601e+08 -2.7539601e+08 5e-22 0 1.4457679e-24
5.259e+08 5.0398736e+17 2.74612e+08 -2.74612e+08 5e-22 0 1.4511247e-24
5.2773527e+08 5.0449134e+17 2.7383011e+08 -2.7383011e+08 5e-22 0 1.4565025e-24
5.2957762e+08 5.0499584e+17 2.7305033e+08 -2.7305033e+08 5e-22 0 1.4619014e-24
5.3142708e+08 5.0550083e+17 2.7227266e+08 -2.7227266e+08 5e-22 0 1.4673215e-24
5.3328368e+08 5.0600633e+17 2.7149709e+08 -2.7149709e+08 5e-22 0 1.4727628e-24
5.3514744e+08 5.0651234e+17 2.7072361e+08 -2.7072361e+08 5e-22 0 1.4782256e-24
5.370184e+08 5.0701885e+17 2.6995223e+08 -2.6995223e+08 5e-22 0 1.4837098e-24
5.3889658e+08 5.0752587e+17 2.6918293e+08 -2.6918293e+08 5e-22 0 1.4892155e-24
5.4078201e+08 5.080334e+17 2.6841572e+08 -2.6841572e+08 5e-22 0 1.4947428e-24
5.4267472e+08 5.0854143e+17 2.6765058e+08 -2.6765058e+08 5e-22 0 1.5002919e-24
5.4457474e+08 5.0904997e+17 2.6688751e+08 -2.6688751e+08 5e-22 0 1.5058627e-24
5.464821e+08 5.0955902e+17 2.6612651e+08 -2.6612651e+08 5e-22 0 1.5114554e-24
5.4839682e+08 5.1006858e+17 2.6536757e+08 -2.6536757e+08 5e-22 0 1.5170701e-24
5.5031894e+08 5.1057865e+17 2.6461069e+08 -2.6461069e+08 5e-22 0 1.5227068e-24
5.5224849e+08 5.1108923e+17 2.6385586e+08 -2.6385586e+08 5e-22 0 1.5283657e-24
5.5418549e+08 5.1160032e+17 2.6310307e+08 -2.6310307e+08 5e-22 0 1.5340468e-24
5.5612998e+08 5.1211192e+17 2.6235233e+08 -2.6235233e+08 5e-22 0 1.5397502e-24
5.5808198e+08 5.1262403e+17 2.6160363e+08 -2.6160363e+08 5e-22 0 1.545476e-24
5.6004152e+08 5.1313665e+17 2.6085696e+08 -2.6085696e+08 5e-22 0 1.5512244e-24
5.6200864e+08 5.1364979e+17 2.6011231e+08 -2.6011231e+08 5e-22 0 1.5569953e-24
5.6398336e+08 5.1416344e+17 2.5936969e+08 -2.5936969e+08 5e-22 0 1.5627889e-24
5.6596572e+08 5.146776e+17 2.5862908e+08 -2.5862908e+08 5e-22 0 1.5686052e-24
5.6795574e+08 5.1519228e+17 2.5789049e+08 -2.5789049e+08 5e-22 0 1.5744444e-24
5.6995346e+08 5.1570747e+17 2.571539e+08 -2.571539e+08 5e-22 0 1.5803066e-24
5.719589e+08 5.1622318e+17 2.5641932e+08 -2.5641932e+08 5e-22 0 1.5861918e-24
5.739721e+08 5.167394e+17 2.5568673e+08 -2.5568673e+08 5e-22 0 1.5921001e-24
5.7599309e+08 5.1725614e+17 2.5495614e+08 -2.5495614e+08 5e-22 0 1.5980316e-24
5.7802189e+08 5.177734e+17 2.5422753e+08 -2.5422753e+08 5e-22 0 1.6039865e-24
5.8005855e+08 5.1829117e+17 2.5350091e+08 -2.5350091e+08 5e-22 0 1.6099648e-24
5.8210308e+08 5.1880946e+17 2.5277626e+08 -2.5277626e+08 5e-22 0 1.6159666e-24
5.8415553e+08 5.1932827e+17 2.5205359e+08 -2.5205359e+08 5e-22 0 1.6219919e-24
5.8621592e+08 5.198476e+17 2.5133289e+08 -2.5133289e+08 5e-22 0 1.628041e-24
5.8828428e+08 5.2036745e+17 2.5061416e+08 -2.5061416e+08 5e-22 0 1.6341139e-24
5.9036065e+08 5.2088782e+17 2.4989738e+08 -2.4989738e+08 5e-22 0 1.6402106e-24
5.9244505e+08 5.214087e+17 2.4918255e+08 -2.4918255e+08 5e-22 0 1.6463313e-24
5.9453753e+08 5.2193011e+17 2.4846968e+08 -2.4846968e+08 5e-22 0 1.6524761e-24
5.9663811e+08 5.2245204e+17 2.4775875e+08 -2.4775875e+08 5e-22 0 1.658645e-24
5.9874682e+08 5.2297449e+17 2.4704976e+08 -2.4704976e+08 5e-22 0 1.6648382e-24
6.008637e+08 5.2349747e+17 2.463427e+08 -2.463427e+08 5e-22 0 1.6710558e-24
6.0298878e+08 5.2402097e+17 2.4563758e+08 -2.4563758e+08 5e-22 0 1.6772978e-24
6.0512209e+08 5.2454499e+17 2.4493438e+08 -2.4493438e+08 5e-22 0 1.6835644e-24
6.0726366e+08 5.2506953e+17 2.442331e+08 -2.442331e+08 5e-22 0 1.6898556e-24
6.0941353e+08 5.255946e+17 2.4353374e+08 -2.4353374e+08 5e-22 0 1.6961716e-24
6.1157173e+08 5.261202e+17 2.4283629e+08 -2.4283629e+08 5e-22 0 1.7025124e-24
6.137383e+08 5.2664632e+17 2.4214075e+08 -2.4214075e+08 5e-22 0 1.7088782e-24
6.1591326e+08 5.2717296e+17 2.4144711e+08 -2.4144711e+08 5e-22 0 1.715269e-24
6.1809664e+08 5.2770014e+17 2.4075537e+08 -2.4075537e+08 5e-22 0 1.721685e-24
6.202885e+08 5.2822784e+17 2.4006552e+08 -2.4006552e+08 5e-22 0 1.7281262e-24
6.2248885e+08 5.2875606e+17 2.3937756e+08 -2.3937756e+08 5e-22 0 1.7345928e-24
6.2469772e+08 5.2928482e+17 2.3869148e+08 -2.3869148e+08 5e-22 0 1.7410848e-24
6.2691517e+08 5.298141e+17 2.3800728e+08 -2.3800728e+08 5e-22 0 1.7476024e-24
6.2914121e+08 5.3034392e+17 2.3732495e+08 -2.3732495e+08 5e-22 0 1.7541456e-24
6.3137588e+08 5.3087426e+17 2.366445e+08 -2.366445e+08 5e-22 0 1.7607146e-24
6.3361922e+08 5.3140514e+17 2.3596591e+08 -2.3596591e+08 5e-22 0 1.7673094e-24
6.3587127e+08 5.3193654e+17 2.3528918e+08 -2.3528918e+08 5e-22 0 1.7739302e-24
6.3813204e+08 5.3246848e+17 2.346143e+08 -2.346143e+08 5e-22 0 1.7805771e-24
6.4040159e+08 5.3300095e+17 2.3394128e+08 -2.3394128e+08 5e-22 0 1.7872501e-24
6.4267995e+08 5.3353395e+17 2.332701e+08 -2.332701e+08 5e-22 0 1.7939494e-24
6.4496714e+08 5.3406748e+17 2.3260077e+08 -2.3260077e+08 5e-22 0 1.8006751e-24
6.4726321e+08 5.3460155e+17 2.3193327e+08 -2.3193327e+08 5e-22 0 1.8074272e-24
6.4956819e+08 5.3513615e+17 2.312676e+08 -2.312676e+08 5e-22 0 1.814206e-24
6.5188212e+08 5.3567129e+17 2.3060377e+08 -2.3060377e+08 5e-22 0 1.8210115e-24
6.5420502e+08 5.3620696e+17 2.2994175e+08 -2.2994175e+08 5e-22 0 1.8278437e-24
6.5653695e+08 5.3674316e+17 2.2928156e+08 -2.2928156e+08 5e-22 0 1.8347029e-24
6.5887793e+08 5.3727991e+17 2.2862318e+08 -2.2862318e+08 5e-22 0 1.841589e-24
6.6122799e+08 5.3781719e+17 2.2796661e+08 -2.2796661e+08 5e-22 0 1.8485023e-24
6.6358719e+08 5.3835501e+17 2.2731185e+08 -2.2731185e+08 5e-22 0 1.8554429e-24
6.6595554e+08 5.3889336e+17 2.2665888e+08 -2.2665888e+08 5e-22 0 1.8624107e-24
6.6833309e+08 5.3943225e+17 2.2600772e+08 -2.2600772e+08 5e-22 0 1.8694061e-24
6.7071988e+08 5.3997169e+17 2.2535834e+08 -2.2535834e+08 5e-22 0 1.8764289e-24
6.7311594e+08 5.4051166e+17 2.2471076e+08 -2.2471076e+08 5e-22 0 1.8834795e-24
6.755213e+08 5.4105217e+17 2.2406495e+08 -2.2406495e+08 5e-22 0 1.8905578e-24
6.7793602e+08 5.4159322e+17 2.2342093e+08 -2.2342093e+08 5e-22 0 1.897664e-24
6.8036011e+08 5.4213481e+17 2.2277868e+08 -2.2277868e+08 5e-22 0 1.9047982e-24
6.8279362e+08 5.4267695e+17 2.221382e+08 -2.221382e+08 5e-22 0 1.9119606e-24
6.8523659e+08 5.4321963e+17 2.2149948e+08 -2.2149948e+08 5e-22 0 1.9191511e-24
6.8768906e+08 5.4376285e+17 2.2086253e+08 -2.2086253e+08 5e-22 0 1.92637e-24
6.9015105e+08 5.4430661e+17 2.2022733e+08 -2.2022733e+08 5e-22 0 1.9336173e-24
6.9262262e+08 5.4485092e+17 2.1959389e+08 -2.1959389e+08 5e-22 0 1.9408932e-24
6.951038e+08 5.4539577e+17 2.1896219e+08 -2.1896219e+08 5e-22 0 1.9481978e-24
6.9759462e+08 5.4594116e+17 2.1833223e+08 -2.1833223e+08 5e-22 0 1.9555312e-24
7.0009512e+08 5.464871e+17 2.1770402e+08 -2.1770402e+08 5e-22 0 1.9628935e-24
7.0260535e+08 5.4703359e+17 2.1707753e+08 -2.1707753e+08 5e-22 0 1.9702848e-24
7.0512535e+08 5.4758062e+17 2.1645278e+08 -2.1645278e+08 5e-22 0 1.9777052e-24
7.0765514e+08 5.481282e+17 2.1582976e+08 -2.1582976e+08 5e-22 0 1.9851549e-24
7.1019477e+08 5.4867633e+17 2.1520845e+08 -2.1520845e+08 5e-22 0 1.992634e-24
7.1274428e+08 5.4922501e+17 2.1458887e+08 -2.1458887e+08 5e-22 0 2.0001426e-24
7.1530371e+08 5.4977423e+17 2.1397099e+08 -2.1397099e+08 5e-22 0 2.0076807e-24
7.178731e+08 5.5032401e+17 2.1335483e+08 -2.1335483e+08 5e-22 0 2.0152486e-24
7.2045248e+08 5.5087433e+17 2.1274036e+08 -2.1274036e+08 5e-22 0 2.0228464e-24
7.230419e+08 5.5142521e+17 2.121276e+08 -2.121276e+08 5e-22 0 2.0304741e-24
7.256414e+08 5.5197663e+17 2.1151653e+08 -2.1151653e+08 5e-22 0 2.0381318e-24
7.2825101e+08 5.5252861e+17 2.1090716e+08 -2.1090716e+08 5e-22 0 2.0458198e-24
7.3087079e+08 5.5308114e+17 2.1029947e+08 -2.1029947e+08 5e-22 0 2.0535381e-24
7.3350076e+08 5.5363422e+17 2.0969346e+08 -2.0969346e+08 5e-22 0 2.0612869e-24
7.3614096e+08 5.5418785e+17 2.0908914e+08 -2.0908914e+08 5e-22 0 2.0690662e-24
7.3879145e+08 5.5474204e+17 2.0848648e+08 -2.0848648e+08 5e-22 0 2.0768762e-24
7.4145225e+08 5.5529678e+17 2.078855e+08 -2.078855e+08 5e-22 0 2.084717e-24
7.4412342e+08 5.5585208e+17 2.0728618e+08 -2.0728618e+08 5e-22 0 2.0925887e-24
7.4680499e+08 5.5640793e+17 2.0668853e+08 -2.0668853e+08 5e-22 0 2.1004915e-24
7.49497e+08 5.5696434e+17 2.0609253e+08 -2.0609253e+08 5e-22 0 2.1084255e-24
7.521995e+08 5.575213e+17 2.0549818e+08 -2.0549818e+08 5e-22 0 2.1163907e-24
7.5491252e+08 5.5807882e+17 2.0490548e+08 -2.0490548e+08 5e-22 0 2.1243875e-24
7.5763611e+08 5.586369e+17 2.0431443e+08 -2.0431443e+08 5e-22 0 2.1324157e-24
7.6037031e+08 5.5919554e+17 2.0372502e+08 -2.0372502e+08 5e-22 0 2.1404756e-24
7.6311517e+08 5.5975474e+17 2.0313724e+08 -2.0313724e+08 5e-22 0 2.1485674e-24
7.6587072e+08 5.6031449e+17 2.0255109e+08 -2.0255109e+08 5e-22 0 2.1566911e-24
7.6863701e+08 5.6087481e+17 2.0196658e+08 -2.0196658e+08 5e-22 0 2.1648468e-24
7.7141407e+08 5.6143568e+17 2.0138369e+08 -2.0138369e+08 5e-22 0 2.1730347e-24
7.7420196e+08 5.6199712e+17 2.0080241e+08 -2.0080241e+08 5e-22 0 2.181255e-24
7.7700072e+08 5.6255911e+17 2.0022275e+08 -2.0022275e+08 5e-22 0 2.1895077e-24
7.7981039e+08 5.6312167e+17 1.9964471e+08 -1.9964471e+08 5e-22 0 2.197793e-24
7.8263101e+08 5.6368479e+17 1.9906827e+08 -1.9906827e+08 5e-22 0 2.2061109e-24
7.8546262e+08 5.6424848e+17 1.9849343e+08 -1.9849343e+08 5e-22 0 2.2144617e-24
7.8830528e+08 5.6481273e+17 1.9792019e+08 -1.9792019e+08 5e-22 0 2.2228455e-24
7.9115902e+08 5.6537754e+17 1.9734855e+08 -1.9734855e+08 5e-22 0 2.2312624e-24
7.9402388e+08 5.6594292e+17 1.967785e+08 -1.967785e+08 5e-22 0 2.2397125e-24
7.9689992e+08 5.6650886e+17 1.9621003e+08 -1.9621003e+08 5e-22 0 2.248196e-24
7.9978718e+08 5.6707537e+17 1.9564315e+08 -1.9564315e+08 5e-22 0 2.2567129e-24
8.026857e+08 5.6764244e+17 1.9507785e+08 -1.9507785e+08 5e-22 0 2.2652635e-24
8.0559553e+08 5.6821009e+17 1.9451412e+08 -1.9451412e+08 5e-22 0 2.2738479e-24
8.085167e+08 5.687783e+17 1.9395196e+08 -1.9395196e+08 5e-22 0 2.2824662e-24
8.1144928e+08 5.6934708e+17 1.9339136e+08 -1.9339136e+08 5e-22 0 2.2911185e-24
8.1439329e+08 5.6991642e+17 1.9283233e+08 -1.9283233e+08 5e-22 0 2.2998049e-24
8.1734879e+08 5.7048634e+17 1.9227486e+08 -1.9227486e+08 5e-22 0 2.3085257e-24
8.2031583e+08 5.7105683e+17 1.9171894e+08 -1.9171894e+08 5e-22 0 2.3172809e-24
8.2329444e+08 5.7162788e+17 1.9116458e+08 -1.9116458e+08 5e-22 0 2.3260707e-24
8.2628468e+08 5.7219951e+17 1.9061176e+08 -1.9061176e+08 5e-22 0 2.3348953e-24
8.2928659e+08 5.7277171e+17 1.9006048e+08 -1.9006048e+08 5e-22 0 2.3437546e-24
8.3230022e+08 5.7334448e+17 1.8951074e+08 -1.8951074e+08 5e-22 0 2.352649e-24
8.3532562e+08 5.7391783e+17 1.8896253e+08 -1.8896253e+08 5e-22 0 2.3615785e-24
8.3836282e+08 5.7449174e+17 1.8841585e+08 -1.8841585e+08 5e-22 0 2.3705433e-24
8.4141188e+08 5.7506624e+17 1.8787071e+08 -1.8787071e+08 5e-22 0 2.3795435e-24
8.4447285e+08 5.756413e+17 1.8732708e+08 -1.8732708e+08 5e-22 0 2.3885793e-24
8.4754577e+08 5.7621694e+17 1.8678497e+08 -1.8678497e+08 5e-22 0 2.3976508e-24
8.5063069e+08 5.7679316e+17 1.8624438e+08 -1.8624438e+08 5e-22 0 2.4067581e-24
8.5372766e+08 5.7736995e+17 1.857053e+08 -1.857053e+08 5e-22 0 2.4159014e-24
8.5683673e+08 5.7794732e+17 1.8516772e+08 -1.8516772e+08 5e-22 0 2.4250808e-24
8.5995794e+08 5.7852527e+17 1.8463165e+08 -1.8463165e+08 5e-22 0 2.4342965e-24
8.6309134e+08 5.791038e+17 1.8409708e+08 -1.8409708e+08 5e-22 0 2.4435487e-24
8.6623698e+08 5.796829e+17 1.83564e+08 -1.83564e+08 5e-22 0 2.4528374e-24
8.6939492e+08 5.8026258e+17 1.8303241e+08 -1.8303241e+08 5e-22 0 2.4621628e-24
8.7256519e+08 5.8084284e+17 1.8250231e+08 -1.8250231e+08 5e-22 0 2.471525e-24
8.7574785e+08 5.8142369e+17 1.819737e+08 -1.819737e+08 5e-22 0 2.4809243e-24
8.7894295e+08 5.8200511e+17 1.8144656e+08 -1.8144656e+08 5e-22 0 2.4903607e-24
8.8215053e+08 5.8258712e+17 1.809209e+08 -1.809209e+08 5e-22 0 2.4998345e-24
8.8537065e+08 5.831697e+17 1.8039671e+08 -1.8039671e+08 5e-22 0 2.5093456e-24
8.8860336e+08 5.8375287e+17 1.7987399e+08 -1.7987399e+08 5e-22 0 2.5188944e-24
8.918487e+08 5.8433663e+17 1.7935274e+08 -1.7935274e+08 5e-22 0 2.5284809e-24
8.9510673e+08 5.8492096e+17 1.7883294e+08 -1.7883294e+08 5e-22 0 2.5381053e-24
8.983775e+08 5.8550588e+17 1.783146e+08 -1.783146e+08 5e-22 0 2.5477678e-24
9.0166106e+08 5.8609139e+17 1.7779772e+08 -1.7779772e+08 5e-22 0 2.5574685e-24
9.0495745e+08 5.8667748e+17 1.7728228e+08 -1.7728228e+08 5e-22 0 2.5672075e-24
9.0826673e+08 5.8726416e+17 1.7676829e+08 -1.7676829e+08 5e-22 0 2.5769851e-24
9.1158896e+08 5.8785142e+17 1.7625574e+08 -1.7625574e+08 5e-22 0 2.5868013e-24
9.1492418e+08 5.8843927e+17 1.7574463e+08 -1.7574463e+08 5e-22 0 2.5966563e-24
9.1827244e+08 5.8902771e+17 1.7523495e+08 -1.7523495e+08 5e-22 0 2.6065503e-24
9.216338e+08 5.8961674e+17 1.7472671e+08 -1.7472671e+08 5e-22 0 2.6164834e-24
9.2500831e+08 5.9020636e+17 1.7421989e+08 -1.7421989e+08 5e-22 0 2.6264558e-24
9.2839602e+08 5.9079656e+17 1.7371449e+08 -1.7371449e+08 5e-22 0 2.6364677e-24
9.3179698e+08 5.9138736e+17 1.7321051e+08 -1.7321051e+08 5e-22 0 2.6465191e-24
9.3521125e+08 5.9197875e+17 1.7270795e+08 -1.7270795e+08 5e-22 0 2.6566103e-24
9.3863888e+08 5.9257073e+17 1.722068e+08 -1.722068e+08 5e-22 0 2.6667415e-24
9.4207992e+08 5.931633e+17 1.7170706e+08 -1.7170706e+08 5e-22 0 2.6769127e-24
9.4553443e+08 5.9375646e+17 1.7120872e+08 -1.7120872e+08 5e-22 0 2.6871241e-24
9.4900246e+08 5.9435022e+17 1.7071178e+08 -1.7071178e+08 5e-22 0 2.6973759e-24
9.5248406e+08 5.9494457e+17 1.7021624e+08 -1.7021624e+08 5e-22 0 2.7076683e-24
9.5597929e+08 5.9553951e+17 1.6972209e+08 -1.6972209e+08 5e-22 0 2.7180014e-24
9.594882e+08 5.9613505e+17 1.6922934e+08 -1.6922934e+08 5e-22 0 2.7283754e-24
9.6301084e+08 5.9673119e+17 1.6873796e+08 -1.6873796e+08 5e-22 0 2.7387904e-24
9.6654728e+08 5.9732792e+17 1.6824798e+08 -1.6824798e+08 5e-22 0 2.7492467e-24
9.7009756e+08 5.9792525e+17 1.6775937e+08 -1.6775937e+08 5e-22 0 2.7597443e-24
9.7366175e+08 5.9852317e+17 1.6727213e+08 -1.6727213e+08 5e-22 0 2.7702834e-24
9.7723989e+08 5.9912169e+17 1.6678627e+08 -1.6678627e+08 5e-22 0 2.7808643e-24
9.8083204e+08 5.9972082e+17 1.6630177e+08 -1.6630177e+08 5e-22 0 2.791487e-24
9.8443826e+08 6.0032054e+17 1.6581864e+08 -1.6581864e+08 5e-22 0 2.8021518e-24
9.880586e+08 6.0092086e+17 1.6533687e+08 -1.6533687e+08 5e-22 0 2.8128587e-24
9.9169313e+08 6.0152178e+17 1.6485646e+08 -1.6485646e+08 5e-22 0 2.8236081e-24
9.9534189e+08 6.021233e+17 1.643774e+08 -1.643774e+08 5e-22 0 2.8344e-24
9.9900494e+08 6.0272542e+17 1.6389969e+08 -1.6389969e+08 5e-22 0 2.8452346e-24
1.0026823e+09 6.0332815e+17 1.6342333e+08 -1.6342333e+08 5e-22 0 2.8561121e-24
1.0063742e+09 6.0393148e+17 1.6294831e+08 -1.6294831e+08 5e-22 0 2.8670326e-24
1.0100804e+09 6.0453541e+17 1.6247463e+08 -1.6247463e+08 5e-22 0 2.8779964e-24
1.0138012e+09 6.0513994e+17 1.6200228e+08 -1.6200228e+08 5e-22 0 2.8890035e-24
1.0175366e+09 6.0574508e+17 1.6153127e+08 -1.6153127e+08 5e-22 0 2.9000543e-24
1.0212866e+09 6.0635083e+17 1.6106158e+08 -1.6106158e+08 5e-22 0 2.9111488e-24
1.0250513e+09 6.0695718e+17 1.6059323e+08 -1.6059323e+08 5e-22 0 2.9222872e-24
1.0288308e+09 6.0756414e+17 1.6012619e+08 -1.6012619e+08 5e-22 0 2.9334697e-24
1.0326251e+09 6.081717e+17 1.5966047e+08 -1.5966047e+08 5e-22 0 2.9446965e-24
1.0364343e+09 6.0877987e+17 1.5919607e+08 -1.5919607e+08 5e-22 0 2.9559677e-24
1.0402583e+09 6.0938865e+17 1.5873298e+08 -1.5873298e+08 5e-22 0 2.9672836e-24
1.0440974e+09 6.0999804e+17 1.5827119e+08 -1.5827119e+08 5e-22 0 2.9786442e-24
1.0479516e+09 6.1060804e+17 1.5781071e+08 -1.5781071e+08 5e-22 0 2.9900499e-24
1.0518208e+09 6.1121865e+17 1.5735153e+08 -1.5735153e+08 5e-22 0 3.0015007e-24
1.0557052e+09 6.1182987e+17 1.5689365e+08 -1.5689365e+08 5e-22 0 3.0129969e-24
1.0596049e+09 6.124417e+17 1.5643706e+08 -1.5643706e+08 5e-22 0 3.0245386e-24
1.0635198e+09 6.1305414e+17 1.5598176e+08 -1.5598176e+08 5e-22 0 3.036126e-24
1.0674501e+09 6.1366719e+17 1.5552775e+08 -1.5552775e+08 5e-22 0 3.0477593e-24
1.0713958e+09 6.1428086e+17 1.5507503e+08 -1.5507503e+08 5e-22 0 3.0594387e-24
1.075357e+09 6.1489514e+17 1.5462358e+08 -1.5462358e+08 5e-22 0 3.0711643e-24
1.0793337e+09 6.1551003e+17 1.5417341e+08 -1.5417341e+08 5e-22 0 3.0829364e-24
1.083326e+09 6.1612554e+17 1.5372452e+08 -1.5372452e+08 5e-22 0 3.0947551e-24
1.087334e+09 6.1674167e+17 1.5327689e+08 -1.5327689e+08 5e-22 0 3.1066206e-24
1.0913577e+09 6.1735841e+17 1.5283053e+08 -1.5283053e+08 5e-22 0 3.1185331e-24
1.0953972e+09 6.1797577e+17 1.5238544e+08 -1.5238544e+08 5e-22 0 3.1304928e-24
1.0994526e+09 6.1859375e+17 1.519416e+08 -1.519416e+08 5e-22 0 3.1424999e-24
1.1035238e+09 6.1921234e+17 1.5149902e+08 -1.5149902e+08 5e-22 0 3.1545545e-24
1.1076111e+09 6.1983155e+17 1.510577e+08 -1.510577e+08 5e-22 0 3.1666569e-24
1.1117143e+09 6.2045138e+17 1.5061762e+08 -1.5061762e+08 5e-22 0 3.1788073e-24
1.1158337e+09 6.2107183e+17 1.501788e+08 -1.501788e+08 5e-22 0 3.1910058e-24
1.1199693e+09 6.2169291e+17 1.4974121e+08 -1.4974121e+08 5e-22 0 3.2032526e-24
1.1241211e+09 6.223146e+17 1.4930486e+08 -1.4930486e+08 5e-22 0 3.215548e-24
1.1282891e+09 6.2293691e+17 1.4886976e+08 -1.4886976e+08 5e-22 0 3.2278921e-24
1.1324736e+09 6.2355985e+17 1.4843588e+08 -1.4843588e+08 5e-22 0 3.240285e-24
1.1366744e+09 6.2418341e+17 1.4800324e+08 -1.4800324e+08 5e-22 0 3.2527271e-24
1.1408918e+09 6.2480759e+17 1.4757182e+08 -1.4757182e+08 5e-22 0 3.2652186e-24
1.1451257e+09 6.254324e+17 1.4714162e+08 -1.4714162e+08 5e-22 0 3.2777595e-24
1.1493763e+09 6.2605783e+17 1.4671265e+08 -1.4671265e+08 5e-22 0 3.2903501e-24
1.1536435e+09 6.2668389e+17 1.4628489e+08 -1.4628489e+08 5e-22 0 3.3029906e-24
1.1579275e+09 6.2731058e+17 1.4585835e+08 -1.4585835e+08 5e-22 0 3.3156812e-24
1.1622283e+09 6.2793789e+17 1.4543301e+08 -1.4543301e+08 5e-22 0 3.3284221e-24
1.166546e+09 6.2856582e+17 1.4500889e+08 -1.4500889e+08 5e-22 0 3.3412135e-24
1.1708807e+09 6.2919439e+17 1.4458597e+08 -1.4458597e+08 5e-22 0 3.3540556e-24
1.1752324e+09 6.2982358e+17 1.4416424e+08 -1.4416424e+08 5e-22 0 3.3669486e-24
1.1796012e+09 6.3045341e+17 1.4374372e+08 -1.4374372e+08 5e-22 0 3.3798927e-24
1.1839872e+09 6.3108386e+17 1.4332439e+08 -1.4332439e+08 5e-22 0 3.3928881e-24
1.1883903e+09 6.3171495e+17 1.4290625e+08 -1.4290625e+08 5e-22 0 3.4059351e-24
1.1928108e+09 6.3234666e+17 1.424893e+08 -1.424893e+08 5e-22 0 3.4190337e-24
1.1972487e+09 6.3297901e+17 1.4207354e+08 -1.4207354e+08 5e-22 0 3.4321843e-24
1.201704e+09 6.3361199e+17 1.4165895e+08 -1.4165895e+08 5e-22 0 3.4453871e-24
1.2061768e+09 6.342456e+17 1.4124555e+08 -1.4124555e+08 5e-22 0 3.4586421e-24
1.2106672e+09 6.3487984e+17 1.4083332e+08 -1.4083332e+08 5e-22 0 3.4719498e-24
1.2151752e+09 6.3551472e+17 1.4042226e+08 -1.4042226e+08 5e-22 0 3.4853102e-24
1.2197009e+09 6.3615024e+17 1.4001237e+08 -1.4001237e+08 5e-22 0 3.4987235e-24
1.2242444e+09 6.3678639e+17 1.3960365e+08 -1.3960365e+08 5e-22 0 3.5121901e-24
1.2288058e+09 6.3742317e+17 1.3919609e+08 -1.3919609e+08 5e-22 0 3.52571e-24
1.2333852e+09 6.380606e+17 1.3878968e+08 -1.3878968e+08 5e-22 0 3.5392836e-24
1.2379825e+09 6.3869866e+17 1.3838444e+08 -1.3838444e+08 5e-22 0 3.552911e-24
1.2425979e+09 6.3933736e+17 1.3798035e+08 -1.3798035e+08 5e-22 0 3.5665924e-24
1.2472314e+09 6.3997669e+17 1.3757741e+08 -1.3757741e+08 5e-22 0 3.5803281e-24
1.2518832e+09 6.4061667e+17 1.3717561e+08 -1.3717561e+08 5e-22 0 3.5941182e-24
1.2565532e+09 6.4125729e+17 1.3677496e+08 -1.3677496e+08 5e-22 0 3.6079631e-24
1.2612416e+09 6.4189855e+17 1.3637545e+08 -1.3637545e+08 5e-22 0 3.6218629e-24
1.2659485e+09 6.4254044e+17 1.3597708e+08 -1.3597708e+08 5e-22 0 3.6358178e-24
1.2706738e+09 6.4318298e+17 1.3557984e+08 -1.3557984e+08 5e-22 0 3.649828e-24
1.2754178e+09 6.4382617e+17 1.3518374e+08 -1.3518374e+08 5e-22 0 3.6638938e-24
1.2801804e+09 6.4446999e+17 1.3478876e+08 -1.3478876e+08 5e-22 0 3.6780154e-24
1.2849617e+09 6.4511446e+17 1.3439491e+08 -1.3439491e+08 5e-22 0 3.692193e-24
1.2897618e+09 6.4575958e+17 1.3400218e+08 -1.3400218e+08 5e-22 0 3.7064269e-24
1.2945809e+09 6.4640534e+17 1.3361057e+08 -1.3361057e+08 5e-22 0 3.7207172e-24
1.2994188e+09 6.4705174e+17 1.3322008e+08 -1.3322008e+08 5e-22 0 3.7350642e-24
1.3042759e+09 6.4769879e+17 1.328307e+08 -1.328307e+08 5e-22 0 3.7494682e-24
1.309152e+09 6.4834649e+17 1.3244243e+08 -1.3244243e+08 5e-22 0 3.7639293e-24
1.3140473e+09 6.4899484e+17 1.3205527e+08 -1.3205527e+08 5e-22 0 3.7784477e-24
1.3189619e+09 6.4964383e+17 1.3166922e+08 -1.3166922e+08 5e-22 0 3.7930238e-24
1.3238958e+09 6.5029348e+17 1.3128426e+08 -1.3128426e+08 5e-22 0 3.8076577e-24
1.3288491e+09 6.5094377e+17 1.3090041e+08 -1.3090041e+08 5e-22 0 3.8223496e-24
1.3338219e+09 6.5159472e+17 1.3051764e+08 -1.3051764e+08 5e-22 0 3.8370998e-24
1.3388143e+09 6.5224631e+17 1.3013598e+08 -1.3013598e+08 5e-22 0 3.8519086e-24
1.3438263e+09 6.5289856e+17 1.297554e+08 -1.297554e+08 5e-22 0 3.8667762e-24
1.3488581e+09 6.5355146e+17 1.293759e+08 -1.293759e+08 5e-22 0 3.8817027e-24
1.3539097e+09 6.5420501e+17 1.289975e+08 -1.289975e+08 5e-22 0 3.8966885e-24
1.3589811e+09 6.5485921e+17 1.2862017e+08 -1.2862017e+08 5e-22 0 3.9117337e-24
1.3640725e+09 6.5551407e+17 1.2824392e+08 -1.2824392e+08 5e-22 0 3.9268386e-24
1.369184e+09 6.5616959e+17 1.2786874e+08 -1.2786874e+08 5e-22 0 3.9420035e-24
1.3743156e+09 6.5682575e+17 1.2749464e+08 -1.2749464e+08 5e-22 0 3.9572286e-24
1.3794674e+09 6.5748258e+17 1.271216e+08 -1.271216e+08 5e-22 0 3.9725141e-24
1.3846395e+09 6.5814006e+17 1.2674963e+08 -1.2674963e+08 5e-22 0 3.9878603e-24
1.3898319e+09 6.587982e+17 1.2637873e+08 -1.2637873e+08 5e-22 0 4.0032673e-24
1.3950448e+09 6.59457e+17 1.2600888e+08 -1.2600888e+08 5e-22 0 4.0187356e-24
1.4002782e+09 6.6011646e+17 1.256401e+08 -1.256401e+08 5e-22 0 4.0342652e-24
1.4055322e+09 6.6077657e+17 1.2527236e+08 -1.2527236e+08 5e-22 0 4.0498565e-24
1.410807e+09 6.6143735e+17 1.2490568e+08 -1.2490568e+08 5e-22 0 4.0655096e-24
1.4161024e+09 6.6209879e+17 1.2454005e+08 -1.2454005e+08 5e-22 0 4.0812249e-24
1.4214188e+09 6.6276089e+17 1.2417546e+08 -1.2417546e+08 5e-22 0 4.0970026e-24
1.4267561e+09 6.6342365e+17 1.2381192e+08 -1.2381192e+08 5e-22 0 4.1128429e-24
1.4321144e+09 6.6408707e+17 1.2344942e+08 -1.2344942e+08 5e-22 0 4.1287461e-24
1.4374938e+09 6.6475116e+17 1.2308795e+08 -1.2308795e+08 5e-22 0 4.1447125e-24
1.4428945e+09 6.6541591e+17 1.2272752e+08 -1.2272752e+08 5e-22 0 4.1607422e-24
1.4483164e+09 6.6608133e+17 1.2236812e+08 -1.2236812e+08 5e-22 0 4.1768356e-24
1.4537596e+09 6.6674741e+17 1.2200975e+08 -1.2200975e+08 5e-22 0 4.1929929e-24
1.4592243e+09 6.6741415e+17 1.2165241e+08 -1.2165241e+08 5e-22 0 4.2092143e-24
1.4647106e+09 6.6808157e+17 1.2129609e+08 -1.2129609e+08 5e-22 0 4.2255001e-24
1.4702184e+09 6.6874965e+17 1.2094079e+08 -1.2094079e+08 5e-22 0 4.2418506e-24
1.475748e+09 6.694184e+17 1.205865e+08 -1.205865e+08 5e-22 0 4.258266e-24
1.4812993e+09 6.7008782e+17 1.2023324e+08 -1.2023324e+08 5e-22 0 4.2747466e-24
1.4868726e+09 6.7075791e+17 1.1988098e+08 -1.1988098e+08 5e-22 0 4.2912927e-24
1.4924678e+09 6.7142866e+17 1.1952974e+08 -1.1952974e+08 5e-22 0 4.3079044e-24
1.498085e+09 6.7210009e+17 1.191795e+08 -1.191795e+08 5e-22 0 4.3245821e-24
1.5037244e+09 6.7277219e+17 1.1883026e+08 -1.1883026e+08 5e-22 0 4.3413261e-24
1.509386e+09 6.7344497e+17 1.1848203e+08 -1.1848203e+08 5e-22 0 4.3581365e-24
1.51507e+09 6.7411841e+17 1.1813479e+08 -1.1813479e+08 5e-22 0 4.3750137e-24
1.5207763e+09 6.7479253e+17 1.1778855e+08 -1.1778855e+08 5e-22 0 4.391958e-24
1.5265052e+09 6.7546732e+17 1.1744331e+08 -1.1744331e+08 5e-22 0 4.4089695e-24
1.5322566e+09 6.7614279e+17 1.1709905e+08 -1.1709905e+08 5e-22 0 4.4260486e-24
1.5380307e+09 6.7681893e+17 1.1675578e+08 -1.1675578e+08 5e-22 0 4.4431956e-24
1.5438276e+09 6.7749575e+17 1.164135e+08 -1.164135e+08 5e-22 0 4.4604106e-24
1.5496473e+09 6.7817325e+17 1.160722e+08 -1.160722e+08 5e-22 0 4.4776941e-24
1.55549e+09 6.7885142e+17 1.1573187e+08 -1.1573187e+08 5e-22 0 4.4950461e-24
1.5613557e+09 6.7953027e+17 1.1539253e+08 -1.1539253e+08 5e-22 0 4.5124671e-24
1.5672446e+09 6.802098e+17 1.1505416e+08 -1.1505416e+08 5e-22 0 4.5299574e-24
1.5731567e+09 6.8089001e+17 1.1471676e+08 -1.1471676e+08 5e-22 0 4.5475171e-24
1.5790921e+09 6.815709e+17 1.1438033e+08 -1.1438033e+08 5e-22 0 4.5651465e-24
1.5850509e+09 6.8225247e+17 1.1404486e+08 -1.1404486e+08 5e-22 0 4.582846e-24
1.5910332e+09 6.8293472e+17 1.1371036e+08 -1.1371036e+08 5e-22 0 4.6006158e-24
1.5970391e+09 6.8361766e+17 1.1337682e+08 -1.1337682e+08 5e-22 0 4.6184562e-24
1.6030687e+09 6.8430128e+17 1.1304424e+08 -1.1304424e+08 5e-22 0 4.6363675e-24
1.6091221e+09 6.8498558e+17 1.1271261e+08 -1.1271261e+08 5e-22 0 4.6543499e-24
1.6151994e+09 6.8567056e+17 1.1238193e+08 -1.1238193e+08 5e-22 0 4.6724038e-24
1.6213007e+09 6.8635623e+17 1.1205221e+08 -1.1205221e+08 5e-22 0 4.6905295e-24
1.627426e+09 6.8704259e+17 1.1172343e+08 -1.1172343e+08 5e-22 0 4.7087271e-24
1.6335755e+09 6.8772963e+17 1.113956e+08 -1.113956e+08 5e-22 0 4.7269971e-24
1.6397492e+09 6.8841736e+17 1.1106871e+08 -1.1106871e+08 5e-22 0 4.7453396e-24
1.6459474e+09 6.8910578e+17 1.1074276e+08 -1.1074276e+08 5e-22 0 4.7637551e-24
1.6521699e+09 6.8979489e+17 1.1041775e+08 -1.1041775e+08 5e-22 0 4.7822437e-24
1.6584171e+09 6.9048468e+17 1.1009367e+08 -1.1009367e+08 5e-22 0 4.8008058e-24
1.6646889e+09 6.9117517e+17 1.0977053e+08 -1.0977053e+08 5e-22 0 4.8194416e-24
1.6709854e+09 6.9186634e+17 1.0944831e+08 -1.0944831e+08 5e-22 0 4.8381516e-24
1.6773068e+09 6.9255821e+17 1.0912703e+08 -1.0912703e+08 5e-22 0 4.8569358e-24
1.6836532e+09 6.9325076e+17 1.0880666e+08 -1.0880666e+08 5e-22 0 4.8757948e-24
1.6900246e+09 6.9394402e+17 1.0848722e+08 -1.0848722e+08 5e-22 0 4.8947286e-24
1.6964211e+09 6.9463796e+17 1.081687e+08 -1.081687e+08 5e-22 0 4.9137378e-24
1.7028429e+09 6.953326e+17 1.0785109e+08 -1.0785109e+08 5e-22 0 4.9328224e-24
1.7092901e+09 6.9602793e+17 1.075344e+08 -1.075344e+08 5e-22 0 4.951983e-24
1.7157627e+09 6.9672396e+17 1.0721862e+08 -1.0721862e+08 5e-22 0 4.9712197e-24
1.7222608e+09 6.9742068e+17 1.0690375e+08 -1.0690375e+08 5e-22 0 4.9905328e-24
1.7287847e+09 6.981181e+17 1.0658978e+08 -1.0658978e+08 5e-22 0 5.0099228e-24
1.7353342e+09 6.9881622e+17 1.0627672e+08 -1.0627672e+08 5e-22 0 5.0293898e-24
1.7419097e+09 6.9951504e+17 1.0596456e+08 -1.0596456e+08 5e-22 0 5.0489341e-24
1.7485111e+09 7.0021455e+17 1.0565331e+08 -1.0565331e+08 5e-22 0 5.0685562e-24
1.7551385e+09 7.0091477e+17 1.0534294e+08 -1.0534294e+08 5e-22 0 5.0882563e-24
1.7617922e+09 7.0161568e+17 1.0503347e+08 -1.0503347e+08 5e-22 0 5.1080347e-24
1.7684721e+09 7.023173e+17 1.047249e+08 -1.047249e+08 5e-22 0 5.1278917e-24
1.7751784e+09 7.0301961e+17 1.0441721e+08 -1.0441721e+08 5e-22 0 5.1478277e-24
1.7819112e+09 7.0372263e+17 1.0411041e+08 -1.0411041e+08 5e-22 0 5.1678429e-24
1.7886706e+09 7.0442636e+17 1.0380449e+08 -1.0380449e+08 5e-22 0 5.1879377e-24
1.7954567e+09 7.0513078e+17 1.0349946e+08 -1.0349946e+08 5e-22 0 5.2081124e-24
1.8022696e+09 7.0583591e+17 1.0319531e+08 -1.0319531e+08 5e-22 0 5.2283673e-24
1.8091094e+09 7.0654175e+17 1.0289203e+08 -1.0289203e+08 5e-22 0 5.2487027e-24
1.8159762e+09 7.0724829e+17 1.0258963e+08 -1.0258963e+08 5e-22 0 5.269119e-24
1.8228702e+09 7.0795554e+17 1.0228809e+08 -1.0228809e+08 5e-22 0 5.2896165e-24
1.8297914e+09 7.086635e+17 1.0198743e+08 -1.0198743e+08 5e-22 0 5.3101955e-24
1.8367399e+09 7.0937216e+17 1.0168764e+08 -1.0168764e+08 5e-22 0 5.3308563e-24
1.8437159e+09 7.1008153e+17 1.0138871e+08 -1.0138871e+08 5e-22 0 5.3515992e-24
1.8507195e+09 7.1079161e+17 1.0109065e+08 -1.0109065e+08 5e-22 0 5.3724247e-24
1.8577507e+09 7.115024e+17 1.0079344e+08 -1.0079344e+08 5e-22 0 5.3933329e-24
1.8648097e+09 7.1221391e+17 1.0049709e+08 -1.0049709e+08 5e-22 0 5.4143243e-24
1.8718966e+09 7.1292612e+17 1.002016e+08 -1.002016e+08 5e-22 0 5.4353992e-24
1.8790115e+09 7.1363905e+17 99906959 -99906959 5e-22 0 5.4565579e-24
1.8861546e+09 7.1435269e+17 99613170 -99613170 5e-22 0 5.4778008e-24
1.8933258e+09 7.1506704e+17 99320230 -99320230 5e-22 0 5.4991281e-24
1.9005254e+09 7.1578211e+17 99028135 -99028135 5e-22 0 5.5205402e-24
1.9077535e+09 7.1649789e+17 98736883 -98736883 5e-22 0 5.5420375e-24
1.9150102e+09 7.1721439e+17 98446473 -98446473 5e-22 0 5.5636203e-24
1.9222955e+09 7.179316e+17 98156902 -98156902 5e-22 0 5.585289e-24
1.9296096e+09 7.1864953e+17 97868168 -97868168 5e-22 0 5.6070438e-24
1.9369526e+09 7.1936818e+17 97580267 -97580267 5e-22 0 5.6288852e-24
1.9443247e+09 7.2008755e+17 97293199 -97293199 5e-22 0 5.6508135e-24
1.9517259e+09 7.2080764e+17 97006960 -97006960 5e-22 0 5.6728289e-24
1.9591564e+09 7.2152844e+17 96721549 -96721549 5e-22 0 5.694932e-24
1.9666162e+09 7.2224997e+17 96436962 -96436962 5e-22 0 5.7171229e-24
1.9741056e+09 7.2297222e+17 96153198 -96153198 5e-22 0 5.7394022e-24
1.9816245e+09 7.2369519e+17 95870255 -95870255 5e-22 0 5.7617701e-24
1.9891732e+09 7.2441889e+17 95588129 -95588129 5e-22 0 5.7842269e-24
1.9967518e+09 7.2514331e+17 95306820 -95306820 5e-22 0 5.8067731e-24
2.0043603e+09 7.2586845e+17 95026324 -95026324 5e-22 0 5.829409e-24
2.0119989e+09 7.2659432e+17 94746639 -94746639 5e-22 0 5.8521349e-24
2.0196677e+09 7.2732092e+17 94467763 -94467763 5e-22 0 5.8749513e-24
2.0273669e+09 7.2804824e+17 94189694 -94189694 5e-22 0 5.8978584e-24
2.0350965e+09 7.2877628e+17 93912430 -93912430 5e-22 0 5.9208567e-24
2.0428566e+09 7.2950506e+17 93635968 -93635968 5e-22 0 5.9439465e-24
2.0506475e+09 7.3023457e+17 93360306 -93360306 5e-22 0 5.9671281e-24
2.0584692e+09 7.309648e+17 93085441 -93085441 5e-22 0 5.990402e-24
2.0663218e+09 7.3169576e+17 92811372 -92811372 5e-22 0 6.0137685e-24
2.0742055e+09 7.3242746e+17 92538097 -92538097 5e-22 0 6.0372279e-24
2.0821204e+09 7.3315989e+17 92265613 -92265613 5e-22 0 6.0607808e-24
2.0900665e+09 7.3389305e+17 91993917 -91993917 5e-22 0 6.0844273e-24
2.0980442e+09 7.3462694e+17 91723008 -91723008 5e-22 0 6.1081679e-24
2.1060534e+09 7.3536157e+17 91452884 -91452884 5e-22 0 6.132003e-24
2.1140942e+09 7.3609693e+17 91183542 -91183542 5e-22 0 6.155933e-24
2.1221669e+09 7.3683303e+17 90914981 -90914981 5e-22 0 6.1799582e-24
2.1302716e+09 7.3756986e+17 90647197 -90647197 5e-22 0 6.2040789e-24
2.1384083e+09 7.3830743e+17 90380189 -90380189 5e-22 0 6.2282957e-24
2.1465772e+09 7.3904574e+17 90113954 -90113954 5e-22 0 6.2526089e-24
2.1547784e+09 7.3978478e+17 89848491 -89848491 5e-22 0 6.2770188e-24
2.1630121e+09 7.4052457e+17 89583797 -89583797 5e-22 0 6.3015259e-24
2.1712784e+09 7.4126509e+17 89319871 -89319871 5e-22 0 6.3261305e-24
2.1795774e+09 7.4200636e+17 89056709 -89056709 5e-22 0 6.350833e-24
2.1879092e+09 7.4274836e+17 88794310 -88794310 5e-22 0 6.3756339e-24
2.196274e+09 7.4349111e+17 88532672 -88532672 5e-22 0 6.4005335e-24
2.204672e+09 7.442346e+17 88271792 -88271792 5e-22 0 6.4255321e-24
2.2131031e+09 7.4497884e+17 88011669 -88011669 5e-22 0 6.4506303e-24
2.2215677e+09 7.4572382e+17 87752300 -87752300 5e-22 0 6.4758284e-24
2.2300657e+09 7.4646954e+17 87493684 -87493684 5e-22 0 6.5011268e-24
2.2385974e+09 7.4721601e+17 87235817 -87235817 5e-22 0 6.5265259e-24
2.2471629e+09 7.4796323e+17 86978699 -86978699 5e-22 0 6.5520261e-24
2.2557623e+09 7.4871119e+17 86722326 -86722326 5e-22 0 6.5776278e-24
2.2643957e+09 7.494599e+17 86466697 -86466697 5e-22 0 6.6033314e-24
2.2730633e+09 7.5020936e+17 86211810 -86211810 5e-22 0 6.6291373e-24
2.2817653e+09 7.5095957e+17 85957662 -85957662 5e-22 0 6.655046e-24
2.2905017e+09 7.5171053e+17 85704252 -85704252 5e-22 0 6.6810578e-24
2.2992726e+09 7.5246224e+17 85451577 -85451577 5e-22 0 6.7071732e-24
2.3080784e+09 7.532147e+17 85199636 -85199636 5e-22 0 6.7333925e-24
2.3169189e+09 7.5396792e+17 84948426 -84948426 5e-22 0 6.7597163e-24
2.3257945e+09 7.5472188e+17 84697946 -84697946 5e-22 0 6.7861448e-24
2.3347053e+09 7.5547661e+17 84448192 -84448192 5e-22 0 6.8126785e-24
2.3436513e+09 7.5623208e+17 84199164 -84199164 5e-22 0 6.8393179e-24
2.3526328e+09 7.5698831e+17 83950859 -83950859 5e-22 0 6.8660634e-24
2.3616498e+09 7.577453e+17 83703275 -83703275 5e-22 0 6.8929154e-24
2.3707026e+09 7.5850305e+17 83456410 -83456410 5e-22 0 6.9198742e-24
2.3797912e+09 7.5926155e+17 83210263 -83210263 5e-22 0 6.9469405e-24
2.3889158e+09 7.6002081e+17 82964830 -82964830 5e-22 0 6.9741144e-24
2.3980766e+09 7.6078083e+17 82720110 -82720110 5e-22 0 7.0013966e-24
2.4072736e+09 7.6154161e+17 82476102 -82476102 5e-22 0 7.0287875e-24
2.4165071e+09 7.6230316e+17 82232802 -82232802 5e-22 0 7.0562874e-24
2.4257772e+09 7.6306546e+17 81990210 -81990210 5e-22 0 7.0838968e-24
2.435084e+09 7.6382852e+17 81748322 -81748322 5e-22 0 7.1116161e-24
2.4444276e+09 7.6459235e+17 81507138 -81507138 5e-22 0 7.1394459e-24
2.4538083e+09 7.6535695e+17 81266654 -81266654 5e-22 0 7.1673865e-24
2.4632261e+09 7.661223e+17 81026870 -81026870 5e-22 0 7.1954383e-24
2.4726813e+09 7.6688843e+17 80787783 -80787783 5e-22 0 7.2236019e-24
2.4821739e+09 7.6765531e+17 80549391 -80549391 5e-22 0 7.2518776e-24
2.4917042e+09 7.6842297e+17 80311692 -80311692 5e-22 0 7.2802659e-24
2.5012722e+09 7.6919139e+17 80074684 -80074684 5e-22 0 7.3087673e-24
2.5108781e+09 7.6996058e+17 79838366 -79838366 5e-22 0 7.3373822e-24
2.5205221e+09 7.7073054e+17 79602735 -79602735 5e-22 0 7.3661111e-24
2.5302043e+09 7.7150127e+17 79367789 -79367789 5e-22 0 7.3949544e-24
2.5399249e+09 7.7227278e+17 79133527 -79133527 5e-22 0 7.4239126e-24
2.549684e+09 7.7304505e+17 78899947 -78899947 5e-22 0 7.4529861e-24
2.5594818e+09 7.7381809e+17 78667046 -78667046 5e-22 0 7.4821755e-24
2.5693184e+09 7.7459191e+17 78434822 -78434822 5e-22 0 7.511481e-24
2.579194e+09 7.753665e+17 78203275 -78203275 5e-22 0 7.5409034e-24
2.5891088e+09 7.7614187e+17 77972401 -77972401 5e-22 0 7.5704429e-24
2.5990629e+09 7.7691801e+17 77742200 -77742200 5e-22 0 7.6001001e-24
2.6090564e+09 7.7769493e+17 77512668 -77512668 5e-22 0 7.6298754e-24
2.6190895e+09 7.7847262e+17 77283805 -77283805 5e-22 0 7.6597694e-24
2.6291624e+09 7.792511e+17 77055608 -77055608 5e-22 0 7.6897824e-24
2.6392753e+09 7.8003035e+17 76828075 -76828075 5e-22 0 7.719915e-24
2.6494282e+09 7.8081038e+17 76601205 -76601205 5e-22 0 7.7501676e-24
2.6596214e+09 7.8159119e+17 76374996 -76374996 5e-22 0 7.7805407e-24
2.669855e+09 7.8237278e+17 76149445 -76149445 5e-22 0 7.8110349e-24
2.6801291e+09 7.8315515e+17 75924551 -75924551 5e-22 0 7.8416505e-24
2.6904441e+09 7.8393831e+17 75700312 -75700312 5e-22 0 7.8723881e-24
2.7007999e+09 7.8472225e+17 75476727 -75476727 5e-22 0 7.9032482e-24
2.7111968e+09 7.8550697e+17 75253793 -75253793 5e-22 0 7.9342312e-24
2.7216349e+09 7.8629248e+17 75031508 -75031508 5e-22 0 7.9653377e-24
2.7321144e+09 7.8707877e+17 74809871 -74809871 5e-22 0 7.996568e-24
2.7426354e+09 7.8786585e+17 74588880 -74588880 5e-22 0 8.0279229e-24
2.7531982e+09 7.8865371e+17 74368533 -74368533 5e-22 0 8.0594026e-24
2.7638029e+09 7.8944237e+17 74148828 -74148828 5e-22 0 8.0910078e-24
2.7744496e+09 7.9023181e+17 73929763 -73929763 5e-22 0 8.1227389e-24
2.7851385e+09 7.9102204e+17 73711337 -73711337 5e-22 0 8.1545965e-24
2.7958699e+09 7.9181306e+17 73493548 -73493548 5e-22 0 8.1865809e-24
2.8066438e+09 7.9260488e+17 73276394 -73276394 5e-22 0 8.2186929e-24
2.8174604e+09 7.9339748e+17 73059872 -73059872 5e-22 0 8.2509328e-24
2.82832e+09 7.9419088e+17 72843983 -72843983 5e-22 0 8.2833011e-24
2.8392226e+09 7.9498507e+17 72628722 -72628722 5e-22 0 8.3157985e-24
2.8501685e+09 7.9578005e+17 72414090 -72414090 5e-22 0 8.3484253e-24
2.8611578e+09 7.9657583e+17 72200083 -72200083 5e-22 0 8.3811822e-24
2.8721907e+09 7.9737241e+17 71986701 -71986701 5e-22 0 8.4140696e-24
2.8832674e+09 7.9816978e+17 71773941 -71773941 5e-22 0 8.447088e-24
2.894388e+09 7.9896795e+17 71561801 -71561801 5e-22 0 8.4802381e-24
2.9055527e+09 7.9976692e+17 71350281 -71350281 5e-22 0 8.5135202e-24
2.9167617e+09 8.0056669e+17 71139378 -71139378 5e-22 0 8.546935e-24
2.9280152e+09 8.0136725e+17 70929090 -70929090 5e-22 0 8.580483e-24
2.9393134e+09 8.0216862e+17 70719416 -70719416 5e-22 0 8.6141647e-24
2.9506563e+09 8.0297079e+17 70510353 -70510353 5e-22 0 8.6479806e-24
2.9620443e+09 8.0377376e+17 70301901 -70301901 5e-22 0 8.6819313e-24
2.9734775e+09 8.0457753e+17 70094057 -70094057 5e-22 0 8.7160173e-24
2.984956e+09 8.0538211e+17 69886820 -69886820 5e-22 0 8.7502391e-24
2.9964801e+09 8.0618749e+17 69680188 -69680188 5e-22 0 8.7845974e-24
3.0080499e+09 8.0699368e+17 69474159 -69474159 5e-22 0 8.8190926e-24
3.0196657e+09 8.0780068e+17 69268732 -69268732 5e-22 0 8.8537253e-24
3.0313275e+09 8.0860848e+17 69063904 -69063904 5e-22 0 8.888496e-24
3.0430356e+09 8.0941708e+17 68859675 -68859675 5e-22 0 8.9234053e-24
3.0547902e+09 8.102265e+17 68656042 -68656042 5e-22 0 8.9584538e-24
3.0665915e+09 8.1103673e+17 68453004 -68453004 5e-22 0 8.993642e-24
3.0784396e+09 8.1184776e+17 68250559 -68250559 5e-22 0 9.0289704e-24
3.0903347e+09 8.1265961e+17 68048705 -68048705 5e-22 0 9.0644397e-24
3.102277e+09 8.1347227e+17 67847440 -67847440 5e-22 0 9.1000504e-24
3.1142667e+09 8.1428574e+17 67646764 -67646764 5e-22 0 9.135803e-24
3.126304e+09 8.1510003e+17 67446674 -67446674 5e-22 0 9.1716981e-24
3.1383891e+09 8.1591513e+17 67247169 -67247169 5e-22 0 9.2077364e-24
3.1505222e+09 8.1673105e+17 67048246 -67048246 5e-22 0 9.2439183e-24
3.1627035e+09 8.1754778e+17 66849905 -66849905 5e-22 0 9.2802444e-24
